gene_symbol,rank
PLEK,1
SLAMF7,2
LYN,3
GBP5,4
ITGB2,5
CD53,6
PTPRC,7
IL10RA,8
LYZ,9
HCLS1,10
CD2,11
LAMP3,12
NCKAP1L,13
MYO1F,14
IKZF1,15
LAPTM5,16
PTAFR,17
LCP1,18
PARP14,19
GPR65,20
TYMP,21
NCF2,22
IL4I1,23
LCP2,24
NOD2,25
GNA15,26
HAPLN3,27
TIMP1,28
CLEC7A,29
CCR5,30
SAMHD1,31
FGR,32
ISG20,33
FERMT3,34
ITGAX,35
GBP1,36
FCER1G,37
IFI16,38
ICAM1,39
CSF2RB,40
TLR2,41
SNX20,42
DTX3L,43
LCK,44
IRF1,45
ARHGAP30,46
C1R,47
IFITM3,48
JAK3,49
PARVG,50
CIITA,51
CYTH4,52
SLA,53
PDPN,54
CD48,55
MYO1G,56
OSMR,57
CXCL1,58
FCN1,59
PARP9,60
TAGAP,61
SLAMF8,62
TNFRSF1B,63
KLHL6,64
SELPLG,65
EVI2B,66
IL7R,67
SAMSN1,68
SELL,69
GZMB,70
RAB31,71
IGSF6,72
JAML,73
CD74,74
THEMIS2,75
VAV1,76
CCR7,77
PIK3R5,78
DOCK2,79
WDFY4,80
ARPC1B,81
APOL2,82
SP110,83
CDC25B,84
APOL3,85
GBP2,86
C1orf162,87
FPR3,88
IKZF3,89
DOK2,90
HCK,91
CORO1A,92
ICOS,93
SLAMF1,94
OAS2,95
TRIM22,96
ADCY7,97
CXCL10,98
CST7,99
APOBEC3G,100
TNFSF13B,101
LILRB4,102
STEAP4,103
SASH3,104
EPSTI1,105
FCGR3A,106
ALOX5AP,107
APOL1,108
MMP9,109
CARD6,110
UBE2L6,111
PIK3CG,112
TNFAIP2,113
CD3D,114
ANXA1,115
CD44,116
TNFSF14,117
CD86,118
LILRB1,119
CXCL9,120
STAT2,121
IRF8,122
CASP10,123
RASSF2,124
NLRC5,125
TRAF3IP3,126
CSF2RA,127
CD5,128
IL2RA,129
STAT1,130
ITGAL,131
CD84,132
ARHGAP9,133
CXCL16,134
MSN,135
CD28,136
MNDA,137
LILRB2,138
FXYD5,139
IDO1,140
TLR8,141
CASP1,142
ITGAM,143
HCST,144
SERPINB9,145
CFP,146
PLEKHO1,147
FYB1,148
BIN2,149
TYROBP,150
CCL22,151
CD6,152
RASAL3,153
MAP4K1,154
FPR1,155
COL4A1,156
ITGA4,157
S100A11,158
DOK3,159
APOL6,160
AOAH,161
SLC15A3,162
MX2,163
IL21R,164
SEC61A1,165
CD3G,166
BATF,167
PIM2,168
TAP1,169
ARHGDIB,170
TUBB6,171
S100A9,172
PML,173
GPR132,174
CYBB,175
CHI3L2,176
TNFSF8,177
MLKL,178
PTPRE,179
LAIR1,180
TRPV2,181
SIT1,182
RFX5,183
TNFRSF9,184
INPP5D,185
LAX1,186
IRF7,187
CHST11,188
AIM2,189
CD52,190
FAM20A,191
CD300A,192
SRGN,193
RHOH,194
C3AR1,195
CCDC88B,196
SAMD9L,197
UCP2,198
FGD3,199
ADGRE2,200
CXCR6,201
ITK,202
CXCR3,203
FMNL1,204
LAT2,205
C1S,206
C16orf54,207
CCL19,208
RHBDF2,209
MX1,210
CXCR4,211
DAPP1,212
ADAM8,213
CCR2,214
CCL2,215
TNC,216
SP140L,217
BCL2A1,218
CD37,219
HAVCR2,220
PTPN7,221
CD247,222
PIK3CD,223
WAS,224
CGAS,225
RRM2,226
TGM2,227
CTSS,228
RAC2,229
NMI,230
ADAM19,231
S1PR4,232
SH2D2A,233
VASH1,234
RUNX3,235
C1QB,236
CD180,237
FCGR2A,238
PLEKHO2,239
CEP55,240
TLR1,241
IFI6,242
ARHGAP25,243
SIRPG,244
CSF3R,245
FAM78A,246
GLIPR1,247
TIGIT,248
IL1RN,249
ZNFX1,250
GPR183,251
ZBP1,252
CD163,253
TBC1D10C,254
BST2,255
IFIH1,256
CD27,257
TACC3,258
PREX1,259
COL6A3,260
BTK,261
SLFN11,262
PXDN,263
RELT,264
HK3,265
WIPF1,266
SPI1,267
IL4R,268
GPR68,269
LRRC25,270
TCIRG1,271
GM2A,272
NLRP3,273
CLEC10A,274
SCIMP,275
MZB1,276
MPEG1,277
S100A8,278
HLA-DMB,279
IFIT3,280
STAT3,281
DEF6,282
C1QC,283
FGD2,284
CYTIP,285
MCUB,286
CD80,287
ABCC1,288
MS4A6A,289
SLAMF6,290
GBP4,291
LCN2,292
EMP3,293
SHC1,294
IL12RB1,295
GMFG,296
CD300LF,297
CD3E,298
TCN1,299
RTP4,300
RCSD1,301
TPM4,302
IFITM2,303
GZMK,304
RNF213,305
ST8SIA4,306
GZMA,307
CNN2,308
HLA-DPB1,309
CD96,310
ZAP70,311
NCF4,312
MMP1,313
PLSCR1,314
C1QA,315
PLAU,316
POU2F2,317
NKG7,318
BIRC3,319
PDIA4,320
HLA-DRA,321
EMILIN2,322
IRF4,323
ISG15,324
PLAUR,325
BASP1,326
TBX21,327
IL27RA,328
NCAPG,329
LTF,330
RFTN1,331
OAS3,332
KLHDC7B,333
OASL,334
GPR171,335
BTN2A2,336
CD8A,337
MOXD1,338
MKI67,339
CXCL11,340
SLFN5,341
HLA-B,342
LMNB1,343
CASP4,344
CALHM6,345
COL5A2,346
NFKBIE,347
CCR1,348
STING1,349
TMC8,350
TNFRSF4,351
PSTPIP1,352
MEI1,353
IFI44,354
BTN3A3,355
CARD11,356
PRF1,357
TNFAIP3,358
ANXA5,359
TRAF1,360
XAF1,361
C3,362
LY9,363
VCAM1,364
P2RY10,365
LIMD2,366
STX11,367
NLRC4,368
COL4A2,369
SIGLEC9,370
PI3,371
MFNG,372
CD226,373
MYBL2,374
PARP8,375
TBXAS1,376
TRAF3,377
TRIM38,378
MELK,379
S100A4,380
LAG3,381
ARRB2,382
ZC3HAV1,383
COL15A1,384
MAP3K8,385
TASL,386
GNLY,387
RNASE6,388
NFAM1,389
SHISA5,390
SP140,391
ELK3,392
ZC3H12A,393
TREM1,394
ACAP1,395
PSMB8,396
CASP8,397
SLC2A6,398
PYHIN1,399
PSMB9,400
MICB,401
MMP19,402
CTLA4,403
TOP2A,404
ADAR,405
DOCK8,406
TNFAIP8,407
BUB1,408
ZYX,409
NNMT,410
SEL1L3,411
EOMES,412
OAS1,413
TGFB1,414
ADA2,415
BMAL2,416
DRAM1,417
SELP,418
DLGAP5,419
DENND2D,420
PTPN22,421
CH25H,422
VCAN,423
CTSC,424
RGS19,425
CDC42SE1,426
HLA-DPA1,427
FLI1,428
MYD88,429
APBB1IP,430
SPN,431
GMIP,432
FSTL1,433
PPP1R18,434
LOXL2,435
CD300E,436
PARP12,437
TRIM21,438
FCRL5,439
IL2RG,440
TRAT1,441
HK2,442
SH2B3,443
P2RY6,444
DOCK11,445
PPM1F,446
AKNA,447
LGALS9,448
LAP3,449
CD4,450
MSL3,451
TAPBP,452
CRTAM,453
LTB,454
PLCB2,455
CDC6,456
GNAI2,457
LILRB3,458
PTPN6,459
LPCAT1,460
AEN,461
CXCL8,462
SLFN12,463
B2M,464
IFI35,465
GAB3,466
ADAP2,467
PTTG1,468
PSTPIP2,469
MMP3,470
KCNA3,471
COL1A2,472
DOCK10,473
KPNA2,474
LIMK1,475
PRDM1,476
STK4,477
CD1B,478
APOBEC3A,479
MANF,480
CALU,481
CD14,482
PANX1,483
TNIP3,484
RHOG,485
CD38,486
HM13,487
KIF20A,488
P2RY8,489
IL15RA,490
STK17B,491
SMOX,492
C5AR1,493
E2F3,494
IKBKE,495
CAP1,496
NABP1,497
TDO2,498
LY96,499
CALR,500
RGS18,501
SH2D1A,502
MARCHF1,503
TMEM165,504
XBP1,505
CD300C,506
TNF,507
RUNX1,508
IFITM1,509
COL3A1,510
CCNA2,511
IFI27,512
CTSB,513
HSH2D,514
BTN3A1,515
CSTA,516
NFKBIZ,517
COTL1,518
TREML2,519
MAP4K4,520
SIGLEC7,521
WARS1,522
LILRA5,523
SLA2,524
CXCL6,525
VNN2,526
CDC45,527
CD93,528
CCR4,529
MEFV,530
HSP90B1,531
TIFAB,532
LST1,533
TMSB10,534
CYBC1,535
LPXN,536
ALOX5,537
PLAC8,538
EDEM1,539
PIK3R3,540
BIRC5,541
PTGIR,542
RELB,543
CCL21,544
WNT5A,545
CCND2,546
CDCA5,547
THY1,548
SPHK1,549
RPN2,550
BATF3,551
CD274,552
TNFAIP6,553
LRP8,554
LY86,555
IFNAR2,556
CCDC69,557
APOBEC3C,558
ARL4C,559
STK10,560
DNMT1,561
CDKN3,562
PLEKHA4,563
DSE,564
VOPP1,565
FAM111B,566
ACTN1,567
IL1R1,568
BATF2,569
MMP25,570
TXLNA,571
HLA-A,572
ENG,573
UNC13D,574
HLA-DQB1,575
PILRA,576
TTL,577
CLEC12A,578
GZMH,579
SAMD9,580
KIF14,581
MS4A7,582
CD40,583
RGL4,584
SNX10,585
ARHGAP15,586
IRAK3,587
IFIT5,588
CSF1,589
NLRC3,590
SMAP2,591
CASS4,592
ASAP1,593
CXCR2,594
RGS1,595
UBE2C,596
TRIM69,597
SECTM1,598
CMTM7,599
PDCD1LG2,600
CDH11,601
HRH2,602
P2RY13,603
GPR176,604
FSCN1,605
TNFRSF10B,606
KIF4A,607
OLFML2B,608
M6PR,609
NAGK,610
LUM,611
IFNG,612
FMNL3,613
CXCL13,614
PRRX1,615
HLA-E,616
HLA-DOA,617
ADAM12,618
TLR7,619
UBA7,620
UBASH3A,621
CFB,622
CCL20,623
TPX2,624
FCMR,625
ZBED2,626
TK1,627
CDH3,628
C11orf21,629
FOXM1,630
C1RL,631
MSC,632
SPOCK2,633
IL18BP,634
CSF1R,635
CCNB1,636
OSCAR,637
SYK,638
IL2RB,639
SIGLEC10,640
PLA1A,641
CD68,642
SLC38A5,643
STAT4,644
ARHGAP4,645
PHF19,646
CD79A,647
PBK,648
TMEM45A,649
COL1A1,650
CKS2,651
EVI2A,652
CCL17,653
FBXO6,654
MYO9B,655
SAA1,656
ADPRH,657
CMKLR1,658
CPVL,659
CD83,660
TRIB2,661
CASP5,662
MTHFD2,663
VIM,664
SERPINH1,665
PEA15,666
C19orf38,667
GNGT2,668
KCNJ15,669
FASLG,670
TNFAIP8L2,671
ORAI2,672
ADAMTS2,673
CD300LB,674
REC8,675
RNASE2,676
AGTRAP,677
SOCS3,678
FAP,679
NCAPH,680
SYTL3,681
HLA-DMA,682
SBNO2,683
MCL1,684
CCL5,685
NAMPT,686
ARL11,687
TRIM14,688
HLA-F,689
SLCO5A1,690
CLEC4E,691
CLIC2,692
PLXND1,693
COL4A4,694
CMTM3,695
IL3RA,696
CYRIA,697
MPZL1,698
PARP15,699
CD209,700
FANCI,701
GBP3,702
SPP1,703
BLM,704
SYT11,705
ACTB,706
COLGALT1,707
CSK,708
SDC3,709
SEC24D,710
EBI3,711
IL1B,712
RASGRP4,713
PPIB,714
AHR,715
GPR84,716
RASSF5,717
TNFRSF12A,718
IFI44L,719
FHL3,720
CHPF2,721
IFI30,722
TGFBI,723
ADA,724
PIP4K2A,725
MRAS,726
SPCS3,727
MYO5A,728
AKIRIN2,729
KIF2C,730
TLR6,731
FCGR2B,732
CENPF,733
SERPING1,734
HYOU1,735
NFKB2,736
POU2AF1,737
KCNK6,738
PSME1,739
FPR2,740
SLC43A3,741
PDIA6,742
RIPOR2,743
TAGLN2,744
SPARC,745
HLA-DQA1,746
ARHGAP45,747
TMC6,748
EMILIN1,749
DENND1C,750
HSPA5,751
PPT1,752
ALDH1A3,753
NFKB1,754
ANKRD13D,755
BTLA,756
MILR1,757
CD1C,758
MOB3A,759
TAP2,760
FCRL3,761
BAZ1A,762
PYGL,763
PDCD1,764
RASGRP2,765
PYCARD,766
SERPINE1,767
NUSAP1,768
PACS1,769
CENPA,770
CDC20,771
FES,772
CDCA2,773
CYLD,774
GPR18,775
IFIT2,776
APOL4,777
SH3BGRL3,778
SIGLEC1,779
MGAT1,780
NFE2L3,781
KCNE4,782
MS4A1,783
GIMAP2,784
LRRC59,785
MMP2,786
SND1,787
AURKB,788
ANGPTL2,789
FLNA,790
TRIM25,791
RAP2B,792
ADGRE1,793
DTL,794
ATP8B2,795
SKA3,796
SELE,797
BID,798
CARD9,799
FFAR2,800
ODF3B,801
GTSE1,802
DBNL,803
IL18RAP,804
PIK3AP1,805
FMNL2,806
ADGRE5,807
SIRPB2,808
CBR3,809
ARHGEF3,810
PTGES,811
DERL3,812
IFI27L2,813
TMED9,814
GNS,815
CLEC5A,816
GZMM,817
TRIM5,818
KIF21B,819
GPSM3,820
AEBP1,821
F13A1,822
CCDC88A,823
SAMD3,824
ASPM,825
CD33,826
NECAP2,827
TMEM71,828
RGS10,829
IRF9,830
GALNT6,831
FCGR1A,832
DYSF,833
MSR1,834
PHF11,835
ADAM17,836
ETS1,837
SIRPB1,838
ACTR3,839
PLEKHM2,840
DHRS9,841
P4HB,842
SLC11A1,843
FBN1,844
GIMAP4,845
CCL11,846
DHX58,847
SLC7A11,848
SHKBP1,849
GRB2,850
TCF7,851
ENO1,852
DENND5A,853
SLFN13,854
LILRA2,855
TREM2,856
HPSE,857
PFKFB3,858
BTN3A2,859
PSME2,860
DISC1,861
BCAT1,862
CLSPN,863
FZD2,864
ZMYND15,865
CEP19,866
PTPN1,867
CBL,868
ITGA5,869
SRPX2,870
IL15,871
TMEM184B,872
CD72,873
IRAK1,874
RNF145,875
SP100,876
TFEC,877
VMO1,878
ARHGAP11A,879
CSGALNACT1,880
CENPE,881
CHST15,882
SEMA4A,883
CFI,884
SH3TC1,885
CLEC4A,886
FUT7,887
UBASH3B,888
CYP7B1,889
SLC16A3,890
JAKMIP1,891
HLA-DRB1,892
CDCA8,893
HLA-DOB,894
FKBP10,895
TPST2,896
CMPK2,897
DPAGT1,898
MMP14,899
GGT5,900
LOXL1,901
HEG1,902
ANLN,903
PLTP,904
SLFN12L,905
GNB4,906
MDFI,907
SHFL,908
THBS2,909
RNF166,910
MCM10,911
SDF2L1,912
DDX39A,913
LILRA1,914
LSP1,915
NRP2,916
CALHM2,917
REL,918
SERPINB1,919
STOM,920
CEMIP,921
TPBG,922
MS4A4A,923
RCC2,924
MCM5,925
CTHRC1,926
DNAJB11,927
MAN2B1,928
MR1,929
CD69,930
ZNF267,931
BAK1,932
LIPA,933
SULF1,934
PROCR,935
KLRD1,936
CRELD2,937
CXCR1,938
NFKBID,939
GLIPR2,940
NOD1,941
VNN1,942
ARID5A,943
RSAD2,944
VWF,945
UGGT1,946
EHBP1L1,947
PKM,948
LYPD1,949
GPX8,950
NCOA7,951
GRK5,952
PLA2G2D,953
VCP,954
RNF144B,955
SLC2A3,956
ABI3,957
CENPW,958
BCL3,959
UBA6,960
CEACAM4,961
TRPM2,962
HELZ2,963
KLRB1,964
TMEM132A,965
CLEC2D,966
ADCY3,967
LRRC32,968
ASF1B,969
ZNF831,970
FICD,971
HVCN1,972
TNFRSF11B,973
SLC39A1,974
AIF1,975
NDC80,976
FUT11,977
FOXP3,978
IL18R1,979
SIRPA,980
SEC14L1,981
TROAP,982
KYNU,983
MARS1,984
CTSW,985
NEK2,986
IMPDH1,987
CD244,988
TRIM47,989
SCML4,990
STAB1,991
PTP4A3,992
FKBP11,993
ADAMTS4,994
C2,995
C1QTNF1,996
GSDMD,997
KCTD11,998
FCHSD2,999
EIF2AK2,1000
ADPGK,1001
CKAP2L,1002
IL16,1003
CXCL5,1004
RPN1,1005
TIGAR,1006
PRCP,1007
TCL1A,1008
PCED1B,1009
IKBIP,1010
IFNGR1,1011
ARHGEF1,1012
PIF1,1013
CD7,1014
RASGRP1,1015
HERC6,1016
CCL4,1017
SEMA4D,1018
KIF23,1019
FLT3,1020
CLEC4D,1021
SERPINA1,1022
HJURP,1023
RASA3,1024
CLEC4C,1025
LGALS1,1026
HEATR3,1027
ARPC5,1028
NUB1,1029
HIF1A,1030
S100A12,1031
PDIA3,1032
GAPT,1033
F2RL2,1034
PLCG2,1035
SEMA7A,1036
CXCL2,1037
ERO1A,1038
APOBEC3F,1039
PRC1,1040
S1PR3,1041
IL32,1042
TRAM2,1043
FGL2,1044
MTHFR,1045
KIAA0930,1046
PTGER4,1047
DOK1,1048
HSPA6,1049
MRC2,1050
ECT2,1051
TNFAIP1,1052
HLA-C,1053
PLK1,1054
ADM,1055
CTSK,1056
IL23A,1057
MAP3K14,1058
ACOT9,1059
RUBCN,1060
STIL,1061
CORO1C,1062
PLAAT4,1063
EHD4,1064
LAIR2,1065
UBE2T,1066
FAM118B,1067
C6orf62,1068
RND1,1069
MMP7,1070
NETO2,1071
PLXNA1,1072
GRK3,1073
SEPTIN1,1074
CD8B,1075
MICAL1,1076
ITSN2,1077
CD276,1078
GLA,1079
TTYH3,1080
PGS1,1081
TNFSF11,1082
GALNT2,1083
SLC6A6,1084
GRAP2,1085
SLC30A7,1086
SLC9B2,1087
APOBEC3H,1088
SLC38A7,1089
CARD8,1090
PFKP,1091
ARHGEF6,1092
GPX1,1093
RAMP3,1094
PROK2,1095
GART,1096
CHFR,1097
MAPRE1,1098
FOLR2,1099
PPP1R9B,1100
TTK,1101
TFE3,1102
CKAP4,1103
IRAK2,1104
TGFBR2,1105
JCHAIN,1106
FBXO10,1107
MVP,1108
ADAMDEC1,1109
CCL13,1110
LY6E,1111
TRAF2,1112
CRLF3,1113
THBD,1114
ETV6,1115
NXPE3,1116
NID2,1117
TPD52L2,1118
TPM3,1119
GPRIN1,1120
SPIB,1121
CCDC167,1122
PHTF1,1123
RGS16,1124
PRKCB,1125
TNFSF15,1126
A2M,1127
TSPAN32,1128
MTHFD1L,1129
DNAJC3,1130
EZH2,1131
RASSF1,1132
LIMS1,1133
VSIG4,1134
LILRA6,1135
SH3RF3,1136
TOP1,1137
ROBO1,1138
COL6A2,1139
CELF2,1140
PRKCQ,1141
CCDC80,1142
RAD51,1143
KDM2B,1144
PDGFRB,1145
AGAP2,1146
LAMA4,1147
RAD51AP1,1148
MATK,1149
ZBTB32,1150
S100A16,1151
UBE2J1,1152
TMEM156,1153
SPC24,1154
SLCO2B1,1155
PNOC,1156
ADAMTS9,1157
COL14A1,1158
CNP,1159
CCM2,1160
MS4A14,1161
LGALS3BP,1162
GSTP1,1163
PSMB10,1164
FNBP1,1165
SLC4A7,1166
R3HDM4,1167
AURKA,1168
OSM,1169
CYBA,1170
GPR174,1171
ST3GAL1,1172
ELL2,1173
CHN1,1174
TRAFD1,1175
SLC35C1,1176
ANXA6,1177
SPC25,1178
ERI1,1179
HERC5,1180
ANKRD44,1181
ITPRIPL1,1182
PLEKHG2,1183
VWA1,1184
KLRG1,1185
KIFC1,1186
POLQ,1187
ADAMTS12,1188
LTB4R,1189
ZWINT,1190
NUF2,1191
NID1,1192
GIMAP6,1193
CD40LG,1194
SHMT2,1195
NUP62,1196
XCL1,1197
LGI2,1198
MAPKAPK2,1199
CCND3,1200
TNFRSF1A,1201
GRN,1202
FCHSD1,1203
NFATC2,1204
PYCR1,1205
CPXM1,1206
SH2D3C,1207
EMB,1208
KIF2A,1209
PLK3,1210
TPP1,1211
TGFBR1,1212
TIMELESS,1213
GYG1,1214
ADAM9,1215
GP1BA,1216
SMC4,1217
ERAP2,1218
STK17A,1219
IL17RA,1220
MAD2L2,1221
CHST2,1222
HRH1,1223
RAB8B,1224
DCLRE1B,1225
SPOCD1,1226
ICAM3,1227
CAPZA1,1228
RBMS1,1229
FNDC3B,1230
MEOX1,1231
UGCG,1232
GPX2,1233
ATF5,1234
ENAH,1235
APOBEC3B,1236
ETV7,1237
DDX60L,1238
MCTP1,1239
SULF2,1240
CD1D,1241
PPRC1,1242
SURF4,1243
ESCO2,1244
HS3ST3B1,1245
MAPK11,1246
CCL18,1247
PPIL1,1248
E2F8,1249
COL5A1,1250
CD82,1251
CCL24,1252
PLA2G2A,1253
PCOLCE,1254
SERPINF1,1255
CD200R1,1256
CARMIL2,1257
SEPTIN6,1258
SLC7A5,1259
MYOF,1260
MXD1,1261
CENPK,1262
CSTB,1263
TLR4,1264
RNF149,1265
KIF15,1266
ADGRG5,1267
RANGAP1,1268
MMP10,1269
NRP1,1270
CDCA3,1271
TAPBPL,1272
ACKR1,1273
SH3PXD2B,1274
CXCL3,1275
IL12RB2,1276
PREB,1277
HDC,1278
SRPRB,1279
CARHSP1,1280
MFGE8,1281
IGFLR1,1282
LYSMD2,1283
SHCBP1,1284
FKBP1A,1285
CDK2AP2,1286
NIBAN1,1287
TNFRSF8,1288
RILPL2,1289
E2F7,1290
ADAMTS15,1291
CEACAM21,1292
TCAF2,1293
LPAR6,1294
SEC23B,1295
KCNAB2,1296
RGL1,1297
KIRREL1,1298
RECQL,1299
SACS,1300
APOBR,1301
CD19,1302
MRC1,1303
HPS5,1304
GNG2,1305
CLEC2B,1306
SERPINB8,1307
MCM6,1308
P4HA3,1309
TUBA1B,1310
P2RX5,1311
PIM1,1312
SERPINE2,1313
VAMP5,1314
LDHA,1315
PLD4,1316
ADAMTS1,1317
SLC1A4,1318
KDM2A,1319
ST6GAL1,1320
ACP5,1321
USP35,1322
TCF19,1323
KLHL5,1324
SFMBT2,1325
CCL8,1326
MARCO,1327
FANCA,1328
PCLAF,1329
TBC1D2B,1330
PI4K2A,1331
NUP188,1332
SIPA1,1333
NCF1,1334
CEBPB,1335
GRAMD1A,1336
GNA12,1337
SERTAD1,1338
ZEB2,1339
P2RX7,1340
LTA,1341
LDLRAD3,1342
GRAP,1343
PGD,1344
TESPA1,1345
HCAR3,1346
CD47,1347
ARSB,1348
ZNF366,1349
RIMS3,1350
PLA2G7,1351
SLC24A4,1352
CD101,1353
TXNRD1,1354
PLVAP,1355
FANCD2,1356
UBD,1357
DUSP22,1358
BTBD19,1359
DDX21,1360
INPP4A,1361
SFRP2,1362
CTSZ,1363
PDE4B,1364
SKA1,1365
DDOST,1366
RAB13,1367
DUSP10,1368
RUBCNL,1369
BAG3,1370
SLC7A1,1371
HHEX,1372
ATP10D,1373
SRM,1374
UBE2Z,1375
PLEKHA2,1376
CFH,1377
ST8SIA1,1378
PRR11,1379
S100A2,1380
ISLR,1381
PPP6R1,1382
ATOX1,1383
IQGAP3,1384
TYK2,1385
ANXA2,1386
CPA3,1387
ENTPD1,1388
SDCBP,1389
TNFRSF10A,1390
LIPG,1391
IFIT1,1392
TXNDC5,1393
RIGI,1394
GAS7,1395
PGF,1396
CYP1B1,1397
IGLL5,1398
PPM1M,1399
SLC16A6,1400
PLK2,1401
CDK1,1402
CDH5,1403
VENTX,1404
LTBP1,1405
TEAD4,1406
CX3CR1,1407
STRIP2,1408
GLUL,1409
KCTD21,1410
USP18,1411
HSPA13,1412
GINS4,1413
XPO6,1414
MGP,1415
DPEP2,1416
SCD,1417
RUNX2,1418
TOR3A,1419
KLF7,1420
KBTBD8,1421
FURIN,1422
ABCA7,1423
COL6A1,1424
LAMP5,1425
SSR4,1426
NFATC1,1427
GIMAP7,1428
TNFSF9,1429
HDAC7,1430
RIPK3,1431
PLD2,1432
CSGALNACT2,1433
NAGA,1434
ZCCHC24,1435
ERCC6L,1436
PRAM1,1437
EME1,1438
LOXL3,1439
ZNF469,1440
WDR44,1441
ASCC3,1442
CAPG,1443
FHOD1,1444
PPP1R16B,1445
PSMB2,1446
THEMIS,1447
ZNF101,1448
YIPF1,1449
PLXNC1,1450
HSPA4,1451
CCNF,1452
CRISPLD2,1453
MEDAG,1454
SEPTIN9,1455
POC1A,1456
TKT,1457
HLA-DRB5,1458
CCL7,1459
TMEM185B,1460
HMOX1,1461
SYNGR2,1462
LAMC1,1463
PRDX4,1464
TICRR,1465
LMNB2,1466
CHEK2,1467
ENC1,1468
ESYT1,1469
FTSJ1,1470
NLRP12,1471
PAPLN,1472
ALPL,1473
FOSL1,1474
WDR1,1475
MPZL2,1476
SRA1,1477
AP1S3,1478
MTFR2,1479
PCDH17,1480
SEC61B,1481
TMEM154,1482
RACGAP1,1483
SAT1,1484
NIBAN3,1485
PALD1,1486
DENND4B,1487
IER5,1488
TRIP12,1489
P3H1,1490
LEF1,1491
RGS4,1492
ARHGAP22,1493
ARPC2,1494
DIAPH3,1495
NUP50,1496
TMEM176B,1497
ACSL4,1498
CYTH1,1499
KNTC1,1500
TLR10,1501
ENTPD7,1502
BTN2A1,1503
ZNF385A,1504
ZG16B,1505
TUBA1C,1506
GCSAM,1507
STX2,1508
TUBB,1509
FLOT2,1510
PAK2,1511
SSH2,1512
RRP12,1513
SEC24C,1514
DDX5,1515
DKK3,1516
GNB5,1517
PSME4,1518
SHISAL2A,1519
LHFPL2,1520
NFE2,1521
GFPT2,1522
YKT6,1523
SORCS2,1524
ICAM2,1525
S100P,1526
NAV1,1527
ENKUR,1528
CLU,1529
NCR3,1530
CNPY3,1531
MICALL1,1532
CCRL2,1533
CREB3L2,1534
DYRK3,1535
PFN1,1536
HBEGF,1537
COPB2,1538
S100A7,1539
CBFB,1540
BMP2K,1541
CD79B,1542
MAP7D1,1543
PTGFRN,1544
AQP9,1545
KIF18A,1546
PITPNM1,1547
TNFRSF18,1548
SSH1,1549
RAB34,1550
PGM2L1,1551
AMPD2,1552
IL26,1553
FAM53C,1554
MYO7A,1555
PARP1,1556
STMN3,1557
TMEM119,1558
ARHGAP31,1559
PALLD,1560
NOP2,1561
TYMS,1562
RAD54L,1563
EVL,1564
CUL1,1565
CLSTN3,1566
HAS3,1567
TTYH2,1568
PATL2,1569
PSMD1,1570
GJA4,1571
FUT2,1572
DPP3,1573
PCBP3,1574
YEATS2,1575
ITGAV,1576
RHOA,1577
CCN4,1578
ZC3H12D,1579
RASSF4,1580
SLC17A9,1581
S100A6,1582
SLC28A3,1583
QSOX1,1584
NEIL3,1585
ASPHD2,1586
OLR1,1587
TNFRSF10C,1588
ATP8B3,1589
FAM167B,1590
PLXDC1,1591
DENND3,1592
CD70,1593
PATL1,1594
PLPPR2,1595
RPS6KA4,1596
HS3ST1,1597
VASP,1598
EHD2,1599
ZBTB46,1600
DEPDC1,1601
RESF1,1602
ANGPTL4,1603
ZNF683,1604
RGS14,1605
EPHB2,1606
ANK1,1607
SSR3,1608
VRK2,1609
BGN,1610
CDK5R1,1611
CBX2,1612
VSNL1,1613
GDPD5,1614
PLIN3,1615
CFLAR,1616
NUDT1,1617
RAB39B,1618
BRCA2,1619
CMTM6,1620
KIF11,1621
NPC2,1622
DPYSL3,1623
PTPN2,1624
HP,1625
NBEAL2,1626
CDC25C,1627
SNCAIP,1628
CD248,1629
COL8A1,1630
CYRIB,1631
CAMK4,1632
FADS2,1633
HMMR,1634
FMOD,1635
STAT5A,1636
HSD3B7,1637
KCNN4,1638
SPAG4,1639
RAB27A,1640
HLX,1641
RIN3,1642
APLNR,1643
ATP6V1B2,1644
NES,1645
SLC1A3,1646
PGM2,1647
PITPNB,1648
TSPAN11,1649
OGFR,1650
SLC37A2,1651
IL13RA1,1652
LMAN1,1653
PITPNC1,1654
ECM1,1655
ATP13A1,1656
MACROH2A1,1657
LYAR,1658
RNF24,1659
KIAA0513,1660
TINF2,1661
TUBA1A,1662
DNAJA1,1663
S1PR1,1664
RHBDD3,1665
TRIM16,1666
CHI3L1,1667
MFHAS1,1668
OGFOD1,1669
MCEMP1,1670
PTPN12,1671
OGFRL1,1672
CDC7,1673
NCOA3,1674
MYH9,1675
ADGRE3,1676
FKBP14,1677
JSRP1,1678
IL6,1679
NOLC1,1680
FAM98A,1681
PRXL2C,1682
HTRA3,1683
UHRF1,1684
GPR55,1685
DERL1,1686
HGF,1687
IFNGR2,1688
KCTD10,1689
EXO1,1690
TNFSF10,1691
GPR137B,1692
HELB,1693
SIGLEC14,1694
TMEM268,1695
NUP210,1696
DPYD,1697
TMC5,1698
CLIP1,1699
MAP3K3,1700
SOX7,1701
RIPK2,1702
XRN2,1703
GRK6,1704
OLFM1,1705
PIEZO1,1706
CCL26,1707
KMO,1708
CDC42EP1,1709
CD22,1710
DSG3,1711
RIPOR3,1712
IRF2,1713
ARHGEF2,1714
ST3GAL2,1715
GBGT1,1716
XCL2,1717
LRP10,1718
SCLT1,1719
PDE7A,1720
ITPRIP,1721
SLC4A8,1722
PARP11,1723
TSPAN17,1724
GIMAP8,1725
DOC2B,1726
CARD16,1727
SLC9A7,1728
TNIP1,1729
FRMD8,1730
SEC24A,1731
JAK2,1732
MAFF,1733
ZFP36,1734
RELL2,1735
ACTR1A,1736
CANX,1737
EIF4G2,1738
SDS,1739
TMEM106A,1740
LPGAT1,1741
NCAPD2,1742
GLB1,1743
ADAMTS5,1744
TC2N,1745
DCUN1D3,1746
TRAM1,1747
GINS1,1748
MYC,1749
ZFAND5,1750
FKBP15,1751
PRKCH,1752
LRRK1,1753
ERG,1754
FSTL3,1755
FN1,1756
CTSA,1757
CR1,1758
FCHO1,1759
AMPD3,1760
LRG1,1761
COMP,1762
PLP2,1763
KLK6,1764
PRDM15,1765
CKAP2,1766
APEX2,1767
SNX22,1768
CD1E,1769
PECAM1,1770
CP,1771
HMGA1,1772
EHD1,1773
DTYMK,1774
RGS20,1775
BORA,1776
ATR,1777
MCAM,1778
UPP1,1779
CDKN1A,1780
DNAJC5B,1781
HFE,1782
CAPZB,1783
H2BC11,1784
FBXO41,1785
TXNDC15,1786
DAXX,1787
DUSP2,1788
EDNRA,1789
PIM3,1790
CFL1,1791
MAFB,1792
ANKDD1A,1793
EPHX3,1794
AMOTL1,1795
EML3,1796
RAB39A,1797
SNAI3,1798
SFT2D2,1799
ATP6V0B,1800
SGTB,1801
RELA,1802
EPHA2,1803
GIMAP5,1804
PCDH18,1805
BHLHE40,1806
TXK,1807
SOCS1,1808
RPS6KA1,1809
F2R,1810
CARD14,1811
ATF4,1812
ULBP2,1813
MFSD10,1814
BUB1B,1815
HAS2,1816
TOR4A,1817
IL10,1818
CATSPER1,1819
PHLDA2,1820
CLIC6,1821
SNN,1822
LYL1,1823
ST3GAL5,1824
GYPC,1825
ZWILCH,1826
CHD3,1827
PSAP,1828
PODNL1,1829
PTPRJ,1830
NR4A3,1831
TUBB2A,1832
HSPH1,1833
FJX1,1834
RARRES1,1835
CYP27B1,1836
RASSF3,1837
MCOLN2,1838
TRADD,1839
TMEM158,1840
SLC7A7,1841
STC1,1842
LBH,1843
SLC15A4,1844
KLHL18,1845
E2F4,1846
SRPRA,1847
RB1,1848
ELOVL5,1849
SLCO4A1,1850
MXRA5,1851
WBP1L,1852
PLCG1,1853
HNRNPF,1854
USB1,1855
SKIL,1856
WDR4,1857
PAG1,1858
PMAIP1,1859
SMOC2,1860
DENND4A,1861
C1orf54,1862
TMEM273,1863
FCRL2,1864
SGO1,1865
PLBD2,1866
NPLOC4,1867
FCN3,1868
RIT1,1869
OSTC,1870
WDR62,1871
DSC2,1872
STAC3,1873
LTBP2,1874
UBFD1,1875
GPBAR1,1876
TMEM229B,1877
EFEMP2,1878
DUSP18,1879
FDCSP,1880
EWSR1,1881
RUVBL1,1882
LAYN,1883
ERMN,1884
GIMAP1,1885
DDIAS,1886
CORO7,1887
ECSCR,1888
GAPDH,1889
DENND2B,1890
NLRP7,1891
GMPPB,1892
CASP3,1893
RRBP1,1894
CDV3,1895
NSF,1896
MYO1E,1897
SLC9A9,1898
STT3A,1899
MOB1A,1900
TSR1,1901
PMM2,1902
TRIP6,1903
LYPD5,1904
JUNB,1905
MICALL2,1906
AXL,1907
E2F2,1908
PMEPA1,1909
LILRA4,1910
YARS1,1911
GANAB,1912
LZTS1,1913
OTULIN,1914
PAPPA,1915
SLC39A6,1916
EVA1B,1917
IGDCC4,1918
C15orf48,1919
PPP4R1,1920
HASPIN,1921
ABCC10,1922
CLEC4G,1923
SLPI,1924
VASH2,1925
FBLN5,1926
STX6,1927
SYVN1,1928
SLCO2A1,1929
TRERF1,1930
CYSLTR1,1931
PSMA4,1932
RAB3D,1933
RIPOR1,1934
FCGR3B,1935
NEK6,1936
DLG4,1937
PASK,1938
PKMYT1,1939
KRBA1,1940
XCR1,1941
RAB35,1942
CDKN2A,1943
SERPINB3,1944
DONSON,1945
ELMO1,1946
LARP1,1947
QPCT,1948
ST14,1949
SV2A,1950
MMP11,1951
PDGFRA,1952
GARS1,1953
GCH1,1954
TRIM56,1955
TSHZ2,1956
TEP1,1957
GALNT10,1958
TIMD4,1959
PRSS22,1960
CSNK1G2,1961
NPL,1962
PTX3,1963
ADAMTS7,1964
PPP4C,1965
SH3BP1,1966
TMEM109,1967
TFPI2,1968
TRABD,1969
C15orf39,1970
ANTXR2,1971
SPTLC2,1972
CXCR5,1973
AUNIP,1974
MTPN,1975
TMPRSS4,1976
TESC,1977
CMTR1,1978
BMP1,1979
GTSF1,1980
STS,1981
MPHOSPH9,1982
BICC1,1983
ZNF207,1984
AKR1B10,1985
ITGB7,1986
PTGS2,1987
KCND3,1988
CYP2S1,1989
PSMD2,1990
SAA2,1991
ZNF710,1992
SYNCRIP,1993
MTF1,1994
ITGA6,1995
COPA,1996
CRABP2,1997
PSMA7,1998
RALB,1999
DIPK2B,2000
ZSWIM4,2001
NADK,2002
ARHGAP1,2003
IRF5,2004
IL24,2005
LRRK2,2006
HIVEP3,2007
WDR76,2008
RNF19B,2009
TLN1,2010
TIFA,2011
RAB29,2012
CNTRL,2013
GOLGA7B,2014
DCN,2015
CCR8,2016
PABPC4,2017
CPA4,2018
CTSL,2019
C2CD2,2020
CBLN3,2021
EFHD2,2022
TNFRSF17,2023
EXT2,2024
PLBD1,2025
DUOX2,2026
TRIP13,2027
FBLN1,2028
MGAT2,2029
FIBIN,2030
GRK2,2031
CDC27,2032
PTGER2,2033
GALNT18,2034
CHAC1,2035
AQP3,2036
CKLF,2037
RNF122,2038
LRRC4,2039
KNL1,2040
SEC11C,2041
PARP4,2042
NRROS,2043
OIP5,2044
CNN3,2045
PACC1,2046
CCNE2,2047
ANGPT2,2048
CTNS,2049
CD63,2050
FCRLA,2051
PHLDA1,2052
TMEM131L,2053
PDZK1IP1,2054
POLA2,2055
ENTPD4,2056
IGFBP7,2057
NUP98,2058
BAX,2059
TMPRSS3,2060
BCL10,2061
GNL3L,2062
BYSL,2063
CNR2,2064
APOBEC3D,2065
KIAA0040,2066
ZDHHC18,2067
FBLIM1,2068
IL1RL1,2069
ERN1,2070
MDK,2071
DGKZ,2072
ACTR2,2073
BLVRA,2074
PLEKHF1,2075
PPIC,2076
RABIF,2077
XPOT,2078
DMXL2,2079
RCC1,2080
APBA2,2081
RAB42,2082
AP1S2,2083
UBA1,2084
CENPO,2085
TLR5,2086
ALOX15,2087
PIMREG,2088
TMOD3,2089
BLNK,2090
GTF2E1,2091
GINS2,2092
H2BC12,2093
CAVIN3,2094
CSF2,2095
LTBR,2096
BCL6,2097
RUFY4,2098
TNIP2,2099
LIMK2,2100
TRAF5,2101
GTPBP4,2102
CD163L1,2103
TMEM104,2104
PCNA,2105
SYTL1,2106
HK1,2107
CENPN,2108
ANTXR1,2109
ME1,2110
ARID3A,2111
AP2S1,2112
KLK10,2113
GORASP2,2114
MMP12,2115
ADGRG3,2116
TRMT112,2117
TMEM140,2118
B3GNT9,2119
ARL5B,2120
CCT3,2121
SNPH,2122
TDP1,2123
LSM10,2124
CCNB2,2125
SLC25A28,2126
RFC4,2127
FADS1,2128
COPG1,2129
LMAN2,2130
NXN,2131
ABCA1,2132
TMEM39A,2133
JAK1,2134
DRAP1,2135
DCLRE1C,2136
DUOXA2,2137
AP1B1,2138
EXTL3,2139
FAM83A,2140
GFI1,2141
SVEP1,2142
PGAM5,2143
GFUS,2144
RBP5,2145
MCM3,2146
COL8A2,2147
TXNDC11,2148
RHOQ,2149
HYAL2,2150
MAPKAPK3,2151
SLC25A19,2152
XPO5,2153
CEBPD,2154
FAS,2155
FAM20C,2156
PSMB5,2157
ALDH16A1,2158
GSDMA,2159
IL33,2160
BLK,2161
UTP11,2162
TES,2163
IGFBP5,2164
COLEC12,2165
ARAP1,2166
TPSAB1,2167
SLC12A4,2168
CDYL2,2169
NOP56,2170
CHSY1,2171
CENPI,2172
PDE1B,2173
S1PR2,2174
TGFB3,2175
MESD,2176
OTUB2,2177
RAP2A,2178
SCARA3,2179
IGFBP4,2180
NUP93,2181
FBXO5,2182
ATG13,2183
RAB38,2184
MRTFA,2185
DUSP4,2186
ECEL1,2187
CLIC4,2188
FAM124B,2189
MSX2,2190
CDC42EP2,2191
ORC1,2192
GJC1,2193
SNX11,2194
ADGRF1,2195
RASGRP3,2196
SLC5A1,2197
SPATS2,2198
AKR1B1,2199
CBFA2T3,2200
PRKX,2201
PSMA3,2202
KIF18B,2203
PGK1,2204
SETX,2205
HIC1,2206
INTS7,2207
CCDC28B,2208
TGIF2,2209
TLE3,2210
NRBP1,2211
TMEM50A,2212
C1orf216,2213
BRD2,2214
TMEM208,2215
CBX6,2216
MYDGF,2217
ALG3,2218
FUS,2219
B4GALT5,2220
RSPO3,2221
SLC25A37,2222
PDLIM7,2223
PSPC1,2224
ROCK1,2225
ATG7,2226
GPR4,2227
COL18A1,2228
CCL3,2229
SIGLEC12,2230
NDE1,2231
SMG9,2232
MXRA8,2233
CYSLTR2,2234
PI15,2235
CLC,2236
POLE2,2237
GYS1,2238
RAPGEF1,2239
ARRB1,2240
CXorf38,2241
HCAR2,2242
NCKAP5L,2243
NPC1,2244
GRINA,2245
GPR141,2246
CYFIP2,2247
HTRA4,2248
RASGEF1A,2249
MALT1,2250
CHAC2,2251
LMF2,2252
ATP11A,2253
DDR2,2254
PRG4,2255
DDX60,2256
GSTO1,2257
PCSK7,2258
SLCO3A1,2259
SLC24A3,2260
MTDH,2261
PDLIM1,2262
ARPC5L,2263
KCNJ8,2264
ITGB3,2265
ARF4,2266
RFLNB,2267
ZNF562,2268
HOMER3,2269
ROBO4,2270
ELL,2271
TNFRSF14,2272
ATP6V0D1,2273
ARAP2,2274
KPNA6,2275
SLC23A2,2276
UBE2H,2277
CD55,2278
E2F1,2279
RAB8A,2280
CTPS1,2281
NARF,2282
IER2,2283
IL34,2284
CALCRL,2285
DDHD1,2286
GRHL3,2287
EXOG,2288
TBCD,2289
SUSD6,2290
PPARD,2291
NECTIN2,2292
FCRL1,2293
CTSH,2294
WDR77,2295
G6PD,2296
TPK1,2297
ITPRIPL2,2298
TMEM214,2299
RALGPS2,2300
DIAPH1,2301
HOMER1,2302
POMP,2303
CERCAM,2304
GMPPA,2305
MAP3K1,2306
PLAT,2307
ZNF641,2308
LMNA,2309
ADCYAP1,2310
INHBA,2311
S100Z,2312
KRT5,2313
FEZ1,2314
LRRC8A,2315
CATSPERB,2316
XDH,2317
YWHAH,2318
ARID5B,2319
CTSG,2320
FLVCR2,2321
MOB3C,2322
GIT2,2323
DEGS1,2324
COPB1,2325
RAB32,2326
PRDX1,2327
ARFGAP1,2328
ADGRL4,2329
PARP10,2330
PTGDS,2331
PSMA5,2332
CYB5R4,2333
SYT12,2334
NDEL1,2335
GNAI3,2336
FANCG,2337
LITAF,2338
COL6A5,2339
G3BP1,2340
LAT,2341
TMEM241,2342
MASP1,2343
ALG2,2344
GBP6,2345
RSU1,2346
SLC38A10,2347
SEC31A,2348
HCFC1,2349
PHF23,2350
PRKD2,2351
S100A10,2352
TM6SF1,2353
TMX3,2354
TEAD2,2355
EFTUD2,2356
FADS3,2357
CHRDL2,2358
LASP1,2359
PCBP1,2360
TMEM163,2361
TECPR1,2362
NOS3,2363
FAM177B,2364
VPS18,2365
WDR54,2366
CMTM1,2367
CASP7,2368
GREM1,2369
COL12A1,2370
URB2,2371
ENPP2,2372
DUSP7,2373
ETV4,2374
JPT1,2375
CLCN7,2376
ACKR4,2377
C2CD4A,2378
SUSD1,2379
ATM,2380
TP53I3,2381
BNC1,2382
YWHAG,2383
CD59,2384
ANKRD22,2385
RECQL4,2386
SDK1,2387
AFAP1L2,2388
RCN1,2389
NIN,2390
TRIM27,2391
TIMP2,2392
FCER2,2393
RAB10,2394
HAL,2395
BICD1,2396
MFAP2,2397
GEM,2398
NLRP1,2399
BCL2L12,2400
CEP135,2401
LILRB5,2402
POGLUT2,2403
IKBKB,2404
ZNF281,2405
CAMP,2406
PPP1R3C,2407
GJB6,2408
RIN2,2409
RNF19A,2410
P2RY2,2411
BANK1,2412
NUP205,2413
TMEM176A,2414
PHACTR2,2415
NOS2,2416
MYCBP2,2417
ARPC4,2418
DOK5,2419
RAN,2420
HTR2B,2421
FAM110B,2422
VSIG1,2423
FAIM2,2424
OSTM1,2425
TP53INP1,2426
CRLF1,2427
PUSL1,2428
TTN,2429
ACP2,2430
ORC6,2431
PIK3R6,2432
ACVRL1,2433
VKORC1,2434
TNFAIP8L1,2435
CCDC137,2436
STARD8,2437
ATL3,2438
MCM7,2439
NT5DC2,2440
PRRC2C,2441
SLC43A2,2442
NLRX1,2443
GPCPD1,2444
KDR,2445
LPAR5,2446
PHLDB2,2447
ADRM1,2448
ANGEL1,2449
SH3BP2,2450
ARHGAP26,2451
REEP4,2452
CLTC,2453
MTA2,2454
PNP,2455
ATAD2,2456
UNC93B1,2457
CDCP1,2458
SLC35B1,2459
SIN3B,2460
HELLS,2461
PSMC4,2462
EIF4EBP1,2463
PLOD1,2464
H2AX,2465
CPSF2,2466
SNAI2,2467
TXNL4B,2468
CDCA4,2469
LDLR,2470
CCT5,2471
HIVEP2,2472
MAPK7,2473
MAD2L1,2474
FABP5,2475
IPCEF1,2476
MAP2K1,2477
YIF1B,2478
ATP2A3,2479
MRGPRF,2480
SEMA4B,2481
KRT16,2482
ADAMTS14,2483
ADPRS,2484
ABCG4,2485
MCFD2,2486
PTK7,2487
STAMBPL1,2488
VSIR,2489
ASPHD1,2490
PNKP,2491
SFN,2492
WDR82,2493
ACRBP,2494
MMRN2,2495
PRPS1,2496
MIS18BP1,2497
ADAM23,2498
CRTC3,2499
MYL6,2500
GALK1,2501
ARHGEF15,2502
IFFO1,2503
EIF4G1,2504
SKAP1,2505
SEL1L,2506
FILIP1L,2507
KCTD5,2508
MFAP4,2509
DYNLT1,2510
FHL2,2511
ITGA11,2512
TTC24,2513
ADAM28,2514
WDR55,2515
CNOT9,2516
PRAF2,2517
SGIP1,2518
TMSB4X,2519
CST3,2520
NOL6,2521
FLOT1,2522
RP2,2523
SLC25A22,2524
SLC39A13,2525
GPAT4,2526
ZNF589,2527
MPV17L2,2528
TTC39A,2529
PNPLA6,2530
IL13RA2,2531
CHIT1,2532
ELF4,2533
CCDC71L,2534
HLA-G,2535
DNAJB5,2536
CSRP2,2537
CTC1,2538
EHF,2539
TMTC1,2540
TTLL4,2541
SPON2,2542
PIGR,2543
GUCY1A1,2544
C1QTNF6,2545
ARFGAP3,2546
ZNF80,2547
POLR2L,2548
H2AC11,2549
C5AR2,2550
PPP1R15B,2551
SIL1,2552
PHF21A,2553
PANK2,2554
BACE2,2555
PODXL,2556
GSDMC,2557
KDELR3,2558
AGPAT4,2559
GPX7,2560
LEPROTL1,2561
VASN,2562
ATP6V0E1,2563
MCM2,2564
TOR1B,2565
SIPA1L2,2566
SUGP2,2567
FBN2,2568
SERPINB4,2569
MMRN1,2570
TRAF3IP2,2571
OSBPL3,2572
PHTF2,2573
PAQR4,2574
GPR162,2575
NELL2,2576
SNED1,2577
NINJ1,2578
TRIM26,2579
ARSJ,2580
PNO1,2581
ATXN7L3,2582
S100B,2583
STIP1,2584
GTPBP2,2585
TRPS1,2586
PTBP1,2587
DNASE2,2588
PTPRCAP,2589
BCL6B,2590
POLB,2591
ANXA2R,2592
CD36,2593
GUCY1B1,2594
B4GALT7,2595
ALPK2,2596
REG1A,2597
CD2BP2,2598
AP3D1,2599
PICALM,2600
MAFG,2601
PODN,2602
CEP170,2603
SNRPG,2604
RHBDF1,2605
APOC1,2606
MGAT5,2607
IL1A,2608
UTP6,2609
ABCA12,2610
GJA1,2611
IRAK4,2612
ARHGDIA,2613
DNASE1L1,2614
NUBP1,2615
OAZ1,2616
MYL12A,2617
BHLHE22,2618
MRPL17,2619
CREB5,2620
VMP1,2621
L1TD1,2622
VAC14,2623
CKAP5,2624
TREML1,2625
FGF7,2626
NOP10,2627
CEACAM3,2628
CENPU,2629
CLDN1,2630
KLRK1,2631
CILP,2632
TMIGD2,2633
ZEB1,2634
COPE,2635
NPM3,2636
NFATC4,2637
TWIST2,2638
AARS1,2639
BCKDK,2640
TCF4,2641
SNAI1,2642
EIF5A,2643
SEC61G,2644
NDST1,2645
CABP4,2646
GFRA2,2647
PHETA2,2648
ZBTB40,2649
TRIM59,2650
HSPA8,2651
NRIP3,2652
SETD7,2653
ARCN1,2654
SQOR,2655
NT5C2,2656
CALM3,2657
CPNE1,2658
GPRIN3,2659
ATP13A2,2660
LMO2,2661
ACIN1,2662
IER5L,2663
SLC12A8,2664
FOXE1,2665
EGFL6,2666
PRDM8,2667
DDX3X,2668
MCM3AP,2669
CD151,2670
MPO,2671
GJB2,2672
HSPB8,2673
EHD3,2674
ACAN,2675
POGLUT1,2676
DUSP14,2677
ACVR1,2678
TMIGD3,2679
MLLT11,2680
TUBG1,2681
PSME3,2682
CABIN1,2683
TMEM51,2684
TMEM92,2685
LRP1,2686
LACTB,2687
ALPK1,2688
ARF3,2689
CHMP7,2690
DHX8,2691
TTC39C,2692
BEST1,2693
HDAC1,2694
ALAS1,2695
ATP10A,2696
GRWD1,2697
NCR1,2698
RANBP10,2699
PELI1,2700
GNL2,2701
ABL2,2702
KHNYN,2703
MIER2,2704
MAP3K5,2705
SEC14L2,2706
PHC2,2707
TRANK1,2708
MED8,2709
TEDC2,2710
NIBAN2,2711
GTF3C6,2712
DPP9,2713
ZNF79,2714
INTS9,2715
KXD1,2716
CTNNB1,2717
AMMECR1,2718
CDK2,2719
IQGAP1,2720
GPR137,2721
ACER3,2722
CXorf65,2723
PLCB3,2724
LAMC2,2725
ZNF217,2726
KCTD20,2727
NINJ2,2728
PSMB6,2729
IL10RB,2730
MFSD12,2731
EIF4A1,2732
SOX17,2733
CHPF,2734
TTF2,2735
ADRA2A,2736
TOMM40L,2737
DPH2,2738
ITGA3,2739
TIE1,2740
GASK1B,2741
IQCG,2742
EFEMP1,2743
SSR1,2744
CDC25A,2745
TWIST1,2746
SLX4,2747
ATP6V1F,2748
ABI3BP,2749
IER3,2750
KCNMB1,2751
ITGB8,2752
CCT2,2753
NXT1,2754
VEGFC,2755
SIGLEC15,2756
ADAMTSL4,2757
ST6GALNAC4,2758
H2AZ1,2759
FMO3,2760
FAM219A,2761
KLHL29,2762
NME1,2763
UBAP2L,2764
GPR34,2765
UBN1,2766
B4GALT1,2767
PTPN18,2768
OLFML1,2769
LMCD1,2770
PHEX,2771
RAB36,2772
NCAPG2,2773
FGD1,2774
NEDD1,2775
ITGB6,2776
RRP36,2777
DCHS1,2778
LOXL4,2779
NUCB2,2780
SLC12A9,2781
S100A3,2782
FAM118A,2783
NCDN,2784
COL16A1,2785
TBK1,2786
ORMDL2,2787
KPTN,2788
GRHL1,2789
EIF2B2,2790
CSRNP1,2791
IFRD2,2792
PLOD3,2793
EDEM2,2794
ARMC9,2795
TAF1B,2796
CHRNA6,2797
PGGHG,2798
FAM91A1,2799
MAP4,2800
RNASEH2A,2801
DERL2,2802
STAT6,2803
LAMB2,2804
TTC7B,2805
CCNE1,2806
SUFU,2807
RIC8A,2808
TNFRSF21,2809
ABHD2,2810
NMT1,2811
CANT1,2812
THRAP3,2813
AP1M1,2814
IL19,2815
CETP,2816
FYN,2817
LHFPL6,2818
GCNT3,2819
SPECC1,2820
RASGEF1B,2821
PCDH12,2822
TNFRSF13B,2823
CYP4F22,2824
USF1,2825
MSH6,2826
FTSJ3,2827
PBX2,2828
PRKDC,2829
NFKBIA,2830
VPS33A,2831
KLHL21,2832
KBTBD2,2833
PLXDC2,2834
INSL3,2835
NRIP2,2836
CMTM2,2837
KRT80,2838
PARP3,2839
MTCL1,2840
PSMD11,2841
STX4,2842
TSPAN33,2843
SPINDOC,2844
SFRP4,2845
FAM111A,2846
CCAR1,2847
RFWD3,2848
OLFML3,2849
SLC35A4,2850
FPGS,2851
NKX3-1,2852
EGFLAM,2853
ATOSB,2854
MEX3C,2855
HUS1,2856
CAVIN1,2857
DNAJB6,2858
MBD1,2859
ALDH1L2,2860
RAB23,2861
ARRDC2,2862
TRA2B,2863
ALG1,2864
SLC39A7,2865
PCNX1,2866
AMD1,2867
LRWD1,2868
SKA2,2869
TTC13,2870
TMED2,2871
TNFRSF13C,2872
ADGRA2,2873
SWAP70,2874
OLFM4,2875
ILRUN,2876
SERPINA3,2877
DCAF12,2878
RND3,2879
ABCG1,2880
DHRS13,2881
DAD1,2882
RALGDS,2883
CHST1,2884
UBLCP1,2885
SLC50A1,2886
TMBIM1,2887
AP1G2,2888
C8orf76,2889
TMEM54,2890
PRSS53,2891
BEND6,2892
IDE,2893
CFAP54,2894
AP2M1,2895
AFAP1L1,2896
MAP7D3,2897
TAX1BP3,2898
RAB7B,2899
POLR3D,2900
VANGL1,2901
MAP3K12,2902
DCP2,2903
RTN1,2904
NCLN,2905
MLEC,2906
RAB37,2907
TANK,2908
LRRC55,2909
ADARB1,2910
ADM2,2911
DEF8,2912
FLT1,2913
FLT3LG,2914
TSPAN4,2915
WNT7A,2916
MCM4,2917
UAP1L1,2918
ILF2,2919
EIF4E2,2920
MACF1,2921
ANAPC7,2922
IPPK,2923
MLC1,2924
IRF3,2925
STAP1,2926
POP1,2927
MUC1,2928
TMPRSS13,2929
CAD,2930
UBE2Q2,2931
BCL11B,2932
OSTF1,2933
DNASE1L3,2934
TM4SF18,2935
SLC16A14,2936
PRSS23,2937
PLEKHG1,2938
GNL3,2939
NUDT5,2940
ITGAD,2941
KRT17,2942
RPL39L,2943
NAA10,2944
PTHLH,2945
SEMA6B,2946
CIB2,2947
SEC13,2948
PAX5,2949
PRR14,2950
TMEM26,2951
BRMS1,2952
SRPX,2953
CDKN2D,2954
DNAJB9,2955
VHL,2956
SLIT3,2957
LLGL1,2958
CPNE5,2959
COMMD5,2960
PGAM1,2961
TP53BP2,2962
MASTL,2963
GCN1,2964
PRRX2,2965
KPNB1,2966
MED15,2967
CDT1,2968
PRKAR1A,2969
SQLE,2970
ARMH3,2971
DNAJC1,2972
ZPR1,2973
ANKFY1,2974
EIF3I,2975
EMID1,2976
CLPTM1L,2977
MAP2K3,2978
FGD6,2979
SLC29A3,2980
POLD3,2981
SPNS2,2982
ANKRD13A,2983
TM2D2,2984
DOLK,2985
PKN3,2986
BRCA1,2987
ATXN2L,2988
TENT5C,2989
GINS3,2990
RPS6KB2,2991
EOGT,2992
CDK4,2993
NLGN2,2994
UTP14A,2995
SERP1,2996
GNA14,2997
WIPI1,2998
AKAP13,2999
MFSD1,3000
ASPN,3001
CRIP2,3002
KRT6B,3003
OTULINL,3004
FCAR,3005
SRP68,3006
ISG20L2,3007
GBA1,3008
WWTR1,3009
STEAP1,3010
NFATC2IP,3011
NDST2,3012
BMF,3013
MCHR1,3014
PLS3,3015
YWHAB,3016
TIMM17A,3017
CAPN6,3018
C1orf198,3019
PHKA1,3020
DEDD2,3021
TUT7,3022
GCC1,3023
CARS1,3024
SIDT1,3025
CD81,3026
TTC9,3027
ETHE1,3028
MT2A,3029
B3GNT7,3030
NF2,3031
MIIP,3032
NOL8,3033
ZNF35,3034
BOC,3035
WASHC4,3036
CSTF2,3037
ITGB1,3038
BICD2,3039
SOD2,3040
CCT6A,3041
TSPAN9,3042
TUBG2,3043
TNFSF13,3044
FAM120A,3045
CST1,3046
SSR2,3047
ALOX15B,3048
ASNS,3049
TFG,3050
HNRNPA2B1,3051
SF3B3,3052
KEAP1,3053
HS3ST3A1,3054
TMEM30A,3055
SMARCD3,3056
CORO1B,3057
DNAJC10,3058
ODF2,3059
UBE2F,3060
VAV2,3061
NANS,3062
SLC40A1,3063
CCR3,3064
UCK2,3065
KIFC3,3066
ATP11C,3067
DUOX1,3068
KCNE3,3069
F12,3070
ACTG1,3071
PRMT1,3072
NRBF2,3073
LIMA1,3074
CHRNA5,3075
U2AF2,3076
ADCY4,3077
PDIA5,3078
IQSEC1,3079
POR,3080
FGFR1,3081
ARSA,3082
ZBTB17,3083
UBAP1,3084
SGO2,3085
CHST3,3086
MAP4K2,3087
LMO4,3088
RRAGC,3089
LRRC8B,3090
LRRC15,3091
NDOR1,3092
CLEC1A,3093
PPP1R15A,3094
SBF1,3095
CLIC1,3096
RRP1B,3097
BCR,3098
CCDC102A,3099
ERC1,3100
TP53,3101
KCNN3,3102
P2RX1,3103
TARS1,3104
GJA5,3105
IFI27L1,3106
CTSD,3107
MN1,3108
P2RY12,3109
KCNK13,3110
CNOT6,3111
LATS2,3112
MEF2C,3113
SZRD1,3114
TFIP11,3115
CENPM,3116
PTBP3,3117
RPS6KA2,3118
KLF2,3119
HSP90AB1,3120
CHD1,3121
OPRL1,3122
CRYBB1,3123
LRRC20,3124
HMBS,3125
HTR7,3126
MANBA,3127
SRRD,3128
EGLN2,3129
RRAS,3130
TRIM62,3131
NUFIP2,3132
HTR3A,3133
RAB33A,3134
H2BC4,3135
ITGA1,3136
CAMK1G,3137
HMGXB3,3138
TANGO2,3139
DUSP6,3140
HENMT1,3141
RAB24,3142
RTKN2,3143
ADAM10,3144
KPNA3,3145
RLIM,3146
RAE1,3147
TMEM86A,3148
SMC2,3149
FLRT2,3150
RCBTB2,3151
TBKBP1,3152
NMB,3153
F5,3154
STK11IP,3155
NHSL2,3156
CHRNB4,3157
MARK3,3158
BIK,3159
PTTG1IP,3160
CSNK1D,3161
CREB3,3162
AP3B1,3163
SLC8B1,3164
EXOC2,3165
P2RY14,3166
UBE2D1,3167
ADAMTS6,3168
PORCN,3169
UBQLN4,3170
FUT8,3171
PPM1K,3172
PDE4A,3173
RASIP1,3174
CDH6,3175
UBE2E2,3176
PRNP,3177
PDP1,3178
RINL,3179
ELMO2,3180
C2CD4B,3181
GPR82,3182
SGK1,3183
C14orf119,3184
FEN1,3185
SLC37A1,3186
MAST4,3187
UBE2L3,3188
ATP6V1A,3189
ICAM4,3190
ESPL1,3191
MAP3K6,3192
CSNK1G1,3193
CENPL,3194
DPP7,3195
ADAT1,3196
DGKA,3197
CPSF3,3198
SRRT,3199
DDIT4,3200
DPF2,3201
GALNT5,3202
CLCN4,3203
LHX6,3204
CELF1,3205
CRK,3206
CIAPIN1,3207
UBE2I,3208
DESI1,3209
CYB561,3210
KDM5C,3211
ALDH1A2,3212
BLTP3A,3213
TMED3,3214
MS4A2,3215
RHEBL1,3216
ASRGL1,3217
SS18,3218
RBCK1,3219
HYAL3,3220
PPP1CA,3221
LPAR2,3222
SLC34A2,3223
DCSTAMP,3224
NACC1,3225
GLIS2,3226
NDUFA4L2,3227
HNRNPAB,3228
IL11,3229
PCYT1A,3230
NOTCH2,3231
AK1,3232
SNTB2,3233
MPG,3234
PAF1,3235
DPYSL2,3236
PF4V1,3237
DPY19L1,3238
MND1,3239
TMEM88,3240
CCN1,3241
SRF,3242
ARAP3,3243
GATAD2A,3244
MYO1B,3245
BNC2,3246
WSB1,3247
PCSK9,3248
RUFY1,3249
MRPL52,3250
CEP164,3251
SUCNR1,3252
PDE12,3253
FRMD6,3254
LGMN,3255
PLEKHS1,3256
TMEM255B,3257
ABTB1,3258
CLPB,3259
TKTL1,3260
KIF20B,3261
KIF24,3262
MORC2,3263
MFAP3,3264
PIK3IP1,3265
TBCB,3266
PRICKLE2,3267
THBS1,3268
STARD4,3269
MPDU1,3270
ADRB2,3271
VEGFA,3272
EDEM3,3273
ATP8B4,3274
ROR2,3275
FGF10,3276
KIF5B,3277
UNC5A,3278
CD200,3279
MOV10,3280
ASB2,3281
HROB,3282
MNT,3283
SELENON,3284
WRAP53,3285
S100A7A,3286
TM4SF1,3287
PTGS1,3288
ARMC5,3289
NFYA,3290
VCL,3291
ARID1A,3292
LAMA2,3293
NFATC3,3294
R3HDM1,3295
EAF2,3296
SLC41A1,3297
GNB2,3298
WDR45,3299
COL27A1,3300
LGALS8,3301
ARPC3,3302
TPST1,3303
HKDC1,3304
RBL1,3305
PARK7,3306
PCSK1,3307
CDC37,3308
MCRIP1,3309
DNAJC5,3310
TSHZ3,3311
MTFP1,3312
SIGLEC6,3313
HYCC1,3314
ZFYVE26,3315
DNA2,3316
SELENOM,3317
DYNLL1,3318
NOP14,3319
KCNJ5,3320
TWF2,3321
SPATA12,3322
TGFB2,3323
ARHGAP17,3324
TM9SF1,3325
NAV3,3326
COL6A6,3327
CCT7,3328
INPP1,3329
MYBL1,3330
DYRK2,3331
TLNRD1,3332
HEYL,3333
UBQLN2,3334
PRKD3,3335
WWC3,3336
TGM1,3337
GRIN2D,3338
AVEN,3339
GTPBP1,3340
ERP27,3341
RCN3,3342
CYP24A1,3343
PDCD11,3344
SGSM3,3345
CAPN1,3346
CXCL12,3347
CIP2A,3348
SCAMP2,3349
SCN1B,3350
RRP9,3351
LDLRAD2,3352
B3GNT3,3353
NAA50,3354
NKIRAS2,3355
RRP1,3356
FOXS1,3357
HIP1,3358
DIMT1,3359
LSM7,3360
POLE3,3361
POLG,3362
SERTAD2,3363
HDAC9,3364
TRIB1,3365
RUVBL2,3366
LYPLA2,3367
USP4,3368
CSTF2T,3369
TMEM198,3370
ODC1,3371
CNTNAP1,3372
KCND1,3373
MOGS,3374
WTAP,3375
SEC23IP,3376
IGF2BP3,3377
SH3GL1,3378
RAB5C,3379
ARSI,3380
BCL9L,3381
RHOJ,3382
SAE1,3383
CENPP,3384
CALD1,3385
CDC42EP3,3386
DOCK4,3387
TARBP2,3388
MAPK12,3389
METTL1,3390
LGALS2,3391
RTN2,3392
NAP1L4,3393
CHMP1A,3394
RAMP1,3395
TMPO,3396
NIP7,3397
CAPN2,3398
CIBAR2,3399
NR2F1,3400
EMD,3401
VAT1,3402
CRMP1,3403
NAT10,3404
SESN2,3405
GLT8D2,3406
SRD5A3,3407
ZCCHC18,3408
NOCT,3409
MYEOV,3410
SPAG5,3411
TMEM39B,3412
CAMK1,3413
GDF11,3414
TEX10,3415
PRSS27,3416
STC2,3417
JCAD,3418
ABHD4,3419
SLC25A44,3420
IL12B,3421
EYA3,3422
ZNF200,3423
AP3M2,3424
ACOX3,3425
CPT1C,3426
TGS1,3427
NTRK1,3428
SMARCA5,3429
SNRPA,3430
DBR1,3431
STXBP1,3432
SLC26A9,3433
H1-5,3434
SOX18,3435
CCDC117,3436
NDP,3437
PDLIM4,3438
FCRL6,3439
SRC,3440
CCNK,3441
STT3B,3442
CREM,3443
OR51E1,3444
ATAD3A,3445
PLCXD1,3446
EXT1,3447
RANGRF,3448
TALDO1,3449
STEAP3,3450
MSANTD3,3451
C12orf75,3452
RGS5,3453
CAMSAP1,3454
ITPA,3455
HTRA2,3456
EPB41L2,3457
SRP54,3458
EIF4A3,3459
FBXO33,3460
PABPC1,3461
RDH16,3462
IARS1,3463
PPBP,3464
CILP2,3465
CYFIP1,3466
USP3,3467
DDX19A,3468
CIT,3469
EPAS1,3470
FBXO2,3471
MRTO4,3472
VPS13C,3473
GLT1D1,3474
BACH1,3475
VPREB3,3476
RAP2C,3477
PPM1N,3478
WDR46,3479
LPAR1,3480
CLEC14A,3481
ZDHHC14,3482
SNX17,3483
FOLH1,3484
CPEB4,3485
PSMB1,3486
FAM110A,3487
TMEM107,3488
PCNX3,3489
PLK4,3490
SH2D1B,3491
SH3BP5L,3492
MCF2L2,3493
FADD,3494
FIGNL1,3495
POLR1A,3496
CDK17,3497
NIPA2,3498
ELN,3499
EEF2KMT,3500
RAB7A,3501
BTG2,3502
PNPT1,3503
SNAP23,3504
RABAC1,3505
FUT3,3506
CCDC88C,3507
SDK2,3508
DCUN1D5,3509
GNPDA1,3510
ASGR2,3511
GCA,3512
ATAD5,3513
SMCO4,3514
NACC2,3515
LINS1,3516
IGFBP6,3517
CHST7,3518
MYO1C,3519
RFFL,3520
CSNK1A1,3521
PPP2R5B,3522
PKNOX1,3523
SOWAHD,3524
SMC1A,3525
CHEK1,3526
OXTR,3527
SUB1,3528
RBMS2,3529
PSMD12,3530
FOXN2,3531
PPA1,3532
CHD4,3533
MYADM,3534
POLR2A,3535
TIAM1,3536
TAGLN,3537
PUS3,3538
DPYSL4,3539
MED27,3540
CALHM5,3541
PRDM2,3542
H1-1,3543
SNRPB,3544
CBX3,3545
ITPR1,3546
MID1IP1,3547
QSOX2,3548
GAK,3549
CACNA1C,3550
NCL,3551
CD34,3552
CDR2L,3553
LSM12,3554
SLC6A11,3555
STK36,3556
TMX1,3557
DHX34,3558
MRPL51,3559
AP2B1,3560
PRMT5,3561
DTHD1,3562
RAB5A,3563
DHX9,3564
HSP90AA1,3565
POLD2,3566
IL20,3567
EGR2,3568
ERRFI1,3569
HSD11B1,3570
PFKFB4,3571
CMA1,3572
TRAF7,3573
EVC2,3574
ADGRG6,3575
SH2B2,3576
SERPINF2,3577
TANGO6,3578
GNPNAT1,3579
SEZ6L2,3580
DNAJC8,3581
PXDC1,3582
SLC2A9,3583
EPGN,3584
CFAP251,3585
PAFAH1B3,3586
MDM2,3587
RAB5IF,3588
NOTCH4,3589
TLR3,3590
NAA40,3591
ACSL1,3592
NXF1,3593
RGCC,3594
RASL12,3595
ACBD3,3596
APBA3,3597
TMEM127,3598
ZMPSTE24,3599
SLC39A8,3600
KLF16,3601
PRMT2,3602
ARMC6,3603
CYB561D2,3604
TMEM79,3605
TRMT1,3606
LRRFIP1,3607
CLCF1,3608
MIXL1,3609
PTCRA,3610
SRP19,3611
DAB2,3612
SNX6,3613
ARMH1,3614
ELK4,3615
KLHL17,3616
CLEC6A,3617
SLC4A3,3618
HSPG2,3619
OSBPL10,3620
ODF2L,3621
KCTD12,3622
PITX1,3623
RENBP,3624
NOTCH3,3625
CASP2,3626
GCNT4,3627
UNC5B,3628
EAF1,3629
EMP1,3630
YME1L1,3631
ABCF2,3632
PCED1A,3633
PEAR1,3634
SMG5,3635
FUT1,3636
COLQ,3637
SCAF11,3638
CLMP,3639
FKBP2,3640
TRPC4,3641
SLC35B4,3642
EDNRB,3643
WDR86,3644
GPNMB,3645
PSMD14,3646
SEMA4F,3647
RNF168,3648
TDRD7,3649
PSRC1,3650
TFPT,3651
CDK5RAP2,3652
PF4,3653
RNASE1,3654
MKNK1,3655
ADAMTSL2,3656
NFIL3,3657
RGS12,3658
PDE6G,3659
RHCG,3660
ALDOA,3661
SLC35G2,3662
INTS5,3663
DDB2,3664
HNRNPM,3665
HOPX,3666
TRIM58,3667
PLEKHN1,3668
BAG2,3669
AKR1B15,3670
RET,3671
AREL1,3672
C19orf12,3673
NLRP2,3674
JMJD6,3675
ZDHHC16,3676
ZNF618,3677
SLC3A2,3678
GEN1,3679
HOOK3,3680
GTF2E2,3681
P3H3,3682
ERH,3683
TNFRSF11A,3684
GPR37,3685
RNH1,3686
ERLEC1,3687
FAT1,3688
CCDC124,3689
FAM43A,3690
CRTAC1,3691
ZFAT,3692
NCK2,3693
NUCB1,3694
SLC22A16,3695
CCDC170,3696
ZDHHC24,3697
JARID2,3698
ELF3,3699
ACHE,3700
DCPS,3701
PSMD13,3702
C17orf67,3703
IL27,3704
IPO9,3705
PLD3,3706
KCNS3,3707
ZSCAN29,3708
PDLIM3,3709
HNRNPC,3710
SCG2,3711
CMKLR2,3712
GOLT1B,3713
ATG101,3714
SGSH,3715
MAPK1IP1L,3716
IPO4,3717
TPI1,3718
MFSD14B,3719
DEPDC1B,3720
MYBBP1A,3721
ULBP3,3722
HMCN1,3723
CD24,3724
CNRIP1,3725
STMN1,3726
PFAS,3727
CCDC85C,3728
NRCAM,3729
ARHGAP20,3730
PLA2G15,3731
ITPKC,3732
SLC38A2,3733
GFOD2,3734
SLC35F6,3735
TCOF1,3736
NRM,3737
FOXRED2,3738
TRAPPC3,3739
ZDHHC20,3740
EME2,3741
GPT2,3742
SCARF1,3743
RHOF,3744
LOX,3745
CBX5,3746
ISL2,3747
STRA6,3748
UFD1,3749
GLIS3,3750
NUP160,3751
DPH3,3752
GRAMD1B,3753
CLDN2,3754
SMARCD1,3755
ERAP1,3756
IGSF3,3757
PPARGC1B,3758
STK40,3759
ACP3,3760
SYDE1,3761
RHPN1,3762
SPTY2D1,3763
HDAC4,3764
RCAN1,3765
HTRA1,3766
TDRD9,3767
SF3B4,3768
XRCC3,3769
OST4,3770
WNT10B,3771
EML6,3772
TXLNB,3773
PTGFR,3774
RBM23,3775
RBPMS,3776
MAPKAP1,3777
DSC3,3778
B9D2,3779
PEF1,3780
UGDH,3781
CDK12,3782
HPS1,3783
CLINT1,3784
TAF10,3785
TBC1D2,3786
ARRDC1,3787
COL11A1,3788
PTK2B,3789
MORF4L2,3790
RBM19,3791
PTPN13,3792
LYPD2,3793
ZDHHC5,3794
CAPNS1,3795
HHIPL1,3796
RASAL1,3797
KRT7,3798
EIF2S1,3799
TEK,3800
MINK1,3801
SAP30,3802
KLK13,3803
UTP3,3804
DCTD,3805
FBXW5,3806
TMED5,3807
DDX23,3808
PFKFB2,3809
PIAS3,3810
MAGT1,3811
POLR3G,3812
GNG5,3813
THADA,3814
WNT5B,3815
NAB2,3816
PDGFRL,3817
ABCD1,3818
SIRPD,3819
STRAP,3820
ADORA1,3821
TICAM1,3822
GPSM1,3823
UBXN4,3824
TAF1A,3825
TTC16,3826
HOXA11,3827
NAPA,3828
TMEM161A,3829
SRRM3,3830
LAMP2,3831
TFDP1,3832
USP32,3833
MAN1C1,3834
SLC26A4,3835
MAN1A2,3836
STYK1,3837
RAB3C,3838
SLC35E4,3839
MRPS15,3840
GOLGA3,3841
MEAK7,3842
USP15,3843
ZNF275,3844
TONSL,3845
CHSY3,3846
SRXN1,3847
ARRDC5,3848
CTNNA1,3849
IL6R,3850
SENP1,3851
DHH,3852
RIOK1,3853
UBE3C,3854
GALE,3855
LBR,3856
PLA2G4C,3857
SCRN1,3858
PLA2G4D,3859
BOP1,3860
WDHD1,3861
ESR2,3862
PSMB4,3863
IL6ST,3864
QKI,3865
PTPN11,3866
MDFIC,3867
TREX2,3868
STK38L,3869
CHAF1B,3870
CBLB,3871
HABP2,3872
POLR2E,3873
BLTP2,3874
LDLRAD4,3875
GLRX,3876
MYLIP,3877
SIGLEC8,3878
DOCK6,3879
HMGB3,3880
SOAT1,3881
GPC6,3882
B3GALNT2,3883
ANP32E,3884
SPPL2A,3885
PLEK2,3886
KRI1,3887
SLC36A4,3888
MYL4,3889
SIGLEC11,3890
NTMT1,3891
DDX41,3892
BET1L,3893
TMEM147,3894
ENO2,3895
DHX37,3896
TMEM123,3897
OTUD4,3898
CARD19,3899
MEIS3,3900
ZBTB47,3901
POLD1,3902
ESAM,3903
MON1A,3904
TTC7A,3905
COPZ1,3906
RCOR1,3907
SLC20A1,3908
SIGLEC16,3909
SPRED1,3910
SLC25A32,3911
TGFB1I1,3912
RRS1,3913
ZFAND2A,3914
PLCD1,3915
DUOXA1,3916
NBN,3917
COASY,3918
UTS2,3919
LPIN1,3920
RAMP2,3921
ACKR3,3922
PRICKLE1,3923
ICAM5,3924
CYYR1,3925
CEP97,3926
PSD4,3927
COL4A3,3928
FAM83D,3929
FRMD5,3930
APCDD1,3931
FAF2,3932
HAMP,3933
ABCF1,3934
POLR1G,3935
STIM2,3936
PITPNA,3937
ATP2A2,3938
MUC4,3939
OAZ2,3940
ABCC9,3941
VGLL4,3942
SUPT7L,3943
CX3CL1,3944
PLPP5,3945
YBX3,3946
SEMA3A,3947
PNPLA8,3948
NOP58,3949
NADSYN1,3950
DAPK3,3951
STIMATE,3952
ADGRB2,3953
DKC1,3954
YES1,3955
NFKBIB,3956
TSEN15,3957
PIP5K1C,3958
ZDBF2,3959
TCEAL9,3960
CD160,3961
VSIG10L,3962
TMED10,3963
PHGDH,3964
LEO1,3965
PRCC,3966
LZTR1,3967
C4BPB,3968
DCTPP1,3969
IFFO2,3970
HBB,3971
CNEP1R1,3972
WSB2,3973
NOMO1,3974
EPHA1,3975
KLHDC8B,3976
ATP6V1G1,3977
PLB1,3978
TCIM,3979
TWSG1,3980
RPS6KA3,3981
NONO,3982
CPNE7,3983
CFHR1,3984
UBE2O,3985
ALAS2,3986
MYBPC2,3987
MBD4,3988
HDGF,3989
IGF2R,3990
SMCR8,3991
TSPO,3992
TMEM40,3993
PPIF,3994
SLC4A2,3995
NSD1,3996
ADGRL2,3997
CAV2,3998
SFXN3,3999
GLB1L3,4000
SLC31A1,4001
YWHAZ,4002
CSNK1E,4003
ZNF598,4004
TXNDC17,4005
YWHAQ,4006
ATF3,4007
GUK1,4008
TRMT6,4009
SRGAP1,4010
OS9,4011
DNMT3A,4012
TWF1,4013
MIS12,4014
G0S2,4015
ENOX2,4016
N4BP1,4017
SH2D5,4018
CRB2,4019
FNDC1,4020
ASCC1,4021
CSMD2,4022
PSENEN,4023
RAB1A,4024
PLA2G3,4025
SLC36A1,4026
CIB1,4027
CHST10,4028
ELOF1,4029
CD1A,4030
H4C8,4031
FAM131B,4032
ZSWIM8,4033
CDH26,4034
GLI2,4035
DEDD,4036
PRPF4,4037
CACNA1I,4038
B4GALT3,4039
UBALD2,4040
ETS2,4041
IFNAR1,4042
CYTH2,4043
IKZF4,4044
XPO1,4045
TRMT2A,4046
NGFR,4047
PDE3B,4048
FAM124A,4049
TUBB3,4050
ZNF532,4051
FAM50A,4052
UBR5,4053
TFAP2C,4054
GPR15,4055
WASF2,4056
CXCL17,4057
RNF216,4058
CEBPE,4059
NOP9,4060
BRIP1,4061
AGTPBP1,4062
FAM102B,4063
YPEL4,4064
KLK7,4065
ELK1,4066
FAAP100,4067
PLXNB2,4068
BCL2L11,4069
ACTA2,4070
UNKL,4071
LIMD1,4072
XPR1,4073
CEP85L,4074
ADAMTS3,4075
H6PD,4076
TOM1,4077
TRPC4AP,4078
DTX3,4079
DLGAP4,4080
F2RL3,4081
RBM14,4082
SSBP4,4083
EGFL7,4084
CD5L,4085
INTS13,4086
ACD,4087
FGD5,4088
IKBKG,4089
LBP,4090
DLC1,4091
CCDC3,4092
ZGRF1,4093
BDKRB2,4094
STARD5,4095
TMEM258,4096
P2RX4,4097
RTL8C,4098
PIGT,4099
USP28,4100
RABGGTA,4101
TAOK1,4102
HTATIP2,4103
PDE6B,4104
CD99L2,4105
B3GNT5,4106
PKN1,4107
KLHL2,4108
PDK1,4109
GLB1L,4110
KCTD17,4111
HAUS5,4112
GMPR,4113
SEMA3F,4114
HEATR1,4115
BLOC1S6,4116
CYREN,4117
APAF1,4118
RNASET2,4119
POLH,4120
CCL4L2,4121
SRSF7,4122
ITGB4,4123
ITGAE,4124
C4orf50,4125
KIF26B,4126
C11orf24,4127
DOCK9,4128
TP63,4129
TOR1AIP2,4130
KLC2,4131
INCENP,4132
FBXL18,4133
GIPC3,4134
SLC2A1,4135
GPX3,4136
TNNI2,4137
IPO13,4138
JUN,4139
KCNK3,4140
LARS2,4141
LRRC8E,4142
GLMP,4143
ACLY,4144
SPTBN5,4145
ZFP69B,4146
FBXW7,4147
REXO2,4148
PLA2G2F,4149
NCSTN,4150
COL7A1,4151
ZNF215,4152
ALCAM,4153
GAA,4154
NIPAL4,4155
PRSS36,4156
SGMS2,4157
PREP,4158
MED22,4159
TRIM28,4160
S100A14,4161
RPL22L1,4162
KCNS2,4163
COQ2,4164
ZC3HAV1L,4165
C9orf72,4166
C1orf127,4167
DDX24,4168
VCPIP1,4169
ERLIN1,4170
RNF26,4171
TBCC,4172
SYNE3,4173
WNT10A,4174
TAF13,4175
LRRC8C,4176
MSX1,4177
CCN2,4178
ARMCX3,4179
SSC5D,4180
UTP20,4181
ETF1,4182
MSTO1,4183
TPRG1,4184
SAMD4B,4185
GLRX3,4186
EXOC5,4187
SH3KBP1,4188
MAT2A,4189
C1orf174,4190
GBF1,4191
TNFRSF10D,4192
CTU2,4193
ATP11B,4194
WDR6,4195
FAM13B,4196
PALMD,4197
SLC6A20,4198
RNASE3,4199
ATP13A3,4200
CADM3,4201
GLI1,4202
SAMD8,4203
MCOLN1,4204
PGLYRP2,4205
LYPD3,4206
NEMP1,4207
KRT2,4208
AAK1,4209
OTUB1,4210
SIX5,4211
FNDC4,4212
STARD3,4213
QTRT2,4214
CCDC9,4215
CEP89,4216
MED25,4217
TEX101,4218
PRSS33,4219
CPT1A,4220
GABPB1,4221
LRR1,4222
LGALS9C,4223
SLC52A2,4224
CLPP,4225
PUS1,4226
PTGIS,4227
SLC5A6,4228
PTMA,4229
TELO2,4230
KRT23,4231
SRP72,4232
ADAMTS10,4233
EVC,4234
POLR2B,4235
NCOA5,4236
SMIM12,4237
TLE4,4238
ATP6AP2,4239
FAM241A,4240
PHLDA3,4241
CDC123,4242
EED,4243
PINX1,4244
MORC3,4245
HMGB2,4246
CDCA7,4247
UNC119,4248
GALNS,4249
BAZ1B,4250
DBF4,4251
NAT9,4252
TENM4,4253
PSMC3,4254
ZC3HC1,4255
LSM1,4256
LIX1L,4257
IL36G,4258
KCNJ2,4259
PKHD1L1,4260
CTTN,4261
SAMD14,4262
SON,4263
AGO2,4264
RTL6,4265
TNPO1,4266
GEMIN5,4267
SNAPC1,4268
GCNT1,4269
KSR1,4270
CLIP3,4271
FLII,4272
SIRT7,4273
XRCC2,4274
TOX,4275
MAP3K20,4276
CCDC51,4277
TACSTD2,4278
CCDC120,4279
BTBD10,4280
CISD2,4281
NPR2,4282
HEATR5A,4283
TTC28,4284
MAP3K7CL,4285
CNFN,4286
UBP1,4287
SHB,4288
MTOR,4289
L3MBTL2,4290
SLC7A6,4291
JAM2,4292
IWS1,4293
PRR5L,4294
REM1,4295
RIBC2,4296
DNAAF9,4297
YIF1A,4298
NLGN4X,4299
CLK1,4300
RMC1,4301
CAV1,4302
PAMR1,4303
RAB3IL1,4304
KIAA1755,4305
SNX8,4306
BRPF1,4307
HGS,4308
EREG,4309
ENTREP3,4310
POLM,4311
GMEB1,4312
ZFP36L1,4313
ETV3,4314
EPRS1,4315
FAM169A,4316
SHANK3,4317
PTPRO,4318
RAPH1,4319
USP22,4320
VPS53,4321
SLC35A2,4322
RFC2,4323
SLC4A11,4324
SMAGP,4325
FNTB,4326
YPEL2,4327
UBE2D3,4328
SLC39A11,4329
CCDC194,4330
TM4SF19,4331
CAPRIN1,4332
INSL4,4333
FAM114A2,4334
SMG6,4335
ZFX,4336
TRPV3,4337
NAIP,4338
DPPA4,4339
SMYD2,4340
CD177,4341
DENR,4342
UBALD1,4343
ZC3H18,4344
HERPUD1,4345
ITM2C,4346
PLEC,4347
MAGED1,4348
TRIM17,4349
PTCH2,4350
STOML1,4351
SPDL1,4352
PARPBP,4353
BCL2L1,4354
KCNK12,4355
VAMP1,4356
GADD45B,4357
STX1A,4358
GADD45GIP1,4359
ELAC2,4360
ATP1B3,4361
TM9SF4,4362
CACUL1,4363
ANXA3,4364
NOX4,4365
NUP85,4366
LRRN4CL,4367
IDH2,4368
PLSCR3,4369
SPRYD3,4370
TBC1D20,4371
GPR85,4372
PLCD3,4373
RBM47,4374
TMEM217,4375
NPEPPS,4376
SERPINB6,4377
PTRH2,4378
DUS2,4379
WDR41,4380
PSMC3IP,4381
RBPJ,4382
EBF1,4383
SNX19,4384
LPIN2,4385
PDAP1,4386
TMEM63A,4387
FBXO16,4388
AREG,4389
SESN3,4390
SF3B2,4391
RGS3,4392
TSPAN31,4393
FBXW10B,4394
MTMR14,4395
RRM1,4396
KDELR1,4397
YARS2,4398
WDR36,4399
THOC6,4400
WDFY2,4401
ZMAT3,4402
CERS4,4403
APEH,4404
RETN,4405
NBPF3,4406
DCK,4407
ABR,4408
IQGAP2,4409
ITGB1BP1,4410
GABRR2,4411
ALPK3,4412
ADD2,4413
ARHGAP29,4414
SEPTIN2,4415
ARHGAP28,4416
MARCKS,4417
GGA1,4418
RANBP1,4419
GJA3,4420
KDM1B,4421
FUT4,4422
NEK4,4423
KCNK15,4424
AMOTL2,4425
PRRG4,4426
GABRP,4427
MYH10,4428
INA,4429
CBX4,4430
PUDP,4431
SNX29,4432
MRPL36,4433
FOXK1,4434
PA2G4,4435
MTMR1,4436
MTMR6,4437
SUSD3,4438
CLEC17A,4439
CNDP2,4440
FAM89B,4441
STAM,4442
CCNYL1,4443
DNAL1,4444
GPRC5B,4445
STXBP2,4446
LDHB,4447
ILF3,4448
NOP16,4449
CCDC134,4450
LTBP3,4451
EGLN3,4452
TRPA1,4453
FARP2,4454
ITGA2B,4455
ZNF438,4456
PELO,4457
SPRY4,4458
PLEKHM1,4459
VMA21,4460
FARSA,4461
MIDN,4462
ARL8B,4463
AKR1C1,4464
ALDH3B2,4465
USP38,4466
TMEM121B,4467
NSMAF,4468
TMEM87B,4469
GGCT,4470
SRSF4,4471
CCNA1,4472
AKIP1,4473
RGL2,4474
NRGN,4475
SLC6A12,4476
CRLF2,4477
TNPO3,4478
FOXF1,4479
GOLM1,4480
SLC30A6,4481
RFX7,4482
GCSAML,4483
AKIRIN1,4484
MCTP2,4485
TUBB2B,4486
H1-3,4487
NOVA2,4488
ALDH4A1,4489
STRIP1,4490
S1PR5,4491
ACSL5,4492
PROB1,4493
INMT,4494
CCDC157,4495
C3orf62,4496
HS3ST2,4497
LTB4R2,4498
NUDT22,4499
NMU,4500
TMEM200A,4501
ATF7IP,4502
TBC1D9,4503
TRIM46,4504
EEF1D,4505
OXCT1,4506
SRCAP,4507
NALF1,4508
PMP22,4509
LPCAT3,4510
SH3GLB1,4511
MRPL47,4512
PPP4R4,4513
SLC5A5,4514
ITGA8,4515
CNPY4,4516
IL22RA2,4517
POLR1C,4518
PTGES2,4519
SCYL2,4520
IDO2,4521
RIPK1,4522
BNIP2,4523
PHACTR1,4524
GK,4525
CCDC102B,4526
BIN3,4527
PVR,4528
ADGRF5,4529
GLG1,4530
BACE1,4531
GGA2,4532
EIPR1,4533
ZFP92,4534
MID1,4535
TNKS2,4536
SCAMP3,4537
GMEB2,4538
FCGR2C,4539
MYBPH,4540
UBR4,4541
PTPRM,4542
STAT5B,4543
GGA3,4544
ITGBL1,4545
ATIC,4546
SPNS3,4547
HIPK1,4548
RBM39,4549
CEACAM6,4550
MED24,4551
CLDN18,4552
AMBRA1,4553
ARL10,4554
GPR107,4555
SAMD15,4556
TLL2,4557
ZNF526,4558
XRCC5,4559
RAP1B,4560
CLIC3,4561
ZNF142,4562
ZNF335,4563
TCF3,4564
ATP2B4,4565
SPRR1B,4566
FLNC,4567
BCAS4,4568
LPAR4,4569
SMCO2,4570
SFRP1,4571
FAM53B,4572
TPSB2,4573
ZNF646,4574
ATXN7L2,4575
TUSC3,4576
GPR153,4577
PHF20,4578
CLDN14,4579
ACTR3C,4580
PNMA2,4581
DNAJC7,4582
DNM2,4583
ZNF746,4584
CCNL1,4585
HAPSTR1,4586
TOMM34,4587
RHBDD2,4588
SASH1,4589
GPR19,4590
EXOSC4,4591
UBTD1,4592
TVP23A,4593
BZW1,4594
KPNA1,4595
SUPT6H,4596
NOTCH1,4597
C1QBP,4598
SKP2,4599
ZHX2,4600
CLCN5,4601
CTTNBP2NL,4602
SPIC,4603
G6PC3,4604
CEP250,4605
PLAGL2,4606
PRXL2B,4607
MBNL1,4608
ACOT7,4609
BEND4,4610
WDR5,4611
TFPI,4612
SLC22A3,4613
UGT1A6,4614
TPR,4615
KARS1,4616
KIF7,4617
NTNG2,4618
TULP3,4619
PNPO,4620
LARP4,4621
HYAL4,4622
PRICKLE3,4623
VDAC1,4624
PES1,4625
GPR180,4626
TEC,4627
SLC4A10,4628
ZBED4,4629
HRH4,4630
ARF1,4631
WDR45B,4632
WDR91,4633
IGFBP3,4634
NOC3L,4635
NSUN4,4636
LCN6,4637
NRAS,4638
ATG3,4639
RPP40,4640
TXNDC9,4641
EVA1C,4642
SNX1,4643
MMP13,4644
ARRDC3,4645
ADSL,4646
SRSF12,4647
TRPV4,4648
HERC4,4649
NUMB,4650
NUGGC,4651
DNAJC14,4652
CLDN11,4653
RTEL1,4654
HARBI1,4655
ABCB8,4656
JMJD4,4657
STX5,4658
MBD3,4659
HAUS8,4660
PPM1G,4661
PHF24,4662
SMPD3,4663
EMC8,4664
ESPNL,4665
RASSF9,4666
MYBPC3,4667
DAPK2,4668
MAP1A,4669
HMGN4,4670
EIF3A,4671
FKBP1B,4672
NOC2L,4673
ELOVL2,4674
HECW2,4675
ATP6AP1,4676
KRT6A,4677
RPF2,4678
ACKR2,4679
KIF3C,4680
MYL6B,4681
BCL2L14,4682
HPS3,4683
SLC6A14,4684
CEMIP2,4685
KCNH2,4686
TTC9C,4687
COL5A3,4688
EIF5A2,4689
ABCB4,4690
PDE10A,4691
H3C12,4692
METTL8,4693
SAR1A,4694
RUNX1T1,4695
FGFR1OP2,4696
CDK11B,4697
ECE1,4698
ABCE1,4699
NUP153,4700
SCO2,4701
CYB5R3,4702
ARPP19,4703
C19orf53,4704
GADD45A,4705
ITGA9,4706
MED20,4707
A4GALT,4708
METTL13,4709
HNRNPH2,4710
DENND6B,4711
PSAT1,4712
PTGER1,4713
LDLRAP1,4714
HAVCR1,4715
NCBP1,4716
UHMK1,4717
ZC3H7A,4718
SYNGAP1,4719
KMT5A,4720
RBX1,4721
WDCP,4722
DPEP3,4723
FCF1,4724
DDX27,4725
EPG5,4726
GALR2,4727
LRRC14,4728
TRAPPC1,4729
DDX52,4730
C4BPA,4731
DAZAP1,4732
GSDME,4733
ZNF473,4734
GDI2,4735
GIPC1,4736
TOGARAM2,4737
MARK1,4738
CYB561D1,4739
TNKS1BP1,4740
APRT,4741
PRR16,4742
PCDH7,4743
SKIC2,4744
UBE2S,4745
GCNA,4746
USP6NL,4747
STMN2,4748
GDA,4749
ANGPT1,4750
SREBF1,4751
RASA2,4752
DBN1,4753
MED18,4754
SFPQ,4755
CCDC18,4756
SBK1,4757
LY6D,4758
CEP78,4759
ATG9B,4760
ATG9A,4761
ETV5,4762
WDR12,4763
SLC27A4,4764
GNG8,4765
CASP9,4766
CTR9,4767
TSKS,4768
THBS3,4769
CNOT1,4770
PARP6,4771
SLC16A2,4772
NUP37,4773
PCDHGC3,4774
ZNRD2,4775
SENP5,4776
RBM28,4777
INHBE,4778
AUP1,4779
EFNB1,4780
PAK1IP1,4781
HPCAL4,4782
ZNF185,4783
AICDA,4784
ZNF426,4785
H3C8,4786
TBC1D31,4787
FHIP2B,4788
CYTL1,4789
RASGRF1,4790
HEXB,4791
ANGPTL6,4792
PRSS21,4793
SLC41A2,4794
ASXL2,4795
FNDC10,4796
GRIPAP1,4797
CIC,4798
CLCA2,4799
MXD3,4800
ADAM15,4801
VPS25,4802
MBD2,4803
AQP10,4804
LIMCH1,4805
RNF34,4806
RER1,4807
RNF217,4808
GSPT1,4809
SLC38A9,4810
SNRPD1,4811
HNRNPU,4812
FHAD1,4813
OR2W3,4814
SNRPF,4815
XPNPEP1,4816
CHST12,4817
ADAM33,4818
TNFRSF25,4819
MREG,4820
DUSP1,4821
LYST,4822
RNF183,4823
ARFRP1,4824
THOP1,4825
NEFH,4826
SLC16A1,4827
TPCN2,4828
TLCD5,4829
EMC7,4830
DCTN2,4831
AGER,4832
PPIL2,4833
STX10,4834
COL10A1,4835
SPIRE1,4836
MAZ,4837
TRIM8,4838
PAK1,4839
UBE2J2,4840
ATP6V1C1,4841
SLC5A3,4842
CD320,4843
SERPINB7,4844
ELOA,4845
KIAA0319,4846
CR2,4847
NSUN2,4848
UPK3A,4849
CHRNA9,4850
MORC4,4851
NBPF9,4852
TBC1D16,4853
IRF2BPL,4854
HBD,4855
USP14,4856
SUCO,4857
DDX56,4858
MSRB3,4859
SMCHD1,4860
CRYGN,4861
DUSP5,4862
VPS16,4863
CST2,4864
PLXNA3,4865
C1GALT1C1,4866
ARHGEF17,4867
PAPSS2,4868
BNIP3L,4869
SOST,4870
SMPD4,4871
NOL9,4872
MEX3B,4873
RGS2,4874
RRAD,4875
SH3BP5,4876
ZNF593,4877
CUL9,4878
ARHGAP27,4879
STARD3NL,4880
CRTC2,4881
POMT2,4882
TAS1R3,4883
OGT,4884
SP1,4885
SUPT5H,4886
SGSM2,4887
DCAF7,4888
FOSL2,4889
TLCD3A,4890
DOT1L,4891
TOP3A,4892
ZNF671,4893
GNAO1,4894
ALDH3B1,4895
AKAP17A,4896
LAMC3,4897
PGM3,4898
KLRC1,4899
MYB,4900
CACHD1,4901
TCF25,4902
NPDC1,4903
PSORS1C1,4904
SIX4,4905
ITGA10,4906
MLH1,4907
ENO3,4908
RAB2B,4909
PHOSPHO1,4910
NPFFR1,4911
SNRNP40,4912
WDR81,4913
DTX2,4914
HSPB6,4915
SLC8A3,4916
NEFM,4917
STEAP1B,4918
KRT6C,4919
EPHB4,4920
DHX36,4921
PAM,4922
RBP1,4923
ZMIZ2,4924
MAP1S,4925
NPNT,4926
PGLYRP4,4927
DCTN5,4928
BMPR2,4929
PDSS1,4930
USP5,4931
IGF1,4932
ZNF503,4933
ATG4A,4934
PABPC4L,4935
DYNLT5,4936
LY75,4937
BMP4,4938
STYX,4939
CDC42,4940
FOSB,4941
NBL1,4942
RNFT2,4943
JAM3,4944
C5orf15,4945
ABCC4,4946
SCARA5,4947
CXXC1,4948
NAIF1,4949
DMBT1,4950
HORMAD1,4951
MAPK13,4952
THOC5,4953
TMEM263,4954
EDRF1,4955
ELOVL1,4956
UBXN11,4957
CHRNB2,4958
TAF8,4959
S100A13,4960
MPZL3,4961
SOCS4,4962
DEK,4963
RANBP3,4964
TMCO3,4965
FBXL6,4966
FER,4967
ABCB6,4968
HAUS6,4969
CPSF6,4970
NUAK1,4971
SLC2A5,4972
JADE2,4973
CTSO,4974
FANCB,4975
ZNF365,4976
SYNJ2,4977
GNA13,4978
ASXL1,4979
TIMM8B,4980
PAXX,4981
LUZP1,4982
SAR1B,4983
FIBP,4984
FOXK2,4985
LURAP1L,4986
ROPN1L,4987
EIF2AK4,4988
MCRS1,4989
RPA1,4990
MFSD5,4991
COL22A1,4992
TRIM11,4993
GMDS,4994
PJA1,4995
CEP41,4996
SLC33A1,4997
CHST14,4998
PACSIN3,4999
VSTM2L,5000
TP73,5001
ARHGEF39,5002
IL1RAP,5003
UBC,5004
PTPA,5005
CUL7,5006
SF3B1,5007
FMO2,5008
RBM38,5009
DPM2,5010
RBSN,5011
C7orf50,5012
CMIP,5013
ESM1,5014
DNM1L,5015
C1orf122,5016
TRIM15,5017
PRIM2,5018
SNIP1,5019
WDR53,5020
TMEM167A,5021
CUX1,5022
SCARB1,5023
MPV17,5024
AGA,5025
TRIP10,5026
IL13,5027
ERGIC1,5028
SF3A3,5029
EXOSC9,5030
CSE1L,5031
XPNPEP3,5032
SEC22C,5033
DPCD,5034
LBHD1,5035
ZC3H3,5036
DIP2A,5037
TMEM102,5038
DNAAF1,5039
IL5RA,5040
LONP1,5041
RC3H2,5042
ABRACL,5043
CYP19A1,5044
CD58,5045
TRIM65,5046
CHD1L,5047
RHBDD1,5048
MAPK3,5049
RNGTT,5050
EIF4G3,5051
SLC12A5,5052
CDKN2B,5053
KRT1,5054
ADO,5055
GNG4,5056
VPS39,5057
RNF182,5058
PRELP,5059
ADORA2A,5060
POLE4,5061
SLC7A6OS,5062
TENT4A,5063
TP53BP1,5064
HAUS2,5065
RNF4,5066
MBOAT7,5067
CEP128,5068
NPM1,5069
SIRT2,5070
SNRNP25,5071
MTMR9,5072
FAM114A1,5073
CCDC97,5074
CLTA,5075
STX3,5076
DNAJB1,5077
MMD,5078
MED16,5079
PABPC1L,5080
ME2,5081
SPTSSA,5082
DAZL,5083
ALYREF,5084
ISOC2,5085
ERCC4,5086
DYNC1H1,5087
VAMP3,5088
LLPH,5089
RASGRF2,5090
KEL,5091
AIDA,5092
EIF1,5093
SLC16A4,5094
AMDHD2,5095
PYCR3,5096
ZNF286A,5097
SMARCB1,5098
BFSP1,5099
FBLN2,5100
POLR2H,5101
CRACR2A,5102
AP4E1,5103
AP5S1,5104
SDCBP2,5105
EPS8L1,5106
PLXNA4,5107
C18orf54,5108
C12orf4,5109
AGRN,5110
EML1,5111
LAD1,5112
TMEM45B,5113
BMP6,5114
ANOS1,5115
SLC25A39,5116
CETN2,5117
ZCCHC2,5118
KNOP1,5119
NME4,5120
NME8,5121
SLC12A7,5122
FUBP1,5123
FNDC3A,5124
TCF21,5125
ICMT,5126
WNT4,5127
CYGB,5128
RPUSD1,5129
PI4KB,5130
GAL,5131
PRPF31,5132
MFSD2B,5133
TMC1,5134
PIGA,5135
ABL1,5136
RIC1,5137
CLEC1B,5138
ARL6IP5,5139
UTP4,5140
TOPBP1,5141
NME6,5142
EZR,5143
DBI,5144
C7,5145
HNRNPH1,5146
NUP58,5147
PEAK3,5148
TAF2,5149
SLC26A11,5150
GPI,5151
TRIM68,5152
CALB2,5153
PDXK,5154
DACT1,5155
FYTTD1,5156
PARVA,5157
DENND6A,5158
DESI2,5159
ARMCX2,5160
FBXW9,5161
MAP3K11,5162
UNC5CL,5163
ZNF668,5164
MRPS17,5165
PRKCD,5166
MFAP5,5167
KCTD7,5168
RNASEL,5169
ERC2,5170
ZNF800,5171
EIF6,5172
B3GNTL1,5173
MAP3K7,5174
NT5C3A,5175
POLR1E,5176
SOD3,5177
EIF5B,5178
EXOC3,5179
ZNF8,5180
SNRNP200,5181
ROR1,5182
SQSTM1,5183
TMPRSS11D,5184
XIRP1,5185
ATXN1,5186
DENND2C,5187
FSCN3,5188
ULBP1,5189
IMP4,5190
SHPK,5191
DTX1,5192
UTP15,5193
SHISA2,5194
CACNB4,5195
UBE2G2,5196
MED28,5197
GALNT7,5198
SYS1,5199
SETD5,5200
KIF3B,5201
BCAP31,5202
ATAD3C,5203
SHE,5204
JMY,5205
PKD2,5206
SIRT6,5207
FAM110C,5208
MAP9,5209
MTSS1,5210
MFSD2A,5211
SLC35E1,5212
HSPA4L,5213
FHL5,5214
SLC1A5,5215
NEDD4,5216
CD109,5217
RPA2,5218
PBX4,5219
GJD3,5220
MGAT5B,5221
SLC25A43,5222
CERS5,5223
ANKRD55,5224
RPL7L1,5225
SPARCL1,5226
SEC16A,5227
DUSP3,5228
STK32C,5229
PRPF40A,5230
ALDH18A1,5231
GTF3A,5232
TSNAXIP1,5233
SPINT2,5234
PRELID1,5235
AKT1S1,5236
PPHLN1,5237
ANKLE2,5238
TDG,5239
BRD4,5240
IL17F,5241
APH1B,5242
MARCKSL1,5243
GNG11,5244
MLF2,5245
GRIN3A,5246
NEXN,5247
GALNT3,5248
AURKAIP1,5249
NAA15,5250
GAS1,5251
ZRSR2,5252
TMEM43,5253
HNRNPR,5254
RNPS1,5255
YTHDC2,5256
HNRNPK,5257
PRKRIP1,5258
GAS2L3,5259
DCLK1,5260
GPR31,5261
CCT8,5262
KRT86,5263
RPGRIP1,5264
TADA3,5265
GALNT16,5266
POLR2D,5267
AMPD1,5268
RAB30,5269
IRAG2,5270
SNX9,5271
SCLY,5272
MYL12B,5273
CHD2,5274
RNPEP,5275
SF1,5276
CYP27C1,5277
CCNC,5278
LRRC8D,5279
DDX6,5280
FBXO45,5281
AP5B1,5282
CARM1,5283
GAPVD1,5284
DRG2,5285
EIF3J,5286
EIF2S2,5287
LRRC41,5288
DFFA,5289
PLEKHG7,5290
WASF1,5291
TPGS2,5292
CAMKK1,5293
REG1B,5294
HSCB,5295
CAMK1D,5296
BTN1A1,5297
UBE2N,5298
RBBP6,5299
BLOC1S2,5300
SSNA1,5301
TMEM179,5302
UBR1,5303
PGAP6,5304
MFN1,5305
B9D1,5306
KCNQ3,5307
KCNQ1,5308
MGAT3,5309
TRIB3,5310
RBM3,5311
ROM1,5312
CDK16,5313
GPA33,5314
XRCC4,5315
PHF12,5316
HLA-DQA2,5317
CHAF1A,5318
HDLBP,5319
NAPG,5320
KCNN1,5321
GDPD3,5322
NUBP2,5323
KANK3,5324
MRPL44,5325
ZDHHC12,5326
NUP155,5327
PURB,5328
C19orf84,5329
GLCCI1,5330
SPIN4,5331
TBL2,5332
C12orf42,5333
IQCA1,5334
CDC42SE2,5335
CEP72,5336
AP4B1,5337
RC3H1,5338
MAP1LC3C,5339
DEPP1,5340
FTL,5341
DHX30,5342
SSRP1,5343
LAMA5,5344
ATP6V0A2,5345
MYLK2,5346
MAX,5347
NEU3,5348
NAP1L1,5349
PTGDR2,5350
ATAD3B,5351
FNDC11,5352
SCG5,5353
POLR2G,5354
POLR3H,5355
EXO5,5356
CASK,5357
PLA2G4A,5358
CPPED1,5359
GLI3,5360
C17orf99,5361
TRIM37,5362
HYLS1,5363
TXNL1,5364
DTNA,5365
EDC4,5366
CBX8,5367
ZNF556,5368
MAPK14,5369
TLCD2,5370
ARSF,5371
TRABD2A,5372
PCYT1B,5373
HARS1,5374
NOC4L,5375
CCSAP,5376
FAM43B,5377
HIPK2,5378
CEACAM1,5379
TNS3,5380
NAT1,5381
TGM3,5382
AHNAK2,5383
SMPD1,5384
ANKLE1,5385
SGMS1,5386
SPRR2A,5387
KIF19,5388
PLCL1,5389
TTLL9,5390
KLHL3,5391
HEATR6,5392
GALNT14,5393
SLC12A3,5394
AGFG1,5395
EXOSC1,5396
BIRC2,5397
DPF1,5398
NANP,5399
NTSR1,5400
RAB11FIP5,5401
GATA1,5402
FAAH2,5403
NOSIP,5404
PPT2,5405
C3orf38,5406
TIPIN,5407
SKI,5408
SINHCAF,5409
ERGIC2,5410
SPON1,5411
NOMO2,5412
SEMA4C,5413
LETM1,5414
RNF10,5415
VARS1,5416
PIP5KL1,5417
AKT3,5418
YIPF2,5419
FRMPD3,5420
CLEC4M,5421
MCM8,5422
R3HCC1L,5423
SUGP1,5424
TAOK2,5425
IGFN1,5426
NRF1,5427
ZSWIM6,5428
NBPF14,5429
CC2D1B,5430
NME2,5431
EIF3B,5432
AJAP1,5433
SCAMP4,5434
GBP7,5435
SNU13,5436
HAUS1,5437
MITD1,5438
NCAPH2,5439
CDK15,5440
CEP152,5441
HIPK3,5442
LGALS12,5443
XRN1,5444
DOHH,5445
ZBED6,5446
KANK2,5447
ZNF467,5448
CSKMT,5449
RAB20,5450
PAX9,5451
TOR2A,5452
SEPTIN8,5453
SMG8,5454
EDARADD,5455
BANP,5456
ANKRD10,5457
SGTA,5458
ITPK1,5459
TIMP3,5460
ANKRD53,5461
MED26,5462
PCNX2,5463
GALNT15,5464
HSPBP1,5465
H2AC14,5466
WWC2,5467
FRMD4B,5468
DAPK1,5469
PRMT3,5470
PCYOX1L,5471
TRIM44,5472
NUMBL,5473
HSD17B10,5474
ADORA3,5475
TMEM86B,5476
CHTOP,5477
BCAR1,5478
CCDC150,5479
FERMT2,5480
HSPBAP1,5481
ITIH5,5482
MSI2,5483
RAD54L2,5484
POPDC2,5485
POSTN,5486
AP5Z1,5487
FOS,5488
TXN,5489
ATP10B,5490
OTOF,5491
KLHL22,5492
CHD8,5493
ADORA2B,5494
MTHFD1,5495
ABI1,5496
HSD17B7,5497
ZNF384,5498
PARVB,5499
ARHGEF25,5500
AOPEP,5501
NT5E,5502
TCTN3,5503
KCNK10,5504
AOC3,5505
ZUP1,5506
HACD4,5507
TRIM41,5508
ASB6,5509
NRSN2,5510
PLEKHB2,5511
RPP25,5512
SYNPO,5513
IL22,5514
KDELR2,5515
ANO6,5516
GSAP,5517
DEFB4A,5518
ANXA4,5519
PNMA3,5520
GGCX,5521
BEAN1,5522
BMERB1,5523
ATP6V1D,5524
CCIN,5525
CCDC141,5526
CDHR4,5527
TNNT1,5528
SLAMF9,5529
NAT14,5530
SYMPK,5531
MIF4GD,5532
PHF13,5533
MRAP2,5534
HOXB4,5535
PLEKHH3,5536
P2RY1,5537
CYP4X1,5538
JOSD1,5539
WDR37,5540
UBAC2,5541
SPINT1,5542
ZFP69,5543
DDX28,5544
FRRS1,5545
PLCD4,5546
EBNA1BP2,5547
PTGDR,5548
ITGA7,5549
MUC6,5550
FBXW11,5551
SNRPD2,5552
CHTF8,5553
SEC63,5554
APOLD1,5555
ZCCHC12,5556
CTDNEP1,5557
SERPINA9,5558
FOXJ1,5559
STON2,5560
H2BC26,5561
HSPB1,5562
TXNDC12,5563
PMCH,5564
HEMGN,5565
CLEC11A,5566
EP300,5567
AFF3,5568
PSMD7,5569
C10orf105,5570
ACADVL,5571
C1orf167,5572
ARIH2,5573
TMF1,5574
PDE7B,5575
SLC25A45,5576
GEMIN6,5577
PPP3CC,5578
RNPEPL1,5579
VPS37B,5580
HS6ST1,5581
SLC15A2,5582
H2AC25,5583
PBXIP1,5584
WDFY1,5585
UBE2A,5586
TTPAL,5587
SLC39A10,5588
COQ10B,5589
ERO1B,5590
SF3B5,5591
PPAT,5592
CKMT1A,5593
ANKRD52,5594
C21orf91,5595
SEPTIN4,5596
DICER1,5597
SAMD4A,5598
KLHL25,5599
AHCYL1,5600
USP36,5601
BCL11A,5602
SIAH2,5603
CAVIN4,5604
RAB25,5605
ACOXL,5606
SHISAL1,5607
VPS9D1,5608
C16orf74,5609
SULT2B1,5610
FAT4,5611
METTL4,5612
TRAIP,5613
DYNC2I2,5614
BTG3,5615
INHBB,5616
MITF,5617
NASP,5618
MC1R,5619
WFS1,5620
ARC,5621
YBX1,5622
GON4L,5623
RNF123,5624
RGP1,5625
EID3,5626
MED1,5627
CHIC2,5628
ZNF513,5629
GATA5,5630
FFAR4,5631
S100PBP,5632
APLN,5633
MSLN,5634
MAN1A1,5635
ANAPC11,5636
MDM4,5637
AKT2,5638
TIMM10,5639
ZFC3H1,5640
PGLS,5641
COL23A1,5642
HIVEP1,5643
TBX19,5644
RPS6KC1,5645
GUSB,5646
ROBO3,5647
ARID4B,5648
PSMA1,5649
CHRNA3,5650
PSMD6,5651
MEN1,5652
EIF2B4,5653
ZKSCAN4,5654
RAB27B,5655
MRPL37,5656
NPFFR2,5657
CNTN6,5658
PAFAH1B2,5659
MSRB1,5660
AAAS,5661
ADRA2C,5662
TMED1,5663
TMEM59L,5664
UFM1,5665
POFUT2,5666
ALDH3A1,5667
SNRPC,5668
TSPAN18,5669
AIP,5670
TFR2,5671
ITGB1BP2,5672
DKK4,5673
BUB3,5674
DIO2,5675
NECTIN4,5676
INAFM2,5677
PRKAR2A,5678
TCHP,5679
UTRN,5680
OSBPL11,5681
TMEM69,5682
SPRR3,5683
PIR,5684
CITED4,5685
OSR2,5686
MYL9,5687
PITPNM2,5688
TAMALIN,5689
PIWIL4,5690
FAM89A,5691
MYRF,5692
C4orf46,5693
CPA5,5694
RCAN3,5695
SHROOM2,5696
LRSAM1,5697
ATRNL1,5698
FOXP1,5699
NOB1,5700
SDE2,5701
C19orf47,5702
TRIM29,5703
FZR1,5704
TOR1A,5705
WFDC2,5706
C11orf96,5707
MANEA,5708
LIN54,5709
OSBPL7,5710
IRGQ,5711
YTHDF2,5712
FGF11,5713
KCTD15,5714
DZIP1,5715
TMCC2,5716
DHX38,5717
P2RX2,5718
CLP1,5719
RPS6KL1,5720
KCNK17,5721
RAI2,5722
MRPL28,5723
MRPL49,5724
IGFBPL1,5725
METTL9,5726
AP2A1,5727
KCNQ5,5728
H4C16,5729
HTT,5730
CCDC86,5731
SUMO3,5732
GPC4,5733
SYNGR3,5734
CSDC2,5735
ZNF783,5736
MERTK,5737
AASS,5738
NUTF2,5739
VPS33B,5740
GPRC5A,5741
ANXA7,5742
USP20,5743
SERTAD4,5744
TWNK,5745
DSN1,5746
EMC10,5747
COMMD9,5748
ENTHD1,5749
B4GALNT1,5750
ERCC3,5751
EXOC3L1,5752
KLK11,5753
HOXC11,5754
SERPINB13,5755
PEAK1,5756
GPATCH4,5757
SCN4B,5758
CCDC78,5759
GRPEL1,5760
BROX,5761
CCL25,5762
KIR3DL2,5763
FAR1,5764
RANBP6,5765
CDX1,5766
SDR9C7,5767
ZKSCAN5,5768
ZNF592,5769
NFASC,5770
BDKRB1,5771
AMIGO2,5772
STRN3,5773
H2BC18,5774
B3GNT2,5775
TNR,5776
PRR19,5777
PRMT6,5778
CYP11A1,5779
SLC12A6,5780
INSC,5781
CDH23,5782
GPN2,5783
PACSIN1,5784
STAU1,5785
FLT4,5786
LRRC61,5787
RBM15,5788
UBXN2B,5789
SLC25A25,5790
LIG1,5791
EIF3G,5792
PSMG1,5793
SERPINI1,5794
NHP2,5795
MED12,5796
TAF1D,5797
PSMD3,5798
ZCCHC10,5799
BANF1,5800
AKNAD1,5801
FLAD1,5802
CRY1,5803
F3,5804
HSPA9,5805
MLXIP,5806
TIMM13,5807
WDR18,5808
ZFP82,5809
CHRNA1,5810
RNF111,5811
VGLL1,5812
NFXL1,5813
TAF5L,5814
SLC9A1,5815
HECA,5816
NRDC,5817
TBC1D14,5818
MANSC1,5819
PIK3C2B,5820
ELFN1,5821
C8orf33,5822
PSMC5,5823
ZC3H12C,5824
NPR1,5825
SPRING1,5826
STIM1,5827
CTRC,5828
TNFRSF6B,5829
C4orf48,5830
ACTN4,5831
SSTR3,5832
MALL,5833
ZFP41,5834
PVRIG,5835
FUCA2,5836
NCAM1,5837
DBH,5838
INPP5B,5839
B3GAT3,5840
SMNDC1,5841
NKRF,5842
SUV39H2,5843
DHX33,5844
PDS5A,5845
CDK11A,5846
SLMAP,5847
EPB41L3,5848
FOXC1,5849
SMTNL2,5850
HPCAL1,5851
ABCD2,5852
FGFBP1,5853
HIRA,5854
DNAJC9,5855
CCNO,5856
LAMA3,5857
HAT1,5858
SLC27A3,5859
SIX1,5860
M1AP,5861
ARHGEF11,5862
PXN,5863
SPINK4,5864
HCAR1,5865
FHL1,5866
ARHGAP23,5867
TFAP2E,5868
PGP,5869
CNTLN,5870
MAN1B1,5871
MEGF11,5872
RFC3,5873
FMO1,5874
B3GNT8,5875
GATA2,5876
NEURL3,5877
PHPT1,5878
BRD9,5879
KISS1R,5880
EIF5,5881
SNRPB2,5882
MT1A,5883
TGOLN2,5884
ALG5,5885
SFXN5,5886
MAP1LC3B,5887
GTF2A1,5888
CPSF1,5889
H2BC9,5890
ABLIM3,5891
BET1,5892
MAK16,5893
CCAR2,5894
DNTTIP1,5895
EI24,5896
ATP13A4,5897
AHSA1,5898
PCDHGA12,5899
CUEDC2,5900
RALGAPA2,5901
GOLGA2,5902
EIF2B1,5903
SLC35B2,5904
H2AC12,5905
FST,5906
LRPAP1,5907
LRIF1,5908
OTUD6B,5909
UBE2G1,5910
ADIPOR2,5911
RAVER1,5912
CAPN14,5913
ST6GALNAC1,5914
RRP7A,5915
EXOC7,5916
SLC7A2,5917
SGPL1,5918
LAMP1,5919
WDR3,5920
RCBTB1,5921
COPS8,5922
ERFE,5923
ID1,5924
PDCD2L,5925
TNIK,5926
DEFA5,5927
FZD10,5928
FASTKD5,5929
SLC19A1,5930
ZFYVE28,5931
SFI1,5932
NR4A1,5933
MT1M,5934
CRYBG1,5935
SPRR1A,5936
CLCN1,5937
KDM5B,5938
TSSC4,5939
CSF3,5940
ZNF521,5941
PIEZO2,5942
ANPEP,5943
LPCAT2,5944
TMEM243,5945
BMS1,5946
ITIH3,5947
FDXR,5948
ASGR1,5949
TTLL5,5950
ACE2,5951
PDGFB,5952
ABCC2,5953
DNPEP,5954
SCNM1,5955
RAB6A,5956
SGCD,5957
LMTK3,5958
ARHGEF19,5959
SMARCAL1,5960
PTGES3,5961
TDRKH,5962
CFD,5963
KATNB1,5964
MAN2B2,5965
INPP5E,5966
RNASEH1,5967
TMEM70,5968
NCCRP1,5969
NR4A2,5970
PABIR3,5971
PGBD1,5972
RGS13,5973
RBM12,5974
ABHD3,5975
SLC15A1,5976
LCA5,5977
RAET1G,5978
C1orf112,5979
LVRN,5980
PIH1D1,5981
PSMG3,5982
ZSCAN22,5983
GPR83,5984
MDGA1,5985
POLN,5986
VBP1,5987
NPHP4,5988
TBXA2R,5989
PLOD2,5990
REG3G,5991
SMO,5992
PGBD5,5993
LRCH3,5994
CISH,5995
MARVELD1,5996
GET3,5997
PPP2R1A,5998
ANKRD29,5999
PRPF38B,6000
PPID,6001
WNT2B,6002
PRRC2A,6003
ACTN3,6004
GUCY2D,6005
CDKN2C,6006
LSAMP,6007
MARK2,6008
LIG4,6009
FAM216B,6010
PSEN2,6011
URM1,6012
APMAP,6013
MYL2,6014
HAP1,6015
OSBPL8,6016
PAPSS1,6017
UNC45A,6018
DHFR,6019
FAM174C,6020
BOD1L1,6021
UBE2K,6022
LRRC45,6023
AGPS,6024
SMIM3,6025
KDM6B,6026
TCN2,6027
CACNB3,6028
STK26,6029
CMC2,6030
TOE1,6031
AMMECR1L,6032
H2AC6,6033
NUDT17,6034
TBX2,6035
ADRB3,6036
RAP1GDS1,6037
VSTM4,6038
SYT5,6039
CYB5R2,6040
TEAD3,6041
PIP5K1A,6042
RNF31,6043
SNAPC2,6044
INPPL1,6045
SNX18,6046
CHRNA10,6047
COMMD7,6048
APOE,6049
WASHC5,6050
PUS7,6051
ALG12,6052
PRND,6053
DDN,6054
SRSF9,6055
CELSR3,6056
ADIPOR1,6057
AFF2,6058
CCDC65,6059
RFT1,6060
PUM3,6061
PFDN2,6062
GTPBP3,6063
DTD1,6064
KLF6,6065
DDX54,6066
PTPN23,6067
BUD31,6068
KLRF1,6069
PPFIA1,6070
TAF12,6071
DIP2B,6072
CCBE1,6073
SPCS2,6074
CDC42EP5,6075
PPP1R8,6076
COMTD1,6077
OPA3,6078
SH3BGRL,6079
PHF5A,6080
MRPL4,6081
CORIN,6082
ZNF786,6083
CHTF18,6084
MYCL,6085
CEBPA,6086
KCNH4,6087
FBRS,6088
SFTPA2,6089
RASSF8,6090
DAGLB,6091
GNB1,6092
METTL6,6093
ESR1,6094
HPRT1,6095
JOSD2,6096
MAP3K9,6097
ITPKB,6098
LSR,6099
TRNT1,6100
IFNE,6101
CHRD,6102
CINP,6103
GMFB,6104
CORO6,6105
WRAP73,6106
ABHD16A,6107
TCF15,6108
SUPT16H,6109
BBC3,6110
MAP1B,6111
TBCEL,6112
SCAMP5,6113
MAEA,6114
ATP6V0A1,6115
TERF2IP,6116
TRPC6,6117
EGR3,6118
SERPINB5,6119
SULT1B1,6120
CLN6,6121
KLHDC8A,6122
TNK2,6123
RARRES2,6124
SCAF4,6125
STEAP2,6126
ZNF672,6127
GPAA1,6128
NAA20,6129
TOMM40,6130
SGCE,6131
DNMT3B,6132
STAB2,6133
PPCDC,6134
SPNS1,6135
SDF2,6136
ZNF341,6137
HMGXB4,6138
DFFB,6139
MPHOSPH6,6140
CAB39,6141
ENOX1,6142
SLC2A10,6143
RTL8B,6144
DRP2,6145
AOC2,6146
MEMO1,6147
HAGHL,6148
RSPO1,6149
LY6H,6150
TSFM,6151
PSMB3,6152
MRPS6,6153
LAPTM4A,6154
SCPEP1,6155
P2RX6,6156
SFT2D1,6157
SELENOS,6158
CACNA2D4,6159
FBXL19,6160
ASPG,6161
CLN3,6162
H4C9,6163
MRPS2,6164
IGHMBP2,6165
NANOS1,6166
SLC35F3,6167
RBM10,6168
UBL4A,6169
TMTC3,6170
CTBP2,6171
CRKL,6172
CDK2AP1,6173
IL17C,6174
RHOD,6175
ENPEP,6176
VSTM1,6177
HSPA12B,6178
C4orf3,6179
AGAP3,6180
LY6G5C,6181
FASTK,6182
CENPX,6183
CCNP,6184
TAF6,6185
VPS29,6186
ZNF71,6187
TEX30,6188
FAAP24,6189
RAET1E,6190
ATF6,6191
CTSE,6192
XIAP,6193
SRSF1,6194
SPATC1,6195
CEPT1,6196
TIMM22,6197
ZSWIM1,6198
MYH13,6199
RNASEH2C,6200
ATP2C1,6201
PSMA6,6202
RPUSD4,6203
C6orf47,6204
NAV2,6205
VAMP8,6206
ICE1,6207
POLR3K,6208
RAB1B,6209
NCEH1,6210
GATA3,6211
TMEM181,6212
SPOP,6213
C2orf49,6214
TOP3B,6215
TPSD1,6216
MPP1,6217
BAMBI,6218
DENND1A,6219
C6orf141,6220
GABRE,6221
SUPT20H,6222
FIGN,6223
HEPHL1,6224
SNRNP70,6225
PDRG1,6226
PPFIBP1,6227
TCHH,6228
GGH,6229
LRRC3,6230
ATG2A,6231
RBM6,6232
PUF60,6233
SLC46A2,6234
RAET1L,6235
FAM167A,6236
GRK4,6237
KATNIP,6238
FAM151B,6239
FCRLB,6240
FBXO11,6241
ATP1A3,6242
MED21,6243
PI4K2B,6244
LSM4,6245
RNF8,6246
ACTRT3,6247
ZNF382,6248
GTF3C2,6249
SNAP25,6250
LIF,6251
PPP1R14B,6252
LMBR1L,6253
PNMA8A,6254
YY1AP1,6255
WWC1,6256
CFAP119,6257
PPP1R12A,6258
LRFN1,6259
GLDC,6260
PDCD10,6261
ZNF770,6262
CSTF1,6263
MROH1,6264
EXOSC10,6265
XRCC6,6266
TMEM204,6267
BMP2,6268
CFAP221,6269
DYNC1LI2,6270
EXOC6,6271
COPS9,6272
HPR,6273
COLGALT2,6274
CSRNP2,6275
NDUFS6,6276
POMC,6277
IGSF10,6278
MGAM,6279
HOXB2,6280
RAP1GAP2,6281
ARMC3,6282
FBXL2,6283
ALG8,6284
MADCAM1,6285
SPATA13,6286
MSANTD4,6287
ATRX,6288
RAD54B,6289
GDAP1,6290
RABEPK,6291
IL12A,6292
GPATCH2L,6293
PAQR7,6294
MYOM3,6295
C20orf27,6296
TCERG1L,6297
ZDHHC7,6298
H2BC5,6299
VLDLR,6300
TBC1D25,6301
RTCB,6302
GOT2,6303
FZD9,6304
MYO1D,6305
ZNF581,6306
CNOT11,6307
VGLL3,6308
KCNE5,6309
SCFD2,6310
A2ML1,6311
BTG1,6312
BCL7B,6313
SMYD4,6314
MON1B,6315
EHMT1,6316
RFXANK,6317
GRIP2,6318
SPG21,6319
GTF2H3,6320
TMEM236,6321
NAP1L5,6322
KRT13,6323
BHLHA15,6324
PDE6D,6325
CUX2,6326
ATF7IP2,6327
EPB41,6328
PIGO,6329
TJAP1,6330
ACTL6A,6331
C4A,6332
SLC22A13,6333
ZNF697,6334
VDAC3,6335
USO1,6336
CCL1,6337
ATXN7,6338
DCAF15,6339
TAOK3,6340
GCLM,6341
CAPN15,6342
H2AC16,6343
CFHR3,6344
MMP16,6345
SDF4,6346
RARG,6347
PURG,6348
MAD2L1BP,6349
RNF25,6350
TMEM44,6351
RAI1,6352
MBNL2,6353
SERPINB10,6354
FGF2,6355
CARMIL3,6356
MS4A6E,6357
EGR1,6358
SLC5A8,6359
PRSS3,6360
KRT75,6361
KLC1,6362
CCM2L,6363
SRBD1,6364
SMAD7,6365
NPTX2,6366
CSNK1A1L,6367
RCE1,6368
SART3,6369
IPO11,6370
IL23R,6371
COA6,6372
PWP2,6373
UXS1,6374
ADAMTS8,6375
PSMC2,6376
PITRM1,6377
KTI12,6378
CACNG8,6379
PTPRG,6380
AIMP2,6381
PAOX,6382
FXYD3,6383
NSUN5,6384
SYNJ1,6385
STAP2,6386
FUOM,6387
UBXN2A,6388
TTI2,6389
CENPH,6390
TPBGL,6391
DGKD,6392
NGLY1,6393
C2CD3,6394
EIF2S3,6395
MTUS2,6396
DLEC1,6397
WDR43,6398
LSG1,6399
C4B,6400
MYCT1,6401
EVI5L,6402
ZNF410,6403
SVIL,6404
MAPK1,6405
ARF6,6406
IGSF1,6407
UCN2,6408
BPIFB1,6409
EIF2B3,6410
NUAK2,6411
SPCS1,6412
SDR16C5,6413
ANKRD28,6414
DNAAF3,6415
BOK,6416
LRRN3,6417
ORAI1,6418
FBXO38,6419
SLC47A2,6420
SMARCC1,6421
QPCTL,6422
ZCCHC17,6423
LMO7,6424
NUDT3,6425
MEF2A,6426
TJP2,6427
GPR173,6428
STRN4,6429
CEP85,6430
MRPS10,6431
KCNA2,6432
IMPG2,6433
TENM3,6434
AKAP10,6435
RNF40,6436
PPP2R3C,6437
RNASE7,6438
SPART,6439
ZNF296,6440
DGKH,6441
TBX1,6442
GLYR1,6443
EFR3A,6444
SYNRG,6445
KRT14,6446
RAB6B,6447
NAA25,6448
GEMIN8,6449
CALM1,6450
BACH2,6451
SYCE3,6452
BLOC1S3,6453
PHACTR4,6454
CUL2,6455
SHC2,6456
ZNF511,6457
ZNF689,6458
BAZ2A,6459
YAP1,6460
IP6K3,6461
ADGRG2,6462
FKBP5,6463
PLAA,6464
BVES,6465
STK38,6466
FHIP2A,6467
MYO18A,6468
IL9R,6469
CENPJ,6470
PSMD8,6471
NDRG4,6472
ACACA,6473
ZNF143,6474
DNM1,6475
ADAP1,6476
DYDC2,6477
XKRX,6478
MFAP1,6479
TPM2,6480
TMCC1,6481
MRGBP,6482
HAS1,6483
PON2,6484
FASN,6485
AKR1C4,6486
SAAL1,6487
POMK,6488
VANGL2,6489
SLC18A2,6490
DNAJC13,6491
CEP295,6492
FBXO39,6493
CAMKK2,6494
RIOX1,6495
ZNF280B,6496
ZNF276,6497
GDF5,6498
TRNAU1AP,6499
MRPL12,6500
GIPR,6501
FKBP7,6502
MUS81,6503
SET,6504
HYDIN,6505
WDR7,6506
SLC7A8,6507
SAFB2,6508
ZFP90,6509
PPP2R2A,6510
FRY,6511
ASPH,6512
SAPCD2,6513
BBX,6514
ZNF518B,6515
WHAMM,6516
TMEM178B,6517
ALKBH5,6518
CST6,6519
WASHC2C,6520
C12orf54,6521
PKP3,6522
SS18L2,6523
NR1H2,6524
NCAPD3,6525
FAM72D,6526
NEB,6527
DYNLT3,6528
PRAME,6529
CRISP3,6530
MRPL3,6531
DCBLD1,6532
IL17A,6533
ACTC1,6534
DENND1B,6535
ZNF319,6536
IFNL1,6537
DDX55,6538
CABYR,6539
THG1L,6540
CCNJ,6541
PTDSS1,6542
DBNDD1,6543
RFK,6544
TMPPE,6545
LAMB3,6546
GFI1B,6547
USP10,6548
EXTL1,6549
ZSCAN12,6550
AP1G1,6551
MTX1,6552
IZUMO1,6553
MANBAL,6554
AKAP8,6555
SPTAN1,6556
SCNN1D,6557
ARID3B,6558
GPRC5D,6559
DAG1,6560
ZNF280C,6561
PRSS35,6562
RAD51D,6563
PPP2R2C,6564
GSPT2,6565
PYDC1,6566
CDS2,6567
ARHGEF10,6568
GHRL,6569
DHX15,6570
MST1R,6571
IPO7,6572
C6orf58,6573
HSD17B2,6574
MORN3,6575
CPQ,6576
PWP1,6577
DHX32,6578
TAF1C,6579
UBE2E1,6580
TEX11,6581
FCER1A,6582
MROH6,6583
MATN3,6584
TOX2,6585
SERPINB2,6586
HIGD1B,6587
SMPD2,6588
YTHDF1,6589
CNNM4,6590
RARA,6591
KHDC1,6592
WDR38,6593
SLC9A5,6594
RBBP5,6595
H4C12,6596
NPC1L1,6597
FOXRED1,6598
DPP4,6599
KHSRP,6600
LYVE1,6601
RIMS1,6602
INKA1,6603
MED12L,6604
NAGPA,6605
CAPN10,6606
TBC1D10B,6607
RUSC1,6608
REXO4,6609
TBC1D1,6610
RAPGEF3,6611
SPECC1L,6612
MMP17,6613
IQCE,6614
ZMYND19,6615
HNRNPL,6616
SPRR2E,6617
MRPL14,6618
PPAN,6619
ACAP2,6620
OMG,6621
HIKESHI,6622
RARS1,6623
MBOAT4,6624
PARM1,6625
RBM25,6626
CGREF1,6627
BRSK1,6628
TMEM150B,6629
SMAD6,6630
FCAMR,6631
GAR1,6632
PNRC2,6633
CCDC8,6634
TNFSF12,6635
GNB1L,6636
PPM1H,6637
IP6K1,6638
KLHDC4,6639
RMI2,6640
REPIN1,6641
UNC93A,6642
KLHL14,6643
SENP3,6644
FAM32A,6645
EIF2B5,6646
MED10,6647
UIMC1,6648
ZSCAN20,6649
TCF23,6650
DDX11,6651
KMT2E,6652
EMC1,6653
RPL36AL,6654
TNFSF18,6655
HRAS,6656
SPRR2D,6657
RAB15,6658
TMEM63B,6659
XXYLT1,6660
TUBGCP6,6661
KLRC3,6662
HSBP1,6663
AOX1,6664
SCYL1,6665
RAB19,6666
RBM42,6667
SYNDIG1L,6668
C1orf159,6669
ZDHHC8,6670
OGDH,6671
H2AC13,6672
FAM83G,6673
ATP1A4,6674
TGIF1,6675
ANKRD1,6676
NMUR1,6677
SNAPIN,6678
SIAE,6679
VPS26C,6680
SMARCA1,6681
NSD2,6682
PYGO1,6683
ARL2BP,6684
RAPGEF4,6685
ART3,6686
SLC38A6,6687
CYP2E1,6688
COMT,6689
KLK8,6690
ATG16L2,6691
MAPK6,6692
DTNB,6693
WDR24,6694
TFRC,6695
TRIL,6696
SVOP,6697
EDC3,6698
USP48,6699
GFOD1,6700
RSPH9,6701
EBF3,6702
FAM83E,6703
GTF2B,6704
FAM220A,6705
AKT1,6706
DCAF1,6707
GTF3C5,6708
SNRK,6709
UCHL1,6710
PDE11A,6711
SERINC5,6712
METRNL,6713
DDX18,6714
P4HA1,6715
MGLL,6716
PTPN9,6717
CNR1,6718
GAL3ST4,6719
UVRAG,6720
GRAMD2A,6721
VDR,6722
UBA52,6723
DNAH2,6724
TSPAN14,6725
CLPTM1,6726
SMIM10,6727
USP43,6728
SOX15,6729
PNRC1,6730
KLRC2,6731
GDAP2,6732
GPR161,6733
MS4A4E,6734
ZBTB43,6735
RAD18,6736
TATDN2,6737
MRFAP1,6738
TNRC6B,6739
TAFA3,6740
FAM110D,6741
GOSR2,6742
PRKACA,6743
BLACAT1,6744
CARD10,6745
NEK10,6746
AKR1A1,6747
MUSK,6748
TUBA4A,6749
FBLN7,6750
C2CD2L,6751
LDB2,6752
MAK,6753
ATP8B1,6754
TUBB4B,6755
RPS19BP1,6756
CD99,6757
KIF17,6758
SLC26A6,6759
C17orf107,6760
FAM102A,6761
MARCHF2,6762
ROMO1,6763
ELF1,6764
C19orf44,6765
WFDC12,6766
PDCL,6767
ELF5,6768
PKIA,6769
KMT2D,6770
PROSER3,6771
RAI14,6772
PCSK6,6773
UBE2U,6774
MLX,6775
IL31RA,6776
COPS7A,6777
RNF207,6778
MCF2,6779
EPOP,6780
SAC3D1,6781
NQO1,6782
ATP12A,6783
GRIN2C,6784
ZNF792,6785
ANKRD65,6786
POPDC3,6787
P3H4,6788
SLC52A3,6789
BARD1,6790
F11R,6791
RANBP2,6792
RBMS3,6793
EPN3,6794
RAB44,6795
MCMBP,6796
KATNAL1,6797
TBRG4,6798
CYB561A3,6799
ARAF,6800
TUBGCP2,6801
DNAH5,6802
ZNF121,6803
SPTA1,6804
RASD2,6805
GORAB,6806
KLHL4,6807
TSPAN15,6808
PACSIN2,6809
RABEP2,6810
OSGIN1,6811
HMGA2,6812
PSMD9,6813
AFAP1,6814
POP4,6815
JAZF1,6816
ADGRG1,6817
KRT73,6818
DDIT4L,6819
CLEC9A,6820
DDX31,6821
ADAMTS16,6822
CCDC9B,6823
BRD8,6824
MECOM,6825
H2BC21,6826
GPR143,6827
AKAP12,6828
NPAT,6829
WNT1,6830
BNIP3,6831
EMP2,6832
KCNE1,6833
CACFD1,6834
TP53I11,6835
DNAI2,6836
LIPN,6837
CWF19L1,6838
TNXB,6839
C5orf58,6840
REN,6841
DNAJC15,6842
UPF2,6843
TNFSF4,6844
OAZ3,6845
PLN,6846
HYAL1,6847
UHRF2,6848
DGKE,6849
DAP,6850
CASQ1,6851
GEMIN7,6852
USP39,6853
SLC2A8,6854
CPSF4,6855
PMS2,6856
ERP44,6857
TSPAN2,6858
KNDC1,6859
MGA,6860
ARL13B,6861
TMEM126A,6862
CCDC22,6863
MAN2A2,6864
DEFA4,6865
TRIM40,6866
A1BG,6867
SLC39A9,6868
DDX49,6869
CNKSR3,6870
SARS2,6871
MOB2,6872
HRK,6873
MCTS1,6874
SAA4,6875
ASB7,6876
DUSP23,6877
COLEC10,6878
PPIA,6879
IL18,6880
PI4KA,6881
HES4,6882
PSMD4,6883
RNF121,6884
BCO2,6885
CLEC4F,6886
PADI1,6887
PRKAG1,6888
PRDM16,6889
MVB12A,6890
FBH1,6891
PKIG,6892
MMADHC,6893
C22orf15,6894
SNX27,6895
CCDC50,6896
HSPE1,6897
PLEKHG3,6898
MAPK8IP3,6899
SGPP2,6900
TTC21A,6901
DDA1,6902
NUP43,6903
ENTR1,6904
CACNA2D3,6905
SHISA4,6906
TMEM234,6907
SOS1,6908
TRIM34,6909
TXLNG,6910
SLC22A2,6911
SDAD1,6912
SMARCA4,6913
OR51E2,6914
EIF3D,6915
BEND3,6916
AK5,6917
TRIP4,6918
BPTF,6919
ZNF385D,6920
PENK,6921
RBM12B,6922
SERINC2,6923
DDX20,6924
AEBP2,6925
ILK,6926
SAMD11,6927
JMJD1C,6928
SLC11A2,6929
GABRR1,6930
BPNT2,6931
RNF181,6932
TMEM200C,6933
NOL11,6934
FAM136A,6935
APLP1,6936
CLEC12B,6937
CDC42BPB,6938
GFPT1,6939
NEU1,6940
TMEM171,6941
FYCO1,6942
ERP29,6943
XYLT1,6944
MYCBP,6945
AK2,6946
TRIM36,6947
CCDC85B,6948
TSHR,6949
KATNA1,6950
NPTXR,6952
C1GALT1,6953
HSF5,6954
GTF2F1,6955
BRK1,6956
IGSF21,6957
MED6,6958
RNF20,6959
SESTD1,6960
CCR10,6961
RIMBP3,6962
PIKFYVE,6963
FERMT1,6964
SRSF10,6965
SLC5A2,6966
ST18,6967
STK32A,6968
EIF1AD,6969
LRCH1,6970
PIGW,6971
OMD,6972
UCHL3,6973
P2RY11,6974
MARS2,6975
MUC5B,6976
FZD3,6977
HMBOX1,6978
LRFN3,6979
SDHAF2,6980
ZFYVE16,6981
NTRK2,6982
PHC1,6983
C8orf48,6984
GXYLT2,6985
PYGO2,6986
PLAAT3,6987
FAIM,6988
MYO1H,6989
LRRN4,6990
CDYL,6991
PHRF1,6992
SBNO1,6993
COBLL1,6994
ASCC2,6995
PKP1,6996
KIF1C,6997
H3-3A,6998
SLC17A7,6999
PCDHGB7,7000
ZNF490,7001
SCUBE2,7002
SCARF2,7003
SAFB,7004
CCT4,7005
FBXW2,7006
TMPRSS12,7007
GNG12,7008
ABCC3,7009
EXOC3L2,7010
JTB,7011
BIRC7,7012
SIGIRR,7013
DSEL,7014
KLK12,7015
POLR1H,7016
MTO1,7017
SLC35E2B,7018
FAM3D,7019
PLEKHH2,7020
ZNF106,7021
CHST4,7022
EFCAB12,7023
GCM1,7024
CENPT,7025
VPS8,7026
TMED8,7027
PNMA1,7028
IL7,7029
IPO8,7030
KAZN,7031
SBSN,7032
GORASP1,7033
MTG1,7034
AKAP8L,7035
BPNT1,7036
PHF20L1,7037
EMG1,7038
ANGPTL8,7039
PHKG2,7040
TCEAL3,7041
RAC1,7042
TIMM44,7043
ZBTB1,7044
SLC18B1,7045
ZNF841,7046
CHGA,7047
PAQR5,7048
HBA1,7049
IL17REL,7050
PRRT1,7051
ZNF154,7052
AQP1,7053
BRCC3,7054
IL17RD,7055
GPR87,7056
CHKB,7057
ERAL1,7058
TRAPPC10,7059
SCNN1A,7060
PPP1R7,7061
DARS2,7062
JPH4,7063
POGLUT3,7064
ARMCX6,7065
PLPP3,7066
PPP2R1B,7067
ST6GALNAC6,7068
HP1BP3,7069
STARD9,7070
SERAC1,7071
SLC25A30,7072
PNLDC1,7073
AGR2,7074
CELSR1,7075
FAM193A,7076
ARL5A,7077
TEX261,7078
SPOUT1,7079
NEK9,7080
JAKMIP2,7081
CELF4,7082
WIPI2,7083
PGLYRP3,7084
SDC2,7085
ZBTB5,7086
CLEC16A,7087
GNB3,7088
TEX14,7089
TSPAN10,7090
LPL,7091
CHCHD2,7092
TMEM175,7093
RNF44,7094
KCNC3,7095
LHB,7096
KIAA1614,7097
CDK5RAP3,7098
TTI1,7099
CYP20A1,7100
CCDC40,7101
ZNF445,7102
H3C11,7103
TAL2,7104
THAP11,7105
CDH2,7106
OXSR1,7107
EXOC3L4,7108
MUC16,7109
SAMD10,7110
SLC25A51,7111
CNNM1,7112
SMG7,7113
EXOSC3,7114
C21orf58,7115
SIPA1L1,7116
TIGD3,7117
CDK5,7118
DCAF17,7119
RIN1,7120
TIMMDC1,7121
RPL28,7122
ANKRD17,7123
XKR7,7124
CAND1,7125
WDR19,7126
MFSD11,7127
NAA60,7128
KIAA1217,7129
PANK4,7130
USP11,7131
B3GAT1,7132
CRELD1,7133
SLC1A2,7134
LSM2,7135
LETM2,7136
INTS2,7137
NECTIN1,7138
VEGFD,7139
SH2D4A,7140
DCAF13,7141
YOD1,7142
DNTTIP2,7143
RO60,7144
TGM5,7145
SARNP,7146
JUP,7147
INF2,7148
AURKC,7149
EARS2,7150
BTBD1,7151
GPR155,7152
POLDIP2,7153
TSPAN1,7154
BBLN,7155
NALCN,7156
VIPAS39,7157
STX1B,7158
SETD1B,7159
HSD17B1,7160
CLCN3,7161
C8G,7162
FKBP8,7163
HSD17B6,7164
BEST3,7165
FBF1,7166
TNFRSF19,7167
FBXO46,7168
MRPS7,7169
SASS6,7170
BFSP2,7171
ZNF486,7172
MUC12,7173
GFRA1,7174
CCL28,7175
ALX1,7176
TCF20,7177
TMSB15A,7178
EXOSC8,7179
FBXL20,7180
SHC4,7181
TMEM222,7182
ZNF496,7183
TBC1D7,7184
TRAPPC2,7185
DUSP12,7186
SOGA1,7187
COPS7B,7188
GPC3,7189
TASOR2,7190
CCND1,7191
DMPK,7192
MME,7193
TRA2A,7194
KDM4A,7195
NBPF10,7196
COPS3,7197
TBC1D8,7198
PRPH2,7199
EVA1A,7200
ITIH1,7201
ODAD2,7202
NBPF15,7203
PSPH,7204
CCDC136,7205
CNIH4,7206
PSMA2,7207
SLC16A9,7208
CCR6,7209
ARPC1A,7210
ARHGEF40,7211
HCRTR1,7212
TPO,7213
PRDM4,7214
PRR5,7215
ELAVL1,7216
NLGN4Y,7217
GFAP,7218
CHORDC1,7219
CYTH3,7220
AAGAB,7221
HCCS,7222
TRRAP,7223
CORO2A,7224
MCC,7225
ARHGAP18,7226
SNX3,7227
PRR7,7228
NAALADL1,7229
ADGRD1,7230
ERCC1,7231
TMCO4,7232
TEX15,7233
NCMAP,7234
THEM4,7235
CDK9,7236
TPD52L1,7237
MS4A3,7238
SIX2,7239
P3H2,7240
POU2F1,7241
ITM2A,7242
TGFBRAP1,7243
RNF175,7244
ITGB5,7245
TSC22D4,7246
IGFBP2,7247
KIF25,7248
URB1,7249
ABCF3,7250
EMC6,7251
ACP7,7252
PRKD1,7253
TIAL1,7254
BPI,7255
SLC39A14,7256
DHTKD1,7257
JAKMIP3,7258
TOMM5,7259
CDK14,7260
PFDN6,7261
RAB43,7262
TRIAP1,7263
MMP8,7264
H1-4,7265
SPINK7,7266
MORF4L1,7267
RHPN2,7268
TTC22,7269
RFC5,7270
TYRO3,7271
TSC22D3,7272
H3C4,7273
FLRT3,7274
CTNNBL1,7275
NQO2,7276
HNRNPA0,7277
ESRRA,7278
PPFIBP2,7279
TMEM160,7280
CALML3,7281
FAM168A,7282
KCNAB3,7283
AHCY,7284
CLCN6,7285
NLRP6,7286
EGR4,7287
CADM1,7288
LGALS9B,7289
ATG4C,7290
MFSD4B,7291
JRK,7292
NDC1,7293
RNF114,7294
USF2,7295
GPR25,7296
PHC3,7297
WFDC1,7298
TSGA10IP,7299
SRSF2,7300
SETD1A,7301
GDNF,7302
SLC10A7,7303
CEP76,7304
FBXL7,7305
SMTN,7306
PTTG2,7307
GSKIP,7308
DHX57,7309
PIGG,7310
TIPARP,7311
ZNF736,7312
ZNF707,7313
OR52N4,7314
ITLN2,7315
IQSEC3,7316
EPS15L1,7317
DNAJC18,7318
PPP1R17,7319
GABRQ,7320
GRIK4,7321
LAMTOR1,7322
PNMA5,7323
CEACAM19,7324
TENT5A,7325
TNFAIP8L3,7326
FABP6,7327
WNT9A,7328
ARPP21,7329
OTUD5,7330
MAMDC4,7331
TAL1,7332
PADI4,7333
ZBTB25,7334
BLTP3B,7335
PLIN2,7336
TTC39B,7337
NKTR,7338
PPP2CA,7339
ARHGEF18,7340
ZNF780B,7341
PDLIM5,7342
RALA,7343
FBXO43,7344
APH1A,7345
WNT9B,7346
DRAM2,7347
SLBP,7348
PRPF19,7349
DXO,7350
ASPRV1,7351
ASTN2,7352
EPHB1,7353
EXOC4,7354
SOX4,7355
HEXA,7356
TLR9,7357
UNK,7358
ZDHHC21,7359
SRSF3,7360
MPIG6B,7361
LRCH4,7362
SNAP29,7363
ANKRD49,7364
NUDCD1,7365
CCDC57,7366
EPHA3,7367
NANOS3,7368
DPY19L3,7369
PKP4,7370
INPP4B,7371
CLIP4,7372
GLS,7373
CYP1A1,7374
GRB10,7375
ZNF584,7376
ZNF202,7377
UMPS,7378
CNOT3,7379
TMEM132D,7380
KCTD19,7381
POC5,7382
NEIL2,7383
FOXC2,7384
TSACC,7385
ZBTB9,7386
FBXO44,7387
FAM90A1,7388
KIAA1586,7389
MAMDC2,7390
SNAP47,7391
CYBRD1,7392
KCNJ10,7393
USP31,7394
ANTKMT,7395
NCALD,7396
ZBTB7C,7397
ARF5,7398
RHOC,7399
RBP7,7400
TAC3,7401
DDX17,7402
SETD2,7403
TDRD10,7404
BABAM2,7405
CALML4,7406
ZNF695,7407
CAPZA2,7408
TMEM130,7409
TPCN1,7410
RTL10,7411
PPME1,7412
CHMP6,7413
HMOX2,7414
LRRC4C,7415
STK35,7416
ANKRD35,7417
SFXN1,7418
MAU2,7419
CDSN,7420
XKR8,7421
DGAT1,7422
UBL5,7423
ELOVL3,7424
SRL,7425
KIF3A,7426
CCS,7427
NPRL3,7428
MPRIP,7429
SHOX2,7430
MAP2,7431
LAMB1,7432
ZNF37A,7433
MLLT1,7434
LYNX1,7435
PKNOX2,7436
NUP107,7437
RTCA,7438
DSTN,7439
TM9SF2,7440
RAB33B,7441
ONECUT2,7442
ALX4,7443
STARD7,7444
INAFM1,7445
APLP2,7446
CAPN12,7447
MIEF1,7448
NOPCHAP1,7449
BEGAIN,7450
MED19,7451
MGAT4A,7452
BTNL8,7453
CLNK,7454
DARS1,7455
ELOVL7,7456
USP34,7457
CACTIN,7458
PPP6R2,7459
FCHO2,7460
RBM5,7461
TNS1,7462
ELOC,7463
SCN3B,7464
NTM,7465
LAGE3,7466
METTL2A,7467
TNNT3,7468
EFR3B,7469
MRPL54,7470
RBM22,7471
ISY1,7472
RFX1,7473
PRUNE2,7474
KCNH3,7475
STK11,7476
DDRGK1,7477
DTNBP1,7478
MAGOH,7479
GHDC,7480
TCTN1,7481
PRKCI,7482
ABCA9,7483
RPIA,7484
CHID1,7485
DNAH17,7486
FLCN,7487
INTS6L,7488
RHBDL2,7489
DCC,7490
PROM2,7491
ZNF282,7492
AIFM2,7493
TRMU,7494
FCN2,7495
THPO,7496
OLFM2,7497
CFAP57,7498
SCAND1,7499
LACC1,7500
MAMLD1,7501
ZNF70,7502
AMZ1,7503
COPZ2,7504
CWC25,7505
PCDHB15,7506
SYT15,7507
DYRK4,7508
CRP,7509
SDC1,7510
MRPL32,7511
DNASE2B,7512
INTS4,7513
ZNF300,7514
TBL3,7515
SLFNL1,7516
GALM,7517
DLL4,7518
HBA2,7519
CCP110,7520
SUZ12,7521
NDUFAF2,7522
CPOX,7523
NR1H3,7524
ADD1,7525
MZT1,7526
CA9,7527
FOCAD,7528
LAMTOR2,7529
LCE3A,7530
RSKR,7531
CYP2C18,7532
THSD7A,7533
FKRP,7534
EIF2AK3,7535
PRKAR2B,7536
PTPRA,7537
CMTR2,7538
ATP1A1,7539
KREMEN1,7540
DCAF5,7541
PALB2,7542
TOLLIP,7543
ECM2,7544
PCID2,7545
HES6,7546
PCNT,7547
KCNS1,7548
PLEKHG4B,7549
RBM8A,7550
DLL3,7551
DPT,7552
SOBP,7553
RNF6,7554
FAM178B,7555
EPS15,7556
SEC11A,7557
VILL,7558
ERF,7559
SLC38A1,7560
B3GALNT1,7561
CDH24,7562
FAM13C,7563
NUDC,7564
PLEKHB1,7565
ZFTA,7566
RABEP1,7567
PPP3CB,7568
ZSCAN32,7569
MRPL55,7570
LNPEP,7571
ZFPM2,7572
FNBP4,7573
ARL9,7574
KIRREL3,7575
HSPD1,7576
LARS1,7577
SLC46A1,7578
LTK,7579
ZNF408,7580
IGF2,7581
IQCD,7582
PROX2,7583
CTDP1,7584
MRAP,7585
EPHA4,7586
TFB2M,7587
LRFN5,7588
H4C14,7589
FER1L5,7590
ZNF484,7591
SRPK2,7592
ZNF346,7593
MYLK3,7594
PTPRN,7595
TPTE2,7596
RAB12,7597
SLC30A4,7598
TCP11L2,7599
PPIP5K1,7600
DPYS,7601
HILPDA,7602
YIPF3,7603
FAM171B,7604
PTDSS2,7605
ZNF829,7606
COG4,7607
E2F5,7608
TSPAN5,7609
PABPC3,7610
SLC35C2,7611
SERPINC1,7612
ST7,7613
MEIS2,7614
PAEP,7615
GPR35,7616
LCE3D,7617
MTX3,7618
AKAP14,7619
RNF17,7620
H2AC4,7621
SLC8A2,7622
MLNR,7623
P2RX5-TAX1BP3,7624
NBPF11,7625
MAD1L1,7626
PPIH,7627
COX7A1,7628
TEKT1,7629
H1-10,7630
BPGM,7631
RBFOX2,7632
IBTK,7633
DCAF4L1,7634
SLC39A3,7635
ZNF813,7636
CHRAC1,7637
RBM15B,7638
UNC13A,7639
BICRA,7640
DOLPP1,7641
SEZ6L,7642
PRIM1,7643
MTBP,7644
MAP3K10,7645
H3C10,7646
RNF215,7647
DDX42,7648
SLC66A1,7649
UROD,7650
CREB1,7651
EPHB6,7652
AR,7653
MRPL13,7654
ZNF428,7655
ZMYM4,7656
PRRC1,7657
PDE4D,7658
MYCBPAP,7659
MPZ,7660
CCDC43,7661
CAPN11,7662
VWA5A,7663
EBF4,7664
DAAM2,7665
LCAT,7666
CDK7,7667
AVIL,7668
ANKEF1,7669
WIZ,7670
HAX1,7671
MYO5B,7672
ITPR2,7673
NSFL1C,7674
LSM6,7675
RIOK3,7676
GNL1,7677
CAPS,7678
MACROH2A2,7679
FBXO9,7680
DCTN1,7681
TRIM9,7682
OTOA,7683
CAPSL,7684
RAB3GAP1,7685
DUSP16,7686
DHRS7,7687
ZFP36L2,7688
KIAA1210,7689
SLC25A46,7690
NTAN1,7691
TAF5,7692
PPP1R3D,7693
DZANK1,7694
ANO1,7695
ZBTB39,7696
TUBD1,7697
ADH1B,7698
MYPN,7699
SLC45A4,7700
CHM,7701
LHX2,7702
MADD,7703
ZNF750,7704
AQR,7705
GUCD1,7706
ZNF512B,7707
GATAD2B,7708
RIOX2,7709
MXRA7,7710
LRRC46,7711
CPLX1,7712
SLC22A31,7713
C17orf58,7714
MFSD14A,7715
ARGLU1,7716
MTRR,7717
RPAP3,7718
GPR137C,7719
FGF18,7720
YTHDF3,7721
SFTA2,7722
PDCD6,7723
PTP4A1,7724
TMEM117,7725
WNK1,7726
MGRN1,7727
MIER1,7728
LYSMD3,7729
POLD4,7730
RDH10,7731
ZCCHC3,7732
MMEL1,7733
LONP2,7734
RRP8,7735
MRPS11,7736
MAOB,7737
SRRM2,7738
NFAT5,7739
PSMA8,7740
STRN,7741
ZFAND6,7742
DTD2,7743
GRM4,7744
KCTD4,7745
GCK,7746
CC2D1A,7747
MAN2C1,7748
ZNF850,7749
KLHL30,7750
TSPAN16,7751
CCDC125,7752
SEPTIN5,7753
SULT1C4,7754
ASL,7755
NRG1,7756
NCOR2,7757
BRAT1,7758
PUS7L,7759
GNAS,7760
HEPH,7761
FAAP20,7762
HMSD,7763
ERICH1,7764
RNF125,7765
KCND2,7766
ESYT3,7767
SELENOT,7768
EIF4H,7769
KIAA0319L,7770
CABLES2,7771
TUBB1,7772
UCP3,7773
SLC39A12,7774
PRR14L,7775
TMUB2,7776
SLC25A5,7777
ERN2,7778
TIMM50,7779
RSRC2,7780
GPR108,7781
SPA17,7782
PHF1,7783
CTCF,7784
DUS3L,7785
RING1,7786
IMPDH2,7787
NCK1,7788
XPO7,7789
GRPEL2,7790
GTF3C1,7791
RBM33,7792
GGN,7793
MTG2,7794
SLC9A3R1,7795
ANO2,7796
COX10,7797
GDI1,7798
COQ10A,7799
POM121,7800
CDKAL1,7801
DIS3L2,7802
SPRY1,7803
CCDC168,7804
FTH1,7805
HDX,7806
DKK1,7807
FZD5,7808
C2orf42,7809
ZNF318,7810
SPACA4,7811
TBC1D23,7812
ELOVL6,7813
NOM1,7814
PRELID3A,7815
RPTOR,7816
CA8,7817
COX6B2,7818
NRAP,7819
NIFK,7820
TMEM95,7821
RPL18A,7822
PTPN5,7823
SMC6,7824
PPP4R3A,7825
IMP3,7826
GCKR,7827
TH,7828
PRR29,7829
NRXN2,7830
NAGLU,7831
ANP32B,7832
TMED7-TICAM2,7833
N4BP2,7834
NXF3,7835
SYAP1,7836
CLUH,7837
UBR2,7838
PHAF1,7839
DSCC1,7840
RNF41,7841
AP4M1,7842
RPS6KB1,7843
VTI1A,7844
TIPRL,7845
RCVRN,7846
ZFR,7847
PBRM1,7848
FEZ2,7849
SYT14,7850
FTO,7851
MRPS12,7852
BIRC6,7853
SLC16A10,7854
C8orf58,7855
SLC27A1,7856
MRPL20,7857
SYNE1,7858
DRC3,7859
SERTAD3,7860
PYGM,7861
NUPR1,7862
TYW3,7863
TET2,7864
GRM8,7865
SLC4A1AP,7866
CHCHD3,7867
TEPSIN,7868
SFR1,7869
PRPF8,7870
FOXL1,7871
IFRD1,7872
SHANK1,7873
CLDN7,7874
CPA6,7875
DISP3,7876
SRR,7877
MESP2,7878
GLTP,7879
CLK4,7880
NOTUM,7881
BSG,7882
HNRNPUL1,7883
RAD9B,7884
GSC,7885
H4C11,7886
KREMEN2,7887
RTP5,7888
TRIM72,7889
TAC1,7890
TMEM196,7891
GTF2IRD1,7892
AGT,7893
SFSWAP,7894
NDUFS8,7895
H3C1,7896
MUCL3,7897
ANKRD37,7898
RUSC2,7899
INTS1,7900
BFAR,7901
OSBP2,7902
SUSD4,7903
HCFC1R1,7904
FAM135A,7905
RDM1,7906
CPZ,7907
PIK3C2A,7908
FAM117A,7909
STAG3,7910
HSPA14,7911
GDPGP1,7912
CNTROB,7913
B3GNT6,7914
TM4SF4,7915
CIAO1,7916
KCNA7,7917
DYNC1LI1,7918
SNCG,7919
COX4I2,7920
MPDZ,7921
YPEL3,7922
SLC26A8,7924
ZGLP1,7925
KNSTRN,7926
ZC3H10,7927
MAN2A1,7928
DZIP1L,7929
ZGPAT,7930
LRRC42,7931
DAGLA,7932
CCK,7933
ZDHHC13,7934
HOXB7,7935
CHUK,7936
SUV39H1,7937
EFCC1,7938
SMIM29,7939
COMMD8,7940
ITGA2,7941
AVPR2,7942
ZNF107,7943
PPM1D,7944
PSMC6,7945
MRPS23,7946
FAM135B,7947
XRCC1,7948
GRIN2A,7949
POLDIP3,7950
ARPIN,7951
PRH2,7952
PROS1,7953
MTERF3,7954
EFHC1,7955
PARD6A,7956
CDK8,7957
PSMB7,7958
SOX11,7959
RALBP1,7960
GPR37L1,7961
LRATD1,7962
ZNF576,7963
PHF8,7964
H4C2,7965
SOX9,7966
KCMF1,7967
SLC44A4,7968
TEX29,7969
ADAM32,7970
MSS51,7971
LAMA1,7972
ACSM1,7973
MEPCE,7974
TBCCD1,7975
TPP2,7976
ZDHHC1,7977
TSPO2,7978
PLRG1,7979
TP53I13,7980
FBL,7981
PDCD5,7982
BORCS5,7983
CPE,7984
HECTD3,7985
CFAP161,7986
FOXF2,7987
RHNO1,7988
SNX33,7989
TRO,7990
PTPRN2,7991
DCANP1,7992
PHETA1,7993
ZBTB7A,7994
B3GALT6,7995
ATRIP,7996
TCF7L1,7997
WDR75,7998
WDR74,7999
GABPA,8000
DBF4B,8001
ESRP2,8002
ST3GAL4,8003
SP4,8004
RPP14,8005
LZIC,8006
ZIK1,8007
ZNF165,8008
NMUR2,8009
KANSL2,8010
SURF2,8011
TMTC2,8012
C15orf62,8013
PNISR,8014
RNMT,8015
PKDCC,8016
WDR11,8017
SNAP91,8018
LEMD1,8019
BORCS6,8020
TOMM22,8021
MYOZ3,8022
CEP120,8023
PKD1L2,8024
TUBGCP4,8025
IRAG1,8026
LMOD1,8027
ZNF436,8028
TAS1R1,8029
CD300LG,8030
TMED7,8031
BMAL1,8032
PTS,8033
PISD,8034
HACD1,8035
FAM120C,8036
PPP1R2,8037
DNAJC11,8038
FAM104A,8039
TRUB2,8040
POU4F1,8041
CHCHD1,8042
MOCOS,8043
CLBA1,8044
GSTCD,8045
PCGF3,8046
CEP350,8047
HLA-DQB2,8048
LRFN4,8049
TREML4,8050
SLC6A1,8051
TMEM138,8052
ILDR2,8053
SLC18A1,8054
POFUT1,8055
RAB18,8056
LTBP4,8057
WWP2,8058
USP42,8059
SPATA5,8060
BDNF,8061
CHMP1B,8062
CCDC142,8063
ANGPTL7,8064
HDGFL3,8065
SSU72,8066
CA5B,8067
GNPTAB,8068
COG8,8069
IKZF2,8070
CAMTA2,8071
AGO4,8072
CREBBP,8073
PIGX,8074
RASA1,8075
AP3M1,8076
DIPK1A,8077
COX6B1,8078
HEXD,8079
ZNF578,8080
YAF2,8081
UQCC2,8082
BZW2,8083
LSS,8084
DNAJA2,8085
RAPGEF6,8086
TAF1,8087
SPHK2,8088
ZNF587,8089
SNX12,8090
GMPS,8091
PRRG3,8092
TBL1X,8093
CD164L2,8094
LMLN,8095
SYNDIG1,8096
MRPS21,8097
WDR26,8098
SPRN,8099
FAM83H,8100
HOATZ,8101
THBS4,8102
BTF3L4,8103
GPAT2,8104
GUCA1B,8105
TBC1D10A,8106
LXN,8107
PEX26,8108
MRM2,8109
POLR3B,8110
VRK3,8111
VRK1,8112
MAGED2,8113
ZNF367,8114
ZNF354B,8115
CNOT6L,8116
CROCC,8117
ORMDL3,8118
SCARB2,8119
NT5C3B,8120
EPHA7,8121
LINGO3,8122
ARG1,8123
MOB1B,8124
TBC1D22A,8125
STK32B,8126
HECW1,8127
PCDHGC4,8128
GSTK1,8129
LBX2,8130
TICAM2,8131
GPATCH3,8132
PTPN14,8133
SPTBN1,8134
ISYNA1,8135
PLGRKT,8136
SEMG1,8137
PROCA1,8138
PPP2R3B,8139
BTAF1,8140
ZNF28,8141
PBDC1,8142
EFL1,8143
RP1,8144
HOXA1,8145
ZNF827,8146
ADAT2,8147
ABCA6,8148
WASHC2A,8149
LPP,8150
SLC66A3,8151
SPRR2G,8152
CTRL,8153
RPL26L1,8154
GPR75,8155
KCNA1,8156
GRAPL,8157
COL9A3,8158
ACAP3,8159
SYNC,8160
MAVS,8161
RORA,8162
RBBP8,8163
NSDHL,8164
PTEN,8165
SH3TC2,8166
VPS11,8167
TMOD2,8168
SLC9A8,8169
NLRP4,8170
GSN,8171
ZNF132,8172
HEATR9,8173
NFE2L1,8174
KCNK1,8175
CERS2,8176
ZBTB24,8177
NR2C2AP,8178
E2F6,8179
PDIA2,8180
COX8A,8181
APIP,8182
TSC22D2,8183
GNPTG,8184
ARFGEF2,8185
VAT1L,8186
ZNF182,8187
ZNF609,8188
GPR182,8189
RPA3,8190
FAT3,8191
SLC25A24,8192
KRAS,8193
ZNHIT6,8194
ADH4,8195
PAIP2,8196
FARS2,8197
MYH7,8198
ASAH1,8199
ZNF516,8200
MAF,8201
PAK3,8202
GRM5,8203
AFF4,8204
IBSP,8205
SLC6A9,8206
SMYD5,8207
NR3C1,8208
SHOC1,8209
CNPPD1,8210
ACRV1,8211
NRG3,8212
SLIT1,8213
NUDT15,8214
MDC1,8215
MUL1,8216
CPB1,8217
ANK2,8218
ZFR2,8219
ZNHIT2,8220
PIP4K2B,8221
FGL1,8222
CHRDL1,8223
ZKSCAN3,8224
SNRNP35,8225
KCNT2,8226
NTS,8227
TRPM8,8228
AP2A2,8229
ZNF264,8230
PROM1,8231
CENPQ,8232
UROS,8233
FRAT2,8234
PSMD10,8235
PTPRU,8236
C6orf118,8237
PINLYP,8238
SYCP1,8239
MEF2D,8240
IL1RAPL1,8241
CTBP1,8242
SMPDL3B,8243
PAPOLA,8244
DDI2,8245
PRSS8,8246
ARHGAP24,8247
TCEANC,8248
HMGN3,8249
C7orf57,8250
COQ8B,8251
DSTYK,8252
KIF5A,8253
TRNP1,8254
NREP,8255
TM4SF20,8256
TDP2,8257
RHOBTB1,8258
GUCY1A2,8259
PDE1A,8260
CAMSAP2,8261
TTC9B,8262
FAM193B,8263
MRPL50,8264
LPCAT4,8265
EMCN,8266
RIPK4,8267
SSBP1,8268
TRIM63,8269
RAD21,8270
ZBTB42,8271
RPTN,8272
CUEDC1,8273
ANO9,8274
AJUBA,8275
ZNF157,8276
MEX3A,8277
IL4,8278
NDUFB11,8279
HPDL,8280
MYH8,8281
CLDN15,8282
AVPR1A,8283
HEY2,8284
CLEC2L,8285
ABHD8,8286
GABRA4,8287
GP5,8288
GOLGA5,8289
NEK5,8290
SCN4A,8291
ADAM21,8292
PLPPR4,8293
GOLM2,8294
SSB,8295
SPTLC1,8296
ATF6B,8297
ZMIZ1,8298
SPATA24,8299
CCN5,8300
MEOX2,8301
STRADA,8302
PDE2A,8303
TMX2,8304
C6orf89,8305
AOC1,8306
NDRG3,8307
OR13A1,8308
NEK8,8309
THAP8,8310
DMWD,8311
HIF1AN,8312
SMURF2,8313
RFX2,8314
UBA5,8315
CCDC66,8316
SLC8A1,8317
RFLNA,8318
ACTR8,8319
CARNS1,8320
DHX29,8321
GDF6,8322
NKAIN4,8323
CLIP2,8324
ATN1,8325
CGGBP1,8326
CEP131,8327
LCNL1,8328
NGF,8329
REG4,8330
KIAA0586,8331
LEMD3,8332
U2AF1,8333
FUBP3,8334
TFF2,8335
COMMD1,8336
MTMR2,8337
FOXD4,8339
EIF4E,8340
GOLGA8A,8341
SLC49A3,8342
ZNF354C,8343
WDR48,8344
TMC3,8345
NBPF20,8346
IDS,8347
AQP2,8348
H2BC3,8349
MKX,8350
CBLN4,8351
HNRNPA3,8352
MFN2,8353
VPS37C,8354
ZNF687,8355
BRINP1,8356
ARG2,8357
RWDD2A,8358
HHIP,8359
KLF1,8360
ASNSD1,8361
SLC31A2,8362
ARMC12,8363
DLST,8364
DNAH9,8365
SEPTIN3,8366
MEGF6,8367
LRRN1,8368
CCDC74A,8369
RFX8,8370
AANAT,8371
NAA80,8372
KRT72,8373
TP53RK,8374
VPS45,8375
TPMT,8376
PDCD7,8377
ANXA11,8378
CCR9,8379
IFT20,8380
STX16,8381
FKBPL,8382
MGAT4B,8383
MMS19,8384
RNF115,8385
ZNRF2,8386
FAM72A,8387
PLEKHG5,8388
APC2,8389
HECTD1,8390
TTC1,8391
KLRC4,8392
LEP,8393
SUPT4H1,8394
CFAP61,8395
MLIP,8396
SLK,8397
ETV3L,8398
ZCCHC7,8399
CTDSP2,8400
PPP1R11,8401
SPG11,8402
RYR1,8403
SLC14A1,8404
ZMYND10,8405
ZSWIM3,8406
ZNF667,8407
CHERP,8408
ADH7,8409
PLA2G4E,8410
DRAXIN,8411
CYB5R1,8412
AATF,8413
COL19A1,8414
NAGS,8415
COA1,8416
PSMC1,8417
PRSS1,8418
GRIA1,8419
TANC1,8420
TRIOBP,8421
LLCFC1,8422
PLIN4,8423
TOR1AIP1,8424
GSR,8425
BOLA2B,8426
SALL4,8427
ARHGAP6,8428
GALNT4,8429
CLDND1,8430
ANAPC5,8431
RNF187,8433
TM9SF3,8434
DRC1,8435
SYN1,8436
GABBR1,8437
COMMD2,8438
TBC1D22B,8439
PGLYRP1,8440
AADAC,8441
TAFAZZIN,8442
ITPR3,8443
LUC7L,8444
C9orf50,8445
DLK2,8446
LMF1,8447
CYCS,8448
HMGN1,8449
RAB22A,8450
DNAJC2,8451
STN1,8452
PSMF1,8453
OIT3,8454
RNF157,8455
CCDC184,8456
RANBP9,8457
F10,8458
AVL9,8459
SLC51A,8460
GNG10,8461
NDUFB2,8462
PRRG1,8463
PARN,8464
GAP43,8465
BMP8A,8466
GIT1,8467
LEFTY1,8468
NCOA4,8469
NEURL1B,8470
GGTA1,8471
CEP43,8472
RNASEK,8473
RNF39,8474
CAPN8,8475
ZNF655,8476
CHD7,8477
BUD23,8478
CLDN5,8479
MKRN2,8480
UBXN7,8481
SYNPO2,8482
SLC35E3,8483
ZFHX4,8484
ACER2,8485
C18orf21,8486
TUT4,8487
SEMA3C,8488
RELN,8489
SHQ1,8490
PDSS2,8491
FOXQ1,8492
IGFL1,8493
TMIE,8494
CFAP97,8495
PRTG,8496
SETDB1,8497
TMEM33,8498
COPS6,8499
PCSK5,8500
MET,8501
ADGRG7,8502
EDA2R,8503
SF3A1,8504
CCL23,8505
ZNF394,8506
REM2,8507
LRRC63,8508
KDM8,8509
HR,8510
FAM83C,8511
SAP30BP,8512
EDF1,8513
POLR1B,8514
SH3PXD2A,8515
AGK,8516
HPS6,8517
HES2,8518
RAB11A,8519
DLEU7,8520
TREX1,8521
MEIG1,8522
RBM18,8523
LYG1,8524
PRKACB,8525
UBE2D2,8526
CIAO2A,8527
MMP23B,8528
SUSD5,8529
PRR13,8530
SPINK6,8531
PANX2,8532
BCL2L15,8533
MRPL27,8534
BCL2L2,8535
CCNL2,8536
GNG7,8537
SORCS3,8538
PSMG2,8539
VAMP7,8540
TRIM6,8541
NFIC,8542
HMGCS1,8543
UVSSA,8544
TCAP,8545
PPWD1,8546
CDH13,8547
G3BP2,8548
TCP11L1,8549
PTP4A2,8550
PEX13,8551
GAS8,8552
RNF222,8553
LATS1,8554
LEPROT,8555
CDK10,8556
DPEP1,8557
CRCP,8558
SLC35D1,8559
H2BC13,8560
TUFM,8561
FKBP4,8562
DNTT,8563
KRT78,8564
SLFN14,8565
VWA7,8566
GPATCH2,8567
GTF2H1,8568
CYP26B1,8569
SHF,8570
ZFYVE27,8571
PAQR6,8572
ZNF548,8573
TMEM150A,8574
PLA2G5,8575
SREBF2,8576
COL24A1,8577
CEBPZ,8578
FARSB,8579
PRCD,8580
RABL6,8581
CPNE8,8582
BLZF1,8583
MYLK,8584
ABCB1,8585
PLAC9,8586
H2AZ2,8587
MTIF2,8588
TCEANC2,8589
SEMG2,8590
BAZ2B,8591
DNAJB12,8592
NHLH1,8593
OR56B1,8594
MAML1,8595
NAPB,8596
HINT1,8597
CTIF,8598
ZNF417,8599
DUS1L,8600
FAU,8601
TYRP1,8602
PPP5C,8603
ZCCHC9,8604
KDM5A,8605
HDAC2,8606
KPNA5,8607
UEVLD,8608
JDP2,8609
THUMPD3,8610
ZNF541,8611
IL36RN,8612
UBB,8613
ALDH8A1,8614
CKMT1B,8615
MOCS3,8616
UQCR11,8617
VPS35L,8618
CRACD,8619
CREB3L1,8620
NAA16,8621
MXD4,8622
DYNC2H1,8623
ZFYVE1,8624
SGCB,8625
ACTR5,8626
CRISPLD1,8627
SESN1,8628
MED14,8629
EP400,8630
CNGB1,8631
FAM222B,8632
DNALI1,8633
FBXO27,8634
LENG1,8635
ALOX12B,8636
MICAL2,8637
CYSRT1,8638
SLC22A14,8639
TKTL2,8640
ZNF764,8641
MT1F,8642
EPOR,8643
LKAAEAR1,8644
ZNF74,8645
ENTPD3,8646
IGFBP1,8647
HIP1R,8648
TENT5B,8649
LCE3E,8650
LRRC1,8651
ZBTB11,8652
KLHL10,8653
GLT8D1,8654
PCDHAC1,8655
CYB5D1,8656
C2orf66,8657
SSUH2,8658
KLHDC7A,8659
RFC1,8660
RRAS2,8661
ZNF468,8662
PTN,8663
NDUFA7,8664
MED13L,8665
MYO10,8666
SMIM43,8667
FOXO3,8668
CCDC154,8669
CYP4F11,8670
H4C1,8671
CLTB,8672
MIF,8673
KRT24,8674
TSPYL2,8675
ADCY2,8676
MARK4,8677
TMEM200B,8678
SGPP1,8679
LRCH2,8680
BOLA3,8681
MOSPD2,8682
WDR73,8683
CDH1,8684
PTMS,8685
TFF3,8686
EIF5AL1,8687
C1orf74,8688
CDH16,8689
PABPC5,8690
TAB2,8691
PSPN,8692
C19orf25,8693
SCAF1,8694
SRSF11,8695
ATOSA,8696
SHROOM4,8697
EXD2,8698
RGS17,8699
SLC34A1,8700
MISP,8701
ZNF669,8702
CEP192,8703
BRWD3,8704
SLC10A3,8705
GPC1,8706
C12orf43,8707
SCRIB,8708
EEF1E1,8709
TUB,8710
HPGDS,8711
SART1,8712
IFT140,8713
PAN2,8714
CMSS1,8715
ACTA1,8716
TARBP1,8717
SELENOF,8718
RHOT2,8719
ASIC1,8720
CD302,8721
TTLL12,8722
ARHGAP21,8723
TIRAP,8724
SIDT2,8725
KRT85,8726
MBP,8727
RNF113A,8728
RAF1,8729
NR2F2,8730
SCG3,8731
ZNF557,8732
KIF27,8733
IL36A,8734
CDH4,8735
NALF2,8736
ZFAND3,8737
KCTD9,8738
DNAAF5,8739
CHST9,8740
UBL4B,8741
WNT11,8742
TIA1,8743
HNRNPLL,8744
LARP4B,8745
DLX5,8746
CABP7,8747
HELZ,8748
CALHM4,8749
ASS1,8750
ZNF701,8751
GABBR2,8752
VWCE,8753
KDM3A,8754
ZNF239,8755
SF3A2,8756
CACNA1E,8757
SHLD1,8758
PLEKHA7,8759
NFE2L2,8760
POLE,8761
KLF3,8762
IGLON5,8763
ADGRL1,8764
OAF,8765
CHCHD5,8766
CADPS2,8767
AZIN2,8768
CAP2,8769
TCTA,8770
TXNDC2,8771
PGC,8772
ITSN1,8773
PAQR8,8774
H2BC7,8775
KTN1,8776
GP9,8777
ZNF558,8778
PCF11,8779
FAM229B,8780
NELFCD,8781
IVL,8782
HNF4G,8783
PCBP4,8784
RTN4RL2,8785
NAPSA,8786
NKX2-3,8787
GLE1,8788
ADCYAP1R1,8789
TMC7,8790
EEF2K,8791
CSNK2A2,8792
DAB2IP,8793
TMPRSS15,8794
KCNG1,8795
DDX3Y,8796
LCTL,8797
ZNF234,8798
KLK9,8799
CA2,8800
CLOCK,8801
BRMS1L,8802
TMEM62,8803
ZPLD1,8804
FBXO30,8805
FOXJ2,8806
SPATA9,8807
RFTN2,8808
SEC22A,8809
CREG1,8810
MED29,8811
RPGR,8812
EXOC8,8813
PZP,8814
C5orf34,8815
HCN1,8816
TTC26,8817
ZFHX2,8818
SNCA,8819
HUWE1,8820
TRMT61A,8821
CTXN1,8822
UGT1A8,8823
TAFA1,8824
ASPSCR1,8825
SH3GL3,8826
FIG4,8827
CCNT1,8828
ZNF625,8829
DNAAF6,8830
LPAR3,8831
CYP17A1,8832
METTL21A,8833
PYROXD2,8834
RIMKLB,8835
BCL2,8836
SREK1,8837
SLC30A3,8838
NFX1,8839
MAPKBP1,8840
CFAP45,8841
LOXHD1,8842
CHRNE,8843
JPT2,8844
KDM4B,8845
ZNF317,8846
RFPL2,8847
ATP6V1E1,8848
SLC6A3,8849
RECK,8850
MAGEH1,8851
PFKL,8852
ELOVL4,8853
TEX19,8854
ZFP91,8855
LYRM4,8856
NRTN,8857
ARL14,8858
ZC3H11A,8859
PLIN1,8860
GTF2I,8861
VEZT,8862
DBNDD2,8863
PRKCSH,8864
ZNF621,8865
RNASEH2B,8866
YIPF5,8867
PMPCA,8868
CPNE2,8869
LIPE,8870
FBXW8,8871
RIMKLA,8872
PIK3CA,8873
MBD5,8874
HERPUD2,8875
PLEKHG6,8876
CPXM2,8877
RTN4IP1,8878
CIAO3,8879
RASGEF1C,8880
PRELID3B,8881
PTOV1,8882
C2CD4C,8883
WDFY3,8884
RAD9A,8885
PCDHB5,8886
FAM171A2,8887
PDGFC,8888
LFNG,8889
MYOCD,8890
SLC16A7,8891
INTS8,8892
C2orf69,8893
TRIM54,8894
PPEF2,8895
HGFAC,8896
TMPRSS11A,8897
IGSF9B,8898
ATP5MF,8899
TENT4B,8900
MRPL9,8901
SLF2,8902
HNRNPUL2,8903
NUP88,8904
C6,8905
AP1M2,8906
SPEN,8907
UBQLNL,8908
SPACDR,8909
ART4,8910
INTS12,8911
SKAP2,8912
DUSP8,8913
PKD1L1,8914
SOX30,8915
CFAP300,8916
SMAD1,8917
BRD3OS,8918
ELAPOR1,8919
GAS2L2,8920
ERVMER34-1,8921
FIBCD1,8922
HTR2A,8923
SPR,8924
ADAM20,8925
NEURL2,8926
MUC13,8927
ANKS1A,8928
ETV1,8929
TMEM259,8930
LPIN3,8931
CIAO2B,8932
AMPH,8933
RHO,8934
NSMCE2,8935
UBA2,8936
ISLR2,8937
INTS3,8938
DOCK5,8939
ANKRD33,8940
METAP2,8941
PROSER2,8942
RSPH3,8943
SNAPC3,8944
UBQLN1,8945
EPHB3,8946
UPF1,8947
COPRS,8948
FXR2,8949
EML4,8950
PCDHB9,8951
L3HYPDH,8952
SEC23A,8953
C4orf47,8954
CA11,8955
SMAP1,8956
RPE,8957
STON1,8958
ZNF561,8959
KLK14,8960
HEXIM1,8961
ZNF597,8962
FBXO24,8963
TUBGCP5,8964
PLIN5,8965
ZNF284,8966
RNF186,8967
EEF2,8968
NUDT8,8969
FAM3A,8970
SOX8,8971
WRN,8972
NCAN,8973
MNS1,8974
BCCIP,8975
BORCS8,8976
APP,8977
ZBTB4,8978
ANKRD36,8979
SLC7A3,8980
TRPM6,8981
ATP5F1E,8982
ELP6,8983
GABRD,8984
SBSPON,8985
TGM4,8986
IFNLR1,8987
INKA2,8988
KCNC4,8989
HMCES,8990
ROBO2,8991
H3C6,8992
TCERG1,8993
PPFIA4,8994
ATXN10,8995
WDR93,8996
ZFHX3,8997
IL21,8998
RHOBTB2,8999
SEMA5B,9000
NUDT18,9001
LIFR,9002
TMEM252,9003
COPS2,9004
DHDDS,9005
AZI2,9006
JADE3,9007
KCNK2,9008
SLC29A4,9009
PXMP4,9010
HSPB2,9011
SORT1,9012
LDOC1,9013
IDUA,9014
KAT6A,9015
RNFT1,9016
XYLT2,9017
CCDC81,9018
ZBBX,9019
SFTPA1,9020
SLC52A1,9021
ZNF76,9022
SMKR1,9023
KMT2B,9024
MYZAP,9025
ZNF740,9026
HPD,9027
KAT2B,9028
LY6K,9029
MPHOSPH8,9030
CSPG4,9031
KRT37,9032
MLST8,9033
RAD51C,9034
CDC20B,9035
OSBPL5,9036
ZNF114,9037
LRRC69,9038
TSLP,9039
ARID2,9040
CFAP157,9041
RBAK,9042
UBE2W,9043
ZNF212,9044
UBAP2,9045
ABHD13,9046
IL5,9047
MKNK2,9048
BTBD3,9049
RIMBP3B,9050
TTF1,9051
PLEKHA8,9052
SELENOK,9053
UAP1,9054
HIGD1A,9055
STOML2,9056
EPB42,9057
CDKL5,9058
MGAM2,9059
KRT27,9060
C9orf64,9061
MLLT6,9062
LTN1,9063
PIERCE1,9064
JAG2,9065
XRRA1,9066
TMX4,9067
CHD6,9068
CASR,9069
ASIP,9070
PRKAR1B,9071
MDM1,9072
KCTD13,9073
SARDH,9074
IL17B,9075
DCAF11,9076
LEPR,9077
PADI3,9078
LRRC37B,9079
PDX1,9080
TEDC1,9081
LRRN2,9082
COPS4,9083
RADIL,9084
NMNAT1,9085
ZNF619,9086
MAB21L2,9087
COMMD4,9088
PLCXD2,9089
DHRS1,9090
STK25,9091
SRPK1,9092
RUFY3,9093
MARCHF3,9094
TFEB,9095
ZNF347,9096
FZD4,9097
TMEM121,9098
NMNAT2,9099
PIANP,9100
KCNK9,9101
SIK3,9102
PRL,9103
FAM81B,9104
NKIRAS1,9105
TRIM7,9106
ZNF611,9107
DKKL1,9108
ST6GALNAC5,9109
GANC,9110
GALNT1,9111
MEIS1,9112
H3C13,9113
GOLPH3,9114
COX17,9115
ZNF354A,9116
IL20RB,9117
ZNF304,9118
SPAG17,9119
DHCR24,9120
KMT2A,9121
SRRM1,9122
SRMS,9123
MPI,9124
MMAA,9125
JMJD8,9126
MAGOHB,9127
CHRNB1,9128
NDUFA4,9129
TMEM120B,9130
ZNF691,9131
ARSG,9132
MAGEE1,9133
ZNF219,9134
ABCA13,9135
GDF3,9136
ZNF133,9137
UNC79,9138
INTS11,9139
PLEKHF2,9140
CACNA1F,9141
PCGF1,9142
APELA,9143
BIN1,9144
TIMM10B,9145
PPP1R12C,9146
MARVELD2,9147
WDR83,9148
RTL9,9149
CDC5L,9150
SLC25A3,9151
GATA4,9152
SCN3A,9153
ARNT,9154
FAM163A,9155
TRIM10,9156
SEPTIN7,9157
TEKT2,9158
ANKRD45,9159
CDK18,9160
PIP4K2C,9161
RERG,9162
POP5,9163
YJU2,9164
MAFK,9165
TNPO2,9166
IRX6,9167
NKD1,9168
FEM1C,9169
ILKAP,9170
CALY,9171
ENKD1,9172
SPATC1L,9173
MYOZ2,9174
CPLX3,9175
LTV1,9176
PTPRS,9177
NT5DC4,9178
LRAT,9179
EHMT2,9180
ITIH4,9181
ZMYND8,9182
PYCR2,9183
EPYC,9184
TEX2,9185
KLHL33,9186
CRTAP,9187
AKR1C2,9188
MMP21,9189
ISM1,9190
GPR158,9191
THSD1,9192
GSK3A,9193
RNF144A,9194
TLE6,9195
CEBPG,9196
ANAPC1,9197
SLC49A4,9198
NSMF,9199
KIRREL2,9200
PEG10,9201
NYNRIN,9202
INHBC,9203
RHD,9204
SCMH1,9205
PAICS,9206
MED31,9207
WDR90,9208
H2BC15,9209
ARMT1,9210
DDB1,9211
DLX3,9212
DNAJC16,9213
FGF1,9214
ZAN,9215
MED13,9216
VCPKMT,9217
CENPB,9218
EIF1AY,9219
SLC27A6,9220
TMEM185A,9221
NPAS2,9222
USP19,9223
ZBTB37,9224
CACNA1A,9225
DNASE1L2,9226
ADCK1,9227
TEKT5,9228
LIM2,9229
SMG1,9230
C1orf87,9231
SEC14L4,9232
B4GALT2,9233
PDZD7,9234
MARCHF7,9235
DMTF1,9236
TFCP2,9237
GEMIN4,9238
PPP4R2,9239
MMP15,9240
HRH3,9241
PTCHD4,9242
TRAPPC2L,9243
UBTD2,9244
TULP2,9245
BAD,9246
PCDHGB6,9247
ZNF449,9248
TTC31,9249
PHKG1,9250
PHLPP2,9251
DEXI,9252
RALY,9253
PRPF4B,9254
DSCAM,9255
BAIAP2,9256
CROT,9257
MC4R,9258
NDUFAF3,9259
BRME1,9260
IZUMO1R,9261
ZNF236,9262
GJB3,9263
ABCC5,9264
ZC3H7B,9265
MYCN,9266
C3orf80,9267
THRSP,9268
HDAC10,9269
ZNF283,9270
NOL12,9271
CCDC32,9272
NPHS1,9273
MAL,9274
CLVS1,9275
KCNV1,9276
SARS1,9277
HHAT,9278
ZBTB34,9279
MOV10L1,9280
MAP2K2,9281
TRARG1,9282
USP49,9283
AMER2,9284
FAM76B,9285
SCUBE3,9286
SLC35G5,9287
ANKRD54,9288
HS1BP3,9289
RPP38,9290
CDO1,9291
SSH3,9292
NUDT2,9293
KIAA0753,9294
AHCTF1,9295
GPR20,9296
POLR3E,9297
GPN1,9298
CCDC138,9299
RIPPLY3,9300
SLC39A2,9301
CACNA1B,9303
STYXL2,9304
MTMR12,9305
WIPF3,9306
ADNP2,9307
MFSD6L,9308
KCTD14,9309
TMEM19,9310
MAST3,9311
DGKG,9312
SLC17A5,9313
C20orf202,9314
CCDC159,9315
LRRC27,9316
GYS2,9317
SPAG6,9318
ID3,9319
CNIH1,9320
ZNF485,9321
CCL3L1,9322
SZT2,9323
OTX1,9324
COMMD10,9325
ADAMTSL5,9326
CITED1,9327
TMEM14A,9328
ZNF555,9329
MAP3K2,9330
SLC25A35,9331
PRSS57,9332
ATG4B,9333
HPCA,9334
ADAT3,9335
GPS1,9336
TFAM,9337
TGFA,9338
ZNF432,9339
AP1S1,9340
IHO1,9341
SLC9A3,9342
SALL1,9343
NKD2,9344
NKAPL,9345
ADCK5,9346
AFF1,9347
SCNN1G,9348
EPS8L2,9349
SRSF6,9350
SMURF1,9351
TSR3,9352
TMEM179B,9353
RPS16,9354
KRT81,9355
HDAC3,9356
SNCB,9357
MTFMT,9358
ALG13,9359
MRPS16,9360
ODAPH,9361
FAM83B,9362
FBXO42,9363
GRB7,9364
PTPRB,9365
CHRNA2,9366
GATB,9367
BICDL1,9368
TMEM233,9369
JMJD7-PLA2G4B,9370
FUZ,9371
ZNF407,9372
LIG3,9373
ERGIC3,9374
OLFML2A,9375
PIAS4,9376
PI16,9377
FATE1,9378
CDC23,9379
ARID1B,9380
CLDN10,9381
DYRK1B,9382
TBC1D15,9383
GABRA5,9384
SLC5A4,9385
ZYG11A,9386
UGT1A7,9387
MPP4,9388
USP9X,9389
FSCN2,9390
ZNF549,9391
ZBTB7B,9392
SLC12A1,9393
CCDC62,9394
HES7,9395
PRRT3,9396
RAX,9397
TAS2R60,9398
KRT79,9399
PNPLA3,9400
PPP3CA,9401
SHD,9402
FXYD7,9403
PDK3,9404
CCDC77,9405
RPRD1B,9406
C1orf56,9407
MIGA2,9408
ZNF423,9409
SLC22A11,9410
METTL2B,9411
CAPN5,9412
FHDC1,9413
CRYAB,9414
STX18,9415
LCLAT1,9416
TTC4,9417
KLK2,9418
MEST,9419
ATP7A,9420
MIOS,9421
POM121C,9422
WNT2,9423
FLYWCH1,9424
UBE2M,9425
ATF1,9426
NR2C2,9427
ZNF805,9428
LTA4H,9429
INO80,9430
TMCO2,9431
TIMM23,9432
ZNF652,9433
USP37,9434
SUN2,9435
UPF3B,9436
RCN2,9437
HEMK1,9438
FCGRT,9439
MRE11,9440
NMD3,9441
METTL16,9442
EBPL,9443
H1-6,9444
TNRC6C,9445
SLC29A1,9446
ATP2B1,9447
SNF8,9448
PXK,9449
PTPRH,9450
PLPP2,9451
TMEM267,9452
RIF1,9453
NSA2,9454
TSEN34,9455
HCFC2,9456
SYT6,9457
LRP2,9458
CDC26,9459
C6orf132,9460
RTL5,9461
GOLIM4,9462
ZNF330,9463
MEA1,9464
APLF,9465
TP53INP2,9466
QRICH1,9467
DNAH8,9468
TYW1,9469
CDON,9470
ANKRD11,9471
CARMIL1,9472
LCMT2,9473
REST,9474
SLC35F2,9475
FAM72B,9476
NBPF1,9477
SLC17A3,9478
CDC40,9479
CSRP1,9480
GLP1R,9481
CD9,9482
ZRANB3,9483
ARHGEF10L,9484
ADM5,9485
GPR88,9486
RHEB,9487
GABPB2,9488
POMGNT2,9489
NDUFAB1,9490
ZNF431,9491
MARVELD3,9492
ULK1,9493
SMPX,9494
ANKS3,9495
ARHGDIG,9496
RETREG3,9497
ABRA,9498
COA7,9499
FAM216A,9500
STYXL1,9501
ZBTB18,9502
DMC1,9503
MYO18B,9504
TRMT44,9505
S100A5,9506
THAP4,9507
RABL2B,9508
IAH1,9509
TMSB15B,9510
SAMD1,9511
C20orf144,9512
SP2,9513
ZP3,9514
KCNH8,9515
CASKIN2,9516
BRIX1,9517
KCNA5,9518
SLC22A12,9519
NPPA,9520
WSCD2,9521
H2AC8,9522
NIPAL2,9523
TBCA,9524
ZMYM6,9525
C1QTNF5,9526
G6PC2,9527
C20orf204,9528
INTS6,9529
ADGRF3,9530
KRTAP5-9,9531
CFAP276,9532
VWA3A,9533
FAM221B,9534
EPB41L4A,9535
ERCC2,9536
LMOD3,9537
RBM4,9538
OR2B6,9539
SPATA46,9540
ZNF22,9541
FOXP4,9542
NEDD9,9543
ABHD17A,9544
CRIP1,9545
SOD1,9546
TACR1,9547
NRN1,9548
NRARP,9549
NUP62CL,9550
MINDY2,9551
GPR78,9552
FSD1,9553
HOXD13,9554
LRRC57,9555
TAC4,9556
NPY2R,9557
C16orf87,9558
TTLL11,9559
ALKBH3,9560
EPHX4,9561
C1QTNF3,9562
SLC7A10,9563
LRRC43,9564
KANSL1,9565
LMAN2L,9566
FDFT1,9567
CACNA1G,9568
SUMF2,9569
CDKN1B,9570
ENGASE,9571
COG5,9572
CRYBA4,9573
CMAS,9574
STK3,9575
RDX,9576
STPG4,9577
TRIM66,9578
PLAAT5,9579
B3GNT4,9580
NEU2,9581
PLCH1,9582
RAB21,9583
TAF11,9584
BLVRB,9585
DCX,9586
SLC44A2,9587
CSRP3,9588
DVL3,9589
NDUFAF1,9590
DCDC2,9591
HSF2BP,9592
SPAST,9593
MMACHC,9594
RNF167,9595
PCDHB14,9596
RNF112,9597
TMCC3,9598
HYPK,9599
ELP3,9600
KHDRBS1,9601
RUNDC3A,9602
MS4A8,9603
VPS35,9604
PAQR9,9605
CHST8,9606
ZMYM3,9607
CEP170B,9608
MCU,9609
SRGAP2,9610
CRAMP1,9611
PRSS2,9612
GAB2,9613
RASL11A,9614
FECH,9615
SPRR2B,9616
SLX1B,9617
SLC47A1,9618
TG,9619
C10orf90,9620
B3GALT4,9621
FOXD4L1,9622
CALML5,9623
ATG16L1,9624
H3C7,9625
AGPAT2,9626
CNTNAP2,9627
GHITM,9628
SNRPA1,9629
CPA1,9630
STXBP4,9631
LHX9,9632
DEFA3,9633
CELSR2,9634
SH2D3A,9635
TENM1,9636
COL13A1,9637
FAM228A,9638
ZKSCAN2,9639
TRIP11,9640
B4GALNT3,9641
ASCL2,9642
ACO1,9643
COPG2,9644
NKAIN3,9645
PUS10,9646
KLHL11,9647
EPN1,9648
HSF2,9649
RPS27A,9650
TRPC3,9651
PFDN1,9652
LENG8,9653
PRPF3,9654
STX17,9655
CIDEB,9656
SLIRP,9657
MED11,9658
SELENOO,9659
L1CAM,9660
ZNF614,9661
CIZ1,9662
DOK6,9663
MIB1,9664
DKK2,9665
STK19,9666
VMAC,9667
HMGB1P1,9668
BTBD18,9669
ADSS2,9670
LMAN1L,9671
UFSP1,9672
GPSM2,9673
PLA2G4B,9674
LRMDA,9675
RHOV,9676
ALOX12,9677
ATF2,9678
DNAJC24,9679
NPAS1,9680
ZNF785,9681
POLR2J,9682
POLG2,9683
ZNF714,9684
GTF2H2C,9685
NEDD8,9686
MICA,9687
RPLP0,9688
VKORC1L1,9689
VRTN,9690
IMMT,9691
EFCAB8,9692
EYA2,9693
PEPD,9694
WTIP,9695
AGO3,9696
SLC26A2,9697
SLC37A3,9698
RPS2,9699
MMS22L,9700
SPACA6,9701
TRAF3IP1,9702
TSEN54,9703
CXXC5,9704
MORN4,9705
FASTKD2,9706
NOL4L,9707
ALDOB,9708
MIOX,9709
H1-2,9710
GALNT9,9711
CYP4B1,9712
ALG9,9713
GPR3,9714
RAD23A,9715
C19orf54,9716
KIAA0825,9717
EEPD1,9718
E4F1,9719
PCDHB13,9720
ZNF703,9721
SPTLC3,9722
PIN1,9723
MAP4K5,9724
MEGF8,9725
BAAT,9726
MRPS5,9727
GLP2R,9728
MCPH1,9729
TMEM169,9730
RAB3GAP2,9731
MAPK8IP2,9732
DISP2,9733
PAPOLG,9734
RSPH4A,9735
LRP12,9736
DRC7,9737
GRPR,9738
H4C13,9739
KCNT1,9740
CCSER2,9741
ABCA2,9742
ACSF3,9743
H2AC7,9744
CD207,9745
CFAP36,9746
RBMXL1,9747
NUDT11,9748
TGDS,9749
GYPE,9750
ODAM,9751
S100A1,9752
PIP4P2,9753
DCTN3,9754
RGS11,9755
ANKRD13B,9756
ZNF235,9757
RARB,9758
CLTCL1,9759
ZKSCAN7,9760
PPL,9761
MATN2,9762
ABT1,9763
JPH3,9764
RABGGTB,9765
STON1-GTF2A1L,9766
BEX5,9767
CLDN19,9768
NHLRC4,9769
DNAJB4,9770
SMARCD2,9771
SMAD3,9772
SPIDR,9773
RRM2B,9774
TPRA1,9775
USPL1,9776
ENTPD6,9777
C9,9778
UQCRQ,9779
GJC2,9780
CAMK2A,9781
SLTM,9782
GAS2L1,9783
NLE1,9784
C16orf91,9785
POP7,9786
B3GAT2,9787
PIGQ,9788
RBM46,9789
SH3D21,9790
WDR64,9791
H4C6,9792
RBM7,9793
FANCM,9794
TBC1D9B,9795
CST5,9796
TMEM164,9797
UTS2B,9798
SLC43A1,9799
ZNF878,9800
TRIM32,9801
KCNK7,9802
CEACAM8,9803
PDPK1,9804
EBLN2,9805
GTPBP8,9806
LDHAL6B,9807
ZPBP2,9808
ZNF160,9809
KIF1A,9810
SCO1,9811
SPATA2L,9812
EMC9,9813
SLC30A1,9814
DLX1,9815
MYLK4,9816
METTL3,9817
ZNF804A,9818
COL9A2,9819
DDX10,9820
GLRX2,9821
HACD2,9822
SLCO1C1,9823
TBC1D12,9824
SERPINA10,9825
VTCN1,9826
DCBLD2,9827
SUMO4,9828
PKD2L1,9829
PCDHB4,9830
PAPPA2,9831
ZNF623,9832
PLCB1,9833
SIK1,9834
H4C5,9835
HOXC6,9836
ABCB5,9837
PCDHB8,9838
ZNF709,9839
SYCE2,9840
CDR2,9841
TLL1,9842
SNX7,9843
PPIL4,9844
ADAMTSL3,9845
POLR3A,9846
QRICH2,9847
PDZD2,9848
LIX1,9849
ASTN1,9850
RORB,9851
AARS2,9852
WDPCP,9853
CFAP99,9854
GPD2,9855
FZD6,9856
WIPF2,9857
KLRC4-KLRK1,9858
OPRK1,9859
GOLGA1,9860
TTC27,9861
CRCT1,9862
GLUD2,9863
MRPL35,9864
SV2B,9865
VPS13B,9866
TBX15,9867
MRPL18,9868
C17orf49,9869
PPP2R5E,9870
GPHA2,9871
FXYD6,9872
NEK7,9873
NT5C,9874
KLHL35,9875
TAGLN3,9876
CFAP20DC,9877
PERP,9878
CYP2C9,9879
MSL2,9880
GIGYF2,9881
SLC6A7,9882
RRAGA,9883
YPEL5,9884
ABCA4,9885
TMEM184C,9886
C19orf33,9887
EVI5,9888
VAX2,9889
KRT19,9890
TTC14,9891
EFS,9892
CKM,9893
CCDC127,9894
RBPMS2,9895
SCN2A,9896
NELFA,9897
ZNF543,9898
WNK3,9899
ITM2B,9900
DAB1,9901
UBXN8,9902
TERF2,9903
HCN4,9904
MIEN1,9905
CHMP2A,9906
GLMN,9907
DNM3,9908
ACO2,9909
NME7,9910
RDH11,9911
OPN3,9912
MAP7D2,9913
TRMT13,9914
MYH6,9915
MATN1,9916
DTX4,9917
ZNF444,9918
TMEM74B,9919
DND1,9920
NDUFB3,9921
AGMAT,9922
FAM107B,9923
MB21D2,9924
TBC1D17,9925
CFAP46,9926
DNAH1,9927
ARL4D,9928
ZNF430,9929
DPM3,9930
ZNF175,9931
KCNMA1,9932
HADHA,9933
CGNL1,9934
SLX4IP,9935
HDAC5,9936
CLASRP,9937
SYT3,9938
HUS1B,9939
REXO1,9940
ART1,9941
PRRT4,9942
TRH,9943
APOA2,9944
CXorf58,9945
H2AJ,9946
COX5A,9947
TMEM9,9948
ABCD4,9949
DAPL1,9950
DNAH7,9951
ZG16,9952
GBE1,9953
TTBK1,9954
GALNT8,9955
RBM44,9956
NPR3,9957
TIAM2,9958
SMARCC2,9959
TBC1D30,9960
INO80E,9961
AAR2,9962
AXIN1,9963
SPATA32,9964
AAMP,9965
CFAP92,9966
PEX5,9967
TTC8,9968
PPP2R2D,9969
PAX8,9970
PHAX,9971
MYO7B,9972
CEP290,9973
NETO1,9974
FAM217B,9975
ENAM,9976
TBC1D4,9977
ZNF124,9978
EPDR1,9979
EBF2,9980
MEGF9,9981
KIR3DL1,9982
SLC24A1,9983
HDAC8,9984
IL1R2,9985
F7,9986
FZD1,9987
GSDMB,9988
SMOC1,9989
TBX4,9990
ZIC5,9991
NUS1,9992
SLC25A52,9993
ZSCAN2,9994
ORM2,9995
PC,9996
GALNTL6,9997
NDUFAF8,9998
BLOC1S4,9999
SPDYA,10000
CCDC47,10001
ZNF761,10002
CTAG2,10003
DES,10004
LUC7L3,10005
ELFN2,10006
PHLDB3,10007
LRRTM2,10008
CPTP,10009
KRT222,10010
GDE1,10011
KLHL42,10012
PLS1,10013
ANAPC2,10014
RGMA,10015
IRX3,10016
CLN8,10017
GLYATL2,10018
PDE4DIP,10019
ZNF362,10020
GARRE1,10021
DNAH3,10022
PAXIP1,10023
CAAP1,10024
TRIM31,10025
RFX4,10026
ZBTB49,10027
CCNI,10028
UQCRH,10029
HCG22,10030
IMPA2,10031
MUC3A,10032
PPP1R21,10033
SERF2,10034
SEMA3G,10035
MRPL15,10036
CALCB,10037
GRIK5,10038
COL21A1,10039
JADE1,10040
LMTK2,10041
SATB1,10042
IRGM,10043
ZNF512,10044
RREB1,10045
AGPAT1,10046
RBM34,10047
PRSS12,10048
ST8SIA2,10049
CCDC92,10050
GSK3B,10051
SEM1,10052
ZNF574,10053
RAB11FIP2,10054
ABTB3,10055
ARNT2,10056
ANKRD42,10057
EPC2,10058
ZFP42,10059
ARL8A,10060
NARS1,10061
OLIG1,10062
GCC2,10063
SPINK2,10064
JAGN1,10065
SMC5,10066
TRIO,10067
CCDC93,10068
TLE1,10069
RFNG,10070
DIRAS1,10071
LANCL3,10072
ATP2A1,10073
MED17,10074
GABRG3,10075
SLC28A1,10076
MATCAP1,10077
MYBPC1,10078
MRPS34,10079
RAPSN,10080
NME9,10081
SAP130,10082
DNAJC25,10083
HOXC4,10084
CCDC63,10085
OPN1SW,10086
KCP,10087
RIOK2,10088
ENSA,10089
C3orf20,10090
SCFD1,10091
KDM1A,10092
CPT1B,10093
FGF5,10094
H2BC6,10095
EGLN1,10096
ACSL3,10097
GADD45G,10098
TRAF4,10099
TBX3,10100
DIO1,10101
UBE3D,10102
NDUFA13,10103
BICDL2,10104
PARS2,10105
CPA2,10106
PCDHB7,10107
HNRNPCL1,10108
DMAC2,10109
RELL1,10110
UPK2,10111
DLGAP1,10112
EXOSC2,10113
INVS,10114
LMO1,10115
FKBP9,10116
FBXL14,10117
SYNPR,10118
H2AC21,10119
ATP2B3,10120
AQP6,10121
IDH3A,10122
ECD,10123
MIA,10124
LDB1,10125
SLX9,10126
TSPYL5,10127
ANAPC4,10128
CKS1B,10129
IBA57,10130
IL2,10131
UNC45B,10132
RTL3,10133
SNAPC4,10134
MAP3K19,10135
UPK1B,10136
DHX16,10137
IFT43,10138
MRPL19,10139
ZNF791,10140
FBXW10,10141
PLSCR2,10142
TMEM50B,10143
EEF1A2,10144
RPA4,10145
YWHAE,10146
ZCCHC8,10147
GRID1,10148
GHRHR,10149
KIR2DL4,10150
RPGRIP1L,10151
RPS29,10152
SNX2,10153
EMC3,10154
CPSF7,10155
PPP3R1,10156
BHMT2,10157
PRADC1,10158
RAB4B,10159
ACE,10160
KCNAB1,10161
CFAP418,10162
COX6A1,10163
ARVCF,10164
SPATA25,10165
TARDBP,10166
TSTD2,10167
MYO3B,10168
ZNF474,10169
IGF2BP2,10170
ENOPH1,10171
TECPR2,10172
RLN2,10173
YLPM1,10174
MAP2K4,10175
POU3F4,10176
ARL6IP1,10177
PEMT,10178
PSORS1C2,10179
HOMER2,10180
ATP6V0C,10181
FGF20,10182
OR52K2,10183
ATG5,10184
SMC1B,10185
MAF1,10186
PSD,10187
TVP23C,10188
CPN1,10189
PMFBP1,10190
FOXN1,10191
FBXO28,10192
MVD,10193
RNF13,10194
CHMP4B,10195
RCCD1,10196
ABI2,10197
KCNG2,10198
TINAGL1,10199
EMSY,10200
SUGT1,10201
DCTN6,10202
SWSAP1,10203
PDE4C,10204
VPS4B,10205
PYGB,10206
ZNF189,10207
CCDC188,10208
NDUFA9,10209
ADIPOQ,10210
VIPR2,10211
USP21,10212
C14orf132,10213
SH2D4B,10214
C18orf25,10215
BAG5,10216
LRRC38,10217
PRRT2,10218
COG3,10219
ZBTB33,10220
TMEM216,10221
RSRC1,10222
RILPL1,10223
ZFP64,10224
LIN7A,10225
MRPL23,10226
ARHGAP19,10227
RMDN3,10228
NDUFA11,10229
COG2,10230
EFNB3,10231
WNT6,10232
CAPRIN2,10233
IRX2,10234
STAG2,10235
RNF11,10236
NR2E1,10237
AKR1D1,10238
RBBP9,10239
POMZP3,10240
MRPS18A,10241
TMEM218,10242
IZUMO4,10243
DPYSL5,10244
AIRE,10245
VARS2,10246
CERS3,10247
ZC2HC1A,10248
HTR1D,10249
SLC20A2,10250
AIFM1,10251
ARFIP2,10252
ZNF546,10253
SLC10A6,10254
FABP4,10255
FIZ1,10256
DGKQ,10257
LAMB4,10258
FSHR,10259
SPACA9,10260
IRX5,10261
KCNQ4,10262
ZNF780A,10263
GPR52,10264
H2BC14,10265
SHARPIN,10266
C11orf68,10267
MFSD9,10268
MAMSTR,10269
TOPORS,10270
MAP6D1,10271
SCML2,10272
REV3L,10273
BST1,10274
TBC1D13,10275
GASK1A,10276
IPMK,10277
CDC16,10278
SCT,10279
FGFBP2,10280
AHNAK,10281
ERICH3,10282
CCNJL,10283
FAM181B,10284
TRPM4,10285
SARAF,10286
SHBG,10287
DGUOK,10288
REXO5,10289
SLC6A5,10290
HPN,10291
TCTN2,10292
SEC61A2,10293
SMU1,10294
CREG2,10295
SLC5A10,10296
TOX4,10297
DLG3,10298
ZBTB20,10299
GRIN2B,10300
GPLD1,10301
AZU1,10302
TESK1,10303
HERC1,10304
BTRC,10305
SOCS7,10306
SLC14A2,10307
PPP1R14D,10308
C5,10309
HGH1,10310
KYAT3,10311
NDUFB8,10312
OGN,10313
BMPER,10314
SLC48A1,10315
FOLR3,10316
C11orf80,10317
PCK2,10318
SIX3,10319
RAD23B,10320
EPHA8,10321
H4C3,10322
BPIFB4,10323
GCDH,10324
GKN2,10325
APEX1,10326
ADAMTS18,10327
RNF169,10328
GALC,10329
PDS5B,10330
CCN6,10331
ADARB2,10332
ZNF569,10333
FGF8,10334
DAP3,10335
FUT6,10336
PIGB,10337
ELP1,10338
VTN,10339
COX7B,10340
WFDC13,10341
SHC3,10342
BRSK2,10343
PPP2R5D,10344
CRYBG2,10345
RASL11B,10346
CDC42BPG,10347
DPM1,10348
THTPA,10349
ANKRD6,10350
PID1,10351
APBB1,10352
CLK2,10353
CDC42EP4,10354
RAD50,10355
UBXN10,10356
SFTPD,10357
CSTF3,10358
ZNF638,10359
CTU1,10360
ALOXE3,10361
AHI1,10362
PABPN1,10363
ENPP7,10364
CCDC13,10365
SSBP2,10366
NABP2,10367
SNRPD3,10368
METAP1,10369
RYR2,10370
USHBP1,10371
PDLIM2,10372
FRZB,10373
HRNR,10374
AQP8,10375
CWH43,10376
DDX46,10377
ZNF648,10378
WDR5B,10379
ZNF93,10380
TRMO,10381
YDJC,10382
LIN28A,10383
PDZD4,10384
MED23,10385
NPEPL1,10386
SALL2,10387
DGLUCY,10388
RTEL1-TNFRSF6B,10389
LSM5,10390
ESRP1,10391
MYRFL,10392
TMEM221,10393
C22orf23,10394
OSBPL2,10395
SYPL1,10396
GPATCH8,10397
C1QTNF2,10398
SCEL,10399
SP6,10400
ZBTB3,10401
RPL39,10402
FAM9C,10403
NMRK2,10404
MRPS24,10405
ZNF547,10406
NOL10,10407
NBAS,10408
DDX43,10409
CES1,10410
TK2,10411
GSTM5,10412
SDCCAG8,10413
HSD17B4,10414
LZTS3,10415
ABLIM1,10416
JPH1,10417
DPH7,10418
PMEL,10419
CAMK2N2,10420
LUZP2,10421
GDF15,10422
NHS,10423
KMT2C,10424
ABCA3,10425
NUP214,10426
ZNF221,10427
DAND5,10428
ALKBH6,10429
SPOCK1,10430
NIPBL,10431
PREX2,10432
PPP1R3B,10433
DGKI,10434
ZNF45,10435
NDUFS5,10436
ALG14,10437
HBP1,10438
SPEF1,10439
TRAPPC6B,10440
KCTD16,10441
BCOR,10442
RPS19,10443
NISCH,10444
MYO19,10445
GRM2,10446
OR2C1,10447
MAP7,10448
CXADR,10449
NLK,10450
KIF5C,10451
TMEM170A,10452
COG7,10453
GPKOW,10454
PRDX5,10455
KLHL36,10456
STX12,10457
NAAA,10458
CUBN,10459
GJB7,10460
CYB5B,10461
MYL7,10462
RND2,10463
BRD3,10464
FOXD2,10465
CDH8,10466
PLPP7,10467
C3orf14,10468
CYP21A2,10469
MTF2,10470
CFHR4,10471
CNKSR1,10472
CCDC87,10473
DR1,10474
REEP1,10475
PARD6G,10476
POU6F1,10477
MIDEAS,10478
PELP1,10479
FOXB1,10480
ATP6V1C2,10481
HCN2,10482
SPINK5,10483
BCORL1,10484
TMEM129,10485
NSMCE3,10486
CNGA3,10487
PLXNB3,10488
TEX26,10489
MRPL10,10490
GGT1,10491
DCUN1D1,10492
P4HA2,10493
WNT8B,10494
MECP2,10495
PLEKHG4,10496
GOSR1,10497
TTC12,10498
ECPAS,10499
KIAA1671,10500
KIR2DS4,10501
INTS10,10502
DUSP13,10503
RINT1,10504
OR5AK2,10505
PRPSAP2,10506
TRMT10C,10507
COX7A2,10508
PRG2,10509
PRR12,10510
PKP2,10511
CUL4A,10512
LHFPL5,10513
LAPTM4B,10514
CEACAM5,10516
DAZAP2,10517
ACBD7,10518
CLCC1,10519
TMEM37,10520
UFC1,10521
SLC22A7,10522
NAB1,10523
ZNF708,10524
KCNRG,10525
CFAP206,10526
THEM5,10527
NTAQ1,10528
ST6GALNAC3,10529
TRIM55,10530
ANGPT4,10531
ACSL6,10532
CHRM3,10533
TASOR,10534
MAS1,10535
SLC13A4,10536
DLL1,10537
ZNF266,10538
A4GNT,10539
ANXA10,10540
CERK,10541
IPO5,10542
CEP104,10543
TBC1D5,10544
PCDHB1,10545
PTK6,10546
TM7SF3,10547
ZNF570,10548
TRPM7,10549
TET3,10550
UBXN1,10551
UNC13B,10552
LZTS2,10553
LRIG1,10554
SYCP3,10555
MFSD13A,10556
CEND1,10557
PMF1,10558
AGTR2,10559
ZNF550,10560
PARG,10561
RXFP1,10562
MTTP,10563
TMEM81,10564
MFSD3,10565
NDUFA1,10566
GLIS1,10567
GYG2,10568
ARTN,10569
LENG9,10570
NEFL,10571
ELAVL4,10572
SULT1E1,10573
ZZEF1,10574
KIF6,10575
BAP1,10576
MTRF1L,10577
NEPRO,10578
ADAM11,10579
PIGF,10580
LHFPL1,10581
MTAP,10582
CPNE9,10583
C9orf43,10584
TTLL3,10585
SLC45A3,10586
SHTN1,10587
ELP5,10588
HNRNPD,10589
KRT15,10590
ANKRD34B,10591
FRMPD1,10592
NBPF8,10593
RNF126,10594
MINAR1,10595
RPS28,10596
KCNJ4,10597
C16orf86,10598
ABCG8,10599
SARM1,10600
TMEM67,10601
TULP4,10602
PHYKPL,10603
ZNF630,10604
LRRC56,10605
KCTD2,10606
KCNMB3,10607
API5,10608
INSL6,10609
CSAG1,10610
GPN3,10611
ATG2B,10612
IGLL1,10613
ZNF568,10614
FADS6,10615
ZNF843,10616
CLPX,10617
TSPAN13,10618
USP45,10619
RPUSD3,10620
WDR97,10621
HERC2,10622
UGT3A1,10623
DNAAF11,10624
SLC45A1,10625
FLVCR1,10626
RAD1,10627
SPHKAP,10628
ATP6V1E2,10629
GDPD4,10630
SOHLH2,10631
PDGFA,10632
KRTCAP2,10633
FAM120B,10634
TMEM151A,10635
CRYGS,10636
DCHS2,10637
LURAP1,10638
TMCO1,10639
H4C4,10640
ZNHIT1,10641
KCNIP2,10642
GZF1,10643
CIDEC,10644
HSF1,10645
C1orf109,10646
XPO4,10647
MSH4,10648
UQCR10,10649
CHODL,10650
CHCHD4,10651
CNTN2,10652
MIA2,10653
RPL36,10654
NUDCD3,10655
DNASE1,10656
RNF138,10657
SNRNP48,10658
SLC2A14,10659
SPRTN,10660
NEMF,10661
SCGN,10662
SEMA6A,10663
THOC2,10664
COA4,10665
FBXL16,10666
CDAN1,10667
NPW,10668
KCNF1,10669
C10orf88,10670
TNMD,10671
RANBP3L,10672
AMZ2,10673
MYT1L,10674
INSM2,10675
JMJD7,10676
ELOB,10677
ULK4,10678
PIK3R4,10679
RPAP2,10680
LGALS14,10681
BANF2,10682
RDH12,10683
CYC1,10684
SERPIND1,10685
ST8SIA3,10686
ALG10,10687
ABCG5,10688
MRPL21,10689
CCDC107,10690
MRPL42,10691
OSR1,10692
BLMH,10693
FAM227A,10694
NINL,10695
DQX1,10696
TXNL4A,10697
SLC22A15,10698
ADRA1D,10699
TAF15,10700
STMP1,10701
F2RL1,10702
KAZALD1,10703
BAIAP2L1,10704
PICK1,10705
RASA4,10706
TMEM248,10707
ENHO,10708
TAS2R19,10709
CHURC1,10710
FSD1L,10711
HOOK1,10712
HNRNPA1L2,10713
TAF4B,10714
PWWP2B,10715
RUNDC1,10716
ARHGEF35,10717
NDUFA2,10718
CERS1,10719
SLC4A1,10720
ALPI,10721
XKR3,10722
FAM210A,10723
PNPLA1,10724
LRP2BP,10725
AHSP,10726
WASHC3,10727
THAP1,10728
ATP6V0D2,10729
GPR50,10730
GLYCTK,10731
MTMR11,10732
PTPRZ1,10733
APOBEC1,10734
NEMP2,10735
ZDHHC4,10736
IGFL4,10737
AP4S1,10738
ZBED1,10739
NUDT19,10740
CDKL1,10741
ATP1B4,10742
KAT2A,10743
ZBTB2,10744
SRP14,10745
GUCA1A,10746
ENDOU,10747
ZNF211,10748
ANKRD12,10749
PXT1,10750
SH3BP4,10751
DEUP1,10752
USP6,10753
GAREM2,10754
SNTN,10755
ATPSCKMT,10756
NCBP2,10757
SPATS2L,10758
DUSP9,10759
CACNA2D1,10760
SPINK13,10761
NEGR1,10762
TCEAL7,10763
ZNF224,10764
FAR2,10765
TUBGCP3,10766
TTLL10,10767
CCNQ,10768
ORM1,10769
MRGPRX3,10770
MIP,10771
NDRG1,10772
CCPG1,10773
THOC3,10774
CUZD1,10775
GEMIN2,10776
TRIM4,10777
AQP5,10778
HSD17B14,10779
TCEA1,10780
TCP1,10781
JAG1,10782
ZNF778,10783
FAM83F,10784
PLXNB1,10785
LMNTD1,10786
EFCAB13,10787
LDLRAD1,10788
CASP12,10789
RYBP,10790
WBP11,10791
XG,10792
C6orf120,10793
B3GALT5,10794
BBOX1,10795
ERBB2,10796
EDAR,10797
PCP4L1,10798
UBA3,10799
SPSB2,10800
ZP1,10801
TBX6,10802
CMTM5,10803
TNS4,10804
MVB12B,10805
CALCA,10806
OVOL1,10807
HOXD10,10808
DLG5,10809
RFX6,10810
LRRIQ3,10811
CADM4,10812
HORMAD2,10813
LCN10,10814
SH3RF2,10815
MAPRE2,10816
AZIN1,10817
MYF6,10818
RPL35,10819
MRPS27,10820
IQCB1,10821
BCLAF1,10822
TCF12,10823
AASDHPPT,10824
PDP2,10825
NOMO3,10826
GRIN3B,10827
QSER1,10828
REV1,10829
MALSU1,10830
CORT,10831
FAM166C,10832
FAT2,10833
H2BC17,10834
RBM26,10835
JPH2,10836
EDN2,10837
TECTA,10838
CR1L,10839
NEK1,10840
SYNPO2L,10841
RRH,10842
FUNDC2,10843
DNAJB13,10844
SNRPE,10845
CERKL,10846
FAM3B,10847
EPX,10848
LGR6,10849
ASAP3,10851
PDE6H,10852
QRFPR,10853
ZDHHC19,10854
SOX21,10855
TDRD12,10856
CNIH2,10857
MEIOC,10858
RBKS,10859
DNAJC6,10860
PPP1CB,10861
TTLL1,10862
RBMX2,10863
ANKRD50,10864
SMAD5,10865
LLGL2,10866
ENTPD5,10867
PPP2R5C,10868
PROZ,10869
RAB9A,10870
DYNAP,10871
FILIP1,10872
IMPA1,10873
OR2C3,10874
PDZD11,10875
DNAJC27,10876
OSER1,10877
ZNF324,10878
SIKE1,10879
PIGK,10880
CEP295NL,10881
TUBA3D,10882
USP33,10883
PLEKHJ1,10884
XKR6,10885
ABCB10,10886
PROC,10887
WDR13,10888
DUSP11,10889
SLC16A13,10890
LCT,10891
IFNK,10892
TJP1,10893
CEP162,10894
GNAT1,10895
CRYBG3,10896
POLR2J3,10897
UTF1,10898
AGGF1,10899
NCS1,10900
GIP,10901
WFDC5,10902
FER1L6,10903
OR3A2,10904
SPATA5L1,10905
MYO6,10906
NGB,10907
FGG,10908
CNTF,10909
CDK6,10910
SLC25A29,10911
FDPS,10912
TXN2,10913
TRAPPC5,10914
VDAC2,10915
CAGE1,10916
GSS,10917
EVX1,10918
GNG3,10919
GCOM1,10920
HBM,10921
CCDC73,10922
NUTM1,10923
GLRA3,10924
LEMD2,10925
CNOT8,10926
FXN,10927
LIN7C,10928
EXOSC6,10929
SLC25A6,10930
SLC25A14,10931
EFCAB7,10932
NMRAL1,10933
ALS2,10934
FNIP1,10935
SULT1C2,10936
CLDN4,10937
PRICKLE4,10938
CCDC12,10939
CDIP1,10940
TMEM17,10941
ZNF587B,10942
PPP6R3,10943
ZNF674,10944
BGLAP,10945
RPF1,10946
DRD5,10947
CDC14A,10948
TSSK6,10949
AJM1,10950
POLK,10951
NDUFB4,10952
FOXD1,10953
FNTA,10954
CPS1,10955
ZIC2,10956
SRPK3,10957
C3orf70,10958
TMEM64,10959
TRMT11,10960
H2AC20,10961
CDC73,10962
ZNF600,10963
SIAH1,10964
LRP3,10965
SMARCAD1,10966
KRT36,10967
MAS1L,10968
GJB5,10969
SLURP1,10970
PKN2,10971
TARS2,10972
ARL3,10973
SLC13A5,10974
CRYZ,10975
PGBD4,10976
KLF12,10977
PPP1CC,10978
STAM2,10979
ARL14EP,10980
ANKUB1,10981
MRTFB,10982
CLDN9,10983
GNAQ,10984
TBCK,10985
TMSB4Y,10986
COL20A1,10987
PIGS,10988
KCNH1,10989
FGF16,10990
PRKCG,10991
MYH4,10992
GPC2,10993
ZNF81,10994
AIPL1,10995
CACNB1,10996
RGS9,10997
MTHFSD,10998
GTF2A2,10999
ANO8,11000
LYRM2,11001
KDM6A,11002
KIDINS220,11003
RNF7,11004
ATP1B1,11005
H2BC8,11006
ZNF324B,11007
ABHD1,11008
NKX6-2,11009
TP53AIP1,11010
DLX4,11011
TMEM98,11012
POLR1F,11013
MT1H,11014
CBR1,11015
CPD,11016
ZNF75D,11018
FAM107A,11019
TBX18,11020
PALM,11021
MSMP,11022
PLPP4,11023
LSMEM2,11024
OTUD3,11025
MBTPS1,11026
CADPS,11027
MT1G,11028
OXNAD1,11029
FOXR1,11030
TTC17,11031
BCAM,11032
PPP1R13L,11033
KCNG3,11034
DNAI3,11035
GTF3C3,11036
ZC3H4,11037
PCMTD1,11038
NICN1,11039
TMBIM6,11040
TAS2R5,11041
NBPF26,11042
CEP83,11043
FAM78B,11044
SPATA2,11045
PDE3A,11046
CRHR2,11047
SVBP,11048
GPR15LG,11049
SCRG1,11050
SSTR2,11051
CCDC83,11052
CIDEA,11053
LRRC74B,11054
CHD5,11055
PDCL3,11056
DSC1,11057
HS3ST4,11058
CDK13,11059
SLC9A6,11060
MRPL11,11061
MRPL22,11062
ORAI3,11063
NR0B1,11064
RPH3A,11065
TNN,11066
SANBR,11067
OXLD1,11068
BRI3,11069
MBOAT2,11070
CFAP126,11071
MTM1,11072
SETD4,11073
REEP2,11074
BMX,11075
SDHC,11076
PCDHB11,11077
FCRL4,11078
SAYSD1,11079
C11orf16,11080
C9orf78,11081
ZNF263,11082
FOXN4,11083
TMEM47,11084
RAB6C,11085
PCDHA1,11086
RPLP2,11087
NUP133,11088
NRXN3,11089
SLC25A13,11090
C8orf34,11091
NME5,11092
PROK1,11093
ZBTB8OS,11094
SNX32,11095
CLASP1,11096
PDE1C,11097
HMG20A,11098
CDIPT,11099
ZNF718,11100
SLC16A5,11101
TMEM31,11102
PHB2,11103
REG3A,11104
RLN1,11105
C17orf80,11106
SLC17A4,11107
KLF10,11108
CCDC160,11109
HMHB1,11110
FOXA3,11111
PDZD8,11112
FGF17,11113
EID2,11114
HSPB7,11115
CISD1,11116
LRP11,11117
GTDC1,11118
NDUFS7,11119
PPP1R1B,11120
KDM5D,11121
SLC5A9,11122
ZNF416,11123
VGF,11124
NFKBIL1,11125
PEX14,11126
L3MBTL3,11127
H3-5,11128
ST3GAL6,11129
MTMR3,11130
MRPS14,11131
HOXB9,11132
RASEF,11133
ZDHHC3,11134
NOX1,11135
CPLANE2,11136
LIN9,11137
MT1E,11138
LMX1B,11139
GPR135,11140
JUND,11141
PALS2,11142
WHRN,11143
TDRD6,11144
ARHGAP10,11145
BTBD7,11146
ANKZF1,11147
SLF1,11148
EPHA10,11149
L3MBTL1,11150
BEX3,11151
ELANE,11152
ZNF607,11153
RHBDL3,11154
ANO4,11155
SLC7A13,11156
KDM7A,11157
MORN2,11158
TRDN,11159
LARP7,11160
BBS5,11161
SLAIN1,11162
TMEM91,11163
DSG4,11164
TNS2,11165
LRRC47,11166
NSD3,11167
ELMOD3,11168
PSIP1,11169
TAS2R10,11170
NAXE,11171
NR5A2,11172
RBBP4,11173
ITIH2,11174
EEFSEC,11175
GLYAT,11176
MKLN1,11177
ZNRF1,11178
PRDM10,11179
UCN,11180
ATP8A2,11181
GATD1,11182
POLL,11183
CCDC60,11184
GPATCH11,11185
TBL1Y,11186
SLC7A9,11187
ZNF227,11188
HHIPL2,11189
DMP1,11190
GABRB1,11191
AMOT,11192
NFIA,11193
ACY3,11194
GRIA3,11195
ACMSD,11196
CMPK1,11197
ZDHHC17,11198
RTN4RL1,11199
TRIM3,11200
SPATA21,11201
LIPC,11202
MEGF10,11203
CEP112,11204
SLC22A17,11205
CSTL1,11206
PHIP,11207
PALM2AKAP2,11208
IGSF11,11209
PDE6C,11210
SSX2IP,11211
NBPF19,11212
IAPP,11213
OVCA2,11214
CRIM1,11215
JRKL,11216
ANKRD61,11217
PCDHAC2,11218
CUTC,11219
STK39,11220
ACTBL2,11221
ARHGAP40,11222
NDUFAF4,11223
AFG1L,11224
TBC1D19,11225
DENND10,11226
EPO,11227
ANKIB1,11228
CLDN6,11229
H2BC10,11230
USP1,11231
EOLA2,11232
C1orf53,11233
NPHS2,11234
GADL1,11235
PXDNL,11236
PCDHB10,11237
KALRN,11238
SIGMAR1,11239
CFAP77,11240
PRKAA1,11241
POLA1,11242
NDUFS3,11243
GPS2,11244
ADAM7,11245
LHCGR,11246
ZNF500,11247
TPT1,11248
N4BP2L1,11249
OR7C1,11250
C9orf85,11251
IL9,11252
YEATS4,11253
TBX20,11254
KLHL40,11255
CCNT2,11256
STAC2,11257
DELE1,11258
PRKAG3,11259
HNRNPDL,11260
TSNAX,11261
FAM180B,11262
PIH1D2,11263
ARHGAP32,11264
DNAAF8,11265
MRPL41,11266
HTR3B,11267
CHST13,11268
IL17RB,11269
ZSCAN5A,11270
DENND5B,11271
TFAP4,11272
TOP1MT,11273
PMVK,11274
UCP1,11275
CBARP,11276
SNTG2,11277
PEX6,11278
LARP6,11279
SEMA6C,11280
BSPRY,11281
TVP23B,11282
GPAT3,11283
KRT8,11284
NLRP9,11285
BAHD1,11286
LARGE2,11287
SMIM14,11288
YY2,11289
WFDC10B,11290
TACC1,11291
RPS26,11292
UBL7,11293
WDR88,11294
SERBP1,11295
CCDC30,11296
CS,11297
APOF,11298
PIGM,11299
WDR49,11300
SLC22A4,11301
LYG2,11302
IFT27,11303
CYP26A1,11304
CHGB,11305
RLN3,11306
KIAA1522,11307
MTERF4,11308
PCDH10,11309
TRAPPC3L,11310
DNAH14,11311
SREK1IP1,11312
SYPL2,11313
LIMS2,11314
MROH2B,11315
MS4A10,11316
TMEM201,11317
TMEM229A,11318
IGF1R,11319
DLGAP3,11320
BTNL2,11321
GNGT1,11322
ROGDI,11323
SETDB2,11324
RPL19,11325
PRR36,11326
GNRHR,11327
TRAP1,11328
KCNQ2,11329
GMNC,11330
KATNAL2,11331
UBE2V1,11332
MEP1B,11333
MYO1A,11334
FLNB,11335
PUM1,11336
NAPRT,11337
ZNF860,11338
ASCL1,11339
ATXN3,11340
SLC7A14,11341
DNAAF2,11342
ZMAT4,11343
DHDH,11344
ABHD15,11345
HID1,11346
THOC1,11347
PHLDB1,11348
CNOT10,11349
H1-0,11350
POLR2J2,11351
TUSC2,11352
SETBP1,11353
ZBTB8A,11354
COX19,11355
DIAPH2,11356
APBB3,11357
OLIG2,11358
AGO1,11359
RPL27,11360
CDKN2AIP,11361
GAB1,11362
PLAGL1,11363
CABP5,11364
BNIP1,11365
NUDT16L1,11366
TMEM114,11367
ZDHHC2,11368
PPP1R14A,11369
HELQ,11370
ACOD1,11371
C5orf24,11372
NAA35,11373
FGFR4,11374
MORC1,11375
MBOAT1,11376
HNRNPA1,11377
DUSP19,11378
SOX12,11379
UNC119B,11380
CDK5RAP1,11381
IL17D,11382
TTC3,11383
NECAB2,11384
VAMP4,11385
H2AC15,11386
ZNF462,11387
RPE65,11388
TMEM9B,11389
PITX2,11390
TTC23,11391
TMEM182,11392
POLR3C,11393
RAP1A,11394
SPRR2F,11395
NUDT4,11396
SBK3,11397
SYT7,11398
SLC30A5,11399
POU3F2,11400
MTA1,11401
OSGEP,11402
LYPLA1,11403
ZNF665,11404
AMDHD1,11405
NLN,11406
GABRA1,11407
RABGAP1L,11408
ATF7,11409
DHCR7,11410
CYP46A1,11411
RFPL4B,11412
RNF214,11413
MOSPD1,11414
FOLR1,11415
CACNA1D,11416
PSMD5,11417
KIAA1549,11418
IGDCC3,11419
KIF9,11420
NELL1,11421
KITLG,11422
CCDC42,11423
TNRC18,11424
RCL1,11425
MRGPRD,11426
POF1B,11427
NCOR1,11428
CCNH,11429
EXTL2,11430
PTCD1,11431
NR2F6,11432
ATP7B,11433
DNAH10,11434
SLIT2,11435
ZNF260,11436
NDUFA8,11437
C1orf116,11438
NEURL1,11439
HCRT,11440
WWOX,11441
FARP1,11442
EDN1,11443
MYL10,11444
PCDHB12,11445
ESS2,11446
ARL17B,11447
ZNF787,11448
RIMBP3C,11449
MPHOSPH10,11450
CCDC178,11451
GID8,11452
IFT22,11453
CCDC71,11454
NATD1,11455
ARMC7,11456
NXPH3,11457
B4GALNT2,11458
STARD13,11459
LIPM,11460
ESRRB,11461
GABARAP,11462
DGAT2,11463
DVL2,11464
NPAS3,11465
LYRM1,11466
BBS4,11467
RNF130,11469
MOBP,11470
LIPF,11471
KIT,11472
LRP5,11473
TENM2,11474
MTRFR,11475
SLC6A8,11476
ABCC6,11477
UQCRFS1,11478
ANKRD31,11479
OXER1,11480
CCNG2,11481
OCM,11482
CTBS,11483
SMUG1,11484
BECN1,11485
DZIP3,11486
MTLN,11487
MUTYH,11488
C12orf56,11489
SCGB3A1,11490
GLDN,11491
MAT1A,11492
SNX25,11493
CLEC18A,11494
GTF2A1L,11495
PRSS54,11496
PTGR1,11497
TMPRSS9,11498
TMCO6,11499
ADGRB1,11500
WNT16,11501
DOC2A,11502
PPY,11503
CTNNAL1,11504
SOSTDC1,11505
DCLK3,11506
SLC9A3R2,11507
BAALC,11508
NCKIPSD,11509
BDP1,11510
NPHP1,11511
DSP,11512
OSCP1,11513
NLRP11,11514
OVOL3,11515
MTCH2,11516
ANKRD40,11517
NTNG1,11518
CNOT4,11519
NPVF,11520
TTBK2,11521
LTC4S,11522
B4GALT6,11523
SDSL,11524
TIMM23B,11525
GBA2,11526
KIF22,11527
SPEG,11528
DEFB124,11529
GREB1,11530
FFAR1,11531
MIER3,11532
BCS1L,11533
RRP15,11534
OCIAD2,11535
KCNIP4,11536
TMEM266,11537
C8A,11538
LHX3,11539
NUP210L,11540
ASB12,11541
PPP1R35,11542
PIP4P1,11543
CCDC149,11544
SIVA1,11545
GNMT,11546
PDGFD,11547
NBPF12,11548
HOXD9,11549
CACNA1S,11550
VPS4A,11551
KLHL15,11552
CTF1,11553
PGR,11554
MACO1,11555
INSRR,11556
FBXL5,11557
MFAP3L,11558
MCAT,11559
CASP14,11560
ANKH,11561
RPAP1,11562
APPL2,11563
DAAM1,11564
ZNF808,11565
FUNDC1,11566
DEFB103B,11567
UBE2V2,11568
FKBP1C,11569
C20orf96,11570
TPGS1,11571
MRPL43,11572
FAM234B,11573
TECTB,11574
PRPF39,11575
INO80D,11576
ANKHD1-EIF4EBP3,11577
ETNK1,11578
GOLGB1,11579
H3C3,11580
RPH3AL,11581
WNT7B,11582
TAX1BP1,11583
CCDC27,11584
KRT10,11585
NHEJ1,11586
RSPO4,11587
COX18,11588
PPM1J,11589
BMP7,11590
GOLPH3L,11591
SRFBP1,11592
RASD1,11593
INIP,11594
VPS28,11595
MRPL53,11596
RBMX,11597
NTHL1,11598
INPP5K,11599
TBRG1,11600
DRD1,11601
CASP6,11602
MSI1,11603
TNRC6A,11604
HABP4,11605
PNN,11606
ACBD5,11607
TIMM8A,11608
LYSMD4,11609
VPS72,11610
ATXN2,11611
PNMA8B,11612
ASB16,11613
XKR9,11614
RSL24D1,11615
PPTC7,11616
NME3,11617
STAG1,11618
ZHX1-C8orf76,11619
SOX2,11620
KBTBD4,11621
TMPRSS6,11622
RTKN,11623
UPK1A,11624
NSG1,11625
MLN,11626
CALCOCO1,11627
GPR42,11628
CCDC25,11629
PRDM11,11630
MTREX,11631
NOG,11632
GLTPD2,11633
TMEM115,11634
DYNC1I2,11635
BCAS2,11636
AHDC1,11637
GRM7,11638
MPP3,11639
SERPINA5,11640
SLC25A41,11641
TPSG1,11642
ST6GALNAC2,11643
TUT1,11644
GSTA4,11645
EIF3K,11646
TMEM237,11647
DVL1,11648
BRF1,11649
LCN8,11650
PHYHIPL,11651
VHLL,11652
NXPH4,11653
FKBP3,11654
CSPP1,11655
RLBP1,11656
LRRC4B,11657
KRTAP5-8,11658
INSIG1,11659
TMUB1,11660
SWI5,11661
ARPC4-TTLL3,11662
CD46,11663
KY,11664
EPPIN,11665
APOB,11666
HTR1B,11667
RECQL5,11668
MDH2,11669
CAV3,11670
TTC5,11671
ZNF530,11672
HIGD2A,11673
ZNF333,11674
PKHD1,11675
FUCA1,11676
DDX39B,11677
NAA38,11678
GPR63,11679
SYT4,11680
KLF14,11681
IVNS1ABP,11682
CEP44,11683
NDUFV2,11685
RNF223,11686
LRRC58,11687
KIFAP3,11688
NSRP1,11689
CPT2,11690
RSPRY1,11691
C1orf43,11692
GCGR,11693
ZBTB6,11694
FAM131C,11695
NDUFA6,11696
ZACN,11697
MAPK10,11698
UTS2R,11699
RAB11B,11700
ZBTB41,11701
HSDL2,11702
NFIX,11703
ZBTB8B,11704
XPNPEP2,11705
TMOD1,11706
MKKS,11707
SENP7,11708
MAML2,11709
UTP18,11710
CBFA2T2,11711
SHROOM1,11712
ZNF677,11713
NKAIN1,11714
PTCD2,11715
BRD7,11716
DNAJC22,11717
RIMOC1,11718
PRKCA,11719
SLC10A4,11720
CBLC,11721
ANKK1,11722
STOML3,11723
TMEM184A,11724
RTF2,11725
MYH1,11726
STK16,11727
ADH1A,11728
INPP5F,11729
ICOSLG,11730
BTF3,11731
C11orf94,11732
SCGB3A2,11733
MSH2,11734
ISL1,11735
CCDC17,11736
ARSD,11737
SDR39U1,11738
TRIM71,11739
SLC41A3,11740
SEZ6,11741
NDUFAF7,11742
ELMO3,11743
HEPACAM,11744
ZNF835,11745
KCNJ16,11746
ABCC11,11747
GXYLT1,11748
GOT1,11749
ZNF654,11750
PCDHGA9,11751
WBP2,11752
KATNBL1,11753
MRPL46,11754
PIAS1,11755
PLA2G12B,11756
FLYWCH2,11757
RHOB,11758
ONECUT1,11759
OR2AG2,11760
PTH2R,11761
TMEM191B,11762
C10orf71,11763
ERMAP,11764
DIPK1B,11765
HHATL,11766
NT5C1A,11767
HUNK,11768
ARL6,11769
CLIC5,11770
TRMT2B,11771
DNHD1,11772
CBY2,11773
MLPH,11774
RBM48,11775
GAST,11776
DDAH2,11777
REX1BD,11778
SPRED3,11779
DRG1,11780
USP40,11781
CPN2,11782
RGS7BP,11783
LRGUK,11784
SLC22A23,11785
ACSM5,11786
GPC5,11787
EID2B,11788
SNX5,11789
CPSF4L,11790
APPL1,11791
CELA2B,11792
SMAD9,11793
IL1RAPL2,11794
MCCC2,11795
OBSCN,11796
LGSN,11797
NOL7,11798
FAM162B,11799
TEPP,11800
FITM2,11801
FAM171A1,11802
RAPGEF5,11803
PFN3,11804
FASTKD1,11805
OVCH1,11806
SIPA1L3,11807
SUMF1,11808
FEM1A,11809
CYP2U1,11810
MYADML2,11811
ZNF766,11812
XKR5,11813
NIF3L1,11814
HACE1,11815
CYP51A1,11816
KRT18,11817
ACTG2,11818
UBTF,11819
PLA2G2C,11820
CSN1S1,11821
SLC1A7,11822
IQCC,11823
PLCL2,11824
MTFR1,11825
PCIF1,11826
DDIT3,11827
GTSF1L,11828
HSD3B1,11829
LCOR,11830
LIN37,11832
DOCK7,11833
CES2,11834
ALKAL1,11835
LRTM1,11836
ATP1B2,11837
MRGPRX2,11838
ST3GAL3,11839
WAPL,11840
DCP1A,11841
JKAMP,11842
SLC45A2,11843
SEC14L6,11844
METTL24,11845
C3orf18,11846
TAFA5,11847
MAGEF1,11848
MARCHF8,11850
FGF21,11851
UXT,11852
TRABD2B,11853
GCNT7,11854
UGT3A2,11855
ZNF660,11856
SYNGR1,11857
USP8,11858
TRIM39,11859
GRK7,11860
OXSM,11861
CDCA7L,11862
COL9A1,11863
TPPP2,11864
ADCY10,11865
GAD1,11866
ATG10,11867
CATSPERD,11868
HIPK4,11869
POMGNT1,11870
TMEM41A,11871
HHLA2,11872
MRPL58,11873
CSNK2A1,11874
HTR3C,11875
CEP126,11876
SPRY3,11877
CC2D2A,11878
DEFA6,11879
NXPE4,11880
ELAVL2,11881
HS6ST2,11882
ZMAT5,11883
LRRC37A,11884
MAG,11885
SUSD2,11886
SSTR5,11887
TF,11888
RPS27L,11889
EN2,11890
ITGB3BP,11891
UGGT2,11892
H2AC17,11893
TTLL7,11894
ATP5MC1,11895
LRRTM4,11896
RBM4B,11897
NUDT21,11898
PBX3,11899
MOG,11900
KIF1B,11901
ZNF99,11902
CACNG6,11903
TLK2,11904
ARHGEF4,11905
FBXL15,11906
ANKRD30A,11907
NPY1R,11908
MRPL16,11909
ZFTRAF1,11910
GMPR2,11911
CREBL2,11912
NUDT10,11913
VPS37A,11914
STOX2,11915
DMRT3,11916
OTOP2,11917
CREBRF,11918
ZC3H13,11919
SNX31,11920
PROKR1,11921
MBD6,11922
CACNG4,11923
CCDC163,11924
ZNF529,11925
MYH11,11926
ATP9B,11927
OTP,11928
KANSL1L,11929
RP1L1,11930
DYRK1A,11931
MID2,11932
ZNF250,11933
RAB40AL,11934
DIABLO,11935
HARS2,11936
CASTOR2,11937
MINDY1,11938
ZNF285,11939
PRR18,11940
DAW1,11941
SPTSSB,11942
CYP4Z1,11943
EHBP1,11944
PRDM13,11945
RGSL1,11946
ORC5,11947
DIS3,11948
PAX3,11949
GNRH2,11950
LRRC71,11951
ARHGEF7,11952
ZNF852,11953
WDR47,11954
SFMBT1,11955
KCNJ14,11956
UGP2,11957
SLITRK4,11958
SLC10A1,11959
PLA2G1B,11960
MRM3,11961
ZNF738,11962
HECTD2,11963
MPL,11964
NDN,11965
FAM161B,11966
GH1,11967
XKR4,11968
OR2B11,11969
DGCR8,11970
COLEC11,11971
SNTA1,11972
SNAPC5,11973
CHAMP1,11974
SOAT2,11975
C5orf22,11976
DIDO1,11977
TRPV5,11978
PRTFDC1,11979
PITX3,11980
HMGN2,11981
CATSPER3,11982
SDC4,11983
SPAG8,11984
TULP1,11985
USP46,11986
ARHGEF5,11987
GFER,11988
LMOD2,11989
ZNF131,11990
THAP7,11991
ALDH1L1,11992
TMEM106C,11993
PLSCR4,11994
MINPP1,11995
MPV17L,11996
TMEM53,11997
ATPAF2,11998
PPM1E,11999
PGM5,12000
CFAP69,12001
ZNF662,12002
PAK6,12003
UBE4A,12004
CACYBP,12005
ANXA8,12006
ZNF678,12007
UQCRC1,12008
PSKH1,12009
ZNF624,12010
AKR1E2,12011
PQBP1,12012
KPNA4,12013
C9orf153,12014
NDUFB1,12015
ZNF329,12016
CRYBB2,12017
PRX,12018
ESF1,12019
DACT3,12020
PARL,12021
PNMA6A,12022
PRORP,12023
SLC25A16,12024
CNTN5,12025
SLC17A8,12026
PCDH15,12027
EML2,12028
DHPS,12029
CNGB3,12030
H1-7,12031
GCM2,12032
GOLGA8R,12033
PCDHGA10,12034
SLX1A,12035
FANCC,12036
ZNF527,12037
PPOX,12038
PLPPR5,12040
CRHBP,12041
DUSP26,12042
EPHX1,12043
TAS2R50,12044
TESMIN,12045
FBXO22,12046
OBP2A,12047
TAS2R31,12048
SERPINE3,12049
GON7,12050
ERICH5,12051
PFDN4,12052
RASL10A,12053
APC,12054
FBXL8,12055
TMEM52B,12056
CPED1,12057
TSPEAR,12058
FAM180A,12059
BMT2,12060
TRMT12,12061
SEPHS2,12062
HDHD5,12063
CORO2B,12064
PLA2G4F,12065
CALCOCO2,12066
TRAPPC14,12067
LDAF1,12068
GPX4,12069
SLC2A12,12070
CHCT1,12071
SLC25A33,12072
CNKSR2,12073
TMEM125,12074
TRAPPC2B,12075
MAP1LC3A,12076
ATRN,12077
SRGAP3,12078
MTMR4,12079
DOCK3,12080
RGPD1,12081
PAPOLB,12082
PCDHGA5,12083
COL26A1,12084
SPIN2A,12085
ZNF700,12086
BDH1,12087
CAMK2D,12088
GARIN1A,12089
CEL,12090
ABCC8,12091
GPR22,12092
PAX2,12093
SFTPB,12094
STARD10,12095
ZNF773,12096
RRAGD,12097
RPS4Y1,12098
GPR101,12099
HNF1B,12100
FFAR3,12101
MBTPS2,12102
FXYD2,12103
MAML3,12104
POGK,12105
MRPS35,12106
SAV1,12107
COL25A1,12108
TAFA4,12109
DEAF1,12110
EDDM13,12111
KLF13,12112
EMC4,12113
FAM234A,12114
RPL41,12115
ZNF560,12116
PPP1R3F,12117
RBM43,12118
TSSK4,12119
SPDYC,12120
MUCL1,12121
MARCHF9,12122
SCN10A,12123
MAP3K4,12124
AK7,12125
OTOR,12126
CRNKL1,12127
RTTN,12128
PM20D1,12129
ABCA8,12130
ZNF628,12131
RABGAP1,12132
HSPB11,12133
CCNI2,12134
PEX5L,12135
ATAD2B,12136
ACSS3,12137
ZNF491,12138
SOWAHC,12139
EIF2S3B,12140
MATCAP2,12141
C4orf33,12142
TSPYL4,12143
NCOA1,12144
FXYD1,12145
KANSL3,12146
HMGCR,12147
CRNN,12148
ZNF724,12149
OXCT2,12150
TXNRD2,12151
NT5DC3,12152
ICA1L,12153
USE1,12154
NOXRED1,12155
TRAPPC9,12156
WDR25,12157
MSMO1,12158
SBK2,12159
CASP8AP2,12160
KIN,12161
MYO15A,12162
SPATA33,12163
ADRA1B,12164
ZSCAN26,12165
NDUFB10,12166
PHOX2A,12167
PROSER1,12168
NFIB,12169
GIGYF1,12170
TMED6,12171
AGTR1,12172
USP9Y,12173
ZNF451,12174
ZBTB45,12175
ABHD16B,12176
TYW1B,12177
ERV3-1,12178
USP25,12179
PPP1R10,12180
WDR35,12181
NKX3-2,12182
B4GALNT4,12183
NUDT9,12184
AVPR1B,12185
EZH1,12186
LNX2,12187
HMG20B,12188
TDRD1,12189
RABGEF1,12190
SOX14,12191
UQCC3,12192
SLITRK2,12193
CATSPER4,12194
SLC2A2,12195
MYH2,12196
TRPC1,12197
AMHR2,12198
TARS3,12199
ZMYM1,12200
NLGN3,12201
C14orf180,12202
DCAF6,12203
RBL2,12204
SLN,12205
RUFY2,12206
GPBP1,12207
RELCH,12208
CCDC38,12209
NFRKB,12210
IST1,12211
H3C2,12212
SULT4A1,12213
VIT,12214
ZFPM1,12215
USP24,12216
PRAG1,12217
ESYT2,12218
CLHC1,12219
KRTDAP,12220
PNPLA2,12221
CNBD1,12222
RASAL2,12223
SHH,12224
MRPL1,12225
MRPS28,12226
DNMBP,12227
SGCA,12228
CTRB2,12229
PCDH19,12230
CES4A,12231
NSMCE4A,12232
ARMH4,12233
BRAP,12234
ERCC6,12235
PRKG1,12236
EYA1,12237
NHLRC2,12238
UBE2QL1,12239
LPA,12240
BSN,12241
AHRR,12242
UNC50,12243
GAS6,12244
EPS8L3,12245
MESP1,12246
SDR42E1,12247
SCTR,12248
ITFG2,12249
UGT1A10,12250
OCEL1,12251
IL1RL2,12252
FGF23,12253
NAA30,12254
FOXH1,12255
C1QL1,12256
RAB11FIP4,12257
LSMEM1,12258
HDAC11,12259
NHSL1,12260
CBX1,12261
CSAD,12262
TMEM213,12263
IFT46,12264
F2,12265
OR7A5,12266
TM6SF2,12267
ZNF331,12268
MAPK8IP1,12269
GDF10,12270
CYP1A2,12271
SORL1,12272
TAF7L,12273
MAST2,12274
VSIG2,12275
FRK,12276
VN1R2,12277
SLC23A3,12278
ALKBH4,12279
HGSNAT,12280
SORD,12281
PROKR2,12282
RPSA,12283
KANK4,12284
OR2T8,12285
FUT10,12286
SUPT3H,12287
RPS12,12288
KLK4,12289
INSL5,12290
USP16,12291
HOXA10,12292
GCAT,12293
KRT76,12294
CWC22,12295
PHF6,12296
RABL3,12297
TRIM52,12298
PSG11,12299
FANK1,12300
RGS22,12301
OPTN,12302
TSC2,12303
SSPN,12304
CAVIN2,12305
CES3,12306
TRIM61,12307
KCNG4,12308
SLC25A10,12309
TAT,12310
TRIR,12311
APOD,12312
CCDC6,12313
ADGRG4,12314
USP47,12315
ALDH2,12316
ATP5MJ,12317
RAB11FIP1,12318
MST1,12319
BBS9,12320
CD300H,12321
SCGB1C1,12322
NDUFB9,12323
SPESP1,12324
LRRC52,12325
MMP24,12326
MKRN3,12327
KLHL13,12328
VSTM5,12329
PADI2,12330
SLC17A2,12331
SLC25A53,12332
PPFIA2,12333
ZNF488,12334
GPR39,12335
SLC22A24,12336
ANGPTL5,12337
PDXDC1,12338
SLC9C2,12339
SCNN1B,12340
OFD1,12341
TP53TG5,12342
TLX2,12343
UGT2B4,12344
EFCAB10,12345
ESCO1,12346
NCOA2,12347
NACAD,12348
ENTPD8,12349
MYPOP,12350
PLCXD3,12351
NPTN,12352
KASH5,12353
SAP25,12354
SGCZ,12355
ZNF580,12356
C12orf57,12357
ENTPD2,12358
SOX5,12359
ZKSCAN8,12360
OBI1,12361
GRM3,12362
CHST6,12363
LAMTOR5,12364
FAM209B,12365
ARHGAP33,12366
ZNF146,12367
MAST1,12368
GTF2H2,12369
DCAF16,12370
ZRANB2,12371
GUCY2F,12372
CCDC89,12373
ZNF419,12374
F8,12375
SUCLG1,12376
KLF17,12377
OGG1,12378
TBC1D8B,12379
PIAS2,12380
ANKRD27,12381
IFNB1,12382
SAG,12383
VWA3B,12384
SLC35D2,12385
MOB4,12386
ZNF32,12387
HOXC13,12388
PACS2,12389
GTF3C4,12390
CSAG3,12391
ERVW-1,12392
EYA4,12393
EDDM3A,12394
DHRS3,12395
COL4A5,12396
RASSF7,12397
TPM1,12398
TIMM17B,12399
OR3A1,12400
MON2,12401
IFT52,12402
DRICH1,12403
TPD52L3,12404
WDR89,12405
TMEM191C,12406
CCDC180,12408
FEM1B,12409
ODF4,12410
CYP7A1,12411
ZBTB38,12412
OPN4,12413
CTNND2,12414
FBRSL1,12415
KCNIP1,12416
TAS2R14,12417
TMEM250,12418
FREM1,12419
FXYD4,12420
DCDC1,12421
APTX,12422
CRB3,12423
SPINK9,12424
SLCO4C1,12425
ITLN1,12426
PTBP2,12427
MGAT4C,12428
EXD1,12429
RBMXL2,12430
SERPINB11,12431
TAB1,12432
BPIFC,12433
C19orf73,12434
HBQ1,12435
YJU2B,12436
WFIKKN1,12437
PRDM6,12438
ABLIM2,12439
DLAT,12440
CPEB2,12441
STK24,12442
C6orf226,12443
SPOPL,12444
NMBR,12445
TMEM151B,12446
LONRF3,12447
LCORL,12448
KHDRBS2,12449
MFSD6,12450
POLR3GL,12451
HINFP,12452
CES5A,12453
RPL10,12454
REEP3,12455
VWA2,12456
BMI1,12457
COCH,12458
DNAH12,12459
UTY,12460
TMEM199,12461
ATXN1L,12462
LRRC74A,12463
RD3,12464
USP26,12465
PCGF6,12466
STAMBP,12467
TAS2R13,12468
DCAF8,12469
FAXC,12470
ACADS,12471
PKD1L3,12472
RNF38,12473
NUP35,12474
SPDYE3,12475
ZNF573,12476
CYP4F3,12477
POTEE,12478
ACP6,12479
PAFAH1B1,12480
IFIT1B,12481
MRPS22,12482
INTS15,12483
CLDN17,12484
ANGEL2,12485
PPP6C,12486
NOVA1,12487
LRFN2,12488
ACSBG2,12489
CWC15,12490
FAM181A,12491
MRPS31,12492
GDF7,12493
GRM6,12494
HPSE2,12495
KCNB2,12496
GARIN1B,12497
IGSF22,12498
KCNA4,12499
ZSCAN23,12500
MZT2B,12501
DCLRE1A,12502
SLC34A3,12503
FRMD4A,12504
PPP1R3A,12505
HAUS3,12506
PCDHGA1,12507
PCDHB2,12508
GLRB,12509
LARGE1,12510
DACH2,12511
R3HCC1,12512
SLC66A2,12513
MYL3,12514
RASA4B,12515
ASH2L,12516
WASF3,12517
HSDL1,12518
PHB1,12519
U2SURP,12520
TMEM120A,12521
RPS21,12522
WT1,12523
METTL17,12524
CIR1,12525
PABPN1L,12526
DNAJA3,12527
RIIAD1,12528
EPHA6,12529
ODF3L2,12530
KCNH6,12531
SERPINI2,12532
TLX1,12533
TMEM87A,12534
LEFTY2,12535
IDH3G,12536
PYM1,12537
B3GALT1,12538
FOXL2,12539
ABHD17B,12540
CARNMT1,12541
SPSB1,12542
TAB3,12543
CRYBB3,12545
AMELX,12546
NSMCE1,12547
FBXL13,12548
SLC38A3,12549
ARFIP1,12550
SRGAP2B,12551
ARSK,12552
GLB1L2,12553
OGDHL,12554
LSM11,12555
NSL1,12556
SLC35F5,12557
UPP2,12558
HOXD4,12559
IDH3B,12560
TACR3,12561
GLYATL1,12562
FNDC8,12563
PDZRN3,12564
C11orf58,12565
DSG1,12566
KRT3,12567
TMEM240,12568
EFCAB14,12569
ECE2,12570
GABRR3,12571
CYP8B1,12572
TBP,12573
ATE1,12574
IZUMO2,12575
KLF8,12576
SP5,12577
AZGP1,12578
TECRL,12579
HSD17B12,12580
RIMS2,12581
LRCOL1,12582
ILVBL,12583
OR2V2,12584
ATP5MC3,12585
EMX1,12586
ARL1,12587
CHCHD10,12588
PSTK,12589
ELAPOR2,12590
WDR83OS,12591
VIRMA,12592
PTGER3,12593
CA12,12594
ARMC2,12595
SPATA22,12596
LYPD6B,12597
CLDN12,12598
TACO1,12599
PTRH1,12600
CD300LD,12601
ZNF461,12602
SYT2,12603
PCDHGA7,12605
ZNF675,12606
SALL3,12607
APOOL,12608
ATP6V0E2,12609
RNF208,12610
GRAMD4,12611
ELF2,12612
SMARCA2,12613
TMEM249,12614
DNAJC5G,12615
ADRA1A,12616
DYNLL2,12617
MORN1,12618
SYNE2,12619
SYTL4,12620
CUL4B,12621
CIBAR1,12622
MRM1,12623
TANC2,12624
ZMYM2,12625
OR10H2,12626
PCGF5,12627
ZMAT2,12628
HIGD1C,12629
PIK3R2,12630
GKN1,12631
CIB4,12632
RHCE,12633
EFHC2,12634
OGFOD3,12635
NIPA1,12636
PHACTR3,12637
PPEF1,12638
NEBL,12639
HDHD3,12640
RHOXF1,12641
TPH2,12642
GPR157,12643
BNIPL,12644
ZFP37,12645
MRPL24,12646
RSAD1,12647
UBE2Q1,12648
CLDN22,12649
PM20D2,12650
SNX16,12651
ARHGEF37,12652
ZFP30,12653
TMEM11,12654
ASZ1,12655
ODF3L1,12656
CTXN3,12657
MRPL33,12658
TIMM23B-AGAP6,12659
VEZF1,12660
PALM3,12661
AMIGO1,12662
MAGI3,12663
VPS41,12664
MARCHF4,12665
CRTC1,12666
MYOG,12667
MAB21L3,12668
LGI1,12669
CCDC106,12671
PCDHB3,12672
ASCL5,12673
KRT9,12674
VTA1,12675
CNPY2,12676
EEA1,12677
CALHM1,12678
RNF151,12679
FRS3,12680
DISP1,12681
ZNF528,12682
EXOSC5,12683
ERCC6L2,12684
ATP5F1B,12685
RB1CC1,12686
MPP7,12687
ZNF830,12688
ZNF506,12689
PCGF2,12690
SERPINB12,12691
NELFB,12692
DRD2,12693
SAMD7,12694
NUP42,12695
ZNF582,12696
CCDC153,12697
CKLF-CMTM1,12698
TSN,12699
CDKN1C,12700
ERI3,12701
CXCL14,12702
OSBP,12703
TNNI1,12704
RAB11FIP3,12705
DOK4,12706
METTL5,12707
TMEM65,12708
AGRP,12709
VEGFB,12710
CLCN2,12711
OXA1L,12712
TNK1,12713
OR1E1,12714
BTD,12715
TRIM33,12716
OR2L13,12717
ZNF197,12718
MTNR1B,12719
FABP2,12720
MYOZ1,12721
SLC25A31,12722
MKRN2OS,12723
FAM187B,12724
FLACC1,12725
ERAS,12726
AIFM3,12727
OMP,12728
HOXB6,12729
AGPAT5,12730
CNTNAP3,12731
TMA16,12732
SYT16,12733
IFITM10,12734
EIF3M,12735
PRR3,12736
GARIN2,12737
MSL1,12738
ZNF692,12739
CCDC61,12740
TEX22,12741
POU1F1,12742
CTCFL,12743
ASMT,12744
PRTN3,12745
TSBP1,12746
ABO,12747
ATP5F1A,12748
BCAP29,12749
SMTNL1,12750
MELTF,12751
GAREM1,12752
STX7,12753
FRRS1L,12754
BMP5,12755
SLC7A4,12756
OR10H1,12757
ZNF883,12758
CDH22,12759
AXIN2,12760
SYTL2,12761
C1orf131,12762
SCAF8,12763
CCDC186,12764
RICTOR,12765
DNAAF4,12766
DMRTA1,12767
AK8,12768
GALK2,12769
TRIML2,12770
INSIG2,12771
ZNG1B,12772
NUP54,12773
FANCE,12774
SMAD2,12775
ZNF772,12776
ATP5PB,12777
UCK1,12778
PDPR,12779
SERF1B,12780
MDN1,12781
PRDX3,12782
CER1,12783
TBPL1,12784
SLC38A8,12785
ZNF18,12786
TMEM270,12787
SULT1A3,12788
ILDR1,12789
CNTN3,12790
RPL27A,12791
RNASE10,12792
C9orf57,12793
POT1,12794
KERA,12795
ZNF25,12796
MZF1,12797
ZNF524,12798
PLA2G10,12799
TSPYL6,12800
PPP3R2,12801
TMEM190,12802
HAND1,12803
SNRNP27,12804
STUM,12805
DCLK2,12806
CPB2,12807
PEDS1,12808
THOC7,12809
CTDSPL2,12810
KHDC4,12811
NPIPB5,12812
RCC1L,12813
MAGEC3,12814
PLG,12815
CCDC90B,12816
ZNF626,12817
HMGB1,12818
TIMM29,12820
AP1AR,12821
DDX51,12822
DYNLT4,12823
SIMC1,12824
SLCO6A1,12825
MRNIP,12826
PLPP1,12827
ULK3,12828
ZC3H15,12829
CROCC2,12830
RAB2A,12831
PDE8A,12832
ZIC3,12833
CBLIF,12834
PRSS16,12835
RNASE8,12836
ZNF613,12837
SYCP2L,12838
C12orf60,12839
PTCHD3,12840
THRB,12841
QRSL1,12842
C11orf42,12843
MTR,12844
ZFYVE19,12845
ZNF213,12846
HOXC12,12847
ARHGAP11B,12848
ZNF579,12849
ATP5PF,12850
PIGU,12851
MROH9,12852
SPATA1,12853
EPC1,12854
ERFL,12855
FMR1,12856
SURF1,12857
SYNJ2BP,12858
FBLL1,12859
TAF1L,12860
ULK2,12861
ADIG,12862
ALG6,12863
KIF13A,12864
PATZ1,12865
KRR1,12866
LACTB2,12867
KLHL9,12868
CSNK2B,12869
DCP1B,12870
RNF185,12871
NXNL2,12872
ZNF460,12873
KRT34,12874
CALML6,12875
CFAP53,12876
RBM17,12877
NTN5,12878
HOXC8,12879
SPTBN2,12880
LRRD1,12881
SMIM5,12882
MAP6,12883
RIBC1,12884
PPP2R2B,12885
CNOT2,12886
SGCG,12887
FRAT1,12888
CYP26C1,12890
POLR1D,12891
ZNF383,12892
PPP1R3G,12893
TUNAR,12894
OR52N2,12895
SERPINA7,12896
ATP5MK,12897
ERICH4,12898
SKIC3,12899
BRDT,12900
REEP5,12901
MMP27,12902
SPPL2B,12903
SPATA20,12904
ANKRD36B,12905
GDPD2,12906
PSCA,12907
COX16,12908
TBC1D3B,12909
FAM209A,12910
B3GLCT,12911
FAM199X,12912
NDUFS2,12913
MTMR8,12914
ASTE1,12915
CYB5RL,12916
MYL11,12917
KLHL32,12918
CAND2,12919
TRUB1,12920
PDCD6IP,12921
MMP20,12922
EFNA3,12923
CCDC74B,12924
RPLP1,12925
GPER1,12926
CLEC3B,12927
MEIKIN,12928
XPC,12929
SFRP5,12930
SMIM15,12931
TCP11,12932
BAG6,12933
TSPAN6,12934
LAS1L,12935
RDH8,12936
ZNF845,12937
NXPE2,12938
NCAM2,12939
SRI,12940
CDA,12941
AQP4,12943
NRG2,12944
PITHD1,12945
MAB21L1,12946
STX16-NPEPL1,12947
SFXN2,12948
ACAD9,12949
GABRG1,12950
NCBP3,12951
HPF1,12952
NDUFV1,12953
GHSR,12954
DNPH1,12955
SLC1A1,12956
RPS11,12957
RASL10B,12958
C9orf40,12959
SLC36A3,12960
SIAH3,12961
TMEM144,12962
NIM1K,12963
IL22RA1,12964
SCUBE1,12965
LHPP,12966
RNF224,12967
SNTB1,12968
SHOC2,12969
SLC22A9,12970
GRID2,12971
SF3B6,12972
UTP23,12973
C2orf16,12974
SLC39A4,12975
MAB21L4,12976
CASZ1,12977
EIF2AK1,12978
CNN1,12979
BRAF,12980
CHRNG,12981
BARHL2,12982
CFAP52,12983
CWF19L2,12984
CCDC15,12985
RWDD2B,12986
SURF6,12987
SNX21,12988
C12orf50,12989
LRRC34,12990
CEP57L1,12991
VPS13A,12992
RSPH1,12993
TIGD4,12994
CRISP2,12995
DOK7,12996
OLFM3,12997
SYT8,12998
STAC,12999
NTN1,13000
ZBTB12,13001
ADCY1,13002
AKR1C3,13003
LCE3C,13004
FGA,13005
VIP,13006
ZNF777,13007
POLR3F,13008
BRD1,13009
HIBCH,13010
AIF1L,13011
C22orf31,13012
PTRHD1,13013
AFMID,13014
RSF1,13015
LANCL2,13016
MBL2,13017
ANKFN1,13018
PGGT1B,13019
CLNS1A,13020
CAMLG,13021
ZSCAN31,13022
COQ3,13023
RBIS,13024
PTPRT,13025
UBIAD1,13026
CPNE6,13027
BRICD5,13028
SLC6A17,13029
LDAH,13030
RGPD4,13031
CFAP97D1,13032
HBS1L,13033
UCMA,13034
RGL3,13035
MSANTD1,13036
TEAD1,13037
BAIAP2L2,13038
RGS6,13039
ZNF280A,13040
NR1D2,13041
C20orf141,13042
MT1B,13043
ABHD17C,13044
TAS2R43,13045
MRPL34,13046
LRRIQ1,13047
OLAH,13048
ZDHHC22,13049
CCDC190,13050
ZNF585B,13051
CDC37L1,13052
CA5A,13053
SLC25A20,13054
KLHL41,13055
MTCH1,13056
OR4D1,13057
ARL2,13058
DEFB1,13059
EPN2,13060
CTAGE1,13061
MAGED4B,13062
BBIP1,13063
ADAM22,13064
PAXBP1,13065
RWDD1,13066
TTLL6,13067
ZNF565,13068
GGTLC2,13069
PNMT,13070
SP3,13071
CA1,13072
CCDC110,13073
ZRANB1,13074
PRUNE1,13075
CCN3,13076
FAM168B,13077
ZFY,13078
ARHGAP8,13079
BRS3,13080
NSUN3,13081
C16orf89,13082
RTRAF,13083
FBP1,13084
FAM163B,13085
NEK11,13086
CHRFAM7A,13087
INO80C,13088
EN1,13089
YRDC,13090
FNDC9,13091
UFSP2,13092
MYO16,13093
DDX50,13094
BBS7,13095
EFHD1,13096
FSCB,13097
SLC25A47,13098
SLC36A2,13099
FAHD1,13100
CLCNKA,13101
APBB2,13102
ARMC1,13103
WFDC3,13104
SULT1A1,13105
CCDC116,13106
AXDND1,13107
RPS14,13108
ERMARD,13109
COL4A6,13110
CYP2C19,13111
WNT3,13112
CRYBA1,13113
ZBTB48,13114
ZNF320,13115
FZD7,13116
ZER1,13117
PSD3,13118
NTRK3,13119
DLGAP2,13120
ZNF483,13121
ITPRID1,13122
DNAJB14,13123
GNAL,13124
MTHFS,13125
SYNGR4,13126
SUMO2,13127
TMEM174,13128
N4BP2L2,13129
MYO3A,13130
ARHGAP5,13131
PSEN1,13132
BARX1,13133
ZSCAN1,13134
SMIM13,13135
HOXC10,13136
RERE,13137
LDHAL6A,13138
PHYHIP,13139
CCDC191,13140
FLG,13141
NLGN1,13142
ENDOD1,13143
SSC4D,13144
C4orf36,13145
C4orf51,13146
UTP14C,13147
SATB2,13148
HBG2,13149
SMYD1,13150
COL17A1,13151
PPP1R13B,13152
RMI1,13153
ZW10,13154
SLC25A18,13155
TMEM145,13156
GPR27,13157
HADHB,13158
HTR1F,13159
INTU,13160
H3-7,13161
ARL6IP6,13162
ZNF205,13163
C3orf22,13164
EFNB2,13165
AADACL2,13166
FANCF,13167
NDUFA12,13168
ID4,13169
ZNF2,13170
C3orf49,13171
B3GALT2,13172
C12orf40,13173
QRFP,13174
MYMK,13175
HOXD11,13176
MT3,13177
UBXN6,13178
CNGA4,13179
TUBA3E,13180
CASKIN1,13181
RAG1,13182
CNTNAP4,13183
ZNF439,13184
ZNF853,13185
POU4F3,13186
CDK19,13187
XAGE3,13188
IQCF1,13189
PER1,13190
STXBP5,13191
CLSTN2,13192
DYM,13193
LRP4,13194
FAM162A,13195
KIAA0408,13196
PEX10,13197
ANKRD9,13198
AFTPH,13199
MAT2B,13200
SORBS1,13201
TBC1D24,13202
ENPP1,13203
CTRB1,13204
PPDPF,13205
SP7,13206
C2orf50,13207
ST8SIA5,13208
FOXN3,13209
SLC6A15,13210
CYS1,13211
ZNF501,13212
FAM153A,13213
NFYC,13214
PHF2,13215
ABCB9,13216
ROS1,13217
NT5M,13218
BEND2,13219
GRIN1,13220
NECAB1,13221
ST8SIA6,13222
GJA8,13223
CNBP,13224
ASTL,13225
CD2AP,13226
MRPL40,13227
CHKB-CPT1B,13228
PARP2,13229
HS2ST1,13230
ANAPC13,13231
KLHL26,13232
WDR27,13233
SYNM,13234
TPRKB,13235
ZNF880,13236
IPP,13237
CARD18,13238
ZAR1L,13239
NYAP2,13241
KDM4C,13242
CYSTM1,13243
KLHL24,13244
DST,13245
SLC35D3,13246
SPATA3,13247
KCNIP3,13248
HOXA13,13249
MAP2K6,13250
HIC2,13251
TENT2,13252
ANKRD2,13253
KRT20,13254
NIPAL3,13255
MSLNL,13256
SCN11A,13257
PCDH8,13258
ZNF586,13259
ROCK2,13260
TEKTIP1,13261
SDHAF3,13262
TRMT10B,13263
NR1D1,13264
MTCP1,13265
TMEM170B,13266
AHCYL2,13267
ZBTB21,13268
GRIK1,13269
MYORG,13270
SMC3,13271
MRI1,13272
TMPRSS11B,13273
NPPC,13274
HSPA12A,13275
MOSPD3,13276
RDH13,13277
ZNF443,13278
IGFL2,13279
MORN5,13280
PDCD2,13281
RCOR2,13282
CBY1,13283
UNC80,13284
PTPMT1,13285
SLC35F1,13286
DDX53,13287
ZNF566,13288
RNF2,13289
C16orf95,13290
CHRNA4,13291
FITM1,13292
ZNF765,13293
UCKL1,13294
TRMT1L,13295
ZNF24,13296
RSPH6A,13297
POU3F1,13298
CCDC200,13299
SCN2B,13300
RNF135,13301
XIRP2,13302
TTYH1,13303
SLC51B,13304
TNNI3,13305
NENF,13306
CHRND,13307
ZNF136,13308
CHL1,13309
DDX1,13310
BSND,13311
GPR26,13312
USP17L2,13313
LIN52,13314
TRAPPC11,13315
UBE2NL,13316
DDO,13317
SYT9,13318
C4orf54,13319
NRIP1,13320
TOMM20L,13321
TADA2B,13322
PDZRN4,13323
MUC5AC,13324
UBR7,13325
PERM1,13326
KRT35,13327
KCNH5,13328
C16orf46,13329
VWC2,13330
ECT2L,13331
RGPD2,13332
C1orf94,13333
TMEM231,13334
KCNH7,13335
ZNF622,13336
ATP6V1H,13337
ZBTB26,13338
N6AMT1,13339
RPUSD2,13340
PDE6A,13341
AMFR,13342
ALLC,13343
SHISA7,13344
DOP1B,13345
MOGAT1,13346
PAN3,13347
ZNF26,13348
SERP2,13349
SH2D7,13350
MYO5C,13351
GPR146,13352
HIF3A,13353
UBE3B,13354
PLA2R1,13355
PARD6B,13356
WASL,13357
MLANA,13358
SLC32A1,13359
KRT33B,13360
KRTAP17-1,13361
GNE,13362
NRSN1,13363
FABP3,13364
SLC39A5,13365
SBF2,13366
PUM2,13367
ARL5C,13368
ASB1,13369
CCDC181,13370
ZBTB44,13371
ANKRD7,13372
COX7C,13373
CCDC146,13374
GNRH1,13375
RSPH10B,13376
CFAP47,13378
FGF19,13379
TDRP,13380
HSPA1L,13381
CFAP91,13382
C17orf50,13383
ARL16,13384
CCZ1,13385
INSM1,13386
TMEM177,13387
ACBD6,13388
ZNF100,13389
SUN3,13390
PFKM,13391
FRAS1,13392
ARL4A,13393
ACTL7A,13394
NLRP8,13395
FAM166A,13396
DNER,13397
ZMYM5,13398
CDH15,13399
CDIN1,13400
OCLN,13401
NKAP,13402
TTPA,13403
APOL5,13404
MS4A15,13405
NODAL,13406
EFCAB2,13407
RXFP4,13408
ZNF749,13409
ZNF888,13410
ABRAXAS2,13411
HOXA6,13412
C1QL3,13413
SLC16A8,13414
OR10A4,13415
CELA1,13416
ANKRD26,13417
COX6C,13418
DPH1,13419
RRN3,13420
SELENOI,13421
ZFP1,13422
PRPS1L1,13423
ASB10,13424
PAGE2,13425
SELENOH,13426
RTF1,13427
GJB4,13428
MAP10,13429
CLEC3A,13430
KLK5,13431
TNKS,13432
USP7,13433
USH1G,13434
C5orf47,13435
MEX3D,13436
BLID,13437
ZP2,13438
MB,13439
POU5F1,13440
TEX35,13441
WDTC1,13442
SLC13A1,13443
ANP32A,13444
LHFPL4,13445
ZNF775,13446
POU6F2,13447
VEPH1,13448
TCTE1,13449
KRT71,13450
HINT3,13451
RPP30,13452
TAS1R2,13453
HJV,13454
OR3A3,13455
MIB2,13456
SEC62,13457
TIMM9,13458
PAWR,13459
LMBRD2,13460
FAM25A,13461
CITED2,13462
RIT2,13463
OPRD1,13464
HEXIM2,13465
OSGIN2,13466
CARS2,13467
ACP4,13468
RHOU,13469
FBXO4,13470
CLSTN1,13471
TMEM108,13473
RPS3,13474
SMN2,13475
SLC6A13,13476
GPANK1,13477
RHEX,13478
PITPNM3,13479
CFAP58,13480
CLDN24,13481
SLC6A16,13482
TMEFF2,13483
PRPF6,13484
NPAS4,13485
NHLRC3,13486
GPD1,13487
SLC5A11,13488
ELMOD2,13489
QDPR,13490
DYTN,13491
ING3,13492
C11orf91,13493
IQCK,13494
OTUD1,13495
ETNPPL,13496
TLE2,13497
CASC3,13498
UGT2B17,13499
ZNF148,13500
ARHGEF16,13501
OTX2,13502
PARD3,13503
MTRF1,13504
POU5F2,13505
ADAM29,13506
TMEM244,13507
VPS52,13508
ASB11,13509
NPRL2,13510
PDE5A,13511
ITFG1,13512
IGF2BP1,13513
ATAT1,13514
FRS2,13515
EFCAB11,13516
ANKRD34C,13517
ZNF326,13518
RPP25L,13519
GNAZ,13520
CHAT,13521
C8B,13522
ZNF222,13523
GATC,13524
PCMT1,13525
TPPP3,13526
PCSK4,13527
AK6,13528
CEACAM7,13529
KRBOX5,13530
CCDC148,13531
POLR2I,13532
TMPRSS5,13533
PRDM12,13534
TMEM131,13535
GAL3ST3,13536
CHP1,13537
PTPRR,13538
GSC2,13539
DPY19L2,13540
CST9,13541
IQANK1,13542
GALNT11,13543
CYP27A1,13544
PGAM4,13545
TMPRSS11E,13546
HYCC2,13547
MAFA,13548
PRPH,13549
SCN8A,13550
UST,13551
DNAJC30,13552
CCDC14,13553
PRPF40B,13554
PPFIA3,13555
ACSS1,13556
EVPLL,13557
BPIFB2,13558
DALRD3,13559
FSIP1,13560
SEMA3D,13561
NSG2,13562
GYPB,13563
ERG28,13564
COL2A1,13565
PPP1R27,13566
SPATA6L,13567
CAMKMT,13568
IK,13569
FGB,13570
LRRTM1,13571
ERI2,13572
ZNF518A,13573
MSH3,13574
HDAC6,13575
SHISA8,13576
CPLX2,13577
METRN,13578
TCEAL4,13579
NNT,13580
SEPTIN11,13581
ZNF44,13582
TTC23L,13583
NAALAD2,13584
GABRA3,13585
KDM4D,13586
SMLR1,13587
KRTCAP3,13588
PGA4,13589
TET1,13590
TMEM205,13591
DHRS2,13592
MAPK8,13593
TREH,13594
SLC12A2,13595
ERVK3-1,13596
ASH1L,13597
CPLX4,13598
SLC5A12,13599
ALX3,13600
F11,13601
KRT32,13602
RBM45,13603
ACSM2A,13604
NPAP1,13605
OCA2,13606
CNTN1,13607
NEO1,13608
KSR2,13609
ATP6V1FNB,13610
COX5B,13611
MSTN,13612
MICOS13,13614
MYEF2,13615
UGT1A9,13616
ELP2,13617
POLR2F,13618
MRRF,13619
ERVFRD-1,13620
IL36B,13621
KRT83,13622
MUC17,13623
PIDD1,13624
AGPAT3,13625
ARHGAP35,13626
HLTF,13627
ANKRD36C,13628
NXT2,13629
ZNF397,13630
DNAJA4,13631
FGF12,13632
TMEM272,13633
DCDC2B,13634
PPP1R12B,13635
ANXA8L1,13636
ZBTB10,13637
ZNF510,13638
BCL7A,13639
OTOP3,13640
IFT80,13641
FANCD2OS,13642
PDCD4,13643
SH2D6,13644
RTL8A,13645
SOCS5,13646
C11orf87,13647
HOXA7,13649
C21orf62,13650
IQUB,13651
MUC7,13652
GALR3,13653
GLRA1,13654
AATK,13655
ZNF135,13656
ARMCX1,13657
YIPF7,13658
CATSPERG,13659
SSX5,13660
TMEM255A,13661
SEC14L3,13662
MINDY4,13663
CCDC174,13664
TBL1XR1,13665
LRRC39,13666
ZDHHC23,13668
NLRP10,13669
TAF9B,13670
HTR6,13671
GSTT2B,13672
UROC1,13673
RGR,13674
TBXT,13675
PHF10,13676
NDUFB7,13677
CCDC96,13678
PCDHGB2,13679
TUBB4A,13680
MSANTD2,13681
PGA3,13682
RAC3,13683
TSGA13,13684
METTL22,13685
GARIN5B,13686
ZNF292,13687
IL31,13688
COX15,13690
C9orf131,13691
SSMEM1,13692
ENTREP2,13693
GOLGA8O,13694
TENT5D,13695
LMBR1,13696
PCDHA2,13697
TMEM100,13698
COX8C,13699
NCR2,13700
PLPPR3,13701
TMEM30B,13702
MYRIP,13703
SLC35A5,13704
FHOD3,13705
SENP3-EIF4A1,13706
FUT9,13707
PDF,13708
SAT2,13709
ADCY9,13710
NIPSNAP3B,13711
APCS,13712
ZNF784,13713
RPRD2,13714
CCHCR1,13715
PRB3,13716
FAM53A,13717
SLC19A2,13718
GARIN4,13719
FOXG1,13720
SCAMP1,13721
GPR150,13722
AQP11,13723
CCDC177,13724
PCDHGA2,13725
RHAG,13726
SIM1,13727
GALNT17,13728
TFB1M,13729
RPL13A,13730
OPCML,13731
GOLGA8B,13732
CTSF,13733
MRS2,13734
PCDHA12,13735
TMPRSS2,13736
YIPF6,13737
BOLA2,13738
CEP70,13739
EPS8,13740
TUBA8,13741
MEAF6,13742
FBXO34,13743
RIC8B,13744
BTBD6,13745
CEP20,13746
RAB3B,13747
UACA,13748
SGK2,13749
OR52I1,13750
OR6A2,13751
RAB26,13752
MRPS30,13753
ATP9A,13754
DIRAS2,13755
MDH1,13756
LGALS3,13757
PLAC1,13758
GML,13759
SNX13,13760
SLC29A2,13761
KRTAP5-5,13762
TEFM,13763
TSC1,13764
RPS15A,13765
NPM2,13766
SRY,13767
KLHL28,13768
PPIL3,13769
PCNX4,13770
AGAP4,13771
ZNF653,13772
PTAR1,13773
MYG1,13774
AMTN,13775
PCDHGB1,13776
EFNA4,13777
RIC3,13778
UBN2,13779
SLC6A19,13780
PRKG2,13781
ARFGEF1,13782
PTPRD,13783
LY6G5B,13784
CCDC59,13785
PLEKHA3,13786
LPO,13787
AFP,13788
CALCR,13789
SYCP2,13790
FAM133B,13791
PCDHA7,13792
PCBP2,13793
GOLGA4,13794
PSG1,13795
THAP3,13796
KRT4,13797
DDR1,13798
ZFPL1,13799
U2AF1L4,13800
KHK,13801
CDC34,13802
DENND4C,13803
TSPYL1,13804
DCAF12L1,13805
ASB4,13806
ATP4A,13807
AP5M1,13808
ZNF790,13809
PHF21B,13810
WDR87,13811
RNF150,13812
CFAP107,13813
FTCD,13814
ZNF85,13815
CREB3L3,13816
HSFX1,13817
BCO1,13818
SORBS3,13819
RGS7,13820
DRGX,13821
PKD2L2,13822
PRKCE,13823
SPATA18,13824
DPP8,13825
VWA5B1,13826
PPT2-EGFL8,13827
PEX3,13828
RSC1A1,13829
DDX4,13830
DNAI1,13831
DGCR2,13832
SEPTIN14,13833
LINGO1,13834
C1orf210,13835
ANKRD34A,13836
ADGRA1,13837
FAM9B,13838
ZNF48,13839
HFM1,13840
UFL1,13842
CIB3,13843
ORC3,13844
MAGED4,13845
TRAF6,13846
ATP5F1D,13847
SLC9B1,13848
TBX5,13849
SCAP,13850
RNF113B,13851
MLH3,13852
C1QTNF4,13853
TAMM41,13854
ARHGEF12,13855
DHODH,13856
LRRC31,13857
KIF13B,13858
ACP1,13859
SLC30A8,13860
PTCHD1,13861
PLEKHD1,13862
NDUFA3,13863
ARIH1,13864
TRAPPC13,13865
SERINC3,13866
TEX12,13867
CEACAM16,13868
LINC00672,13869
KCNA10,13870
CPNE3,13871
PIGN,13872
SLC26A1,13873
SCML1,13874
EPHA5,13875
WFDC11,13876
BMP10,13877
SYT1,13878
RBBP7,13879
EIF4ENIF1,13880
ATRAID,13881
PASD1,13882
KBTBD13,13883
ZSCAN10,13884
CAPNS2,13885
LRRC37A2,13886
BHMT,13887
NPY5R,13888
TAF4,13889
ZNF33A,13890
ADTRP,13891
KRT33A,13892
RIPPLY2,13893
ADNP,13894
PROX1,13895
KRT39,13896
PCDHB16,13897
VWA5B2,13898
CDK5R2,13899
DLX2,13900
NEUROG3,13901
EZHIP,13902
MRPL38,13903
EXOC1,13904
KLC3,13905
SERPINA11,13906
COX20,13907
CC2D2B,13908
ZNF862,13909
TLCD3B,13910
TAS2R8,13911
BCDIN3D,13912
XAB2,13913
AIG1,13914
PRR22,13915
ING4,13916
OR7D4,13917
TRIM23,13918
RBM41,13919
ACOT6,13920
ZNF620,13921
AKAP4,13922
TAF6L,13923
PLAAT2,13924
NXPE1,13925
MTNR1A,13926
MT1X,13927
LSM8,13928
CTDSP1,13929
CRYAA,13930
KLHL20,13931
NVL,13932
CFAP65,13933
TMC2,13934
SFXN4,13935
CDH17,13936
TEX44,13937
SPSB4,13938
GAL3ST2,13939
TUBA4B,13940
TCAF1,13941
PIPOX,13942
SLC22A1,13943
NPIPA8,13944
COX14,13945
RBP2,13946
PIWIL3,13947
TAS2R42,13948
HS6ST3,13949
FMR1NB,13950
SPOCK3,13951
CGA,13952
CAPN3,13953
TRPT1,13954
PHYHD1,13955
OR1L3,13956
FDXACB1,13957
RS1,13958
AKAP5,13959
SOCS2,13960
LRIT3,13961
ZNF232,13962
ERVV-1,13963
TRAPPC8,13964
GPR17,13965
CFAP141,13966
PLCH2,13967
GIN1,13968
ALG11,13969
CHD9,13970
ZNF83,13971
ZNF629,13972
ZNF316,13973
ALKBH1,13974
MAPT,13976
IL25,13977
RFX3,13978
PIWIL1,13979
TIGD1,13980
MDH1B,13981
SETD3,13982
OGA,13983
ZSCAN9,13984
RAB14,13985
NUTM2E,13986
USP53,13987
OR2A7,13988
POGZ,13989
WFDC8,13990
FBXO31,13991
PCDHB6,13992
ASB17,13993
MBD3L1,13994
SHOX,13995
SCN5A,13996
HSBP1L1,13997
CA7,13998
CRIP3,13999
RSPO2,14000
KLF15,14001
STAR,14002
BEST2,14003
IFT81,14004
TSG101,14005
PKD1,14006
COA3,14007
ZC3H8,14008
LSM14A,14009
ANKRD23,14010
PAGE4,14011
DNAJC28,14012
RNF103-CHMP3,14013
SHMT1,14014
LENEP,14015
EDN3,14016
CFAP44,14017
TRPM5,14018
MC3R,14019
SST,14020
MGME1,14021
NCKAP1,14022
RGS8,14023
IRS1,14024
ADI1,14025
MGARP,14026
SEC31B,14027
RBM11,14028
ZSCAN25,14029
UGT1A1,14030
GALNT13,14031
KRT82,14032
TTLL2,14033
OVGP1,14034
GPRC6A,14035
ODAD4,14036
STARD6,14037
DLK1,14038
TGM6,14039
FXR1,14040
LECT2,14041
ITPKA,14042
MRFAP1L1,14043
ALDH9A1,14044
PAX7,14045
LIN28B,14046
CCDC187,14047
NPY,14048
AWAT1,14049
SLC25A11,14050
SLC44A5,14051
RNASE13,14052
CDCP2,14054
RAD21L1,14055
DROSHA,14056
MGST1,14057
LRRIQ4,14058
PRPSAP1,14059
ASIC4,14060
DENND2A,14061
SYNE4,14062
CDHR2,14063
FBXL4,14064
PPP2R5A,14065
PRMT8,14066
ATOH8,14067
CHN2,14068
DUT,14069
VPS50,14070
NBEA,14071
PRDM7,14072
ATP4B,14073
SDHB,14074
ATG4D,14075
ZNF230,14076
ZNF497,14077
UNC13C,14078
GC,14079
SEPHS1,14080
KBTBD6,14081
UBE2E3,14082
N4BP3,14083
MOB3B,14084
ARFGAP2,14085
ACTL6B,14086
SPACA3,14087
FOXI1,14088
ZNF257,14089
PPP1R26,14090
MRPS18C,14091
SLC25A15,14092
PSG9,14093
GNPDA2,14094
LEXM,14095
RILP,14096
ANXA9,14097
EXOC6B,14098
TKFC,14099
UPRT,14100
RAG2,14101
MYT1,14102
RLF,14103
CLVS2,14104
CPXCR1,14105
PEX16,14106
CLASP2,14107
TAAR1,14108
BHLHE41,14109
TGFBR3,14110
FBXO40,14111
GABRB3,14112
BAHCC1,14113
LCMT1,14114
SLITRK5,14115
DSPP,14116
MPND,14117
FOXO4,14118
TMEM187,14119
SRARP,14120
TMEM94,14121
GFRAL,14122
FBXO15,14123
SRRM4,14124
OR1N2,14125
ADK,14126
KAT5,14127
FAM133A,14128
RALYL,14129
OR5B21,14130
HECTD4,14131
KLRG2,14132
PTPN4,14133
FRMPD2,14134
SLC24A2,14135
TEX38,14136
ZSCAN4,14137
MRPL39,14138
APBA1,14139
ABCG2,14140
KIAA1143,14141
NAT8B,14142
CYP2F1,14143
ECHDC1,14144
PRG3,14145
RPL3L,14146
LRRC75A,14147
LCE2A,14148
BEND7,14149
IREB2,14150
RSL1D1,14151
PELI3,14152
FBXO47,14153
ENDOG,14154
SCRN2,14155
FOXI2,14156
PNLIPRP3,14157
BCAN,14158
GRSF1,14159
KRT25,14160
LRRC36,14161
PLD5,14162
PCLO,14163
PGPEP1,14164
RXRA,14165
MCEE,14166
BRINP2,14167
ZDHHC15,14168
NACA2,14169
CTNNA2,14171
SLC4A9,14172
GABRG2,14173
SEMA5A,14174
CWC27,14175
GFM1,14176
AMELY,14177
NAT2,14178
PCM1,14179
MICOS10,14180
LRTM2,14181
TSSK3,14182
BCAS1,14183
GPR160,14184
HEATR5B,14185
TACR2,14186
ZNF442,14187
ACCSL,14188
SLC46A3,14189
ABHD12B,14190
UCHL5,14191
PCDHGA6,14192
CALM2,14193
ANKRD33B,14194
ACOT11,14195
ZC2HC1C,14196
EIF3E,14197
RNF220,14198
AMH,14199
THUMPD2,14200
ZNF644,14201
ZIC4,14202
THAP5,14203
SPP2,14204
APOO,14205
AMBN,14206
ING1,14207
RPL24,14208
NPTX1,14209
NDUFA10,14210
SIM2,14211
ATG14,14212
THSD4,14213
CSMD3,14214
FNIP2,14215
VPS26B,14216
KIF26A,14217
TUFT1,14218
PPP1R14C,14219
RPL14,14220
FAM200A,14221
EVPL,14222
ZFP57,14224
NAF1,14225
EBP,14226
CCDC152,14227
RITA1,14228
FRG1,14229
SLC44A3,14230
HESX1,14231
PSG4,14232
FAM161A,14233
SLC4A4,14234
IER3IP1,14235
PAGE2B,14236
PPP1R1C,14237
C16orf82,14238
BTNL9,14239
INSYN1,14240
SRSF5,14241
ZNF140,14242
KLHL12,14243
DEFB132,14244
ZPBP,14245
CREB3L4,14246
WDR70,14247
TAF9,14248
ZNF681,14249
LHX8,14250
RFPL1,14251
SLAIN2,14252
FAM170A,14253
OR8B8,14254
ARRDC4,14255
MARCHF5,14256
OR2I1P,14257
BABAM1,14258
FAM20B,14259
CHIA,14260
LYPD6,14261
LRRC17,14262
DEFB118,14263
MT1HL1,14264
DEFB126,14265
VWC2L,14266
PPIG,14267
ACTR6,14268
DNAJC4,14269
ERVH48-1,14270
PRDX6,14271
NCOA6,14272
RXFP2,14273
OBSL1,14274
KL,14275
TINAG,14276
RPS5,14277
TYR,14278
OTC,14279
FGF13,14280
VSTM2A,14281
PRPF18,14282
MYMX,14283
SLC19A3,14284
SYP,14285
KPNA7,14286
FGF6,14287
RPP21,14288
GAGE10,14289
CSNK2A3,14290
DGKK,14291
TMEM235,14292
ADGB,14293
HOXC9,14294
QPRT,14295
MRPS33,14296
ALK,14297
PDXP,14298
ZNG1E,14299
FETUB,14300
DTWD2,14301
PBX1,14302
ZBTB16,14303
ITPRID2,14304
COMMD3,14305
ZNF169,14306
ZNRF3,14307
MACC1,14308
GID4,14309
ATP6V1B1,14310
NPSR1,14311
AMER1,14312
SOGA3,14313
DYNC2I1,14314
SLC2A11,14315
TLDC2,14316
PAX1,14317
ZNF77,14318
MNX1,14319
PEG3,14320
FAM8A1,14321
RMDN1,14322
ATXN7L1,14323
C9orf152,14324
ELOA2,14325
MBLAC1,14326
TUG1,14327
ZBTB22,14328
BCL9,14329
EEF1AKMT1,14330
RNF139,14331
UNC5C,14332
PCBD1,14333
SCP2D1,14334
NRBP2,14335
C4orf17,14336
CHMP5,14337
DOCK1,14338
CREBZF,14339
TMPRSS11F,14340
CELF3,14341
RPL34,14342
CPAMD8,14343
PHKA2,14344
LIPH,14345
TCP10L,14346
MKS1,14347
GLO1,14348
GJD4,14349
ART5,14350
OXT,14351
METTL21C,14352
DECR2,14353
PPP1R16A,14354
ALKBH8,14355
C11orf65,14356
ZNF705A,14357
DNAAF10,14358
OR7D2,14359
PAK4,14360
PCDHA9,14361
ADAMTSL1,14362
CDC14B,14363
ODAD3,14364
SLCO1A2,14365
C2CD6,14366
SHISA6,14367
ZNF846,14368
MAEL,14369
THEM6,14370
MVK,14371
UQCRB,14372
DMRT1,14373
GSTT2,14374
SMS,14375
ZNF567,14376
KHDC1L,14377
CLCA4,14378
BLOC1S1,14379
DCAF10,14380
MIS18A,14381
SPATA16,14382
TFAP2A,14383
NEURL4,14384
BTBD2,14385
ZNF195,14386
MCRIP2,14387
WNT8A,14388
MGMT,14389
EDDM3B,14390
TFF1,14391
ZNF544,14392
ADCY6,14393
LGI4,14394
VAV3,14395
DNLZ,14396
SEC22B,14397
C5orf49,14398
KCNC1,14399
NEUROG2,14400
TRIM67,14401
SNRPN,14402
CHRM5,14403
FAM151A,14404
FAM241B,14405
IRGC,14406
ATCAY,14407
OPLAH,14408
ANKS1B,14409
ZSWIM7,14410
SACM1L,14411
ZNF454,14412
ALKAL2,14413
NR1H4,14414
RPEL1,14415
PTX4,14416
TECR,14417
NOTCH2NLA,14418
CBY3,14419
NIPSNAP1,14420
SERHL2,14421
PTGES3L,14422
MYL1,14423
GGT6,14424
NLRP14,14425
TRAK1,14426
GPR62,14427
TGIF2-RAB5IF,14428
DAO,14429
UBE4B,14430
MGST2,14431
C1orf52,14432
CALHM3,14433
KIF4B,14434
BSDC1,14435
ENTREP1,14436
ING2,14437
UTP25,14438
ACSBG1,14439
NKX2-8,14440
IFITM5,14441
CTAGE6,14442
HAPLN1,14443
ACAD10,14444
TOMM70,14445
UBAP1L,14446
DHRS7B,14447
DCAKD,14448
AKAIN1,14449
PFDN5,14450
PAM16,14451
EIF1AX,14452
FREM2,14453
FSD2,14454
POLI,14455
ANO10,14456
PTCH1,14457
ZNF605,14458
NPIPA1,14459
DDX47,14460
ANKMY1,14461
UBE2F-SCLY,14462
SAXO2,14463
MAIP1,14464
VPS37D,14465
HAO1,14466
CST4,14467
FNDC7,14468
ZNF41,14469
CTXN2,14470
INO80B,14471
TDRD15,14472
PGA5,14473
KRT74,14474
PCDHGA11,14475
RPL3,14476
ZSCAN30,14477
FBXL22,14478
C11orf98,14479
FUT5,14480
SEH1L,14481
SLCO1B3,14482
HTR1E,14483
AGAP5,14484
ZNF696,14485
SLC9C1,14486
HEPN1,14487
ZNF17,14488
C19orf81,14489
SLC37A4,14490
NEIL1,14491
SPINK1,14492
DUSP15,14493
ZNF517,14494
ARL6IP4,14495
C2orf78,14496
RPL38,14497
TMEM132E,14498
ZNF414,14499
SRRM5,14500
ALMS1,14501
CASTOR1,14502
ZNF248,14503
LRRC73,14504
NT5C1B,14505
SNUPN,14506
ZNF23,14507
CDH12,14508
ATMIN,14509
RTP1,14510
RPL8,14511
CRX,14512
BBS12,14513
HEATR4,14514
TEKT4,14515
ACOT12,14516
SLC17A1,14517
ZXDB,14518
TARM1,14519
FAM86B2,14520
ZNF225,14521
NR0B2,14522
OR52D1,14523
STMND1,14524
GSG1L,14525
C7orf25,14526
GPATCH1,14527
OR2AE1,14528
MTSS2,14529
RPL18,14530
OR2F1,14531
TMEM35B,14532
GSTZ1,14533
C3orf33,14535
THUMPD1,14536
PRMT9,14537
ARMS2,14538
PAGR1,14539
TRIM50,14540
MOCS1,14541
ARHGEF33,14542
KLHDC3,14543
DMBX1,14544
UBAC1,14545
SWT1,14546
NDFIP1,14547
DCST2,14548
SPINK8,14549
ZSWIM9,14550
CRB1,14551
SYN3,14552
PTH1R,14553
DMRTA2,14554
DNAJB7,14555
HOXB13,14556
DRD4,14557
AVPI1,14558
TPH1,14559
CAPN7,14560
ASIC2,14561
LHFPL3,14562
ZNF229,14563
ATG12,14564
ZSCAN5B,14565
CCDC82,14566
TIGD5,14567
ABHD5,14568
MOGAT3,14569
KRTAP2-3,14570
IHH,14572
AGBL3,14573
ZCCHC4,14574
NDRG2,14575
SYCE1,14576
SPG7,14577
RIMBP2,14578
G2E3,14579
KCNK16,14580
RPL35A,14581
B4GALT4,14582
TCEA2,14583
PBOV1,14584
FCSK,14585
CPM,14586
CDKL4,14587
SHISA3,14588
CNDP1,14589
IRX4,14590
CTAGE15,14591
NDUFV3,14592
RGPD8,14593
GRK1,14594
RXRB,14595
ACYP1,14596
SMN1,14597
ANKS6,14598
ICA1,14599
PNLIP,14600
NUFIP1,14601
SERPINA6,14602
C2orf73,14603
MLLT10,14604
BCL2L2-PABPN1,14605
POLR2K,14606
DCAF12L2,14607
PCDH9,14608
SMIM6,14609
TMEM132C,14610
OR51I2,14611
PMS1,14612
BEST4,14613
KPRP,14614
TMEM219,14615
DPH5,14616
VAPA,14617
TFDP2,14618
NR2C1,14619
NF1,14620
CDPF1,14621
GPR149,14622
PTPDC1,14623
GSE1,14624
KHDC3L,14625
LRIG3,14626
EFCAB3,14627
MAGEE2,14628
PSG8,14629
CISD3,14630
MYOC,14631
MOGAT2,14632
GPR142,14633
LYZL4,14634
DCTN4,14635
NECAB3,14636
MIA3,14638
PIP,14639
MAGEL2,14640
RSRP1,14641
ZNF420,14642
NUTM2G,14643
RFXAP,14644
IL3,14645
DBX2,14646
MAPK15,14647
CZIB,14648
ZNF208,14649
OPRPN,14650
GABRB2,14651
MED9,14652
RERGL,14653
FOXD4L3,14654
GALR1,14655
MDGA2,14656
TBC1D26,14657
TRAPPC4,14658
SRGAP2C,14659
NXNL1,14660
PRRG2,14661
GRIK2,14662
SH2B1,14663
CT55,14664
MARCHF11,14665
KISS1,14666
NUDT14,14667
POU5F1B,14668
NUMA1,14669
TADA2A,14670
ARHGAP39,14671
RNF148,14672
BRWD1,14673
PCMTD2,14674
BOLL,14675
KIR2DL3,14676
OTUD7B,14677
SCOC,14678
SLC16A12,14679
PLK5,14680
PCDHGA3,14681
ASF1A,14682
USP2,14683
OR7A17,14684
ZNF891,14685
AKAP11,14686
PARD3B,14687
VGLL2,14688
UPB1,14689
MTA3,14690
NWD2,14691
GPR156,14692
SPAM1,14693
GLIPR1L2,14694
PGK2,14695
ZNF30,14696
ZNF844,14697
TMEM238L,14698
MEP1A,14699
MUC2,14700
TMEM97,14701
NOL4,14702
PIERCE2,14703
MANSC4,14704
KHDRBS3,14705
GSG1,14706
RAB40A,14707
LRRC2,14708
PSMB11,14709
DENND11,14710
TRAK2,14711
SULT6B1,14712
DCST1,14713
GRHL2,14714
AADACL4,14715
ZNF184,14716
KLF11,14717
ACYP2,14718
PATE1,14719
TSPAN19,14720
HOXB8,14721
POM121L2,14722
SLC23A1,14723
GSTM1,14724
UNC5D,14725
DSG2,14726
FMN1,14727
PCDHA4,14728
CIART,14729
MC2R,14730
NNAT,14731
KCNJ9,14732
PDHB,14733
MRO,14734
SMCO3,14735
MAP3K15,14736
RPS10,14737
LIPI,14738
SPIN3,14739
LIME1,14740
KRTAP10-4,14741
ZNF14,14742
TATDN3,14743
ZHX1,14744
IQCM,14745
OOEP,14746
STIMATE-MUSTN1,14747
FRMPD4,14748
PCNP,14749
PDCL2,14750
IRX1,14751
MC5R,14752
CCDC158,14753
AGXT2,14754
NDST3,14755
PODXL2,14756
C20orf85,14757
POC1B,14758
OPA1,14759
GPRIN2,14760
TESK2,14761
GRIK3,14762
OR51B4,14763
ABCB7,14764
TMEM88B,14765
RACK1,14766
KRTAP5-2,14767
PCCB,14768
USF3,14769
NPIPB11,14770
NKX6-1,14771
ZC4H2,14772
OTOG,14773
C19orf67,14774
SCD5,14775
DDI1,14776
ZDHHC9,14777
ATP5ME,14778
FAM117B,14779
TJP3,14780
SRP9,14781
COQ4,14782
MUC19,14783
LBHD2,14784
PLAG1,14785
NGRN,14786
ARHGAP36,14787
HRC,14788
SEC24B,14789
ECHS1,14790
EPM2AIP1,14791
CABLES1,14792
FAM177A1,14793
RIMS4,14794
KIR2DL1,14795
RPS4X,14796
COL28A1,14797
EML5,14798
SLC13A2,14799
NTF3,14800
TFDP3,14801
MPPED1,14802
ATL1,14803
TIGD7,14804
POLR2C,14805
HS3ST5,14806
NTN3,14807
SLC2A7,14808
PNLIPRP1,14809
ABITRAM,14810
RNF227,14811
OPN5,14812
PRKAB1,14813
ID2,14814
FBP2,14815
KLHL7,14816
PP2D1,14817
SPAG7,14818
TUBB8,14819
GGPS1,14820
DMXL1,14821
P2RX3,14822
FAM217A,14823
STH,14824
POLRMT,14825
GBX2,14826
TBX10,14827
KCNMB2,14828
ZNF699,14829
CRACR2B,14830
LDB3,14831
ZXDA,14832
TAS2R3,14833
KIZ,14834
GGACT,14835
CLRN3,14836
UPK3B,14837
GLRA2,14838
PAGE5,14839
TMEM183A,14840
LCA5L,14841
MAGEB10,14842
IDI1,14843
VPS54,14844
OR1I1,14845
CA4,14846
PDYN,14847
PLEKHA5,14848
MOSMO,14849
RBP4,14850
BMPR1B,14851
RNF152,14852
C16orf78,14853
TAS2R7,14854
C7orf31,14855
GPR45,14857
ZNF713,14858
LRBA,14859
TBR1,14860
PLCZ1,14861
NDST4,14862
PWWP3A,14863
NHLRC1,14864
PRKAA2,14865
TAS2R38,14866
TST,14867
KMT5C,14868
VSX1,14869
IL17RC,14870
IL20RA,14871
PSG3,14872
ZDHHC6,14873
MIPEP,14874
IVD,14875
ARL17A,14876
PLPBP,14879
SPDYE1,14880
C1orf226,14881
PHOX2B,14882
UGT2B11,14883
NOX3,14884
ISCA1,14885
GSTA3,14886
H3C15,14887
MAP2K5,14888
MAP2K7,14889
IRF6,14890
TRIM74,14892
ARID4A,14893
ANAPC15,14894
TGM7,14895
BBS10,14896
C11orf86,14897
ZNF425,14898
SAMD12,14899
REPS2,14900
PXYLP1,14901
SLC22A18,14902
ROPN1,14903
CCDC54,14904
GUF1,14905
AGR3,14906
TOM1L1,14907
DMKN,14908
SPATA45,14909
OR51B5,14910
CACNA1H,14911
SHCBP1L,14912
STX8,14913
CEP68,14914
TAF7,14915
TLK1,14916
FAM185A,14917
LGALS7B,14918
TCEAL5,14919
TIMM21,14920
FBXO17,14921
CIRBP,14922
GAN,14923
CCDC103,14924
ARR3,14925
ZNF664,14926
HBE1,14927
SGF29,14928
SAGE1,14929
INAVA,14930
CEP63,14931
TMEM253,14932
CBS,14933
SIN3A,14934
LCN12,14935
NUTM2D,14936
PCOLCE2,14937
CETN3,14938
FAM219B,14939
NEU4,14940
TAS2R9,14941
RTL1,14942
MRPL2,14943
IFT122,14944
PRMT7,14945
PATE2,14946
ZNF90,14947
EEF1B2,14948
NOXO1,14949
ARX,14950
NSUN6,14951
FIGLA,14952
ZKSCAN1,14953
ZYG11B,14954
MAL2,14955
NKX6-3,14956
TEDDM1,14957
TMCO5A,14958
CNTN4,14959
ELAVL3,14960
PRR4,14961
GDF9,14962
APOA4,14963
RAB3A,14964
ACSM4,14965
PDILT,14966
PRR5-ARHGAP8,14967
C8orf88,14968
OR52K1,14969
DEPDC4,14970
APOBEC4,14971
OR6M1,14972
DCAF4L2,14973
CGN,14974
CCNB3,14975
FAM72C,14976
RDH14,14977
WDR72,14978
NOL3,14979
CYP2A6,14980
TLE5,14981
ZNF571,14982
VCX,14984
GHRH,14985
KDM3B,14986
LRIG2,14987
LSM3,14988
SERPINA4,14989
KIFBP,14990
ALDH7A1,14991
THAP9,14992
KLF4,14993
TMEM209,14994
SMCO1,14995
FAM170B,14996
PDZD3,14997
CD164,14998
ADAMTS19,14999
IGSF9,15000
WDR17,15001
NMT2,15002
ZBED8,15003
TPD52,15004
ALG10B,15005
PDHX,15006
CALN1,15007
HLCS,15008
ZNF616,15010
OR1J4,15011
URGCP,15012
CUTA,15013
PRAMEF12,15014
WLS,15015
PEX2,15016
MYSM1,15017
ACSM6,15018
PAX6,15019
BUD13,15020
COPS5,15021
APOA5,15022
ZNF525,15023
SHPRH,15024
SUMO1,15025
TRIM6-TRIM34,15027
MYF5,15028
RHBDL1,15029
MICAL3,15030
PALS1,15031
CARTPT,15032
KRIT1,15033
PIK3C3,15034
CFAP100,15035
METTL7A,15036
CFTR,15037
BRPF3,15038
GP6,15039
ANP32D,15040
TOP2B,15041
SLC22A8,15042
CFAP410,15043
SV2C,15044
PABIR2,15045
PPP1R2B,15046
GFRA4,15047
NHLH2,15048
ATP2B2,15049
CEP57,15050
TRIM13,15051
ASB14,15052
FAM166B,15053
PLD6,15054
CYP2C8,15055
SLITRK1,15056
UGT8,15057
CLUL1,15058
YPEL1,15059
ZNF670-ZNF695,15060
PNCK,15061
FIP1L1,15062
TAS2R41,15063
RBM20,15064
PIRT,15065
GPM6A,15066
IL11RA,15067
AP3S2,15068
FRYL,15069
RAX2,15070
FGF4,15071
BORCS8-MEF2B,15072
FGFRL1,15073
ABHD14A,15074
CCDC113,15075
ADAMTS20,15076
USP50,15077
AKAP3,15078
KAT6B,15079
OCRL,15080
PGBD2,15081
GPR61,15082
ADRA2B,15083
DPPA2,15084
TRAM1L1,15085
CPO,15086
NUDCD2,15087
GOLGA8N,15088
PWWP2A,15089
PCDHGC5,15090
VWDE,15091
C1QTNF9B,15092
CFAP43,15093
ERCC5,15094
NAA11,15095
RPL9,15096
GABARAPL2,15097
FBXL12,15098
THAP12,15099
G6PC1,15100
STAU2,15101
THAP2,15102
TMEM60,15103
NPIPA9,15104
OR10A2,15105
C13orf42,15106
HAUS7,15107
ALDOC,15108
CACNG7,15109
C3orf84,15110
HNMT,15111
RTN3,15112
ZMAT1,15113
TEX9,15114
CDHR5,15115
ETAA1,15116
CENATAC,15117
FDX2,15118
TEX264,15119
C1QTNF12,15120
EFNA2,15121
ZNF470,15122
PTPRF,15123
HTN3,15124
VAMP2,15125
ZNF552,15126
RAB9B,15128
MNAT1,15129
HOGA1,15131
CYP2W1,15132
AP3S1,15133
CALB1,15134
ZNF391,15135
IQCH,15136
ENPP6,15137
ZNF440,15138
KCNK4,15139
FAH,15140
DEPDC5,15141
ALDH1B1,15142
C1orf35,15143
ODAD1,15144
GPR33,15145
CBLN2,15146
PRPS2,15147
PIK3CB,15148
NECAP1,15149
ZIC1,15150
SLC25A42,15151
MRGPRX1,15152
GPAM,15153
DNAJC12,15154
NYAP1,15155
SCX,15156
RFPL4A,15157
SMIM30,15158
ALS2CL,15159
PCDH1,15160
C10orf53,15161
CCT8L2,15162
TPRG1L,15163
UBE2R2,15164
CCDC112,15165
CHRM4,15166
SMIM32,15167
NRL,15168
LRIT2,15169
SIGLECL1,15170
HMX2,15171
PRB1,15172
SLC22A6,15173
ACTL8,15174
SPAG9,15175
ZNF608,15176
MASP2,15177
SYTL5,15178
MAJIN,15179
OR8G1,15180
PRIMA1,15181
FABP12,15182
RALGAPB,15183
CLK3,15184
ZNF223,15185
WDR33,15186
FAM184B,15187
ZNF155,15188
NIPSNAP3A,15189
ETNK2,15190
FBXO32,15191
ANGPTL3,15193
RIDA,15194
SLC25A1,15195
BRF2,15196
KCNN2,15197
GTF2F2,15198
ZNF814,15199
RBFA,15200
TTC29,15201
CRYL1,15202
WAC,15203
DDX19B,15204
NFILZ,15205
RBM27,15206
CBLN1,15207
OPRM1,15208
SERTM2,15209
ZNF287,15210
SLC30A2,15211
RAD51B,15212
FIGNL2,15213
EFNA5,15214
ATP5MF-PTCD1,15215
NPIPB4,15216
KCNV2,15217
USP44,15218
RWDD4,15219
ALKBH2,15220
CCZ1B,15221
COX6A2,15222
PGM1,15223
KLHL34,15224
TMEM186,15225
TMEM150C,15226
RASSF6,15227
ZNF804B,15228
CLGN,15229
C17orf97,15230
HEBP2,15231
FOXA2,15232
KLKB1,15233
LTO1,15234
HMX1,15235
ABHD10,15236
TRPM3,15237
ZNG1F,15238
FAM86B1,15239
RFPL3,15240
SPPL2C,15241
FOXO1,15242
FN3KRP,15243
EGF,15244
COX4I1,15245
DYNLT2B,15246
CACNG3,15247
KIAA1328,15248
FPGT,15249
CCL16,15250
ZSCAN16,15251
NOX5,15252
OBP2B,15253
DLG1,15254
HTR4,15255
CERT1,15256
ASPDH,15257
TXNIP,15258
ZNF676,15259
NELFE,15260
OXGR1,15261
MCM9,15262
CCDC68,15263
ADCK2,15264
LMNTD2,15265
KCTD6,15266
DYNC1I1,15267
MBNL3,15268
DNAJC17,15269
GOLGA8H,15270
OR52A1,15271
RGS9BP,15272
COIL,15273
DEFB103A,15274
ALG1L2,15275
RXRG,15276
ZZZ3,15277
CEP95,15278
KCNJ6,15279
SPINK14,15280
TARP,15281
RBBP8NL,15282
RBM14-RBM4,15283
PTPRK,15284
RSBN1L,15285
DEGS2,15286
DPY30,15287
PCTP,15288
ORMDL1,15289
PJA2,15290
METAP1D,15291
ACOX1,15292
MAGEB2,15293
HERC3,15294
MRPL30,15295
LMX1A,15296
POLR2M,15297
TRIML1,15298
C3orf52,15299
TM2D3,15300
GPM6B,15301
ZAR1,15302
PTK2,15303
CYP11B1,15304
BRI3BP,15305
PDC,15306
FEZF2,15307
RXYLT1,15309
CDADC1,15310
MTX2,15311
SCGB1D2,15312
UBR3,15313
ZNF345,15314
LRRC18,15315
ANKS4B,15316
ETV2,15317
LGALS4,15318
OR51I1,15319
ZNF337,15320
PLAAT1,15321
TEX55,15322
GRIA4,15323
H4C15,15324
WEE1,15325
RPRM,15326
ATAD1,15327
TUBA3C,15328
ZFAND2B,15329
OR52P1,15330
TSHB,15331
RPL37,15332
ADAMTS17,15333
GRP,15334
STATH,15335
SULT1C3,15336
ANKRD18B,15337
AFM,15338
ARFGEF3,15339
STOX1,15340
ALPP,15341
RPL7A,15342
CBLL1,15343
SNX30,15344
OGFOD2,15345
CLDND2,15347
TIGD2,15348
PILRB,15349
PAIP2B,15350
CSNK1G3,15351
KIAA2012,15352
TAF3,15353
MANEAL,15354
RBFOX3,15355
RTP3,15356
ZNF98,15357
HSF4,15358
CGB7,15359
PSG2,15360
MYO9A,15361
ZNF446,15362
ASB8,15363
C10orf62,15364
ACTRT1,15365
RP9,15366
ARMC8,15367
CPLANE1,15368
PCP2,15369
CNTNAP5,15370
YIPF4,15371
GDAP1L1,15372
ODF3,15373
SPRED2,15374
PGAP4,15375
DYDC1,15376
TSSK2,15377
CAPN9,15378
LINGO4,15379
CNMD,15380
KRT38,15381
ACTN2,15382
R3HDML,15383
TOGARAM1,15384
RPL17,15385
OR1A1,15386
LYSMD1,15387
TMEM35A,15388
SNORC,15389
BSCL2,15390
ACAA1,15391
PFKFB1,15392
ZFAND4,15393
TCF7L2,15394
GPBP1L1,15395
IFNA5,15396
TAS2R30,15397
PPARG,15398
PRR9,15399
NADK2,15400
METTL18,15401
MYH14,15402
CBLL2,15403
SOX1,15404
MATR3,15405
SCGB2B2,15406
GK3P,15407
PVALB,15408
DPP10,15409
IDH1,15410
DCT,15411
SCART1,15412
ZNF398,15413
EIF4B,15414
SLC38A11,15415
AACS,15416
HOXA2,15417
GTF2H4,15418
CYLC2,15419
ERCC8,15420
HSPE1-MOB4,15421
CYB5D2,15422
ASB13,15423
TTLL13,15424
SCGB1A1,15425
OR1D2,15426
SERF1A,15427
MYH3,15428
DIPK1C,15429
PON1,15430
CACNG2,15431
NR5A1,15432
ARMH2,15433
OVOL2,15434
SLC22A25,15435
DLD,15436
UQCRC2,15437
PLXNA2,15438
OTUD7A,15439
PCYOX1,15440
ENPP3,15441
C1orf146,15442
OSBPL6,15443
GFRA3,15444
OR1L8,15445
ZBED5,15446
TSPAN12,15447
RNF212,15448
GPR152,15449
RSBN1,15450
OLA1,15451
VSX2,15452
ARV1,15453
CA10,15455
C13orf46,15456
DPRX,15457
SLC44A1,15458
SPZ1,15459
REP15,15460
TXNDC8,15461
CPEB1,15462
TRPV1,15463
TCAIM,15464
SLC28A2,15465
AARSD1,15466
PTGES3L-AARSD1,15467
KRTAP4-5,15468
STEEP1,15469
NPHP3,15470
PANK3,15471
CUL5,15472
NAT8,15473
ABCC12,15474
NKPD1,15475
KRTAP13-1,15476
SLC35G1,15477
IFNW1,15478
S100G,15479
OSTN,15480
ST6GAL2,15481
ADGRB3,15482
SIRT4,15483
NDUFB6,15484
TMEM132B,15485
CARF,15486
SPTB,15487
SPDYE4,15488
IARS2,15489
CYP3A43,15490
NDUFAF6,15491
SDHAF1,15492
FNDC5,15493
LEAP2,15494
APOA1,15495
RPL32,15496
ACER1,15497
DDX59,15498
PSG7,15499
TMEM101,15500
GOLGA6L9,15501
INTS14,15502
NR1I2,15503
SLC35B3,15504
SHLD2,15505
RPS9,15506
LRRC7,15507
CRISP1,15509
ZNF763,15510
BPIFA2,15511
PADI6,15512
ZFP3,15513
XAGE2,15514
ADH5,15515
MFSD8,15516
VPS26A,15517
GFM2,15518
ZNF536,15519
A3GALT2,15520
TP53TG3D,15521
ZNF799,15522
SPICE1,15523
NKAIN2,15524
WDR20,15525
SKIC8,15526
CCDC28A,15527
C1QTNF8,15528
VAPB,15529
ENPP5,15530
GRIA2,15531
ENOSF1,15532
ECSIT,15533
MEPE,15534
AQP7,15535
UGT1A4,15536
ZNF117,15537
OR5B12,15538
ZNF273,15539
MSRA,15540
CYLC1,15541
ISM2,15542
MLLT3,15543
RABL2A,15544
ZNF141,15545
TMEM126B,15547
SLC6A18,15548
OCSTAMP,15549
UBQLN3,15550
SLITRK3,15551
CHMP2B,15552
CLDN20,15553
KLF5,15554
IMPG1,15555
CACNG5,15556
GLI4,15557
FAM205A,15558
GOLGA7,15559
MAGEC1,15560
CCKBR,15561
CDH20,15562
C19orf18,15563
SLC6A2,15564
SLC35G3,15565
AGFG2,15566
HOXB5,15567
KLLN,15568
CABP2,15569
RIPPLY1,15570
FKTN,15571
ADGRV1,15572
ZIM3,15573
RETNLB,15574
CDRT4,15575
DEFB134,15576
CTTNBP2,15577
GALNT12,15579
ZNF730,15580
PYROXD1,15581
DHX40,15582
ZNF226,15583
ASAH2,15584
PSMG4,15585
COQ7,15586
GATD3,15587
SPEM2,15588
PRLHR,15589
IFNL2,15590
CDK3,15591
NYX,15592
GNA11,15593
NANOG,15594
SCN9A,15595
ANKRD66,15596
SORBS2,15597
CECR2,15598
TMEM72,15599
ZNF253,15600
RAB17,15601
TERT,15602
ANKRD39,15603
ZNG1C,15604
KLK3,15605
HSD3B2,15606
TFCP2L1,15607
LDHC,15608
CRH,15609
BEX1,15610
TMBIM4,15611
ARHGEF38,15612
RUSF1,15613
C14orf39,15614
ERBIN,15615
PRODH2,15616
QARS1,15617
THAP6,15618
FAM210B,15619
SNTG1,15620
CD200R1L,15621
TAS2R40,15622
SNW1,15623
C5orf52,15624
LONRF1,15625
SH3BGR,15626
CLDN16,15627
HOXD3,15628
ZNF879,15629
KRT40,15630
SUDS3,15631
NUCKS1,15633
FOXD3,15635
CABP1,15637
KCNJ18,15638
MLF1,15639
WRNIP1,15640
NIT2,15641
SLC26A7,15642
TDGF1,15643
CDX2,15644
SOCS6,15645
KRTAP3-3,15646
FAM184A,15647
AASDH,15649
PNMA6F,15650
BMP3,15651
BTBD9,15652
HDGFL2,15653
SUPT20HL2,15654
TMEM139,15655
METTL7B,15656
TSNAX-DISC1,15657
MECR,15658
EIF4A2,15659
ATP5PO,15660
SYT13,15661
OR10AD1,15662
PPP1R2C,15663
OR1L4,15664
SRD5A2,15665
LRRC19,15666
ACSM2B,15667
FAM186B,15668
CCDC185,15669
GAMT,15670
MMGT1,15671
ANKHD1,15672
PTCD3,15673
TMEM38A,15674
WFDC10A,15675
GMNN,15676
BARHL1,15677
MRPS25,15678
GDF2,15679
NRN1L,15680
ECRG4,15681
H2AC1,15682
PAFAH2,15683
HOXD8,15684
ERICH6B,15685
RPS10-NUDT3,15687
KLHL31,15688
BLOC1S5,15689
BTG4,15690
SLU7,15691
TTR,15692
FGF22,15693
RPS24,15694
LGALS7,15695
PLGLB1,15696
STKLD1,15697
PSG6,15698
RPS6KA5,15699
ABHD14B,15700
MAPK4,15701
PRDM5,15702
PRR27,15703
EGFL8,15704
MYO15B,15705
TYW5,15707
ASMTL,15708
RANBP17,15709
CSPG5,15710
KCNJ1,15711
CCDC197,15712
GJA10,15713
RMND5B,15714
TIMP4,15715
ASIC3,15716
ZNF112,15717
SCIN,15718
EFCAB6,15719
ATP5F1C,15720
BCKDHA,15721
OR52H1,15722
ECHDC3,15723
HSPA1A,15724
LRRC10B,15725
LRRC40,15726
KRTAP8-1,15727
GET4,15728
CCDC7,15729
RNPC3,15730
ONECUT3,15731
TSNARE1,15732
NDUFS1,15734
TERB1,15735
PDE8B,15736
MPPE1,15737
TMOD4,15738
TSPOAP1,15739
KRT12,15740
ASXL3,15741
MYOM2,15742
DTWD1,15743
PIGL,15744
TAS2R1,15745
CCDC24,15746
TAS2R46,15747
BTBD17,15748
PCDHA13,15749
RGPD6,15750
HTATSF1,15751
MAGEB17,15752
RYR3,15753
ATP5MG,15754
SLC27A5,15755
XAGE5,15756
POU4F2,15757
APPBP2,15758
PSD2,15759
TTC30B,15760
HSPA2,15761
SAMD5,15762
CMYA5,15763
JHY,15764
C7orf33,15765
LY75-CD302,15767
SCAPER,15768
CYP4F2,15769
CSDE1,15770
ZNF12,15771
TCF24,15772
AGXT,15773
TTLL8,15774
ZNF789,15775
ZNF20,15776
PARP16,15777
HPS4,15778
NWD1,15779
CCDC33,15780
PCDHA8,15781
FEV,15782
SEC16B,15783
WIF1,15784
ZSCAN21,15785
OR7A10,15786
PHKB,15787
APOC4,15788
LNP1,15789
ADPRM,15790
FAM9A,15791
ZNF343,15792
EQTN,15793
HNF1A,15794
STK33,15795
PRSS37,15796
RTN4R,15797
DNAH11,15798
KANK1,15799
KCNB1,15800
HSD17B13,15801
SPDEF,15802
EOLA1,15803
RGN,15804
ASB3,15805
TMEM135,15806
OR1F1,15807
GNG5B,15808
CAST,15810
TRPM1,15811
SPAG1,15812
OR1Q1,15813
AMACR,15814
C6orf52,15815
SPATA19,15816
GARNL3,15817
TLX3,15818
LYRM7,15819
BNIP5,15820
ANO7,15821
MROH2A,15822
STPG1,15823
SSBP3,15824
SLC25A2,15825
FASTKD3,15826
TMTC4,15827
GMCL1,15828
VSIG8,15829
ZNF732,15830
RASSF10,15831
CASD1,15832
TOB2,15833
RAPGEF2,15834
INHA,15835
KIAA2013,15836
OSBPL9,15837
ZNF821,15838
AVP,15839
CAMK2B,15840
STUB1,15841
OR1K1,15842
CA6,15843
TPRX1,15844
TMEM74,15845
KIAA1549L,15846
EIF3F,15847
USH1C,15848
SECISBP2L,15849
GPIHBP1,15850
VPREB1,15851
ZNF572,15852
DDHD2,15853
PPP4R3B,15854
DECR1,15855
FLRT1,15856
NR6A1,15857
SPIRE2,15858
C16orf90,15859
RPL6,15860
ADCY8,15861
TMA7,15862
SUPV3L1,15863
TAS2R20,15864
LINGO2,15865
ZNF865,15866
CDH9,15867
PPAN-P2RY11,15868
MSH5,15869
ERLIN2,15870
DMTN,15871
NAP1L3,15872
MZT2A,15873
NR1I3,15874
OR2A25,15875
CLRN1,15876
C17orf78,15877
GATA6,15878
TRMT5,15879
SPATA4,15880
CDHR1,15881
AP3B2,15882
OR2AT4,15883
IDI2,15884
SBDS,15885
CFL2,15886
CCKAR,15887
OR8H1,15888
TEKT3,15889
LRRC75B,15890
HTN1,15891
ZNF836,15892
NMRK1,15893
CYP2D6,15894
RPL37A,15895
ZNF274,15896
AARD,15897
ERICH6,15898
SENP6,15899
OPHN1,15900
H1-8,15901
ERBB3,15902
ACADL,15903
MYNN,15904
OR2K2,15905
CNTFR,15906
EMX2,15907
KICS2,15908
PGPEP1L,15909
KRBOX4,15910
RCHY1,15911
PLEKHA1,15912
RAD52,15913
RPL4,15914
LCN15,15915
RPL29,15916
PCDHGB5,15917
ZSWIM2,15918
MMP26,15919
MCOLN3,15920
CTNND1,15921
PPIP5K2,15922
SULT2A1,15923
ADAD2,15924
TASP1,15925
LY6G6F,15926
SERPINA12,15927
LBX1,15928
PATJ,15929
ATP5MC2,15930
MTIF3,15931
LRRC23,15932
RFPL4AL1,15933
CFAP95,15934
MTMR10,15935
PLEKHA6,15936
PRKACG,15937
MYBPHL,15938
RNF146,15939
ABCA10,15940
NDUFC1,15941
HBG1,15942
FOXA1,15943
H3C14,15944
KCNC2,15945
MOK,15946
HRG,15947
ABHD14A-ACY1,15948
ZNF385B,15949
GPR89B,15950
OR1J2,15951
METTL14,15952
USP12,15953
ZNF418,15954
KRT84,15955
TUBB8B,15956
KYAT1,15957
OR14I1,15958
TMEM18,15959
SYCE1L,15960
AK4,15961
MAP1LC3B2,15962
FH,15963
BCL7C,15964
COL11A2,15965
SPEF2,15966
LHX5,15967
KCTD18,15968
ZMYND11,15969
EGFR,15970
PANX3,15972
TRPC7,15973
PIK3C2G,15974
LIPT1,15975
PLCB4,15976
COQ5,15977
C12orf71,15978
ABHD11,15979
IRF2BP1,15980
WASH6P,15981
LGI3,15982
GCG,15983
EEF1AKMT3,15984
ARL15,15985
PIGC,15986
CAB39L,15987
FBXO7,15988
TSKU,15989
C2CD4D,15990
PCDHGA4,15991
RAD51AP2,15992
OR51M1,15993
GRAMD1C,15994
TSHZ1,15995
HSPB3,15996
F13B,15997
LACRT,15998
KIF2B,15999
RMDN2,16000
SSTR1,16001
LALBA,16002
PTER,16003
SHISA9,16004
SULT1A2,16005
ACAT2,16006
FDX1,16007
PDE9A,16009
SMIM21,16010
CHRNA7,16011
CATSPERE,16012
FAM156B,16013
ARMC10,16014
STBD1,16015
SUOX,16016
SYDE2,16017
SLC30A10,16018
GP2,16019
CST11,16020
CDH19,16021
DHRSX,16022
NARS2,16023
RPS13,16024
FOXE3,16025
CYP2D7,16026
TIGD6,16027
FOXD4L5,16028
GDPD1,16029
SLC35G6,16030
BCAS3,16031
OR2H2,16032
MATN4,16033
DNAJB2,16034
ADAM30,16035
NOS1,16036
UMOD,16037
ZNF92,16038
DSCAML1,16039
NME1-NME2,16040
ZNF3,16041
OTUD6A,16042
MAGEA11,16043
C10orf82,16044
PLEKHH1,16045
TERB2,16046
MRPL48,16047
SHISAL2B,16048
KIFC2,16049
CRAT,16050
IQCF3,16051
CDHR3,16052
C1QTNF9,16053
SCYL3,16054
TMEM262,16055
TRIM48,16056
RNF165,16057
NBDY,16058
HCN3,16059
NTSR2,16060
DGCR6L,16061
TRPV6,16062
COG6,16063
CAMKV,16065
POU2AF3,16066
EEF1AKMT4,16067
PMP2,16068
LCN1,16069
ATP5PD,16070
CLCA1,16071
SMIM22,16072
FKBP6,16073
KCNK5,16074
UMODL1,16075
H2AC19,16076
MRGPRX4,16077
SH3D19,16078
OR5A1,16079
TM2D1,16080
ZNF551,16081
P2RY4,16082
ADAM2,16083
CABCOCO1,16084
PDZD9,16085
PRR15,16086
OR6Y1,16087
TBC1D32,16088
SIK2,16089
CYP3A7,16090
GGTLC1,16091
ADCY5,16092
CCDC34,16093
SAXO1,16095
ING5,16096
ACY1,16097
MRPS36,16098
APOC3,16099
APCDD1L,16100
SPIN1,16101
FABP7,16102
CYP39A1,16103
PPDPFL,16104
MED30,16105
TMEM238,16106
ZBED3,16107
HOXC5,16108
OTOS,16109
GOLGA8K,16110
SLC26A5,16111
STRC,16112
CHRNB3,16113
HTR1A,16114
MTHFD2L,16115
SLC5A7,16116
GNAI1,16118
FABP1,16119
TSGA10,16120
OR2B2,16121
TTC34,16122
ACTR1B,16123
INSYN2B,16124
LRRC49,16125
TRAPPC12,16126
SERGEF,16127
VPS36,16128
OR13C3,16129
ABAT,16130
CYP4V2,16131
OR5K2,16132
MIPOL1,16133
ABHD6,16134
LNPK,16135
CBX7,16136
TMEM232,16137
TPPP,16138
SNX4,16139
LRRC37A3,16140
HDDC2,16142
CDC42BPA,16143
PRAP1,16144
HEY1,16145
WWP1,16146
CPNE4,16147
NXPH1,16148
NCKAP5,16149
DNMT3L,16150
RPS23,16151
HGD,16152
MRPL57,16153
KRTAP19-8,16154
CHML,16155
TRIM51,16156
PET100,16157
SIRT1,16158
GPR89A,16159
ASB5,16160
FAM13A,16161
SH3GLB2,16162
EID1,16163
C1D,16164
SECISBP2,16165
UBE3A,16166
TNNT2,16168
RPS20,16169
GRIP1,16171
NPPB,16172
ZNF816,16173
ZBTB14,16174
PCDHA5,16175
GTPBP10,16177
BMP15,16178
HOXA4,16179
PRR35,16180
YTHDC1,16181
ZC3H11B,16182
FOXO3B,16183
SAMM50,16184
TMEM41B,16185
SCGB2A2,16186
DIXDC1,16187
ZFP91-CNTF,16188
TAAR5,16189
ADH1C,16190
ZNF776,16191
CLPSL2,16192
MEF2B,16193
CLDN34,16194
PGAM2,16195
WSCD1,16196
HOXA3,16197
TMEM167B,16198
FSBP,16199
HMGB4,16200
CDC14C,16201
AHSG,16202
UBE2B,16203
OR1E2,16204
SHANK2,16205
TRMT9B,16206
ASAH2B,16207
ZNF519,16208
ALAD,16209
MRGPRE,16210
DGCR6,16211
HOXB1,16212
SLC22A10,16214
SCN1A,16215
RPS15,16216
AGBL5,16217
CATIP,16218
FHIP1A,16219
ZNF277,16220
CHRM2,16221
SPATS1,16222
CDH7,16223
CHIC1,16224
AMER3,16225
SMIM7,16226
CCDC182,16227
SMYD3,16228
DRD3,16229
DPF3,16230
L3MBTL4,16231
GIMAP1-GIMAP5,16232
TUBE1,16233
CYP2R1,16234
ATP6V0A4,16235
CCNY,16236
MARCHF10,16237
LIPJ,16238
PRR15L,16239
EPB41L5,16240
ZNF771,16241
TMEM225,16242
AMN,16243
BMP8B,16244
ZC3H6,16246
ASIC5,16247
OR4D5,16248
TMEM38B,16249
C8orf74,16250
SYN2,16251
MYH15,16252
ADGRA3,16253
UBE2D4,16254
BTNL3,16255
KCNJ12,16256
RHBG,16257
PHF14,16258
RADX,16259
SPDYE2B,16260
KLHL38,16261
COQ9,16262
OR10J1,16265
GABRA2,16266
DLX6,16267
GCLC,16268
OR6B1,16269
ISY1-RAB43,16270
POTEF,16271
USP13,16272
PCDH11Y,16274
DHRS4,16275
MOAP1,16276
OR4K1,16277
ARL14EPL,16278
ZFP28,16279
RAB4B-EGLN2,16281
BCAT2,16282
ZNF69,16283
MARF1,16284
GSX2,16285
NKX2-2,16286
PPIAL4G,16287
RDH5,16288
HAUS4,16289
CCDC144A,16290
CCL15,16291
PRPF38A,16292
DIO3,16293
FSTL5,16294
ADD3,16295
PSKH2,16296
ACTL7B,16297
HNRNPUL2-BSCL2,16298
CSAG2,16299
OR8A1,16300
AGAP6,16301
AFDN,16302
YY1,16303
MTUS1,16304
TOM1L2,16305
C1orf100,16306
SPSB3,16307
SMR3A,16308
CT83,16309
EMC2,16310
OR4K2,16311
SYT10,16312
DPPA5,16313
MPP2,16314
COX7A2L,16315
ZNF19,16316
OTOGL,16317
MSRB2,16318
ITIH6,16319
LY6G6C,16321
VN1R5,16322
KIAA0232,16323
DAOA,16324
HMCN2,16325
SOX10,16326
CHMP4A,16327
OAT,16328
LIMS3,16329
HPX,16330
PIFO,16331
PPP1R1A,16332
HCRTR2,16333
ASCL3,16334
TRHR,16335
GCNT2,16336
SYT15B,16337
STXBP5L,16338
DEFB4B,16339
C1orf50,16340
PCBD2,16341
METTL26,16342
IFNA21,16343
DEPDC7,16344
EIF2A,16345
GOLGA6L10,16346
FIS1,16347
NAT8L,16348
COP1,16349
PIGZ,16350
SPRYD4,16351
GULP1,16352
OR2A1,16353
SMIM35,16354
RHOBTB3,16355
HMGN5,16356
KCNU1,16357
LYPD8,16358
IFT57,16359
GJD2,16360
F9,16361
ADPRHL1,16362
DCAF8L1,16363
BBS1,16364
FCGBP,16365
SPANXB1,16366
PSME3IP1,16367
SPIN2B,16368
OSGEPL1,16369
ARID3C,16370
ZNF575,16371
ASB9,16372
PURA,16373
PIGV,16374
OR5B2,16375
KRTAP5-1,16376
H2AP,16377
SCHIP1,16378
NUTM2A,16379
MYOT,16380
OTOP1,16381
CNTNAP3B,16382
ABTB2,16383
ACAD11,16384
CTNNA3,16385
WFIKKN2,16386
MAGEA10,16387
SPDYE6,16388
CALR3,16389
TBPL2,16390
NRK,16391
RAMAC,16392
BAIAP3,16393
GARIN6,16394
COA8,16395
CYP2A7,16396
ZNF311,16397
VXN,16398
TSR2,16399
OR10G4,16400
CFAP73,16401
SOX3,16403
ACVR1B,16405
SMIM2,16406
MOCS2,16407
ATF7-NPFF,16408
BORCS7,16409
DGAT2L6,16410
CENPS-CORT,16411
NXPH2,16412
GPR179,16413
GVQW3,16414
PKLR,16415
MAGEB4,16416
GRAMD2B,16417
PCDHGB4,16418
LRRC66,16419
TMEM239,16420
CMC1,16421
CFHR2,16422
DGKB,16423
DMRTC2,16424
PNKD,16425
SLC25A36,16426
C1orf141,16427
ETFB,16428
GOLGA6L7,16429
SLC18A3,16430
ZNF729,16431
ENPP4,16432
USP54,16433
SLC25A38,16434
SLC10A2,16435
SPATA48,16436
TCEAL6,16437
TMC4,16438
POMT1,16439
SOX6,16440
MTMR7,16441
EIF3C,16442
BRINP3,16443
AK9,16444
C17orf75,16445
OR52N1,16446
SPDYE2,16447
SETSIP,16448
RBPJL,16449
PDHA1,16450
FGFBP3,16451
ZNF554,16452
LRIT1,16453
C5orf63,16454
HBZ,16455
GLS2,16456
RPS8,16457
PEX11B,16458
PRDM14,16459
FAM81A,16460
CYP4A11,16461
SI,16462
TDGF1P3,16463
HOXB3,16464
TMEM215,16465
MMD2,16466
SLC6A4,16467
MRPS26,16468
ARHGAP42,16469
RGPD5,16470
FAM222A,16471
SPECC1L-ADORA2A,16472
GUCY2C,16473
EPPK1,16474
PNLIPRP2,16475
CASQ2,16476
BDH2,16477
FRMD7,16478
PWWP3B,16479
TMEM260,16480
MTRES1,16481
RNF180,16482
OR6B2,16483
STRA8,16484
PRKAG2,16485
RPL30,16486
SLC15A5,16487
AADACL3,16488
MMP28,16489
MCIDAS,16490
PSAPL1,16491
PNMA8C,16492
PCDHA6,16493
OR5H14,16494
KLHL1,16495
POTEI,16496
ZC2HC1B,16497
C4orf19,16498
SRD5A1,16499
ZNF507,16500
LRATD2,16501
ELMOD1,16502
ADAMTS13,16503
PCDHA11,16504
CEACAM20,16505
GAPDHS,16506
PROP1,16507
CHCHD6,16508
ANKDD1B,16509
RAB5B,16510
SIX6,16511
ANKRA2,16512
SELENOW,16513
ABHD12,16514
ZHX3,16515
LRP1B,16516
TCEAL8,16517
PLGLB2,16518
ZNF837,16519
RPL10A,16520
UPK3BL1,16521
ADGRL3,16522
THSD7B,16523
KRTAP1-1,16524
HSD11B1L,16525
ZNF711,16526
GLCE,16527
CNBD2,16528
EPB41L1,16529
RPRML,16530
TMEM63C,16531
TNP1,16532
CFAP299,16533
ZP4,16534
THEG,16535
IRAK1BP1,16536
MIX23,16537
VIL1,16538
RTBDN,16539
LRRC10,16540
SLC25A27,16541
STXBP3,16542
TMEM203,16543
APOC2,16544
AGBL2,16545
TUSC1,16546
PRSS48,16547
AKR7A2,16548
LHFPL7,16549
OR1G1,16550
FOXL2NB,16551
OR52B2,16552
GINM1,16553
DYNLRB1,16554
PPM1L,16555
MSGN1,16556
SEMA4G,16557
FAHD2B,16558
SAA2-SAA4,16559
MCCD1,16560
HTR2C,16561
KLC4,16562
C1QL2,16563
GPT,16564
OR5AN1,16565
SCRN3,16566
ATP1A2,16567
TMEM141,16568
ACOT4,16569
GOLGA8M,16570
MAPK9,16571
CHADL,16572
OR51B6,16573
RSPH10B2,16574
H3-4,16575
ZNF564,16576
IKZF5,16577
NR2E3,16578
ZNF688,16579
HOOK2,16580
SPACA1,16581
TRIM45,16582
SUCLA2,16583
TSSK1B,16584
NCR3LG1,16585
GSTM4,16586
FANCL,16587
KCNA6,16588
SH3GL2,16589
AGAP1,16590
PPP1R9A,16591
SLC30A9,16592
RHOT1,16593
GAD2,16594
CEBPZOS,16595
ZKSCAN8P1,16596
OR6C2,16597
AFG3L2,16598
GTF2H5,16599
ATP6V1G2,16600
ALDH5A1,16601
OR9A4,16602
DNAJB8,16603
OR56B4,16604
TMEM223,16605
SENP8,16606
SLC35F4,16607
BPIFA1,16608
ATXN3L,16609
ARL13A,16610
CDRT15,16611
ZNF471,16612
SMIM10L1,16613
TCL1B,16614
NLRP5,16615
EFCAB9,16616
RFESD,16617
LIPK,16618
GRM1,16619
STMN4,16620
BPIFB3,16621
CDK20,16622
CYP11B2,16623
OR2A5,16624
CRIPT,16625
NET1,16626
GK2,16627
SPATA17,16628
NKX2-5,16629
IGSF23,16630
STRIT1,16631
PPM1B,16632
SUN1,16633
CELF5,16634
TBATA,16635
GJA9,16636
POU2F3,16637
ZNF823,16638
FREM3,16639
TRPC5,16640
KRTAP4-9,16641
RPL12,16642
XK,16643
LRRFIP2,16644
FOXO6,16645
WDR31,16646
TRIM73,16647
GBX1,16648
RPL23,16649
TBX22,16650
GDF1,16651
ESD,16652
PLAC8L1,16653
ZNF322,16654
TLCD4,16655
WNK4,16656
NFU1,16657
OLIG3,16658
GPR119,16659
GPR6,16660
RAB41,16661
CA13,16662
PFN4,16663
MCMDC2,16664
KAT8,16665
CFAP210,16667
IQSEC2,16668
LRRC26,16669
TMED4,16670
DHRS4L2,16671
TMEM230,16672
HOXD1,16673
CCT6B,16674
ZNF726,16675
ZNF563,16676
PPIL6,16677
ACTL9,16678
SERTM1,16679
LAMTOR4,16680
TEN1-CDK3,16681
ASB15,16682
FNBP1L,16683
SP8,16684
C2orf80,16685
FAM50B,16686
GOT1L1,16687
PRR32,16688
IYD,16689
RAB28,16690
SPTBN4,16691
SLC25A23,16692
UGT2B28,16693
TFAP2D,16694
LCN9,16695
PLA2G2E,16696
C1QTNF3-AMACR,16697
KRTAP13-4,16698
BTBD16,16699
VAX1,16700
ZNF716,16701
RBFOX1,16702
FBXO48,16703
GPR148,16704
CCDC198,16705
CNOT7,16706
RETSAT,16707
NPIPA5,16708
KRTAP1-5,16709
FERD3L,16710
SNX15,16711
SERINC1,16712
OR2V1,16713
ZNF358,16714
TEX43,16715
CYP2B6,16716
TDRD5,16717
OPN1LW,16718
NTF4,16719
USP29,16720
TM7SF2,16721
CCDC172,16722
KCNMB4,16723
OR10H5,16724
MED7,16725
RPS7,16726
TUBA3FP,16727
GPR21,16728
PPP2CB,16729
ETFA,16730
FAM240C,16731
NTN4,16732
PRDM9,16733
CCDC169,16734
CXorf49,16735
FBXW4,16736
DNAL4,16737
RGPD3,16738
UNG,16739
KLHL8,16740
EYS,16741
ANAPC16,16742
ORC2,16743
NPIPB13,16744
TEX33,16745
ZFYVE9,16746
ACR,16747
KCNJ11,16748
EBLN1,16749
LRRTM3,16750
OR9A2,16751
OR8D4,16752
ZNF615,16753
ZNF583,16754
ICE2,16756
ELSPBP1,16757
GOLGA6A,16758
NACA,16759
QTRT1,16760
AKR7A3,16761
ZCRB1,16762
APOBEC2,16763
SRCIN1,16764
ERVV-2,16765
INMT-MINDY4,16766
NBPF6,16767
MAP3K13,16768
WNT3A,16769
GREB1L,16770
TMEM134,16771
CLEC20A,16772
DDTL,16773
WBP1,16774
CA3,16775
NRDE2,16776
FAM156A,16777
KLHDC10,16778
OR10G3,16779
RBP3,16780
NPB,16781
NBR1,16782
CENPC,16783
ECH1,16784
OR7E24,16785
PIBF1,16786
ACCS,16787
OR8D1,16788
CTSV,16789
YJEFN3,16790
ACTL10,16791
H3-3B,16792
PCDHGB3,16793
GABARAPL1,16794
ZFP14,16795
ZNF670,16796
AMBP,16797
MAGEA8,16798
PCSK1N,16799
GNAT2,16800
CFAP70,16801
BCL2L10,16802
ZNF768,16803
PEX12,16804
FGF14,16805
CILK1,16806
GOLGA8F,16807
LRP6,16809
ARMCX4,16810
ASB18,16811
OR6K3,16812
SMPDL3A,16813
TRPC5OS,16814
KCTD1,16815
C2CD5,16816
FAM183A,16817
FAM229A,16818
EDA,16819
FAM47A,16820
KRTAP5-10,16821
ZNF793,16822
MFRP,16823
RPS3A,16824
ZCCHC14,16825
STPG3,16826
CCSER1,16827
GPHB5,16828
RAP1GAP,16829
OR4N2,16830
GKAP1,16831
GPRASP3,16832
LHX4,16833
LCE1C,16834
PYY,16835
SPDYE5,16836
MYOD1,16837
TMEFF1,16838
TMEM25,16839
ZNF684,16840
IFT172,16841
IGSF8,16842
LRRC3B,16843
AKAP7,16844
OR1C1,16845
ABHD18,16846
PGAP2,16848
GBA3,16849
EXOC1L,16850
PEX11G,16851
DDX25,16852
OR2A42,16853
HTR3D,16854
WARS2,16855
PABPC1L2B,16856
MINDY4B,16857
ASCL4,16858
DACT2,16859
CRLS1,16861
ESPN,16862
HAPLN2,16863
RXFP3,16864
CLUAP1,16865
KLB,16866
HPGD,16867
ANKRD30BL,16868
GOLGA6L2,16869
BCHE,16870
PCDHA3,16871
C1QL4,16872
AGAP9,16873
SCRT2,16874
OR10Q1,16875
FSHB,16876
BARX2,16877
AGL,16878
PLEKHM3,16879
NPIPB12,16880
GLOD4,16881
ANGPTL1,16882
TRIM35,16883
SCAI,16884
C2orf74,16885
HAAO,16886
CETN1,16887
CSN3,16888
IP6K2,16889
TRIM42,16890
SS18L1,16891
SCGB2A1,16892
TSPAN8,16893
OR10A5,16894
KIF16B,16895
GLIPR1L1,16896
DMD,16897
ABCF2-H2BK1,16898
CENPS,16899
ARSL,16900
HADH,16901
OR56A5,16902
KLK15,16903
CMTM4,16904
CNNM3,16905
MOS,16906
SPACA5,16907
SYF2,16908
B3GALT9,16909
GSX1,16910
OR11G2,16911
TTC38,16912
ZNF649,16913
NCBP2L,16914
TCEAL2,16915
FSTL4,16916
HAPLN4,16917
LRRC14B,16918
UGT2B7,16919
KDF1,16920
ATP5MGL,16921
ACOT1,16922
OXR1,16923
VCX3B,16924
CLDN3,16925
VSIG10,16926
ACACB,16927
PPIE,16928
CLEC18B,16929
SLCO1B1,16930
C16orf96,16931
USP27X,16932
KLF9,16933
USH2A,16934
CAPS2,16935
TSPAN3,16936
MKRN1,16937
ALDH1A1,16938
PAQR3,16939
CCDC192,16940
MIEF2,16941
RTP2,16942
OR52W1,16943
KCNJ3,16944
EIF4E1B,16945
SCN7A,16946
OR52B6,16947
KRTAP13-2,16948
RPL11,16949
CELA2A,16950
GREP1,16951
KRTAP10-10,16952
ADGRF4,16953
PCDHGA8,16954
NAE1,16955
CNST,16956
SEC14L5,16957
PRODH,16959
CDH10,16960
UPF3A,16961
ANKRD18A,16962
CST8,16963
CDH18,16964
NKX1-2,16965
C1QTNF7,16967
TEN1,16968
KBTBD11,16969
CLCNKB,16970
METTL27,16971
FBN3,16972
TPRN,16973
PDHA2,16974
RPL31,16975
TRDMT1,16976
ZNRF4,16977
FBXW12,16978
TMEM89,16979
OR4C6,16980
MCF2L,16981
CHMP4C,16982
FOXJ3,16983
RPL13,16985
EHHADH,16986
RPS27,16987
C18orf32,16988
ZNF395,16989
TRMT61B,16990
GPX6,16991
EMILIN3,16992
ZNF251,16993
CUL3,16994
SPDYE12,16995
PPP1R3E,16996
ACAA2,16997
GTF2IRD2,16998
DIP2C,16999
IL17RE,17000
ANKRD13C,17001
DDT,17002
SNX14,17003
C5orf46,17004
MCHR2,17005
GOLT1A,17006
KDM4E,17007
OR4F15,17008
AGBL4,17009
SMIM31,17010
SMIM1,17011
UBOX5,17012
DNAJC25-GNG10,17013
OR10AC1,17014
ATP13A5,17015
NPIPB15,17016
OR6N1,17017
ZIM2,17018
CRYBA2,17019
TAS2R4,17021
ESX1,17022
CELF6,17023
OR2A2,17024
SDR42E2,17025
ISCU,17026
ABCD3,17027
RNF133,17028
DIRAS3,17029
ELP4,17030
LORICRIN,17031
XYLB,17032
PRXL2A,17033
C2orf76,17034
SEMA3E,17035
WDR59,17036
C12orf29,17037
ZNF480,17038
WFDC6,17039
SLC24A5,17040
PCARE,17041
OR2M4,17042
IRS4,17043
TMEM210,17044
NFYB,17045
LANCL1,17046
MBLAC2,17047
ZNF134,17048
OR13G1,17049
KDSR,17050
CLEC18C,17051
DPY19L4,17052
RPS25,17053
CTAGE9,17054
MCTS2,17055
IFNA2,17056
TFAP2B,17057
LCE2D,17058
ZNF610,17059
MS4A18,17060
SOHLH1,17061
FAN1,17062
ARSH,17063
RMND5A,17064
CAMTA1,17065
GALT,17066
CCL14,17067
PIGP,17068
KRTAP5-11,17069
TEX13B,17070
PKIB,17071
DIPK2A,17072
SKP1,17073
PRSS55,17074
RPL23A,17075
SORCS1,17076
SLC1A6,17077
NIT1,17078
C4orf45,17079
ANKRD30B,17080
TNFSF12-TNFSF13,17081
RNF225,17082
OR2J2,17083
IGSF5,17084
PER3,17085
INSYN2A,17086
ZNF66,17087
GPRC5C,17088
FAM174B,17089
TERF1,17090
RBMXL3,17091
METTL23,17092
CMTM8,17093
OR51L1,17094
PATE4,17095
FTMT,17096
THEGL,17098
GAS2,17099
C14orf93,17100
ZNF233,17101
ATP6V1G2-DDX39B,17102
TBC1D3D,17103
ZDHHC11,17104
TLCD1,17105
FN3K,17106
DHX35,17107
DMAP1,17108
DUSP29,17109
ANKRD16,17110
OR6C4,17111
LONRF2,17112
MAPKAPK5,17113
REEP6,17114
CFAP20,17115
DEFB119,17116
THYN1,17118
KRT28,17119
LINC02218,17120
MTPAP,17121
OR5V1,17122
ZNF16,17123
MYOM1,17124
VPS13D,17125
RPL5,17126
OR13C9,17127
KRT31,17128
TOB1,17129
FAM186A,17130
KRT26,17131
ATL2,17133
ANKAR,17134
ARHGAP19-SLIT1,17135
SLC25A48,17136
TUBAL3,17137
SETMAR,17138
RORC,17139
NEUROD4,17140
TAFA2,17141
TAPT1,17142
HSPB9,17143
ATP2C2,17145
TBC1D3L,17146
ZNF721,17147
PCYT2,17148
MED4,17149
BTBD8,17150
PELI2,17151
MS4A5,17152
GSTA1,17153
ACOT13,17154
GYPA,17155
MAGEA12,17156
SPATA6,17157
HDHD2,17158
ACBD4,17159
DEFB125,17160
ERMP1,17161
OR2A4,17162
SLITRK6,17163
VCX2,17164
C6orf136,17165
PCDHA10,17166
GNAT3,17167
KMT5B,17168
EIF4E3,17169
GUCA1C,17170
SLC16A11,17171
XPA,17172
ZNF594,17173
USP51,17174
HOMEZ,17175
CACNG1,17176
SELENOV,17177
NOSTRIN,17178
SEMA3B,17179
ZNF682,17180
F8A1,17181
BBOF1,17182
PINK1,17183
SMCP,17184
OR2A12,17185
MAP3K21,17186
SPANXN5,17187
SLC9A2,17188
EXD3,17189
ZNF214,17190
SFTPC,17191
EFCAB5,17192
PABPC1L2A,17193
MICU2,17194
HMGCLL1,17196
MICU3,17197
CHMP3,17199
GOLGA6L6,17200
ZNF177,17201
OR52L1,17202
PCDH11X,17203
RETREG2,17204
PER2,17205
GGT7,17206
IQCF5,17207
UQCC1,17208
ZNF728,17209
SCRT1,17210
ZNF502,17211
OR13J1,17212
ACVR1C,17213
FAM204A,17214
ZNF91,17215
GPALPP1,17216
RPL36A,17217
C22orf39,17218
HTR5A,17219
KRTAP16-1,17220
SLC25A12,17221
TSEN2,17222
ARHGAP44,17223
FAM24A,17224
AQP7B,17225
SULT1A4,17226
NOBOX,17227
MAGEA4,17228
GUCA2B,17229
HSD11B2,17230
TBCE,17231
CYP4F8,17232
HAND2,17233
SMAD4,17234
FGD4,17235
ADRB1,17236
OR2T33,17237
VPS51,17238
NEUROD1,17239
CHST5,17240
SPAAR,17241
LRPPRC,17242
PEBP4,17243
C2orf68,17244
FRG2C,17245
MPLKIP,17246
ZNF57,17247
ZNF479,17248
LCE1E,17249
OTOL1,17250
KIAA2026,17251
C1GALT1C1L,17252
RYK,17253
FGFR3,17254
H2BW1,17255
NOA1,17256
TOMM7,17257
MINAR2,17258
HSPA1B,17259
ZNF639,17262
CTXND1,17264
NLRP13,17265
CCDC126,17266
TMEM251,17267
AMT,17268
ACOT8,17269
SATL1,17270
ARHGEF26,17271
ESRRG,17272
CYP2A13,17273
UQCRHL,17274
AMIGO3,17275
ANAPC10,17277
PLCE1,17278
ATP6V1G3,17279
KRTAP5-7,17280
IL1F10,17281
KRTAP5-4,17282
SLC25A17,17283
POU2AF2,17284
SSX3,17285
SEL1L2,17286
DCAF4,17287
CSMD1,17288
ZCWPW1,17289
DNAH6,17290
FYB2,17291
BORCS7-ASMT,17292
IRF2BP2,17293
ANO3,17294
VIPR1,17295
GCHFR,17296
PRSS38,17297
GP1BB,17298
OR9Q2,17299
TAAR8,17300
BHLHE23,17301
RESP18,17302
BAG4,17303
OR56A4,17304
TOPAZ1,17305
ALB,17306
STRBP,17307
CSRNP3,17308
KCNE2,17309
HHLA1,17310
CBR4,17311
MAP4K3,17313
POTEJ,17314
KRTAP10-11,17315
GPR151,17316
BLTP1,17317
GRB14,17318
TM4SF5,17319
CFAP74,17320
NKX2-1,17321
DNAI7,17322
AWAT2,17323
IGIP,17324
ACTR10,17325
MEIOB,17326
ZNF706,17328
CNPY1,17329
OR5B3,17330
AGMO,17331
SUGCT,17332
ANKRD40CL,17333
NEUROD2,17334
IFNA14,17335
NBPF4,17336
CDKL2,17337
NPIPB3,17338
NOS1AP,17339
GPR32,17340
ANXA13,17341
ENO4,17342
EVX2,17343
TMEM256,17344
MS4A12,17345
OR5C1,17346
LGR5,17347
SSX1,17348
CRHR1,17349
PAIP1,17350
PJVK,17351
NPHP3-ACAD11,17352
CLN5,17353
CERS6,17354
ZNF75A,17355
MALRD1,17356
GRID2IP,17357
PDIK1L,17358
EXPH5,17359
SELENBP1,17360
DPPA3,17361
TGFBR3L,17362
KIF21A,17363
FAM47C,17364
OR52E4,17365
NEDD4L,17366
TMEM254,17367
LAMTOR3,17368
CLEC2A,17369
OR10J3,17370
LUC7L2,17371
RPRD1A,17372
MAPRE3,17373
TMEM242,17374
SUCLG2,17375
COQ6,17376
UBL3,17377
IRS2,17378
HACD3,17379
IGFL3,17380
PAH,17381
OR5A2,17382
ADAM18,17383
C6orf163,17384
SLC26A3,17385
OR6J1,17386
H2BW2,17387
FAXDC2,17388
FOXI3,17389
LRRC51,17390
KRTAP4-11,17392
TAAR6,17393
TPTE,17394
HEBP1,17395
CCDC70,17396
OR1A2,17397
C12orf73,17398
SLC22A5,17399
HNRNPH3,17401
RNF5,17402
CFAP298,17403
METTL15,17404
EFNA1,17405
TSTD3,17406
ANK3,17408
PLPP6,17409
OR2D2,17410
SMR3B,17411
TAS2R39,17412
ZNF268,17413
PRB4,17414
OR2L2,17415
LYPLAL1,17416
RPS18,17417
SAMD13,17418
UGT2B15,17419
PRH1,17420
SIRT3,17421
SDHD,17422
GK5,17423
STPG2,17424
DERA,17425
OR51A7,17426
PPCS,17428
OR4F6,17429
C2orf81,17431
FRA10AC1,17432
PPP1R32,17433
PLPPR1,17434
NLRP2B,17435
GRHPR,17436
ZNF34,17437
OR2AK2,17438
OR9Q1,17439
NOTO,17440
VCX3A,17441
TNP2,17442
SNX24,17443
ANTXRL,17444
GJB1,17445
LMO3,17446
PLSCR5,17447
TEX45,17448
APOC4-APOC2,17449
ODF1,17450
NAT16,17451
SPPL3,17452
ISCA2,17453
C20orf203,17454
TEX46,17455
SEBOX,17456
RARS2,17457
HAO2,17459
FRMD1,17460
TAAR9,17461
ZNF84,17462
WFDC9,17463
GTPBP6,17464
SC5D,17465
GLUD1,17466
KIR3DL3,17467
PCP4,17468
NEUROG1,17469
ATOH1,17471
SUN5,17472
SPEM1,17473
OR2A14,17474
KCNJ13,17475
DBT,17476
OR1L1,17477
CAPN13,17478
DYNLT2,17479
FAM120AOS,17480
OR6V1,17481
OR13C2,17482
VTI1B,17483
ZNF747,17484
HSD17B3,17486
FMN2,17487
SSTR4,17488
KRTAP4-7,17489
TTC6,17490
ADH6,17491
SHROOM3,17492
KANTR,17493
NTPCR,17494
OR52B4,17495
GOPC,17497
RNF32,17498
CHDH,17499
FBXO36,17500
MCUR1,17501
GHR,17502
BICRAL,17503
UGT2A3,17504
PPARA,17505
LZTFL1,17506
FAM3C,17507
MYL5,17508
CATSPERZ,17509
BLOC1S5-TXNDC5,17510
EDIL3,17511
CLDN25,17513
OPTC,17514
KIF12,17515
OR2L3,17516
CGRRF1,17517
HOXD12,17518
TNNC2,17519
MAGEA6,17520
CRYGD,17521
CCDC91,17522
MYH7B,17523
C1orf185,17524
NUDT12,17525
BIVM,17526
KRTAP10-9,17527
LEKR1,17528
RBM24,17529
BPIFB6,17530
THAP10,17531
SMIM24,17532
AADAT,17533
GTF2IRD2B,17534
GARIN5A,17535
SPACA7,17536
PTPN20,17537
POC1B-GALNT4,17538
ELL3,17540
MAGEB3,17541
UGT2A1,17542
BOLA1,17543
PPP2R3A,17544
PLA2G6,17545
OR10J5,17546
OR9H1P,17547
SGSM1,17548
NPY4R,17549
BEX4,17550
KCTD3,17551
ATP8A1,17553
PTPN21,17554
SPX,17555
RALGPS1,17556
CLDN23,17557
TMEM80,17558
ROPN1B,17559
SLC2A4RG,17560
RPL10L,17561
ZNF493,17562
TMEM202,17563
URAD,17564
HIGD2B,17565
PIGBOS1,17566
PHLPP1,17567
HDGFL1,17568
OR4F17,17569
ZNF385C,17570
HIRIP3,17572
ADGRD2,17573
OR2M2,17574
ETFDH,17575
GUCA2A,17576
OR1L6,17577
CACNA2D2,17578
SMDT1,17579
ZNF487,17580
DERPC,17581
FAM149B1,17582
ZSCAN5C,17583
KRBA2,17584
FA2H,17585
CSTPP1,17586
PGRMC2,17587
GLRX5,17588
TMEM82,17589
OR6K2,17590
PRRC2B,17591
SPANXD,17592
TEX47,17593
HRCT1,17594
SLC4A5,17595
NKAPD1,17596
CDS1,17597
RHOXF2,17599
FBXO8,17600
POTEC,17602
LCE5A,17603
ZNF839,17604
NANOGNB,17605
HOXA9,17606
ARGFX,17607
NAP1L2,17608
NUTM2B,17609
EXOSC7,17610
SMIM9,17611
RAD17,17612
USP17L7,17613
EIF4EBP2,17614
CLXN,17615
DEFB129,17616
PLP1,17617
DMGDH,17618
OR5AS1,17619
KLHDC1,17620
WBP4,17621
CEMP1,17623
MPST,17624
OR10V1,17625
POTEM,17626
ALKBH7,17627
KNCN,17628
ZNF7,17629
PCK1,17630
CYP3A4,17631
ZNF593OS,17632
OR1J1,17633
LCE1F,17634
CATSPER2,17635
BOLA2-SMG1P6,17636
COMMD6,17637
INCA1,17638
AKAP6,17639
ABCB11,17640
DIS3L,17641
CCL27,17643
HACL1,17644
GABRA6,17646
TNNI3K,17647
OR51D1,17648
SERINC4,17649
ZSCAN18,17651
MT-ND6,17652
OR2T4,17653
TMEM220,17654
HNF4A,17655
ACVR2B,17656
CLTRN,17657
FAM227B,17658
NDUFC2,17659
LSM14B,17660
TYSND1,17661
MICU1,17662
CNTD1,17663
CRYGC,17664
SLC25A21,17665
LRRC28,17666
RCAN2,17667
EFHB,17668
MINDY3,17669
RNF141,17670
CAPZA3,17671
CKB,17672
SMIM4,17673
CNNM2,17674
SLC2A4,17675
ZNG1A,17676
SMARCE1,17677
PPP1R37,17678
MAGEA9,17680
TRMT10A,17681
NANOS2,17682
ISX,17683
IGBP1P2,17684
ZFYVE21,17686
C17orf98,17687
ZNF10,17689
KRBOX1,17690
SPATA31C2,17691
NDNF,17692
SLC25A34,17693
ZNF875,17694
ZNF540,17695
PACRGL,17696
VWA8,17697
ZNF534,17698
OR14L1P,17699
SMIM17,17700
OR10A3,17701
GGNBP2,17702
RNASE11,17704
OCIAD1,17705
RAVER2,17706
SEPTIN12,17707
AK3,17708
KRTAP11-1,17709
C11orf97,17710
TCFL5,17711
PRLR,17712
GALNTL5,17713
TRHDE,17715
MGAT4D,17716
PNPLA5,17717
TCEAL1,17718
DMRTB1,17719
FAM98B,17720
CRADD,17721
EIF3CL,17723
CSN2,17724
CD8B2,17725
MACROD2,17726
ZNF625-ZNF20,17727
LRRC72,17729
PRSS50,17731
OR1M1,17732
FAM47E-STBD1,17733
HSFX2,17734
TAS2R16,17735
KRTAP21-2,17736
MTERF1,17737
BIVM-ERCC5,17738
DNAJC21,17739
RAB3IP,17740
BCLAF3,17741
DCUN1D2,17742
SKIDA1,17743
OCM2,17744
MLXIPL,17745
PCSK2,17746
FAM131A,17747
IQCJ,17748
TRIM24,17749
SYNJ2BP-COX16,17750
EEF1A1,17751
OR4D2,17752
MUSTN1,17753
RPL26,17754
OR10W1,17756
DYNLRB2,17757
PRAMEF2,17758
ZXDC,17759
PIK3R1,17760
ZNF705G,17761
MAGEB18,17762
HYI,17763
URI1,17764
SRSF8,17765
ZNF43,17766
CLEC19A,17767
DBP,17768
ANKRD60,17769
USP17L1,17770
VSTM2B,17771
PRAC1,17773
SLC25A40,17774
KAT7,17775
CCDC115,17776
DMRTC1B,17778
OR4K17,17779
CABS1,17780
MPC2,17781
FAM24B,17782
OR10K2,17783
EPCAM,17784
KRTAP9-9,17785
BCKDHB,17786
TBC1D21,17787
ZNHIT3,17788
PET117,17789
OR5G3,17790
COQ8A,17791
ZNF599,17792
OR10K1,17793
PTPN3,17794
GPRASP1,17795
SEMA6D,17796
KRTAP10-2,17797
DCD,17798
OR2J3,17799
OR5AU1,17800
PTH2,17801
OR52I2,17802
CFHR5,17803
GSTM3,17804
PGAP3,17805
TMLHE,17806
MFF,17807
CDKN2AIPNL,17808
MRPL45,17809
CDX4,17810
TM4SF19-DYNLT2B,17811
FAM47B,17812
PRSS41,17813
UCN3,17814
SENP2,17815
PRAMEF1,17816
PRM2,17817
SLC3A1,17818
PHGR1,17819
POU3F3,17820
UNCX,17822
TAAR2,17823
KBTBD7,17824
DMAC1,17825
ADIRF,17826
TOMM6,17827
SPTY2D1OS,17828
TCHHL1,17829
GREM2,17830
TMEM8B,17831
TADA1,17833
HTR3E,17834
SPANXC,17835
MAGEB6,17837
PPP1R42,17838
OR6C75,17840
TRIM49B,17841
TEX28,17842
OR2H1,17843
CCNG1,17844
ZNF302,17845
SLURP2,17846
KRTAP5-6,17847
FMC1-LUC7L2,17848
OR51C1P,17850
OR4X2,17851
HSD17B11,17852
SPATA31E1,17853
OR4D6,17855
RTL4,17856
TBC1D3,17857
SH3BGRL2,17858
PLD1,17859
PDZK1,17860
DUSP28,17861
CCDC39,17862
NUDT13,17863
SDHAF4,17864
ZNF492,17865
RNF103,17866
MUC15,17867
WASHC1,17868
OR56A3,17869
PTF1A,17870
NPIPB6,17871
BCAR3,17872
IFNA4,17873
CCDC85A,17874
C12orf76,17875
GAB4,17876
PATE3,17877
TP53TG3,17879
GH2,17880
ZNF280D,17881
OR10P1,17882
FZD8,17883
ZNF679,17884
NSUN7,17885
KRTAP10-1,17886
EPM2A,17887
ENY2,17888
TSTD1,17889
MUC20,17890
NGDN,17891
OR2D3,17892
SYT17,17893
BEX2,17894
TMPRSS7,17895
UGT2B10,17897
KRTAP10-3,17898
WDSUB1,17899
SMIM36,17900
NPBWR2,17901
OR9I1,17902
RNF170,17903
TBC1D3E,17904
CYP3A5,17905
KRTAP7-1,17906
KLHL23,17907
HAGH,17908
KBTBD12,17909
ADAD1,17910
SKOR2,17911
C2orf92,17912
CCER1,17913
C1orf105,17914
PRKRA,17915
ZNF429,17916
SPO11,17917
BTC,17919
C16orf92,17920
SMIM20,17921
MT-ND5,17922
C2orf72,17923
PHF3,17924
TSC22D1,17925
RPL21,17926
OR2F2,17927
D2HGDH,17928
CYP4F12,17929
FAM228B,17930
MBIP,17931
GJC3,17932
OR14A16,17933
PBLD,17934
PGAP1,17935
CEACAM18,17936
SLC2A13,17937
CAT,17938
VN1R1,17940
OR2T10,17941
ZNF585A,17942
METTL25B,17943
LCE1B,17944
PPA2,17945
CCDC175,17946
C17orf100,17947
RNF43,17948
LCE6A,17949
IGFALS,17950
GSTA5,17951
SEPTIN10,17952
ASAP2,17953
MTURN,17955
ZNF704,17956
PAX4,17957
NRG4,17958
DEPTOR,17960
ZNF559-ZNF177,17961
GLOD5,17962
LYZL1,17963
EIF1B,17964
KRTAP3-2,17965
CTNNBIP1,17966
TTC21B,17967
KRTAP19-1,17968
CAMK2G,17969
LRRC70,17970
ERICH2,17971
MSMB,17973
IMPACT,17974
GOLGA8S,17975
KRTAP12-1,17976
ZFAND1,17977
PIP5K1B,17978
YBEY,17980
TMEM161B,17981
MBTD1,17983
LDHD,17984
FRMD3,17985
OR2G2,17986
NANOGP8,17987
PNMA6E,17988
GAGE1,17989
AIMP1,17990
GET1,17991
ZNF334,17992
AKAP1,17994
FBXL3,17995
SELENOP,17996
LARP1B,17997
ST7L,17998
CTPS2,17999
PRRT1B,18000
GSTA2,18001
BAG1,18002
OR52N5,18003
ZNF256,18004
GATM,18005
KRTAP4-3,18006
PPIAL4H,18008
SMIM34,18009
C10orf95,18010
SPDYE16,18011
CCDC171,18012
BLCAP,18013
STX19,18014
PEX1,18015
SETD9,18016
FOXD4L6,18017
WBP2NL,18018
ZC3H14,18020
NOP53,18021
MEIOSIN,18022
TMEM269,18024
MIA-RAB4B,18025
GPR12,18026
EIF3H,18027
THSD8,18028
PDK4,18029
TMEM245,18030
IFT74,18032
TMEM14C,18033
LRRC9,18035
GARIN3,18036
ITCH,18037
SPATA31C1,18038
TTC30A,18039
EBAG9,18040
STXBP6,18041
OR14K1,18042
PREPL,18043
OR51G2,18044
CLRN2,18045
CIROP,18046
IFNA8,18047
DPEP2NB,18048
SEPSECS,18049
SPATA31A1,18050
ACVR2A,18051
BMPR1A,18053
ARHGAP11A-SCG5,18054
BOD1L2,18056
SERPINA2,18057
PIN4,18058
MPPED2,18059
PRSS56,18060
OR4D10,18062
ZNF180,18063
RHOXF2B,18064
AKAP9,18065
TXNDC16,18066
ZNF727,18067
SHLD3,18068
NEK3,18069
OR4K13,18070
ERBB4,18071
FAM149A,18072
MAGEA1,18073
IGBP1,18074
OR5K1,18075
OR4D9,18076
DYNC2LI1,18077
LRRC24,18078
NPIPA7,18079
PRKN,18080
IQCN,18081
IQCJ-SCHIP1,18082
NPFF,18083
LRRCC1,18084
NPIPB2,18085
OR8J1,18086
OR11H12,18087
SETD6,18089
NT5DC1,18090
ST13,18091
ALDH3A2,18092
PRKCZ,18093
VN1R4,18094
KRTAP26-1,18095
OR10G8,18096
LIPT2,18098
RSPH14,18100
L2HGDH,18102
ZNF433,18103
SKOR1,18104
SPDYE21,18105
CCNDBP1,18106
BSPH1,18107
CIPC,18108
KLRF2,18109
TMIGD1,18110
DUXA,18111
C15orf40,18112
FAM90A26,18113
OR6C76,18114
KIAA1958,18115
THNSL2,18116
SLC10A5,18117
LCE1D,18118
MTARC1,18119
CRBN,18120
PRB2,18121
PRSS58,18122
PPP1R36,18123
KRT77,18124
OR2G3,18125
OR6F1,18126
HDDC3,18127
C2orf15,18128
CCDC121,18129
ARMCX5,18130
IQCF2,18131
CLPSL1,18132
PLA2G12A,18134
DBX1,18135
CLMN,18136
TMEM217B,18137
FBXO21,18138
SYS1-DBNDD2,18139
AQP12A,18140
OR14C36,18141
BEND5,18142
FAM221A,18144
FBXL17,18145
OR4E2,18146
ZFP62,18147
NKX2-4,18148
FGFR2,18149
H2AB2,18150
LUZP4,18152
MAOA,18154
POTEG,18155
MRPS18B,18156
COG1,18158
FEZF1,18159
SUPT20HL1,18160
TTC32,18161
CTH,18162
NTMT2,18164
GOLGA8J,18165
FAM237A,18166
PRR30,18167
INPP5J,18168
HMX3,18169
COMMD3-BMI1,18171
KRTAP10-5,18172
SLC13A3,18173
FAM98C,18174
ACTRT2,18175
NEXMIF,18176
GGTLC3,18177
WNK2,18178
DET1,18179
TRIM64B,18180
C22orf42,18181
PLD5P1,18182
KRTAP4-2,18183
ZC3H12B,18184
LYZL6,18185
PCCA,18186
OR2AJ1,18187
OR8G5,18188
KRTAP9-3,18189
REC114,18190
SGK3,18191
CKMT2,18192
TBC1D28,18193
NAPEPLD,18194
KRTAP2-4,18196
OMA1,18197
FAM172A,18198
SPRR4,18199
CHCHD7,18200
DACH1,18201
ARHGAP12,18202
CLPS,18203
PTH,18204
CCDC166,18205
MTFR1L,18206
ZNF559,18207
SMIM10L2A,18208
ODR4,18209
DCXR,18210
AMN1,18211
BPIFA3,18212
PRDX2,18213
SVOPL,18214
KRTAP10-6,18215
OR4P4,18216
TMEM143,18217
TBC1D3I,18218
TMEM225B,18219
NIPAL1,18220
OR10H3,18221
DOP1A,18223
HES5,18224
FRG2,18225
C10orf67,18226
DEFB127,18227
OPALIN,18228
ARPIN-AP3S2,18229
RNF14,18230
CGB5,18233
GIMD1,18234
TMEM212,18235
TMEM192,18236
STK31,18237
TMEM61,18238
ACAD8,18239
LHX1,18240
OR9A1P,18241
EPPIN-WFDC6,18242
SMIM18,18243
OR56A1,18244
ACTR3B,18245
SMIM28,18246
OR2B8P,18247
LCE2B,18248
DEFA1B,18249
NECTIN3,18250
TCAF2C,18251
KRTAP4-4,18252
FAHD2A,18253
CTAGE4,18254
FAM240A,18255
UGT1A3,18257
NUDT4B,18258
FMO4,18259
MCCC1,18260
XNDC1N,18261
OR51Q1,18262
IQCA1L,18263
CRYM,18264
FAM90A12P,18265
MRPS9,18266
OPN1MW,18268
FTHL17,18269
METTL25,18270
ATP5IF1,18271
TXNRD3,18272
BCL2L13,18273
OR5F1,18274
GOLGA6D,18275
KLHDC9,18276
ZNF174,18277
MROH8,18278
GAL3ST1,18279
NPIPA3,18281
RAB4A,18282
THRA,18284
GSTM2,18285
ZNF705B,18286
ANHX,18287
OR5M11,18288
OR2M3,18289
CCDC183,18290
SOS2,18291
ACSF2,18292
TTC33,18294
RALGAPA1,18295
PEX11A,18296
ZNF680,18297
MMAB,18298
TRIM2,18299
ZNF577,18300
ACOT2,18301
ZNF596,18302
SOX13,18305
PKDREJ,18306
TRIM60,18307
RTN4,18310
TMEM42,18312
CRABP1,18314
NMNAT3,18315
ALPG,18316
ZNF404,18317
ZNF350,18319
ME3,18320
KRTAP2-1,18325
ABRAXAS1,18327
PRR23A,18328
C8orf89,18329
RPL15,18330
GLYATL3,18331
RGS21,18332
KRTAP3-1,18333
SMIM27,18334
ANKRD24,18335
INSR,18336
R3HDM2,18337
OC90,18338
FLG2,18339
GSTT4,18340
GOLGA8Q,18341
LCE2C,18343
C20orf173,18344
PAK5,18345
OR5AK3P,18346
A1CF,18347
PTGR2,18348
CGB2,18349
PLET1,18351
P4HTM,18352
ATXN7L3B,18353
GCSH,18354
KRTAP4-8,18356
BUB1B-PAK6,18357
NCBP2AS2,18358
OR2S2,18359
CMBL,18360
ZNF816-ZNF321P,18362
ETFBKMT,18363
RPL7,18364
ZNF627,18365
SYCN,18366
PTPRQ,18367
TACC2,18369
RAPGEFL1,18370
ATOH7,18371
CRYGB,18373
OR6T1,18374
SSX2,18375
LIN7B,18376
UBE2L5,18377
LELP1,18379
PMF1-BGLAP,18380
AMY1B,18382
PRELID2,18383
CHRM1,18384
GOLGA6C,18385
MARCHF6,18388
ACSM3,18389
OR11L1,18390
TRIT1,18391
SDHA,18392
GOLGA6L4,18394
ANKRD62,18395
NPIPA2,18396
OR7G2,18397
OR10C1,18398
CA14,18399
KRTAP5-3,18401
SOWAHA,18402
HS3ST6,18403
PNPLA4,18404
TMEM256-PLSCR3,18405
NUTM2F,18406
KNG1,18407
ARHGEF28,18411
SPANXN3,18412
GOLGA6L1,18413
DHRS7C,18414
FHIP1B,18416
HEPACAM2,18417
DLG2,18418
MIGA1,18419
NOXA1,18420
SP9,18421
RPS6,18423
CELA3B,18425
DCDC2C,18426
IFT88,18427
IL37,18428
MAGIX,18429
BOD1,18430
USP17L4,18431
LCE3B,18432
OR52E6,18434
PON3,18435
COX7B2,18436
ZMYND12,18437
PYURF,18438
NPIPB9,18439
MICOS10-NBL1,18440
RCOR3,18441
OVCH2,18443
SNURF,18444
CTDSPL,18446
INPP5A,18447
KRTAP10-8,18448
FPGT-TNNI3K,18449
SPRYD7,18450
KCTD8,18451
NUDT6,18452
MPC1L,18453
NUBPL,18454
INS,18455
PAGE1,18457
NUDT16,18458
MRLN,18459
MLYCD,18461
BECN2,18462
CRPPA,18464
FAM187A,18465
ZNF782,18467
ZNF737,18468
CENPV,18469
EIF2D,18470
RPS4Y2,18473
GCFC2,18474
ZSWIM5,18475
SLC25A26,18476
FGF9,18478
OR5P2,18480
OR14A2,18481
AK4P3,18482
SMIM33,18483
SMIM10L2B,18484
PRAC2,18486
ZFP2,18487
MACIR,18488
KRCC1,18489
OR8J3,18490
SMIM26,18491
ZNF33B,18492
OR52J3,18493
LCE1A,18494
OR1N1,18495
MMP24OS,18496
TBC1D3K,18497
HINT2,18498
RPL22,18499
PHF7,18500
TMEM68,18501
IFNL3,18502
PMM1,18503
MT-CO1,18504
OR2T1,18505
FOXD4L4,18506
CYP3A7-CYP3A51P,18509
SLC35A3,18510
CNIH3,18511
PGRMC1,18512
OR9G4,18515
RGMB,18516
MAGEB1,18517
ANKRD63,18519
FAM237B,18521
MROH5,18522
C6orf15,18523
TOMM20,18524
DCAF8L2,18525
FOXP2,18526
ANG,18527
SPATA31D1,18528
HLF,18529
SLC27A2,18530
DEFA1,18531
NIPSNAP2,18533
GNPAT,18534
KRTAP19-7,18535
KIAA1191,18536
GATAD1,18537
AS3MT,18538
C3orf56,18539
OR11H4,18540
POM121L12,18541
MARCOL,18542
NPIPB8,18543
OR10Z1,18544
TMEM178A,18545
PANO1,18547
MSANTD3-TMEFF1,18548
PNPLA7,18549
MUC21,18550
OR11A1,18551
RUNDC3B,18552
HNRNPA1L3,18553
ST20-MTHFS,18554
UMAD1,18555
MUC22,18556
CCDC196,18557
ISOC1,18558
PEDS1-UBE2V1,18560
OR13C8,18561
MFSD4A,18562
ZCCHC13,18563
MAGEC2,18564
NPY4R2,18565
HOXA5,18566
OR5P3,18567
OR6B3,18569
CGB3,18570
ECHDC2,18571
OR10D3,18572
WEE2,18573
CFAP97D2,18574
RPAIN,18575
ZNF606,18576
TRIM49D2,18577
TRIM43,18579
TMEM106B,18581
FTCDNL1,18582
OR10T2,18583
NEUROD6,18584
LGR4,18585
NDUFC2-KCTD14,18586
SPRY2,18588
DUS4L,18589
OR1S2,18590
ACADM,18591
CFC1,18592
FOXL3,18593
CCDC105,18594
GALP,18595
TBC1D3F,18596
HNRNPCL4,18599
OR6S1,18600
ZNF138,18601
DAZ2,18602
OR2T12,18603
RNF212B,18604
OR56B2P,18605
DMAC2L,18606
OR2T2,18607
OR51B2,18608
CSH1,18609
OR2M5,18610
OR52A5,18611
LYZL2,18612
GPR139,18613
SPDYE17,18615
MAGEB16,18617
SLC38A4,18618
CDRT15L2,18621
TMEM265,18622
ACSS2,18623
MSANTD7,18624
SH3RF1,18625
USP17L23,18626
OR11H6,18627
MT-ND4L,18628
CHKA,18629
RNASE9,18630
OR7G3,18631
INS-IGF2,18632
C11orf52,18633
GMCL2,18634
OR13F1,18635
PRLH,18636
OR5K3,18637
SFT2D3,18638
AAMDC,18640
FMO5,18642
REPS1,18644
PRAMEF7,18645
SCGB1C2,18646
FAM174A,18647
CADM2,18648
ZNF441,18649
CYP2J2,18650
TMEM59,18651
NFS1,18652
CST9L,18653
TLE7,18654
SSX4,18657
C8orf44-SGK3,18658
OR8B12,18660
TTC36,18663
CYP4A22,18664
PRKAB2,18665
CGB1,18666
EIF3L,18667
DUSP21,18668
SPATA7,18669
TEX48,18670
OR14J1,18671
GOLGA6B,18672
FOXR2,18675
EIF4EBP3,18676
KRTAP29-1,18678
FGF3,18679
DDAH1,18680
GRXCR2,18681
OR13D1,18682
KRTAP12-3,18683
SPINT4,18684
PIWIL2,18685
PPIAL4A,18687
PTGR3,18688
NKX2-6,18689
NDUFA5,18693
GIPC2,18694
LRRC3C,18695
FAM25G,18696
OR9G1,18698
OR6X1,18699
PACRG,18700
TBCEL-TECTA,18701
TEF,18702
NPIPB7,18703
OR2AP1,18704
ZDHHC11B,18705
OR5H2,18706
CCL15-CCL14,18708
MT-CO2,18710
KRTAP4-6,18712
ZNF254,18713
OR2G6,18714
LGALSL,18715
VSIG10L2,18716
ZNF396,18717
PRSS51,18718
NAXD,18719
TMEM207,18720
KLK1,18721
ZNF705D,18722
ADAL,18723
PRM1,18724
CHAD,18726
RBAK-RBAKDN,18727
SCP2,18728
MYOCOS,18729
PRR23C,18731
TSPAN7,18732
DNAI4,18733
REELD1,18734
MT-ND3,18735
CPEB3,18736
AKTIP,18737
FAF1,18738
TLCD4-RWDD3,18739
ZC3H11C,18740
MAGEA9B,18741
OR13C4,18746
KRTAP1-3,18747
OR2L5,18748
KRTAP4-1,18749
RAB40C,18750
OR8U1,18751
TRIM49,18752
IFTAP,18753
SCGB1D4,18754
IFNL4,18756
SPINT3,18757
RAB40B,18759
TBC1D3C,18761
RPS17,18762
CRYGA,18763
IFNA16,18764
DUX4,18765
OR4F21,18766
IFNA6,18767
TVP23C-CDRT4,18769
IGHV3OR16-17,18770
CGB8,18771
LY6S,18772
TRIM39-RPP21,18773
IFNA1,18774
FHIT,18775
SMIM45,18776
NDUFS4,18777
KRTAP6-3,18778
HIBADH,18779
KAT14,18780
OR6N2,18781
SAP18,18783
HMGCS2,18784
DHFR2,18785
ZCWPW2,18786
DEFB136,18788
PRAMEF8,18789
PABIR1,18791
RWDD3,18792
GRTP1,18794
TMEM168,18796
GOLGA6L22,18797
KRTAP10-7,18798
FGGY,18799
TEX13D,18800
KCNK18,18801
CHURC1-FNTB,18802
LYPD4,18804
SPAG11B,18805
DHRS11,18806
GSTO2,18807
KRTAP9-2,18808
NBEAL1,18809
OR5T2,18810
EAPP,18811
C2orf88,18812
ELAC1,18813
GPX5,18814
ACOX2,18815
TEX37,18816
ECI2,18817
ANKRD20A1,18818
POTEH,18819
NGEF,18821
ARL2-SNX15,18822
FAM205C,18823
PRR33,18825
HSFX4,18826
NDUFB5,18827
DDC,18829
HES1,18830
NKX1-1,18831
MEI4,18833
CSHL1,18834
UPK3BL2,18835
PRIMPOL,18836
RNF128,18837
TINCR,18838
BHLHA9,18839
ASPA,18840
TRIQK,18841
OR6P1,18842
ETFRF1,18843
OR5M1,18844
IFNA17,18845
NPS,18846
LYNX1-SLURP2,18847
GLYATL1B,18848
CRACDL,18849
PTTG1IP2,18850
CXXC4,18853
HSPB2-C11orf52,18855
DMRTC1,18857
SLC9A4,18858
FABP9,18859
APOH,18861
C3orf85,18863
RAB6D,18865
RMND1,18866
OR13H1,18867
KRTAP9-8,18869
IMMP1L,18870
AGBL1,18871
ZNF774,18873
SLC25A4,18874
RNASEK-C17orf49,18875
ZBED9,18876
OR4N5,18878
C11orf71,18879
NDUFAF5,18883
ANO5,18884
USP30,18886
OOSP4A,18887
TRIM49D1,18888
PRAMEF9,18889
CRY2,18890
OR5J2,18891
ETDB,18892
CCER2,18893
TEX52,18896
NRXN1,18897
MGST3,18898
KRTAP20-2,18899
C10orf143,18903
UBTFL1,18904
SLC17A6,18905
TTC19,18906
COBL,18909
OR4C3,18911
PSG5,18912
RNASE4,18913
GLT6D1,18914
KRTAP4-12,18916
KRTAP9-4,18918
GPRASP2,18919
KRTAP12-4,18921
SLC35A1,18922
TMEM52,18923
CDKL3,18925
FAM90A24P,18926
LYRM9,18927
ECI1,18928
OR5T1,18929
OR5H6,18931
ARHGEF9,18932
OR51T1,18933
OR5L2,18934
CT45A5,18936
GRXCR1,18937
LIMS4,18939
KRTAP10-12,18940
ZNF181,18941
SMIM41,18942
C17orf113,18943
IFNA10,18944
SMIM11,18945
OR4A47,18946
HELT,18947
OR4S1,18948
H2AL3,18949
TAF11L12,18950
GAGE12F,18952
EFNA4-EFNA3,18953
ZNF717,18954
OR5H1,18955
MDP1,18956
AKR7L,18957
ZNF658,18958
KRTAP9-7,18959
NT5C1B-RDH14,18960
EEF1G,18961
DCUN1D4,18962
SMIM44,18964
OR4A15,18965
TMEM14B,18966
CDNF,18967
OR10S1,18968
TRIM64,18969
APOM,18970
TPTEP2-CSNK1E,18972
C1orf21,18973
LEUTX,18978
ORC4,18979
EEF1AKMT2,18980
H2BC1,18981
OR10G2,18982
OR52E2,18984
DMRT2,18985
CELA3A,18988
OR7C2,18990
PRR23B,18992
TGIF2LY,18993
ANKMY2,18995
OR1D5,18996
MT-ATP8,18997
RPS6KA6,18998
H2AB1,18999
OR2T7,19000
PLLP,19002
RAMACL,19003
MACROD1,19005
LIAS,19006
TP53TG3C,19007
PRAMEF10,19008
CENPVL2,19009
ZNF514,19010
OR8D2,19011
IDNK,19012
C17orf114,19013
FSIP2,19014
GOLGA8G,19015
PPIAL4C,19016
FAM76A,19017
MRGPRG,19018
CFC1B,19019
URGCP-MRPS24,19021
OR2T5,19022
TRIM75,19023
HYKK,19024
OR2Z1,19025
CTAG1B,19026
C1orf68,19027
YBX2,19028
OR2AG1,19029
HNRNPCL2,19030
MXI1,19031
FBXO25,19032
USP17L18,19033
GPHN,19034
OR10G7,19035
TMEM128,19036
OR5D14,19037
DEFB104B,19038
C11orf54,19039
OR5AP2,19042
OR10H4,19044
MPC1,19045
ASDURF,19046
SPATA31A6,19048
ADSS1,19049
OR4K14,19051
SAP30L,19052
NAALADL2,19053
PPIAL4E,19055
TOX3,19056
OR8S1,19057
DEFB105A,19058
OR13C5,19059
OR10G9,19060
AQP12B,19061
CCDC169-SOHLH2,19062
C1orf115,19063
CHPT1,19064
SMIM23,19065
TRIM64C,19067
OR4C12,19068
ALDH6A1,19070
TEX36,19071
PPP4R3C,19072
NDFIP2,19073
PIGH,19074
TRAPPC6A,19076
PMPCB,19077
C8orf82,19079
OOSP3,19080
LMBRD1,19082
SYBU,19084
NOTCH2NLR,19085
CNGA2,19087
IMMP2L,19088
MT-ND1,19089
IQCF6,19091
HTD2,19093
TRIM77,19094
FAAH,19095
GNG13,19096
PERCC1,19097
B4GAT1,19098
MT-CYB,19099
PRR20G,19101
RPL36A-HNRNPH2,19102
OR4A16,19103
MT-ATP6,19104
OR52M1,19107
OR51F2,19108
LY6G6F-LY6G6D,19110
ZNF722,19111
SOWAHB,19114
SH3YL1,19115
MT-ND4,19116
TEX54,19117
FAM240B,19121
OR8G3P,19122
MTERF2,19123
OR4C46,19124
PYDC5,19127
C1orf232,19130
CXorf49B,19134
CCDC122,19136
OR4B1,19137
LRTOMT,19140
FOXB2,19141
MROH7,19142
SPDYE18,19143
SPACA5B,19144
TNNC1,19145
LCE4A,19146
TRIM51G,19149
LY6G6D,19150
KBTBD3,19151
FBXO3,19154
PHOSPHO2,19156
SPDYE13,19158
PAAF1,19159
PRY2,19160
UGT1A5,19161
OR2B3,19162
SPATA31A7,19165
CFAP298-TCP10L,19166
GFY,19167
FAM90A11P,19169
CDY2A,19170
RHOXF1P3,19172
C9orf24,19174
MISP3,19175
TRIM49C,19178
LNX1,19180
STRADB,19181
TBC1D3G,19182
MROH7-TTC4,19183
EEF1AKMT4-ECE2,19185
OR1R1P,19186
OR1S1,19187
YAE1,19188
LGALS13,19189
HES3,19190
MT-ND2,19192
DEFB114,19194
OR2T35,19195
PXMP2,19196
OR4C15,19199
OR2J1,19200
TGIF2LX,19201
C18orf63,19202
PRAMEF14,19204
SAPCD1,19206
OOSP2,19207
PRAMEF20,19209
RRAGB,19210
GAGE12J,19211
TAF11L11,19212
USP17L8,19213
AMY1A,19214
PFN2,19217
POTEB3,19219
OR10A6,19220
TCP11X2,19221
ATP23,19222
NUPR2,19223
OR4D11,19224
ZNF723,19225
HMGCL,19226
CYB5A,19227
CCDC201,19230
ZNF415,19231
AKR1C8,19232
OR4A5,19233
BSX,19234
PRM3,19235
PAGE3,19237
TRIM43B,19238
TEX13A,19240
PRAMEF6,19242
PDCD6-AHRR,19243
LRRC53,19244
INO80B-WBP1,19246
OR5H8,19247
KRTAP20-1,19248
XAGE1B,19249
OR12D2,19250
PPM1A,19251
OR10R2,19252
MSANTD5,19253
DPP6,19254
CCDC92B,19255
ZNF286A-TBC1D26,19256
OR8H2,19259
GUCA1ANB,19261
TLN2,19262
PRAMEF11,19263
OR5D18,19264
PRAMEF19,19265
DAZ1,19266
AMY2A,19267
OR2T3,19269
KRTAP2-2,19270
OR8H3,19271
OR4Q3,19272
ETDA,19273
RNLS,19275
KRTAP19-3,19277
OR6C74,19278
TMEM116,19280
OOSP1,19281
POTEA,19282
OPN1MW3,19283
TP53TG3B,19285
SCCPDH,19287
MT-CO3,19288
SPEGNB,19289
OSBPL1A,19293
CAMSAP3,19294
PEBP1,19296
OR2T27,19298
PECR,19299
SPANXN4,19300
CDY1,19301
OR11H7,19302
OR5D16,19303
H3Y1,19308
CACNB2,19312
GSG1L2,19314
GNG14,19315
DEFB131A,19318
OR2W1,19319
PRR23D1,19321
OR1B1,19322
OR5AR1,19323
SPATA31A3,19325
OR5K4,19327
CNGA1,19328
SPDYE8,19329
DPH6,19331
MAGEA2B,19332
CLDN8,19333
ACADSB,19335
SPATA31D4,19337
OR4F3,19339
KRTAP19-5,19340
OR4M2,19341
P3R3URF-PIK3R3,19342
GAGE2A,19343
OR5M9,19345
OR13C7,19346
SPAG11A,19349
TCP11X1,19351
THNSL1,19353
PRR23D2,19354
SSU72P7,19355
H4C7,19356
CSH2,19358
C14orf28,19359
IZUMO3,19360
GOLGA6L26,19362
PEX19,19363
SPRR5,19364
DEFB135,19365
OR9K2,19366
POTED,19367
OR2T34,19368
OR10A7,19369
OR2L8,19370
DNAJC19,19371
PDK2,19373
KRTAP6-1,19374
AMY1C,19376
PCDH20,19377
OR2M7,19379
NXF2,19380
TEX53,19381
CTAG1A,19383
OR5B17,19384
LY6L,19385
SSU72P8,19388
TDRD3,19389
AUTS2,19390
OOSP4B,19392
CCDC195,19394
TEX49,19395
PANK1,19396
OR6K6,19397
MT4,19398
C10orf120,19399
KRTAP15-1,19401
OR5M8,19402
TMEM275,19403
FRG2B,19405
CXorf66,19406
FAM104B,19407
SMIM38,19411
TP53TG3E,19412
SPDYE11,19414
H2BK1,19416
OR6Q1,19417
PVALEF,19418
DEFB105B,19420
CLYBL,19422
NPBWR1,19425
MBD3L2,19428
IFNA13,19429
KDM4F,19430
OR6C68,19431
HSFY2,19433
OR6C1,19434
ADHFE1,19435
HSFX3,19436
DAZ3,19438
TBC1D3H,19442
OR4F29,19443
OR4C13,19445
SCGB1D1,19446
OR6C6,19447
USP17L11,19448
MAGEA3,19449
OR10AG1,19450
CTAGE8,19451
TEX13C,19452
CENPVL3,19453
KRTAP19-4,19454
ZNF511-PRAP1,19455
KRTAP21-3,19456
OR5I1,19457
OR5AC2,19459
SVIP,19461
EEF1E1-BLOC1S5,19463
NOTCH2NLB,19465
CRYZL1,19466
CCDC179,19467
PRAMEF15,19469
OR12D3,19470
LINC02210-CRHR1,19471
OR52E8,19472
SPDYE14,19473
MDFIC2,19474
CSNKA2IP,19476
USP17L20,19477
KRTAP21-1,19478
UGT2A2,19479
MAGEA2,19480
H2AC18,19482
OARD1,19484
OR7G1,19485
SPANXA2,19487
GET1-SH3BGR,19488
VCY,19489
PWWP4,19491
TATDN1,19492
PEX7,19493
MMUT,19494
CT45A1,19495
HSFY1,19497
XAGE1A,19498
GAGE2E,19499
OR4N4C,19500
OR4E1,19501
GOLGA8T,19504
ZNF735,19505
OR4X1,19506
LITAFD,19507
TSPY4,19509
LCE7A,19510
NUDT7,19512
SCYGR4,19513
COA5,19516
OR4C11,19517
DEFB128,19519
KRTAP24-1,19520
TCEA3,19521
CORO7-PAM16,19522
SPDYE10,19524
ENDOV,19526
OR5T3,19527
TP53TG3F,19528
DHRS12,19529
CT47A12,19530
TOMT,19531
GOLGA6L25,19533
OR4L1,19535
DEFB110,19537
CT45A10,19538
CAMK2N1,19540
TSPY3,19542
PYDC2,19543
KRTAP1-4,19546
ANKRD46,19547
PRAMEF4,19548
MTARC2,19549
OR4M2B,19550
AMY2B,19551
H2BN1,19553
PRAMEF33,19554
PPIAL4D,19555
C15orf61,19556
TEX51,19558
OR12D1,19559
SSU72P2,19561
KRTAP12-2,19562
TAF11L14,19564
KLHDC2,19565
MAGI2,19566
OR4K5,19567
IFNA7,19568
SLCO1B3-SLCO1B7,19570
CTXND2,19571
USP17L17,19573
ZNF595,19575
OR6C65,19577
GRIFIN,19578
P3R3URF,19582
OR4Q2,19583
OR2T11,19587
MAGI1,19589
RBMY1E,19590
FMC1,19591
FAM47E,19592
GPD1L,19593
OR51V1,19594
OR51A4,19596
KRTAP9-1,19598
SPATA31D3,19599
DEFB123,19601
PRAMEF17,19602
FXYD6-FXYD2,19603
COX11,19604
BBS2,19606
CCNB1IP1,19607
DAZ4,19609
SPEM3,19610
PRR20A,19611
RD3L,19612
TMEM271,19613
KRTAP13-3,19615
OR51S1,19616
FAM246C,19617
C11orf1,19618
MBD3L4,19619
POTEB,19620
DEFB108B,19621
LRRC30,19622
OR5M3,19623
EPB41L4B,19624
NXF2B,19625
TSPY2,19627
FAM200B,19628
SMIM46,19630
CFDP1,19631
AUH,19634
OR51G1,19635
KRTAP19-2,19636
OR6C3,19640
OR52E5,19641
MS4A13,19642
OR5D3P,19643
KRTAP4-16,19644
HSD17B8,19645
OR4K15,19647
OR8G2P,19648
ATPAF1,19650
CNTNAP3C,19651
KRTAP9-6,19652
OR4N4,19654
F8A2,19655
USP17L22,19656
OR8B3,19658
SMIM8,19659
OR5M10,19660
DEFB112,19662
XNDC1N-ZNF705EP-ALG1L9P,19663
H2BC12L,19664
KRTAP27-1,19666
F8A3,19668
LACTBL1,19669
CMC4,19670
FAM236D,19672
OR4S2,19674
DUXB,19676
FAM90A7,19677
OR51F1,19678
NEDD8-MDP1,19679
C19orf85,19680
KRTAP20-3,19681
TEX50,19682
CT47B1,19686
CT45A7,19687
KRTAP19-6,19689
SMIM40,19690
KLF18,19691
ACAT1,19692
SPANXN1,19693
DEFB121,19694
OR8B2,19695
OR10J4,19698
PIGY,19699
SAGSIN1,19704
SCYGR2,19706
RBMY1A1,19707
KRTAP20-4,19708
H2AL1Q,19709
OR2T29,19710
OR10G6,19711
PPARGC1A,19712
ABCA5,19714
PRY,19716
SCYGR10,19717
CPHXL2,19718
KRTAP22-2,19719
SPAG16,19720
BPHL,19723
OR2Y1,19724
OR4C45,19727
RBMY1J,19729
OR8K3,19730
RETREG1,19731
MAGEB5,19733
USP17L10,19734
SPANXN2,19735
OR8K5,19737
GAGE13,19738
FAM90A23,19739
DEFB113,19741
GJE1,19743
OR52R1,19744
TMDD1,19745
NOTCH2NLC,19746
OR5H15,19747
EPHX2,19748
OR6C70,19749
TSPY10,19751
TPRX2,19752
OR2T6,19754
LETMD1,19755
DUS4L-BCAP29,19757
NR3C2,19758
SLC35G4,19761
CENPVL1,19762
OR11H1,19763
OR1P1,19766
OR4C5,19769
OR11H2,19771
KRTAP25-1,19773
CT45A8,19774
FAM246A,19776
SSU72P3,19777
CHP2,19778
FAM90A27P,19779
MSH5-SAPCD1,19780
LGALS16,19781
SIRT5,19782
OR4M1,19783
OR8K1,19785
KRTAP6-2,19786
RNASE12,19787
SCYGR3,19788
PRAMEF13,19789
DEFB109B,19790
USP17L3,19791
OR10X1,19792
DEFB106B,19793
OR52E1,19795
FAM90A10,19796
SCYGR6,19797
GAGE12E,19798
MBD3L3,19799
PRAMEF25,19800
OR4F4,19801
USP17L24,19802
SSU72P5,19803
BPY2,19804
TSPY8,19805
NMS,19806
OR8B4,19807
SCYGR8,19808
RBMY1B,19809
DEFB116,19810
OR8U3,19811
PHYH,19814
OR8I2,19815
DEFB107B,19816
KRTAP23-1,19817
C8orf90,19818
FAM90A20P,19819
CT45A6,19820
KRTAP22-1,19821
OR5L1,19823
OR4C16,19824
RPL17-C18orf32,19825
OR5D13,19827
MAGEB6B,19829
PMIS2,19830
MBD3L2B,19831
POTEB2,19832
SMIM39,19833
PRAMEF27,19834
FAM90A3P,19835
SSX7,19836
OPN1MW2,19837
SMIM19,19838
TMEM276,19839
SPATA31A5,19841
H3Y2,19843
CDY1B,19845
USP17L13,19850
HNRNPCL3,19851
GOLGA6L24,19853
OR5W2,19854
MBD3L5,19855
RBMY1F,19857
SCYGR7,19860
RPSAP58,19862
POLGARF,19863
FAM90A5P,19864
SSX2B,19867
OR4F5,19868
DEFB131B,19869
FAM90A16,19870
FAM236A,19872
RBMY1D,19873
SSU72P4,19875
CT45A3,19876
SCYGR1,19877
SSX4B,19878
USP17L15,19879
PRAMEF18,19880
C21orf140,19881
PRAMEF5,19883
DEFB107A,19884
TSPY1,19885
USP17L21,19886
CT45A2,19887
FAM90A13P,19889
FAM90A15P,19890
H2AB3,19891
CT47A11,19892
OR5BS1P,19894
TAF11L2,19895
TSPY9,19896
FAM90A14,19897
GAGE12B,19898
CPHXL,19899
TAF11L4,19900
FAM25C,19901
TAF11L6,19902
TAF11L7,19903
DEFB115,19904
USP17L5,19905
OR51A2,19906
CXorf51A,19907
FAM246B,19908
USP17L12,19909
SPANXA1,19910
OR8J2,19912
TAF11L9,19914
TMEM247,19915
PRR20C,19916
OR4K3,19917
FAM90A22,19918
TAF11L5,19920
ETDC,19922
TAF11L3,19923
PRAMEF26,19924
FAM236B,19925
DEFB130B,19926
OR4A8,19927
CT45A9,19928
LINC02203,19929
FAM90A9,19930
FAM90A18,19931
CT47A1,19932
FAM90A8,19933
GAGE12H,19934
FAM236C,19936
OR4M2-OT1,19937
BPY2B,19939
DEFB106A,19940
CDY2B,19943
OR5AC1,19945
PPIAL4F,19946
OR4F16,19948
SMIM42,19949
VCY1B,19950
SPDYE9,19954
GAGE12G,19956
DEFB130A,19959
CT47A7,19960
BPY2C,19969
USP17L19,19973
HRURF,19974
TAF11L13,19975
SCYGR5,19976
