,gene_symbol,UMAP 0,UMAP 1
0,A1BG,12.503425,6.3994317
1,A1CF,6.9824824,4.0370183
2,A2M,13.255641,4.6362543
3,A2ML1,13.513782,5.009819
4,A3GALT2,12.168688,5.383021
5,A4GALT,12.899676,5.030248
6,A4GNT,13.497096,4.6858816
7,AAAS,11.205766,7.097355
8,AACS,9.828011,1.4035819
9,AADAC,13.216074,3.8962736
10,AADACL2,13.011612,3.8171322
11,AADACL3,10.71139,3.5098906
12,AADACL4,10.793805,3.401875
13,AADAT,10.074277,1.7237877
14,AAGAB,8.332629,2.8012238
15,AAK1,6.191755,4.194033
16,AAMDC,8.658031,0.67934084
17,AAMP,10.079823,4.170367
18,AANAT,10.920658,4.7115397
19,AAR2,9.751879,3.8221622
20,AARD,8.731363,7.19713
21,AARS1,9.150572,1.1785642
22,AARS2,10.8050165,3.495205
23,AARSD1,9.311951,2.0135975
24,AASDH,11.041262,6.47902
25,AASDHPPT,9.977002,3.2207115
26,AASS,10.309921,2.5560029
27,AATF,7.9372444,4.022995
28,AATK,7.7834435,6.7084475
29,ABAT,9.890575,1.7473043
30,ABCA1,11.619797,2.4205494
31,ABCA10,13.01188,2.9084253
32,ABCA12,12.470759,7.431766
33,ABCA13,10.849999,10.577811
34,ABCA2,12.631194,3.4263012
35,ABCA3,12.147225,2.1977854
36,ABCA4,12.265286,2.6011724
37,ABCA5,13.015284,2.9061778
38,ABCA6,13.064042,2.8530378
39,ABCA7,11.952371,4.0691934
40,ABCA8,12.963236,2.606813
41,ABCA9,13.02103,2.7408571
42,ABCB1,11.345699,1.4149792
43,ABCB10,12.355517,1.2897243
44,ABCB11,11.712244,1.7112684
45,ABCB4,11.447522,1.4389359
46,ABCB5,11.716375,1.6882532
47,ABCB6,12.543445,1.5263339
48,ABCB7,10.350869,1.7901986
49,ABCB8,12.344406,1.4361424
50,ABCB9,12.35876,2.0172646
51,ABCC1,11.656933,1.3428043
52,ABCC10,13.047321,2.0493326
53,ABCC11,12.883728,2.5084019
54,ABCC12,12.604016,2.3657517
55,ABCC2,12.247447,1.7586228
56,ABCC3,11.991915,1.3041763
57,ABCC4,11.620842,1.4795716
58,ABCC5,12.4775095,2.2736826
59,ABCC6,13.083683,2.0861146
60,ABCC8,12.8763895,2.5260866
61,ABCC9,12.729278,2.4099698
62,ABCD1,11.21076,2.446573
63,ABCD2,11.277353,1.7338054
64,ABCD3,11.426967,1.5333176
65,ABCD4,12.103384,1.9937794
66,ABCE1,7.9112635,1.0317163
67,ABCF1,7.810786,2.5495095
68,ABCF2,8.669884,1.4512479
69,ABCF3,9.405755,1.9336579
70,ABCG1,11.678109,1.5402019
71,ABCG2,10.445208,0.40433237
72,ABCG4,11.70031,1.4384098
73,ABCG5,13.084938,2.6306186
74,ABCG8,13.453459,2.6989834
75,ABHD1,10.698629,2.727648
76,ABHD10,10.6287365,4.371217
77,ABHD11,10.632488,3.0232577
78,ABHD12,10.295946,3.306091
79,ABHD12B,10.635885,3.4786131
80,ABHD13,11.150312,3.2696798
81,ABHD14A,11.5829935,5.0467334
82,ABHD14B,10.356936,2.1673024
83,ABHD15,10.970862,5.1823807
84,ABHD16A,11.0953,4.890834
85,ABHD16B,11.183193,5.89195
86,ABHD17A,8.452268,1.3037502
87,ABHD17B,8.163542,0.9267109
88,ABHD17C,8.406995,1.519572
89,ABHD18,10.21564,4.016099
90,ABHD2,11.74237,2.3283405
91,ABHD3,10.479119,2.369449
92,ABHD4,10.043329,2.5251555
93,ABHD5,10.133402,2.8499494
94,ABHD6,11.245966,2.9821973
95,ABHD8,10.981855,6.9552684
96,ABI1,6.1059723,2.9976737
97,ABI2,6.024672,3.0225146
98,ABI3,7.497844,4.7727666
99,ABI3BP,7.010199,3.922228
100,ABITRAM,8.625003,1.8453896
101,ABL1,8.328549,6.613687
102,ABL2,8.46867,6.705892
103,ABLIM1,6.905829,3.6233478
104,ABLIM2,6.809594,2.994261
105,ABLIM3,7.058709,3.8238988
106,ABO,12.436333,4.2594213
107,ABR,8.43328,2.167958
108,ABRA,8.138437,4.9263954
109,ABRACL,7.960494,0.8183458
110,ABRAXAS1,9.846426,6.199709
111,ABRAXAS2,8.697036,4.87391
112,ABT1,8.215581,4.509681
113,ABTB1,10.933867,5.758473
114,ABTB2,11.004978,7.5353494
115,ABTB3,10.957395,7.559503
116,ACAA1,8.748891,0.9607327
117,ACAA2,9.290323,0.5566223
118,ACACA,10.592538,6.393393
119,ACACB,10.562497,6.50304
120,ACAD10,10.255121,2.1272779
121,ACAD11,10.230108,1.8463186
122,ACAD8,9.475337,0.7650492
123,ACAD9,9.955407,1.670367
124,ACADL,9.63618,0.8925421
125,ACADM,9.486552,0.6655101
126,ACADS,9.454351,0.7007631
127,ACADSB,9.588951,0.7257198
128,ACADVL,9.801611,1.4543996
129,ACAN,7.808897,9.198076
130,ACAP1,8.366783,4.189119
131,ACAP2,7.5064855,2.6477168
132,ACAP3,8.190157,3.9861715
133,ACAT1,9.397085,0.6302363
134,ACAT2,9.540406,0.7027669
135,ACBD3,7.544501,3.6028335
136,ACBD4,7.892748,4.778746
137,ACBD5,8.818665,6.5948906
138,ACBD6,8.535862,2.1560085
139,ACBD7,7.1793985,0.89925396
140,ACCS,10.54366,4.0546246
141,ACCSL,10.393965,4.26562
142,ACD,9.346544,9.593923
143,ACE,13.236566,4.1769753
144,ACE2,13.657176,4.3239627
145,ACER1,12.176831,1.9823153
146,ACER2,11.791181,1.2649305
147,ACER3,12.027623,1.8457044
148,ACHE,12.319496,4.5591555
149,ACIN1,7.8843403,7.2913547
150,ACKR1,11.87848,7.18536
151,ACKR2,13.706713,1.7248743
152,ACKR3,13.944195,1.819856
153,ACKR4,13.949232,1.5371959
154,ACLY,9.533792,1.6799461
155,ACMSD,9.15058,0.75991243
156,ACO1,9.333638,0.85215545
157,ACO2,9.041009,1.0120271
158,ACOD1,10.933362,6.248243
159,ACOT1,10.433934,2.8639193
160,ACOT11,10.368493,4.3474817
161,ACOT12,10.425373,4.434119
162,ACOT13,9.845363,1.2723298
163,ACOT2,10.571107,3.2436655
164,ACOT4,10.5117235,3.0014133
165,ACOT6,10.575802,3.0314155
166,ACOT7,9.94885,2.524646
167,ACOT7L,10.357555,4.145896
168,ACOT8,9.824199,2.285284
169,ACOT9,10.316979,3.6307786
170,ACOX1,10.285822,2.2637181
171,ACOX2,10.619201,3.566933
172,ACOX3,10.418104,2.4130332
173,ACOXL,10.665283,3.3686168
174,ACP1,8.747774,0.6494313
175,ACP2,12.713131,4.10486
176,ACP3,13.358203,4.0495095
177,ACP4,12.118342,5.08956
178,ACP5,13.629627,4.2522273
179,ACP6,10.811837,6.7448153
180,ACP7,13.272767,4.182889
181,ACR,13.751754,6.6190624
182,ACRBP,12.640835,7.031658
183,ACRV1,7.779634,9.246065
184,ACSBG1,10.313105,2.55091
185,ACSBG2,10.289871,2.4940326
186,ACSF2,10.337791,2.249366
187,ACSF3,10.336271,2.5966203
188,ACSL1,9.563119,1.3658264
189,ACSL3,10.227571,1.9143002
190,ACSL4,10.157499,1.7492814
191,ACSL5,9.936619,1.5814621
192,ACSL6,9.591506,1.3844305
193,ACSM1,10.346883,2.2674308
194,ACSM2A,10.365689,2.3499413
195,ACSM2B,10.354567,2.335699
196,ACSM3,10.098486,1.7419814
197,ACSM4,10.274425,2.0643177
198,ACSM5,10.177258,2.1002388
199,ACSM6,10.847751,6.296918
200,ACSS1,9.625769,1.1633068
201,ACSS2,9.455982,1.1798239
202,ACSS3,9.78064,1.3092669
203,ACTA1,6.5887375,0.051585507
204,ACTA2,6.5969567,0.03391325
205,ACTB,6.4977427,-0.012689735
206,ACTBL2,6.778952,0.18499422
207,ACTC1,6.572224,0.002967604
208,ACTG1,6.5046735,-0.03099319
209,ACTG2,6.5448594,-0.00080042606
210,ACTL10,11.1150465,5.750731
211,ACTL6A,8.064201,1.1646013
212,ACTL6B,8.038081,1.1713612
213,ACTL7A,10.9197445,6.0315065
214,ACTL7B,10.946826,5.8830085
215,ACTL8,11.000552,7.07802
216,ACTL9,10.973571,5.7897935
217,ACTMAP,11.049995,5.696132
218,ACTN1,8.683403,2.7123792
219,ACTN2,8.716699,2.8610725
220,ACTN3,8.665558,2.9023936
221,ACTN4,8.66929,2.726237
222,ACTR10,9.66394,2.772013
223,ACTR1A,8.988364,1.237814
224,ACTR1B,8.9925165,1.2186763
225,ACTR2,7.8125587,0.71535844
226,ACTR3,7.871974,0.6748225
227,ACTR3B,7.8761535,0.6861186
228,ACTR3C,7.9519725,0.6792144
229,ACTR5,10.047834,4.5367584
230,ACTR6,9.524889,2.66271
231,ACTR8,10.342864,5.9020696
232,ACTRT1,10.847014,4.685912
233,ACTRT2,10.799285,4.698726
234,ACTRT3,10.740474,4.7112346
235,ACVR1,11.537271,2.916938
236,ACVR1B,11.3806505,2.8745089
237,ACVR1C,11.396269,2.9253943
238,ACVR2A,11.443698,2.9758358
239,ACVR2B,11.219982,2.8594413
240,ACVRL1,11.274048,2.868519
241,ACY1,9.977682,1.9739169
242,ACY3,10.563321,3.144592
243,ACYP1,8.746834,0.71720123
244,ACYP2,8.582369,0.4536494
245,ADA,10.004107,1.7516959
246,ADA2,13.436052,4.2548265
247,ADAD1,9.7710495,4.5445204
248,ADAD2,11.017283,5.8234973
249,ADAM10,13.497767,4.897445
250,ADAM11,12.7892275,4.874209
251,ADAM12,12.982606,5.041047
252,ADAM15,12.3023405,6.290145
253,ADAM17,13.475436,5.256209
254,ADAM18,13.6344385,5.2337356
255,ADAM19,12.964098,5.372646
256,ADAM2,13.578496,5.066737
257,ADAM20,13.626764,5.123822
258,ADAM21,13.548217,5.2180357
259,ADAM22,13.441489,5.320996
260,ADAM23,13.402356,5.021364
261,ADAM28,13.688141,5.8461885
262,ADAM29,13.732707,5.7909026
263,ADAM30,13.721148,6.3360906
264,ADAM32,13.6433935,5.1640315
265,ADAM33,12.253908,5.5944195
266,ADAM5,13.287706,7.517232
267,ADAM7,13.669165,6.7001696
268,ADAM8,12.659869,5.5609097
269,ADAM9,13.585502,4.976801
270,ADAMDEC1,13.674201,6.407552
271,ADAMTS1,13.182727,5.425981
272,ADAMTS10,12.833956,5.4140687
273,ADAMTS12,13.180984,5.6382318
274,ADAMTS13,12.355204,6.4643707
275,ADAMTS14,12.781136,5.867701
276,ADAMTS15,13.028276,5.3926067
277,ADAMTS16,13.222999,5.4728494
278,ADAMTS17,13.211666,6.3276763
279,ADAMTS18,13.438867,5.5240507
280,ADAMTS19,13.477534,6.7189054
281,ADAMTS2,12.913252,5.1834464
282,ADAMTS20,13.684668,6.635769
283,ADAMTS3,13.432322,5.453096
284,ADAMTS4,12.53242,5.3235564
285,ADAMTS5,13.271615,6.367465
286,ADAMTS6,13.584511,5.113819
287,ADAMTS7,12.3478,5.45986
288,ADAMTS8,12.696372,5.3688335
289,ADAMTS9,13.516152,5.459933
290,ADAMTSL1,13.478777,6.784465
291,ADAMTSL2,13.465082,6.698122
292,ADAMTSL3,13.561277,6.8559694
293,ADAMTSL4,12.285069,6.692643
294,ADAMTSL4-AS1,9.937767,14.407256
295,ADAMTSL5,12.136617,5.472709
296,ADAP1,7.914964,1.8480967
297,ADAP2,8.880692,2.6879969
298,ADAR,9.911059,7.0012217
299,ADARB1,9.123942,4.3866177
300,ADARB2,9.920287,4.933273
301,ADARB2-AS1,9.543833,14.089238
302,ADAT1,10.0458765,4.220936
303,ADAT2,8.795318,1.2534537
304,ADAT3,11.095849,4.840155
305,ADCK1,10.022382,2.097217
306,ADCK2,10.871692,4.5049148
307,ADCK5,10.717193,2.4849021
308,ADCY1,12.654957,2.9777017
309,ADCY10,11.134944,8.8894205
310,ADCY2,11.802773,1.898795
311,ADCY3,12.562002,2.9326518
312,ADCY4,12.505738,2.029184
313,ADCY5,11.627951,2.0669906
314,ADCY6,11.951557,2.210257
315,ADCY7,12.043569,2.1992114
316,ADCY8,12.645139,2.9728935
317,ADCY9,12.879687,3.06633
318,ADCYAP1,7.5009003,4.598161
319,ADCYAP1R1,12.740157,1.3509463
320,ADD1,6.717895,3.172699
321,ADD2,6.9957495,3.6002927
322,ADD3,7.232015,3.7679584
323,ADGB,10.594699,10.245006
324,ADGRA1,8.60995,6.028847
325,ADGRA2,12.022593,6.3861146
326,ADGRA3,13.106534,6.5941033
327,ADGRB1,12.526146,6.1913395
328,ADGRB2,12.243307,6.550865
329,ADGRB3,13.193229,6.734705
330,ADGRD1,13.175505,6.617542
331,ADGRD2,11.886635,6.43702
332,ADGRE1,13.819834,5.911186
333,ADGRE2,13.656947,5.030913
334,ADGRE3,13.6512985,4.951634
335,ADGRE4P,13.231357,3.626136
336,ADGRE5,13.205068,4.9401097
337,ADGRF1,13.132365,7.1849976
338,ADGRF2P,12.9726715,7.4228864
339,ADGRF3,12.066424,7.059408
340,ADGRF4,13.084,7.1875796
341,ADGRF5,13.221938,7.1939497
342,ADGRG1,12.268092,6.6816344
343,ADGRG2,13.110555,6.6631837
344,ADGRG3,12.947486,2.8376675
345,ADGRG4,9.163831,10.653226
346,ADGRG5,13.1521635,2.1752827
347,ADGRG6,13.672656,5.21898
348,ADGRG7,13.188487,3.8444924
349,ADGRL1,12.708675,4.695677
350,ADGRL2,13.050979,4.819926
351,ADGRL3,13.096487,4.7906756
352,ADGRL4,13.1125555,3.3554363
353,ADGRV1,13.314906,7.6601763
354,ADH1A,9.414149,0.6448874
355,ADH1B,9.357781,0.646259
356,ADH1C,9.366915,0.6201251
357,ADH4,9.462085,0.6969041
358,ADH5,8.652845,0.4105579
359,ADH6,9.402505,0.6277756
360,ADH7,9.44098,0.64391357
361,ADHFE1,9.590386,1.4398342
362,ADI1,8.980931,0.7570644
363,ADIG,9.659537,12.8071785
364,ADIPOQ,13.342691,5.361908
365,ADIPOR1,11.833712,1.2386941
366,ADIPOR2,11.915787,1.1451532
367,ADIRF,8.606207,8.775838
368,ADISSP,7.452922,2.6069872
369,ADK,8.807701,0.7741402
370,ADM,12.650744,5.1455307
371,ADM2,8.036319,5.980245
372,ADM5,10.124205,13.828434
373,ADNP,9.56451,10.106852
374,ADNP2,9.435461,9.716346
375,ADO,9.490677,4.225104
376,ADORA1,13.140121,1.2893853
377,ADORA2A,13.237324,1.2334366
378,ADORA2A-AS1,9.985175,14.202435
379,ADORA2B,13.078309,1.1774417
380,ADORA3,13.457615,1.411866
381,ADPGK,12.661983,4.5214787
382,ADPRH,9.971345,2.0604377
383,ADPRHL1,9.810199,2.0203896
384,ADPRM,10.601259,4.1829176
385,ADPRS,10.480409,2.9951766
386,ADRA1A,13.52572,1.1485834
387,ADRA1B,13.366958,1.2459537
388,ADRA1D,13.308163,1.3564154
389,ADRA2A,13.061226,1.2991282
390,ADRA2B,13.170538,1.2620925
391,ADRA2C,13.071261,1.2822837
392,ADRB1,13.343087,1.3610317
393,ADRB2,13.482093,1.1672333
394,ADRB3,13.471558,1.6297529
395,ADRM1,6.908732,3.411189
396,ADSL,9.260184,0.8306239
397,ADSS1,8.929279,0.95688534
398,ADSS2,8.771195,0.8069548
399,ADTRP,12.296023,1.992605
400,AEBP1,12.976654,5.601656
401,AEBP2,7.0089006,4.4920974
402,AEN,9.536754,4.6970596
403,AFAP1,8.191278,5.252892
404,AFAP1L1,8.324306,5.3169947
405,AFAP1L2,8.20987,5.2860994
406,AFDN,7.477659,4.4750056
407,AFDN-DT,8.347041,9.821473
408,AFF1,7.8816667,7.6846743
409,AFF2,8.572826,8.354472
410,AFF3,8.134091,7.775483
411,AFF4,7.762822,7.353618
412,AFG1L,8.824144,1.6802531
413,AFG2A,9.946404,4.1354456
414,AFG2B,10.794955,3.4788709
415,AFG3L2,8.52597,1.9617482
416,AFM,10.846603,9.456058
417,AFMID,10.304585,2.5258813
418,AFP,10.851993,9.443823
419,AFTPH,8.963931,8.564341
420,AGA,13.561874,4.127206
421,AGAP1,6.432242,2.4857838
422,AGAP11,8.68137,5.196094
423,AGAP2,7.704651,6.288254
424,AGAP3,6.5999527,3.3052034
425,AGAP4,9.196151,6.966189
426,AGAP5,9.146001,6.93301
427,AGAP6,9.220719,6.9731226
428,AGAP7P,9.199221,6.941161
429,AGAP9,9.181902,6.967114
430,AGBL1,10.541202,7.1909738
431,AGBL2,9.759185,6.7470384
432,AGBL3,10.20605,7.6835966
433,AGBL4,9.415408,3.0007713
434,AGBL5,8.921731,6.400708
435,AGER,12.520644,5.8238063
436,AGFG1,6.0988336,4.1237283
437,AGFG2,7.147326,6.1452622
438,AGGF1,8.617756,5.116677
439,AGK,10.091739,4.306598
440,AGL,10.604041,6.42758
441,AGMAT,10.051535,1.9827762
442,AGMO,12.043675,1.9351134
443,AGO1,9.450717,2.6422005
444,AGO2,9.45967,2.592732
445,AGO3,9.459738,2.6016529
446,AGO4,9.5035095,2.7720518
447,AGPAT1,11.117837,1.8075678
448,AGPAT2,10.6363535,1.7293005
449,AGPAT3,11.921357,2.2509458
450,AGPAT4,12.006193,2.2362823
451,AGPAT4-IT1,9.713638,14.142937
452,AGPAT5,11.937648,2.4690313
453,AGPS,9.947411,2.3139627
454,AGR2,8.747509,2.1813776
455,AGR3,8.996862,2.1688826
456,AGRN,12.672247,5.9564385
457,AGRP,12.213131,6.613276
458,AGT,11.984651,7.8357873
459,AGTPBP1,10.416235,7.0063677
460,AGTR1,14.021045,1.6282178
461,AGTR2,13.961868,1.7840011
462,AGTRAP,11.581899,1.3112546
463,AGXT,9.9911585,1.7299718
464,AGXT2,10.3261595,2.241582
465,AHCTF1,10.061182,10.513167
466,AHCY,9.045086,0.68603826
467,AHCYL1,9.880444,1.7492529
468,AHCYL2,9.905548,2.3913016
469,AHDC1,8.874208,9.669823
470,AHI1,10.631385,8.536235
471,AHI1-DT,9.915877,14.479392
472,AHNAK,7.877864,8.922288
473,AHNAK2,7.9129686,8.9514885
474,AHR,7.9822183,6.8250923
475,AHRR,8.5400305,7.9718685
476,AHSA1,8.703527,2.2098596
477,AHSA2P,9.541425,5.486676
478,AHSG,13.102484,6.4757957
479,AHSP,10.971127,11.209827
480,AICDA,10.119525,3.2193074
481,AIDA,9.914675,5.5156846
482,AIF1,7.8541656,2.3295836
483,AIF1L,7.720806,2.2442396
484,AIFM1,8.976686,2.3401868
485,AIFM2,10.19386,2.4032412
486,AIFM3,10.370106,2.6381965
487,AIG1,12.096773,1.4050975
488,AIM2,10.165161,6.365505
489,AIMP1,8.229863,2.572779
490,AIMP2,10.05722,5.3954844
491,AIP,8.992493,2.4268909
492,AIPL1,9.289058,3.0804794
493,AIRE,8.459161,6.448804
494,AIRIM,10.938052,11.186654
495,AJAP1,12.183781,7.0146747
496,AJM1,8.762393,8.681899
497,AJUBA,7.719093,6.4100113
498,AK1,8.763557,0.5113044
499,AK2,9.043344,0.90066457
500,AK3,9.108001,1.017537
501,AK4,8.666565,1.1735786
502,AK4P3,8.634343,1.2333695
503,AK5,10.115694,4.237279
504,AK6,8.926346,0.92463285
505,AK7,9.25889,3.1008587
506,AK8,10.326545,4.0733743
507,AK9,10.454382,7.2121925
508,AKAIN1,8.509296,5.3581357
509,AKAP1,8.949948,7.931223
510,AKAP10,9.347418,6.698216
511,AKAP11,9.817079,10.781746
512,AKAP12,8.485903,8.921155
513,AKAP13,9.265835,9.978406
514,AKAP14,10.612376,11.845301
515,AKAP17A,7.7025995,4.4387317
516,AKAP3,10.465829,10.722017
517,AKAP4,10.241701,10.679845
518,AKAP5,8.762965,8.094514
519,AKAP6,9.766397,10.664769
520,AKAP7,9.177199,4.69089
521,AKAP8,7.7427053,7.207668
522,AKAP8L,7.767078,7.1460586
523,AKAP9,10.025109,8.927719
524,AKIP1,7.9462533,4.4331803
525,AKIRIN1,6.7621093,3.233123
526,AKIRIN2,6.583941,3.0668638
527,AKNA,9.191489,9.986913
528,AKNAD1,9.718047,10.92872
529,AKR1A1,9.778004,1.0280182
530,AKR1B1,9.040019,0.51753867
531,AKR1B10,9.016766,0.42094463
532,AKR1B15,9.305759,0.50481826
533,AKR1C1,9.312901,0.42361686
534,AKR1C2,9.323413,0.39768702
535,AKR1C3,9.380591,0.35565573
536,AKR1C4,9.424738,0.3980317
537,AKR1C8,9.355436,0.80715287
538,AKR1D1,9.482693,0.5876442
539,AKR1E2,9.561375,1.138246
540,AKR7A2,9.8912735,1.3750324
541,AKR7A3,9.86845,1.3060275
542,AKR7L,9.890856,1.3758414
543,AKT1,7.7348585,0.786524
544,AKT1S1,10.047403,10.328904
545,AKT2,7.8145857,0.97225165
546,AKT3,7.8291187,1.017717
547,AKTIP,9.619817,4.9946275
548,ALAD,9.554287,0.97761697
549,ALAS1,9.831516,2.7359023
550,ALAS2,9.917276,2.498015
551,ALB,10.81649,9.223266
552,ALCAM,13.552529,6.5915055
553,ALDH16A1,11.177724,5.4700484
554,ALDH18A1,10.213704,2.1840603
555,ALDH1A1,9.413937,0.5495403
556,ALDH1A2,9.445817,0.5246288
557,ALDH1A3,9.505819,0.5577137
558,ALDH1B1,9.444719,0.5280259
559,ALDH1L1,10.062249,1.5121032
560,ALDH1L2,10.09789,1.6969625
561,ALDH2,9.430072,0.50934166
562,ALDH3A1,9.665868,0.9894581
563,ALDH3A2,9.694345,1.2862306
564,ALDH3B1,9.194867,0.99305606
565,ALDH3B2,9.595835,1.194065
566,ALDH4A1,9.585213,0.89908373
567,ALDH5A1,9.459305,1.001021
568,ALDH6A1,9.569032,0.7741664
569,ALDH7A1,9.544491,0.7581934
570,ALDH8A1,9.622533,0.7419494
571,ALDH9A1,9.585034,0.69032925
572,ALDOA,8.423432,0.55672276
573,ALDOB,9.102376,0.8348211
574,ALDOC,8.775654,0.56604964
575,ALG1,10.198942,2.4390786
576,ALG10,12.529656,2.291666
577,ALG10B,12.610287,2.3196368
578,ALG11,10.122358,2.191459
579,ALG12,12.365521,1.3919462
580,ALG13,8.754028,7.861652
581,ALG14,11.804042,0.91524297
582,ALG1L2,14.523601,9.283175
583,ALG2,10.271838,1.9694011
584,ALG3,12.217526,1.4246148
585,ALG5,9.572024,1.4733444
586,ALG6,12.2073345,1.9343483
587,ALG8,12.123833,1.8976008
588,ALG9,12.055899,1.8844516
589,ALK,12.760072,6.4253454
590,ALKAL1,9.759215,12.123474
591,ALKAL2,9.949946,9.629831
592,ALKBH1,10.266783,4.157838
593,ALKBH2,9.540917,2.060367
594,ALKBH3,9.4917755,3.1249576
595,ALKBH4,10.756126,4.5320477
596,ALKBH5,9.214173,4.7243667
597,ALKBH6,10.741651,3.0425522
598,ALKBH7,10.695798,3.1724331
599,ALKBH8,9.628044,3.3343446
600,ALLC,10.551342,4.03022
601,ALMS1,8.525801,10.074038
602,ALOX12,10.990373,4.513194
603,ALOX12B,10.99727,4.483919
604,ALOX15,10.985958,4.51448
605,ALOX15B,11.022146,4.5159135
606,ALOX5,10.954243,4.420294
607,ALOX5AP,12.412068,1.4930307
608,ALOXE3,11.026704,4.493001
609,ALPG,13.187108,3.9187827
610,ALPI,13.147953,3.870872
611,ALPK1,10.571886,10.192355
612,ALPK2,9.572351,10.90468
613,ALPK3,8.426543,8.060049
614,ALPL,13.517607,3.9242916
615,ALPP,13.207602,3.96491
616,ALS2,10.217299,6.5948963
617,ALS2CL,11.357866,7.240538
618,ALX1,7.2281537,5.934899
619,ALX3,7.105801,6.2905445
620,ALX4,5.7329965,4.863894
621,ALYREF,6.1635036,2.9516888
622,AMACR,9.784679,0.94550997
623,AMBN,8.763218,9.867723
624,AMBP,13.629827,5.6571074
625,AMBRA1,8.80744,8.838951
626,AMD1,9.600555,2.730382
627,AMDHD1,9.726177,1.000322
628,AMDHD2,9.649919,1.4489806
629,AMELX,8.7154875,9.77189
630,AMELY,8.741937,9.785808
631,AMER1,8.925879,9.254252
632,AMER2,7.2497306,5.4426246
633,AMER3,9.290395,10.26546
634,AMFR,11.794289,1.823995
635,AMH,11.56566,7.728587
636,AMHR2,11.781446,6.5260725
637,AMIGO1,12.912272,6.164731
638,AMIGO2,13.216141,7.149355
639,AMIGO3,12.13087,6.1423216
640,AMMECR1,7.5618343,3.6637115
641,AMMECR1L,8.538272,4.003472
642,AMN,12.046239,4.9385433
643,AMN1,10.761939,5.98775
644,AMOT,7.1833186,5.9133434
645,AMOTL1,7.6285934,6.001734
646,AMOTL2,7.367619,5.3267713
647,AMPD1,10.755874,4.2066383
648,AMPD2,10.4439335,3.9425426
649,AMPD3,10.693232,3.9359548
650,AMPH,6.4814553,2.9621258
651,AMT,9.484982,1.2696385
652,AMTN,8.749232,9.8127
653,AMY1A,4.1820126,-0.2971175
654,AMY1B,4.181852,-0.29730856
655,AMY1C,4.1818037,-0.2971956
656,AMY2A,4.1778135,-0.2984878
657,AMY2B,4.1758814,-0.29935622
658,AMZ1,11.420602,7.803735
659,AMZ2,10.480246,5.838629
660,ANAPC1,10.77741,7.9380126
661,ANAPC10,7.8617277,0.87655044
662,ANAPC11,7.4643087,0.47189963
663,ANAPC13,10.230206,12.046054
664,ANAPC15,6.316644,2.6998873
665,ANAPC16,10.158046,11.591418
666,ANAPC2,10.796523,6.3616757
667,ANAPC4,11.032825,9.164008
668,ANAPC5,11.073497,9.368844
669,ANAPC7,10.868773,7.2244124
670,ANG,14.386238,5.1459923
671,ANGEL1,9.962896,7.308658
672,ANGEL2,9.807645,5.268055
673,ANGPT1,13.531143,5.1425953
674,ANGPT2,13.5585985,5.174587
675,ANGPT4,12.751349,5.9898705
676,ANGPTL1,13.636531,6.393244
677,ANGPTL2,13.593179,6.3112884
678,ANGPTL3,13.597187,5.2042437
679,ANGPTL4,12.24409,5.4493923
680,ANGPTL5,13.300366,7.5652385
681,ANGPTL6,12.131186,6.0449963
682,ANGPTL7,13.762943,6.1680694
683,ANGPTL8,11.773578,5.2702646
684,ANHX,8.504157,6.2823257
685,ANK1,9.148655,4.7892895
686,ANK2,6.810068,2.6117442
687,ANK3,6.921577,2.7005403
688,ANKAR,11.02375,9.730683
689,ANKDD1A,10.818166,5.779238
690,ANKDD1B,10.773323,6.0557404
691,ANKEF1,10.887525,8.590041
692,ANKFN1,10.570488,10.427606
693,ANKFY1,10.947368,6.461746
694,ANKH,13.77115,2.6359699
695,ANKHD1,7.534145,5.3600955
696,ANKIB1,10.276689,7.6276035
697,ANKK1,10.887548,6.071153
698,ANKLE1,11.085665,6.247764
699,ANKLE2,8.967762,6.66071
700,ANKMY1,10.920628,7.9598904
701,ANKMY2,10.645115,7.8560205
702,ANKRA2,10.224667,7.983717
703,ANKRD1,9.448882,5.1858845
704,ANKRD10,8.317178,7.2626557
705,ANKRD11,8.7110195,9.208782
706,ANKRD12,9.180357,9.623399
707,ANKRD13A,9.222306,3.779633
708,ANKRD13B,8.140001,3.609783
709,ANKRD13C,9.11826,4.260157
710,ANKRD13C-DT,9.429576,13.405089
711,ANKRD13D,8.167814,3.4357328
712,ANKRD16,10.456885,3.2132945
713,ANKRD17,7.1405897,4.94145
714,ANKRD18A,10.061889,8.845892
715,ANKRD18B,10.026807,8.839894
716,ANKRD19P,10.4029255,4.755582
717,ANKRD2,9.442297,5.171945
718,ANKRD20A1,9.951637,8.802376
719,ANKRD20A12P,10.313163,9.866676
720,ANKRD20A2P,9.936678,8.765069
721,ANKRD20A3P,9.975752,8.78108
722,ANKRD20A4P,9.943682,8.793125
723,ANKRD20A5P,10.275318,4.449484
724,ANKRD20A8P,9.960433,8.799014
725,ANKRD22,10.970396,6.2790475
726,ANKRD23,10.282547,5.484607
727,ANKRD24,8.663065,5.380646
728,ANKRD26,9.909322,8.723462
729,ANKRD26P1,9.466305,8.077874
730,ANKRD27,10.593139,7.5102944
731,ANKRD28,10.987068,6.4358573
732,ANKRD29,10.964019,6.2942977
733,ANKRD30A,8.624444,9.321126
734,ANKRD30B,8.575043,9.428835
735,ANKRD30BL,9.400882,8.091916
736,ANKRD31,9.760335,10.642481
737,ANKRD33,10.445389,8.777876
738,ANKRD33B,8.983147,7.214584
739,ANKRD34A,7.7147775,6.4852796
740,ANKRD34B,8.577617,6.9760666
741,ANKRD34C,7.6900115,6.121581
742,ANKRD35,9.690065,8.570343
743,ANKRD36,8.560115,9.426911
744,ANKRD36B,8.670264,9.301368
745,ANKRD36BP1,10.376248,9.764543
746,ANKRD36C,8.645611,9.327625
747,ANKRD37,10.071915,4.056637
748,ANKRD39,9.848249,2.2358112
749,ANKRD40,7.8913083,4.62857
750,ANKRD40CL,9.339974,3.4835014
751,ANKRD42,10.96795,6.6601486
752,ANKRD44,11.0171995,6.4491916
753,ANKRD45,10.20335,6.2702084
754,ANKRD46,10.922156,8.910093
755,ANKRD49,10.6652775,6.0097947
756,ANKRD50,10.684252,7.036815
757,ANKRD52,10.998768,6.4230547
758,ANKRD53,10.483963,9.110152
759,ANKRD54,8.215215,4.257884
760,ANKRD55,10.17206,8.017616
761,ANKRD6,7.540249,4.110042
762,ANKRD60,9.724712,6.8018155
763,ANKRD61,11.000788,6.904982
764,ANKRD62,10.028716,8.837312
765,ANKRD63,8.293128,6.581551
766,ANKRD65,11.80135,5.7799363
767,ANKRD66,9.651598,5.122634
768,ANKRD7,10.302743,5.2112207
769,ANKRD9,11.4213,7.464578
770,ANKS1A,7.3532495,4.2584634
771,ANKS1B,8.59082,5.575457
772,ANKS3,9.590449,6.9866104
773,ANKS4B,8.658335,5.0687447
774,ANKS6,8.823858,6.9123363
775,ANKUB1,10.935866,9.684765
776,ANKZF1,8.907215,5.540438
777,ANLN,8.3773,5.8683405
778,ANO1,11.500958,2.3615296
779,ANO10,12.27052,2.8409612
780,ANO2,11.633363,2.4496014
781,ANO3,12.274026,2.8393598
782,ANO4,12.269712,2.7725205
783,ANO5,12.242617,2.834464
784,ANO6,12.236084,2.8445156
785,ANO7,12.258886,2.7200127
786,ANO8,8.302706,6.1772285
787,ANO9,12.293357,2.4405847
788,ANOS1,13.057873,6.3750024
789,ANP32A,6.5762124,1.2323047
790,ANP32B,6.570773,1.2712215
791,ANP32CP,6.559525,-0.50833225
792,ANP32D,6.547139,-0.56017727
793,ANP32E,6.5888467,1.2001221
794,ANPEP,13.709722,3.87436
795,ANTKMT,10.683346,3.1454806
796,ANTXR1,12.770317,4.7886214
797,ANTXR2,13.13461,4.972292
798,ANTXRL,12.964153,7.1390285
799,ANXA1,9.552812,-0.37291887
800,ANXA10,10.676354,4.8542233
801,ANXA11,6.912248,3.9189708
802,ANXA13,9.554629,-0.37387717
803,ANXA2,9.518794,-0.3173978
804,ANXA2P2,9.551944,-0.3679659
805,ANXA2R,9.627131,12.078244
806,ANXA3,9.551173,-0.37340832
807,ANXA4,9.534476,-0.34643343
808,ANXA5,9.553154,-0.37377957
809,ANXA6,9.552533,-0.3805995
810,ANXA7,6.920197,3.9429164
811,ANXA8,9.551759,-0.35995927
812,ANXA8L1,9.561783,-0.37064144
813,ANXA9,10.010655,3.3962464
814,AOAH,13.646821,5.385498
815,AOC1,12.75915,4.8608046
816,AOC2,12.741267,5.0271873
817,AOC3,12.72959,5.0151677
818,AOPEP,9.97276,3.9572136
819,AOX1,10.386266,2.4981863
820,AP1AR,8.770213,8.0332365
821,AP1B1,8.132756,2.1722915
822,AP1G1,8.315715,2.244069
823,AP1G2,9.6218405,3.644971
824,AP1M1,7.798865,1.0399281
825,AP1M2,7.979777,1.2992376
826,AP1S1,7.3986554,0.47091097
827,AP1S2,7.382512,0.42472494
828,AP1S3,7.620507,0.68087745
829,AP2A1,8.042844,2.3451736
830,AP2A2,8.030328,2.0082471
831,AP2B1,8.222924,2.2523847
832,AP2M1,9.319036,2.689636
833,AP2S1,7.012642,0.5162562
834,AP3B1,7.8036857,2.4909017
835,AP3B2,7.227168,2.2264886
836,AP3D1,7.912985,2.5702317
837,AP3M1,8.852364,2.291931
838,AP3M2,8.795413,2.2784944
839,AP3S1,6.9023266,0.6406254
840,AP3S2,7.135499,0.74241775
841,AP4B1,10.6199255,6.274893
842,AP4E1,10.030137,5.5467553
843,AP4M1,10.226884,5.008056
844,AP4S1,7.9689264,0.7875391
845,AP5B1,11.477627,7.7381077
846,AP5M1,10.95251,9.943123
847,AP5S1,10.64472,4.593852
848,AP5Z1,11.44693,8.16552
849,APAF1,11.034409,6.8040967
850,APBA1,7.200065,4.416832
851,APBA2,7.5966525,4.46332
852,APBA3,8.562392,6.077568
853,APBB1,8.642709,6.4475436
854,APBB1IP,7.1627955,4.4284477
855,APBB2,8.290679,5.093887
856,APBB3,9.142991,5.024981
857,APC,8.551053,8.121815
858,APC2,8.396938,7.910872
859,APCDD1,12.532766,8.199333
860,APCDD1L,11.972803,8.0743265
861,APCS,13.6946945,4.8628573
862,APEH,10.342043,3.9633074
863,APELA,10.094958,9.851888
864,APEX1,9.727043,1.3809012
865,APEX2,10.1926365,4.0881124
866,APH1A,11.883504,1.309735
867,APH1B,12.042091,1.7363238
868,API5,9.397005,4.417894
869,APIP,9.3431225,1.1145011
870,APLF,9.177907,7.8681865
871,APLN,10.012532,10.14462
872,APLNR,13.791686,1.5981344
873,APLP1,8.676517,6.044019
874,APLP2,7.376905,3.9393058
875,APMAP,13.489572,4.2287827
876,APOA1,8.5323305,4.6628866
877,APOA2,8.432013,3.909492
878,APOA4,8.576266,4.892312
879,APOA5,11.599074,7.183133
880,APOB,11.001524,9.371913
881,APOBEC1,11.940126,8.290229
882,APOBEC2,9.723867,3.666285
883,APOBEC3A,11.013103,5.086072
884,APOBEC3B,11.079627,5.203531
885,APOBEC3C,11.0427475,5.1805806
886,APOBEC3D,11.118468,5.155256
887,APOBEC3F,11.115904,5.163339
888,APOBEC3G,11.103384,5.1465874
889,APOBEC3H,11.048335,5.19352
890,APOBEC4,10.7449045,8.239678
891,APOBR,9.076637,10.131513
892,APOC1,8.452458,4.0091147
893,APOC2,8.358033,3.9031003
894,APOC3,8.321727,3.8733726
895,APOC4,12.085104,5.2804804
896,APOD,13.809507,4.0454335
897,APOE,8.620843,5.0101213
898,APOF,11.849556,8.190083
899,APOH,13.60765,7.182098
900,APOL1,16.149696,7.178508
901,APOL2,16.249542,7.2274313
902,APOL3,16.14132,7.1538205
903,APOL4,16.170664,7.164584
904,APOL5,10.066029,9.265424
905,APOL6,16.150301,7.1351905
906,APOLD1,11.470828,7.7723722
907,APOM,13.399262,7.0240273
908,APOO,8.640858,3.9441144
909,APOOL,8.720569,4.437777
910,APP,7.4900684,4.0713325
911,APPBP2,10.892561,7.1452227
912,APPL1,9.695138,5.1660676
913,APPL2,9.943084,5.46607
914,APRG1,9.318618,13.92186
915,APRT,8.830438,1.0998437
916,APTX,9.25138,2.6080198
917,AQP1,12.02749,1.2235993
918,AQP10,12.401887,1.334073
919,AQP11,12.992015,2.0934684
920,AQP12A,13.252959,1.9250791
921,AQP12B,13.289939,1.9093252
922,AQP2,12.006252,1.1496552
923,AQP3,12.188775,1.3606632
924,AQP4,12.28479,1.9168819
925,AQP5,12.015094,1.0870266
926,AQP5-AS1,8.884909,13.912956
927,AQP6,12.355535,1.6326976
928,AQP7,12.333675,2.0707052
929,AQP7B,12.730722,2.9572728
930,AQP8,12.329479,1.2842873
931,AQP9,12.21645,1.5549313
932,AQR,10.352963,5.899122
933,AR,7.232296,6.2825184
934,ARAF,9.003715,4.2312436
935,ARAP1,9.740333,5.126128
936,ARAP2,10.002557,6.7384224
937,ARAP3,9.202536,6.1234546
938,ARB2A,9.335952,3.4418051
939,ARB2BP,10.526208,6.7820783
940,ARC,10.505712,9.858249
941,ARCN1,8.407283,2.25805
942,AREG,12.942649,6.5773935
943,AREL1,10.884162,7.7301035
944,ARF1,6.583316,-0.07342309
945,ARF3,6.5879974,-0.071956255
946,ARF4,6.890035,0.23457146
947,ARF5,6.88545,0.16183777
948,ARF6,7.144783,0.3292478
949,ARFGAP1,7.0356984,3.365615
950,ARFGAP2,6.8264337,3.3901913
951,ARFGAP3,7.044607,3.5680914
952,ARFGEF1,9.314087,4.2818575
953,ARFGEF2,9.348594,4.298117
954,ARFGEF3,10.996983,9.348152
955,ARFIP1,7.556864,2.8639548
956,ARFIP2,7.6311965,2.970112
957,ARFRP1,7.368595,0.41316605
958,ARG1,9.972988,1.7692573
959,ARG2,10.137329,2.1281831
960,ARGFX,9.697207,9.917178
961,ARGLU1,6.4978976,2.3421583
962,ARHGAP1,9.468668,2.9531927
963,ARHGAP10,8.112419,3.2189827
964,ARHGAP11A,9.382116,9.358943
965,ARHGAP11B,10.303703,6.043239
966,ARHGAP12,8.181272,4.3500347
967,ARHGAP15,8.693354,4.306797
968,ARHGAP17,6.9861197,4.7640033
969,ARHGAP18,9.034347,5.197957
970,ARHGAP19,9.729673,6.2742534
971,ARHGAP20,9.187015,7.940913
972,ARHGAP21,8.790591,8.208329
973,ARHGAP22,8.303731,4.5232143
974,ARHGAP23,7.621246,6.406275
975,ARHGAP24,8.512233,4.7648373
976,ARHGAP25,8.848889,5.0512667
977,ARHGAP26,7.9722033,3.2100735
978,ARHGAP27,7.9593396,5.895304
979,ARHGAP28,9.696184,6.6347136
980,ARHGAP29,9.3551035,7.0055914
981,ARHGAP30,8.295053,7.8807654
982,ARHGAP31,9.025839,9.096372
983,ARHGAP32,8.563304,8.271595
984,ARHGAP33,8.204268,7.2178946
985,ARHGAP35,10.917476,9.064686
986,ARHGAP36,10.568162,7.7176538
987,ARHGAP39,8.167381,6.489618
988,ARHGAP4,9.194475,5.330632
989,ARHGAP40,9.17351,6.4705677
990,ARHGAP42,7.4995713,2.913329
991,ARHGAP44,6.4406652,3.3428488
992,ARHGAP45,7.9426174,4.831548
993,ARHGAP5,10.958787,9.063957
994,ARHGAP5-AS1,8.925715,13.902327
995,ARHGAP6,8.195832,6.461051
996,ARHGAP8,9.315116,3.9125965
997,ARHGAP9,8.646938,6.3330374
998,ARHGDIA,7.9028273,2.1235406
999,ARHGDIB,8.273635,2.1975846
1000,ARHGDIG,11.141539,5.0522013
1001,ARHGEF1,8.808694,5.356656
1002,ARHGEF10,9.337699,6.247209
1003,ARHGEF10L,9.195531,5.895937
1004,ARHGEF11,8.613992,6.7089424
1005,ARHGEF12,8.875029,6.6463704
1006,ARHGEF15,9.195465,7.1520953
1007,ARHGEF16,8.960023,5.501687
1008,ARHGEF17,8.6142845,7.8768773
1009,ARHGEF18,8.602843,6.115346
1010,ARHGEF19,8.894375,6.398588
1011,ARHGEF2,8.785151,5.2023973
1012,ARHGEF25,8.315864,5.670172
1013,ARHGEF26,8.156003,4.8705606
1014,ARHGEF28,9.464729,7.042555
1015,ARHGEF3,8.807598,3.8731213
1016,ARHGEF33,9.732287,10.353212
1017,ARHGEF35,9.57842,11.324713
1018,ARHGEF37,11.184782,6.688624
1019,ARHGEF38,9.653039,4.727313
1020,ARHGEF39,10.945465,4.974553
1021,ARHGEF4,8.630273,4.220394
1022,ARHGEF40,9.659949,9.244662
1023,ARHGEF5,9.133552,9.351924
1024,ARHGEF6,8.608311,3.6643472
1025,ARHGEF7,8.497227,3.6273003
1026,ARHGEF9,7.89757,1.5237441
1027,ARID1A,6.4994416,5.490238
1028,ARID1B,6.567211,5.6561103
1029,ARID2,7.5462637,7.4301944
1030,ARID3A,5.679013,4.510179
1031,ARID3B,7.199543,6.0442533
1032,ARID3C,7.6028957,6.05836
1033,ARID4A,8.774743,6.420487
1034,ARID4B,8.816971,7.9719234
1035,ARID5A,8.156645,7.8204784
1036,ARID5B,8.9036455,8.462427
1037,ARIH1,9.31646,3.45362
1038,ARIH2,9.368309,3.17036
1039,ARIH2OS,9.8299885,14.375016
1040,ARK2C,7.9195867,7.447991
1041,ARK2N,9.795601,10.757022
1042,ARL1,8.419249,0.8349009
1043,ARL10,11.0508995,5.8251553
1044,ARL11,11.036833,5.7422523
1045,ARL13A,10.393787,6.6598706
1046,ARL13B,9.081499,5.3276887
1047,ARL14,10.615089,4.6734815
1048,ARL14EP,10.5602665,8.446824
1049,ARL14EPL,10.558835,8.315803
1050,ARL15,8.177977,1.259851
1051,ARL16,8.906886,1.7107272
1052,ARL17A,10.04939,9.4491625
1053,ARL17B,10.063687,9.455509
1054,ARL2,7.7232137,0.86094695
1055,ARL2BP,10.862927,11.129475
1056,ARL3,7.309931,0.34510317
1057,ARL4A,7.9524093,0.8628798
1058,ARL4C,7.7491217,0.7456002
1059,ARL4D,8.2784195,1.5111347
1060,ARL5A,7.3331804,0.44171643
1061,ARL5B,7.3799496,0.49467307
1062,ARL5C,6.570425,-0.5160941
1063,ARL6,7.9187546,0.9588781
1064,ARL6IP1,12.242103,2.0617478
1065,ARL6IP4,6.5860105,3.0162404
1066,ARL6IP5,11.554562,1.1496664
1067,ARL6IP6,9.154245,7.0575476
1068,ARL8A,7.337574,0.34140357
1069,ARL8B,7.402143,0.38085854
1070,ARL9,8.368317,1.5656614
1071,ARMC1,8.261642,2.877504
1072,ARMC10,10.002204,3.4918275
1073,ARMC12,10.857003,7.1451287
1074,ARMC2,10.764069,7.781499
1075,ARMC3,10.29806,6.401066
1076,ARMC5,11.444931,7.55147
1077,ARMC6,10.480416,5.425707
1078,ARMC7,9.389572,2.223163
1079,ARMC8,10.236372,4.625117
1080,ARMC9,9.813788,6.3631835
1081,ARMCX1,9.883414,6.7387686
1082,ARMCX2,8.488397,8.675712
1083,ARMCX3,10.145289,6.375825
1084,ARMCX4,8.547613,10.1399555
1085,ARMCX5,9.94142,10.472985
1086,ARMCX6,10.114685,11.581059
1087,ARMH1,10.785553,7.118182
1088,ARMH2,11.122488,9.458757
1089,ARMH3,9.564364,4.2446775
1090,ARMH4,8.717962,10.174958
1091,ARMS2,9.480688,14.014736
1092,ARMT1,10.540985,4.0176377
1093,ARNT,6.942835,5.4149675
1094,ARNT2,6.8944607,4.7013454
1095,ARPC1A,9.126345,2.9388049
1096,ARPC1B,9.204227,2.998293
1097,ARPC2,10.715165,11.875059
1098,ARPC3,10.5035,12.100981
1099,ARPC4,10.488287,12.118222
1100,ARPC5,7.9176445,1.864539
1101,ARPC5L,7.843008,1.8039738
1102,ARPIN,10.691548,11.700781
1103,ARPP19,6.593193,2.4541562
1104,ARPP21,6.207862,4.433434
1105,ARR3,9.550444,3.2584732
1106,ARRB1,7.748095,1.2818294
1107,ARRB2,7.6622753,1.2405465
1108,ARRDC1,9.313811,5.821825
1109,ARRDC1-AS1,10.148842,13.866579
1110,ARRDC2,10.823771,3.998757
1111,ARRDC3,9.260212,3.31302
1112,ARRDC4,9.558141,4.04646
1113,ARRDC5,10.987515,7.715753
1114,ARSA,13.1727495,4.2218404
1115,ARSB,13.240698,4.145739
1116,ARSD,13.243274,4.191515
1117,ARSF,13.337961,4.177977
1118,ARSG,13.268106,4.171693
1119,ARSH,13.328435,4.143032
1120,ARSI,13.251981,4.2346067
1121,ARSJ,13.478608,4.282166
1122,ARSK,12.929737,7.2519803
1123,ARSL,13.289072,4.2068553
1124,ART1,12.322739,5.363358
1125,ART3,13.303532,6.779052
1126,ART4,13.339708,6.944821
1127,ART5,12.439828,5.2147927
1128,ARTN,8.35453,6.593771
1129,ARV1,12.695537,2.598954
1130,ARVCF,8.054899,6.120918
1131,ARX,5.345623,4.3880286
1132,AS3MT,9.704899,2.4693556
1133,ASAH1,13.394292,4.215821
1134,ASAH2,13.722777,4.460826
1135,ASAH2B,10.690559,6.9523053
1136,ASAP1,7.143876,3.6039476
1137,ASAP2,7.37759,3.0544975
1138,ASAP3,8.991574,5.3588853
1139,ASB1,10.722679,5.599363
1140,ASB10,11.082127,5.547999
1141,ASB11,10.618174,5.4425287
1142,ASB12,10.727922,5.567736
1143,ASB13,9.827279,2.0905132
1144,ASB14,10.816336,6.337155
1145,ASB15,10.845695,6.2561173
1146,ASB16,11.094975,5.350197
1147,ASB16-AS1,10.056935,14.7765045
1148,ASB17,11.082981,9.466586
1149,ASB18,10.899445,4.245378
1150,ASB2,10.73347,5.9044623
1151,ASB3,10.9718485,6.392438
1152,ASB4,10.776229,5.9875093
1153,ASB5,10.494182,5.1147003
1154,ASB6,11.091009,7.780449
1155,ASB7,10.969257,6.541598
1156,ASB8,11.002302,6.47321
1157,ASB9,10.625082,5.3245993
1158,ASCC1,9.659478,5.1853533
1159,ASCC2,9.551086,4.833256
1160,ASCC3,9.988019,3.8659396
1161,ASCL1,5.5437765,4.195431
1162,ASCL2,6.787229,5.539278
1163,ASCL3,8.961484,7.477719
1164,ASCL4,7.320417,5.3954573
1165,ASCL5,8.137076,7.257198
1166,ASDURF,8.46343,3.920955
1167,ASF1A,7.7208986,2.8205483
1168,ASF1B,7.8647056,2.9821649
1169,ASGR1,12.916779,5.1269383
1170,ASGR2,12.958191,5.126459
1171,ASH1L,9.300364,10.102008
1172,ASH2L,9.606619,6.3337426
1173,ASIC1,11.297557,2.4742122
1174,ASIC2,11.28801,2.3033078
1175,ASIC3,12.308797,4.822329
1176,ASIC4,12.180978,4.877319
1177,ASIC5,12.837543,7.3877625
1178,ASIP,12.963258,6.1111927
1179,ASL,9.420029,0.91133255
1180,ASMT,10.159328,2.3714793
1181,ASMTL,9.933059,2.3958027
1182,ASNS,10.21734,1.8062432
1183,ASNSD1,10.2770405,4.1394324
1184,ASPA,10.301122,2.8142588
1185,ASPDH,10.567812,3.0719824
1186,ASPG,10.635603,3.161191
1187,ASPH,7.0356894,2.8196797
1188,ASPHD1,11.409794,7.058128
1189,ASPHD2,10.875224,7.0562325
1190,ASPM,10.000866,6.8829145
1191,ASPN,13.429246,5.5118012
1192,ASPRV1,10.741366,8.938761
1193,ASPSCR1,8.157249,4.50317
1194,ASRGL1,9.978786,1.2833347
1195,ASS1,9.326844,0.8553327
1196,ASTE1,10.220762,5.5566454
1197,ASTL,12.224278,7.036175
1198,ASTN1,10.609703,11.073207
1199,ASTN2,10.646767,10.485384
1200,ASXL1,8.916866,9.053583
1201,ASXL2,7.9413524,7.7017756
1202,ASXL3,9.211189,9.88573
1203,ASZ1,10.194713,6.2310677
1204,ATAD1,8.301146,1.1632969
1205,ATAD2,8.935267,5.0414696
1206,ATAD2B,8.986165,5.4292884
1207,ATAD3A,7.8711824,2.9651213
1208,ATAD3B,7.973496,3.266333
1209,ATAD3C,8.058315,2.953727
1210,ATAD5,9.539329,9.298956
1211,ATAT1,8.697208,6.6839013
1212,ATCAY,7.4624166,3.5105402
1213,ATE1,9.205677,3.3717299
1214,ATF1,5.9157805,3.4649296
1215,ATF2,6.2453713,4.4590354
1216,ATF3,7.501403,2.7900465
1217,ATF4,7.842792,6.459655
1218,ATF5,7.629391,6.4465966
1219,ATF6,7.9918633,6.5024123
1220,ATF6B,8.2893,7.449792
1221,ATF7,5.760524,3.8552098
1222,ATF7IP,7.426369,7.4716353
1223,ATF7IP2,9.467941,9.738318
1224,ATG10,10.027482,5.8991494
1225,ATG101,10.641902,11.952194
1226,ATG12,7.0977006,2.9123166
1227,ATG13,10.179488,11.735994
1228,ATG14,10.862855,8.487737
1229,ATG16L1,8.488858,3.0669992
1230,ATG16L2,10.596442,5.4423366
1231,ATG2A,9.194344,6.5422287
1232,ATG2B,9.653546,6.774089
1233,ATG3,9.368847,4.503106
1234,ATG4A,9.697138,3.547231
1235,ATG4B,9.78118,3.2603133
1236,ATG4C,9.694196,4.3677754
1237,ATG4D,9.307328,3.9507244
1238,ATG5,8.764449,2.1675994
1239,ATG7,9.820311,3.557593
1240,ATG9A,12.67722,2.4002292
1241,ATG9B,11.355844,6.396254
1242,ATIC,9.123451,1.030542
1243,ATL1,9.051791,2.7434797
1244,ATL2,9.081323,2.7036426
1245,ATL3,8.981408,2.7621505
1246,ATM,11.02118,10.476237
1247,ATMIN,9.113755,9.403103
1248,ATN1,7.204853,7.1374063
1249,ATOH1,6.9066954,5.8971887
1250,ATOH7,6.095384,5.1241097
1251,ATOH8,7.408651,6.1282134
1252,ATOSA,9.648099,9.681581
1253,ATOSB,8.608859,7.688723
1254,ATOX1,9.018232,0.89574
1255,ATP10A,12.415514,3.059848
1256,ATP10B,12.367391,3.0324333
1257,ATP10D,12.002961,2.7532406
1258,ATP11A,11.665161,2.1826417
1259,ATP11AUN,9.703197,14.106067
1260,ATP11B,11.640761,2.1653736
1261,ATP11C,11.677184,2.177513
1262,ATP12A,11.27847,1.7337121
1263,ATP13A1,11.806592,2.4081295
1264,ATP13A2,11.2252655,4.2540393
1265,ATP13A3,11.430596,2.1006947
1266,ATP13A4,12.339176,2.7394497
1267,ATP13A5,12.442322,2.834819
1268,ATP1A1,8.002648,0.6847096
1269,ATP1A1-AS1,9.43976,13.264057
1270,ATP1A2,8.02063,0.62295705
1271,ATP1A3,7.9368157,0.6375384
1272,ATP1A4,8.176994,0.7054645
1273,ATP1B1,13.568906,4.554389
1274,ATP1B2,13.496755,4.5848217
1275,ATP1B3,13.527274,4.496507
1276,ATP1B4,13.583487,5.9590535
1277,ATP23,9.178577,2.4471395
1278,ATP2A1,8.074176,0.6162814
1279,ATP2A2,8.049831,0.610546
1280,ATP2A3,8.172258,0.6601063
1281,ATP2B1,10.880035,1.3913538
1282,ATP2B2,10.945463,1.3638955
1283,ATP2B3,10.916205,1.435641
1284,ATP2B4,11.010641,1.4931277
1285,ATP2C1,11.027535,1.2499655
1286,ATP2C2,11.207229,1.6376877
1287,ATP4A,11.216568,1.7073667
1288,ATP4B,13.473264,4.793411
1289,ATP5F1A,8.550959,0.44279212
1290,ATP5F1B,6.9432254,0.3089634
1291,ATP5F1C,8.831346,0.75607145
1292,ATP5F1D,8.217943,1.7080588
1293,ATP5F1E,10.317981,12.249757
1294,ATP5F1EP2,10.260621,12.346397
1295,ATP5IF1,7.5378456,2.68886
1296,ATP5MC1,6.738207,0.51627594
1297,ATP5MC2,6.6632195,0.23715468
1298,ATP5MC3,6.7715335,0.41450563
1299,ATP5ME,7.8747015,0.84915096
1300,ATP5MF,10.400959,1.2172035
1301,ATP5MG,10.621971,0.9322107
1302,ATP5MGL,10.713461,1.3537022
1303,ATP5MJ,10.492426,1.09271
1304,ATP5MK,10.49034,1.0818723
1305,ATP5PB,8.780118,2.9519804
1306,ATP5PD,8.282696,2.6306362
1307,ATP5PF,7.019254,2.6420202
1308,ATP5PO,8.565441,1.7765436
1309,ATP6AP1,12.786108,4.928785
1310,ATP6AP1L,13.336566,6.9960933
1311,ATP6AP2,12.967643,4.667082
1312,ATP6V0A1,11.3452,1.2552621
1313,ATP6V0A2,12.005134,2.1165845
1314,ATP6V0A4,11.455104,1.5718367
1315,ATP6V0B,11.297108,0.81253266
1316,ATP6V0C,6.795575,0.23829003
1317,ATP6V0D1,8.659303,2.3570616
1318,ATP6V0D2,8.921749,2.6745036
1319,ATP6V0E1,11.584692,1.3215495
1320,ATP6V0E2,11.697293,1.414998
1321,ATP6V1A,8.915656,0.9696416
1322,ATP6V1B1,8.449813,0.82641745
1323,ATP6V1B2,7.971473,0.9182654
1324,ATP6V1C1,10.516156,12.076112
1325,ATP6V1C2,10.745826,11.47416
1326,ATP6V1D,7.5402946,2.091182
1327,ATP6V1E1,6.911389,0.8094617
1328,ATP6V1E2,8.566291,2.9084272
1329,ATP6V1F,7.789387,0.7266387
1330,ATP6V1G1,6.4157047,0.50687355
1331,ATP6V1G2,7.5589404,2.8805962
1332,ATP6V1G3,7.977772,2.2529113
1333,ATP6V1H,9.8040085,4.5227203
1334,ATP7A,11.057977,1.9690295
1335,ATP7B,10.876965,2.2397497
1336,ATP8A1,11.396646,1.8188215
1337,ATP8A2,11.393508,1.9261905
1338,ATP8B1,11.594854,2.0816157
1339,ATP8B2,11.458776,1.6348006
1340,ATP8B3,12.444482,3.0976007
1341,ATP8B4,11.399565,1.7242482
1342,ATP9A,11.316839,1.7512677
1343,ATP9B,11.422056,1.7905427
1344,ATPAF1,9.904824,5.727348
1345,ATPAF2,9.217011,1.9087183
1346,ATPSCKMT,9.193248,2.3641598
1347,ATR,11.08255,9.934398
1348,ATRAID,13.112325,6.2119713
1349,ATRIP,10.364222,8.731297
1350,ATRN,13.396702,7.0283403
1351,ATRNL1,13.593637,7.0152864
1352,ATRX,8.877638,8.089472
1353,ATXN1,6.728524,5.9403367
1354,ATXN10,10.809808,7.230076
1355,ATXN1L,7.643008,7.1768575
1356,ATXN2,6.659065,5.7547684
1357,ATXN2L,6.682072,5.803662
1358,ATXN3,6.9572563,2.309904
1359,ATXN3L,9.053975,5.204638
1360,ATXN7,7.588331,7.5479083
1361,ATXN7L1,7.5235195,7.5112243
1362,ATXN7L2,8.017387,7.517453
1363,ATXN7L3,6.533662,3.285308
1364,ATXN7L3B,9.648158,13.162834
1365,ATXN8,7.5585623,9.696808
1366,ATXN8OS,9.710556,14.034811
1367,AUH,9.4692335,1.3360409
1368,AUNIP,9.538014,10.436422
1369,AUP1,10.840829,4.008613
1370,AURKA,8.390729,2.4142394
1371,AURKAIP1,8.21124,4.485681
1372,AURKB,8.304878,1.69312
1373,AURKC,8.247604,1.4955975
1374,AUTS2,6.24198,4.7814584
1375,AVEN,7.380983,4.790035
1376,AVIL,9.028782,2.8066502
1377,AVL9,9.453741,4.5707793
1378,AVP,7.6771827,4.2139487
1379,AVPI1,9.473893,13.336876
1380,AVPR1A,13.397044,1.5393394
1381,AVPR1B,13.325255,1.5531658
1382,AVPR2,13.291909,1.514389
1383,AWAT1,10.881635,2.7625957
1384,AWAT2,11.014384,2.6921475
1385,AXDND1,10.67041,10.731206
1386,AXIN1,7.6630654,5.995123
1387,AXIN2,7.753543,5.9860525
1388,AXL,12.483795,5.377668
1389,AZGP1,14.225883,6.069071
1390,AZI2,9.8404045,8.821801
1391,AZIN1,10.642624,4.365241
1392,AZIN2,10.4159155,3.8273134
1393,AZU1,14.459149,5.4007473
1394,B2M,13.919713,5.199846
1395,B3GALNT1,13.900236,4.815591
1396,B3GALNT2,13.1617365,6.9654174
1397,B3GALT1,13.803289,4.5554
1398,B3GALT2,13.777947,4.8409758
1399,B3GALT4,12.1325445,6.085009
1400,B3GALT5,13.836406,4.467848
1401,B3GALT5-AS1,9.992839,14.232208
1402,B3GALT6,11.893232,4.9358993
1403,B3GALT9,13.8634205,4.921114
1404,B3GAT1,13.033955,4.306947
1405,B3GAT2,12.578897,4.21622
1406,B3GAT3,12.354472,4.3452325
1407,B3GLCT,13.34472,4.629056
1408,B3GNT2,13.760331,4.667298
1409,B3GNT3,12.421302,4.8091006
1410,B3GNT4,12.16294,5.2423096
1411,B3GNT5,13.890319,4.8431487
1412,B3GNT6,11.912055,5.032016
1413,B3GNT7,12.469688,4.8433337
1414,B3GNT8,12.030872,6.3717875
1415,B3GNT9,11.879117,5.231679
1416,B3GNTL1,9.428245,1.5820302
1417,B4GALNT1,12.261785,4.85163
1418,B4GALNT2,13.064149,5.0854764
1419,B4GALNT3,12.732757,5.321176
1420,B4GALNT4,11.971226,5.0318384
1421,B4GALT1,12.345431,4.309499
1422,B4GALT2,12.3221855,4.3864307
1423,B4GALT3,12.255957,4.803122
1424,B4GALT4,13.634868,4.390938
1425,B4GALT5,13.900951,4.931013
1426,B4GALT6,13.894782,4.8416114
1427,B4GALT7,12.539498,4.5255466
1428,B4GAT1,13.079795,5.8217745
1429,B9D1,7.4388714,1.0660486
1430,B9D2,9.158409,1.9915944
1431,BAALC,7.608774,6.00848
1432,BAALC-AS2,9.902591,14.145203
1433,BAAT,10.71005,3.4109573
1434,BABAM1,8.63698,3.5831265
1435,BABAM2,10.072958,5.4612656
1436,BACE1,13.387915,4.9216557
1437,BACE2,13.264065,5.8157134
1438,BACH1,9.2259865,8.080824
1439,BACH2,8.959624,8.041663
1440,BAD,7.7176027,5.5038652
1441,BAG1,8.530249,4.4675384
1442,BAG2,10.862858,11.140321
1443,BAG3,7.5975056,7.571956
1444,BAG4,8.256372,8.241322
1445,BAG5,10.912214,8.361046
1446,BAG6,7.905789,7.617524
1447,BAGE,9.184365,13.440871
1448,BAGE2,9.423446,13.453903
1449,BAGE3,9.363704,13.587082
1450,BAGE4,9.339419,13.331967
1451,BAGE5,9.036357,13.794576
1452,BAHCC1,8.912197,9.590434
1453,BAHD1,8.909645,9.048293
1454,BAIAP2,7.014048,3.143829
1455,BAIAP2L1,7.53963,3.968499
1456,BAIAP2L2,7.3438306,4.7117805
1457,BAIAP3,11.1528,6.7861133
1458,BAK1,8.109256,3.0459352
1459,BAMBI,9.227308,5.982538
1460,BANF1,8.498654,1.0131813
1461,BANF2,10.851204,5.9207363
1462,BANK1,9.765117,8.0115595
1463,BANP,7.127349,6.0082483
1464,BAP1,8.524907,5.491185
1465,BAP18,6.4457607,3.2899303
1466,BARD1,9.757821,6.6369424
1467,BARGIN,8.322084,4.244953
1468,BARHL1,5.489753,4.4017067
1469,BARHL2,5.521282,4.3379397
1470,BARX1,5.4508243,4.363567
1471,BARX2,7.34333,5.4301295
1472,BASP1,6.5778403,3.2067053
1473,BATF,6.704336,2.7614856
1474,BATF2,9.203094,9.369218
1475,BATF3,6.629821,2.703179
1476,BAX,8.08955,2.7607014
1477,BAZ1A,9.572416,6.550593
1478,BAZ1B,10.304226,7.8880467
1479,BAZ2A,8.178653,7.7616653
1480,BAZ2B,7.589558,6.8334556
1481,BBC3,10.050662,14.782573
1482,BBIP1,10.316256,12.150973
1483,BBLN,6.6926594,2.1956842
1484,BBOF1,9.090149,5.150611
1485,BBOX1,10.661902,4.017499
1486,BBS1,10.237977,4.94247
1487,BBS10,10.828114,7.7935
1488,BBS12,10.745046,7.2825403
1489,BBS2,9.947409,4.4065037
1490,BBS4,9.072839,3.9719234
1491,BBS5,9.356571,3.6411183
1492,BBS7,10.27359,5.0578246
1493,BBS9,10.991869,7.9028697
1494,BBX,9.015597,8.833304
1495,BCAM,12.636227,6.2981997
1496,BCAN,12.481934,5.8238482
1497,BCAP29,8.577685,2.9457371
1498,BCAP31,7.654512,2.26847
1499,BCAR1,7.5715127,6.3246098
1500,BCAR3,8.934256,5.287321
1501,BCAS1,7.835626,6.6274104
1502,BCAS2,8.049944,2.9760208
1503,BCAS3,10.39963,7.428954
1504,BCAS4,7.7896976,5.4403996
1505,BCAT1,9.517977,1.2372692
1506,BCAT2,9.686795,1.7875298
1507,BCCIP,10.3862,11.5884695
1508,BCDIN3D,10.184038,4.1107497
1509,BCE1,9.208324,13.637554
1510,BCHE,13.791212,4.3447986
1511,BCKDHA,9.088762,1.0458946
1512,BCKDHB,9.222404,0.8855246
1513,BCKDK,9.958691,2.628692
1514,BCL10,9.443747,7.719276
1515,BCL11A,6.965923,6.039561
1516,BCL11B,6.8182435,5.9597516
1517,BCL2,7.3428373,3.8191571
1518,BCL2A1,10.081631,5.0195203
1519,BCL2L1,7.8010178,3.4187949
1520,BCL2L10,11.092147,6.315884
1521,BCL2L11,9.697027,9.467052
1522,BCL2L12,9.017928,6.335703
1523,BCL2L13,7.3853455,4.2888575
1524,BCL2L14,9.076716,5.964274
1525,BCL2L15,8.17551,3.0932484
1526,BCL2L2,9.080327,4.279589
1527,BCL3,7.899143,6.0500145
1528,BCL6,8.274367,7.071781
1529,BCL6B,7.8694353,5.8587556
1530,BCL7A,6.155881,2.774603
1531,BCL7B,6.1159525,2.7503624
1532,BCL7C,7.4005814,5.754239
1533,BCL9,7.3511834,7.5791006
1534,BCL9L,7.305019,7.459493
1535,BCLAF1,8.662661,9.266995
1536,BCLAF3,9.774042,10.726412
1537,BCO1,10.771418,4.117284
1538,BCO2,10.733885,4.3315816
1539,BCOR,9.081984,9.543576
1540,BCORL1,9.048853,9.76975
1541,BCORP1,10.014265,11.81816
1542,BCR,8.678457,4.55691
1543,BCS1L,8.942677,2.153321
1544,BDH1,10.20982,1.7724298
1545,BDH2,9.369591,0.5719335
1546,BDKRB1,13.732263,1.6457915
1547,BDKRB2,13.780003,1.6094369
1548,BDNF,13.345845,6.2350564
1549,BDP1,8.992074,9.990788
1550,BEAN1,7.8421607,6.30001
1551,BECN1,8.520228,3.127696
1552,BECN2,9.331046,5.4926543
1553,BEGAIN,8.048558,6.6636457
1554,BEND2,9.358631,9.37275
1555,BEND3,10.459331,8.974376
1556,BEND4,8.018079,7.3494573
1557,BEND5,9.706964,6.099506
1558,BEND6,10.48562,8.842264
1559,BEND7,9.236469,8.149242
1560,BEST1,12.292518,2.9126868
1561,BEST2,11.6702175,2.2507093
1562,BEST3,12.125493,3.1637757
1563,BEST4,11.7447605,2.2446542
1564,BET1,7.3607383,2.0971177
1565,BET1L,7.052701,1.6505839
1566,BEX1,9.949302,11.62458
1567,BEX2,9.897318,11.556027
1568,BEX3,9.649688,11.421674
1569,BEX4,9.777474,11.4692
1570,BEX5,9.677275,11.491228
1571,BFAR,11.393806,8.74431
1572,BFSP1,8.643251,6.224585
1573,BFSP2,9.81417,6.726122
1574,BGLAP,7.6200624,4.2415247
1575,BGN,13.39576,5.4489293
1576,BHLHA15,6.162141,5.2043443
1577,BHLHA9,8.200313,6.6547074
1578,BHLHE22,5.683524,4.860914
1579,BHLHE23,5.849543,4.9823503
1580,BHLHE40,6.44462,4.765148
1581,BHLHE41,5.741603,4.860075
1582,BHMT,9.690997,2.3424017
1583,BHMT2,9.7661295,2.2443333
1584,BICC1,7.475389,6.171586
1585,BICD1,7.934636,4.5262985
1586,BICD2,7.875586,3.9617581
1587,BICDL1,8.244339,4.5287757
1588,BICDL2,8.455257,5.1610413
1589,BICRA,7.2410603,7.130029
1590,BICRAL,8.911485,9.326866
1591,BID,8.170199,3.1399808
1592,BIK,9.824057,12.039279
1593,BIN1,6.624326,2.7900167
1594,BIN2,7.7011194,5.459912
1595,BIN3,7.575002,1.0672554
1596,BIRC2,10.216959,6.4486685
1597,BIRC3,10.224534,6.4540486
1598,BIRC5,8.141816,1.9856732
1599,BIRC6,10.708098,10.579242
1600,BIRC7,8.4873495,6.5965915
1601,BIRC8,10.201021,6.4444957
1602,BIVM,10.766689,9.366632
1603,BLACAT1,9.002753,13.747448
1604,BLACE,9.729535,14.021728
1605,BLCAP,9.341616,13.732554
1606,BLID,9.134643,13.621142
1607,BLK,8.987567,2.1061497
1608,BLM,9.011938,5.5763836
1609,BLMH,10.180499,2.55529
1610,BLNK,7.832979,6.645155
1611,BLOC1S1,6.9436927,1.8430879
1612,BLOC1S2,7.406062,2.4081776
1613,BLOC1S3,9.398319,9.233998
1614,BLOC1S4,7.704283,4.817688
1615,BLOC1S5,10.532444,9.444058
1616,BLOC1S6,7.7169824,2.980016
1617,BLTP1,10.673176,10.765121
1618,BLTP2,10.961687,10.050238
1619,BLTP3A,9.414926,6.6109624
1620,BLTP3B,9.767102,6.6877446
1621,BLVRA,10.7228775,4.682345
1622,BLVRB,8.80878,1.0097568
1623,BLZF1,8.46751,5.341635
1624,BMAL1,7.924253,3.9919205
1625,BMAL2,9.154281,5.811902
1626,BMERB1,7.496515,3.391066
1627,BMF,9.7189665,11.902191
1628,BMI1,6.9154377,2.8905048
1629,BMP1,13.648275,5.4207406
1630,BMP10,13.40122,5.2204833
1631,BMP15,12.710966,6.5311503
1632,BMP2,12.678377,4.959414
1633,BMP2K,7.7041287,6.6561065
1634,BMP2KL,9.38013,9.810734
1635,BMP3,12.604021,5.839748
1636,BMP4,12.735655,4.9273653
1637,BMP5,11.674395,3.494468
1638,BMP6,11.902225,4.0151215
1639,BMP7,11.675128,3.5785263
1640,BMP8A,11.681259,3.8377643
1641,BMP8B,11.678788,3.8403213
1642,BMPER,13.645423,6.6552544
1643,BMPR1A,11.640808,2.9656775
1644,BMPR1B,11.500163,2.9036767
1645,BMPR2,9.068857,8.122267
1646,BMS1,8.479536,3.8986151
1647,BMT2,9.75318,5.2216907
1648,BMX,9.964478,4.4791675
1649,BNC1,8.667423,7.8189883
1650,BNC2,7.8149233,7.13486
1651,BNIP1,7.2453403,1.9438795
1652,BNIP2,8.067541,3.0319276
1653,BNIP3,6.2616143,2.817273
1654,BNIP3L,6.9678636,3.7288678
1655,BNIP5,9.172077,10.205014
1656,BNIPL,8.957962,5.2294374
1657,BOC,12.959661,7.011543
1658,BOD1,6.512342,2.8315518
1659,BOD1L1,8.969609,10.466783
1660,BOD1L2,7.9328876,4.1102695
1661,BOK,8.460231,2.991511
1662,BOLA1,10.47688,2.522052
1663,BOLA2,8.794234,1.0139834
1664,BOLA2B,8.778953,1.0221394
1665,BOLA3,8.495395,1.2860816
1666,BOLL,7.863982,6.9627843
1667,BOP1,9.297652,3.7292452
1668,BORA,9.788184,10.578328
1669,BORCS5,8.066479,2.745284
1670,BORCS6,7.91113,6.4240932
1671,BORCS7,10.890716,11.07686
1672,BORCS8,10.9330015,11.1957445
1673,BPESC1,9.854106,14.090982
1674,BPGM,10.200399,1.7721077
1675,BPHL,10.050889,2.064622
1676,BPI,13.238225,4.9076324
1677,BPIFA1,13.012019,5.4680195
1678,BPIFA2,13.089395,6.3065705
1679,BPIFA3,12.08617,7.731455
1680,BPIFA4P,12.951252,6.5519114
1681,BPIFB1,13.041324,6.38188
1682,BPIFB2,13.095224,6.2160106
1683,BPIFB3,13.080097,6.0636573
1684,BPIFB4,13.080923,5.4063096
1685,BPIFB6,13.064467,6.4185
1686,BPIFC,13.053754,6.442612
1687,BPNT1,9.141154,1.7378175
1688,BPNT2,9.256088,2.5447905
1689,BPTF,9.155707,9.47109
1690,BPY2,9.238149,13.579896
1691,BPY2B,9.246385,13.569329
1692,BPY2C,9.224101,13.571926
1693,BRAF,8.824727,4.725899
1694,BRAP,9.994661,5.3470106
1695,BRAT1,11.416504,7.888258
1696,BRCA1,9.7290125,10.3803005
1697,BRCA2,9.697907,10.910422
1698,BRCC3,8.966006,2.2701166
1699,BRD1,8.506619,4.683333
1700,BRD10,9.269687,9.906174
1701,BRD2,6.5252314,3.8486438
1702,BRD3,6.523095,3.4776175
1703,BRD3OS,10.305539,12.119432
1704,BRD4,6.795254,5.1205053
1705,BRD7,8.337024,5.2377133
1706,BRD8,8.318596,7.8533072
1707,BRD9,7.600173,4.4825244
1708,BRDT,8.611048,5.734853
1709,BRF1,7.4096837,3.3240044
1710,BRF2,9.907537,3.5186946
1711,BRI3,6.9749846,4.0024447
1712,BRI3BP,12.553797,2.2027497
1713,BRICD5,12.138458,5.4807577
1714,BRINP1,10.642742,11.634888
1715,BRINP2,10.585619,11.539846
1716,BRINP3,10.666807,11.572212
1717,BRIP1,9.810558,6.6530833
1718,BRIX1,9.259047,3.4090097
1719,BRK1,6.8760467,1.1080981
1720,BRME1,9.332117,10.365705
1721,BRMS1,6.9321766,2.827353
1722,BRMS1L,7.759534,3.0229545
1723,BROX,9.849754,4.849673
1724,BRPF1,8.259435,4.906289
1725,BRPF3,8.337177,5.141201
1726,BRS3,13.79432,1.9098065
1727,BRSK1,6.6318107,2.7281923
1728,BRSK2,6.666632,2.3466592
1729,BRWD1,8.999012,5.2356753
1730,BRWD1-AS2,9.823681,14.438549
1731,BRWD3,8.859164,4.270267
1732,BSCL2,11.796976,2.7269993
1733,BSDC1,7.4985623,4.214428
1734,BSG,13.5837145,5.109764
1735,BSN,8.697805,9.177722
1736,BSND,7.941402,5.7745914
1737,BSPH1,13.824569,6.379419
1738,BSPRY,11.3653145,6.689358
1739,BST1,10.598567,11.594152
1740,BST2,13.896945,6.0342817
1741,BSX,5.4661527,4.2457047
1742,BTAF1,10.126731,5.4617167
1743,BTBD1,9.307969,2.1053047
1744,BTBD10,7.8874183,4.490988
1745,BTBD16,11.062689,8.950876
1746,BTBD17,11.668406,6.2922077
1747,BTBD18,9.281933,9.993062
1748,BTBD19,10.573144,2.9695497
1749,BTBD2,9.145677,2.2454484
1750,BTBD3,9.5653925,3.0580966
1751,BTBD6,9.225999,3.4322498
1752,BTBD7,10.429503,9.384741
1753,BTBD8,9.728242,10.318564
1754,BTBD9,10.107689,4.3120265
1755,BTC,12.796656,4.7669635
1756,BTD,13.5678005,4.8771577
1757,BTF3,6.413683,-0.12775579
1758,BTF3L4,6.6269345,1.0981756
1759,BTG1,9.868505,5.9578357
1760,BTG2,9.761465,5.3336787
1761,BTG3,10.514121,8.255411
1762,BTG4,10.582446,8.404253
1763,BTK,9.148021,2.557333
1764,BTLA,13.571892,6.662366
1765,BTN1A1,14.231862,6.0864635
1766,BTN2A1,14.161215,6.1066566
1767,BTN2A2,14.1836815,6.083825
1768,BTN2A3P,12.520275,6.998634
1769,BTN3A1,14.170629,6.061227
1770,BTN3A2,14.136253,6.1322227
1771,BTN3A3,14.198805,6.0627375
1772,BTNL10P,12.558929,6.7723503
1773,BTNL2,14.148151,6.21196
1774,BTNL3,14.173476,6.0275183
1775,BTNL8,14.176614,6.114927
1776,BTNL9,11.917462,6.4113193
1777,BTRC,9.77663,3.81297
1778,BUB1,9.859654,7.8998723
1779,BUB1B,9.993422,7.8473325
1780,BUB3,8.985943,2.485607
1781,BUD13,7.457315,4.010385
1782,BUD23,8.937545,1.5322807
1783,BUD31,10.709755,11.749507
1784,BVES,12.631044,3.1163254
1785,BVES-AS1,9.445962,13.412607
1786,BYSL,9.055516,2.0347044
1787,BZW1,8.767572,2.6804407
1788,BZW2,8.683695,2.6526906
1789,C10orf105,8.082372,6.016248
1790,C10orf120,10.318004,11.589582
1791,C10orf126,9.513557,13.915625
1792,C10orf143,8.468639,7.5702353
1793,C10orf53,8.922167,1.6787761
1794,C10orf55,9.90745,14.134178
1795,C10orf62,9.665818,10.278373
1796,C10orf67,10.478392,10.167588
1797,C10orf90,9.682634,11.305306
1798,C10orf95,9.743161,14.420945
1799,C11orf16,9.55411,9.896957
1800,C11orf21,9.697944,14.313981
1801,C11orf24,8.4634695,9.783848
1802,C11orf40,9.478655,13.772044
1803,C11orf42,9.86268,12.55461
1804,C11orf52,8.012162,5.558365
1805,C11orf54,9.795655,2.811896
1806,C11orf68,10.993218,7.142431
1807,C11orf71,9.189647,13.976158
1808,C11orf86,9.692026,12.018783
1809,C11orf87,7.6202135,5.6286883
1810,C11orf91,9.762787,11.881748
1811,C11orf96,8.545727,7.2820725
1812,C11orf97,9.579655,13.673258
1813,C11orf98,7.4408693,3.239709
1814,C12orf42,9.789933,12.604731
1815,C12orf50,9.816809,10.598576
1816,C12orf54,10.089572,11.545182
1817,C12orf56,10.906258,9.73616
1818,C12orf57,9.314262,4.343219
1819,C12orf60,10.603564,10.744577
1820,C12orf71,10.030807,11.5270405
1821,C12orf76,9.228926,13.745453
1822,C13orf42,10.161064,11.054464
1823,C13orf46,8.992408,8.763145
1824,C14orf119,9.953915,5.247937
1825,C14orf132,6.3199325,2.453412
1826,C14orf178,10.256756,13.4485655
1827,C14orf28,10.948926,10.215218
1828,C14orf93,10.538455,10.063626
1829,C15orf32,9.625342,13.288819
1830,C15orf39,8.995343,9.748667
1831,C15orf40,8.370047,1.3403451
1832,C15orf61,10.213965,12.088722
1833,C15orf62,9.626449,9.8528595
1834,C16orf46,9.7286005,11.828065
1835,C16orf54,9.29173,9.670515
1836,C16orf74,8.620159,7.4919434
1837,C16orf78,10.301915,11.296704
1838,C16orf82,9.728747,11.40371
1839,C16orf86,9.322017,10.35917
1840,C16orf87,6.2139316,2.6857073
1841,C16orf89,12.58493,5.445774
1842,C16orf90,9.323846,9.892169
1843,C16orf95,9.490509,14.184312
1844,C16orf96,9.262959,8.842549
1845,C17orf100,9.478369,12.585328
1846,C17orf107,9.884275,9.68114
1847,C17orf113,11.358148,7.309562
1848,C17orf114,9.503631,13.657032
1849,C17orf50,9.738056,12.17394
1850,C17orf58,8.753882,6.958096
1851,C17orf67,10.140172,9.820963
1852,C17orf75,10.776239,11.253664
1853,C17orf78,10.416677,11.671908
1854,C17orf99,11.922853,8.105209
1855,C18orf15,10.111896,13.91042
1856,C18orf21,8.68751,5.6206374
1857,C18orf32,7.8254995,3.612372
1858,C18orf63,9.752461,11.082578
1859,C19orf12,10.9803505,0.98366225
1860,C19orf18,10.2677555,9.573226
1861,C19orf25,10.58093,9.974526
1862,C19orf44,9.395195,9.873738
1863,C19orf47,7.153578,4.452934
1864,C19orf53,6.568105,2.150827
1865,C19orf67,9.7965975,12.079774
1866,C19orf73,9.907747,14.487497
1867,C19orf81,10.734943,10.985829
1868,C19orf84,9.302374,9.86203
1869,C19orf85,9.138471,9.752873
1870,C1D,7.069675,1.9296205
1871,C1GALT1,13.600157,4.3906016
1872,C1GALT1C1,12.910203,7.3809643
1873,C1GALT1C1L,12.8481,7.418731
1874,C1QA,13.275539,5.3632736
1875,C1QB,13.310214,5.3790603
1876,C1QBP,8.733781,3.6530685
1877,C1QC,13.301709,5.3676667
1878,C1QL1,11.670736,3.625908
1879,C1QL2,11.811503,3.822896
1880,C1QL3,6.8497343,2.5129685
1881,C1QL4,11.731671,3.6778917
1882,C1QTNF1,11.714578,3.2774882
1883,C1QTNF12,11.927287,4.9564753
1884,C1QTNF2,13.292363,5.3523607
1885,C1QTNF3,13.715283,6.3073683
1886,C1QTNF4,11.917251,5.024362
1887,C1QTNF5,13.138475,5.3315797
1888,C1QTNF6,13.15393,5.2300186
1889,C1QTNF7,13.333868,5.371636
1890,C1QTNF8,11.934404,4.942009
1891,C1QTNF9,13.335949,5.371707
1892,C1QTNF9B,13.368381,5.38342
1893,C1R,13.726508,5.7048035
1894,C1RL,13.03141,6.3288093
1895,C1S,13.794442,6.4898443
1896,C1orf105,10.193066,12.054695
1897,C1orf115,7.9161677,4.513381
1898,C1orf122,9.485162,10.186468
1899,C1orf127,9.5492115,11.838684
1900,C1orf131,7.6448946,4.0342245
1901,C1orf140,9.200648,13.711967
1902,C1orf141,9.8840885,11.212752
1903,C1orf159,8.712513,7.574206
1904,C1orf162,15.286981,6.105894
1905,C1orf167,9.387477,10.312923
1906,C1orf174,8.999431,8.673779
1907,C1orf185,10.258388,11.581074
1908,C1orf198,9.134694,9.322512
1909,C1orf202,9.6683655,12.568477
1910,C1orf21,6.2281523,2.6242611
1911,C1orf210,7.72178,5.243993
1912,C1orf216,9.517115,10.330577
1913,C1orf220,9.5032625,13.977446
1914,C1orf226,9.341538,10.228423
1915,C1orf232,7.5646486,5.767644
1916,C1orf43,8.230802,3.0384915
1917,C1orf50,8.728413,3.719618
1918,C1orf52,8.222217,5.567945
1919,C1orf53,7.9288177,5.783785
1920,C1orf54,12.9669695,6.559913
1921,C1orf74,10.580854,11.123525
1922,C1orf87,10.500613,9.327763
1923,C1orf94,9.644361,10.836062
1924,C2,13.369587,7.101362
1925,C20orf141,9.984633,9.7869005
1926,C20orf144,9.783282,12.900771
1927,C20orf173,10.207438,13.416119
1928,C20orf202,8.004792,4.5569267
1929,C20orf203,10.155627,13.788058
1930,C20orf204,11.889208,5.259075
1931,C20orf96,10.602329,10.291097
1932,C21orf140,11.111729,8.982015
1933,C21orf58,8.604424,7.7111063
1934,C22orf15,8.3952465,4.1349955
1935,C22orf23,8.203085,3.228207
1936,C22orf31,10.080561,12.277616
1937,C22orf39,8.1112995,3.34788
1938,C22orf42,8.983394,10.655028
1939,C2CD2,9.017039,6.4361
1940,C2CD2L,9.144763,6.8210897
1941,C2CD3,10.702588,8.903382
1942,C2CD4A,8.052527,6.337693
1943,C2CD4B,8.038508,6.334674
1944,C2CD4C,7.914245,6.332409
1945,C2CD4D,8.084359,6.4696283
1946,C2CD5,9.308426,3.5390441
1947,C2CD6,9.650624,10.907432
1948,C2orf15,10.022687,12.269423
1949,C2orf42,10.716414,11.214185
1950,C2orf48,9.732225,14.119035
1951,C2orf49,7.568945,4.6289506
1952,C2orf50,9.764232,12.302594
1953,C2orf66,10.12709,9.928975
1954,C2orf68,7.8474855,3.514297
1955,C2orf69,10.520025,6.4841394
1956,C2orf72,9.638876,9.602896
1957,C2orf73,10.21269,11.534451
1958,C2orf74,8.737088,6.4784846
1959,C2orf76,8.335813,1.6525565
1960,C2orf78,9.3343,10.300381
1961,C2orf80,10.205964,12.306327
1962,C2orf81,9.599178,11.988307
1963,C2orf88,8.890254,5.202244
1964,C2orf92,9.821281,10.8730345
1965,C3,13.239776,4.651964
1966,C3AR1,13.699813,2.0637875
1967,C3P1,13.366689,6.949705
1968,C3orf18,7.0374875,3.4309416
1969,C3orf20,10.678634,10.449937
1970,C3orf22,9.77972,13.666928
1971,C3orf33,9.442641,5.0479765
1972,C3orf36,10.080541,14.186129
1973,C3orf38,9.8378315,4.8745747
1974,C3orf49,10.245176,9.276117
1975,C3orf62,9.874691,12.311805
1976,C3orf70,10.209019,11.213685
1977,C3orf80,8.217096,6.8791437
1978,C3orf84,10.356561,11.052505
1979,C3orf85,10.206003,9.943295
1980,C4A,13.15012,6.198727
1981,C4B,13.129628,6.2001786
1982,C4BPA,13.760796,6.3925314
1983,C4BPB,13.470012,7.0521917
1984,C4B_2,13.139588,6.217052
1985,C4orf17,10.013282,11.451311
1986,C4orf19,8.960568,9.0752535
1987,C4orf3,8.980151,2.3670022
1988,C4orf33,10.124021,3.5177429
1989,C4orf36,9.722017,13.067881
1990,C4orf46,7.6743984,5.0185547
1991,C4orf50,9.362024,10.457643
1992,C4orf51,10.2156315,11.8756075
1993,C4orf54,9.089008,9.764685
1994,C5,13.663461,6.421599
1995,C5AR1,13.602239,1.4636909
1996,C5AR2,13.439703,1.832111
1997,C5orf22,9.487278,3.558788
1998,C5orf24,9.677697,9.40449
1999,C5orf34,10.949388,8.880586
2000,C5orf46,10.00147,9.764203
2001,C5orf47,9.791121,12.837329
2002,C5orf52,10.091252,12.142186
2003,C5orf58,10.342262,12.173648
2004,C5orf60,9.673697,11.478887
2005,C5orf63,10.339689,9.754143
2006,C5orf67,9.788936,13.678563
2007,C6,13.686919,6.865976
2008,C6orf118,10.608689,10.197516
2009,C6orf120,12.113772,4.3963146
2010,C6orf132,8.7719345,9.453216
2011,C6orf136,9.865251,7.0310655
2012,C6orf141,9.8018265,12.448289
2013,C6orf15,8.8472185,9.827937
2014,C6orf163,10.282704,8.895932
2015,C6orf226,7.8467593,6.1015773
2016,C6orf47,9.439021,10.062342
2017,C6orf50,9.760526,13.001295
2018,C6orf52,10.023418,11.45801
2019,C6orf62,10.4611025,12.130291
2020,C6orf89,11.210282,9.781081
2021,C7,13.70302,6.6963634
2022,C7orf25,10.290033,5.6932044
2023,C7orf33,9.409269,14.008434
2024,C7orf50,7.86186,4.0122356
2025,C7orf57,10.1318035,11.13125
2026,C7orf78,10.258072,11.445115
2027,C8A,13.552998,5.9232287
2028,C8B,13.598081,6.6448245
2029,C8G,11.586802,3.7448092
2030,C8orf17,10.283609,13.41608
2031,C8orf33,8.035395,5.4553947
2032,C8orf34,9.67925,10.373821
2033,C8orf44,10.238787,13.46573
2034,C8orf48,10.10321,12.508233
2035,C8orf58,8.615118,8.193079
2036,C8orf74,10.585722,10.2679825
2037,C8orf76,10.795662,8.308753
2038,C8orf82,11.106491,3.6511383
2039,C8orf88,9.315649,13.507628
2040,C8orf89,10.035323,12.30883
2041,C8orf90,9.81923,12.660291
2042,C9,13.683302,6.662869
2043,C9orf152,9.656218,12.256506
2044,C9orf153,9.8473,12.892874
2045,C9orf163,9.983334,14.288164
2046,C9orf40,8.410508,7.6407747
2047,C9orf43,10.140782,11.426665
2048,C9orf50,9.369378,10.464321
2049,C9orf57,13.040493,6.929283
2050,C9orf72,11.030233,10.133132
2051,C9orf78,8.026961,3.0887432
2052,C9orf85,6.56861,-0.250421
2053,CA1,9.582031,1.203088
2054,CA10,13.570612,4.78883
2055,CA11,12.61619,5.2760105
2056,CA12,13.385916,4.328328
2057,CA13,9.579414,1.2717768
2058,CA14,13.125542,4.362115
2059,CA2,9.382172,1.1807445
2060,CA3,9.563742,1.3069538
2061,CA4,13.190527,5.396717
2062,CA5A,9.890712,2.9786549
2063,CA5B,9.770172,2.767338
2064,CA5BP1,10.222181,13.357731
2065,CA6,13.847569,4.732107
2066,CA7,9.532128,1.2549887
2067,CA8,10.615321,4.3270965
2068,CA9,12.217612,6.1487193
2069,CAAP1,8.209093,5.867308
2070,CAB39,8.222401,2.2487764
2071,CAB39L,8.511729,2.401285
2072,CABCOCO1,10.787376,11.313616
2073,CABIN1,10.747098,9.862322
2074,CABLES1,7.475047,5.348672
2075,CABLES2,7.116052,4.4014864
2076,CABP1,8.451372,6.623204
2077,CABP2,8.931213,4.203218
2078,CABP4,8.343128,4.911237
2079,CABP5,8.230834,1.8297843
2080,CABP7,8.375668,3.619576
2081,CABS1,9.379584,10.761597
2082,CABYR,9.099832,9.842379
2083,CACFD1,11.31484,1.0297649
2084,CACHD1,12.692713,8.103467
2085,CACNA1A,11.027921,1.6500767
2086,CACNA1B,10.981923,1.749029
2087,CACNA1C,11.041022,1.6844718
2088,CACNA1D,10.960974,1.6393602
2089,CACNA1E,11.125632,1.7453033
2090,CACNA1F,11.118459,1.9253641
2091,CACNA1G,11.169036,1.9827039
2092,CACNA1H,11.13233,2.0174513
2093,CACNA1I,11.15772,1.9863571
2094,CACNA1S,11.1905985,1.8203474
2095,CACNA2D1,13.116676,4.421464
2096,CACNA2D2,12.94139,4.308882
2097,CACNA2D3,12.963514,4.3149295
2098,CACNA2D4,12.904756,4.2826276
2099,CACNB1,6.6415877,3.7420185
2100,CACNB2,6.641828,3.6072807
2101,CACNB3,6.6516023,3.6863678
2102,CACNB4,6.6387033,3.4409716
2103,CACNG1,12.636004,1.750178
2104,CACNG2,7.149732,2.5048301
2105,CACNG3,7.153255,2.475038
2106,CACNG4,7.2660174,2.5461838
2107,CACNG5,12.30706,0.97374505
2108,CACNG6,12.924132,1.6142297
2109,CACNG7,12.250148,0.985
2110,CACNG8,6.9054213,4.3089037
2111,CACTIN,7.499461,3.437336
2112,CACTIN-AS1,9.756441,14.345209
2113,CACUL1,10.334395,10.852224
2114,CACYBP,8.55258,2.6165922
2115,CAD,9.673491,1.3573763
2116,CADM1,13.785059,5.3312263
2117,CADM2,13.755007,5.1821027
2118,CADM3,11.588596,3.1854167
2119,CADM4,12.615487,5.228038
2120,CADPS,10.041803,6.7093315
2121,CADPS2,10.442468,7.2321205
2122,CAGE1,10.221134,10.346525
2123,CALB1,8.979066,2.9068594
2124,CALB2,8.894478,2.5144434
2125,CALCA,7.6888876,4.4697466
2126,CALCB,7.2898774,3.2765613
2127,CALCOCO1,9.624906,8.064835
2128,CALCOCO2,8.810548,4.576695
2129,CALCR,12.676371,1.5515054
2130,CALCRL,12.83258,1.3924731
2131,CALD1,6.6679697,2.9664245
2132,CALHM1,11.526683,8.197609
2133,CALHM2,11.615371,8.116598
2134,CALHM3,11.534152,8.129811
2135,CALHM4,11.601452,8.169075
2136,CALHM5,11.558674,8.013316
2137,CALHM6,11.575297,7.9536567
2138,CALM1,6.56841,-0.1122329
2139,CALM2,6.5642977,-0.10081458
2140,CALM3,6.5589046,-0.09832303
2141,CALML3,8.804151,0.9040504
2142,CALML4,9.224453,3.746027
2143,CALML5,9.360935,2.0038195
2144,CALML6,9.2844,3.7384899
2145,CALN1,9.140209,6.907011
2146,CALR,7.8751884,2.2456982
2147,CALR3,13.763182,5.927591
2148,CALU,8.490661,2.1341877
2149,CALY,7.476057,5.333137
2150,CAMK1,8.058501,1.2761866
2151,CAMK1D,7.846388,1.1650645
2152,CAMK1G,9.253834,3.99041
2153,CAMK2A,6.8749022,0.7285548
2154,CAMK2B,6.433813,2.460652
2155,CAMK2D,6.922616,0.67795616
2156,CAMK2G,6.4686546,2.0620065
2157,CAMK2N1,8.901963,13.795097
2158,CAMK2N2,8.888608,13.835326
2159,CAMK4,8.78366,4.1338377
2160,CAMKK1,8.630051,3.880008
2161,CAMKK2,8.719681,4.4320993
2162,CAMKMT,10.041255,3.5836887
2163,CAMKV,8.284258,4.081541
2164,CAMLG,8.269568,5.302883
2165,CAMP,14.339093,5.7742505
2166,CAMSAP1,8.265339,6.516086
2167,CAMSAP2,8.057865,5.5592194
2168,CAMSAP3,7.7314644,6.3227186
2169,CAMTA1,8.065674,7.1025825
2170,CAMTA2,8.197278,6.2593083
2171,CAND1,8.655233,2.504579
2172,CAND2,9.805925,3.6516626
2173,CANT1,13.548201,4.306659
2174,CANX,8.507442,3.167036
2175,CAP1,8.1255665,2.626148
2176,CAP2,8.216218,2.745726
2177,CAPG,9.001211,2.7533157
2178,CAPN1,9.196429,1.7873502
2179,CAPN10,11.184193,5.555871
2180,CAPN11,9.943807,3.208173
2181,CAPN12,11.058341,4.970121
2182,CAPN13,10.72857,6.453568
2183,CAPN14,10.690391,6.021143
2184,CAPN15,9.5600395,6.4863944
2185,CAPN2,9.082379,1.8742373
2186,CAPN3,9.599168,3.1932647
2187,CAPN5,9.880989,3.0058734
2188,CAPN6,10.595599,5.151699
2189,CAPN7,9.904503,3.5052078
2190,CAPN8,9.330054,2.1503472
2191,CAPN9,9.65699,2.6467938
2192,CAPNS1,7.6321306,2.9776118
2193,CAPNS2,7.9174,3.11007
2194,CAPRIN1,6.2687836,4.4305563
2195,CAPRIN2,7.5661764,6.283033
2196,CAPS,10.550385,5.4747434
2197,CAPS2,10.805059,9.425812
2198,CAPSL,8.825588,1.835345
2199,CAPZA1,10.677455,11.800836
2200,CAPZA2,10.692114,11.8267
2201,CAPZA3,10.590441,11.983761
2202,CAPZB,10.689099,11.878899
2203,CARD10,10.03333,6.805107
2204,CARD11,9.664972,5.757903
2205,CARD14,9.773307,6.2667456
2206,CARD16,10.160459,8.91035
2207,CARD17P,9.922724,3.7860074
2208,CARD18,9.862565,3.452085
2209,CARD19,8.956143,7.5301666
2210,CARD6,9.452294,9.509892
2211,CARD8,10.63001,7.4887543
2212,CARD9,8.515899,5.06525
2213,CARF,8.509892,7.2335596
2214,CARHSP1,6.982956,2.9614592
2215,CARM1,8.281977,3.7237308
2216,CARMIL1,8.670401,5.2209144
2217,CARMIL2,9.400557,6.772883
2218,CARMIL3,9.099475,6.779195
2219,CARNMT1,9.872879,2.9770062
2220,CARNS1,11.445423,7.4332743
2221,CARS1,8.707904,2.0081608
2222,CARS2,10.377966,2.6405308
2223,CARTPT,7.2976475,3.2522013
2224,CASC2,9.204451,13.617351
2225,CASC3,7.54424,7.4588532
2226,CASD1,12.56375,2.641604
2227,CASK,8.615578,2.265652
2228,CASKIN1,7.327349,5.5408444
2229,CASKIN2,7.48941,5.450316
2230,CASP1,9.599133,2.929498
2231,CASP10,10.205289,5.9331827
2232,CASP12,10.271719,6.152031
2233,CASP14,10.636139,4.470852
2234,CASP2,10.200177,3.6910388
2235,CASP3,9.722281,2.0723274
2236,CASP4,9.750364,3.6351786
2237,CASP5,10.2954855,6.1563053
2238,CASP6,9.726768,2.1919458
2239,CASP7,9.689751,2.1731875
2240,CASP8,9.73334,3.0201366
2241,CASP8AP2,9.725235,10.722258
2242,CASP9,9.812729,2.5379562
2243,CASQ1,13.0950575,4.2459726
2244,CASQ2,13.16379,4.394125
2245,CASR,12.987321,3.4049408
2246,CASS4,8.680957,6.9756727
2247,CAST,8.502405,9.206093
2248,CASTOR1,8.543485,1.3894957
2249,CASTOR2,8.416644,1.3312528
2250,CASTOR3P,8.769205,3.6427572
2251,CASZ1,7.7889237,7.521682
2252,CAT,9.626927,1.8586998
2253,CATIP,10.777384,4.9791026
2254,CATR1,9.171721,13.563735
2255,CATSPER1,8.896588,8.209138
2256,CATSPER2,13.4442835,2.7826571
2257,CATSPER3,13.723474,2.7275128
2258,CATSPER4,13.755542,2.7848735
2259,CATSPERB,10.673573,11.663868
2260,CATSPERD,10.653066,11.629275
2261,CATSPERE,10.688225,11.65349
2262,CATSPERG,10.6116705,11.702078
2263,CATSPERZ,10.441289,9.461537
2264,CAV1,11.391487,1.4396207
2265,CAV2,11.5035715,1.4890214
2266,CAV3,11.3951025,1.2278309
2267,CAVIN1,7.4118037,4.0550785
2268,CAVIN2,7.373961,4.1142898
2269,CAVIN3,7.9961715,5.7978554
2270,CAVIN4,8.276361,5.4503508
2271,CBARP,7.2040854,5.962398
2272,CBFA2T2,6.661357,4.6539373
2273,CBFA2T3,6.7402334,4.6105943
2274,CBFB,10.720118,11.731696
2275,CBL,7.1125712,4.53902
2276,CBLB,7.5564156,5.675777
2277,CBLC,9.393188,5.731996
2278,CBLIF,13.442193,6.4888926
2279,CBLL1,7.499652,7.541219
2280,CBLL2,9.524015,10.031187
2281,CBLN1,8.179049,1.3475858
2282,CBLN2,8.339427,1.3598886
2283,CBLN3,11.904969,4.8955235
2284,CBLN4,8.235418,1.3405235
2285,CBR1,8.638772,0.9610599
2286,CBR3,9.354764,1.325339
2287,CBR4,9.731219,0.8795351
2288,CBS,9.486618,1.3194634
2289,CBX1,6.3943415,0.96501446
2290,CBX2,7.357135,6.1269994
2291,CBX3,6.5456376,1.394661
2292,CBX4,7.617269,6.90415
2293,CBX5,7.641304,2.3947344
2294,CBX6,7.716562,7.113372
2295,CBX7,7.7356915,5.2783155
2296,CBX8,7.472001,6.1636844
2297,CBY1,7.419565,2.4688637
2298,CBY2,9.337425,10.435859
2299,CBY3,10.064177,9.277267
2300,CC2D1A,8.042105,4.1965184
2301,CC2D1B,8.12735,4.32234
2302,CC2D2A,10.796605,9.157332
2303,CC2D2B,10.82593,9.904142
2304,CCAR1,7.4313154,4.7885427
2305,CCAR2,9.221992,8.399122
2306,CCBE1,12.858939,5.161708
2307,CCDC102A,7.779206,4.3103395
2308,CCDC102B,9.562483,7.6004314
2309,CCDC103,10.600327,10.188689
2310,CCDC106,7.5653768,4.736561
2311,CCDC107,8.200927,6.028491
2312,CCDC110,10.217975,10.234272
2313,CCDC112,8.877313,4.697333
2314,CCDC115,8.302146,4.2316566
2315,CCDC116,9.651168,11.362928
2316,CCDC117,8.755285,7.9485836
2317,CCDC12,6.7058454,1.9526238
2318,CCDC120,8.831008,8.710611
2319,CCDC121,10.191419,9.35156
2320,CCDC122,10.200685,8.788794
2321,CCDC124,7.102881,2.3818896
2322,CCDC125,9.539745,7.44202
2323,CCDC126,10.328234,9.616201
2324,CCDC127,10.666033,8.763745
2325,CCDC13,8.560768,5.3256726
2326,CCDC134,10.635466,7.259451
2327,CCDC136,9.732853,8.52829
2328,CCDC137,7.9308963,4.009951
2329,CCDC138,10.434861,8.2199335
2330,CCDC14,9.631248,9.697441
2331,CCDC140,9.905765,14.380809
2332,CCDC141,10.56064,9.363238
2333,CCDC142,9.993416,9.574948
2334,CCDC144A,10.267865,10.068179
2335,CCDC144BP,9.735696,11.017639
2336,CCDC144CP,10.225915,10.242124
2337,CCDC144NL,9.648465,14.010814
2338,CCDC146,10.268881,8.986149
2339,CCDC148,9.2761545,5.1361837
2340,CCDC149,7.9969926,4.9190135
2341,CCDC15,8.747679,8.557236
2342,CCDC150,10.019132,8.756742
2343,CCDC152,8.760102,5.4099374
2344,CCDC154,9.680726,8.995156
2345,CCDC157,9.671529,9.110283
2346,CCDC158,10.006844,8.753159
2347,CCDC159,9.831798,8.920056
2348,CCDC160,10.346624,10.464933
2349,CCDC163,9.803503,12.498341
2350,CCDC166,8.139338,5.496138
2351,CCDC167,7.8322234,2.9158254
2352,CCDC168,9.606049,10.949181
2353,CCDC169,8.188396,3.733092
2354,CCDC17,9.579267,9.22822
2355,CCDC170,9.889998,8.297378
2356,CCDC171,10.039555,8.878064
2357,CCDC172,10.190227,8.811741
2358,CCDC174,7.59636,3.6615353
2359,CCDC175,10.419649,9.654724
2360,CCDC177,8.100639,5.547712
2361,CCDC178,10.522191,10.022792
2362,CCDC179,9.413414,13.278715
2363,CCDC18,10.036054,8.852972
2364,CCDC180,10.575108,10.498795
2365,CCDC181,8.873916,6.2288933
2366,CCDC182,10.547805,10.351701
2367,CCDC183,9.161434,5.172774
2368,CCDC184,9.745581,10.531457
2369,CCDC185,9.634505,9.254988
2370,CCDC186,9.814956,8.266076
2371,CCDC187,9.277935,10.31054
2372,CCDC188,9.7473755,9.399082
2373,CCDC190,9.746652,11.380516
2374,CCDC191,8.900994,5.2529387
2375,CCDC192,9.813565,8.947885
2376,CCDC194,9.557333,8.258144
2377,CCDC195,8.604064,7.722625
2378,CCDC196,10.541598,10.724439
2379,CCDC197,8.785996,6.0112343
2380,CCDC198,10.270384,11.2868805
2381,CCDC200,9.58994,10.814449
2382,CCDC201,9.342043,9.668048
2383,CCDC22,9.231192,4.3858056
2384,CCDC24,9.780367,9.560461
2385,CCDC25,7.903463,1.6933674
2386,CCDC27,9.684378,8.8596525
2387,CCDC28A,8.59817,6.5169587
2388,CCDC28A-AS1,10.469963,13.387402
2389,CCDC28B,6.8122573,3.4461658
2390,CCDC3,12.419775,5.468038
2391,CCDC30,10.186697,9.953376
2392,CCDC32,10.0707445,11.599707
2393,CCDC33,10.555814,8.42542
2394,CCDC34,8.264875,4.673516
2395,CCDC38,8.817722,4.8741403
2396,CCDC39,10.216651,8.709449
2397,CCDC40,10.060741,8.565764
2398,CCDC42,9.004591,4.899519
2399,CCDC43,7.139453,2.819149
2400,CCDC47,8.754918,3.1982687
2401,CCDC50,7.415202,3.2695518
2402,CCDC51,8.708587,4.50736
2403,CCDC54,10.300036,11.690145
2404,CCDC57,9.661555,8.865191
2405,CCDC59,7.98474,4.256436
2406,CCDC6,7.114083,4.4119015
2407,CCDC60,10.430363,11.478405
2408,CCDC61,8.256484,5.791023
2409,CCDC62,9.874829,8.821921
2410,CCDC63,9.088684,5.0378623
2411,CCDC65,9.136247,4.7932773
2412,CCDC66,8.73952,6.246282
2413,CCDC68,10.058906,8.763524
2414,CCDC69,8.495473,4.908589
2415,CCDC7,8.903807,10.500149
2416,CCDC70,9.417108,12.385278
2417,CCDC71,16.417128,9.558096
2418,CCDC71L,9.637297,13.263253
2419,CCDC73,10.02003,10.385345
2420,CCDC74A,8.248877,6.4873085
2421,CCDC74B,8.274682,6.538317
2422,CCDC77,8.931793,5.3108587
2423,CCDC78,8.84879,7.4455266
2424,CCDC8,9.054447,10.857689
2425,CCDC80,12.941766,5.458388
2426,CCDC81,9.406526,5.162056
2427,CCDC82,9.915652,10.411264
2428,CCDC83,10.558741,10.770848
2429,CCDC85A,7.7100034,6.142227
2430,CCDC85B,8.094709,5.6766577
2431,CCDC85C,7.3196545,5.1733055
2432,CCDC86,8.023954,6.6148934
2433,CCDC87,10.122409,11.279411
2434,CCDC88A,9.729681,8.085757
2435,CCDC88B,9.710929,8.373957
2436,CCDC88C,8.484282,5.470318
2437,CCDC89,9.799252,8.187918
2438,CCDC9,7.5532537,5.4046054
2439,CCDC90B,7.83039,2.8930814
2440,CCDC91,9.8505745,8.408194
2441,CCDC92,9.002518,6.1950116
2442,CCDC92B,7.6570506,4.928327
2443,CCDC93,7.934596,3.2876873
2444,CCDC97,8.837818,5.206716
2445,CCDC9B,8.554379,7.7763124
2446,CCER1,9.474314,10.160971
2447,CCER2,7.5881987,4.8224277
2448,CCHCR1,9.676226,8.772139
2449,CCIN,11.040425,7.1396275
2450,CCK,7.5273995,4.366107
2451,CCKAR,13.423436,1.201682
2452,CCKBR,13.3248825,1.4864777
2453,CCL1,14.334043,5.656722
2454,CCL11,15.133042,5.6030636
2455,CCL13,15.151395,5.6564965
2456,CCL14,14.957852,5.764141
2457,CCL15,14.977346,5.8330803
2458,CCL16,14.389967,5.7870045
2459,CCL17,14.336131,5.5550117
2460,CCL18,14.941194,5.7181797
2461,CCL19,14.2702675,5.572668
2462,CCL2,15.132739,5.5889797
2463,CCL20,14.459871,5.5824656
2464,CCL21,13.9199295,5.973366
2465,CCL22,14.292467,5.6642375
2466,CCL23,14.818573,5.864114
2467,CCL24,14.419564,5.899475
2468,CCL25,13.370954,6.119798
2469,CCL26,14.357102,5.8210607
2470,CCL27,13.10213,6.2050266
2471,CCL28,14.309091,5.6063814
2472,CCL3,15.190553,5.6076202
2473,CCL3L1,15.164357,5.586123
2474,CCL3L3,15.172028,5.5838137
2475,CCL4,15.177695,5.584716
2476,CCL4L1,15.163044,5.583937
2477,CCL4L2,15.163965,5.581922
2478,CCL5,15.15181,5.5910664
2479,CCL7,15.138137,5.5986724
2480,CCL8,15.119589,5.608344
2481,CCM2,8.4816675,4.057706
2482,CCM2L,7.298536,4.681377
2483,CCN1,13.040972,5.0068808
2484,CCN2,13.030487,4.9516416
2485,CCN3,13.201564,5.6230106
2486,CCN4,13.1502,5.572244
2487,CCN5,12.232011,5.5738354
2488,CCN6,13.279877,5.729852
2489,CCNA1,9.194633,4.496435
2490,CCNA2,8.849717,4.2909036
2491,CCNB1,8.427463,2.4358976
2492,CCNB1IP1,8.792891,4.332868
2493,CCNB2,8.838022,2.737305
2494,CCNB3,8.618228,9.644199
2495,CCNC,8.85463,2.508089
2496,CCND1,9.408245,1.7889156
2497,CCND2,9.000741,1.7308218
2498,CCND3,9.408036,2.0358484
2499,CCNDBP1,10.086261,5.387475
2500,CCNE1,9.635136,5.210794
2501,CCNE2,9.703329,5.4999223
2502,CCNF,11.187632,8.4623785
2503,CCNG1,10.317899,6.121935
2504,CCNG2,10.503587,6.6840243
2505,CCNH,10.1109495,3.9484293
2506,CCNI,9.785557,4.730904
2507,CCNI2,9.372425,6.2417493
2508,CCNJ,9.698198,5.870402
2509,CCNJL,9.903997,6.563366
2510,CCNK,6.9452233,5.3860865
2511,CCNL1,7.4557376,4.2157083
2512,CCNL2,8.07467,4.4020634
2513,CCNO,11.020913,4.760261
2514,CCNP,11.38089,6.6345477
2515,CCNQ,10.119003,2.4508862
2516,CCNT1,7.886115,6.868672
2517,CCNT2,7.0917654,5.359676
2518,CCNY,8.496927,3.3664372
2519,CCNYL1,8.547822,3.6627204
2520,CCNYL1B,10.345697,7.391883
2521,CCNYL2,10.46786,7.6280704
2522,CCNYL3,10.135904,9.228648
2523,CCP110,9.578724,9.999693
2524,CCPG1,9.521886,8.49411
2525,CCR1,13.834483,1.346237
2526,CCR10,13.477789,1.7616898
2527,CCR2,13.833396,1.4195416
2528,CCR3,13.802392,1.3681237
2529,CCR4,13.854115,1.3714211
2530,CCR5,13.808454,1.3427057
2531,CCR6,13.867098,1.3773757
2532,CCR7,13.781221,1.328379
2533,CCR8,13.944435,1.4340978
2534,CCR9,13.888852,1.4195849
2535,CCRL2,13.8801,1.832139
2536,CCS,9.182949,1.4988513
2537,CCSAP,7.70905,4.877545
2538,CCSER1,9.7425375,10.648997
2539,CCSER2,9.321923,9.94071
2540,CCT2,8.213636,0.74780166
2541,CCT3,8.233081,0.91828305
2542,CCT4,8.2474165,0.75085384
2543,CCT5,8.228567,0.7338875
2544,CCT6A,7.8983936,0.60453105
2545,CCT6B,8.095109,0.72698075
2546,CCT7,8.236181,0.7935284
2547,CCT8,9.040991,1.6840625
2548,CCT8L1P,11.291487,6.7001014
2549,CCT8L2,11.353899,6.6783156
2550,CCZ1,9.945394,4.1235704
2551,CCZ1B,10.015379,4.072096
2552,CD101,13.15377,7.055408
2553,CD109,13.603831,5.12101
2554,CD14,11.540412,8.675873
2555,CD151,11.967843,0.88525283
2556,CD160,12.804356,7.486452
2557,CD163,13.8513,6.1699424
2558,CD163L1,13.744755,6.280925
2559,CD164,7.0553427,3.7474864
2560,CD164L2,12.412725,6.194479
2561,CD177,12.817463,6.6453614
2562,CD180,13.440076,7.6423473
2563,CD19,9.64215,9.468496
2564,CD1A,15.049235,5.930114
2565,CD1B,15.045102,5.912258
2566,CD1C,15.108966,5.94608
2567,CD1D,15.06495,6.0162625
2568,CD1E,15.114871,6.104909
2569,CD2,13.2885475,6.951983
2570,CD200,13.44233,6.7832394
2571,CD200R1,15.041656,6.280022
2572,CD200R1L,15.064166,6.2105746
2573,CD207,14.4984,6.6298976
2574,CD209,13.193624,5.9338207
2575,CD22,13.087878,7.064085
2576,CD226,13.236045,7.0574913
2577,CD24,7.169871,3.4872134
2578,CD244,13.1218,7.0130177
2579,CD247,6.759815,2.7322898
2580,CD248,12.198334,6.764731
2581,CD27,12.438226,6.516135
2582,CD274,13.58165,6.6621575
2583,CD276,13.203325,5.4933643
2584,CD28,13.510686,6.5042543
2585,CD2AP,7.571849,5.875743
2586,CD2BP2,8.091357,4.285092
2587,CD300A,15.227126,6.077675
2588,CD300C,15.3096485,6.048214
2589,CD300E,15.268588,6.0611334
2590,CD300H,15.33103,6.0620356
2591,CD300LB,15.199617,6.014122
2592,CD300LD,15.257691,6.0180616
2593,CD300LD-AS1,10.00274,14.194446
2594,CD300LF,15.256592,6.0204153
2595,CD300LG,15.266635,6.0760994
2596,CD302,13.227615,7.535191
2597,CD320,12.164568,6.7000136
2598,CD33,15.291648,5.9520583
2599,CD34,12.701623,6.592459
2600,CD36,13.6500845,4.310265
2601,CD37,12.976572,1.4129496
2602,CD38,10.613756,11.550301
2603,CD3D,13.592963,5.127757
2604,CD3E,13.707621,5.2494345
2605,CD3G,13.927741,5.4400945
2606,CD4,13.116376,7.0571966
2607,CD40,13.826393,5.3072753
2608,CD40LG,13.465116,6.622549
2609,CD44,6.8953314,3.6977513
2610,CD46,13.657157,6.3614693
2611,CD47,13.026733,7.298615
2612,CD48,13.1690855,7.0959883
2613,CD5,12.935929,6.9673357
2614,CD52,14.338868,5.9294305
2615,CD53,12.315629,1.121863
2616,CD55,13.64714,6.19504
2617,CD58,13.375301,7.060042
2618,CD59,13.929855,5.44613
2619,CD5L,13.666954,6.2110677
2620,CD6,12.512103,6.3440456
2621,CD63,12.181154,1.5069579
2622,CD68,12.785586,5.6782646
2623,CD69,14.812868,6.539891
2624,CD7,12.462723,6.386867
2625,CD70,12.140974,5.4349027
2626,CD72,15.214977,6.0690002
2627,CD74,8.661343,5.628223
2628,CD79A,13.306758,5.2609634
2629,CD79B,13.675153,5.294837
2630,CD80,13.527184,6.751613
2631,CD81,11.467991,0.8382638
2632,CD82,12.037593,0.8372123
2633,CD83,13.169901,6.319961
2634,CD84,14.988597,6.276039
2635,CD86,13.439056,6.9274063
2636,CD8A,13.899282,5.4071016
2637,CD8B,14.006678,5.465264
2638,CD8B2,14.073548,5.4977574
2639,CD9,11.86763,0.9129597
2640,CD93,12.522267,6.3383365
2641,CD96,12.846314,7.6898336
2642,CD99,6.8032494,3.77764
2643,CD99L2,6.847309,3.7368808
2644,CDA,9.2339325,1.0746849
2645,CDADC1,10.911453,10.310704
2646,CDAN1,10.550423,10.275584
2647,CDC123,9.280416,2.744075
2648,CDC14A,8.7667055,4.130389
2649,CDC14B,10.01713,4.154177
2650,CDC14C,10.152869,3.98479
2651,CDC16,9.922088,4.640662
2652,CDC20,8.979354,3.1373103
2653,CDC20B,10.824175,7.5513725
2654,CDC23,9.753533,4.5108333
2655,CDC25A,7.675859,4.6474423
2656,CDC25B,7.964973,5.392815
2657,CDC25C,9.169366,6.2767143
2658,CDC26,7.3423376,3.6718059
2659,CDC27,9.671541,6.419491
2660,CDC34,7.5337396,0.60034513
2661,CDC37,7.5789533,2.4299877
2662,CDC37L1,10.206918,11.195582
2663,CDC40,9.30494,3.6622531
2664,CDC42,6.8227997,0.22421218
2665,CDC42BPA,8.472326,3.4604971
2666,CDC42BPB,8.821664,4.1663227
2667,CDC42BPG,9.488221,5.24758
2668,CDC42EP1,7.6559043,6.754106
2669,CDC42EP2,7.116921,4.337843
2670,CDC42EP3,7.730331,5.790861
2671,CDC42EP4,6.879581,4.5310397
2672,CDC42EP5,7.0189395,5.61836
2673,CDC42SE1,7.8376446,4.5694284
2674,CDC42SE2,6.3381004,3.040093
2675,CDC45,9.993031,3.8293154
2676,CDC5L,8.171469,2.7601953
2677,CDC6,9.537638,4.3744884
2678,CDC7,9.4499655,5.1461625
2679,CDC73,10.345993,11.482468
2680,CDCA2,9.328158,9.820707
2681,CDCA3,7.959374,7.3393106
2682,CDCA4,7.4114175,5.039112
2683,CDCA5,8.079213,7.2770643
2684,CDCA7,8.104419,4.746184
2685,CDCA7L,8.254337,5.0178423
2686,CDCA8,8.959035,4.6715446
2687,CDCP1,10.62367,10.242745
2688,CDCP2,12.799346,6.5472865
2689,CDH1,13.748517,5.218746
2690,CDH10,13.939146,5.064527
2691,CDH11,13.827694,5.0511947
2692,CDH12,13.933175,5.128241
2693,CDH13,13.707202,6.262919
2694,CDH15,12.258391,5.2034764
2695,CDH16,12.493742,6.4751415
2696,CDH17,13.664813,6.4103746
2697,CDH18,13.898008,5.0944223
2698,CDH19,13.899532,5.301781
2699,CDH2,13.6861105,5.31941
2700,CDH20,13.791929,5.0210123
2701,CDH22,12.422103,4.8873158
2702,CDH23,13.739128,6.343484
2703,CDH24,12.079175,5.153328
2704,CDH26,13.248336,6.621486
2705,CDH3,13.6155615,5.1899605
2706,CDH4,13.690298,5.3422146
2707,CDH5,13.644616,6.031458
2708,CDH6,13.900265,5.045129
2709,CDH7,13.91127,5.07088
2710,CDH8,13.86597,5.108756
2711,CDH9,13.911772,5.0835247
2712,CDHR1,13.3923435,6.875903
2713,CDHR2,13.406674,6.704454
2714,CDHR3,13.524056,7.3148937
2715,CDHR4,12.560901,6.5485916
2716,CDHR5,12.610173,5.6803946
2717,CDIN1,10.188155,3.6012595
2718,CDIP1,6.8325067,4.361501
2719,CDIPT,11.565616,1.0219933
2720,CDIPTOSP,9.469819,13.931054
2721,CDK1,7.916537,0.96733445
2722,CDK10,8.235852,1.4545383
2723,CDK11A,6.9524016,2.9338536
2724,CDK11B,6.850475,2.9091444
2725,CDK12,7.7051287,7.256278
2726,CDK13,7.6760015,7.3176594
2727,CDK14,9.672433,4.1921816
2728,CDK15,9.93375,4.2459927
2729,CDK16,7.680875,2.0534267
2730,CDK17,7.605022,2.0595737
2731,CDK18,7.8523636,1.9156286
2732,CDK19,7.537075,1.2848344
2733,CDK2,7.8900766,0.9201983
2734,CDK20,8.142847,1.2957989
2735,CDK2AP1,5.8038936,3.0811725
2736,CDK2AP2,5.8008327,3.281091
2737,CDK3,7.9702954,1.0066999
2738,CDK4,8.149455,1.4270488
2739,CDK5,7.9583597,0.96550703
2740,CDK5R1,8.086386,3.7174313
2741,CDK5R2,7.5379443,5.8172126
2742,CDK5RAP1,9.826209,2.1425252
2743,CDK5RAP2,9.900605,8.943448
2744,CDK5RAP3,10.823342,10.569289
2745,CDK6,8.230161,1.4872992
2746,CDK7,8.187635,1.4423912
2747,CDK8,7.516743,0.8654751
2748,CDK9,8.635334,1.8895463
2749,CDKAL1,9.414521,1.9661499
2750,CDKL1,8.229475,1.4759649
2751,CDKL2,9.725109,4.472068
2752,CDKL3,10.220205,8.148118
2753,CDKL4,9.847236,4.3781824
2754,CDKL5,8.722412,7.7350917
2755,CDKN1A,8.402202,6.0522604
2756,CDKN1B,8.125022,5.1864204
2757,CDKN1C,7.3134775,5.749606
2758,CDKN2A,10.53455,3.171864
2759,CDKN2A-AS1,8.962179,13.9253025
2760,CDKN2AIP,8.055955,7.516854
2761,CDKN2AIPNL,10.748355,11.435637
2762,CDKN2B,10.346468,2.6807625
2763,CDKN2C,10.229122,2.6345413
2764,CDKN2D,10.530431,3.1826334
2765,CDKN3,9.753873,3.0488257
2766,CDNF,8.521265,3.6056228
2767,CDO1,9.210441,1.6306589
2768,CDON,13.325314,6.6436014
2769,CDPF1,7.2370687,2.5368228
2770,CDR1,7.6406064,9.642218
2771,CDR2,8.502605,5.3235555
2772,CDR2L,8.41105,5.4425106
2773,CDRT15,9.501288,10.45561
2774,CDRT15L2,9.70977,11.322063
2775,CDRT15P3,9.799938,12.869473
2776,CDRT4,9.669222,13.092806
2777,CDS1,11.712464,1.6429476
2778,CDS2,11.570649,1.5219154
2779,CDSN,8.5647,9.549312
2780,CDT1,8.013442,4.3953753
2781,CDV3,6.297912,3.171335
2782,CDX1,5.5027766,4.7175136
2783,CDX2,5.2798877,4.360955
2784,CDX4,7.1943703,6.655227
2785,CDY1,10.285945,7.8676367
2786,CDY1B,10.289978,7.8826456
2787,CDY2A,10.263943,7.869615
2788,CDY2B,10.261706,7.8440604
2789,CDYL,9.39813,6.3787766
2790,CDYL2,9.7052355,6.034152
2791,CEACAM1,15.502533,5.9748774
2792,CEACAM16,12.653021,6.2065334
2793,CEACAM18,12.9125805,7.302223
2794,CEACAM19,15.205508,6.122268
2795,CEACAM20,12.926814,7.038216
2796,CEACAM21,15.444686,6.060008
2797,CEACAM3,15.211628,6.0511117
2798,CEACAM4,15.25753,6.07403
2799,CEACAM5,15.514273,5.977988
2800,CEACAM6,15.567275,5.9829307
2801,CEACAM7,15.5947,6.0144386
2802,CEACAM8,15.568686,5.9848943
2803,CEBPA,5.608601,4.8058095
2804,CEBPB,6.7970443,5.921313
2805,CEBPD,5.840315,5.024225
2806,CEBPE,7.0734754,6.197167
2807,CEBPG,6.0321355,2.9962802
2808,CEBPZ,9.037764,4.5620966
2809,CEBPZOS,10.470077,1.2626846
2810,CECR2,8.691407,8.922059
2811,CECR9,9.396455,13.991611
2812,CEFIP,9.318588,10.280082
2813,CEL,13.817791,4.814353
2814,CELA1,13.992299,3.8027809
2815,CELA2A,13.996568,3.782032
2816,CELA2B,13.981023,3.861417
2817,CELA3A,13.98444,3.8246174
2818,CELA3B,13.992379,3.7769454
2819,CELF1,6.0470443,3.2273123
2820,CELF2,5.928732,3.172675
2821,CELF2-AS1,9.3427725,14.019778
2822,CELF3,5.919324,3.0599372
2823,CELF4,5.8037806,3.0314279
2824,CELF5,6.0590982,3.1525965
2825,CELF6,6.3291016,3.5596082
2826,CELSR1,13.166153,6.5120535
2827,CELSR2,13.087719,6.4212794
2828,CELSR3,12.677075,6.4187703
2829,CEMIP,12.908554,8.02105
2830,CEMIP2,12.873302,8.056084
2831,CEMP1,10.066392,14.210595
2832,CENATAC,7.99883,3.920828
2833,CEND1,6.6990366,3.6391602
2834,CENPA,9.18649,1.9078771
2835,CENPB,11.030044,7.1739397
2836,CENPBD1P,10.335683,6.944861
2837,CENPC,9.784692,10.531173
2838,CENPE,9.863135,8.345737
2839,CENPF,10.005267,8.807154
2840,CENPH,9.097561,4.982179
2841,CENPI,10.9993105,10.6379
2842,CENPJ,9.25932,8.6965475
2843,CENPK,9.138302,4.0313525
2844,CENPL,11.078102,8.712254
2845,CENPM,8.840892,1.6600654
2846,CENPN,10.670225,7.345218
2847,CENPO,10.200165,5.0385327
2848,CENPP,9.781046,4.40369
2849,CENPQ,10.31091,7.6693935
2850,CENPS,7.232458,2.248938
2851,CENPT,8.118724,7.4267907
2852,CENPU,9.203876,8.344835
2853,CENPV,7.4272623,4.5031204
2854,CENPVL1,8.9149065,6.945593
2855,CENPVL2,8.9197035,6.9310746
2856,CENPVL3,8.920487,6.9890513
2857,CENPW,8.145787,2.5409954
2858,CENPX,8.249472,1.2848027
2859,CEP104,9.363436,4.6108794
2860,CEP112,9.829205,8.258857
2861,CEP120,9.834308,5.766708
2862,CEP126,9.715579,10.967918
2863,CEP128,10.00541,8.736881
2864,CEP131,8.31182,5.5506344
2865,CEP135,9.908599,8.464942
2866,CEP15,10.950562,11.18982
2867,CEP152,10.057605,9.16585
2868,CEP162,9.895538,8.796052
2869,CEP164,8.382794,5.674113
2870,CEP170,8.555089,8.565174
2871,CEP170B,8.299739,8.099225
2872,CEP170P1,10.265553,11.442008
2873,CEP19,10.747179,8.032787
2874,CEP192,9.889935,10.558748
2875,CEP20,8.643224,4.26086
2876,CEP250,9.696176,8.6698065
2877,CEP290,9.945916,8.48901
2878,CEP295,8.886135,10.482719
2879,CEP295NL,9.399369,10.514242
2880,CEP350,9.6131115,10.2198515
2881,CEP41,7.418444,3.9039083
2882,CEP43,6.743727,3.2789938
2883,CEP44,9.766709,6.7937956
2884,CEP55,8.837842,5.3155494
2885,CEP57,8.292184,4.74824
2886,CEP57L1,7.7619157,3.6840417
2887,CEP63,9.770918,8.127745
2888,CEP68,9.2178545,10.000073
2889,CEP70,10.553321,8.843256
2890,CEP72,9.451843,6.8872156
2891,CEP76,11.106198,8.26072
2892,CEP78,9.31162,6.2406754
2893,CEP83,9.925567,8.479714
2894,CEP85,9.761233,8.876609
2895,CEP85L,9.883216,8.861006
2896,CEP89,9.678745,7.688753
2897,CEP95,9.4997835,6.7524447
2898,CEP97,9.457314,7.8238683
2899,CEPT1,12.05187,1.7821254
2900,CER1,12.707494,7.098163
2901,CERCAM,12.470572,4.4780836
2902,CERK,9.964899,3.064413
2903,CERKL,9.782534,3.6598575
2904,CERS1,12.64784,1.2848274
2905,CERS2,11.822415,1.4573605
2906,CERS3,12.184616,2.141438
2907,CERS4,12.23254,1.9781665
2908,CERS5,12.104462,1.9206481
2909,CERS6,12.017663,1.7521832
2910,CERT1,8.831679,3.5048673
2911,CES1,10.337098,-0.12955031
2912,CES1P1,13.254197,4.3385973
2913,CES2,10.418502,0.031166477
2914,CES3,13.094102,4.4696183
2915,CES4A,13.474131,4.2745028
2916,CES5A,13.385108,4.367208
2917,CETN1,7.7684207,0.9626212
2918,CETN2,7.7630687,0.90458935
2919,CETN3,7.9708986,1.2253201
2920,CETP,13.015877,6.373893
2921,CFAP100,8.858323,4.892
2922,CFAP107,10.130802,7.421945
2923,CFAP119,10.537077,9.372014
2924,CFAP126,9.977084,12.400104
2925,CFAP141,10.993467,11.16105
2926,CFAP144,10.294308,11.688691
2927,CFAP144P1,10.291467,11.715283
2928,CFAP157,8.941834,5.2744184
2929,CFAP161,10.10732,5.0956216
2930,CFAP184,8.154421,5.2466702
2931,CFAP20,7.3678446,0.9997785
2932,CFAP206,10.912045,10.820937
2933,CFAP20DC,8.8701935,8.134877
2934,CFAP210,9.128068,4.9682665
2935,CFAP221,10.794354,9.1735
2936,CFAP251,10.776508,7.8602448
2937,CFAP263,9.181925,4.726138
2938,CFAP276,10.203432,11.580456
2939,CFAP298,10.177729,6.836953
2940,CFAP299,10.6922245,11.851337
2941,CFAP300,10.038939,5.615136
2942,CFAP337,10.984404,8.909332
2943,CFAP36,7.5653286,3.6205914
2944,CFAP410,10.293489,2.9257667
2945,CFAP418,10.420005,10.937655
2946,CFAP43,10.94224,9.419049
2947,CFAP44,10.814848,8.591415
2948,CFAP45,9.149345,4.8515387
2949,CFAP46,11.018113,9.485421
2950,CFAP47,10.992012,8.602006
2951,CFAP52,9.741727,3.8232844
2952,CFAP53,9.169666,4.950822
2953,CFAP54,11.015908,10.66021
2954,CFAP57,9.799035,5.440485
2955,CFAP58,8.75278,5.269377
2956,CFAP61,11.023604,8.7935295
2957,CFAP65,11.247018,8.373118
2958,CFAP68,10.156474,7.611382
2959,CFAP69,11.027657,9.502201
2960,CFAP70,10.095068,6.017337
2961,CFAP73,8.369682,5.514826
2962,CFAP74,10.469363,6.964134
2963,CFAP77,10.31535,11.291712
2964,CFAP90,10.310342,11.567925
2965,CFAP91,10.782424,9.44845
2966,CFAP92,10.161151,11.832645
2967,CFAP95,10.674179,8.633632
2968,CFAP96,10.235505,11.425844
2969,CFAP97,8.668255,6.528847
2970,CFAP97D1,8.625764,2.8364215
2971,CFAP97D2,8.413854,3.6918733
2972,CFAP99,9.827876,5.641612
2973,CFB,13.488398,7.0271792
2974,CFC1,11.983788,7.1955624
2975,CFC1B,11.997616,7.239371
2976,CFD,14.429856,5.391076
2977,CFDP1,7.356891,3.678528
2978,CFH,13.891747,5.627584
2979,CFHR1,13.948399,5.247881
2980,CFHR2,14.004885,5.2263575
2981,CFHR3,13.960552,5.3167944
2982,CFHR4,15.100402,15.072253
2983,CFHR5,13.956923,5.52197
2984,CFI,13.449955,7.3940454
2985,CFL1,6.7727647,0.6574208
2986,CFL2,8.064998,1.180194
2987,CFLAR,10.358511,6.1394153
2988,CFP,13.421124,6.756347
2989,CFTR,13.540663,2.7699285
2990,CGA,13.2206545,4.8540063
2991,CGAS,8.940643,5.872729
2992,CGB1,14.07987,7.9900875
2993,CGB2,14.090243,7.992625
2994,CGB3,14.090127,7.994087
2995,CGB5,14.090471,7.997169
2996,CGB7,14.076932,7.9806685
2997,CGB8,14.0923,7.9947405
2998,CGGBP1,10.306963,6.7619925
2999,CGN,8.508733,5.140939
3000,CGNL1,9.53109,7.795097
3001,CGREF1,7.9712934,6.724039
3002,CGRRF1,9.853523,4.362455
3003,CH25H,12.827545,2.079209
3004,CHAC1,10.4186735,3.1070914
3005,CHAC2,9.515635,1.3111978
3006,CHAD,13.055665,6.469189
3007,CHADL,11.97381,5.81296
3008,CHAF1A,8.289681,6.4714446
3009,CHAF1B,9.076718,4.26408
3010,CHAMP1,8.607358,9.748037
3011,CHAT,10.633306,4.6628675
3012,CHCHD1,9.38125,3.681407
3013,CHCHD10,6.39705,3.36798
3014,CHCHD2,6.314081,3.141941
3015,CHCHD2P9,6.9787626,3.08197
3016,CHCHD3,7.3306775,2.5778663
3017,CHCHD4,7.235427,2.28235
3018,CHCHD5,8.055931,3.3003087
3019,CHCHD6,7.536907,3.3863213
3020,CHCHD7,8.975687,1.7939627
3021,CHCT1,9.932583,11.395531
3022,CHD1,7.81133,3.8062537
3023,CHD1L,10.104476,4.2061734
3024,CHD2,7.616123,4.140178
3025,CHD3,7.0201745,3.055923
3026,CHD4,7.0124702,2.955314
3027,CHD5,6.936154,2.8418612
3028,CHD6,8.272633,4.5387597
3029,CHD7,6.855999,4.1863565
3030,CHD8,7.087476,3.9479847
3031,CHD9,7.738389,4.0406623
3032,CHD9NB,7.812562,6.5994596
3033,CHDH,9.7326565,1.1685344
3034,CHEK1,9.209964,2.6435025
3035,CHEK2,10.0907345,4.5311065
3036,CHERP,6.9882007,4.866475
3037,CHFR,8.918179,6.9412236
3038,CHGA,7.5005965,4.9987617
3039,CHGB,8.546844,8.408287
3040,CHI3L1,13.888176,4.1545424
3041,CHI3L2,14.108316,4.4022226
3042,CHIA,13.942043,3.8177075
3043,CHIC1,7.6151175,3.4397674
3044,CHIC2,7.30959,2.6271582
3045,CHID1,12.580214,3.9181716
3046,CHIT1,13.85175,3.9195702
3047,CHKA,9.348602,2.8315504
3048,CHKB,9.813383,2.6630023
3049,CHL1,13.673847,5.9931273
3050,CHM,9.515209,4.228547
3051,CHML,9.612398,4.238226
3052,CHMP1A,7.1558576,1.7594092
3053,CHMP1B,7.108133,1.7511723
3054,CHMP2A,7.0860233,1.7899439
3055,CHMP2B,7.3393464,2.1317172
3056,CHMP3,7.089217,1.8466307
3057,CHMP4A,7.528918,2.3261971
3058,CHMP4B,7.11368,2.020432
3059,CHMP4BP1,6.6145577,-0.29758367
3060,CHMP4C,7.3405137,2.2663376
3061,CHMP5,7.34751,2.120242
3062,CHMP6,7.3381324,1.6747117
3063,CHMP7,9.340525,4.252122
3064,CHN1,8.926055,2.4665997
3065,CHN2,8.896549,2.5443583
3066,CHODL,13.208546,5.0711064
3067,CHORDC1,8.281304,2.635033
3068,CHP1,6.9175105,0.756441
3069,CHP2,8.370216,2.014236
3070,CHPF,12.047708,5.7959714
3071,CHPF2,12.042601,5.8100386
3072,CHPT1,12.178857,1.7184765
3073,CHRAC1,7.6984982,2.4806912
3074,CHRD,12.259312,6.481976
3075,CHRDL1,12.74361,7.9256587
3076,CHRDL2,12.63221,7.686545
3077,CHRFAM7A,11.377804,2.06654
3078,CHRM1,13.358962,1.2412822
3079,CHRM2,13.496348,1.1415211
3080,CHRM3,13.52415,1.1524562
3081,CHRM4,13.396731,1.1556488
3082,CHRM5,13.444605,1.1870123
3083,CHRNA1,11.725555,2.2519462
3084,CHRNA10,11.470048,4.007813
3085,CHRNA2,11.385728,1.8357542
3086,CHRNA3,11.646003,2.1795263
3087,CHRNA4,11.376204,1.8715305
3088,CHRNA5,11.701381,2.207607
3089,CHRNA6,11.71861,2.1776416
3090,CHRNA7,11.363561,2.0938036
3091,CHRNA9,11.701237,2.266567
3092,CHRNB1,11.740259,2.2329764
3093,CHRNB2,11.623321,2.178097
3094,CHRNB3,11.760021,2.2426455
3095,CHRNB4,11.679545,2.212073
3096,CHRND,11.675734,2.1851156
3097,CHRNE,11.578182,2.2079616
3098,CHRNG,11.688937,2.1685307
3099,CHST1,13.188337,5.6648135
3100,CHST10,13.887342,4.9881067
3101,CHST11,13.458931,4.4126306
3102,CHST12,12.654799,4.9150653
3103,CHST13,11.916812,4.9491396
3104,CHST14,12.084873,5.5992107
3105,CHST15,13.6111355,5.3015966
3106,CHST2,12.163603,5.797396
3107,CHST3,12.861267,5.7502
3108,CHST4,12.832557,4.525454
3109,CHST5,12.27602,4.6423426
3110,CHST6,12.197794,4.53795
3111,CHST7,11.988792,5.683176
3112,CHST8,12.447775,4.674382
3113,CHST9,13.739962,4.9479823
3114,CHSY1,13.264729,4.567262
3115,CHSY3,13.102889,4.6711235
3116,CHTF18,9.112946,5.023191
3117,CHTF8,8.19673,2.7264311
3118,CHTOP,6.118918,3.0217097
3119,CHUK,10.900546,7.902442
3120,CHURC1,10.709184,11.638765
3121,CIAO1,9.158864,2.4807906
3122,CIAO2A,8.595206,1.3582779
3123,CIAO2B,8.482494,0.8198625
3124,CIAO3,9.75354,2.124971
3125,CIAPIN1,8.161519,3.1197133
3126,CIART,8.932615,8.853546
3127,CIB1,8.310279,1.9032801
3128,CIB2,7.9579678,1.5071471
3129,CIB3,8.295702,1.9344239
3130,CIB4,10.149025,4.0438147
3131,CIBAR1,7.9269757,3.0594606
3132,CIBAR2,8.528707,4.124298
3133,CIC,8.049243,8.086753
3134,CIDEA,8.61059,4.032816
3135,CIDEB,8.598373,4.2436357
3136,CIDEC,8.618042,4.454289
3137,CIITA,11.441556,7.8937254
3138,CILK1,8.207248,4.846553
3139,CILP,10.675419,11.257953
3140,CILP2,12.000026,8.082789
3141,CIMAP1A,8.956338,3.8732212
3142,CIMAP1B,9.003809,3.9307203
3143,CIMAP1C,9.951193,7.291412
3144,CIMAP1D,8.943096,7.1510744
3145,CIMAP2,10.694852,9.228763
3146,CIMAP3,9.205233,5.479031
3147,CIMIP1,10.291834,11.894059
3148,CIMIP2A,9.760167,7.1761765
3149,CIMIP2B,12.222754,5.095351
3150,CIMIP2C,10.090103,7.4280295
3151,CIMIP3,9.9696455,11.97767
3152,CIMIP4,9.193167,8.36627
3153,CINP,10.841956,10.995155
3154,CIP2A,10.871147,8.348548
3155,CIPC,8.291489,7.706936
3156,CIR1,7.557051,4.097175
3157,CIRBP,6.163637,2.4777417
3158,CIRBP-AS1,9.208419,13.900109
3159,CIROP,12.061015,7.305875
3160,CISD1,7.790369,1.7754437
3161,CISD2,7.6479435,1.9490515
3162,CISD3,9.555682,1.9847479
3163,CISH,9.704634,6.4087896
3164,CIST1,8.537267,9.869103
3165,CIT,9.923669,7.6427884
3166,CITED1,7.248439,6.2103124
3167,CITED2,6.2742043,4.882791
3168,CITED4,6.8174734,5.941038
3169,CIZ1,7.8460503,7.3487225
3170,CKAP2,8.993816,8.120881
3171,CKAP2L,9.004427,8.304423
3172,CKAP4,9.56394,7.903812
3173,CKAP5,9.365839,4.4868855
3174,CKB,8.843404,1.4293424
3175,CKLF,12.426168,1.4256173
3176,CKM,8.91245,1.4671427
3177,CKMT1A,9.297113,1.7964829
3178,CKMT1B,9.345204,1.8090038
3179,CKMT2,9.521466,1.887969
3180,CKS1B,6.472296,0.11646462
3181,CKS2,6.6091475,0.46678603
3182,CLASP1,6.373934,2.783246
3183,CLASP2,6.535466,3.0297823
3184,CLASRP,6.5118194,3.1553557
3185,CLBA1,9.467364,10.403438
3186,CLC,10.518886,3.9765406
3187,CLCA1,13.6126585,4.8559427
3188,CLCA2,13.628342,4.934299
3189,CLCA3P,13.688439,4.7929935
3190,CLCA4,13.620035,4.8414125
3191,CLCC1,10.322511,8.209457
3192,CLCF1,11.943816,5.2839236
3193,CLCN1,12.140444,2.4890065
3194,CLCN2,11.438107,1.3936154
3195,CLCN3,11.962224,2.007546
3196,CLCN4,11.976952,1.9529171
3197,CLCN5,12.011333,2.0185232
3198,CLCN6,12.704849,2.8394203
3199,CLCN7,11.931174,1.8992001
3200,CLCNKA,12.424239,1.3320953
3201,CLCNKB,12.310143,1.5473723
3202,CLDN1,12.627303,0.8235407
3203,CLDN10,11.462871,0.9128166
3204,CLDN11,12.843169,1.065518
3205,CLDN12,13.883641,2.7166445
3206,CLDN14,12.756883,0.9324355
3207,CLDN15,12.715969,0.91390914
3208,CLDN16,12.884218,2.6698964
3209,CLDN17,12.905206,1.0582577
3210,CLDN18,12.783764,0.89967823
3211,CLDN19,12.626579,0.7973603
3212,CLDN2,12.866928,0.95465714
3213,CLDN20,13.026173,1.071965
3214,CLDN22,13.268085,1.4941523
3215,CLDN23,12.096118,6.613278
3216,CLDN24,13.258869,1.4902493
3217,CLDN25,13.439682,1.8163091
3218,CLDN3,12.478416,0.77326685
3219,CLDN34,13.477441,2.457291
3220,CLDN4,12.513367,0.7491828
3221,CLDN5,12.645523,0.8117512
3222,CLDN6,12.516508,0.7644192
3223,CLDN7,12.5715885,0.78113323
3224,CLDN8,12.85,0.9896667
3225,CLDN9,12.544207,0.72235096
3226,CLDND1,12.823108,2.5616043
3227,CLDND2,13.019479,1.6346289
3228,CLEC10A,13.058851,5.2032585
3229,CLEC11A,12.056594,6.261328
3230,CLEC12A,14.886154,6.4865174
3231,CLEC12B,14.943835,6.4520802
3232,CLEC14A,12.082141,7.2734227
3233,CLEC16A,9.636264,6.056729
3234,CLEC17A,12.909444,6.593718
3235,CLEC18A,12.817077,6.3519187
3236,CLEC18B,12.862307,6.435258
3237,CLEC18C,12.818413,6.3594894
3238,CLEC19A,14.215126,5.3764944
3239,CLEC1A,14.85461,6.5018854
3240,CLEC1B,14.876927,6.4966145
3241,CLEC20A,12.90412,7.5926533
3242,CLEC2A,14.803873,6.506078
3243,CLEC2B,14.82812,6.4833155
3244,CLEC2D,14.781033,6.467318
3245,CLEC2L,12.418889,6.2226686
3246,CLEC3A,13.790982,5.8558826
3247,CLEC3B,13.64235,5.238441
3248,CLEC4A,15.243335,6.0609827
3249,CLEC4C,15.026748,6.330115
3250,CLEC4D,14.888396,6.429815
3251,CLEC4E,14.856789,6.506039
3252,CLEC4F,9.372158,8.908047
3253,CLEC4G,12.631546,5.2499237
3254,CLEC4M,13.228283,5.8343434
3255,CLEC5A,14.84988,6.514634
3256,CLEC6A,14.853142,6.3392715
3257,CLEC7A,15.215673,6.1759644
3258,CLEC9A,14.842068,6.522093
3259,CLECL1P,10.238589,13.398331
3260,CLGN,9.218605,4.557717
3261,CLHC1,10.941633,8.633105
3262,CLIC1,9.193654,1.4382436
3263,CLIC2,9.3157,1.6369207
3264,CLIC3,10.134965,2.3071494
3265,CLIC4,8.106146,0.9848416
3266,CLIC5,8.840404,5.0495577
3267,CLIC6,8.112048,7.020059
3268,CLINT1,6.2245383,4.169107
3269,CLIP1,7.5450788,3.4101508
3270,CLIP2,8.47119,5.0958867
3271,CLIP3,9.449218,5.2606783
3272,CLIP4,8.959405,4.5631194
3273,CLK1,9.673833,3.82963
3274,CLK2,9.5068245,3.6292963
3275,CLK3,9.555318,3.7622244
3276,CLK4,9.666734,3.7861938
3277,CLLU1,9.192147,13.597254
3278,CLLU1-AS1,9.236315,13.646747
3279,CLMN,9.159764,8.798831
3280,CLMP,13.523925,5.453425
3281,CLN3,12.244399,1.1807318
3282,CLN5,10.51123,11.828974
3283,CLN6,10.753384,11.505113
3284,CLN8,12.872758,2.1150107
3285,CLNK,9.236463,8.342606
3286,CLNS1A,6.978735,2.6290474
3287,CLOCK,6.01365,3.6822188
3288,CLP1,9.307757,2.5816264
3289,CLPB,9.840487,3.5717437
3290,CLPP,8.893648,0.75989103
3291,CLPS,13.149689,4.7398043
3292,CLPSL1,12.904538,7.733019
3293,CLPSL2,12.92457,5.0660696
3294,CLPTM1,9.268136,3.061584
3295,CLPTM1L,11.35542,1.5148702
3296,CLPX,8.492757,2.3158789
3297,CLRN1,12.164386,1.878087
3298,CLRN2,12.613992,2.456436
3299,CLRN3,12.287349,1.7721691
3300,CLSPN,8.978028,8.5899935
3301,CLSTN1,13.041074,7.797707
3302,CLSTN2,13.129107,7.728689
3303,CLSTN3,12.946778,7.910776
3304,CLTA,6.7973666,2.8249621
3305,CLTB,6.9577875,2.8622043
3306,CLTC,10.166722,5.015538
3307,CLTCL1,10.214676,5.1019454
3308,CLTRN,13.121995,4.763378
3309,CLU,10.618671,9.4711685
3310,CLUAP1,7.9127045,3.1005256
3311,CLUH,10.282563,6.5490603
3312,CLUHP3,9.7589655,14.091281
3313,CLUL1,10.595747,10.621574
3314,CLVS1,10.294984,4.947316
3315,CLVS2,10.202189,4.6189356
3316,CLXN,8.685797,2.9376948
3317,CLYBL,9.533577,1.6856503
3318,CMA1,14.585899,5.3936524
3319,CMAHP,11.014132,8.455775
3320,CMAS,10.119443,2.3340406
3321,CMBL,10.548838,4.15329
3322,CMC1,7.797416,1.7767961
3323,CMC2,7.541716,1.8383195
3324,CMC4,7.5907226,2.2530804
3325,CMIP,10.933597,10.032214
3326,CMKLR1,13.680235,1.3263698
3327,CMKLR2,13.978436,1.5823139
3328,CMPK1,8.676836,0.5907584
3329,CMPK2,11.075594,5.954431
3330,CMSS1,9.177128,3.0589793
3331,CMTM1,12.6870775,2.7677913
3332,CMTM2,8.001098,4.571956
3333,CMTM3,11.53489,0.9683513
3334,CMTM4,12.301275,1.6761028
3335,CMTM5,12.741902,1.9334964
3336,CMTM6,12.261917,1.2205172
3337,CMTM7,11.967037,0.8252758
3338,CMTM8,11.96386,0.7369311
3339,CMTR1,10.450833,6.274563
3340,CMTR2,10.67596,7.1498623
3341,CMYA5,8.932603,10.4999695
3342,CNBD1,10.972945,9.015642
3343,CNBD2,11.00704,8.888168
3344,CNBP,7.2693253,3.4097478
3345,CNDP1,13.294439,4.052505
3346,CNDP2,9.068188,0.94800115
3347,CNEP1R1,11.359064,1.2007192
3348,CNFN,10.306175,1.8924233
3349,CNGA1,11.498812,2.3936718
3350,CNGA2,11.546813,2.3397555
3351,CNGA3,11.472397,2.3230557
3352,CNGA4,12.436238,3.0298042
3353,CNGB1,8.381215,6.7320285
3354,CNGB3,12.066556,3.235659
3355,CNIH1,11.285841,0.7811161
3356,CNIH2,11.342327,0.93124664
3357,CNIH3,11.279521,0.77405226
3358,CNIH4,11.285102,0.78205645
3359,CNK3/IPCEF1,8.406904,5.26609
3360,CNKSR1,9.225076,6.2445693
3361,CNKSR2,7.529279,4.390538
3362,CNKSR3,8.7160635,5.600537
3363,CNMD,13.229704,6.337044
3364,CNN1,8.116564,3.2358596
3365,CNN2,7.866772,3.3007526
3366,CNN3,7.9127197,3.4757261
3367,CNNM1,11.352255,5.149556
3368,CNNM2,11.351368,2.526079
3369,CNNM3,11.451248,4.9521484
3370,CNNM4,11.317931,2.5951364
3371,CNOT1,10.920007,8.303241
3372,CNOT10,9.975767,5.2991714
3373,CNOT11,7.9511805,4.918145
3374,CNOT2,6.932939,5.675502
3375,CNOT3,6.2649484,3.24719
3376,CNOT4,6.9750867,5.367146
3377,CNOT6,9.578748,2.9915044
3378,CNOT6L,9.386475,2.8030877
3379,CNOT7,8.433601,1.0399014
3380,CNOT8,8.715553,1.2754658
3381,CNOT9,8.235497,2.1554291
3382,CNP,10.529915,6.547382
3383,CNPPD1,11.138909,4.877473
3384,CNPY1,10.621621,11.980013
3385,CNPY2,7.736116,3.1214468
3386,CNPY3,7.698395,3.9961329
3387,CNPY4,7.86973,3.9847033
3388,CNR1,13.875617,2.678636
3389,CNR2,13.459392,1.8025882
3390,CNRIP1,10.734658,11.551907
3391,CNST,9.067847,8.7002945
3392,CNTD1,10.283233,4.41241
3393,CNTF,13.407031,6.545364
3394,CNTFR,12.660425,5.8756447
3395,CNTLN,10.084248,8.915753
3396,CNTN1,13.722901,6.300446
3397,CNTN2,13.696729,6.2563925
3398,CNTN3,13.720349,6.187247
3399,CNTN4,13.775239,6.2390666
3400,CNTN5,13.671566,6.2780766
3401,CNTN6,13.722478,6.246773
3402,CNTNAP1,13.177941,6.0581574
3403,CNTNAP2,13.10684,4.7197375
3404,CNTNAP3,12.91176,4.8263626
3405,CNTNAP3B,12.934496,4.8576093
3406,CNTNAP3C,12.9581785,4.812794
3407,CNTNAP4,13.047131,4.7190456
3408,CNTNAP5,13.072101,4.71687
3409,CNTRL,10.010015,8.703484
3410,CNTROB,9.747882,8.952306
3411,COA1,9.849385,3.6486425
3412,COA3,8.125009,3.0809212
3413,COA4,7.7659063,3.0415008
3414,COA5,8.085106,2.044389
3415,COA6,8.897932,6.693716
3416,COA7,9.953712,4.5552473
3417,COA8,9.018374,2.279656
3418,COASY,10.402637,4.821806
3419,COBL,8.919427,8.998107
3420,COBLL1,8.79067,8.665117
3421,COCH,13.565898,6.05595
3422,COG1,10.9458475,7.9176574
3423,COG2,9.747117,4.553226
3424,COG3,9.737491,4.5186625
3425,COG4,9.77946,4.5766788
3426,COG5,9.749047,4.645419
3427,COG6,8.857793,2.840284
3428,COG7,10.088215,5.321865
3429,COG8,9.556292,4.130605
3430,COIL,8.776981,7.6677036
3431,COL10A1,3.6976047,3.626834
3432,COL11A1,3.7469687,3.5956137
3433,COL11A2,3.7226748,3.6069713
3434,COL12A1,13.613255,5.452658
3435,COL13A1,3.697064,3.6255476
3436,COL14A1,13.651983,5.3580203
3437,COL15A1,12.776384,5.8605475
3438,COL16A1,3.698754,3.6363988
3439,COL17A1,7.226952,7.203663
3440,COL18A1,12.614896,5.7700467
3441,COL19A1,3.670054,3.6658337
3442,COL1A1,3.8014553,3.5850735
3443,COL1A2,3.7339826,3.601229
3444,COL20A1,12.419056,6.093294
3445,COL21A1,13.341217,5.3655615
3446,COL22A1,3.7024086,3.6252532
3447,COL23A1,3.701951,3.6222508
3448,COL24A1,3.6893628,3.6446908
3449,COL25A1,3.6944265,3.629507
3450,COL25A1-DT,10.282872,11.421329
3451,COL26A1,12.419695,5.253243
3452,COL27A1,3.6953588,3.6393912
3453,COL28A1,13.304651,5.4003367
3454,COL2A1,3.8279595,3.577965
3455,COL3A1,3.7380424,3.5998886
3456,COL4A1,3.687642,3.633198
3457,COL4A2,3.6784163,3.645185
3458,COL4A3,3.6439843,3.6769311
3459,COL4A4,3.6840143,3.6417902
3460,COL4A5,3.6937916,3.6279135
3461,COL4A6,3.643493,3.6782465
3462,COL5A1,3.7354085,3.6001005
3463,COL5A1-AS1,9.199514,13.459492
3464,COL5A2,3.7320714,3.6001477
3465,COL5A3,3.6922371,3.627028
3466,COL6A1,13.271553,5.29017
3467,COL6A2,13.269159,5.362689
3468,COL6A3,13.681208,6.311851
3469,COL6A5,13.772874,6.576211
3470,COL6A6,13.644934,6.4785166
3471,COL7A1,12.712226,5.869205
3472,COL8A1,3.694451,3.6289263
3473,COL8A2,3.6993635,3.6277916
3474,COL9A1,3.6941266,3.6360765
3475,COL9A2,3.6824434,3.6366518
3476,COL9A3,3.6828039,3.636383
3477,COLCA1,9.7467375,14.09477
3478,COLEC10,13.442137,5.465578
3479,COLEC11,13.4279175,5.3652673
3480,COLEC12,13.3542185,6.569053
3481,COLGALT1,12.613123,4.1589966
3482,COLGALT2,13.236614,4.311389
3483,COLQ,3.7153974,3.6425946
3484,COMMD1,8.694719,2.3691428
3485,COMMD10,7.8700995,1.0524824
3486,COMMD2,9.111751,2.609198
3487,COMMD3,9.179766,2.8373654
3488,COMMD4,8.461205,1.7628711
3489,COMMD5,10.17259,3.766551
3490,COMMD6,7.093278,1.1206278
3491,COMMD7,7.7781825,1.0147213
3492,COMMD8,9.008083,2.7815654
3493,COMMD9,8.665459,1.932792
3494,COMP,13.27934,5.029891
3495,COMT,10.466169,2.5025415
3496,COMTD1,10.887336,3.2591612
3497,COP1,9.624346,4.783365
3498,COPA,9.73929,3.9748118
3499,COPB1,8.694962,2.5383868
3500,COPB2,8.863017,2.452089
3501,COPE,7.90151,2.2035468
3502,COPG1,8.46869,2.2532458
3503,COPG2,8.581358,2.3043215
3504,COPRS,9.786315,11.720315
3505,COPS2,8.492956,2.367965
3506,COPS3,8.68697,2.4767675
3507,COPS4,8.733851,2.6265292
3508,COPS5,8.1521435,1.9762532
3509,COPS6,8.051278,2.1238673
3510,COPS7A,9.006471,3.2358549
3511,COPS7B,8.043621,2.4272063
3512,COPS8,7.9477034,2.0899286
3513,COPS9,10.10272,11.611134
3514,COPZ1,6.9072247,0.69939655
3515,COPZ2,8.04697,1.8291887
3516,COQ10A,9.299715,2.0554826
3517,COQ10B,9.049458,1.9892529
3518,COQ2,11.742745,0.9078097
3519,COQ3,10.191834,5.9553313
3520,COQ4,10.437166,2.7548869
3521,COQ5,9.5317335,1.5615208
3522,COQ6,9.972794,2.0373688
3523,COQ7,9.4068165,1.3200511
3524,COQ8A,10.785856,1.9102278
3525,COQ8B,10.485083,2.5847628
3526,COQ9,8.438042,3.0958185
3527,CORIN,13.605701,6.8948994
3528,CORO1A,9.009852,2.011203
3529,CORO1B,7.8700395,1.3806372
3530,CORO1C,7.6427474,1.1056381
3531,CORO2A,9.678448,3.6744711
3532,CORO2B,9.545125,3.2425067
3533,CORO6,7.8171167,1.2696639
3534,CORO7,9.613313,4.335054
3535,CORT,8.212574,5.9297566
3536,COTL1,8.194698,0.59836084
3537,COX10,11.917032,2.0298865
3538,COX11,9.402929,2.0193229
3539,COX14,10.565578,1.1116692
3540,COX15,11.738011,0.9172551
3541,COX16,8.315085,2.6578739
3542,COX17,7.442037,2.1557977
3543,COX18,12.035807,2.0264564
3544,COX19,7.446945,2.0078745
3545,COX20,10.638125,1.1754249
3546,COX4I1,8.615596,2.2255526
3547,COX4I2,9.133523,3.2462466
3548,COX5A,9.361225,1.9191357
3549,COX5B,9.697644,1.7422823
3550,COX6A1,10.026652,1.4757667
3551,COX6A2,9.965606,1.5225254
3552,COX6B1,8.633873,0.7371064
3553,COX6B2,9.4005575,3.3383083
3554,COX6C,10.451391,1.2775984
3555,COX7A1,10.442646,1.1788133
3556,COX7A2,10.507745,1.1235496
3557,COX7A2L,10.176533,1.2947248
3558,COX7A2P2,9.238995,6.67028
3559,COX7B,10.464635,1.2145231
3560,COX7B2,10.609133,1.3456283
3561,COX7C,10.516217,1.1232464
3562,COX8A,8.932631,5.643474
3563,COX8C,8.832135,5.826558
3564,CP,13.623803,4.5202956
3565,CPA1,13.816582,3.910661
3566,CPA2,13.778837,3.8995676
3567,CPA3,13.759413,4.2287526
3568,CPA4,13.72449,4.0029044
3569,CPA5,13.70327,4.0357747
3570,CPA6,13.694132,4.192416
3571,CPAMD8,12.990301,6.427329
3572,CPB1,13.799157,4.054163
3573,CPB2,13.812226,4.295385
3574,CPD,13.68869,4.5053544
3575,CPE,13.394066,4.2789907
3576,CPEB1,8.0361,6.42871
3577,CPEB2,5.969144,3.7282112
3578,CPEB3,6.3466773,4.803332
3579,CPEB4,6.801759,5.397083
3580,CPED1,11.997127,8.368503
3581,CPHXL,9.592739,10.352002
3582,CPHXL2,9.689496,10.462569
3583,CPLANE1,10.955112,10.832492
3584,CPLANE2,10.517493,5.0793447
3585,CPLX1,6.9871535,2.3475728
3586,CPLX2,6.992581,2.3507824
3587,CPLX3,6.930714,2.4584155
3588,CPLX4,7.049147,2.437668
3589,CPM,13.722196,4.342492
3590,CPN1,13.58663,4.289402
3591,CPN2,12.292067,6.316542
3592,CPNE1,9.599127,2.1392395
3593,CPNE2,8.994802,1.7184652
3594,CPNE3,8.942661,1.530778
3595,CPNE4,8.113624,1.2858249
3596,CPNE5,7.661963,1.0636579
3597,CPNE6,9.649912,2.6474996
3598,CPNE7,9.513245,3.507309
3599,CPNE8,7.6946154,1.030088
3600,CPNE9,7.9716682,1.1032903
3601,CPO,13.745437,4.1667376
3602,CPOX,10.121754,3.1968362
3603,CPPED1,9.764537,2.2230752
3604,CPQ,13.568325,3.9866345
3605,CPS1,9.955237,1.6529821
3606,CPSF1,10.491456,6.0499682
3607,CPSF2,8.941225,2.7053518
3608,CPSF3,9.113205,1.8316933
3609,CPSF4,6.6186175,2.8504398
3610,CPSF4L,8.500629,3.4581497
3611,CPSF6,6.6798167,4.5716424
3612,CPSF7,6.8414464,3.9578705
3613,CPT1A,11.209522,1.6714311
3614,CPT1B,11.195792,1.747147
3615,CPT1C,11.86073,3.494636
3616,CPT2,10.199757,2.379589
3617,CPTP,11.00415,8.089851
3618,CPVL,13.4719095,4.0172296
3619,CPXCR1,9.863349,12.740701
3620,CPXM1,12.856138,4.9150734
3621,CPXM2,13.111697,4.701712
3622,CPZ,13.093397,5.9221816
3623,CR1,7.520144,9.726419
3624,CR1L,13.64331,6.4810023
3625,CR2,13.686688,6.5757256
3626,CRABP1,8.514788,0.3855192
3627,CRABP2,8.548344,0.4172969
3628,CRACD,8.130127,7.7882557
3629,CRACDL,8.148727,7.9043975
3630,CRACR2A,8.663492,4.189062
3631,CRACR2B,7.850938,4.9446616
3632,CRADD,8.883,1.917541
3633,CRAMP1,8.365617,8.308273
3634,CRAT,10.399893,2.5477877
3635,CRB1,13.659437,7.076591
3636,CRB2,12.180843,6.2413373
3637,CRB3,7.211896,3.448168
3638,CRBN,10.276258,6.0866227
3639,CRCP,7.1012344,1.3484427
3640,CRCT1,2.4649734,9.292595
3641,CREB1,5.8033314,3.2643929
3642,CREB3,9.152136,7.1254525
3643,CREB3L1,7.4926605,5.9687047
3644,CREB3L2,7.5605364,5.9847984
3645,CREB3L3,7.482581,5.20703
3646,CREB3L4,7.575765,5.390258
3647,CREB5,6.4651046,5.2727776
3648,CREBBP,6.2394223,4.307774
3649,CREBL2,6.2944794,2.5490227
3650,CREBRF,8.525162,7.8638306
3651,CREBZF,7.820996,6.9100876
3652,CREG1,12.761896,4.5440226
3653,CREG2,12.436595,6.3660536
3654,CRELD1,12.804056,6.12889
3655,CRELD2,12.993022,5.3574624
3656,CREM,5.8141303,3.2825212
3657,CRH,7.673959,5.5233927
3658,CRHBP,13.329019,7.1441536
3659,CRHR1,12.459213,0.9743977
3660,CRHR2,12.510641,1.0265443
3661,CRIM1,13.6315565,6.80706
3662,CRIP1,7.2219133,0.8300523
3663,CRIP2,6.9808645,1.6791638
3664,CRIP3,8.41097,4.3531237
3665,CRIPT,7.7666283,2.115967
3666,CRIPTO,13.146609,6.926492
3667,CRIPTO3,13.072597,6.9342656
3668,CRISP1,13.856767,5.997806
3669,CRISP2,13.875484,4.7354674
3670,CRISP3,13.836665,4.6531773
3671,CRISPLD1,13.766082,6.6229053
3672,CRISPLD2,13.719197,6.7474217
3673,CRK,8.047427,3.1427402
3674,CRKL,8.096949,2.8951256
3675,CRLF1,12.005243,6.478506
3676,CRLF2,13.089925,6.9931087
3677,CRLF3,11.0577755,8.115686
3678,CRLS1,12.186729,1.1085677
3679,CRMP1,9.536317,1.701149
3680,CRNKL1,9.078243,3.097669
3681,CRNN,8.022429,9.309394
3682,CROCC,9.718852,8.5555315
3683,CROCC2,9.731621,8.6391
3684,CROCCP2,9.61927,8.986967
3685,CROCCP3,9.639532,9.124308
3686,CROT,10.67676,3.813575
3687,CRP,13.728863,4.7503963
3688,CRPPA,10.250571,3.8291895
3689,CRTAC1,13.573646,6.465718
3690,CRTAM,13.870169,6.049016
3691,CRTAP,12.47671,4.953251
3692,CRTC1,5.789318,3.9485698
3693,CRTC2,6.3471894,4.7003217
3694,CRTC3,7.323589,6.8489738
3695,CRX,5.7375846,4.850193
3696,CRY1,9.371173,2.4764528
3697,CRY2,9.57572,2.4909594
3698,CRYAA,7.7728167,2.5910816
3699,CRYAB,7.980849,2.4853868
3700,CRYBA1,8.01793,2.6996841
3701,CRYBA2,8.070666,2.7110386
3702,CRYBA4,8.099433,2.7348692
3703,CRYBB1,8.50492,3.936274
3704,CRYBB2,8.029172,2.7167184
3705,CRYBB3,8.115902,2.7763298
3706,CRYBG1,9.032398,9.286114
3707,CRYBG2,8.565324,8.0110235
3708,CRYBG3,9.61355,10.899293
3709,CRYGA,8.045048,2.6440527
3710,CRYGB,8.057062,2.633466
3711,CRYGC,8.049006,2.567111
3712,CRYGD,8.019803,2.6363342
3713,CRYGN,9.280174,5.174033
3714,CRYGS,8.073767,2.67716
3715,CRYL1,9.64647,1.6059936
3716,CRYM,9.708002,1.2390339
3717,CRYZ,9.628066,0.99089104
3718,CRYZL1,10.56133,4.6330147
3719,CS,9.180047,1.3639326
3720,CSAD,10.068104,2.0382423
3721,CSAG1,9.052292,13.88977
3722,CSAG2,9.446754,13.305779
3723,CSAG3,9.433698,13.253769
3724,CSDC2,7.0328293,3.1692364
3725,CSDE1,13.369695,6.0664454
3726,CSE1L,10.39488,5.129972
3727,CSF1,12.1848135,7.1322346
3728,CSF1R,12.9578,5.9294076
3729,CSF2,12.848218,7.4857144
3730,CSF2RA,13.391841,6.946343
3731,CSF2RB,12.171999,7.1109557
3732,CSF3,11.932294,5.330302
3733,CSF3R,12.171551,6.708642
3734,CSGALNACT1,13.169497,4.5771255
3735,CSGALNACT2,13.226392,4.6615796
3736,CSH1,14.160897,5.5163
3737,CSH2,14.181306,5.5550137
3738,CSHL1,14.196118,5.582209
3739,CSK,8.958393,2.093174
3740,CSKMT,10.946627,4.487495
3741,CSMD1,13.789039,6.414695
3742,CSMD2,13.711649,6.428751
3743,CSMD3,13.757628,6.4797697
3744,CSN1S1,9.348734,10.16154
3745,CSN2,8.809267,9.856894
3746,CSN3,8.874252,9.960116
3747,CSNK1A1,7.5358334,0.8943653
3748,CSNK1A1L,7.8831406,1.0333282
3749,CSNK1D,7.553185,1.1935897
3750,CSNK1E,7.5634894,1.2058551
3751,CSNK1G1,7.543526,1.1807933
3752,CSNK1G2,7.5302596,1.2425754
3753,CSNK1G2-AS1,9.597419,13.466829
3754,CSNK1G3,7.5469484,1.2562792
3755,CSNK2A1,7.50328,1.3221456
3756,CSNK2A2,7.622825,1.1594371
3757,CSNK2A3,7.5325727,1.4134064
3758,CSNK2B,7.699204,1.2396545
3759,CSNKA2IP,9.62509,11.018332
3760,CSPG4,12.271396,6.358593
3761,CSPG5,12.111682,6.992315
3762,CSPP1,8.656802,7.858666
3763,CSRNP1,8.522504,7.42284
3764,CSRNP2,8.386849,6.6424084
3765,CSRNP3,8.102675,6.37661
3766,CSRP1,7.752892,1.2511294
3767,CSRP2,7.7596064,1.2773205
3768,CSRP3,7.748705,1.6392316
3769,CST1,14.269032,5.487245
3770,CST11,14.763792,5.8591313
3771,CST2,14.194871,5.457067
3772,CST3,5.2811255,1.7505885
3773,CST4,14.248181,5.459438
3774,CST5,14.222136,5.3554196
3775,CST6,13.787689,5.3220754
3776,CST7,14.618294,5.1918592
3777,CST8,14.653432,5.794891
3778,CST9,12.231984,7.096809
3779,CST9L,14.8608465,5.9240828
3780,CST9LP1,14.996446,6.0305166
3781,CSTA,9.530375,1.449399
3782,CSTB,8.286332,0.6032053
3783,CSTF1,9.789268,3.7812383
3784,CSTF2,6.2763524,4.251235
3785,CSTF2T,6.4169545,4.456429
3786,CSTF3,9.478857,4.4834623
3787,CSTL1,13.4875145,6.8956947
3788,CSTPP1,10.568076,6.286939
3789,CT45A1,10.103518,11.574819
3790,CT45A10,10.0719795,11.605148
3791,CT45A2,10.1496525,11.5681095
3792,CT45A3,10.107543,11.587216
3793,CT45A5,10.101468,11.608965
3794,CT45A6,10.092919,11.593802
3795,CT45A7,10.145752,11.528957
3796,CT45A8,10.12414,11.537755
3797,CT45A9,10.167874,11.593209
3798,CT47A1,11.160633,17.293364
3799,CT47A10,11.141814,17.274582
3800,CT47A11,11.159461,17.292486
3801,CT47A12,11.159378,17.2924
3802,CT47A2,11.159234,17.292616
3803,CT47A3,11.15926,17.292547
3804,CT47A4,11.159196,17.292507
3805,CT47A5,11.153015,17.286217
3806,CT47A6,11.158884,17.292458
3807,CT47A7,11.158728,17.292313
3808,CT47A8,11.158727,17.292212
3809,CT47A9,11.158693,17.292852
3810,CT47B1,11.157598,17.289686
3811,CT47C1,11.158088,17.288637
3812,CT55,10.119484,5.007884
3813,CT62,9.573673,14.004952
3814,CT83,10.562579,11.597625
3815,CTAG1A,8.528138,7.6692553
3816,CTAG1B,8.579303,7.641876
3817,CTAG2,9.419788,9.546026
3818,CTAGE1,9.5415745,8.426937
3819,CTAGE15,9.556756,8.400576
3820,CTAGE3P,10.694168,10.906528
3821,CTAGE4,9.514948,8.45991
3822,CTAGE6,9.534699,8.466161
3823,CTAGE8,9.534282,8.4503145
3824,CTAGE9,9.5038395,8.443829
3825,CTBP1,6.976204,2.4145696
3826,CTBP1-DT,9.949598,14.233568
3827,CTBP2,6.708098,2.1824856
3828,CTBS,13.582254,4.3160825
3829,CTC1,10.616157,10.396399
3830,CTCF,8.378661,8.05983
3831,CTCFL,8.376527,7.734204
3832,CTDNEP1,8.188957,0.93255496
3833,CTDP1,7.948371,5.1919713
3834,CTDSP1,7.423162,1.354143
3835,CTDSP2,7.915193,1.9843111
3836,CTDSPL,7.256033,1.186441
3837,CTDSPL2,7.6995854,4.0673184
3838,CTF1,11.555444,5.0370564
3839,CTH,9.50306,0.7048281
3840,CTHRC1,13.215955,5.4512897
3841,CTIF,9.045702,7.002808
3842,CTLA4,13.109601,7.0267363
3843,CTNNA1,9.501909,4.56876
3844,CTNNA2,9.515264,4.625274
3845,CTNNA3,9.640499,4.9317927
3846,CTNNAL1,9.940507,5.2954183
3847,CTNNB1,9.339062,4.566692
3848,CTNNBIP1,6.870548,2.6597564
3849,CTNNBL1,8.654096,2.5960593
3850,CTNND1,9.115319,6.353623
3851,CTNND2,7.4495273,6.090935
3852,CTNS,12.351273,1.8061246
3853,CTPS1,9.420075,1.0849898
3854,CTPS2,9.40345,1.2076824
3855,CTR9,9.741017,5.176933
3856,CTRB1,14.030155,3.7149534
3857,CTRB2,14.06275,3.6742043
3858,CTRC,13.962285,3.814588
3859,CTRL,14.025631,3.737234
3860,CTSA,13.518115,4.063933
3861,CTSB,13.701343,3.8409066
3862,CTSC,13.683805,5.6114583
3863,CTSD,13.896785,3.8387065
3864,CTSE,13.911169,3.882947
3865,CTSF,13.280775,5.1498985
3866,CTSG,14.760976,5.4219165
3867,CTSH,13.827515,3.9453454
3868,CTSK,13.792968,3.871978
3869,CTSL,13.775602,3.8699415
3870,CTSL3P,10.296058,9.748756
3871,CTSO,13.480276,4.517908
3872,CTSS,13.833477,3.8546953
3873,CTSV,13.829613,3.832293
3874,CTSW,13.300809,5.567974
3875,CTSZ,13.301977,4.0143933
3876,CTTN,7.1064014,3.4674952
3877,CTTNBP2,9.928569,8.483926
3878,CTTNBP2NL,8.2981825,5.504928
3879,CTU1,11.1134405,3.686605
3880,CTU2,10.334622,3.0647805
3881,CTXN1,8.028977,5.445044
3882,CTXN2,8.849671,5.3694916
3883,CTXN3,8.782939,5.205501
3884,CTXND1,8.912079,5.248343
3885,CTXND2,10.641892,7.8483424
3886,CUBN,13.7904415,6.4722867
3887,CUEDC1,6.6411877,3.7502732
3888,CUEDC2,8.135864,4.3609614
3889,CUL1,8.365575,2.2559807
3890,CUL2,9.398046,3.4598536
3891,CUL3,8.719636,2.4839315
3892,CUL4A,8.167711,2.107749
3893,CUL4B,8.201488,2.7445326
3894,CUL5,10.310496,5.4822583
3895,CUL7,11.333294,8.288482
3896,CUL9,11.367893,8.207275
3897,CUSTOS,7.441052,3.8207176
3898,CUTA,9.828992,2.0075006
3899,CUTC,9.710445,1.2422352
3900,CUX1,7.096814,5.200209
3901,CUX2,7.4382887,5.6155863
3902,CUZD1,13.745841,6.6713877
3903,CWC15,7.0029473,2.314378
3904,CWC22,7.688738,4.1821036
3905,CWC25,7.3312387,3.3546405
3906,CWC27,7.6193843,2.3985476
3907,CWF19L1,9.707781,3.4029999
3908,CWF19L2,8.737808,4.669506
3909,CWH43,13.408811,2.892197
3910,CX3CL1,12.316335,6.875851
3911,CX3CR1,13.938319,1.4772549
3912,CXADR,13.671766,5.3159194
3913,CXCL1,15.080371,5.588461
3914,CXCL10,14.291902,5.6362305
3915,CXCL11,14.26316,5.5942245
3916,CXCL12,8.21358,1.4481161
3917,CXCL13,14.386118,5.643274
3918,CXCL14,8.191357,1.5343885
3919,CXCL16,12.486306,6.7361355
3920,CXCL17,10.36208,11.265223
3921,CXCL2,15.056327,5.5627866
3922,CXCL3,15.100405,5.603688
3923,CXCL5,14.965963,5.635053
3924,CXCL6,14.965907,5.622059
3925,CXCL8,14.292311,5.629432
3926,CXCL9,14.29806,5.672722
3927,CXCR1,13.7972765,1.3510246
3928,CXCR2,13.791849,1.3264858
3929,CXCR3,13.336514,1.5587002
3930,CXCR4,14.009434,1.5582731
3931,CXCR5,13.6986065,1.628796
3932,CXCR6,13.945371,1.4570067
3933,CXXC1,7.4674478,4.5668325
3934,CXXC4,6.76657,4.9980116
3935,CXXC5,6.7870197,5.9156513
3936,CXorf1,9.247485,13.66544
3937,CXorf38,10.445004,6.7089186
3938,CXorf49,9.366744,10.395024
3939,CXorf49B,9.394806,10.373177
3940,CXorf51A,9.665604,11.531039
3941,CXorf51B,9.632169,11.567107
3942,CXorf58,9.855133,5.706849
3943,CXorf65,9.379311,5.5207
3944,CXorf66,9.622791,10.937616
3945,CYB561,11.929696,1.0361098
3946,CYB561A3,12.324866,1.0946125
3947,CYB561D1,13.120251,1.8123392
3948,CYB561D2,12.620186,1.4145511
3949,CYB5A,7.1601033,0.97252744
3950,CYB5B,8.6539135,3.1896596
3951,CYB5D1,9.856437,3.1929524
3952,CYB5D2,12.031703,4.4935217
3953,CYB5R1,9.504834,1.3527217
3954,CYB5R2,9.61364,1.3319129
3955,CYB5R3,9.503898,1.3449457
3956,CYB5R4,10.398963,4.295555
3957,CYB5RL,10.16502,3.1294193
3958,CYBA,11.284826,1.1810371
3959,CYBB,11.952417,2.0901933
3960,CYBC1,11.301904,1.3138003
3961,CYBRD1,12.392816,1.9735146
3962,CYC1,9.691862,1.5241504
3963,CYCS,7.1265197,0.21316668
3964,CYFIP1,10.833981,11.466653
3965,CYFIP2,10.797264,11.549504
3966,CYGB,9.685614,2.5016768
3967,CYLC1,9.019705,10.730173
3968,CYLC2,8.968113,10.681883
3969,CYLD,10.2445135,6.4004636
3970,CYP11A1,11.783617,3.1962056
3971,CYP11B1,11.655485,3.2618113
3972,CYP11B2,11.645748,3.2576306
3973,CYP17A1,11.838958,3.1520956
3974,CYP19A1,10.924793,7.103917
3975,CYP1A1,11.691361,3.0756452
3976,CYP1A2,11.689802,3.149236
3977,CYP1B1,11.649764,3.1446419
3978,CYP20A1,10.855832,7.1934032
3979,CYP21A2,11.623934,3.2575536
3980,CYP24A1,11.805746,3.2275054
3981,CYP26A1,11.613199,3.1336014
3982,CYP26B1,11.57115,3.0864842
3983,CYP26C1,11.028869,3.1658447
3984,CYP27A1,11.6790695,3.2668545
3985,CYP27B1,11.459561,3.367251
3986,CYP27C1,11.650328,3.270335
3987,CYP2A13,10.301038,-0.10879849
3988,CYP2A6,10.292012,-0.11735785
3989,CYP2A7,10.310834,-0.13063833
3990,CYP2B6,10.322313,-0.0846621
3991,CYP2C18,10.172187,-0.22092208
3992,CYP2C19,10.187449,-0.24767217
3993,CYP2C8,10.170763,-0.20670217
3994,CYP2C9,10.192053,-0.24779466
3995,CYP2D6,10.906489,2.940832
3996,CYP2D7,11.011598,3.0030766
3997,CYP2E1,10.342003,-0.10740681
3998,CYP2F1,10.366476,-0.027746242
3999,CYP2G1P,10.317741,-0.12759703
4000,CYP2J2,10.329346,-0.09490397
4001,CYP2R1,11.716159,3.272794
4002,CYP2S1,11.028437,3.0374222
4003,CYP2U1,11.647019,3.2166607
4004,CYP2W1,10.971517,3.1882763
4005,CYP39A1,12.017416,3.2175956
4006,CYP3A4,10.16464,0.061904002
4007,CYP3A43,10.212081,-0.11880135
4008,CYP3A5,10.161061,0.09064106
4009,CYP3A7,10.200047,-0.06039861
4010,CYP46A1,11.608255,3.2495065
4011,CYP4A11,12.909319,0.52464557
4012,CYP4A22,12.922844,0.54026806
4013,CYP4B1,12.891765,0.53825206
4014,CYP4F11,12.930009,0.49737376
4015,CYP4F12,12.933263,0.50756985
4016,CYP4F2,12.92895,0.52036196
4017,CYP4F22,12.934416,0.50486875
4018,CYP4F3,12.933165,0.50528413
4019,CYP4F30P,3.9334364,10.456963
4020,CYP4F8,12.935849,0.5249769
4021,CYP4V2,10.103496,1.6046578
4022,CYP4X1,12.066157,2.7821238
4023,CYP4Z1,12.082557,2.7216384
4024,CYP4Z2P,12.32896,2.6974785
4025,CYP51A1,11.86211,3.157916
4026,CYP7A1,11.94474,3.1919682
4027,CYP7B1,11.825788,3.2220728
4028,CYP8B1,11.700312,3.2788992
4029,CYREN,7.543982,3.9855359
4030,CYRIA,10.893012,11.264017
4031,CYRIB,10.888318,11.20953
4032,CYS1,7.7488785,6.1670146
4033,CYSLTR1,14.032372,1.5844445
4034,CYSLTR2,14.026562,1.6626321
4035,CYSRT1,8.8938875,8.913249
4036,CYSTM1,6.4522195,4.0890045
4037,CYTH1,7.5390754,0.8870562
4038,CYTH2,7.691794,1.2051122
4039,CYTH3,7.5612707,0.87580353
4040,CYTH4,8.323019,1.7769083
4041,CYTIP,8.4616375,5.3206863
4042,CYTL1,11.768187,7.8146005
4043,CYYR1,6.926922,4.1185184
4044,CZIB,7.997878,1.4546857
4045,D2HGDH,9.879984,1.8603925
4046,DAAM1,8.074966,2.6296804
4047,DAAM2,8.146658,2.7137275
4048,DAB1,7.1265473,5.9132714
4049,DAB2,7.145843,6.098292
4050,DAB2IP,8.070941,5.1659846
4051,DACH1,5.6420426,3.4039643
4052,DACH2,6.09805,4.1424875
4053,DACT1,8.127142,7.527578
4054,DACT2,8.596454,8.319111
4055,DACT3,8.371068,8.007638
4056,DAD1,11.347405,0.8548047
4057,DAG1,12.895888,7.6147375
4058,DAGLA,10.443108,6.8474393
4059,DAGLB,12.68939,2.9166894
4060,DALRD3,11.149603,5.935707
4061,DANCR,10.018262,14.640925
4062,DAND5,12.317944,5.5997386
4063,DAO,10.097256,2.1716835
4064,DAOA,9.502272,13.336137
4065,DAP,9.901627,11.867877
4066,DAP3,9.599087,3.1933148
4067,DAPK1,10.671341,6.4115934
4068,DAPK2,8.050847,1.3452466
4069,DAPK3,9.369758,3.81017
4070,DAPL1,10.085641,12.361671
4071,DAPP1,10.018926,4.537968
4072,DARS1,8.936271,0.9706102
4073,DARS2,10.229017,2.3722622
4074,DAW1,9.142291,2.3532643
4075,DAXX,9.54649,9.555865
4076,DAZ1,7.570737,9.672892
4077,DAZ2,7.680382,9.570697
4078,DAZ3,7.6545386,9.566618
4079,DAZ4,7.607127,9.650126
4080,DAZAP1,6.8545365,5.642161
4081,DAZAP2,6.2451544,4.223108
4082,DAZL,8.251272,7.068574
4083,DBF4,9.3699045,8.157236
4084,DBF4B,8.996572,8.404398
4085,DBH,12.927725,4.940371
4086,DBI,7.306365,1.171962
4087,DBN1,7.557056,5.7001257
4088,DBNDD1,6.7607827,3.9090314
4089,DBNDD2,8.328243,6.690547
4090,DBNL,7.3749657,3.4837387
4091,DBP,6.7628703,5.188261
4092,DBR1,9.528857,4.0525637
4093,DBT,9.069416,2.0336998
4094,DBX1,5.50685,4.2477818
4095,DBX2,7.9777293,7.0442543
4096,DCAF1,10.706077,7.789455
4097,DCAF10,9.739555,6.825661
4098,DCAF11,9.933113,4.202353
4099,DCAF12,10.783367,6.688732
4100,DCAF12L1,10.781865,6.8303533
4101,DCAF12L2,10.832241,6.5855317
4102,DCAF13,9.308364,2.9658005
4103,DCAF15,10.6065855,10.41029
4104,DCAF16,10.512506,11.970704
4105,DCAF17,10.847881,10.808611
4106,DCAF4,10.889277,6.9472184
4107,DCAF4L1,11.06878,7.5379076
4108,DCAF4L2,11.01832,7.587669
4109,DCAF5,9.005351,7.0526004
4110,DCAF6,7.5257893,4.0430064
4111,DCAF7,7.74879,1.1835438
4112,DCAF8,8.530366,3.8603904
4113,DCAF8L1,9.239932,5.0629964
4114,DCAF8L2,9.102769,4.958204
4115,DCAKD,10.0606,1.2883561
4116,DCANP1,9.9328375,14.203614
4117,DCBLD1,12.7707615,7.777903
4118,DCBLD2,12.7950945,7.6871634
4119,DCC,13.471369,5.834819
4120,DCD,9.856276,9.771554
4121,DCDC1,10.72924,10.168247
4122,DCDC2,8.698352,5.898512
4123,DCDC2B,8.44966,6.390576
4124,DCDC2C,9.060934,5.509624
4125,DCHS1,12.274543,5.6886444
4126,DCHS2,13.480916,6.422166
4127,DCK,9.616835,2.6100855
4128,DCLK1,7.8566427,2.8895068
4129,DCLK2,7.797046,3.0402443
4130,DCLK3,9.500325,8.059725
4131,DCLRE1A,9.42081,8.016262
4132,DCLRE1B,10.012277,6.669537
4133,DCLRE1C,9.382452,5.5760913
4134,DCN,13.373959,5.5410194
4135,DCP1A,8.247126,7.0372624
4136,DCP1B,7.6465983,6.337631
4137,DCP2,9.959262,6.1590652
4138,DCPS,9.9867935,2.9386036
4139,DCST1,11.652549,8.024872
4140,DCST2,12.877305,2.580111
4141,DCSTAMP,11.651442,7.991482
4142,DCT,13.145152,7.137378
4143,DCTD,8.561525,0.78307116
4144,DCTN1,9.686245,7.859979
4145,DCTN2,7.874189,3.1089528
4146,DCTN3,7.989719,2.9575558
4147,DCTN4,9.295699,3.4026058
4148,DCTN5,7.7842617,0.8778679
4149,DCTN6,7.750324,0.81124324
4150,DCTPP1,8.637586,4.5639243
4151,DCUN1D1,7.797693,1.3181759
4152,DCUN1D2,7.7419667,1.486702
4153,DCUN1D3,9.461581,5.5353117
4154,DCUN1D4,8.611615,2.4426625
4155,DCUN1D5,8.472459,2.1415286
4156,DCX,7.2560897,3.5163028
4157,DCXR,9.699396,1.1441246
4158,DDA1,6.295112,2.6315937
4159,DDAH1,9.284226,1.1905138
4160,DDAH2,10.9284,4.187911
4161,DDB1,9.989966,4.3392925
4162,DDB2,10.838385,6.188847
4163,DDC,9.267826,0.96721977
4164,DDHD1,9.027146,5.5939903
4165,DDHD2,9.2564335,3.7634428
4166,DDI1,8.027172,2.944172
4167,DDI2,7.302749,2.2982607
4168,DDIAS,9.819622,10.600333
4169,DDIT3,7.817165,5.5109653
4170,DDIT4,10.250021,10.73751
4171,DDIT4L,9.785153,12.956927
4172,DDN,9.338993,10.3673725
4173,DDO,10.174922,2.3161335
4174,DDOST,10.697287,1.873015
4175,DDR1,12.287509,5.0436654
4176,DDR2,13.143109,4.7602587
4177,DDRGK1,7.676511,3.5056539
4178,DDT,9.332024,1.5609826
4179,DDTL,10.483509,5.0956564
4180,DDX1,9.973963,3.7921298
4181,DDX10,8.531415,3.3696244
4182,DDX11,9.45936,3.5784757
4183,DDX11L8,9.436521,3.352433
4184,DDX12P,9.468671,3.524281
4185,DDX17,7.0995007,3.9113538
4186,DDX18,8.294761,2.2001219
4187,DDX19A,8.20611,1.0728407
4188,DDX19B,8.177009,1.0192038
4189,DDX20,9.613308,6.0230837
4190,DDX21,9.543179,4.484632
4191,DDX23,7.9667583,2.1822808
4192,DDX24,8.987238,5.027893
4193,DDX25,8.356245,1.1993729
4194,DDX27,8.4705925,3.0205696
4195,DDX28,10.987792,5.5938864
4196,DDX31,9.392802,5.6577115
4197,DDX39A,7.508633,0.45883584
4198,DDX39B,7.5171437,0.44688088
4199,DDX3X,7.4996734,1.807088
4200,DDX3Y,7.5511723,1.7431314
4201,DDX4,9.338337,4.3162684
4202,DDX41,8.365485,1.6409682
4203,DDX42,7.4793763,3.7919388
4204,DDX43,9.515059,2.8393092
4205,DDX46,8.026725,2.648723
4206,DDX47,8.083015,1.0106347
4207,DDX49,10.023712,1.9902995
4208,DDX5,7.64529,2.1353412
4209,DDX50,9.746126,4.2100534
4210,DDX51,9.268604,4.0840282
4211,DDX52,8.778196,2.173995
4212,DDX53,9.987542,4.1404443
4213,DDX54,9.237101,3.4555976
4214,DDX55,8.703548,1.6329861
4215,DDX56,10.064169,2.670296
4216,DDX59,9.924123,4.0732813
4217,DDX6,8.123772,1.1830868
4218,DDX60,11.001884,8.311926
4219,DDX60L,11.0716095,8.828918
4220,DEAF1,6.587346,4.9726667
4221,DECR1,9.65059,0.89768547
4222,DECR2,9.754065,1.059901
4223,DEDD,10.322354,8.1599245
4224,DEDD2,11.289788,7.286769
4225,DEF6,8.581839,4.831518
4226,DEF8,9.566592,5.0008326
4227,DEFA1,14.95576,5.977679
4228,DEFA1B,14.931834,5.996736
4229,DEFA3,14.889005,5.954905
4230,DEFA4,14.963004,6.0032873
4231,DEFA5,14.937282,5.974769
4232,DEFA6,14.920478,5.9752235
4233,DEFB1,14.470225,5.798361
4234,DEFB103A,14.694244,5.893297
4235,DEFB103B,14.676748,5.88864
4236,DEFB104A,14.612245,5.98521
4237,DEFB104B,14.586194,5.988175
4238,DEFB105A,14.477804,6.1678247
4239,DEFB105B,14.475261,6.153426
4240,DEFB106A,14.638042,5.8502917
4241,DEFB106B,14.667093,5.89968
4242,DEFB107A,14.579342,6.0621815
4243,DEFB107B,14.58764,6.0693126
4244,DEFB108A,14.783821,5.852841
4245,DEFB108B,14.847777,5.851137
4246,DEFB108C,14.846864,5.8947835
4247,DEFB109B,14.498254,5.7898355
4248,DEFB109D,14.432762,5.752046
4249,DEFB110,13.814997,6.8001266
4250,DEFB112,10.613391,10.454901
4251,DEFB113,14.34941,6.2212214
4252,DEFB114,14.1191845,6.6182094
4253,DEFB115,13.5324335,6.9082675
4254,DEFB116,13.41797,7.0724993
4255,DEFB118,13.146283,7.100472
4256,DEFB119,14.3742485,6.0907297
4257,DEFB121,14.439075,5.7835298
4258,DEFB123,14.443499,5.8929677
4259,DEFB124,14.272703,6.159936
4260,DEFB125,12.982642,7.0278616
4261,DEFB126,13.125507,7.1346574
4262,DEFB127,13.328739,6.9614067
4263,DEFB128,14.37105,5.9238596
4264,DEFB129,12.871558,7.199711
4265,DEFB130A,14.455683,5.811541
4266,DEFB130B,14.458913,5.7950015
4267,DEFB131A,14.632947,5.9534416
4268,DEFB131B,14.644687,5.9018235
4269,DEFB132,13.173942,7.1997356
4270,DEFB133,14.570846,6.086442
4271,DEFB134,13.753032,6.867856
4272,DEFB135,14.425922,5.8110776
4273,DEFB136,13.833221,6.7202697
4274,DEFB4A,14.5551605,6.078485
4275,DEFB4B,14.558395,6.0799236
4276,DEGS1,11.454464,1.5923252
4277,DEGS2,11.562669,2.0250804
4278,DEK,7.6215305,3.8467283
4279,DELE1,9.637028,7.781636
4280,DELEC1,8.991532,13.821632
4281,DENND10,10.023547,4.955807
4282,DENND10P1,10.048626,4.9433455
4283,DENND11,10.119029,4.9898357
4284,DENND1A,7.7430997,6.2449846
4285,DENND1B,8.753139,5.354003
4286,DENND1C,8.944267,6.7701516
4287,DENND2A,8.5291195,6.4644957
4288,DENND2B,8.276235,6.561421
4289,DENND2C,9.215272,6.1541104
4290,DENND2D,10.181469,4.4007297
4291,DENND3,10.9949465,7.8945246
4292,DENND4A,8.885473,5.5843873
4293,DENND4B,9.329895,5.682612
4294,DENND4C,9.164966,6.116901
4295,DENND5A,10.450383,7.1457973
4296,DENND5B,10.295045,6.8577304
4297,DENND6A,9.408235,3.521908
4298,DENND6B,9.289422,3.4551256
4299,DENR,8.150037,2.6280258
4300,DEPDC1,9.162811,5.7892613
4301,DEPDC1B,9.712527,4.406019
4302,DEPDC4,10.23064,9.021575
4303,DEPDC5,10.657626,9.432688
4304,DEPDC7,9.707505,4.941958
4305,DEPP1,9.366868,10.236971
4306,DEPTOR,9.1809435,4.335353
4307,DERA,9.287815,0.8626616
4308,DERL1,11.576878,1.1945673
4309,DERL2,11.48052,0.8118259
4310,DERL3,11.727425,0.82406425
4311,DERPC,8.279446,9.469275
4312,DES,16.46222,-0.6562858
4313,DESI1,7.6455135,1.0604062
4314,DESI2,7.288873,1.0798544
4315,DET1,10.788211,11.300606
4316,DEUP1,9.720961,8.17908
4317,DEXI,10.242524,12.066867
4318,DFFA,9.1937065,5.7790895
4319,DFFB,9.676519,3.520069
4320,DGAT1,11.772423,1.2844381
4321,DGAT2,10.893529,2.8674953
4322,DGAT2L6,10.955974,2.7116377
4323,DGCR2,12.506884,7.7779555
4324,DGCR6,8.181391,3.9147868
4325,DGCR6L,8.187607,3.9007335
4326,DGCR8,10.241105,7.8304815
4327,DGKA,9.649871,3.0311348
4328,DGKB,8.800929,2.3656933
4329,DGKD,8.383186,3.611695
4330,DGKE,10.506882,5.5446568
4331,DGKG,9.157753,3.0161502
4332,DGKH,8.431279,3.8381798
4333,DGKI,8.659417,4.5160737
4334,DGKK,10.308491,7.5351663
4335,DGKQ,10.754328,4.8816304
4336,DGKZ,8.254837,3.2271733
4337,DGLUCY,10.75943,5.485084
4338,DGUOK,9.797218,2.617318
4339,DHCR24,10.403237,2.2328546
4340,DHCR7,12.011726,2.1654735
4341,DHDDS,9.573903,2.327969
4342,DHDH,9.689904,1.1650803
4343,DHFR,8.745536,0.80543566
4344,DHFR2,8.937092,0.762283
4345,DHH,11.361052,3.6380012
4346,DHODH,9.592553,1.2631587
4347,DHPS,8.781147,0.7567013
4348,DHRS1,10.13762,1.9833353
4349,DHRS11,9.074524,0.97662157
4350,DHRS12,9.353111,1.3126787
4351,DHRS13,11.000535,3.7148702
4352,DHRS2,9.306505,1.2084998
4353,DHRS3,10.234673,1.7847992
4354,DHRS4,9.039569,1.1097584
4355,DHRS4-AS1,9.138397,13.737401
4356,DHRS4L1,6.583434,-0.5140627
4357,DHRS4L2,9.359926,1.3276118
4358,DHRS7,10.158846,1.6835908
4359,DHRS7B,10.12842,1.5690734
4360,DHRS7C,10.503997,3.6997726
4361,DHRS9,10.332324,1.951421
4362,DHRSX,10.114336,1.6175157
4363,DHTKD1,10.16031,2.18486
4364,DHX15,8.28812,1.1221339
4365,DHX16,8.793598,1.710264
4366,DHX29,10.042032,5.1383567
4367,DHX30,10.6523075,6.333015
4368,DHX32,10.281716,4.440964
4369,DHX33,10.074652,2.1069467
4370,DHX34,10.029004,3.830661
4371,DHX35,9.974915,1.929555
4372,DHX36,10.03129,3.85974
4373,DHX37,9.240936,3.3637862
4374,DHX38,8.148777,2.8293803
4375,DHX40,10.568145,5.2502007
4376,DHX57,10.189862,5.2079
4377,DHX58,10.225799,3.7280385
4378,DHX8,7.773543,1.55409
4379,DHX9,10.033256,4.9594717
4380,DIABLO,10.8295765,10.389905
4381,DIAPH1,8.404439,3.4686613
4382,DIAPH2,7.9614596,2.609842
4383,DIAPH2-AS1,9.254678,13.694002
4384,DIAPH3,8.663232,3.60288
4385,DICER1,10.3241625,7.0370474
4386,DIDO1,8.469309,8.77017
4387,DIMT1,8.887272,1.0865117
4388,DIO1,10.458698,2.5812988
4389,DIO2,10.601024,4.344068
4390,DIO3,10.89997,4.7039413
4391,DIP2A,10.442899,4.2985005
4392,DIP2B,10.319448,4.110497
4393,DIP2C,10.3027725,4.1187716
4394,DIP2C-AS1,10.078056,14.214583
4395,DIPK1A,12.673054,7.437368
4396,DIPK1B,11.87951,7.7644525
4397,DIPK1C,12.049787,5.5555124
4398,DIPK2A,12.155398,7.8509803
4399,DIPK2B,11.249649,9.626647
4400,DIRAS1,7.7237635,0.68684757
4401,DIRAS2,7.685546,0.65103596
4402,DIRAS3,10.681217,6.9722605
4403,DIRC1,9.357001,13.580548
4404,DIS3,9.353752,2.5012684
4405,DIS3L,10.478387,5.8745766
4406,DIS3L2,9.53076,3.0514314
4407,DISC1,9.653594,8.776854
4408,DISP1,12.666387,7.0510645
4409,DISP2,11.859781,7.179861
4410,DISP3,11.883064,8.125969
4411,DIXDC1,8.524611,5.089284
4412,DKC1,8.098579,2.2557688
4413,DKFZp547E087,11.118411,9.446668
4414,DKFZp547L112,9.913812,13.327057
4415,DKFZp781C0719,9.100363,13.647091
4416,DKK1,12.927476,5.7543
4417,DKK2,13.01161,5.774652
4418,DKK3,12.786565,5.487229
4419,DKK4,12.884524,5.7520733
4420,DKKL1,9.645765,11.458685
4421,DLAT,8.8653965,1.317028
4422,DLC1,8.759043,7.119782
4423,DLD,8.872436,0.46163747
4424,DLEC1,10.982256,8.007418
4425,DLEU1,9.230626,13.626681
4426,DLEU7,9.793257,12.400572
4427,DLG1,6.8674154,2.4684265
4428,DLG2,6.8955464,2.5094583
4429,DLG3,6.965495,2.509269
4430,DLG4,7.0733843,2.171578
4431,DLG5,9.667387,7.5135503
4432,DLGAP1,6.5310283,3.525804
4433,DLGAP2,6.58975,4.099402
4434,DLGAP3,7.273176,5.3355203
4435,DLGAP4,7.2660937,5.388581
4436,DLGAP5,9.006076,8.078498
4437,DLK1,13.530865,6.9218483
4438,DLK2,12.293306,6.2257633
4439,DLL1,13.06686,6.0990343
4440,DLL3,12.181859,6.5179863
4441,DLL4,13.065463,6.230921
4442,DLST,8.652741,0.9625816
4443,DLX1,5.44333,4.38464
4444,DLX2,5.416702,4.3809094
4445,DLX3,5.4364104,4.377095
4446,DLX4,7.107281,6.2444406
4447,DLX5,5.4315276,4.324697
4448,DLX6,5.7187195,3.0999687
4449,DMAC1,10.416718,7.4992876
4450,DMAC2,10.334092,4.5417376
4451,DMAC2L,9.744311,2.8581939
4452,DMAP1,7.434489,4.03351
4453,DMBT1,7.510861,9.7116
4454,DMBX1,5.5352163,4.5016913
4455,DMC1,8.3580675,0.904016
4456,DMD,10.110121,7.850898
4457,DMGDH,10.320391,2.4598935
4458,DMKN,8.646357,9.587553
4459,DMP1,7.8213863,7.403889
4460,DMPK,10.7945795,5.2953544
4461,DMRT1,7.105417,6.165549
4462,DMRT2,7.361204,6.199803
4463,DMRT3,7.092727,5.976084
4464,DMRTA1,7.1705766,6.147501
4465,DMRTA2,5.782389,4.950858
4466,DMRTB1,7.2707896,6.54114
4467,DMRTC1,9.269467,10.475162
4468,DMRTC1B,9.319544,10.456493
4469,DMRTC2,9.172148,9.783982
4470,DMTF1,7.853547,6.8137016
4471,DMTN,6.9194336,3.6309087
4472,DMWD,7.653149,6.124207
4473,DMXL1,10.05367,6.8408074
4474,DMXL2,9.839116,6.3949904
4475,DNA2,10.297174,4.0976386
4476,DNAAF1,8.367469,6.5464883
4477,DNAAF10,8.947359,2.542654
4478,DNAAF11,8.785574,3.3834405
4479,DNAAF2,8.977857,7.16126
4480,DNAAF3,10.313745,5.626748
4481,DNAAF4,8.821976,3.3194377
4482,DNAAF5,10.954288,5.9071355
4483,DNAAF6,9.082018,4.5797005
4484,DNAAF8,9.332723,10.383598
4485,DNAAF9,10.761936,11.264506
4486,DNAH1,10.675497,7.5468616
4487,DNAH10,10.99746,8.609545
4488,DNAH10OS,10.110205,14.245397
4489,DNAH11,11.003034,8.6157255
4490,DNAH12,10.326057,5.6819763
4491,DNAH14,10.901702,9.909167
4492,DNAH17,10.993164,8.554828
4493,DNAH2,11.054804,8.68569
4494,DNAH3,10.549596,7.0770135
4495,DNAH5,11.012378,8.654946
4496,DNAH6,10.686854,7.530977
4497,DNAH7,10.347724,5.7185802
4498,DNAH8,11.003044,8.605407
4499,DNAH9,10.9381485,8.281278
4500,DNAI1,9.159944,3.283679
4501,DNAI2,9.332209,3.2679753
4502,DNAI3,10.087189,5.5316153
4503,DNAI4,9.693692,6.263589
4504,DNAI7,9.565278,5.202345
4505,DNAJA1,6.9747014,0.8134213
4506,DNAJA2,8.067024,2.161173
4507,DNAJA3,8.379987,2.3412955
4508,DNAJA4,8.187442,2.1680038
4509,DNAJB1,8.054979,2.23959
4510,DNAJB11,8.252326,2.206073
4511,DNAJB12,7.739782,2.7147415
4512,DNAJB13,9.691471,2.8307889
4513,DNAJB14,8.0343895,2.8394682
4514,DNAJB2,7.841344,4.7723346
4515,DNAJB3,8.390534,3.933187
4516,DNAJB4,8.07944,2.2409358
4517,DNAJB5,8.012514,2.253317
4518,DNAJB6,6.669587,2.6914926
4519,DNAJB7,9.240618,7.9212584
4520,DNAJB8,7.7446737,3.6098883
4521,DNAJB9,7.824944,2.920575
4522,DNAJC1,8.2821245,3.854447
4523,DNAJC10,14.085394,4.943395
4524,DNAJC11,9.360263,2.9879434
4525,DNAJC12,8.433086,3.8191261
4526,DNAJC13,11.108479,9.552851
4527,DNAJC14,8.879279,7.9127827
4528,DNAJC15,7.2983546,2.7632449
4529,DNAJC16,12.657464,7.4146023
4530,DNAJC17,7.113946,2.2310944
4531,DNAJC18,8.733871,3.9787884
4532,DNAJC19,7.1107917,1.0729852
4533,DNAJC2,8.9053545,3.6315112
4534,DNAJC21,7.8638177,3.6832883
4535,DNAJC22,13.949908,2.7535608
4536,DNAJC24,8.8123,2.3762248
4537,DNAJC25,9.030187,3.0067441
4538,DNAJC27,8.311737,1.4727361
4539,DNAJC28,9.860405,5.2041993
4540,DNAJC3,8.784331,2.9437835
4541,DNAJC30,8.49748,4.482144
4542,DNAJC4,8.41195,4.4771714
4543,DNAJC5,7.5346785,2.2168274
4544,DNAJC5B,8.299343,2.734264
4545,DNAJC5G,9.766247,5.025952
4546,DNAJC6,7.6666393,5.624112
4547,DNAJC7,8.833185,2.5898607
4548,DNAJC8,7.222662,2.1343555
4549,DNAJC9,8.55256,2.4022913
4550,DNAJC9-AS1,9.464022,14.035658
4551,DNAL1,7.9522934,1.0973572
4552,DNAL4,7.8757424,0.7313016
4553,DNALI1,7.002477,2.9546707
4554,DNASE1,13.19129,3.933784
4555,DNASE1L1,12.792711,4.6759343
4556,DNASE1L2,11.843271,3.9072573
4557,DNASE1L3,13.819398,4.7020574
4558,DNASE2,12.741684,5.0340176
4559,DNASE2B,13.687232,4.9287157
4560,DND1,11.057705,5.538272
4561,DNER,13.161113,7.0517125
4562,DNHD1,10.892817,10.108271
4563,DNLZ,7.854157,5.706119
4564,DNM1,7.661005,1.5849172
4565,DNM1L,7.814017,1.8735793
4566,DNM1P34,9.963081,12.555208
4567,DNM1P46,8.601687,10.239409
4568,DNM2,7.496426,1.4243859
4569,DNM3,7.6462708,1.7632862
4570,DNMBP,9.230027,6.026867
4571,DNMT1,10.335216,7.437002
4572,DNMT3A,8.940279,5.024535
4573,DNMT3B,9.088878,4.509866
4574,DNMT3L,10.574304,6.839014
4575,DNPEP,9.708555,1.7254723
4576,DNPH1,10.485334,2.8974485
4577,DNTT,10.085674,3.8718355
4578,DNTTIP1,9.013053,5.6485457
4579,DNTTIP2,8.947747,8.164432
4580,DOC2A,8.6741295,4.1489925
4581,DOC2B,7.5619144,1.8191428
4582,DOCK1,9.429064,4.4466405
4583,DOCK10,9.445818,4.5101666
4584,DOCK11,9.263157,4.11026
4585,DOCK2,9.461652,4.592537
4586,DOCK3,9.91008,5.728775
4587,DOCK4,9.92445,5.687041
4588,DOCK5,9.496274,4.6600494
4589,DOCK6,9.668132,4.796648
4590,DOCK7,9.509639,4.6176267
4591,DOCK8,9.591101,4.87348
4592,DOCK8-AS1,10.049995,14.759801
4593,DOCK9,9.200221,3.873243
4594,DOHH,9.643527,1.1958795
4595,DOK1,8.662182,6.3801923
4596,DOK2,7.988039,5.7037973
4597,DOK3,8.751376,6.695911
4598,DOK4,8.839159,3.795166
4599,DOK5,8.367282,2.8429213
4600,DOK6,8.370381,2.8559053
4601,DOK7,7.9318824,5.6995974
4602,DOLK,13.543297,2.781318
4603,DOLPP1,11.715648,1.1997411
4604,DONSON,10.567778,10.827429
4605,DOP1A,10.942401,10.032024
4606,DOP1B,11.09959,9.425012
4607,DOT1L,7.684288,7.1364365
4608,DPAGT1,11.72272,1.4250157
4609,DPCD,8.58806,2.3177009
4610,DPEP1,13.201384,3.9179935
4611,DPEP2,12.9595,4.830825
4612,DPEP2NB,10.093928,11.758506
4613,DPEP3,12.938673,4.9059305
4614,DPF1,8.859206,6.206251
4615,DPF2,8.711315,5.9243345
4616,DPF3,8.813848,5.974838
4617,DPH1,9.783108,2.3825774
4618,DPH2,10.683436,5.6401505
4619,DPH3,6.5425773,0.17936045
4620,DPH3P1,8.387635,1.7717811
4621,DPH5,9.108412,1.0529494
4622,DPH6,9.003082,1.0674629
4623,DPH7,9.98582,3.672203
4624,DPM1,8.858565,0.8801656
4625,DPM2,11.209347,0.7724933
4626,DPM3,11.950965,1.4244161
4627,DPP10,13.38998,4.3268337
4628,DPP3,10.019566,2.237548
4629,DPP4,13.785764,4.2680244
4630,DPP6,13.452477,4.3479047
4631,DPP7,12.351343,4.5461445
4632,DPP8,10.773121,6.461075
4633,DPP9,10.67927,4.8010116
4634,DPPA2,10.424542,10.946568
4635,DPPA3,10.149598,11.376136
4636,DPPA4,9.48516,10.245619
4637,DPPA5,10.10519,4.3336477
4638,DPRX,9.788506,10.041253
4639,DPT,13.128772,7.858241
4640,DPY19L1,12.109461,1.8571926
4641,DPY19L2,12.441326,2.369704
4642,DPY19L2P1,10.398079,7.6044135
4643,DPY19L2P2,13.447735,2.8795493
4644,DPY19L3,12.495131,2.4126055
4645,DPY19L4,13.22908,2.875574
4646,DPY30,7.0083447,2.3131914
4647,DPYD,10.132437,3.5766585
4648,DPYS,9.40244,1.6103134
4649,DPYSL2,9.414055,1.6698409
4650,DPYSL3,9.478316,1.7368429
4651,DPYSL4,9.528043,1.7412896
4652,DPYSL5,9.424986,1.7079531
4653,DQX1,11.092116,5.5796194
4654,DR1,7.314162,2.1655405
4655,DRAM1,12.062994,1.2477264
4656,DRAM2,12.176999,1.6101717
4657,DRAP1,6.4380794,2.5782979
4658,DRAXIN,12.160113,6.884623
4659,DRC1,8.985541,4.8965034
4660,DRC12,8.289053,5.49061
4661,DRC3,8.661202,3.1133614
4662,DRC7,10.397762,6.5964227
4663,DRD1,13.315861,1.1352211
4664,DRD2,13.213797,1.1203845
4665,DRD3,13.208681,1.138881
4666,DRD4,13.322825,1.3573864
4667,DRD5,13.346562,1.1240587
4668,DRG1,8.575163,0.8222614
4669,DRG2,8.590553,0.7975738
4670,DRGX,6.4926434,4.8454
4671,DRICH1,8.959729,10.594669
4672,DROSHA,10.187354,7.5545864
4673,DRP2,9.614185,5.571225
4674,DSC1,13.557004,6.347112
4675,DSC2,13.6093855,6.313624
4676,DSC3,13.590875,6.3578253
4677,DSCAM,13.628632,6.4883437
4678,DSCAML1,13.62087,6.552516
4679,DSCC1,10.164879,5.010226
4680,DSCR10,9.615697,14.082234
4681,DSCR4,9.545939,12.789693
4682,DSCR8,10.259599,13.444329
4683,DSCR9,9.894052,14.372154
4684,DSE,11.343992,9.458022
4685,DSEL,11.342002,9.466808
4686,DSG1,13.382914,6.7080994
4687,DSG2,13.393417,6.659976
4688,DSG3,13.388628,6.7634225
4689,DSG4,13.414347,6.641931
4690,DSN1,9.879548,9.6105175
4691,DSP,9.794552,8.147323
4692,DSPP,7.7427735,9.630537
4693,DST,9.646743,4.7910075
4694,DSTN,8.879508,1.9496627
4695,DSTYK,11.091138,8.620781
4696,DTD1,8.523648,1.4022311
4697,DTD2,8.96199,1.6256496
4698,DTHD1,10.685563,8.243015
4699,DTL,9.542013,6.4644394
4700,DTNA,7.571832,4.220909
4701,DTNB,7.161954,3.164985
4702,DTNBP1,6.777454,2.754152
4703,DTWD1,9.690465,4.2391973
4704,DTWD2,9.045658,2.5580742
4705,DTX1,8.032777,5.191813
4706,DTX2,7.9511733,5.6704273
4707,DTX3,9.575868,5.1827984
4708,DTX3L,10.19803,6.4030924
4709,DTX4,8.059639,5.1192493
4710,DTYMK,8.476183,0.9224007
4711,DUOX1,12.335539,3.4354393
4712,DUOX2,12.416843,3.4302053
4713,DUOXA1,12.657917,2.4234054
4714,DUOXA2,12.6557665,2.326343
4715,DUS1L,9.981301,3.1240969
4716,DUS2,9.813426,2.2399306
4717,DUS3L,9.040604,3.3095698
4718,DUS4L,9.31338,1.6273928
4719,DUSP1,9.063502,3.5208879
4720,DUSP10,9.847475,4.8389945
4721,DUSP11,9.517591,6.4259157
4722,DUSP12,9.806587,2.9826016
4723,DUSP13A,9.76665,2.4262507
4724,DUSP13B,9.691781,2.336494
4725,DUSP14,9.99507,2.7032733
4726,DUSP15,10.040307,9.23458
4727,DUSP16,7.6557856,4.5578403
4728,DUSP18,9.905946,2.4846454
4729,DUSP19,9.248523,2.09396
4730,DUSP2,10.776917,3.1679869
4731,DUSP21,9.857877,2.5342996
4732,DUSP22,7.547078,1.0606997
4733,DUSP23,9.538145,1.7659509
4734,DUSP26,9.830048,2.8455946
4735,DUSP28,10.9424305,3.3466878
4736,DUSP29,9.58914,2.6083589
4737,DUSP3,9.07694,1.607265
4738,DUSP4,9.00706,3.5557995
4739,DUSP5,10.147348,5.4009604
4740,DUSP6,9.534701,3.6009533
4741,DUSP7,9.114306,3.8206515
4742,DUSP8,7.354855,5.597496
4743,DUSP9,9.206096,3.806887
4744,DUT,7.8911543,4.7751546
4745,DUX1,8.933353,7.472146
4746,DUX3,8.897346,7.549926
4747,DUX4,1.4115312,18.160017
4748,DUX4L2,1.4114655,18.16021
4749,DUX4L3,1.4114693,18.160143
4750,DUX4L4,1.4114935,18.160103
4751,DUX4L5,1.4114436,18.16018
4752,DUX4L6,1.4114323,18.160206
4753,DUX4L7,1.4114038,18.160233
4754,DUX4L9,1.4113972,18.16025
4755,DUX5,8.945832,7.5443707
4756,DUXA,9.339643,5.9713616
4757,DUXB,9.742792,9.7758465
4758,DVL1,6.8971734,4.2969675
4759,DVL1P1,6.8416862,4.1184783
4760,DVL2,6.687974,4.18338
4761,DVL3,6.431398,3.707642
4762,DXO,10.349154,4.6262493
4763,DYDC1,7.3542323,2.9606173
4764,DYDC2,9.257373,8.123727
4765,DYM,9.468907,4.121112
4766,DYNAP,9.576507,9.55027
4767,DYNC1H1,11.017447,8.655488
4768,DYNC1I1,8.135442,2.627926
4769,DYNC1I2,8.18438,2.6085122
4770,DYNC1LI1,7.634989,3.9651127
4771,DYNC1LI2,7.390538,3.7778568
4772,DYNC2H1,11.011313,8.59219
4773,DYNC2I1,9.333498,6.49436
4774,DYNC2I2,10.528387,5.3144403
4775,DYNC2LI1,9.226161,3.11425
4776,DYNLL1,6.5783906,-0.0037915173
4777,DYNLL2,6.700819,0.060600232
4778,DYNLRB1,7.219202,0.63381547
4779,DYNLRB2,6.905224,0.4557934
4780,DYNLT1,7.1159444,0.77344406
4781,DYNLT2,10.290082,6.3891144
4782,DYNLT2B,7.6375003,1.8693547
4783,DYNLT3,9.025783,2.0950623
4784,DYNLT4,8.68203,6.6177497
4785,DYNLT5,8.894716,2.9772658
4786,DYRK1A,7.1591477,4.444485
4787,DYRK1B,7.8862243,4.6834135
4788,DYRK2,8.147272,3.1942675
4789,DYRK3,9.425506,4.343794
4790,DYRK4,9.6892,4.334571
4791,DYSF,9.871168,4.679247
4792,DYTN,9.607589,6.766727
4793,DZANK1,10.012142,7.685633
4794,DZIP1,9.651411,8.653074
4795,DZIP1L,9.368944,8.218493
4796,DZIP3,10.601833,10.096183
4797,E2F1,7.737579,5.3125606
4798,E2F2,7.7452755,5.648647
4799,E2F3,7.5987844,5.690401
4800,E2F4,6.827622,3.5393722
4801,E2F5,6.608626,2.7991188
4802,E2F6,8.999724,5.0757394
4803,E2F7,8.211379,6.977511
4804,E2F8,8.214697,6.902365
4805,E4F1,7.7560334,7.5386305
4806,EAF1,6.6697164,3.3565922
4807,EAF2,7.344641,4.065456
4808,EAPP,7.0318913,3.0342855
4809,EARS2,10.520435,2.858511
4810,EBAG9,8.630082,7.602376
4811,EBF1,5.97264,3.1386166
4812,EBF2,6.2845597,3.2402124
4813,EBF3,5.9909945,3.1536863
4814,EBF4,6.2717257,3.6362689
4815,EBI3,12.275161,5.4798727
4816,EBLN1,10.238315,12.37641
4817,EBLN2,9.901437,12.77039
4818,EBNA1BP2,7.5506587,3.3636591
4819,EBP,11.955057,2.0700479
4820,EBPL,12.330456,1.3544334
4821,ECD,9.320462,4.4936004
4822,ECE1,13.170956,4.1261234
4823,ECE2,12.989958,4.1795483
4824,ECEL1,12.727796,4.6209054
4825,ECH1,9.65432,1.5377252
4826,ECHDC1,10.414785,2.2998993
4827,ECHDC2,9.728308,1.3022647
4828,ECHDC3,9.521746,1.3977219
4829,ECHS1,9.100995,0.4763364
4830,ECI1,9.9515915,1.8092191
4831,ECI2,9.572972,1.5382103
4832,ECM1,10.162926,10.272364
4833,ECM2,13.304931,5.352824
4834,ECPAS,10.925598,7.8994703
4835,ECRG4,7.658901,4.1801715
4836,ECSCR,7.0573,3.7868052
4837,ECSIT,10.544043,5.137144
4838,ECT2,9.958548,5.928228
4839,ECT2L,10.585165,7.0350533
4840,EDA,11.823381,3.956014
4841,EDA2R,12.737106,6.98214
4842,EDAR,12.992232,6.68786
4843,EDARADD,9.249546,7.001415
4844,EDC3,9.991868,5.5831127
4845,EDC4,9.318546,8.4409485
4846,EDDM13,10.49384,11.549974
4847,EDDM3A,12.235253,8.383472
4848,EDDM3B,12.214071,8.415294
4849,EDEM1,13.152165,4.3679733
4850,EDEM2,13.234841,4.246271
4851,EDEM3,13.274047,4.7372966
4852,EDF1,6.6008873,1.162151
4853,EDIL3,13.738599,5.3966737
4854,EDN1,12.858273,7.028057
4855,EDN2,8.300308,5.9974594
4856,EDN3,8.397513,6.536263
4857,EDNRA,12.573635,1.0804172
4858,EDNRB,12.697317,1.0837952
4859,EDRF1,10.779898,7.966662
4860,EEA1,9.781867,8.238313
4861,EED,9.723989,3.7404194
4862,EEF1A1,6.360692,0.10738784
4863,EEF1A1P5,6.296515,0.21768573
4864,EEF1A2,6.837978,0.43188992
4865,EEF1AKMT1,9.076455,1.1288947
4866,EEF1AKMT2,9.365944,1.8831602
4867,EEF1AKMT3,10.101208,2.5296116
4868,EEF1AKMT4,10.832415,4.0285473
4869,EEF1AKMT4-ECE2,12.9102745,4.103141
4870,EEF1B2,6.772074,0.98348707
4871,EEF1D,7.0166783,2.354152
4872,EEF1DP3,10.019154,12.081162
4873,EEF1E1,8.944589,1.7362155
4874,EEF1G,8.710424,1.6457914
4875,EEF2,7.9473634,1.0046278
4876,EEF2K,10.179283,6.592679
4877,EEF2KMT,10.037668,3.2625484
4878,EEFSEC,9.311076,2.636046
4879,EEIG1,6.960028,3.3654678
4880,EEIG2,7.033056,3.3971245
4881,EEPD1,10.127558,6.310034
4882,EFCAB10,9.392602,3.344151
4883,EFCAB11,8.804066,1.7328893
4884,EFCAB12,10.377758,11.16023
4885,EFCAB13,10.387525,10.279039
4886,EFCAB14,7.3506293,3.9540315
4887,EFCAB2,8.730907,7.220265
4888,EFCAB3,10.593189,11.22919
4889,EFCAB5,10.599236,10.190808
4890,EFCAB6,10.937411,8.5849285
4891,EFCAB7,10.978093,8.609738
4892,EFCAB8,10.743709,10.052582
4893,EFCAB9,10.655759,7.268612
4894,EFCC1,8.797868,6.5301657
4895,EFEMP1,13.583719,5.567458
4896,EFEMP2,13.004335,5.012029
4897,EFHB,10.315139,11.404777
4898,EFHC1,9.743115,3.6245399
4899,EFHC2,10.484424,5.6996503
4900,EFHD1,7.6527367,3.7105885
4901,EFHD2,7.01288,2.7004008
4902,EFL1,9.193571,2.7496114
4903,EFNA1,12.519328,4.5445805
4904,EFNA2,11.994006,4.148801
4905,EFNA3,12.11484,4.15072
4906,EFNA4,12.282152,5.3256173
4907,EFNA5,12.405984,4.2440457
4908,EFNB1,12.747592,4.6548724
4909,EFNB2,13.091726,4.6041126
4910,EFNB3,12.017149,5.261808
4911,EFR3A,10.077079,5.6624136
4912,EFR3B,9.894405,5.3984394
4913,EFS,8.283756,6.993437
4914,EFTUD2,9.348027,2.7088847
4915,EGF,13.4551735,7.0186644
4916,EGFEM1P,10.615021,10.400264
4917,EGFL6,13.260552,5.9159617
4918,EGFL7,11.557722,3.797983
4919,EGFL8,12.577829,5.9231696
4920,EGFLAM,13.657017,6.4779716
4921,EGFR,13.010809,4.8201632
4922,EGLN1,7.877363,4.593729
4923,EGLN2,8.076104,5.945212
4924,EGLN3,9.418149,2.4595075
4925,EGR1,6.6240807,5.653464
4926,EGR2,6.734582,5.796354
4927,EGR3,6.6731696,5.679302
4928,EGR4,8.13452,7.4383373
4929,EHBP1,7.2673683,4.0157785
4930,EHBP1L1,8.006913,6.732959
4931,EHD1,8.154883,1.9816055
4932,EHD2,8.909456,2.2986217
4933,EHD3,8.108322,1.9389769
4934,EHD4,8.52155,2.2282722
4935,EHF,8.4881315,4.9625263
4936,EHHADH,10.345886,2.1957357
4937,EHMT1,8.931423,6.9556723
4938,EHMT2,8.920703,6.9210443
4939,EI24,12.008851,1.8178904
4940,EID1,10.019193,11.515676
4941,EID2,11.153757,17.252712
4942,EID2B,9.982628,11.862418
4943,EID3,9.673448,4.8639402
4944,EIF1,6.619699,0.07804001
4945,EIF1AD,8.349275,3.432181
4946,EIF1AX,6.621759,0.31665465
4947,EIF1AY,6.5731497,0.3963214
4948,EIF1B,6.7548294,0.20088813
4949,EIF2A,9.401184,3.480057
4950,EIF2AK1,10.010655,6.373354
4951,EIF2AK2,9.92322,5.7053714
4952,EIF2AK3,10.223791,8.526677
4953,EIF2AK4,10.626447,7.1808653
4954,EIF2B1,9.076475,1.9034885
4955,EIF2B2,9.144153,2.735034
4956,EIF2B3,9.816427,3.7925026
4957,EIF2B4,9.1794,3.5138404
4958,EIF2B5,10.293157,4.309394
4959,EIF2D,9.229878,2.9313571
4960,EIF2S1,8.110335,1.9797437
4961,EIF2S2,6.9807205,3.3081303
4962,EIF2S3,7.803281,0.8628841
4963,EIF2S3B,7.6965604,0.9424
4964,EIF3A,7.0514455,3.4427714
4965,EIF3B,9.34303,4.0732336
4966,EIF3C,8.768972,3.2011092
4967,EIF3CL,8.757351,3.2474978
4968,EIF3D,8.923907,3.1609628
4969,EIF3E,8.693171,2.4015906
4970,EIF3F,7.4228907,3.1961708
4971,EIF3G,7.9543233,3.008323
4972,EIF3H,7.9230237,2.4014113
4973,EIF3I,9.174436,2.877977
4974,EIF3J,6.82791,2.261198
4975,EIF3K,7.733983,0.9822178
4976,EIF3L,9.0492325,3.2464147
4977,EIF3M,9.282001,2.8491194
4978,EIF4A1,6.8801837,0.31300646
4979,EIF4A2,6.8961883,0.3057176
4980,EIF4A3,6.8395596,0.3088073
4981,EIF4B,6.583897,3.8320346
4982,EIF4E,7.8049254,1.6568782
4983,EIF4E1B,8.933127,3.7677715
4984,EIF4E2,7.7361307,2.7298863
4985,EIF4E3,8.719427,1.4816473
4986,EIF4EBP1,6.724965,3.536018
4987,EIF4EBP2,6.8339314,3.6010385
4988,EIF4EBP3,7.112322,3.6608934
4989,EIF4ENIF1,7.4994,7.2652235
4990,EIF4G1,6.941579,4.538589
4991,EIF4G2,9.637157,5.9934874
4992,EIF4G3,7.3073273,5.094496
4993,EIF4H,6.3717833,3.2713835
4994,EIF5,8.32023,2.660681
4995,EIF5A,6.6476135,0.5807806
4996,EIF5A2,8.552698,0.47861627
4997,EIF5AL1,6.5394893,-0.3166105
4998,EIF5B,7.948359,2.76177
4999,EIF6,7.8176413,0.8188439
5000,EIPR1,8.029368,1.6535037
5001,ELAC1,10.342988,2.145609
5002,ELAC2,9.849652,2.9653344
5003,ELANE,14.497498,5.3654156
5004,ELAPOR1,13.197755,7.827294
5005,ELAPOR2,13.208623,7.6969047
5006,ELAVL1,6.2988143,3.2483165
5007,ELAVL2,6.2667236,3.2190554
5008,ELAVL3,6.1692905,3.2783093
5009,ELAVL4,6.2110486,3.3283584
5010,ELF1,6.6425085,5.582556
5011,ELF2,6.3098936,4.702244
5012,ELF3,7.634338,5.60108
5013,ELF4,7.397756,7.102269
5014,ELF5,8.820805,4.450626
5015,ELFN1,12.423404,7.779168
5016,ELFN2,12.720543,7.746683
5017,ELK1,7.3899045,6.127078
5018,ELK3,6.1900063,4.0507956
5019,ELK4,6.5566087,4.828367
5020,ELL,7.6314006,4.843266
5021,ELL2,7.920153,5.0069823
5022,ELL3,9.464962,8.712235
5023,ELMO1,11.007118,8.562568
5024,ELMO2,10.975047,8.498402
5025,ELMO3,11.220967,8.306647
5026,ELMOD1,10.668539,11.707001
5027,ELMOD2,10.73789,11.782411
5028,ELMOD3,10.51883,11.174164
5029,ELN,6.1373215,3.995721
5030,ELOA,8.023604,7.076223
5031,ELOA2,9.059898,9.38796
5032,ELOB,6.7115426,0.74226403
5033,ELOC,6.8468437,0.636149
5034,ELOF1,6.5899444,0.13008933
5035,ELOVL1,11.986525,1.3413925
5036,ELOVL2,11.966251,1.3196765
5037,ELOVL3,12.118159,1.7895886
5038,ELOVL4,12.023599,1.4711387
5039,ELOVL5,12.007912,1.3738937
5040,ELOVL6,11.818998,1.2038027
5041,ELOVL7,12.002295,1.3168617
5042,ELP1,10.1308565,4.7929363
5043,ELP2,10.010088,3.9625196
5044,ELP3,8.851803,0.71741545
5045,ELP4,9.297821,3.7825677
5046,ELP5,10.766145,4.7067018
5047,ELP6,9.41619,2.6015067
5048,ELSPBP1,13.79914,6.500461
5049,EMB,13.533667,5.945082
5050,EMC1,13.108382,7.0447936
5051,EMC10,12.093828,4.766103
5052,EMC2,8.757448,2.615476
5053,EMC3,11.27125,1.4102418
5054,EMC4,11.04867,1.2405428
5055,EMC6,11.793747,1.0086616
5056,EMC7,8.437068,3.4103916
5057,EMC8,9.229468,2.598642
5058,EMC9,10.30649,4.126597
5059,EMCN,12.72036,6.806431
5060,EMD,8.120828,6.84178
5061,EME1,8.878928,6.1211295
5062,EME2,11.100142,5.0980167
5063,EMG1,8.998953,1.8071189
5064,EMID1,12.583182,5.4029927
5065,EMILIN1,12.0465,6.1189375
5066,EMILIN2,9.700956,8.024639
5067,EMILIN3,9.653494,8.049418
5068,EML1,9.045523,2.9377584
5069,EML2,9.041169,2.577913
5070,EML3,9.280252,4.868974
5071,EML4,9.079117,4.189761
5072,EML5,10.780324,6.509103
5073,EML6,10.767001,6.435137
5074,EMP1,12.159072,1.0080625
5075,EMP2,12.02962,0.9587781
5076,EMP3,12.784518,1.5775268
5077,EMSY,6.0979314,4.2504826
5078,EMX1,5.639473,4.5300245
5079,EMX2,5.5035996,4.3303127
5080,EN1,5.678728,4.8547716
5081,EN2,5.707671,4.752251
5082,ENAH,5.9276624,2.7370584
5083,ENAM,9.099321,10.486108
5084,ENC1,10.963219,6.1085157
5085,ENDOD1,12.915403,7.350168
5086,ENDOG,10.374234,2.5422497
5087,ENDOU,13.507279,4.9805045
5088,ENDOV,10.356147,2.8384266
5089,ENG,11.867008,8.0988035
5090,ENGASE,11.061558,5.46811
5091,ENHO,8.939906,7.175263
5092,ENKD1,8.790482,5.3730335
5093,ENKUR,8.365844,2.778578
5094,ENO1,7.741068,0.3831224
5095,ENO2,8.687146,0.46556127
5096,ENO3,8.529315,0.41844034
5097,ENO4,9.885213,5.2287593
5098,ENOPH1,9.555079,1.4359344
5099,ENOSF1,9.204671,1.2072197
5100,ENOX1,8.836637,4.720907
5101,ENOX2,8.836086,4.620311
5102,ENPEP,13.792278,4.2675323
5103,ENPP1,13.658473,4.8247504
5104,ENPP2,13.57543,4.707192
5105,ENPP3,13.629706,4.6712976
5106,ENPP4,13.762509,4.3042426
5107,ENPP5,13.775177,4.3355355
5108,ENPP6,13.700299,4.288765
5109,ENPP7,13.198994,4.243171
5110,ENSA,6.8312464,3.0170186
5111,ENTHD1,9.753192,9.7191305
5112,ENTPD1,13.540881,4.602593
5113,ENTPD2,12.148925,4.2561073
5114,ENTPD3,13.608428,4.7739406
5115,ENTPD4,13.446952,4.5661116
5116,ENTPD5,13.371323,4.3624177
5117,ENTPD6,13.060205,4.6192527
5118,ENTPD7,13.285102,4.4815183
5119,ENTPD8,12.107271,4.1783123
5120,ENTR1,8.248077,6.3158
5121,ENTREP1,7.7210994,5.0447783
5122,ENTREP2,7.5880704,5.187198
5123,ENTREP3,8.424555,6.9363446
5124,ENY2,7.225889,1.9263047
5125,EOGT,13.403007,4.4515653
5126,EOLA1,8.4742155,1.4455549
5127,EOLA2,8.483136,1.5038012
5128,EOMES,7.384011,6.863267
5129,EP300,6.221479,4.280152
5130,EP400,7.5918403,6.811092
5131,EP400P1,8.918503,9.530703
5132,EPAS1,7.5680647,5.9897637
5133,EPB41,6.57603,2.7282197
5134,EPB41L1,6.5334396,2.9365444
5135,EPB41L2,6.494738,2.898539
5136,EPB41L3,6.17373,2.6504738
5137,EPB41L4A,9.840225,7.2757907
5138,EPB41L4B,8.354749,7.043037
5139,EPB41L5,8.5567045,5.4591575
5140,EPB42,10.866719,6.431264
5141,EPC1,9.269901,9.4024
5142,EPC2,9.408327,9.57946
5143,EPCAM,13.247452,4.7528296
5144,EPCIP,10.616923,11.665595
5145,EPCIP-AS1,9.158137,13.65716
5146,EPDR1,12.464824,4.2023797
5147,EPG5,10.781826,10.732508
5148,EPGN,13.603077,5.934973
5149,EPHA1,12.393907,5.1707673
5150,EPHA10,11.9080515,5.253503
5151,EPHA2,13.178289,4.946236
5152,EPHA3,11.437402,3.020901
5153,EPHA4,11.431228,3.0287275
5154,EPHA5,11.481191,3.0809197
5155,EPHA6,11.453442,3.0367708
5156,EPHA7,11.374724,3.014101
5157,EPHA8,11.719812,4.004506
5158,EPHB1,11.413396,3.0184526
5159,EPHB2,11.438923,3.0492437
5160,EPHB3,11.441989,3.1012647
5161,EPHB4,11.768763,3.8860185
5162,EPHB6,12.168013,5.255636
5163,EPHX1,10.2053585,1.9558619
5164,EPHX2,10.248432,2.3577166
5165,EPHX3,11.194349,3.451527
5166,EPHX4,10.908794,3.1664762
5167,EPM2A,10.0284815,14.732565
5168,EPM2AIP1,10.924621,7.508103
5169,EPN1,6.550943,4.310037
5170,EPN2,6.485788,4.159449
5171,EPN3,6.6816783,4.380441
5172,EPO,11.983886,5.3308926
5173,EPOP,9.430565,10.302816
5174,EPOR,12.117368,7.0376477
5175,EPPIN,14.561466,5.6119514
5176,EPPK1,10.836546,4.885858
5177,EPRS1,8.849784,1.7025381
5178,EPS15,7.144271,3.6427865
5179,EPS15L1,7.104521,3.6649258
5180,EPS8,7.4420824,4.187336
5181,EPS8L1,8.89068,5.2808065
5182,EPS8L2,8.607524,4.546769
5183,EPS8L3,9.123194,5.854351
5184,EPSTI1,9.444365,6.871866
5185,EPX,13.017682,5.0068426
5186,EPYC,13.349438,5.433622
5187,EQTN,10.325888,9.658055
5188,ERAL1,10.072649,3.5575037
5189,ERAP1,13.934289,4.407453
5190,ERAP2,14.05972,4.510894
5191,ERAS,11.208706,5.948675
5192,ERBB2,12.536589,5.1172385
5193,ERBB3,12.599325,5.1195345
5194,ERBB4,12.968657,4.7536397
5195,ERBIN,8.41596,7.3507867
5196,ERC1,7.4244246,3.334549
5197,ERC2,6.792985,2.9239576
5198,ERC2-IT1,9.616721,14.024662
5199,ERCC1,7.840423,3.350534
5200,ERCC2,9.096168,1.5161113
5201,ERCC3,8.892964,2.7394304
5202,ERCC4,10.014958,4.235919
5203,ERCC5,8.568522,5.531898
5204,ERCC6,9.266629,5.7901516
5205,ERCC6L,9.535112,5.8455925
5206,ERCC6L2,9.515843,7.992048
5207,ERCC6L2-AS1,9.458997,13.996974
5208,ERCC8,9.800441,3.819928
5209,EREG,12.986513,4.835911
5210,ERF,5.6390214,4.702568
5211,ERFE,11.817839,4.904479
5212,ERFL,7.1888137,6.2899947
5213,ERG,7.041054,5.6086416
5214,ERG28,11.431551,0.7897617
5215,ERGIC1,7.2072396,1.0751568
5216,ERGIC2,11.334951,1.9623163
5217,ERGIC3,11.159045,1.8292518
5218,ERH,10.7328005,11.613251
5219,ERI1,10.190372,5.0957823
5220,ERI2,9.275681,7.8269434
5221,ERI3,9.521585,6.7461324
5222,ERICH1,8.1571865,5.7239304
5223,ERICH2,8.643958,5.715115
5224,ERICH3,9.512768,10.978423
5225,ERICH4,8.191759,4.448584
5226,ERICH5,8.951699,10.47641
5227,ERICH6,9.74878,8.031018
5228,ERICH6B,9.337643,8.34954
5229,ERLEC1,13.365794,5.09635
5230,ERLIN1,9.237269,2.311849
5231,ERLIN2,8.2490835,1.4678798
5232,ERMAP,14.144224,6.1798973
5233,ERMARD,10.646041,7.080467
5234,ERMN,9.0823965,7.966135
5235,ERMP1,12.712775,3.0302854
5236,ERN1,9.404373,5.7108803
5237,ERN2,11.748524,6.3459888
5238,ERO1A,10.66354,11.526612
5239,ERO1B,10.671386,11.622536
5240,ERP27,13.05776,4.9062486
5241,ERP29,9.13189,3.7553053
5242,ERP44,13.367344,4.4983344
5243,ERRFI1,9.530171,10.036481
5244,ERV3-1,0.6975971,-2.031156
5245,ERVFC1,0.6980166,-2.0307236
5246,ERVFC1-1,0.6977091,-2.031125
5247,ERVFRD-1,0.6979524,-2.0307808
5248,ERVH48-1,10.64434,11.642688
5249,ERVK-10,7.004747,9.314588
5250,ERVK-11,6.988231,9.31698
5251,ERVK-16,10.069723,11.821455
5252,ERVK-18,6.986888,9.31678
5253,ERVK-19,6.9983406,9.313984
5254,ERVK-21,0.6978327,-2.0309727
5255,ERVK-24,10.412011,8.481986
5256,ERVK-25,6.9894953,9.317498
5257,ERVK-5,10.394832,8.484309
5258,ERVK-6,6.9876747,9.318084
5259,ERVK-7,7.015879,9.315214
5260,ERVK-8,6.989065,9.317523
5261,ERVK-9,10.278478,8.494117
5262,ERVK11-1,9.801483,12.934616
5263,ERVK13-1,0.69789755,-2.0307834
5264,ERVK3-1,10.257203,12.226542
5265,ERVMER34-1,0.6977043,-2.0308304
5266,ERVPABLB-1,0.6948193,-2.0319643
5267,ERVS71-1,0.6974261,-2.0311058
5268,ERVV-1,0.6985188,-2.0296874
5269,ERVV-2,0.6972178,-2.0311706
5270,ERVW-1,0.6991533,-2.0295165
5271,ESAM,12.530075,5.400954
5272,ESCO1,9.155474,8.411079
5273,ESCO2,9.3878565,8.102107
5274,ESD,8.810713,0.46248373
5275,ESF1,8.204159,4.503249
5276,ESM1,12.816975,7.8787403
5277,ESPL1,10.897516,9.887872
5278,ESPN,7.2578435,4.154607
5279,ESPNL,10.36489,7.557551
5280,ESR1,8.039287,5.684447
5281,ESR2,8.641943,5.014705
5282,ESRG,9.731195,13.865067
5283,ESRP1,9.238262,4.4283276
5284,ESRP2,9.423293,5.5982084
5285,ESRRA,8.205609,4.0198293
5286,ESRRB,7.349642,2.5755525
5287,ESRRG,7.2044096,2.6344817
5288,ESS2,8.002167,4.6973925
5289,ESX1,8.242696,9.503546
5290,ESYT1,9.360413,4.028201
5291,ESYT2,8.826755,3.9056897
5292,ESYT3,10.492954,5.938782
5293,ETAA1,9.308814,9.826723
5294,ETDA,8.904116,13.731911
5295,ETDB,8.839071,13.715921
5296,ETDC,8.871869,13.751293
5297,ETF1,7.811586,1.1829978
5298,ETFA,8.889979,0.3721404
5299,ETFB,8.840701,0.4090615
5300,ETFBKMT,10.298268,3.5744843
5301,ETFDH,9.718012,1.6723309
5302,ETFRF1,8.953331,1.6613551
5303,ETHE1,9.454145,1.1576608
5304,ETNK1,10.2663,4.054006
5305,ETNK2,9.984087,2.816139
5306,ETNPPL,9.660092,1.2556955
5307,ETS1,7.3493776,5.7723093
5308,ETS2,8.2094145,6.777079
5309,ETV1,6.4113135,4.9190826
5310,ETV2,8.4593525,8.102284
5311,ETV3,7.519052,6.057816
5312,ETV3L,8.358644,7.091546
5313,ETV4,6.3044453,4.931989
5314,ETV5,6.263814,4.725848
5315,ETV6,8.303472,6.913151
5316,ETV7,8.145637,4.9142857
5317,EURL,10.623419,9.6438
5318,EVA1A,7.045522,2.8005319
5319,EVA1B,7.5245724,4.6681247
5320,EVA1C,12.826701,4.947148
5321,EVC,10.547179,10.256322
5322,EVC2,10.585605,10.357446
5323,EVI2A,12.80279,7.096521
5324,EVI2B,8.85445,9.871953
5325,EVI5,8.649247,3.9074068
5326,EVI5L,8.443056,3.7292886
5327,EVL,6.0818777,3.2232165
5328,EVPL,9.719446,8.029439
5329,EVPLL,10.093929,9.267035
5330,EVX1,5.6756415,4.828253
5331,EVX2,5.264333,4.265848
5332,EWSR1,6.2751245,4.1923757
5333,EXD1,9.651778,7.7996817
5334,EXD2,10.179301,4.0572844
5335,EXD3,11.060043,6.1434298
5336,EXO1,8.758271,5.6581793
5337,EXO5,10.360038,5.295423
5338,EXOC1,9.863462,4.817183
5339,EXOC1L,10.955558,8.755315
5340,EXOC2,10.111084,5.604589
5341,EXOC3,9.718458,4.491099
5342,EXOC3-AS1,9.86391,14.18423
5343,EXOC3L1,11.105774,6.3184013
5344,EXOC3L2,11.201031,6.7168775
5345,EXOC3L4,11.118687,6.425792
5346,EXOC4,10.0342,5.3544226
5347,EXOC5,9.893402,5.0746994
5348,EXOC6,9.569145,4.313807
5349,EXOC6B,9.524933,4.0328054
5350,EXOC7,9.8608055,4.704102
5351,EXOC8,10.476637,6.125437
5352,EXOG,10.585656,4.095648
5353,EXOSC1,7.8009925,0.89560485
5354,EXOSC10,9.30373,5.0527687
5355,EXOSC2,8.836479,2.0959606
5356,EXOSC3,9.64376,3.3805158
5357,EXOSC4,9.6557,1.8044595
5358,EXOSC5,8.808807,1.5108054
5359,EXOSC6,10.983652,3.459448
5360,EXOSC7,9.163659,2.060259
5361,EXOSC8,9.402208,2.1538408
5362,EXOSC9,9.019911,4.3063903
5363,EXPH5,9.679611,10.924028
5364,EXT1,13.119547,4.2923546
5365,EXT2,13.476395,4.7322664
5366,EXTL1,12.056466,5.6251984
5367,EXTL2,12.912146,7.379992
5368,EXTL3,13.313465,5.5796523
5369,EYA1,5.9381595,3.9222643
5370,EYA2,6.6739845,4.669703
5371,EYA3,6.8419952,5.2314043
5372,EYA4,6.2555823,4.41688
5373,EYS,9.9873905,10.589552
5374,EZH1,9.094193,5.6453695
5375,EZH2,8.913326,5.7934933
5376,EZHIP,9.242521,10.678923
5377,EZR,7.513933,2.1671505
5378,F10,13.684942,5.4895353
5379,F11,13.797356,6.533147
5380,F11R,13.734649,5.480977
5381,F12,12.758454,5.8617005
5382,F13A1,10.927622,4.4638734
5383,F13B,13.74788,6.5765734
5384,F2,13.541143,6.3230867
5385,F2R,13.9285145,1.5739658
5386,F2RL1,13.9269905,1.611709
5387,F2RL2,13.960904,1.69463
5388,F2RL3,13.457157,1.7155244
5389,F3,13.662656,6.1376963
5390,F5,13.172915,6.8511214
5391,F7,13.346859,5.327236
5392,F8,12.760158,7.8000145
5393,F8A1,10.434293,4.851102
5394,F8A2,10.497672,4.9242363
5395,F8A3,10.47242,4.896045
5396,F9,13.8266945,5.423694
5397,FA2H,11.258822,2.4104733
5398,FAAH,10.488184,2.4914527
5399,FAAH2,10.167629,2.0521247
5400,FAAP100,11.538146,8.134467
5401,FAAP20,7.8071427,6.125058
5402,FAAP24,9.883797,3.6561272
5403,FABP1,8.619005,0.4107536
5404,FABP12,14.47247,4.64583
5405,FABP2,9.822428,2.0288467
5406,FABP3,8.708687,0.35810083
5407,FABP4,8.763403,0.35126716
5408,FABP5,8.630974,0.3303681
5409,FABP5P3,8.945099,0.42053732
5410,FABP6,8.794494,0.6597024
5411,FABP7,8.649357,0.3570483
5412,FABP9,9.002351,0.35064957
5413,FADD,9.847558,3.030867
5414,FADS1,11.783797,1.7852666
5415,FADS2,11.581723,1.6255295
5416,FADS2B,12.876553,3.0606928
5417,FADS3,11.991074,1.8325571
5418,FADS6,12.201448,1.5405991
5419,FAF1,8.794003,3.2868881
5420,FAF2,9.832525,3.951553
5421,FAH,8.910182,0.6377379
5422,FAHD1,9.74409,1.1441935
5423,FAHD2A,9.810944,1.1018258
5424,FAHD2B,9.9517765,1.1717002
5425,FAIM,8.951249,1.1850994
5426,FAIM2,11.704383,0.96897584
5427,FAM106A,9.329675,13.684607
5428,FAM106C,9.336765,13.725291
5429,FAM107A,7.323178,3.112222
5430,FAM107B,6.56251,2.0841541
5431,FAM110A,7.484374,5.9679484
5432,FAM110B,7.423886,5.317801
5433,FAM110C,7.261068,5.6209836
5434,FAM110D,7.794665,6.2036147
5435,FAM111A,10.5597725,7.704521
5436,FAM111B,11.024307,8.765852
5437,FAM114A1,7.4467697,4.066369
5438,FAM114A2,7.757823,4.1008086
5439,FAM117A,7.616035,6.3639684
5440,FAM117B,6.7616396,5.286858
5441,FAM118A,10.595599,6.9837255
5442,FAM118B,10.551222,7.009481
5443,FAM120A,10.375118,8.247913
5444,FAM120A2P,9.855916,11.097668
5445,FAM120AOS,9.838487,14.397243
5446,FAM120B,10.085113,6.787172
5447,FAM120C,10.404134,8.248547
5448,FAM124A,8.894193,6.884052
5449,FAM124B,9.622621,6.8769274
5450,FAM131A,9.6589575,10.403947
5451,FAM131B,9.921423,11.292419
5452,FAM131C,9.581832,10.757615
5453,FAM133A,7.1886983,3.7578201
5454,FAM133B,6.765978,3.1121652
5455,FAM135A,9.273087,8.017276
5456,FAM135B,9.302743,8.068761
5457,FAM136A,6.9573975,1.3139282
5458,FAM13A,8.899011,5.9154525
5459,FAM13B,8.848683,5.664338
5460,FAM13C,8.360652,6.151313
5461,FAM149A,9.725777,10.636045
5462,FAM149B1,10.110929,11.668064
5463,FAM151A,12.767052,6.032585
5464,FAM151B,9.883052,2.9745085
5465,FAM153A,9.024864,10.685498
5466,FAM153B,9.028799,10.644359
5467,FAM153CP,10.235597,11.264036
5468,FAM156A,9.610506,10.42522
5469,FAM156B,9.6074295,10.372855
5470,FAM157A,9.91151,14.386875
5471,FAM157B,9.89433,14.41434
5472,FAM157C,9.893249,14.398054
5473,FAM161A,9.292229,6.2654424
5474,FAM161B,9.438186,6.854186
5475,FAM162A,9.090495,2.83694
5476,FAM162B,9.588335,1.9824536
5477,FAM163A,7.3507376,5.7735825
5478,FAM163B,7.1822047,4.9048905
5479,FAM167A,7.853495,4.518479
5480,FAM167A-AS1,9.524122,14.00153
5481,FAM167B,7.9078813,4.4706364
5482,FAM168A,6.1465507,4.0454445
5483,FAM168B,5.9890213,4.075394
5484,FAM169A,9.169548,8.236396
5485,FAM169BP,14.586575,9.367461
5486,FAM170A,9.1392975,8.551696
5487,FAM170B,9.322668,8.825385
5488,FAM171A1,9.576543,8.839698
5489,FAM171A2,8.610619,7.9470305
5490,FAM171B,10.12085,9.367764
5491,FAM174A,7.8532786,5.96099
5492,FAM174B,7.7291803,5.392249
5493,FAM174C,7.697213,5.5563965
5494,FAM177A1,7.3990583,3.8431196
5495,FAM177B,8.714028,5.724499
5496,FAM178B,10.550136,10.263088
5497,FAM180A,10.737188,11.319509
5498,FAM180B,9.787469,11.465222
5499,FAM181A,9.395622,10.309382
5500,FAM181B,7.899363,7.6270204
5501,FAM184A,9.816015,8.244296
5502,FAM184B,9.663755,8.513518
5503,FAM185A,9.401756,2.1263864
5504,FAM186A,8.783676,10.381015
5505,FAM186B,10.315248,10.442265
5506,FAM187A,13.079018,7.211244
5507,FAM187B,12.837809,7.061984
5508,FAM193A,9.457657,10.01221
5509,FAM193B,9.053869,9.855213
5510,FAM199X,10.177051,9.30401
5511,FAM200A,10.332337,6.8890424
5512,FAM200B,10.332852,6.936515
5513,FAM200C,10.31724,6.9255753
5514,FAM201A,9.924867,14.318405
5515,FAM204A,8.230235,4.407738
5516,FAM209A,10.456917,10.899134
5517,FAM209B,10.318057,11.215453
5518,FAM20A,12.836048,5.7143564
5519,FAM20B,13.416153,4.705019
5520,FAM20C,12.421219,4.482748
5521,FAM210A,9.351016,4.6412225
5522,FAM210B,9.619288,2.033891
5523,FAM215A,9.91976,14.182329
5524,FAM216A,9.997198,11.45081
5525,FAM216B,10.228924,12.152271
5526,FAM217A,9.794589,11.184144
5527,FAM217B,9.672761,10.688449
5528,FAM218A,9.954509,14.253745
5529,FAM219A,6.484454,3.1563518
5530,FAM219B,6.8781857,4.142394
5531,FAM220A,9.821674,14.11676
5532,FAM220BP,9.788168,12.477334
5533,FAM221A,7.768783,3.881946
5534,FAM221B,9.036206,7.8636746
5535,FAM222A,9.065059,9.779372
5536,FAM222B,8.916078,9.532647
5537,FAM223A,9.314837,13.862946
5538,FAM223B,9.308214,13.878533
5539,FAM227A,10.401068,11.6153345
5540,FAM227B,10.519622,11.90987
5541,FAM228A,10.0294,12.4898815
5542,FAM228B,10.41246,11.52587
5543,FAM229A,9.754852,12.909291
5544,FAM229B,8.962642,13.844945
5545,FAM234A,11.97279,8.154618
5546,FAM234B,11.999964,8.148561
5547,FAM236A,9.409621,13.319099
5548,FAM236B,9.438287,13.272101
5549,FAM236C,9.536053,13.09497
5550,FAM236D,9.53669,13.1020565
5551,FAM237A,9.464048,13.795317
5552,FAM237B,9.948314,12.753485
5553,FAM240A,8.325626,4.323976
5554,FAM240B,8.149049,4.3820415
5555,FAM240C,9.363817,6.9278684
5556,FAM241A,7.744394,5.312298
5557,FAM241B,7.126872,3.7556677
5558,FAM246A,9.527349,9.719037
5559,FAM246B,9.594499,9.710714
5560,FAM246C,9.782697,14.443928
5561,FAM24A,10.63141,10.195697
5562,FAM24B,10.44224,11.385854
5563,FAM25A,8.617183,8.776112
5564,FAM25C,8.601688,8.767982
5565,FAM25G,8.603999,8.788025
5566,FAM27B,8.901541,13.923619
5567,FAM27C,8.904121,13.915373
5568,FAM27D1,9.84716,14.280541
5569,FAM27E3,9.505394,12.5675125
5570,FAM30A,10.027398,13.623057
5571,FAM32A,6.451584,1.0779829
5572,FAM3A,10.636064,11.360793
5573,FAM3B,10.681451,11.830832
5574,FAM3C,10.653823,11.544043
5575,FAM3D,10.696905,11.56823
5576,FAM43A,8.10267,6.1729264
5577,FAM43B,8.17845,6.184417
5578,FAM47A,8.989114,10.595053
5579,FAM47B,9.103663,10.640166
5580,FAM47C,8.098959,9.569633
5581,FAM47DP,10.33617,11.626287
5582,FAM47E,10.309053,11.468477
5583,FAM50A,6.7087145,1.8292753
5584,FAM50B,7.3719544,3.169809
5585,FAM53A,8.126954,7.5575123
5586,FAM53B,7.5267687,5.98372
5587,FAM53C,8.279055,7.850716
5588,FAM66E,8.917682,13.81281
5589,FAM72A,9.935009,4.63733
5590,FAM72B,9.930643,4.6233425
5591,FAM72C,9.977195,4.6540856
5592,FAM72D,9.937517,4.6915846
5593,FAM76A,6.9645677,3.5212538
5594,FAM76B,6.733952,3.3561573
5595,FAM78A,10.65008,11.870976
5596,FAM78B,10.656307,11.866212
5597,FAM81A,10.006726,8.707077
5598,FAM81B,10.016207,8.869579
5599,FAM83A,9.241966,6.1070733
5600,FAM83B,8.834555,8.090191
5601,FAM83C,8.525062,7.698793
5602,FAM83D,9.244682,6.121113
5603,FAM83E,9.605926,6.517195
5604,FAM83F,9.325939,5.823173
5605,FAM83G,8.213144,6.508719
5606,FAM83H,8.28115,7.907322
5607,FAM86B1,10.487322,6.0245614
5608,FAM86B2,10.084709,3.3413544
5609,FAM86C1P,9.771017,12.3208065
5610,FAM86C2P,9.76828,12.317287
5611,FAM86JP,8.913943,13.958083
5612,FAM87A,9.78398,14.118501
5613,FAM89A,7.2859325,4.7500224
5614,FAM89B,7.382158,4.909248
5615,FAM8A1,7.408799,5.0186663
5616,FAM90A1,16.398613,9.562068
5617,FAM90A10,16.391388,9.565443
5618,FAM90A11,16.409298,9.563704
5619,FAM90A12,16.400002,9.566579
5620,FAM90A13,16.40646,9.564911
5621,FAM90A14,16.408075,9.565701
5622,FAM90A15,16.406166,9.566638
5623,FAM90A16,16.409096,9.565832
5624,FAM90A17,16.409096,9.566047
5625,FAM90A18,16.400036,9.566302
5626,FAM90A19,16.3997,9.566418
5627,FAM90A20,16.412214,9.562439
5628,FAM90A22,16.390741,9.568174
5629,FAM90A23,16.400665,9.567887
5630,FAM90A24,16.383698,9.570966
5631,FAM90A26,16.410275,9.561556
5632,FAM90A27P,16.415644,9.560652
5633,FAM90A2P,16.387571,9.571194
5634,FAM90A3,16.407387,9.566294
5635,FAM90A5,16.409126,9.5653305
5636,FAM90A7,16.410969,9.565045
5637,FAM90A8,16.402815,9.571814
5638,FAM90A9,16.401976,9.567384
5639,FAM91A1,10.74198,11.048929
5640,FAM98A,6.9945927,3.857953
5641,FAM98B,7.1835003,3.906455
5642,FAM98C,10.756089,5.7018814
5643,FAM9A,9.064691,10.88026
5644,FAM9B,9.524423,11.161091
5645,FAM9C,9.509774,11.2345085
5646,FAN1,9.559175,5.3368874
5647,FANCA,10.927993,10.252508
5648,FANCB,10.928603,10.650946
5649,FANCC,11.025082,10.308205
5650,FANCD2,11.01641,10.033283
5651,FANCD2OS,9.441026,13.5752125
5652,FANCE,10.918153,6.5146646
5653,FANCF,10.59047,10.308899
5654,FANCG,11.35346,8.43082
5655,FANCI,11.06691,9.710749
5656,FANCL,9.560756,3.2490406
5657,FANCM,9.3318205,7.5389547
5658,FANK1,10.906034,6.004689
5659,FAP,13.77094,4.3217893
5660,FAR1,10.334336,2.079932
5661,FAR2,10.568774,2.353482
5662,FARP1,8.4555025,3.5330358
5663,FARP2,8.720633,3.8475392
5664,FARS2,9.669743,2.2320187
5665,FARSA,9.22929,1.5769475
5666,FARSB,9.0258665,1.2439044
5667,FAS,13.673146,6.004888
5668,FASLG,13.341508,5.298407
5669,FASN,10.483022,3.2480998
5670,FASTK,11.434967,6.6728654
5671,FASTKD1,10.908502,7.366506
5672,FASTKD2,10.812097,7.2489595
5673,FASTKD3,10.83306,7.198833
5674,FASTKD5,10.799597,7.2157774
5675,FAT1,13.686777,6.4276476
5676,FAT2,13.552764,6.5062423
5677,FAT3,13.740813,6.408183
5678,FAT4,13.642713,6.311028
5679,FATE1,9.525161,8.840082
5680,FAU,6.4269342,0.48064256
5681,FAXC,10.586793,7.420494
5682,FAXDC2,12.129319,1.9596529
5683,FBF1,8.353594,5.762298
5684,FBH1,10.634416,7.3667727
5685,FBL,7.7079997,1.9633393
5686,FBLIM1,8.27965,6.073641
5687,FBLL1,8.314057,3.0769424
5688,FBLN1,13.484915,5.926725
5689,FBLN2,12.691535,6.049054
5690,FBLN5,13.579255,5.5018477
5691,FBLN7,12.731384,5.028522
5692,FBN1,13.597739,6.004816
5693,FBN2,13.636885,5.937338
5694,FBN3,13.468703,5.9977574
5695,FBP1,9.010601,0.91768545
5696,FBP2,9.120577,0.90933824
5697,FBRS,7.0432696,6.256066
5698,FBRSL1,5.874841,5.013343
5699,FBXL12,11.281847,7.548681
5700,FBXL13,11.020011,7.037845
5701,FBXL14,10.877149,5.9843144
5702,FBXL15,11.137896,5.4602246
5703,FBXL16,11.204082,7.573744
5704,FBXL17,9.679475,6.947139
5705,FBXL18,11.186891,9.3367405
5706,FBXL19,8.037453,6.3288555
5707,FBXL19-AS1,9.447336,14.03947
5708,FBXL2,8.526332,1.7850829
5709,FBXL20,8.461347,1.8280097
5710,FBXL21P,11.114601,8.533316
5711,FBXL22,10.030301,12.848472
5712,FBXL3,11.067227,8.340579
5713,FBXL4,10.722351,6.3220797
5714,FBXL5,10.652692,7.8447328
5715,FBXL6,11.168325,6.1474037
5716,FBXL7,10.750252,6.2982707
5717,FBXL8,11.509729,6.848852
5718,FBXO10,10.956986,7.7329483
5719,FBXO11,10.840126,6.4773374
5720,FBXO15,10.790122,10.7023945
5721,FBXO16,7.7360606,4.3646936
5722,FBXO17,10.783077,4.5289626
5723,FBXO2,10.659245,4.524878
5724,FBXO21,10.5825,6.267014
5725,FBXO22,10.629252,6.952605
5726,FBXO24,11.290959,8.478293
5727,FBXO25,10.99978,8.956276
5728,FBXO27,10.534511,3.0537877
5729,FBXO28,8.842971,5.891619
5730,FBXO3,10.628766,6.8788123
5731,FBXO30,10.065135,8.637673
5732,FBXO31,8.626839,3.5892167
5733,FBXO32,10.970468,8.741983
5734,FBXO33,11.1755495,8.989676
5735,FBXO34,9.051709,8.028279
5736,FBXO36,8.803383,2.9280345
5737,FBXO38,10.684035,10.143227
5738,FBXO39,11.097814,8.79567
5739,FBXO4,11.046684,8.404327
5740,FBXO40,10.301299,9.055849
5741,FBXO41,9.238553,7.255885
5742,FBXO42,9.424933,6.913777
5743,FBXO43,9.056318,7.4176006
5744,FBXO44,9.970777,2.9903543
5745,FBXO45,10.470585,4.0713925
5746,FBXO46,7.743634,6.3288116
5747,FBXO47,10.890806,11.2227745
5748,FBXO48,9.690258,5.2292924
5749,FBXO5,9.546561,7.9971457
5750,FBXO6,9.976299,3.5532842
5751,FBXO7,9.213405,4.993101
5752,FBXO8,10.069036,4.2741213
5753,FBXO9,9.889134,5.187877
5754,FBXW10,10.813,9.042539
5755,FBXW10B,10.99973,8.878077
5756,FBXW11,9.734704,3.536153
5757,FBXW12,11.065045,7.770025
5758,FBXW2,11.006079,6.9924526
5759,FBXW4,10.391798,4.2310004
5760,FBXW5,10.80887,6.8004594
5761,FBXW7,8.210839,3.184172
5762,FBXW7-AS1,9.245554,13.557201
5763,FBXW8,11.007894,7.3466716
5764,FBXW9,10.995689,6.269959
5765,FCAMR,12.219093,7.0929914
5766,FCAR,15.197696,6.2534914
5767,FCER1A,14.959227,6.3541245
5768,FCER1G,7.3082724,2.4415824
5769,FCER2,12.870319,6.3727226
5770,FCF1,6.697233,0.6552877
5771,FCGBP,12.7403345,5.700089
5772,FCGR1A,15.21825,6.1430717
5773,FCGR1BP,15.195221,6.2171745
5774,FCGR2A,15.249195,6.218773
5775,FCGR2B,15.264641,6.139444
5776,FCGR2C,15.224824,6.175126
5777,FCGR3A,15.275316,6.0625434
5778,FCGR3B,15.332833,6.041928
5779,FCGRT,12.20974,6.6428676
5780,FCHO1,8.211387,4.7390366
5781,FCHO2,7.295691,3.0877461
5782,FCHSD1,9.728406,5.5473685
5783,FCHSD2,8.854715,4.223177
5784,FCMR,12.392787,6.817764
5785,FCN1,12.022322,3.7707858
5786,FCN2,12.005656,3.7697208
5787,FCN3,12.515135,5.1644435
5788,FCRL1,15.235257,6.077698
5789,FCRL2,15.214562,6.061569
5790,FCRL3,15.3069725,6.1656494
5791,FCRL4,15.199507,6.151185
5792,FCRL5,15.286968,6.0880575
5793,FCRL6,15.100795,6.1522226
5794,FCRLA,15.222015,6.1149297
5795,FCRLB,12.317956,6.667166
5796,FCSK,11.168692,5.7556376
5797,FDCSP,8.623538,9.475376
5798,FDFT1,10.12303,2.3519971
5799,FDPS,10.172707,2.625917
5800,FDX1,9.429847,1.9575431
5801,FDX2,9.606886,1.9613123
5802,FDXACB1,10.647857,6.955641
5803,FDXR,10.373567,2.6151252
5804,FECH,9.367998,1.7166651
5805,FEM1A,11.006507,6.5060377
5806,FEM1B,11.050781,6.862664
5807,FEM1C,10.968831,6.72855
5808,FEN1,8.162876,1.8958386
5809,FER,8.640506,3.0522227
5810,FER1L5,10.841136,7.693469
5811,FER1L6,9.751231,4.639901
5812,FER1L6-AS1,9.549953,13.873785
5813,FER1L6-AS2,9.332733,13.871353
5814,FERD3L,6.4143662,5.1869426
5815,FERMT1,9.297456,4.088851
5816,FERMT2,9.137919,3.831565
5817,FERMT3,9.322257,4.6188602
5818,FERRY3,10.602629,7.071629
5819,FES,9.919724,2.719303
5820,FETUB,13.15818,6.454889
5821,FEV,5.634015,4.832557
5822,FEZ1,7.504569,3.7728636
5823,FEZ2,7.311408,3.6794431
5824,FEZF1,6.705716,5.160435
5825,FEZF2,6.403572,5.0278907
5826,FFAR1,13.526122,1.8296291
5827,FFAR2,13.610862,1.5044473
5828,FFAR3,13.581987,1.5539478
5829,FFAR4,13.27749,1.5003698
5830,FGA,8.9065,8.396534
5831,FGB,13.2536955,7.63848
5832,FGD1,8.3200655,6.077087
5833,FGD2,8.920413,4.3102956
5834,FGD3,8.313848,4.866288
5835,FGD4,8.589729,4.412359
5836,FGD5,8.988356,8.008486
5837,FGD6,9.261344,7.9828
5838,FGF1,9.339137,1.7770346
5839,FGF10,11.869083,3.8792868
5840,FGF11,11.656749,3.9167302
5841,FGF12,7.065145,2.6104608
5842,FGF13,7.053111,2.5784154
5843,FGF14,7.068293,2.5945807
5844,FGF16,11.389245,3.5381167
5845,FGF17,7.3700867,2.3443532
5846,FGF18,7.3623867,2.2044535
5847,FGF19,12.403723,5.0765285
5848,FGF2,8.32902,6.338514
5849,FGF20,11.519446,3.6222517
5850,FGF21,12.29868,5.2492466
5851,FGF22,11.5604,3.8225243
5852,FGF23,12.931475,5.6981106
5853,FGF3,11.688468,3.9305642
5854,FGF4,11.679918,3.8892572
5855,FGF5,8.135261,3.234359
5856,FGF6,11.865289,4.010114
5857,FGF7,13.613577,5.8564124
5858,FGF8,11.735607,3.895152
5859,FGF9,11.345493,3.4769106
5860,FGFBP1,13.078075,6.4490304
5861,FGFBP2,12.43869,6.4005075
5862,FGFBP3,7.941326,6.2376266
5863,FGFR1,11.418847,2.951233
5864,FGFR1OP2,8.440796,4.9774313
5865,FGFR2,11.374047,2.9430587
5866,FGFR3,11.438948,2.9766946
5867,FGFR4,11.7726,4.2697425
5868,FGFRL1,12.410735,6.1793113
5869,FGG,13.306076,7.523191
5870,FGGY,9.837725,1.7944037
5871,FGL1,13.819157,5.9198084
5872,FGL2,13.813031,6.0863204
5873,FGR,8.650208,1.8906387
5874,FH,8.863824,0.39531082
5875,FHAD1,9.861779,8.809997
5876,FHDC1,8.396441,6.9921393
5877,FHIP1A,8.73013,5.5065002
5878,FHIP1B,9.027012,5.4119387
5879,FHIP2A,9.815619,4.5197344
5880,FHIP2B,10.413635,4.8498464
5881,FHIT,8.538476,0.83757746
5882,FHL1,9.325142,6.777396
5883,FHL2,8.139264,1.4603227
5884,FHL3,8.820374,2.148199
5885,FHL5,8.941408,2.3285902
5886,FHOD1,8.138834,4.7541237
5887,FHOD3,7.209813,3.719789
5888,FIBCD1,12.613746,6.178432
5889,FIBIN,10.775421,11.425383
5890,FIBP,10.77908,11.560684
5891,FICD,10.405722,5.7418337
5892,FIG4,10.290658,6.270909
5893,FIGLA,8.986822,6.488443
5894,FIGN,9.851535,8.4161
5895,FIGNL1,8.942503,5.072435
5896,FIGNL2,8.253652,8.063508
5897,FILIP1,9.86019,8.768782
5898,FILIP1L,9.890945,8.746939
5899,FIMP,9.259615,13.916972
5900,FIP1L1,6.467536,3.8060188
5901,FIRRM,11.062277,10.239838
5902,FIS1,7.562708,1.445547
5903,FITM1,13.197268,2.3315175
5904,FITM2,12.7815075,2.2604258
5905,FIZ1,7.571126,8.16622
5906,FJX1,11.850916,5.3620625
5907,FKBP10,13.58863,5.8215046
5908,FKBP11,5.357506,1.7626494
5909,FKBP14,13.517457,4.2009573
5910,FKBP15,8.146458,5.4195776
5911,FKBP1A,6.832446,0.063956216
5912,FKBP1B,6.968745,0.022447776
5913,FKBP1C,6.811326,0.043711666
5914,FKBP2,8.02514,1.0575068
5915,FKBP3,8.836792,2.3904994
5916,FKBP4,9.031474,2.2362673
5917,FKBP5,9.149938,2.287349
5918,FKBP6,10.379492,3.749147
5919,FKBP7,13.512983,4.3449807
5920,FKBP8,8.5078,4.259698
5921,FKBP9,13.622387,5.642477
5922,FKBP9P1,13.592698,5.583098
5923,FKBPL,10.77507,6.6602674
5924,FKRP,11.994311,5.4113955
5925,FKSG35,7.6501317,-8.822862
5926,FKTN,13.762165,4.9787397
5927,FLACC1,10.333117,9.766359
5928,FLAD1,10.887616,4.5186033
5929,FLCN,11.059211,8.279725
5930,FLG,7.692955,9.602616
5931,FLG2,7.696263,9.606142
5932,FLI1,6.96652,5.426709
5933,FLII,10.48242,6.112624
5934,FLNA,10.234957,3.5281308
5935,FLNB,10.268855,3.6299698
5936,FLNC,10.264815,3.5420895
5937,FLOT1,8.452643,1.348497
5938,FLOT2,8.486384,1.1526558
5939,FLRT1,13.1361885,7.5744205
5940,FLRT2,13.140602,7.529663
5941,FLRT3,13.225301,7.6591005
5942,FLT1,13.416709,6.3665648
5943,FLT3,13.354593,7.2161884
5944,FLT3LG,12.0689945,5.2824564
5945,FLT4,12.915452,6.381407
5946,FLVCR1,12.381164,1.4556013
5947,FLVCR1-DT,9.37574,14.010991
5948,FLVCR2,12.29963,1.3937968
5949,FLYWCH1,8.3202095,7.9021883
5950,FLYWCH2,9.793521,11.677619
5951,FMC1,9.763264,2.3939874
5952,FMN1,8.983544,8.080003
5953,FMN2,7.622781,5.8582587
5954,FMNL1,7.848913,3.5495813
5955,FMNL2,7.688737,2.708712
5956,FMNL3,7.948469,2.9535756
5957,FMO1,10.769384,2.8225915
5958,FMO2,10.690005,2.730334
5959,FMO3,10.721744,2.677042
5960,FMO4,10.814331,3.262936
5961,FMO5,10.184217,1.9538411
5962,FMO6P,10.7503605,2.790429
5963,FMOD,13.412531,5.608654
5964,FMR1,7.912286,4.508458
5965,FMR1NB,11.998332,8.201685
5966,FN1,13.709789,6.3797317
5967,FN3K,9.35273,1.508511
5968,FN3KRP,9.309147,1.307899
5969,FNBP1,7.337255,2.9363003
5970,FNBP1L,7.675214,3.34384
5971,FNBP4,7.7190413,6.785496
5972,FNDC1,7.9312806,7.5173583
5973,FNDC10,11.8744335,5.0251307
5974,FNDC11,10.816954,11.182984
5975,FNDC3A,13.3696995,6.0670056
5976,FNDC3B,13.309131,6.0160847
5977,FNDC4,12.400964,4.578948
5978,FNDC5,7.140171,2.7013857
5979,FNDC7,13.31733,7.5829043
5980,FNDC8,10.345029,10.569864
5981,FNDC9,12.257942,7.3052464
5982,FNIP1,10.196281,8.230466
5983,FNIP2,10.073006,8.208988
5984,FNTA,9.267727,3.0024018
5985,FNTB,9.998688,2.8233755
5986,FOCAD,11.089671,10.2287245
5987,FOLH1,13.762555,4.360747
5988,FOLH1B,13.734166,4.3278136
5989,FOLR1,12.9609165,4.6158466
5990,FOLR2,12.922212,4.6310554
5991,FOLR3,13.037677,4.7303534
5992,FOS,6.3656187,4.629267
5993,FOSB,6.3170958,4.6090336
5994,FOSL1,6.3870816,4.6661367
5995,FOSL2,6.27861,4.5878696
5996,FOXA1,5.4928427,4.6672006
5997,FOXA2,5.3540897,4.4679985
5998,FOXA3,5.683931,4.8740516
5999,FOXB1,5.4939494,4.4021635
6000,FOXB2,5.387147,4.3968763
6001,FOXC1,5.3192277,4.4787035
6002,FOXC2,5.4329753,4.638303
6003,FOXD1,5.317228,4.396036
6004,FOXD2,5.978295,5.211851
6005,FOXD3,5.2433825,4.306108
6006,FOXD4,8.123305,7.4442606
6007,FOXD4L1,8.0591545,7.309451
6008,FOXD4L3,8.11178,7.4142036
6009,FOXD4L4,8.107492,7.4117665
6010,FOXD4L5,8.106066,7.4226737
6011,FOXD4L6,8.112407,7.359726
6012,FOXE1,5.758742,5.087018
6013,FOXE3,6.0819697,5.3101473
6014,FOXF1,5.4441833,4.630566
6015,FOXF2,5.4775987,4.7240505
6016,FOXG1,6.6584063,5.7815313
6017,FOXH1,8.514157,7.6491904
6018,FOXI1,6.205916,4.835245
6019,FOXI2,6.765783,5.9386926
6020,FOXI3,6.6088448,5.825518
6021,FOXJ1,7.681458,6.2721796
6022,FOXJ2,7.166707,6.7122664
6023,FOXJ3,6.5833077,5.60533
6024,FOXK1,6.2561116,4.714196
6025,FOXK2,5.9979324,4.3298526
6026,FOXL1,6.0706925,5.249838
6027,FOXL2,5.4937196,4.7350097
6028,FOXL2NB,9.995319,14.331602
6029,FOXL3,6.725297,5.4550133
6030,FOXM1,8.22345,7.4540243
6031,FOXN1,7.6106234,7.32485
6032,FOXN2,8.696275,7.229002
6033,FOXN3,6.7538395,4.7501955
6034,FOXN4,7.1779923,6.658721
6035,FOXO1,6.2443404,4.6866684
6036,FOXO3,6.221169,4.659855
6037,FOXO3B,7.691588,7.0967975
6038,FOXO4,7.292488,6.3107495
6039,FOXO6,6.8483024,5.9283257
6040,FOXP1,5.8294487,3.9774694
6041,FOXP2,5.7093368,3.5192213
6042,FOXP3,8.609734,7.8049197
6043,FOXP4,5.7686977,3.9737985
6044,FOXQ1,6.0578156,5.275904
6045,FOXR1,8.72111,6.5605545
6046,FOXR2,9.509143,8.536603
6047,FOXRED1,10.342271,2.4714825
6048,FOXRED2,12.766504,5.0044746
6049,FOXS1,7.31288,6.4994726
6050,FP248,10.089616,14.229051
6051,FPGS,10.557987,3.0876083
6052,FPGT,10.68612,7.632609
6053,FPR1,13.811785,1.4869274
6054,FPR2,13.817504,1.4570037
6055,FPR3,13.926766,1.5245905
6056,FRA10AC1,8.11628,2.9698205
6057,FRAS1,13.487297,6.742416
6058,FRAT1,9.452222,9.910059
6059,FRAT2,9.506253,9.815713
6060,FREM1,13.324878,7.310362
6061,FREM2,13.346304,6.9217033
6062,FREM3,13.30375,7.106057
6063,FREY1,10.027926,12.191282
6064,FRG1,8.269081,2.6222289
6065,FRG2,9.7494955,11.469727
6066,FRG2B,9.73948,11.44142
6067,FRG2C,9.709955,11.49459
6068,FRK,9.275169,2.5323474
6069,FRMD1,9.105644,6.403307
6070,FRMD3,9.157227,4.4564686
6071,FRMD4A,8.277897,5.5696187
6072,FRMD4B,8.783291,5.967282
6073,FRMD5,8.530364,3.424563
6074,FRMD6,9.435248,6.225945
6075,FRMD6-AS1,10.059056,14.748016
6076,FRMD7,10.013858,7.6039057
6077,FRMD8,10.592384,4.861294
6078,FRMD8P1,10.604684,4.731277
6079,FRMPD1,9.320721,8.7943325
6080,FRMPD2,9.845822,7.025559
6081,FRMPD2B,9.56564,8.636179
6082,FRMPD3,9.247442,8.62471
6083,FRMPD4,9.195305,7.9840775
6084,FRRS1,13.619716,4.84818
6085,FRRS1L,12.919698,6.2035294
6086,FRS2,8.045194,6.243258
6087,FRS3,8.549594,7.6052566
6088,FRY,11.066777,9.68148
6089,FRYL,11.076422,9.699459
6090,FRZB,13.197402,5.3177857
6091,FSBP,10.5056505,8.870165
6092,FSCB,8.591165,10.145351
6093,FSCN1,10.8755245,5.756234
6094,FSCN2,10.94578,5.943394
6095,FSCN3,11.053358,7.452545
6096,FSD1,10.442482,6.0880523
6097,FSD1L,10.339501,6.232593
6098,FSD2,10.685546,7.3355083
6099,FSHB,13.676967,4.9545
6100,FSHR,13.023489,3.2317667
6101,FSIP1,9.894713,10.740756
6102,FSIP2,9.822194,10.9122
6103,FST,13.304205,5.6796117
6104,FSTL1,13.017949,5.2558355
6105,FSTL3,12.218834,5.4102097
6106,FSTL4,13.147701,7.209705
6107,FSTL5,13.199334,7.754359
6108,FTCD,9.6961155,1.1845065
6109,FTCDNL1,10.058781,9.213052
6110,FTH1,7.087097,0.18709429
6111,FTH1P19,9.755803,7.441493
6112,FTHL17,11.851064,6.900129
6113,FTL,9.619387,0.10233619
6114,FTMT,9.719536,2.646086
6115,FTO,11.057799,8.117856
6116,FTSJ1,9.103443,1.821636
6117,FTSJ3,7.599396,3.2751768
6118,FUBP1,6.378418,4.142893
6119,FUBP3,6.6788416,4.057433
6120,FUCA1,13.3552265,4.155168
6121,FUCA2,13.40207,4.0248413
6122,FUNDC1,10.707433,0.8778422
6123,FUNDC2,10.746731,1.4577264
6124,FUOM,9.256564,1.1114928
6125,FURIN,12.929644,4.5326138
6126,FUS,6.2519073,4.083692
6127,FUT1,12.336816,4.62406
6128,FUT10,13.5318575,4.7636905
6129,FUT11,12.911636,5.6894546
6130,FUT2,11.957731,3.867098
6131,FUT3,12.480117,4.80174
6132,FUT4,11.70692,6.5169225
6133,FUT5,12.49493,4.9176416
6134,FUT6,12.605148,4.911221
6135,FUT7,12.168695,4.6920385
6136,FUT8,13.297397,4.498706
6137,FUT9,13.7215605,4.5711975
6138,FUZ,10.929426,4.0528383
6139,FXN,9.224359,2.0412111
6140,FXR1,7.7187243,4.399448
6141,FXR2,7.712486,4.5707235
6142,FXYD1,7.116275,2.6096046
6143,FXYD2,7.266577,2.7720954
6144,FXYD3,10.537448,1.5298195
6145,FXYD4,13.417931,4.902349
6146,FXYD5,12.700161,6.76921
6147,FXYD6,7.0394807,2.7313468
6148,FXYD6P3,9.258897,5.5558925
6149,FXYD7,7.00308,2.5605192
6150,FYB1,7.540882,6.921794
6151,FYB2,9.470496,9.766732
6152,FYCO1,9.6550665,8.231684
6153,FYN,7.97399,1.5217612
6154,FYTTD1,7.4193215,5.317553
6155,FZD1,11.941584,2.2989085
6156,FZD10,12.109066,2.3535485
6157,FZD2,11.913501,2.1452844
6158,FZD3,12.648673,3.0660641
6159,FZD4,11.94561,2.1042247
6160,FZD5,11.875351,2.385692
6161,FZD6,12.578988,7.3065643
6162,FZD7,11.893183,2.3047955
6163,FZD8,11.886365,2.4677975
6164,FZD9,11.990858,2.3649862
6165,FZR1,7.4785137,2.8230984
6166,G0S2,10.645953,9.304023
6167,G2E3,10.31438,6.11407
6168,G3BP1,6.7820463,3.5449228
6169,G3BP2,6.7167115,3.626653
6170,G6PC1,12.384971,1.851321
6171,G6PC2,12.431864,1.9610902
6172,G6PC3,12.830693,2.126906
6173,G6PD,9.325703,1.4136226
6174,GAA,12.783911,4.56869
6175,GAB1,7.8468804,7.2498074
6176,GAB2,7.880731,6.7527995
6177,GAB3,8.763455,7.7197647
6178,GAB4,9.015887,8.941335
6179,GABARAP,7.477979,0.41667336
6180,GABARAPL1,7.521494,0.44900602
6181,GABARAPL2,7.391103,0.32344627
6182,GABARAPL3,7.7082973,0.56538635
6183,GABBR1,11.956404,2.5810928
6184,GABBR2,12.966941,3.3189533
6185,GABPA,9.253102,6.371363
6186,GABPB1,6.749669,3.0962968
6187,GABPB2,6.544671,3.083776
6188,GABRA1,11.265035,1.531473
6189,GABRA2,11.267792,1.5312088
6190,GABRA3,11.338754,1.5496007
6191,GABRA4,11.511901,2.0651746
6192,GABRA5,11.224722,1.5119193
6193,GABRA6,11.321939,1.5399454
6194,GABRB1,11.128228,1.5083193
6195,GABRB2,11.121777,1.5440007
6196,GABRB3,11.159539,1.5105673
6197,GABRD,12.720183,3.3843486
6198,GABRE,12.8984995,3.46618
6199,GABRG1,11.750486,2.2221174
6200,GABRG2,11.712173,2.2650888
6201,GABRG3,11.747722,2.28881
6202,GABRP,12.743208,3.3418767
6203,GABRQ,12.9307375,7.259283
6204,GABRR1,12.20058,2.8269696
6205,GABRR2,12.014434,2.591134
6206,GABRR3,12.738029,3.3349733
6207,GAD1,10.071353,2.0918179
6208,GAD2,10.114314,1.9132121
6209,GADD45A,8.613116,2.1898167
6210,GADD45B,8.464254,2.0849123
6211,GADD45G,8.732214,2.0311584
6212,GADD45GIP1,8.26703,4.4055777
6213,GADL1,10.122911,1.9952339
6214,GAFA1,10.365072,13.349303
6215,GAGE1,8.978837,11.884941
6216,GAGE10,9.084453,11.942684
6217,GAGE12B,18.868303,-3.04723
6218,GAGE12C,18.868013,-3.0467176
6219,GAGE12D,18.867987,-3.0466797
6220,GAGE12E,18.868393,-3.0472538
6221,GAGE12F,9.046428,11.937588
6222,GAGE12G,9.047353,11.937226
6223,GAGE12H,18.86841,-3.0472515
6224,GAGE12I,9.037692,11.932905
6225,GAGE12J,9.002664,11.912858
6226,GAGE13,9.003787,11.915604
6227,GAGE2A,9.042954,11.901875
6228,GAGE2B,9.042809,11.9380455
6229,GAGE2C,9.049636,11.935352
6230,GAGE2D,9.029494,11.888011
6231,GAGE2E,9.050256,11.935541
6232,GAGE4,9.011277,11.90237
6233,GAGE5,9.005478,11.914346
6234,GAGE6,9.003366,11.915133
6235,GAGE7,9.0361805,11.938616
6236,GAGE8,9.025077,11.880055
6237,GAK,7.616979,4.074389
6238,GAL,7.6312394,4.328188
6239,GAL3ST1,12.592619,5.1277575
6240,GAL3ST2,12.236079,4.596152
6241,GAL3ST3,12.087536,5.5995474
6242,GAL3ST4,12.19962,6.289194
6243,GALC,13.633854,4.436233
6244,GALE,9.184374,0.5350373
6245,GALK1,10.199143,2.2097383
6246,GALK2,9.412852,1.532714
6247,GALM,9.750638,1.013533
6248,GALNS,13.253088,4.1756825
6249,GALNT1,13.620644,3.878285
6250,GALNT10,13.537614,4.27959
6251,GALNT11,13.612134,4.328565
6252,GALNT12,13.5679865,4.2510996
6253,GALNT13,13.653581,3.8155756
6254,GALNT14,13.654067,4.3932123
6255,GALNT15,12.717775,6.315605
6256,GALNT16,13.548272,4.230617
6257,GALNT17,13.560882,4.385571
6258,GALNT18,13.56718,4.4137506
6259,GALNT2,13.545352,4.2812324
6260,GALNT3,13.794295,4.557363
6261,GALNT4,13.717958,4.452764
6262,GALNT5,13.25832,6.0612235
6263,GALNT6,13.638886,4.32738
6264,GALNT7,13.85357,4.635931
6265,GALNT8,13.533149,4.4582887
6266,GALNT9,13.562393,4.3143606
6267,GALNTL5,13.886636,4.8021727
6268,GALNTL6,13.642883,4.373921
6269,GALP,11.934326,7.300798
6270,GALR1,13.583374,1.4014693
6271,GALR2,13.404306,1.6379237
6272,GALR3,13.466245,1.651445
6273,GALT,9.444676,1.3628228
6274,GAMT,9.235109,1.4188418
6275,GAN,11.041004,6.951397
6276,GANAB,13.071589,4.2442183
6277,GANC,10.760888,3.9628046
6278,GAP43,6.546547,3.0121615
6279,GAPDH,7.003921,0.14146131
6280,GAPDHS,9.687966,0.99856955
6281,GAPT,9.373414,7.9324646
6282,GAPVD1,10.632239,8.905516
6283,GAR1,6.434492,3.4777453
6284,GAREM1,10.249643,9.404042
6285,GAREM2,8.710818,8.481259
6286,GARIN1A,9.539211,7.3918004
6287,GARIN1B,9.532065,7.339343
6288,GARIN2,9.413868,9.130557
6289,GARIN3,8.492089,8.329556
6290,GARIN4,8.462889,8.409512
6291,GARIN5A,9.007913,7.5208693
6292,GARIN5B,9.1880455,10.216688
6293,GARIN6,8.755155,3.8521006
6294,GARNL3,10.418774,7.4825788
6295,GARRE1,9.575405,10.484053
6296,GARS1,9.285233,1.6363945
6297,GART,9.685479,0.8918798
6298,GAS1,12.080142,5.272849
6299,GAS2,8.451642,2.9253263
6300,GAS2L1,7.933398,6.6129584
6301,GAS2L2,8.589056,7.984901
6302,GAS2L3,8.090186,7.0890512
6303,GAS6,13.021537,6.317167
6304,GAS7,7.5221148,3.0656028
6305,GAS8,7.853413,3.4882712
6306,GAS8-AS1,10.084296,13.793111
6307,GASK1A,12.010216,6.56489
6308,GASK1B,12.507007,6.266549
6309,GAST,8.265955,6.0716357
6310,GATA1,7.2372336,6.7743497
6311,GATA2,5.3557367,4.365817
6312,GATA3,5.371756,4.3846984
6313,GATA4,5.287736,4.344527
6314,GATA5,5.5841317,4.8038917
6315,GATA6,5.577576,4.807462
6316,GATAD1,7.001213,3.507404
6317,GATAD2A,6.175927,4.345842
6318,GATAD2B,6.296492,4.5661087
6319,GATB,10.185098,2.444373
6320,GATC,9.444215,2.407232
6321,GATD1,8.411595,1.3120568
6322,GATD3,8.876711,1.1127657
6323,GATM,10.762412,4.198861
6324,GBA1,13.275051,4.0892243
6325,GBA2,10.837956,4.691211
6326,GBA3,10.023993,1.529668
6327,GBE1,9.734511,1.6046189
6328,GBF1,9.800353,5.878642
6329,GBGT1,12.700648,4.6631255
6330,GBP1,8.512531,3.0559783
6331,GBP2,8.495168,2.9548688
6332,GBP3,8.5156555,3.0869906
6333,GBP4,8.479186,3.068472
6334,GBP5,8.629876,3.0533714
6335,GBP6,8.495988,3.0398192
6336,GBP7,8.502905,3.1571996
6337,GBX1,5.7770576,4.923642
6338,GBX2,5.4944205,4.383052
6339,GC,10.841067,9.326619
6340,GCA,7.711588,3.154994
6341,GCAT,9.311551,0.9033391
6342,GCC1,8.460664,4.9085703
6343,GCC2,9.826418,8.288641
6344,GCDH,9.262781,0.8450383
6345,GCFC2,9.436289,5.9282904
6346,GCG,7.6722846,4.37008
6347,GCGR,12.9560795,1.6369468
6348,GCH1,7.34368,0.78870535
6349,GCHFR,9.301913,1.7197915
6350,GCK,10.062767,2.025667
6351,GCKR,10.614478,6.5175905
6352,GCLC,9.688399,2.7233224
6353,GCLM,9.975624,3.8236957
6354,GCM1,9.099724,8.805677
6355,GCM2,9.063047,8.965936
6356,GCN1,10.643228,6.3945413
6357,GCNA,7.8632135,9.533878
6358,GCNT1,13.549728,4.481761
6359,GCNT2,13.464153,4.4502983
6360,GCNT3,13.604299,4.662017
6361,GCNT4,13.889463,4.8708563
6362,GCNT7,13.823201,4.9990163
6363,GCRG224,8.852322,13.768815
6364,GCSAM,9.102502,7.9071107
6365,GCSAML,3.607645,8.200237
6366,GCSH,8.139751,1.2175043
6367,GDA,10.201545,1.8574183
6368,GDAP1,10.702792,6.7850394
6369,GDAP1L1,10.747103,7.1890774
6370,GDAP2,10.140542,4.180905
6371,GDE1,11.007832,3.034601
6372,GDF1,12.008907,6.0610948
6373,GDF10,12.359264,5.458786
6374,GDF11,12.558316,5.0726595
6375,GDF15,12.071343,6.4833245
6376,GDF2,13.134277,6.339913
6377,GDF3,13.244082,7.066756
6378,GDF5,12.738506,5.509269
6379,GDF5-AS1,9.511009,14.084142
6380,GDF6,11.895087,4.161557
6381,GDF7,11.921179,5.13999
6382,GDF9,12.678135,6.0830607
6383,GDI1,8.965291,1.3819156
6384,GDI2,9.002751,1.3037266
6385,GDNF,12.7732725,5.019196
6386,GDPD1,10.311587,2.229668
6387,GDPD2,12.638681,3.016381
6388,GDPD3,10.743937,2.9431336
6389,GDPD4,12.839263,3.0762358
6390,GDPD5,12.674418,3.1085596
6391,GDPGP1,10.640526,4.7113657
6392,GEM,9.386851,3.6996217
6393,GEMIN2,10.759854,11.370022
6394,GEMIN4,10.971042,10.392433
6395,GEMIN5,10.930021,7.836481
6396,GEMIN6,9.927082,3.5648863
6397,GEMIN7,8.604272,5.9405293
6398,GEMIN8,8.018872,4.377126
6399,GEN1,9.501907,7.8842635
6400,GET1,11.381477,0.8973546
6401,GET3,7.931169,1.8339667
6402,GET4,7.9866495,2.1085591
6403,GFAP,7.6873612,3.277262
6404,GFER,8.535864,5.270334
6405,GFI1,6.5379014,5.221212
6406,GFI1B,6.828082,4.8653054
6407,GFM1,9.261379,1.0510129
6408,GFM2,10.239907,2.3784802
6409,GFOD1,10.481281,3.952301
6410,GFOD2,10.434483,3.9144692
6411,GFPT1,8.982317,1.3989186
6412,GFPT2,9.024115,1.2981607
6413,GFRA1,13.021644,5.1163936
6414,GFRA2,12.958708,5.3003545
6415,GFRA3,12.371207,6.2823906
6416,GFRA4,8.461812,6.5780334
6417,GFRAL,13.428637,6.768994
6418,GFUS,8.864332,0.7177533
6419,GFY,8.703517,10.20847
6420,GGA1,7.459655,3.1468081
6421,GGA2,8.878888,5.4745245
6422,GGA3,7.2307796,3.7667217
6423,GGACT,10.668964,3.3898175
6424,GGCT,9.325897,2.514934
6425,GGCX,12.652347,3.7304392
6426,GGH,13.497869,4.067565
6427,GGN,9.308152,10.510501
6428,GGNBP1,9.677944,12.894137
6429,GGNBP2,10.486646,11.002194
6430,GGPS1,9.985781,1.6324677
6431,GGT1,13.238308,3.9821587
6432,GGT2P,13.204751,4.0682807
6433,GGT3P,13.251639,4.0246677
6434,GGT5,12.343521,4.7463865
6435,GGT6,11.951199,6.4925165
6436,GGT7,12.713826,6.2290463
6437,GGTA1,10.217829,11.536875
6438,GGTLC1,13.318077,3.9643347
6439,GGTLC2,13.33109,4.012965
6440,GGTLC3,13.36667,4.0895567
6441,GH1,14.195109,5.4716196
6442,GH2,14.168759,5.570921
6443,GHDC,11.481758,6.4542685
6444,GHITM,11.223294,1.3280201
6445,GHR,12.757078,7.4226313
6446,GHRH,8.450632,6.192569
6447,GHRHR,13.231509,1.567718
6448,GHRL,8.853613,7.6487474
6449,GHSR,13.487955,1.4315783
6450,GID4,7.789063,5.1766734
6451,GID8,8.745665,2.4732106
6452,GIG44,9.246308,14.030057
6453,GIGYF1,6.7662296,4.3406687
6454,GIGYF2,6.7785892,4.077529
6455,GIMAP1,11.814676,6.768288
6456,GIMAP2,11.721739,7.169191
6457,GIMAP4,9.258685,3.8976598
6458,GIMAP5,11.78938,6.8927813
6459,GIMAP6,11.795863,6.88739
6460,GIMAP7,9.191112,2.3948512
6461,GIMAP8,11.701107,7.116591
6462,GIMD1,10.923372,6.903505
6463,GIN1,10.939108,9.103086
6464,GINM1,10.573745,11.054051
6465,GINS1,8.246289,1.7224158
6466,GINS2,8.225016,1.7449422
6467,GINS3,8.87913,2.468994
6468,GINS4,9.191408,2.7619383
6469,GIP,8.354267,6.120016
6470,GIPC1,7.349729,2.9496012
6471,GIPC2,8.619513,2.9063575
6472,GIPC3,7.933945,2.9083073
6473,GIPR,12.952391,1.5403645
6474,GIT1,6.684615,3.0410137
6475,GIT2,6.7272444,2.8899844
6476,GJA1,11.8605585,2.49142
6477,GJA10,9.2388525,7.11005
6478,GJA3,7.7205048,4.495543
6479,GJA4,11.775341,2.286616
6480,GJA5,11.763812,2.3746107
6481,GJA8,8.605081,5.8646197
6482,GJA9,9.05691,6.995674
6483,GJB1,11.88829,2.3385906
6484,GJB2,11.906299,1.0692576
6485,GJB3,11.92802,2.2821207
6486,GJB4,11.947034,2.2922046
6487,GJB5,11.964566,2.3285425
6488,GJB6,11.9940815,2.350778
6489,GJB7,12.018312,2.3242445
6490,GJC1,11.59814,2.2428672
6491,GJC2,7.603238,5.7786145
6492,GJC3,13.188651,2.318499
6493,GJD2,11.714848,2.3487837
6494,GJD3,11.558742,4.2427263
6495,GJD4,8.262417,6.1656337
6496,GJE1,13.828661,2.7364357
6497,GK,9.224283,1.1858972
6498,GK2,9.463824,1.2801213
6499,GK3,9.169489,1.1408243
6500,GK5,10.318465,2.345272
6501,GKAP1,7.423582,3.612508
6502,GKN1,13.611537,5.042491
6503,GKN2,13.65777,5.210014
6504,GKN3P,13.689634,6.1244893
6505,GLA,13.647252,4.2707806
6506,GLB1,13.689236,4.278052
6507,GLB1L,13.712037,4.284132
6508,GLB1L2,13.541306,4.183289
6509,GLB1L3,13.671388,4.2879257
6510,GLCCI1,6.7261257,5.2004333
6511,GLCE,13.182516,7.6055045
6512,GLDC,9.455143,0.9056984
6513,GLDN,13.054952,5.2463164
6514,GLE1,9.742065,5.496466
6515,GLG1,13.158194,4.5270224
6516,GLI1,7.416967,7.1406446
6517,GLI2,7.1729736,6.881522
6518,GLI3,7.2173777,6.898824
6519,GLI4,7.588601,8.377978
6520,GLIPR1,13.773637,4.9701977
6521,GLIPR1L1,13.887413,5.8559265
6522,GLIPR1L2,13.35059,7.1212506
6523,GLIPR2,8.638824,0.7253496
6524,GLIS1,7.2906427,6.918967
6525,GLIS2,7.0065455,6.139988
6526,GLIS3,7.303112,6.9589233
6527,GLMN,11.113251,9.32325
6528,GLMP,10.532845,11.677312
6529,GLO1,8.989653,1.1315768
6530,GLOD4,9.346195,2.3926883
6531,GLOD5,9.594289,1.3447391
6532,GLP1R,13.358719,1.7579558
6533,GLP2R,13.479855,2.1264167
6534,GLRA1,11.147436,1.462456
6535,GLRA2,11.127101,1.420662
6536,GLRA3,11.103079,1.4500324
6537,GLRB,12.764972,3.4538558
6538,GLRX,8.74285,0.80391693
6539,GLRX2,9.344833,3.2545981
6540,GLRX3,8.743614,0.8455203
6541,GLRX5,9.181374,1.4138343
6542,GLS,9.588745,2.5437014
6543,GLS2,9.439106,2.3434892
6544,GLT1D1,9.38377,1.7310106
6545,GLT6D1,13.687369,4.758208
6546,GLT8D1,13.582224,4.562288
6547,GLT8D2,13.665913,4.6017394
6548,GLTP,10.20683,5.98742
6549,GLTPD2,11.436172,7.8583384
6550,GLUD1,8.966542,0.7733934
6551,GLUD2,8.988401,0.85727984
6552,GLUL,9.110076,1.0480337
6553,GLYAT,10.70183,4.029947
6554,GLYATL1,10.712923,4.7504034
6555,GLYATL1B,10.75605,4.674126
6556,GLYATL2,10.766729,4.511022
6557,GLYATL3,10.600756,3.516074
6558,GLYCAM1,8.978051,13.679227
6559,GLYCTK,10.781611,3.352294
6560,GLYR1,9.939537,5.658419
6561,GM2A,13.192941,4.7548203
6562,GMCL1,10.476763,6.890249
6563,GMCL2,10.531855,7.0005608
6564,GMDS,9.210486,0.54188395
6565,GMEB1,6.738725,5.272115
6566,GMEB2,6.832162,5.120952
6567,GMFB,7.810161,0.7327216
6568,GMFG,7.8723707,0.8143742
6569,GMIP,8.902427,6.558029
6570,GML,13.389609,5.2722244
6571,GMNC,8.054857,6.3106637
6572,GMNN,8.477697,5.196707
6573,GMPPA,9.739254,2.2106967
6574,GMPPB,9.128974,1.1210856
6575,GMPR,8.650101,0.635811
6576,GMPR2,8.73663,0.61300176
6577,GMPS,9.440658,1.484059
6578,GNA11,7.366141,0.3859118
6579,GNA12,8.254265,1.2099651
6580,GNA13,8.485155,1.6115868
6581,GNA14,7.4100766,0.42093813
6582,GNA15,10.038138,2.058276
6583,GNAI1,6.7960377,0.21107574
6584,GNAI2,6.869677,0.23283873
6585,GNAI3,6.857852,0.19543582
6586,GNAL,7.6592503,0.5980839
6587,GNAO1,6.8729496,0.29097274
6588,GNAQ,7.379468,0.3787923
6589,GNAS,8.197905,6.805196
6590,GNAT1,8.437841,0.8835388
6591,GNAT2,8.498996,0.8286785
6592,GNAT3,8.469417,0.8808112
6593,GNAZ,10.000285,1.8864045
6594,GNB1,7.781985,1.1216497
6595,GNB1L,10.446565,4.2135596
6596,GNB2,7.7585306,1.1834147
6597,GNB3,7.695572,1.0853783
6598,GNB4,7.6956844,1.1732341
6599,GNB5,9.723945,3.8652265
6600,GNE,10.725418,4.713597
6601,GNG10,7.162272,0.9189164
6602,GNG11,7.685609,1.860914
6603,GNG12,7.1807184,1.8774743
6604,GNG13,7.7915583,1.714651
6605,GNG14,6.499128,-0.5414631
6606,GNG2,7.089111,1.8910697
6607,GNG3,7.143049,1.9755286
6608,GNG4,7.1450067,1.9592245
6609,GNG5,7.271632,0.38416755
6610,GNG5B,6.5737214,-0.33052075
6611,GNG7,7.1614347,1.8188089
6612,GNG8,7.139546,1.9739504
6613,GNGT1,7.773575,1.857483
6614,GNGT2,7.7208796,1.9421669
6615,GNL1,9.442103,3.6161096
6616,GNL2,8.33902,3.2349737
6617,GNL3,9.422577,5.092437
6618,GNL3L,10.003881,5.62152
6619,GNLY,11.90377,7.392296
6620,GNMT,9.662968,2.4274776
6621,GNPAT,10.266192,4.0208263
6622,GNPDA1,8.8117075,0.62122124
6623,GNPDA2,8.828989,0.51341647
6624,GNPNAT1,9.890448,1.5841613
6625,GNPTAB,12.71368,7.922208
6626,GNPTG,12.345516,5.0130215
6627,GNRH1,7.6690598,4.4501686
6628,GNRH2,11.941988,7.211269
6629,GNRHR,13.971461,1.6496133
6630,GNRHR2,13.5875,1.9154803
6631,GNS,13.703705,4.2780743
6632,GOLGA1,8.404157,4.905424
6633,GOLGA2,8.464742,4.9864902
6634,GOLGA2P5,9.766869,12.370223
6635,GOLGA3,9.667381,8.82972
6636,GOLGA4,9.885864,8.397772
6637,GOLGA5,8.307962,4.8817873
6638,GOLGA6A,9.593732,9.017747
6639,GOLGA6B,9.5609865,9.023893
6640,GOLGA6C,9.570237,8.97952
6641,GOLGA6D,9.580484,8.993551
6642,GOLGA6L1,7.844587,9.620769
6643,GOLGA6L10,8.114424,9.540495
6644,GOLGA6L19,8.031689,9.574901
6645,GOLGA6L2,8.078194,9.558434
6646,GOLGA6L22,7.8086185,9.635084
6647,GOLGA6L24,7.802158,9.635928
6648,GOLGA6L25,7.816198,9.627352
6649,GOLGA6L26,7.8444543,9.626572
6650,GOLGA6L4,8.043191,9.552347
6651,GOLGA6L6,7.8364186,9.658461
6652,GOLGA6L7,7.948063,9.563862
6653,GOLGA6L9,8.304377,9.496629
6654,GOLGA7,7.0579967,1.3678501
6655,GOLGA7B,7.207269,2.4661849
6656,GOLGA8A,9.638787,9.148534
6657,GOLGA8B,9.594398,9.061514
6658,GOLGA8CP,9.555237,8.980338
6659,GOLGA8DP,9.635494,9.168769
6660,GOLGA8F,9.599236,9.059709
6661,GOLGA8G,9.605851,9.031794
6662,GOLGA8H,9.5999155,9.09497
6663,GOLGA8IP,9.613307,9.103076
6664,GOLGA8J,9.595558,9.093842
6665,GOLGA8K,9.614256,9.098954
6666,GOLGA8M,9.640175,9.077752
6667,GOLGA8N,9.644631,9.116711
6668,GOLGA8O,9.675262,9.076535
6669,GOLGA8Q,9.637622,9.124176
6670,GOLGA8R,9.617417,9.112095
6671,GOLGA8S,9.574321,9.005273
6672,GOLGA8T,9.58713,9.103568
6673,GOLGB1,9.95528,8.685759
6674,GOLIM4,7.265019,4.0380597
6675,GOLM1,7.4489107,4.1900964
6676,GOLM2,8.502744,5.454656
6677,GOLPH3,8.54659,2.2859294
6678,GOLPH3L,8.748176,2.4357438
6679,GOLT1A,11.569729,0.9823858
6680,GOLT1B,11.418754,0.7900955
6681,GON4L,9.401022,9.826744
6682,GON7,7.6498556,3.9922674
6683,GOPC,9.08278,5.0128484
6684,GORAB,7.458713,3.9177752
6685,GORASP1,7.8291726,6.428859
6686,GORASP2,6.993708,4.9626656
6687,GOSR1,7.2631636,1.9489964
6688,GOSR2,7.584627,2.5543528
6689,GOT1,9.28753,1.0573977
6690,GOT1L1,10.508906,6.308918
6691,GOT2,8.836624,0.45604175
6692,GP1BA,12.423947,7.078418
6693,GP1BB,11.971984,5.646586
6694,GP2,12.959145,7.644796
6695,GP5,12.273025,6.262839
6696,GP6,15.309222,6.1696534
6697,GP9,12.114806,5.647168
6698,GPA33,13.623631,5.701926
6699,GPAA1,13.02407,2.411937
6700,GPALPP1,7.704369,3.963998
6701,GPAM,10.600271,6.9599233
6702,GPANK1,8.915566,5.579149
6703,GPAT2,11.403955,7.28915
6704,GPAT3,11.432139,1.5651373
6705,GPAT4,11.418483,1.5871016
6706,GPATCH1,8.08305,4.974091
6707,GPATCH11,8.797993,4.439491
6708,GPATCH2,10.049955,11.201174
6709,GPATCH2L,9.789436,11.392014
6710,GPATCH3,10.208067,7.409094
6711,GPATCH4,8.020748,6.1980467
6712,GPATCH8,7.8360386,7.560006
6713,GPBAR1,13.53435,1.8781912
6714,GPBP1,7.6252613,6.690478
6715,GPBP1L1,7.5666065,6.45864
6716,GPC1,12.508334,5.13883
6717,GPC2,12.307941,5.476437
6718,GPC3,9.953344,5.5759287
6719,GPC4,12.846594,4.4634986
6720,GPC5,12.72461,5.0822234
6721,GPC6,12.78978,4.447315
6722,GPCPD1,10.706985,7.005179
6723,GPD1,8.963897,0.9469823
6724,GPD1L,8.964225,0.9922389
6725,GPD2,9.247302,1.5013071
6726,GPER1,13.824332,2.2600965
6727,GPHA2,12.02278,3.9787633
6728,GPHB5,12.982706,4.6496677
6729,GPHN,9.764939,2.107406
6730,GPI,8.837293,0.45402926
6731,GPIHBP1,12.4100895,5.810059
6732,GPKOW,8.046588,4.402812
6733,GPLD1,13.309644,7.1971474
6734,GPM6A,11.665782,1.516755
6735,GPM6B,11.559416,1.3617499
6736,GPN1,7.6444864,2.000036
6737,GPN2,9.548832,1.9767784
6738,GPN3,9.295831,2.529261
6739,GPNMB,13.283073,6.9302673
6740,GPR101,13.895812,2.7137983
6741,GPR107,11.703507,2.3384678
6742,GPR108,12.114288,2.525655
6743,GPR119,13.584281,1.7781528
6744,GPR12,13.2584715,1.4635233
6745,GPR132,13.846386,1.6455529
6746,GPR135,11.820751,7.5816326
6747,GPR137,12.825621,2.2208781
6748,GPR137B,12.452207,2.0647376
6749,GPR137C,12.658943,2.216196
6750,GPR139,13.783651,2.565349
6751,GPR141,14.077807,1.5234752
6752,GPR142,13.902658,2.7202325
6753,GPR143,13.050238,2.1503572
6754,GPR146,13.896291,2.7258136
6755,GPR148,13.429132,1.9651769
6756,GPR149,10.355777,10.336493
6757,GPR15,13.899697,1.8827013
6758,GPR150,13.558644,1.9619988
6759,GPR151,13.900777,2.7076595
6760,GPR152,11.866926,7.2377963
6761,GPR153,11.41324,8.518608
6762,GPR155,12.803498,2.3421402
6763,GPR156,9.449376,7.4745097
6764,GPR157,12.845591,1.2117991
6765,GPR158,9.232903,6.5920043
6766,GPR15LG,13.032446,7.210044
6767,GPR160,14.01241,2.8959785
6768,GPR161,13.924392,2.698299
6769,GPR162,11.418227,8.47296
6770,GPR17,13.820587,1.7161442
6771,GPR171,14.06744,1.5830901
6772,GPR173,13.909395,2.7130325
6773,GPR174,14.067118,1.570122
6774,GPR176,13.975319,2.7906883
6775,GPR179,8.475587,8.062679
6776,GPR18,13.965871,1.8201672
6777,GPR180,12.879055,2.7111168
6778,GPR182,13.719863,2.1793232
6779,GPR183,13.995756,1.7160938
6780,GPR19,13.881514,2.675876
6781,GPR20,13.558008,1.8387921
6782,GPR21,13.852099,2.6209016
6783,GPR22,13.187663,1.6525803
6784,GPR25,13.46964,1.7796562
6785,GPR26,13.722082,2.018636
6786,GPR27,11.776736,7.5811
6787,GPR3,13.358125,1.4738619
6788,GPR31,13.526547,1.731053
6789,GPR32,13.721367,1.9646003
6790,GPR32P1,13.703423,2.093815
6791,GPR33,14.005978,1.54134
6792,GPR34,13.968696,1.5921688
6793,GPR35,13.444543,1.5135907
6794,GPR37,12.996417,1.7779517
6795,GPR37L1,12.9930315,1.7289075
6796,GPR39,13.8028555,1.9995068
6797,GPR4,13.73683,1.6081456
6798,GPR42,13.607564,1.5709033
6799,GPR45,13.817367,2.580929
6800,GPR50,13.126033,6.561096
6801,GPR52,13.795889,2.5376022
6802,GPR55,14.020467,1.5569024
6803,GPR6,13.371148,1.5403321
6804,GPR61,11.979455,6.9588165
6805,GPR62,13.510845,1.9440855
6806,GPR63,13.900676,2.6892898
6807,GPR65,14.039165,1.582358
6808,GPR68,13.80041,1.5708333
6809,GPR75,10.898902,10.023777
6810,GPR78,13.491082,1.8953937
6811,GPR82,13.769062,2.3826482
6812,GPR83,13.534756,1.375378
6813,GPR84,13.705894,2.230412
6814,GPR85,13.933187,2.7105145
6815,GPR87,14.022937,1.5752568
6816,GPR88,13.544404,1.9486167
6817,GPR89A,11.870526,1.8028417
6818,GPR89B,11.821343,1.7673476
6819,GPRASP1,8.941188,10.548718
6820,GPRASP2,9.071749,10.59099
6821,GPRASP3,9.921149,10.593057
6822,GPRC5A,12.70122,2.6469398
6823,GPRC5B,12.689794,2.5437624
6824,GPRC5C,12.548406,2.344922
6825,GPRC5D,12.900711,2.72929
6826,GPRC6A,13.046364,3.2513144
6827,GPRIN1,8.812956,9.886613
6828,GPRIN2,9.2397995,9.9469595
6829,GPRIN3,9.298294,10.060135
6830,GPS1,8.618922,2.5516255
6831,GPS2,6.182493,4.3645315
6832,GPSM1,8.231428,4.106595
6833,GPSM2,8.57552,3.6078944
6834,GPSM3,8.031435,5.846369
6835,GPT,9.737401,1.714309
6836,GPT2,9.403071,1.3240669
6837,GPX1,9.788257,2.052965
6838,GPX2,9.366555,0.97743285
6839,GPX3,13.59955,4.0213075
6840,GPX4,9.433186,1.1776396
6841,GPX5,13.614715,4.1133175
6842,GPX6,13.592,4.1890526
6843,GPX7,9.706267,1.8715467
6844,GPX8,13.626011,4.2694826
6845,GRAMD1A,8.6101885,5.2531614
6846,GRAMD1B,8.444375,4.335681
6847,GRAMD1C,9.412643,5.732388
6848,GRAMD2A,8.924868,6.720982
6849,GRAMD2B,8.599253,5.870116
6850,GRAMD4,8.605588,3.0725613
6851,GRAP,7.913867,1.3543875
6852,GRAP2,8.689066,4.7716475
6853,GRAPL,7.7267737,1.2571101
6854,GRB10,8.869315,4.6363406
6855,GRB14,9.171636,4.8033724
6856,GRB2,7.809571,1.294538
6857,GRB7,9.030792,4.6253543
6858,GREB1,10.609643,11.38742
6859,GREB1L,10.708232,11.274851
6860,GREM1,12.684789,4.5783753
6861,GREM2,12.879534,4.6920543
6862,GREP1,8.739904,9.812785
6863,GRHL1,7.6148415,4.743651
6864,GRHL2,7.6268296,4.581881
6865,GRHL3,8.809505,7.1107707
6866,GRHPR,9.753171,0.8986159
6867,GRIA1,11.927052,2.6058187
6868,GRIA2,11.901659,2.591045
6869,GRIA3,11.888562,2.5834072
6870,GRIA4,11.854562,2.556298
6871,GRID1,13.005761,3.7078822
6872,GRID2,12.984272,3.6446643
6873,GRID2IP,8.466161,4.7390494
6874,GRIFIN,10.974706,5.0309434
6875,GRIK1,11.993774,2.6435568
6876,GRIK2,11.914791,2.5365398
6877,GRIK3,12.086296,2.6967785
6878,GRIK4,12.7836,3.4394953
6879,GRIK5,12.7203865,3.4499075
6880,GRIN1,12.9803915,3.6301713
6881,GRIN2A,13.153025,6.426727
6882,GRIN2B,13.001955,6.3839536
6883,GRIN2C,11.692407,5.1960483
6884,GRIN2D,11.851296,5.2115006
6885,GRIN3A,12.997176,3.6466098
6886,GRIN3B,11.782079,5.198263
6887,GRINA,11.0981865,1.0737588
6888,GRIP1,8.53101,3.8807719
6889,GRIP2,8.713268,4.0444965
6890,GRIPAP1,7.836815,4.0112987
6891,GRK1,10.026134,4.170699
6892,GRK2,9.974524,3.9999876
6893,GRK3,10.023051,4.1696672
6894,GRK4,8.175582,1.4316097
6895,GRK5,8.034557,1.2430652
6896,GRK6,8.19474,1.3663725
6897,GRK7,10.033672,4.159556
6898,GRM1,12.66173,3.4961421
6899,GRM2,11.696167,2.5164845
6900,GRM3,12.228173,2.5305192
6901,GRM4,11.612489,2.4235325
6902,GRM5,12.563866,3.465293
6903,GRM6,11.56536,2.5674856
6904,GRM7,11.629864,2.3485036
6905,GRM8,11.600577,2.3116355
6906,GRN,12.791515,5.8395944
6907,GRP,8.292329,6.109503
6908,GRPEL1,8.553581,1.9868071
6909,GRPEL2,9.812766,3.5353541
6910,GRPR,13.805857,1.7600932
6911,GRSF1,9.4208,5.2195516
6912,GRTP1,8.213739,1.1667199
6913,GRWD1,9.073014,3.2408762
6914,GRXCR1,10.441367,7.413101
6915,GRXCR2,8.915978,6.3647003
6916,GSAP,10.973257,10.584044
6917,GSC,5.7606764,4.7599826
6918,GSC2,7.817799,6.1910543
6919,GSDMA,10.439764,6.252317
6920,GSDMB,10.823411,7.3224387
6921,GSDMC,10.478352,6.5226226
6922,GSDMD,10.94856,4.970941
6923,GSDME,10.438739,5.8594036
6924,GSE1,7.8865676,7.8059115
6925,GSG1,11.322265,1.9335804
6926,GSG1L,11.29231,1.8540074
6927,GSG1L2,13.187762,2.4067233
6928,GSK3A,7.5675645,2.5114367
6929,GSK3B,7.5585475,1.63097
6930,GSKIP,10.228541,6.050937
6931,GSN,9.062116,2.8177454
6932,GSN-AS1,9.621019,14.0423565
6933,GSPT1,8.31465,1.1053647
6934,GSPT2,8.758057,2.8209562
6935,GSR,9.635365,1.2397
6936,GSS,10.232337,2.2364764
6937,GSTA1,9.857876,0.00678782
6938,GSTA2,9.879926,0.004255661
6939,GSTA3,9.861326,0.019764226
6940,GSTA4,9.993994,-0.012825818
6941,GSTA5,9.908099,-0.0050967475
6942,GSTCD,10.50111,6.8458405
6943,GSTK1,9.56369,1.6321632
6944,GSTM1,9.665614,0.08087056
6945,GSTM2,9.647724,0.11230914
6946,GSTM3,9.636026,0.17764229
6947,GSTM4,9.645505,0.09913224
6948,GSTM5,9.714971,0.03681931
6949,GSTO1,9.942561,0.9849589
6950,GSTO2,10.583207,3.3151968
6951,GSTP1,8.823963,1.0075479
6952,GSTT1,10.503793,2.3410192
6953,GSTT2,10.568663,2.490521
6954,GSTT2B,10.554668,2.4935372
6955,GSTT4,10.542748,2.5805192
6956,GSTZ1,9.147788,0.50900924
6957,GSX1,5.5070667,4.268235
6958,GSX2,5.454008,4.272758
6959,GTDC1,9.216577,2.6235511
6960,GTF2A1,5.932703,3.9388418
6961,GTF2A1L,8.522231,7.1696215
6962,GTF2A2,8.189551,2.1044917
6963,GTF2B,8.74153,2.2027955
6964,GTF2E1,8.573756,3.206517
6965,GTF2E2,8.10806,2.7080388
6966,GTF2F1,6.7108984,3.208053
6967,GTF2F2,7.3246446,2.2045226
6968,GTF2H1,9.235144,3.9475172
6969,GTF2H2,9.358239,2.886143
6970,GTF2H2C,9.472279,2.985703
6971,GTF2H2C_2,9.36874,2.9625378
6972,GTF2H3,9.075059,2.4088287
6973,GTF2H4,9.27062,3.12051
6974,GTF2H5,6.8275743,0.68921655
6975,GTF2I,9.484122,9.061645
6976,GTF2IRD1,10.02035,9.482315
6977,GTF2IRD2,10.487433,7.579719
6978,GTF2IRD2B,10.434432,7.537403
6979,GTF3A,8.435699,5.1725254
6980,GTF3C1,10.727862,10.229144
6981,GTF3C2,10.530547,8.343838
6982,GTF3C3,10.883926,7.2959957
6983,GTF3C4,10.983406,9.81635
6984,GTF3C5,9.326253,4.238152
6985,GTF3C6,8.530356,5.056703
6986,GTPBP1,9.354929,3.316672
6987,GTPBP10,10.083567,3.6596892
6988,GTPBP2,9.900158,3.5491421
6989,GTPBP3,10.669198,3.0091195
6990,GTPBP4,8.219813,2.4828665
6991,GTPBP6,9.423478,1.9950726
6992,GTPBP8,9.944732,2.3929582
6993,GTSCR1,9.296832,13.808926
6994,GTSE1,8.052566,8.033999
6995,GTSF1,7.6212835,4.091662
6996,GTSF1L,9.212072,6.047594
6997,GUCA1A,8.071363,1.6177889
6998,GUCA1B,8.373445,2.0106945
6999,GUCA1C,9.786214,4.215552
7000,GUCA2A,7.6660285,3.8489747
7001,GUCA2B,7.764744,3.9377296
7002,GUCD1,9.985416,3.1097884
7003,GUCY1A1,10.2882805,6.2411714
7004,GUCY1A2,9.92417,5.5158243
7005,GUCY1B1,9.683324,3.0200717
7006,GUCY1B2,10.199283,4.764325
7007,GUCY2C,12.624414,3.5536819
7008,GUCY2D,11.472986,5.090064
7009,GUCY2F,12.607976,3.3733923
7010,GUF1,9.760094,1.3497071
7011,GUK1,8.566933,0.8393308
7012,GULP1,6.0576615,2.5156312
7013,GUSB,13.267481,4.046779
7014,GUSBP1,9.541514,13.321731
7015,GUSBP11,10.107635,9.337754
7016,GVINP1,10.705791,7.7003355
7017,GVQW3,9.647253,7.6649127
7018,GXYLT1,13.157462,4.6662016
7019,GXYLT2,12.455907,4.4802184
7020,GYG1,9.402749,1.5250363
7021,GYG2,8.918929,5.039908
7022,GYPA,12.967139,6.7904644
7023,GYPB,13.024081,6.7083654
7024,GYPC,8.353958,6.208348
7025,GYPE,10.391528,10.924908
7026,GYS1,9.555099,2.3360133
7027,GYS2,9.518377,2.2978172
7028,GZF1,8.559731,8.190488
7029,GZMA,14.506201,5.3597646
7030,GZMB,14.9258175,5.5163417
7031,GZMH,14.924799,5.5116196
7032,GZMK,14.501941,5.381704
7033,GZMM,14.4086,5.4225383
7034,H1-0,6.344524,2.1641903
7035,H1-1,6.347618,2.0799062
7036,H1-10,6.5489855,3.0000381
7037,H1-10-AS1,9.505923,13.997661
7038,H1-2,6.3094125,2.0050654
7039,H1-3,6.318119,2.0031655
7040,H1-4,6.2850714,1.9319035
7041,H1-5,6.3056073,1.967239
7042,H1-6,8.279714,5.7370305
7043,H1-7,8.458403,8.085482
7044,H1-8,8.362509,8.159204
7045,H1-9P,10.058099,9.501896
7046,H2AB1,9.768164,3.1377685
7047,H2AB2,9.799172,3.0923872
7048,H2AB3,9.737102,3.1121829
7049,H2AC1,5.9592233,-0.17216472
7050,H2AC11,5.943619,-0.186102
7051,H2AC12,5.935503,-0.19385321
7052,H2AC13,5.9426064,-0.18674682
7053,H2AC14,5.9508595,-0.18370989
7054,H2AC15,5.92088,-0.20678765
7055,H2AC16,5.93063,-0.19963479
7056,H2AC17,5.9360824,-0.19479261
7057,H2AC18,5.9378386,-0.1920661
7058,H2AC19,5.926461,-0.20245036
7059,H2AC20,5.9399166,-0.1894314
7060,H2AC21,5.9504657,-0.17424798
7061,H2AC25,6.013724,-0.15244521
7062,H2AC4,6.0062423,-0.14597675
7063,H2AC6,5.9544573,-0.18106775
7064,H2AC7,5.999818,-0.15621202
7065,H2AC8,6.0152392,-0.14876589
7066,H2AJ,5.9381394,-0.16548109
7067,H2AL1Q,9.089642,7.344661
7068,H2AL3,9.020161,7.3488283
7069,H2AP,9.837923,10.373747
7070,H2AX,17.2707,10.153855
7071,H2AZ1,6.057027,-0.008140281
7072,H2AZ2,6.0100045,-0.095714256
7073,H2BC1,7.6716805,0.8437778
7074,H2BC10,17.287003,10.161374
7075,H2BC11,17.269186,10.147604
7076,H2BC12,17.276453,10.152281
7077,H2BC12L,17.248274,10.119958
7078,H2BC13,17.271355,10.149622
7079,H2BC14,17.266844,10.137424
7080,H2BC15,17.280415,10.14593
7081,H2BC17,17.292732,10.1608
7082,H2BC18,17.282032,10.151318
7083,H2BC19P,8.481032,6.254349
7084,H2BC20P,8.599793,6.5491986
7085,H2BC21,17.28928,10.159871
7086,H2BC26,17.277023,10.154866
7087,H2BC3,17.278584,10.149822
7088,H2BC4,17.287607,10.161313
7089,H2BC5,17.304785,10.138563
7090,H2BC6,17.290827,10.1642065
7091,H2BC7,17.28796,10.161301
7092,H2BC8,17.28824,10.161291
7093,H2BC9,17.289602,10.154291
7094,H2BK1,9.706526,1.0248337
7095,H2BN1,10.955536,9.870935
7096,H2BW1,9.037499,7.0484853
7097,H2BW2,8.951895,7.1357994
7098,H3-3A,5.775332,10.450966
7099,H3-3B,5.774562,10.451423
7100,H3-4,17.94073,4.5849104
7101,H3-5,17.947004,4.59052
7102,H3-7,17.93756,4.576346
7103,H3C1,5.7923408,10.444381
7104,H3C10,5.782148,10.449334
7105,H3C11,5.781666,10.449601
7106,H3C12,5.821177,10.418756
7107,H3C13,5.777651,10.451526
7108,H3C14,5.777026,10.452081
7109,H3C15,5.7767243,10.45223
7110,H3C2,5.7826138,10.448894
7111,H3C3,5.778049,10.451612
7112,H3C4,5.7831607,10.448822
7113,H3C6,5.7825665,10.449205
7114,H3C7,5.783195,10.4481125
7115,H3C8,5.7761517,10.452767
7116,H3Y1,9.742617,1.0738873
7117,H3Y2,9.77351,1.0977528
7118,H4C1,17.95619,4.59524
7119,H4C11,17.956713,4.595164
7120,H4C12,17.956367,4.5952616
7121,H4C13,17.957218,4.595096
7122,H4C14,17.956863,4.595202
7123,H4C15,17.957407,4.595067
7124,H4C16,17.957745,4.595102
7125,H4C2,17.958046,4.5950785
7126,H4C3,17.95812,4.5950603
7127,H4C4,17.958506,4.5949416
7128,H4C5,17.958693,4.595062
7129,H4C6,17.959562,4.59488
7130,H4C7,6.3401885,-0.6865733
7131,H4C8,17.95908,4.594974
7132,H4C9,17.95936,4.594984
7133,H6PD,12.711494,6.0833883
7134,HAAO,10.200204,3.1221757
7135,HABP2,13.792631,5.8420353
7136,HABP4,6.5399656,3.6497676
7137,HACD1,11.792048,1.6246467
7138,HACD2,11.726552,0.863012
7139,HACD3,12.014015,2.0193017
7140,HACD4,12.727323,2.058634
7141,HACE1,10.740288,7.077545
7142,HACL1,9.901279,1.7560494
7143,HADH,8.940744,0.6540021
7144,HADHA,9.528883,1.268936
7145,HADHB,9.023917,0.90605396
7146,HAGH,9.391108,1.632542
7147,HAGHL,10.894053,5.0749264
7148,HAL,9.643021,1.544686
7149,HAMP,7.5934296,4.0923247
7150,HAND1,5.7456827,4.8538365
7151,HAND2,5.5686083,4.166386
7152,HAO1,9.738119,0.9589094
7153,HAO2,9.846468,1.1036954
7154,HAP1,9.484442,8.798474
7155,HAPLN1,13.769962,4.5646043
7156,HAPLN2,12.477462,4.791181
7157,HAPLN3,12.833688,4.719149
7158,HAPLN4,12.021281,4.910617
7159,HAPSTR1,7.0060844,3.175674
7160,HAPSTR2,8.076109,4.5019393
7161,HARBI1,10.759958,6.1523237
7162,HARS1,8.695788,0.906835
7163,HARS2,9.602468,1.7505385
7164,HAS1,13.334248,2.8194425
7165,HAS2,13.254805,2.803888
7166,HAS3,13.285423,2.7593963
7167,HASPIN,9.170377,7.126217
7168,HAT1,10.2267275,4.3491125
7169,HAUS1,8.998349,4.730756
7170,HAUS2,10.73542,10.286157
7171,HAUS3,10.6616335,10.200815
7172,HAUS4,10.953613,8.043385
7173,HAUS5,10.681531,9.687121
7174,HAUS6,9.969599,9.647039
7175,HAUS7,10.160151,5.383364
7176,HAUS8,9.525678,8.343444
7177,HAVCR1,12.972805,6.6965094
7178,HAVCR2,13.315835,5.482217
7179,HAX1,7.817927,4.882299
7180,HBA1,9.009217,0.06008544
7181,HBA2,8.992496,0.072692536
7182,HBB,8.998328,0.07912698
7183,HBD,8.998721,0.102582246
7184,HBE1,9.001985,0.07605617
7185,HBEGF,12.946958,5.165613
7186,HBG1,8.994618,0.11788403
7187,HBG2,9.000735,0.09092055
7188,HBM,10.782842,3.5160496
7189,HBP1,10.12368,9.207206
7190,HBQ1,10.115954,2.4611561
7191,HBS1L,8.470541,2.4864912
7192,HBZ,8.999013,0.07048668
7193,HCAR1,13.942626,1.7159004
7194,HCAR2,13.91799,1.6710359
7195,HCAR3,13.896457,1.717571
7196,HCCS,8.837726,3.4272506
7197,HCFC1,6.4376006,4.9538956
7198,HCFC1R1,9.110478,9.584201
7199,HCFC2,8.995904,4.804596
7200,HCG22,8.364008,9.910657
7201,HCK,8.855669,2.0178096
7202,HCLS1,7.330243,3.6721272
7203,HCN1,7.5681896,4.0497804
7204,HCN2,10.97972,2.105697
7205,HCN3,11.255717,2.2268417
7206,HCN4,7.1855693,5.146272
7207,HCP5,9.813519,14.0845585
7208,HCRT,8.020075,6.0565825
7209,HCRTR1,13.529251,1.6962726
7210,HCRTR2,13.755117,1.9333403
7211,HCST,8.085409,5.17288
7212,HDAC1,8.199286,1.1845294
7213,HDAC10,10.987173,4.3628516
7214,HDAC11,9.095711,1.5505517
7215,HDAC2,8.226945,1.495957
7216,HDAC3,9.639406,1.3441794
7217,HDAC4,6.4116025,3.4224436
7218,HDAC5,6.533156,3.7038555
7219,HDAC6,9.630249,5.0204773
7220,HDAC7,7.6882253,5.364625
7221,HDAC8,9.934301,1.7354797
7222,HDAC9,6.9815207,3.8316886
7223,HDC,10.315986,3.7313113
7224,HDDC2,9.225213,1.5782363
7225,HDDC3,8.902267,0.52175295
7226,HDGF,7.2572136,4.126336
7227,HDGFL1,8.114735,6.9849205
7228,HDGFL2,7.136616,4.2389593
7229,HDGFL3,6.599904,2.982116
7230,HDHD2,9.3057375,1.3079429
7231,HDHD3,10.784399,3.307522
7232,HDHD5,10.297461,2.5790834
7233,HDLBP,9.61152,2.7341754
7234,HDX,9.053296,8.794352
7235,HEATR1,11.123106,9.205401
7236,HEATR3,10.830184,7.4918356
7237,HEATR4,10.623992,10.251352
7238,HEATR5A,10.962673,7.691251
7239,HEATR5B,10.804912,7.2844353
7240,HEATR6,11.078433,8.137221
7241,HEATR9,10.9099245,9.779837
7242,HEBP1,10.557196,5.0524144
7243,HEBP2,10.147218,5.55244
7244,HECA,10.372973,11.29666
7245,HECTD1,10.681945,9.166154
7246,HECTD2,10.476433,6.7241926
7247,HECTD3,11.205157,7.84234
7248,HECTD4,10.816137,10.756183
7249,HECW1,7.5401254,4.481516
7250,HECW2,7.1757474,4.12023
7251,HEG1,8.706263,10.077351
7252,HELB,11.013822,8.908671
7253,HELLS,9.936979,4.1335554
7254,HELQ,9.780491,4.987854
7255,HELT,6.1985264,4.9614964
7256,HELZ,10.216614,8.290982
7257,HELZ2,11.427149,7.8031416
7258,HEMGN,8.820151,10.428987
7259,HEMK1,10.579745,3.117902
7260,HENMT1,10.422149,5.786628
7261,HEPACAM,12.603727,4.654076
7262,HEPACAM2,13.085317,7.210198
7263,HEPH,13.586913,4.542546
7264,HEPHL1,13.673534,4.4765863
7265,HEPN1,9.267685,13.900082
7266,HERC1,10.915435,9.976845
7267,HERC2,10.867568,10.201309
7268,HERC2P3,10.7311325,10.834863
7269,HERC3,10.65706,5.8062887
7270,HERC4,10.498219,5.3545947
7271,HERC5,10.686,6.6910644
7272,HERC6,10.703877,6.329728
7273,HERPUD1,7.3811717,4.353421
7274,HERPUD2,7.2136245,4.0425925
7275,HERV-K104,10.633713,9.389816
7276,HERVK_113,10.577845,8.720922
7277,HES1,5.6917057,3.9026308
7278,HES2,7.657061,5.6904945
7279,HES3,7.754062,5.739306
7280,HES4,7.380256,4.9583282
7281,HES5,7.9995403,4.2877073
7282,HES6,7.491086,4.827563
7283,HES7,8.097754,7.07169
7284,HESX1,8.730913,4.5303392
7285,HEXA,13.48254,4.123551
7286,HEXA-AS1,9.278339,13.60106
7287,HEXB,13.462048,4.026208
7288,HEXD,10.994017,3.7820923
7289,HEXIM1,7.802918,5.5372105
7290,HEXIM2,8.578375,6.2378078
7291,HEY1,5.616757,4.28682
7292,HEY2,5.606775,4.2848573
7293,HEYL,8.2939825,7.03923
7294,HFE,14.222478,6.059572
7295,HFM1,9.858774,6.8393435
7296,HGD,9.660825,1.8774779
7297,HGF,13.787739,6.6799655
7298,HGFAC,12.76581,5.94612
7299,HGH1,10.902816,4.3305316
7300,HGS,7.0052295,4.675109
7301,HGSNAT,12.539009,2.8596916
7302,HHAT,12.905071,2.1216984
7303,HHATL,13.557273,2.6766155
7304,HHEX,5.4424076,4.1828737
7305,HHIP,13.373941,7.134977
7306,HHIPL1,13.029252,4.70005
7307,HHIPL2,13.251797,5.181202
7308,HHLA1,9.579993,11.404033
7309,HHLA2,13.503874,6.929161
7310,HIBADH,9.350896,1.1391059
7311,HIBCH,9.661954,1.417848
7312,HIC1,6.945015,6.037884
7313,HIC2,7.207287,6.0159173
7314,HID1,8.096806,2.9845395
7315,HIDE1,15.2263775,5.8092546
7316,HIF1A,7.441742,5.865426
7317,HIF1AN,9.736026,3.1323874
7318,HIF3A,8.293934,6.6265807
7319,HIGD1A,10.754621,0.8467639
7320,HIGD1B,10.72617,1.4181188
7321,HIGD1C,10.657073,1.0937818
7322,HIGD2A,10.657767,1.2104859
7323,HIGD2B,10.692626,1.4906147
7324,HIKESHI,7.683666,3.230598
7325,HILPDA,9.173567,13.556442
7326,HINFP,9.207989,6.0699663
7327,HINT1,6.953142,0.09999168
7328,HINT2,9.370181,1.1897156
7329,HINT3,9.354104,2.7485368
7330,HIP1,7.746335,3.0027597
7331,HIP1R,7.807351,3.3372579
7332,HIPK1,6.881773,6.0387926
7333,HIPK2,6.8268385,5.5310802
7334,HIPK3,8.042488,7.0979877
7335,HIPK4,9.897176,7.2752004
7336,HIRA,9.902162,6.423071
7337,HIRIP3,7.9278393,5.8620105
7338,HIVEP1,9.24204,10.0080385
7339,HIVEP2,9.035535,9.554591
7340,HIVEP3,8.807695,9.178619
7341,HJURP,9.693232,11.440448
7342,HJV,12.634157,5.08904
7343,HK1,10.031788,2.0870395
7344,HK2,10.047771,1.975236
7345,HK3,10.875358,3.677985
7346,HKDC1,10.047284,2.0741916
7347,HLA-A,3.8060596,1.332464
7348,HLA-B,3.802467,1.3307055
7349,HLA-C,3.8011954,1.330349
7350,HLA-DMA,13.07725,6.9632444
7351,HLA-DMB,13.005289,6.8476977
7352,HLA-DOA,14.054266,5.407039
7353,HLA-DOB,14.391377,5.889472
7354,HLA-DPA1,14.089523,5.359184
7355,HLA-DPB1,3.8773117,1.3712075
7356,HLA-DQA1,14.08984,5.38495
7357,HLA-DQA2,14.060889,5.3162637
7358,HLA-DQB1,3.8552618,1.3508584
7359,HLA-DQB2,3.8484519,1.3452641
7360,HLA-DRA,14.091077,5.263962
7361,HLA-DRB1,3.826131,1.3390617
7362,HLA-DRB3,3.8612678,1.3671376
7363,HLA-DRB4,3.840054,1.345486
7364,HLA-DRB5,3.8327653,1.3426183
7365,HLA-E,3.803284,1.3316766
7366,HLA-F,3.8056881,1.3334548
7367,HLA-G,3.8025413,1.331326
7368,HLA-H,3.8027575,1.3312522
7369,HLCS,10.420182,6.487141
7370,HLF,5.952898,3.9823835
7371,HLTF,9.973689,4.2205634
7372,HLX,5.487007,4.5949016
7373,HM13,11.536771,0.9247379
7374,HMBOX1,6.386946,3.431604
7375,HMBS,9.232785,1.3174871
7376,HMCES,9.147614,3.5671573
7377,HMCN1,13.766133,6.314989
7378,HMCN2,12.652535,6.1361456
7379,HMG20A,8.567919,4.4553213
7380,HMG20B,7.83539,3.9433753
7381,HMGA1,6.3204455,1.3850118
7382,HMGA2,6.2629313,1.773384
7383,HMGB1,6.410298,1.3063236
7384,HMGB1P1,6.4533076,-0.45413977
7385,HMGB2,6.5358458,1.5320463
7386,HMGB3,6.7321725,1.7525306
7387,HMGB4,10.034689,6.3224144
7388,HMGCL,9.036923,0.543508
7389,HMGCLL1,9.570731,1.3235023
7390,HMGCR,11.628265,1.9674997
7391,HMGCS1,9.487791,1.6788446
7392,HMGCS2,10.033478,2.1809669
7393,HMGN1,6.3588862,1.4136752
7394,HMGN2,6.3657346,1.4529448
7395,HMGN2P46,9.76156,12.096583
7396,HMGN3,6.411031,1.7267095
7397,HMGN4,6.47575,-0.54782546
7398,HMGN5,8.117826,6.2396903
7399,HMGXB3,10.467995,10.515461
7400,HMGXB4,7.1162925,4.9868674
7401,HMHB1,8.962974,13.7754965
7402,HMMR,9.804655,8.234184
7403,HMOX1,9.808815,3.1880422
7404,HMOX2,9.050254,2.9889057
7405,HMSD,10.673073,5.4453287
7406,HMX1,6.1477714,5.3424573
7407,HMX2,6.0896225,5.0632086
7408,HMX3,5.4580436,4.4839497
7409,HNF1A,7.312583,6.592437
7410,HNF1B,6.6572213,5.503923
7411,HNF4A,8.223837,3.5144553
7412,HNF4G,7.8458195,2.7661593
7413,HNMT,10.160168,3.210984
7414,HNRNPA0,6.7608213,3.9427352
7415,HNRNPA1,6.0132504,2.2294073
7416,HNRNPA1L2,6.0393744,2.0450222
7417,HNRNPA1L3,6.0397925,2.1707745
7418,HNRNPA2B1,6.6991973,3.7616496
7419,HNRNPA3,6.028915,2.3412144
7420,HNRNPAB,6.751896,3.8765824
7421,HNRNPC,6.05779,2.4822855
7422,HNRNPCL1,6.5318184,-0.3818075
7423,HNRNPCL2,6.597267,-0.36480668
7424,HNRNPCL3,6.567623,-0.3585043
7425,HNRNPCL4,6.5894504,-0.36216578
7426,HNRNPD,6.805618,4.037167
7427,HNRNPDL,6.9868464,4.467957
7428,HNRNPF,6.8999486,3.933228
7429,HNRNPH1,6.763912,3.923406
7430,HNRNPH2,6.7739835,3.9294345
7431,HNRNPH3,6.7398534,3.9609573
7432,HNRNPK,6.8238935,3.6508236
7433,HNRNPL,6.95295,3.9644415
7434,HNRNPLL,9.30298,4.510591
7435,HNRNPM,6.740401,4.2031713
7436,HNRNPR,6.964659,3.9264002
7437,HNRNPU,7.287564,4.4703913
7438,HNRNPUL1,6.7244534,4.0182443
7439,HNRNPUL2,8.333201,5.0646353
7440,HOATZ,9.9951,11.424389
7441,HOGA1,9.800033,1.5096309
7442,HOMER1,7.595232,3.3600113
7443,HOMER2,7.858273,3.562438
7444,HOMER3,8.024981,4.4029613
7445,HOMEZ,9.078255,8.754162
7446,HOOK1,7.8780007,3.5482457
7447,HOOK2,8.2330885,4.3731008
7448,HOOK3,7.461246,3.2174401
7449,HOPX,7.898746,1.8715309
7450,HORMAD1,10.38821,11.269956
7451,HORMAD2,10.547683,11.95424
7452,HOXA1,5.5798545,4.8007174
7453,HOXA10,5.512428,4.754582
7454,HOXA11,5.373388,4.2528057
7455,HOXA13,5.4961925,4.747096
7456,HOXA2,5.8810334,4.94591
7457,HOXA3,5.4462323,4.6799498
7458,HOXA4,5.653693,4.9249063
7459,HOXA5,5.476564,4.6448126
7460,HOXA6,5.6074343,4.836447
7461,HOXA7,5.5599537,4.744317
7462,HOXA9,5.5545454,4.772863
7463,HOXB-AS3,8.878053,13.968254
7464,HOXB1,5.6506133,4.893611
7465,HOXB13,5.620362,4.8891973
7466,HOXB2,5.9723864,5.1505833
7467,HOXB3,5.3608484,4.554267
7468,HOXB4,5.6960077,4.9573407
7469,HOXB5,5.470403,4.4033422
7470,HOXB6,5.578928,4.799959
7471,HOXB7,5.5181146,4.689169
7472,HOXB8,5.563699,4.798203
7473,HOXB9,5.5588093,4.7877707
7474,HOXC10,5.7396955,4.9805007
7475,HOXC11,5.49114,4.6695805
7476,HOXC12,6.862185,6.1819777
7477,HOXC13,5.576369,4.848177
7478,HOXC4,5.6063,4.868787
7479,HOXC5,5.6492715,4.8739147
7480,HOXC6,5.7784324,5.008616
7481,HOXC8,5.656053,4.8957915
7482,HOXC9,5.5117702,4.7019663
7483,HOXD1,7.1843157,6.674499
7484,HOXD10,5.7752523,4.9599485
7485,HOXD11,5.49552,4.736817
7486,HOXD12,7.011479,6.4466662
7487,HOXD13,5.5855427,4.877287
7488,HOXD3,5.4982667,4.764085
7489,HOXD4,5.618094,4.87138
7490,HOXD8,5.4884787,4.7021747
7491,HOXD9,5.5072074,4.730324
7492,HP,13.789,6.5510006
7493,HP1BP3,8.407164,5.8860865
7494,HPCA,7.3293123,0.42916688
7495,HPCAL1,7.2483397,0.43325257
7496,HPCAL4,7.352925,0.5060361
7497,HPD,9.267695,1.2187915
7498,HPDL,11.156919,5.37381
7499,HPF1,10.084436,4.955577
7500,HPGD,10.157477,1.6178577
7501,HPGDS,10.389252,2.0451767
7502,HPN,13.061265,6.094921
7503,HPR,13.392072,7.5226445
7504,HPRT1,8.015144,0.7907407
7505,HPS1,11.285054,8.245397
7506,HPS3,11.016004,9.79072
7507,HPS4,9.282582,6.246286
7508,HPS5,10.963909,9.98776
7509,HPS6,11.49921,7.926364
7510,HPSE,13.298132,4.543703
7511,HPSE2,13.579053,4.436888
7512,HPX,12.957853,6.755431
7513,HR,9.367747,9.734982
7514,HRAS,6.8379936,0.23624875
7515,HRC,8.004607,9.259958
7516,HRCT1,8.513285,7.7720675
7517,HRES1,9.769353,14.438291
7518,HRG,13.057561,6.656572
7519,HRH1,13.621111,1.2132782
7520,HRH2,13.596636,1.182259
7521,HRH3,13.281217,1.3195274
7522,HRH4,13.822958,1.9346459
7523,HRK,9.82,12.737695
7524,HRNR,7.6144133,9.653652
7525,HROB,8.295704,7.478555
7526,HRURF,8.875966,13.864749
7527,HS1BP3,7.3354673,4.553746
7528,HS2ST1,13.250298,4.274266
7529,HS3ST1,13.459096,4.2153363
7530,HS3ST2,11.99715,4.049065
7531,HS3ST3A1,11.952387,4.0632963
7532,HS3ST3B1,11.942346,4.0421686
7533,HS3ST4,11.939797,4.1257753
7534,HS3ST5,13.673464,4.3745575
7535,HS3ST6,11.65198,3.930804
7536,HS6ST1,12.201972,3.92196
7537,HS6ST2,9.39643,6.6921005
7538,HS6ST3,12.365894,4.3646007
7539,HSBP1,7.149244,0.2593659
7540,HSBP1L1,7.2425623,0.9487629
7541,HSCB,9.665232,3.3836582
7542,HSD11B1,10.191767,1.7395277
7543,HSD11B1L,10.763228,5.154122
7544,HSD11B2,11.247294,3.7165337
7545,HSD17B1,10.780383,3.1581922
7546,HSD17B10,9.141498,0.5297624
7547,HSD17B11,10.124405,1.5791409
7548,HSD17B12,10.08922,1.5208738
7549,HSD17B13,10.199608,1.5673836
7550,HSD17B14,9.763227,0.98877406
7551,HSD17B2,11.24292,3.0828514
7552,HSD17B3,10.210335,2.0631404
7553,HSD17B4,9.129216,1.062385
7554,HSD17B6,9.445584,1.2685138
7555,HSD17B7,11.352651,3.11585
7556,HSD17B8,9.701481,1.1551536
7557,HSD3B1,11.155717,3.0982685
7558,HSD3B2,11.043725,3.0657103
7559,HSD3B7,10.521974,2.8817575
7560,HSD52,9.177793,13.655628
7561,HSDL1,10.273398,1.7638406
7562,HSDL2,9.006898,0.97675
7563,HSF1,6.3447547,3.7702072
7564,HSF2,7.9454694,5.2724576
7565,HSF2BP,10.101406,4.4796524
7566,HSF4,7.8913403,6.1786103
7567,HSF5,9.0189495,8.922851
7568,HSFX1,9.298875,9.667362
7569,HSFX2,9.341305,9.684223
7570,HSFX3,9.751154,9.21742
7571,HSFX4,9.718973,9.257474
7572,HSFY1,9.374795,9.312157
7573,HSFY2,9.383141,9.306808
7574,HSH2D,9.300191,8.507142
7575,HSP90AA1,6.5859323,0.53802496
7576,HSP90AA2P,6.4913955,-0.31934983
7577,HSP90AA4P,6.588185,-0.51366365
7578,HSP90AA5P,9.50531,5.591324
7579,HSP90AB1,6.618259,0.51519835
7580,HSP90AB2P,6.5226007,-0.45389384
7581,HSP90AB3P,6.569127,-0.33939147
7582,HSP90AB4P,6.5139685,-0.54770046
7583,HSP90B1,8.4056225,2.3136659
7584,HSP90B2P,9.577089,5.523293
7585,HSPA12A,9.884236,3.3983417
7586,HSPA12B,10.10188,3.025256
7587,HSPA13,14.095943,4.7068057
7588,HSPA14,10.668324,4.84584
7589,HSPA1A,7.7353272,0.3479708
7590,HSPA1B,7.739052,0.34660468
7591,HSPA1L,7.861048,0.35077283
7592,HSPA2,7.659307,0.3423031
7593,HSPA4,8.655784,2.4921496
7594,HSPA4L,8.803162,2.4931524
7595,HSPA5,7.910747,0.35756063
7596,HSPA6,8.644157,0.6771426
7597,HSPA7,8.872266,0.84378546
7598,HSPA8,6.6522236,0.2586371
7599,HSPA9,8.752475,0.43909773
7600,HSPB1,7.215291,2.975281
7601,HSPB2,10.844922,5.613708
7602,HSPB3,10.342604,6.6663947
7603,HSPB6,8.236592,4.1765866
7604,HSPB7,7.5703826,2.960608
7605,HSPB8,8.662088,3.8769765
7606,HSPB9,9.760668,8.888402
7607,HSPBAP1,9.788502,5.2526364
7608,HSPBP1,9.102939,4.2290354
7609,HSPD1,8.110643,0.69555634
7610,HSPE1,6.5750256,0.45222685
7611,HSPG2,12.830244,5.720607
7612,HSPH1,9.034371,2.6892264
7613,HTATIP2,9.565215,1.403481
7614,HTATSF1,8.34995,5.9349437
7615,HTD2,10.368779,2.3997242
7616,HTN1,8.685789,8.554004
7617,HTN3,8.81379,8.561206
7618,HTR1A,13.534189,1.1495696
7619,HTR1B,13.569434,1.155845
7620,HTR1D,13.556576,1.1207575
7621,HTR1E,13.555265,1.105276
7622,HTR1F,13.586778,1.1290252
7623,HTR2A,13.550101,1.1194084
7624,HTR2B,13.590627,1.1629335
7625,HTR2C,13.576179,1.1141032
7626,HTR3A,12.920805,2.170319
7627,HTR3B,13.018405,2.3151007
7628,HTR3C,13.003149,2.047128
7629,HTR3D,12.164207,7.120596
7630,HTR3E,13.048412,2.1970394
7631,HTR4,13.620136,1.2000047
7632,HTR5A,13.556172,1.1726428
7633,HTR6,13.473413,1.7240512
7634,HTR7,13.685224,1.4570763
7635,HTRA1,9.45807,1.8825561
7636,HTRA2,11.781442,4.0800705
7637,HTRA3,9.323776,1.8202997
7638,HTRA4,12.685376,4.7668467
7639,HTT,10.898941,10.336836
7640,HUNK,9.402579,6.791284
7641,HUS1,8.342262,1.5542932
7642,HUS1B,10.869494,4.320899
7643,HUWE1,11.023224,9.241355
7644,HVCN1,11.503225,1.6460462
7645,HYAL1,12.422928,4.9383326
7646,HYAL2,12.525796,4.8880067
7647,HYAL3,12.282227,5.124989
7648,HYAL4,13.726968,4.703289
7649,HYCC1,9.797069,6.440214
7650,HYCC2,9.450424,6.104406
7651,HYDIN,10.831248,7.8345613
7652,HYI,9.698571,1.0354052
7653,HYKK,10.1218,2.7425528
7654,HYLS1,10.318474,11.199541
7655,HYOU1,8.087017,3.6796203
7656,HYPK,6.9966035,2.1964424
7657,IAH1,9.346675,1.9078038
7658,IAPP,7.42991,3.5169165
7659,IARS1,9.495667,1.4428838
7660,IARS2,10.656037,4.199251
7661,IBA57,11.021618,4.57646
7662,IBA57-DT,9.455333,14.012512
7663,IBSP,7.130232,4.635683
7664,IBTK,9.95242,6.661437
7665,ICA1,7.386549,3.7007067
7666,ICA1L,8.820554,5.296515
7667,ICAM1,12.686523,5.274087
7668,ICAM2,12.9351425,5.1188097
7669,ICAM3,12.549937,5.387062
7670,ICAM4,12.272493,6.6912575
7671,ICAM5,12.125324,5.78203
7672,ICE1,9.6699,11.027301
7673,ICE2,10.329169,10.52661
7674,ICMT,12.25682,1.5728546
7675,ICOS,13.112546,7.3087463
7676,ICOSLG,13.944438,6.118713
7677,ID1,7.4733377,4.8705616
7678,ID2,6.7073116,2.875958
7679,ID2B,8.826752,13.822395
7680,ID3,7.6748996,4.744121
7681,ID4,5.9010253,4.9759316
7682,IDE,10.259925,3.1793942
7683,IDH1,8.986793,0.8049404
7684,IDH2,8.941321,0.71403044
7685,IDH3A,9.720228,0.98644304
7686,IDH3B,9.551034,1.3602172
7687,IDH3G,9.17117,1.2697756
7688,IDI1,9.153234,1.0269618
7689,IDI2,10.3643265,2.0953348
7690,IDI2-AS1,9.240237,13.651004
7691,IDNK,9.4090395,1.7274843
7692,IDO1,10.385612,3.5922074
7693,IDO2,10.323106,3.475346
7694,IDS,13.446143,4.1845875
7695,IDUA,12.006481,5.7212033
7696,IER2,7.3641973,5.012193
7697,IER3,10.006407,11.872506
7698,IER3IP1,11.124781,0.74374044
7699,IER5,7.357441,6.2044
7700,IER5L,6.8086042,5.933573
7701,IFFO1,7.0094037,3.8554952
7702,IFFO2,7.0138564,3.8653297
7703,IFI16,9.46564,7.4632487
7704,IFI27,10.546281,1.3087971
7705,IFI27L1,10.545372,1.2353289
7706,IFI27L2,10.533609,1.2676572
7707,IFI30,13.136081,4.765028
7708,IFI35,10.905341,4.918148
7709,IFI44,10.409484,6.1099553
7710,IFI44L,10.366745,6.1623454
7711,IFI6,10.625758,1.205723
7712,IFIH1,10.005823,5.0811515
7713,IFIT1,10.244421,5.0106516
7714,IFIT1B,10.229953,4.9964423
7715,IFIT2,10.235138,5.332817
7716,IFIT3,10.158728,6.348406
7717,IFIT5,10.268919,5.0417643
7718,IFITM1,10.904218,1.1306497
7719,IFITM10,8.345978,6.160915
7720,IFITM2,10.922143,1.0705571
7721,IFITM3,10.949646,1.0754944
7722,IFITM5,11.757417,1.5052378
7723,IFNA1,-0.5791499,5.924002
7724,IFNA10,-0.5809133,5.923935
7725,IFNA13,-0.5792761,5.9235225
7726,IFNA14,-0.57963216,5.9240193
7727,IFNA16,-0.5810579,5.92402
7728,IFNA17,-0.58102506,5.9241853
7729,IFNA2,-0.58119166,5.924042
7730,IFNA21,-0.5810224,5.925278
7731,IFNA4,-0.5809039,5.924201
7732,IFNA5,-0.58019006,5.923733
7733,IFNA6,-0.58155775,5.9201374
7734,IFNA7,-0.580388,5.923827
7735,IFNA8,-0.58080524,5.9238358
7736,IFNAR1,13.391495,7.02
7737,IFNAR2,12.820325,7.488401
7738,IFNB1,-0.5718907,5.9244823
7739,IFNE,13.887285,6.290572
7740,IFNG,13.730255,5.8188252
7741,IFNGR1,12.921041,7.365903
7742,IFNGR2,13.232239,6.8717155
7743,IFNK,13.631708,6.491826
7744,IFNL1,15.279803,5.8602357
7745,IFNL2,15.230614,5.8217134
7746,IFNL3,15.219194,5.801383
7747,IFNL4,11.862693,5.2475753
7748,IFNLR1,12.17338,7.06963
7749,IFNW1,-0.5813522,5.924113
7750,IFRD1,9.302105,4.2636085
7751,IFRD2,9.740114,3.7032495
7752,IFT122,10.712085,6.687073
7753,IFT140,10.540853,5.924891
7754,IFT172,10.849415,7.1508145
7755,IFT20,10.7426605,10.636312
7756,IFT22,9.224495,2.881208
7757,IFT25,9.233677,2.4361064
7758,IFT27,8.376759,1.3559531
7759,IFT43,9.611378,9.677154
7760,IFT46,10.39276,11.380524
7761,IFT52,9.13681,3.056162
7762,IFT56,9.774751,4.330597
7763,IFT57,7.9982243,3.1249416
7764,IFT70A,9.892196,4.524833
7765,IFT70B,9.896411,4.511014
7766,IFT74,8.789737,4.584132
7767,IFT80,9.980458,4.3257017
7768,IFT81,9.456967,4.9449835
7769,IFT88,9.651433,4.7379236
7770,IFTAP,9.858664,10.957064
7771,IGBP1,8.295667,3.0036614
7772,IGBP1C,8.297789,3.1884682
7773,IGDCC3,12.487743,6.436947
7774,IGDCC4,12.495462,6.5019913
7775,IGF1,9.014004,6.747442
7776,IGF1R,13.334223,4.753172
7777,IGF2,12.892764,5.5467453
7778,IGF2-AS,10.048395,14.769876
7779,IGF2BP1,8.047221,1.6951964
7780,IGF2BP2,8.1534815,1.7969754
7781,IGF2BP2-AS1,9.48804,13.974304
7782,IGF2BP3,8.149964,1.8271823
7783,IGF2R,13.75022,6.6672826
7784,IGFALS,12.184136,6.1527143
7785,IGFBP1,12.643709,6.125328
7786,IGFBP2,12.217185,5.0848913
7787,IGFBP3,12.306675,4.9808483
7788,IGFBP4,12.474983,5.112698
7789,IGFBP5,12.692856,5.0174246
7790,IGFBP6,12.332131,6.484964
7791,IGFBP7,11.8329,3.8184521
7792,IGFBPL1,12.187667,5.6396513
7793,IGFL1,13.289767,6.0433025
7794,IGFL2,13.231059,6.0965166
7795,IGFL3,13.271983,6.1153054
7796,IGFL4,13.234228,6.311893
7797,IGFLR1,8.424949,6.703784
7798,IGFN1,10.542402,3.7552304
7799,IGHA1,12.811996,6.009524
7800,IGHA2,12.718174,5.912907
7801,IGHD,12.565235,6.542493
7802,IGHD1-1,8.863938,13.564116
7803,IGHD2OR15-2B,8.84352,13.624486
7804,IGHD3-10,8.838994,13.73922
7805,IGHD3-3,8.867218,13.661385
7806,IGHD3-9,8.845548,13.671894
7807,IGHD3OR15-3B,8.894997,13.546096
7808,IGHD5-12,8.8574915,13.67442
7809,IGHD5OR15-5B,8.856379,13.640025
7810,IGHD6-13,1.7169104,15.888413
7811,IGHD6-19,1.6964259,15.908871
7812,IGHE,12.73894,6.3889694
7813,IGHG1,15.053151,5.4217825
7814,IGHG2,15.058575,5.4337616
7815,IGHG3,15.085647,5.4784374
7816,IGHG4,15.075339,5.44728
7817,IGHJ1,1.6642642,15.941378
7818,IGHJ2,1.697442,15.907896
7819,IGHJ3,1.6998216,15.905736
7820,IGHJ4,1.6855963,15.919858
7821,IGHJ5,1.6904302,15.915035
7822,IGHJ6,1.6666124,15.939099
7823,IGHM,13.305433,5.740911
7824,IGHMBP2,9.414508,2.5667918
7825,IGHV1-18,-0.6627757,3.8236787
7826,IGHV1-2,-0.65408534,3.8246827
7827,IGHV1-24,-0.6594095,3.842226
7828,IGHV1-3,-0.6530216,3.8235629
7829,IGHV1-38-4,-0.6893071,3.8751564
7830,IGHV1-45,-0.66508925,3.848466
7831,IGHV1-46,-0.6537169,3.8242047
7832,IGHV1-58,-0.6587241,3.84519
7833,IGHV1-69,-0.6503301,3.8295782
7834,IGHV1-69-2,-0.68126845,3.8394701
7835,IGHV1-69D,-0.65186775,3.8291578
7836,IGHV1-8,-0.650379,3.822238
7837,IGHV1OR15-1,-0.6586105,3.8317406
7838,IGHV1OR15-9,-0.6771238,3.8491154
7839,IGHV1OR21-1,-0.6665637,3.8459277
7840,IGHV2-26,12.691512,10.620062
7841,IGHV2-5,12.692323,10.620357
7842,IGHV2-70,12.68775,10.618942
7843,IGHV2-70D,12.691377,10.619753
7844,IGHV2OR16-5,12.687165,10.617108
7845,IGHV3-11,7.572438,19.64804
7846,IGHV3-13,7.585266,19.635775
7847,IGHV3-15,7.573532,19.647118
7848,IGHV3-16,7.5435286,19.675793
7849,IGHV3-20,7.579743,19.641548
7850,IGHV3-21,7.570383,19.65087
7851,IGHV3-23,7.5680857,19.652798
7852,IGHV3-30,7.561658,19.655382
7853,IGHV3-30-3,7.563191,19.655464
7854,IGHV3-30-5,7.5628867,19.654018
7855,IGHV3-33,7.5637007,19.655191
7856,IGHV3-35,7.5535674,19.667143
7857,IGHV3-38,7.543862,19.676508
7858,IGHV3-38-3,7.5213833,19.699492
7859,IGHV3-43,7.5988107,19.6226
7860,IGHV3-43D,7.578816,19.64249
7861,IGHV3-48,7.5706058,19.650553
7862,IGHV3-49,7.573318,19.647285
7863,IGHV3-53,7.570337,19.650684
7864,IGHV3-64,7.564319,19.656754
7865,IGHV3-64D,7.5721827,19.648745
7866,IGHV3-66,7.567785,19.653582
7867,IGHV3-7,7.5736847,19.647444
7868,IGHV3-72,7.570609,19.650497
7869,IGHV3-73,7.573548,19.647066
7870,IGHV3-74,7.549603,19.668844
7871,IGHV3-9,7.5763874,19.644781
7872,IGHV3OR15-7,7.5714545,19.649586
7873,IGHV3OR16-10,7.570046,19.651272
7874,IGHV3OR16-12,7.53757,19.682367
7875,IGHV3OR16-13,7.560474,19.660706
7876,IGHV3OR16-17,7.55425,19.666553
7877,IGHV3OR16-8,7.561793,19.6594
7878,IGHV3OR16-9,7.566863,19.654459
7879,IGHV4-28,-0.2993658,3.8526962
7880,IGHV4-30-2,-0.30406082,3.8520794
7881,IGHV4-30-4,-0.29819414,3.852451
7882,IGHV4-31,-0.3020402,3.8522184
7883,IGHV4-34,-0.27891773,3.8521564
7884,IGHV4-38-2,-0.29867038,3.8526144
7885,IGHV4-39,-0.296114,3.8514733
7886,IGHV4-4,-0.30287945,3.85216
7887,IGHV4-59,-0.2969814,3.852598
7888,IGHV4-61,-0.26414856,3.8535042
7889,IGHV4OR15-8,-0.3017968,3.8522775
7890,IGHV5-10-1,-0.5967044,3.8621485
7891,IGHV5-51,-0.63996017,3.8486016
7892,IGHV6-1,-0.33988488,3.85307
7893,IGHV7-4-1,-0.65083045,3.8378422
7894,IGHV7-81,-0.68072754,3.8705192
7895,IGHV8-51-1,15.452859,6.2641635
7896,IGIP,8.976964,13.722804
7897,IGKC,15.067637,5.435904
7898,IGKJ1,1.6534961,15.9517
7899,IGKJ2,1.6678932,15.937328
7900,IGKJ3,1.6899339,15.915432
7901,IGKJ4,1.6791499,15.92607
7902,IGKJ5,1.697518,15.907701
7903,IGKV1-12,-1.3797369,7.3795357
7904,IGKV1-13,-1.3803326,7.380753
7905,IGKV1-16,-1.3786916,7.376671
7906,IGKV1-17,-1.370334,7.36503
7907,IGKV1-27,-1.3797467,7.377161
7908,IGKV1-33,-1.3839786,7.3846536
7909,IGKV1-37,-1.3733076,7.3686824
7910,IGKV1-39,-1.3820213,7.3818407
7911,IGKV1-5,-1.3721278,7.370199
7912,IGKV1-6,-1.3741322,7.3706145
7913,IGKV1-8,-1.3736213,7.368961
7914,IGKV1-9,-1.3772254,7.3761168
7915,IGKV1D-12,-1.3790222,7.3800683
7916,IGKV1D-13,-1.3803341,7.3801584
7917,IGKV1D-16,-1.4150397,7.41436
7918,IGKV1D-17,-1.3536512,7.332472
7919,IGKV1D-33,-1.385518,7.3858385
7920,IGKV1D-37,-1.3732373,7.36871
7921,IGKV1D-39,-1.3848655,7.3843164
7922,IGKV1D-42,-1.3000191,7.276541
7923,IGKV1D-43,-1.3591169,7.3479924
7924,IGKV1D-8,-1.3630238,7.3559217
7925,IGKV1OR2-108,-1.3675262,7.362964
7926,IGKV2-24,17.797094,16.9597
7927,IGKV2-28,17.79703,16.959692
7928,IGKV2-29,17.797104,16.95974
7929,IGKV2-30,17.797028,16.95971
7930,IGKV2-40,17.797281,16.959856
7931,IGKV2D-24,17.797222,16.959826
7932,IGKV2D-26,17.797241,16.959839
7933,IGKV2D-28,17.797237,16.959885
7934,IGKV2D-29,17.797405,16.959953
7935,IGKV2D-30,17.797356,16.959938
7936,IGKV2D-40,17.797487,16.96004
7937,IGKV3-11,-1.2911583,7.267003
7938,IGKV3-15,-1.2924161,7.268185
7939,IGKV3-20,-1.2953905,7.2723064
7940,IGKV3-7,-1.3199443,7.295742
7941,IGKV3D-11,-1.2904022,7.265855
7942,IGKV3D-15,-1.2892394,7.2643704
7943,IGKV3D-20,-1.2529465,7.228069
7944,IGKV3D-7,-1.2873974,7.2623563
7945,IGKV3OR2-268,-1.2942569,7.269829
7946,IGKV4-1,-1.3294268,7.3165402
7947,IGKV5-2,-1.2760124,7.239447
7948,IGKV6-21,-1.2776954,7.2497926
7949,IGKV6D-21,-1.271362,7.2315097
7950,IGKV6D-41,-1.2754709,7.235324
7951,IGLC1,-0.64661545,3.79221
7952,IGLC2,-0.6495449,3.7964613
7953,IGLC3,-0.6120351,3.7606254
7954,IGLC6,-0.6461577,3.7960856
7955,IGLC7,-0.65231264,3.7904582
7956,IGLJ1,10.113762,9.26402
7957,IGLJ2,9.045294,8.467938
7958,IGLJ3,10.087574,9.205256
7959,IGLJ4,1.632788,15.972457
7960,IGLJ5,1.7861855,15.819217
7961,IGLJ6,1.7262198,15.880082
7962,IGLJ7,1.7239058,15.881216
7963,IGLL1,15.228317,6.082751
7964,IGLL5,15.237548,6.1048784
7965,IGLON5,11.746118,4.007944
7966,IGLV1-36,-1.3571808,4.533463
7967,IGLV1-40,-1.3631822,4.5269494
7968,IGLV1-44,-1.3623888,4.527851
7969,IGLV1-47,-1.3601408,4.533099
7970,IGLV1-50,-1.3636712,4.5270233
7971,IGLV1-51,-1.3560711,4.537082
7972,IGLV10-54,-1.3328826,4.5664105
7973,IGLV11-55,-1.3133401,4.6030664
7974,IGLV2-11,-1.3790001,4.5110683
7975,IGLV2-14,-1.3616624,4.5287967
7976,IGLV2-18,-1.3631381,4.5273314
7977,IGLV2-23,-1.3640516,4.5266976
7978,IGLV2-33,-1.3291754,4.5635567
7979,IGLV2-8,-1.361377,4.5299025
7980,IGLV3-1,-1.3314725,4.572399
7981,IGLV3-10,-1.3293955,4.572998
7982,IGLV3-12,-1.336106,4.5637517
7983,IGLV3-16,-1.3307317,4.5679827
7984,IGLV3-19,-1.334535,4.5862513
7985,IGLV3-21,-1.3316709,4.575037
7986,IGLV3-22,-1.3336711,4.570509
7987,IGLV3-25,-1.3321283,4.573792
7988,IGLV3-27,-1.334578,4.570021
7989,IGLV3-32,-1.3094184,4.589187
7990,IGLV3-9,-1.3386706,4.5648055
7991,IGLV4-3,-1.2768005,4.7077155
7992,IGLV4-60,-1.3131386,4.6090302
7993,IGLV4-69,-1.3140252,4.603841
7994,IGLV5-37,-1.3180804,4.5977964
7995,IGLV5-39,-1.3089131,4.611668
7996,IGLV5-45,-1.353076,4.644762
7997,IGLV5-48,-1.3132645,4.606052
7998,IGLV5-52,-1.3111511,4.6116657
7999,IGLV6-57,-1.3517946,4.5442414
8000,IGLV7-43,-1.3405446,4.565218
8001,IGLV7-46,-1.3351972,4.5630245
8002,IGLV8-61,-1.3471365,4.5462213
8003,IGLV9-49,-1.3006158,4.605323
8004,IGSF1,14.190807,6.519556
8005,IGSF10,12.776087,7.8656926
8006,IGSF11,13.437304,5.6889453
8007,IGSF21,13.03577,7.8137646
8008,IGSF22,10.691236,4.006486
8009,IGSF23,10.886,9.919289
8010,IGSF3,13.150266,7.0101333
8011,IGSF5,12.761821,6.924953
8012,IGSF6,13.80034,6.1606894
8013,IGSF8,12.2371855,6.230265
8014,IGSF9,12.223634,6.5051274
8015,IGSF9B,12.77663,7.2048593
8016,IHH,11.480498,3.5721774
8017,IHO1,9.72998,10.729452
8018,IK,7.33264,2.5649972
8019,IKBIP,9.854315,8.174452
8020,IKBKB,10.846388,7.8514323
8021,IKBKE,10.446643,6.228718
8022,IKBKE-AS1,9.654828,14.208879
8023,IKBKG,8.485736,4.974043
8024,IKZF1,5.8159814,3.1210494
8025,IKZF2,6.7456336,4.9745345
8026,IKZF3,7.249397,5.762141
8027,IKZF4,6.6712856,5.018014
8028,IKZF5,8.825434,8.498631
8029,IL10,13.907465,5.7868776
8030,IL10RA,12.371226,7.263299
8031,IL10RB,13.618415,6.3250957
8032,IL11,11.944345,5.351079
8033,IL11RA,12.161168,6.472718
8034,IL12A,14.149666,5.6630964
8035,IL12B,13.314535,7.0720634
8036,IL12RB1,11.913708,7.928691
8037,IL12RB2,13.058818,7.286488
8038,IL13,14.201657,5.6827927
8039,IL13RA1,13.280304,7.2038245
8040,IL13RA2,13.333061,7.174655
8041,IL15,13.223744,7.209556
8042,IL15RA,15.179155,6.038535
8043,IL16,8.975184,7.894014
8044,IL17A,13.45878,5.318182
8045,IL17B,12.846905,5.876588
8046,IL17C,12.1106415,5.337218
8047,IL17D,11.752214,4.287135
8048,IL17F,13.381567,5.4365144
8049,IL17RA,11.690015,7.3876038
8050,IL17RB,13.186839,7.0833507
8051,IL17RC,11.84263,7.6723213
8052,IL17RD,12.141544,7.902746
8053,IL17RE,11.792312,7.7695394
8054,IL17REL,11.837335,7.694712
8055,IL18,9.622054,3.3451533
8056,IL18BP,12.01722,6.5974426
8057,IL18R1,13.540288,6.7113223
8058,IL18RAP,13.363707,7.0627675
8059,IL19,13.824349,6.156956
8060,IL1A,10.8115225,7.770078
8061,IL1B,10.122327,6.4255967
8062,IL1F10,11.409421,4.8437095
8063,IL1R1,13.537189,6.664978
8064,IL1R2,13.245198,7.020018
8065,IL1RAP,13.589419,6.558853
8066,IL1RAPL1,13.4181,6.517177
8067,IL1RAPL2,13.421382,6.6478705
8068,IL1RL1,13.550922,6.6507874
8069,IL1RL2,13.537618,6.7121363
8070,IL1RN,11.453474,4.797787
8071,IL2,14.122973,5.9685564
8072,IL20,13.899782,5.881073
8073,IL20RA,12.62537,7.2965145
8074,IL20RB,13.200388,6.998345
8075,IL21,13.421372,6.9045134
8076,IL21R,12.14791,7.1634245
8077,IL22,13.557138,6.5044184
8078,IL22RA1,12.326388,7.254687
8079,IL22RA2,13.299923,7.0590906
8080,IL23A,12.044942,5.90452
8081,IL23R,12.743681,7.8124146
8082,IL24,13.723248,5.9408865
8083,IL25,12.819914,6.1372676
8084,IL26,13.397268,6.9489126
8085,IL27,11.929994,5.595102
8086,IL27RA,12.133345,6.7666183
8087,IL2RA,12.990066,7.0286384
8088,IL2RB,12.133438,7.09963
8089,IL2RG,12.863336,7.1594687
8090,IL3,12.689357,7.617455
8091,IL31,12.93328,7.4295454
8092,IL31RA,13.25388,7.275476
8093,IL32,10.5526495,10.352211
8094,IL33,9.955565,6.901081
8095,IL34,10.642592,10.436413
8096,IL36A,11.487827,4.760149
8097,IL36B,10.593553,11.830283
8098,IL36G,11.481082,4.802086
8099,IL36RN,11.48547,4.7976713
8100,IL37,11.445611,4.8092837
8101,IL3RA,13.215047,7.0066557
8102,IL4,14.123833,5.9781804
8103,IL4I1,12.628886,5.6356926
8104,IL4R,9.374323,9.604467
8105,IL5,13.556109,6.6136246
8106,IL5RA,13.362192,7.102548
8107,IL6,13.879917,6.113894
8108,IL6R,12.262171,6.61905
8109,IL6ST,13.315526,7.025005
8110,IL7,12.978022,7.374724
8111,IL7R,12.887108,7.4657664
8112,IL9,13.901916,6.1186438
8113,IL9R,12.136263,7.014112
8114,ILDR1,7.7342057,6.3543067
8115,ILDR2,7.7452374,6.6223054
8116,ILF2,8.744196,3.2480774
8117,ILF3,6.6844993,4.0126863
8118,ILK,10.888987,6.418641
8119,ILKAP,8.507157,2.098221
8120,ILRUN,7.711272,4.1441793
8121,ILVBL,10.147576,2.0944412
8122,IMMP1L,8.32749,1.045303
8123,IMMP2L,7.850254,0.9725584
8124,IMMT,8.587537,3.4304514
8125,IMP3,9.317115,2.0490215
8126,IMP4,9.011982,1.9338251
8127,IMPA1,9.380922,1.181296
8128,IMPA2,10.066575,2.105063
8129,IMPACT,8.604528,2.4847128
8130,IMPDH1,8.267739,0.634297
8131,IMPDH2,8.346071,0.68499935
8132,IMPG1,12.690045,7.1522093
8133,IMPG2,12.573853,7.232614
8134,IMUP,7.2014284,4.2958555
8135,INA,7.6693077,3.3464055
8136,INAFM1,8.322628,6.7843084
8137,INAFM2,7.0834093,5.8449693
8138,INAVA,8.364697,7.6180353
8139,INCA1,9.753194,12.057266
8140,INCENP,7.1309824,4.021141
8141,INE1,9.888226,14.151076
8142,INF2,8.264157,4.569199
8143,ING1,8.628354,7.023474
8144,ING2,7.5590835,3.1943512
8145,ING3,6.849829,4.526785
8146,ING4,7.4770846,3.0240688
8147,ING5,7.1128774,2.517835
8148,INHA,11.9603195,6.572128
8149,INHBA,12.744267,4.921722
8150,INHBB,12.608675,5.0220094
8151,INHBC,12.308711,5.285546
8152,INHBE,12.160176,5.427651
8153,INIP,10.155265,11.57631
8154,INKA1,9.512227,10.140281
8155,INKA2,7.8248935,5.631192
8156,INMT,10.54187,3.176292
8157,INO80,9.560326,6.0734963
8158,INO80B,7.9093227,5.7129264
8159,INO80C,6.4565916,3.2879715
8160,INO80D,8.890319,9.291024
8161,INO80E,6.536203,4.6639495
8162,INPP1,10.020086,3.5854769
8163,INPP4A,11.021103,8.824718
8164,INPP4B,10.947882,8.757382
8165,INPP5A,8.7151,1.7474744
8166,INPP5B,10.120928,5.1892805
8167,INPP5D,9.245564,6.420102
8168,INPP5E,8.632494,4.8247285
8169,INPP5F,10.386571,7.5141
8170,INPP5J,8.506369,7.6750493
8171,INPP5K,10.4787245,4.1876225
8172,INPPL1,8.539659,4.9783607
8173,INS,11.937337,4.0995
8174,INS-IGF2,9.4254055,9.417696
8175,INSC,11.342205,8.716995
8176,INSIG1,11.392776,1.5747489
8177,INSIG2,11.397078,1.158075
8178,INSL3,12.075417,6.5320554
8179,INSL4,10.372569,11.129116
8180,INSL5,12.751303,7.1834083
8181,INSL6,12.659834,7.757045
8182,INSM1,5.936291,5.156049
8183,INSM2,7.326585,6.1693687
8184,INSR,13.206173,4.8819346
8185,INSRR,12.56262,5.1185827
8186,INSYN1,7.842472,6.720311
8187,INSYN2A,7.7911954,6.284022
8188,INSYN2B,8.999395,9.0778885
8189,INTS1,10.920648,10.058214
8190,INTS10,10.973297,10.541421
8191,INTS11,8.984535,1.6333191
8192,INTS12,7.3984365,6.7849407
8193,INTS13,10.87611,10.314161
8194,INTS14,11.108812,8.802102
8195,INTS15,10.93589,10.302058
8196,INTS2,10.941057,10.82546
8197,INTS3,11.009024,9.745431
8198,INTS4,10.9199,7.956357
8199,INTS5,10.684895,10.111472
8200,INTS6,9.778346,6.1078014
8201,INTS6L,9.737571,6.144976
8202,INTS7,11.135063,9.123417
8203,INTS8,11.008474,10.516045
8204,INTS9,10.093273,4.089474
8205,INTU,10.473281,7.836163
8206,INVS,9.852816,7.565056
8207,IP6K1,8.945472,3.4689016
8208,IP6K2,9.069525,3.6043003
8209,IP6K3,9.415278,4.107909
8210,IPCEF1,8.428173,5.851057
8211,IPMK,9.70425,5.149526
8212,IPO11,10.373669,5.1777573
8213,IPO13,10.358653,5.319288
8214,IPO4,10.825938,5.7418575
8215,IPO5,10.398471,5.114112
8216,IPO7,10.368369,5.1791406
8217,IPO8,10.382534,5.1876493
8218,IPO9,10.399221,5.256766
8219,IPP,10.967516,6.0257473
8220,IPPK,10.628941,6.866117
8221,IQANK1,10.830204,5.972568
8222,IQCA1,9.083103,3.4108434
8223,IQCA1L,9.711354,4.4090247
8224,IQCB1,10.946556,8.243115
8225,IQCC,9.306007,10.525672
8226,IQCD,8.967668,4.8954053
8227,IQCE,8.23729,5.839736
8228,IQCF1,9.343591,5.8396378
8229,IQCF2,9.863945,5.175014
8230,IQCF3,10.0148535,4.900638
8231,IQCF5,9.916938,4.877361
8232,IQCF6,9.986142,4.8658996
8233,IQCG,8.918831,5.011579
8234,IQCH,10.50212,7.030593
8235,IQCJ,8.96299,6.852863
8236,IQCJ-SCHIP1,7.031986,4.524649
8237,IQCK,9.081626,5.630079
8238,IQCM,10.436361,11.545496
8239,IQCN,9.212619,10.4068365
8240,IQGAP1,9.523214,4.7432714
8241,IQGAP2,9.626779,5.0243096
8242,IQGAP3,10.209744,5.494201
8243,IQSEC1,7.1091504,4.3885584
8244,IQSEC2,6.750353,5.1702595
8245,IQSEC3,7.7625713,5.781975
8246,IQUB,10.859361,8.401495
8247,IRAG1,7.9883413,7.4052134
8248,IRAG2,8.835628,6.953133
8249,IRAK1,8.938414,6.4236474
8250,IRAK1BP1,9.489683,3.05904
8251,IRAK2,10.52657,7.470574
8252,IRAK3,10.791134,7.728749
8253,IRAK4,9.895661,4.0847044
8254,IREB2,10.632132,4.499132
8255,IRF1,8.27982,6.0807776
8256,IRF2,8.275583,6.164708
8257,IRF2BP1,7.7154527,7.0741286
8258,IRF2BP2,5.8845434,4.948538
8259,IRF2BPL,6.716993,5.8402395
8260,IRF3,9.719172,5.2050595
8261,IRF4,8.825233,4.918148
8262,IRF5,8.566778,4.357161
8263,IRF6,8.891311,4.1877847
8264,IRF7,8.395192,5.2800407
8265,IRF8,9.430654,5.2226686
8266,IRF9,9.488716,5.612245
8267,IRGC,10.9010725,5.820719
8268,IRGM,10.205258,6.1569963
8269,IRGQ,11.434168,7.4864955
8270,IRS1,7.721193,7.302591
8271,IRS2,7.824804,7.4776006
8272,IRS4,8.8952875,9.246002
8273,IRX1,5.547219,4.732181
8274,IRX2,5.6031647,4.780414
8275,IRX2-DT,9.878462,14.168063
8276,IRX3,5.754795,4.9436903
8277,IRX4,5.651351,4.837725
8278,IRX5,5.2797484,4.331281
8279,IRX6,7.1560583,6.301514
8280,ISCA1,6.8351917,0.67819995
8281,ISCA2,8.706218,1.4163249
8282,ISCU,8.367996,0.9608588
8283,ISG15,10.868423,4.3957033
8284,ISG20,9.518628,1.6708008
8285,ISG20L2,8.764698,5.531179
8286,ISL1,6.034407,3.5206742
8287,ISL2,6.079536,3.6865935
8288,ISLR,12.314325,6.3083453
8289,ISLR2,12.101077,6.5763974
8290,ISM1,10.392371,11.220555
8291,ISM2,9.423781,10.52027
8292,ISOC1,10.378851,2.2161956
8293,ISOC2,8.834452,1.1780589
8294,IST1,6.857537,3.1814175
8295,ISX,8.431349,7.1631236
8296,ISY1,7.130197,2.214974
8297,ISYNA1,9.406098,1.826158
8298,ITCH,8.630019,3.1932185
8299,ITFG1,13.187235,4.616993
8300,ITFG2,10.428381,4.946023
8301,ITGA1,13.644913,4.9385715
8302,ITGA10,12.651178,5.1594787
8303,ITGA11,13.49074,4.9498286
8304,ITGA2,13.636711,5.1690707
8305,ITGA2B,12.644534,5.3358917
8306,ITGA3,12.865154,5.061238
8307,ITGA4,13.559639,6.5201674
8308,ITGA5,12.89208,4.761381
8309,ITGA6,13.230944,4.534051
8310,ITGA7,12.74226,4.9602876
8311,ITGA8,13.118879,4.733239
8312,ITGA9,13.297418,6.485907
8313,ITGAD,12.958663,4.8105063
8314,ITGAE,13.050923,6.3725986
8315,ITGAL,13.177921,6.2158484
8316,ITGAM,13.01505,4.802671
8317,ITGAV,13.16783,4.56018
8318,ITGAX,12.92499,4.795077
8319,ITGB1,13.474112,4.74969
8320,ITGB1BP1,9.989238,5.9958663
8321,ITGB1BP2,9.004938,4.968301
8322,ITGB2,13.363768,4.89054
8323,ITGB3,13.432936,4.8609667
8324,ITGB3BP,10.264843,11.572586
8325,ITGB4,13.17306,5.954713
8326,ITGB5,13.42663,5.030992
8327,ITGB6,13.467029,5.0074663
8328,ITGB7,12.631611,5.263835
8329,ITGB8,13.672156,6.494471
8330,ITGBL1,13.722755,6.6542463
8331,ITIH1,13.31902,5.7112417
8332,ITIH2,13.517014,5.9319634
8333,ITIH3,13.348276,4.676456
8334,ITIH4,13.283086,5.6364665
8335,ITIH5,13.24686,5.741404
8336,ITIH6,12.638503,6.752295
8337,ITK,9.531362,2.9768958
8338,ITLN1,13.51835,4.75487
8339,ITLN2,13.5282755,4.7195954
8340,ITM2A,13.459587,5.8000736
8341,ITM2B,13.217648,4.6180377
8342,ITM2C,10.863797,1.932822
8343,ITPA,8.642417,0.84835446
8344,ITPK1,9.3642,3.217363
8345,ITPKA,8.494875,4.796685
8346,ITPKB,8.5142765,7.7258015
8347,ITPKC,8.422442,7.5672326
8348,ITPR1,7.403301,2.6007779
8349,ITPR2,7.903151,2.7824945
8350,ITPR3,8.080859,2.8260744
8351,ITPRID1,9.662805,11.472788
8352,ITPRID2,9.584158,10.198814
8353,ITPRIP,11.324684,7.3399053
8354,ITPRIPL1,11.2947645,7.4158154
8355,ITPRIPL2,11.471535,7.706312
8356,ITSN1,7.281894,3.098698
8357,ITSN2,7.4584913,3.085465
8358,IVD,9.470722,0.7017196
8359,IVL,7.851363,9.478957
8360,IVNS1ABP,11.006126,6.9129024
8361,IWS1,7.2080255,3.8883467
8362,IYD,9.088476,2.0319524
8363,IZUMO1,12.848455,7.5238943
8364,IZUMO1R,12.788346,5.4177356
8365,IZUMO2,10.682168,10.306866
8366,IZUMO3,10.6265335,11.38797
8367,IZUMO4,10.562585,11.352757
8368,JADE1,8.961513,5.885591
8369,JADE2,8.469358,5.666401
8370,JADE3,9.226891,6.190427
8371,JAG1,13.7226715,6.5137897
8372,JAG2,12.937715,6.072901
8373,JAGN1,12.147446,2.0054207
8374,JAK1,10.253725,5.648464
8375,JAK2,10.346055,5.77458
8376,JAK3,11.012459,5.5685472
8377,JAKMIP1,8.604239,5.121692
8378,JAKMIP2,8.71464,5.272935
8379,JAKMIP3,8.558075,5.081847
8380,JAM2,13.807196,5.2570267
8381,JAM3,13.706745,5.149691
8382,JAML,13.090439,7.0746074
8383,JARID2,9.0144825,6.767741
8384,JAZF1,6.022181,2.9355755
8385,JCAD,9.405505,10.608017
8386,JCHAIN,10.648368,11.477467
8387,JDP2,6.116095,2.7169156
8388,JHY,9.759926,10.832666
8389,JKAMP,12.106658,2.0464513
8390,JMJD1C,9.189199,9.742328
8391,JMJD4,10.648454,3.6882467
8392,JMJD6,9.524567,3.1273396
8393,JMJD7,10.112719,2.4644973
8394,JMJD8,11.609361,3.7788618
8395,JMY,7.897076,4.5016685
8396,JOSD1,8.607451,1.9798685
8397,JOSD2,10.504777,2.9450035
8398,JPH1,7.698348,4.4934626
8399,JPH2,7.1618485,4.7374034
8400,JPH3,8.127528,6.1405177
8401,JPH4,8.663151,6.7299438
8402,JPT1,6.8960495,4.340721
8403,JPT2,7.003041,4.294486
8404,JRK,10.816013,7.097872
8405,JRKL,10.313869,6.730177
8406,JSRP1,8.392195,8.057143
8407,JTB,11.722455,8.103889
8408,JUN,5.686112,3.8571217
8409,JUNB,6.0768986,4.771493
8410,JUND,5.767074,4.9413414
8411,JUP,9.663743,4.646826
8412,KAAG1,9.775519,14.3112755
8413,KALRN,9.599584,4.6810746
8414,KANK1,8.504774,8.172261
8415,KANK2,8.097631,6.179455
8416,KANK3,7.914728,5.968987
8417,KANK4,8.840004,7.9048133
8418,KANSL1,10.095294,11.172563
8419,KANSL1L,9.685181,11.014896
8420,KANSL2,9.169721,6.386514
8421,KANSL3,9.289482,8.493318
8422,KANTR,9.352178,13.643148
8423,KARS1,8.812598,0.92399275
8424,KASH5,9.278336,7.01422
8425,KAT14,9.633338,6.5397396
8426,KAT2A,8.725615,5.2745733
8427,KAT2B,8.713087,5.361184
8428,KAT5,7.939053,3.1715937
8429,KAT6A,7.770606,7.2407646
8430,KAT6B,8.165461,7.831474
8431,KAT7,8.815685,3.933843
8432,KAT8,8.954271,2.795885
8433,KATNA1,8.015803,1.8161247
8434,KATNAL1,7.7887588,1.6140094
8435,KATNAL2,8.510956,2.0484686
8436,KATNB1,9.631597,4.1548486
8437,KATNBL1,10.269065,8.015134
8438,KATNIP,9.702629,7.8087234
8439,KAZALD1,12.19549,5.4977446
8440,KAZN,9.172294,6.4307013
8441,KBTBD11,11.252556,5.0748425
8442,KBTBD12,11.02659,6.952031
8443,KBTBD13,11.503126,6.3588834
8444,KBTBD2,11.0246525,7.146304
8445,KBTBD3,11.039346,6.896652
8446,KBTBD4,11.037637,7.40747
8447,KBTBD6,11.042459,7.5514708
8448,KBTBD7,11.03178,7.5166636
8449,KBTBD8,11.010691,6.8239703
8450,KCMF1,6.809321,3.351225
8451,KCNA1,11.04593,1.6436493
8452,KCNA10,11.168293,2.0991178
8453,KCNA2,11.06696,1.6357069
8454,KCNA3,11.172322,1.9976695
8455,KCNA4,11.129169,2.0863829
8456,KCNA5,11.188458,2.071235
8457,KCNA6,11.21671,2.0249846
8458,KCNA7,11.213393,2.2204916
8459,KCNAB1,8.154243,1.8014956
8460,KCNAB2,7.3543015,0.7545629
8461,KCNAB3,9.039911,1.9860831
8462,KCNB1,7.578154,4.151884
8463,KCNB2,7.7415476,4.403676
8464,KCNC1,11.125677,1.7705134
8465,KCNC2,11.16724,1.9989489
8466,KCNC3,11.078653,2.0757623
8467,KCNC4,11.178685,2.0835078
8468,KCND1,11.16025,2.0950336
8469,KCND2,11.106166,2.131252
8470,KCND3,11.102246,2.1607108
8471,KCNE1,8.676646,5.1157346
8472,KCNE2,8.096618,2.7576914
8473,KCNE3,7.3166,3.0921762
8474,KCNE4,8.558872,6.693583
8475,KCNE5,8.124945,6.2762504
8476,KCNF1,12.850714,3.0126588
8477,KCNG1,12.639114,2.9766262
8478,KCNG2,11.545463,4.4042544
8479,KCNG3,12.76464,3.036336
8480,KCNG4,12.57218,2.8903174
8481,KCNH1,11.045287,2.3081753
8482,KCNH2,7.9340396,4.5019517
8483,KCNH3,8.797271,6.0019584
8484,KCNH4,8.776722,4.7287717
8485,KCNH5,8.5265665,3.0542254
8486,KCNH6,8.477459,3.9803338
8487,KCNH7,8.018114,4.125898
8488,KCNH8,8.754003,4.318953
8489,KCNIP1,8.124569,2.0467722
8490,KCNIP2,8.054523,1.975696
8491,KCNIP3,8.073262,1.9674639
8492,KCNIP4,7.9363456,2.0048068
8493,KCNJ1,12.069728,2.8612647
8494,KCNJ10,11.627741,2.6071177
8495,KCNJ11,11.900908,2.762865
8496,KCNJ12,11.494606,2.5018766
8497,KCNJ13,12.532105,3.0038116
8498,KCNJ14,11.088752,3.7513509
8499,KCNJ15,11.77775,2.6573997
8500,KCNJ16,12.216038,2.9785614
8501,KCNJ18,11.499934,2.5088866
8502,KCNJ2,11.493904,2.5837805
8503,KCNJ3,11.959984,2.790996
8504,KCNJ4,11.505853,2.5066912
8505,KCNJ5,11.508948,2.4556897
8506,KCNJ5-AS1,9.39485,14.075521
8507,KCNJ6,11.590974,2.605213
8508,KCNJ8,12.034577,2.8386087
8509,KCNJ9,11.458855,2.5491457
8510,KCNK1,12.499072,1.5273976
8511,KCNK10,12.083939,3.1335948
8512,KCNK12,12.250756,2.2166119
8513,KCNK13,11.7023535,2.033162
8514,KCNK15,11.550911,4.1591487
8515,KCNK16,13.131371,2.148994
8516,KCNK17,13.208089,2.2063599
8517,KCNK18,13.150997,2.9095802
8518,KCNK2,12.0991535,2.5345795
8519,KCNK3,11.231311,1.8108945
8520,KCNK4,12.4856415,2.1674652
8521,KCNK5,9.6808815,5.9607267
8522,KCNK6,13.280377,1.7744924
8523,KCNK7,13.513852,1.8499461
8524,KCNK9,11.122017,1.6901168
8525,KCNMA1,11.438518,2.4076025
8526,KCNMB1,12.291097,2.7837565
8527,KCNMB2,12.333103,2.8319325
8528,KCNMB3,12.482381,3.2896233
8529,KCNMB4,11.439305,2.9084988
8530,KCNN1,11.380843,1.5497104
8531,KCNN2,7.2508183,2.5212364
8532,KCNN3,7.535378,4.066645
8533,KCNN4,12.662736,2.2342837
8534,KCNQ1,11.199873,1.8485264
8535,KCNQ1DN,9.401144,14.029397
8536,KCNQ2,7.661813,4.2138643
8537,KCNQ3,8.899082,5.916997
8538,KCNQ4,11.236605,1.8051795
8539,KCNQ5,7.5779014,4.2172604
8540,KCNRG,11.0163,8.767318
8541,KCNS1,12.793933,3.0730112
8542,KCNS2,12.675357,3.045058
8543,KCNS3,12.660414,3.0307472
8544,KCNT1,11.489264,2.535396
8545,KCNT2,11.330137,2.4314766
8546,KCNU1,12.752367,3.0845683
8547,KCNV1,12.848309,3.088345
8548,KCNV2,12.775886,3.072012
8549,KCP,12.467653,6.015763
8550,KCT2,12.665938,7.0793014
8551,KCTD1,7.56372,1.9159566
8552,KCTD10,10.42989,7.491756
8553,KCTD11,11.533565,7.973613
8554,KCTD12,8.011721,4.16011
8555,KCTD13,10.470977,7.510745
8556,KCTD14,10.196098,4.8637733
8557,KCTD15,7.2913017,2.4834943
8558,KCTD16,9.018974,5.9496922
8559,KCTD17,7.687406,5.132793
8560,KCTD18,10.594739,9.923665
8561,KCTD19,10.794268,10.151155
8562,KCTD2,7.001223,3.0861661
8563,KCTD20,8.745841,5.6962957
8564,KCTD21,10.886917,8.198541
8565,KCTD3,9.557965,6.160712
8566,KCTD4,11.01249,8.743937
8567,KCTD5,6.7616153,2.4797812
8568,KCTD6,10.58332,7.5730767
8569,KCTD7,10.480036,6.237517
8570,KCTD8,8.29717,6.126585
8571,KCTD9,10.458111,4.724956
8572,KDELR1,11.4742565,0.86883205
8573,KDELR2,11.415485,0.77466273
8574,KDELR3,11.650369,0.9997679
8575,KDF1,9.692368,10.5050335
8576,KDM1A,9.164659,3.8812795
8577,KDM1B,10.709438,6.803484
8578,KDM2A,8.623173,4.1346636
8579,KDM2B,7.89458,4.529518
8580,KDM3A,9.984717,7.1500697
8581,KDM3B,8.799002,7.1508293
8582,KDM4A,8.467592,3.4413922
8583,KDM4B,8.457559,4.8961687
8584,KDM4C,8.791026,3.6057642
8585,KDM4D,9.313723,5.195132
8586,KDM4E,9.569843,5.1738954
8587,KDM4F,9.809558,7.3443656
8588,KDM5A,9.380938,5.099178
8589,KDM5B,9.367211,4.831571
8590,KDM5C,9.393569,4.9596415
8591,KDM5D,9.504991,5.3065977
8592,KDM6A,7.7414517,4.4032297
8593,KDM6B,8.022751,7.682575
8594,KDM7A,8.835656,5.7152476
8595,KDM8,10.119313,3.1639688
8596,KDR,13.455054,6.4575715
8597,KDSR,10.073494,1.4749739
8598,KEAP1,10.964923,5.7648244
8599,KEL,12.51983,6.2988153
8600,KERA,13.413967,5.5643573
8601,KGD4,7.0818763,2.936943
8602,KHDC1,9.683377,7.615028
8603,KHDC1L,10.116383,4.3594036
8604,KHDC3L,9.169186,7.9955535
8605,KHDC4,6.9471107,4.9001727
8606,KHDRBS1,6.7608185,4.609055
8607,KHDRBS2,6.472704,3.3791492
8608,KHDRBS3,6.3967886,3.3359156
8609,KHK,9.473918,1.5595056
8610,KHNYN,9.876958,7.331604
8611,KHSRP,6.3288727,4.1487594
8612,KIAA0040,8.780415,5.1926355
8613,KIAA0087,9.769569,14.107769
8614,KIAA0232,9.697738,11.022171
8615,KIAA0319,13.222483,6.5620193
8616,KIAA0319L,13.404006,6.527869
8617,KIAA0408,9.790164,10.789543
8618,KIAA0513,10.435667,11.316814
8619,KIAA0586,9.646569,10.852694
8620,KIAA0753,9.885515,10.363762
8621,KIAA0825,11.005207,10.610245
8622,KIAA0930,10.370843,11.753155
8623,KIAA1143,7.191561,2.9266536
8624,KIAA1191,9.454244,9.789099
8625,KIAA1210,9.027178,10.522256
8626,KIAA1217,7.694589,7.4396925
8627,KIAA1328,9.274392,8.650566
8628,KIAA1549,8.733239,9.975259
8629,KIAA1549L,8.741837,10.005308
8630,KIAA1586,10.358571,7.2436147
8631,KIAA1614,9.282063,10.237966
8632,KIAA1671,9.237553,10.106881
8633,KIAA1755,9.611208,9.379002
8634,KIAA1958,10.558388,10.292396
8635,KIAA2012,9.712829,11.214986
8636,KIAA2013,11.80181,8.041409
8637,KICS2,10.941873,11.231175
8638,KIDINS220,9.52466,6.229122
8639,KIF11,9.206034,4.7863464
8640,KIF12,11.151799,6.3020205
8641,KIF13A,9.0159645,5.3284354
8642,KIF13B,8.582337,4.151452
8643,KIF14,10.472239,8.827686
8644,KIF15,9.816115,8.145281
8645,KIF16B,8.658672,3.2421577
8646,KIF17,8.673587,4.604984
8647,KIF18A,9.668758,6.1216187
8648,KIF18B,8.570752,6.416803
8649,KIF19,8.794071,6.289234
8650,KIF1A,7.1721134,2.5620928
8651,KIF1B,7.922841,3.3062716
8652,KIF1C,8.285445,3.939094
8653,KIF20A,9.681434,6.33362
8654,KIF20B,9.919946,8.65648
8655,KIF21A,7.4311337,2.9463856
8656,KIF21B,7.4144807,2.991472
8657,KIF22,10.723281,5.323939
8658,KIF23,8.894952,4.8134274
8659,KIF24,9.39491,9.074205
8660,KIF25,10.824621,5.095309
8661,KIF25-AS1,9.834928,14.196867
8662,KIF26A,8.262613,7.6897044
8663,KIF26B,8.223512,7.6668706
8664,KIF27,9.829449,7.5918856
8665,KIF28P,10.510948,6.515711
8666,KIF2A,7.0823536,1.7065473
8667,KIF2B,9.6621,5.3518176
8668,KIF2C,8.757145,4.2556777
8669,KIF3A,8.0741825,1.9986862
8670,KIF3B,8.091985,2.0422626
8671,KIF3C,8.210723,2.2292402
8672,KIF4A,8.8635235,4.5511904
8673,KIF4B,8.901308,4.7389026
8674,KIF5A,7.317684,2.610379
8675,KIF5B,7.2281218,2.22623
8676,KIF5C,7.210533,2.1883347
8677,KIF6,8.796093,3.1324916
8678,KIF7,9.551544,6.406519
8679,KIF9,9.95859,4.4047236
8680,KIFAP3,9.231742,4.0845566
8681,KIFBP,10.912473,7.284123
8682,KIFC1,9.4279995,4.94175
8683,KIFC2,11.334358,6.8019786
8684,KIFC3,9.168455,4.3149986
8685,KIN,7.7997956,2.2239048
8686,KIR2DL1,15.549821,6.300682
8687,KIR2DL2,15.501849,6.253946
8688,KIR2DL3,15.550399,6.30036
8689,KIR2DL4,15.512419,6.296516
8690,KIR2DL5A,15.543832,6.299721
8691,KIR2DL5B,15.527718,6.2912893
8692,KIR2DP1,15.553097,6.2992663
8693,KIR2DS1,15.547219,6.3032355
8694,KIR2DS2,15.574476,6.3256607
8695,KIR2DS3,15.5524435,6.314435
8696,KIR2DS4,15.545902,6.303726
8697,KIR2DS5,15.560505,6.3110867
8698,KIR3DL1,15.559286,6.306841
8699,KIR3DL2,15.556087,6.3041763
8700,KIR3DL3,15.557529,6.307924
8701,KIR3DP1,15.552501,6.3106756
8702,KIR3DS1,15.540676,6.298556
8703,KIR3DX1,15.31635,6.260463
8704,KIRREL1,13.450726,5.7443013
8705,KIRREL2,12.279952,6.2643437
8706,KIRREL3,13.3344555,6.572975
8707,KIRREL3-AS3,10.056152,14.717734
8708,KISS1,9.389717,9.084959
8709,KISS1R,13.385627,1.536338
8710,KIT,13.618435,6.2589226
8711,KITLG,12.944031,7.4231706
8712,KIZ,9.769211,10.716756
8713,KL,13.989671,4.8386803
8714,KLB,13.988995,4.8104434
8715,KLC1,6.9805245,2.5510063
8716,KLC2,7.1617165,3.598079
8717,KLC3,7.8386564,4.313118
8718,KLC4,7.3930564,3.6449473
8719,KLF1,7.3556843,6.8498864
8720,KLF10,7.5936594,6.491027
8721,KLF11,7.56654,6.144023
8722,KLF12,7.142239,5.951436
8723,KLF13,5.991183,4.973995
8724,KLF14,7.7465153,7.5831447
8725,KLF15,6.5634313,5.0044684
8726,KLF16,6.3599753,5.355478
8727,KLF17,8.898065,9.549715
8728,KLF18,7.6930413,9.60629
8729,KLF2,5.932977,5.1638365
8730,KLF3,7.0912595,5.9459467
8731,KLF4,7.262588,6.8256836
8732,KLF5,6.7216034,5.7481546
8733,KLF6,6.8791018,4.635091
8734,KLF7,6.231977,3.896441
8735,KLF8,6.991595,5.816608
8736,KLF9,7.134825,4.7686176
8737,KLHDC1,10.964521,6.4527397
8738,KLHDC10,11.012799,6.0771847
8739,KLHDC2,10.994592,6.157495
8740,KLHDC3,9.819906,3.4717138
8741,KLHDC4,8.682997,3.2640955
8742,KLHDC7A,9.070039,7.259485
8743,KLHDC7B,9.155252,6.92618
8744,KLHDC8A,10.983975,6.152319
8745,KLHDC8B,11.173721,5.818578
8746,KLHDC9,11.308008,6.3859725
8747,KLHL1,10.844802,5.8918567
8748,KLHL10,9.956952,2.9170847
8749,KLHL11,11.016647,7.3334184
8750,KLHL12,10.085597,2.9780324
8751,KLHL13,10.9921875,6.123489
8752,KLHL14,10.946972,6.198872
8753,KLHL15,11.004631,6.7975283
8754,KLHL17,10.367673,3.1532567
8755,KLHL18,10.051124,2.7723036
8756,KLHL2,9.947867,2.6332433
8757,KLHL20,10.032403,2.8621225
8758,KLHL21,11.203422,5.7039304
8759,KLHL22,10.979936,6.16195
8760,KLHL23,11.00935,6.446705
8761,KLHL24,10.963301,6.038983
8762,KLHL25,10.9571495,6.001555
8763,KLHL26,11.027823,5.852966
8764,KLHL28,10.952327,5.8704433
8765,KLHL29,9.575235,6.889274
8766,KLHL3,9.864876,2.5012856
8767,KLHL30,11.197044,5.845605
8768,KLHL30-AS1,9.40816,13.915102
8769,KLHL31,10.977388,6.226246
8770,KLHL32,10.993159,6.16926
8771,KLHL33,11.208291,5.838303
8772,KLHL34,11.22628,5.8221307
8773,KLHL35,11.178677,5.4521327
8774,KLHL36,10.963102,6.1763196
8775,KLHL38,10.982515,6.1182804
8776,KLHL4,10.862201,6.016076
8777,KLHL40,10.993402,6.773077
8778,KLHL41,10.992555,6.9068437
8779,KLHL42,11.138748,7.357282
8780,KLHL5,10.896258,6.042538
8781,KLHL6,10.943215,6.0976605
8782,KLHL7,10.996037,6.15142
8783,KLHL8,10.965623,5.921025
8784,KLHL9,10.958937,6.095553
8785,KLK1,14.539061,5.372677
8786,KLK10,13.7774105,5.9363794
8787,KLK11,14.533353,5.3804083
8788,KLK12,14.552236,5.375424
8789,KLK13,14.500375,5.405122
8790,KLK14,14.561691,5.3809834
8791,KLK15,14.559783,5.3795047
8792,KLK2,14.542232,5.4019265
8793,KLK3,14.574588,5.3680234
8794,KLK4,14.54053,5.379737
8795,KLK5,14.536641,5.393254
8796,KLK6,14.539001,5.3792033
8797,KLK7,14.549127,5.384632
8798,KLK8,14.559589,5.3763995
8799,KLK9,14.529289,5.4466224
8800,KLKB1,13.82399,6.5485306
8801,KLKP1,9.810385,14.0503235
8802,KLLN,9.456048,14.061491
8803,KLRB1,15.009081,6.3740296
8804,KLRC1,15.387651,5.9892154
8805,KLRC2,15.569319,6.0466924
8806,KLRC3,15.557176,6.0749197
8807,KLRC4,15.457332,6.149705
8808,KLRD1,15.298963,6.1066375
8809,KLRF1,14.913311,6.489746
8810,KLRF2,14.912674,6.4983697
8811,KLRG1,14.806196,6.54896
8812,KLRG2,9.130091,8.956564
8813,KLRK1,14.894041,6.524104
8814,KMO,10.319594,1.9694321
8815,KMT2A,8.648291,8.510472
8816,KMT2B,8.543698,8.412608
8817,KMT2C,8.645599,8.462106
8818,KMT2D,8.3088455,8.708382
8819,KMT2E,8.886814,9.260668
8820,KMT5A,8.783824,6.666013
8821,KMT5B,8.951027,8.213893
8822,KMT5C,8.129816,6.315083
8823,KNCN,10.524934,11.053738
8824,KNDC1,9.633402,8.765861
8825,KNG1,13.139512,6.6317563
8826,KNL1,9.636503,10.815898
8827,KNOP1,8.364787,6.688559
8828,KNSTRN,9.875337,9.315477
8829,KNTC1,10.979251,10.220389
8830,KPLCE,20.479784,7.704642
8831,KPNA1,8.203901,1.269665
8832,KPNA2,8.224503,1.2693312
8833,KPNA3,8.363765,1.3452178
8834,KPNA4,8.377233,1.3122613
8835,KPNA5,8.298895,1.2937826
8836,KPNA6,8.241014,1.2273641
8837,KPNA7,10.138045,4.2667904
8838,KPNB1,8.678918,2.5619783
8839,KPRP,8.609371,9.569387
8840,KPTN,10.299059,4.4381466
8841,KRAS,6.9328175,0.20083487
8842,KRBA1,9.290958,10.22073
8843,KRBA2,10.341464,7.3029947
8844,KRBOX1,13.870966,14.337683
8845,KRBOX4,14.044461,14.394425
8846,KRBOX5,14.032706,14.386208
8847,KRCC1,9.739108,10.479071
8848,KREMEN1,12.881155,6.5019593
8849,KREMEN2,12.061361,6.2050343
8850,KRI1,7.943809,4.045116
8851,KRIT1,11.066649,8.882778
8852,KRR1,8.122539,2.7999444
8853,KRT1,16.510328,-0.67881316
8854,KRT10,16.502314,-0.6691545
8855,KRT10-AS1,9.796767,14.023674
8856,KRT12,16.532003,-0.6953324
8857,KRT13,16.515871,-0.6830621
8858,KRT14,16.487442,-0.6634899
8859,KRT15,16.50453,-0.673369
8860,KRT16,16.463337,-0.6358205
8861,KRT17,16.489698,-0.66675293
8862,KRT18,16.492142,-0.6698751
8863,KRT19,16.42525,-0.60090953
8864,KRT2,16.515606,-0.6820712
8865,KRT20,16.573055,-0.7302796
8866,KRT222,8.921319,5.0813217
8867,KRT23,16.615833,-0.76390195
8868,KRT24,16.47394,-0.6513285
8869,KRT25,16.619137,-0.7663425
8870,KRT26,16.659636,-0.8062414
8871,KRT27,16.59446,-0.7447159
8872,KRT28,16.614489,-0.7625829
8873,KRT3,16.511585,-0.6800234
8874,KRT31,16.636585,-0.7835077
8875,KRT32,16.5797,-0.7270322
8876,KRT33A,16.646204,-0.7940129
8877,KRT33B,16.63779,-0.78463906
8878,KRT34,16.59625,-0.741418
8879,KRT35,16.610687,-0.75837755
8880,KRT36,16.614119,-0.7615502
8881,KRT37,16.625202,-0.7716711
8882,KRT38,16.626705,-0.7729778
8883,KRT39,16.627863,-0.7743685
8884,KRT4,16.541607,-0.7037482
8885,KRT40,16.626184,-0.77245593
8886,KRT5,16.507555,-0.676962
8887,KRT6A,16.507889,-0.67820317
8888,KRT6B,16.498049,-0.66810745
8889,KRT6C,16.504871,-0.67469203
8890,KRT7,16.554317,-0.7165543
8891,KRT71,16.553879,-0.713617
8892,KRT72,16.567528,-0.72441584
8893,KRT73,16.556385,-0.71394277
8894,KRT74,16.55799,-0.7163462
8895,KRT75,16.521433,-0.6886518
8896,KRT76,16.519331,-0.68592256
8897,KRT77,16.529827,-0.68841225
8898,KRT78,16.574232,-0.7283709
8899,KRT79,16.550789,-0.7133963
8900,KRT8,6.4741173,0.7016389
8901,KRT80,16.570248,-0.72289926
8902,KRT81,16.624548,-0.7758157
8903,KRT82,16.595564,-0.74807245
8904,KRT83,16.61703,-0.768054
8905,KRT84,16.589323,-0.7428553
8906,KRT85,16.618979,-0.77000165
8907,KRT86,16.623003,-0.77387196
8908,KRT87P,16.578056,-0.73254925
8909,KRT9,16.509409,-0.67579913
8910,KRTAP1-1,20.492937,7.7241035
8911,KRTAP1-3,20.49302,7.729231
8912,KRTAP1-4,20.505104,7.72653
8913,KRTAP1-5,20.498322,7.7262573
8914,KRTAP10-1,20.58523,7.844158
8915,KRTAP10-10,20.601446,7.8437247
8916,KRTAP10-11,20.580881,7.834862
8917,KRTAP10-12,20.584003,7.8393393
8918,KRTAP10-2,20.576185,7.825098
8919,KRTAP10-3,20.584812,7.843215
8920,KRTAP10-4,20.584259,7.841722
8921,KRTAP10-5,20.575695,7.8242035
8922,KRTAP10-6,20.580826,7.8336177
8923,KRTAP10-7,20.582773,7.8364825
8924,KRTAP10-8,20.54098,7.763619
8925,KRTAP10-9,20.581715,7.8356533
8926,KRTAP11-1,20.49611,7.692177
8927,KRTAP12-1,20.547686,7.778315
8928,KRTAP12-2,20.554686,7.789634
8929,KRTAP12-3,20.545128,7.758341
8930,KRTAP12-4,20.551079,7.763697
8931,KRTAP13-1,20.526266,7.667246
8932,KRTAP13-2,20.522337,7.6626463
8933,KRTAP13-3,20.520103,7.5871778
8934,KRTAP13-4,20.527294,7.5399384
8935,KRTAP15-1,20.513832,7.6220703
8936,KRTAP16-1,20.49236,7.7000866
8937,KRTAP17-1,20.628063,6.69423
8938,KRTAP19-1,20.568815,7.233774
8939,KRTAP19-2,20.533663,7.375604
8940,KRTAP19-3,20.575327,7.207271
8941,KRTAP19-4,20.503208,7.440383
8942,KRTAP19-5,20.56919,7.246086
8943,KRTAP19-6,20.557417,7.302767
8944,KRTAP19-7,20.532377,7.3182783
8945,KRTAP19-8,20.572813,7.2242775
8946,KRTAP2-1,20.472878,7.7335596
8947,KRTAP2-2,20.462175,7.693639
8948,KRTAP2-3,20.480412,7.719501
8949,KRTAP2-4,20.480696,7.719127
8950,KRTAP20-1,20.568775,7.2437716
8951,KRTAP20-2,20.559519,7.2884655
8952,KRTAP20-3,20.513922,7.414707
8953,KRTAP20-4,8.849166,13.892799
8954,KRTAP21-1,20.590837,7.092377
8955,KRTAP21-2,20.595367,7.087198
8956,KRTAP21-3,9.792265,9.442098
8957,KRTAP22-1,20.510157,7.417361
8958,KRTAP22-2,20.501863,7.4608364
8959,KRTAP23-1,20.487389,7.421906
8960,KRTAP24-1,20.492214,7.6589646
8961,KRTAP25-1,20.49615,7.6315546
8962,KRTAP26-1,20.494427,7.6668897
8963,KRTAP27-1,20.492058,7.6500316
8964,KRTAP29-1,20.493496,7.663748
8965,KRTAP3-1,20.48855,7.643844
8966,KRTAP3-2,20.484882,7.646633
8967,KRTAP3-3,20.466461,7.6924706
8968,KRTAP4-1,3.3998063,-4.128495
8969,KRTAP4-11,3.3997931,-4.128525
8970,KRTAP4-12,3.3991659,-4.128914
8971,KRTAP4-16,20.545546,7.752885
8972,KRTAP4-2,3.3989387,-4.129071
8973,KRTAP4-3,3.4002874,-4.128256
8974,KRTAP4-4,3.3989725,-4.1291533
8975,KRTAP4-5,3.3989909,-4.129148
8976,KRTAP4-6,3.3987892,-4.1293564
8977,KRTAP4-7,3.3987558,-4.1293797
8978,KRTAP4-8,3.398679,-4.129454
8979,KRTAP4-9,3.3998103,-4.1287045
8980,KRTAP5-1,20.60917,4.474478
8981,KRTAP5-10,20.607985,4.4673533
8982,KRTAP5-11,20.613207,4.4584036
8983,KRTAP5-2,20.61216,4.4622564
8984,KRTAP5-3,20.613388,4.4576397
8985,KRTAP5-4,20.60891,4.4701586
8986,KRTAP5-5,20.613089,4.457937
8987,KRTAP5-6,20.613285,4.4726872
8988,KRTAP5-7,20.613073,4.459876
8989,KRTAP5-8,20.61905,4.4517865
8990,KRTAP5-9,20.614908,4.457258
8991,KRTAP6-1,20.562086,7.203513
8992,KRTAP6-2,20.54751,7.335599
8993,KRTAP6-3,20.54979,7.3168225
8994,KRTAP7-1,20.500597,7.5954423
8995,KRTAP8-1,20.510805,7.524823
8996,KRTAP9-1,20.50492,7.740481
8997,KRTAP9-2,20.509466,7.746054
8998,KRTAP9-3,20.507874,7.743975
8999,KRTAP9-4,20.539381,7.7755246
9000,KRTAP9-6,20.505405,7.740256
9001,KRTAP9-7,20.50929,7.746214
9002,KRTAP9-8,20.507433,7.744102
9003,KRTAP9-9,20.509344,7.746002
9004,KRTCAP2,11.764573,1.6162771
9005,KRTCAP3,12.749318,1.8945867
9006,KRTDAP,9.905867,9.794351
9007,KSR1,8.646125,5.1327252
9008,KSR2,8.589626,5.1286516
9009,KTI12,9.711696,5.177358
9010,KTN1,9.763554,8.146046
9011,KTN1-AS1,9.0226345,13.640508
9012,KXD1,7.3994675,3.7104394
9013,KY,10.847638,7.677495
9014,KYAT1,10.239491,1.9478135
9015,KYAT3,10.01399,1.7441221
9016,KYNU,9.935609,1.5632453
9017,L1CAM,13.596512,5.607145
9018,L1RE1,9.168183,5.170475
9019,L1TD1,9.912671,10.456112
9020,L2HGDH,9.688574,1.4207876
9021,L3HYPDH,9.773142,1.6799033
9022,L3MBTL1,9.514357,8.237109
9023,L3MBTL2,9.34737,4.8406396
9024,L3MBTL3,9.203133,5.557017
9025,L3MBTL4,9.580471,5.077002
9026,LACC1,11.030775,7.100638
9027,LACRT,9.581258,9.834215
9028,LACTB,10.716976,4.0573053
9029,LACTB2,9.879721,1.5723889
9030,LACTBL1,11.965288,5.9913373
9031,LAD1,7.9648347,7.581007
9032,LAG3,12.14999,6.557421
9033,LAGE3,7.8201337,5.450361
9034,LAIR1,4.0404325,1.5184934
9035,LAIR2,15.381052,6.218735
9036,LALBA,13.8632965,6.139819
9037,LAMA1,13.417001,5.64272
9038,LAMA2,13.4645,5.59362
9039,LAMA3,13.247446,5.724591
9040,LAMA4,13.562516,6.934156
9041,LAMA5,12.746317,5.5043893
9042,LAMB1,13.487571,5.571302
9043,LAMB2,12.694241,5.6088247
9044,LAMB3,13.128106,5.898938
9045,LAMB4,13.355102,5.683222
9046,LAMC1,13.474425,5.5038624
9047,LAMC2,13.265333,5.841613
9048,LAMC3,12.578152,5.6541376
9049,LAMP1,13.464314,5.1712813
9050,LAMP2,13.633488,5.1168785
9051,LAMP3,12.795371,6.9103694
9052,LAMP5,13.224967,4.8511558
9053,LAMTOR1,6.9578395,3.3680546
9054,LAMTOR2,6.9542003,0.8222832
9055,LAMTOR3,6.859612,0.72443634
9056,LAMTOR4,7.48785,0.9686544
9057,LAMTOR5,6.9246435,0.7905689
9058,LANCL1,10.316592,2.653472
9059,LANCL2,10.404141,3.081973
9060,LANCL3,10.460755,3.1587887
9061,LAP3,9.902671,1.4971302
9062,LAPTM4A,12.045729,2.1138995
9063,LAPTM4B,12.254226,2.5159636
9064,LAPTM5,13.426331,2.8020396
9065,LARGE1,13.242631,4.5832562
9066,LARGE2,12.20588,4.643319
9067,LARP1,7.445741,5.8251247
9068,LARP1B,7.4094386,4.7171764
9069,LARP4,7.069501,5.1311855
9070,LARP4B,6.5726285,4.6120133
9071,LARP6,8.784338,5.4766746
9072,LARP7,8.665116,4.747508
9073,LARS1,9.357776,2.1699996
9074,LARS2,10.437479,2.6005602
9075,LAS1L,10.650649,10.197501
9076,LAS2,9.904022,9.765675
9077,LASP1,6.4023156,2.5284066
9078,LASP1NB,10.894119,11.227674
9079,LAT,7.694872,5.4678297
9080,LAT2,7.810057,5.5191717
9081,LATS1,8.163919,6.9767323
9082,LATS2,8.183731,6.786969
9083,LAX1,9.805121,10.577069
9084,LAYN,12.766048,6.671622
9085,LBH,7.153245,4.363738
9086,LBHD1,9.300047,10.343218
9087,LBHD2,7.7593913,6.2711287
9088,LBP,13.314595,5.2280674
9089,LBR,12.174947,2.7959898
9090,LBX1,5.5983305,4.2549715
9091,LBX2,7.8643966,5.7551565
9092,LCA10,9.985193,14.385608
9093,LCA5,9.510122,8.470651
9094,LCA5L,9.34653,8.638781
9095,LCAT,12.749481,4.913407
9096,LCE1A,2.4687264,9.290373
9097,LCE1B,2.4691615,9.290032
9098,LCE1C,2.463811,9.294079
9099,LCE1D,2.4618797,9.295481
9100,LCE1E,2.466859,9.292264
9101,LCE1F,2.450511,9.307476
9102,LCE2A,2.4687724,9.290766
9103,LCE2B,2.4735973,9.288107
9104,LCE2C,2.4739985,9.287329
9105,LCE2D,2.4689834,9.2900095
9106,LCE3A,2.4850245,9.281411
9107,LCE3B,2.482079,9.283368
9108,LCE3C,2.4858105,9.280918
9109,LCE3D,2.478962,9.284116
9110,LCE3E,2.4738057,9.286211
9111,LCE4A,2.4949756,9.273372
9112,LCE5A,2.4682772,9.290711
9113,LCE6A,2.5091608,9.267177
9114,LCE7A,2.4967418,9.276596
9115,LCK,8.87711,2.0497465
9116,LCLAT1,12.189574,2.6560292
9117,LCMT1,9.519292,2.481014
9118,LCMT2,10.97229,5.149216
9119,LCN1,14.397663,5.802067
9120,LCN10,15.17107,5.8651533
9121,LCN12,12.334061,5.4751563
9122,LCN15,14.741749,5.4132376
9123,LCN1P1,14.371221,5.86476
9124,LCN2,14.652212,5.8440046
9125,LCN6,14.87833,5.7521486
9126,LCN8,14.860318,5.791141
9127,LCN9,13.989269,6.06978
9128,LCNL1,12.197173,7.102544
9129,LCOR,7.7757454,7.432271
9130,LCORL,8.995626,7.2470846
9131,LCP1,8.926992,2.457279
9132,LCP2,7.702796,6.637556
9133,LCT,13.951996,4.537735
9134,LCTL,13.704949,4.2315173
9135,LDAF1,11.688076,1.1833193
9136,LDAH,11.353548,3.2487845
9137,LDB1,6.8219543,4.2377863
9138,LDB2,6.452131,3.224317
9139,LDB3,6.664716,4.3217216
9140,LDHA,7.999804,0.7087138
9141,LDHAL6A,9.464121,1.1866297
9142,LDHAL6B,10.080256,1.7259023
9143,LDHB,8.0976305,0.6885887
9144,LDHC,8.871514,0.92955625
9145,LDHD,9.812017,1.6939008
9146,LDLR,13.404356,5.4400153
9147,LDLRAD1,12.712098,5.9204493
9148,LDLRAD2,12.115993,5.609035
9149,LDLRAD3,12.990994,6.5992002
9150,LDLRAD4,7.086332,4.2105055
9151,LDLRAP1,7.0669546,2.6782315
9152,LDOC1,10.338285,6.7705607
9153,LEAP2,12.919216,4.696418
9154,LECT2,13.809488,4.573316
9155,LEF1,5.771608,4.0055785
9156,LEFTY1,12.061801,5.3607397
9157,LEFTY2,12.059968,5.364707
9158,LEG1,10.678555,11.653064
9159,LEKR1,9.749254,8.133055
9160,LELP1,8.321791,9.287408
9161,LEMD1,8.70302,6.0190973
9162,LEMD2,8.287739,4.569127
9163,LEMD3,8.382057,6.4540877
9164,LENEP,9.197699,13.677355
9165,LENG1,7.722855,3.7804196
9166,LENG8,7.7625465,6.3262215
9167,LENG9,8.790413,6.772489
9168,LEO1,6.6141977,3.1565475
9169,LEP,13.650169,6.2877846
9170,LEPR,12.561038,7.9713855
9171,LEPROT,12.139033,2.0178008
9172,LEPROTL1,12.099184,1.9934449
9173,LETM1,8.649483,3.5152428
9174,LETM2,9.018617,5.1268506
9175,LETMD1,12.031761,2.2051544
9176,LEUTX,10.613556,9.94815
9177,LFNG,11.738857,3.9484317
9178,LGALS1,8.861302,1.6877024
9179,LGALS12,11.133837,5.389989
9180,LGALS13,10.562897,4.09122
9181,LGALS14,10.4992,4.080955
9182,LGALS16,10.48702,4.088694
9183,LGALS2,8.875415,1.7028035
9184,LGALS3,6.6980276,3.9818265
9185,LGALS3BP,13.1202965,7.2348547
9186,LGALS4,7.42723,3.3845375
9187,LGALS7,9.3727,1.789823
9188,LGALS7B,9.360779,1.8518815
9189,LGALS8,10.283141,3.698692
9190,LGALS9,7.3832245,3.443129
9191,LGALS9B,7.4427953,3.4904587
9192,LGALS9C,7.4235578,3.4675314
9193,LGALSL,8.212177,1.6094538
9194,LGI1,13.418972,7.582974
9195,LGI2,13.464319,7.5908875
9196,LGI3,13.013649,6.471735
9197,LGI4,12.770743,6.3419514
9198,LGMN,11.049285,2.4474368
9199,LGR4,13.035803,6.6335487
9200,LGR5,13.225692,6.486249
9201,LGR6,12.302413,6.2285647
9202,LGSN,10.951505,6.9137163
9203,LHB,14.079622,7.9748416
9204,LHCGR,13.01925,3.2536383
9205,LHFPL1,12.607076,1.5289637
9206,LHFPL2,12.165304,1.7645038
9207,LHFPL3,11.425408,0.87113285
9208,LHFPL4,11.574322,1.160872
9209,LHFPL5,12.037879,1.5348257
9210,LHFPL6,11.943672,0.798167
9211,LHFPL7,13.616088,2.6902068
9212,LHPP,9.12893,1.253416
9213,LHX1,6.012504,3.634274
9214,LHX2,6.0482717,3.6166327
9215,LHX3,5.997882,3.6680183
9216,LHX4,6.0532107,3.5908895
9217,LHX5,5.9691925,3.5282526
9218,LHX6,7.3564706,4.7544346
9219,LHX8,7.339662,4.8180666
9220,LHX9,6.03996,3.676166
9221,LIAS,9.01968,0.9952474
9222,LIAT1,7.685852,9.265487
9223,LIF,13.484793,6.6083097
9224,LIFR,13.254008,7.3374896
9225,LIG1,8.456757,3.4623694
9226,LIG3,9.4265175,3.8159757
9227,LIG4,10.449642,5.684306
9228,LILRA1,4.0124373,1.500586
9229,LILRA2,4.013847,1.501742
9230,LILRA3,4.012137,1.5006899
9231,LILRA4,4.0164866,1.505092
9232,LILRA5,4.01192,1.5016805
9233,LILRA6,4.0055485,1.4959769
9234,LILRB1,4.0225053,1.5087171
9235,LILRB2,4.0183263,1.5063257
9236,LILRB3,4.013535,1.5021553
9237,LILRB4,4.0306826,1.5163547
9238,LILRB5,4.020914,1.5075829
9239,LIM2,12.721522,1.2157929
9240,LIMA1,8.224928,6.331439
9241,LIMCH1,6.348669,2.8449063
9242,LIMD1,7.729912,6.5054955
9243,LIMD2,6.968155,2.948152
9244,LIME1,8.565184,7.6250043
9245,LIMK1,9.287464,3.8265772
9246,LIMK2,10.060987,4.5727005
9247,LIMS1,7.786198,1.1013312
9248,LIMS2,7.8296013,1.1449832
9249,LIMS3,10.27765,9.343732
9250,LIMS4,10.300277,9.364423
9251,LIN28A,7.7741556,4.602988
9252,LIN28B,7.9770913,4.808142
9253,LIN37,10.178834,11.248421
9254,LIN52,6.8148613,1.4848001
9255,LIN54,6.3954363,5.0251107
9256,LIN7A,7.348812,2.4304037
9257,LIN7B,7.310525,2.401914
9258,LIN7C,7.3904986,2.3653128
9259,LIN9,10.076064,6.9398246
9260,LINC-PINT,9.449517,14.09339
9261,LINC00052,9.505162,13.729426
9262,LINC00114,9.748348,14.109349
9263,LINC00158,9.151426,13.642688
9264,LINC00173,9.490424,14.004084
9265,LINC00208,9.711602,14.107018
9266,LINC00242,9.533998,14.127867
9267,LINC00269,10.489212,13.387576
9268,LINC00299,9.321429,13.749955
9269,LINC00301,9.409278,13.37173
9270,LINC00303,9.383149,13.994607
9271,LINC00304,10.064326,13.746535
9272,LINC00305,9.32161,13.58824
9273,LINC00308,10.338975,13.30477
9274,LINC00310,9.328873,13.899961
9275,LINC00311,9.994585,14.228221
9276,LINC00312,9.322817,13.638861
9277,LINC00313,9.36834,13.330643
9278,LINC00315,9.868965,14.321547
9279,LINC00322,10.044899,14.245542
9280,LINC00336,10.123217,13.8242035
9281,LINC00469,9.537907,13.952347
9282,LINC00470,9.2184305,13.537858
9283,LINC00471,9.827439,12.544719
9284,LINC00472,10.053516,14.75772
9285,LINC00473,9.565588,14.1288
9286,LINC00474,9.102837,13.64591
9287,LINC00477,9.591774,14.0009365
9288,LINC00479,9.547807,13.986876
9289,LINC00482,10.061533,14.331409
9290,LINC00518,9.441344,13.429437
9291,LINC00523,9.471944,13.293758
9292,LINC00526,8.931187,13.836888
9293,LINC00528,10.099964,13.881885
9294,LINC00574,10.011372,14.2234955
9295,LINC00575,9.489407,13.996912
9296,LINC00587,9.140767,13.533318
9297,LINC00588,10.029458,14.2495775
9298,LINC00596,10.384981,13.363522
9299,LINC00597,10.213363,12.341359
9300,LINC00612,9.845777,14.485591
9301,LINC00615,9.358408,13.925206
9302,LINC00696,9.844276,14.075164
9303,LINC00862,9.292983,13.647253
9304,LINC00869,10.449921,11.871301
9305,LINC01356,9.893948,14.4099245
9306,LINC01387,9.747479,14.099823
9307,LINC01465,10.028801,14.703539
9308,LINC01545,9.566607,13.197843
9309,LINC01546,8.9140005,13.793441
9310,LINC01547,10.012826,14.342191
9311,LINC01548,9.773324,14.061621
9312,LINC01549,10.359471,13.364727
9313,LINC01551,9.30498,13.611538
9314,LINC01553,9.103755,13.571837
9315,LINC01554,9.596896,14.052044
9316,LINC01555,9.932384,14.17969
9317,LINC01556,8.945767,13.804955
9318,LINC01558,8.919155,13.87745
9319,LINC01559,9.540772,13.278517
9320,LINC01560,9.097915,13.756841
9321,LINC01561,10.014865,14.235436
9322,LINC01565,9.883674,14.138615
9323,LINC01587,9.185847,13.647941
9324,LINC01590,9.293203,14.074575
9325,LINC01599,9.795044,14.062003
9326,LINC01600,9.438605,14.020854
9327,LINC01619,9.358643,13.528736
9328,LINC02218,18.079657,3.00005
9329,LINC02693,10.021618,14.310166
9330,LINC02694,9.793153,14.135991
9331,LINC02872,9.53593,14.007662
9332,LINC02875,10.052995,14.72919
9333,LINC02876,9.316255,13.541526
9334,LINC02877,9.330565,13.60783
9335,LINC02881,9.86969,14.441714
9336,LINC02898,9.567886,13.996903
9337,LINC02901,10.133665,13.858838
9338,LINC02902,9.560419,13.9527445
9339,LINC02906,9.193506,13.892132
9340,LINC02908,10.032026,14.268078
9341,LINC02910,9.3704605,13.561676
9342,LINC02912,9.253654,13.630962
9343,LINC02913,10.114218,14.185776
9344,LINC02914,9.474307,13.987186
9345,LINC02915,9.425894,13.735864
9346,LINC03040,9.862193,14.493797
9347,LINC03041,9.137111,13.7645
9348,LINC03042,9.811846,14.117695
9349,LINC03043,9.084508,13.622514
9350,LINC03122,9.544081,13.293885
9351,LINGO1,13.213597,7.1747108
9352,LINGO2,13.327526,7.492336
9353,LINGO3,12.116057,6.1386466
9354,LINGO4,12.226448,6.2336097
9355,LINS1,10.996832,10.609402
9356,LIPA,13.555855,4.002161
9357,LIPC,13.552557,4.7836647
9358,LIPE,8.945915,6.8833685
9359,LIPF,13.527099,4.0246134
9360,LIPG,13.55325,4.79086
9361,LIPH,13.60236,4.837595
9362,LIPI,13.600973,5.015336
9363,LIPJ,13.535627,3.9899733
9364,LIPK,13.536863,4.0150933
9365,LIPM,13.456855,3.9501607
9366,LIPN,13.601055,4.094747
9367,LIPT1,10.600351,4.541286
9368,LIPT2,10.873806,3.2466328
9369,LITAF,6.8318195,4.0474267
9370,LITAFD,11.135389,1.6586641
9371,LIX1,10.760409,8.168308
9372,LIX1L,9.019864,6.961983
9373,LKAAEAR1,9.793516,12.232735
9374,LLCFC1,9.818243,12.247029
9375,LLGL1,10.676581,6.568928
9376,LLGL2,10.734299,6.611072
9377,LLPH,7.372691,3.1893404
9378,LMAN1,12.95922,4.458062
9379,LMAN1L,11.912218,6.5149064
9380,LMAN2,13.006947,4.3709702
9381,LMAN2L,12.685124,4.0750904
9382,LMBR1,11.958875,1.8813976
9383,LMBR1L,11.956579,1.731065
9384,LMBRD1,12.353025,2.6574755
9385,LMBRD2,12.286808,2.5737982
9386,LMCD1,9.443695,5.254712
9387,LMF1,12.059143,1.43902
9388,LMF2,13.021992,2.098812
9389,LMLN,13.264354,6.377479
9390,LMNA,7.564616,2.916911
9391,LMNB1,7.487356,2.6198742
9392,LMNB2,7.6342254,3.115018
9393,LMNTD1,10.177699,9.300056
9394,LMNTD2,9.530667,8.7419
9395,LMO1,6.58611,0.021834658
9396,LMO2,7.4926777,0.76017
9397,LMO3,6.577763,0.008030983
9398,LMO4,6.979704,1.2469113
9399,LMO7,7.2520356,4.433129
9400,LMO7DN,10.254235,13.466966
9401,LMOD1,7.209344,3.9455438
9402,LMOD2,7.4656677,3.9571877
9403,LMOD3,7.8876257,4.105859
9404,LMTK2,9.047793,9.031607
9405,LMTK3,8.185979,7.5824194
9406,LMX1A,6.0295906,3.5105906
9407,LMX1B,6.0362964,3.5506947
9408,LNP1,9.534613,9.984144
9409,LNPEP,14.099508,4.684603
9410,LNPK,7.470205,4.78592
9411,LNX1,9.907732,4.603973
9412,LNX2,9.708804,4.2639027
9413,LOC100288966,9.303139,8.188798
9414,LOC100289470,9.675052,11.416516
9415,LOC100653049,16.620378,-0.76714844
9416,LOC100996750,3.398665,-4.129566
9417,LOC101059915,9.32679,10.36993
9418,LOC102723573,6.342181,-0.6824691
9419,LOC102723971,12.957098,6.9083867
9420,LOC102724250,7.55412,9.720096
9421,LOC102724971,-0.30227786,3.851516
9422,LOC102725191,8.968359,13.664182
9423,LOC107984156,10.070775,9.472379
9424,LOC107987545,9.184845,9.742185
9425,LOC112267897,20.594114,7.0597286
9426,LOC112268384,7.6486974,-8.923514
9427,LOC112268390,16.393192,9.570662
9428,LOC112694756,9.306565,9.940134
9429,LOC114841035,9.1611805,10.711365
9430,LOC122319696,9.861397,11.549974
9431,LOC122394732,10.36269,12.25781
9432,LOC122455340,9.283325,10.335232
9433,LOC122455342,9.147672,10.313247
9434,LOC122513141,11.463934,7.0982165
9435,LOC122526780,9.132997,10.536781
9436,LOC122539214,14.450321,14.976707
9437,LOC124905359,14.406334,-7.317897
9438,LOC124905412,1.4113835,18.160263
9439,LOC124905483,9.512093,9.093888
9440,LOC124905558,7.5495625,9.693963
9441,LOC124905564,7.7683434,9.538606
9442,LOC124906262,10.432925,8.542483
9443,LOC124907096,9.608878,12.75455
9444,LOC127898562,8.883187,13.938871
9445,LOC127898563,8.877072,13.923707
9446,LOC127903862,8.767742,13.8336525
9447,LOC127933115,8.8381195,13.7498045
9448,LOC128031832,8.841701,13.820572
9449,LOC128031833,9.937508,12.335215
9450,LOC128031834,8.883051,13.791437
9451,LOC128031835,8.814119,13.921482
9452,LOC128031836,9.039317,13.619684
9453,LOC128031837,8.937987,13.878665
9454,LOC128071544,8.94345,13.9694
9455,LOC128071545,8.883394,13.969514
9456,LOC128071547,9.694199,14.337144
9457,LOC128092246,9.054419,13.687539
9458,LOC128092247,8.92087,13.80093
9459,LOC128092248,8.867839,13.796611
9460,LOC128092249,9.280582,13.822655
9461,LOC128092250,9.567273,12.554614
9462,LOC128092251,8.874274,13.762854
9463,LOC128092252,9.3496,13.918191
9464,LOC128092253,9.054433,13.915924
9465,LOC128125816,10.365515,11.916107
9466,LOC128125817,8.828587,13.936346
9467,LOC128125818,9.199215,13.622536
9468,LOC128125822,9.083981,13.916973
9469,LOC128462377,8.953234,13.639024
9470,LOC128706665,10.465441,7.705448
9471,LOC128706666,10.94202,11.0672655
9472,LOC128966728,15.581404,6.32417
9473,LOC389834,10.011395,14.272649
9474,LOC400499,11.77834,8.080829
9475,LOC440570,9.541198,14.151854
9476,LOC647264,20.590796,7.0877976
9477,LOC728392,10.022939,11.449536
9478,LOC728743,7.500318,8.324282
9479,LOC730098,9.392875,14.00448
9480,LONP1,8.709081,1.7121913
9481,LONP2,10.251109,2.8193815
9482,LONRF1,9.954396,5.735427
9483,LONRF2,10.264595,5.579653
9484,LONRF3,9.59786,5.8318915
9485,LORICRIN,20.60116,4.5105896
9486,LOX,12.782012,5.0739865
9487,LOXHD1,10.811056,6.4509892
9488,LOXL1,12.559332,5.286174
9489,LOXL2,13.67681,5.3858933
9490,LOXL3,13.3091545,5.299224
9491,LOXL4,13.301471,5.3397894
9492,LPA,7.537732,9.702319
9493,LPAL2,13.35204,7.452951
9494,LPAR1,13.136224,1.4259379
9495,LPAR2,13.202788,1.4125994
9496,LPAR3,13.173297,1.5065494
9497,LPAR4,14.034195,1.6066854
9498,LPAR5,13.472434,1.6471813
9499,LPAR6,14.060673,1.5696399
9500,LPCAT1,10.358424,3.1266565
9501,LPCAT2,10.274206,2.976328
9502,LPCAT3,12.2240925,2.0898073
9503,LPCAT4,11.090465,5.3349595
9504,LPGAT1,11.924804,2.4438908
9505,LPIN1,7.435805,3.4603922
9506,LPIN2,7.34202,3.6077156
9507,LPIN3,8.260176,5.4811783
9508,LPL,13.590265,4.644768
9509,LPO,13.415805,4.9649525
9510,LPP,7.118334,5.776784
9511,LPXN,8.774269,4.4862194
9512,LRAT,9.97677,3.6805916
9513,LRATD1,9.607546,6.410091
9514,LRATD2,8.561833,4.625538
9515,LRBA,10.628174,9.112673
9516,LRCH1,8.246073,4.830575
9517,LRCH2,8.117534,4.849636
9518,LRCH3,6.749492,3.4380686
9519,LRCH4,7.8924146,5.85491
9520,LRCOL1,12.856614,5.287369
9521,LRFN1,12.130212,5.8076577
9522,LRFN2,12.543994,6.1023016
9523,LRFN3,12.024356,5.6492662
9524,LRFN4,11.979671,5.57562
9525,LRFN5,13.228581,6.5407176
9526,LRG1,12.30531,6.2585263
9527,LRGUK,9.788136,5.6771483
9528,LRIF1,9.2803,9.938236
9529,LRIG1,12.991394,6.7917013
9530,LRIG2,13.2111845,7.2003636
9531,LRIG3,13.219849,6.880736
9532,LRIT1,12.35704,6.2370477
9533,LRIT2,13.13422,7.1622024
9534,LRIT3,13.186768,6.544181
9535,LRMDA,8.313175,3.4342134
9536,LRP1,13.6980505,6.033128
9537,LRP10,12.220701,6.3880925
9538,LRP11,12.02415,5.1733127
9539,LRP12,13.274082,7.3492665
9540,LRP1B,13.725566,6.181959
9541,LRP2,13.736482,6.228663
9542,LRP2BP,10.910363,7.031485
9543,LRP3,12.270349,6.418244
9544,LRP4,13.6240225,5.961839
9545,LRP5,13.652274,5.983339
9546,LRP5L,13.324781,6.998033
9547,LRP6,13.697312,6.0266027
9548,LRP8,13.097577,5.3323865
9549,LRPAP1,10.045237,6.971246
9550,LRPPRC,11.030485,8.108637
9551,LRR1,10.586463,5.956208
9552,LRRC1,9.05643,2.6408734
9553,LRRC10,10.872768,6.336099
9554,LRRC10B,11.294177,5.7561026
9555,LRRC14,11.157922,5.0716953
9556,LRRC14B,11.336545,7.401663
9557,LRRC15,13.20186,7.4620733
9558,LRRC17,13.375059,7.7140336
9559,LRRC18,10.541275,6.2625194
9560,LRRC19,13.468924,7.6098585
9561,LRRC2,10.655252,6.2048674
9562,LRRC20,8.633457,1.9880458
9563,LRRC23,9.424061,3.345076
9564,LRRC24,12.003366,5.7135377
9565,LRRC25,12.224066,6.8438497
9566,LRRC26,11.967428,5.750088
9567,LRRC27,9.460501,6.7283435
9568,LRRC28,10.148261,3.529794
9569,LRRC3,12.361304,5.4729805
9570,LRRC30,10.898738,6.3049755
9571,LRRC31,11.096701,8.1584015
9572,LRRC32,12.331925,6.2752213
9573,LRRC34,10.762609,6.5229287
9574,LRRC36,9.847256,9.158469
9575,LRRC37A,8.710671,10.21286
9576,LRRC37A2,8.724113,10.2516365
9577,LRRC37A3,8.739201,10.207847
9578,LRRC37A5P,10.259854,12.404484
9579,LRRC37B,8.736067,10.178426
9580,LRRC38,12.319311,6.3362746
9581,LRRC39,9.611827,3.4117012
9582,LRRC3B,13.447578,5.5060368
9583,LRRC3C,12.2333,5.825524
9584,LRRC4,13.181551,7.49464
9585,LRRC40,9.557064,3.447905
9586,LRRC41,11.297204,8.79849
9587,LRRC42,10.540539,7.8963346
9588,LRRC43,9.359611,6.175038
9589,LRRC45,8.377381,4.6353397
9590,LRRC46,8.821227,6.2080345
9591,LRRC47,11.029533,7.3473296
9592,LRRC49,10.758158,7.872042
9593,LRRC4B,13.213199,7.2634206
9594,LRRC4C,13.17933,7.5900135
9595,LRRC51,9.605837,3.1224859
9596,LRRC52,13.296886,7.5254993
9597,LRRC53,9.73359,10.8917885
9598,LRRC55,12.313839,6.292609
9599,LRRC56,8.624405,7.5510807
9600,LRRC57,9.398867,2.924874
9601,LRRC58,10.52402,3.8120258
9602,LRRC59,8.205431,3.5153296
9603,LRRC61,10.748164,5.233406
9604,LRRC63,10.854841,9.206604
9605,LRRC66,9.982721,10.513274
9606,LRRC69,10.783809,6.112145
9607,LRRC7,8.642908,7.567711
9608,LRRC70,13.072916,7.71202
9609,LRRC71,8.659322,5.2746735
9610,LRRC72,10.268192,6.47826
9611,LRRC73,11.210783,6.421561
9612,LRRC74A,10.632982,6.072107
9613,LRRC74B,10.389926,5.334525
9614,LRRC75A,8.449813,4.358167
9615,LRRC75B,9.335843,5.274627
9616,LRRC8A,12.009432,7.4863834
9617,LRRC8B,11.922856,7.535035
9618,LRRC8C,12.039649,7.4961367
9619,LRRC8D,12.021721,7.5461383
9620,LRRC8E,10.596517,6.2471504
9621,LRRC9,10.999486,8.073782
9622,LRRCC1,10.111237,8.84577
9623,LRRD1,11.193632,7.9230533
9624,LRRFIP1,8.70899,8.082577
9625,LRRFIP2,6.297346,2.729368
9626,LRRIQ1,10.009094,9.913761
9627,LRRIQ3,10.749378,7.9664397
9628,LRRIQ4,10.808251,6.131928
9629,LRRK1,11.078509,7.6260614
9630,LRRK2,11.054277,8.043123
9631,LRRN1,13.423891,7.630946
9632,LRRN2,12.326019,6.2893596
9633,LRRN3,13.402809,7.654557
9634,LRRN4,12.206054,6.600279
9635,LRRN4CL,12.106067,6.0776377
9636,LRRTM1,13.105892,7.309584
9637,LRRTM2,13.175923,7.7330246
9638,LRRTM3,13.13749,7.731255
9639,LRRTM4,13.119978,7.7261033
9640,LRSAM1,8.626426,4.7718086
9641,LRTM1,12.886881,6.1760488
9642,LRTM2,12.499508,5.658944
9643,LRWD1,11.067866,7.02342
9644,LSAMP,13.730879,5.139426
9645,LSG1,8.541275,3.2546015
9646,LSM1,6.73428,0.35758317
9647,LSM10,8.351691,1.7422638
9648,LSM11,8.472727,5.779248
9649,LSM12,9.22054,2.9209723
9650,LSM14A,6.229354,2.9473825
9651,LSM14B,6.2969713,3.0678236
9652,LSM2,7.5426583,0.48347172
9653,LSM3,6.397995,0.37330788
9654,LSM4,6.5230145,2.498913
9655,LSM5,6.828105,0.4772908
9656,LSM6,7.5045943,0.4255706
9657,LSM7,7.4845448,0.403953
9658,LSM8,7.618451,0.579772
9659,LSMEM1,10.547868,9.288692
9660,LSMEM2,8.176545,6.034305
9661,LSP1,7.502601,5.3408885
9662,LSR,7.5740185,6.435532
9663,LSS,10.655611,3.496288
9664,LST1,15.187684,5.7870812
9665,LTA,12.178248,6.1974406
9666,LTA4H,9.932015,1.4929835
9667,LTB,12.105977,5.452497
9668,LTB4R,13.277308,1.5554167
9669,LTB4R2,13.512149,1.7877204
9670,LTBP1,12.861506,5.9814324
9671,LTBP2,12.733948,6.009421
9672,LTBP3,12.751647,6.0247345
9673,LTBP4,12.710293,5.93288
9674,LTBR,12.436356,6.514796
9675,LTC4S,12.467961,1.1158639
9676,LTF,13.292452,4.94356
9677,LTK,12.221458,5.399969
9678,LTN1,11.121026,9.102357
9679,LTO1,6.9969554,1.2614788
9680,LTV1,7.933763,3.5227141
9681,LUC7L,6.6276584,2.7204046
9682,LUC7L2,6.647442,2.8057353
9683,LUC7L3,6.6086307,2.909464
9684,LUM,13.434662,5.580315
9685,LURAP1,7.752991,5.5627003
9686,LURAP1L,6.7995524,3.7947335
9687,LUZP1,9.650282,10.355504
9688,LUZP2,9.493448,7.5505767
9689,LUZP4,8.805718,10.46403
9690,LUZP6,9.060273,13.6368885
9691,LVRN,14.1188135,4.701269
9692,LXN,13.513382,5.1514554
9693,LY6D,12.528476,4.426243
9694,LY6E,12.614596,4.546125
9695,LY6G5B,11.090356,9.840114
9696,LY6G5C,12.908516,7.4119725
9697,LY6G6C,12.960257,6.7612896
9698,LY6G6D,12.588448,7.0553813
9699,LY6G6E,12.683003,6.8370833
9700,LY6G6F,11.804314,7.760405
9701,LY6H,12.213551,4.043043
9702,LY6K,12.940389,6.6680484
9703,LY6L,12.258951,5.4891486
9704,LY6S,12.627831,6.926686
9705,LY75,13.378012,7.4693937
9706,LY86,12.953576,4.547406
9707,LY9,12.979575,7.0823817
9708,LY96,13.64201,5.3895855
9709,LYAR,7.7770715,3.741233
9710,LYG1,13.389499,7.082418
9711,LYG2,13.585527,6.1455107
9712,LYL1,7.2714925,6.2887416
9713,LYN,8.9277525,2.126686
9714,LYNX1,12.931669,5.250093
9715,LYPD1,12.409196,4.165701
9716,LYPD2,12.725725,4.6584134
9717,LYPD3,12.888437,7.472235
9718,LYPD4,12.834013,7.3141375
9719,LYPD5,12.919267,6.8050427
9720,LYPD6,12.48266,4.288764
9721,LYPD6B,13.310699,5.1188626
9722,LYPD8,13.907701,6.2483788
9723,LYPLA1,8.446844,0.7062603
9724,LYPLA2,8.680205,1.0070416
9725,LYPLAL1,8.336815,0.8668206
9726,LYRM1,8.096633,1.9512151
9727,LYRM2,7.375008,1.0500882
9728,LYRM4,7.4596896,0.9011149
9729,LYRM7,8.171293,1.3995451
9730,LYRM9,8.468573,1.5497663
9731,LYSET,10.830794,11.3412
9732,LYSMD1,7.8371677,4.7317915
9733,LYSMD2,7.5381374,4.679703
9734,LYSMD3,8.069853,5.2552924
9735,LYSMD4,8.187547,5.5405955
9736,LYST,10.967274,10.627733
9737,LYVE1,13.031597,6.722415
9738,LYZ,9.26237,1.3892395
9739,LYZL1,14.046486,4.7443185
9740,LYZL2,14.033883,4.755821
9741,LYZL4,14.048495,4.7538314
9742,LYZL6,14.097861,4.6190753
9743,LZIC,7.5000257,2.309716
9744,LZTFL1,9.885974,8.418707
9745,LZTR1,11.018897,6.7554255
9746,LZTS1,8.424082,5.8015614
9747,LZTS2,7.8007336,6.0675473
9748,LZTS3,7.626195,6.063244
9749,M1AP,11.127102,8.263987
9750,M6PR,13.222139,4.6282225
9751,MAB21L1,10.487376,6.2784395
9752,MAB21L2,10.464995,6.238421
9753,MAB21L3,11.01657,7.503846
9754,MAB21L4,11.40546,8.239664
9755,MACC1,10.856178,10.219361
9756,MACF1,9.68545,4.6130085
9757,MACIR,10.110364,11.918031
9758,MACO1,9.300212,6.381518
9759,MACROD1,9.523459,2.0432973
9760,MACROD2,8.27232,4.9816723
9761,MACROH2A1,8.288141,2.1955733
9762,MACROH2A2,8.454482,2.270537
9763,MAD1L1,8.38178,4.7065463
9764,MAD2L1,11.112004,9.315431
9765,MAD2L1BP,9.930151,12.620703
9766,MAD2L2,10.929452,10.636575
9767,MADCAM1,12.198239,6.574685
9768,MADD,9.268326,6.2520733
9769,MAEA,7.693509,1.0269384
9770,MAEL,10.689127,8.395351
9771,MAF,5.255323,4.221783
9772,MAF1,8.604565,3.23043
9773,MAFA,5.4895535,4.5831957
9774,MAFB,5.6116138,4.258123
9775,MAFF,7.781212,4.4678407
9776,MAFG,5.985613,2.711433
9777,MAFIP,10.064903,9.275353
9778,MAFK,6.0074973,2.803864
9779,MAG,13.138074,6.965482
9780,MAGEA1,16.936356,7.7783175
9781,MAGEA10,16.940887,7.7963862
9782,MAGEA11,16.951675,7.7809215
9783,MAGEA12,16.94903,7.782944
9784,MAGEA13P,16.948147,7.7878265
9785,MAGEA2,16.944784,7.777914
9786,MAGEA2B,16.945133,7.7783313
9787,MAGEA3,16.946882,7.78142
9788,MAGEA4,16.93627,7.778131
9789,MAGEA5P,9.730616,11.661138
9790,MAGEA6,16.9482,7.78167
9791,MAGEA8,16.955893,7.780954
9792,MAGEA9,16.94642,7.78982
9793,MAGEA9B,16.947287,7.790649
9794,MAGEB1,16.938156,7.7986727
9795,MAGEB10,16.935736,7.8000345
9796,MAGEB16,16.938585,7.798195
9797,MAGEB17,16.93146,7.7983775
9798,MAGEB18,16.938837,7.7951436
9799,MAGEB2,16.937012,7.801296
9800,MAGEB3,16.939354,7.800703
9801,MAGEB4,16.939947,7.7987175
9802,MAGEB5,16.941072,7.79731
9803,MAGEB6,16.92898,7.818923
9804,MAGEB6B,16.93216,7.81576
9805,MAGEC1,7.7372293,9.591482
9806,MAGEC2,16.952538,7.782982
9807,MAGEC3,10.109228,9.291135
9808,MAGED1,8.509095,9.389613
9809,MAGED2,8.547448,8.926161
9810,MAGED4,8.711968,9.324214
9811,MAGED4B,8.7131605,9.332055
9812,MAGEE1,8.648606,9.210884
9813,MAGEE2,11.555842,7.257282
9814,MAGEF1,9.255214,7.306306
9815,MAGEH1,9.235749,8.019296
9816,MAGEL2,8.457569,9.665369
9817,MAGI1,7.148257,4.0615635
9818,MAGI2,7.339143,4.2053084
9819,MAGI3,8.366272,5.244971
9820,MAGIX,9.467026,9.351547
9821,MAGOH,6.716832,0.63889515
9822,MAGOHB,6.6865134,0.58264875
9823,MAGT1,11.366515,1.359372
9824,MAIP1,9.448326,4.954566
9825,MAJIN,9.983167,11.467751
9826,MAK,8.224301,4.631257
9827,MAK16,7.7524185,2.4453406
9828,MAL,11.757343,0.9289052
9829,MAL2,12.252777,1.2093874
9830,MALL,12.288756,1.2258056
9831,MALRD1,13.646928,7.160178
9832,MALSU1,9.763198,3.4330232
9833,MALT1,10.530122,6.9655504
9834,MAMDC2,13.6442175,7.1694217
9835,MAMDC4,12.252818,6.343415
9836,MAML1,7.185232,7.211609
9837,MAML2,7.095317,7.0283704
9838,MAML3,6.990487,6.757196
9839,MAMLD1,8.9120865,9.527093
9840,MAMSTR,7.7012806,6.811818
9841,MAN1A1,13.097732,4.2676497
9842,MAN1A2,13.344586,4.2209797
9843,MAN1B1,12.915339,4.4672656
9844,MAN1C1,12.989274,4.3777037
9845,MAN2A1,13.671772,4.7906346
9846,MAN2A2,12.813008,4.979507
9847,MAN2B1,12.676816,4.5631604
9848,MAN2B2,12.633945,5.2251534
9849,MAN2C1,10.422877,2.8217568
9850,MANBA,13.699807,4.2109194
9851,MANBAL,7.4531245,3.0150473
9852,MANEA,13.774123,4.5786443
9853,MANEAL,12.991464,4.508318
9854,MANF,8.113178,1.9951397
9855,MANSC1,12.662047,7.2136807
9856,MANSC4,12.816641,7.534578
9857,MAOA,10.068042,1.8198712
9858,MAOB,9.881097,1.6969678
9859,MAP10,9.829561,10.621066
9860,MAP1A,8.573588,9.074329
9861,MAP1B,8.457727,8.935312
9862,MAP1LC3A,6.9739985,0.60078603
9863,MAP1LC3B,6.8013988,0.6354485
9864,MAP1LC3B2,6.8842115,0.6357136
9865,MAP1LC3C,8.707938,3.568581
9866,MAP1S,8.78635,6.669548
9867,MAP2,8.5317,9.020513
9868,MAP2K1,7.5999036,1.4174043
9869,MAP2K2,7.567597,1.4501085
9870,MAP2K3,8.15468,1.4039193
9871,MAP2K4,7.87056,1.6578494
9872,MAP2K5,9.785814,4.075608
9873,MAP2K6,8.064638,1.2395318
9874,MAP2K7,7.864648,1.7126698
9875,MAP3K1,10.404893,8.826997
9876,MAP3K10,7.9142985,5.9930406
9877,MAP3K11,7.9491673,5.8907576
9878,MAP3K12,7.934224,5.8517737
9879,MAP3K13,8.036269,5.810765
9880,MAP3K14,9.633343,10.126773
9881,MAP3K15,10.279172,6.2975316
9882,MAP3K19,9.847323,10.4598675
9883,MAP3K2,9.731373,5.9566927
9884,MAP3K20,9.89406,6.1605363
9885,MAP3K21,7.979741,5.994098
9886,MAP3K3,9.774204,5.912492
9887,MAP3K4,10.75183,10.203205
9888,MAP3K5,10.279247,6.341208
9889,MAP3K6,11.074767,5.9121785
9890,MAP3K7,7.7047796,2.9535143
9891,MAP3K7CL,8.461061,5.2006707
9892,MAP3K8,11.01211,8.98018
9893,MAP3K9,8.192762,6.2946925
9894,MAP4,7.7857594,7.7693353
9895,MAP4K1,9.176343,5.147228
9896,MAP4K2,9.008509,4.2039146
9897,MAP4K3,6.7704525,2.510401
9898,MAP4K4,5.9584713,2.700746
9899,MAP4K5,7.1754665,2.4861815
9900,MAP6,7.9578285,8.223228
9901,MAP6D1,8.3268795,7.6334867
9902,MAP7,6.6914406,3.2969434
9903,MAP7D1,7.113943,4.2203636
9904,MAP7D2,7.0978723,3.8140442
9905,MAP7D3,9.041081,8.919123
9906,MAP9,8.695562,6.0035295
9907,MAPDA,10.292342,1.9301084
9908,MAPK1,7.802068,0.7952638
9909,MAPK10,8.133822,1.7118698
9910,MAPK11,7.9819217,1.0207388
9911,MAPK12,8.066806,1.2648932
9912,MAPK13,8.431429,1.6617621
9913,MAPK14,7.900787,0.9653539
9914,MAPK15,10.733297,5.1676993
9915,MAPK1IP1L,7.371649,7.8025446
9916,MAPK3,7.979656,1.1063051
9917,MAPK4,10.132308,7.4419045
9918,MAPK6,10.416705,8.626295
9919,MAPK7,8.255534,6.6771135
9920,MAPK8,8.018728,1.2300316
9921,MAPK8IP1,7.7939997,6.412507
9922,MAPK8IP2,7.7398567,6.451955
9923,MAPK8IP3,7.0941844,3.8107688
9924,MAPK9,8.076853,1.3584241
9925,MAPKAP1,9.935241,6.51038
9926,MAPKAPK2,8.061608,1.5041533
9927,MAPKAPK3,8.2208605,1.5306495
9928,MAPKAPK5,10.1141615,4.599504
9929,MAPKAPK5-AS1,10.019344,14.786434
9930,MAPKBP1,8.648259,6.357886
9931,MAPRE1,6.93061,2.2786028
9932,MAPRE2,8.257371,4.431585
9933,MAPRE3,6.932338,2.2759159
9934,MAPT,7.0070024,4.377332
9935,MARCHF1,7.5386057,4.0063243
9936,MARCHF10,9.509852,9.929832
9937,MARCHF11,7.723689,5.653269
9938,MARCHF2,11.58129,2.5521293
9939,MARCHF3,11.416408,2.4422271
9940,MARCHF4,7.928531,5.64919
9941,MARCHF5,11.467212,1.3672094
9942,MARCHF6,11.80938,1.7652308
9943,MARCHF6-DT,8.911011,13.969786
9944,MARCHF7,8.748003,8.776802
9945,MARCHF8,7.4090424,3.7141433
9946,MARCHF9,7.760278,5.3593183
9947,MARCKS,6.599979,3.3336115
9948,MARCKSL1,6.586163,3.3256965
9949,MARCO,3.703363,3.6303363
9950,MARCOL,8.713069,10.361915
9951,MARF1,9.764868,7.8967752
9952,MARK1,6.60259,2.8352761
9953,MARK2,6.4915485,2.7689347
9954,MARK3,6.2827377,2.5501893
9955,MARK4,6.6877756,3.7344391
9956,MARS1,10.289264,2.6977272
9957,MARS2,10.49929,2.937779
9958,MARVELD1,13.271986,1.8876718
9959,MARVELD2,7.643042,4.3902164
9960,MARVELD3,8.088291,6.040728
9961,MAS1,14.040982,1.5617673
9962,MAS1L,13.776038,2.1522863
9963,MASP1,13.71363,5.431309
9964,MASP2,13.752875,5.4581604
9965,MAST1,6.954429,4.324016
9966,MAST2,7.434717,5.422962
9967,MAST3,6.9210396,4.3949785
9968,MAST4,7.602728,6.1096635
9969,MASTL,9.232535,7.602365
9970,MAT1A,8.595363,0.6181588
9971,MAT2A,8.592549,0.6529921
9972,MAT2B,10.297992,2.112763
9973,MATCAP1,9.496264,4.579753
9974,MATCAP2,10.44827,7.719045
9975,MATK,10.628459,3.5113256
9976,MATN1,11.284507,2.8692367
9977,MATN2,13.530093,5.5128775
9978,MATN3,12.977269,5.2896028
9979,MATN4,11.094212,2.7403026
9980,MATR3,8.469422,8.013522
9981,MAU2,10.915167,7.2937875
9982,MAVS,9.149903,9.854019
9983,MAX,6.023454,2.4832957
9984,MAZ,7.0533137,6.220616
9985,MB,9.014674,0.19055386
9986,MB21D2,11.019738,9.927988
9987,MBD1,8.079059,5.946107
9988,MBD2,7.0975847,4.9107795
9989,MBD3,7.296855,3.7990694
9990,MBD3L1,9.843646,12.392152
9991,MBD3L2,9.75083,12.203834
9992,MBD3L2B,9.742053,12.177911
9993,MBD3L3,9.740544,12.1490345
9994,MBD3L4,9.756705,12.167127
9995,MBD3L5,9.745464,12.186758
9996,MBD4,9.499606,8.067843
9997,MBD5,8.951151,9.490382
9998,MBD6,8.876043,9.671196
9999,MBIP,9.335223,6.728513
10000,MBL2,13.575521,5.3377504
10001,MBLAC1,11.032268,5.607319
10002,MBLAC2,11.073804,6.694055
10003,MBNL1,5.8148284,3.316687
10004,MBNL2,5.9444675,3.5508955
10005,MBNL3,5.9451714,3.7677574
10006,MBOAT1,12.166154,1.924294
10007,MBOAT2,12.128353,2.0139852
10008,MBOAT4,12.973484,2.1250854
10009,MBOAT7,12.895492,2.0209262
10010,MBP,6.500543,3.247981
10011,MBTD1,9.442443,4.065647
10012,MBTPS1,13.477671,5.6623096
10013,MBTPS2,12.064669,2.2445936
10014,MC1R,13.257385,1.4068141
10015,MC2R,13.3678255,1.4877155
10016,MC3R,13.298333,1.4201729
10017,MC4R,13.299485,1.4278275
10018,MC5R,13.298201,1.4202199
10019,MCAM,12.905384,6.1962433
10020,MCAT,10.29774,2.5002582
10021,MCC,10.184678,9.046578
10022,MCCC1,9.635908,1.3179516
10023,MCCC2,8.926049,0.6768707
10024,MCCD1,9.577414,10.986455
10025,MCEE,8.954284,1.4033195
10026,MCEMP1,14.001332,5.9787707
10027,MCF2,9.895973,5.681308
10028,MCF2L,8.597617,3.7686427
10029,MCF2L2,9.915922,6.4702106
10030,MCFD2,7.431827,2.0512805
10031,MCHR1,13.873244,1.8847065
10032,MCHR2,13.937731,1.8281987
10033,MCIDAS,7.7388673,5.3896303
10034,MCL1,9.059225,6.797932
10035,MCM10,8.074894,4.935905
10036,MCM2,8.730946,2.107861
10037,MCM3,8.081909,1.6167326
10038,MCM3AP,10.122319,8.634465
10039,MCM4,8.707951,2.186865
10040,MCM5,8.812768,2.0726197
10041,MCM6,8.793898,2.146688
10042,MCM7,8.745402,1.9389036
10043,MCM8,9.400608,2.8003242
10044,MCM9,9.154591,5.35853
10045,MCMBP,10.0207205,3.8508468
10046,MCMDC2,11.068268,8.522444
10047,MCOLN1,12.3172245,2.2399657
10048,MCOLN2,12.326846,2.5035326
10049,MCOLN3,11.967431,2.3011527
10050,MCPH1,9.210272,7.5697064
10051,MCRIP1,10.142769,11.639628
10052,MCRIP2,9.982663,12.075394
10053,MCRS1,8.490514,3.4320126
10054,MCTP1,8.834562,4.224283
10055,MCTP2,9.334488,4.472942
10056,MCTS1,9.134249,1.1543862
10057,MCTS2,9.145928,1.1965299
10058,MCU,9.407052,2.7677827
10059,MCUB,9.447063,2.9608884
10060,MCUR1,7.9186444,5.5314813
10061,MDC1,8.424402,9.702544
10062,MDFI,7.800103,6.0921497
10063,MDFIC,7.7272677,5.358729
10064,MDFIC2,8.794102,6.2129416
10065,MDGA1,13.166407,7.103898
10066,MDGA2,13.478459,7.465733
10067,MDH1,8.703084,0.45976654
10068,MDH1B,10.357958,5.772606
10069,MDH2,8.8328905,0.43851548
10070,MDK,7.724348,3.954129
10071,MDM1,9.500227,9.637042
10072,MDM2,8.319393,4.8859763
10073,MDM4,9.150046,7.636657
10074,MDN1,10.301767,4.184393
10075,MDP1,9.722235,1.5010785
10076,MDS2,9.795946,14.151276
10077,ME1,9.430822,1.0516791
10078,ME2,9.717972,1.4395633
10079,ME3,9.378426,1.1645494
10080,MEA1,7.7327857,5.571082
10081,MEAF6,6.2098637,2.6988664
10082,MEAK7,10.453097,4.778728
10083,MECOM,7.4510317,6.6232147
10084,MECP2,7.7649436,6.921323
10085,MECR,9.871327,1.8716915
10086,MED1,8.651877,8.994521
10087,MED10,7.6506286,1.1154162
10088,MED11,7.798473,2.640556
10089,MED12,10.766276,10.426667
10090,MED12L,10.859026,10.328503
10091,MED13,8.762516,7.919057
10092,MED13L,9.339485,8.574029
10093,MED14,11.136032,9.14794
10094,MED14OS,9.8540325,14.457974
10095,MED15,5.7970486,3.823083
10096,MED16,10.783687,10.763731
10097,MED17,11.03057,9.970207
10098,MED18,9.151934,2.8378441
10099,MED19,7.610551,7.3528395
10100,MED20,9.016683,2.524525
10101,MED21,6.914767,1.4425858
10102,MED22,7.249087,3.7290273
10103,MED23,10.945307,10.843224
10104,MED24,10.948979,10.6998625
10105,MED25,6.274668,4.6059823
10106,MED26,8.008851,7.5325065
10107,MED27,9.933548,5.005827
10108,MED28,6.5688963,3.138978
10109,MED29,6.7976713,3.5551925
10110,MED30,7.523008,3.8519742
10111,MED31,7.910692,2.0018663
10112,MED4,7.635696,3.9427886
10113,MED6,10.576082,11.926707
10114,MED7,9.025578,3.5180047
10115,MED8,7.4232564,3.9669406
10116,MED9,7.5303946,4.849244
10117,MEDAG,10.738149,11.301473
10118,MEF2A,5.652034,3.7422488
10119,MEF2B,7.513567,6.0493193
10120,MEF2C,5.6750736,3.3443952
10121,MEF2D,5.7020564,3.9412875
10122,MEFV,13.633369,14.338212
10123,MEGF10,13.441605,6.06657
10124,MEGF11,13.136264,5.967318
10125,MEGF6,12.630811,5.913169
10126,MEGF8,12.291993,6.447421
10127,MEGF9,12.9077635,6.62882
10128,MEI1,11.046028,10.118575
10129,MEI4,11.021286,10.517822
10130,MEIG1,9.971798,12.721062
10131,MEIKIN,9.833292,11.125366
10132,MEIOB,10.341639,6.1651936
10133,MEIOC,9.79872,11.110118
10134,MEIOSIN,9.040149,8.900873
10135,MEIS1,5.7144637,3.2561026
10136,MEIS2,5.600738,3.5901492
10137,MEIS3,5.814369,4.0213823
10138,MEIS3P1,6.7592845,4.6722336
10139,MEIS3P2,6.679326,4.6917872
10140,MELK,9.604561,3.734389
10141,MELTF,12.930923,5.0057774
10142,MEMO1,8.707123,0.7852852
10143,MEN1,10.839019,7.366514
10144,MENT,9.60242,10.7274065
10145,MEOX1,5.8579445,4.950723
10146,MEOX2,5.4728203,4.5968075
10147,MEP1A,13.755081,6.231305
10148,MEP1B,13.5989685,4.7789083
10149,MEPCE,7.622325,6.205287
10150,MEPE,9.23607,10.645291
10151,MERTK,13.3292265,6.400532
10152,MESD,7.6455183,4.023174
10153,MESP1,7.8097095,6.1849484
10154,MESP2,8.366586,7.6210084
10155,MEST,11.056046,2.7562187
10156,MET,13.472164,6.742099
10157,METAP1,9.122119,1.0317084
10158,METAP1D,10.243706,1.9817955
10159,METAP2,7.826492,2.1315963
10160,METRN,11.978744,4.950026
10161,METRNL,12.060617,4.780022
10162,METTL1,9.258748,1.2294765
10163,METTL13,10.262133,3.6635327
10164,METTL14,9.132911,3.515822
10165,METTL15,9.911965,2.4752269
10166,METTL15P1,10.536364,6.373182
10167,METTL16,9.631669,5.3627744
10168,METTL17,10.299667,3.698613
10169,METTL18,9.896753,6.498439
10170,METTL21A,8.695145,1.3027836
10171,METTL21C,10.160413,3.8169532
10172,METTL21EP,10.137734,4.6964025
10173,METTL22,9.304984,3.4044902
10174,METTL23,9.786389,2.269331
10175,METTL24,11.954585,4.062017
10176,METTL25,9.872768,4.560114
10177,METTL25B,10.897177,3.8864331
10178,METTL26,10.11222,2.2394679
10179,METTL27,11.333637,5.2190304
10180,METTL2A,9.247998,2.6597238
10181,METTL2B,9.2223215,2.662432
10182,METTL3,8.834241,3.4300025
10183,METTL4,9.753897,4.6022606
10184,METTL5,9.055694,0.97604686
10185,METTL6,9.069263,1.5936447
10186,METTL8,9.856703,5.7631655
10187,METTL9,10.205599,3.4507208
10188,MEX3A,7.1959963,5.842713
10189,MEX3B,5.361739,4.2274795
10190,MEX3C,7.0586104,5.7394404
10191,MEX3D,7.030771,5.9337273
10192,MFAP1,7.424724,2.5505586
10193,MFAP2,7.233451,4.0794096
10194,MFAP3,8.593809,5.5558643
10195,MFAP3L,8.351355,5.4424915
10196,MFAP4,13.727259,5.4414597
10197,MFAP5,10.375083,11.113438
10198,MFF,6.801224,3.556477
10199,MFGE8,13.71208,5.4174423
10200,MFHAS1,11.280224,7.593881
10201,MFI,9.852768,5.680479
10202,MFN1,8.891844,2.9174466
10203,MFN2,8.903311,3.0040011
10204,MFNG,12.195407,4.350078
10205,MFRP,12.459185,6.5221844
10206,MFSD1,12.182376,0.97316754
10207,MFSD10,12.526992,1.1615621
10208,MFSD11,12.215992,1.2938161
10209,MFSD12,12.547056,1.2200013
10210,MFSD13A,12.927424,1.2863595
10211,MFSD14A,11.683834,0.8721533
10212,MFSD14B,11.771252,0.913667
10213,MFSD14CP,12.428108,2.2836833
10214,MFSD2A,12.501612,1.4193294
10215,MFSD2B,12.75109,1.4193261
10216,MFSD3,12.669625,1.2876182
10217,MFSD4A,12.7920475,1.287578
10218,MFSD4B,12.790269,1.4579684
10219,MFSD5,13.366676,2.5937119
10220,MFSD6,12.176272,3.2379386
10221,MFSD6L,13.281349,2.1139004
10222,MFSD8,12.559848,1.1994909
10223,MFSD9,12.792322,1.2395931
10224,MGA,9.241834,9.868622
10225,MGAM,13.845245,4.5470285
10226,MGAM2,13.815436,4.614958
10227,MGARP,7.866703,6.3287916
10228,MGAT1,12.356099,4.3287406
10229,MGAT2,13.367548,5.109612
10230,MGAT3,12.3791685,7.839091
10231,MGAT4A,13.12071,4.251421
10232,MGAT4B,12.6233635,4.007442
10233,MGAT4C,13.7101145,4.705704
10234,MGAT4D,13.056908,3.5340042
10235,MGAT5,13.700919,5.1191683
10236,MGAT5B,13.057722,6.5789714
10237,MGLL,10.306541,2.3276043
10238,MGME1,9.788443,4.871829
10239,MGMT,10.064577,3.621291
10240,MGP,7.8526254,4.4159245
10241,MGRN1,8.535319,5.6848264
10242,MGST1,11.911034,1.302443
10243,MGST2,11.623103,1.0006958
10244,MGST3,11.228256,0.7668996
10245,MIA,13.220713,4.6574574
10246,MIA2,9.476534,8.536621
10247,MIA3,9.333581,9.261352
10248,MIB1,10.489784,5.11928
10249,MIB2,10.801875,5.2636476
10250,MICA,12.786446,6.9595714
10251,MICAL1,9.315855,5.5516396
10252,MICAL2,8.487488,6.4384327
10253,MICAL3,7.3033853,4.4147344
10254,MICALL1,7.7955365,5.8741345
10255,MICALL2,7.917886,6.803965
10256,MICB,12.754061,6.9851694
10257,MICOS10,10.850183,0.73591685
10258,MICOS13,8.473489,3.8566864
10259,MICU1,9.322479,3.32765
10260,MICU2,9.798618,4.240003
10261,MICU3,9.414759,4.2825665
10262,MID1,10.337388,5.768238
10263,MID1IP1,7.9118185,4.496294
10264,MID2,10.406843,6.2698464
10265,MIDEAS,7.902382,7.812736
10266,MIDN,7.128412,4.688899
10267,MIEF1,11.144469,7.7363353
10268,MIEF2,11.442416,7.7377634
10269,MIEN1,7.4107924,1.4503464
10270,MIER1,7.6475115,4.4594
10271,MIER2,8.639461,6.925729
10272,MIER3,8.774445,7.0535817
10273,MIF,8.873704,1.1398593
10274,MIF4GD,8.823208,1.8699433
10275,MIGA1,10.803618,10.295913
10276,MIGA2,10.597461,10.519316
10277,MIIP,9.423607,10.315701
10278,MILR1,13.252795,6.9225197
10279,MINAR1,9.600718,10.125019
10280,MINAR2,9.229923,7.427942
10281,MINDY1,8.029836,4.556911
10282,MINDY2,7.900197,4.8180623
10283,MINDY3,10.085057,4.035424
10284,MINDY4,9.166998,5.91688
10285,MINDY4B,9.894842,5.179321
10286,MINK1,6.664228,3.7310739
10287,MINPP1,12.647563,4.786907
10288,MIOS,10.657161,6.7766485
10289,MIOX,9.069715,1.5991818
10290,MIP,12.247293,1.494555
10291,MIPEP,9.957454,2.4530969
10292,MIPOL1,10.020883,8.840783
10293,MIR1-1HG,9.927129,14.217904
10294,MIR155HG,8.876015,13.721207
10295,MIR17HG,9.247608,13.545066
10296,MIR1915HG,9.793252,14.41504
10297,MIR22HG,8.918136,13.911061
10298,MIR7-3HG,9.512528,14.023522
10299,MIR9-1HG,9.4558,13.89907
10300,MIS12,9.512831,4.2822785
10301,MIS18A,8.766936,4.39605
10302,MIS18BP1,9.849497,10.63445
10303,MISFA,9.491433,13.135876
10304,MISP,8.946405,9.009856
10305,MISP3,8.372755,7.917586
10306,MITD1,9.124982,2.7462502
10307,MITF,6.231959,4.158722
10308,MIX23,10.874828,8.449318
10309,MIXL1,7.5421596,5.823845
10310,MKI67,8.551278,9.88387
10311,MKKS,10.679701,6.7971735
10312,MKLN1,9.934748,3.5814686
10313,MKNK1,8.341885,1.8002379
10314,MKNK2,8.432238,1.8665748
10315,MKRN1,8.345043,4.971554
10316,MKRN2,8.338542,4.89154
10317,MKRN2OS,10.258386,3.9092407
10318,MKRN3,9.00569,6.9780054
10319,MKRN4P,8.459597,5.9031262
10320,MKRN9P,10.070647,11.720758
10321,MKS1,9.880246,4.999264
10322,MKX,6.939298,4.791188
10323,MLANA,8.922894,5.7686048
10324,MLC1,13.976943,2.830601
10325,MLDHR,8.86884,13.93188
10326,MLEC,13.292572,4.737402
10327,MLF1,8.193424,4.6299534
10328,MLF2,7.2286234,3.3306754
10329,MLH1,8.81497,2.4359994
10330,MLH3,9.684238,8.087734
10331,MLIP,9.291466,10.0984
10332,MLKL,10.156332,5.8622465
10333,MLLT1,7.0551295,4.372107
10334,MLLT10,6.973194,6.408085
10335,MLLT11,8.451728,5.4991007
10336,MLLT3,7.1368494,4.9997835
10337,MLLT6,7.2625794,6.998158
10338,MLN,7.426407,3.5117054
10339,MLNR,13.429199,1.4890059
10340,MLPH,7.985759,5.730627
10341,MLST8,9.178256,2.781543
10342,MLX,6.8743653,3.3157532
10343,MLXIP,7.775314,6.9366813
10344,MLXIPL,7.6601934,6.30281
10345,MLYCD,10.452008,3.2401297
10346,MMAA,9.90941,2.4016163
10347,MMAB,8.680365,1.3341203
10348,MMACHC,10.79748,5.0560155
10349,MMADHC,9.876369,4.684825
10350,MMD,11.811179,0.9103927
10351,MMD2,11.837762,1.038147
10352,MME,13.520375,4.1215982
10353,MMEL1,12.996451,4.0644865
10354,MMGT1,11.174555,1.7112718
10355,MMP1,13.891355,4.79441
10356,MMP10,13.79638,4.665507
10357,MMP11,12.433611,5.570661
10358,MMP12,13.867024,4.773031
10359,MMP13,13.845783,4.7533464
10360,MMP14,13.3557,4.5671434
10361,MMP15,13.040744,4.8715434
10362,MMP16,13.623302,4.801925
10363,MMP17,12.325823,5.3287144
10364,MMP19,13.329286,6.1027884
10365,MMP2,13.783445,5.0467696
10366,MMP20,13.883546,4.7777634
10367,MMP21,12.599521,5.3138256
10368,MMP23B,12.33967,5.5016994
10369,MMP24,13.094487,4.9179797
10370,MMP24OS,11.460109,12.8140335
10371,MMP25,12.302784,5.2018614
10372,MMP26,13.562268,6.5915494
10373,MMP27,13.837152,5.0366673
10374,MMP28,12.458856,6.021018
10375,MMP3,13.742021,4.7570186
10376,MMP7,13.907631,4.7601595
10377,MMP8,13.830267,4.788145
10378,MMP9,13.118152,5.782425
10379,MMRN1,12.870164,7.9098
10380,MMRN2,9.70006,8.126147
10381,MMS19,10.94103,6.5676117
10382,MMS22L,10.993422,10.620389
10383,MMTAG2,7.398947,3.9987903
10384,MMUT,9.095471,0.7831085
10385,MN1,8.773068,9.4508295
10386,MNAT1,8.080252,2.5732572
10387,MND1,7.7484393,2.0988975
10388,MNDA,9.583805,7.285325
10389,MNS1,9.137499,4.8319716
10390,MNT,6.2862344,4.729781
10391,MNX1,5.2607555,4.2706227
10392,MOAP1,10.422966,6.653077
10393,MOB1A,8.533271,2.2759268
10394,MOB1B,8.449905,2.2540987
10395,MOB2,8.283539,3.2445438
10396,MOB3A,8.53457,2.2928236
10397,MOB3B,8.55682,2.3411362
10398,MOB3C,8.585203,2.296343
10399,MOB4,9.379102,3.3175523
10400,MOBP,7.947645,7.5634627
10401,MOCOS,10.406278,4.0077357
10402,MOCS1,9.72639,1.9103312
10403,MOCS2,9.26117,2.4339771
10404,MOCS3,10.409283,2.4720309
10405,MOG,14.031969,6.206197
10406,MOGAT1,10.811262,2.4776318
10407,MOGAT2,10.798842,2.316711
10408,MOGAT3,10.678767,2.587044
10409,MOGS,12.143739,5.28179
10410,MOK,8.389998,3.0975385
10411,MON1A,10.000983,5.987358
10412,MON1B,10.304037,5.7718716
10413,MON2,10.941094,7.899887
10414,MORC1,10.05568,7.234718
10415,MORC2,8.885166,4.4472685
10416,MORC3,8.9924555,4.964416
10417,MORC4,9.8145895,6.9027557
10418,MORF4L1,7.428686,2.3024108
10419,MORF4L2,8.297852,4.52048
10420,MORN1,9.560585,6.571898
10421,MORN2,8.517594,1.6325803
10422,MORN3,10.058555,4.2331624
10423,MORN4,7.9811983,1.3953001
10424,MORN5,9.018819,2.6412425
10425,MOS,11.030917,6.7182093
10426,MOSMO,11.942766,0.6782774
10427,MOSPD1,11.289388,2.8645084
10428,MOSPD2,10.0640135,5.8457026
10429,MOSPD3,10.986539,5.307964
10430,MOV10,10.520353,6.0174265
10431,MOV10L1,10.003575,4.691446
10432,MOXD1,13.547986,4.8512187
10433,MOXD2P,13.634855,6.400045
10434,MPC1,11.235285,0.75567853
10435,MPC1L,11.636594,1.9335148
10436,MPC2,11.237653,0.7594431
10437,MPDU1,11.788706,0.77891487
10438,MPDZ,8.46152,4.060538
10439,MPEG1,13.411725,6.964036
10440,MPG,9.948992,3.1302814
10441,MPHOSPH10,8.019817,4.0667634
10442,MPHOSPH6,7.0977807,2.9576597
10443,MPHOSPH8,9.14636,8.304307
10444,MPHOSPH9,9.689744,9.716498
10445,MPI,9.608117,1.6192127
10446,MPIG6B,15.225878,5.809654
10447,MPL,12.116554,7.01037
10448,MPLKIP,7.1558895,6.653046
10449,MPND,8.592518,4.480326
10450,MPO,13.033215,4.940303
10451,MPP1,9.074738,4.010825
10452,MPP2,9.108496,3.5591905
10453,MPP3,9.088902,3.8944168
10454,MPP4,10.055017,4.5611315
10455,MPP7,8.691957,2.553165
10456,MPPE1,12.668238,4.0098023
10457,MPPED1,8.517679,1.2119584
10458,MPPED2,8.350871,1.1346184
10459,MPRIP,7.039064,3.7493515
10460,MPST,10.312406,2.412172
10461,MPTX1,13.341464,7.1120973
10462,MPV17,11.710146,0.6627996
10463,MPV17L,12.412454,1.3414153
10464,MPV17L2,12.575688,1.2826405
10465,MPZ,13.393513,5.5281687
10466,MPZL1,13.644815,5.350619
10467,MPZL2,13.633102,5.650591
10468,MPZL3,13.288935,6.752238
10469,MR1,14.227077,6.0621753
10470,MRAP,8.933811,7.596462
10471,MRAP2,7.8590884,4.875388
10472,MRAS,7.731482,0.9178209
10473,MRC1,13.78301,6.645246
10474,MRC2,12.875191,6.334549
10475,MRE11,9.232854,3.69368
10476,MREG,10.754304,10.775126
10477,MRFAP1,10.978435,11.154195
10478,MRFAP1L1,10.910953,11.119357
10479,MRFAP1L2,10.3226595,9.82324
10480,MRGBP,6.627239,2.923781
10481,MRGPRD,15.097486,0.6826476
10482,MRGPRE,13.618978,1.9092197
10483,MRGPRF,13.761922,2.0259678
10484,MRGPRG,13.614911,1.8891715
10485,MRGPRG-AS1,9.9879055,14.242862
10486,MRGPRX1,15.167941,0.61900264
10487,MRGPRX2,15.18378,0.61587083
10488,MRGPRX3,15.18734,0.6170984
10489,MRGPRX4,15.16299,0.5927742
10490,MRI1,9.662108,1.1428614
10491,MRLN,9.059382,13.631375
10492,MRM1,10.957617,4.6946826
10493,MRM2,10.155287,2.3284764
10494,MRM3,9.993034,3.6184502
10495,MRNIP,8.662978,7.841073
10496,MRO,10.915799,8.015454
10497,MROH1,11.062928,6.7916
10498,MROH2A,11.160274,8.962132
10499,MROH2B,11.145931,9.134943
10500,MROH5,11.277533,8.719223
10501,MROH6,11.455668,7.411448
10502,MROH7,10.476575,10.090693
10503,MROH8,11.014286,10.512719
10504,MROH9,11.0480175,10.493426
10505,MRPL1,9.482915,4.8294177
10506,MRPL10,9.887674,3.40278
10507,MRPL11,9.00209,1.4551431
10508,MRPL12,8.528936,1.5559378
10509,MRPL13,9.029251,1.4842565
10510,MRPL14,9.3778305,1.7130674
10511,MRPL15,9.723588,3.1331606
10512,MRPL16,9.711119,3.1325588
10513,MRPL17,9.317654,2.1327107
10514,MRPL18,9.222584,2.268768
10515,MRPL19,9.669128,3.1607924
10516,MRPL2,9.775638,1.7429715
10517,MRPL20,8.726942,1.3585199
10518,MRPL21,9.043677,1.9629822
10519,MRPL22,9.196926,1.8682808
10520,MRPL23,8.811074,2.00156
10521,MRPL24,9.785228,3.1434183
10522,MRPL27,9.324761,1.8265042
10523,MRPL28,9.511356,3.1704404
10524,MRPL3,9.8593025,2.989695
10525,MRPL30,9.2232895,2.9844725
10526,MRPL32,9.191814,2.6386583
10527,MRPL33,8.800757,1.3319812
10528,MRPL34,9.950701,2.315197
10529,MRPL35,9.252758,2.925762
10530,MRPL36,9.275219,2.935205
10531,MRPL37,11.141536,8.693631
10532,MRPL38,10.56036,4.992556
10533,MRPL39,10.27501,4.0131035
10534,MRPL4,9.834949,2.2777998
10535,MRPL40,9.314691,3.3182197
10536,MRPL41,10.3184,6.660051
10537,MRPL42,10.605918,10.706123
10538,MRPL43,9.784574,6.6716905
10539,MRPL44,10.23813,4.16617
10540,MRPL45,9.660757,3.7426715
10541,MRPL46,9.158257,3.2346268
10542,MRPL47,9.292562,3.0477788
10543,MRPL48,9.175378,3.009936
10544,MRPL49,9.198577,2.1468632
10545,MRPL50,8.919458,3.280976
10546,MRPL51,10.325113,11.681855
10547,MRPL52,8.207499,4.1121445
10548,MRPL53,9.314423,2.1382377
10549,MRPL54,8.943903,3.256579
10550,MRPL55,8.257211,4.343822
10551,MRPL57,9.654266,3.3499825
10552,MRPL58,9.24129,2.290638
10553,MRPL9,9.265249,2.4497256
10554,MRPS10,9.201521,2.9976604
10555,MRPS11,9.234932,2.1588771
10556,MRPS12,9.630433,1.7086456
10557,MRPS14,9.497708,1.611887
10558,MRPS15,9.140626,2.9074297
10559,MRPS16,9.310644,2.2064843
10560,MRPS17,9.079398,1.8221992
10561,MRPS18A,9.190844,2.4113326
10562,MRPS18B,10.288736,4.7037516
10563,MRPS18C,9.233347,2.0168815
10564,MRPS2,9.987283,2.7488878
10565,MRPS21,8.501384,1.7967274
10566,MRPS22,10.6276455,10.413828
10567,MRPS23,9.184067,5.1171966
10568,MRPS24,9.923707,4.950069
10569,MRPS25,9.096944,1.990019
10570,MRPS26,8.2480755,4.315699
10571,MRPS27,10.047914,5.438206
10572,MRPS28,8.873217,2.5322032
10573,MRPS30,11.235573,8.1680765
10574,MRPS31,9.466068,6.6194024
10575,MRPS33,9.428465,3.224361
10576,MRPS34,10.708814,11.830575
10577,MRPS35,9.243625,3.1856139
10578,MRPS5,9.547813,3.1665678
10579,MRPS6,8.411991,1.5293744
10580,MRPS7,9.545901,3.0626469
10581,MRPS9,9.23404,2.8581972
10582,MRRF,8.478231,2.5857754
10583,MRS2,11.483913,2.5280492
10584,MRTFA,6.4204373,4.6780624
10585,MRTFB,6.5656033,5.28262
10586,MRTO4,8.223584,1.6247236
10587,MS4A1,12.919981,7.4585824
10588,MS4A10,11.746385,7.094611
10589,MS4A12,12.951735,3.2554853
10590,MS4A13,12.633918,1.7681327
10591,MS4A14,8.917445,10.472148
10592,MS4A15,13.009444,3.2978008
10593,MS4A18,9.145155,9.484079
10594,MS4A2,13.010423,1.7723505
10595,MS4A3,13.705094,2.2257285
10596,MS4A4A,12.725952,1.7313797
10597,MS4A4E,9.44834,7.242778
10598,MS4A5,13.696542,2.3338711
10599,MS4A6A,13.006316,1.7627059
10600,MS4A6E,13.041883,1.7822088
10601,MS4A7,13.057928,1.7593602
10602,MS4A8,13.007121,3.3113484
10603,MSANTD1,9.413993,5.847956
10604,MSANTD2,10.587757,9.632698
10605,MSANTD3,9.611954,6.16091
10606,MSANTD4,9.497002,6.7854347
10607,MSANTD5,9.902198,9.239807
10608,MSANTD7,10.488,9.00824
10609,MSC,5.642449,4.2498045
10610,MSGN1,7.3300366,6.046431
10611,MSH2,9.0701275,2.067183
10612,MSH3,9.90108,3.985768
10613,MSH4,10.150283,4.3106575
10614,MSH5,10.255234,4.265296
10615,MSH6,10.086351,4.343579
10616,MSI1,5.976829,3.0783775
10617,MSI2,5.951812,2.7175655
10618,MSL1,9.094774,9.583474
10619,MSL2,8.71757,8.210985
10620,MSL3,9.800872,6.6107025
10621,MSL3B,9.998462,6.853913
10622,MSLN,12.272795,6.3211575
10623,MSLNL,12.13198,6.46814
10624,MSMB,13.910754,5.039914
10625,MSMO1,12.114613,2.0362992
10626,MSMP,12.582892,5.850019
10627,MSN,7.3453846,2.1812053
10628,MSR1,13.376573,6.749603
10629,MSRA,9.1977,0.8732688
10630,MSRB1,7.1467876,1.1355947
10631,MSRB2,8.695726,1.4239771
10632,MSRB3,7.7018704,1.2770956
10633,MSS51,11.231142,7.90805
10634,MST1,13.131557,6.1835384
10635,MST1L,12.582917,6.769048
10636,MST1R,12.405905,6.271922
10637,MSTN,13.381145,5.179874
10638,MSTO1,10.939819,4.070057
10639,MSX1,5.7141504,4.8300004
10640,MSX2,5.61125,4.4763227
10641,MT-ATP6,8.994748,-2.0521042
10642,MT-ATP8,8.995025,-2.053815
10643,MT-CO1,8.992255,-1.9623605
10644,MT-CO2,9.010402,-2.0216296
10645,MT-CO3,8.997558,-2.0387838
10646,MT-CYB,8.996565,-2.0451875
10647,MT-ND1,8.994953,-2.0528088
10648,MT-ND2,8.995461,-2.0536134
10649,MT-ND3,8.996674,-2.0532157
10650,MT-ND4,8.997149,-2.0520136
10651,MT-ND4L,9.030312,-2.010326
10652,MT-ND5,8.998833,-2.0519853
10653,MT-ND6,11.735106,1.2905954
10654,MT-RNR1,8.875851,13.686756
10655,MT-RNR2,8.838894,13.849891
10656,MT1A,9.500298,-4.3713474
10657,MT1B,9.4962435,-4.366387
10658,MT1DP,9.493219,-4.3625236
10659,MT1E,9.501231,-4.372337
10660,MT1F,9.500679,-4.3708615
10661,MT1G,9.50101,-4.3720517
10662,MT1H,9.501119,-4.372266
10663,MT1HL1,9.498443,-4.369572
10664,MT1L,9.501396,-4.3727827
10665,MT1M,9.498356,-4.3694854
10666,MT1X,9.495505,-4.365676
10667,MT2A,9.5015335,-4.372832
10668,MT3,9.498943,-4.363641
10669,MT4,9.500287,-4.371289
10670,MTA1,7.7631116,4.537724
10671,MTA2,8.26483,4.811017
10672,MTA3,8.36056,3.9356327
10673,MTAP,8.868973,0.8627419
10674,MTARC1,10.288029,2.7160664
10675,MTARC2,10.302504,2.7375016
10676,MTBP,10.811063,10.998245
10677,MTCH1,11.385759,1.9798754
10678,MTCH2,12.169668,1.883798
10679,MTCL1,8.413464,7.939182
10680,MTCL2,9.407051,8.611781
10681,MTCL3,7.1380234,5.1869545
10682,MTCP1,10.229858,12.107791
10683,MTDH,7.6506515,6.48551
10684,MTERF1,10.9645,8.021218
10685,MTERF2,11.004196,8.083124
10686,MTERF3,9.921718,5.013701
10687,MTERF4,9.589719,5.4272547
10688,MTF1,7.756565,7.4233294
10689,MTF2,9.158281,5.9432855
10690,MTFMT,10.214266,3.5620708
10691,MTFP1,11.290126,1.0725363
10692,MTFR1,7.3357553,3.9191484
10693,MTFR1L,8.861333,7.6232123
10694,MTFR2,8.528652,6.1671085
10695,MTG1,8.653575,1.3128271
10696,MTG2,9.929501,2.3543863
10697,MTHFD1,9.159571,0.8409768
10698,MTHFD1L,9.931109,2.501742
10699,MTHFD2,9.043458,0.9431965
10700,MTHFD2L,9.318229,1.2013767
10701,MTHFR,10.036234,3.2518728
10702,MTHFS,8.725212,1.0661606
10703,MTHFSD,9.628761,2.23899
10704,MTIF2,10.056666,2.5128279
10705,MTIF3,9.493768,5.0291886
10706,MTLN,9.575127,4.0628576
10707,MTM1,9.802471,3.3685582
10708,MTMR1,9.892528,3.5358663
10709,MTMR10,10.338257,7.128887
10710,MTMR11,11.400256,7.395776
10711,MTMR12,10.418953,7.215641
10712,MTMR14,8.619116,4.3719673
10713,MTMR2,9.612598,3.098689
10714,MTMR3,9.043775,5.927261
10715,MTMR4,9.091478,6.0909305
10716,MTMR6,9.621183,3.202094
10717,MTMR7,9.542782,3.1031523
10718,MTMR8,9.83934,4.2006335
10719,MTMR9,9.912375,3.4918594
10720,MTNAP1,9.512189,10.316118
10721,MTNR1A,13.113962,1.1509871
10722,MTNR1B,13.056743,1.1494585
10723,MTO1,10.240675,2.3000052
10724,MTOR,10.889077,7.6259
10725,MTPAP,10.074507,4.713786
10726,MTPN,9.44577,1.3703895
10727,MTR,9.37443,0.88759094
10728,MTRES1,9.3815,4.86645
10729,MTREX,8.7035265,2.255677
10730,MTRF1,10.030121,2.4640522
10731,MTRF1L,9.210534,1.7746463
10732,MTRFR,9.359371,2.6977003
10733,MTRNR2L1,8.828244,13.837385
10734,MTRNR2L10,8.848197,13.776375
10735,MTRNR2L11,8.821164,13.7669935
10736,MTRNR2L12,8.839846,13.840409
10737,MTRNR2L13,8.869813,13.754161
10738,MTRNR2L2,8.834911,13.822151
10739,MTRNR2L3,8.808996,13.828965
10740,MTRNR2L4,8.857918,13.767203
10741,MTRNR2L5,8.816605,13.83726
10742,MTRNR2L6,8.803803,13.821447
10743,MTRNR2L7,8.841032,13.77884
10744,MTRNR2L8,8.840521,13.839213
10745,MTRNR2L9,8.820613,13.855558
10746,MTRR,10.1557255,3.476335
10747,MTSS1,6.3460703,3.162839
10748,MTSS2,6.436782,3.5243318
10749,MTTP,11.150723,9.382916
10750,MTURN,10.686983,11.884928
10751,MTUS1,9.346726,9.323392
10752,MTUS2,9.103404,9.176058
10753,MTX1,8.334637,5.7864537
10754,MTX2,9.635714,2.5769668
10755,MTX3,9.906569,5.0706854
10756,MUC1,7.557721,9.656558
10757,MUC12,7.977123,9.789362
10758,MUC13,12.984433,6.7902327
10759,MUC15,12.623602,7.30303
10760,MUC16,8.993774,10.455433
10761,MUC17,7.8954945,9.75055
10762,MUC19,13.057078,6.8383865
10763,MUC2,12.966432,5.5769
10764,MUC20,8.384084,9.736112
10765,MUC21,7.7414007,9.64741
10766,MUC22,7.9260006,9.773666
10767,MUC3A,7.918157,9.760287
10768,MUC3B,7.9791274,9.812872
10769,MUC4,7.9346623,9.748029
10770,MUC5AC,12.87133,5.552019
10771,MUC5B,12.730718,5.6258698
10772,MUC6,12.932664,6.460146
10773,MUC7,8.454179,9.81403
10774,MUCL1,8.557748,9.591308
10775,MUCL3,8.761758,10.296358
10776,MUL1,9.4352,2.7907517
10777,MUS81,9.289709,4.1592164
10778,MUSK,13.461274,6.1834507
10779,MUSTN1,10.065821,11.568386
10780,MUTYH,10.047079,3.887724
10781,MVB12A,8.042191,3.8185167
10782,MVB12B,7.0381417,2.770031
10783,MVD,9.331383,1.5104742
10784,MVK,9.485232,1.8543781
10785,MVP,9.299251,2.4824626
10786,MX1,8.847888,3.0402188
10787,MX2,9.282249,3.5759
10788,MXD1,6.62443,2.7746434
10789,MXD3,7.593249,4.6174517
10790,MXD4,6.7625074,2.741964
10791,MXI1,6.6667457,2.7676077
10792,MXRA5,8.79045,10.121443
10793,MXRA7,7.2016754,4.7049913
10794,MXRA8,12.031232,6.552246
10795,MYADM,12.253574,1.4595014
10796,MYADML2,13.078686,1.9142333
10797,MYB,7.634722,5.30026
10798,MYBBP1A,10.056157,5.8285093
10799,MYBL1,8.081768,5.78228
10800,MYBL2,8.76701,7.477455
10801,MYBPC1,10.451507,3.6646516
10802,MYBPC2,10.391743,3.626564
10803,MYBPC3,10.459971,3.6613717
10804,MYBPH,10.437263,3.645463
10805,MYBPHL,10.384891,3.5139167
10806,MYC,6.9411097,4.70573
10807,MYCBP,6.9131784,1.6317927
10808,MYCBP2,10.896669,9.946075
10809,MYCBPAP,9.976564,7.949074
10810,MYCL,7.8197045,5.533891
10811,MYCLP1,8.853944,6.7845545
10812,MYCN,6.3342447,3.8707707
10813,MYCNOS,9.419494,14.0241375
10814,MYCT1,10.331987,10.008097
10815,MYD88,9.889614,3.1314867
10816,MYDGF,10.55105,11.234184
10817,MYEF2,6.697645,4.014173
10818,MYEOV,9.801147,14.298615
10819,MYF5,6.7192135,4.7894816
10820,MYF6,6.6787124,4.7914996
10821,MYG1,10.229269,2.9312353
10822,MYH1,6.8662124,1.6818718
10823,MYH10,7.1108165,2.0829093
10824,MYH11,7.178793,2.1232977
10825,MYH13,6.9901066,1.7909456
10826,MYH14,7.729573,3.5699682
10827,MYH15,8.588016,3.3017106
10828,MYH16,7.873163,3.2721255
10829,MYH2,6.863678,1.6627028
10830,MYH3,6.883707,1.7283056
10831,MYH4,6.861315,1.691327
10832,MYH6,6.8662148,1.6915429
10833,MYH7,6.8851843,1.7162877
10834,MYH7B,7.6524343,3.2767057
10835,MYH8,6.8529077,1.6679264
10836,MYH9,7.1128206,2.043031
10837,MYL1,7.4926105,1.4811589
10838,MYL10,8.2101555,1.8382541
10839,MYL11,7.847173,1.1156884
10840,MYL12A,6.6304803,0.33139035
10841,MYL12B,6.5817227,0.3226387
10842,MYL2,7.7978387,1.0187284
10843,MYL3,7.4747696,1.4365982
10844,MYL4,7.4133363,1.3178993
10845,MYL5,7.766416,0.9631405
10846,MYL6,6.9421906,0.24944367
10847,MYL6B,7.504112,1.6040063
10848,MYL7,7.9655647,1.1963347
10849,MYL9,6.607412,0.34631717
10850,MYLIP,9.970033,4.468039
10851,MYLK,10.63193,4.150512
10852,MYLK2,8.34606,6.566415
10853,MYLK3,8.575521,6.9779406
10854,MYLK4,8.114261,1.7433782
10855,MYMK,13.035241,2.7321346
10856,MYMX,10.3614645,11.767878
10857,MYNN,8.655499,8.360413
10858,MYO10,10.031037,4.4721584
10859,MYO15A,8.729695,8.2709465
10860,MYO15B,11.0576,6.802675
10861,MYO16,10.044294,7.604949
10862,MYO18A,7.3997407,2.9165013
10863,MYO18B,9.207546,5.883945
10864,MYO19,11.01779,5.6361017
10865,MYO1A,10.069903,3.8584037
10866,MYO1B,10.03412,3.861883
10867,MYO1C,10.081549,3.486966
10868,MYO1D,10.008154,3.7994668
10869,MYO1E,9.1562605,2.4967225
10870,MYO1F,9.078498,2.4604828
10871,MYO1G,10.325304,3.8572423
10872,MYO1H,10.045423,3.8457494
10873,MYO3A,9.737292,5.918559
10874,MYO3B,9.727899,4.150987
10875,MYO5A,8.528349,2.9066708
10876,MYO5B,8.487416,2.9501576
10877,MYO5C,8.595292,3.1119153
10878,MYO6,9.872839,4.1194806
10879,MYO7A,8.754118,2.550064
10880,MYO7B,10.067757,3.7609527
10881,MYO9A,9.461203,5.7475376
10882,MYO9B,8.700329,4.275011
10883,MYOC,12.91034,5.0818224
10884,MYOCD,7.6592937,6.366642
10885,MYOCOS,9.44494,13.256331
10886,MYOD1,5.8491936,4.997272
10887,MYOF,9.693335,4.327623
10888,MYOG,6.7596407,4.90005
10889,MYOM1,10.783894,4.152182
10890,MYOM2,10.732391,4.0801864
10891,MYOM3,10.798058,4.1679683
10892,MYORG,13.141485,5.9002314
10893,MYOT,8.361423,6.6098356
10894,MYOZ1,10.183394,11.441145
10895,MYOZ2,10.252471,11.570343
10896,MYOZ3,9.813909,12.630128
10897,MYPN,8.146777,6.4505973
10898,MYPOP,8.095707,7.350475
10899,MYRF,7.6874266,6.8338256
10900,MYRFL,9.09223,7.215258
10901,MYRIP,8.259454,6.112618
10902,MYSM1,9.834587,6.5546927
10903,MYT1,6.8986015,4.5361204
10904,MYT1L,6.437,3.6616428
10905,MYZAP,9.698817,7.9023943
10906,MZB1,12.610969,5.2094646
10907,MZF1,7.5084476,8.357947
10908,MZT1,7.083805,1.831386
10909,MZT2A,6.403362,3.1880138
10910,MZT2B,6.3246655,3.1381865
10911,N4BP1,9.701528,7.9443383
10912,N4BP2,9.729496,10.151194
10913,N4BP2L1,9.238659,4.8693695
10914,N4BP2L2,9.4269705,8.647663
10915,N4BP3,9.1775255,6.920321
10916,N6AMT1,9.192427,1.2930722
10917,NAA10,6.9672475,2.4134371
10918,NAA11,7.1520457,2.3558583
10919,NAA15,9.733704,4.4977603
10920,NAA16,9.846457,4.6951766
10921,NAA20,6.5534854,0.09402229
10922,NAA25,11.13217,9.138855
10923,NAA30,7.838004,5.0025134
10924,NAA35,10.805516,11.418227
10925,NAA38,8.940216,3.8256752
10926,NAA40,7.383064,1.2598816
10927,NAA50,8.090865,1.0026447
10928,NAA60,8.265923,1.2172011
10929,NAA80,8.810901,6.377585
10930,NAAA,12.836177,4.4119043
10931,NAALAD2,13.698478,4.3144646
10932,NAALADL1,12.927863,4.9167542
10933,NAALADL2,12.683489,7.4431243
10934,NAB1,8.725094,7.501054
10935,NAB2,8.388881,7.8808312
10936,NABP1,6.5748553,2.8465056
10937,NABP2,6.378567,2.7854993
10938,NACA,8.396817,9.660691
10939,NACA2,6.463929,-0.46696284
10940,NACA4P,6.442002,-0.38509274
10941,NACAD,8.4040165,9.158753
10942,NACC1,6.2625446,3.4907207
10943,NACC2,6.9723196,5.051584
10944,NADK,8.588477,2.1758478
10945,NADK2,9.867578,2.6697865
10946,NADSYN1,9.435576,1.6615936
10947,NAE1,10.1653185,3.0799496
10948,NAF1,7.714526,6.4006367
10949,NAGA,13.704835,4.0852375
10950,NAGK,9.907008,1.8398305
10951,NAGLU,12.54053,4.473746
10952,NAGPA,12.389885,5.191189
10953,NAGS,10.814438,5.5909014
10954,NAIF1,8.884539,6.6160054
10955,NAIP,11.112542,8.803601
10956,NALCN,13.4566965,2.806909
10957,NALF1,12.382142,7.791202
10958,NALF2,12.14137,7.7084045
10959,NAMPT,9.780965,1.7322388
10960,NANOG,7.972721,7.301738
10961,NANOGNB,9.245594,8.112103
10962,NANOGP1,7.9855266,7.2728324
10963,NANOGP8,7.9663835,7.3261776
10964,NANOS1,7.3353148,6.281092
10965,NANOS2,8.270986,5.2836843
10966,NANOS3,8.188084,5.7754807
10967,NANP,10.562582,2.3813396
10968,NANS,9.586146,0.80477226
10969,NAP1L1,7.1026864,2.1441956
10970,NAP1L2,9.803374,7.752755
10971,NAP1L3,9.334009,7.965972
10972,NAP1L4,8.396989,2.7019556
10973,NAP1L5,7.306501,4.2681427
10974,NAP1L6P,10.240809,6.5378976
10975,NAPA,7.1397386,1.618154
10976,NAPB,7.14354,1.608522
10977,NAPEPLD,10.534862,4.2232428
10978,NAPG,8.759255,2.5709453
10979,NAPRT,10.867096,3.2952108
10980,NAPSA,12.970179,4.8934135
10981,NARF,10.295681,4.158255
10982,NARS1,9.16655,1.415784
10983,NARS2,10.307585,2.189356
10984,NASP,7.9789324,6.158804
10985,NAT1,10.736896,6.276936
10986,NAT10,8.61998,2.3768919
10987,NAT14,11.494334,5.8918796
10988,NAT16,11.357463,7.9717245
10989,NAT2,10.796614,6.3485928
10990,NAT8,10.495222,2.4948902
10991,NAT8B,10.441746,2.4818819
10992,NAT8L,10.877915,4.7286944
10993,NAT9,9.335691,1.573361
10994,NATD1,8.202481,1.1853999
10995,NAV1,7.482536,6.0621715
10996,NAV2,7.6130295,7.517235
10997,NAV3,7.6301804,7.4410024
10998,NAXD,9.536975,1.7863176
10999,NAXE,9.3831415,2.024081
11000,NBAS,10.984866,9.852569
11001,NBDY,8.946612,13.913804
11002,NBEA,10.561471,8.962421
11003,NBEAL1,11.083718,8.994599
11004,NBEAL2,11.486622,8.187086
11005,NBEAP1,9.334146,13.500257
11006,NBL1,11.583948,3.7150853
11007,NBN,8.810779,5.7521396
11008,NBPF1,7.7087827,9.601803
11009,NBPF10,7.556495,9.69437
11010,NBPF11,7.803663,9.553084
11011,NBPF12,7.58836,9.663694
11012,NBPF14,7.533599,9.706812
11013,NBPF15,9.029345,10.521014
11014,NBPF19,7.514168,9.724067
11015,NBPF20,7.48322,9.721919
11016,NBPF26,7.661218,9.606638
11017,NBPF3,9.212194,10.60521
11018,NBPF4,9.267151,10.492438
11019,NBPF5P,9.632833,8.964471
11020,NBPF6,9.296736,10.484395
11021,NBPF7P,9.458984,10.454172
11022,NBPF8,7.825045,9.558969
11023,NBPF9,7.7617884,9.56727
11024,NBR1,8.887621,6.2653546
11025,NCALD,7.3158536,0.4196687
11026,NCAM1,13.68964,5.9159627
11027,NCAM2,13.72233,6.3689194
11028,NCAN,12.226641,6.8969545
11029,NCAPD2,10.285213,6.016719
11030,NCAPD3,10.873598,7.822043
11031,NCAPG,10.034745,5.145401
11032,NCAPG2,11.148707,9.164608
11033,NCAPH,8.776258,4.5346704
11034,NCAPH2,8.017548,4.5507874
11035,NCBP1,10.237301,5.753864
11036,NCBP2,7.765003,0.993315
11037,NCBP2AS2,8.878004,4.645727
11038,NCBP2L,6.5817437,-0.4886681
11039,NCBP3,7.567837,4.056983
11040,NCCRP1,9.920385,6.535839
11041,NCDN,11.092423,9.552634
11042,NCEH1,13.181882,3.8894534
11043,NCF1,8.924054,4.2950945
11044,NCF1B,9.119265,4.3932195
11045,NCF1C,8.980643,4.3421726
11046,NCF2,9.128145,4.1436067
11047,NCF4,9.974197,4.2871675
11048,NCK1,8.858009,2.745038
11049,NCK2,8.708207,2.6646483
11050,NCKAP1,10.8988905,11.384297
11051,NCKAP1L,10.875867,11.314412
11052,NCKAP5,9.403153,10.104641
11053,NCKAP5L,9.08191,9.787748
11054,NCKIPSD,10.143516,5.9558477
11055,NCL,7.019465,3.6480913
11056,NCLN,12.623907,3.961555
11057,NCMAP,7.2250624,3.944747
11058,NCOA1,6.944517,6.4474497
11059,NCOA2,6.737153,5.9773197
11060,NCOA3,6.683163,5.8417416
11061,NCOA4,9.805774,7.993867
11062,NCOA5,7.1462193,5.3622203
11063,NCOA6,7.4461436,7.7728953
11064,NCOA7,8.944152,6.7342796
11065,NCOR1,6.2904806,4.433722
11066,NCOR1P1,10.047798,11.21318
11067,NCOR2,6.341059,4.605756
11068,NCR1,15.388766,6.2185097
11069,NCR2,15.129064,6.159893
11070,NCR3,12.224583,5.500276
11071,NCR3LG1,12.780178,7.561055
11072,NCS1,7.048322,0.40245742
11073,NCSTN,13.094172,4.866811
11074,NDC1,11.573502,7.897403
11075,NDC80,9.873329,5.3902597
11076,NDE1,7.3676257,3.331693
11077,NDEL1,7.453264,3.3171387
11078,NDFIP1,6.6242743,2.7144701
11079,NDFIP2,7.994978,5.9793105
11080,NDN,9.1138525,7.4970393
11081,NDNF,13.026923,7.8468304
11082,NDOR1,10.424776,2.7307043
11083,NDP,11.545476,3.1506515
11084,NDRG1,7.5578628,2.9281077
11085,NDRG2,7.943987,3.0731614
11086,NDRG3,7.435365,2.7126899
11087,NDRG4,7.4718847,2.6893463
11088,NDST1,13.404151,4.66254
11089,NDST2,12.92791,4.91967
11090,NDST3,13.664767,4.853587
11091,NDST4,13.663208,4.7650285
11092,NDUFA1,10.289123,1.2517371
11093,NDUFA10,10.257911,3.9708743
11094,NDUFA11,11.7872925,1.9289936
11095,NDUFA12,8.440854,2.3250058
11096,NDUFA13,9.070213,2.0744884
11097,NDUFA2,8.317849,0.8738893
11098,NDUFA3,10.475065,1.1826568
11099,NDUFA4,8.706339,0.831679
11100,NDUFA4L2,10.346298,1.1005311
11101,NDUFA5,8.312968,1.0477946
11102,NDUFA6,9.038286,1.7653824
11103,NDUFA7,10.144825,11.663113
11104,NDUFA8,9.308802,2.8151557
11105,NDUFA9,10.392071,2.5440357
11106,NDUFAB1,8.444975,1.3272041
11107,NDUFAF1,10.458676,6.62658
11108,NDUFAF2,8.401516,2.685547
11109,NDUFAF3,10.106005,2.517487
11110,NDUFAF4,8.906305,3.518172
11111,NDUFAF5,9.153277,1.7628447
11112,NDUFAF6,9.731887,2.4212604
11113,NDUFAF7,9.58836,2.08715
11114,NDUFAF8,8.040551,3.4954531
11115,NDUFB1,10.435065,1.1869851
11116,NDUFB10,9.304515,2.8339133
11117,NDUFB11,9.069203,3.2147043
11118,NDUFB2,9.969712,1.5210706
11119,NDUFB3,10.051482,1.4075705
11120,NDUFB4,9.384921,2.853831
11121,NDUFB5,9.300449,3.150396
11122,NDUFB6,9.189317,2.0734797
11123,NDUFB7,9.264243,3.007283
11124,NDUFB8,9.7081175,3.1534998
11125,NDUFB9,9.751204,3.1211824
11126,NDUFC1,10.388657,1.3328696
11127,NDUFC2,9.790849,3.2165031
11128,NDUFC2-KCTD14,9.98459,3.1580503
11129,NDUFS1,9.477641,1.2846959
11130,NDUFS2,8.860892,0.6705651
11131,NDUFS3,9.318584,1.2164037
11132,NDUFS4,9.18352,2.0142138
11133,NDUFS5,9.248615,2.7865853
11134,NDUFS6,9.643738,1.6716086
11135,NDUFS7,8.697477,0.6462641
11136,NDUFS8,8.668088,0.70560575
11137,NDUFV1,8.960336,0.7364103
11138,NDUFV1-DT,9.661344,14.007885
11139,NDUFV2,8.829243,0.6893234
11140,NDUFV3,7.979157,4.2484403
11141,NEB,8.820203,6.0224404
11142,NEBL,8.9835,6.0814023
11143,NECAB1,8.430815,3.709697
11144,NECAB2,8.372446,4.2747846
11145,NECAB3,9.130681,5.504857
11146,NECAP1,6.8288217,3.3045084
11147,NECAP2,6.5732317,3.2907221
11148,NECTIN1,13.350522,5.66909
11149,NECTIN2,12.662355,5.822649
11150,NECTIN3,13.266612,6.865806
11151,NECTIN3-AS1,9.719199,11.635051
11152,NECTIN4,12.667369,5.9513817
11153,NEDD1,10.2741785,8.2056675
11154,NEDD4,8.737889,6.6413374
11155,NEDD4L,7.001953,2.6439967
11156,NEDD8,7.2657714,0.34127593
11157,NEDD9,8.364436,6.7574477
11158,NEFH,6.561551,3.0480118
11159,NEFL,16.463219,-0.6531214
11160,NEFM,6.5421004,2.957857
11161,NEGR1,13.696884,5.236583
11162,NEIL1,8.345568,4.1977625
11163,NEIL2,9.979477,4.919267
11164,NEIL3,9.749563,5.8225093
11165,NEK1,8.706539,5.559892
11166,NEK10,10.791326,7.9878864
11167,NEK11,8.968922,3.8520117
11168,NEK2,9.73424,3.730556
11169,NEK3,9.71543,6.42289
11170,NEK4,9.177229,5.776692
11171,NEK5,9.489041,7.2141557
11172,NEK6,7.798755,0.9757679
11173,NEK7,7.636813,0.73150265
11174,NEK8,10.933897,5.6900144
11175,NEK9,10.618922,7.3456564
11176,NELFA,10.258985,10.9376955
11177,NELFB,10.905033,10.623417
11178,NELFCD,11.01618,9.898838
11179,NELFE,6.663863,3.2740555
11180,NELL1,13.717393,6.670872
11181,NELL2,13.701186,6.5804095
11182,NEMF,8.177416,2.6968477
11183,NEMP1,12.581325,2.7247915
11184,NEMP2,12.745976,2.9054573
11185,NENF,9.687495,2.0919192
11186,NEO1,13.5031395,5.7122736
11187,NEPRO,10.322405,9.30928
11188,NES,8.960962,9.956331
11189,NET1,8.785306,4.964468
11190,NETO1,13.216821,7.5650406
11191,NETO2,13.195123,7.491666
11192,NEU1,13.510112,6.3608766
11193,NEU2,10.586912,3.985151
11194,NEU3,10.0911665,3.5101898
11195,NEU4,11.155452,4.968484
11196,NEURL1,10.797157,6.011657
11197,NEURL1B,11.140508,5.490196
11198,NEURL2,10.953403,5.5947733
11199,NEURL3,11.051756,5.5768433
11200,NEURL4,11.121628,6.158291
11201,NEUROD1,6.3796916,4.755107
11202,NEUROD2,5.7730327,4.928734
11203,NEUROD4,7.2627482,5.790155
11204,NEUROD6,7.2820196,5.909729
11205,NEUROG1,7.293329,6.039147
11206,NEUROG2,6.8394365,5.7526326
11207,NEUROG3,7.352971,6.128317
11208,NEXMIF,9.711105,11.0151415
11209,NEXN,7.6417456,3.8913832
11210,NEXN-AS1,10.0551605,14.60424
11211,NF1,11.135093,9.144001
11212,NF2,8.350972,2.778129
11213,NFAM1,12.413039,6.412477
11214,NFASC,13.779597,5.139735
11215,NFAT5,7.427048,7.578993
11216,NFATC1,7.6596723,7.115707
11217,NFATC2,7.6517367,7.0668607
11218,NFATC2IP,8.678578,6.31715
11219,NFATC3,7.725646,7.2916617
11220,NFATC4,7.8469257,7.431311
11221,NFE2,8.150197,6.6804657
11222,NFE2L1,8.243618,6.9550567
11223,NFE2L2,8.152317,6.943533
11224,NFE2L3,9.13311,8.911412
11225,NFE4,9.926836,14.178491
11226,NFIA,9.952264,11.026517
11227,NFIB,10.230479,11.408527
11228,NFIC,10.151813,11.195207
11229,NFIL3,7.5422883,6.2371087
11230,NFILZ,8.600501,7.6673465
11231,NFIX,10.235803,11.452406
11232,NFKB1,9.179303,4.7335243
11233,NFKB2,9.7751255,5.257629
11234,NFKBIA,10.398489,5.3996
11235,NFKBIB,10.946604,5.820367
11236,NFKBID,10.898191,3.9012213
11237,NFKBIE,9.083137,7.192465
11238,NFKBIL1,10.353417,6.8309736
11239,NFKBIZ,8.275726,7.1518607
11240,NFRKB,7.3315296,7.248685
11241,NFS1,8.942704,0.7378129
11242,NFU1,8.669194,1.8445684
11243,NFX1,9.396104,6.3287535
11244,NFXL1,9.538317,6.228561
11245,NFYA,5.8486943,3.9254348
11246,NFYB,6.2264533,3.04632
11247,NFYC,6.0033703,4.219825
11248,NGB,10.123855,2.6108708
11249,NGDN,8.061561,3.5688908
11250,NGEF,9.728177,6.5212474
11251,NGF,13.217863,5.6809807
11252,NGFR,12.83854,5.3547683
11253,NGLY1,10.3316965,5.917077
11254,NGRN,8.729833,6.276618
11255,NHEJ1,9.649306,5.4669123
11256,NHERF1,8.02344,4.3332067
11257,NHERF2,8.167896,4.152707
11258,NHERF4,11.52163,6.810298
11259,NHLH1,5.7935724,3.9182692
11260,NHLH2,5.903138,3.738832
11261,NHLRC1,11.16879,6.4904623
11262,NHLRC2,10.604489,4.3665786
11263,NHLRC3,13.598252,6.4614983
11264,NHLRC4,11.683883,5.994033
11265,NHP2,8.377995,1.0767305
11266,NHS,8.994057,9.059501
11267,NHSL1,8.851729,9.086131
11268,NHSL2,8.896661,9.030278
11269,NHSL3,8.655079,8.964971
11270,NIBAN1,9.201272,6.5637536
11271,NIBAN2,9.555771,4.8712087
11272,NIBAN3,11.335403,7.227672
11273,NICN1,9.920491,5.6810627
11274,NICOL1,7.449245,4.872534
11275,NID1,13.49408,6.5635405
11276,NID2,13.154446,6.1270094
11277,NIF3L1,10.525692,4.2134676
11278,NIFK,8.40885,3.9296901
11279,NIM1K,9.149176,2.5619848
11280,NIN,9.801323,8.227766
11281,NINJ1,11.322366,0.9403701
11282,NINJ2,11.453632,0.96776325
11283,NINL,9.371451,7.026892
11284,NIP7,7.886933,1.0691966
11285,NIPA1,12.548836,1.7041698
11286,NIPA2,11.988411,0.8583428
11287,NIPAL1,12.04655,1.0455667
11288,NIPAL2,12.633854,1.3867884
11289,NIPAL3,13.068703,2.7774198
11290,NIPAL4,12.386125,1.4957408
11291,NIPBL,8.094163,7.427732
11292,NIPSNAP1,8.569601,1.490442
11293,NIPSNAP2,8.737139,1.6737831
11294,NIPSNAP3A,9.77719,1.6034318
11295,NIPSNAP3B,9.85703,1.6936066
11296,NISCH,10.739063,7.9120226
11297,NIT1,10.460763,2.759738
11298,NIT2,9.416715,0.6224534
11299,NKAIN1,11.446545,1.1156045
11300,NKAIN2,11.408147,1.1792227
11301,NKAIN3,11.603741,1.2828022
11302,NKAIN4,11.853131,1.4971215
11303,NKAP,7.420617,4.211898
11304,NKAPD1,8.360417,6.217823
11305,NKAPL,7.5988107,4.268433
11306,NKAPP1,9.2386875,13.981994
11307,NKD1,7.7525105,5.860136
11308,NKD2,7.4863153,5.3504376
11309,NKG7,12.85068,1.5643477
11310,NKIRAS1,7.8441677,1.2349175
11311,NKIRAS2,7.854732,1.2879978
11312,NKPD1,10.979958,4.896233
11313,NKRF,10.436783,8.177884
11314,NKTR,8.786456,8.099896
11315,NKX1-1,5.8794475,5.084744
11316,NKX1-2,5.916124,5.0821495
11317,NKX2-1,5.301665,4.312648
11318,NKX2-2,5.521719,4.2305694
11319,NKX2-3,5.600922,4.851152
11320,NKX2-4,5.271456,4.3078175
11321,NKX2-5,5.72785,4.9836035
11322,NKX2-6,6.0557046,5.2738633
11323,NKX2-8,5.950621,5.0952644
11324,NKX3-1,6.0234656,5.1238303
11325,NKX3-2,5.935827,5.0907154
11326,NKX6-1,5.2229424,4.2525835
11327,NKX6-2,5.3328524,4.2967567
11328,NKX6-3,5.573555,4.6647973
11329,NLE1,9.118968,2.4891741
11330,NLGN1,13.2184515,4.8300934
11331,NLGN2,12.741443,4.75801
11332,NLGN3,13.033755,4.774513
11333,NLGN4X,13.225546,4.7603645
11334,NLGN4Y,13.218836,4.7786975
11335,NLK,8.376819,3.4071662
11336,NLN,9.999281,1.7777625
11337,NLRC3,11.384995,6.7605386
11338,NLRC4,11.139282,8.08603
11339,NLRC5,11.385897,7.5710926
11340,NLRP1,11.613164,7.0497684
11341,NLRP10,11.535528,7.264725
11342,NLRP11,11.474843,7.412642
11343,NLRP12,11.730244,6.956649
11344,NLRP13,11.637382,7.2240443
11345,NLRP14,11.678363,7.204785
11346,NLRP2,11.561394,7.233135
11347,NLRP2B,9.686422,13.088705
11348,NLRP3,11.713232,7.1074314
11349,NLRP4,11.636243,7.189691
11350,NLRP5,11.502325,7.255525
11351,NLRP6,11.277193,6.405576
11352,NLRP7,11.556941,7.2508116
11353,NLRP8,11.519912,7.300282
11354,NLRP9,11.672225,7.240305
11355,NLRX1,11.444653,7.8352427
11356,NMB,7.7978616,4.870689
11357,NMBR,13.75295,1.6038759
11358,NMD3,9.270305,2.843578
11359,NME1,6.9912705,0.14890708
11360,NME2,7.048414,0.12753934
11361,NME2P1,6.745733,-0.018020347
11362,NME3,9.39305,1.0486896
11363,NME4,9.481993,1.935159
11364,NME5,9.225254,2.5807006
11365,NME6,9.473601,1.8133907
11366,NME7,9.521701,2.3649018
11367,NME8,10.167915,5.1546235
11368,NME9,9.836889,3.614631
11369,NMES1,10.473571,1.2072026
11370,NMI,10.115709,6.3286157
11371,NMNAT1,9.417665,2.4488652
11372,NMNAT2,10.55726,6.0527263
11373,NMNAT3,9.821613,2.4006023
11374,NMRAL1,10.162467,2.0451427
11375,NMRK1,9.41403,2.3105896
11376,NMRK2,9.634692,2.4411602
11377,NMS,8.499212,6.072377
11378,NMT1,8.646591,2.2244964
11379,NMT2,8.796165,2.5566454
11380,NMU,7.6136503,4.373115
11381,NMUR1,13.3688345,1.4444088
11382,NMUR2,13.733876,1.5845987
11383,NNAT,8.911633,13.869154
11384,NNMT,10.587139,3.1008089
11385,NNT,8.992955,0.79071707
11386,NOA1,10.2611065,4.66509
11387,NOB1,8.310052,2.862852
11388,NOBOX,9.235696,10.268651
11389,NOC2L,9.304729,4.2563653
11390,NOC3L,9.29551,4.3381567
11391,NOC4L,10.722794,4.0131364
11392,NOCT,10.124291,3.6383586
11393,NOD1,11.398804,7.191102
11394,NOD2,11.383823,6.8754945
11395,NODAL,12.161845,6.5276794
11396,NOG,12.645503,4.932983
11397,NOL10,8.588412,2.7703562
11398,NOL11,10.953729,8.102625
11399,NOL12,7.4473195,3.3416307
11400,NOL3,8.2847805,7.5052876
11401,NOL4,6.9839997,4.816386
11402,NOL4L,6.639951,4.9653215
11403,NOL6,10.8323145,4.936522
11404,NOL7,8.475902,5.359925
11405,NOL8,9.013972,8.081725
11406,NOL9,10.51969,6.6134644
11407,NOLC1,7.1309,3.9214356
11408,NOM1,7.9492197,3.15524
11409,NOMO1,13.178132,7.7425246
11410,NOMO2,13.163512,7.7497587
11411,NOMO3,13.164677,7.770121
11412,NONO,6.969671,4.082135
11413,NOP10,6.894959,0.44418517
11414,NOP14,8.1492195,3.831241
11415,NOP16,7.845248,2.471622
11416,NOP2,8.069206,4.777495
11417,NOP53,7.9755955,4.084097
11418,NOP56,8.103635,2.6370637
11419,NOP58,8.17648,2.5224717
11420,NOP9,11.025326,6.100134
11421,NOPCHAP1,7.436442,3.7492769
11422,NOS1,10.788323,7.764832
11423,NOS1AP,6.926363,3.7315583
11424,NOS2,10.902455,7.7157254
11425,NOS3,11.31869,7.235066
11426,NOSIP,7.7167735,2.5826898
11427,NOSTRIN,9.565703,4.81264
11428,NOTCH1,13.498185,6.1761007
11429,NOTCH2,13.528534,6.1111283
11430,NOTCH2NLA,13.628107,6.7707286
11431,NOTCH2NLB,13.560415,6.7347274
11432,NOTCH2NLC,13.509769,6.8049335
11433,NOTCH2NLR,13.576441,6.710279
11434,NOTCH3,12.676198,5.960345
11435,NOTCH4,12.2960825,6.2048106
11436,NOTO,8.101674,7.087306
11437,NOTUM,12.705852,4.604886
11438,NOVA1,6.5696006,3.8486445
11439,NOVA2,6.4857183,3.6777465
11440,NOX1,11.9391165,2.085824
11441,NOX3,12.052394,2.0967548
11442,NOX4,12.488283,2.6954525
11443,NOX5,11.0535555,2.528741
11444,NOXA1,11.43489,5.1287084
11445,NOXO1,10.897876,5.466236
11446,NOXRED1,10.934007,8.245913
11447,NPAP1,9.143747,10.467256
11448,NPAS1,7.978172,5.949833
11449,NPAS2,7.559385,6.113875
11450,NPAS3,7.2971807,6.0536733
11451,NPAS4,8.9732685,8.506387
11452,NPAT,9.227825,9.91389
11453,NPB,7.936362,5.8168173
11454,NPBWR1,13.4686775,1.5534602
11455,NPBWR2,13.471264,1.4244264
11456,NPC1,12.15284,2.3142328
11457,NPC1L1,12.618379,3.2122152
11458,NPC2,13.507229,4.2372475
11459,NPDC1,7.837199,5.8309407
11460,NPEPL1,9.951564,2.41871
11461,NPEPPS,9.733587,1.4739834
11462,NPEPPSL1,9.585333,1.3668904
11463,NPFF,7.750511,5.1672997
11464,NPFFR1,13.296786,1.300339
11465,NPFFR2,13.649931,1.5086106
11466,NPHP1,10.521622,7.7730656
11467,NPHP3,10.977294,8.118355
11468,NPHP4,10.914928,9.720456
11469,NPHS1,12.509994,6.4107533
11470,NPHS2,9.907155,3.63877
11471,NPIPA1,9.505947,12.557972
11472,NPIPA2,9.505825,12.550234
11473,NPIPA3,9.487372,12.5939245
11474,NPIPA5,9.510112,12.542107
11475,NPIPA6,9.484143,12.530767
11476,NPIPA7,9.460943,12.501878
11477,NPIPA8,9.469898,12.525293
11478,NPIPA9,9.505085,12.503502
11479,NPIPB11,7.588559,9.659172
11480,NPIPB12,7.601657,9.614982
11481,NPIPB13,7.5891695,9.663606
11482,NPIPB15,9.501748,12.5139065
11483,NPIPB2,9.500501,12.506762
11484,NPIPB3,9.439245,12.487135
11485,NPIPB4,7.5797963,9.664796
11486,NPIPB5,7.573018,9.666368
11487,NPIPB6,9.510519,12.492599
11488,NPIPB7,9.480827,12.490964
11489,NPIPB8,9.492989,12.520946
11490,NPIPB9,9.509854,12.504698
11491,NPL,10.3012705,1.9700346
11492,NPLOC4,9.53196,3.5613449
11493,NPM1,6.3380284,0.8610333
11494,NPM2,7.660465,3.8967586
11495,NPM3,8.691725,4.3419046
11496,NPNT,13.088298,5.5883126
11497,NPPA,8.446889,5.912926
11498,NPPB,8.309964,6.1443534
11499,NPPC,7.495842,5.2178082
11500,NPR1,10.964499,2.6340802
11501,NPR2,10.923065,2.6558928
11502,NPR3,12.798261,3.5708761
11503,NPRL2,9.935653,3.4730756
11504,NPRL3,9.988758,4.9235992
11505,NPS,9.104983,13.620905
11506,NPSR1,13.870077,1.814955
11507,NPTN,13.7379055,5.1069827
11508,NPTX1,5.420355,1.8567247
11509,NPTX2,12.176287,4.861193
11510,NPTXR,12.017762,5.186477
11511,NPVF,10.21705,9.751485
11512,NPW,8.336146,6.7508206
11513,NPY,6.9263434,2.7429273
11514,NPY1R,13.78787,2.1061065
11515,NPY2R,13.760434,1.9821318
11516,NPY4R,13.869088,1.8869303
11517,NPY4R2,13.839499,1.9381753
11518,NPY5R,13.8403225,2.6413598
11519,NPY6R,13.812636,2.478277
11520,NQO1,10.230952,2.2883766
11521,NQO2,9.520384,1.3734164
11522,NR0B1,8.746435,6.6840453
11523,NR0B2,12.869143,1.825428
11524,NR1D1,7.270765,5.7546024
11525,NR1D2,7.854429,4.325592
11526,NR1H2,8.922719,4.421301
11527,NR1H3,9.218695,4.260125
11528,NR1H4,9.877543,6.125603
11529,NR1I2,9.604499,4.170554
11530,NR1I3,9.650984,4.0849113
11531,NR2C1,8.028578,6.7073
11532,NR2C2,7.148134,5.06599
11533,NR2C2AP,9.430591,1.4502376
11534,NR2E1,8.394676,3.619965
11535,NR2E3,11.2411585,1.9523298
11536,NR2F1,6.150865,2.56682
11537,NR2F2,6.0945663,2.6301572
11538,NR2F6,6.403054,3.650664
11539,NR3C1,8.005659,7.236684
11540,NR3C2,8.481737,8.03348
11541,NR4A1,7.334081,5.8331013
11542,NR4A2,7.19478,5.608445
11543,NR4A3,7.301137,5.8223658
11544,NR5A1,8.517871,3.889772
11545,NR5A2,8.356812,3.8140306
11546,NR6A1,10.263204,7.2732654
11547,NRAC,8.179034,6.036436
11548,NRAP,9.055566,6.274157
11549,NRARP,9.103692,2.9703064
11550,NRAS,6.9010835,0.2404643
11551,NRBF2,8.538517,5.0516305
11552,NRBP1,8.652902,3.374636
11553,NRBP2,9.286433,3.5785851
11554,NRCAM,13.740039,5.1568894
11555,NRDC,9.985815,3.6320374
11556,NRDE2,10.897334,8.073934
11557,NREP,8.933361,13.73943
11558,NRF1,6.177012,4.286489
11559,NRG1,7.4600444,5.4788985
11560,NRG2,7.7059355,6.4020534
11561,NRG3,9.0322275,9.216282
11562,NRG4,8.423019,3.6781766
11563,NRGN,7.6137633,5.080356
11564,NRIP1,9.331679,9.994547
11565,NRIP2,9.700012,8.876224
11566,NRIP3,10.217463,8.011396
11567,NRK,9.895036,9.276376
11568,NRL,7.204159,5.316579
11569,NRM,13.142309,2.1283803
11570,NRN1,7.5756135,2.5707762
11571,NRN1L,7.9915366,6.1012187
11572,NRP1,13.773414,6.676948
11573,NRP2,13.685712,6.8382044
11574,NRROS,12.393336,6.4085584
11575,NRSN1,8.934276,5.2370677
11576,NRSN2,8.721684,6.5739617
11577,NRTN,11.88682,4.987207
11578,NRXN1,6.289493,2.271882
11579,NRXN2,11.656206,3.4648404
11580,NRXN3,11.448376,3.1622825
11581,NSA2,7.561373,1.8155202
11582,NSD1,9.370252,9.24345
11583,NSD2,8.972626,5.5615964
11584,NSD3,9.048141,6.3974333
11585,NSDHL,10.365225,2.0786452
11586,NSF,9.053653,2.0017252
11587,NSFL1C,7.820558,3.1368449
11588,NSG1,6.967377,3.7239165
11589,NSG2,7.0526137,3.9730208
11590,NSL1,9.632299,6.650053
11591,NSMAF,10.686711,6.2948046
11592,NSMCE1,9.816651,3.4550653
11593,NSMCE2,8.298808,2.7620656
11594,NSMCE3,9.468042,7.2333245
11595,NSMCE4A,9.024177,4.5184026
11596,NSMF,7.4602275,4.327513
11597,NSRP1,7.6378813,4.3022695
11598,NSUN2,9.546092,3.977195
11599,NSUN3,10.177743,3.6441267
11600,NSUN4,10.214068,3.59254
11601,NSUN5,10.504181,2.8928208
11602,NSUN5P1,11.263446,5.28605
11603,NSUN5P2,11.27671,5.391025
11604,NSUN6,9.554987,2.4090507
11605,NSUN7,10.182331,6.508229
11606,NT5C,9.574121,1.8935322
11607,NT5C1A,8.821165,1.8022074
11608,NT5C1B,9.165505,6.841691
11609,NT5C2,8.95746,2.1246696
11610,NT5C3A,9.152487,2.2742484
11611,NT5C3B,8.851839,1.681
11612,NT5DC1,10.0088625,3.4711287
11613,NT5DC2,10.23588,3.726958
11614,NT5DC3,10.232829,3.7112267
11615,NT5DC4,10.290122,4.076134
11616,NT5E,13.607708,4.027006
11617,NT5M,9.496431,1.9765129
11618,NTAN1,9.938577,3.361536
11619,NTAQ1,9.42463,2.7606344
11620,NTF3,13.297083,5.7090497
11621,NTF4,11.9904585,5.108749
11622,NTHL1,9.876533,2.1166863
11623,NTM,11.543345,3.1471825
11624,NTM-AS1,9.9545765,14.171998
11625,NTMT1,9.716134,1.8312644
11626,NTMT2,10.59169,6.2391872
11627,NTN1,11.360856,2.9962065
11628,NTN3,12.0122385,4.9721155
11629,NTN4,13.366832,5.5286427
11630,NTN5,12.146433,5.5584726
11631,NTNG1,13.082728,4.5345244
11632,NTNG2,11.536795,3.1171308
11633,NTPCR,8.556978,1.1685824
11634,NTRK1,12.27949,5.174854
11635,NTRK2,13.167724,4.6899633
11636,NTRK3,13.138739,4.7332673
11637,NTS,8.493539,5.831299
11638,NTSR1,13.523464,1.5465275
11639,NTSR2,13.470323,1.7840565
11640,NUAK1,8.488527,5.891505
11641,NUAK2,8.394674,6.079763
11642,NUB1,10.037947,5.11895
11643,NUBP1,9.251715,1.2030591
11644,NUBP2,9.708187,1.698326
11645,NUBPL,9.136273,1.0386732
11646,NUCB1,8.06469,4.106178
11647,NUCB2,8.209263,2.7620835
11648,NUCKS1,6.674759,3.2302241
11649,NUDC,7.65852,2.38099
11650,NUDCD1,11.035413,8.984882
11651,NUDCD2,8.873274,2.152503
11652,NUDCD3,7.6072526,3.0526688
11653,NUDT1,8.837002,0.7847955
11654,NUDT10,7.308632,1.1035897
11655,NUDT11,7.2941017,1.0811234
11656,NUDT12,10.558679,4.433161
11657,NUDT13,10.5996,4.6213503
11658,NUDT14,9.841915,1.9187698
11659,NUDT15,9.546317,1.4451528
11660,NUDT16,10.113303,2.7440615
11661,NUDT16L1,10.083265,3.1212077
11662,NUDT17,11.005558,4.560055
11663,NUDT18,11.104103,5.8016753
11664,NUDT19,10.989197,4.496708
11665,NUDT2,9.783062,1.5306427
11666,NUDT21,7.8512526,1.2702408
11667,NUDT22,10.660581,3.2147539
11668,NUDT3,7.274218,1.0766746
11669,NUDT4,7.307835,1.1169463
11670,NUDT4B,7.27016,1.1131186
11671,NUDT5,10.247179,2.1358995
11672,NUDT6,10.152804,2.8422606
11673,NUDT7,10.108756,2.5318983
11674,NUDT8,10.813515,3.4528136
11675,NUDT9,9.578365,4.0165477
11676,NUF2,10.764535,8.50465
11677,NUFIP1,8.91796,7.9933724
11678,NUFIP2,9.195851,9.861942
11679,NUGGC,10.692737,7.461596
11680,NUMA1,9.660963,8.760826
11681,NUMB,6.216179,4.1374655
11682,NUMBL,6.508649,4.3776035
11683,NUP107,10.057819,5.5935535
11684,NUP133,11.04978,9.711896
11685,NUP153,7.3259954,7.501894
11686,NUP155,11.086598,9.073465
11687,NUP160,11.077722,9.494926
11688,NUP188,11.041535,10.35387
11689,NUP205,11.0111065,10.483723
11690,NUP210,13.096022,7.71304
11691,NUP210L,13.119542,7.8396277
11692,NUP214,7.256533,7.458474
11693,NUP35,6.4840164,4.4266167
11694,NUP37,10.876089,6.6195846
11695,NUP42,7.2743316,6.316823
11696,NUP43,10.88305,6.7017345
11697,NUP50,7.1994214,4.3645496
11698,NUP54,7.746176,4.162497
11699,NUP58,6.321962,4.437661
11700,NUP62,6.302951,4.448783
11701,NUP62CL,9.106266,6.571669
11702,NUP85,10.954361,8.0776205
11703,NUP88,10.99205,7.9775186
11704,NUP93,10.187063,5.8852243
11705,NUP98,7.8884597,5.7400827
11706,NUPR1,10.02103,11.762195
11707,NUPR2,9.796014,12.3183975
11708,NUS1,10.048405,3.259245
11709,NUSAP1,7.408608,4.0808086
11710,NUTF2,7.5389366,0.40192482
11711,NUTM1,9.239638,10.195272
11712,NUTM2A,9.167792,9.892685
11713,NUTM2B,9.153008,9.871598
11714,NUTM2D,9.11051,9.826318
11715,NUTM2E,9.163351,9.918235
11716,NUTM2F,9.04765,9.780025
11717,NUTM2G,9.075598,9.779963
11718,NVL,8.599429,2.174789
11719,NWD1,11.1969,7.3174496
11720,NWD2,11.070516,8.35426
11721,NXF1,8.118981,2.8962324
11722,NXF2,8.699533,3.8375196
11723,NXF2B,8.673443,3.843393
11724,NXF3,9.472119,7.572415
11725,NXF5,9.415761,6.97096
11726,NXN,10.262859,3.4540222
11727,NXNL1,10.380227,4.7958355
11728,NXNL2,10.0592985,2.5504916
11729,NXPE1,13.726736,4.711394
11730,NXPE2,13.713536,4.76327
11731,NXPE3,13.630985,4.7337613
11732,NXPE4,13.681401,4.75585
11733,NXPH1,9.067062,7.0282845
11734,NXPH2,9.112482,6.934312
11735,NXPH3,9.131021,7.217302
11736,NXPH4,8.646102,7.5988865
11737,NXT1,8.417373,1.5158426
11738,NXT2,8.101032,1.2071645
11739,NYAP1,8.771922,9.01607
11740,NYAP2,8.476919,8.617525
11741,NYNRIN,10.47576,9.873579
11742,NYX,12.093338,6.2540765
11743,OAF,12.599463,5.1794395
11744,OARD1,8.709015,0.8744414
11745,OAS1,9.784312,3.47097
11746,OAS2,10.385447,6.1125484
11747,OAS3,10.992321,4.952948
11748,OASL,10.626398,5.827924
11749,OAT,9.122656,0.7442775
11750,OAZ1,9.190958,5.9149213
11751,OAZ2,9.259747,5.2574835
11752,OAZ3,11.047725,8.831108
11753,OBI1,9.3733835,9.064579
11754,OBP2A,14.416197,5.861201
11755,OBP2B,14.417365,5.8508506
11756,OBSCN,12.323231,5.166417
11757,OBSCN-AS1,9.488644,14.237409
11758,OBSL1,11.915964,5.061146
11759,OC90,12.664238,6.1387167
11760,OCA2,12.456638,2.2546914
11761,OCC1,6.4023566,2.8602657
11762,OCEL1,8.352526,6.280968
11763,OCIAD1,7.868896,5.0530143
11764,OCIAD2,9.0105715,5.1700454
11765,OCLN,7.8049264,4.5172276
11766,OCM,8.357236,2.5196342
11767,OCM2,8.326003,2.5104315
11768,OCR1,9.148708,13.613051
11769,OCRL,10.101614,4.400963
11770,OCSTAMP,11.70615,7.2755857
11771,ODAD1,9.187866,5.6251707
11772,ODAD2,10.1819,6.30085
11773,ODAD3,9.155057,5.197273
11774,ODAD4,9.754324,6.060147
11775,ODAM,8.724125,9.7830515
11776,ODAPH,9.159116,10.189585
11777,ODC1,9.069154,1.7310392
11778,ODF1,9.9463005,7.5472007
11779,ODF2,9.83033,8.276282
11780,ODF2L,10.238287,9.312706
11781,ODF4,9.559235,7.406479
11782,ODR4,10.755928,8.201368
11783,OFCC1,10.029743,12.141213
11784,OFD1,8.795719,5.423752
11785,OGA,9.804378,5.2609544
11786,OGDH,9.833719,1.7846959
11787,OGDHL,10.04977,2.033798
11788,OGFOD1,9.574762,3.1939678
11789,OGFOD2,10.739222,4.9163027
11790,OGFOD3,11.83551,3.6031582
11791,OGFR,8.089747,6.981925
11792,OGFRL1,8.345994,5.023663
11793,OGG1,10.5206785,2.9959419
11794,OGN,13.442826,5.5005436
11795,OGT,10.620568,4.907772
11796,OIP5,9.693507,6.2890706
11797,OIT3,13.085562,7.744937
11798,OLA1,8.727271,0.7964627
11799,OLAH,10.900677,6.100035
11800,OLFM1,13.434636,5.359281
11801,OLFM2,12.980989,4.9872646
11802,OLFM3,13.480461,5.2258987
11803,OLFM4,13.512795,5.3851824
11804,OLFML1,13.168201,6.7903833
11805,OLFML2A,12.653507,5.238681
11806,OLFML2B,12.766324,5.216968
11807,OLFML3,13.001642,6.233192
11808,OLIG1,7.128394,6.144693
11809,OLIG2,5.2939367,4.3233194
11810,OLIG3,5.518948,4.2685094
11811,OLR1,14.866511,6.506755
11812,OMA1,9.984265,5.0079384
11813,OMD,13.384348,7.673196
11814,OMG,13.016387,7.633594
11815,OMP,10.701268,11.8621645
11816,ONECUT1,5.3759217,4.075602
11817,ONECUT2,5.331703,4.083283
11818,ONECUT3,5.369267,4.5915937
11819,OOEP,10.102845,4.427853
11820,OOSP1,9.340699,13.534644
11821,OOSP2,9.732936,13.044661
11822,OOSP3,9.5585165,13.291653
11823,OOSP4A,9.391334,13.50298
11824,OOSP4B,9.677573,13.111399
11825,OPA1,9.710169,4.8208766
11826,OPA3,8.0178585,2.9841633
11827,OPALIN,10.292101,11.270717
11828,OPCML,11.553648,3.158668
11829,OPHN1,8.655224,4.41323
11830,OPLAH,9.808219,1.7610071
11831,OPN1LW,12.403305,1.2519139
11832,OPN1MW,12.350998,1.3496956
11833,OPN1MW2,12.392362,1.3130566
11834,OPN1MW3,12.3909855,1.2482259
11835,OPN1SW,12.288634,1.1574135
11836,OPN3,13.72223,1.911286
11837,OPN4,13.175084,1.4789604
11838,OPN5,13.232032,2.0328505
11839,OPRD1,13.186505,1.1874357
11840,OPRK1,13.1528635,1.1109601
11841,OPRL1,13.18168,1.1267815
11842,OPRM1,13.069219,1.0661521
11843,OPRPN,9.034712,10.162129
11844,OPTC,13.036703,5.3749967
11845,OPTN,8.741212,5.2834387
11846,OR10A2,7.685034,-8.905307
11847,OR10A3,7.609752,-8.852686
11848,OR10A4,7.647109,-8.88826
11849,OR10A5,7.6513886,-8.856972
11850,OR10A6,7.6234546,-8.7979765
11851,OR10A7,7.6835546,-8.938933
11852,OR10AC1,13.49699,1.7414479
11853,OR10AD1,7.519508,-8.7623205
11854,OR10AG1,7.633034,-8.843499
11855,OR10C1,7.5777864,-8.9019
11856,OR10D3,7.4988866,-8.838379
11857,OR10D4P,7.5300045,-8.821973
11858,OR10G2,7.4980135,-8.848472
11859,OR10G3,7.486383,-8.850608
11860,OR10G4,7.477442,-8.87571
11861,OR10G6,7.5342717,-8.820464
11862,OR10G7,7.4954934,-8.866882
11863,OR10G8,7.4470663,-8.84653
11864,OR10G9,7.4896755,-8.864864
11865,OR10H1,7.5368533,-8.879498
11866,OR10H2,7.529457,-8.876353
11867,OR10H3,7.5353107,-8.823002
11868,OR10H4,7.5549674,-8.835706
11869,OR10H5,7.539202,-8.852507
11870,OR10J1,7.6707225,-8.923418
11871,OR10J3,7.5747848,-8.845521
11872,OR10J4,7.670465,-8.89579
11873,OR10J5,7.6307774,-8.849922
11874,OR10J6P,7.6196785,-8.858248
11875,OR10K1,7.600239,-8.865592
11876,OR10K2,7.6035795,-8.8664
11877,OR10P1,7.584291,-8.915058
11878,OR10Q1,7.569518,-8.857034
11879,OR10R2,7.615952,-8.874997
11880,OR10S1,7.4610653,-8.814072
11881,OR10T2,7.6263695,-8.883182
11882,OR10V1,7.614146,-8.867719
11883,OR10W1,7.592757,-8.8570795
11884,OR10X1,7.674475,-8.88532
11885,OR10Z1,7.584114,-8.887041
11886,OR11A1,7.554658,-8.812418
11887,OR11G2,7.4995723,-8.698805
11888,OR11H1,7.5020947,-8.704274
11889,OR11H12,7.496549,-8.715875
11890,OR11H2,7.4275703,-8.657069
11891,OR11H4,7.481239,-8.74285
11892,OR11H6,7.5239124,-8.758997
11893,OR11H7,7.5589375,-8.804888
11894,OR11L1,7.550705,-8.813357
11895,OR12D1,7.5882916,-8.789452
11896,OR12D2,7.572916,-8.817439
11897,OR12D3,7.556187,-8.785846
11898,OR13A1,7.491743,-8.794702
11899,OR13C2,7.8113527,-9.031242
11900,OR13C3,7.78044,-8.9095545
11901,OR13C4,7.811163,-8.999197
11902,OR13C5,7.7724485,-8.942812
11903,OR13C6P,7.752978,-8.92751
11904,OR13C7,7.8100467,-9.045748
11905,OR13C8,7.7938914,-9.011833
11906,OR13C9,7.819264,-9.026477
11907,OR13D1,7.817181,-8.8359995
11908,OR13F1,7.778572,-8.937207
11909,OR13G1,7.6041055,-8.790141
11910,OR13H1,7.702629,-8.914866
11911,OR13J1,7.622385,-8.858211
11912,OR14A16,7.9345007,-8.51551
11913,OR14A2,7.90511,-8.541985
11914,OR14C36,7.9521775,-8.558547
11915,OR14I1,7.9274526,-8.516328
11916,OR14J1,7.9103312,-8.529774
11917,OR14K1,7.885859,-8.52833
11918,OR14L1,7.940301,-8.509557
11919,OR1A1,7.9325533,-8.543116
11920,OR1A2,7.9251895,-8.558485
11921,OR1B1,7.4455805,-8.862339
11922,OR1C1,7.8777657,-8.518308
11923,OR1D2,7.9023676,-8.530575
11924,OR1D4,7.8371916,-8.509511
11925,OR1D5,7.8557153,-8.5411
11926,OR1E1,7.864448,-8.518235
11927,OR1E2,7.8588614,-8.525804
11928,OR1E3,7.7610426,-8.618748
11929,OR1F1,7.87155,-8.514587
11930,OR1F12P,7.8716006,-8.517412
11931,OR1F2P,7.8649125,-8.51612
11932,OR1G1,7.8694754,-8.523859
11933,OR1I1,7.802202,-8.582161
11934,OR1J1,7.8878517,-8.499437
11935,OR1J2,7.868023,-8.515131
11936,OR1J4,7.867163,-8.516614
11937,OR1K1,7.6456046,-8.952242
11938,OR1L1,8.0980215,-8.498257
11939,OR1L3,7.959415,-8.539046
11940,OR1L4,7.956997,-8.523913
11941,OR1L6,7.9745836,-8.53297
11942,OR1L8,7.94129,-8.544136
11943,OR1M1,7.8857617,-8.52236
11944,OR1N1,7.870745,-8.5118685
11945,OR1N2,7.9034758,-8.485156
11946,OR1P1,7.8003125,-8.538752
11947,OR1Q1,7.953063,-8.528828
11948,OR1R1P,13.470984,1.7768161
11949,OR1S1,7.944781,-8.543294
11950,OR1S2,7.9762774,-8.559459
11951,OR2A1,7.6369905,-8.907841
11952,OR2A12,7.622197,-8.869883
11953,OR2A14,7.632273,-8.837222
11954,OR2A2,7.6641097,-8.824315
11955,OR2A25,7.627742,-8.861526
11956,OR2A4,7.5932384,-8.785176
11957,OR2A42,7.6241617,-8.89215
11958,OR2A5,7.6427827,-8.887948
11959,OR2A7,7.5847206,-8.779627
11960,OR2AE1,-2.842561,9.936187
11961,OR2AG1,-2.843498,9.939361
11962,OR2AG2,-2.8424292,9.937084
11963,OR2AJ1,-2.8444617,9.9378805
11964,OR2AK2,-2.8432615,9.938033
11965,OR2AP1,8.585756,-7.2026515
11966,OR2AT4,6.6158266,-8.781141
11967,OR2B11,7.825392,-9.146537
11968,OR2B2,7.76967,-8.902607
11969,OR2B3,7.839017,-9.11813
11970,OR2B6,7.840908,-9.138082
11971,OR2B8P,7.833018,-9.135382
11972,OR2C1,7.850938,-9.18479
11973,OR2C3,7.849578,-9.187385
11974,OR2D2,7.7565503,-8.937338
11975,OR2D3,7.771274,-8.84501
11976,OR2F1,7.666723,-8.878072
11977,OR2F2,7.68286,-8.905305
11978,OR2G2,7.760521,-8.9704275
11979,OR2G3,7.842505,-9.145442
11980,OR2G6,7.873109,-9.200287
11981,OR2H1,7.837398,-9.160407
11982,OR2H2,7.8497624,-9.182112
11983,OR2I1P,13.46182,1.6504378
11984,OR2J1,7.8601537,-9.199308
11985,OR2J2,7.8513103,-9.187553
11986,OR2J3,7.8736315,-9.224439
11987,OR2K2,7.7791033,-8.96382
11988,OR2L13,-2.844023,9.9354315
11989,OR2L2,-2.8412046,9.931707
11990,OR2L3,-2.8427756,9.934704
11991,OR2L5,-2.8404326,9.929649
11992,OR2L8,-2.8436518,9.935412
11993,OR2M2,-2.853126,9.965169
11994,OR2M3,-2.8459375,9.939741
11995,OR2M4,-2.848755,9.941914
11996,OR2M5,-2.847484,9.941212
11997,OR2M7,-2.845883,9.938923
11998,OR2S2,7.8036666,-9.049963
11999,OR2T1,-2.8447802,9.93929
12000,OR2T10,-2.8456943,9.939117
12001,OR2T11,-2.8478882,9.941331
12002,OR2T12,-2.860734,9.956658
12003,OR2T2,-2.848541,9.942483
12004,OR2T27,-2.850491,9.944792
12005,OR2T29,-2.85036,9.944081
12006,OR2T3,-2.8494387,9.944325
12007,OR2T33,-2.8465447,9.942174
12008,OR2T34,-2.8492954,9.943725
12009,OR2T35,-2.864406,9.955473
12010,OR2T4,-2.8492908,9.942906
12011,OR2T5,-2.8482077,9.942247
12012,OR2T6,-2.8489776,9.942253
12013,OR2T7,-2.8503811,9.944105
12014,OR2T8,-2.8485215,9.94433
12015,OR2V1,-2.851677,9.946692
12016,OR2V2,-2.8604295,9.95512
12017,OR2W1,7.82307,-9.093594
12018,OR2W3,7.8415437,-9.176238
12019,OR2W5P,7.5227823,-8.756487
12020,OR2W6P,7.8680573,-9.194217
12021,OR2Y1,7.8668785,-9.2109375
12022,OR2Z1,-2.8342953,9.929968
12023,OR3A1,7.4785023,-8.874229
12024,OR3A2,7.4391837,-8.835265
12025,OR3A3,7.4700136,-8.855578
12026,OR3A4P,7.6342306,-8.645709
12027,OR4A15,14.337698,-7.3758903
12028,OR4A16,14.341829,-7.3726935
12029,OR4A47,14.351165,-7.3690624
12030,OR4A4P,14.351177,-7.3669267
12031,OR4A5,14.340473,-7.37533
12032,OR4A8,14.345508,-7.3706927
12033,OR4B1,14.3924055,-7.3294845
12034,OR4C11,14.340029,-7.37958
12035,OR4C12,14.340818,-7.378386
12036,OR4C13,14.33535,-7.3824735
12037,OR4C15,14.344469,-7.3752823
12038,OR4C16,14.339488,-7.375715
12039,OR4C3,14.341295,-7.377526
12040,OR4C45,14.342416,-7.374281
12041,OR4C46,14.330478,-7.3887157
12042,OR4C5,14.341324,-7.3743725
12043,OR4C6,14.341724,-7.377548
12044,OR4D1,14.406226,-7.3183527
12045,OR4D10,14.4239855,-7.300282
12046,OR4D11,14.426868,-7.2977586
12047,OR4D2,14.411054,-7.3130336
12048,OR4D5,14.409795,-7.314244
12049,OR4D6,14.408749,-7.315162
12050,OR4D9,14.470121,-7.2601986
12051,OR4E1,14.399811,-7.3241363
12052,OR4E2,14.399088,-7.324471
12053,OR4F15,14.399679,-7.323324
12054,OR4F16,14.4094,-7.314584
12055,OR4F17,14.399029,-7.3250613
12056,OR4F21,14.411849,-7.3118877
12057,OR4F29,14.409899,-7.314243
12058,OR4F3,14.409964,-7.314259
12059,OR4F4,14.422265,-7.3018866
12060,OR4F5,14.406009,-7.3180857
12061,OR4F6,14.354078,-7.368823
12062,OR4K1,14.366415,-7.3578377
12063,OR4K13,14.395046,-7.329188
12064,OR4K14,14.398416,-7.32601
12065,OR4K15,14.398491,-7.3259006
12066,OR4K17,14.372854,-7.351272
12067,OR4K2,14.37946,-7.3449674
12068,OR4K3,14.385689,-7.3387294
12069,OR4K5,14.389558,-7.334954
12070,OR4L1,14.373854,-7.3503647
12071,OR4M1,14.383899,-7.3405237
12072,OR4M2,14.395919,-7.327139
12073,OR4M2B,14.397893,-7.325706
12074,OR4N2,14.410617,-7.3138285
12075,OR4N4,14.411281,-7.313126
12076,OR4N4C,14.407983,-7.3164053
12077,OR4N5,14.443115,-7.2815237
12078,OR4P4,14.350821,-7.369245
12079,OR4Q2,14.394905,-7.3294115
12080,OR4Q3,14.410679,-7.314007
12081,OR4S1,14.423179,-7.2993774
12082,OR4S2,14.344726,-7.3754463
12083,OR4X1,14.372745,-7.3496275
12084,OR4X2,14.344684,-7.3736253
12085,OR51A2,6.442805,-8.840786
12086,OR51A4,6.3898964,-8.824256
12087,OR51A7,6.4091635,-8.834372
12088,OR51B2,6.4323235,-8.832485
12089,OR51B4,6.460028,-8.837508
12090,OR51B5,6.4343596,-8.827299
12091,OR51B6,6.4452024,-8.842983
12092,OR51C1P,6.413947,-8.836296
12093,OR51D1,6.444133,-8.857236
12094,OR51E1,6.3800163,-8.8682375
12095,OR51E2,6.3999705,-8.846536
12096,OR51F1,6.4573984,-8.842504
12097,OR51F2,6.4175477,-8.836998
12098,OR51G1,6.4105544,-8.844091
12099,OR51G2,6.39853,-8.848835
12100,OR51H1,6.443202,-8.844047
12101,OR51I1,6.410861,-8.832362
12102,OR51I2,6.398889,-8.847983
12103,OR51J1,6.5893264,-8.826217
12104,OR51L1,6.4026093,-8.84245
12105,OR51M1,6.447072,-8.840812
12106,OR51Q1,6.4449887,-8.845627
12107,OR51S1,6.598491,-8.835391
12108,OR51T1,6.4729886,-8.826774
12109,OR51V1,6.417511,-8.834455
12110,OR52A1,6.3683143,-8.800117
12111,OR52A4P,6.4758005,-8.832178
12112,OR52A5,6.3669887,-8.807299
12113,OR52B2,6.3907714,-8.8384905
12114,OR52B4,6.3908772,-8.823059
12115,OR52B6,6.41537,-8.808011
12116,OR52D1,6.3982005,-8.848764
12117,OR52E1,6.3899517,-8.826402
12118,OR52E2,6.3465033,-8.852734
12119,OR52E4,6.3413105,-8.836808
12120,OR52E5,6.384427,-8.813941
12121,OR52E6,6.3427343,-8.848186
12122,OR52E8,6.370757,-8.828227
12123,OR52H1,6.371392,-8.824423
12124,OR52I1,6.5024834,-8.802668
12125,OR52I2,6.582323,-8.778512
12126,OR52J3,6.37089,-8.823635
12127,OR52K1,6.396083,-8.853977
12128,OR52K2,6.385136,-8.870437
12129,OR52L1,6.4763317,-8.897052
12130,OR52L2P,6.443456,-8.859553
12131,OR52M1,6.4077845,-8.851344
12132,OR52N1,6.364772,-8.801007
12133,OR52N2,6.337029,-8.77057
12134,OR52N4,6.358326,-8.80462
12135,OR52N5,6.3707314,-8.802646
12136,OR52P1,6.4342623,-8.855121
12137,OR52R1,6.382969,-8.842082
12138,OR52W1,6.513039,-8.856095
12139,OR52Z1P,6.385546,-8.807587
12140,OR56A1,6.501366,-8.77931
12141,OR56A3,6.50204,-8.781314
12142,OR56A4,6.5013986,-8.778869
12143,OR56A5,6.4869776,-8.783209
12144,OR56B1,6.531027,-8.768587
12145,OR56B2P,6.5112147,-8.777428
12146,OR56B4,6.517882,-8.777578
12147,OR5A1,8.461282,-8.264792
12148,OR5A2,8.419217,-8.304805
12149,OR5AC1,8.377111,-8.354615
12150,OR5AC2,8.396496,-8.337611
12151,OR5AK2,8.369987,-8.35528
12152,OR5AK3P,8.401306,-8.323418
12153,OR5AL1,8.459243,-8.280218
12154,OR5AN1,8.420654,-8.313684
12155,OR5AP2,8.477722,-8.248029
12156,OR5AR1,8.529655,-8.202363
12157,OR5AS1,8.4227,-8.306611
12158,OR5AU1,8.240669,-8.409685
12159,OR5B12,8.555401,-8.177572
12160,OR5B17,8.378025,-8.3426695
12161,OR5B2,8.536216,-8.197305
12162,OR5B21,8.519252,-8.213109
12163,OR5B3,8.533514,-8.199218
12164,OR5BS1P,7.5435786,-8.808708
12165,OR5C1,7.651283,-8.953645
12166,OR5D13,8.583068,-8.1533575
12167,OR5D14,8.588759,-8.147534
12168,OR5D16,8.5823765,-8.153975
12169,OR5D18,8.605233,-8.132484
12170,OR5D3P,8.588837,-8.149141
12171,OR5F1,8.430663,-8.295809
12172,OR5G3,8.459536,-8.263705
12173,OR5H1,8.369532,-8.368935
12174,OR5H14,8.370036,-8.371638
12175,OR5H15,8.355984,-8.345288
12176,OR5H2,8.348181,-8.401534
12177,OR5H6,8.373759,-8.3576355
12178,OR5H8,8.367262,-8.431923
12179,OR5I1,8.510419,-8.221415
12180,OR5J2,8.398328,-8.277243
12181,OR5K1,8.404561,-8.3534155
12182,OR5K2,8.390722,-8.359972
12183,OR5K3,8.317381,-8.380679
12184,OR5K4,8.329871,-8.403555
12185,OR5L1,8.542877,-8.191841
12186,OR5L2,8.552539,-8.183512
12187,OR5M1,8.475086,-8.251657
12188,OR5M10,8.425867,-8.299673
12189,OR5M11,8.454233,-8.277095
12190,OR5M3,8.495867,-8.239918
12191,OR5M8,8.484903,-8.245236
12192,OR5M9,8.48084,-8.278431
12193,OR5P2,8.3214655,-8.381889
12194,OR5P3,8.427207,-8.299209
12195,OR5T1,8.39128,-8.345997
12196,OR5T2,8.389483,-8.354241
12197,OR5T3,8.410021,-8.341946
12198,OR5V1,7.6925106,-8.850414
12199,OR5W2,8.516209,-8.216394
12200,OR6A2,7.552216,-8.891833
12201,OR6B1,7.597561,-8.824467
12202,OR6B2,7.582063,-8.846538
12203,OR6B3,7.562503,-8.815867
12204,OR6C1,8.591495,-7.1647196
12205,OR6C2,8.593769,-7.1515565
12206,OR6C3,8.591779,-7.1624594
12207,OR6C4,8.59081,-7.1669617
12208,OR6C6,8.594361,-7.151073
12209,OR6C65,8.593805,-7.15441
12210,OR6C68,8.593525,-7.155524
12211,OR6C70,8.59348,-7.1559124
12212,OR6C74,8.594215,-7.1535373
12213,OR6C75,8.594815,-7.1524043
12214,OR6C76,8.60177,-7.135772
12215,OR6F1,7.54949,-8.804818
12216,OR6J1,7.489054,-8.738501
12217,OR6K2,7.4918995,-8.7008
12218,OR6K3,7.481084,-8.707266
12219,OR6K6,7.4775686,-8.703261
12220,OR6M1,7.8317204,-8.78314
12221,OR6N1,7.552144,-8.843117
12222,OR6N2,7.4200563,-8.869378
12223,OR6P1,7.5442867,-8.858596
12224,OR6Q1,7.564495,-8.826348
12225,OR6S1,7.5342803,-8.824996
12226,OR6T1,7.5559363,-8.805523
12227,OR6V1,7.549344,-8.810654
12228,OR6X1,7.703319,-8.877928
12229,OR6Y1,7.5928016,-8.831183
12230,OR7A10,4.558605,-7.003218
12231,OR7A17,4.558569,-7.0032725
12232,OR7A2P,4.5583444,-7.0034647
12233,OR7A5,4.558053,-7.0038853
12234,OR7C1,4.5575256,-7.005227
12235,OR7C2,4.55727,-7.004979
12236,OR7D2,4.5576077,-7.005047
12237,OR7D4,4.557573,-7.004893
12238,OR7E24,4.5573645,-7.005291
12239,OR7G1,4.557332,-7.0055103
12240,OR7G2,4.557369,-7.0055637
12241,OR7G3,4.5571914,-7.00539
12242,OR8A1,8.843909,-7.8744717
12243,OR8B12,8.856122,-7.8609385
12244,OR8B2,8.855741,-7.861971
12245,OR8B3,8.861558,-7.8564367
12246,OR8B4,8.854638,-7.8756614
12247,OR8B8,8.86093,-7.856313
12248,OR8D1,8.842105,-7.8751216
12249,OR8D2,8.823928,-7.896976
12250,OR8D4,8.765758,-7.958079
12251,OR8G1,8.856445,-7.8610773
12252,OR8G2P,8.859154,-7.859326
12253,OR8G3P,8.860158,-7.8593693
12254,OR8G5,8.800399,-7.920633
12255,OR8H1,8.452065,-8.278134
12256,OR8H2,8.426147,-8.300497
12257,OR8H3,8.466993,-8.27268
12258,OR8I2,8.510165,-8.223683
12259,OR8J1,8.520899,-8.171965
12260,OR8J2,8.554316,-8.176715
12261,OR8J3,8.510273,-8.222778
12262,OR8K1,8.526843,-8.203581
12263,OR8K3,8.528505,-8.202048
12264,OR8K5,8.5221,-8.209773
12265,OR8S1,7.672611,-8.616027
12266,OR8U1,8.530346,-8.202966
12267,OR8U3,8.55197,-8.1832695
12268,OR8U8,8.514143,-8.219113
12269,OR8U9,8.513572,-8.219262
12270,OR9A1P,7.4505763,-8.620947
12271,OR9A2,7.550073,-8.605226
12272,OR9A4,7.5101542,-8.666599
12273,OR9G1,8.3545885,-8.355473
12274,OR9G4,8.403959,-8.309406
12275,OR9G9,8.367151,-8.340577
12276,OR9I1,8.385805,-8.324182
12277,OR9K2,8.341212,-8.368107
12278,OR9Q1,8.063078,-8.538889
12279,OR9Q2,8.203603,-8.449382
12280,ORAI1,11.360522,1.7877647
12281,ORAI2,11.31926,1.2656478
12282,ORAI3,11.689733,2.1720197
12283,ORC1,9.540808,5.3470855
12284,ORC2,9.110166,4.909998
12285,ORC3,9.991318,4.669627
12286,ORC4,9.133363,2.662526
12287,ORC5,8.998569,2.5172284
12288,ORC6,8.137579,2.808762
12289,ORM1,14.230182,5.9144397
12290,ORM2,14.311552,5.8551044
12291,ORMDL1,10.897709,11.363122
12292,ORMDL2,10.897101,11.337964
12293,ORMDL3,10.8841715,11.283918
12294,OS9,7.672349,4.111422
12295,OSBP,8.319963,3.2806334
12296,OSBP2,8.688835,4.5204773
12297,OSBPL10,8.477448,4.019143
12298,OSBPL11,8.849945,4.1587734
12299,OSBPL1A,9.339678,3.1948297
12300,OSBPL2,9.004759,2.8634448
12301,OSBPL3,8.903532,4.197542
12302,OSBPL5,9.317084,5.0596967
12303,OSBPL6,8.831652,4.34041
12304,OSBPL7,9.225065,5.0194945
12305,OSBPL8,8.884909,4.5066485
12306,OSBPL9,8.789542,3.5171325
12307,OSCAR,12.398372,5.5631514
12308,OSCP1,10.724945,11.28072
12309,OSER1,9.551287,10.190753
12310,OSGEP,8.840967,0.56191534
12311,OSGEPL1,9.9923315,2.3858037
12312,OSGIN1,10.336157,3.9530604
12313,OSGIN2,10.553061,4.0409236
12314,OSM,11.713925,7.7161646
12315,OSMR,13.20244,7.345912
12316,OSR1,6.701655,4.9172473
12317,OSR2,6.7341576,4.8507423
12318,OST4,6.4863462,0.11931264
12319,OSTC,10.897682,11.231767
12320,OSTF1,8.106265,1.3030176
12321,OSTM1,12.781103,4.958302
12322,OSTN,8.555924,5.5074573
12323,OTC,9.696407,0.92016083
12324,OTOA,12.937423,7.4223046
12325,OTOF,9.229149,3.5103786
12326,OTOG,12.264964,6.7056084
12327,OTOGL,13.693996,6.6857953
12328,OTOL1,13.26007,5.3956275
12329,OTOP1,12.863552,2.669932
12330,OTOP2,12.762746,2.5108285
12331,OTOP3,12.781773,2.5322902
12332,OTOR,13.328452,4.710114
12333,OTOS,10.149286,9.997541
12334,OTP,5.48639,4.564377
12335,OTUB1,8.347088,1.8682957
12336,OTUB2,10.287963,4.0146713
12337,OTUD1,7.6893816,6.470957
12338,OTUD3,8.723061,4.243748
12339,OTUD4,9.111733,9.357452
12340,OTUD5,7.410082,5.6087613
12341,OTUD6A,9.265859,4.347718
12342,OTUD6B,8.763829,2.5963168
12343,OTUD7A,7.6247044,6.158026
12344,OTUD7B,7.546579,5.835416
12345,OTULIN,9.794063,5.104393
12346,OTULINL,10.603954,6.950654
12347,OTX1,5.2690344,4.15082
12348,OTX2,5.418011,3.9019363
12349,OVCA2,10.653731,3.084211
12350,OVCH1,13.022358,7.4850583
12351,OVCH2,13.801106,6.389446
12352,OVGP1,13.114705,6.764394
12353,OVOL1,6.974266,4.8128676
12354,OVOL2,6.9687085,4.7529993
12355,OVOL3,7.8890357,5.7358975
12356,OVOS1,13.351437,7.110357
12357,OXA1L,11.9177065,2.1451395
12358,OXCT1,8.889803,0.5642405
12359,OXCT2,9.392251,0.981899
12360,OXER1,13.630919,1.7118609
12361,OXGR1,14.00926,1.5950456
12362,OXLD1,8.197647,6.359528
12363,OXNAD1,9.99892,3.3219624
12364,OXR1,8.744534,5.9829235
12365,OXSM,9.718673,0.8704512
12366,OXSR1,7.672134,1.5820079
12367,OXT,7.6580977,4.067387
12368,OXTR,13.323548,1.5104574
12369,P2RX1,12.858224,4.360667
12370,P2RX2,12.621597,5.2697635
12371,P2RX3,11.445185,2.2456708
12372,P2RX4,11.421639,2.3510406
12373,P2RX5,12.722273,4.4608474
12374,P2RX6,12.357117,5.1704564
12375,P2RX7,12.039381,8.253359
12376,P2RY1,13.933924,1.5789187
12377,P2RY10,14.0204115,1.5557481
12378,P2RY11,13.534156,1.8415767
12379,P2RY12,14.041042,1.5600579
12380,P2RY13,14.004252,1.5591828
12381,P2RY14,14.055813,1.4961203
12382,P2RY2,13.488532,1.517255
12383,P2RY4,13.4564295,1.4957714
12384,P2RY6,13.526967,1.5279917
12385,P2RY8,13.596491,1.5215394
12386,P3H1,12.663589,4.889011
12387,P3H2,12.776421,4.8593907
12388,P3H3,12.046041,5.6169405
12389,P3H4,12.093699,5.342524
12390,P3R3URF,9.220579,13.997691
12391,P4HA1,11.087093,2.4254777
12392,P4HA2,10.978609,2.450671
12393,P4HA3,12.699298,4.906064
12394,P4HB,8.792651,2.135089
12395,P4HTM,13.006468,5.4984126
12396,PA2G4,8.121083,1.5362933
12397,PAAF1,10.92249,7.0164704
12398,PAAT,9.165773,6.993814
12399,PABIR1,6.9735775,4.5696816
12400,PABIR2,6.95573,4.5272098
12401,PABIR3,10.120266,9.257126
12402,PABPC1,6.360501,2.5828683
12403,PABPC1L,6.9895263,2.662469
12404,PABPC1L2A,8.388577,1.7815753
12405,PABPC1L2B,8.408294,1.7706398
12406,PABPC3,6.8904867,2.708151
12407,PABPC4,6.4924,2.6239502
12408,PABPC4L,8.5802,1.7900623
12409,PABPC5,9.873053,3.045049
12410,PABPN1,7.093298,4.366969
12411,PABPN1L,8.515168,6.9810324
12412,PACC1,10.990216,10.138805
12413,PACRG,8.448547,3.4325297
12414,PACRGL,8.2316475,2.9364889
12415,PACS1,6.996829,3.7695367
12416,PACS2,7.1096883,3.7576997
12417,PACSIN1,7.4973893,2.990489
12418,PACSIN2,7.56445,3.1148634
12419,PACSIN3,8.162075,4.1501455
12420,PADI1,10.975598,4.3977146
12421,PADI2,10.966868,4.3868675
12422,PADI3,10.974843,4.352736
12423,PADI4,10.934512,4.3634257
12424,PADI6,10.887402,6.9637823
12425,PAEP,14.366808,6.0284066
12426,PAF1,9.933941,10.612744
12427,PAFAH1B1,9.009245,2.4833262
12428,PAFAH1B2,9.211339,1.8867015
12429,PAFAH1B3,9.73359,2.053344
12430,PAFAH2,10.683792,3.673853
12431,PAG1,8.967692,8.911725
12432,PAGE1,9.015016,10.88844
12433,PAGE2,9.145656,11.861202
12434,PAGE2B,9.066898,11.875917
12435,PAGE3,9.846637,12.130348
12436,PAGE4,9.074874,11.857801
12437,PAGE5,9.048959,11.902188
12438,PAGR1,8.732509,8.75997
12439,PAH,9.573064,2.5854723
12440,PAICS,8.896198,1.3359857
12441,PAIP1,7.570357,4.0588093
12442,PAIP2,7.2511816,3.4110506
12443,PAIP2B,7.350275,3.5819638
12444,PAK1,6.6053643,2.370703
12445,PAK1IP1,10.142443,5.047559
12446,PAK2,6.51459,2.2550511
12447,PAK3,6.287208,2.3794653
12448,PAK4,7.7335577,4.4160066
12449,PAK5,8.099133,5.0015926
12450,PAK6,8.576863,6.1864815
12451,PAK6-AS1,10.057488,14.764732
12452,PALB2,9.843126,10.533598
12453,PALD1,11.404679,8.193343
12454,PALLD,7.722641,6.1919627
12455,PALM,6.6808763,3.2070522
12456,PALM2AKAP2,8.44278,8.212072
12457,PALM3,8.357689,8.171411
12458,PALMD,8.272776,5.845732
12459,PALS1,9.128074,3.8974812
12460,PALS2,9.286323,3.0155916
12461,PAM,13.468225,5.652128
12462,PAM16,7.037241,1.6559954
12463,PAMR1,13.333311,7.6507664
12464,PAN2,10.484917,6.484397
12465,PAN3,8.099311,6.6414886
12466,PANK1,9.320902,6.5350285
12467,PANK2,9.419888,6.5518966
12468,PANK3,9.067406,1.9342607
12469,PANK4,10.33305,3.7539213
12470,PANO1,10.055338,14.759414
12471,PANX1,11.579618,2.4361835
12472,PANX2,10.689119,9.165334
12473,PANX3,12.771148,2.7402153
12474,PAOX,10.545572,3.3706715
12475,PAPLN,12.711659,6.006645
12476,PAPOLA,8.003184,3.009696
12477,PAPOLB,8.475223,2.9762874
12478,PAPOLG,8.072481,3.0382247
12479,PAPPA,12.936156,7.871114
12480,PAPPA-AS1,9.204017,13.669453
12481,PAPPA2,12.868914,7.951995
12482,PAPSS1,9.211519,1.4432822
12483,PAPSS2,9.280807,1.2826374
12484,PAQR3,12.272042,2.0024579
12485,PAQR4,13.161055,1.8403177
12486,PAQR5,12.295521,1.984338
12487,PAQR6,12.5316,1.1931044
12488,PAQR7,12.931922,2.1479633
12489,PAQR8,12.870349,2.098097
12490,PAQR9,13.831291,2.6643755
12491,PARD3,6.838402,3.7917416
12492,PARD3B,7.6248617,6.051925
12493,PARD6A,7.952196,5.5297546
12494,PARD6B,7.309408,3.5045934
12495,PARD6G,7.4647503,4.7416534
12496,PARG,9.788737,7.1694303
12497,PARK7,8.5536,0.5664152
12498,PARL,11.840305,1.7486426
12499,PARM1,8.484635,9.743318
12500,PARN,9.222693,2.9812486
12501,PARP1,8.878472,2.9114714
12502,PARP10,11.186012,6.592568
12503,PARP11,10.269858,6.217231
12504,PARP12,9.782072,3.9645052
12505,PARP14,10.250263,6.220278
12506,PARP15,10.269981,5.5720854
12507,PARP16,9.891901,3.2240446
12508,PARP2,8.937734,2.9011955
12509,PARP3,9.396554,2.7403774
12510,PARP4,10.31169,6.667487
12511,PARP6,10.2997875,6.7971177
12512,PARP8,10.067431,6.95139
12513,PARP9,10.3303175,6.156426
12514,PARPBP,10.133012,8.859126
12515,PARS2,10.398902,2.696191
12516,PARVA,7.977919,1.8628038
12517,PARVB,8.254279,2.0065567
12518,PARVG,8.698522,2.3603215
12519,PASD1,9.5569515,10.3431015
12520,PASK,9.596319,8.767792
12521,PATE1,14.485539,5.7384048
12522,PATE2,14.437687,5.709953
12523,PATE3,13.534832,4.824896
12524,PATE4,13.744484,6.3667326
12525,PATJ,8.62297,4.9255
12526,PATL1,9.226766,6.633623
12527,PATL2,9.179202,6.474003
12528,PATZ1,7.845634,7.0002236
12529,PAWR,6.488935,3.7312267
12530,PAX1,7.474101,5.8725886
12531,PAX2,5.6189218,3.5605674
12532,PAX3,5.6853304,3.5264635
12533,PAX4,8.497443,6.394007
12534,PAX5,5.6667824,3.5706747
12535,PAX6,5.731255,3.2828789
12536,PAX7,5.715122,3.544078
12537,PAX8,6.724409,5.5905333
12538,PAX9,5.642561,3.561263
12539,PAXBP1,9.228027,5.064285
12540,PAXIP1,7.5552173,3.9660745
12541,PAXX,10.439276,5.7837706
12542,PBDC1,8.659675,4.4181027
12543,PBK,10.225341,5.2380548
12544,PBLD,9.6391735,1.5196145
12545,PBOV1,9.318253,13.604881
12546,PBRM1,9.568353,6.110161
12547,PBX1,5.7438226,3.2610097
12548,PBX2,5.6723394,4.031865
12549,PBX3,5.748077,3.2859128
12550,PBX4,7.057584,4.4704247
12551,PBXIP1,8.601455,7.9879527
12552,PC,9.550358,1.1421957
12553,PCARE,9.347998,10.3397255
12554,PCBD1,7.868902,0.70517206
12555,PCBD2,8.562065,1.3458493
12556,PCBP1,6.6527243,2.7062426
12557,PCBP2,6.3290606,2.6545792
12558,PCBP3,6.2063527,2.603449
12559,PCBP4,6.5075083,3.601849
12560,PCCA,9.621799,1.207569
12561,PCCB,9.05623,0.6335204
12562,PCDH1,13.289926,6.5597153
12563,PCDH10,12.726661,5.2520733
12564,PCDH11X,13.240568,7.050323
12565,PCDH11Y,13.225274,7.028802
12566,PCDH12,12.663071,6.632357
12567,PCDH15,13.491355,6.3282313
12568,PCDH17,13.270369,6.7012663
12569,PCDH18,13.326098,6.777441
12570,PCDH19,13.318658,6.880491
12571,PCDH20,13.362385,6.8783426
12572,PCDH7,13.5725765,6.558683
12573,PCDH8,12.087024,5.721165
12574,PCDH9,13.379718,6.955088
12575,PCDHA1,12.015941,3.7776098
12576,PCDHA10,11.997648,3.7629354
12577,PCDHA11,12.014926,3.7772136
12578,PCDHA12,12.03779,3.812302
12579,PCDHA13,12.019861,3.7595644
12580,PCDHA2,11.987771,3.8167374
12581,PCDHA3,12.016026,3.7354872
12582,PCDHA4,12.007946,3.7839217
12583,PCDHA5,11.982316,3.7749512
12584,PCDHA6,12.024389,3.7503707
12585,PCDHA7,12.026909,3.7960312
12586,PCDHA8,11.999506,3.7786536
12587,PCDHA9,12.012045,3.7987142
12588,PCDHAC1,12.593446,5.23102
12589,PCDHAC2,12.660062,5.2168784
12590,PCDHB1,15.819989,4.176823
12591,PCDHB10,16.009935,4.060914
12592,PCDHB11,15.979267,4.080825
12593,PCDHB12,15.978226,4.0792065
12594,PCDHB13,16.011175,4.0603247
12595,PCDHB14,15.99615,4.069533
12596,PCDHB15,16.00969,4.059489
12597,PCDHB16,16.012583,4.0567102
12598,PCDHB18P,16.002184,4.061761
12599,PCDHB2,16.013096,4.0591335
12600,PCDHB3,16.01297,4.059989
12601,PCDHB4,16.012077,4.060155
12602,PCDHB5,16.013462,4.0575194
12603,PCDHB6,16.015232,4.0577946
12604,PCDHB7,16.014572,4.0585647
12605,PCDHB8,16.003595,4.06128
12606,PCDHB9,16.014427,4.0585074
12607,PCDHGA1,5.2837853,1.7574749
12608,PCDHGA10,5.270685,1.7482579
12609,PCDHGA11,5.271075,1.7480048
12610,PCDHGA12,5.268242,1.7457486
12611,PCDHGA2,5.2821584,1.7576286
12612,PCDHGA3,5.276028,1.75097
12613,PCDHGA4,5.2780457,1.7491511
12614,PCDHGA5,5.264284,1.738412
12615,PCDHGA6,5.272648,1.7467127
12616,PCDHGA7,5.2776303,1.7494229
12617,PCDHGA8,5.2738957,1.7488166
12618,PCDHGA9,5.2705617,1.746994
12619,PCDHGB1,5.304818,1.775499
12620,PCDHGB2,5.3104205,1.7782229
12621,PCDHGB3,5.323755,1.7873642
12622,PCDHGB4,5.3087835,1.7774078
12623,PCDHGB5,5.289248,1.762982
12624,PCDHGB6,5.301712,1.7753353
12625,PCDHGB7,5.3066764,1.7755506
12626,PCDHGC3,5.3537083,1.8021622
12627,PCDHGC4,12.523535,5.1720414
12628,PCDHGC5,5.353056,1.7978566
12629,PCED1A,9.279194,6.259478
12630,PCED1B,9.420098,6.310092
12631,PCF11,7.475188,7.3884354
12632,PCGF1,9.166051,2.91582
12633,PCGF2,7.162343,3.8424144
12634,PCGF3,7.502632,0.74907565
12635,PCGF5,9.317726,3.1897104
12636,PCGF6,8.619321,4.4109173
12637,PCID2,8.555946,2.335833
12638,PCIF1,10.740354,7.7664156
12639,PCK1,9.680946,1.851138
12640,PCK2,9.837389,1.9855723
12641,PCLAF,6.484962,2.8964393
12642,PCLO,8.40303,9.052902
12643,PCM1,9.6029415,10.1820545
12644,PCMT1,8.800497,0.48889694
12645,PCMTD1,8.878047,2.177253
12646,PCMTD2,9.02836,2.3509254
12647,PCNA,7.8604846,0.7502088
12648,PCNP,6.625593,3.1540973
12649,PCNT,9.684448,8.797739
12650,PCNX1,10.403569,11.440196
12651,PCNX2,10.466932,11.219121
12652,PCNX3,10.37832,10.836419
12653,PCNX4,10.794154,11.351461
12654,PCOLCE,12.699782,5.010685
12655,PCOLCE2,13.667031,5.0938635
12656,PCOTH,12.847621,7.6493406
12657,PCP2,7.495706,5.335817
12658,PCP4,6.333852,1.2234229
12659,PCP4L1,6.454958,2.0239308
12660,PCSK1,13.773003,4.6059394
12661,PCSK1N,9.35768,9.094399
12662,PCSK2,13.716041,4.418703
12663,PCSK4,12.587228,4.743317
12664,PCSK5,13.68127,6.156026
12665,PCSK6,13.274417,4.9788866
12666,PCSK7,13.079761,6.077134
12667,PCSK9,12.739396,6.3360825
12668,PCTP,8.9105,1.7195832
12669,PCYOX1,13.378441,4.206716
12670,PCYOX1L,12.717577,4.4973927
12671,PCYT1A,8.222379,2.2443328
12672,PCYT1B,8.156417,2.2873223
12673,PCYT2,8.853568,1.5436063
12674,PDAP1,7.0668535,2.4051056
12675,PDC,10.076031,6.1218243
12676,PDCD1,12.296836,6.835161
12677,PDCD10,9.931001,5.358067
12678,PDCD11,10.331411,6.2835717
12679,PDCD1LG2,13.950693,6.136435
12680,PDCD2,9.732205,3.24374
12681,PDCD2L,9.321001,4.074808
12682,PDCD4,9.454426,4.29893
12683,PDCD5,7.066089,1.6556348
12684,PDCD6,7.6319237,0.92462254
12685,PDCD6IP,9.221396,4.491121
12686,PDCD7,10.32036,9.89577
12687,PDCL,8.794809,3.1541014
12688,PDCL2,8.85588,2.7542381
12689,PDCL3,8.219799,2.49002
12690,PDE10A,10.095611,7.0170517
12691,PDE11A,10.07705,4.449028
12692,PDE12,10.357034,4.0114813
12693,PDE1A,8.770002,3.0191298
12694,PDE1B,9.053455,3.6825206
12695,PDE1C,8.861312,3.7651947
12696,PDE2A,10.295708,3.59227
12697,PDE3A,9.168866,7.060042
12698,PDE3B,9.3509655,7.195196
12699,PDE4A,7.6578846,4.436665
12700,PDE4B,7.163658,2.7083464
12701,PDE4C,8.168766,3.9065711
12702,PDE4D,7.1046934,2.954846
12703,PDE4DIP,9.772958,8.869083
12704,PDE5A,10.12556,4.225555
12705,PDE6A,10.340749,5.4026504
12706,PDE6B,10.39991,5.40419
12707,PDE6C,10.391428,5.4459295
12708,PDE6D,7.8912897,1.2845967
12709,PDE6G,10.100747,11.623013
12710,PDE6H,10.049065,11.559228
12711,PDE7A,10.293416,5.5449667
12712,PDE7B,10.278258,5.363517
12713,PDE8A,9.985223,4.3387203
12714,PDE8B,10.034935,4.600013
12715,PDE9A,9.982929,4.3832097
12716,PDF,10.8583355,3.3201241
12717,PDGFA,7.042834,2.6801999
12718,PDGFB,13.017391,5.7097077
12719,PDGFC,13.117754,4.9647713
12720,PDGFD,13.483517,5.4584527
12721,PDGFRA,13.525732,6.25605
12722,PDGFRB,13.0641,6.313146
12723,PDGFRL,13.177335,7.78057
12724,PDHA1,8.909555,0.5817449
12725,PDHA2,9.267707,0.6964974
12726,PDHB,9.107655,0.5311561
12727,PDHX,9.099468,2.2315927
12728,PDIA2,11.721775,4.3232236
12729,PDIA3,8.834822,2.173485
12730,PDIA4,8.8263645,2.2190928
12731,PDIA5,13.740786,5.5999966
12732,PDIA6,8.747494,2.035474
12733,PDIK1L,10.945204,7.0007567
12734,PDILT,13.536439,6.907835
12735,PDK1,8.868886,1.8518037
12736,PDK2,8.446653,1.4624305
12737,PDK3,8.707089,1.8848151
12738,PDK4,8.838563,1.9074703
12739,PDLIM1,7.0538635,3.6529486
12740,PDLIM2,7.7343287,5.326616
12741,PDLIM3,7.1237826,3.8015242
12742,PDLIM4,7.7196975,5.2229414
12743,PDLIM5,6.3884015,2.8568766
12744,PDLIM7,6.911828,3.4662726
12745,PDP1,10.469445,5.734184
12746,PDP2,10.518793,5.948443
12747,PDPK1,9.345073,3.781084
12748,PDPK2P,9.401355,3.9162037
12749,PDPN,7.098113,3.993293
12750,PDPR,10.384683,2.6235886
12751,PDRG1,8.196474,2.9344437
12752,PDS5A,10.936668,8.293794
12753,PDS5B,10.800497,8.481701
12754,PDSS1,10.083404,2.5382059
12755,PDSS2,9.801476,3.189368
12756,PDX1,5.975105,5.220854
12757,PDXDC1,10.812792,7.558916
12758,PDXDC2P,10.689661,7.0369606
12759,PDXK,8.526115,1.1653005
12760,PDXP,10.873099,3.317834
12761,PDYN,8.336301,5.7897043
12762,PDZD11,7.503891,0.89528006
12763,PDZD2,9.245116,9.805631
12764,PDZD4,7.31981,4.9818053
12765,PDZD7,8.613892,6.7541523
12766,PDZD8,10.449708,8.410511
12767,PDZD9,10.753775,9.062442
12768,PDZK1,9.087574,3.85662
12769,PDZK1IP1,7.11628,2.8331347
12770,PDZK1P1,9.264515,4.1756477
12771,PDZRN3,7.644551,4.8284087
12772,PDZRN4,8.077359,5.189894
12773,PEA15,9.94031,5.462867
12774,PEAK1,9.460894,9.683073
12775,PEAK3,11.472056,7.577754
12776,PEAR1,12.865971,5.916766
12777,PEBP1,8.617565,0.59365857
12778,PEBP4,13.121662,5.163056
12779,PECAM1,13.287054,7.152917
12780,PECR,9.811409,1.0711788
12781,PEDS1,11.765172,1.1883285
12782,PEF1,6.7052054,3.8233879
12783,PEG10,10.414075,8.46841
12784,PEG3,8.866555,10.498846
12785,PELI1,9.07196,3.1889782
12786,PELI2,9.20143,3.259674
12787,PELI3,9.283073,4.8007703
12788,PELO,8.68694,2.127219
12789,PELP1,8.980912,8.477169
12790,PEMT,11.930721,1.1768408
12791,PENK,7.7334795,4.5888762
12792,PEPD,9.132814,0.98927027
12793,PER1,7.6325855,6.255959
12794,PER2,7.596764,6.0188394
12795,PER3,8.369949,6.786724
12796,PERCC1,9.443784,10.196683
12797,PERM1,9.077194,10.057703
12798,PERP,12.866138,2.5565426
12799,PES1,8.305561,2.6568985
12800,PET100,8.42047,2.6598384
12801,PET117,9.076278,3.0160134
12802,PEX1,10.459935,6.8972335
12803,PEX10,10.836108,3.055085
12804,PEX11A,12.389034,2.260376
12805,PEX11B,12.485578,1.2405617
12806,PEX11G,12.387376,1.3398649
12807,PEX12,11.992002,2.2074986
12808,PEX13,7.4369736,4.5740943
12809,PEX14,7.4583497,4.1569657
12810,PEX16,11.457275,1.0801873
12811,PEX19,7.7234216,3.3048675
12812,PEX2,12.6656065,2.7881093
12813,PEX26,10.869836,5.019834
12814,PEX3,8.899406,2.9490063
12815,PEX5,8.151217,3.7398286
12816,PEX5L,9.511578,6.5098743
12817,PEX6,11.176444,5.574301
12818,PEX7,9.171987,2.5483863
12819,PF4,14.897115,5.633834
12820,PF4V1,14.888491,5.7105193
12821,PFAS,10.263679,2.5554733
12822,PFDN1,6.9667063,1.3809521
12823,PFDN2,7.3186464,2.321489
12824,PFDN4,6.940274,1.2612487
12825,PFDN5,7.6539507,1.1196233
12826,PFDN6,7.18383,2.066776
12827,PFKFB1,8.596288,1.3168843
12828,PFKFB2,8.956377,1.6528292
12829,PFKFB3,9.046084,2.0528808
12830,PFKFB4,8.97193,1.3605411
12831,PFKL,8.978239,1.2148981
12832,PFKM,8.7646475,1.0416021
12833,PFKP,8.754014,1.1292055
12834,PFN1,8.138101,0.72249824
12835,PFN2,7.3204107,0.74233484
12836,PFN3,11.023367,5.159953
12837,PFN4,9.676559,2.582163
12838,PGA3,14.000361,3.7624676
12839,PGA4,13.989905,3.7772262
12840,PGA5,14.024482,3.733194
12841,PGAM1,8.794902,0.46566296
12842,PGAM2,8.806361,0.38959938
12843,PGAM4,9.180163,0.47002038
12844,PGAM5,9.686752,2.2162554
12845,PGAP1,12.121713,7.612592
12846,PGAP2,11.522977,0.756764
12847,PGAP3,12.421255,1.3043268
12848,PGAP4,12.903311,4.979045
12849,PGAP6,12.41956,6.5188456
12850,PGBD1,10.36853,7.416285
12851,PGBD2,10.386609,6.607696
12852,PGBD3,10.275681,6.616352
12853,PGBD4,10.342663,6.7065363
12854,PGBD5,11.059674,7.671675
12855,PGC,13.989119,3.770999
12856,PGD,8.775907,0.52218443
12857,PGF,8.589536,6.6692905
12858,PGGHG,11.314383,5.4797144
12859,PGGT1B,9.4260645,1.8679929
12860,PGK1,8.804619,0.37882012
12861,PGK2,8.790011,0.39099967
12862,PGLS,10.1837225,2.313297
12863,PGLYRP1,12.962173,4.6381474
12864,PGLYRP2,11.80405,7.862595
12865,PGLYRP3,13.68614,4.7470727
12866,PGLYRP4,13.605335,6.3716674
12867,PGM1,9.1050205,1.1410416
12868,PGM2,9.554943,1.2856294
12869,PGM2L1,9.915775,1.582322
12870,PGM3,9.845421,1.7894267
12871,PGM5,10.353345,2.5638344
12872,PGP,10.765353,3.1148326
12873,PGPEP1,7.9528728,0.97931886
12874,PGPEP1L,9.90613,3.5105684
12875,PGR,7.4215136,6.7109723
12876,PGRMC1,7.6512504,2.4471767
12877,PGRMC2,7.4148884,4.4056473
12878,PGS1,10.206461,3.078601
12879,PHACTR1,7.0219126,4.250799
12880,PHACTR2,7.5024533,5.4840617
12881,PHACTR3,7.590603,5.163587
12882,PHACTR4,7.502851,5.7745748
12883,PHAF1,10.152755,4.338832
12884,PHAX,7.8131776,4.0579295
12885,PHB1,6.7772865,0.6032384
12886,PHB2,7.8134227,0.98209023
12887,PHC1,6.661085,5.8114443
12888,PHC2,6.502376,5.187236
12889,PHC3,7.052309,6.6656275
12890,PHETA1,7.4722314,4.902435
12891,PHETA2,8.51608,6.246681
12892,PHEX,13.784794,4.343826
12893,PHF1,8.624965,6.477684
12894,PHF10,9.505866,6.433839
12895,PHF11,9.396342,5.681236
12896,PHF12,8.412746,7.2043777
12897,PHF13,7.1366625,4.8769703
12898,PHF14,9.012346,6.1851864
12899,PHF19,9.141138,6.0106173
12900,PHF2,8.139826,6.105768
12901,PHF20,9.039434,8.142686
12902,PHF20L1,9.021105,8.233803
12903,PHF21A,6.268853,4.4621806
12904,PHF21B,7.544492,6.5266013
12905,PHF23,7.7781796,7.1948957
12906,PHF24,10.730366,7.563704
12907,PHF3,9.202141,9.760514
12908,PHF5A,7.6766286,1.0717733
12909,PHF6,10.081341,7.3093753
12910,PHF7,10.158305,6.5207763
12911,PHF8,8.477546,5.9910617
12912,PHGDH,10.389963,2.1810434
12913,PHGR1,7.6316047,9.46676
12914,PHIP,8.866176,4.453045
12915,PHKA1,9.904172,5.6145277
12916,PHKA2,9.948918,5.4106026
12917,PHKB,10.500535,6.7575774
12918,PHKG1,9.407672,2.9791906
12919,PHKG2,9.998917,3.1959167
12920,PHLDA1,8.516828,6.895048
12921,PHLDA2,8.468809,4.1978774
12922,PHLDA3,8.480326,4.1417565
12923,PHLDB1,7.255946,5.08697
12924,PHLDB2,8.0749235,5.6875215
12925,PHLDB3,9.27612,6.603005
12926,PHLPP1,10.737112,8.283984
12927,PHLPP2,11.006488,7.5386105
12928,PHOSPHO1,11.070148,5.1245236
12929,PHOSPHO2,10.5339,4.1609664
12930,PHOX2A,5.274745,4.3410397
12931,PHOX2B,5.24683,4.250178
12932,PHPT1,8.758293,1.9709495
12933,PHRF1,8.551215,8.714924
12934,PHTF1,9.358052,5.376335
12935,PHTF2,9.366527,5.359248
12936,PHYH,9.498836,2.4318342
12937,PHYHD1,9.449376,1.5239408
12938,PHYHIP,10.747849,11.276642
12939,PHYHIPL,10.653956,11.631775
12940,PHYKPL,9.636721,1.1050788
12941,PI15,13.589589,4.6227746
12942,PI16,12.280373,7.039957
12943,PI3,14.632932,5.8872538
12944,PI4K2A,8.341028,3.188384
12945,PI4K2B,8.6855135,3.1597779
12946,PI4KA,10.930444,8.061165
12947,PI4KAP1,10.677207,11.844779
12948,PI4KAP2,10.770145,7.8286324
12949,PI4KB,8.310165,3.1438575
12950,PIANP,9.301247,9.655926
12951,PIAS1,7.329128,5.242159
12952,PIAS2,7.7555294,5.1895704
12953,PIAS3,7.6896195,5.9225225
12954,PIAS4,8.924032,5.083228
12955,PIBF1,9.931439,8.5322485
12956,PICALM,6.303653,2.9276874
12957,PICK1,8.083565,1.9535301
12958,PID1,10.455056,7.368184
12959,PIDD1,11.2409,6.2086244
12960,PIERCE1,10.62502,8.586719
12961,PIERCE2,10.07184,11.447269
12962,PIEZO1,12.827157,2.5088046
12963,PIEZO2,12.248139,2.94715
12964,PIF1,10.994256,4.6566324
12965,PIGA,10.320118,2.104971
12966,PIGB,12.285591,1.9809872
12967,PIGBOS1,8.358852,2.7171988
12968,PIGC,12.444688,2.6246684
12969,PIGF,12.636058,2.4471846
12970,PIGG,13.10626,2.8029218
12971,PIGH,8.303494,1.0705205
12972,PIGK,13.231844,4.090249
12973,PIGL,8.864027,1.2781259
12974,PIGM,12.247982,1.9924943
12975,PIGN,12.02122,1.958453
12976,PIGO,13.165399,2.588016
12977,PIGP,11.503794,1.2940176
12978,PIGQ,9.997914,9.658476
12979,PIGR,13.18057,7.033333
12980,PIGS,12.775976,4.6698833
12981,PIGT,13.00173,4.859459
12982,PIGU,12.474721,2.2517965
12983,PIGV,12.926657,2.1400099
12984,PIGW,12.987228,2.6035652
12985,PIGX,11.487874,2.972254
12986,PIGY,10.90079,11.372709
12987,PIGZ,13.157669,2.5790434
12988,PIH1D1,10.261558,4.595599
12989,PIH1D2,9.726694,4.4762325
12990,PIK3AP1,9.347112,7.066435
12991,PIK3C2A,10.319536,7.0715733
12992,PIK3C2B,10.407082,6.4435453
12993,PIK3C2G,10.828231,7.9983454
12994,PIK3C3,9.388324,3.282962
12995,PIK3CA,10.432639,5.5699496
12996,PIK3CB,10.280489,5.1544514
12997,PIK3CD,10.247474,4.451194
12998,PIK3CD-AS1,10.217694,13.594835
12999,PIK3CG,10.682388,7.071313
13000,PIK3IP1,12.412381,5.102797
13001,PIK3R1,8.3568125,2.899676
13002,PIK3R2,8.215889,4.126906
13003,PIK3R3,7.7090135,2.7296076
13004,PIK3R4,10.545965,6.6683865
13005,PIK3R5,9.268846,6.800204
13006,PIK3R6,11.447424,7.9945774
13007,PIKFYVE,10.369516,7.726815
13008,PILRA,14.238283,6.04464
13009,PILRB,14.142889,6.0679045
13010,PIM1,8.829818,1.9082831
13011,PIM2,10.719535,3.4298873
13012,PIM3,10.6846075,3.0551264
13013,PIMREG,9.341459,10.004698
13014,PIN1,7.2096696,0.46521437
13015,PIN1P1,8.883138,6.68358
13016,PIN4,6.7236185,1.0011809
13017,PINK1,11.231189,6.614584
13018,PINLYP,13.261459,6.6813507
13019,PINX1,7.945062,4.9810634
13020,PIP,13.495316,4.803145
13021,PIP4K2A,8.425632,2.5622013
13022,PIP4K2B,8.479553,2.5920134
13023,PIP4K2C,8.418619,2.7922466
13024,PIP4P1,7.442617,3.9518256
13025,PIP4P2,12.701734,4.542848
13026,PIP5K1A,8.160837,3.6909394
13027,PIP5K1B,8.506853,3.8274314
13028,PIP5K1C,7.548845,4.410236
13029,PIP5KL1,10.829388,3.484277
13030,PIPOX,10.283177,2.3546631
13031,PIPSL,8.371262,3.7381525
13032,PIR,9.222069,1.0388796
13033,PIRT,12.3907385,2.8963594
13034,PISD,9.939327,2.7093
13035,PITHD1,8.750377,2.0328658
13036,PITPNA,7.9643517,1.4358108
13037,PITPNB,8.060102,1.4461925
13038,PITPNC1,8.874705,2.9515104
13039,PITPNM1,8.596047,4.2785845
13040,PITPNM2,7.5307302,3.3642945
13041,PITPNM3,8.77778,4.4366093
13042,PITRM1,10.3353405,2.993953
13043,PITX1,5.4478407,4.2421975
13044,PITX2,5.59022,3.8298297
13045,PITX3,5.487592,4.5858393
13046,PIWIL1,9.459444,2.72172
13047,PIWIL2,10.326612,5.2507353
13048,PIWIL3,10.416363,5.5328035
13049,PIWIL4,10.358498,5.2206025
13050,PJA1,8.812785,9.105362
13051,PJA2,9.562402,10.0418
13052,PJVK,10.986422,8.52046
13053,PKD1,12.26991,6.4054723
13054,PKD1L1,11.952816,8.22651
13055,PKD1L1-AS1,9.275055,13.7656555
13056,PKD1L2,12.494101,6.6040826
13057,PKD1L3,12.048841,8.031873
13058,PKD2,12.466495,3.0223277
13059,PKD2L1,12.339615,2.763788
13060,PKD2L2,12.3463545,2.7594104
13061,PKDCC,12.019228,5.676622
13062,PKDREJ,12.010743,8.28824
13063,PKHD1,12.968298,7.8977995
13064,PKHD1L1,13.203181,7.8241973
13065,PKIA,6.7881665,3.1131804
13066,PKIB,7.3209114,4.0829306
13067,PKIG,6.835422,3.0135746
13068,PKLR,9.6379795,1.1504931
13069,PKM,8.288896,0.6610707
13070,PKMYT1,11.141086,6.3870287
13071,PKN1,8.280654,4.051279
13072,PKN2,7.6790795,2.7439418
13073,PKN3,9.181873,4.156656
13074,PKNOX1,6.314791,4.3846436
13075,PKNOX2,6.109055,4.2584896
13076,PKP1,9.438937,6.4118934
13077,PKP2,9.277437,6.504184
13078,PKP3,8.199034,6.0300493
13079,PKP4,8.069993,6.7562776
13080,PLA1A,13.430488,6.927977
13081,PLA2G10,13.172818,5.1399183
13082,PLA2G12A,13.033649,4.72406
13083,PLA2G12B,12.951871,4.5789356
13084,PLA2G15,12.825777,4.47412
13085,PLA2G1B,13.7077875,4.223571
13086,PLA2G2A,13.733259,4.615284
13087,PLA2G2C,10.81404,5.3960238
13088,PLA2G2D,13.656786,4.819493
13089,PLA2G2E,13.652666,4.7929864
13090,PLA2G2F,13.739942,5.432626
13091,PLA2G3,12.333261,6.388095
13092,PLA2G4A,10.498267,5.637304
13093,PLA2G4B,10.96944,4.7893186
13094,PLA2G4C,10.51719,6.0609045
13095,PLA2G4D,11.026237,4.9349103
13096,PLA2G4E,10.878253,5.2610946
13097,PLA2G4F,11.013798,4.9547243
13098,PLA2G5,13.711442,4.7039003
13099,PLA2G6,10.750156,6.510502
13100,PLA2G7,11.634173,3.4264991
13101,PLA2R1,13.549068,7.1985655
13102,PLAA,9.689438,3.9553516
13103,PLAAT1,9.507485,2.3473396
13104,PLAAT2,9.421784,2.0144641
13105,PLAAT3,9.270986,2.0736086
13106,PLAAT4,9.427398,2.1933274
13107,PLAAT5,8.895003,6.704034
13108,PLAC1,10.383521,11.863109
13109,PLAC4,7.656346,9.637697
13110,PLAC8,10.917452,1.1007078
13111,PLAC8L1,9.249177,6.921939
13112,PLAC9,9.874273,9.666443
13113,PLAG1,8.0386095,7.4315944
13114,PLAGL1,7.835295,7.6118298
13115,PLAGL2,7.7528467,7.5478535
13116,PLAT,13.684021,6.2150908
13117,PLAU,13.814836,6.31819
13118,PLAUR,12.981313,6.6745524
13119,PLB1,13.215573,5.9992537
13120,PLBD1,13.65577,4.708157
13121,PLBD2,12.665899,4.7411385
13122,PLCB1,8.686282,3.2501264
13123,PLCB2,9.372754,4.897934
13124,PLCB3,8.737527,4.350773
13125,PLCB4,9.031056,3.386554
13126,PLCD1,10.174629,3.207843
13127,PLCD3,10.670225,3.8071246
13128,PLCD4,10.064237,3.1952586
13129,PLCE1,10.56229,8.989612
13130,PLCG1,10.029886,4.2031674
13131,PLCG2,10.293485,5.1414413
13132,PLCH1,8.957269,6.68099
13133,PLCH2,7.8479524,4.970709
13134,PLCL1,10.361623,6.486996
13135,PLCL2,10.393301,6.5538497
13136,PLCXD1,10.370315,2.8827648
13137,PLCXD2,10.687648,6.0931487
13138,PLCXD3,10.770155,3.883337
13139,PLCZ1,10.470714,4.7131915
13140,PLD1,9.613385,3.0925953
13141,PLD2,10.180717,3.2777698
13142,PLD3,12.690824,4.564255
13143,PLD4,12.305737,4.9409437
13144,PLD5,13.634437,6.5067506
13145,PLD6,10.785884,3.1696627
13146,PLEC,8.467588,4.622678
13147,PLEK,10.574699,6.939099
13148,PLEK2,10.646242,6.604826
13149,PLEKHA1,7.7867846,4.042513
13150,PLEKHA2,7.939273,4.5410647
13151,PLEKHA3,7.764932,4.4368515
13152,PLEKHA4,8.609476,7.678465
13153,PLEKHA5,7.7145143,5.613629
13154,PLEKHA6,7.5177503,5.9026685
13155,PLEKHA7,7.4853663,5.8237667
13156,PLEKHA8,8.832021,5.474521
13157,PLEKHA8P1,10.666309,9.4812
13158,PLEKHB1,8.409736,4.92691
13159,PLEKHB2,6.948041,3.7871556
13160,PLEKHD1,8.660448,5.0053596
13161,PLEKHF1,8.962087,4.635496
13162,PLEKHF2,8.664905,2.9608312
13163,PLEKHG1,9.100263,8.279665
13164,PLEKHG2,8.514421,8.154947
13165,PLEKHG3,8.200154,6.5575438
13166,PLEKHG4,11.17025,6.498621
13167,PLEKHG4B,9.61005,8.51385
13168,PLEKHG5,8.455687,6.1813073
13169,PLEKHG6,9.573161,7.02528
13170,PLEKHG7,9.784915,6.869895
13171,PLEKHH1,8.995138,5.3546696
13172,PLEKHH2,9.230035,6.0745454
13173,PLEKHH3,11.300434,6.8832016
13174,PLEKHJ1,7.629429,1.2617662
13175,PLEKHM1,10.44865,8.579142
13176,PLEKHM2,10.524619,9.34309
13177,PLEKHM3,10.525428,7.791012
13178,PLEKHN1,8.6960945,7.6950006
13179,PLEKHO1,7.5815935,4.460236
13180,PLEKHO2,8.050404,6.9992437
13181,PLEKHS1,9.450981,8.079199
13182,PLET1,12.882209,7.533444
13183,PLG,13.690292,5.6044993
13184,PLGLA,13.273736,7.7021103
13185,PLGLB1,13.242888,7.735192
13186,PLGLB2,13.246702,7.7404623
13187,PLGRKT,10.943171,1.3203259
13188,PLIN1,9.048645,7.2054505
13189,PLIN2,8.427323,3.840569
13190,PLIN3,8.367823,3.8325489
13191,PLIN4,7.8875856,8.933796
13192,PLIN5,10.704781,5.9393
13193,PLK1,8.486996,2.0355394
13194,PLK2,10.008124,4.7998786
13195,PLK3,10.832574,5.0915065
13196,PLK4,9.703082,6.89375
13197,PLK5,11.526334,6.8095055
13198,PLLP,12.069328,0.9141571
13199,PLN,10.86119,11.119502
13200,PLOD1,13.055519,4.239281
13201,PLOD2,13.4344225,4.3280225
13202,PLOD3,12.762073,4.198049
13203,PLP1,11.497259,1.2746694
13204,PLP2,12.053917,0.987121
13205,PLPBP,9.454388,1.6404032
13206,PLPP1,11.920167,1.455247
13207,PLPP2,11.897919,1.2979429
13208,PLPP3,12.071533,1.7714229
13209,PLPP4,11.868107,0.9810791
13210,PLPP5,11.934008,1.1415957
13211,PLPP6,12.453258,2.0568118
13212,PLPP7,12.525752,1.8613311
13213,PLPPR1,12.214238,2.0568056
13214,PLPPR2,12.653963,2.232985
13215,PLPPR3,7.6483345,6.2034087
13216,PLPPR4,8.329063,6.3762383
13217,PLPPR5,11.85719,1.4336545
13218,PLRG1,9.140566,3.7812524
13219,PLS1,8.965625,2.4938388
13220,PLS3,8.92249,2.4448717
13221,PLSCR1,7.2729287,3.5500011
13222,PLSCR2,10.944466,3.9919093
13223,PLSCR3,12.161249,5.2080307
13224,PLSCR4,13.304173,6.4871216
13225,PLSCR5,9.656882,5.170287
13226,PLTP,13.017639,6.341564
13227,PLVAP,9.625568,7.5005116
13228,PLXDC1,12.832673,4.9275856
13229,PLXDC2,12.957537,4.8547173
13230,PLXNA1,12.964528,4.907963
13231,PLXNA2,13.155431,4.7842884
13232,PLXNA3,12.864812,5.0042386
13233,PLXNA4,13.228025,4.839407
13234,PLXNB1,12.203581,5.113387
13235,PLXNB2,12.943263,4.954454
13236,PLXNB3,12.234066,5.007374
13237,PLXNC1,13.042059,7.117834
13238,PLXND1,12.843998,5.979528
13239,PM20D1,13.758678,4.169438
13240,PM20D2,10.314832,2.2494044
13241,PMAIP1,8.950881,13.742676
13242,PMCH,8.544486,5.741844
13243,PMCHL1,9.284924,8.184156
13244,PMCHL2,9.301491,7.9549656
13245,PMEL,12.573963,6.4048896
13246,PMEPA1,7.0717387,4.3292313
13247,PMF1,8.190188,3.0196419
13248,PMFBP1,10.05612,8.886425
13249,PMIS2,8.629519,6.672245
13250,PML,10.935187,6.2781086
13251,PMM1,8.927932,0.92824376
13252,PMM2,8.69228,0.7557263
13253,PMP2,8.840338,0.35911804
13254,PMP22,11.952986,0.836732
13255,PMPCA,10.035937,2.1218388
13256,PMPCB,9.096835,1.1143932
13257,PMS1,10.050396,6.888653
13258,PMS2,8.714337,3.225618
13259,PMS2CL,9.7929,11.25061
13260,PMS2P1,10.089478,9.2779045
13261,PMS2P11,10.146964,9.434262
13262,PMS2P2,8.4175,3.7222536
13263,PMS2P3,8.576418,3.7639608
13264,PMS2P5,10.072802,9.255735
13265,PMVK,9.434685,1.556334
13266,PNAS-138,9.034945,13.680636
13267,PNCK,8.265844,1.4821806
13268,PNISR,7.5986505,7.0725408
13269,PNKD,10.903405,5.211168
13270,PNKP,10.24576,2.9035633
13271,PNLDC1,10.731289,7.0139174
13272,PNLIP,13.504878,4.3644624
13273,PNLIPRP1,13.432582,4.394264
13274,PNLIPRP2,13.501329,4.4364166
13275,PNLIPRP3,13.704297,4.768925
13276,PNMA1,10.417088,6.576832
13277,PNMA2,10.426441,6.5975337
13278,PNMA3,10.484186,6.7461004
13279,PNMA5,10.431634,6.871337
13280,PNMA6A,10.47291,6.579358
13281,PNMA6E,8.265884,7.2779827
13282,PNMA6F,8.574881,7.585147
13283,PNMA8A,9.419388,10.130848
13284,PNMA8B,9.261725,10.2852545
13285,PNMA8C,9.973896,7.8686376
13286,PNMT,10.835334,3.8369992
13287,PNN,7.289739,4.018539
13288,PNO1,8.274898,1.6676204
13289,PNOC,8.378192,6.036043
13290,PNP,9.610326,0.91450185
13291,PNPLA1,10.246615,8.230548
13292,PNPLA2,11.29937,4.6983542
13293,PNPLA3,11.197759,4.893089
13294,PNPLA4,8.387373,1.0480572
13295,PNPLA5,11.234392,4.867742
13296,PNPLA6,9.038942,3.9444413
13297,PNPLA7,8.84559,3.2400842
13298,PNPLA8,9.658723,5.4426856
13299,PNPO,9.72202,1.3497849
13300,PNPT1,10.030566,2.158976
13301,PNRC1,8.896299,9.113543
13302,PNRC2,7.856772,6.492145
13303,POC1A,7.914198,1.4925777
13304,POC1B,9.712993,4.3936543
13305,POC5,8.504166,5.605892
13306,PODN,12.922096,6.648567
13307,PODNL1,12.138957,6.205275
13308,PODXL,12.70625,6.8274264
13309,PODXL2,12.231357,6.9475374
13310,POF1B,9.28699,7.715595
13311,POFUT1,13.004726,4.303548
13312,POFUT2,11.564173,2.950156
13313,POGK,10.436999,7.17498
13314,POGLUT1,13.215749,4.2247415
13315,POGLUT2,13.205825,4.281901
13316,POGLUT3,13.045303,4.244187
13317,POGZ,9.985809,8.326935
13318,POLA1,9.218453,3.477477
13319,POLA2,9.630828,3.3384056
13320,POLB,8.942719,1.1965138
13321,POLD1,9.178896,1.7739319
13322,POLD2,9.623382,3.2785933
13323,POLD3,7.353468,4.136516
13324,POLD4,8.115695,4.161896
13325,POLDIP2,8.988939,3.6435568
13326,POLDIP3,7.275054,5.2628193
13327,POLE,10.457625,5.459416
13328,POLE2,9.407381,3.046088
13329,POLE3,7.0335507,1.9016786
13330,POLE4,7.453561,3.146832
13331,POLG,10.793337,5.2414927
13332,POLG2,10.491739,6.5144057
13333,POLGARF,9.80987,14.417187
13334,POLH,9.327319,5.0395145
13335,POLI,9.624925,5.727928
13336,POLK,9.248622,4.8860307
13337,POLL,9.710929,2.6304214
13338,POLM,10.46941,2.9676147
13339,POLN,10.268072,6.358015
13340,POLQ,9.518987,7.983716
13341,POLR1A,10.4084015,5.666951
13342,POLR1B,9.921815,3.2065039
13343,POLR1C,9.4332285,1.6513973
13344,POLR1D,8.781557,2.121558
13345,POLR1E,9.585753,3.4382002
13346,POLR1F,8.118963,4.558082
13347,POLR1G,8.282885,8.293203
13348,POLR1H,8.772007,2.5418768
13349,POLR2A,8.882605,3.2975917
13350,POLR2B,9.407581,2.43848
13351,POLR2C,8.99027,1.4407612
13352,POLR2D,6.976465,1.3086596
13353,POLR2E,7.8937654,0.9023762
13354,POLR2F,6.587053,0.49951994
13355,POLR2G,8.231029,1.1541784
13356,POLR2H,7.9048777,1.1856172
13357,POLR2I,7.629079,1.2003473
13358,POLR2J,7.3908954,0.7341705
13359,POLR2J2,7.781182,1.2486345
13360,POLR2J3,7.6188664,1.1329495
13361,POLR2K,6.367941,0.3328832
13362,POLR2L,6.4727073,0.08347503
13363,POLR2M,8.893102,6.4441204
13364,POLR3A,9.547425,2.7710922
13365,POLR3B,9.315531,2.379673
13366,POLR3C,8.635517,2.4384139
13367,POLR3D,7.3871307,4.0327997
13368,POLR3E,9.345881,4.671871
13369,POLR3F,8.618113,2.3117964
13370,POLR3G,7.837331,3.4064107
13371,POLR3GL,7.0294414,3.0379071
13372,POLR3H,7.6302166,0.891366
13373,POLR3K,6.881359,0.36415735
13374,POLRMT,10.600387,5.1048274
13375,POM121,7.2953534,7.5179005
13376,POM121B,7.303487,7.510449
13377,POM121C,7.2832146,7.505873
13378,POM121L12,10.106469,14.255297
13379,POM121L1P,9.592845,11.741985
13380,POM121L2,9.149298,10.401524
13381,POMC,7.608035,5.124617
13382,POMGNT1,13.213198,5.752298
13383,POMGNT2,13.060728,6.5531793
13384,POMK,13.403628,4.5671406
13385,POMP,9.970839,12.518272
13386,POMT1,12.358804,3.0755377
13387,POMT2,12.276105,2.7652628
13388,POMZP3,10.263636,9.335259
13389,PON1,13.443071,4.073514
13390,PON2,13.3761635,4.035083
13391,PON3,13.316671,4.023076
13392,POP1,9.520922,5.8825626
13393,POP4,8.721542,1.8312775
13394,POP5,9.117304,2.218965
13395,POP7,9.378966,2.9090295
13396,POPDC2,11.430177,4.6312175
13397,POPDC3,12.545784,2.8333356
13398,POR,9.145073,1.7835937
13399,PORCN,12.376503,1.3244264
13400,POSTN,13.722748,6.323057
13401,POT1,10.792493,8.035319
13402,POTEA,9.557261,8.361799
13403,POTEB,9.327004,8.209081
13404,POTEB2,9.32705,8.230381
13405,POTEB3,9.317621,8.211166
13406,POTEC,9.282423,8.196153
13407,POTED,9.305912,8.214474
13408,POTEE,15.105217,15.038623
13409,POTEF,15.058242,15.015578
13410,POTEG,9.289761,8.079905
13411,POTEH,9.222988,8.067583
13412,POTEI,15.0994,15.045754
13413,POTEJ,15.110503,15.025165
13414,POTEKP,6.6077256,-0.24989142
13415,POTEM,9.260136,8.069325
13416,POU1F1,6.053212,3.6569247
13417,POU2AF1,8.851141,9.117286
13418,POU2AF2,7.561458,7.409024
13419,POU2AF3,7.5407553,7.3556743
13420,POU2F1,5.887602,4.017252
13421,POU2F2,5.768745,4.2624273
13422,POU2F3,6.890708,5.72305
13423,POU3F1,5.4345956,4.653304
13424,POU3F2,5.276364,4.2985945
13425,POU3F3,5.322607,4.446765
13426,POU3F4,5.653892,4.3564873
13427,POU4F1,5.244409,4.211867
13428,POU4F2,5.402554,4.237817
13429,POU4F3,5.648456,4.048868
13430,POU5F1,7.5352507,6.93468
13431,POU5F1B,7.768506,7.294539
13432,POU5F2,10.093164,9.301617
13433,POU6F1,5.8887477,3.0344121
13434,POU6F2,6.071299,4.3654156
13435,PP2D1,10.74845,8.14148
13436,PP632,9.854236,14.01801
13437,PP6455,9.281261,13.677114
13438,PPA1,9.103778,1.2884432
13439,PPA2,9.38521,2.812452
13440,PPAN,8.115226,4.0308156
13441,PPARA,9.039311,3.9018195
13442,PPARD,8.951892,3.8883817
13443,PPARG,9.909012,5.5400586
13444,PPARGC1A,8.278113,7.06603
13445,PPARGC1B,8.8641615,8.863192
13446,PPAT,9.364752,1.428795
13447,PPBP,14.762192,5.7136245
13448,PPCDC,8.645292,1.0674934
13449,PPCS,10.419154,2.631717
13450,PPDPF,6.8322535,4.314935
13451,PPDPFL,7.618984,4.677826
13452,PPEF1,10.17605,3.9834003
13453,PPEF2,9.414394,3.5085034
13454,PPFIA1,6.519578,2.8342233
13455,PPFIA2,6.509281,2.840382
13456,PPFIA3,6.968617,3.448304
13457,PPFIA4,7.1344557,3.5638266
13458,PPFIBP1,7.4007235,3.6925735
13459,PPFIBP2,7.551323,3.78178
13460,PPHLN1,7.4651546,6.160164
13461,PPIA,6.8301888,0.08462383
13462,PPIAL4A,6.3513517,-0.6840646
13463,PPIAL4C,6.332582,-0.69097704
13464,PPIAL4D,6.357153,-0.6838936
13465,PPIAL4E,6.356084,-0.68671286
13466,PPIAL4F,6.355591,-0.6867948
13467,PPIAL4G,6.337296,-0.6889983
13468,PPIAL4H,6.3616223,-0.6813655
13469,PPIB,9.032069,0.6802382
13470,PPIC,9.418649,0.86072433
13471,PPID,9.016374,1.2210239
13472,PPIE,8.370162,0.6357966
13473,PPIF,9.101227,0.73043936
13474,PPIG,7.545208,4.303908
13475,PPIH,7.221368,0.32680765
13476,PPIL1,9.069208,0.6546654
13477,PPIL2,8.208465,2.276511
13478,PPIL3,8.333068,0.5763462
13479,PPIL4,8.846179,3.6467025
13480,PPIL6,10.266701,4.410656
13481,PPIP5K1,8.757688,5.093976
13482,PPIP5K2,8.941121,3.8061247
13483,PPL,9.791671,7.9944434
13484,PPM1A,8.98564,1.6818364
13485,PPM1B,9.104847,2.9013274
13486,PPM1D,9.355557,6.1266494
13487,PPM1E,9.5335655,8.040127
13488,PPM1F,10.879862,5.3184834
13489,PPM1G,7.0266013,2.976148
13490,PPM1H,9.09015,3.3160052
13491,PPM1J,9.729436,4.5410776
13492,PPM1K,10.289913,4.598641
13493,PPM1L,10.185802,4.4317856
13494,PPM1M,10.837243,5.6769776
13495,PPM1N,11.189133,5.0226073
13496,PPME1,8.788955,2.3085496
13497,PPOX,10.594733,3.038115
13498,PPP1CA,6.703644,0.050434377
13499,PPP1CB,6.7656784,0.09630052
13500,PPP1CC,6.779322,0.043355398
13501,PPP1R10,6.868934,4.922533
13502,PPP1R11,6.7929044,2.936286
13503,PPP1R12A,6.57273,3.1324031
13504,PPP1R12B,6.9653597,3.7385812
13505,PPP1R12C,7.9243007,5.6291194
13506,PPP1R13B,7.1989584,5.176402
13507,PPP1R13L,7.9895186,7.6869926
13508,PPP1R14A,8.138768,4.0825434
13509,PPP1R14B,6.725124,2.4661384
13510,PPP1R14C,6.457717,2.396493
13511,PPP1R14D,8.054453,3.1864777
13512,PPP1R15A,8.999398,9.915678
13513,PPP1R15B,9.108968,8.949237
13514,PPP1R16A,8.147438,4.4911633
13515,PPP1R16B,8.535642,4.7596016
13516,PPP1R17,9.261598,10.964191
13517,PPP1R18,8.348255,8.093644
13518,PPP1R1A,7.644208,5.505982
13519,PPP1R1B,7.8282146,5.6617928
13520,PPP1R1C,6.5558543,2.9754608
13521,PPP1R2,6.9851913,3.2244196
13522,PPP1R21,9.795621,8.258813
13523,PPP1R26,9.017081,9.605445
13524,PPP1R27,9.418343,3.3398328
13525,PPP1R2B,7.530018,3.8862257
13526,PPP1R2C,9.093468,7.9201245
13527,PPP1R2P1,7.628034,3.9924388
13528,PPP1R35,9.541828,10.286038
13529,PPP1R36,10.680853,11.714925
13530,PPP1R37,7.2431207,4.044409
13531,PPP1R3A,9.646838,10.8523655
13532,PPP1R3B,8.9963875,4.701168
13533,PPP1R3C,9.119416,5.6350365
13534,PPP1R3D,8.034045,6.142069
13535,PPP1R3E,8.157275,6.4911165
13536,PPP1R3F,9.362044,10.335325
13537,PPP1R3G,7.95662,6.1400743
13538,PPP1R42,9.05694,3.8229084
13539,PPP1R7,8.451623,2.1623163
13540,PPP1R8,7.176923,4.1101165
13541,PPP1R9A,6.623435,3.051146
13542,PPP1R9B,7.106942,4.192524
13543,PPP2CA,6.9237103,0.5179543
13544,PPP2CB,6.9344935,0.4669336
13545,PPP2R1A,7.7742934,1.3275654
13546,PPP2R1B,8.033102,1.5624998
13547,PPP2R2A,7.590452,1.1052864
13548,PPP2R2B,7.5767255,1.1938674
13549,PPP2R2C,7.5331597,1.1417915
13550,PPP2R2D,7.5747027,1.1507599
13551,PPP2R3A,9.321745,8.066638
13552,PPP2R3B,8.638024,4.0672536
13553,PPP2R3C,9.877769,4.336815
13554,PPP2R5A,7.937616,2.025482
13555,PPP2R5B,8.094135,2.5147703
13556,PPP2R5C,7.6900287,2.1676836
13557,PPP2R5D,7.833046,2.6697695
13558,PPP2R5E,8.0072,2.061277
13559,PPP3CA,7.721846,1.0707113
13560,PPP3CB,7.6492987,1.1903149
13561,PPP3CC,7.746551,1.1904231
13562,PPP3R1,7.3607774,0.4014906
13563,PPP3R2,8.470652,1.1927152
13564,PPP4C,8.011931,0.64472413
13565,PPP4R1,8.84301,4.2307467
13566,PPP4R1L,9.541118,6.417711
13567,PPP4R2,7.4194174,4.2296314
13568,PPP4R3A,8.126083,2.801007
13569,PPP4R3B,8.06929,2.7583506
13570,PPP4R3C,9.450568,5.023077
13571,PPP4R4,10.902009,7.831742
13572,PPP5C,8.470237,1.1416996
13573,PPP6C,8.472684,0.6412929
13574,PPP6R1,8.43357,5.188161
13575,PPP6R2,7.9807105,4.79367
13576,PPP6R3,8.573638,4.7989464
13577,PPRC1,8.964709,9.714623
13578,PPT1,13.097938,3.8505223
13579,PPT2,12.776783,4.385903
13580,PPTC7,9.935418,2.2218308
13581,PPWD1,9.27647,3.2255685
13582,PPY,8.292151,5.8805532
13583,PPY2P,9.863169,12.200168
13584,PQBP1,6.555709,3.1505942
13585,PRAC1,9.233014,13.803169
13586,PRAC2,9.204225,14.024314
13587,PRADC1,11.997055,3.6532395
13588,PRAF2,12.741138,1.7631031
13589,PRAG1,8.756673,8.620071
13590,PRAM1,8.103674,8.583179
13591,PRAME,19.216278,4.0737925
13592,PRAMEF1,19.190035,4.098309
13593,PRAMEF10,19.189758,4.0985146
13594,PRAMEF11,19.215916,4.0757275
13595,PRAMEF12,19.216253,4.073975
13596,PRAMEF13,19.192865,4.0960135
13597,PRAMEF14,19.187572,4.0988703
13598,PRAMEF15,19.218042,4.073998
13599,PRAMEF17,19.189484,4.0991197
13600,PRAMEF18,19.19344,4.0949354
13601,PRAMEF19,19.189795,4.097336
13602,PRAMEF2,19.19043,4.098365
13603,PRAMEF20,19.217728,4.073903
13604,PRAMEF22,19.192047,4.0961604
13605,PRAMEF25,19.218773,4.0736465
13606,PRAMEF26,19.218891,4.0736156
13607,PRAMEF27,19.218473,4.073938
13608,PRAMEF33,19.189352,4.0991783
13609,PRAMEF4,19.217447,4.074611
13610,PRAMEF5,19.216997,4.0749564
13611,PRAMEF6,19.217712,4.074113
13612,PRAMEF7,19.216469,4.073879
13613,PRAMEF8,19.215488,4.073241
13614,PRAMEF9,19.218246,4.073691
13615,PRAP1,9.740594,10.377526
13616,PRB1,7.6428494,9.467952
13617,PRB2,7.639483,9.478399
13618,PRB3,7.646404,9.470678
13619,PRB4,7.6224527,9.4511
13620,PRC1,8.559706,3.2868233
13621,PRCC,6.9236665,4.4381037
13622,PRCD,10.097629,11.992646
13623,PRCP,13.480483,4.0639586
13624,PRDM1,8.008439,6.996584
13625,PRDM10,8.546434,8.27211
13626,PRDM10-DT,9.768427,14.420633
13627,PRDM11,10.393783,9.512205
13628,PRDM12,8.819157,5.012004
13629,PRDM13,7.112172,6.2147603
13630,PRDM14,8.678378,6.6108418
13631,PRDM15,8.596226,8.302756
13632,PRDM16,7.5845933,7.1395807
13633,PRDM2,9.067576,9.434625
13634,PRDM4,8.804522,8.474003
13635,PRDM5,10.455867,5.875344
13636,PRDM6,10.271012,8.343393
13637,PRDM7,8.974335,6.7684793
13638,PRDM8,5.9518785,4.9296
13639,PRDM9,14.8207035,15.129396
13640,PRDX1,8.801341,0.37699923
13641,PRDX2,8.809028,0.37796363
13642,PRDX3,9.089859,0.6640105
13643,PRDX4,9.568117,1.3171877
13644,PRDX5,8.857434,1.0628109
13645,PRDX6,8.876794,0.60495937
13646,PREB,10.313161,3.9039712
13647,PRELID1,8.191031,2.3312016
13648,PRELID2,9.010166,2.1492198
13649,PRELID3A,7.5680676,0.82286936
13650,PRELID3B,7.7322264,0.95870465
13651,PRELP,13.408038,5.560685
13652,PREP,9.640771,1.3355982
13653,PREPL,10.984155,6.8696394
13654,PREX1,10.952217,8.164737
13655,PREX2,10.892147,8.362118
13656,PRF1,12.7053585,5.192095
13657,PRG2,14.233578,5.960175
13658,PRG3,14.403812,6.0014296
13659,PRG4,7.760003,9.360301
13660,PRH1,7.6037006,9.413355
13661,PRH2,7.623299,9.439709
13662,PRICKLE1,8.621628,6.9419622
13663,PRICKLE2,8.344556,6.8926225
13664,PRICKLE3,8.069269,5.589762
13665,PRICKLE4,8.524584,6.392523
13666,PRIM1,8.730397,1.9338396
13667,PRIM2,9.220776,3.7113714
13668,PRIMA1,8.137964,5.853003
13669,PRIMPOL,9.717169,4.5939302
13670,PRKAA1,8.48757,1.9104092
13671,PRKAA2,8.25587,1.6520418
13672,PRKAB1,6.9487166,2.6573517
13673,PRKAB2,6.964325,2.6733296
13674,PRKACA,7.421496,0.33399263
13675,PRKACB,7.4090734,0.3429587
13676,PRKACG,7.527433,0.48754704
13677,PRKAG1,7.8964443,1.0168229
13678,PRKAG2,7.6837497,3.9802938
13679,PRKAG3,9.289066,5.7523036
13680,PRKAR1A,7.4093537,0.56013036
13681,PRKAR1B,7.3720565,0.50186455
13682,PRKAR2A,7.616052,1.4543085
13683,PRKAR2B,7.705023,1.5438551
13684,PRKCA,7.779989,0.93569785
13685,PRKCB,7.8415956,1.0322914
13686,PRKCD,9.925404,3.9342947
13687,PRKCE,8.004527,1.4529104
13688,PRKCG,8.132506,1.4499745
13689,PRKCH,8.519865,1.8302165
13690,PRKCI,7.787566,1.2335116
13691,PRKCQ,9.948291,4.0528994
13692,PRKCSH,7.8294845,3.7038095
13693,PRKCZ,7.9617386,1.3674436
13694,PRKD1,8.254713,3.4048455
13695,PRKD2,8.506939,3.6718264
13696,PRKD3,8.261312,3.2674065
13697,PRKDC,11.064418,9.942794
13698,PRKG1,7.9385405,1.2008896
13699,PRKG2,9.916099,3.9726453
13700,PRKN,9.500302,4.010548
13701,PRKRA,9.870447,5.436171
13702,PRKRIP1,7.176265,2.9810057
13703,PRKX,8.2108755,1.4757661
13704,PRKY,8.224303,1.5337874
13705,PRL,14.085089,5.6417217
13706,PRLH,8.295324,6.1595826
13707,PRLHR,13.536243,1.6314149
13708,PRLR,12.722184,7.3740234
13709,PRM1,20.45506,7.711682
13710,PRM2,8.731102,9.522356
13711,PRM3,7.334586,4.9413533
13712,PRMT1,8.321909,0.9130898
13713,PRMT2,10.27399,2.9387143
13714,PRMT3,9.422523,2.7661676
13715,PRMT5,9.79712,3.1830332
13716,PRMT6,10.973122,5.292265
13717,PRMT7,10.275371,3.8500037
13718,PRMT8,8.507551,0.93434083
13719,PRMT9,10.749865,6.966956
13720,PRND,10.627962,11.525161
13721,PRNP,7.495762,4.7104874
13722,PRNT,9.372233,13.681065
13723,PRO0255,9.272396,13.677908
13724,PRO0461,9.211998,13.692528
13725,PRO0628,9.132449,13.600499
13726,PRO1716,9.018751,13.636012
13727,PRO1854,9.17137,13.593889
13728,PRO1933,9.325016,13.539615
13729,PRO2289,8.9796715,13.923454
13730,PRO2829,10.477933,13.388274
13731,PRO3102,9.45683,14.105972
13732,PROB1,9.166495,10.086102
13733,PROC,13.35261,5.378421
13734,PROCA1,9.415465,10.436912
13735,PROCR,12.482748,6.95795
13736,PRODH,10.335585,2.769393
13737,PRODH2,11.002097,3.6755028
13738,PROK1,12.389657,4.182033
13739,PROK2,13.04179,5.220708
13740,PROKR1,13.812791,2.5467699
13741,PROKR2,13.802421,2.5754333
13742,PROM1,12.426296,2.7008224
13743,PROM2,12.942668,2.4598315
13744,PROP1,7.9815683,7.162186
13745,PRORP,10.160192,5.5306563
13746,PRORSD1P,9.788797,1.1028967
13747,PRORY,10.179948,13.622993
13748,PROS1,13.478053,6.754107
13749,PROSER1,7.305026,7.564661
13750,PROSER2,8.194021,7.754728
13751,PROSER3,9.073467,9.809217
13752,PROX1,7.36739,6.0857973
13753,PROX2,8.65606,7.8210635
13754,PROZ,13.1189375,6.2455134
13755,PRP4K,7.5154195,4.2495112
13756,PRPF18,8.192079,2.480252
13757,PRPF19,9.092745,2.730743
13758,PRPF3,8.054279,2.9520245
13759,PRPF31,8.317582,2.663191
13760,PRPF38A,7.7549224,2.3734267
13761,PRPF38B,7.4662933,4.277242
13762,PRPF39,9.386466,4.45104
13763,PRPF4,9.394537,3.3422477
13764,PRPF40A,6.8235297,3.7424815
13765,PRPF40B,7.5478754,4.557467
13766,PRPF6,8.814184,2.6398072
13767,PRPF8,10.713972,11.699401
13768,PRPH,7.6564546,3.3128116
13769,PRPH2,13.426573,2.9048882
13770,PRPS1,7.091994,0.5499193
13771,PRPS1L1,7.1276727,0.56353354
13772,PRPS2,7.130428,0.5448379
13773,PRPSAP1,8.6159525,1.4459895
13774,PRPSAP2,8.65218,1.4678158
13775,PRR11,8.505677,5.8522687
13776,PRR12,8.739927,9.425721
13777,PRR13,6.471191,4.1301646
13778,PRR14,9.221224,10.0295725
13779,PRR14L,9.6265335,11.02817
13780,PRR15,6.7084565,4.14016
13781,PRR15L,7.2583227,3.966663
13782,PRR16,7.7761393,7.3795214
13783,PRR18,9.446338,9.9063
13784,PRR19,9.617793,11.878869
13785,PRR20A,11.458158,12.811843
13786,PRR20B,11.45238,12.804812
13787,PRR20C,11.451134,12.804282
13788,PRR20D,11.454213,12.806025
13789,PRR20E,11.457874,12.810002
13790,PRR20G,11.407226,12.759166
13791,PRR22,8.928104,9.696317
13792,PRR23A,9.43594,10.218656
13793,PRR23B,9.645965,10.337119
13794,PRR23C,9.479125,10.140405
13795,PRR23D1,9.7815075,11.213089
13796,PRR23D2,9.811305,11.220987
13797,PRR23E,9.840588,11.893821
13798,PRR25,10.002134,14.423603
13799,PRR27,8.717972,9.808881
13800,PRR29,7.4596167,4.747258
13801,PRR3,8.5242,8.8614435
13802,PRR30,9.64962,12.039033
13803,PRR32,9.980456,11.615214
13804,PRR33,9.257031,10.3058405
13805,PRR34,10.0591135,14.788866
13806,PRR35,8.53895,7.640191
13807,PRR36,8.411097,9.595353
13808,PRR4,8.568526,9.319151
13809,PRR5,10.497329,9.111752
13810,PRR5L,10.517465,9.40097
13811,PRR7,7.816382,6.2712493
13812,PRR9,8.244136,9.186922
13813,PRRC1,6.977755,4.9160767
13814,PRRC2A,7.821301,7.838714
13815,PRRC2B,7.7333474,7.7553277
13816,PRRC2C,7.442715,7.5531707
13817,PRRG1,8.169177,5.376262
13818,PRRG2,7.7234282,5.225447
13819,PRRG3,7.143778,4.077383
13820,PRRG4,12.745924,4.7061114
13821,PRRT1,7.29817,6.6402435
13822,PRRT1B,7.2805123,5.714144
13823,PRRT2,8.045293,7.6701446
13824,PRRT3,9.362654,9.724909
13825,PRRT4,9.421379,9.588526
13826,PRRX1,5.6687574,3.4266756
13827,PRRX2,5.4023695,4.3391094
13828,PRSS1,14.010032,3.7296329
13829,PRSS12,13.42909,6.0585084
13830,PRSS16,12.236717,5.1212816
13831,PRSS2,13.998396,3.7239485
13832,PRSS21,14.145073,5.537609
13833,PRSS22,14.018274,5.5764794
13834,PRSS23,13.405362,5.611947
13835,PRSS27,14.258629,5.5108347
13836,PRSS29P,14.062266,5.598118
13837,PRSS3,14.524213,5.3764567
13838,PRSS33,13.847142,5.509513
13839,PRSS35,13.298192,5.483828
13840,PRSS36,12.05454,6.366788
13841,PRSS37,13.422729,7.18454
13842,PRSS38,13.776512,5.9749765
13843,PRSS3P2,13.995043,3.7491136
13844,PRSS41,14.071883,5.572137
13845,PRSS42P,13.749662,6.0332856
13846,PRSS45P,13.722431,6.127279
13847,PRSS46P,13.408444,6.532508
13848,PRSS47P,12.23721,7.100134
13849,PRSS48,13.637931,6.337677
13850,PRSS50,12.35863,7.0247154
13851,PRSS51,11.039059,9.868696
13852,PRSS53,12.13083,6.2293353
13853,PRSS54,12.792503,7.70471
13854,PRSS55,13.433172,6.4414334
13855,PRSS56,11.4615555,7.060081
13856,PRSS57,14.063205,5.4621277
13857,PRSS58,13.512706,7.267201
13858,PRSS8,13.947888,5.586881
13859,PRTFDC1,8.727861,1.5308247
13860,PRTG,13.592143,6.5883493
13861,PRTN3,14.54015,5.383477
13862,PRUNE1,10.586604,4.036046
13863,PRUNE2,9.612152,10.801147
13864,PRX,7.928708,8.541218
13865,PRXL2A,9.064475,2.5101404
13866,PRXL2B,9.3528185,1.768348
13867,PRXL2C,9.281544,1.9202156
13868,PRY,9.50699,13.895348
13869,PRY2,9.494545,13.884347
13870,PRYP3,9.54597,13.930284
13871,PRYP4,9.506741,13.90543
13872,PSAP,8.907103,4.941312
13873,PSAPL1,12.314157,6.3492675
13874,PSAT1,9.319767,0.69082654
13875,PSCA,12.788949,4.973705
13876,PSD,7.752732,6.4084845
13877,PSD2,8.10334,5.2404294
13878,PSD3,8.984124,7.8547273
13879,PSD4,8.543205,7.7897205
13880,PSEN1,11.585229,1.4711496
13881,PSEN2,11.436243,1.3076429
13882,PSENEN,11.562359,1.1483992
13883,PSG1,15.671005,6.0127068
13884,PSG11,15.646805,6.011821
13885,PSG2,15.633914,6.0146885
13886,PSG3,15.647841,6.0202804
13887,PSG4,15.669437,6.0091085
13888,PSG5,15.6627035,6.0182195
13889,PSG6,15.6748085,6.0149317
13890,PSG7,15.650986,5.979231
13891,PSG8,15.674821,6.008844
13892,PSG9,15.668771,6.0170827
13893,PSIP1,7.7891917,5.2283382
13894,PSKH1,10.42802,5.3797355
13895,PSKH2,10.5229025,5.242373
13896,PSMA1,8.284512,0.94246894
13897,PSMA2,8.236009,0.7235486
13898,PSMA3,8.527951,0.90094113
13899,PSMA4,8.419047,0.7864409
13900,PSMA5,8.155595,0.7396546
13901,PSMA6,7.8394437,0.68678844
13902,PSMA7,8.055357,0.7606538
13903,PSMA8,8.098842,0.77914745
13904,PSMB1,9.161191,1.598659
13905,PSMB10,9.511504,1.7483846
13906,PSMB11,10.900707,4.924318
13907,PSMB2,9.1880045,1.6080233
13908,PSMB3,8.406412,0.76136535
13909,PSMB4,9.2283125,1.4318241
13910,PSMB5,9.357315,1.3848381
13911,PSMB6,9.215742,0.937892
13912,PSMB7,8.405838,0.886038
13913,PSMB8,9.7227335,2.0434093
13914,PSMB9,9.537062,1.345643
13915,PSMC1,6.8149033,0.6480579
13916,PSMC2,7.700191,0.7891058
13917,PSMC3,7.777658,0.747693
13918,PSMC3IP,7.2903366,2.0894194
13919,PSMC4,7.6986365,0.6639605
13920,PSMC5,6.819044,0.3374198
13921,PSMC6,7.720007,0.69146335
13922,PSMD1,8.581943,2.4935896
13923,PSMD10,10.234192,2.5618653
13924,PSMD11,8.680056,2.4793568
13925,PSMD12,8.737056,2.540494
13926,PSMD13,8.8127775,2.566649
13927,PSMD14,8.035127,1.913103
13928,PSMD2,8.55028,2.3603172
13929,PSMD3,8.775318,2.8717988
13930,PSMD4,7.005753,2.2957277
13931,PSMD5,10.903116,7.763638
13932,PSMD6,8.768369,2.5912015
13933,PSMD7,8.002868,1.8904562
13934,PSMD8,8.062741,2.7575862
13935,PSMD9,8.007378,2.3314178
13936,PSME1,10.768326,11.1751
13937,PSME2,10.791736,11.000252
13938,PSME3,10.84306,10.878059
13939,PSME3IP1,7.975347,4.2438965
13940,PSME4,11.122229,9.700665
13941,PSMF1,9.155745,4.5568633
13942,PSMG1,9.938123,4.6393676
13943,PSMG2,9.623231,2.9919972
13944,PSMG3,11.092252,8.946531
13945,PSMG3-AS1,10.055824,14.304778
13946,PSMG4,10.246142,9.363411
13947,PSORS1C1,9.827745,14.04779
13948,PSORS1C2,9.156697,11.6938505
13949,PSPC1,6.9295793,4.0696855
13950,PSPH,8.886577,0.92051256
13951,PSPHP1,10.061977,9.213552
13952,PSPN,12.14937,5.420875
13953,PSRC1,8.057692,7.6298056
13954,PSTK,10.232002,5.9310765
13955,PSTPIP1,7.8059564,3.137925
13956,PSTPIP2,8.246473,3.5887082
13957,PTAFR,14.002656,1.6594583
13958,PTAR1,9.929344,4.0183
13959,PTBP1,6.2915916,3.2519875
13960,PTBP2,6.5877647,3.372789
13961,PTBP3,6.5784745,3.3556144
13962,PTCD1,10.152052,6.4030166
13963,PTCD2,10.019662,4.622808
13964,PTCD3,11.008911,8.217318
13965,PTCH1,12.453252,3.1774793
13966,PTCH2,13.156557,2.203991
13967,PTCHD1,13.637836,2.7623382
13968,PTCHD3,12.682079,2.9732203
13969,PTCHD4,13.669796,2.7455003
13970,PTCRA,8.68883,7.1009965
13971,PTDSS1,12.243466,2.5345347
13972,PTDSS2,12.052551,2.286937
13973,PTEN,9.405456,3.1478214
13974,PTER,9.899075,1.5715514
13975,PTF1A,5.94197,5.1406765
13976,PTGDR,13.307594,1.9484116
13977,PTGDR2,13.353015,1.4959792
13978,PTGDS,12.977622,5.1898103
13979,PTGER1,13.407651,1.6989669
13980,PTGER2,12.921695,1.8436651
13981,PTGER3,13.673267,2.0036526
13982,PTGER4,12.608216,2.2283375
13983,PTGES,12.0698595,1.1537014
13984,PTGES2,10.409855,2.7449207
13985,PTGES3,7.5568943,0.7185144
13986,PTGES3L,10.250646,7.6443334
13987,PTGFR,13.286668,1.5780195
13988,PTGFRN,13.152267,7.1014667
13989,PTGIR,13.291601,1.8547381
13990,PTGIS,11.684473,3.2772808
13991,PTGR1,9.549195,1.1805143
13992,PTGR2,9.580871,1.110703
13993,PTGR3,10.401297,2.110398
13994,PTGS1,13.424184,4.893281
13995,PTGS2,13.463966,4.7798424
13996,PTH,10.229496,9.694811
13997,PTH1R,12.637421,1.580052
13998,PTH2,7.9536877,6.0510325
13999,PTH2R,12.814547,1.4683962
14000,PTHLH,10.145658,9.645853
14001,PTK2,8.13283,2.9900427
14002,PTK2B,9.032978,3.8081028
14003,PTK6,10.302214,2.9419906
14004,PTK7,13.01803,6.240616
14005,PTMA,6.351366,1.3552232
14006,PTMS,6.393228,1.5185184
14007,PTN,7.7439976,3.8753436
14008,PTOV1,9.092492,10.848877
14009,PTP4A1,6.825516,0.2065015
14010,PTP4A2,6.830969,0.22713922
14011,PTP4A3,7.0589542,0.5239688
14012,PTPA,9.73612,3.5802681
14013,PTPDC1,9.269829,6.087428
14014,PTPMT1,9.352884,1.5892379
14015,PTPN1,8.892939,3.5256586
14016,PTPN11,8.994235,2.0409005
14017,PTPN12,9.282064,8.066447
14018,PTPN13,9.092384,6.621303
14019,PTPN14,9.531578,6.565223
14020,PTPN18,9.557644,4.7166333
14021,PTPN2,8.972343,3.0219133
14022,PTPN20,10.341647,6.578861
14023,PTPN21,9.366985,6.7564387
14024,PTPN22,9.383155,8.120778
14025,PTPN23,8.253712,5.193964
14026,PTPN3,9.893005,4.5503716
14027,PTPN4,9.2654505,3.4706233
14028,PTPN5,9.6252575,6.130383
14029,PTPN6,9.117403,2.3854675
14030,PTPN7,9.870479,2.8764555
14031,PTPN9,10.231741,3.9610953
14032,PTPRA,13.431552,5.965281
14033,PTPRB,13.656379,6.4515176
14034,PTPRC,13.406477,5.9572096
14035,PTPRCAP,7.8217483,5.6124864
14036,PTPRD,8.007383,1.3863062
14037,PTPRE,10.042511,3.4971213
14038,PTPRF,11.304961,2.958238
14039,PTPRG,13.067802,4.985011
14040,PTPRH,13.142386,5.8136406
14041,PTPRJ,13.485827,6.4340825
14042,PTPRK,13.472003,5.917391
14043,PTPRM,13.500456,5.9820213
14044,PTPRN,8.171733,5.9851117
14045,PTPRN2,8.491076,6.076104
14046,PTPRO,13.26284,7.4050765
14047,PTPRQ,13.376209,7.5145936
14048,PTPRR,9.8040085,5.763467
14049,PTPRS,8.033939,1.6050681
14050,PTPRT,13.447617,5.9862165
14051,PTPRU,13.119606,5.9502053
14052,PTPRZ1,12.592985,7.299114
14053,PTRH1,10.684698,3.0979893
14054,PTRH2,9.25905,1.5261708
14055,PTRHD1,10.383222,2.4656074
14056,PTS,8.579685,0.71072555
14057,PTTG1,8.78952,9.047293
14058,PTTG1IP,7.3324575,3.068204
14059,PTTG1IP2,11.712102,8.381537
14060,PTTG2,9.262738,9.853969
14061,PTTG3P,9.793272,10.864847
14062,PTX3,12.279344,4.7932625
14063,PTX4,12.071383,5.359129
14064,PUDP,8.902964,0.84643584
14065,PUF60,6.792253,3.8380513
14066,PUM1,6.2420893,4.5327783
14067,PUM2,6.1429114,4.2688627
14068,PUM3,9.374919,4.3554177
14069,PURA,6.6580677,2.7746065
14070,PURB,6.6269503,2.886494
14071,PURG,8.086058,3.6001737
14072,PUS1,9.933554,3.055737
14073,PUS10,9.699645,3.5259156
14074,PUS3,9.328982,3.3070788
14075,PUS7,10.200624,4.343969
14076,PUS7L,10.366837,6.420918
14077,PUSL1,9.728324,2.2612557
14078,PVALB,7.9402275,2.2016528
14079,PVALEF,10.19293,5.2269
14080,PVR,12.673221,5.8531947
14081,PVRIG,9.221194,8.8012705
14082,PWP1,9.501368,4.000308
14083,PWP2,9.75692,3.925631
14084,PWWP2A,7.882158,6.9442625
14085,PWWP2B,8.243527,7.6501822
14086,PWWP3A,8.924875,6.75
14087,PWWP3B,9.583894,8.005965
14088,PWWP4,8.17585,9.678238
14089,PXDC1,10.602201,7.8157663
14090,PXDN,13.461985,5.612862
14091,PXDNL,13.356753,5.532146
14092,PXK,10.00993,5.615611
14093,PXMP2,11.755404,0.80356336
14094,PXMP4,11.568173,1.3378811
14095,PXN,6.0023675,2.69585
14096,PXT1,9.321612,13.597161
14097,PXYLP1,12.7135725,7.476916
14098,PYCARD,9.521952,2.3333852
14099,PYCARD-AS1,9.872231,14.38354
14100,PYCR1,8.665917,1.1325942
14101,PYCR2,8.65602,1.1212457
14102,PYCR3,10.188281,2.1731274
14103,PYDC1,9.6752,2.8142493
14104,PYDC2,11.526254,7.282987
14105,PYDC5,9.767562,12.981862
14106,PYGB,9.370428,0.92165637
14107,PYGL,9.444409,0.8919243
14108,PYGM,9.355224,0.88828266
14109,PYGO1,8.847966,9.331066
14110,PYGO2,7.2296486,7.221087
14111,PYHIN1,9.374749,7.8093405
14112,PYM1,7.586,3.6325326
14113,PYROXD1,9.549543,2.6948786
14114,PYROXD2,10.017206,1.7312824
14115,PYURF,9.483953,2.0564
14116,PYY,7.6739793,4.446634
14117,PYY2,9.950964,12.34912
14118,PYY3,8.575224,6.2895007
14119,PZP,13.283245,4.685996
14120,QARS1,9.252542,1.516483
14121,QDPR,8.987434,1.0968311
14122,QKI,6.2919974,3.299757
14123,QNG1,10.221689,2.3138251
14124,QPCT,12.83627,4.4568243
14125,QPCTL,12.148027,4.4530077
14126,QPRT,10.486115,2.5634692
14127,QRFP,8.262155,6.0816736
14128,QRFPR,13.744372,2.4805126
14129,QRICH1,7.657159,6.840247
14130,QRICH2,8.181491,8.923107
14131,QRSL1,9.851506,1.1093812
14132,QSER1,9.324785,10.240462
14133,QSOX1,12.492527,5.853597
14134,QSOX2,12.773939,5.0775895
14135,QTRT1,9.628492,1.1092248
14136,QTRT2,10.317202,3.9836025
14137,R3HCC1,8.790389,6.410645
14138,R3HCC1L,9.465226,10.032744
14139,R3HDM1,6.2670517,4.560885
14140,R3HDM2,6.5786824,5.1746273
14141,R3HDM4,8.129867,3.6642566
14142,R3HDML,13.300787,4.728673
14143,RAB10,7.4017344,0.3588315
14144,RAB11A,6.846151,0.18151836
14145,RAB11B,6.8192306,0.22149889
14146,RAB11FIP1,8.332622,8.3566885
14147,RAB11FIP2,8.007632,5.477544
14148,RAB11FIP3,7.521925,5.451831
14149,RAB11FIP4,8.001999,4.8413053
14150,RAB11FIP5,7.3990054,5.369991
14151,RAB12,9.2778845,3.6452363
14152,RAB13,7.480066,0.45276266
14153,RAB14,7.347613,0.25884524
14154,RAB15,8.16152,1.3455482
14155,RAB17,8.277966,1.4395629
14156,RAB18,7.4498982,0.32515863
14157,RAB19,8.261204,1.4811894
14158,RAB1A,7.1940126,0.052793417
14159,RAB1B,7.189959,0.029439988
14160,RAB1C,7.250656,0.18534167
14161,RAB20,8.152431,1.2935485
14162,RAB21,8.069082,1.0844849
14163,RAB22A,8.180577,1.0966672
14164,RAB23,8.084385,1.2837229
14165,RAB24,8.126903,1.2175404
14166,RAB25,9.058737,1.1779896
14167,RAB26,7.9617424,1.4395856
14168,RAB27A,7.6899505,0.95085627
14169,RAB27B,7.534467,0.8852
14170,RAB28,7.8343415,0.86316633
14171,RAB29,9.365199,1.6720605
14172,RAB2A,7.129669,0.30247605
14173,RAB2B,7.141979,0.30400145
14174,RAB30,8.209372,1.3665856
14175,RAB31,8.123171,1.1373222
14176,RAB32,8.039778,1.4622887
14177,RAB33A,8.181978,1.406288
14178,RAB33B,8.1293,1.3603847
14179,RAB34,8.168687,1.3648492
14180,RAB35,7.5081434,0.44083032
14181,RAB36,8.224924,1.3771211
14182,RAB37,8.089292,1.4469836
14183,RAB38,8.22648,1.6274494
14184,RAB39A,8.069145,1.3432484
14185,RAB39B,8.117208,1.350991
14186,RAB3A,7.4814234,0.40670207
14187,RAB3B,7.526839,0.4492478
14188,RAB3C,7.485882,0.4230353
14189,RAB3D,7.5155687,0.4041373
14190,RAB3GAP1,10.582734,11.009775
14191,RAB3GAP2,10.983933,9.78395
14192,RAB3IL1,6.998482,3.2346
14193,RAB3IP,8.3564825,5.411207
14194,RAB40A,8.313122,1.5607327
14195,RAB40AL,8.309087,1.5322925
14196,RAB40B,8.146641,1.3793701
14197,RAB40C,7.4208345,0.9447984
14198,RAB41,9.311475,3.662096
14199,RAB42,10.766009,3.4601567
14200,RAB43,8.1413555,1.3396337
14201,RAB44,8.599365,7.704495
14202,RAB4A,7.357316,0.34623945
14203,RAB4B,7.315076,0.3284244
14204,RAB5A,7.2863727,0.24116738
14205,RAB5B,7.3002605,0.27642584
14206,RAB5C,7.276635,0.262908
14207,RAB5IF,11.5915785,2.080963
14208,RAB6A,7.2584357,0.31899425
14209,RAB6B,7.334812,0.33109266
14210,RAB6C,6.5044985,-0.57042414
14211,RAB6D,6.5117307,-0.5486302
14212,RAB7A,7.0409813,0.5277648
14213,RAB7B,10.632116,4.61369
14214,RAB8A,7.292677,0.3013671
14215,RAB8B,7.31456,0.32181677
14216,RAB9A,9.27465,1.365563
14217,RAB9B,9.053883,1.443297
14218,RABAC1,11.694808,1.1678025
14219,RABEP1,9.817812,8.171499
14220,RABEP2,8.534537,5.1518292
14221,RABEPK,10.974956,5.9415517
14222,RABGAP1,9.703033,5.7486773
14223,RABGAP1L,10.49869,7.450141
14224,RABGEF1,8.183102,2.8310273
14225,RABGGTA,10.620187,4.757562
14226,RABGGTB,9.319586,1.2320292
14227,RABIF,8.838523,1.984068
14228,RABL2A,7.953358,1.5450739
14229,RABL2B,7.9426427,1.5553834
14230,RABL3,9.699139,3.7901485
14231,RABL6,6.988415,4.328692
14232,RAC1,6.755623,0.20714763
14233,RAC2,6.8067546,0.20723785
14234,RAC3,6.7894,0.21399216
14235,RACGAP1,8.582186,4.592325
14236,RACK1,7.767467,1.1619393
14237,RAD1,8.511303,2.2109392
14238,RAD17,9.561332,5.0005045
14239,RAD18,8.684602,5.690723
14240,RAD21,7.4767027,4.846573
14241,RAD21L1,8.665483,5.8455005
14242,RAD23A,6.865399,3.1239586
14243,RAD23B,6.824114,3.3404043
14244,RAD50,8.922996,3.4176614
14245,RAD51,7.9124165,0.8171455
14246,RAD51AP1,7.3915706,4.1493
14247,RAD51AP2,9.701292,11.003677
14248,RAD51B,9.957288,2.5778737
14249,RAD51C,9.617298,2.5130756
14250,RAD51D,8.782735,1.4240562
14251,RAD52,7.8998275,4.7414503
14252,RAD54B,10.0528755,5.1658316
14253,RAD54L,9.262574,2.3876505
14254,RAD54L2,8.637663,6.7013993
14255,RAD9A,9.056596,4.025529
14256,RAD9B,9.550462,5.4410853
14257,RADIL,10.902835,5.2124243
14258,RADX,10.800876,8.198135
14259,RAE1,9.098127,2.9520376
14260,RAET1E,15.136435,6.222525
14261,RAET1G,15.1062355,6.2337303
14262,RAET1L,15.139436,6.2384095
14263,RAF1,9.200438,4.5175676
14264,RAG1,10.913871,10.105601
14265,RAG2,10.771937,10.084162
14266,RAI1,8.968764,9.838256
14267,RAI14,9.764782,8.155952
14268,RAI2,9.19511,9.710043
14269,RALA,6.91643,0.33211252
14270,RALB,6.947898,0.31201586
14271,RALBP1,9.23818,6.1199102
14272,RALGAPA1,9.538631,4.783068
14273,RALGAPA2,9.866977,5.5364885
14274,RALGAPB,10.542722,7.51483
14275,RALGDS,8.60301,4.470949
14276,RALGPS1,8.412203,3.361301
14277,RALGPS2,8.54956,4.099634
14278,RALY,6.601444,3.6678627
14279,RALYL,6.6309643,3.505633
14280,RAMAC,7.157631,4.3974214
14281,RAMACL,7.262563,4.416824
14282,RAMP1,12.779308,1.7050161
14283,RAMP2,12.89975,1.5713905
14284,RAMP3,11.872712,2.2152174
14285,RAN,6.873407,0.4464186
14286,RANBP1,7.1176014,1.3308282
14287,RANBP10,8.206875,3.7672596
14288,RANBP17,10.36413,5.653746
14289,RANBP2,10.399777,8.810983
14290,RANBP3,7.0118957,4.273211
14291,RANBP3L,9.034451,7.1025023
14292,RANBP6,10.386019,5.1363487
14293,RANBP9,7.9858804,3.9114358
14294,RANGAP1,9.202678,4.067616
14295,RANGRF,10.507174,4.0234213
14296,RAP1A,7.2368913,0.12702876
14297,RAP1B,7.253134,0.07656946
14298,RAP1BL,7.2708626,0.14764418
14299,RAP1GAP,7.262225,3.5141432
14300,RAP1GAP2,8.496054,5.791552
14301,RAP1GDS1,10.403794,5.233349
14302,RAP2A,7.3017898,0.24483904
14303,RAP2B,7.2744746,0.26090348
14304,RAP2C,7.287195,0.25209835
14305,RAPGEF1,7.3604355,4.299524
14306,RAPGEF2,8.709186,5.86155
14307,RAPGEF3,10.893102,5.1061597
14308,RAPGEF4,8.445319,2.1357853
14309,RAPGEF5,9.81155,4.3479733
14310,RAPGEF6,9.19982,6.0515733
14311,RAPGEFL1,10.753512,6.5107145
14312,RAPH1,6.4564686,4.347451
14313,RAPSN,10.887217,7.2596045
14314,RARA,7.3113856,1.7700772
14315,RARB,7.307338,1.6495972
14316,RARG,7.356613,1.6923702
14317,RARRES1,12.584466,5.4738355
14318,RARRES2,12.649232,5.4331846
14319,RARS1,9.191829,1.3769202
14320,RARS2,10.473635,2.6773412
14321,RASA1,10.46404,6.9272046
14322,RASA2,10.265544,6.0501385
14323,RASA3,10.264362,5.685768
14324,RASA4,10.607451,5.0828266
14325,RASA4B,10.613392,5.1306357
14326,RASAL1,10.732969,5.0507016
14327,RASAL2,8.054884,4.833956
14328,RASAL3,9.414167,6.8608375
14329,RASD1,9.643392,3.8207467
14330,RASD2,9.497665,3.5971
14331,RASEF,8.869382,4.2668114
14332,RASGEF1A,9.6473675,4.859283
14333,RASGEF1B,8.532863,2.687644
14334,RASGEF1C,9.098629,4.1628904
14335,RASGRF1,8.497209,2.887932
14336,RASGRF2,8.443506,2.777569
14337,RASGRP1,9.650168,5.5654798
14338,RASGRP2,9.926261,5.0848656
14339,RASGRP3,9.918916,5.355331
14340,RASGRP4,10.816807,5.194302
14341,RASIP1,9.716761,6.0352426
14342,RASL10A,11.329411,4.7830095
14343,RASL10B,9.597878,3.4480376
14344,RASL11A,9.549657,3.74928
14345,RASL11B,9.53848,3.7171574
14346,RASL12,8.84937,3.252375
14347,RASSF1,8.83944,4.9098344
14348,RASSF10,7.7933707,4.7508535
14349,RASSF2,8.334436,3.522602
14350,RASSF3,8.34985,3.6169162
14351,RASSF4,8.257288,3.502828
14352,RASSF5,8.398614,5.247989
14353,RASSF6,9.999091,6.317206
14354,RASSF7,7.935081,5.74383
14355,RASSF8,7.764351,3.7073965
14356,RASSF9,9.450766,6.065677
14357,RAVER1,8.249782,6.1112657
14358,RAVER2,8.287126,7.3715916
14359,RAX,5.8888593,5.0936875
14360,RAX2,6.08583,5.2278066
14361,RB1,9.898095,5.0521064
14362,RB1CC1,10.112603,8.943379
14363,RBAK,14.491947,14.945405
14364,RBAKDN,9.970702,14.227251
14365,RBBP4,7.5115795,0.9473867
14366,RBBP5,9.191213,4.156406
14367,RBBP6,8.533318,8.961521
14368,RBBP7,7.606376,1.0565093
14369,RBBP8,9.48102,9.493768
14370,RBBP8NL,8.510564,8.283072
14371,RBBP9,9.751521,1.3549169
14372,RBCK1,9.604024,3.0327187
14373,RBFA,8.351479,4.5596757
14374,RBFOX1,5.7237773,3.1962368
14375,RBFOX2,5.6851635,3.239075
14376,RBFOX3,5.7476115,3.133658
14377,RBIS,7.831152,3.4596906
14378,RBKS,8.80809,1.030659
14379,RBL1,9.234115,4.0298624
14380,RBL2,9.293804,4.5018377
14381,RBM10,7.082136,4.799305
14382,RBM11,8.4067135,6.8820567
14383,RBM12,7.516197,7.3211136
14384,RBM12B,9.046114,8.163913
14385,RBM12B-AS1,9.547604,13.975817
14386,RBM14,7.272547,7.274927
14387,RBM15,7.799185,7.0206785
14388,RBM15B,7.7238503,6.9955297
14389,RBM17,7.8497524,3.172332
14390,RBM18,8.1151,3.3378983
14391,RBM19,8.135828,3.693388
14392,RBM20,8.678669,8.987776
14393,RBM22,6.953822,3.86631
14394,RBM23,6.9592257,4.125816
14395,RBM24,5.7489834,3.1565707
14396,RBM25,6.6758723,3.0177715
14397,RBM26,7.2583327,5.339158
14398,RBM27,7.545262,6.8453283
14399,RBM28,8.159371,3.8938534
14400,RBM3,6.371035,2.768363
14401,RBM33,7.448506,7.5191946
14402,RBM34,8.735566,5.2584352
14403,RBM38,5.9338694,3.5298681
14404,RBM39,6.5965214,2.7647593
14405,RBM4,6.739432,3.808251
14406,RBM41,9.069788,5.35175
14407,RBM42,7.3067408,5.9196625
14408,RBM43,10.154949,6.3771977
14409,RBM44,9.762387,10.876463
14410,RBM45,9.384671,4.779066
14411,RBM46,9.3168125,4.8026495
14412,RBM47,7.1004586,4.3267655
14413,RBM48,8.989947,6.0937114
14414,RBM4B,6.697842,3.7397563
14415,RBM5,6.830683,3.8263464
14416,RBM6,8.714296,9.140986
14417,RBM7,6.9068174,4.068052
14418,RBM8A,7.646774,2.2368674
14419,RBMS1,5.977145,3.553716
14420,RBMS2,5.988967,3.5308354
14421,RBMS3,5.956155,3.575142
14422,RBMX,6.373399,4.1460323
14423,RBMX2,7.517376,4.2624397
14424,RBMXL1,6.501424,4.198675
14425,RBMXL2,6.6102457,4.55898
14426,RBMXL3,-2.5269096,2.099868
14427,RBMY1A1,-2.5305033,2.0973952
14428,RBMY1B,-2.5305629,2.0973191
14429,RBMY1C,-2.5307143,2.0972304
14430,RBMY1D,-2.5310192,2.0967064
14431,RBMY1E,-2.5308642,2.097156
14432,RBMY1F,-2.5307689,2.0972328
14433,RBMY1J,-2.5308304,2.0972261
14434,RBP1,8.629254,0.40643123
14435,RBP2,8.869296,0.43681812
14436,RBP3,12.97439,6.3352575
14437,RBP4,13.430497,4.540041
14438,RBP5,9.444942,1.2236674
14439,RBP7,8.9374,0.5086785
14440,RBPJ,7.151317,2.7530649
14441,RBPJL,9.188926,4.663914
14442,RBPMS,6.037004,2.8637242
14443,RBPMS2,6.024217,3.1469276
14444,RBSN,9.065567,6.2101784
14445,RBX1,6.322364,0.054687016
14446,RC3H1,7.374247,6.0901184
14447,RC3H2,8.009179,7.213975
14448,RCAN1,7.5190315,3.4203844
14449,RCAN2,7.405035,2.9468822
14450,RCAN3,7.532172,3.3835177
14451,RCBTB1,11.016874,6.0991306
14452,RCBTB2,10.997651,6.1060567
14453,RCC1,9.4312935,2.320776
14454,RCC1L,10.347104,3.9892774
14455,RCC2,9.724959,4.1480975
14456,RCCD1,10.911081,4.623565
14457,RCE1,12.350847,1.289409
14458,RCHY1,9.248154,3.2576773
14459,RCL1,9.167739,2.2438896
14460,RCN1,8.579475,2.2644777
14461,RCN2,12.949094,4.7149367
14462,RCN3,11.846835,4.266144
14463,RCOR1,7.2847686,4.305928
14464,RCOR2,6.912259,4.289777
14465,RCOR3,6.8587546,3.9791367
14466,RCSD1,7.89864,6.585699
14467,RCVRN,9.808567,4.1115403
14468,RD3,10.649005,10.638371
14469,RD3L,10.427866,11.586719
14470,RDH10,10.130639,1.5559195
14471,RDH11,10.080672,1.4548998
14472,RDH12,10.057071,1.3809958
14473,RDH13,9.855809,1.1606982
14474,RDH14,10.13134,1.5491989
14475,RDH16,9.386996,1.243995
14476,RDH5,10.423398,2.4576278
14477,RDH8,10.274129,2.3148756
14478,RDM1,9.296404,2.289821
14479,RDUR,9.380227,13.476423
14480,RDX,7.2966857,2.10048
14481,REC114,8.435691,4.4616523
14482,REC8,8.8372965,5.534802
14483,RECK,13.047254,7.8275027
14484,RECQL,9.510509,2.2986221
14485,RECQL4,10.968128,5.589701
14486,RECQL5,9.209922,4.875702
14487,REDIC1,9.695601,11.034655
14488,REELD1,12.286018,6.9490166
14489,REEP1,6.8554535,1.936379
14490,REEP2,7.2655993,2.4517457
14491,REEP3,7.374341,2.4543378
14492,REEP4,7.244017,2.4897196
14493,REEP5,11.331543,0.8052328
14494,REEP6,12.207644,1.5862142
14495,REG1A,14.208336,5.3046546
14496,REG1B,14.137258,5.3399506
14497,REG3A,14.975708,5.515903
14498,REG3G,15.008936,5.5197616
14499,REG4,14.186884,5.381427
14500,REL,8.393341,6.90592
14501,RELA,7.780676,5.5845003
14502,RELB,8.156843,6.49441
14503,RELCH,10.557615,7.6250515
14504,RELL1,7.1982036,4.61069
14505,RELL2,8.047576,6.9408026
14506,RELN,13.168718,7.8413453
14507,RELT,7.8416147,6.0895276
14508,REM1,8.530086,4.427682
14509,REM2,8.267612,4.817468
14510,REN,13.90649,4.3882523
14511,RENBP,10.570473,3.0897093
14512,REP15,10.856784,7.7332172
14513,REPIN1,7.510559,8.325221
14514,REPS1,7.617965,6.3331656
14515,REPS2,7.7882304,6.36922
14516,RER1,11.264573,0.8366893
14517,RERE,6.8836756,6.12982
14518,RERG,8.071864,1.2876122
14519,RERGL,10.245236,4.9773
14520,RESF1,9.64643,10.885889
14521,RESP18,9.7001095,13.99158
14522,REST,8.47111,8.087389
14523,RET,13.116773,6.931435
14524,RETN,13.092413,4.814178
14525,RETNLB,13.242594,5.048789
14526,RETREG1,8.443385,5.251099
14527,RETREG2,8.292419,5.884349
14528,RETREG3,8.517838,5.2304244
14529,RETSAT,10.444004,3.1141617
14530,REV1,9.222064,5.309582
14531,REV3L,9.725633,11.022566
14532,REX1BD,11.344819,7.840365
14533,REXO1,8.004321,7.209878
14534,REXO1L1P,8.882122,6.1426992
14535,REXO2,9.150737,1.415906
14536,REXO4,8.073249,4.827279
14537,REXO5,10.784395,7.5243154
14538,RFC1,8.406209,4.473762
14539,RFC2,8.066546,1.006085
14540,RFC3,9.140807,1.4466319
14541,RFC4,8.210842,1.228014
14542,RFC5,8.061137,0.8759212
14543,RFESD,9.268217,2.5748115
14544,RFFL,7.5972524,4.1763024
14545,RFK,8.802378,0.94055635
14546,RFLNA,9.741688,13.041129
14547,RFLNB,9.963299,12.518021
14548,RFNG,11.643275,3.855218
14549,RFPL1,11.991911,7.0890207
14550,RFPL2,12.038301,7.1685224
14551,RFPL3,12.075688,7.076763
14552,RFPL3S,9.272248,13.630836
14553,RFPL4A,11.936577,7.026044
14554,RFPL4AL1,11.885299,6.9906287
14555,RFPL4B,11.845599,7.116787
14556,RFT1,12.375929,1.2506405
14557,RFTN1,9.2199545,7.3565454
14558,RFTN2,9.366675,6.900782
14559,RFWD3,9.485211,6.050965
14560,RFX1,6.2924333,4.4476247
14561,RFX2,6.9623294,4.5423193
14562,RFX3,6.790331,4.3357472
14563,RFX4,9.612264,6.850635
14564,RFX5,8.098659,7.5560513
14565,RFX6,8.5798855,7.184177
14566,RFX7,7.501502,7.6729617
14567,RFX8,10.937704,8.512186
14568,RFXANK,8.821358,4.0821834
14569,RFXAP,6.545563,3.8964913
14570,RGCC,6.389789,3.8106358
14571,RGL1,8.8026285,4.1648674
14572,RGL2,9.624367,6.8059435
14573,RGL3,10.803913,5.642465
14574,RGL4,10.100254,9.258683
14575,RGMA,12.676475,4.9111333
14576,RGMB,12.788584,5.0449123
14577,RGN,9.986133,1.5731668
14578,RGP1,10.018917,4.8262076
14579,RGPD1,10.499367,8.873484
14580,RGPD2,10.499653,8.840118
14581,RGPD3,10.51174,8.8742075
14582,RGPD4,10.484627,8.810262
14583,RGPD5,10.494073,8.860554
14584,RGPD6,10.490382,8.86866
14585,RGPD8,10.515934,8.840792
14586,RGR,13.815902,2.0453506
14587,RGS1,9.347241,5.504437
14588,RGS10,8.778296,3.682913
14589,RGS11,8.225471,3.8775916
14590,RGS12,8.606562,7.1246076
14591,RGS13,8.853955,3.1043885
14592,RGS14,8.62432,5.697615
14593,RGS16,8.894426,4.0600953
14594,RGS17,8.047047,2.8730292
14595,RGS18,9.509062,5.828204
14596,RGS19,8.094389,4.078374
14597,RGS2,9.072415,4.670924
14598,RGS20,8.67015,7.036527
14599,RGS21,8.836223,3.1356764
14600,RGS22,10.829463,8.201746
14601,RGS3,8.683766,6.8524117
14602,RGS4,8.826313,3.1107306
14603,RGS5,8.61582,3.083835
14604,RGS6,8.424968,2.9045956
14605,RGS7,8.402334,2.9946294
14606,RGS7BP,10.817653,9.199631
14607,RGS8,7.938811,2.807716
14608,RGS9,9.177964,6.1076813
14609,RGS9BP,11.319194,6.6454773
14610,RGSL1,10.8828535,10.083027
14611,RHAG,11.911153,1.603774
14612,RHBDD1,11.948246,1.6068691
14613,RHBDD2,11.9173765,6.7014666
14614,RHBDD3,13.509159,1.8852242
14615,RHBDF1,9.630538,5.8099546
14616,RHBDF2,9.550147,5.9409485
14617,RHBDL1,12.810169,1.9734969
14618,RHBDL2,12.169283,2.015203
14619,RHBDL3,12.486147,2.11683
14620,RHBG,12.074141,1.4923041
14621,RHCE,12.696846,1.1064982
14622,RHCG,11.9986105,1.6431646
14623,RHD,12.66619,1.1306247
14624,RHEB,7.526904,0.4633366
14625,RHEBL1,10.112329,2.136691
14626,RHEX,8.587849,5.928282
14627,RHNO1,9.99848,11.512793
14628,RHO,12.257327,1.2187853
14629,RHOA,7.2513895,0.35157248
14630,RHOB,7.3539305,0.3983265
14631,RHOBTB1,10.786841,7.2037163
14632,RHOBTB2,10.861167,7.2091904
14633,RHOBTB3,11.071047,8.516701
14634,RHOC,7.2487516,0.31694373
14635,RHOD,10.186862,2.7253213
14636,RHOF,8.230449,1.4496709
14637,RHOG,9.366505,1.1416472
14638,RHOH,10.7502,4.7681665
14639,RHOJ,8.242426,1.4032589
14640,RHOQ,8.137071,1.3482985
14641,RHOT1,9.426165,2.760684
14642,RHOT2,10.276022,3.1427562
14643,RHOU,8.281181,1.3189695
14644,RHOV,10.128047,2.8733916
14645,RHOXF1,9.767427,9.229316
14646,RHOXF1P3,9.606867,13.910368
14647,RHOXF2,9.300986,9.734404
14648,RHOXF2B,9.272688,9.741926
14649,RHPN1,10.863211,5.016509
14650,RHPN1-AS1,9.437275,12.579415
14651,RHPN2,9.842006,4.673162
14652,RHPN2P1,10.235977,6.601979
14653,RIBC1,9.11122,4.9460535
14654,RIBC2,9.179226,4.8790536
14655,RIC1,11.011326,8.983525
14656,RIC3,8.026067,5.0737247
14657,RIC8A,9.879648,3.5093832
14658,RIC8B,10.064789,4.94424
14659,RICTOR,10.880823,10.017431
14660,RIDA,9.312783,0.51905626
14661,RIF1,9.885876,10.315485
14662,RIG,9.34783,13.690539
14663,RIGI,10.313064,6.357659
14664,RIIAD1,8.512462,3.0481246
14665,RILP,7.970504,5.412984
14666,RILPL1,6.975082,2.8938441
14667,RILPL2,7.8276496,3.9182103
14668,RIMBP2,7.083099,4.2167397
14669,RIMBP3,9.548044,9.226955
14670,RIMBP3B,9.609889,9.323598
14671,RIMBP3C,9.578365,9.270071
14672,RIMKLA,10.961123,6.900204
14673,RIMKLB,10.980891,6.8377156
14674,RIMOC1,11.027441,10.530861
14675,RIMS1,6.296512,2.9628482
14676,RIMS2,5.998999,2.757915
14677,RIMS3,6.9593782,3.9772763
14678,RIMS4,8.572659,4.36304
14679,RIN1,11.027069,6.461267
14680,RIN2,8.956398,5.340388
14681,RIN3,8.741515,6.296005
14682,RING1,6.998528,4.0634117
14683,RINL,11.29621,6.926091
14684,RINT1,10.089573,5.538609
14685,RIOK1,8.389498,2.9449272
14686,RIOK2,8.970377,3.7801476
14687,RIOK3,9.218631,3.4708447
14688,RIOX1,10.653471,5.5991335
14689,RIOX2,10.3135605,4.0848675
14690,RIPK1,9.903351,6.784507
14691,RIPK2,9.93192,5.832321
14692,RIPK3,10.151102,7.382079
14693,RIPK4,10.976066,6.4284644
14694,RIPOR1,8.609079,6.930111
14695,RIPOR2,9.219783,7.082228
14696,RIPOR3,9.584956,7.170093
14697,RIPPLY1,7.5489283,5.4578238
14698,RIPPLY2,7.5947957,5.5537386
14699,RIPPLY3,8.587272,7.815051
14700,RIT1,8.119698,1.3051298
14701,RIT2,8.013556,1.2215197
14702,RITA1,8.903063,9.331428
14703,RLBP1,10.4244175,5.800802
14704,RLF,10.4994545,10.310552
14705,RLIG1,10.66872,6.558964
14706,RLIM,7.3505206,4.1386933
14707,RLN1,12.613003,7.8144197
14708,RLN2,12.663071,7.6788096
14709,RLN3,8.351711,5.9726157
14710,RMC1,11.090863,9.027666
14711,RMDN1,9.61614,3.223352
14712,RMDN2,9.121026,3.8201828
14713,RMDN3,8.982925,5.11865
14714,RMI1,9.726214,6.7659235
14715,RMI2,11.11633,4.84472
14716,RMND1,9.525784,4.739858
14717,RMND5A,9.197249,3.0620964
14718,RMND5B,9.5293865,3.492415
14719,RNASE1,14.409381,5.1743336
14720,RNASE10,10.821174,10.041867
14721,RNASE11,10.923863,10.117571
14722,RNASE12,12.248522,8.402794
14723,RNASE13,12.240359,8.41056
14724,RNASE2,14.375383,5.137059
14725,RNASE3,14.363131,5.1127276
14726,RNASE4,14.411812,5.155422
14727,RNASE6,14.392079,5.1442013
14728,RNASE7,14.396302,5.1677666
14729,RNASE8,14.400067,5.152917
14730,RNASE9,12.224855,8.414737
14731,RNASEH1,9.38318,2.2211697
14732,RNASEH2A,9.709813,1.7994502
14733,RNASEH2B,9.214008,4.59742
14734,RNASEH2C,8.636079,4.0717096
14735,RNASEK,11.393902,1.6736109
14736,RNASEL,10.841647,6.9498205
14737,RNASET2,12.885977,4.804989
14738,RND1,8.126258,1.2806954
14739,RND2,8.162416,1.265865
14740,RND3,8.027401,1.0982598
14741,RNF10,9.128866,6.4064064
14742,RNF103,10.926725,10.037043
14743,RNF11,6.2731566,2.3834217
14744,RNF111,8.888648,9.274691
14745,RNF112,11.462957,7.8323016
14746,RNF113A,7.75395,3.4404676
14747,RNF113B,8.472206,5.2850995
14748,RNF114,9.344952,3.6112058
14749,RNF115,7.324138,4.2118683
14750,RNF121,11.413859,1.3154469
14751,RNF122,7.2885804,2.7336257
14752,RNF123,11.0687685,9.389518
14753,RNF125,10.339752,6.3196964
14754,RNF126,7.1390862,3.9630883
14755,RNF128,12.662545,4.584816
14756,RNF13,13.019348,4.7268343
14757,RNF130,12.588848,3.7562265
14758,RNF133,13.168727,7.02
14759,RNF135,11.513472,6.839102
14760,RNF138,10.237703,6.354868
14761,RNF139,13.489427,2.8578274
14762,RNF14,9.674141,3.6138778
14763,RNF141,10.740716,7.9336643
14764,RNF144A,8.521646,1.9640334
14765,RNF144B,9.773913,3.3831453
14766,RNF145,13.504692,2.8839993
14767,RNF146,8.179192,5.882983
14768,RNF148,13.620239,5.7963085
14769,RNF149,11.44672,5.529243
14770,RNF150,12.670495,4.6219373
14771,RNF151,11.022916,7.172926
14772,RNF152,8.923443,5.3002667
14773,RNF157,8.147992,5.9706883
14774,RNF166,7.0649095,1.8673606
14775,RNF167,11.939189,4.2121277
14776,RNF168,8.891023,6.2583175
14777,RNF169,9.013132,9.305666
14778,RNF17,10.95604,8.456104
14779,RNF170,12.06974,2.1870728
14780,RNF175,11.501928,1.5356048
14781,RNF180,9.4426985,8.031563
14782,RNF181,8.4659195,2.893398
14783,RNF182,11.567551,2.8439858
14784,RNF183,11.261964,5.2940526
14785,RNF185,7.061098,3.7426796
14786,RNF186,11.581485,2.7862976
14787,RNF187,11.683404,6.7535663
14788,RNF19A,8.443067,6.2992296
14789,RNF19B,7.971173,6.093814
14790,RNF2,6.9394574,2.4795928
14791,RNF20,7.733572,3.7455812
14792,RNF207,10.792279,6.5157475
14793,RNF208,9.932686,9.593788
14794,RNF212,9.043254,6.8604856
14795,RNF212B,7.727649,5.832564
14796,RNF213,10.648325,10.803167
14797,RNF214,9.475452,9.49939
14798,RNF215,11.291603,5.1977434
14799,RNF216,10.170985,7.671565
14800,RNF216P1,8.872026,13.732557
14801,RNF217,8.88789,6.5711803
14802,RNF220,7.477379,6.2197847
14803,RNF222,8.480398,6.2138863
14804,RNF223,7.4513116,5.0376453
14805,RNF224,8.41189,6.571147
14806,RNF225,7.7733746,6.1060667
14807,RNF227,10.393015,9.994407
14808,RNF228,7.4274607,5.926043
14809,RNF24,7.0747514,2.6612427
14810,RNF25,8.766423,6.47835
14811,RNF26,12.764389,2.3247688
14812,RNF31,11.353217,7.7938
14813,RNF32,9.182183,4.261906
14814,RNF32-DT,9.759198,14.398871
14815,RNF34,7.5748277,3.6270351
14816,RNF38,7.779699,7.26419
14817,RNF39,11.246414,7.143587
14818,RNF4,7.5857363,3.9641454
14819,RNF40,7.5069885,3.776252
14820,RNF41,10.63438,7.4056807
14821,RNF43,9.305212,9.427733
14822,RNF44,7.686358,7.2337985
14823,RNF5,7.167408,3.8359144
14824,RNF6,7.40944,4.2592926
14825,RNF7,6.7335234,2.314948
14826,RNF8,9.545922,6.322975
14827,RNFT1,12.779164,2.8423035
14828,RNFT2,12.696158,2.7288082
14829,RNGTT,9.470119,3.0018592
14830,RNH1,11.513038,6.786015
14831,RNLS,8.99797,1.7440542
14832,RNMT,9.057637,4.7684712
14833,RNPC3,8.647335,4.505468
14834,RNPEP,10.498875,3.267558
14835,RNPEPL1,11.11261,5.421274
14836,RNPS1,6.2472296,2.7096667
14837,RO60,10.218702,2.7996852
14838,ROBO1,13.461665,5.7881455
14839,ROBO2,13.462968,5.7159605
14840,ROBO3,12.271692,6.3290095
14841,ROBO4,12.133153,6.860983
14842,ROCK1,8.494131,3.5170524
14843,ROCK2,8.347537,3.4925628
14844,ROGDI,10.691259,11.015815
14845,ROM1,11.710558,6.9081674
14846,ROMO1,6.9576597,0.2509072
14847,ROPN1,10.295618,5.1319966
14848,ROPN1B,10.437775,5.2389097
14849,ROPN1L,9.554638,3.6477408
14850,ROR1,13.354118,6.212044
14851,ROR2,13.127039,6.499556
14852,RORA,8.570753,3.8624284
14853,RORB,8.645342,3.6429331
14854,RORC,8.816155,4.462854
14855,ROS1,13.215432,7.713353
14856,RP1,9.805545,10.671118
14857,RP1L1,9.030192,9.993167
14858,RP2,10.286762,5.5023594
14859,RP9,6.7525873,2.96725
14860,RPA1,9.026472,2.7612875
14861,RPA2,6.9464803,2.5723069
14862,RPA3,8.732379,2.1650963
14863,RPA4,9.967294,6.0261164
14864,RPAIN,8.586625,3.5546584
14865,RPAP1,11.445176,8.142416
14866,RPAP2,9.182059,5.847535
14867,RPAP3,8.972881,4.220142
14868,RPE,8.783607,0.6598715
14869,RPE65,10.755176,4.1691966
14870,RPEL1,9.07314,0.61355424
14871,RPF1,8.650643,2.698355
14872,RPF2,8.628365,2.6273706
14873,RPGR,9.14711,8.050065
14874,RPGRIP1,9.6058035,6.636079
14875,RPGRIP1L,9.609634,5.846845
14876,RPH3A,7.105116,4.0271134
14877,RPH3AL,7.870027,5.6340156
14878,RPIA,9.356071,2.7333002
14879,RPL10,6.3328686,0.13778406
14880,RPL10A,6.254828,0.2334642
14881,RPL10L,6.3258705,-0.0037428173
14882,RPL11,6.74252,0.5700922
14883,RPL12,6.3261595,0.24698126
14884,RPL13,6.603985,0.5273653
14885,RPL13A,6.2817135,0.21042506
14886,RPL13AP3,6.556106,-0.48327437
14887,RPL14,7.076709,3.4636657
14888,RPL15,6.513213,0.44604257
14889,RPL17,6.276336,0.20251049
14890,RPL18,6.429837,0.44033208
14891,RPL18A,6.5570045,0.5959516
14892,RPL19,6.272113,0.20793349
14893,RPL21,6.237827,0.21416487
14894,RPL22,6.331287,0.3187343
14895,RPL22L1,6.62529,0.19485758
14896,RPL23,6.8361173,0.4888151
14897,RPL23A,6.1050906,-0.050611395
14898,RPL24,6.56226,1.3400263
14899,RPL26,6.4278345,0.4097056
14900,RPL26L1,6.4605417,0.45757756
14901,RPL27,6.3982053,0.4295807
14902,RPL27A,6.2581306,0.10975326
14903,RPL28,10.057657,12.614914
14904,RPL29,6.433299,-0.26287603
14905,RPL3,7.6002383,0.78198326
14906,RPL30,6.315447,0.21217786
14907,RPL31,6.2811003,-0.13747488
14908,RPL32,6.1983633,-0.0164673
14909,RPL34,6.192052,-0.042805586
14910,RPL35,6.417064,0.38317806
14911,RPL35A,6.183282,-0.046498463
14912,RPL36,6.174515,0.008153674
14913,RPL36A,6.2085757,-0.08818221
14914,RPL36AL,6.217029,-0.056369938
14915,RPL37,6.180644,-0.1149668
14916,RPL37A,6.152519,-0.09295304
14917,RPL37AP8,6.3388085,-0.6719246
14918,RPL38,6.490157,0.057217024
14919,RPL39,6.271469,-0.21551754
14920,RPL39L,6.2634673,-0.42445454
14921,RPL39P5,6.2619505,-0.24618392
14922,RPL3L,9.612733,1.5973853
14923,RPL4,6.6890783,0.62440115
14924,RPL41,6.276638,-0.19947611
14925,RPL5,6.628036,0.48370287
14926,RPL6,6.5760245,0.6486858
14927,RPL7,6.5871196,0.5739573
14928,RPL7A,6.417762,0.52914
14929,RPL7L1,9.371524,2.8505485
14930,RPL8,7.5655456,0.6873263
14931,RPL9,6.297531,0.20912522
14932,RPL9P7,6.2822146,0.20694935
14933,RPL9P8,6.2883124,0.21209176
14934,RPL9P9,6.2863135,0.2123773
14935,RPLP0,6.3138885,0.25756446
14936,RPLP0P6,6.4107065,-0.19192116
14937,RPLP1,17.271994,10.149795
14938,RPLP2,6.5053425,1.1474042
14939,RPN1,13.136126,4.558001
14940,RPN2,13.0014715,4.811427
14941,RPP14,8.447962,2.0448825
14942,RPP21,10.256619,3.4515352
14943,RPP25,8.032103,5.931281
14944,RPP25L,10.972425,4.926513
14945,RPP30,9.455598,2.726475
14946,RPP38,8.908864,5.1276426
14947,RPP38-DT,9.327818,13.78892
14948,RPP40,9.829017,12.866473
14949,RPRD1A,7.9452252,2.4749851
14950,RPRD1B,7.890119,2.5134273
14951,RPRD2,7.409048,7.5002136
14952,RPRM,7.3483586,3.2336185
14953,RPRML,7.928253,5.5768566
14954,RPS10,6.510226,0.9529831
14955,RPS10P5,6.543756,-0.4330299
14956,RPS11,6.356933,0.364847
14957,RPS12,6.7421007,0.58792615
14958,RPS13,6.504277,0.23978116
14959,RPS14,6.3291383,0.23011424
14960,RPS15,6.386809,0.24648157
14961,RPS15A,6.314925,0.17904958
14962,RPS16,6.4952464,0.37184247
14963,RPS17,6.3149858,0.27346474
14964,RPS18,6.5364466,0.53649896
14965,RPS19,6.5963497,0.5243277
14966,RPS19BP1,7.966003,4.127667
14967,RPS2,6.2843404,0.23377372
14968,RPS20,6.250422,0.17683569
14969,RPS21,6.460496,0.061596595
14970,RPS23,6.401575,0.25262627
14971,RPS24,6.424385,0.41629672
14972,RPS25,6.3187943,0.4354093
14973,RPS26,6.1145124,-0.08381688
14974,RPS26P11,6.3349357,-0.50455165
14975,RPS27,6.3969126,0.012607217
14976,RPS27A,17.948755,4.5974407
14977,RPS27L,6.4772825,0.07653879
14978,RPS28,6.031686,-0.15722734
14979,RPS29,6.1880307,-0.09306792
14980,RPS3,6.594193,0.503428
14981,RPS3A,6.672048,0.82795453
14982,RPS4X,6.590275,0.4458629
14983,RPS4Y1,6.917975,0.5183962
14984,RPS4Y2,7.0374,0.6204241
14985,RPS5,6.5403495,0.42090836
14986,RPS6,6.269444,0.24187432
14987,RPS6KA1,8.178043,1.4854188
14988,RPS6KA2,8.109987,1.4695624
14989,RPS6KA3,8.155279,1.4413188
14990,RPS6KA4,10.208454,2.9206207
14991,RPS6KA5,9.088286,2.3845181
14992,RPS6KA6,8.284837,1.5074196
14993,RPS6KB1,7.8522406,1.5973433
14994,RPS6KB2,7.9436693,1.512555
14995,RPS6KC1,9.34196,8.137325
14996,RPS6KL1,8.158477,5.474896
14997,RPS7,6.5223527,0.4390958
14998,RPS8,6.438255,0.3088741
14999,RPS9,6.6020064,0.44904137
15000,RPSA,6.357811,0.5052659
15001,RPSA2,6.30678,0.55949616
15002,RPTN,7.820756,9.504721
15003,RPTOR,9.953336,4.5743346
15004,RPUSD1,10.848166,4.606643
15005,RPUSD2,10.110206,3.9602253
15006,RPUSD3,10.930554,4.315212
15007,RPUSD4,10.163255,3.450798
15008,RRAD,8.223434,4.2395344
15009,RRAGA,7.753668,0.86174387
15010,RRAGB,8.420536,1.9337143
15011,RRAGC,7.5234447,2.248741
15012,RRAGD,7.6500454,2.2558496
15013,RRAS,8.146168,1.448138
15014,RRAS2,7.119261,0.28284723
15015,RRBP1,7.5827174,4.413773
15016,RREB1,7.8723874,7.7170734
15017,RRH,13.522404,2.1637795
15018,RRM1,8.829433,0.7132647
15019,RRM2,8.664989,0.7473301
15020,RRM2B,8.683059,0.8259217
15021,RRN3,9.985482,5.002593
15022,RRN3P1,10.166655,4.6935725
15023,RRN3P2,10.931921,9.965581
15024,RRP1,8.127804,4.578276
15025,RRP12,10.349589,6.125116
15026,RRP15,7.372337,3.6889122
15027,RRP1B,8.504593,6.3221097
15028,RRP36,7.921936,3.9724538
15029,RRP7A,8.216667,3.6520703
15030,RRP7BP,7.6507616,3.432886
15031,RRP8,8.7838545,5.6699166
15032,RRP9,9.014031,3.2552862
15033,RRS1,7.985848,4.0686464
15034,RS1,11.509097,3.0801806
15035,RSAD1,10.872258,3.2239833
15036,RSAD2,9.718,2.7872732
15037,RSBN1,8.3422575,6.1155605
15038,RSBN1L,8.334587,6.0990863
15039,RSC1A1,9.618739,10.977567
15040,RSF1,8.75559,8.170484
15041,RSKR,11.097806,5.881497
15042,RSL1D1,8.615037,5.4294367
15043,RSL24D1,6.6420116,1.0928025
15044,RSPH1,7.257241,3.3386636
15045,RSPH10B,9.964865,5.898875
15046,RSPH10B2,9.92816,5.8380275
15047,RSPH14,10.176384,4.4178567
15048,RSPH3,8.8856535,6.747028
15049,RSPH4A,9.7231045,9.703166
15050,RSPH6A,9.774056,9.726832
15051,RSPH9,10.595457,12.026235
15052,RSPO1,12.85682,5.5837154
15053,RSPO2,13.000864,5.3694897
15054,RSPO3,13.080194,5.6132884
15055,RSPO4,12.677207,5.635855
15056,RSPRY1,10.694947,7.531842
15057,RSRC1,6.259779,2.6859057
15058,RSRC2,6.446331,2.931503
15059,RSRP1,7.471695,4.2282786
15060,RSU1,8.279344,2.2393095
15061,RTBDN,11.9152155,7.4728446
15062,RTCA,9.785906,1.400579
15063,RTCB,9.443658,0.8566796
15064,RTEL1,9.373502,3.5794234
15065,RTF1,7.9049163,4.219661
15066,RTF2,7.7870913,2.6475394
15067,RTKN,8.914864,4.9360166
15068,RTKN2,9.068956,5.453573
15069,RTL1,10.503816,9.76029
15070,RTL10,9.626883,11.864127
15071,RTL3,10.250005,9.589799
15072,RTL4,10.371117,9.555378
15073,RTL5,10.291503,9.941329
15074,RTL6,10.533024,8.959847
15075,RTL8A,9.622817,4.172003
15076,RTL8B,9.552498,4.0800548
15077,RTL8C,9.910562,14.24666
15078,RTL9,8.656039,10.219175
15079,RTN1,8.406848,8.256907
15080,RTN2,8.699156,7.7333026
15081,RTN3,9.200265,9.84646
15082,RTN4,8.620126,9.075136
15083,RTN4IP1,10.381094,2.2804575
15084,RTN4R,12.158881,6.173022
15085,RTN4RL1,12.382826,6.0751104
15086,RTN4RL2,12.114755,5.728124
15087,RTP1,11.837091,8.185211
15088,RTP2,11.283595,7.8586926
15089,RTP3,11.346548,4.7894335
15090,RTP4,9.664572,7.3613987
15091,RTP5,9.410977,10.602685
15092,RTRAF,8.818184,2.7704482
15093,RTTN,11.062818,10.192755
15094,RUBCN,8.979627,6.621521
15095,RUBCNL,9.117407,6.958536
15096,RUFY1,8.467799,4.7723756
15097,RUFY2,8.122465,3.7140715
15098,RUFY3,9.684146,7.6945634
15099,RUFY4,9.631225,9.229438
15100,RUNDC1,10.595737,10.135079
15101,RUNDC3A,10.633116,9.649979
15102,RUNDC3B,10.554354,9.423076
15103,RUNX1,5.653886,3.8170328
15104,RUNX1T1,6.161615,3.830712
15105,RUNX2,5.6203184,3.467274
15106,RUNX3,5.622152,3.9900315
15107,RUSC1,9.148933,9.6978445
15108,RUSC1-AS1,10.054625,14.673315
15109,RUSC2,9.232803,10.069605
15110,RUSF1,11.1303,3.450157
15111,RUVBL1,7.9704804,1.0364542
15112,RUVBL2,7.93571,1.0044539
15113,RWDD1,7.5053744,0.94161046
15114,RWDD2A,10.228228,4.6421084
15115,RWDD2B,10.148863,4.62005
15116,RWDD3,9.288473,2.365591
15117,RWDD4,8.460318,2.6104944
15118,RXFP1,13.086089,3.3755972
15119,RXFP2,13.056599,3.2897084
15120,RXFP3,13.480898,1.6245762
15121,RXFP4,13.481681,1.7359308
15122,RXRA,6.0540442,3.0911987
15123,RXRB,6.0723286,3.6937993
15124,RXRG,6.1731157,3.1504037
15125,RXYLT1,13.39446,4.5969367
15126,RYBP,6.253353,2.8325074
15127,RYK,10.496351,6.892559
15128,RYR1,10.08121,5.0462914
15129,RYR2,9.981595,5.1722913
15130,RYR3,9.893758,4.8514094
15131,S100A1,7.300439,0.39420816
15132,S100A10,6.697724,0.33497524
15133,S100A11,7.0579476,1.0350057
15134,S100A12,9.421039,3.1733017
15135,S100A13,8.557856,1.4649616
15136,S100A14,9.824117,4.145514
15137,S100A16,9.443797,3.4633315
15138,S100A2,8.528179,1.1530689
15139,S100A3,9.694644,3.8278005
15140,S100A4,8.61889,1.1661521
15141,S100A5,8.685336,1.2544241
15142,S100A6,8.601072,1.1903834
15143,S100A7,9.21032,3.1549602
15144,S100A7A,9.3255005,3.3592238
15145,S100A7L2,9.669364,3.874605
15146,S100A8,9.723816,3.8910754
15147,S100A9,9.603965,3.4270422
15148,S100B,8.68786,1.1264335
15149,S100G,9.401807,3.7846913
15150,S100P,8.7589245,1.1504569
15151,S100PBP,9.765394,11.192041
15152,S100Z,8.693412,1.166348
15153,S1PR1,13.289302,1.5596529
15154,S1PR2,13.31704,1.5668403
15155,S1PR3,13.329838,1.5499867
15156,S1PR4,13.401923,1.762081
15157,S1PR5,13.347342,1.7716254
15158,SAA1,9.282299,1.549049
15159,SAA2,9.262983,1.5366045
15160,SAA4,14.051004,4.74387
15161,SAAL1,10.786615,7.321108
15162,SAC3D1,10.701066,5.7749248
15163,SACM1L,9.918959,3.278303
15164,SACS,10.9864025,8.349768
15165,SAE1,8.229101,1.0781612
15166,SAFB,7.4687037,6.592549
15167,SAFB2,7.5139856,6.6836333
15168,SAG,9.548013,3.295539
15169,SAGE1,8.594146,10.1356125
15170,SAGE2P,8.8580065,10.511546
15171,SALL1,6.7286687,5.833197
15172,SALL2,7.8939295,7.801029
15173,SALL3,5.9847927,4.970656
15174,SALL4,7.398925,7.1009874
15175,SAMD1,7.5112453,6.2796426
15176,SAMD10,7.9178557,5.700841
15177,SAMD11,7.517499,6.61085
15178,SAMD12,8.555253,6.3951244
15179,SAMD13,6.5606055,2.360275
15180,SAMD14,7.251502,5.200061
15181,SAMD15,8.834137,10.416495
15182,SAMD3,10.654358,7.7292485
15183,SAMD4A,7.149922,4.875722
15184,SAMD4B,7.44291,5.4347863
15185,SAMD5,8.6887245,7.021524
15186,SAMD7,9.202998,9.4522
15187,SAMD8,11.938552,1.98199
15188,SAMD9,11.072633,8.8556
15189,SAMD9L,11.094264,8.86179
15190,SAMHD1,9.673952,3.000533
15191,SAMM50,11.306214,2.156803
15192,SAMSN1,7.9200945,5.1225452
15193,SANBR,9.92702,6.7268066
15194,SAP130,7.444818,7.552531
15195,SAP18,7.793949,1.0569415
15196,SAP25,9.635413,12.141278
15197,SAP30,6.796391,3.19131
15198,SAP30BP,6.3138614,2.8232727
15199,SAP30L,6.961761,2.7537956
15200,SAPCD1,8.0729475,5.400092
15201,SAPCD2,7.694347,5.511199
15202,SAR1A,7.774935,0.61446345
15203,SAR1B,7.796457,0.5574414
15204,SARAF,7.701247,4.7880783
15205,SARDH,10.281794,2.3077075
15206,SARG,7.9748807,7.511151
15207,SARM1,10.903785,5.678194
15208,SARNP,6.5664845,2.244491
15209,SARS1,9.069829,1.2125973
15210,SARS2,10.379359,2.6884012
15211,SART1,7.748595,3.9877086
15212,SART3,9.720307,5.291197
15213,SASH1,8.094602,7.2718954
15214,SASH3,7.003855,4.1915965
15215,SASS6,9.860464,8.644332
15216,SAT1,8.891604,0.7586964
15217,SAT2,9.928262,1.8906767
15218,SATB1,6.296792,3.4656694
15219,SATB2,6.589986,3.4351954
15220,SATL1,7.762365,9.581115
15221,SAV1,9.002093,7.5784945
15222,SAXO1,9.911052,7.2400165
15223,SAXO2,9.945494,7.232982
15224,SAXO3,10.334874,10.923452
15225,SAXO4,10.38507,10.978649
15226,SAXO5,11.087258,8.077058
15227,SAYSD1,8.096253,4.6195264
15228,SBDS,7.836529,1.6726242
15229,SBF1,10.231624,4.9770837
15230,SBF2,10.047014,5.9327097
15231,SBK1,10.882991,5.015177
15232,SBK2,11.144855,5.058422
15233,SBK3,11.138345,5.3091464
15234,SBNO1,8.776075,3.2826288
15235,SBNO2,9.476977,4.940837
15236,SBSN,7.9134054,8.965764
15237,SBSPON,12.684406,7.8070116
15238,SC5D,11.964524,1.8905965
15239,SCAF1,8.485854,8.6076565
15240,SCAF11,9.219907,9.888346
15241,SCAF4,6.8398085,5.9143763
15242,SCAF8,7.3557973,7.2881365
15243,SCAI,10.001832,4.9235115
15244,SCAMP1,11.047068,1.2228236
15245,SCAMP2,10.988697,1.1708754
15246,SCAMP3,11.012389,1.201477
15247,SCAMP4,11.240477,1.3129064
15248,SCAMP5,11.186747,1.2693096
15249,SCAND1,8.3074255,7.43057
15250,SCAND2P,10.059391,9.273797
15251,SCAND3,10.277274,6.8445544
15252,SCAP,12.036489,6.634236
15253,SCAPER,9.61757,6.602887
15254,SCARA3,13.224475,6.6879134
15255,SCARA5,12.666775,6.1072245
15256,SCARB1,12.630959,3.5078228
15257,SCARB2,13.658205,4.368342
15258,SCARF1,12.152415,6.776217
15259,SCARF2,12.105742,6.656561
15260,SCART1,12.368108,5.7079983
15261,SCCPDH,10.146256,2.1456006
15262,SCD,11.763944,1.3976508
15263,SCD5,11.779431,1.1301777
15264,SCEL,8.636377,8.290434
15265,SCFD1,8.757672,2.6157277
15266,SCFD2,10.717638,7.242714
15267,SCG2,10.100915,9.41005
15268,SCG3,10.344275,9.611203
15269,SCG5,9.976977,10.346197
15270,SCGB1A1,14.298844,5.092733
15271,SCGB1C1,14.188982,5.1275053
15272,SCGB1C2,14.206278,5.1249795
15273,SCGB1D1,14.248046,5.163562
15274,SCGB1D2,14.220119,5.1741753
15275,SCGB1D4,14.210096,5.2325864
15276,SCGB2A1,14.183855,5.3243446
15277,SCGB2A2,14.186802,5.1378417
15278,SCGB2B2,12.460613,7.5611577
15279,SCGB3A1,7.795731,3.723238
15280,SCGB3A2,7.676593,3.175934
15281,SCGN,8.907438,2.757472
15282,SCHIP1,7.125316,4.7100925
15283,SCIMP,8.919504,6.295517
15284,SCIN,9.052983,2.7741036
15285,SCLT1,9.938895,8.467786
15286,SCLY,10.021597,2.0918412
15287,SCMH1,9.093554,6.3986497
15288,SCML1,10.145609,9.58359
15289,SCML2,9.12307,7.17415
15290,SCML4,9.133333,8.51077
15291,SCN10A,11.5905695,2.1455884
15292,SCN11A,12.6279955,2.9398263
15293,SCN1A,11.025991,1.6023597
15294,SCN1B,13.659106,5.0667057
15295,SCN2A,11.014455,1.6068071
15296,SCN2B,13.692269,5.785578
15297,SCN3A,11.032464,1.5946176
15298,SCN3B,13.657073,5.0842714
15299,SCN4A,11.040226,1.5925775
15300,SCN4B,13.624199,5.1106534
15301,SCN5A,11.250595,1.8742623
15302,SCN7A,12.842036,2.997894
15303,SCN8A,11.039138,1.596407
15304,SCN9A,11.028754,1.5978721
15305,SCNM1,8.544701,5.4261613
15306,SCNN1A,12.967076,6.60022
15307,SCNN1B,12.776716,7.333842
15308,SCNN1D,11.803159,7.4723988
15309,SCNN1G,13.163774,6.872744
15310,SCO1,9.525299,2.034112
15311,SCO2,10.743991,3.131229
15312,SCOC,8.53296,6.4166183
15313,SCP2,8.80164,0.6124882
15314,SCP2D1,10.459223,6.5489836
15315,SCP2D1-AS1,9.623806,14.009604
15316,SCPEP1,13.3676,3.939913
15317,SCPPPQ1,8.726199,9.709173
15318,SCRG1,13.360508,6.188322
15319,SCRIB,7.458283,4.653144
15320,SCRN1,10.545786,3.973249
15321,SCRN2,10.414126,2.8740861
15322,SCRN3,10.557593,3.9001014
15323,SCRT1,6.7534413,5.6299653
15324,SCRT2,6.78014,5.619399
15325,SCT,8.381572,6.759595
15326,SCTR,12.940319,1.4056194
15327,SCUBE1,13.60989,6.8298416
15328,SCUBE2,13.630629,6.9127216
15329,SCUBE3,13.635081,6.8833184
15330,SCX,5.5155754,4.402961
15331,SCYGR1,20.62602,6.7233043
15332,SCYGR10,20.625534,6.720775
15333,SCYGR2,20.626425,6.7113967
15334,SCYGR3,20.627142,6.7092695
15335,SCYGR4,20.62609,6.723965
15336,SCYGR5,20.627499,6.70769
15337,SCYGR6,20.628569,6.6855288
15338,SCYGR7,20.627665,6.706432
15339,SCYGR8,20.625837,6.7292686
15340,SCYGR9,20.627682,6.699616
15341,SCYL1,7.969667,3.7170765
15342,SCYL2,8.759357,4.5097985
15343,SCYL3,9.106505,5.3668194
15344,SDAD1,8.189459,2.6144917
15345,SDC1,8.058465,8.365364
15346,SDC2,7.029489,3.8809826
15347,SDC3,8.060783,8.52551
15348,SDC4,7.2236323,4.8616686
15349,SDCBP,7.2957454,3.1565886
15350,SDCBP2,8.481292,3.6028686
15351,SDCCAG8,9.926058,8.455748
15352,SDE2,8.1311865,5.284174
15353,SDF2,11.366158,3.205351
15354,SDF2L1,11.5081215,3.5509765
15355,SDF4,12.845789,4.759894
15356,SDHA,8.87056,0.67660093
15357,SDHAF1,8.439427,4.775643
15358,SDHAF2,9.073233,2.78776
15359,SDHAF3,8.459979,2.9950042
15360,SDHAF4,9.397401,2.143849
15361,SDHB,8.60554,0.74076843
15362,SDHC,11.61003,0.9079815
15363,SDHD,11.499582,0.98284554
15364,SDIM1,9.435746,13.714301
15365,SDK1,13.621813,6.218318
15366,SDK2,13.62634,6.3526196
15367,SDR16C5,10.11901,1.55007
15368,SDR39U1,9.838646,1.0262101
15369,SDR42E1,10.252276,2.2430863
15370,SDR42E2,10.342704,2.4537218
15371,SDR9C7,10.178328,1.7558002
15372,SDS,10.0248165,1.9734181
15373,SDSL,10.0351095,2.0482998
15374,SEBOX,8.605403,7.332012
15375,SEC11A,6.7432566,0.6226429
15376,SEC11B,6.54871,-0.52325124
15377,SEC11C,11.188641,0.82449865
15378,SEC13,8.259018,1.859516
15379,SEC14L1,9.855481,3.7820752
15380,SEC14L2,9.4310055,2.339667
15381,SEC14L3,9.537645,2.3454325
15382,SEC14L4,9.562378,2.3741493
15383,SEC14L5,9.871192,3.7782545
15384,SEC14L6,9.764516,2.641618
15385,SEC16A,8.65933,8.939918
15386,SEC16B,8.381912,7.5186834
15387,SEC22A,13.46932,2.9786901
15388,SEC22B,7.7755113,2.1314688
15389,SEC22C,11.017901,8.0633
15390,SEC23A,8.941795,2.4189014
15391,SEC23B,9.142936,2.4944673
15392,SEC23IP,8.617941,5.3610206
15393,SEC24A,7.484156,4.0559134
15394,SEC24B,7.311609,4.624308
15395,SEC24C,7.4108953,3.9829035
15396,SEC24D,7.5487747,4.025626
15397,SEC31A,7.121501,3.326581
15398,SEC31B,8.877309,5.5001745
15399,SEC61A1,11.325487,0.8307689
15400,SEC61A2,11.269837,0.838532
15401,SEC61B,6.5766563,1.18445
15402,SEC61G,6.586794,0.25861886
15403,SEC62,6.808175,3.076971
15404,SEC63,9.5166855,4.8981156
15405,SECISBP2,8.537021,6.8406425
15406,SECISBP2L,8.784517,8.293187
15407,SECTM1,12.241873,7.070091
15408,SEH1L,9.067526,2.8560717
15409,SEL1L,13.123572,4.553601
15410,SEL1L2,13.055599,3.2967896
15411,SEL1L3,11.678153,8.657417
15412,SELE,13.757736,6.2305818
15413,SELENBP1,9.322738,1.485799
15414,SELENOF,7.9310813,2.9092836
15415,SELENOH,8.235334,3.7672834
15416,SELENOI,12.174534,2.002536
15417,SELENOK,6.4858484,3.259025
15418,SELENOM,11.437432,3.5759926
15419,SELENON,10.84706,10.142514
15420,SELENOO,10.85499,3.8011634
15421,SELENOP,13.121584,6.5919046
15422,SELENOS,7.56002,2.990762
15423,SELENOT,11.368545,1.6200156
15424,SELENOV,8.43513,9.607089
15425,SELENOW,8.308619,0.97203916
15426,SELL,13.877705,6.2193675
15427,SELP,13.693967,6.3935494
15428,SELPLG,7.9520135,8.874737
15429,SEM1,9.397083,14.013508
15430,SEMA3A,13.371607,5.0998073
15431,SEMA3B,12.355332,5.1659613
15432,SEMA3C,13.4109535,5.166878
15433,SEMA3D,13.500821,5.0331264
15434,SEMA3E,13.394401,5.167888
15435,SEMA3F,12.648427,5.231283
15436,SEMA3G,12.460417,5.3281474
15437,SEMA4A,12.60909,5.7278147
15438,SEMA4B,12.547509,5.4283023
15439,SEMA4C,12.523972,5.4687476
15440,SEMA4D,13.326854,5.620074
15441,SEMA4F,12.330624,5.775616
15442,SEMA4G,12.474046,5.6472006
15443,SEMA5A,13.636898,6.729781
15444,SEMA5B,12.862822,6.5002375
15445,SEMA6A,13.387724,5.7386365
15446,SEMA6B,12.153522,5.353547
15447,SEMA6C,12.170877,5.766794
15448,SEMA6D,13.402645,5.7829247
15449,SEMA7A,12.988227,6.5601826
15450,SEMG1,8.773489,10.404646
15451,SEMG2,8.714235,10.383946
15452,SENP1,9.252046,7.784164
15453,SENP2,9.708663,8.206143
15454,SENP3,8.655034,6.452196
15455,SENP5,9.83442,9.178137
15456,SENP6,9.487391,8.303607
15457,SENP7,9.525681,9.098579
15458,SENP8,9.776381,2.8427067
15459,SEPHS1,8.950472,1.3425162
15460,SEPHS2,9.44731,2.1375468
15461,SEPSECS,10.11112,2.2789483
15462,SEPTIN1,9.10547,3.4926474
15463,SEPTIN10,8.187744,1.8294001
15464,SEPTIN11,7.679675,1.1033468
15465,SEPTIN12,9.080762,3.8827395
15466,SEPTIN14,8.803675,2.9299724
15467,SEPTIN14P20,10.385017,12.047621
15468,SEPTIN2,7.916301,1.9149253
15469,SEPTIN3,7.66287,1.4638968
15470,SEPTIN4,7.3285227,2.3419774
15471,SEPTIN5,7.6858697,1.9263108
15472,SEPTIN6,7.691879,1.4402859
15473,SEPTIN7,7.5751057,2.078057
15474,SEPTIN8,8.119584,1.8385111
15475,SEPTIN9,7.7316055,5.3097453
15476,SERAC1,10.773894,7.0953417
15477,SERBP1,6.2458525,3.0974884
15478,SERF1A,10.157264,9.297301
15479,SERF1B,10.122614,9.303318
15480,SERF2,6.3346634,1.1991006
15481,SERGEF,10.8116665,5.563462
15482,SERHL,10.414532,3.9632814
15483,SERHL2,10.565137,3.3093848
15484,SERINC1,11.593562,1.4742432
15485,SERINC2,11.934839,1.7636265
15486,SERINC3,11.615967,1.4599328
15487,SERINC4,13.110154,2.2577288
15488,SERINC5,12.373846,2.4810302
15489,SERP1,6.64192,1.1493536
15490,SERP2,6.64579,1.0308024
15491,SERPINA1,14.633686,4.875263
15492,SERPINA10,14.311338,4.811846
15493,SERPINA11,14.600104,5.0067697
15494,SERPINA12,14.579778,4.868668
15495,SERPINA13P,12.286911,6.729807
15496,SERPINA2,14.648068,4.947625
15497,SERPINA3,14.666945,4.9971275
15498,SERPINA4,14.637885,4.9200773
15499,SERPINA5,14.659807,4.9401264
15500,SERPINA6,14.65479,4.948341
15501,SERPINA7,14.651764,4.935515
15502,SERPINA9,14.644134,4.909779
15503,SERPINB1,14.637631,4.573324
15504,SERPINB10,14.532599,4.6046085
15505,SERPINB11,14.563635,4.5963492
15506,SERPINB12,14.504806,4.624072
15507,SERPINB13,14.54316,4.596254
15508,SERPINB2,14.508193,4.6435575
15509,SERPINB3,14.626891,4.581094
15510,SERPINB4,14.630199,4.5822496
15511,SERPINB5,14.431544,4.6672745
15512,SERPINB6,14.645488,4.566265
15513,SERPINB7,14.40788,4.6184754
15514,SERPINB8,14.629657,4.582685
15515,SERPINB9,14.631358,4.566582
15516,SERPINC1,14.254015,4.7083955
15517,SERPIND1,13.580109,6.908583
15518,SERPINE1,14.261072,4.686521
15519,SERPINE2,14.256512,4.722828
15520,SERPINE3,12.281875,6.703623
15521,SERPINF1,13.422153,6.583555
15522,SERPINF2,12.110217,6.6239986
15523,SERPING1,13.217454,5.195092
15524,SERPINH1,14.24039,4.7965546
15525,SERPINI1,14.328716,4.6743245
15526,SERPINI2,14.372186,4.645425
15527,SERTAD1,8.781279,6.886116
15528,SERTAD2,6.1970515,3.9223657
15529,SERTAD3,8.860786,6.791278
15530,SERTAD4,9.161669,9.290375
15531,SERTAD4-AS1,9.902682,14.521529
15532,SERTM1,10.374211,9.642381
15533,SERTM2,10.424864,9.715333
15534,SESN1,9.740593,4.2519026
15535,SESN2,10.033861,4.9738774
15536,SESN3,9.703525,4.2760844
15537,SESTD1,10.858126,8.172292
15538,SET,6.3360972,0.25837338
15539,SETBP1,9.22556,9.968013
15540,SETD1A,7.6422334,7.153927
15541,SETD1B,7.6306396,7.206838
15542,SETD2,9.134403,9.605244
15543,SETD3,10.072122,5.1482105
15544,SETD4,10.099287,3.766508
15545,SETD5,9.069465,9.585562
15546,SETD6,10.09153,3.247743
15547,SETD7,10.683052,6.4371223
15548,SETD9,9.750767,2.972087
15549,SETDB1,8.818616,5.855492
15550,SETDB2,10.077709,8.356928
15551,SETMAR,8.393872,1.7818756
15552,SETSIP,6.470825,-0.2768016
15553,SETX,9.932641,10.763547
15554,SEZ6,12.650461,6.89596
15555,SEZ6L,12.857632,7.0172076
15556,SEZ6L2,12.440168,6.514265
15557,SF1,6.340473,4.170503
15558,SF3A1,7.1571593,4.2124
15559,SF3A2,6.3837047,4.105648
15560,SF3A3,8.420585,2.8025007
15561,SF3B1,8.574325,3.3208795
15562,SF3B2,7.2090726,4.361496
15563,SF3B3,10.1924515,4.5214543
15564,SF3B4,6.306578,4.187721
15565,SF3B5,10.573961,12.03507
15566,SF3B6,7.6301303,0.9879414
15567,SFI1,11.281788,7.0314603
15568,SFMBT1,10.295064,6.704801
15569,SFMBT2,10.185987,6.47008
15570,SFN,8.7654505,1.1504228
15571,SFPQ,6.2525673,4.1462016
15572,SFR1,8.699301,5.790345
15573,SFRP1,12.983612,4.773672
15574,SFRP2,13.37014,5.1715584
15575,SFRP4,13.216786,5.5087733
15576,SFRP5,12.593032,4.79163
15577,SFSWAP,7.147228,4.582172
15578,SFT2D1,11.191898,0.7621864
15579,SFT2D2,11.328969,0.81161565
15580,SFT2D3,8.965611,4.814796
15581,SFTA2,14.830924,6.0407867
15582,SFTA3,9.54416,13.6760025
15583,SFTPA1,13.3581295,5.4081535
15584,SFTPA2,13.371448,5.357556
15585,SFTPB,11.97156,6.839286
15586,SFTPC,12.133057,5.3241577
15587,SFTPD,13.487,5.3624916
15588,SFXN1,10.843977,0.8230386
15589,SFXN2,11.200584,1.1333067
15590,SFXN3,11.017976,0.94134414
15591,SFXN4,12.590198,2.6734354
15592,SFXN5,11.06434,0.91174054
15593,SGCA,12.280659,6.6134806
15594,SGCB,13.581747,5.463882
15595,SGCD,10.988117,2.0617096
15596,SGCE,12.545032,8.112751
15597,SGCG,11.079269,2.1301632
15598,SGCZ,10.939686,1.9545424
15599,SGF29,7.913463,1.9205757
15600,SGIP1,6.162314,3.0311522
15601,SGK1,8.316265,1.7056752
15602,SGK2,8.177139,1.4649801
15603,SGK3,8.352001,1.6505742
15604,SGMS1,12.092919,2.2143114
15605,SGMS2,12.226288,2.2795453
15606,SGO1,9.21057,8.432856
15607,SGO2,9.579552,10.692357
15608,SGPL1,10.273088,2.1094697
15609,SGPP1,12.30332,1.9095777
15610,SGPP2,12.302083,1.7451799
15611,SGSH,12.699591,3.958466
15612,SGSM1,7.078933,3.182916
15613,SGSM2,8.427133,4.086866
15614,SGSM3,11.078877,8.501499
15615,SGTA,7.004096,2.305201
15616,SGTB,8.124022,3.141524
15617,SH2B1,7.7386293,6.823584
15618,SH2B2,7.645352,5.781957
15619,SH2B3,8.010831,5.927269
15620,SH2D1A,9.432215,3.7686284
15621,SH2D1B,10.127973,4.9893064
15622,SH2D2A,8.487969,6.612559
15623,SH2D3A,10.764004,5.663508
15624,SH2D3C,8.638397,5.2760396
15625,SH2D4A,8.404126,4.7405176
15626,SH2D4B,8.474227,4.482847
15627,SH2D5,11.385045,6.8457775
15628,SH2D6,7.959232,5.6514845
15629,SH2D7,8.753053,7.8452783
15630,SH3BGR,8.153819,5.09827
15631,SH3BGRL,7.933413,0.6979822
15632,SH3BGRL2,6.9484243,0.5991121
15633,SH3BGRL3,8.386034,0.60873026
15634,SH3BP1,7.9495993,4.7092857
15635,SH3BP2,7.8466454,6.347969
15636,SH3BP4,10.803326,10.237593
15637,SH3BP5,7.150712,3.8548687
15638,SH3BP5L,7.77151,4.596402
15639,SH3D19,8.522255,7.8308163
15640,SH3D21,8.651116,9.834388
15641,SH3GL1,7.1648307,2.1935368
15642,SH3GL2,7.4140477,2.3431637
15643,SH3GL3,7.398696,2.2652764
15644,SH3GLB1,7.5659413,2.7008202
15645,SH3GLB2,7.53749,2.7748384
15646,SH3KBP1,7.305422,5.4353023
15647,SH3PXD2A,8.149283,6.578677
15648,SH3PXD2B,8.212293,6.7811084
15649,SH3RF1,7.071383,6.0186605
15650,SH3RF2,8.62817,7.2781878
15651,SH3RF3,6.895297,5.3188286
15652,SH3TC1,11.385105,8.297796
15653,SH3TC2,11.315797,8.6402445
15654,SH3YL1,8.459291,2.0828316
15655,SHANK1,7.56699,6.6951942
15656,SHANK2,7.6988783,6.3288717
15657,SHANK2-AS3,9.692253,14.085288
15658,SHANK3,7.555116,6.228365
15659,SHARPIN,8.776883,6.623439
15660,SHB,7.2476535,5.4704843
15661,SHBG,12.169186,6.5561457
15662,SHC1,7.695986,5.2433295
15663,SHC2,7.7374835,5.593326
15664,SHC3,7.735943,5.38759
15665,SHC4,8.729577,6.6136336
15666,SHCBP1,10.853797,10.210002
15667,SHCBP1L,10.807753,10.270405
15668,SHD,7.6242614,4.8709908
15669,SHE,7.4891453,5.3493767
15670,SHF,7.795923,5.6315284
15671,SHFL,10.442767,11.129853
15672,SHH,11.458854,3.533099
15673,SHISA2,7.337323,5.82612
15674,SHISA3,6.991234,4.405535
15675,SHISA4,6.8859773,4.179048
15676,SHISA5,6.850851,4.3964243
15677,SHISA6,7.3655834,5.595585
15678,SHISA7,7.301385,6.1505656
15679,SHISA8,7.803568,6.352945
15680,SHISA9,7.4900703,6.123134
15681,SHISAL1,12.041044,4.0777674
15682,SHISAL2A,8.698918,6.600821
15683,SHISAL2B,8.846228,5.7813497
15684,SHKBP1,9.279125,5.006755
15685,SHLD1,9.990203,11.832808
15686,SHLD2,9.96025,10.05786
15687,SHLD3,10.98627,9.069611
15688,SHMT1,9.234968,0.8440804
15689,SHMT2,9.426422,0.9544233
15690,SHOC1,9.884757,10.167606
15691,SHOC2,10.834044,6.188309
15692,SHOX,5.6545014,4.0245996
15693,SHOX2,5.295776,4.1687055
15694,SHPK,10.468124,3.112729
15695,SHPRH,10.805496,8.02909
15696,SHQ1,9.333782,4.6194477
15697,SHROOM1,9.264591,9.303692
15698,SHROOM2,8.38267,8.097633
15699,SHROOM3,8.763158,8.809048
15700,SHROOM4,9.031741,8.805393
15701,SHTN1,8.591931,5.1771064
15702,SI,13.780093,4.503851
15703,SIAE,13.68986,4.2516265
15704,SIAH1,7.436112,1.2364688
15705,SIAH2,6.9656253,2.017393
15706,SIAH3,9.520629,7.308873
15707,SIDT1,12.164618,2.2465613
15708,SIDT2,12.088042,2.218024
15709,SIGIRR,11.952929,6.475048
15710,SIGLEC1,12.28119,6.319212
15711,SIGLEC10,15.311174,5.984842
15712,SIGLEC11,15.318631,5.992163
15713,SIGLEC12,15.296281,6.0006566
15714,SIGLEC14,15.35124,5.9371963
15715,SIGLEC15,12.091805,5.729754
15716,SIGLEC16,15.351894,5.9835076
15717,SIGLEC5,15.332122,5.993079
15718,SIGLEC6,15.350756,5.9964385
15719,SIGLEC7,15.323043,6.0120063
15720,SIGLEC8,15.339609,6.0156727
15721,SIGLEC9,15.341112,5.9850745
15722,SIGLECL1,14.261212,5.9681635
15723,SIGMAR1,12.679567,4.159173
15724,SIK1,8.338025,6.167339
15725,SIK2,8.26936,6.640998
15726,SIK3,7.8359118,7.33889
15727,SIKE1,7.92306,3.3123736
15728,SIL1,12.642099,4.8715854
15729,SIM1,7.4062114,5.71011
15730,SIM2,7.3757896,5.3577585
15731,SIMC1,9.866819,10.617692
15732,SIN3A,7.274244,4.347984
15733,SIN3B,9.277765,5.4666853
15734,SINHCAF,8.874851,5.9830847
15735,SIPA1,9.366156,6.42426
15736,SIPA1L1,8.346485,7.1942744
15737,SIPA1L2,8.469935,7.178138
15738,SIPA1L3,8.293037,7.3602295
15739,SIRPA,15.030555,5.56319
15740,SIRPB1,15.210553,5.76984
15741,SIRPB2,12.728456,7.006674
15742,SIRPD,12.412971,7.1460457
15743,SIRPG,15.190446,5.8687277
15744,SIRT1,8.2534275,5.1347213
15745,SIRT2,8.954551,1.6078246
15746,SIRT3,10.387493,3.5354025
15747,SIRT4,10.157834,2.0304434
15748,SIRT5,9.264736,1.4694515
15749,SIRT6,9.33316,1.5159096
15750,SIRT7,9.959101,3.0904114
15751,SIT1,8.34841,6.24928
15752,SIVA1,8.261402,4.386436
15753,SIX1,6.0040584,3.4398959
15754,SIX2,5.8761606,3.5624173
15755,SIX3,6.3013816,3.5942707
15756,SIX4,7.2289705,6.8229623
15757,SIX5,7.723149,7.668598
15758,SIX6,6.6055303,3.1313093
15759,SIX6OS1,9.948108,10.521517
15760,SKA1,8.785217,3.0322866
15761,SKA2,10.811106,10.892014
15762,SKA3,9.886158,10.474277
15763,SKAP1,8.557414,4.4086175
15764,SKAP2,8.360298,4.3406653
15765,SKI,8.107172,6.064444
15766,SKIC2,9.948371,4.90701
15767,SKIC3,10.860006,7.251431
15768,SKIC8,9.513639,3.476784
15769,SKIDA1,9.029693,9.460501
15770,SKIL,9.055095,7.295937
15771,SKOR1,5.827336,4.950329
15772,SKOR2,5.8557067,4.978922
15773,SKP1,6.689193,0.41566166
15774,SKP2,10.799535,6.5278125
15775,SLA,8.662108,4.3195343
15776,SLA2,8.704993,4.325595
15777,SLAIN1,6.327262,4.6904807
15778,SLAIN2,6.3337398,4.5872173
15779,SLAMF1,13.117253,7.0519958
15780,SLAMF6,14.695075,6.4087873
15781,SLAMF7,15.101125,6.2144303
15782,SLAMF8,12.294651,6.663356
15783,SLAMF9,15.186339,6.1318293
15784,SLBP,7.4626617,4.7876797
15785,SLC10A1,12.277742,1.2163354
15786,SLC10A2,12.171354,1.145294
15787,SLC10A3,13.770619,2.6040442
15788,SLC10A4,12.7913475,2.322799
15789,SLC10A5,13.707542,2.6560571
15790,SLC10A6,12.608731,1.4423386
15791,SLC10A7,11.60986,0.7910487
15792,SLC11A1,11.954715,1.1871319
15793,SLC11A2,11.834949,1.1012455
15794,SLC12A1,11.359008,1.8231806
15795,SLC12A2,11.287408,1.7669392
15796,SLC12A3,11.400221,1.581889
15797,SLC12A4,11.325973,1.290712
15798,SLC12A5,11.336658,1.3218944
15799,SLC12A6,11.34996,1.3305663
15800,SLC12A7,11.303038,1.258811
15801,SLC12A8,12.54052,2.0805802
15802,SLC12A9,12.771278,1.981919
15803,SLC13A1,12.153924,1.2713509
15804,SLC13A2,11.908231,0.93276876
15805,SLC13A3,12.231591,1.5794059
15806,SLC13A4,12.304613,1.477655
15807,SLC13A5,11.824303,0.97568434
15808,SLC14A1,12.053778,1.6267424
15809,SLC14A2,12.28966,2.6658843
15810,SLC15A1,11.884108,1.7448202
15811,SLC15A2,12.22111,2.072895
15812,SLC15A3,13.051967,1.4473162
15813,SLC15A4,12.750588,1.43654
15814,SLC15A5,13.668801,2.679474
15815,SLC16A1,12.403901,1.1596435
15816,SLC16A10,12.635193,1.3127156
15817,SLC16A11,13.258492,1.8301634
15818,SLC16A12,12.708592,1.3508577
15819,SLC16A13,13.032836,1.7179174
15820,SLC16A14,13.777836,2.6050258
15821,SLC16A2,12.979332,1.4449917
15822,SLC16A3,12.253816,0.9709881
15823,SLC16A4,12.802324,1.4271171
15824,SLC16A5,13.32429,1.7562901
15825,SLC16A6,12.701286,1.4864265
15826,SLC16A7,12.296882,1.027871
15827,SLC16A8,12.966608,1.4132706
15828,SLC16A9,13.760513,2.6366293
15829,SLC17A1,13.113086,2.0630453
15830,SLC17A2,13.089964,2.0925078
15831,SLC17A3,13.131374,2.2651048
15832,SLC17A4,13.139407,2.099367
15833,SLC17A5,12.159034,1.3104534
15834,SLC17A6,11.794073,0.99803543
15835,SLC17A7,11.854818,0.9317117
15836,SLC17A8,11.840143,0.95121795
15837,SLC17A9,12.838685,1.2692713
15838,SLC18A1,11.878509,1.20663
15839,SLC18A2,11.943264,1.0013973
15840,SLC18A3,12.5170765,1.7005001
15841,SLC18B1,12.618815,1.5639565
15842,SLC19A1,12.908417,1.6904813
15843,SLC19A2,12.5218,1.4114143
15844,SLC19A3,12.323409,1.2836405
15845,SLC19A4P,9.588798,13.968125
15846,SLC1A1,11.911573,1.0410675
15847,SLC1A2,11.629965,1.0369861
15848,SLC1A3,11.840627,0.8003189
15849,SLC1A4,11.996708,1.2236696
15850,SLC1A5,12.000394,1.256861
15851,SLC1A6,11.904159,0.94196564
15852,SLC1A7,11.845912,0.98661095
15853,SLC20A1,12.018804,1.9607067
15854,SLC20A2,12.100824,2.0631864
15855,SLC22A1,12.9105425,2.035254
15856,SLC22A10,12.870291,0.9544516
15857,SLC22A11,12.885624,1.0117928
15858,SLC22A12,12.79489,1.0691555
15859,SLC22A13,12.798586,1.2622217
15860,SLC22A14,13.456339,2.5321245
15861,SLC22A15,13.141083,2.4454062
15862,SLC22A16,13.301637,2.5665169
15863,SLC22A17,13.467039,2.083047
15864,SLC22A18,12.809978,1.2017275
15865,SLC22A18AS,10.010217,14.313321
15866,SLC22A2,12.966402,2.1435478
15867,SLC22A20P,12.90419,1.1180427
15868,SLC22A23,12.891943,1.641107
15869,SLC22A24,12.880004,0.98724926
15870,SLC22A25,12.873984,0.9540472
15871,SLC22A3,12.869326,1.7654021
15872,SLC22A31,13.461192,1.8100319
15873,SLC22A4,12.295375,1.1464733
15874,SLC22A5,12.416709,1.1266905
15875,SLC22A6,12.871596,1.0702097
15876,SLC22A7,12.881369,1.4195107
15877,SLC22A8,12.858286,1.1110685
15878,SLC22A9,12.8829155,0.97451586
15879,SLC23A1,12.072807,1.2992699
15880,SLC23A2,12.081139,1.7893906
15881,SLC23A3,13.131389,1.9395227
15882,SLC24A1,8.4363575,6.738073
15883,SLC24A2,11.608497,1.1677405
15884,SLC24A3,11.644436,1.5130489
15885,SLC24A4,11.823857,1.4638882
15886,SLC24A5,13.067969,2.4906542
15887,SLC25A1,11.808389,0.26279008
15888,SLC25A10,11.6120615,0.4714258
15889,SLC25A11,11.80423,0.2845909
15890,SLC25A12,10.948306,1.8391643
15891,SLC25A13,10.928282,1.8023134
15892,SLC25A14,11.918572,0.3084007
15893,SLC25A15,11.890522,0.33403257
15894,SLC25A16,11.935793,0.32668436
15895,SLC25A17,11.890134,0.39338338
15896,SLC25A18,11.893672,0.36870056
15897,SLC25A19,11.994832,0.36191684
15898,SLC25A2,11.939009,0.33368143
15899,SLC25A20,11.863251,0.2754254
15900,SLC25A21,11.842738,0.24304594
15901,SLC25A22,11.7494755,0.31972796
15902,SLC25A23,11.783683,0.68841964
15903,SLC25A24,11.690103,0.5006221
15904,SLC25A25,11.764437,0.48386455
15905,SLC25A26,11.626224,0.5524045
15906,SLC25A27,11.945819,0.33456868
15907,SLC25A28,11.896164,0.7484983
15908,SLC25A29,12.03848,0.4921342
15909,SLC25A3,11.576542,0.6504235
15910,SLC25A30,11.891971,0.31405637
15911,SLC25A31,11.7581215,0.5229666
15912,SLC25A32,11.905668,0.28860146
15913,SLC25A33,11.841923,0.35849053
15914,SLC25A34,11.974935,0.49529088
15915,SLC25A35,11.938611,0.36087564
15916,SLC25A36,11.836714,0.32382885
15917,SLC25A37,11.845185,0.33311313
15918,SLC25A38,11.989943,0.36117834
15919,SLC25A39,12.049998,0.574963
15920,SLC25A4,6.964994,0.17728391
15921,SLC25A40,11.943157,0.31715176
15922,SLC25A41,13.743602,1.8913653
15923,SLC25A42,12.012922,0.35906598
15924,SLC25A43,13.7299595,2.0322278
15925,SLC25A44,11.988697,0.35801044
15926,SLC25A45,12.060706,0.4878591
15927,SLC25A46,12.236362,2.3821373
15928,SLC25A47,12.06059,0.5222017
15929,SLC25A48,12.052551,0.5054679
15930,SLC25A5,6.8960085,0.1691919
15931,SLC25A51,12.069836,0.4289884
15932,SLC25A52,12.050866,0.45354432
15933,SLC25A53,13.517341,2.3765695
15934,SLC25A6,6.8581944,0.1300328
15935,SLC26A1,12.963396,1.7939556
15936,SLC26A10P,12.967343,2.1324227
15937,SLC26A11,12.411966,1.3419511
15938,SLC26A2,12.223545,1.9231337
15939,SLC26A3,12.111616,1.8681797
15940,SLC26A4,12.084529,1.8523804
15941,SLC26A5,12.183342,2.04293
15942,SLC26A6,12.106402,1.2219993
15943,SLC26A7,13.266159,2.606977
15944,SLC26A8,13.823409,2.771329
15945,SLC26A9,12.70247,2.4932737
15946,SLC27A1,10.384238,2.351207
15947,SLC27A2,10.143058,1.9230424
15948,SLC27A3,11.0508375,3.8284924
15949,SLC27A4,10.16929,2.1219342
15950,SLC27A5,11.060907,3.8185217
15951,SLC27A6,10.332627,2.2706964
15952,SLC28A1,12.044635,1.3487527
15953,SLC28A2,12.108906,1.4686519
15954,SLC28A3,12.091764,1.7827779
15955,SLC29A1,12.123618,1.079445
15956,SLC29A2,12.112578,1.1053638
15957,SLC29A3,12.919406,2.1803312
15958,SLC29A4,12.900315,1.4900391
15959,SLC2A1,12.3148575,0.9046539
15960,SLC2A10,13.246523,1.5725033
15961,SLC2A11,12.528938,1.0865669
15962,SLC2A12,13.590119,1.6917388
15963,SLC2A13,12.552642,1.5218405
15964,SLC2A14,12.349305,0.930347
15965,SLC2A2,12.44691,1.364158
15966,SLC2A3,12.297196,0.93050736
15967,SLC2A4,12.329772,0.9279304
15968,SLC2A4RG,7.5517735,6.0325904
15969,SLC2A5,12.397214,0.9515149
15970,SLC2A6,12.737731,1.3762642
15971,SLC2A7,12.597393,1.0936708
15972,SLC2A8,12.558645,1.240125
15973,SLC2A9,12.623608,1.1378322
15974,SLC30A1,11.604572,2.1559603
15975,SLC30A10,11.463785,2.1146457
15976,SLC30A2,11.862855,1.1888373
15977,SLC30A3,12.656127,1.6056011
15978,SLC30A4,12.251068,2.3208115
15979,SLC30A5,13.226603,2.6524804
15980,SLC30A6,12.662168,2.731654
15981,SLC30A7,11.52442,0.98990446
15982,SLC30A8,12.139992,2.214447
15983,SLC30A9,10.28045,4.2780523
15984,SLC31A1,10.993307,1.2029471
15985,SLC31A2,11.652212,1.3205593
15986,SLC32A1,12.5996065,1.5195434
15987,SLC33A1,11.681847,1.4683229
15988,SLC34A1,12.026945,1.4374841
15989,SLC34A2,12.006528,1.8187779
15990,SLC34A3,12.133402,1.5370994
15991,SLC35A1,12.255898,1.555102
15992,SLC35A2,12.115748,1.1660242
15993,SLC35A3,11.890623,0.7353262
15994,SLC35A4,13.181023,1.7340689
15995,SLC35A5,13.673172,2.2627182
15996,SLC35B1,12.076465,0.7892142
15997,SLC35B2,12.349164,1.3565269
15998,SLC35B3,12.41974,1.324035
15999,SLC35B4,12.057577,0.8350862
16000,SLC35C1,12.417331,1.1932607
16001,SLC35C2,12.511602,1.0809017
16002,SLC35D1,12.1177435,0.8883916
16003,SLC35D2,12.150395,0.94144374
16004,SLC35D3,13.507369,2.566151
16005,SLC35E1,12.513486,1.5050615
16006,SLC35E2A,12.460033,2.2674444
16007,SLC35E2B,12.053066,1.1174194
16008,SLC35E3,12.206649,0.70864546
16009,SLC35E4,13.401734,1.8038876
16010,SLC35F1,12.445453,1.5739934
16011,SLC35F2,12.248809,1.1164292
16012,SLC35F3,12.820439,1.2963816
16013,SLC35F4,13.502928,1.6905175
16014,SLC35F5,12.746707,2.6814613
16015,SLC35F6,12.190993,0.9296875
16016,SLC35G1,12.679137,1.3086052
16017,SLC35G2,13.8120775,2.6482778
16018,SLC35G3,13.859215,2.58859
16019,SLC35G4,13.826945,2.6165926
16020,SLC35G5,13.831589,2.6146019
16021,SLC35G6,13.806702,2.5935426
16022,SLC36A1,12.454441,1.426825
16023,SLC36A2,12.493625,1.6177793
16024,SLC36A3,12.700005,1.590833
16025,SLC36A4,12.512498,1.507381
16026,SLC37A1,11.934809,1.0607175
16027,SLC37A2,11.883058,1.005448
16028,SLC37A3,12.396012,1.3198051
16029,SLC37A4,13.098585,2.2681255
16030,SLC38A1,12.369638,1.5504339
16031,SLC38A10,8.177496,7.1658072
16032,SLC38A11,12.548861,1.6388541
16033,SLC38A2,11.948117,0.85101604
16034,SLC38A3,11.871311,0.83858174
16035,SLC38A4,11.894337,0.8972269
16036,SLC38A5,11.921768,0.82649034
16037,SLC38A6,12.175563,0.97737825
16038,SLC38A7,12.681025,1.8464004
16039,SLC38A8,12.7074175,1.2145278
16040,SLC38A9,12.75577,1.7217572
16041,SLC39A1,12.62443,1.2610246
16042,SLC39A10,9.094851,5.834276
16043,SLC39A11,11.620259,0.85277003
16044,SLC39A12,13.005864,3.1401398
16045,SLC39A13,12.991575,1.5959831
16046,SLC39A14,12.3848505,1.5218499
16047,SLC39A2,12.986908,1.7882859
16048,SLC39A3,12.870826,1.7584275
16049,SLC39A4,11.936182,5.2006383
16050,SLC39A5,13.5114155,1.9186395
16051,SLC39A6,9.119832,5.8624
16052,SLC39A7,9.649803,2.2342815
16053,SLC39A8,12.521697,1.5406008
16054,SLC39A9,11.775394,0.9718458
16055,SLC3A1,13.783913,6.0343657
16056,SLC3A2,12.652142,5.221308
16057,SLC40A1,12.286403,1.2009848
16058,SLC41A1,11.844079,1.2530563
16059,SLC41A2,11.919838,2.0100853
16060,SLC41A3,12.609873,2.4558725
16061,SLC43A1,12.538109,1.4614409
16062,SLC43A2,12.455593,1.419519
16063,SLC43A3,12.586549,1.4610586
16064,SLC44A1,12.024282,1.7415437
16065,SLC44A2,11.458203,1.3181356
16066,SLC44A3,12.765286,2.7549446
16067,SLC44A4,11.941624,1.6891601
16068,SLC44A5,12.013485,1.7958776
16069,SLC45A1,12.671652,2.788847
16070,SLC45A2,12.642573,1.919063
16071,SLC45A3,12.964579,1.4338589
16072,SLC45A4,11.695174,2.2999403
16073,SLC46A1,12.934587,1.7121205
16074,SLC46A2,13.012263,1.6111457
16075,SLC46A3,13.015991,2.0205953
16076,SLC47A1,12.674824,1.1749903
16077,SLC47A2,12.846268,1.2674189
16078,SLC48A1,13.927872,2.7246563
16079,SLC49A3,12.851938,1.6673945
16080,SLC49A4,12.87195,1.715503
16081,SLC4A1,11.696998,2.1043236
16082,SLC4A10,11.3384905,1.6933417
16083,SLC4A11,12.669652,2.7956285
16084,SLC4A1AP,8.190767,4.9865923
16085,SLC4A2,11.498305,2.0634918
16086,SLC4A3,11.656127,2.3340309
16087,SLC4A4,11.460408,1.7114102
16088,SLC4A5,12.055092,2.5152347
16089,SLC4A7,11.36684,1.6964165
16090,SLC4A8,11.322933,1.5995125
16091,SLC4A9,11.377782,4.5155635
16092,SLC50A1,12.304047,0.9394553
16093,SLC51A,12.845173,2.529493
16094,SLC51B,8.915201,7.589541
16095,SLC52A1,13.131226,1.8830557
16096,SLC52A2,13.148085,1.873656
16097,SLC52A3,12.686484,1.6658962
16098,SLC5A1,11.868477,1.0800302
16099,SLC5A10,11.915406,1.1425035
16100,SLC5A11,12.021201,1.2580563
16101,SLC5A12,12.004521,1.1593081
16102,SLC5A2,11.9557905,1.2550356
16103,SLC5A3,12.23548,1.9013627
16104,SLC5A4,11.976208,1.3204982
16105,SLC5A5,12.148873,1.0725857
16106,SLC5A6,12.445658,1.2286594
16107,SLC5A7,12.234476,1.4761158
16108,SLC5A8,11.879944,0.9315745
16109,SLC5A9,11.919457,1.1113164
16110,SLC66A1,12.253345,1.1090837
16111,SLC66A1LP,9.139898,13.567197
16112,SLC66A2,11.642468,0.8247145
16113,SLC66A3,11.662007,0.7477629
16114,SLC6A1,12.012966,1.2767886
16115,SLC6A11,11.864157,0.86137474
16116,SLC6A12,11.830104,0.8342788
16117,SLC6A13,11.78908,0.79881775
16118,SLC6A14,12.083944,1.5629827
16119,SLC6A15,12.134975,1.8076501
16120,SLC6A16,13.133123,2.7971911
16121,SLC6A17,12.1542845,1.6948037
16122,SLC6A18,12.165183,1.5850837
16123,SLC6A19,12.011453,1.4968208
16124,SLC6A2,12.090117,1.4694471
16125,SLC6A20,12.189294,1.6116645
16126,SLC6A3,12.172911,1.4025819
16127,SLC6A4,12.143327,1.5234303
16128,SLC6A5,12.322734,1.9871337
16129,SLC6A6,11.857336,0.9238261
16130,SLC6A7,12.1552305,1.500838
16131,SLC6A8,11.909859,1.2030379
16132,SLC6A9,12.152249,1.5629749
16133,SLC7A1,11.837983,0.82386947
16134,SLC7A10,12.01902,1.033679
16135,SLC7A11,12.177586,1.4342724
16136,SLC7A13,13.123811,2.1108088
16137,SLC7A14,12.438748,1.5853078
16138,SLC7A2,11.790548,0.8770372
16139,SLC7A3,11.804137,0.816171
16140,SLC7A4,12.816707,1.4337375
16141,SLC7A5,11.915961,0.98815185
16142,SLC7A5P1,11.852641,1.3499576
16143,SLC7A5P2,12.317996,2.329703
16144,SLC7A6,11.963322,1.0625818
16145,SLC7A6OS,8.02924,4.276056
16146,SLC7A7,11.975771,1.06333
16147,SLC7A8,11.820685,0.9164089
16148,SLC7A9,11.995575,1.0645605
16149,SLC8A1,11.129591,1.4495896
16150,SLC8A2,11.141393,1.5232112
16151,SLC8A3,11.1216545,1.4534659
16152,SLC8B1,12.678801,1.3518056
16153,SLC9A1,12.194962,2.4136343
16154,SLC9A2,12.047244,2.3492937
16155,SLC9A3,12.171138,2.4155939
16156,SLC9A4,12.341017,2.6848655
16157,SLC9A5,12.422297,2.662942
16158,SLC9A6,11.856062,1.3354439
16159,SLC9A7,11.826791,1.3158703
16160,SLC9A8,12.296348,1.0617858
16161,SLC9A9,11.926681,1.5653077
16162,SLC9B1,12.422154,1.4743603
16163,SLC9B1P1,12.62338,1.9177599
16164,SLC9B2,12.016352,1.1055402
16165,SLC9C1,13.7788725,2.7868319
16166,SLC9C2,13.803665,2.7951589
16167,SLCO1A2,12.889312,2.8717046
16168,SLCO1B1,12.893348,2.8805583
16169,SLCO1B3,12.885152,2.8895981
16170,SLCO1B3-SLCO1B7,12.9296055,2.8714762
16171,SLCO1B7,12.9331665,2.87123
16172,SLCO1C1,12.896004,2.8813522
16173,SLCO2A1,12.519942,1.7505815
16174,SLCO2B1,12.644367,1.9394102
16175,SLCO3A1,12.8249,2.6439455
16176,SLCO4A1,12.634988,1.9961745
16177,SLCO4C1,12.839995,2.7957027
16178,SLCO5A1,12.833746,2.8952844
16179,SLCO6A1,13.0615635,2.8904278
16180,SLF1,10.610254,10.091443
16181,SLF2,9.949311,10.681656
16182,SLFN11,10.695235,7.096652
16183,SLFN12,11.121273,8.7808275
16184,SLFN12L,11.0795965,8.780239
16185,SLFN13,10.703328,7.14133
16186,SLFN14,10.822293,7.6185675
16187,SLFN5,10.78894,7.5026007
16188,SLFNL1,10.956784,5.1103506
16189,SLIRP,9.2803335,2.3954144
16190,SLIT1,13.452117,5.380259
16191,SLIT2,13.501125,5.3801546
16192,SLIT3,13.530171,5.4461155
16193,SLITRK1,13.196717,7.6893616
16194,SLITRK2,13.102166,7.631909
16195,SLITRK3,13.054848,7.636795
16196,SLITRK4,12.998322,7.760462
16197,SLITRK5,13.098236,7.6326
16198,SLITRK6,13.08629,7.7473454
16199,SLK,7.8554196,4.2339892
16200,SLMAP,7.4718294,3.33921
16201,SLN,10.917797,11.248922
16202,SLPI,14.42791,5.5320086
16203,SLTM,7.5363355,6.895188
16204,SLU7,8.070965,2.8908694
16205,SLURP1,13.110208,5.1485624
16206,SLURP2,12.930097,5.1037927
16207,SLX1A,11.163825,5.022445
16208,SLX1B,11.169581,5.004833
16209,SLX4,9.03326,9.482129
16210,SLX4IP,10.04786,11.912308
16211,SLX9,7.759964,3.7100468
16212,SMAD1,6.6602707,3.0867615
16213,SMAD2,6.8423285,3.2635567
16214,SMAD3,6.79175,3.0408711
16215,SMAD4,6.5222945,3.119945
16216,SMAD5,6.5799694,3.0722806
16217,SMAD5-AS1,9.426513,13.3348465
16218,SMAD6,7.7647276,5.6341705
16219,SMAD7,9.098554,5.6336145
16220,SMAD9,6.778944,3.1050804
16221,SMAGP,7.311388,2.7844157
16222,SMAP,6.8735037,3.225047
16223,SMAP1,6.234471,4.2562613
16224,SMAP2,6.3337035,4.319831
16225,SMARCA1,8.218374,2.2155905
16226,SMARCA2,6.724735,2.7300463
16227,SMARCA4,6.630184,2.9016898
16228,SMARCA5,8.161456,2.2827132
16229,SMARCAD1,9.872605,4.4004865
16230,SMARCAL1,9.50935,5.332551
16231,SMARCB1,8.569881,2.9267006
16232,SMARCC1,6.756651,3.6801562
16233,SMARCC2,6.3476796,4.096095
16234,SMARCD1,6.585987,3.2894642
16235,SMARCD2,6.8379364,4.121642
16236,SMARCD3,6.9231253,3.131077
16237,SMARCE1,6.6093006,3.1725976
16238,SMC1A,8.665273,3.0337706
16239,SMC1B,8.753958,3.1636753
16240,SMC2,8.61238,2.8365812
16241,SMC3,8.755326,3.1975908
16242,SMC4,8.833027,3.2352588
16243,SMC5,9.019817,3.3975766
16244,SMC6,8.822722,3.3536522
16245,SMCHD1,11.024861,8.656324
16246,SMCO1,10.914658,11.257881
16247,SMCO2,9.815094,10.030081
16248,SMCO3,10.874108,11.091103
16249,SMCO4,7.095817,2.2498753
16250,SMCP,8.348256,9.409024
16251,SMCR5,9.512578,14.093781
16252,SMCR8,10.532245,8.76343
16253,SMDT1,9.486631,2.0785038
16254,SMG1,10.943203,10.200442
16255,SMG5,9.94568,5.91703
16256,SMG6,9.364493,6.5322514
16257,SMG7,8.465743,7.1702785
16258,SMG8,10.71695,10.321441
16259,SMG9,9.039676,5.0755987
16260,SMIM1,8.617286,4.2270923
16261,SMIM10,8.89614,13.848399
16262,SMIM10L1,8.958621,13.867106
16263,SMIM10L2A,8.869395,13.876173
16264,SMIM10L2B,8.884799,13.870901
16265,SMIM10L3,8.887162,13.8476305
16266,SMIM11,8.1766,2.675015
16267,SMIM12,7.5523767,2.122598
16268,SMIM13,11.523121,1.7688986
16269,SMIM14,10.398445,11.150069
16270,SMIM15,7.269051,2.1018364
16271,SMIM17,9.829665,12.146921
16272,SMIM18,8.85092,5.3428206
16273,SMIM19,6.785782,2.5855463
16274,SMIM2,8.978335,13.81621
16275,SMIM20,10.646831,0.9563448
16276,SMIM21,9.117564,13.608612
16277,SMIM22,8.172727,3.4589365
16278,SMIM23,9.846323,12.209076
16279,SMIM24,7.47172,3.9194324
16280,SMIM26,8.666449,4.356824
16281,SMIM27,10.89303,11.166797
16282,SMIM28,9.472202,9.222583
16283,SMIM29,6.9740124,2.5118096
16284,SMIM3,11.445033,1.2454362
16285,SMIM30,11.182862,0.8613614
16286,SMIM31,9.0028105,6.7969227
16287,SMIM32,10.254061,10.446173
16288,SMIM33,9.406308,9.2253065
16289,SMIM34,8.0720825,5.5544376
16290,SMIM35,9.086903,5.4665174
16291,SMIM36,7.1243877,4.4576454
16292,SMIM38,10.670678,11.074143
16293,SMIM39,10.657159,10.718446
16294,SMIM40,10.46539,10.554088
16295,SMIM41,7.9758368,5.986657
16296,SMIM42,9.350613,13.294228
16297,SMIM43,10.437053,11.000949
16298,SMIM44,10.120909,10.551055
16299,SMIM45,10.366957,11.923054
16300,SMIM46,10.156509,12.058791
16301,SMIM47,10.902964,11.2364855
16302,SMIM5,11.7884035,1.5211233
16303,SMIM6,10.812731,11.020454
16304,SMIM7,11.079326,0.7929262
16305,SMIM8,10.062032,1.4022841
16306,SMIM9,10.604844,10.879747
16307,SMKR1,10.067559,11.536619
16308,SMLR1,10.491838,10.812668
16309,SMN1,7.082773,3.7442286
16310,SMN2,7.094318,3.7641978
16311,SMNDC1,7.9862127,2.8636672
16312,SMO,11.976039,6.553451
16313,SMOC1,12.7444105,5.0098224
16314,SMOC2,12.744863,4.9650335
16315,SMOX,10.459158,4.0070395
16316,SMPD1,12.43802,4.969637
16317,SMPD2,11.1212435,5.0661464
16318,SMPD3,10.499382,6.567871
16319,SMPD4,10.654214,11.074545
16320,SMPDL3A,13.751652,4.6921897
16321,SMPDL3B,13.513368,4.2300344
16322,SMPX,6.5950594,3.2969534
16323,SMR3A,8.650211,9.760179
16324,SMR3B,8.69803,9.742745
16325,SMS,10.002628,3.3744805
16326,SMTN,7.281737,5.1325555
16327,SMTNL1,7.8459415,6.2304015
16328,SMTNL2,7.467075,5.21331
16329,SMU1,7.959085,1.3570658
16330,SMUG1,10.570458,2.93196
16331,SMURF1,9.241773,3.8461852
16332,SMURF2,9.277911,3.4957547
16333,SMYD1,10.463936,5.696307
16334,SMYD2,10.366201,5.178521
16335,SMYD3,10.297509,4.072056
16336,SMYD4,10.425959,6.1058035
16337,SMYD5,9.7737055,3.0958376
16338,SNAI1,6.9604063,5.245606
16339,SNAI2,6.9130826,4.6329684
16340,SNAI3,8.412432,6.6138897
16341,SNAP23,7.478117,2.2457364
16342,SNAP25,7.18256,2.0575943
16343,SNAP29,7.615429,2.8545504
16344,SNAP47,9.3499365,5.6268873
16345,SNAP91,5.906708,3.0133805
16346,SNAPC1,10.476815,11.039862
16347,SNAPC2,8.81647,6.303982
16348,SNAPC3,10.425172,6.385849
16349,SNAPC4,8.58088,7.6865807
16350,SNAPC5,6.7818146,2.161663
16351,SNAPIN,7.636103,2.8495424
16352,SNCA,6.7580056,2.5207658
16353,SNCAIP,9.166238,9.024525
16354,SNCB,6.7576094,2.4770052
16355,SNCG,6.7049866,2.554282
16356,SND1,9.096417,2.010774
16357,SND1-IT1,9.35094,13.713985
16358,SNED1,13.037348,6.2461247
16359,SNF8,7.872935,2.0878353
16360,SNHG12,9.197323,13.685801
16361,SNHG28,9.790542,12.9271145
16362,SNHG32,9.25176,13.632153
16363,SNIP1,7.428268,4.4174995
16364,SNN,10.444413,11.180929
16365,SNORC,7.63893,5.0860324
16366,SNPH,7.445558,5.344875
16367,SNRK,8.639266,6.257292
16368,SNRNP200,9.299912,2.793238
16369,SNRNP25,8.390647,1.6481379
16370,SNRNP27,6.245556,2.6774454
16371,SNRNP35,8.931228,3.6686122
16372,SNRNP40,9.061104,2.4997506
16373,SNRNP48,8.038914,4.224496
16374,SNRNP70,6.5836406,2.8508759
16375,SNRPA,6.5795927,2.6676288
16376,SNRPA1,7.821927,1.5323839
16377,SNRPB,6.200876,3.8789146
16378,SNRPB2,7.5046325,2.062119
16379,SNRPC,5.7848396,3.1118336
16380,SNRPD1,6.782183,0.6938212
16381,SNRPD2,6.4695606,0.36254886
16382,SNRPD3,6.8543754,0.691514
16383,SNRPE,6.7102013,0.51765317
16384,SNRPF,6.3895826,0.16206792
16385,SNRPG,6.171266,-0.156581
16386,SNRPGP15,6.335727,-0.53913915
16387,SNRPN,6.146276,3.9462333
16388,SNTA1,8.584457,4.095562
16389,SNTB1,8.7539215,3.8318694
16390,SNTB2,8.714982,3.8971097
16391,SNTG1,10.051028,4.9023905
16392,SNTG2,9.77011,4.7392917
16393,SNTN,8.5714655,3.8447335
16394,SNU13,6.918901,0.29075694
16395,SNUPN,8.971539,2.916824
16396,SNURF,9.538693,12.463561
16397,SNURFL,9.331693,13.516699
16398,SNW1,8.040843,2.8888257
16399,SNX1,7.57776,3.0183744
16400,SNX10,9.317477,4.14799
16401,SNX11,8.795828,6.6477795
16402,SNX12,7.6389737,1.0692859
16403,SNX13,10.161121,5.874165
16404,SNX14,10.618677,7.1489167
16405,SNX15,8.205844,4.650046
16406,SNX16,8.406149,4.53016
16407,SNX17,9.219334,3.8741932
16408,SNX18,8.981426,6.498987
16409,SNX19,9.191952,6.511569
16410,SNX2,7.697457,3.0341127
16411,SNX20,10.736268,5.2291527
16412,SNX21,10.702357,5.241537
16413,SNX22,8.163202,4.676358
16414,SNX24,7.6485214,2.5389388
16415,SNX25,10.011636,5.5023494
16416,SNX27,9.024908,2.9658566
16417,SNX29,9.067648,6.254275
16418,SNX29P2,9.795051,10.671881
16419,SNX3,7.7062054,1.1404443
16420,SNX30,9.654871,4.7909
16421,SNX31,10.07937,4.84432
16422,SNX32,7.764367,2.6934733
16423,SNX33,9.62407,4.7097497
16424,SNX4,9.617593,4.57217
16425,SNX5,7.746629,2.7332692
16426,SNX6,7.704888,2.5508204
16427,SNX7,9.69703,4.882608
16428,SNX8,9.6807785,4.7370152
16429,SNX9,9.509334,4.743707
16430,SOAT1,12.1037035,2.175079
16431,SOAT2,12.550265,2.132049
16432,SOBP,7.6435256,7.2598615
16433,SOCS1,11.084887,5.0640526
16434,SOCS2,9.293145,3.5107715
16435,SOCS3,9.77125,4.990877
16436,SOCS4,9.489099,7.829159
16437,SOCS5,9.217292,7.8115783
16438,SOCS6,8.685069,7.4290705
16439,SOCS7,7.349045,5.6608067
16440,SOD1,8.659793,0.3941468
16441,SOD2,8.880254,0.39977887
16442,SOD3,12.224439,5.3253284
16443,SOHLH1,9.190295,9.833143
16444,SOHLH2,10.761261,9.983032
16445,SON,8.415979,9.850216
16446,SORBS1,6.247685,2.789128
16447,SORBS2,6.4047527,3.074377
16448,SORBS3,7.91018,6.4158716
16449,SORCS1,13.159662,7.079592
16450,SORCS2,13.1200485,7.0511866
16451,SORCS3,13.050107,7.340727
16452,SORD,9.539461,0.7315825
16453,SORL1,13.654842,6.630962
16454,SORT1,13.451233,5.773993
16455,SOS1,9.958546,5.845848
16456,SOS2,10.002334,5.9872394
16457,SOST,12.703728,6.003482
16458,SOSTDC1,12.815845,4.963273
16459,SOWAHA,7.874931,6.240693
16460,SOWAHB,8.4434595,7.7736387
16461,SOWAHC,7.4759064,5.4885178
16462,SOWAHD,8.113341,6.3565784
16463,SOX1,5.1978087,4.1974316
16464,SOX10,5.4856653,4.4287567
16465,SOX11,5.281055,4.239464
16466,SOX12,7.3272953,6.1770825
16467,SOX13,6.524228,4.8220696
16468,SOX14,5.495704,4.35939
16469,SOX15,7.291338,6.5932307
16470,SOX17,5.7100463,4.888795
16471,SOX18,6.18465,5.381723
16472,SOX2,5.311584,4.219972
16473,SOX21,5.2264276,4.2898645
16474,SOX3,5.5135937,4.733583
16475,SOX30,8.951593,9.551198
16476,SOX4,5.264072,4.2417817
16477,SOX5,6.237557,4.509896
16478,SOX6,6.4319944,4.820565
16479,SOX7,6.072314,4.917329
16480,SOX8,5.5334654,4.618704
16481,SOX9,5.559189,3.6405628
16482,SP1,6.479308,5.357874
16483,SP100,9.1865,8.03382
16484,SP110,9.139815,8.039316
16485,SP140,9.176076,7.8752837
16486,SP140L,9.305565,5.6503673
16487,SP2,6.4887137,5.4103255
16488,SP3,6.475327,5.368981
16489,SP4,6.419856,5.2570252
16490,SP5,6.777977,6.0021276
16491,SP6,7.2896667,6.631725
16492,SP7,7.1453404,6.5596375
16493,SP8,5.281924,4.2785263
16494,SP9,5.351164,4.2937107
16495,SPA17,7.69975,3.842372
16496,SPAAR,10.398115,10.631098
16497,SPACA1,12.668215,7.819602
16498,SPACA3,12.29151,7.0084424
16499,SPACA4,12.837403,5.2026587
16500,SPACA5,14.031353,4.753004
16501,SPACA5B,14.041569,4.747384
16502,SPACA6,11.726346,7.9213915
16503,SPACA7,9.476576,10.736141
16504,SPACA9,10.690635,11.406795
16505,SPACDR,9.74012,11.419224
16506,SPADH,13.255418,7.7356358
16507,SPAG1,9.005659,4.248475
16508,SPAG11A,9.812647,12.166349
16509,SPAG11B,9.9965925,12.2328005
16510,SPAG16,9.923803,4.8968635
16511,SPAG17,10.564239,10.480531
16512,SPAG4,12.243584,6.689179
16513,SPAG5,9.88529,9.233709
16514,SPAG6,10.113189,4.2362037
16515,SPAG7,7.549507,2.5365486
16516,SPAG8,8.540058,7.95882
16517,SPAG9,6.809147,3.2289376
16518,SPAM1,13.674493,4.712576
16519,SPANXA1,9.910136,11.434328
16520,SPANXA2,9.92166,11.438653
16521,SPANXA2-OT1,8.285589,9.77266
16522,SPANXB1,9.892023,11.350811
16523,SPANXC,9.919647,11.415672
16524,SPANXD,9.895203,11.45158
16525,SPANXN1,9.9463005,11.437193
16526,SPANXN2,8.852389,10.569749
16527,SPANXN3,9.1667595,10.910504
16528,SPANXN4,9.9772415,11.764104
16529,SPANXN5,9.914828,11.476087
16530,SPARC,8.468877,3.614548
16531,SPARCL1,9.339342,8.878961
16532,SPART,8.90574,5.2744894
16533,SPART-AS1,9.119034,13.661958
16534,SPAST,7.999877,3.0849748
16535,SPATA1,9.139483,5.8833857
16536,SPATA12,9.788425,14.09853
16537,SPATA13,8.673557,4.009705
16538,SPATA16,10.878733,11.151685
16539,SPATA17,9.74431,5.5281467
16540,SPATA18,8.63845,4.316634
16541,SPATA19,10.229458,12.129155
16542,SPATA2,10.29631,11.124913
16543,SPATA20,10.445571,2.8389518
16544,SPATA21,9.554377,10.304382
16545,SPATA22,9.024074,7.622644
16546,SPATA24,9.708272,8.100462
16547,SPATA25,10.130233,14.16153
16548,SPATA2L,10.290392,10.406614
16549,SPATA3,9.578285,12.683203
16550,SPATA31A1,9.432685,11.606916
16551,SPATA31A3,9.43435,11.590394
16552,SPATA31A5,9.40503,11.619837
16553,SPATA31A6,9.431118,11.600882
16554,SPATA31A7,9.436142,11.587399
16555,SPATA31C1,9.46059,11.548504
16556,SPATA31C2,9.431674,11.597659
16557,SPATA31D1,9.499547,11.374336
16558,SPATA31D3,9.543416,11.398406
16559,SPATA31D4,9.514326,11.321233
16560,SPATA31E1,9.4479,11.688696
16561,SPATA31F1,9.486745,11.488903
16562,SPATA31F2P,9.605664,11.471138
16563,SPATA31F3,9.687549,11.452772
16564,SPATA31G1,9.431081,11.569532
16565,SPATA31H1,8.972294,10.512388
16566,SPATA32,9.691843,11.452104
16567,SPATA33,9.894457,11.261276
16568,SPATA4,10.316898,7.577746
16569,SPATA45,10.279324,12.1717615
16570,SPATA46,9.219955,8.75546
16571,SPATA6,9.90049,7.6301465
16572,SPATA6L,10.387101,8.581712
16573,SPATA7,9.830112,10.7249775
16574,SPATA8,9.495753,14.026213
16575,SPATA9,10.746428,11.298895
16576,SPATC1,9.027614,9.736376
16577,SPATC1L,10.53054,10.342933
16578,SPATS1,10.253796,11.536996
16579,SPATS2,7.2403827,5.319471
16580,SPATS2L,8.184162,7.3033023
16581,SPC24,8.139492,3.3447347
16582,SPC25,9.532735,5.01395
16583,SPCS1,8.282469,6.1006746
16584,SPCS2,7.905155,1.8977257
16585,SPCS3,7.8885536,1.1437325
16586,SPDEF,8.093976,4.97125
16587,SPDL1,9.734155,8.056325
16588,SPDYA,9.601556,6.698506
16589,SPDYC,10.120925,9.191969
16590,SPDYE1,14.454142,9.552708
16591,SPDYE10,14.581801,9.375629
16592,SPDYE11,14.581852,9.376939
16593,SPDYE12,14.586705,9.370129
16594,SPDYE13,14.587345,9.369942
16595,SPDYE14,14.587355,9.369988
16596,SPDYE15,14.588148,9.370869
16597,SPDYE16,14.491473,9.501936
16598,SPDYE17,14.582335,9.379413
16599,SPDYE18,14.4663105,9.526155
16600,SPDYE2,14.450816,9.552533
16601,SPDYE21,14.455141,9.550856
16602,SPDYE2B,14.450063,9.550997
16603,SPDYE3,7.522116,9.722974
16604,SPDYE4,9.057674,4.3684998
16605,SPDYE5,14.451017,9.551038
16606,SPDYE6,14.454992,9.550244
16607,SPDYE7P,9.345345,4.4152293
16608,SPDYE8,14.583155,9.380902
16609,SPDYE9,14.582674,9.380671
16610,SPECC1,9.494281,7.4057713
16611,SPECC1L,9.461427,7.350677
16612,SPEF1,8.180041,4.071634
16613,SPEF2,10.563695,7.8528647
16614,SPEG,9.385304,6.71654
16615,SPEGNB,10.638612,3.953347
16616,SPEM1,10.118641,11.174037
16617,SPEM2,9.702352,11.377269
16618,SPEM3,9.0405,10.537098
16619,SPEN,8.639558,9.145459
16620,SPESP1,10.293386,10.934789
16621,SPG11,11.017803,10.566474
16622,SPG21,9.980012,2.9798615
16623,SPG7,9.999715,2.2082224
16624,SPHK1,10.516592,3.0008237
16625,SPHK2,11.222596,5.150247
16626,SPHKAP,9.764566,10.8195715
16627,SPI1,7.4992614,5.740262
16628,SPIB,7.4652967,6.361402
16629,SPIC,8.414901,6.8070846
16630,SPICE1,9.786731,10.5281
16631,SPIDR,10.69858,8.627861
16632,SPIN1,9.333695,3.8560665
16633,SPIN2A,9.341317,3.8650813
16634,SPIN2B,9.313552,3.8392515
16635,SPIN3,9.320599,3.891098
16636,SPIN4,9.45291,4.235807
16637,SPINDOC,9.176638,9.606416
16638,SPINK1,13.695974,4.816375
16639,SPINK13,13.842074,6.101893
16640,SPINK14,13.564695,4.8786793
16641,SPINK2,13.0842,5.1139507
16642,SPINK4,13.686817,4.865104
16643,SPINK5,8.802219,8.3091135
16644,SPINK6,13.4895315,4.4249935
16645,SPINK7,14.05323,5.1677485
16646,SPINK8,13.5969095,7.0540037
16647,SPINK9,14.102456,5.1605396
16648,SPINT1,12.86214,5.9333434
16649,SPINT2,13.111265,5.388689
16650,SPINT3,13.581475,7.124179
16651,SPINT4,12.919324,7.8502088
16652,SPIRE1,7.0870185,3.3762102
16653,SPIRE2,8.068379,4.518869
16654,SPMAP1,9.173599,13.771747
16655,SPMAP2,8.823667,6.5247917
16656,SPMAP2L,9.103735,6.2844806
16657,SPMIP1,10.281414,11.583454
16658,SPMIP10,10.241759,11.990156
16659,SPMIP11,9.649581,13.121191
16660,SPMIP2,10.245937,11.490417
16661,SPMIP3,10.740383,9.178336
16662,SPMIP4,10.297912,11.393889
16663,SPMIP5,10.664379,8.774376
16664,SPMIP6,10.619919,8.592991
16665,SPMIP7,10.263125,11.542497
16666,SPMIP8,9.706874,13.07564
16667,SPMIP9,10.317144,11.26661
16668,SPN,8.43131,9.597309
16669,SPNS1,12.287015,1.3216208
16670,SPNS2,12.710298,1.7954654
16671,SPNS3,12.870393,1.7014887
16672,SPO11,9.758285,2.948604
16673,SPO16,10.691429,7.1983204
16674,SPOCD1,9.241348,9.853665
16675,SPOCK1,13.036773,5.4342303
16676,SPOCK2,12.8738,5.33549
16677,SPOCK3,12.981272,5.4122524
16678,SPON1,13.677382,6.6773252
16679,SPON2,12.864517,5.271427
16680,SPOP,7.601539,0.6838406
16681,SPOPL,7.857444,1.0703871
16682,SPOUT1,9.146676,1.9793354
16683,SPP1,7.94637,7.4605017
16684,SPP2,13.287178,5.4758797
16685,SPPL2A,12.353212,2.1538818
16686,SPPL2B,12.479652,2.1190114
16687,SPPL2C,12.1352825,6.491931
16688,SPPL3,12.074084,1.0969359
16689,SPR,10.252317,2.3074996
16690,SPRED1,8.813072,6.212877
16691,SPRED2,7.98305,4.0388317
16692,SPRED3,8.293037,6.766088
16693,SPRING1,10.613787,10.538019
16694,SPRN,7.6521945,5.1276836
16695,SPRR1A,21.653234,2.7735271
16696,SPRR1B,21.651922,2.7739966
16697,SPRR2A,21.65342,2.773231
16698,SPRR2B,21.656595,2.771767
16699,SPRR2D,21.65389,2.7730708
16700,SPRR2E,21.653791,2.7732937
16701,SPRR2F,21.654,2.773048
16702,SPRR2G,21.65389,2.7732873
16703,SPRR3,21.652285,2.7787113
16704,SPRR4,21.654028,2.773014
16705,SPRR5,21.654045,2.7730386
16706,SPRTN,8.676926,5.6203856
16707,SPRY1,7.7813425,5.341047
16708,SPRY2,7.8868456,5.441146
16709,SPRY3,7.87874,5.42298
16710,SPRY4,7.863449,5.4842095
16711,SPRYD3,10.63793,6.4937806
16712,SPRYD4,11.269716,6.8024545
16713,SPRYD7,8.013113,1.491358
16714,SPSB1,9.08728,2.185275
16715,SPSB2,10.75736,4.349923
16716,SPSB3,8.798873,4.1684365
16717,SPSB4,9.05698,2.103465
16718,SPTA1,10.072954,7.785942
16719,SPTAN1,8.678071,3.2987785
16720,SPTB,8.624308,3.3286314
16721,SPTBN1,8.647872,3.101246
16722,SPTBN2,8.374858,4.201795
16723,SPTBN4,8.523141,4.332076
16724,SPTBN5,11.167652,6.5102835
16725,SPTLC1,9.6132965,2.0294678
16726,SPTLC2,9.649025,1.4837698
16727,SPTLC3,9.88332,1.7017426
16728,SPTSSA,11.437616,0.76443255
16729,SPTSSB,12.097325,1.8642794
16730,SPTY2D1,7.1430473,5.3428226
16731,SPX,7.6589084,4.4222145
16732,SPZ1,10.129267,10.373608
16733,SQLE,12.03189,2.968459
16734,SQOR,9.686373,1.3575431
16735,SQSTM1,7.846596,4.6124377
16736,SRA1,7.9746904,4.304198
16737,SRARP,9.836622,13.663933
16738,SRBD1,10.103476,5.12557
16739,SRC,8.041392,1.5254152
16740,SRCAP,7.4391894,7.004535
16741,SRCIN1,6.802926,4.8332686
16742,SRD5A1,12.175774,1.6389849
16743,SRD5A2,12.227675,1.8167547
16744,SRD5A3,12.546275,2.0090988
16745,SREBF1,8.790335,6.8090553
16746,SREBF2,9.0494585,6.7142725
16747,SREK1,6.345702,2.8906372
16748,SREK1IP1,7.227205,3.7591054
16749,SRF,5.726182,3.9258237
16750,SRFBP1,8.648397,5.8512397
16751,SRGAP1,7.4025707,3.0567968
16752,SRGAP2,7.5004177,3.339041
16753,SRGAP2B,7.479602,3.0088272
16754,SRGAP2C,7.480443,3.0220144
16755,SRGAP3,7.5073338,3.2949178
16756,SRGN,9.430592,8.624741
16757,SRI,7.5252376,3.0660112
16758,SRL,7.184426,1.2204527
16759,SRM,8.844985,0.7618071
16760,SRMS,10.747941,3.4958751
16761,SRP14,6.6238513,1.2930174
16762,SRP19,6.806243,1.0430532
16763,SRP54,7.9139233,2.0113428
16764,SRP68,9.303263,4.298143
16765,SRP72,9.323585,4.3098803
16766,SRP9,6.810709,0.26286778
16767,SRPK1,7.3698716,2.8413439
16768,SRPK2,7.0066633,2.8152895
16769,SRPK3,8.27309,3.8197467
16770,SRPRA,8.052352,2.5367777
16771,SRPRB,9.201381,3.2459521
16772,SRPX,13.620222,6.6411443
16773,SRPX2,13.681989,6.575658
16774,SRR,9.832772,1.0384189
16775,SRRD,9.472007,3.7086272
16776,SRRM1,7.325133,4.3561997
16777,SRRM2,8.384515,9.746687
16778,SRRM3,7.295042,5.7633305
16779,SRRM4,7.345399,5.337657
16780,SRRM5,8.540602,10.1001625
16781,SRRT,7.3340187,4.4339747
16782,SRSF1,6.288667,2.7246013
16783,SRSF10,6.293482,2.8155212
16784,SRSF11,6.2641497,2.8892455
16785,SRSF12,7.4663606,4.264327
16786,SRSF2,6.173186,2.5274973
16787,SRSF3,6.2731385,2.6930113
16788,SRSF4,6.2503276,2.763932
16789,SRSF5,6.2586255,2.7073567
16790,SRSF6,6.2307916,2.6884058
16791,SRSF7,6.243914,2.70314
16792,SRSF8,7.379257,4.1942472
16793,SRSF9,6.3655295,2.8284388
16794,SRSP,9.946461,14.40672
16795,SRXN1,9.785762,2.1530206
16796,SRY,9.199017,7.977319
16797,SS18,5.714028,3.9942942
16798,SS18L1,5.6260424,3.9350379
16799,SS18L2,7.0791507,2.2418783
16800,SSB,8.967584,3.785325
16801,SSBP1,7.8326654,0.8879072
16802,SSBP2,5.6361327,3.5553033
16803,SSBP3,5.651364,3.4517105
16804,SSBP3-AS1,9.007099,13.955017
16805,SSBP4,5.662683,3.90152
16806,SSC4D,12.366207,5.7246294
16807,SSC5D,12.172348,6.9891815
16808,SSH1,8.32524,6.3908625
16809,SSH2,8.934653,7.95936
16810,SSH3,9.016431,6.222435
16811,SSMEM1,10.096027,11.5376625
16812,SSNA1,7.0364895,1.7599281
16813,SSPN,12.662735,1.6949314
16814,SSPOP,12.2564125,6.1120005
16815,SSR1,7.367185,2.7999396
16816,SSR2,7.690785,1.0726748
16817,SSR3,10.853519,11.072418
16818,SSR4,10.998105,1.8022957
16819,SSRP1,8.625881,3.194215
16820,SST,7.5790896,4.2940226
16821,SSTR1,13.39712,1.3277074
16822,SSTR2,13.262112,1.1398646
16823,SSTR3,13.368032,1.434936
16824,SSTR4,13.375033,1.3798809
16825,SSTR5,13.340781,1.3409089
16826,SSU72,7.8674707,0.82677007
16827,SSU72L1,12.079094,14.072287
16828,SSU72L2,12.079878,14.072302
16829,SSU72L3,12.080187,14.072979
16830,SSU72L4,12.080426,14.072796
16831,SSU72L5,12.0800295,14.073158
16832,SSU72L6,12.079283,14.07186
16833,SSUH2,9.590584,4.736189
16834,SSX1,3.5551734,8.205357
16835,SSX2,3.5616703,8.203775
16836,SSX2B,3.5738065,8.199751
16837,SSX2IP,8.75853,5.5358167
16838,SSX3,3.557269,8.204807
16839,SSX4,3.559131,8.204675
16840,SSX4B,3.558792,8.20479
16841,SSX5,3.5557532,8.205643
16842,SSX6P,3.555083,8.205609
16843,SSX7,3.5580668,8.205162
16844,SSX8P,3.5544806,8.205711
16845,SSX9P,3.5580046,8.205088
16846,ST13,7.06203,2.0150945
16847,ST13P4,7.319955,2.061978
16848,ST13P5,7.124119,1.986909
16849,ST14,13.695569,6.067919
16850,ST18,7.667365,6.262382
16851,ST20,10.142404,13.490134
16852,ST20-AS1,9.72253,14.3115015
16853,ST3GAL1,13.52831,4.4813704
16854,ST3GAL2,13.278985,4.473848
16855,ST3GAL3,13.177427,4.307193
16856,ST3GAL4,13.386579,4.45659
16857,ST3GAL5,13.38313,4.5372305
16858,ST3GAL6,13.804354,4.85459
16859,ST6GAL1,13.7668085,4.8116317
16860,ST6GAL2,12.653653,5.4092107
16861,ST6GALNAC1,12.845891,5.504855
16862,ST6GALNAC2,12.310418,4.2135286
16863,ST6GALNAC3,13.503569,4.515559
16864,ST6GALNAC4,12.722273,4.630467
16865,ST6GALNAC5,12.199351,4.1218176
16866,ST6GALNAC6,13.1046915,4.651042
16867,ST7,10.946342,8.276204
16868,ST7L,10.893427,8.184528
16869,ST8SIA1,13.611944,4.5568094
16870,ST8SIA2,13.81995,4.8631043
16871,ST8SIA3,13.841095,4.8879538
16872,ST8SIA4,13.798946,4.8451724
16873,ST8SIA5,13.779906,4.682832
16874,ST8SIA6,13.708939,4.654217
16875,STAB1,13.00441,6.429411
16876,STAB2,13.749982,6.6685495
16877,STAC,7.0489383,3.8674698
16878,STAC2,7.9133105,5.1352525
16879,STAC3,8.053299,4.710839
16880,STAG1,9.496805,4.8007803
16881,STAG2,9.420187,4.641409
16882,STAG3,10.00935,5.842259
16883,STAG3L1,10.207996,5.6841407
16884,STAG3L2,10.245075,5.606605
16885,STAG3L3,10.128803,5.545095
16886,STAG3L4,9.65439,13.114183
16887,STAM,6.9846535,4.493299
16888,STAM2,7.0901856,4.64883
16889,STAMBP,8.772256,3.0179946
16890,STAMBPL1,8.958184,3.747722
16891,STAP1,10.060286,5.2327776
16892,STAP2,8.465235,4.501849
16893,STAR,9.998766,3.7065253
16894,STARD10,9.417763,3.2474778
16895,STARD13,8.534075,5.052762
16896,STARD3,11.567586,2.5304914
16897,STARD3NL,11.535282,2.4575915
16898,STARD4,10.485538,4.2537255
16899,STARD5,9.577907,2.5156572
16900,STARD6,10.539199,4.420803
16901,STARD7,9.522173,5.877527
16902,STARD8,8.833732,6.532658
16903,STARD9,9.555033,9.989092
16904,STAT1,8.703612,3.1074111
16905,STAT2,9.936342,6.189882
16906,STAT3,9.520724,4.7128325
16907,STAT4,9.553699,4.792958
16908,STAT5A,9.510762,4.4836473
16909,STAT5B,9.388401,4.363503
16910,STAT6,9.928476,6.277915
16911,STATH,8.540603,8.586226
16912,STAU1,9.030327,6.403304
16913,STAU2,8.88301,5.101998
16914,STBD1,9.0243635,7.985504
16915,STC1,10.70549,11.577549
16916,STC2,10.49493,10.828584
16917,STEAP1,12.4984865,2.5189426
16918,STEAP1B,12.523402,2.5830233
16919,STEAP2,12.174723,2.2171106
16920,STEAP3,12.240841,2.1322498
16921,STEAP4,12.186188,2.0421853
16922,STEEP1,8.544608,2.7509696
16923,STH,9.363347,14.051271
16924,STIL,9.81357,10.945997
16925,STIM1,7.2252593,3.9838343
16926,STIM2,8.27169,5.4340653
16927,STIMATE,11.5944395,1.5613157
16928,STING1,10.688451,11.027618
16929,STIP1,8.596331,2.2924614
16930,STK10,7.3908525,2.983908
16931,STK11,9.184822,3.7176971
16932,STK11IP,11.297722,7.6263614
16933,STK16,10.373749,2.6255887
16934,STK17A,9.517363,3.976266
16935,STK17B,9.70821,4.2497773
16936,STK19,9.884909,3.335599
16937,STK24,7.7100616,1.3901658
16938,STK25,7.705954,1.3862684
16939,STK26,7.736185,1.3497548
16940,STK3,7.699803,1.3746986
16941,STK31,10.651991,10.082072
16942,STK32A,8.207927,1.4523618
16943,STK32B,8.201167,1.500527
16944,STK32C,9.196421,3.7051752
16945,STK33,9.709573,5.931627
16946,STK35,10.920552,8.917557
16947,STK36,11.314011,7.874597
16948,STK38,7.835402,1.0412531
16949,STK38L,7.7825303,0.93434554
16950,STK39,7.582242,1.541871
16951,STK4,7.6201496,1.4301877
16952,STK40,9.75455,4.393878
16953,STKLD1,11.024941,7.656263
16954,STMN1,6.620269,2.2663531
16955,STMN2,6.942351,2.6280735
16956,STMN3,6.7741976,2.4076622
16957,STMN4,6.679623,2.3159711
16958,STMND1,8.55577,5.9529977
16959,STMP1,8.671329,0.8385254
16960,STN1,9.924301,4.4022355
16961,STOM,8.383831,1.021187
16962,STOML1,10.776252,4.220687
16963,STOML2,8.65649,1.6289834
16964,STOML3,9.919007,1.46618
16965,STON1,10.356964,8.021354
16966,STON2,10.298011,8.3471155
16967,STOX1,9.821757,10.489754
16968,STOX2,9.371498,9.896485
16969,STPG1,9.43507,6.553763
16970,STPG2,9.677844,6.832457
16971,STPG3,9.63627,9.626253
16972,STPG4,9.56053,6.6592326
16973,STRA6,10.586056,10.417546
16974,STRA8,8.565817,4.29171
16975,STRADA,10.058337,4.745537
16976,STRADB,10.404324,6.5163245
16977,STRAP,9.511892,3.5270348
16978,STRBP,8.161277,3.029597
16979,STRC,11.744898,7.8172336
16980,STRCP1,11.774467,7.868937
16981,STRIP1,10.548793,7.6712594
16982,STRIP2,10.565993,7.6372933
16983,STRIT1,10.906968,11.116879
16984,STRN,7.21142,3.1015036
16985,STRN3,7.124049,3.749092
16986,STRN4,8.254647,4.8246975
16987,STS,13.321286,4.2170568
16988,STT3A,11.509998,1.486825
16989,STT3B,11.548507,1.5795913
16990,STUB1,8.81844,2.4134727
16991,STUM,6.4895186,2.5185883
16992,STX10,7.7241545,2.784881
16993,STX11,8.635447,3.190669
16994,STX12,7.4248557,2.0169008
16995,STX16,7.7465,2.801258
16996,STX17,8.616912,3.3303246
16997,STX18,7.5989738,2.4536278
16998,STX19,8.610234,3.153327
16999,STX1A,6.5002465,0.5992688
17000,STX1B,6.4840617,0.63189197
17001,STX2,7.4711185,1.6872656
17002,STX3,7.3366323,1.4186023
17003,STX4,8.653232,3.1803353
17004,STX5,7.2573233,2.4678583
17005,STX6,7.180266,1.8615663
17006,STX7,7.3797626,1.9009223
17007,STX8,7.5121083,2.0354478
17008,STXBP1,8.604585,2.077086
17009,STXBP2,8.684662,2.176671
17010,STXBP3,10.0209465,4.19024
17011,STXBP4,9.14974,5.603525
17012,STXBP5,8.909735,3.4819026
17013,STXBP5L,9.006937,3.724787
17014,STXBP6,7.038708,2.5197513
17015,STYK1,10.542508,6.440418
17016,STYX,8.989893,1.9886888
17017,STYXL1,9.5298605,2.7564785
17018,STYXL2,8.538041,8.274465
17019,SUB1,6.3840327,1.3741161
17020,SUCLA2,8.874592,0.7984396
17021,SUCLG1,8.868618,0.48963898
17022,SUCLG2,8.995958,0.87073845
17023,SUCNR1,14.033944,1.5908841
17024,SUCO,8.278536,7.542084
17025,SUDS3,6.4796953,2.6677036
17026,SUFU,10.407757,7.1503673
17027,SUGCT,9.692148,0.863802
17028,SUGP1,7.6746793,4.530012
17029,SUGP2,9.675122,10.321517
17030,SUGT1,8.796181,2.9976356
17031,SULF1,13.503069,5.542353
17032,SULF2,13.464632,5.3391166
17033,SULT1A1,10.050476,0.5549903
17034,SULT1A2,10.0686455,0.51397055
17035,SULT1A3,10.0603075,0.5484736
17036,SULT1A4,10.054962,0.54597276
17037,SULT1B1,10.066428,0.5576925
17038,SULT1C2,10.06154,0.56639796
17039,SULT1C3,10.082434,0.5511339
17040,SULT1C4,10.036946,0.5300014
17041,SULT1E1,10.073239,0.5547685
17042,SULT2A1,10.119832,0.54047394
17043,SULT2B1,9.592707,5.013619
17044,SULT4A1,10.560148,3.833509
17045,SULT6B1,10.204993,0.6948869
17046,SUMF1,13.083333,4.461442
17047,SUMF2,13.16246,4.251163
17048,SUMO1,6.5214434,0.4117983
17049,SUMO1P1,6.5705132,-0.31281134
17050,SUMO2,6.3348665,-0.0053680716
17051,SUMO3,6.301846,-0.09064569
17052,SUMO4,6.3654575,-0.6412015
17053,SUN1,8.409822,5.3668003
17054,SUN2,8.508891,5.7126555
17055,SUN3,13.414062,6.9993176
17056,SUN5,13.355364,6.8236217
17057,SUOX,10.017569,2.0727441
17058,SUPT16H,8.92614,3.0640764
17059,SUPT20H,9.262864,9.751264
17060,SUPT20HL1,8.939952,9.674342
17061,SUPT20HL2,8.970467,9.708552
17062,SUPT3H,8.092369,2.215203
17063,SUPT4H1,7.7631674,1.0806372
17064,SUPT5H,7.1369762,3.8908546
17065,SUPT6H,9.606951,6.0506024
17066,SUPT7L,10.288276,7.8638372
17067,SUPV3L1,10.211742,4.1034126
17068,SURF1,9.744485,2.1904516
17069,SURF2,8.043544,4.305593
17070,SURF4,11.479914,0.9775266
17071,SURF6,7.7593436,3.8316631
17072,SUSD1,13.163039,6.9653993
17073,SUSD2,13.035932,6.841421
17074,SUSD3,8.119473,5.831692
17075,SUSD4,13.145584,6.6964493
17076,SUSD5,12.419437,7.090371
17077,SUSD6,8.527552,6.137852
17078,SUV39H1,10.234422,4.20938
17079,SUV39H2,10.240431,4.344074
17080,SUZ12,10.505685,8.535648
17081,SV2A,13.204528,2.6826909
17082,SV2B,13.202109,2.6137066
17083,SV2C,13.172328,2.6882567
17084,SVBP,6.754714,2.6001737
17085,SVEP1,13.717354,6.684198
17086,SVIL,8.287138,6.2411957
17087,SVIP,7.255213,2.5568135
17088,SVOP,12.496187,1.3709688
17089,SVOPL,12.89861,1.9861192
17090,SWAP70,8.782808,4.9041452
17091,SWI5,8.714229,7.1645546
17092,SWSAP1,11.479423,6.2887464
17093,SWT1,10.241676,8.1039715
17094,SYAP1,7.3719354,3.3129406
17095,SYBU,8.276263,7.0746183
17096,SYCE1,9.721541,9.220214
17097,SYCE1L,9.6711645,9.160354
17098,SYCE2,9.260684,6.994134
17099,SYCE3,10.916024,11.152881
17100,SYCN,13.406284,6.623009
17101,SYCP1,10.019152,8.806307
17102,SYCP2,9.895944,10.43142
17103,SYCP2L,10.412241,9.460387
17104,SYCP3,7.4163656,3.6424277
17105,SYDE1,7.988632,6.159582
17106,SYDE2,9.185576,7.861123
17107,SYF2,7.7191167,2.5501082
17108,SYK,10.190999,5.0209193
17109,SYMPK,10.19388,6.495848
17110,SYN1,6.560506,4.2817516
17111,SYN2,6.4860144,3.7253728
17112,SYN3,6.793794,4.251907
17113,SYNC,8.93225,5.9622736
17114,SYNCRIP,6.8848224,4.015683
17115,SYNDIG1,7.5521584,4.3880777
17116,SYNDIG1L,7.9479995,5.6018806
17117,SYNE1,10.408519,8.026496
17118,SYNE2,10.561942,9.505899
17119,SYNE3,11.268419,6.790216
17120,SYNE4,8.63698,7.5708437
17121,SYNGAP1,7.5797076,5.790984
17122,SYNGR1,11.089899,1.1778024
17123,SYNGR2,11.1855345,1.2341998
17124,SYNGR3,11.790081,1.4607415
17125,SYNGR4,12.975147,2.8859818
17126,SYNJ1,8.948235,5.0159726
17127,SYNJ2,9.883467,6.18897
17128,SYNJ2BP,7.8879876,1.4371046
17129,SYNM,8.962958,9.386723
17130,SYNPO,8.9427595,9.57952
17131,SYNPO2,8.720395,8.921856
17132,SYNPO2L,8.202226,8.086757
17133,SYNPR,10.895264,1.1531578
17134,SYNRG,7.385398,6.3918543
17135,SYP,10.943611,1.16391
17136,SYPL1,12.105534,2.0296836
17137,SYPL2,12.188215,2.2934556
17138,SYS1,11.72468,1.331155
17139,SYT1,7.381162,1.5553093
17140,SYT10,9.238136,4.464843
17141,SYT11,9.223642,4.4090486
17142,SYT12,10.439237,6.7729263
17143,SYT13,11.01175,7.689151
17144,SYT14,8.34653,3.4873514
17145,SYT14P1,9.91378,5.263631
17146,SYT15,9.395326,4.2792883
17147,SYT15B,9.151606,6.308602
17148,SYT16,9.0111,6.6538043
17149,SYT17,10.47657,7.410843
17150,SYT2,7.3738923,1.5442414
17151,SYT3,8.066708,6.0354204
17152,SYT4,9.373245,4.602096
17153,SYT5,8.668291,4.0985904
17154,SYT6,9.17374,4.42773
17155,SYT7,7.693257,1.3851767
17156,SYT8,11.223156,4.9458566
17157,SYT9,9.246053,4.46753
17158,SYTL1,8.156986,5.949467
17159,SYTL2,8.438149,5.3612256
17160,SYTL3,8.947495,4.264067
17161,SYTL4,8.668739,4.383949
17162,SYTL5,8.546045,4.410767
17163,SYVN1,7.1781178,3.7061756
17164,SZRD1,6.3167715,2.6411183
17165,SZT2,10.410872,10.835362
17166,TAAR1,8.545924,-8.377514
17167,TAAR2,8.520014,-8.399167
17168,TAAR3P,8.466466,-8.440167
17169,TAAR5,8.546867,-8.381446
17170,TAAR6,8.535639,-8.377249
17171,TAAR8,8.526136,-8.393033
17172,TAAR9,8.5398245,-8.378891
17173,TAB1,10.995167,7.5896688
17174,TAB2,7.5105395,7.5132494
17175,TAB3,7.5338044,7.5394607
17176,TAC1,7.611742,4.316838
17177,TAC3,8.767078,6.26393
17178,TAC4,8.056799,5.657354
17179,TACC1,8.121133,6.2905045
17180,TACC2,16.290636,9.572751
17181,TACC3,8.05304,7.4314914
17182,TACO1,9.852778,3.3446023
17183,TACR1,12.781955,0.9957069
17184,TACR2,13.534418,1.5697874
17185,TACR3,12.782188,1.0307078
17186,TACSTD2,12.660295,4.9909134
17187,TADA1,10.145345,6.9688706
17188,TADA2A,10.233952,5.399007
17189,TADA2B,10.173714,5.3986955
17190,TADA3,10.594361,8.808777
17191,TAF1,9.555956,6.4961157
17192,TAF10,7.021353,4.4596596
17193,TAF11,6.9817743,3.1752872
17194,TAF11L10,18.083519,2.9969318
17195,TAF11L11,18.078287,3.0009654
17196,TAF11L12,18.078127,3.0009928
17197,TAF11L13,18.079424,2.9999006
17198,TAF11L14,18.081047,2.9994166
17199,TAF11L2,18.078217,3.0017664
17200,TAF11L3,18.082123,2.9978774
17201,TAF11L4,18.082947,2.9972382
17202,TAF11L5,18.083986,2.9968665
17203,TAF11L6,18.084251,2.9968095
17204,TAF11L7,18.084484,2.9967098
17205,TAF11L8,18.084686,2.9965243
17206,TAF11L9,18.085459,2.9962273
17207,TAF12,6.5544624,2.7505443
17208,TAF13,6.940303,0.8297808
17209,TAF15,6.359655,4.0687695
17210,TAF1A,11.056927,9.475674
17211,TAF1B,10.303595,7.1051397
17212,TAF1C,11.297113,7.964355
17213,TAF1D,10.101705,11.504434
17214,TAF1L,9.676708,6.6165056
17215,TAF2,10.483663,6.7016416
17216,TAF3,7.763208,7.4627523
17217,TAF4,6.2693267,4.6587877
17218,TAF4B,6.675211,5.8273034
17219,TAF5,9.724068,6.2471933
17220,TAF5L,10.679768,6.34049
17221,TAF6,6.946958,4.5923424
17222,TAF6L,11.128379,7.620243
17223,TAF7,7.913254,3.2557387
17224,TAF7L,8.748221,5.874208
17225,TAF8,8.128652,4.0893946
17226,TAF9,6.1882133,3.2919924
17227,TAF9B,6.187069,3.4290268
17228,TAFA1,7.071319,2.5522745
17229,TAFA2,7.0747256,2.5681574
17230,TAFA3,7.080714,2.5733194
17231,TAFA4,7.0710626,2.560979
17232,TAFA5,6.0848203,2.385537
17233,TAFAZZIN,8.45156,1.0898367
17234,TAGAP,9.113293,8.06628
17235,TAGLN,8.521778,1.623996
17236,TAGLN2,8.345345,1.5369788
17237,TAGLN3,8.524216,1.5935571
17238,TAL1,7.116843,6.099083
17239,TAL2,8.135933,4.820768
17240,TALDO1,8.791196,0.43391958
17241,TAMALIN,7.3754916,4.9033694
17242,TAMM41,10.610448,7.551555
17243,TANC1,9.5075445,7.1729517
17244,TANC2,9.334217,6.7581687
17245,TANGO2,8.7100525,1.3002596
17246,TANGO6,11.1091175,8.253702
17247,TANK,9.632657,9.628836
17248,TAOK1,7.335389,2.8564212
17249,TAOK2,8.371558,6.160556
17250,TAOK3,7.412912,2.8708453
17251,TAP1,13.124981,2.1783316
17252,TAP2,13.006756,2.0879726
17253,TAPBP,11.814883,7.731491
17254,TAPBPL,11.844397,7.9390163
17255,TAPT1,11.4889765,1.6156185
17256,TARBP1,11.132819,9.023133
17257,TARBP2,8.622552,3.886899
17258,TARDBP,6.694878,4.03986
17259,TARM1,15.338779,6.1689863
17260,TARS1,8.781872,0.8211779
17261,TARS2,10.457796,2.6690066
17262,TARS3,8.977528,1.4796188
17263,TAS1R1,13.091826,2.4023204
17264,TAS1R2,13.036028,3.033674
17265,TAS1R3,13.181801,2.3998806
17266,TAS2R1,15.190476,0.6733662
17267,TAS2R10,15.216689,0.66226715
17268,TAS2R13,15.235371,0.62540513
17269,TAS2R14,15.227752,0.62763333
17270,TAS2R16,15.1928835,0.6712075
17271,TAS2R19,15.259448,0.592002
17272,TAS2R2,15.165786,0.7044238
17273,TAS2R20,15.256125,0.595597
17274,TAS2R3,15.197461,0.67980176
17275,TAS2R30,15.23533,0.6190894
17276,TAS2R31,15.25753,0.59577125
17277,TAS2R33,15.262245,0.5916988
17278,TAS2R36,15.26008,0.592526
17279,TAS2R38,15.14737,0.72557455
17280,TAS2R39,15.160928,0.71157527
17281,TAS2R4,15.1564455,0.71549606
17282,TAS2R40,15.20545,0.67038774
17283,TAS2R41,15.190942,0.6791409
17284,TAS2R42,15.198275,0.6571399
17285,TAS2R43,15.258994,0.59437144
17286,TAS2R45,15.264051,0.589789
17287,TAS2R46,15.262631,0.59098613
17288,TAS2R5,15.142028,0.7310097
17289,TAS2R50,15.253184,0.6045815
17290,TAS2R60,15.190795,0.68245685
17291,TAS2R7,15.215354,0.65566295
17292,TAS2R8,15.196565,0.671429
17293,TAS2R9,15.2025795,0.67120665
17294,TASL,9.999249,11.524655
17295,TASOR,10.040161,10.784425
17296,TASOR2,9.676935,11.051967
17297,TASP1,10.22512,4.123617
17298,TAT,9.998671,1.9070594
17299,TATDN1,9.175717,0.90370774
17300,TATDN2,9.3231,8.088151
17301,TATDN3,8.910427,1.259607
17302,TAX1BP1,8.763654,5.144784
17303,TAX1BP3,7.488908,0.73390204
17304,TBATA,9.759831,11.35808
17305,TBC1D1,8.751745,4.0260754
17306,TBC1D10A,8.522484,3.9006443
17307,TBC1D10B,7.6689525,5.939775
17308,TBC1D10C,9.570856,4.4588356
17309,TBC1D12,8.569647,4.7357993
17310,TBC1D13,10.070513,3.8267248
17311,TBC1D14,8.7156515,4.6819324
17312,TBC1D15,10.057553,5.9778686
17313,TBC1D16,9.763675,6.118327
17314,TBC1D17,10.097463,5.1190686
17315,TBC1D19,10.577693,7.009472
17316,TBC1D2,9.666198,5.9860845
17317,TBC1D20,11.379152,2.6350746
17318,TBC1D21,11.053998,8.371821
17319,TBC1D22A,7.5194364,2.7468328
17320,TBC1D22B,7.8054376,2.8604722
17321,TBC1D23,10.152715,5.8110056
17322,TBC1D24,10.61139,6.8171525
17323,TBC1D25,8.772074,4.6154757
17324,TBC1D26,10.361102,7.095797
17325,TBC1D28,10.397498,7.4294767
17326,TBC1D29P,10.051155,9.477581
17327,TBC1D2B,9.708128,5.8596807
17328,TBC1D3,10.089534,9.267326
17329,TBC1D30,9.062834,7.0637326
17330,TBC1D31,10.732907,7.6542716
17331,TBC1D32,11.054567,10.546982
17332,TBC1D3B,10.101052,9.263969
17333,TBC1D3C,10.090482,9.276613
17334,TBC1D3D,10.091155,9.273619
17335,TBC1D3E,10.088265,9.235507
17336,TBC1D3F,10.072271,9.24905
17337,TBC1D3G,10.093947,9.271584
17338,TBC1D3H,10.085179,9.288533
17339,TBC1D3I,10.113433,9.293394
17340,TBC1D3K,10.069135,9.247711
17341,TBC1D3L,10.1414995,9.338397
17342,TBC1D4,8.757791,4.79312
17343,TBC1D5,9.56922,6.066893
17344,TBC1D7,10.175659,4.502502
17345,TBC1D8,10.126732,6.0733957
17346,TBC1D8B,10.096216,6.090966
17347,TBC1D9,9.999547,6.0245876
17348,TBC1D9B,9.732686,6.016028
17349,TBCA,7.2431135,1.5798957
17350,TBCB,8.722495,2.0304043
17351,TBCC,9.276917,4.1709995
17352,TBCCD1,11.016575,8.977598
17353,TBCD,10.475255,5.8526225
17354,TBCE,9.923449,3.6180818
17355,TBCEL,10.26811,4.5784016
17356,TBCK,10.5673275,6.9853797
17357,TBK1,10.612596,7.197158
17358,TBKBP1,7.9937205,6.318301
17359,TBL1X,7.857774,1.4721283
17360,TBL1XR1,7.7829485,1.312639
17361,TBL1Y,7.914759,1.4758093
17362,TBL2,10.928674,6.5316815
17363,TBL3,10.443492,3.8076658
17364,TBP,6.4823327,2.8595986
17365,TBPL1,9.38971,1.7417594
17366,TBPL2,7.723358,3.3762655
17367,TBR1,7.400906,6.908018
17368,TBRG1,8.466299,5.826699
17369,TBRG4,10.574412,4.148627
17370,TBX1,6.044618,3.918467
17371,TBX10,7.9455323,5.304334
17372,TBX15,7.5115533,6.8973656
17373,TBX18,7.474508,6.936174
17374,TBX19,7.4913235,6.112527
17375,TBX2,5.554076,4.652651
17376,TBX20,7.171899,5.7112403
17377,TBX21,7.3732443,6.804192
17378,TBX22,7.5945363,6.9631505
17379,TBX3,5.648318,4.6601243
17380,TBX4,7.571071,7.034682
17381,TBX5,7.67926,7.269149
17382,TBX6,7.394914,6.5531774
17383,TBXA2R,13.335302,1.8277583
17384,TBXAS1,11.81657,3.2486222
17385,TBXT,6.140699,4.952901
17386,TC2N,10.360169,7.3849416
17387,TCAF1,10.693032,5.808517
17388,TCAF2,10.8473015,4.872016
17389,TCAF2C,10.843777,4.8419967
17390,TCAIM,10.959759,10.585735
17391,TCAP,9.887724,12.330867
17392,TCEA1,7.320831,2.1249738
17393,TCEA2,7.12687,2.0806487
17394,TCEA3,6.968117,2.1267533
17395,TCEAL1,9.3020525,11.076823
17396,TCEAL2,9.288554,11.065978
17397,TCEAL3,9.004604,10.966812
17398,TCEAL4,9.149025,10.958183
17399,TCEAL5,9.047946,10.919835
17400,TCEAL6,9.081759,10.924156
17401,TCEAL7,10.021209,11.607273
17402,TCEAL8,9.632955,11.413185
17403,TCEAL9,9.59558,11.303782
17404,TCEANC,9.478207,5.5864773
17405,TCEANC2,8.022662,2.5518177
17406,TCERG1,6.675972,3.768194
17407,TCERG1L,8.289466,7.416664
17408,TCF12,5.717358,3.963477
17409,TCF15,5.8693867,4.933444
17410,TCF19,9.199781,7.023697
17411,TCF20,8.945562,9.566752
17412,TCF21,6.101444,3.4749446
17413,TCF23,8.264588,6.595644
17414,TCF24,5.985483,5.0399246
17415,TCF25,9.080109,4.513384
17416,TCF3,5.652334,3.9555244
17417,TCF4,5.676155,3.9456186
17418,TCF7,6.615324,5.0852003
17419,TCF7L1,5.7023897,4.2200627
17420,TCF7L2,5.586761,3.5655077
17421,TCFL5,8.884198,9.152333
17422,TCHH,7.8153706,9.641144
17423,TCHHL1,9.179928,10.642027
17424,TCHP,9.029797,4.8663044
17425,TCIM,10.320053,12.171356
17426,TCIRG1,11.902416,2.2803457
17427,TCL1A,10.67909,11.995757
17428,TCL1B,10.666103,11.932792
17429,TCN1,13.657372,5.2318335
17430,TCN2,12.752857,5.5789237
17431,TCOF1,8.140489,8.411665
17432,TCP1,8.279641,0.7654966
17433,TCP10L,9.466389,10.168741
17434,TCP11,10.785349,10.559797
17435,TCP11L1,10.816871,10.977849
17436,TCP11L2,10.892436,11.219224
17437,TCP11X1,10.739152,10.505924
17438,TCP11X2,10.789687,10.485149
17439,TCTA,9.76076,12.580633
17440,TCTE1,10.607607,6.3265605
17441,TCTN1,10.536727,11.72856
17442,TCTN2,10.542491,11.806123
17443,TCTN3,10.515075,11.692595
17444,TDG,7.250331,4.200154
17445,TDH,10.790495,6.3957677
17446,TDO2,9.904508,3.0276608
17447,TDP1,9.597501,3.999096
17448,TDP2,9.448151,2.7179482
17449,TDRD1,10.86896,8.316605
17450,TDRD10,10.915619,9.923937
17451,TDRD12,10.808077,7.663549
17452,TDRD15,10.921341,8.37405
17453,TDRD3,8.509695,7.8708735
17454,TDRD5,9.749945,8.032038
17455,TDRD6,10.862922,8.328095
17456,TDRD7,10.081677,6.001026
17457,TDRD9,10.51264,6.534301
17458,TDRG1,9.300639,13.99911
17459,TDRKH,8.972713,4.1371164
17460,TDRP,9.180649,9.376499
17461,TEAD1,6.537056,3.1649497
17462,TEAD2,6.9831405,4.4075246
17463,TEAD3,6.808224,3.2524405
17464,TEAD4,6.6420393,3.207881
17465,TEC,9.223606,2.602985
17466,TECPR1,10.864744,9.41499
17467,TECPR2,10.82084,9.350668
17468,TECR,11.431571,0.7350035
17469,TECRL,13.0918665,3.0306418
17470,TECTA,13.695955,6.5943365
17471,TECTB,13.206703,7.699429
17472,TEDC1,10.808601,5.9243894
17473,TEDC2,9.656427,9.287179
17474,TEDDM1,13.511445,2.7710812
17475,TEF,7.2437143,4.4025784
17476,TEFM,10.021604,4.6943383
17477,TEK,13.574848,6.174963
17478,TEKT1,9.444995,4.7072983
17479,TEKT2,9.501637,4.721166
17480,TEKT3,9.427352,4.713417
17481,TEKT4,9.49677,4.683479
17482,TEKT5,9.525845,4.698492
17483,TEKTIP1,10.290419,11.534499
17484,TEKTL1,10.963965,9.70865
17485,TELO2,11.078049,6.512562
17486,TEN1,9.807415,2.5764909
17487,TENM1,13.104292,7.888436
17488,TENM2,13.121617,7.8525944
17489,TENM3,13.160204,7.8194585
17490,TENM4,13.073484,7.869167
17491,TENT2,10.144725,4.5562973
17492,TENT4A,8.1661005,6.788245
17493,TENT4B,8.715222,4.5574794
17494,TENT5A,10.831111,8.310825
17495,TENT5B,11.482002,7.950651
17496,TENT5C,10.825561,8.229582
17497,TENT5D,10.859545,8.260816
17498,TEP1,11.272242,7.5315256
17499,TEPSIN,7.956216,5.625679
17500,TERB1,10.318157,7.7717776
17501,TERB2,10.297174,8.18727
17502,TERF1,8.773688,4.638022
17503,TERF2,8.76527,6.072361
17504,TERF2IP,8.623525,5.5070686
17505,TERT,11.058799,6.4139423
17506,TES,8.646929,2.8493752
17507,TESC,7.040806,0.94299144
17508,TESK1,8.500527,6.4560533
17509,TESK2,8.605266,5.2303205
17510,TESMIN,9.21655,8.890125
17511,TESPA1,9.744576,11.4966955
17512,TET1,9.329549,9.972003
17513,TET2,8.997541,9.379566
17514,TET3,7.9820647,7.9729605
17515,TEX10,11.126456,8.952292
17516,TEX101,13.140859,5.7065682
17517,TEX11,10.995096,8.2176895
17518,TEX12,10.820703,11.056653
17519,TEX13A,9.329171,8.877425
17520,TEX13B,9.994614,9.333836
17521,TEX13C,7.8263364,9.523773
17522,TEX13D,8.156054,9.473359
17523,TEX14,9.926331,10.46149
17524,TEX15,9.680155,10.9748
17525,TEX19,9.656886,12.174733
17526,TEX2,8.235635,6.15986
17527,TEX22,9.3117,14.005465
17528,TEX26,10.811153,8.983265
17529,TEX261,11.504219,1.1488979
17530,TEX264,8.978843,5.392382
17531,TEX28,9.384855,7.028639
17532,TEX28P1,9.406012,7.0298505
17533,TEX28P2,9.4039955,7.05751
17534,TEX29,8.265386,5.4282436
17535,TEX30,10.129359,2.7363143
17536,TEX35,10.078413,11.568024
17537,TEX36,10.047638,12.339992
17538,TEX38,9.755546,11.372127
17539,TEX44,9.752757,11.427168
17540,TEX46,10.726986,11.262248
17541,TEX47,10.214528,5.7730703
17542,TEX48,10.163958,11.692794
17543,TEX50,10.468151,11.568751
17544,TEX51,10.512829,11.345897
17545,TEX52,9.821768,11.807163
17546,TEX53,9.996519,12.093871
17547,TEX54,9.543447,9.7047825
17548,TEX55,8.798705,10.43095
17549,TEX9,8.162011,4.673891
17550,TF,13.415992,4.9200735
17551,TFAM,9.352605,4.9489436
17552,TFAP2A,10.270989,11.363583
17553,TFAP2B,10.317458,11.33972
17554,TFAP2C,10.276714,11.342029
17555,TFAP2D,10.314178,11.340866
17556,TFAP2E,10.189623,10.881874
17557,TFAP4,5.8493347,3.041749
17558,TFB1M,9.112635,1.6463207
17559,TFB2M,10.134467,4.9396787
17560,TFCP2,7.0538254,2.8383212
17561,TFCP2L1,7.225613,2.9535599
17562,TFDP1,6.873138,4.4324694
17563,TFDP2,7.118089,4.696394
17564,TFDP3,9.538203,6.64744
17565,TFE3,6.4254456,4.668554
17566,TFEB,6.432332,4.6615024
17567,TFEC,6.5881934,4.593114
17568,TFF1,13.043097,4.7813206
17569,TFF2,13.031754,4.6802025
17570,TFF3,12.855709,4.4720325
17571,TFG,6.161537,4.194819
17572,TFIP11,9.476676,4.829885
17573,TFPI,13.419149,7.4618287
17574,TFPI2,13.588947,7.0813265
17575,TFPT,7.486698,5.642684
17576,TFR2,12.428333,4.5501995
17577,TFRC,13.509914,4.6537247
17578,TG,12.840489,8.015478
17579,TGDS,10.237915,1.9094815
17580,TGFA,7.3436003,2.998042
17581,TGFB1,12.601215,5.065173
17582,TGFB1I1,7.950392,5.145377
17583,TGFB2,13.403371,5.193907
17584,TGFB3,13.388999,5.164245
17585,TGFBI,13.598233,5.9143715
17586,TGFBR1,11.312897,2.8514476
17587,TGFBR2,13.378918,6.713415
17588,TGFBR3,12.801483,7.758722
17589,TGFBR3L,11.6278715,4.98753
17590,TGFBRAP1,10.540432,6.0753164
17591,TGIF1,8.343491,6.858996
17592,TGIF2,6.8394713,4.6984863
17593,TGIF2LX,9.378179,8.42894
17594,TGIF2LY,9.896791,9.307153
17595,TGM1,10.930034,4.416364
17596,TGM2,10.954041,4.4390006
17597,TGM3,10.989133,4.417017
17598,TGM4,10.968758,4.4251633
17599,TGM5,10.9457655,4.389945
17600,TGM6,10.910858,4.442165
17601,TGM7,10.931094,4.467244
17602,TGOLN2,7.7985277,9.296541
17603,TGS1,9.218135,7.735775
17604,TH,9.192832,3.2640877
17605,THADA,11.129036,9.203883
17606,THAP1,9.137764,5.270125
17607,THAP10,10.2635355,9.015798
17608,THAP11,7.5996594,4.9148903
17609,THAP12,10.332872,6.877427
17610,THAP2,10.123808,6.7144513
17611,THAP3,8.178041,4.707351
17612,THAP4,9.048995,7.3626857
17613,THAP5,9.400986,8.083599
17614,THAP6,10.209047,6.5832143
17615,THAP7,8.789225,5.8200793
17616,THAP8,8.63711,7.4373507
17617,THAP9,10.830289,8.044756
17618,THBD,12.657429,6.233298
17619,THBS1,13.786276,6.4078927
17620,THBS2,13.699292,6.2181897
17621,THBS3,13.567255,5.43642
17622,THBS4,13.561569,5.5589924
17623,THEM4,9.92468,3.5998452
17624,THEM5,10.338939,6.2427626
17625,THEM6,11.010507,3.5166411
17626,THEMIS,10.823602,10.12293
17627,THEMIS2,11.389949,8.328529
17628,THG1L,9.74864,2.0236728
17629,THNSL1,10.6538725,4.7675858
17630,THNSL2,10.301705,2.174507
17631,THOC1,10.8407135,9.97935
17632,THOC2,9.829489,6.621893
17633,THOC3,9.075788,2.6397452
17634,THOC5,10.8130245,7.9684954
17635,THOC6,10.88576,5.884313
17636,THOC7,7.6894603,2.5508885
17637,THOP1,9.628104,1.7021275
17638,THPO,12.193023,7.032185
17639,THRA,9.13815,4.168345
17640,THRAP3,8.630868,9.165172
17641,THRB,9.006797,3.8165383
17642,THRSP,9.118018,5.3987556
17643,THSD1,10.401301,10.319307
17644,THSD4,13.226071,6.2121835
17645,THSD7A,13.636113,6.796193
17646,THSD7B,13.612057,6.8049293
17647,THSD8,12.110003,7.9240065
17648,THTPA,10.77071,4.738112
17649,THUMPD1,8.739492,4.300049
17650,THUMPD2,9.812275,4.374493
17651,THUMPD3,9.7919445,4.2633114
17652,THY1,13.853144,6.238812
17653,THYN1,8.6631775,2.3799064
17654,TIA1,6.8069386,4.096457
17655,TIAL1,6.7047434,4.054836
17656,TIAM1,9.000382,6.3835716
17657,TIAM2,8.949052,7.018215
17658,TICAM1,9.061841,8.698491
17659,TICAM2,9.722336,5.570464
17660,TICRR,9.712644,10.420779
17661,TIE1,12.746843,5.845353
17662,TIFA,10.965138,8.320528
17663,TIFAB,11.395524,7.49744
17664,TIGAR,10.059657,3.2603712
17665,TIGD1,6.620647,-0.3517417
17666,TIGD2,10.326368,6.8225055
17667,TIGD3,11.014663,7.101106
17668,TIGD4,10.288226,6.8276606
17669,TIGD5,11.113127,6.9095845
17670,TIGD6,10.367142,6.802097
17671,TIGD7,10.321513,6.922327
17672,TIGIT,12.408683,6.5570073
17673,TIMD4,12.983034,6.7821374
17674,TIMELESS,10.719621,7.658383
17675,TIMM10,7.429559,2.0743427
17676,TIMM10B,7.8201084,3.3571413
17677,TIMM13,7.059423,1.6826453
17678,TIMM17A,10.872116,0.77455944
17679,TIMM17B,10.874987,0.77364504
17680,TIMM21,9.362563,4.6489325
17681,TIMM22,11.083483,1.264092
17682,TIMM23,11.201006,1.4238793
17683,TIMM23B,11.102444,1.7199081
17684,TIMM29,10.528515,10.310517
17685,TIMM44,8.670024,3.2510843
17686,TIMM50,10.631831,2.0021846
17687,TIMM8A,7.2831097,1.932875
17688,TIMM8B,7.564961,2.4610832
17689,TIMM9,7.059099,1.5592574
17690,TIMMDC1,12.0011215,2.2463493
17691,TIMP1,13.15488,6.1164517
17692,TIMP2,10.968118,2.0531015
17693,TIMP3,13.422837,4.7035985
17694,TIMP4,13.129227,4.867408
17695,TINAG,13.621375,5.505226
17696,TINAGL1,12.902148,4.943241
17697,TINCR,11.651188,6.332818
17698,TINF2,9.723471,11.778983
17699,TIPARP,11.011775,8.8552065
17700,TIPIN,8.4972925,5.591109
17701,TIPRL,10.6566305,11.999592
17702,TIRAP,8.463789,4.4099474
17703,TJAP1,8.32037,7.6554666
17704,TJP1,7.2595377,5.219752
17705,TJP2,7.400179,4.6115565
17706,TJP3,8.190563,4.822368
17707,TK1,8.548294,1.3198247
17708,TK2,9.13256,1.9134309
17709,TKFC,10.375792,2.1983755
17710,TKT,9.352311,0.8537381
17711,TKTL1,10.05956,1.569693
17712,TKTL2,10.054602,1.4611555
17713,TLCD1,12.92058,2.06472
17714,TLCD2,13.264968,1.9367527
17715,TLCD3A,12.431524,1.2936573
17716,TLCD3B,12.45064,1.234979
17717,TLCD4,12.272548,2.0005703
17718,TLCD5,12.698482,2.0300262
17719,TLDC2,9.400145,3.8776634
17720,TLE1,5.7868667,3.2374315
17721,TLE2,6.5017853,3.5556874
17722,TLE3,5.7874894,3.2527452
17723,TLE4,5.802347,3.2317836
17724,TLE5,5.863089,2.8433313
17725,TLE6,10.358026,8.149524
17726,TLE7,10.137451,7.783091
17727,TLK1,8.844022,4.994083
17728,TLK2,8.896524,5.0521336
17729,TLL1,13.722446,5.4921
17730,TLL2,13.6753025,5.474767
17731,TLN1,9.508676,4.65941
17732,TLN2,9.562557,4.6651073
17733,TLNRD1,11.291483,8.552838
17734,TLR1,13.47266,7.6325817
17735,TLR10,13.456326,7.6359196
17736,TLR2,13.465013,7.576987
17737,TLR3,13.434336,7.655484
17738,TLR4,13.458304,7.6334805
17739,TLR5,13.425821,7.6444426
17740,TLR6,13.499539,7.667992
17741,TLR7,13.497257,7.6738033
17742,TLR8,13.444882,7.657284
17743,TLR9,12.36097,6.3228035
17744,TLX1,5.373739,4.331004
17745,TLX1NB,9.996713,14.232727
17746,TLX2,5.7563357,4.8665195
17747,TLX3,5.436562,4.2865043
17748,TM2D1,12.413757,4.194031
17749,TM2D2,12.533395,4.4415708
17750,TM2D3,13.097781,5.2476344
17751,TM4SF1,11.799802,1.4646459
17752,TM4SF18,13.089656,2.9132402
17753,TM4SF19,12.781072,2.3028166
17754,TM4SF20,12.75859,2.658887
17755,TM4SF4,11.814429,1.5779886
17756,TM4SF5,12.640225,2.2679996
17757,TM6SF1,12.167652,1.7278523
17758,TM6SF2,12.294261,1.8044299
17759,TM7SF2,12.101629,1.5533769
17760,TM7SF3,12.003841,8.258257
17761,TM9SF1,12.077771,2.1462064
17762,TM9SF2,11.512802,1.524855
17763,TM9SF3,11.443489,1.5321453
17764,TM9SF4,11.5166025,1.5153271
17765,TMA16,10.399589,11.43002
17766,TMA7,6.363326,1.1575283
17767,TMA7B,6.397468,-0.6011852
17768,TMBIM1,11.14511,1.0695244
17769,TMBIM4,11.581397,0.94111764
17770,TMBIM6,11.491169,0.95223343
17771,TMC1,12.186271,2.7845087
17772,TMC2,12.250095,2.9811406
17773,TMC3,12.04676,3.2111363
17774,TMC4,13.046124,2.4339948
17775,TMC5,12.933011,6.541573
17776,TMC6,12.999598,2.3451314
17777,TMC7,12.518128,2.6382535
17778,TMC8,13.116233,2.3278193
17779,TMCC1,7.279237,4.54113
17780,TMCC2,7.178551,5.047553
17781,TMCC3,7.41963,4.4658422
17782,TMCO1,7.53005,2.477994
17783,TMCO2,10.73789,11.12902
17784,TMCO3,13.079168,2.817284
17785,TMCO4,9.912957,3.0328004
17786,TMCO5A,9.659839,6.891145
17787,TMCO5B,9.70455,7.151565
17788,TMCO6,10.940324,5.7337017
17789,TMDD1,8.029804,6.28989
17790,TMED1,11.525703,2.4343314
17791,TMED10,11.016197,2.13014
17792,TMED2,7.6911707,0.6302031
17793,TMED3,11.216405,2.2503242
17794,TMED4,8.488575,1.3268242
17795,TMED5,11.569707,2.4997368
17796,TMED6,11.678884,2.5980885
17797,TMED7,11.131872,2.129884
17798,TMED8,9.022946,7.7399087
17799,TMED9,8.586045,1.4105741
17800,TMEFF1,13.050363,5.316959
17801,TMEFF2,13.145619,5.508706
17802,TMEM100,11.703686,2.3551686
17803,TMEM101,13.91082,2.7340598
17804,TMEM102,11.421029,8.096368
17805,TMEM104,12.239515,1.3354677
17806,TMEM105,9.979554,14.244679
17807,TMEM106A,13.120319,4.955632
17808,TMEM106B,13.073087,4.7390237
17809,TMEM106C,13.048697,4.8556376
17810,TMEM107,11.515361,1.1062614
17811,TMEM108,8.533004,9.781915
17812,TMEM109,12.787633,2.407634
17813,TMEM11,10.956956,10.122389
17814,TMEM114,12.355704,1.090223
17815,TMEM115,12.547234,2.0318956
17816,TMEM116,13.080026,2.700489
17817,TMEM117,10.813462,11.423029
17818,TMEM119,7.8842545,6.161913
17819,TMEM120A,11.338198,1.076566
17820,TMEM120B,11.415545,1.0323372
17821,TMEM121,12.991264,2.6079905
17822,TMEM121B,8.736171,7.2847133
17823,TMEM123,12.601906,6.7604957
17824,TMEM125,11.445043,8.639991
17825,TMEM126A,12.144863,2.2882276
17826,TMEM126B,12.868076,2.87396
17827,TMEM127,12.060193,6.622262
17828,TMEM128,10.716523,10.824331
17829,TMEM129,11.174357,9.052843
17830,TMEM130,13.017504,6.9501104
17831,TMEM131,12.694373,7.7726793
17832,TMEM131L,9.985277,10.483125
17833,TMEM132A,12.20582,5.939524
17834,TMEM132B,13.072433,5.3381605
17835,TMEM132C,12.837702,5.139149
17836,TMEM132D,12.968593,5.016819
17837,TMEM132E,12.347172,5.709864
17838,TMEM132E-DT,9.882833,14.386303
17839,TMEM134,6.898001,2.6172566
17840,TMEM135,12.02977,2.2045302
17841,TMEM138,11.686902,1.1812204
17842,TMEM139,9.358844,7.5102797
17843,TMEM140,13.883858,2.7967143
17844,TMEM141,10.5479355,1.1345506
17845,TMEM143,11.301396,7.270526
17846,TMEM144,12.245143,1.278285
17847,TMEM145,12.466575,2.218643
17848,TMEM147,12.284476,1.962247
17849,TMEM14A,11.933312,0.66835004
17850,TMEM14B,10.956648,1.4054432
17851,TMEM14C,10.94238,0.7438029
17852,TMEM14DP,10.812004,1.418582
17853,TMEM14EP,10.284815,9.327218
17854,TMEM150A,12.478525,1.2549434
17855,TMEM150B,12.462232,1.1734408
17856,TMEM150C,12.267656,1.3875697
17857,TMEM151A,9.028803,5.6300006
17858,TMEM151B,8.343267,5.881179
17859,TMEM154,7.223369,3.9849572
17860,TMEM156,10.597416,11.629021
17861,TMEM158,10.108019,10.352132
17862,TMEM160,12.621102,2.4785013
17863,TMEM161A,11.598289,8.088089
17864,TMEM161B,11.629111,8.022065
17865,TMEM163,12.181127,0.802936
17866,TMEM164,11.835147,1.2076703
17867,TMEM165,11.478833,0.7691497
17868,TMEM167A,11.406011,1.1149881
17869,TMEM167B,11.480227,1.1953633
17870,TMEM168,10.863923,11.320104
17871,TMEM169,10.461302,7.8680325
17872,TMEM17,12.1435995,1.7585236
17873,TMEM170A,12.370603,1.7635163
17874,TMEM170B,12.344163,1.7310225
17875,TMEM171,9.475553,7.4074817
17876,TMEM174,8.575347,6.107272
17877,TMEM175,13.00977,1.6266189
17878,TMEM176A,12.804444,1.6348542
17879,TMEM176B,12.718862,1.7861205
17880,TMEM177,11.057957,4.9912887
17881,TMEM178A,12.810515,1.4739147
17882,TMEM178B,12.388862,0.9920984
17883,TMEM179,12.564461,1.8053079
17884,TMEM179B,12.743428,1.6468815
17885,TMEM18,11.716824,1.510039
17886,TMEM181,11.98267,2.0184875
17887,TMEM182,12.191906,1.3734121
17888,TMEM183A,10.430779,9.905786
17889,TMEM183BP,10.425245,9.9293375
17890,TMEM184A,11.943353,1.2928991
17891,TMEM184B,11.896959,1.2586942
17892,TMEM184C,11.98102,1.8559241
17893,TMEM185A,12.215054,1.9678668
17894,TMEM185B,12.253218,1.9946892
17895,TMEM186,12.066768,2.8222682
17896,TMEM187,13.242752,2.5013225
17897,TMEM19,12.086509,1.8873554
17898,TMEM190,8.891842,5.5171895
17899,TMEM191A,9.473178,13.679378
17900,TMEM191B,9.39119,6.864905
17901,TMEM191C,8.772374,5.281592
17902,TMEM192,11.071938,9.366128
17903,TMEM196,13.289891,1.6670474
17904,TMEM198,12.687954,2.3523512
17905,TMEM199,8.193697,2.8883202
17906,TMEM200A,8.382936,6.111883
17907,TMEM200B,7.9178963,6.2588553
17908,TMEM200C,7.1657324,5.834195
17909,TMEM201,8.748411,7.302696
17910,TMEM202,14.018222,2.9239447
17911,TMEM203,12.340436,1.7306381
17912,TMEM204,11.943624,6.9461956
17913,TMEM205,12.420462,1.4835693
17914,TMEM207,8.7248125,6.3386617
17915,TMEM208,11.570535,1.2362561
17916,TMEM209,10.432694,10.86492
17917,TMEM210,9.769458,8.659113
17918,TMEM212,13.167296,2.7242062
17919,TMEM213,8.440267,5.889725
17920,TMEM214,11.169562,8.468685
17921,TMEM215,10.436854,10.863046
17922,TMEM216,12.396753,1.2043841
17923,TMEM217,13.413447,2.8314853
17924,TMEM217B,13.50213,2.74913
17925,TMEM218,10.874974,11.278528
17926,TMEM219,10.556162,10.4579935
17927,TMEM220,11.811399,1.1916956
17928,TMEM221,12.721995,2.3961818
17929,TMEM222,11.369104,1.574384
17930,TMEM223,10.510756,2.728391
17931,TMEM225,13.488692,2.6432898
17932,TMEM225B,13.890008,2.7794764
17933,TMEM229A,12.534033,2.457577
17934,TMEM229B,11.790567,1.2398201
17935,TMEM230,7.0286827,1.4752724
17936,TMEM231,12.583255,3.8213446
17937,TMEM232,10.912139,11.091967
17938,TMEM233,11.332459,0.84970605
17939,TMEM234,11.78956,0.8700974
17940,TMEM235,12.531563,1.262448
17941,TMEM236,12.550941,2.6855953
17942,TMEM237,8.631823,5.449492
17943,TMEM238,7.7609124,5.9391427
17944,TMEM238L,12.77888,1.5752364
17945,TMEM239,10.56395,10.607874
17946,TMEM240,10.284369,12.067339
17947,TMEM241,12.873975,1.2672634
17948,TMEM242,10.612747,1.1257664
17949,TMEM243,10.857213,11.122886
17950,TMEM244,12.873064,1.743045
17951,TMEM245,12.871136,2.6512802
17952,TMEM247,9.980381,11.375669
17953,TMEM248,10.701601,11.5947695
17954,TMEM249,11.512844,8.309566
17955,TMEM25,12.425613,5.4905767
17956,TMEM250,9.303916,13.886943
17957,TMEM252,11.560226,2.7981372
17958,TMEM253,13.354738,2.0389037
17959,TMEM254,11.755654,1.3564035
17960,TMEM255A,12.279936,3.3370686
17961,TMEM255B,7.0453362,4.25267
17962,TMEM256,11.828648,0.8276834
17963,TMEM258,11.502856,1.1962879
17964,TMEM259,7.382961,4.6229877
17965,TMEM26,12.631978,2.7461703
17966,TMEM260,13.046764,2.7430532
17967,TMEM262,10.918652,11.275383
17968,TMEM263,6.741003,2.6338406
17969,TMEM265,13.153737,2.2149842
17970,TMEM266,8.397989,6.2948933
17971,TMEM267,12.617229,2.4833007
17972,TMEM268,11.488416,7.7824507
17973,TMEM269,12.781186,1.9763503
17974,TMEM270,10.434477,10.305932
17975,TMEM271,9.511269,9.505372
17976,TMEM272,13.341941,2.8006577
17977,TMEM273,7.2883935,3.1919463
17978,TMEM275,7.717949,6.0006943
17979,TMEM276,13.820946,2.637213
17980,TMEM30A,13.624882,4.459092
17981,TMEM30B,12.8342285,4.9819937
17982,TMEM30CP,10.491964,11.625186
17983,TMEM31,9.724162,12.569754
17984,TMEM33,11.588203,1.3660532
17985,TMEM35A,13.146658,2.872076
17986,TMEM35B,12.645363,1.6683453
17987,TMEM37,13.162503,2.045129
17988,TMEM38A,12.1684885,1.9080986
17989,TMEM38B,12.095362,2.1563697
17990,TMEM39A,10.80174,11.298375
17991,TMEM39B,10.801297,11.110414
17992,TMEM40,6.835623,3.4283385
17993,TMEM41A,11.882263,0.9070151
17994,TMEM41B,11.825009,0.9258987
17995,TMEM42,11.678805,0.86346596
17996,TMEM43,12.197631,3.13761
17997,TMEM44,11.818035,7.177296
17998,TMEM45A,12.215739,1.9853164
17999,TMEM45B,12.116372,1.93415
18000,TMEM47,11.953973,0.70487213
18001,TMEM50A,11.876153,1.8226187
18002,TMEM50B,11.965637,1.8969464
18003,TMEM51,7.6882906,4.9811807
18004,TMEM52,7.8899646,5.876042
18005,TMEM52B,8.582302,6.173459
18006,TMEM53,12.55137,3.0592935
18007,TMEM54,12.743829,1.6652312
18008,TMEM59,9.012304,6.3250995
18009,TMEM59L,8.897857,7.4313354
18010,TMEM60,12.237908,1.8754324
18011,TMEM61,8.328005,6.09308
18012,TMEM62,12.936485,3.2206187
18013,TMEM63A,12.278202,2.3297598
18014,TMEM63B,12.133457,2.3231323
18015,TMEM63C,12.819474,2.86177
18016,TMEM64,12.476764,2.3196943
18017,TMEM65,11.243503,1.3638302
18018,TMEM67,10.726004,11.511118
18019,TMEM68,11.709397,2.1057367
18020,TMEM69,12.757163,2.8042433
18021,TMEM70,9.539313,4.658972
18022,TMEM71,10.215258,11.562723
18023,TMEM72,8.8302355,6.540781
18024,TMEM74,8.916446,6.9322224
18025,TMEM74B,8.0219755,5.8017683
18026,TMEM78,10.321111,13.341497
18027,TMEM79,8.917751,7.2874994
18028,TMEM80,12.47356,1.1754007
18029,TMEM81,13.415191,6.493122
18030,TMEM82,10.543822,10.451844
18031,TMEM86A,12.239077,1.5986451
18032,TMEM86B,12.8139,1.6001724
18033,TMEM87A,12.37343,2.673938
18034,TMEM87B,12.293479,2.6946402
18035,TMEM88,11.496958,8.341776
18036,TMEM88B,11.405854,7.6041884
18037,TMEM89,9.808844,14.087688
18038,TMEM8B,13.129589,2.2979536
18039,TMEM9,7.09641,2.6670535
18040,TMEM91,7.9353952,5.6282573
18041,TMEM92,8.742548,5.9674172
18042,TMEM94,11.668207,8.217115
18043,TMEM95,10.51358,10.246322
18044,TMEM97,12.104959,1.6405388
18045,TMEM98,8.408208,3.1739483
18046,TMEM9B,12.576826,4.467171
18047,TMF1,8.44633,5.404096
18048,TMIE,7.593528,4.0630655
18049,TMIGD1,13.546308,6.769271
18050,TMIGD2,12.117253,6.9502306
18051,TMIGD3,12.313541,8.0353985
18052,TMLHE,10.587722,4.102984
18053,TMOD1,8.274684,2.4855404
18054,TMOD2,8.321767,2.5408046
18055,TMOD3,8.302878,2.5531754
18056,TMOD4,8.272779,2.556367
18057,TMPO,9.266477,9.3064
18058,TMPPE,13.28052,2.6934605
18059,TMPRSS11A,13.892886,6.1135726
18060,TMPRSS11B,13.9194765,6.0976605
18061,TMPRSS11D,13.899817,6.066918
18062,TMPRSS11E,13.806714,6.0386577
18063,TMPRSS11F,13.94466,6.012903
18064,TMPRSS12,13.649587,6.584648
18065,TMPRSS13,13.119265,6.5416284
18066,TMPRSS15,13.800268,6.622026
18067,TMPRSS2,13.865992,6.070924
18068,TMPRSS3,13.787909,6.091625
18069,TMPRSS4,13.815624,6.1036353
18070,TMPRSS5,13.503415,5.581319
18071,TMPRSS6,12.9140415,6.3321533
18072,TMPRSS7,13.446835,7.4237227
18073,TMPRSS9,12.987553,5.913288
18074,TMSB10,6.314289,1.1592177
18075,TMSB15A,6.2971964,1.17702
18076,TMSB15B,6.2993636,1.1734403
18077,TMSB15C,6.2925086,1.1744725
18078,TMSB4X,6.296269,1.162877
18079,TMSB4Y,6.40891,-0.56676334
18080,TMT1A,10.401777,2.2354643
18081,TMT1B,10.586487,2.480957
18082,TMTC1,12.153695,2.2841804
18083,TMTC2,12.224989,2.2818494
18084,TMTC3,12.292493,2.5088806
18085,TMTC4,12.166414,2.1405215
18086,TMUB1,11.057249,5.093434
18087,TMUB2,8.067941,4.9686675
18088,TMX1,12.785614,4.477195
18089,TMX2,11.889337,2.330076
18090,TMX3,13.214345,4.391766
18091,TMX4,9.386832,6.502461
18092,TNC,13.553376,5.4448404
18093,TNF,13.186493,6.198548
18094,TNFAIP1,10.57546,7.681458
18095,TNFAIP2,10.99215,6.043292
18096,TNFAIP3,10.524955,8.3621435
18097,TNFAIP6,13.767459,6.5699024
18098,TNFAIP8,10.826928,11.494112
18099,TNFAIP8L1,10.925804,11.227997
18100,TNFAIP8L2,10.965989,11.199478
18101,TNFAIP8L3,10.590523,11.396731
18102,TNFRSF10A,12.462495,7.0724354
18103,TNFRSF10B,12.714942,6.8683305
18104,TNFRSF10C,12.98581,6.730168
18105,TNFRSF10D,12.696536,7.7347364
18106,TNFRSF11A,12.378535,7.0546136
18107,TNFRSF11B,13.391042,7.200558
18108,TNFRSF12A,7.913045,5.552223
18109,TNFRSF13B,8.187461,5.947395
18110,TNFRSF13C,7.8418946,5.590067
18111,TNFRSF14,12.60784,6.918045
18112,TNFRSF17,8.954001,6.2736826
18113,TNFRSF18,12.422673,6.0712814
18114,TNFRSF19,8.76932,7.3878636
18115,TNFRSF1A,12.937808,6.643497
18116,TNFRSF1B,12.57568,6.4866157
18117,TNFRSF21,12.812439,7.6041284
18118,TNFRSF25,12.241944,6.181208
18119,TNFRSF4,12.5682335,5.836975
18120,TNFRSF6B,12.112181,5.5543456
18121,TNFRSF8,12.352849,6.873433
18122,TNFRSF9,13.5138,6.213252
18123,TNFSF10,13.551066,5.081367
18124,TNFSF11,13.395641,6.5939403
18125,TNFSF12,12.055469,5.5005164
18126,TNFSF13,12.237906,5.6496687
18127,TNFSF13B,13.186888,5.063041
18128,TNFSF14,12.489068,5.4594846
18129,TNFSF15,13.208047,6.322501
18130,TNFSF18,13.506686,6.7650204
18131,TNFSF4,13.518305,6.7889986
18132,TNFSF8,13.4625025,6.759352
18133,TNFSF9,12.026357,5.9944158
18134,TNIK,6.3710217,2.804662
18135,TNIP1,8.469402,5.7551227
18136,TNIP2,8.212985,4.342158
18137,TNIP3,8.454546,5.5349436
18138,TNK1,10.918631,5.5183263
18139,TNK2,8.349244,6.0742583
18140,TNKS,10.571547,5.018602
18141,TNKS1BP1,8.957223,9.883128
18142,TNKS2,10.538202,4.9075966
18143,TNMD,12.830864,7.8147078
18144,TNN,13.086284,5.577862
18145,TNNC1,8.082685,1.2891501
18146,TNNC2,8.0159,1.1789478
18147,TNNI1,7.208755,2.4830961
18148,TNNI2,7.2385826,2.431412
18149,TNNI3,7.5298867,2.7932808
18150,TNNI3K,10.961722,6.635735
18151,TNNT1,7.0860643,2.55762
18152,TNNT2,7.1025777,2.5414152
18153,TNNT3,7.065404,2.3963938
18154,TNP1,9.963993,11.563288
18155,TNP2,9.534429,12.5713005
18156,TNPO1,8.568512,2.2634492
18157,TNPO2,8.646485,2.4106495
18158,TNPO3,10.364361,5.2493525
18159,TNR,13.603677,5.4362583
18160,TNRC18,8.761838,9.406098
18161,TNRC6A,7.3662004,7.5465617
18162,TNRC6B,7.296961,7.471091
18163,TNRC6C,7.225092,7.255262
18164,TNS1,7.5586305,6.2447243
18165,TNS2,7.8386993,6.3601527
18166,TNS3,7.687402,6.16961
18167,TNS4,8.499838,7.454436
18168,TNXA,12.444778,6.4217696
18169,TNXB,12.8529825,5.779499
18170,TOB1,6.611549,4.4578576
18171,TOB2,6.4266157,4.6067653
18172,TOE1,9.033672,3.9499354
18173,TOGARAM1,10.039074,8.386687
18174,TOGARAM2,9.2123785,7.521922
18175,TOLLIP,7.242872,3.4887474
18176,TOM1,7.385541,3.247769
18177,TOM1L1,9.6468,6.491632
18178,TOM1L2,6.863056,2.716938
18179,TOMM20,6.8975496,1.2424682
18180,TOMM20L,8.80766,4.0002975
18181,TOMM22,6.6512995,2.6352577
18182,TOMM34,9.017856,3.5966077
18183,TOMM40,11.228981,2.1091883
18184,TOMM40L,11.4670725,1.9925458
18185,TOMM5,10.87713,11.003853
18186,TOMM6,10.988968,1.4630862
18187,TOMM7,10.720251,0.85739285
18188,TOMM70,9.193118,4.128045
18189,TOMT,11.190315,5.760126
18190,TONSL,10.933677,6.4164066
18191,TOP1,7.776795,2.4166982
18192,TOP1MT,9.195624,1.9808552
18193,TOP2A,8.549758,2.7058885
18194,TOP2B,8.537003,2.9312503
18195,TOP3A,9.505905,3.130595
18196,TOP3B,9.843743,3.1013556
18197,TOP6BL,9.876503,12.60188
18198,TOPAZ1,9.83428,10.820247
18199,TOPBP1,9.772027,6.5003223
18200,TOPORS,8.854005,8.396416
18201,TOR1A,9.701347,2.3111074
18202,TOR1AIP1,8.562155,6.4124312
18203,TOR1AIP2,8.778812,6.2910995
18204,TOR1B,9.584861,2.366965
18205,TOR2A,12.284755,4.6327434
18206,TOR3A,12.360898,4.8694534
18207,TOR4A,11.879206,5.9738297
18208,TOX,6.5316076,5.527605
18209,TOX2,7.2505383,6.950116
18210,TOX3,6.18735,4.5860767
18211,TOX4,6.453313,5.2302675
18212,TP53,7.9311037,5.593534
18213,TP53AIP1,9.414388,14.04372
18214,TP53BP1,9.164699,9.272171
18215,TP53BP2,7.2592053,5.1398907
18216,TP53I11,11.397518,0.9661435
18217,TP53I13,8.733649,7.5674477
18218,TP53I3,9.776729,0.939041
18219,TP53INP1,8.669089,5.879929
18220,TP53INP2,7.5215216,5.9522057
18221,TP53RK,9.401809,1.8355306
18222,TP53TG3,3.9131591,10.444501
18223,TP53TG3B,3.9130814,10.445098
18224,TP53TG3C,3.9125686,10.444869
18225,TP53TG3D,3.912539,10.445138
18226,TP53TG3E,3.912253,10.445479
18227,TP53TG3F,3.9122708,10.445511
18228,TP53TG5,9.891935,12.697534
18229,TP63,7.9724636,6.670627
18230,TP73,7.4630265,6.0745816
18231,TPBG,12.300308,5.83054
18232,TPBGL,11.935946,5.5139546
18233,TPCN1,12.821142,2.777821
18234,TPCN2,12.956562,1.3221959
18235,TPD52,6.852894,2.420872
18236,TPD52L1,6.84441,2.397439
18237,TPD52L2,6.716562,2.0992959
18238,TPD52L3,8.8134165,4.369839
18239,TPGS1,10.728787,5.246437
18240,TPGS2,8.947906,4.075862
18241,TPH1,9.566356,2.6458466
18242,TPH2,9.694838,2.8126929
18243,TPI1,8.948548,0.4735511
18244,TPK1,8.182235,1.009398
18245,TPM1,6.7795506,1.5841326
18246,TPM2,6.724089,1.5339434
18247,TPM3,6.7380576,1.5415496
18248,TPM4,6.7625074,1.5925
18249,TPMT,10.527413,4.325745
18250,TPO,12.8813305,5.0228124
18251,TPP1,12.639573,4.858852
18252,TPP2,10.794045,7.0469413
18253,TPPP,6.6992335,1.8376802
18254,TPPP2,7.8281884,2.199663
18255,TPPP3,7.804551,2.162225
18256,TPR,9.764562,8.239819
18257,TPRA1,12.319391,1.9809794
18258,TPRG1,9.473991,4.705526
18259,TPRG1L,9.062934,4.5563426
18260,TPRKB,9.121233,2.5175743
18261,TPRN,8.271008,7.854065
18262,TPRX1,8.351284,9.6167
18263,TPRX2,9.136412,9.770895
18264,TPRXL,8.045551,9.364902
18265,TPSAB1,14.4337845,5.4183598
18266,TPSB2,14.424457,5.4750333
18267,TPSD1,14.254817,5.543697
18268,TPSG1,13.845173,5.5576854
18269,TPST1,11.465591,2.6635773
18270,TPST2,11.547031,2.9477413
18271,TPT1,10.681309,11.9054575
18272,TPT1P8,10.3497925,12.04137
18273,TPTE,12.507381,3.086906
18274,TPTE2,12.087219,3.061817
18275,TPTE2P1,10.23229,13.480483
18276,TPX2,9.176314,5.9495587
18277,TRA,15.088608,5.4932475
18278,TRA2A,6.2482076,2.7082965
18279,TRA2B,6.271172,2.7203238
18280,TRABD,9.270844,2.9339283
18281,TRABD2A,12.3673935,4.332799
18282,TRABD2B,12.102819,4.1666756
18283,TRAC,15.045527,5.4255853
18284,TRADD,11.247658,7.207822
18285,TRAF1,10.291453,6.6883063
18286,TRAF2,9.381241,3.5030398
18287,TRAF3,10.254482,5.5253963
18288,TRAF3IP1,7.372917,4.148646
18289,TRAF3IP2,9.081733,8.853385
18290,TRAF3IP3,8.453888,5.5129304
18291,TRAF4,10.576899,6.121345
18292,TRAF5,10.322928,5.9019356
18293,TRAF6,10.383202,6.041649
18294,TRAF7,10.876676,6.4476147
18295,TRAFD1,8.981246,8.704018
18296,TRAIP,8.696225,5.4753118
18297,TRAJ1,1.795846,15.812685
18298,TRAJ10,1.7442706,15.861399
18299,TRAJ11,1.7407584,15.864649
18300,TRAJ12,1.7411522,15.864148
18301,TRAJ13,1.7888573,15.816878
18302,TRAJ14,1.6924337,15.912883
18303,TRAJ16,1.7119973,15.893688
18304,TRAJ17,1.7573243,15.849124
18305,TRAJ18,1.794235,15.811648
18306,TRAJ19,1.7858845,15.831442
18307,TRAJ2,1.7515657,15.854605
18308,TRAJ20,1.719517,15.885969
18309,TRAJ21,1.6733449,15.931989
18310,TRAJ22,1.7743051,15.831617
18311,TRAJ23,1.7390723,15.86649
18312,TRAJ24,1.7417526,15.863851
18313,TRAJ25,1.7372644,15.868273
18314,TRAJ26,1.7681563,15.837633
18315,TRAJ27,1.7276527,15.8781595
18316,TRAJ28,1.7631183,15.842686
18317,TRAJ29,1.7488761,15.85666
18318,TRAJ3,1.7073892,15.897843
18319,TRAJ30,1.7227522,15.883016
18320,TRAJ31,1.6450714,15.960358
18321,TRAJ32,1.7715023,15.834117
18322,TRAJ33,1.7307414,15.8745165
18323,TRAJ34,1.6690745,15.93611
18324,TRAJ35,1.7308738,15.874607
18325,TRAJ36,1.7420533,15.863384
18326,TRAJ37,1.7520127,15.853865
18327,TRAJ38,1.764386,15.841317
18328,TRAJ39,1.7505975,15.85509
18329,TRAJ4,1.7540632,15.851455
18330,TRAJ40,1.6922991,15.913245
18331,TRAJ41,1.7509905,15.854489
18332,TRAJ42,1.725366,15.880178
18333,TRAJ43,1.7219622,15.883768
18334,TRAJ44,1.7543898,15.8514185
18335,TRAJ45,1.7912883,15.814757
18336,TRAJ46,1.7478013,15.858206
18337,TRAJ47,1.7144178,15.890894
18338,TRAJ48,1.7574422,15.848696
18339,TRAJ49,1.7377886,15.867625
18340,TRAJ5,1.7552614,15.850552
18341,TRAJ50,1.7431728,15.862342
18342,TRAJ52,1.7723436,15.833465
18343,TRAJ53,1.762015,15.843578
18344,TRAJ54,1.7605232,15.845077
18345,TRAJ56,1.8012686,15.805244
18346,TRAJ57,1.7603288,15.8454685
18347,TRAJ59,1.7309856,15.875652
18348,TRAJ6,1.7563605,15.848866
18349,TRAJ61,10.075846,13.02028
18350,TRAJ7,1.7810172,15.82453
18351,TRAJ9,1.6885185,15.916749
18352,TRAK1,7.434403,4.6595902
18353,TRAK2,8.189052,5.3392987
18354,TRAM1,11.7728,1.4807264
18355,TRAM1L1,12.252298,2.1192267
18356,TRAM2,12.075049,1.7664396
18357,TRANK1,10.955055,8.199025
18358,TRAP1,9.653217,2.0477223
18359,TRAPPC1,7.933167,1.457178
18360,TRAPPC10,10.994595,8.02458
18361,TRAPPC11,10.687927,7.073569
18362,TRAPPC12,8.006171,4.9176817
18363,TRAPPC13,9.385212,3.0597095
18364,TRAPPC14,11.282719,7.4714074
18365,TRAPPC2,7.7010164,1.2647856
18366,TRAPPC2B,7.6641603,1.2503613
18367,TRAPPC2L,7.692862,0.8058134
18368,TRAPPC3,8.061807,1.8757182
18369,TRAPPC3L,9.885757,3.3271916
18370,TRAPPC4,7.564246,2.3203201
18371,TRAPPC5,8.647543,1.9095638
18372,TRAPPC6A,8.793915,1.3215343
18373,TRAPPC6B,7.9025955,1.420345
18374,TRAPPC8,10.0951185,5.9788857
18375,TRAPPC9,11.028892,7.914842
18376,TRARG1,7.618743,4.2318554
18377,TRAT1,9.132361,7.941623
18378,TRAV1-1,0.28866556,12.065465
18379,TRAV1-2,0.33377737,12.082162
18380,TRAV10,0.5578925,12.2119875
18381,TRAV12-1,0.5579951,12.215626
18382,TRAV12-2,0.603668,12.235534
18383,TRAV12-3,0.6159229,12.25167
18384,TRAV13-1,0.59075147,12.224461
18385,TRAV13-2,0.5848712,12.219605
18386,TRAV14DV4,0.66067195,12.271275
18387,TRAV16,0.65373594,12.290476
18388,TRAV17,0.617533,12.247889
18389,TRAV18,0.6648964,12.285897
18390,TRAV19,0.64824075,12.265189
18391,TRAV2,0.26484704,12.100871
18392,TRAV20,0.5973661,12.233289
18393,TRAV21,0.6170784,12.256556
18394,TRAV22,0.5411865,12.268807
18395,TRAV23DV6,0.57570887,12.213834
18396,TRAV24,0.54521513,12.193947
18397,TRAV25,0.49665257,12.150665
18398,TRAV26-1,0.58444345,12.21769
18399,TRAV26-2,0.6131753,12.246902
18400,TRAV27,0.57181615,12.21344
18401,TRAV29DV5,0.5964165,12.226921
18402,TRAV3,0.67020667,12.287658
18403,TRAV30,0.53493,12.1770315
18404,TRAV34,0.5285436,12.194136
18405,TRAV35,0.4749131,12.180673
18406,TRAV36DV7,0.53054696,12.177932
18407,TRAV38-1,0.6508288,12.265962
18408,TRAV38-2DV8,0.65847504,12.2716465
18409,TRAV39,0.5613002,12.201984
18410,TRAV4,0.5938751,12.232383
18411,TRAV40,0.3553645,12.089911
18412,TRAV41,0.5459246,12.19539
18413,TRAV5,0.58441526,12.221123
18414,TRAV6,0.53334135,12.190266
18415,TRAV7,0.5341435,12.191177
18416,TRAV8-1,0.6686044,12.286485
18417,TRAV8-2,0.6893144,12.302265
18418,TRAV8-3,0.6773881,12.311248
18419,TRAV8-4,0.6751732,12.293675
18420,TRAV8-6,0.6788621,12.296203
18421,TRAV8-7,0.67157114,12.29154
18422,TRAV9-1,0.65140253,12.300403
18423,TRAV9-2,0.6507911,12.301894
18424,TRB,13.819735,5.2982917
18425,TRBC1,13.031725,4.831601
18426,TRBC2,13.1167145,4.789375
18427,TRBD1,8.812868,13.660697
18428,TRBJ1-1,1.6064664,15.99861
18429,TRBJ1-2,1.5505592,16.054733
18430,TRBJ1-3,1.5983686,16.006798
18431,TRBJ1-4,1.593922,16.011171
18432,TRBJ1-5,1.5631874,16.041866
18433,TRBJ1-6,1.57558,16.02894
18434,TRBJ2-1,1.5951837,16.009836
18435,TRBJ2-2,1.5929396,16.012087
18436,TRBJ2-2P,8.847538,13.888105
18437,TRBJ2-3,1.5898614,16.015217
18438,TRBJ2-4,1.5890923,16.015997
18439,TRBJ2-5,1.5918182,16.013123
18440,TRBJ2-6,1.5946305,16.010462
18441,TRBJ2-7,1.5958691,16.009247
18442,TRBV10-1,-0.14374745,12.730171
18443,TRBV10-2,-0.12082676,12.70927
18444,TRBV10-3,-0.12189524,12.708919
18445,TRBV11-1,0.07041374,12.569032
18446,TRBV11-2,0.061300516,12.567583
18447,TRBV11-3,0.06651759,12.564917
18448,TRBV12-3,0.08182984,12.557843
18449,TRBV12-4,0.10053715,12.537039
18450,TRBV12-5,0.081520185,12.561736
18451,TRBV13,0.07129129,12.557248
18452,TRBV14,0.06219966,12.561705
18453,TRBV15,0.07947228,12.512609
18454,TRBV16,0.059930883,12.556625
18455,TRBV17,0.06579014,12.559279
18456,TRBV18,0.059434175,12.557537
18457,TRBV19,-0.060843557,12.659464
18458,TRBV2,0.07842898,12.544827
18459,TRBV20-1,0.2748537,12.066001
18460,TRBV20OR9-2,0.27821112,12.059969
18461,TRBV23-1,0.029439308,12.580782
18462,TRBV24-1,-0.0753829,12.669937
18463,TRBV25-1,-0.080209255,12.675149
18464,TRBV27,-0.11209683,12.703525
18465,TRBV28,-0.12324471,12.711373
18466,TRBV29-1,0.27616102,12.076262
18467,TRBV3-1,0.045685023,12.568939
18468,TRBV30,0.19796447,12.236746
18469,TRBV4-1,0.04687656,12.565891
18470,TRBV4-2,0.038834248,12.56559
18471,TRBV4-3,0.053242914,12.560267
18472,TRBV5-1,0.07370676,12.581004
18473,TRBV5-3,0.098216735,12.563646
18474,TRBV5-4,0.09003348,12.571506
18475,TRBV5-5,0.08711808,12.567931
18476,TRBV5-6,0.08746257,12.573352
18477,TRBV5-7,0.12326645,12.61
18478,TRBV5-8,0.086239316,12.571536
18479,TRBV6-1,-0.12007771,12.709018
18480,TRBV6-2,-0.12481583,12.712481
18481,TRBV6-3,-0.12491963,12.712486
18482,TRBV6-4,-0.121543095,12.7098465
18483,TRBV6-5,-0.11608604,12.7067
18484,TRBV6-6,-0.11847615,12.708075
18485,TRBV6-7,-0.12848291,12.716633
18486,TRBV6-8,-0.11977669,12.708715
18487,TRBV6-9,-0.12366351,12.711903
18488,TRBV7-1,0.070856154,12.572559
18489,TRBV7-2,0.038601965,12.596448
18490,TRBV7-3,0.062591024,12.584226
18491,TRBV7-4,0.06389612,12.569725
18492,TRBV7-6,0.06923998,12.5733795
18493,TRBV7-7,0.06880032,12.574991
18494,TRBV7-8,0.07029301,12.574137
18495,TRBV7-9,0.06936521,12.571386
18496,TRBV9,0.08389599,12.569526
18497,TRDC,13.677754,5.8090653
18498,TRDD1,8.833549,13.648769
18499,TRDJ1,1.6948473,15.910641
18500,TRDJ2,1.6904773,15.915075
18501,TRDJ3,1.7231019,15.883327
18502,TRDJ4,1.741383,15.863857
18503,TRDMT1,9.393001,2.5889869
18504,TRDN,8.346411,8.794649
18505,TRDV1,0.6537834,12.2692375
18506,TRDV2,0.25724167,12.048209
18507,TRDV3,0.28143844,12.045041
18508,TREH,13.028761,4.1091747
18509,TREM1,13.454027,6.729963
18510,TREM2,12.351714,5.53885
18511,TREML1,12.277546,6.8574147
18512,TREML2,12.296295,7.0377827
18513,TREML4,15.179101,6.1445785
18514,TRERF1,7.517425,7.51482
18515,TREX1,11.11369,5.9314394
18516,TREX2,11.086699,5.078795
18517,TRGC1,15.0949335,5.654518
18518,TRGC2,15.175059,5.8028674
18519,TRGJ1,1.6030247,16.002258
18520,TRGJ2,1.6824213,15.922792
18521,TRGJP,1.6985842,15.907525
18522,TRGJP1,1.6983794,15.907606
18523,TRGJP2,1.7323557,15.873205
18524,TRGV1,0.2625035,12.039769
18525,TRGV10,0.2743605,12.042412
18526,TRGV11,0.27678135,12.04574
18527,TRGV2,0.2720485,12.041979
18528,TRGV3,0.2727638,12.044016
18529,TRGV4,0.26897377,12.041754
18530,TRGV5,0.26612025,12.039511
18531,TRGV8,0.2697067,12.038673
18532,TRGV9,0.2794632,12.0249815
18533,TRH,8.09852,5.9775753
18534,TRHDE,14.080362,4.6166086
18535,TRHR,13.219832,1.167195
18536,TRIAP1,7.449573,1.839123
18537,TRIB1,9.475475,4.2497177
18538,TRIB2,9.556959,4.155641
18539,TRIB3,11.120617,5.139714
18540,TRIL,12.098557,6.453471
18541,TRIM10,11.805169,6.895387
18542,TRIM11,11.796313,6.792546
18543,TRIM13,10.143135,6.167205
18544,TRIM14,11.410552,6.6962748
18545,TRIM15,11.820735,6.8869143
18546,TRIM16,11.383289,7.0715747
18547,TRIM16L,11.444302,7.157923
18548,TRIM17,11.795484,6.8716245
18549,TRIM2,10.056316,4.614862
18550,TRIM21,11.814945,6.891036
18551,TRIM22,2.5854657,-1.595076
18552,TRIM23,10.644167,6.1781473
18553,TRIM24,7.906259,6.5258403
18554,TRIM25,10.235932,5.882763
18555,TRIM26,11.795897,6.888012
18556,TRIM27,11.825878,6.9048896
18557,TRIM28,8.657725,6.729089
18558,TRIM29,9.256713,9.0700035
18559,TRIM3,10.531934,3.6107984
18560,TRIM31,9.927381,8.493178
18561,TRIM32,11.12258,7.6662273
18562,TRIM33,7.180917,5.8505316
18563,TRIM34,2.58385,-1.5961527
18564,TRIM35,11.433788,6.686276
18565,TRIM36,10.516423,7.4174695
18566,TRIM37,8.844699,6.8674192
18567,TRIM38,11.823369,6.930647
18568,TRIM39,11.815868,6.897646
18569,TRIM4,11.778408,6.883875
18570,TRIM40,11.740711,6.8805375
18571,TRIM41,11.692533,6.7229137
18572,TRIM42,10.897649,9.34845
18573,TRIM43,2.5835178,-1.5968041
18574,TRIM43B,2.5831027,-1.5969629
18575,TRIM44,8.682008,6.950141
18576,TRIM45,10.445084,6.234736
18577,TRIM46,11.157651,6.9910336
18578,TRIM47,11.232574,6.619014
18579,TRIM48,2.5832024,-1.5970873
18580,TRIM49,2.5825803,-1.5974528
18581,TRIM49B,2.5827644,-1.5974058
18582,TRIM49C,2.5710962,-1.6081798
18583,TRIM49D1,2.5823245,-1.5979345
18584,TRIM49D2,2.5821335,-1.5980415
18585,TRIM5,2.5842173,-1.5961634
18586,TRIM50,11.41995,6.728019
18587,TRIM51,2.5839236,-1.5970923
18588,TRIM51G,2.5834892,-1.5972025
18589,TRIM52,9.00124,7.5049257
18590,TRIM54,8.138028,3.3380315
18591,TRIM55,8.450906,6.727637
18592,TRIM56,11.107178,6.8167524
18593,TRIM58,11.811624,6.7353826
18594,TRIM59,10.325069,6.1037135
18595,TRIM6,2.5832157,-1.5966837
18596,TRIM60,11.798696,7.0036917
18597,TRIM61,11.785162,6.944699
18598,TRIM62,11.367924,6.628023
18599,TRIM63,8.497198,3.2615204
18600,TRIM64,2.5818574,-1.5984082
18601,TRIM64B,2.5820594,-1.598402
18602,TRIM64C,2.583443,-1.5972425
18603,TRIM65,11.252135,6.5293427
18604,TRIM66,9.185874,8.805404
18605,TRIM67,8.71527,3.7032712
18606,TRIM68,11.808699,6.9050975
18607,TRIM69,11.729612,7.091665
18608,TRIM7,11.777457,6.709542
18609,TRIM71,10.633747,5.1067567
18610,TRIM72,11.382381,6.502398
18611,TRIM73,11.436089,6.784551
18612,TRIM74,11.356798,6.8638973
18613,TRIM75,11.798351,6.9618974
18614,TRIM77,2.5805473,-1.599292
18615,TRIM8,10.128492,8.752377
18616,TRIM9,8.389084,2.1724343
18617,TRIML1,11.79736,6.9545946
18618,TRIML2,11.81645,7.005605
18619,TRIO,9.557458,4.7960215
18620,TRIOBP,8.269134,9.514651
18621,TRIP10,7.86461,3.8167315
18622,TRIP11,9.864319,8.381986
18623,TRIP12,9.656436,6.609361
18624,TRIP13,9.54962,2.7673628
18625,TRIP4,9.128055,4.605497
18626,TRIP6,7.8709536,6.4430404
18627,TRIQK,7.470098,2.546069
18628,TRIR,6.991593,4.0769506
18629,TRIT1,9.257575,2.4155009
18630,TRMO,9.104666,6.00506
18631,TRMT1,9.453651,3.4610138
18632,TRMT10A,8.868931,4.2069807
18633,TRMT10B,9.065753,2.9737153
18634,TRMT10C,9.724243,5.000523
18635,TRMT11,10.534964,4.021701
18636,TRMT112,8.999716,1.72971
18637,TRMT12,10.229561,3.8903477
18638,TRMT13,9.651167,3.6139271
18639,TRMT1L,10.56815,7.9789977
18640,TRMT2A,10.31738,3.8037565
18641,TRMT2B,10.233423,3.618173
18642,TRMT44,9.593138,5.067565
18643,TRMT5,10.468243,4.3930697
18644,TRMT6,9.576796,4.85517
18645,TRMT61A,10.209803,2.4982815
18646,TRMT61B,10.259567,6.3300767
18647,TRMT9B,9.951807,8.249635
18648,TRMU,10.248993,2.5568392
18649,TRNAU1AP,6.9001393,4.14615
18650,TRNP1,8.277493,6.6659174
18651,TRNT1,10.272829,1.9325646
18652,TRO,8.44506,9.836873
18653,TROAP,9.295206,10.369761
18654,TRPA1,11.03794,6.4821715
18655,TRPC1,12.549418,2.9891713
18656,TRPC3,12.450038,2.9820561
18657,TRPC4,12.25006,2.8812304
18658,TRPC4AP,11.0408125,10.52922
18659,TRPC5,12.208393,2.9824924
18660,TRPC5OS,10.111865,11.583406
18661,TRPC6,12.379001,2.9524405
18662,TRPC7,12.365855,2.9111733
18663,TRPM1,9.039265,3.873854
18664,TRPM2,10.656369,4.5155973
18665,TRPM3,9.290393,4.017288
18666,TRPM4,11.16571,4.5114617
18667,TRPM5,11.296019,3.927915
18668,TRPM6,9.621755,5.4561067
18669,TRPM7,9.680145,4.276959
18670,TRPM8,12.651139,3.0631502
18671,TRPS1,9.31769,9.8684435
18672,TRPT1,10.377263,3.0655332
18673,TRPV1,12.4373455,3.1680677
18674,TRPV2,12.411584,3.3639164
18675,TRPV3,12.824734,3.0808387
18676,TRPV4,12.556273,3.1914563
18677,TRPV5,12.6418495,3.0122993
18678,TRPV6,12.67098,3.1072984
18679,TRRAP,11.087387,9.7447
18680,TRUB1,9.834352,3.4126961
18681,TRUB2,10.21924,3.5951355
18682,TSACC,9.462231,9.536807
18683,TSBP1,8.896459,10.571834
18684,TSC1,9.453103,8.209228
18685,TSC2,10.625005,7.6078186
18686,TSC22D1,6.6686354,5.810799
18687,TSC22D2,6.3263392,4.815531
18688,TSC22D3,6.689938,2.6517148
18689,TSC22D4,7.6607156,6.729284
18690,TSEN15,9.296452,4.5206923
18691,TSEN2,9.028594,3.4815757
18692,TSEN34,9.595066,5.009228
18693,TSEN54,9.09475,5.7418194
18694,TSFM,9.798685,3.3184128
18695,TSG101,7.5964074,3.116197
18696,TSGA10,9.947588,8.550914
18697,TSGA10IP,9.363946,10.187579
18698,TSGA13,10.294961,11.582016
18699,TSHB,13.639229,4.977571
18700,TSHR,13.023261,3.3016772
18701,TSHZ1,7.7150064,7.4421854
18702,TSHZ2,8.228289,7.8216805
18703,TSHZ3,7.719552,7.4447713
18704,TSKS,9.755263,9.198745
18705,TSKU,12.282397,6.29864
18706,TSLP,10.459528,12.047061
18707,TSN,8.839049,2.533405
18708,TSNARE1,9.300321,6.1922855
18709,TSNAX,8.627269,2.3358955
18710,TSNAXIP1,10.807948,9.394579
18711,TSPAN1,12.308724,1.1319488
18712,TSPAN10,13.512692,1.878362
18713,TSPAN11,12.033112,0.98860115
18714,TSPAN12,13.339419,2.7455046
18715,TSPAN13,11.8888645,0.9713813
18716,TSPAN14,12.176384,1.0924864
18717,TSPAN15,11.947065,0.76688975
18718,TSPAN16,12.795733,1.8367007
18719,TSPAN17,11.967315,0.7581105
18720,TSPAN18,12.247807,1.0089658
18721,TSPAN19,13.633807,2.5901477
18722,TSPAN2,11.917686,0.9514507
18723,TSPAN3,12.255962,1.0505828
18724,TSPAN31,11.86193,0.94744825
18725,TSPAN32,12.961135,1.7162994
18726,TSPAN33,12.082923,0.9680836
18727,TSPAN4,12.068949,0.7977642
18728,TSPAN5,11.893483,0.6929147
18729,TSPAN6,12.346541,1.0916183
18730,TSPAN7,12.106082,0.90552366
18731,TSPAN8,12.266842,1.0560762
18732,TSPAN9,11.936262,0.67709416
18733,TSPEAR,12.968329,6.382274
18734,TSPEAR-AS2,8.997091,13.988252
18735,TSPO,12.357161,1.6912932
18736,TSPO2,13.275892,2.0940173
18737,TSPOAP1,8.524676,7.5454464
18738,TSPY1,8.938848,7.490312
18739,TSPY10,8.939486,7.478659
18740,TSPY2,8.936889,7.5024495
18741,TSPY26P,8.801662,7.4740715
18742,TSPY3,8.953683,7.515656
18743,TSPY4,8.9303665,7.4764028
18744,TSPY8,8.933138,7.468008
18745,TSPY9,8.912517,7.460237
18746,TSPYL1,8.748267,7.3374314
18747,TSPYL2,8.905693,9.12899
18748,TSPYL4,8.845048,7.4558177
18749,TSPYL5,8.919111,7.535507
18750,TSPYL6,8.882512,7.4241295
18751,TSR1,9.267023,3.8673036
18752,TSR2,8.89945,4.244367
18753,TSR3,8.32936,4.751711
18754,TSSC4,7.9245677,5.7416086
18755,TSSK1B,9.876733,4.3339033
18756,TSSK2,9.909028,4.357708
18757,TSSK3,10.31613,2.557347
18758,TSSK4,10.093497,4.5131536
18759,TSSK6,10.259285,2.7226114
18760,TST,10.360952,2.5193923
18761,TSTD1,10.250756,2.2991867
18762,TSTD2,10.157675,6.430379
18763,TSTD3,10.823343,8.605532
18764,TTBK1,8.141317,7.743809
18765,TTBK2,9.209673,9.082663
18766,TTC1,8.490605,3.6194263
18767,TTC12,10.838874,7.279216
18768,TTC13,10.931853,9.978558
18769,TTC14,9.869032,6.5679994
18770,TTC16,9.519696,6.4372296
18771,TTC17,10.66525,10.15865
18772,TTC19,9.014374,4.2205544
18773,TTC21A,10.887795,7.307855
18774,TTC21B,10.864664,7.248498
18775,TTC22,11.29991,8.225643
18776,TTC23,10.824207,7.253585
18777,TTC23L,10.924005,7.336251
18778,TTC24,10.922955,6.6394696
18779,TTC27,10.114096,5.0285425
18780,TTC28,10.817166,7.2094884
18781,TTC29,11.06972,9.527825
18782,TTC3,10.56628,10.159491
18783,TTC31,8.659337,7.7191505
18784,TTC32,9.026138,2.2858818
18785,TTC33,9.848138,5.4054184
18786,TTC34,11.371926,7.933778
18787,TTC36,10.436646,2.797086
18788,TTC38,10.29648,2.440636
18789,TTC39A,10.073874,4.3460307
18790,TTC39B,10.197007,4.5031805
18791,TTC39C,9.970798,4.429548
18792,TTC4,8.994927,2.8068788
18793,TTC41P,11.0902815,9.079859
18794,TTC5,10.300161,4.5952973
18795,TTC6,10.928087,7.027575
18796,TTC7A,10.379012,5.8754187
18797,TTC7B,10.200079,5.5538573
18798,TTC8,9.82292,4.7793317
18799,TTC9,7.391487,3.4939325
18800,TTC9B,7.726916,5.7350974
18801,TTC9C,9.786222,2.8124673
18802,TTF1,9.095705,7.6821656
18803,TTF2,9.25144,5.514443
18804,TTI1,11.012203,8.032954
18805,TTI2,10.642231,6.23415
18806,TTK,9.883923,6.958355
18807,TTL,10.663434,6.3695054
18808,TTLL1,8.870907,2.4151382
18809,TTLL10,8.686085,6.3394055
18810,TTLL11,9.492017,5.465853
18811,TTLL12,10.792836,5.3563075
18812,TTLL13,9.319027,6.0604706
18813,TTLL2,10.382959,7.2778907
18814,TTLL3,9.617293,7.1642327
18815,TTLL4,9.217798,7.956901
18816,TTLL5,9.043659,7.228461
18817,TTLL6,9.28948,7.0156403
18818,TTLL7,10.651842,7.7264595
18819,TTLL8,9.623308,7.0943336
18820,TTLL9,9.471382,3.3655114
18821,TTMP,13.831688,6.00823
18822,TTN,10.762716,4.2002177
18823,TTPA,11.08386,3.0537932
18824,TTPAL,10.573927,5.8860474
18825,TTR,11.129996,2.1929739
18826,TTTY10,10.206031,11.255859
18827,TTTY12,9.31071,13.505621
18828,TTTY13,9.199213,13.630852
18829,TTYH1,12.899323,2.2477899
18830,TTYH2,12.626313,2.3135953
18831,TTYH3,12.864425,2.3873212
18832,TUB,7.7600036,4.697045
18833,TUBA1A,6.4996266,-0.018942136
18834,TUBA1B,6.492076,0.005654308
18835,TUBA1C,6.5060368,-0.030364413
18836,TUBA3C,6.528364,-0.034502774
18837,TUBA3D,6.517389,-0.016507216
18838,TUBA3E,6.4938264,0.050501864
18839,TUBA3FP,9.539742,13.824629
18840,TUBA4A,6.5472455,-0.04773792
18841,TUBA4B,6.430852,-0.66250247
18842,TUBA8,6.777949,0.18689603
18843,TUBAL3,9.402969,0.95167613
18844,TUBB,6.641074,0.46379858
18845,TUBB1,9.133444,0.9378409
18846,TUBB2A,6.6547613,0.46092638
18847,TUBB2B,6.6426306,0.4672504
18848,TUBB3,6.721969,0.44497514
18849,TUBB4A,6.6733327,0.46369398
18850,TUBB4B,6.643992,0.4552381
18851,TUBB6,6.7845716,0.4314358
18852,TUBB8,8.157688,0.6996602
18853,TUBB8B,8.174295,0.9123573
18854,TUBD1,9.841458,3.1933432
18855,TUBE1,9.879629,2.5880992
18856,TUBG1,7.9564967,0.7335687
18857,TUBG2,7.970468,0.80032873
18858,TUBGCP2,11.051575,8.950202
18859,TUBGCP3,11.089693,8.915998
18860,TUBGCP4,11.184916,8.546209
18861,TUBGCP5,11.03493,9.745606
18862,TUBGCP6,10.510993,9.861969
18863,TUFM,9.706811,1.323203
18864,TUFT1,9.6478195,7.8564234
18865,TUG1,9.765862,14.397895
18866,TULP1,7.6968565,4.9545193
18867,TULP2,9.239385,6.705651
18868,TULP3,8.706552,4.9614477
18869,TULP4,8.531472,7.219961
18870,TUNAR,13.054633,7.3669972
18871,TUSC1,8.129763,6.550161
18872,TUSC2,10.553773,10.588134
18873,TUSC3,11.361795,1.4071194
18874,TUT1,10.85105,7.1591063
18875,TUT4,9.672451,6.7746925
18876,TUT7,9.800171,6.8521566
18877,TVP23A,11.612269,1.1383305
18878,TVP23B,11.540953,1.0464776
18879,TVP23C,9.139464,7.061455
18880,TWF1,8.792647,1.914275
18881,TWF2,8.904267,1.7735287
18882,TWIST1,5.3405476,4.1569824
18883,TWIST2,6.039299,2.5364716
18884,TWNK,10.539755,6.0749693
18885,TWSG1,13.292302,6.58817
18886,TXK,9.641345,3.261871
18887,TXLNA,7.6256056,4.5217857
18888,TXLNB,7.6973248,4.6393747
18889,TXLNG,7.7554374,4.6540165
18890,TXLNGY,9.90571,11.861604
18891,TXN,8.561422,0.57938683
18892,TXN2,8.69903,1.3734609
18893,TXNDC11,11.937711,8.265132
18894,TXNDC12,8.730034,2.0778224
18895,TXNDC15,8.767611,6.333835
18896,TXNDC16,11.576596,8.6594305
18897,TXNDC17,8.569235,0.9200292
18898,TXNDC2,7.8205957,9.509692
18899,TXNDC5,8.952831,2.5133667
18900,TXNDC8,10.261852,5.168197
18901,TXNDC9,8.59612,2.5321338
18902,TXNIP,10.769567,4.6247168
18903,TXNL1,8.978127,1.7681797
18904,TXNL4A,6.714726,0.53848857
18905,TXNL4B,8.0061,1.0891685
18906,TXNRD1,9.555658,1.2604283
18907,TXNRD2,9.642373,1.3781686
18908,TXNRD3,9.551149,1.2072334
18909,TYK2,10.979711,5.6771107
18910,TYMP,10.852413,3.1974657
18911,TYMS,8.864613,0.6816832
18912,TYMSOS,9.667137,14.359278
18913,TYR,13.220935,7.0815744
18914,TYRO3,12.594279,5.6731997
18915,TYROBP,7.3018136,3.2155511
18916,TYRP1,13.182874,7.0884886
18917,TYSND1,11.185345,5.094245
18918,TYW1,9.1056795,2.5408225
18919,TYW1B,9.34332,3.408306
18920,TYW3,9.5746975,4.37925
18921,TYW5,9.608825,2.3981175
18922,U2AF1,6.4316506,2.3243473
18923,U2AF1L4,7.233681,2.1048596
18924,U2AF2,6.61732,3.0969214
18925,U2SURP,7.4985905,4.3724294
18926,UACA,9.801928,8.257495
18927,UAP1,9.803236,1.4572219
18928,UAP1L1,10.204952,2.474454
18929,UBA1,8.75692,1.6682049
18930,UBA2,8.632772,2.6781662
18931,UBA3,9.078074,1.8310704
18932,UBA5,7.9207797,1.8563253
18933,UBA52,5.7808914,10.444972
18934,UBA6,10.374563,3.9757605
18935,UBA7,11.063779,4.451756
18936,UBAC1,9.482836,4.758999
18937,UBAC2,11.96677,1.2462504
18938,UBALD1,5.7072043,4.05122
18939,UBALD2,5.7152357,3.9807148
18940,UBAP1,8.50256,7.116266
18941,UBAP1L,7.839406,5.719414
18942,UBAP2,6.224818,4.5651717
18943,UBAP2L,6.0047374,4.135703
18944,UBASH3A,10.644369,6.561935
18945,UBASH3B,10.434391,6.0516944
18946,UBB,5.8680596,10.400626
18947,UBC,7.116065,9.825664
18948,UBD,10.996759,6.90465
18949,UBE2A,7.229234,0.24255247
18950,UBE2B,7.2324696,0.23104809
18951,UBE2C,7.513601,0.55627155
18952,UBE2D1,7.1572824,0.007666669
18953,UBE2D2,7.1674433,-0.03148733
18954,UBE2D3,7.1798234,-0.0168494
18955,UBE2D4,7.173551,-0.060113095
18956,UBE2DNL,6.5709076,-0.51329356
18957,UBE2E1,6.779118,0.24603888
18958,UBE2E2,6.709526,0.25232014
18959,UBE2E3,6.7004366,0.24663986
18960,UBE2F,6.952761,0.6233318
18961,UBE2G1,7.8026,0.7106641
18962,UBE2G2,7.732859,0.64988047
18963,UBE2H,6.8507967,0.5286536
18964,UBE2I,7.559668,0.44640735
18965,UBE2J1,7.501141,2.755656
18966,UBE2J2,7.6581407,1.3907461
18967,UBE2K,7.480124,0.38937095
18968,UBE2L3,7.499378,0.38336492
18969,UBE2L5,7.4812417,0.3427139
18970,UBE2L6,8.233749,1.545306
18971,UBE2M,7.605193,0.51736736
18972,UBE2N,7.238281,0.31924677
18973,UBE2NL,6.519446,-0.5810446
18974,UBE2O,10.372721,8.010034
18975,UBE2Q1,8.006917,3.5262926
18976,UBE2Q2,8.337401,2.6781669
18977,UBE2QL1,6.984194,0.89644045
18978,UBE2R2,7.571446,0.5750185
18979,UBE2S,8.378303,3.4494631
18980,UBE2T,8.141397,1.5321627
18981,UBE2U,10.283937,6.975001
18982,UBE2V1,6.4240146,0.109398186
18983,UBE2V2,6.4061155,0.10486198
18984,UBE2W,7.5914526,0.551887
18985,UBE2Z,8.767269,3.9227276
18986,UBE3A,10.493303,6.568329
18987,UBE3B,10.645753,7.1354437
18988,UBE3C,10.647542,7.0682282
18989,UBE3D,9.868745,4.466089
18990,UBE4A,10.519087,6.9619617
18991,UBE4B,10.076117,6.8968453
18992,UBFD1,7.8913155,4.3151155
18993,UBIAD1,12.506378,1.4661622
18994,UBL3,6.894292,0.84388816
18995,UBL4A,8.13669,2.9131982
18996,UBL4B,11.149131,5.38974
18997,UBL5,6.911651,0.37265018
18998,UBL7,9.046314,4.8096294
18999,UBLCP1,8.978335,1.8945031
19000,UBN1,7.562494,7.562262
19001,UBN2,7.402281,7.459864
19002,UBOX5,9.736232,6.054332
19003,UBP1,7.2094007,3.2410448
19004,UBQLN1,6.9659443,3.406362
19005,UBQLN2,6.945617,3.4581292
19006,UBQLN3,8.716738,7.8500338
19007,UBQLN4,6.9507546,3.3981352
19008,UBQLNL,9.629425,9.753141
19009,UBR1,10.044617,5.6487527
19010,UBR2,9.9892845,5.492625
19011,UBR3,10.940949,8.017757
19012,UBR4,10.879875,10.284483
19013,UBR5,10.567733,9.898631
19014,UBR7,8.93239,4.3981194
19015,UBTD1,8.353964,2.9160786
19016,UBTD2,8.389797,2.643745
19017,UBTF,8.5128,3.989441
19018,UBTFL1,9.511053,6.2683234
19019,UBTFL6,9.545112,6.2826376
19020,UBXN1,7.7830324,3.6919959
19021,UBXN10,8.968486,5.858899
19022,UBXN11,8.828684,5.4723315
19023,UBXN2A,10.071644,6.434623
19024,UBXN2B,9.274013,5.3402414
19025,UBXN4,7.9490395,3.0304816
19026,UBXN6,8.947231,3.914764
19027,UBXN7,8.816101,4.1581817
19028,UBXN8,8.346041,2.9922237
19029,UCHL1,8.170024,1.3503635
19030,UCHL3,9.000709,0.96432245
19031,UCHL5,7.8918033,1.7943666
19032,UCK1,8.594727,1.3139486
19033,UCK2,8.35967,1.014927
19034,UCKL1,8.532665,1.2556398
19035,UCMA,7.6784773,4.1899467
19036,UCN,7.9485426,5.9178085
19037,UCN2,8.601935,6.5246253
19038,UCN3,7.759874,4.632323
19039,UCP1,11.947238,0.29772875
19040,UCP2,11.860824,0.28834704
19041,UCP3,11.926129,0.30731982
19042,UEVLD,10.593537,4.6416416
19043,UFC1,7.9264355,1.1392277
19044,UFD1,8.294073,2.3085546
19045,UFL1,10.025446,5.4456363
19046,UFM1,6.7665806,0.60570085
19047,UFSP1,10.991745,4.702398
19048,UFSP2,10.430501,5.8359623
19049,UGCG,11.987229,2.0909317
19050,UGDH,9.155837,0.8443157
19051,UGGT1,13.250353,4.5291023
19052,UGGT2,13.319773,4.5806413
19053,UGP2,9.162798,1.7547851
19054,UGT1A1,10.32485,-0.31775692
19055,UGT1A10,10.317406,-0.3265258
19056,UGT1A3,10.35377,-0.29464963
19057,UGT1A4,10.329527,-0.32499364
19058,UGT1A5,10.3304,-0.32963467
19059,UGT1A6,10.32109,-0.32816863
19060,UGT1A7,10.315422,-0.33696586
19061,UGT1A8,10.3239765,-0.33096838
19062,UGT1A9,10.280116,-0.37164766
19063,UGT2A1,10.270771,-0.3804811
19064,UGT2A2,10.255597,-0.37533277
19065,UGT2A3,10.276275,-0.3702251
19066,UGT2B10,10.219465,-0.3916005
19067,UGT2B11,10.18007,-0.43001857
19068,UGT2B15,10.176982,-0.4163676
19069,UGT2B17,10.2032995,-0.37863442
19070,UGT2B28,10.21292,-0.38731438
19071,UGT2B4,10.202195,-0.39017615
19072,UGT2B7,10.22026,-0.40700948
19073,UGT3A1,12.862533,3.3657846
19074,UGT3A2,12.845842,3.3866112
19075,UGT8,12.927909,3.424952
19076,UHMK1,10.749781,6.4374228
19077,UHRF1,9.141349,3.481809
19078,UHRF2,9.564071,4.1239643
19079,UIMC1,9.061314,8.542813
19080,ULBP1,15.131208,6.2117977
19081,ULBP2,15.1335535,6.219585
19082,ULBP3,15.137501,6.221285
19083,ULK1,7.427824,4.8979926
19084,ULK2,7.554855,4.5753665
19085,ULK3,9.991528,2.7150726
19086,ULK4,11.155562,9.07926
19087,UMAD1,10.056273,11.48582
19088,UMOD,13.032149,7.226047
19089,UMODL1,12.613844,6.5952644
19090,UMODL1-AS1,9.706594,14.108514
19091,UMPS,9.588277,1.4635397
19092,UNC119,7.973173,3.5179172
19093,UNC119B,7.673395,3.429289
19094,UNC13A,6.931169,2.7060037
19095,UNC13B,7.1966066,2.6575978
19096,UNC13C,8.88866,6.237837
19097,UNC13D,11.179242,6.8424983
19098,UNC45A,10.810611,7.2206607
19099,UNC45B,10.866875,7.284697
19100,UNC50,11.572663,1.4503249
19101,UNC5A,12.751489,5.568213
19102,UNC5B,12.754393,5.496322
19103,UNC5C,13.029579,5.4268293
19104,UNC5CL,11.381383,7.5389376
19105,UNC5D,13.089442,6.2147965
19106,UNC79,10.724616,10.711881
19107,UNC80,10.507432,10.815392
19108,UNC93A,12.324686,1.3685721
19109,UNC93B1,13.8565235,2.6796067
19110,UNCX,5.8584914,5.0554075
19111,UNG,9.059208,1.437616
19112,UNK,7.364416,6.0727773
19113,UNKL,7.5327134,6.0913982
19114,UNQ5815/PRO19632,9.333815,13.719572
19115,UNQ5830/PRO19650/PRO19816,9.5803585,13.240831
19116,UNQ6126/PRO20091,9.803692,13.9888
19117,UNQ6190/PRO20217,10.0432,14.748344
19118,UNQ6493/PRO21345,10.041982,14.217001
19119,UNQ6494/PRO21346,10.010208,14.167709
19120,UNQ9165/PRO28630,10.102228,14.121099
19121,UNQ9370/PRO34162,9.351579,13.965598
19122,UPB1,9.144519,1.3518132
19123,UPF1,8.880958,3.8923864
19124,UPF2,9.44914,5.090527
19125,UPF3A,7.820328,5.7146564
19126,UPF3B,7.429372,4.4226394
19127,UPK1A,13.135499,2.8169706
19128,UPK1B,13.209288,2.8587751
19129,UPK2,13.12079,5.9691567
19130,UPK3A,13.276979,7.040022
19131,UPK3B,9.38275,8.974735
19132,UPK3BL1,12.730107,5.002379
19133,UPK3BL2,12.599468,5.018071
19134,UPP1,9.159494,1.6328427
19135,UPP2,8.968253,1.693635
19136,UPRT,8.111522,3.362474
19137,UQCC1,10.187114,4.4723787
19138,UQCC2,8.469886,2.9050295
19139,UQCC3,8.520522,3.4404202
19140,UQCC4,8.538051,5.7084846
19141,UQCC5,10.751736,1.0750644
19142,UQCC6,10.505857,1.276081
19143,UQCR10,10.523262,1.1036668
19144,UQCR11,10.553773,1.1262065
19145,UQCRB,8.72079,2.3194728
19146,UQCRC1,9.75584,1.7236031
19147,UQCRC2,9.707431,1.9309751
19148,UQCRFS1,9.076956,2.822329
19149,UQCRFS1P1,9.066725,3.0299377
19150,UQCRH,7.160421,1.9968623
19151,UQCRHL,7.1529436,1.7902616
19152,UQCRQ,10.092477,1.3976232
19153,URAD,10.389134,2.4716399
19154,URB1,10.999238,10.215646
19155,URB1-AS1,8.947576,13.976332
19156,URB2,11.02563,10.25935
19157,URGCP,10.686177,6.9339166
19158,URI1,8.25811,4.872056
19159,URM1,6.797133,0.27782863
19160,UROC1,9.329276,1.7863265
19161,UROD,9.689249,1.0349013
19162,UROS,9.080846,1.6096581
19163,USB1,9.77928,2.7100487
19164,USE1,7.6406465,2.3195615
19165,USF1,6.065929,4.2173595
19166,USF2,5.742758,3.8818243
19167,USF3,9.275465,10.07956
19168,USH1C,7.6361566,2.2282386
19169,USH1G,8.349354,4.976301
19170,USH2A,13.360798,7.6157627
19171,USHBP1,9.683212,9.300932
19172,USO1,9.256362,4.240628
19173,USP1,9.524811,8.017021
19174,USP10,8.718426,5.96285
19175,USP11,9.460027,4.2511415
19176,USP12,7.9202895,1.2310003
19177,USP13,9.571288,4.052931
19178,USP14,8.68717,2.305095
19179,USP15,9.138232,3.3428686
19180,USP16,8.943062,4.66271
19181,USP17L1,9.730137,7.449446
19182,USP17L10,9.698939,7.4232206
19183,USP17L11,9.741064,7.421255
19184,USP17L12,9.691532,7.4193707
19185,USP17L13,9.707212,7.412345
19186,USP17L15,9.645511,7.3902125
19187,USP17L17,9.710227,7.437494
19188,USP17L18,9.7457,7.4365106
19189,USP17L19,9.722309,7.432472
19190,USP17L2,9.678155,7.4604006
19191,USP17L20,9.75872,7.441297
19192,USP17L21,9.715535,7.419851
19193,USP17L22,9.707841,7.438448
19194,USP17L23,9.760098,7.4300523
19195,USP17L24,9.733255,7.3995185
19196,USP17L25,9.751867,7.4452267
19197,USP17L26,9.803786,7.37608
19198,USP17L27,9.751727,7.433433
19199,USP17L28,9.753927,7.413432
19200,USP17L29,9.759445,7.4434357
19201,USP17L3,9.695625,7.441874
19202,USP17L30,9.759001,7.439326
19203,USP17L4,9.677194,7.502327
19204,USP17L5,9.7497635,7.425368
19205,USP17L6P,9.892805,4.342425
19206,USP17L7,9.707844,7.5664425
19207,USP17L8,9.744339,7.470958
19208,USP18,10.387378,6.0977535
19209,USP19,9.156334,6.034932
19210,USP2,8.112423,5.0024834
19211,USP20,9.271132,4.6925993
19212,USP21,8.946892,6.2082806
19213,USP22,8.630394,2.0608382
19214,USP24,11.056007,9.144763
19215,USP25,9.925159,5.6784234
19216,USP26,10.206258,9.813062
19217,USP27X,9.556687,4.1294775
19218,USP28,9.744967,5.6804686
19219,USP29,9.913073,9.766989
19220,USP3,10.006632,4.2885375
19221,USP30,9.593343,5.6349916
19222,USP31,8.425139,7.200013
19223,USP32,10.499621,7.3567653
19224,USP33,9.606302,5.642142
19225,USP34,10.902521,10.077683
19226,USP35,10.995194,7.2089458
19227,USP36,7.802574,6.5238056
19228,USP37,9.513239,7.87496
19229,USP38,10.854113,7.9117637
19230,USP39,9.084445,3.151253
19231,USP4,9.185186,3.6220672
19232,USP40,10.794091,7.700615
19233,USP42,8.072523,7.612716
19234,USP43,8.601461,6.3284764
19235,USP44,9.592662,5.6197276
19236,USP45,9.530425,5.400507
19237,USP46,7.9133005,1.2198116
19238,USP47,10.533216,7.575144
19239,USP48,10.695341,7.80337
19240,USP49,9.5211115,5.6315784
19241,USP5,8.999874,2.9583097
19242,USP50,10.927058,7.2144356
19243,USP51,9.425444,6.133176
19244,USP53,9.314232,8.79204
19245,USP54,9.046685,8.435657
19246,USP6,10.269283,7.4012413
19247,USP6NL,8.300027,6.9835014
19248,USP7,10.209703,4.185728
19249,USP8,8.760963,4.5153027
19250,USP9X,11.089705,9.046717
19251,USP9Y,11.086712,9.151356
19252,USPL1,9.742903,10.489006
19253,UST,13.198862,5.3515344
19254,UTF1,9.50917,9.508824
19255,UTP11,8.166125,2.6322544
19256,UTP14A,7.9631896,4.0253816
19257,UTP14C,8.0929,4.057198
19258,UTP15,9.864404,3.884509
19259,UTP18,9.492076,4.0311565
19260,UTP20,11.144245,9.143727
19261,UTP23,8.942656,3.2962692
19262,UTP25,9.491561,4.858628
19263,UTP3,7.984879,4.098507
19264,UTP4,10.809694,6.7615986
19265,UTP6,9.774781,4.463698
19266,UTRN,10.123017,7.821212
19267,UTS2,7.7182064,4.6032352
19268,UTS2B,7.744191,4.6809278
19269,UTS2R,13.426139,1.6184
19270,UTY,8.656505,4.957743
19271,UVRAG,10.677672,9.1508665
19272,UVSSA,8.142452,4.254199
19273,UXS1,9.63273,1.1151795
19274,UXT,9.064718,2.960538
19275,VAC14,9.78072,4.4854765
19276,VAMP1,6.411291,0.68694276
19277,VAMP2,6.471854,0.6708627
19278,VAMP3,6.4885807,0.67565036
19279,VAMP4,7.063057,2.1436665
19280,VAMP5,8.381038,3.1042469
19281,VAMP7,7.8481507,0.86489165
19282,VAMP8,7.552744,1.2754802
19283,VANGL1,10.852036,9.267699
19284,VANGL2,10.846404,9.169491
19285,VAPA,6.846304,2.3686056
19286,VAPB,6.700673,2.3653631
19287,VARS1,10.28943,2.4811835
19288,VARS2,10.746542,3.186031
19289,VASH1,9.680979,4.851906
19290,VASH2,9.140521,4.107434
19291,VASN,12.19552,6.313171
19292,VASP,6.295347,3.451156
19293,VAT1,10.361868,2.0819156
19294,VAT1L,10.376478,2.2779899
19295,VAV1,8.484798,2.1568804
19296,VAV2,8.982605,3.4861286
19297,VAV3,8.402592,2.1112056
19298,VAX1,5.3251004,4.4283237
19299,VAX2,6.0391164,5.021114
19300,VBP1,7.917004,1.570232
19301,VCAM1,13.775368,6.338172
19302,VCAN,8.738491,10.1223135
19303,VCF1,7.909929,5.907523
19304,VCF2,9.961718,12.382968
19305,VCL,9.532929,4.6464252
19306,VCP,7.8769298,0.7500975
19307,VCPIP1,10.669548,10.231414
19308,VCPKMT,9.186315,2.038807
19309,VCX,7.964641,9.558981
19310,VCX2,9.022087,11.296629
19311,VCX3A,8.052359,9.659346
19312,VCX3B,7.84016,9.537457
19313,VCY,9.025789,11.409659
19314,VCY1B,9.044899,11.416374
19315,VDAC1,7.9157076,1.2750458
19316,VDAC2,7.874844,1.292544
19317,VDAC3,7.955331,1.3661547
19318,VDR,9.001062,3.8375854
19319,VEGFA,8.602046,6.8933296
19320,VEGFB,12.193251,6.6776414
19321,VEGFC,13.149045,5.620596
19322,VEGFD,13.260995,6.2350264
19323,VENTX,8.653455,7.758424
19324,VENTXP1,8.838743,13.838852
19325,VEPH1,10.959135,9.632856
19326,VEZF1,7.0997815,6.342778
19327,VEZT,10.587754,10.57064
19328,VGF,8.390735,8.091605
19329,VGLL1,8.386417,7.6086674
19330,VGLL2,5.526456,4.693673
19331,VGLL3,6.063273,4.7954807
19332,VGLL4,6.363059,4.7249966
19333,VHL,8.2616825,3.6602147
19334,VHLL,9.844263,7.4178667
19335,VIL1,9.002161,2.8432662
19336,VILL,10.403092,6.037514
19337,VIM,16.43511,-0.62363654
19338,VIP,7.7022786,4.541911
19339,VIPAS39,10.662883,8.837267
19340,VIPR1,12.778686,1.2261432
19341,VIPR2,12.759073,1.1212025
19342,VIRMA,10.786904,10.367007
19343,VIT,13.418819,5.903712
19344,VKORC1,12.237175,1.0971863
19345,VKORC1L1,11.800904,0.8944463
19346,VLDLR,13.57683,5.5939198
19347,VMA21,11.299644,0.8752686
19348,VMAC,10.672547,9.131427
19349,VMO1,13.028799,5.439478
19350,VMP1,11.388344,1.2979922
19351,VN1R1,15.213374,0.63120705
19352,VN1R17P,15.152331,0.61497015
19353,VN1R2,15.215888,0.6242144
19354,VN1R3,15.196657,0.6384413
19355,VN1R4,15.22424,0.6057316
19356,VN1R5,10.389039,9.096671
19357,VNN1,13.573663,4.8263564
19358,VNN2,13.666558,4.8659973
19359,VOPP1,6.5633683,3.6262455
19360,VPREB1,0.06438982,12.52604
19361,VPREB3,0.10188403,12.446404
19362,VPS11,10.042139,4.2336454
19363,VPS13A,10.144597,5.5683475
19364,VPS13B,10.881853,10.583461
19365,VPS13C,10.082459,5.6908298
19366,VPS13D,10.942621,7.851455
19367,VPS16,10.011809,4.3216934
19368,VPS18,10.581591,5.116537
19369,VPS25,7.9382286,1.6726559
19370,VPS26A,9.384829,3.1919768
19371,VPS26B,7.915662,1.2601718
19372,VPS26C,7.7444553,0.9805969
19373,VPS28,8.040733,2.0378826
19374,VPS29,8.428754,0.84308594
19375,VPS33A,9.118851,2.6948907
19376,VPS33B,10.074013,4.8278575
19377,VPS35,9.602926,4.5097256
19378,VPS35L,11.099335,9.47971
19379,VPS36,9.106093,3.0239227
19380,VPS37A,8.896558,4.850461
19381,VPS37B,7.0310683,4.2331557
19382,VPS37C,6.814486,4.3073835
19383,VPS37D,10.669234,5.3869653
19384,VPS39,10.145944,4.4029155
19385,VPS41,10.04898,4.230821
19386,VPS45,8.973556,2.5253177
19387,VPS4A,7.725825,0.64749116
19388,VPS4B,7.798995,0.7504543
19389,VPS50,8.66949,2.532744
19390,VPS51,10.416991,5.066659
19391,VPS52,8.907389,3.0711124
19392,VPS53,8.839825,2.7288785
19393,VPS54,10.020016,5.3628235
19394,VPS72,8.038386,4.250968
19395,VPS8,10.267073,5.9488897
19396,VPS9D1,8.265948,4.349062
19397,VRK1,9.735238,3.3787303
19398,VRK2,9.877338,6.086323
19399,VRK3,9.793906,5.6682706
19400,VRTN,11.346278,8.155661
19401,VSIG1,13.262591,6.9362903
19402,VSIG10,13.029551,7.0851617
19403,VSIG10L,12.229878,6.652692
19404,VSIG10L2,12.262757,6.323274
19405,VSIG2,13.386513,5.6962714
19406,VSIG4,13.41466,6.601854
19407,VSIG8,13.206057,6.6991153
19408,VSIR,12.607579,6.0534353
19409,VSNL1,7.289984,0.49026904
19410,VSTM1,15.3972845,6.229336
19411,VSTM2A,12.737173,4.883107
19412,VSTM2B,11.981512,4.1472797
19413,VSTM2L,12.040633,4.135222
19414,VSTM4,13.297211,5.3501477
19415,VSTM5,13.449274,6.6185107
19416,VSX1,7.255901,6.249544
19417,VSX2,5.5389442,4.2676635
19418,VTA1,7.1945457,3.1265962
19419,VTCN1,13.585428,6.598501
19420,VTI1A,7.1716976,1.8479946
19421,VTI1B,7.4997497,2.2077835
19422,VTN,12.794821,5.293346
19423,VWA1,11.995352,5.647108
19424,VWA2,12.739297,6.3616776
19425,VWA3A,10.931755,8.771502
19426,VWA3B,10.681651,9.611851
19427,VWA5A,10.104983,3.639736
19428,VWA5B1,9.339998,6.089169
19429,VWA5B2,11.317822,6.915508
19430,VWA7,12.383881,6.047344
19431,VWA8,10.420058,6.1032996
19432,VWC2,12.716855,5.972483
19433,VWC2L,13.4197445,4.856965
19434,VWCE,12.217716,7.0064125
19435,VWDE,13.41174,7.3736286
19436,VWF,13.222683,6.4763374
19437,VXN,10.081533,11.141411
19438,WAC,6.59565,5.5076985
19439,WAPL,8.726827,5.826922
19440,WARS1,9.020163,1.1317517
19441,WARS2,9.837955,1.1135888
19442,WAS,6.6865473,4.322445
19443,WASF1,7.468025,6.0415373
19444,WASF2,6.4382567,3.9220188
19445,WASF3,6.3703747,3.861118
19446,WASH2P,7.414923,4.071609
19447,WASH3P,7.449468,4.108817
19448,WASH4P,7.6491556,4.6187196
19449,WASH6P,7.5570517,4.536969
19450,WASHC1,7.4475207,4.1390486
19451,WASHC2A,8.079915,7.847067
19452,WASHC2C,8.015603,7.8428526
19453,WASHC3,6.9329786,2.419611
19454,WASHC4,10.872277,11.42151
19455,WASHC5,10.870289,11.412053
19456,WASL,6.3713684,3.416466
19457,WBP1,7.8410773,6.26397
19458,WBP11,6.917072,4.3422976
19459,WBP1L,7.92585,6.2290063
19460,WBP2,6.909092,3.9176726
19461,WBP2NL,7.7743363,6.2973337
19462,WBP4,8.351516,5.103459
19463,WDCP,10.909202,10.436397
19464,WDFY1,9.644404,3.4970832
19465,WDFY2,9.256383,2.907332
19466,WDFY3,11.056349,9.946509
19467,WDFY4,11.016026,9.966819
19468,WDHD1,10.372779,7.855051
19469,WDPCP,10.959579,9.933342
19470,WDR1,9.611406,3.6420596
19471,WDR11,11.076879,8.983927
19472,WDR12,9.634662,3.6284003
19473,WDR13,10.032223,4.571131
19474,WDR17,10.934769,7.8347497
19475,WDR18,10.391537,4.1123652
19476,WDR19,10.848303,6.8312345
19477,WDR20,8.979604,3.7237234
19478,WDR24,10.586263,6.4977913
19479,WDR25,9.784492,6.6029434
19480,WDR26,9.946184,4.4989305
19481,WDR27,10.737392,6.670853
19482,WDR3,9.499512,3.6622443
19483,WDR31,10.953302,6.23208
19484,WDR33,6.8767743,5.099537
19485,WDR35,10.244873,5.329344
19486,WDR36,10.031045,4.269092
19487,WDR37,9.712008,3.7763467
19488,WDR38,10.954959,6.4143806
19489,WDR4,10.579588,4.6909337
19490,WDR41,10.947724,7.334783
19491,WDR43,10.080189,5.8108163
19492,WDR44,8.542761,4.9712048
19493,WDR45,9.318176,2.6523294
19494,WDR45B,9.136554,2.415196
19495,WDR46,10.126789,4.5514946
19496,WDR47,9.655569,6.3150296
19497,WDR48,9.67947,3.892397
19498,WDR5,7.907758,1.3667569
19499,WDR53,10.789479,5.7036114
19500,WDR54,11.029937,7.339283
19501,WDR55,10.868632,6.3068132
19502,WDR59,9.953126,6.1871057
19503,WDR5B,8.0898,1.5521717
19504,WDR6,11.001293,7.29429
19505,WDR62,9.279472,7.0906405
19506,WDR64,11.00674,9.042335
19507,WDR7,10.983482,9.551057
19508,WDR70,8.068769,2.5619774
19509,WDR72,10.893928,10.586803
19510,WDR73,10.886745,6.0936675
19511,WDR74,10.395544,4.3092856
19512,WDR75,10.830261,7.8082466
19513,WDR76,9.905628,6.7198586
19514,WDR77,11.055674,6.1161118
19515,WDR81,11.414692,8.174917
19516,WDR82,9.014078,2.5388637
19517,WDR83,9.159375,2.5024302
19518,WDR83OS,11.207649,0.82819057
19519,WDR86,11.12501,5.8280787
19520,WDR87,10.470147,10.218281
19521,WDR88,10.90598,7.25475
19522,WDR89,10.868122,6.660571
19523,WDR90,11.214971,6.336647
19524,WDR91,9.781337,6.0789657
19525,WDR93,10.862221,10.288483
19526,WDR97,10.651767,10.154722
19527,WDSUB1,11.001113,5.9652567
19528,WDTC1,9.900486,3.836098
19529,WEE1,8.504592,5.3843484
19530,WEE2,9.527582,6.2875824
19531,WFDC1,12.203332,5.1424346
19532,WFDC10A,14.431337,5.726356
19533,WFDC10B,14.488609,5.6953683
19534,WFDC11,14.222598,6.139044
19535,WFDC12,12.959635,7.2716203
19536,WFDC13,13.645788,6.5188904
19537,WFDC2,13.862476,5.371636
19538,WFDC3,13.22356,7.0131187
19539,WFDC5,12.20994,7.152493
19540,WFDC8,13.650534,6.9253964
19541,WFDC9,14.407714,5.8440766
19542,WFIKKN1,12.418395,6.3216443
19543,WFIKKN2,13.388817,6.7451196
19544,WFS1,10.773163,10.770639
19545,WHAMM,8.799903,5.2784743
19546,WHAMMP3,10.893805,11.122242
19547,WHRN,7.8672667,4.8279214
19548,WIF1,12.77931,7.8948455
19549,WIPF1,6.264189,4.174687
19550,WIPF2,6.2744293,4.118613
19551,WIPF3,6.3089094,4.2570457
19552,WIPI1,9.258771,2.9266024
19553,WIPI2,8.09014,2.4779572
19554,WIZ,8.080768,7.972822
19555,WLS,12.154083,2.255235
19556,WNK1,6.9025064,6.1457314
19557,WNK2,7.67189,6.6858945
19558,WNK3,8.83276,8.049442
19559,WNK4,7.876986,6.110162
19560,WNT1,12.414064,4.557412
19561,WNT10A,12.530818,5.0298686
19562,WNT10B,12.493165,4.9845767
19563,WNT11,12.462871,4.476252
19564,WNT16,12.426331,4.4935517
19565,WNT2,12.450469,4.475211
19566,WNT2B,12.395466,4.530198
19567,WNT3,12.442094,4.455557
19568,WNT3A,12.415803,4.492247
19569,WNT4,12.473466,4.3837786
19570,WNT5A,12.451023,4.3649893
19571,WNT5B,12.497709,4.3626504
19572,WNT6,12.28243,4.706666
19573,WNT7A,12.505886,4.348962
19574,WNT7B,12.493258,4.3328295
19575,WNT8A,12.517494,4.5363164
19576,WNT8B,12.447454,4.519963
19577,WNT9A,12.404147,4.674457
19578,WNT9B,12.404065,4.7894797
19579,WRAP53,9.191666,6.7355633
19580,WRAP73,10.214175,3.7774987
19581,WRN,9.825455,5.3292456
19582,WRNIP1,8.789459,3.6726573
19583,WSB1,10.895321,6.6897373
19584,WSB2,10.972466,6.286436
19585,WSCD1,12.598032,5.4107876
19586,WSCD2,12.890684,4.9189544
19587,WT1,7.355674,6.9472113
19588,WT1-AS,9.758381,14.172361
19589,WTAP,9.098833,6.3514433
19590,WTIP,7.267996,5.396488
19591,WWC1,8.308813,5.290987
19592,WWC2,8.39853,5.267188
19593,WWC2-AS2,10.056095,14.762321
19594,WWC3,8.258821,5.777042
19595,WWOX,9.400182,1.5182049
19596,WWP1,8.836862,3.653053
19597,WWP2,8.864866,3.548166
19598,WWTR1,5.9527683,4.0702987
19599,XAB2,8.86347,2.735263
19600,XAF1,9.327073,6.456569
19601,XAGE1A,9.433536,13.280608
19602,XAGE1B,9.434071,13.277114
19603,XAGE2,9.773948,12.257092
19604,XAGE3,9.485469,12.128481
19605,XAGE5,9.692704,12.304577
19606,XBP1,8.35531,6.583352
19607,XCL1,14.2462435,5.66117
19608,XCL2,14.275285,5.641612
19609,XCR1,13.844515,1.3602504
19610,XDH,9.441001,1.3168317
19611,XG,6.7964983,3.8423214
19612,XIAP,10.236363,6.4803514
19613,XIRP1,8.955174,9.739843
19614,XIRP2,9.190244,9.163127
19615,XK,13.129152,2.7477472
19616,XKR3,13.650301,2.7744427
19617,XKR4,12.455669,2.5853784
19618,XKR5,11.861257,7.1931205
19619,XKR6,12.515241,2.6215801
19620,XKR7,12.568757,2.4175391
19621,XKR8,13.183805,2.2050743
19622,XKR9,13.0473795,2.7091486
19623,XKRX,13.510756,2.8029277
19624,XKRY,9.583821,13.229655
19625,XNDC1N,9.156797,6.8570743
19626,XPA,7.419853,2.408379
19627,XPC,8.339388,5.1161375
19628,XPNPEP1,9.802005,1.3342645
19629,XPNPEP2,13.780642,4.231094
19630,XPNPEP3,10.3646,2.3061993
19631,XPO1,8.735288,2.6555269
19632,XPO4,10.974071,7.821385
19633,XPO5,10.926814,7.4160724
19634,XPO6,11.154439,9.031666
19635,XPO7,10.339578,5.4035673
19636,XPOT,10.371445,5.322445
19637,XPR1,12.046217,2.1116545
19638,XRCC1,7.92647,4.4116545
19639,XRCC2,9.576022,2.708026
19640,XRCC3,10.4875,2.905073
19641,XRCC4,9.426077,5.4087563
19642,XRCC5,10.163007,5.1196876
19643,XRCC6,9.371104,3.3853133
19644,XRN1,10.207673,7.2919865
19645,XRN2,9.370861,3.8254447
19646,XRRA1,10.442794,9.148605
19647,XXYLT1,12.356435,4.334373
19648,XYLB,9.493468,1.6867213
19649,XYLT1,12.441086,7.8733387
19650,XYLT2,12.155582,7.948342
19651,YAE1,9.568847,5.510897
19652,YAF2,6.2836065,2.8531015
19653,YAP1,6.139718,4.2028036
19654,YARS1,9.037448,1.0961134
19655,YARS2,10.477132,2.867055
19656,YBEY,8.783826,1.2907059
19657,YBX1,6.170342,2.9053977
19658,YBX2,7.3548956,6.3942885
19659,YBX3,6.910964,4.639841
19660,YDJC,10.97277,4.3114195
19661,YEATS2,7.453479,7.5076838
19662,YEATS4,8.667451,2.1713862
19663,YES1,7.8999696,1.4605185
19664,YIF1A,11.385731,1.4117193
19665,YIF1B,11.314709,1.2116681
19666,YIPF1,11.906756,2.0075026
19667,YIPF2,12.461346,2.3204222
19668,YIPF3,12.478084,2.4531806
19669,YIPF4,11.3700485,1.236704
19670,YIPF5,11.042533,1.1053078
19671,YIPF6,11.703617,1.512407
19672,YIPF7,11.139491,1.1882892
19673,YJEFN3,9.615549,3.511195
19674,YJU2,6.901104,2.6051052
19675,YJU2B,7.812532,3.7253554
19676,YKT6,7.8388376,1.0760603
19677,YLPM1,7.3777275,7.583664
19678,YME1L1,9.980793,4.6429043
19679,YOD1,10.211923,4.8417454
19680,YPEL1,6.523236,0.02994543
19681,YPEL2,6.4638515,0.016324207
19682,YPEL3,6.8288784,0.2789901
19683,YPEL4,6.989333,0.36295873
19684,YPEL5,7.472925,0.3287674
19685,YRDC,10.690228,3.200763
19686,YTHDC1,7.3414297,5.275635
19687,YTHDC2,10.073371,4.3811293
19688,YTHDF1,6.910278,5.718635
19689,YTHDF2,6.897832,5.674191
19690,YTHDF3,6.852334,5.6812186
19691,YWHAB,7.1169853,0.24189827
19692,YWHAE,7.2745895,0.39306447
19693,YWHAG,7.230329,0.26484248
19694,YWHAH,7.202692,0.28058603
19695,YWHAH-AS1,9.491788,13.922471
19696,YWHAQ,7.185847,0.23596537
19697,YWHAZ,7.1090674,0.19929129
19698,YY1,6.476088,4.647261
19699,YY1AP1,9.767679,10.974141
19700,YY2,7.80136,6.9407835
19701,ZACN,11.935602,7.708006
19702,ZAN,13.038158,6.4039783
19703,ZAP70,10.240664,4.8897777
19704,ZAR1,7.53538,6.1295624
19705,ZAR1L,8.363174,6.124695
19706,ZBBX,9.829929,10.668498
19707,ZBED1,10.569549,7.301661
19708,ZBED10P,10.801774,9.955747
19709,ZBED2,10.4972725,8.787436
19710,ZBED3,7.8906493,7.30562
19711,ZBED4,10.581682,8.740923
19712,ZBED5,10.325158,6.9342527
19713,ZBED6,10.8135395,8.82216
19714,ZBP1,8.88193,8.313984
19715,ZBTB1,10.366913,8.963829
19716,ZBTB10,8.455091,8.079709
19717,ZBTB11,8.710027,8.421647
19718,ZBTB12,7.1486964,5.8818355
19719,ZBTB14,8.644232,8.341334
19720,ZBTB16,8.197768,7.571126
19721,ZBTB17,8.121993,7.281438
19722,ZBTB18,8.317828,5.78935
19723,ZBTB2,8.739743,8.291155
19724,ZBTB20,8.032774,7.5686226
19725,ZBTB21,8.873455,8.531127
19726,ZBTB22,7.7226872,7.4271307
19727,ZBTB24,8.485102,8.191313
19728,ZBTB25,9.110051,8.180451
19729,ZBTB26,8.728289,7.50325
19730,ZBTB3,8.073508,7.789355
19731,ZBTB32,8.71825,7.97842
19732,ZBTB33,8.660252,8.166333
19733,ZBTB34,8.749132,8.348154
19734,ZBTB37,8.714782,8.300728
19735,ZBTB38,9.286056,9.085597
19736,ZBTB39,9.077046,8.4665365
19737,ZBTB4,7.7186713,7.648491
19738,ZBTB40,8.781662,8.445826
19739,ZBTB41,8.660167,8.380054
19740,ZBTB42,7.7334847,5.773682
19741,ZBTB43,8.618308,8.070236
19742,ZBTB44,8.828436,8.468351
19743,ZBTB45,7.2779307,5.9262996
19744,ZBTB46,6.869976,5.0703306
19745,ZBTB47,7.104461,4.9757624
19746,ZBTB48,8.312949,7.3736405
19747,ZBTB49,8.348145,7.486118
19748,ZBTB5,7.9867926,7.4394236
19749,ZBTB6,9.1497755,8.037022
19750,ZBTB7A,7.107756,6.040093
19751,ZBTB7B,7.239522,6.22174
19752,ZBTB7C,7.1657352,6.0663757
19753,ZBTB8A,8.734214,6.9599257
19754,ZBTB8B,8.046501,6.7401576
19755,ZBTB8OS,8.888898,0.8607257
19756,ZBTB9,7.81539,7.5408773
19757,ZC2HC1A,7.217342,4.596115
19758,ZC2HC1B,7.760083,4.7013717
19759,ZC2HC1C,9.495415,9.807815
19760,ZC3H10,6.9675426,6.126682
19761,ZC3H11A,8.205027,7.356902
19762,ZC3H11B,8.54617,8.05065
19763,ZC3H11C,8.587584,8.102165
19764,ZC3H12A,7.881907,5.6529274
19765,ZC3H12B,8.338937,7.0899663
19766,ZC3H12C,8.225604,6.912591
19767,ZC3H12D,7.7833567,5.802364
19768,ZC3H13,8.680719,9.241133
19769,ZC3H14,7.9181676,7.0990233
19770,ZC3H15,7.390897,2.5453327
19771,ZC3H18,6.5395956,3.4164834
19772,ZC3H3,8.559262,8.702527
19773,ZC3H4,7.5174856,7.233512
19774,ZC3H6,8.633917,8.959988
19775,ZC3H7A,10.603322,8.43383
19776,ZC3H7B,10.451369,8.385649
19777,ZC3H8,9.111525,8.267072
19778,ZC3HAV1,10.1435995,7.8487425
19779,ZC3HAV1L,10.113568,6.386753
19780,ZC3HC1,9.1999655,5.9563065
19781,ZC4H2,6.9485145,2.8007922
19782,ZCCHC10,6.2145596,2.6343324
19783,ZCCHC12,10.519037,8.579066
19784,ZCCHC13,9.64556,7.4069653
19785,ZCCHC14,8.942113,9.509846
19786,ZCCHC17,7.4712133,2.829964
19787,ZCCHC18,10.481007,8.764016
19788,ZCCHC2,8.985767,9.2348175
19789,ZCCHC24,6.882262,3.7526574
19790,ZCCHC3,10.879489,7.2719517
19791,ZCCHC4,9.924479,4.3667364
19792,ZCCHC7,9.17235,8.255114
19793,ZCCHC8,8.105825,4.9687357
19794,ZCCHC9,7.9379473,3.191413
19795,ZCRB1,7.669839,2.3811293
19796,ZCWPW1,9.080227,8.231596
19797,ZCWPW2,9.853618,6.6554127
19798,ZDBF2,8.891676,10.511228
19799,ZDHHC1,8.62724,6.36014
19800,ZDHHC11,12.9501,3.1798193
19801,ZDHHC11B,12.930737,3.116085
19802,ZDHHC12,12.983485,1.3323292
19803,ZDHHC13,12.850582,2.8490474
19804,ZDHHC14,7.8745556,3.8920126
19805,ZDHHC15,11.757187,1.5376422
19806,ZDHHC16,12.413104,2.0951278
19807,ZDHHC17,12.246785,2.8871703
19808,ZDHHC18,11.263974,1.5177529
19809,ZDHHC19,13.366184,2.0931334
19810,ZDHHC2,11.855089,1.4333934
19811,ZDHHC20,11.657447,1.4239762
19812,ZDHHC21,13.395188,2.7014918
19813,ZDHHC22,13.484854,2.5813706
19814,ZDHHC23,12.862047,2.922266
19815,ZDHHC24,13.555515,1.9397146
19816,ZDHHC3,11.819853,1.2322289
19817,ZDHHC4,12.616298,2.042746
19818,ZDHHC5,7.7864704,6.3225384
19819,ZDHHC6,12.425365,2.8870728
19820,ZDHHC7,11.698698,1.5053666
19821,ZDHHC8,7.680721,6.302045
19822,ZDHHC9,11.668973,1.5410461
19823,ZEB1,7.9070086,7.5708075
19824,ZEB2,7.8177705,7.477717
19825,ZER1,10.767959,7.131119
19826,ZFAND1,8.633004,2.822294
19827,ZFAND2A,8.281898,2.7570074
19828,ZFAND2B,7.7584114,3.433176
19829,ZFAND3,7.060678,3.7368484
19830,ZFAND4,9.122169,8.756293
19831,ZFAND5,6.7365723,3.4369292
19832,ZFAND6,6.8747306,3.5318348
19833,ZFAT,8.830781,8.575866
19834,ZFC3H1,10.43163,9.132902
19835,ZFHX2,8.016441,7.938949
19836,ZFHX3,7.861625,7.563602
19837,ZFHX4,7.9086113,7.5669904
19838,ZFP1,14.331255,14.796275
19839,ZFP14,14.48713,15.220756
19840,ZFP2,14.68684,15.373465
19841,ZFP28,14.142049,14.814406
19842,ZFP3,14.396979,15.175494
19843,ZFP30,14.5476675,15.28499
19844,ZFP36,7.7168503,7.2983274
19845,ZFP36L1,6.2220745,4.638859
19846,ZFP36L2,5.4546485,4.6492257
19847,ZFP37,14.372297,14.78182
19848,ZFP41,14.012625,14.7759285
19849,ZFP42,9.104572,7.0293612
19850,ZFP57,13.830898,14.343394
19851,ZFP62,14.690812,15.249266
19852,ZFP64,8.551163,8.295961
19853,ZFP69,14.131199,14.680834
19854,ZFP69B,14.090129,14.671276
19855,ZFP82,14.549265,15.264399
19856,ZFP90,14.324217,14.9198885
19857,ZFP91,7.8634834,6.8756895
19858,ZFP92,7.4861546,8.357887
19859,ZFPL1,7.5296187,4.5505524
19860,ZFPM1,7.249789,5.88265
19861,ZFPM2,9.002307,8.623414
19862,ZFR,6.499138,4.172274
19863,ZFR2,7.858156,5.957647
19864,ZFTA,7.923475,7.216104
19865,ZFTRAF1,8.733134,4.530671
19866,ZFX,8.697893,8.473494
19867,ZFY,8.746722,8.507943
19868,ZFYVE1,10.41549,6.119649
19869,ZFYVE16,9.659209,10.027265
19870,ZFYVE19,8.087647,4.5721297
19871,ZFYVE21,8.593091,3.298111
19872,ZFYVE26,10.784957,10.056489
19873,ZFYVE27,8.630161,3.433452
19874,ZFYVE28,8.424012,6.2371793
19875,ZFYVE9,9.485175,9.65163
19876,ZG16,13.701772,4.826679
19877,ZG16B,13.793291,6.2514377
19878,ZGLP1,8.648946,7.731564
19879,ZGPAT,8.069206,4.2908936
19880,ZGRF1,9.8863735,9.963904
19881,ZHX1,7.2040367,4.8897147
19882,ZHX1-C8orf76,10.727158,8.151696
19883,ZHX2,7.735684,6.878217
19884,ZHX3,7.958258,7.5399823
19885,ZIC1,5.334917,4.2250195
19886,ZIC2,5.3050566,4.3188186
19887,ZIC3,5.445207,4.409469
19888,ZIC4,6.0481,3.8357158
19889,ZIC5,5.5716224,4.8052745
19890,ZIK1,13.987154,15.096865
19891,ZIM2,13.940364,14.296587
19892,ZIM3,14.267565,14.895482
19893,ZKSCAN1,13.712588,14.467604
19894,ZKSCAN2,13.679303,14.400373
19895,ZKSCAN3,13.6533985,14.468335
19896,ZKSCAN4,13.656336,14.490363
19897,ZKSCAN5,13.890874,14.579536
19898,ZKSCAN7,13.847056,14.725305
19899,ZKSCAN8,13.711641,14.620596
19900,ZKSCAN8P1,14.600295,15.331898
19901,ZMAT1,8.999039,8.225656
19902,ZMAT2,7.5111938,2.4724405
19903,ZMAT3,8.342973,5.184128
19904,ZMAT4,7.0663095,2.60914
19905,ZMAT5,7.9342737,3.6769688
19906,ZMIZ1,6.2801867,4.6621823
19907,ZMIZ2,6.2409906,4.6760745
19908,ZMPSTE24,11.595321,1.2942953
19909,ZMYM1,10.480242,7.5803065
19910,ZMYM2,8.9200945,7.1550093
19911,ZMYM3,9.166435,6.5901084
19912,ZMYM4,8.597195,7.1198406
19913,ZMYM5,9.538974,8.950319
19914,ZMYM6,10.028974,7.0233717
19915,ZMYND10,10.910905,9.807628
19916,ZMYND11,9.970391,5.452216
19917,ZMYND12,10.296532,4.8324127
19918,ZMYND15,11.446629,7.995782
19919,ZMYND19,9.286735,3.4647236
19920,ZMYND8,7.2216067,5.0645185
19921,ZNF10,14.1552725,14.585969
19922,ZNF100,15.029743,14.985998
19923,ZNF101,14.377626,14.834622
19924,ZNF106,9.188133,9.315644
19925,ZNF107,15.015852,15.0545225
19926,ZNF112,14.314996,14.528778
19927,ZNF114,14.06541,14.334677
19928,ZNF117,14.663236,14.786153
19929,ZNF12,14.468279,15.170031
19930,ZNF121,14.505375,15.012014
19931,ZNF124,14.616467,15.056171
19932,ZNF131,8.679727,8.401945
19933,ZNF132,14.029367,15.145257
19934,ZNF133,14.000629,14.931703
19935,ZNF134,14.0551405,15.007061
19936,ZNF135,14.435325,15.254802
19937,ZNF136,14.740917,15.255593
19938,ZNF137P,14.251661,14.531512
19939,ZNF138,14.172122,14.392095
19940,ZNF14,14.744828,15.262731
19941,ZNF140,14.28072,14.942018
19942,ZNF141,15.0194845,14.951658
19943,ZNF142,7.989152,8.167703
19944,ZNF143,6.5635605,4.761426
19945,ZNF146,14.678909,15.3554125
19946,ZNF148,9.035127,9.467127
19947,ZNF154,14.102778,15.17193
19948,ZNF155,14.290614,14.797459
19949,ZNF157,14.424554,15.255378
19950,ZNF16,14.045701,14.951395
19951,ZNF160,14.671296,15.310434
19952,ZNF165,13.768238,14.539432
19953,ZNF169,13.877296,14.839148
19954,ZNF17,14.258592,15.2324095
19955,ZNF174,13.682309,14.3962345
19956,ZNF175,14.23613,14.559666
19957,ZNF177,14.401566,14.6170635
19958,ZNF18,13.705263,14.425049
19959,ZNF180,14.297713,14.753535
19960,ZNF181,14.352394,14.7855625
19961,ZNF182,14.487016,14.966141
19962,ZNF184,14.461402,15.292219
19963,ZNF185,7.925073,7.538699
19964,ZNF189,14.538176,15.297148
19965,ZNF19,14.13598,14.95522
19966,ZNF195,14.477329,14.650953
19967,ZNF197,14.102694,14.918413
19968,ZNF2,14.092711,14.99485
19969,ZNF20,14.573082,15.083445
19970,ZNF200,9.841065,10.430588
19971,ZNF202,13.63879,14.41674
19972,ZNF205,7.7023063,8.330988
19973,ZNF207,6.154604,4.1123986
19974,ZNF208,15.234497,15.20027
19975,ZNF211,13.986434,15.118902
19976,ZNF212,8.316487,7.887003
19977,ZNF213,7.625759,8.322746
19978,ZNF214,14.251718,14.525117
19979,ZNF215,13.907285,14.467157
19980,ZNF217,9.153781,9.492
19981,ZNF219,7.7919083,7.728243
19982,ZNF22,14.199197,14.795451
19983,ZNF22-AS1,9.259899,13.9385
19984,ZNF221,14.388672,15.111438
19985,ZNF222,14.202587,14.542685
19986,ZNF223,14.181689,14.528505
19987,ZNF224,14.454053,15.236694
19988,ZNF225,14.38613,15.171969
19989,ZNF226,14.28863,14.755059
19990,ZNF227,14.345497,15.115325
19991,ZNF229,14.078075,14.972888
19992,ZNF23,14.530653,15.280278
19993,ZNF230,14.151622,14.498438
19994,ZNF232,13.670092,14.48904
19995,ZNF233,14.208432,14.46599
19996,ZNF234,14.460098,15.250241
19997,ZNF235,14.27763,15.091698
19998,ZNF236,8.358943,8.049959
19999,ZNF239,14.246432,14.737555
20000,ZNF24,13.689931,14.525318
20001,ZNF248,14.264216,14.527767
20002,ZNF25,14.502617,15.19684
20003,ZNF250,14.206147,15.191925
20004,ZNF251,14.0239,14.950726
20005,ZNF252P-AS1,9.976639,14.408235
20006,ZNF253,15.031933,14.967504
20007,ZNF254,15.21018,15.138854
20008,ZNF256,14.054087,15.147084
20009,ZNF257,15.216084,15.133779
20010,ZNF26,14.427018,15.22208
20011,ZNF260,14.685576,15.280258
20012,ZNF263,13.581591,14.43772
20013,ZNF264,14.054294,15.047921
20014,ZNF266,14.453625,14.9404335
20015,ZNF267,14.456129,14.782898
20016,ZNF268,14.649199,15.318479
20017,ZNF273,15.047849,14.971238
20018,ZNF274,13.635433,14.415979
20019,ZNF275,7.5758967,8.3612795
20020,ZNF276,8.59133,6.8228884
20021,ZNF277,9.736326,5.2298574
20022,ZNF28,14.653349,15.160597
20023,ZNF280A,9.074193,8.199098
20024,ZNF280B,9.043738,8.155986
20025,ZNF280C,9.080207,7.8901877
20026,ZNF280D,9.07653,8.355073
20027,ZNF281,8.95709,9.466287
20028,ZNF282,8.238305,7.95632
20029,ZNF283,14.778748,15.2004595
20030,ZNF284,14.255982,14.604945
20031,ZNF285,14.212295,14.561164
20032,ZNF286A,14.195334,14.766814
20033,ZNF286B,14.108716,14.501135
20034,ZNF287,14.257676,14.821236
20035,ZNF292,9.704063,10.246942
20036,ZNF295-AS1,9.983589,13.964488
20037,ZNF296,7.8093877,7.77569
20038,ZNF3,14.140566,14.859274
20039,ZNF30,14.5875845,15.289679
20040,ZNF300,14.337934,14.826225
20041,ZNF302,14.14769,14.463617
20042,ZNF304,14.067761,15.168825
20043,ZNF311,14.126453,14.86677
20044,ZNF316,7.552482,8.20875
20045,ZNF317,14.105721,15.00353
20046,ZNF318,9.02505,9.612735
20047,ZNF319,7.5241637,8.225452
20048,ZNF32,14.069463,14.993773
20049,ZNF320,14.488487,14.967591
20050,ZNF321P,9.634402,13.18343
20051,ZNF322,14.265567,14.60966
20052,ZNF324,7.5458055,8.36856
20053,ZNF324B,7.5706086,8.374478
20054,ZNF326,8.2597685,7.767436
20055,ZNF329,14.125775,14.884778
20056,ZNF330,10.513269,8.384277
20057,ZNF331,14.596296,15.321121
20058,ZNF333,13.848644,14.539711
20059,ZNF334,14.39798,14.740195
20060,ZNF335,7.8249927,7.727262
20061,ZNF337,14.211224,15.1092415
20062,ZNF33A,14.394625,14.765613
20063,ZNF33B,14.468528,14.909136
20064,ZNF34,14.089613,15.0335
20065,ZNF341,7.8302684,7.59354
20066,ZNF343,14.131604,14.8796625
20067,ZNF345,14.789558,15.256981
20068,ZNF346,8.459562,5.089683
20069,ZNF347,14.705982,15.182169
20070,ZNF35,14.134002,14.806247
20071,ZNF350,14.236297,14.558132
20072,ZNF354A,14.329383,14.835897
20073,ZNF354B,14.295507,14.796434
20074,ZNF354C,14.345993,14.870092
20075,ZNF355P,14.689459,14.803891
20076,ZNF358,7.5816708,8.298352
20077,ZNF362,6.8069463,5.700927
20078,ZNF365,10.01035,9.1834
20079,ZNF366,8.28437,7.7786036
20080,ZNF367,6.8479004,4.9996443
20081,ZNF37A,14.414442,14.77314
20082,ZNF382,14.322623,14.61346
20083,ZNF383,14.523877,15.249329
20084,ZNF384,6.4613748,4.857322
20085,ZNF385A,6.652952,4.4130907
20086,ZNF385B,6.269882,4.1464396
20087,ZNF385C,6.724193,4.592446
20088,ZNF385D,6.324216,4.3352013
20089,ZNF391,14.402728,15.232924
20090,ZNF394,13.6966505,14.512297
20091,ZNF395,7.627094,6.3128376
20092,ZNF396,13.700944,14.5304785
20093,ZNF397,13.728586,14.617069
20094,ZNF398,8.315164,7.943683
20095,ZNF404,14.467743,15.108975
20096,ZNF407,9.237993,9.328818
20097,ZNF408,7.885046,8.1899
20098,ZNF41,14.303565,14.796403
20099,ZNF410,8.927431,8.748602
20100,ZNF414,8.426714,7.6531224
20101,ZNF415,14.337515,14.690952
20102,ZNF416,13.988012,15.084469
20103,ZNF417,13.964763,15.07596
20104,ZNF418,14.100381,15.169471
20105,ZNF419,14.015868,15.108088
20106,ZNF420,14.716001,15.313904
20107,ZNF423,8.728043,8.43365
20108,ZNF425,14.151686,15.058577
20109,ZNF426,14.436044,14.919555
20110,ZNF428,8.6739435,8.718001
20111,ZNF429,15.231361,15.155972
20112,ZNF43,15.205366,15.154421
20113,ZNF430,15.095895,14.9993925
20114,ZNF431,15.055676,14.982027
20115,ZNF432,14.492904,15.185387
20116,ZNF433,14.714072,15.188727
20117,ZNF436,14.365708,15.24292
20118,ZNF436-AS1,9.498932,12.541666
20119,ZNF438,9.324968,9.812044
20120,ZNF439,14.473218,14.885075
20121,ZNF44,14.518366,14.925571
20122,ZNF440,14.473371,14.840688
20123,ZNF441,14.629806,15.132167
20124,ZNF442,14.689874,15.181978
20125,ZNF443,14.650737,15.207
20126,ZNF444,7.5731897,8.31002
20127,ZNF445,13.784057,14.439485
20128,ZNF446,7.9453487,8.124892
20129,ZNF449,13.752444,14.442227
20130,ZNF45,14.332467,15.206802
20131,ZNF451,10.7249975,10.087501
20132,ZNF454,14.318112,15.224026
20133,ZNF460,14.087446,14.959203
20134,ZNF461,14.359498,14.765629
20135,ZNF462,9.6448,9.462054
20136,ZNF467,7.525279,8.346745
20137,ZNF468,14.39772,14.779763
20138,ZNF469,9.324341,10.434037
20139,ZNF470,14.55761,15.314601
20140,ZNF471,14.466746,15.26881
20141,ZNF473,14.133969,14.547006
20142,ZNF474,9.2502775,8.302425
20143,ZNF475,8.190385,2.5576057
20144,ZNF479,15.228236,15.154135
20145,ZNF48,7.5317163,8.29655
20146,ZNF480,14.812474,14.953417
20147,ZNF483,13.952635,14.630639
20148,ZNF484,14.40107,14.741951
20149,ZNF485,14.385595,15.252389
20150,ZNF486,14.983297,14.940004
20151,ZNF487,14.138346,14.431474
20152,ZNF488,8.706189,8.2294035
20153,ZNF490,14.489434,14.947709
20154,ZNF491,14.514459,14.92619
20155,ZNF492,15.143356,15.098483
20156,ZNF493,15.215314,15.174851
20157,ZNF496,13.687661,14.349303
20158,ZNF497,7.4788404,8.344581
20159,ZNF500,7.7124877,8.297244
20160,ZNF501,14.642757,15.3591585
20161,ZNF502,14.424259,15.158416
20162,ZNF503,5.415974,4.4956703
20163,ZNF503-AS2,9.860838,14.442956
20164,ZNF506,15.008149,14.953887
20165,ZNF507,9.498475,9.929532
20166,ZNF510,14.311047,14.580425
20167,ZNF511,8.006443,4.5830092
20168,ZNF512,9.123145,6.6354547
20169,ZNF512B,7.892468,7.0303693
20170,ZNF513,7.5320125,8.20458
20171,ZNF514,14.163812,14.932742
20172,ZNF516,8.898046,9.204558
20173,ZNF516-DT,9.486973,14.106532
20174,ZNF517,7.507348,8.372457
20175,ZNF518A,9.799167,10.473693
20176,ZNF518B,9.817568,10.51567
20177,ZNF519,14.434115,14.68059
20178,ZNF521,8.700656,8.468944
20179,ZNF524,7.987022,6.4504375
20180,ZNF525,14.37437,14.707805
20181,ZNF526,7.543368,8.135178
20182,ZNF527,14.30583,14.781343
20183,ZNF528,14.485405,15.05112
20184,ZNF529,14.250174,14.52924
20185,ZNF530,14.168323,15.186999
20186,ZNF532,7.6355844,6.9402866
20187,ZNF534,14.64484,15.093159
20188,ZNF536,7.827662,7.5575304
20189,ZNF540,14.488594,15.198339
20190,ZNF541,8.965758,9.186859
20191,ZNF542P,14.042495,14.4884205
20192,ZNF543,14.247904,15.113382
20193,ZNF544,14.17393,14.857494
20194,ZNF546,14.669558,15.346213
20195,ZNF547,14.027155,15.137598
20196,ZNF548,14.053554,15.144871
20197,ZNF549,14.104021,15.060447
20198,ZNF550,14.001141,15.048258
20199,ZNF551,14.009117,15.07777
20200,ZNF552,13.88827,14.848679
20201,ZNF554,13.866569,14.517625
20202,ZNF555,14.465936,14.931954
20203,ZNF556,14.388034,14.840786
20204,ZNF557,14.376346,15.137701
20205,ZNF558,14.301425,15.134875
20206,ZNF559,14.329765,14.662659
20207,ZNF560,14.31254,14.548399
20208,ZNF561,14.236642,14.528485
20209,ZNF561-AS1,10.324528,13.240678
20210,ZNF562,14.191906,14.483611
20211,ZNF563,14.671502,15.177263
20212,ZNF564,14.819794,15.299095
20213,ZNF565,14.184399,15.099899
20214,ZNF566,14.796444,14.932933
20215,ZNF567,14.501536,15.040283
20216,ZNF568,14.593519,15.302815
20217,ZNF569,14.612018,15.324507
20218,ZNF57,14.439908,14.918552
20219,ZNF570,14.451221,15.266247
20220,ZNF571,14.614145,15.324172
20221,ZNF572,14.215279,14.779497
20222,ZNF573,14.67957,15.321655
20223,ZNF574,7.539853,8.101411
20224,ZNF575,7.4986796,8.316427
20225,ZNF576,8.942273,5.46628
20226,ZNF577,14.229033,14.530622
20227,ZNF578,14.386728,14.750255
20228,ZNF579,7.6089683,8.046753
20229,ZNF580,7.6025114,7.961553
20230,ZNF581,8.227915,6.3524203
20231,ZNF582,14.38627,14.766772
20232,ZNF583,14.459968,15.28633
20233,ZNF584,13.863662,14.824116
20234,ZNF585A,14.634757,15.311147
20235,ZNF585B,14.66337,15.33316
20236,ZNF586,14.097994,15.166847
20237,ZNF587,13.974932,15.072466
20238,ZNF587B,13.913414,14.809453
20239,ZNF589,13.855867,14.353713
20240,ZNF592,8.217588,8.030747
20241,ZNF593,8.661365,3.4091122
20242,ZNF593OS,10.646387,10.636324
20243,ZNF594,14.741762,15.240068
20244,ZNF595,15.181596,15.212162
20245,ZNF596,14.536348,14.989635
20246,ZNF597,14.015705,14.327266
20247,ZNF598,7.8858643,5.522242
20248,ZNF599,14.208727,15.184995
20249,ZNF600,14.489703,14.907546
20250,ZNF605,14.477526,15.046538
20251,ZNF606,14.250617,14.752167
20252,ZNF607,14.600394,15.301565
20253,ZNF608,7.434794,7.6080704
20254,ZNF609,7.4028215,7.5875125
20255,ZNF610,14.439398,14.8120775
20256,ZNF611,14.381161,14.757614
20257,ZNF613,14.30442,14.867455
20258,ZNF614,14.347592,14.692594
20259,ZNF615,14.44762,15.184676
20260,ZNF616,14.644806,15.179972
20261,ZNF618,10.40297,8.861862
20262,ZNF619,14.141418,14.472507
20263,ZNF620,14.102345,14.78785
20264,ZNF621,13.981078,14.674815
20265,ZNF622,8.538295,3.2267194
20266,ZNF623,14.2243,14.774978
20267,ZNF624,14.452947,15.149372
20268,ZNF625,14.507486,14.965459
20269,ZNF626,15.225253,15.149035
20270,ZNF627,14.687021,15.203501
20271,ZNF628,7.5712047,8.070508
20272,ZNF629,13.57516,14.485528
20273,ZNF630,14.3262615,14.657617
20274,ZNF638,9.124128,9.888514
20275,ZNF639,10.53418,9.989845
20276,ZNF641,13.6948395,14.398153
20277,ZNF644,9.800754,10.550986
20278,ZNF646,8.058049,8.157279
20279,ZNF648,7.923517,8.233107
20280,ZNF649,14.124447,14.970668
20281,ZNF652,7.7125974,5.0318637
20282,ZNF653,7.93015,7.1389766
20283,ZNF654,10.568119,10.251061
20284,ZNF655,14.102729,14.315687
20285,ZNF658,14.471367,14.924513
20286,ZNF658B,14.692668,15.141552
20287,ZNF66,15.225152,15.156829
20288,ZNF660,14.5005455,15.20426
20289,ZNF662,14.058416,14.773651
20290,ZNF664,14.680839,15.365841
20291,ZNF665,14.730842,15.333827
20292,ZNF667,14.335574,14.799424
20293,ZNF668,7.503727,8.197698
20294,ZNF669,14.1984005,14.824638
20295,ZNF670,14.632575,15.070063
20296,ZNF671,13.875349,14.911879
20297,ZNF672,7.4771147,8.322038
20298,ZNF674,14.408544,14.859706
20299,ZNF675,15.099274,15.00879
20300,ZNF676,15.209504,15.185907
20301,ZNF677,14.375227,14.633598
20302,ZNF678,14.819294,15.16018
20303,ZNF679,14.918415,14.897392
20304,ZNF680,15.029782,14.958515
20305,ZNF681,15.070954,15.016445
20306,ZNF682,15.009653,14.958433
20307,ZNF683,8.767057,8.326725
20308,ZNF684,14.277228,14.849447
20309,ZNF687,7.641629,6.7046165
20310,ZNF688,7.7430525,8.382832
20311,ZNF689,7.477762,8.35527
20312,ZNF69,14.485666,14.939425
20313,ZNF691,13.8038845,14.727007
20314,ZNF692,8.41792,6.67512
20315,ZNF695,14.497741,14.737043
20316,ZNF696,7.4774804,8.353733
20317,ZNF697,7.5304794,8.257744
20318,ZNF699,14.5201235,15.068809
20319,ZNF7,14.062676,15.011993
20320,ZNF70,14.010571,15.015255
20321,ZNF700,14.671055,15.183015
20322,ZNF701,14.387701,14.695092
20323,ZNF702P,14.473929,14.981099
20324,ZNF703,5.5515366,4.6620736
20325,ZNF704,6.921597,4.640675
20326,ZNF705A,14.112345,14.371063
20327,ZNF705B,14.12965,14.384829
20328,ZNF705D,14.109766,14.370751
20329,ZNF705EP,14.092337,14.353104
20330,ZNF705G,14.146373,14.372463
20331,ZNF706,6.5281367,1.025417
20332,ZNF707,7.536748,8.362612
20333,ZNF708,15.231619,15.172959
20334,ZNF709,14.8744335,15.289268
20335,ZNF71,14.316615,15.207971
20336,ZNF710,8.143423,7.608616
20337,ZNF711,8.815108,8.5413
20338,ZNF713,14.151046,14.513323
20339,ZNF714,15.069231,14.990731
20340,ZNF716,15.001455,14.925108
20341,ZNF717,14.580059,14.953075
20342,ZNF718,14.986794,14.942335
20343,ZNF721,15.189399,15.202425
20344,ZNF722,14.962686,14.92097
20345,ZNF723,15.250845,15.155266
20346,ZNF724,15.236448,15.180109
20347,ZNF726,15.295025,15.151
20348,ZNF726P1,14.507556,14.71323
20349,ZNF727,15.112421,15.030651
20350,ZNF728,15.196649,15.155333
20351,ZNF729,15.209251,15.203155
20352,ZNF730,15.084098,15.004088
20353,ZNF732,15.05525,14.983981
20354,ZNF735,14.9034,14.877854
20355,ZNF736,14.88213,14.887792
20356,ZNF737,15.240701,15.174671
20357,ZNF738,14.369008,14.583643
20358,ZNF74,13.756042,14.703937
20359,ZNF740,8.19194,5.5050325
20360,ZNF746,8.362548,8.011037
20361,ZNF747,7.6240606,8.3655815
20362,ZNF749,14.483157,14.989519
20363,ZNF750,8.793811,9.03139
20364,ZNF75A,14.090585,14.677005
20365,ZNF75CP,13.782972,14.4589205
20366,ZNF75D,13.775377,14.458382
20367,ZNF76,6.538697,4.6606793
20368,ZNF761,14.688929,15.174825
20369,ZNF763,14.415514,14.788897
20370,ZNF764,7.4876075,8.337348
20371,ZNF765,14.410321,14.720584
20372,ZNF766,14.344062,14.599507
20373,ZNF767P,9.425213,8.555858
20374,ZNF768,7.5805807,8.295305
20375,ZNF77,14.416931,14.900698
20376,ZNF770,10.241993,9.856087
20377,ZNF771,7.4827685,8.314403
20378,ZNF772,13.922396,15.059865
20379,ZNF773,14.017442,15.132787
20380,ZNF774,14.061763,15.048912
20381,ZNF775,7.5234337,8.35142
20382,ZNF776,14.055677,15.038316
20383,ZNF777,13.609413,14.450339
20384,ZNF778,14.390529,14.867398
20385,ZNF780A,14.82463,15.340952
20386,ZNF780B,14.806176,15.293373
20387,ZNF781,14.434946,14.681977
20388,ZNF782,14.396736,14.702344
20389,ZNF783,8.270344,7.731807
20390,ZNF784,7.549335,8.166323
20391,ZNF785,7.5576673,8.372577
20392,ZNF786,13.740166,14.662233
20393,ZNF787,7.5309887,8.204919
20394,ZNF788P,13.906089,14.397904
20395,ZNF789,14.0214,14.53946
20396,ZNF79,14.027609,15.115885
20397,ZNF790,14.381862,14.6791525
20398,ZNF791,14.770302,15.306657
20399,ZNF792,13.909962,15.045319
20400,ZNF793,14.055604,14.614142
20401,ZNF799,14.655273,15.180767
20402,ZNF8,13.822444,14.517765
20403,ZNF80,14.277177,14.613147
20404,ZNF800,8.865209,8.103378
20405,ZNF804A,9.765629,10.5232725
20406,ZNF804B,9.808138,10.572965
20407,ZNF805,14.108821,15.030269
20408,ZNF808,14.651745,15.206219
20409,ZNF81,14.315522,14.633258
20410,ZNF813,14.63726,15.11773
20411,ZNF814,14.577646,15.266785
20412,ZNF815P,9.879794,11.868414
20413,ZNF816,14.468464,14.910094
20414,ZNF818P,14.286389,14.5543785
20415,ZNF821,8.739216,8.359196
20416,ZNF823,14.674691,15.183238
20417,ZNF826P,14.484969,14.658019
20418,ZNF827,9.046588,9.117057
20419,ZNF829,14.692287,14.996977
20420,ZNF83,14.722322,15.209759
20421,ZNF830,7.5119715,4.2192445
20422,ZNF831,9.226534,10.200781
20423,ZNF833P,14.498045,15.013307
20424,ZNF835,7.477241,8.356403
20425,ZNF836,14.592959,15.140743
20426,ZNF837,7.5382876,8.370197
20427,ZNF839,9.045971,9.527744
20428,ZNF84,14.589062,15.358929
20429,ZNF840P,14.631202,15.201132
20430,ZNF841,14.528022,15.071806
20431,ZNF843,10.128486,13.735443
20432,ZNF844,14.429519,14.7499895
20433,ZNF845,14.705606,15.23889
20434,ZNF846,14.496898,14.978719
20435,ZNF85,15.23797,15.168699
20436,ZNF850,14.767229,15.3258095
20437,ZNF852,14.260744,14.822001
20438,ZNF853,7.555592,8.078787
20439,ZNF860,14.377355,14.695577
20440,ZNF861P,14.093051,14.337364
20441,ZNF862,10.636637,8.66363
20442,ZNF865,7.525015,8.088074
20443,ZNF875,13.987836,14.919092
20444,ZNF876P,14.871478,14.885255
20445,ZNF878,14.789021,15.281297
20446,ZNF879,14.409461,15.191536
20447,ZNF880,14.675392,15.114854
20448,ZNF883,14.680146,15.3651285
20449,ZNF888,14.66816,15.195916
20450,ZNF891,14.153275,14.4337845
20451,ZNF892,14.208639,14.793786
20452,ZNF90,15.23322,15.172282
20453,ZNF91,15.227195,15.192872
20454,ZNF92,15.150914,15.085009
20455,ZNF93,15.2173395,15.198206
20456,ZNF98,15.228933,15.162339
20457,ZNF99,15.244258,15.193299
20458,ZNFX1,10.32852,6.4009814
20459,ZNG1A,9.031249,2.0163882
20460,ZNG1B,8.964484,2.017173
20461,ZNG1C,8.936837,2.1183348
20462,ZNG1E,8.950634,2.1174643
20463,ZNG1F,9.029567,2.1081426
20464,ZNHIT1,8.462913,3.113661
20465,ZNHIT2,10.672049,5.679782
20466,ZNHIT3,8.608817,3.6849797
20467,ZNHIT6,9.294963,7.1666255
20468,ZNRD2,8.151662,4.301718
20469,ZNRF1,6.8331304,4.399002
20470,ZNRF2,5.299947,4.2384377
20471,ZNRF3,9.159657,8.9510975
20472,ZNRF4,11.955312,7.067897
20473,ZP1,12.562428,6.5824666
20474,ZP2,13.0935135,7.6690106
20475,ZP3,12.870562,5.58638
20476,ZP4,13.155243,6.019113
20477,ZPBP,13.275646,7.098644
20478,ZPBP2,13.340653,7.149976
20479,ZPLD1,13.700984,5.038884
20480,ZPR1,8.928424,2.740627
20481,ZRANB1,9.6912155,5.1557546
20482,ZRANB2,6.346297,2.8227577
20483,ZRANB3,9.7856045,5.1477838
20484,ZRSR2,7.7177873,4.133507
20485,ZRSR2P1,7.9677954,4.3796363
20486,ZSCAN1,8.740362,8.561506
20487,ZSCAN10,7.5449386,8.350465
20488,ZSCAN12,13.924804,14.840708
20489,ZSCAN16,13.701855,14.5641775
20490,ZSCAN18,8.803028,8.544869
20491,ZSCAN2,14.019435,15.026187
20492,ZSCAN20,13.578326,14.390868
20493,ZSCAN21,13.691134,14.539365
20494,ZSCAN22,13.691792,14.545831
20495,ZSCAN23,13.700023,14.579755
20496,ZSCAN25,13.556094,14.36639
20497,ZSCAN26,13.771502,14.51684
20498,ZSCAN29,13.634025,14.42887
20499,ZSCAN30,13.700147,14.582548
20500,ZSCAN31,13.743878,14.65542
20501,ZSCAN32,13.652764,14.405085
20502,ZSCAN4,13.651115,14.317337
20503,ZSCAN5A,13.654582,14.318004
20504,ZSCAN5B,13.655403,14.3237915
20505,ZSCAN5C,13.6586685,14.329625
20506,ZSCAN5DP,13.65377,14.3184395
20507,ZSCAN9,13.695235,14.523928
20508,ZSWIM1,11.182663,8.6966
20509,ZSWIM2,10.163691,8.29028
20510,ZSWIM3,11.047363,8.786419
20511,ZSWIM4,10.951235,6.5898247
20512,ZSWIM5,10.664498,7.3606367
20513,ZSWIM6,10.798105,7.594154
20514,ZSWIM7,8.839375,1.649245
20515,ZSWIM8,8.715044,7.7754717
20516,ZSWIM9,11.422639,7.5770683
20517,ZUP1,9.71316,4.8741965
20518,ZW10,9.965553,4.9328885
20519,ZWILCH,10.794803,11.291564
20520,ZWINT,10.45617,10.165593
20521,ZXDA,7.8152356,7.616756
20522,ZXDB,7.8159866,7.6349173
20523,ZXDC,7.8238177,7.596328
20524,ZYG11A,10.821888,7.1536245
20525,ZYG11B,10.70313,6.990707
20526,ZYX,7.3367677,6.214017
20527,ZZEF1,10.919652,10.089737
20528,ZZZ3,8.991519,7.9824595
20529,env,0.6987249,-2.0295644
20530,hCG_2003024,7.5674686,19.653719
