,dim1
DEFB108B,-0.01079375335884209
SH3BGRL2,0.009990922113367332
SYK,0.0034386093162198845
ACSL6,0.003836995539656413
TLCD5,-0.0010913557913657796
VEGFC,-0.001830023389994809
OR4F4,0.0019442654247085612
DRGX,-0.003438237637474346
ANAPC15,0.0008907631069919245
ISCA1,0.006557848886979172
LTN1,0.017922626798560996
MRPS21,0.005039715643206987
POGLUT3,-0.00297751029027447
CD180,-0.005153122081239424
PZP,0.00615573425649021
ANTXRL,-0.011140121410467963
RNF133,-0.010720866314604819
NKX2-3,-0.0033958809804994997
ZNF396,-0.01076970428639549
ZCWPW2,-0.0009116328914459226
PRR35,-0.011819508032139577
PGP,0.0036412243437681526
SLC17A9,-0.0034142000260828256
CARMIL2,-0.0026395921490987542
KDF1,-0.011446606009713171
NDUFA13,0.004851151013440577
ZNF12,-0.005065812781720156
PCDHB3,-0.003692900935565053
TEX264,-0.0034089091534730835
NPY5R,-0.008138109235629456
TRAP1,0.007009761258236107
AP5M1,-0.00028028611657053326
CNKSR1,-0.007052570936809358
STX6,0.007283980145718264
DPPA4,-0.00888269142299781
FICD,-0.00465954908894495
NMRK1,0.0031859180557461827
CD83,-0.005732126674041629
HEPHL1,-0.0017031621096850645
ATP2A1,0.0031045510580814586
CCDC13,-0.007795622476084787
MIA2,0.0020743811768670416
SEMA3E,0.004750811532912185
WFDC10A,-0.011619031553287773
EIF5B,0.00823477213703295
WBP2NL,-0.003830258155429681
ANKRD6,0.0006017952787441965
MANF,0.0025090060713979074
MDFIC,-0.0021924616221911525
MRPL24,0.0002299158454137258
FAM222A,-0.007357581335513115
TDO2,0.004507185643633675
ARNT2,0.00888614129634185
TTF2,-0.004520675479195132
AJM1,-0.010024763800439528
DPEP1,0.0005532127702036995
THAP9,-0.00730284732483211
ST7,0.011289154966963602
TMEM217,-0.008894843550276772
PLA2G10,-0.0042131791753202445
MFSD8,0.0016359469596816147
PODNL1,-0.003383180205154749
ROR2,0.00011659852942584252
RPS9,0.00897470274314222
SRRM5,-0.01121207638720257
HLA-E,0.0034715864339673916
CD93,-0.007183361825343175
ORM2,-0.00530084057268156
ETFB,0.006426501168012722
MSANTD2,-0.0038917198329837606
ASIC5,-0.002896549358726765
ATP1B1,0.01048316280091433
GRIP2,0.000335621060519664
CCDC97,-0.007656932449942683
HNRNPR,0.009594543030211245
PSMC3IP,-0.002845559657808581
RGPD3,0.008148272361523958
RHCE,-0.0009939826985902191
SEMA3A,0.006479985017296577
TMEM205,0.0005138369347553591
KCNK4,-0.005742293468354819
SPOCK1,0.005323627106826646
NDUFA5,0.00815775444599804
ZNF169,-0.006295638817352793
HNRNPA0,0.003296065675786109
CLDN8,0.0010426835036134207
CLEC3B,-0.0025187736644486417
GOLGA7B,0.0015472730894298358
IGKV4-1,-0.0008344007489922674
LCMT2,-0.007298712698407692
MROH7,-0.007295575190136621
NEDD8,0.009041612203957586
SLC2A5,0.0012546828034075126
SLC4A1AP,-0.002694784259975103
THUMPD2,0.0005730964866124648
COL8A1,-0.0022030406682484855
DISP1,0.006258294310625819
TOE1,-0.00547571158090386
SETD9,-0.005578328176360218
PRR9,-0.005361125639314825
ASB17,-0.009675258490744925
TCF3,-0.0016502358006516584
CBWD6,-0.0009096294025006168
TRMU,0.0013561356347356935
ADGRF1,-0.003273016919427845
THAP6,-0.00519127726581886
PRKD2,0.002125354774457053
TM2D2,-0.0031939365151590266
ANKRD16,-0.0010817727902305504
GPD2,0.008238092708378886
TNRC18,0.020777019210362062
PPP4R4,0.003943790066218817
LYSMD2,-0.0024505478790547088
CNPY2,0.0019438206225722528
PEF1,-0.00017257227731988547
SLAMF6,-0.00879637853131246
SORBS2,0.011495390407298326
LRPPRC,0.007803506057353526
LAG3,-0.010479118442296329
TNFRSF19,-0.004733146673259644
EIF3J,0.004795561936323949
DTNA,0.011498230589171855
PLEKHG4,-0.009156838794458451
OSBPL7,-0.002040839172912343
PTK2B,0.009069720174783991
RHBG,-0.0007706361526036034
LSM14B,-0.0008633111291572012
SORL1,0.024990857584909026
IFNA2,-0.007056850851548959
ADGRD2,-0.008742592074310435
SYNPO,-0.0045200810155732254
ACSL1,0.0059470433477418596
CTDNEP1,0.004223591844662118
MYOM1,0.013605426941824176
PMAIP1,-0.0029006317511218477
RNASE8,-0.005602221669057377
CCSAP,-0.004043608519499788
C10orf90,-0.006402208871475748
UBE2M,0.007241290571379969
SHOX2,-0.0012896827654702207
DMAP1,0.0022291817586153908
MEGF9,-0.0005989887256399664
LRRC47,-0.0035282332549798194
CRTC1,0.002806195276067102
OR4C5,0.0007285248986743835
FDX2,-0.005543422770657231
GLIS2,-0.007884166512396854
HMX3,-0.005696573783469599
CCER2,-0.011430045084164954
NDST1,0.0017498629681921025
PDZRN3,0.006775653197396217
BPIFB4,-0.0077253973897878315
B4GALT1,-0.0001399613936607522
PLAUR,-0.00374953911103015
DEFB110,-0.006093207637579113
GLIPR2,0.0027469909355134756
WDR54,-0.004782577545657188
NKTR,0.005845104225894286
C1orf50,-0.0030382630614741754
ZCCHC2,-0.0013644986512128265
CAMKV,-0.00023751569725741702
G6PC2,-0.0016971714350621822
ABCD4,0.0014842220974314354
ADK,0.013623759489228478
C1orf105,-0.010463621451170685
IL5RA,-0.007092797238382062
FBXO38,-0.0012016652628074936
CIB2,0.001809335633706854
NEO1,0.00980677058790326
OR52L1,0.00034712028770380606
PXMP4,-0.0010512722426770883
UAP1,0.004761384604137589
C1QL4,-0.003437663240591649
POM121L2,-0.012641270815357793
GTF2H4,-0.003460688039836521
GUF1,0.001938306868770074
FMO4,-0.004810104148655157
B3GNTL1,-0.0010852233120458123
LRIG2,-0.0013986533428808174
CARM1,0.0031098041550388887
MAPK9,0.011221828421243689
RFX3,0.01120680856182768
SLC25A37,0.007587758111665944
SCGB3A1,-0.003086068698126698
CDH13,0.005913399179779794
UBE2V1,0.009574613830667942
FAM177A1,0.0023199880529046093
NBPF15,-0.006114487771611458
FAM217A,-0.011776602973757924
DYDC2,-0.008803092660327458
SLC37A1,0.004220978805131546
PRXL2C,-0.00219356980995277
STMN1,0.007510705752836966
SWT1,-0.00464913149196207
CDK14,0.012520481436084448
DRAP1,0.00377606206084222
GUCY2C,-0.002733830429365785
GAPDHS,-0.0035350194872052765
GRINA,0.004218603305405624
AOC2,-0.005675825438549483
C17orf75,-0.002536913665008696
FARP2,0.006406217285578202
RBM4B,0.0015431175114844573
BOD1L1,0.01541437749230013
ANKHD1,0.023614466126027047
OASL,-0.005189252712483585
CNOT11,-5.6239132195503847e-05
RALBP1,0.003661346928520571
SULT1A3,-0.002580190354577658
SCNN1G,-0.0049099959175907945
CCDC96,-0.009368423374182193
SPAG7,0.003875888687386786
NSMCE4A,-0.003530898855322416
NEUROG2,-0.006773348064721186
TINAG,-0.0027670979889030008
AIDA,-0.00160220676313067
CCDC61,-0.007446191593527498
CSTB,0.005269903590944358
SPATA31A7,-0.009744486723417501
IRAK4,-0.004804492312456711
CPNE2,0.003916068210161271
HDGFL1,-0.008667860108755202
PITRM1,0.0031494625770421814
GASK1B,-0.004475288858156482
THPO,-0.013122372576840256
CDK5,0.004969879731780316
RNFT2,-0.0013581472492081228
STPG4,-0.008095573691171932
PRB4,-0.004773207793830448
PAX5,0.002396037385311699
ST6GALNAC3,0.006384784947874648
NDUFB2,0.0027805103058726765
PSEN1,0.007808969291984667
TCF20,0.0047000661076044715
OR13C3,-0.005755872159659717
SLC15A1,0.000811122257080567
SLC25A10,-0.0003470386857964674
AP1S1,0.006400746491952178
BAIAP2L2,0.0021625037923240745
PCIF1,-0.0010484155474367104
STYK1,-0.0032016664116256348
ATP2B1,0.01476841065230667
KPNA6,0.009581228885021885
SCHIP1,0.0024455855927541167
IQCA1,0.0053187582794164455
MIEF1,-0.0026505824294615365
ZNF37A,-0.0018011689031954793
RPIA,-0.0002663786306074881
ARG1,0.003836256153495704
ENTPD2,-0.005312657387504354
OGA,0.009445706039334466
PCDHA8,-0.0005738617268563069
MYDGF,-0.0021131014237109075
PLCH1,0.006911897445028229
ADAM12,0.0008357135288420305
CMTM6,0.0012766487406337184
LYRM9,-0.00016694206267776467
DBNDD1,-0.008150134623655193
C1GALT1,0.004911644455668456
OR2H1,-0.004139863809309843
NPAS2,0.0029868074880676034
CNOT8,0.00549832690392897
ALG1L2,-0.006282304582182557
B3GALT4,-0.00824874261815275
CDH15,-0.005385568182528941
SMARCAL1,-0.0014339149918820642
ZNF18,-0.009387784456952398
TRAF2,-0.0017087685443202558
ENPP3,-0.00017400836124994743
MPC1,0.007363065473222967
PPP1R1A,-0.004607519835442427
RAB35,0.002686550852986856
RTN4R,-0.005100431977131016
RUFY2,0.011243689895557867
HNRNPA1,0.007620843612306384
FAM237B,-0.008316125189881935
CREB3L1,-0.003865570423403726
C2CD4A,-0.01063118469922971
MTA2,0.0007814718666226253
USP17L8,-0.0032859121438459757
GNLY,-0.005838468646701712
OMG,-0.0038076605985912734
FAM221B,-0.012356731627134005
APOBEC3C,-0.0015654004591677494
APOC2,-0.005843317187182903
TNPO3,0.008739431013399614
PLA2G4D,-0.007624435631367444
NUAK2,-0.0022073456612136237
TRAV36DV7,-0.004340335648897545
NUDT7,-0.004073668146890237
INHBC,-0.007413875234569702
PLOD1,0.0012944952579972508
MSMP,-0.010419283970898058
CSNK1D,0.007952982598750161
DCAF4L2,-0.007792718531627526
LMAN1,0.005217701927226252
TRGV3,-0.006257309595963972
PIMREG,-0.010416403444892927
CCT7,0.007979373663073315
ADAM17,0.0051532930982199215
LAMC3,-0.0005105086470577261
KAZALD1,-0.00769629747097238
NUCKS1,0.006396051843965127
SNCA,0.008443385560546452
KRIT1,-0.0020863221947464545
GNAO1,0.013514658331057085
PXMP2,0.0004494863913831932
BAZ2B,0.020033934380724816
ELP1,0.0053055596176573025
TNNT1,0.002004367151275842
S100PBP,-0.0033801108642267826
PERP,0.002802911001793426
ZNF544,-0.0025855433538984882
ASB2,-0.002468539347568636
TUT7,0.005345102835448652
MS4A10,-0.009949968265695242
KLRC4,-0.0075154840011293885
SLC22A2,-0.0010876748872559122
HCLS1,0.001267904993262728
ZNF619,-0.01115453025006038
OOSP4A,-0.009739712503478314
TBPL1,0.004876891031924856
OSTF1,0.005810987840606255
GRAMD2A,-0.007057590473802854
TSPAN13,0.008201152019409541
C2orf76,0.0012319357562041052
CYP27B1,-0.004587757542104741
CDH16,-0.006034099929490878
MC5R,-0.0010442547927683975
LRRC31,-0.009894780117843137
PCDHB12,-0.0038601963802211334
EFHC1,0.002554294637220539
MFSD6L,-0.007442147532893546
KEL,-0.005198988179219694
NCR3,-0.007924133578239921
NKX1-2,-0.009382382812946483
RAB8A,0.005359867419853982
ACTL6A,0.004467709418769116
COPS3,0.0064255522709614175
CUL4A,0.010295621172271306
HOXA7,-0.0009110516221194904
SLC27A2,0.0020531206003759615
KIAA1671,0.0003317730724372517
SOX13,-0.0027060199214381845
GCFC2,0.002174264973683658
IGLV4-3,-0.0013500222024163018
NPIPB3,-0.008001267609514816
USP12,0.008656289210729704
CLUL1,-0.0077896258738964115
KCNK7,-0.008260632025322517
CA12,-0.0014353965695500445
INTS11,0.005016390103467172
KCTD1,0.01127919471255203
ORMDL2,0.0033587497991745888
OR1S2,0.002681533925198629
OOSP4B,-0.009444359342347513
NDUFAF2,0.005284458481211692
MANBA,0.004281577735826117
SLC39A13,-0.0032348479960023838
HKDC1,0.004112662115964263
TREML2,-0.013204252444098312
CCR5,-0.0018226402685264636
MCC,0.006444377789760033
PAK5,0.008010279021163844
IFNAR2,-0.004943055672993218
WLS,0.007114901905328322
ADCY8,0.00829076297650216
ZNF438,-0.002181376700532984
TSHZ2,0.004062627139494428
MT1A,-0.00016222937929725336
KCNA6,0.001647468084716666
SDHAF3,0.00013329462236378922
SNTG1,0.006957192811001614
CRY2,0.004717974675439382
SMYD1,-0.0007746671578491831
IMMP1L,0.006145293389708082
LYPD5,-0.008321661200339713
KIF13B,0.017790085889334672
TUBGCP5,0.0006824463016289016
HTR3C,-0.004136249883916333
RNF19B,-0.0018745450550576679
OOSP3,-0.011434977933655577
ZNF214,-0.0087914075770739
PRB2,-0.001494415087168191
IGKV1-17,-0.0012094359978463592
KIFC1,-0.004955877241516994
PABPC1L,-0.0012289349653206527
GBX1,-0.007768698632032371
MCF2L2,0.006819129343028918
AKR1C1,0.003786448137243993
DKK2,-0.0009954313756818298
PABPN1L,-0.010673999597417024
ZNF507,-0.0033460527629477644
TRAK2,0.006718033123825601
ATP23,-0.0029011308380186285
DCAKD,0.0017510017231135624
CYP2C19,-0.002572834142752545
LHX5,-0.0001527667171855467
FAF2,0.0049506677293977295
BACH2,0.0005556435445183279
GNG5,0.005729006358463373
OR10J1,-0.001673020137542634
SIRPA,0.0011219062699760285
GOLGA6L10,-0.011748755475931275
TTC9B,-0.002931443724411562
ARHGEF10,0.001077726190954938
FBXL12,-0.0045186497134361465
KRT20,0.00011261973660856978
CAMSAP2,0.009551853863430906
CFAP206,-0.003007664474419264
XPC,-0.0033597681663472072
C6orf89,-0.0015368284449346348
GSTM4,0.001750387224584338
NBPF1,-0.005487278971606199
TTC29,-0.002209471092322268
ZNF688,-0.00920999788053597
MTRES1,-0.0051624295667831365
AMIGO3,-0.009342334934399505
SLC12A9,-0.002914128400165068
LAT,-0.006936839039997259
ZNF560,-0.008770629037853011
CBFB,0.0047377649652400045
ST3GAL2,-6.301803630716276e-05
ATXN7L2,-0.01024907163890072
KLHDC7B,-0.00986991328481796
C2orf72,-0.005863632825739001
JAK2,0.009062873205429372
SLC22A12,-0.0029086612688229586
SULT1A4,-0.00224042145445501
GHITM,0.007479380650454171
RUFY1,0.004702962225652053
SDR42E2,-0.005124499843906558
WASF2,0.0047541609757782806
KIAA2012,-0.005848366016424993
CEACAM8,-0.003340136537720431
CD82,0.003829935515929779
PRDM10,-0.002132023304168651
CDCA2,-0.008444822783830746
PFDN1,0.007691801406017176
IPP,-0.003464822099091966
ZNF701,-0.007371648993664781
CYSLTR2,-0.004421722063624417
FAM53A,-0.011773878876566404
FOLH1,0.002464617074056282
NPM2,-0.002057285077892481
LRRC71,-0.007975198571436618
PIH1D1,-0.0009555396631728035
TAS2R19,-0.008473929241034127
CXCL13,-0.004522713135380621
CAD,0.02583049382761779
ZCCHC8,-0.0034086399370957463
ITPKA,-0.0026471092732635432
GZMB,-0.0007419959736000896
FAM118B,-0.001521364093554792
SLIRP,0.0026714600999609376
CCDC12,0.004531230307650141
SCMH1,0.009054134165960053
C3orf80,-0.009203355540836244
FBXW2,-0.0006613505564450261
WFDC8,-0.009154285151934236
CDC7,-0.002902411764034821
ACBD3,0.002839427731197173
MAPKAP1,0.004306319477416992
GON4L,0.018466488950817424
VGF,-0.006657763467698583
CCR7,-0.0010396940271967248
CTTNBP2NL,0.0020190941698485024
MARK2,0.00900559146496771
PAEP,-0.0027230114272199456
TRIM26,-0.004197785878017996
ZNF780B,0.003332173181196262
CEBPG,0.0010397795602019656
GAL3ST3,-0.007945253107680723
MAPK1,0.013495689791681436
MED30,0.00391095238511575
MICOS13,0.0012559654474921273
NOP53,-0.0004680321008404033
PAFAH1B2,0.0056851014604464775
ZNF16,-0.0050556501912079966
OR6C1,4.883777301861033e-05
PACSIN1,0.008610450499218525
GOLGA8T,-0.01271148510740897
TGFBI,0.003109460874646085
ATP13A3,0.010071091109095577
F13B,-0.005533410032636382
KTN1,0.006409552346312069
KNDC1,0.010997629097652936
MYOCOS,-0.007723900112253161
PPIAL4A,-0.00039379103621864164
TAF5L,-0.0014078340346954773
AFG1L,0.004848464152332897
ZNF626,-0.003160818819954768
PSMD13,0.00702427678789649
HOXC9,-0.0010698791376323696
MAGOHB,0.0037313070016140987
NET1,0.0013399612012953387
POLR3F,0.000965028043593838
PRR20A,-0.00818990132517342
SLC30A8,0.0009391799301015209
ELL2,0.0037920450373902462
CPEB4,0.0087666331430249
PATE1,-0.007144960825187515
NDRG2,0.004061013522000812
ALDH1L2,0.004581171834206753
PKN3,-0.003890429751698918
MRPL2,-0.0014281639871591486
C10orf67,-0.0069997459282199505
CANX,0.007686502018167209
PRXL2A,0.00368210769647088
RNF165,0.003017163810824203
CCNE2,-0.002713185365034712
CCR4,-0.0032722043444329395
CYP26A1,-0.0018424265505193975
RAD52,-0.0028995705384899846
IFT140,0.007980534268061718
EQTN,-0.009501690477677306
HSP90AB1,0.012995852394033872
GLDC,0.0035008768695952435
KRTAP12-3,0.0011039116525260013
APLP1,0.00011274595771788203
OAS3,-0.004406739066361558
CALHM4,-0.007693737221440914
MGAT1,0.0004128456844367799
CEP83,0.002665588576213202
SLC5A8,0.004717301841781252
SPINT1,-0.0035623859519023685
FBXL15,-0.0021645130569007535
HBB,0.005453842264867908
OR9G1,-0.0012555944527077756
PBX4,0.0001947011662032697
SEMA7A,-0.006764164938035715
PLAAT4,0.00014699293118130424
STK36,-0.0019673231115307816
P2RY2,-0.005234528904506742
MAPK14,0.013277240106755265
ANK1,0.02765746180898936
SLC25A27,0.008271737349987795
TRBV18,-0.0043337275006683626
ZMYM5,-0.0006401636704535201
FARSA,0.003300702292104595
FBXW7,0.009665667086653567
FAM98B,-0.0015223375565518327
COL17A1,-0.0021908460018277044
SEMA5A,0.005395601614582815
KIF3B,0.007197347177510325
IGKV3-15,-9.802544219422457e-05
BBS12,-0.006917590543666149
CTU1,-0.00476006572655589
EBI3,-0.006032988798059979
AMPH,0.007864069740462934
ARFIP2,0.00039684387130979924
DIXDC1,0.005055690311798778
TANK,-0.0012273034537295887
MCMDC2,-0.0047517123478633275
PTPN1,0.005715137128793472
NUP214,0.013693928693431959
IGHV1-45,0.0015135497884006526
KLF10,-0.004239891085050749
LGALS9C,-0.004096931226776215
SLN,-0.0042098033802207314
TTC4,-0.0027931712879083483
PPP2R1A,0.01021656353339955
MYO18B,0.01631601791229202
SYNJ2BP,0.0009098527003812768
TMEM117,0.006302999228608913
YIF1A,0.0027004839493040517
FRG2,-0.003857570349764665
MSTO1,-0.005989732339076143
CLPTM1,0.004126612694963492
CHST1,-0.0019677348698500553
MED10,0.008146095606253895
OR5M1,0.00024845062628939604
OSBPL5,0.001369547370536494
C1QTNF5,-0.003402765915039716
C4BPA,-0.004432232173735113
NFIX,0.007907922061309225
S100A6,0.007382552649353997
TBR1,0.0002197931297470782
GRM5,0.010166212912559133
TOB1,0.0035254948678057375
TXNRD3,-0.0007434666538343963
SLC38A4,-0.00033595481120276784
MAP1S,-0.003960410828954265
ZDHHC6,-0.0016409767887142848
IL17RA,-0.00724999067073986
NLRP13,-0.010434941731202926
TENM3,0.034277093041098154
FAM90A1,-0.01291581983994724
HOXB5,-0.00044094684696125856
PCDHGA6,-0.0014897653901372217
IGHV3-20,0.00033040500209950333
UBXN11,-0.005955213547362464
OR1G1,0.0013816446885126343
PCED1A,-0.0071786350358599635
C11orf68,-0.006096085571657898
ITGBL1,-0.0005962011367385478
OR10T2,-0.0017767804524625394
C2orf74,-0.007327208724583149
TRAV40,-0.0012618788419990323
KCNE1,-0.004104967260679176
SLCO4C1,-0.0014160393163957074
HS3ST5,0.002922870543972443
TMEM230,0.0053850974271378825
COL27A1,-0.0010785756510912723
PPP1R13B,0.00868834431474871
ZG16B,-0.005323031904814292
COQ4,0.0025206762775714193
PRKRIP1,0.006005351148439073
SLC44A5,0.00747055098225054
PNPT1,0.006919107995096731
MYCN,-0.0049441718293126895
CLEC18B,-0.005445223168086281
SLC39A1,-0.0029851844209732264
SUGP2,0.0007064125252061485
WNT4,-9.593285054472359e-05
ZNF35,-0.008176199220844607
CALML3,0.0009506068083196885
ZSWIM7,0.0011190830082884356
ISM1,-0.005930939488991161
WDFY2,0.009111973317302369
ACYP2,0.01112824512623064
SPRY1,-0.0031196674333897703
CARD19,-0.006198634159911669
SON,0.02116886090333187
HYAL2,-0.0031694873012801726
ZNF197,-0.0019013258643195195
AAMP,0.0002115444594797431
SLC37A3,0.003737866813497505
HES1,0.0026026414909783575
FAM76A,0.004199771564631637
LIPT1,-0.005013324947258784
REL,-0.0008045620030456517
SCAMP1,0.00922728081909353
SCN3A,0.03328331104738983
SCN4A,0.020619165536333698
SRSF3,0.0062092862575991205
PLEKHA4,-0.007991283438983534
CEBPZOS,0.0009806772579721394
MORN5,-0.0016427949193352088
SAA4,-0.0038490293162131203
LCN2,-0.0007133552430417645
GIPC3,-0.002918740820247562
NEFL,0.005795688453391558
ROBO2,0.011742359443783488
SHE,-0.007373702463102874
SVEP1,0.026580960062861453
FAM89B,-0.005340698470859252
TRBV27,-0.002236368029373279
CECR2,-0.0018749029552971757
ZFP57,-0.011096925103276133
BVES,-0.0030517410559467665
TPBG,-0.003571940403351001
RPP25L,-0.0051020495707913135
KCNE3,-0.004814300437679591
BCAP29,0.008809586569031603
ZDHHC24,-0.005449407132888277
TRGV9,-0.004067550163364572
PIRT,-0.005960936248130252
GEN1,-0.005875221951703185
GPR65,-0.00205478382581323
FBXO22,0.002308945045220427
PHF5A,0.0038009096449268254
CABLES2,-0.007362918976390375
CAPZA1,0.011699880330657489
SLBP,-0.0015400582831008724
RAB38,0.004888822466052871
HEATR3,-0.0009685968767029492
TNFRSF14,-0.007277586876685079
LNPEP,0.006925951275352272
RNF187,-0.005718546854338264
NUDCD2,0.001853379406102711
ANKRD26,0.012739140962055666
GALT,0.0012079001023044887
RMC1,-0.00018681385000449778
ARPP19,0.007315160740771998
NOS1AP,0.006344163407438989
CAPNS1,0.004505498566850111
F10,-0.0022358957776310324
SIRT6,-0.001245402534125031
CDH26,-0.005997532880429197
EFCAB3,-0.006380094677099251
DNAJC8,0.006508632071035739
ERRFI1,-0.002710068015702441
ESS2,-0.0050497499605866025
ACTL8,-0.007381899712975027
ZNF143,-0.0016378805668414188
BTN3A3,-0.007627987470888016
TNFSF14,-0.005894904139577974
BHMT,0.003943849367304307
NOL3,-0.009120814007905771
OAZ2,-0.0015557603934815082
ZC3H11A,-0.0008458728794894966
HSD3B1,-0.003130969071085687
MAP3K10,-0.004026748552220569
MS4A18,-0.00959172354423148
SMCO2,-0.010517975937361312
SP7,-0.006530745803125509
ZNF581,-0.006565231097714379
PTPRG,0.01174607743161009
PARVA,0.0070467073045214984
NAGPA,-0.0010230464417336773
DOCK10,0.026523888830082564
ZNF277,0.0030857276347529433
ARHGAP22,0.002553219541680351
RPRD1A,0.011373343601553126
CCDC107,-0.008170951815142803
NOA1,-0.005451897145904005
KCNG4,-0.004554078333986847
STAC3,-0.003617067671833594
INSYN2B,-0.0030745472651810325
HSD17B8,-0.001969546891145839
NIPAL3,0.002267651202420212
REPS1,0.006549000905591916
RPLP1,0.007819783520591645
CD14,-0.004419264736661303
IRX5,-0.003648444875973558
BBC3,-0.009180905173007467
CACNG2,0.006966354147023591
DEFB131A,-0.008777564983993302
ANKRD33B,-0.001402030516293267
NUDT4B,-0.003584656256325345
ACY3,-0.0010879157531786393
PPP2R2B,0.01429621579305914
TRBV7-4,-0.006058008044518522
PYCR3,-0.0033818977094781932
NAGK,0.002117450891995966
ZNF805,-0.006186707878287345
RNF7,0.0056610779355684045
PLEKHM3,0.0033256020169604096
CPLANE2,-0.005210636347700095
BAHD1,-0.010226932715555997
TUBA3D,0.0025975118681845653
PIGU,0.005218448507730082
TBC1D3B,-0.011752058213980676
DNAAF4,0.002013762946589014
POLR2L,0.006605973776560008
TEDC2,-0.011447597818405634
CD69,-0.0034024713013535318
CTAGE1,-0.008050027944189951
CD300H,-0.004766076288998174
GIMAP5,-0.005553924483812146
OVCA2,-0.0045591102000094655
RAB11B,0.006903752417414341
LFNG,-0.004599512804630425
REPIN1,-0.006728248104613231
GABRR3,-0.0010934623193848858
TBCC,-0.0032807484005176846
TSPAN14,0.006159734403183205
ALKBH6,-0.002391471434671866
ARL17A,-0.007689372848064283
ITGB3,0.0008960811916123651
SBNO1,0.013869254240125148
PLS1,0.005462578426768223
SAP30L,-0.0018036163763999
PIN1,0.006873068757284176
LTB4R2,-0.008711935406115803
MRPS28,-0.002578070319736937
RNFT1,-0.004315577574859847
UGT2B11,-0.0005899365065601703
DENND2A,-1.981070135058744e-05
ERMARD,-0.005578083538356246
ZNF680,0.00046881082818226285
DCTN5,0.005965208829006909
TNFAIP1,0.0023642845984421235
DIP2C,0.02202444354922402
RAB3C,0.012058909418877611
MYLPF,0.004584835884449661
MYOM2,0.010621742475805857
POU5F1,-0.005186375455108915
HMHB1,-0.008269376871433542
SLC43A1,-0.0007581715845872465
CLOCK,0.006664190384025412
TSSK6,-0.004590705452381321
C3orf85,-0.00526560143782247
DAZAP2,0.002650450596806618
PDCL2,0.000323375568835623
PTPN7,-0.0019211553217272778
LRRC52,-0.007989528826883377
ALCAM,0.003732636922347365
C1QTNF1,-0.005358411436734249
DNAJA3,-0.0008262505399215752
RIMKLA,0.00018184399126825956
RRS1,-0.0038140557148402723
SERF1A,-0.008066137553142826
ARID3A,-0.0018544208076929243
ELAVL2,0.010764214299404473
TSPAN17,0.0012367360130456648
CFAP70,0.001369271367804109
DUSP12,-0.0018668404547523513
KRT4,0.002812214396777315
ASPHD1,-0.00495084985801882
FNDC3A,0.008042309551907845
GLO1,0.0069406155191789574
ITFG2,0.0006157703035357508
OR13A1,-0.006999332653281729
THOC5,-0.0019682070052243704
VWA2,-0.007005654499989775
PRAMEF6,-0.005411836904813322
RAX2,-0.005878581509015223
PRDM7,-0.010750494842624933
C12orf56,-0.008306135270505407
ZFAND1,0.004218965969395781
CDH3,0.0006980792331577812
GRXCR2,-0.005522213692049854
CFAP300,-0.00398654252177335
OR6C2,-0.0009687026442632419
UNK,0.0019055661456491622
VWA7,-0.007857235072835953
FANCA,-0.002194225086443457
IGHV4-61,-0.0003885820117422005
FBXO36,-0.0021949915303629986
IGLC3,0.0009627420640846465
WNT8B,-0.006077548038677594
DHX8,0.00672820614703665
AVPI1,-0.006060476290254236
MS4A3,-0.005000168110686939
OR52A5,-0.004650024485554946
NKAIN4,0.00023095971746735772
EEF2KMT,-0.004088271229724675
DHX32,0.0024658347695134153
DRC7,-0.005241377703051886
FAM24A,-0.007579404872739491
NCAPD2,0.005032609388906293
PRDM11,-0.004119187895154246
SEPTIN3,0.008117317306950842
PCDH17,0.005804235866199384
COL23A1,-0.0004800448311739459
RGS13,0.00035559398729121387
NPY,-0.0008516745952326083
CCNF,-0.006153179388150992
MARCO,-0.0014854436872375973
STRA8,-0.011609547873626827
SPEF2,0.01946822737464862
FAM3B,-0.00014884309891116478
ZMYM4,0.00895960414541449
ATOX1,0.005194927772685677
BRD4,0.007550937138141791
IGKC,0.002350638116925579
ERG,0.0006769855848317183
FBH1,-0.0017610618792954092
RHEX,-0.005492627358656581
TAS1R3,-0.009251663246436207
KLF7,0.0034976148429541865
SCYGR4,-0.005341062529445221
PEX11B,-0.0040325293861155015
NXPE2,-0.006367907368691869
AKR1B1,0.004775818294986485
KLK15,-0.005902115532366509
GNG10,0.0009528290868711427
RTTN,0.02565126170845337
BRD9,0.0011086149222497474
KIR2DL3,-0.0010126159148493123
BRI3,0.0017366314411747113
WDR91,-0.003108175108254006
IGHV3-21,0.0018596574020985988
CATSPERD,-0.00812397676704672
NCOA3,0.004954999048001081
GZMK,-0.002014775065174849
HS3ST6,-0.006375906410919878
SLC24A3,0.007952489139510507
PRKAA2,0.012014707730692105
DHDH,-0.002147076881955049
METTL7A,0.0002887483801079195
TP53TG3F,-0.007489495782423053
MICALL1,-0.006667164035321148
FDX1,0.0013035492116204334
IFIT3,-0.003782104109165831
ZNF679,-0.007038350788731357
SPR,-0.0035660737331779132
DDR1,-0.00023660105200965748
BAIAP2L1,0.0035008706083230604
NPY4R2,0.0009848286766662988
PYROXD2,-0.002738124551439871
PCDHA11,-0.0017182871411935616
AFAP1L1,-0.0029717981092643266
ZIK1,-0.008712841364901318
KRTAP5-7,-0.00611071335778426
ACTR2,0.014546202285593763
NUDT21,0.0063909263337078095
KCNQ5,0.006263066249208565
CKB,0.01107166518959582
DDC,0.004268763114749018
EIF2B3,0.005632298971888223
TSGA10,0.005271576994484384
ATL2,0.008727194547436028
POTEG,-0.010029061670593382
TBC1D3I,-0.01065061762639466
NKG7,-2.257437244027093e-05
OSBPL9,0.01211400474179946
SMIM21,-0.009939611262239986
ACSS2,0.0031965702688491354
CX3CR1,-0.0004765477047402998
FOXRED2,-0.006006993727289564
TAS2R14,-0.009298864740680158
DSCAM,0.026743605025321398
DEDD2,-0.005409605985626991
FMN2,0.0036122759790633446
HLF,0.00654893346352991
CATSPER1,-0.009914908857340685
SPDYE6,-0.011684247600891902
TIPIN,-0.0031716118261929395
TLN2,0.037010607476116016
ATG10,0.004374422506332804
KIF1B,0.030048575700360885
PLEKHN1,-0.009607105233985598
CATIP,-0.0074118562605191216
ISLR2,-0.007265531479091105
MED31,0.004553839017008507
SRP72,0.006623562669963644
HIGD2B,-0.0064271823579487115
MON1B,-0.004623651456491332
PTBP3,0.009897866169823619
ARSB,0.0025188079503813206
ANGPTL5,-0.007781522409025458
ZNF831,-0.005490674864788093
DARS2,-0.0022439735651802032
ZNF485,-0.0067908752187494925
NRBP1,0.00574766638517259
SMIM19,-0.002641579042590589
GRM7,0.011970883706116252
HMGCS1,0.006819145870856145
ALDH6A1,0.0025305059246159894
ANKRD35,-0.0077058172913125325
ARHGEF40,-0.005519959676143727
BTBD3,0.005526861241224455
CHAD,-0.0033670880358709736
CYP2D6,-0.0049179378635012365
FAM216B,-0.00848352588954242
DCUN1D4,0.006276318447788049
FXYD5,-0.0043871478261553335
LAMA4,0.015409603596223986
LGI2,-0.0011723077714615574
MBOAT1,0.001401894737710979
TMEM79,-0.009102769561893884
UMPS,0.0014036983267153712
OR4N4,0.002647337879945574
SLC2A2,0.0008852600554403435
SLC35G2,-0.0022573564668121517
FAM72B,-0.0066863293104340625
TRAV5,-0.0027840725797737935
CEP170,0.009983409837274025
PCP4L1,-0.0014459803086324656
GRM8,0.011042422355808892
RBM5,0.009816527057336643
EPO,-0.010918896380865661
MYH1,0.028269534184067375
RPL26L1,0.004094382276509024
RTN4,0.005403220274449384
PCDHA3,-0.0019142155616329879
IL1RAP,0.002624961077499599
RB1,0.00812146003867381
TMEM250,-0.009230608652198663
VPS8,0.009930960700326454
LIMD2,0.0017614689723018677
PBK,-0.002628496692677508
INPP5D,-0.003466857697638305
SMYD4,-0.004036390104679513
GLYR1,0.006355022423975654
TESK1,-0.007482310847815341
ANKRD30BL,0.0034461287452919195
CPA3,0.00017205945533819164
ELOVL4,0.005957716420811343
CCNA2,-0.0013294206006650231
IFNL2,-0.005722026258102483
SELENOV,-0.012024233517658328
RHOBTB1,0.005753860629692732
TMCO1,0.004426857898322668
FNBP1,0.011630917677565274
TTC9,-0.004263397651061192
IL2,-0.006753514483822654
ITGAE,-0.0014064890299055333
UBA52,0.006778039176755683
SRSF7,0.0056330196937808795
BOK,-0.003333713866293237
SLC18A2,0.003072105234074232
CIT,0.024414187485890748
PSORS1C2,-0.00900058312679148
CLIC5,-0.0013023593369992387
JAGN1,0.0001514014398787724
FAM117B,0.0002682804129918409
ATP6V0E2,0.005992942520866952
PKM,0.013459920390529997
PRSS21,-0.005057471262744954
PTPRU,0.011490604209690924
ZNF71,-0.0056190137318601575
CCNE1,-0.0014171669365671518
SRFBP1,-0.0030651806392925523
DEFB4B,-0.004693361459203547
COX6C,0.006785313765991813
ICAM4,-0.007600113021461939
OR7D2,-0.003893199217457745
BICRA,-0.005357804023645877
MAN1A2,0.012506716080041393
MUC7,-0.00651138122211094
CHID1,0.0014882517819122427
UQCC2,0.000289896788274735
VTI1B,0.0036588000918257005
ARMC10,-0.00198046345291321
APBB1IP,0.002568396967419793
LRRK2,0.026727875351618996
KRT71,0.00022547788128964743
PRSS55,-0.009493921743101841
TSC22D4,-0.0035620494494079205
EPAS1,-0.00047807759860721554
EPB41L3,0.011290663826726438
TNFRSF13C,-0.011148471987147678
CDK2AP2,0.0015558217606273673
TAS2R41,-0.0049418938316892905
GTF2IRD2B,-0.0026811548797583927
NFKB1,0.005030165282868219
CLDN20,-0.0034408630266202296
HSPA9,0.009785725849263701
RASD1,0.004676830831633759
MDM4,0.0022755211083118868
SMIM29,0.0003397704244158751
ITLN1,-0.001474787159921885
GAB2,0.0020818514351187457
GLIS3,0.002518417694863507
OR1C1,-0.005340499412479845
CCDC154,-0.011862441394177366
HECTD1,0.034605086921445594
RXRG,0.0040321239031173095
ZNF724,-0.0057797450356819775
ACACB,0.028311553378477003
CYP7B1,0.002728972025369709
ORAI2,0.003267708319042009
SNAP91,0.008488610006578518
ADORA2B,-0.0014322288187834271
IVL,-0.005502147658269743
A4GNT,-0.005657796847886368
TMEM39A,-0.003145088756460634
HTRA2,-0.0050245127010811255
EXOC7,0.004091460862022678
FNDC3B,0.0058174399118786635
ABI2,0.012015285904698164
GKN2,-0.003316493993405841
HOXD12,-0.0008095965365067301
KLF1,-0.006098403265236461
PLEKHA1,0.0073506661551511615
MRFAP1L1,-0.004406745478399944
TPT1,0.010139605372225842
CDC37,0.008475650525756464
TLCD3B,-0.0034163843295583747
ZNF416,-0.007489947201718763
CRYAB,0.003376193127252647
PIP4K2B,0.005101946905581093
COL5A3,0.00014308234872429838
PPFIA3,0.003694187255740915
PRR5,-0.0023853385699836196
GRHL3,-0.002868779717528559
SPATC1L,-0.007526461462739889
TRAV29DV5,-0.003690588631708571
LAPTM4A,0.005245405243387068
RAB12,0.004033006491335825
SERINC2,0.0035812289400652653
YIPF3,-0.000320531410196104
TRPV1,-0.0036916175816120024
SLC6A16,-0.005755082705333668
DHRS1,-0.0012689864722684808
RNF38,0.00455895087361247
MBD2,0.0010386247878199659
OR4F17,-0.003935414413007931
GGCT,0.003818601603185454
HGS,0.0021726858249159456
GPR139,-0.005783895027523686
AKR1B15,-0.0025918758710394246
CHRAC1,-0.00027424675263546346
HECTD3,-0.003224318184341718
CLPSL1,-0.0064896407191893405
PFDN6,0.0017515596531011586
NBR1,-0.002523731953782291
SLC49A4,0.0023733072531256696
PCDHGB6,-0.0013385246284113063
COL4A3,-0.0012418805512965094
HBD,0.004081579791795587
PCNX2,0.02819980665757583
FBXL6,-0.0064929780161165655
MAT2A,0.008589764565807434
MED1,-0.001689935245422292
NSD2,0.007949323357317966
C17orf113,-0.010142633366470742
RPRD2,0.005755463739136973
SLC45A3,-0.004712757052864983
BRAF,0.011762111881891841
TOR1B,-0.0005336990618260909
DCSTAMP,-0.006732346958297418
TCHH,-0.006567874754428383
PYHIN1,-0.006833474413817128
DPY19L4,0.001314223432680354
TRH,-0.006497070385803599
SLC12A6,0.00957724636159495
MOCS3,-0.004724051876411762
CDRT4,-0.0026816716397307368
DOCK6,0.025981857487679172
JAG1,0.002006755788327992
NARF,0.0047965146701979475
TRNAU1AP,0.007891204909475267
SLX1B,-0.005256499274643625
ADGRL2,0.013689200319975283
SRSF4,0.0065703236941992435
SLC39A9,0.005021748527825814
ZNF90,-0.0024967311019751
C7orf33,-0.011099357163728818
IGLC2,0.0017131805327063095
UBN1,-0.0023033751975993434
HOXD4,-0.0020402336500938653
TXNDC8,-0.007239136575588938
LHFPL6,0.006805903750879259
TAF7,0.004374977401573351
EHD1,0.005760158979116266
EMC3,0.007969208350027669
TMEM43,-0.0006838301348199004
CAMSAP1,0.0034559541434427484
CRTAM,-0.007675911562332507
ELFN1,-0.005566418721975681
TRBV6-7,-0.0005232034542234736
TRDV2,-0.00396531571331868
HMGA1,0.0012722871068738609
MBD6,-0.00948800961487903
TMEM151A,-0.004559817623611882
DLGAP4,0.006762463962458963
TP53AIP1,-0.009611566107259816
SPATA31D1,-0.0031936391612603144
ITGAM,-0.0011301565716870013
ROBO4,-0.008384678921277162
MRPL9,-0.0034441880794826474
SYT12,0.0007312962694961487
MRPL22,0.0006342417212110816
RADIL,-0.005206485630651862
SCAMP2,0.0032230876536831037
MTMR10,-0.001905186158968642
LCNL1,-0.0059828479741266954
LIAS,0.0024918386264435447
INHBB,-0.0035655491965899456
PPP2R5E,0.014645740205058813
ZCCHC24,-0.003728076345836908
ZYG11A,-0.005229554999103829
AQP2,0.002579346980896587
IQCJ,0.0018920981177324065
MB,0.0001590814809192149
COL26A1,-0.0015065121292162544
KRT85,0.003479432085571093
FBLN1,0.00010569241514631361
IGLV3-1,-0.0008556684469064692
PPM1E,0.0014317359775212555
TIMM10,0.002531535377724018
INVS,0.0031195715995657436
NAAA,0.0001304879328130155
MYRF,-0.0048437384298420155
TNFRSF9,-0.009512826197709906
TRPV6,-0.0030869770299843734
USP4,0.006191341334370985
SAMD15,-0.011281552494732826
TALDO1,0.009343377380876016
NPIPB5,-0.00548765036363819
SYTL2,0.008788365196782165
MAP3K13,0.007998017047312062
AK5,0.009191653087059442
DHX30,0.0034643473527403907
ETAA1,-0.009552614557735015
LILRA5,-0.004779218559493484
SVIP,0.00037799723025476115
C9orf72,-0.0013106626238931888
DTX2,-0.003085014964307128
NELL1,0.0050661063110383625
SLC23A2,0.008550067170434284
SP100,-0.005306951139200963
GATAD2A,0.0007526241570631665
STARD7,0.00022231140252034179
IGKV3-7,3.934750093854883e-05
SLC32A1,-0.002169972818641001
BCKDHB,0.00873099882431076
SLC9A8,0.003958190584839978
VCPIP1,-0.005240636138783238
CLDN23,-0.007367633340632614
DDX20,-0.006479647297055323
INHA,-0.007584422758243212
PTBP2,0.012591869828236844
LLGL2,0.0008682242403743337
MYO19,0.0010266872485573285
PSG5,-0.004667509240408078
PTPN18,-0.0017910155256299135
WWC2,0.0041613858699921635
ATP2B4,0.012718188079923814
OMA1,-0.007530347744704899
USP17L19,-0.0047133069191324034
MED7,0.002010619684427757
TFG,0.006443390682573015
IP6K2,0.004321179016544309
DDX60,0.01288075381059102
ICMT,-0.0009606038308968935
CLIC1,0.00752122269943592
POLR2E,0.008162233566874084
SLAMF9,-0.009028686209614058
STX19,-0.004854327211606359
ZNF638,0.014515996080604915
CALCR,0.001597192488483996
CLEC2B,-0.0012498067202176449
HAP1,-0.008677644172601397
OR2A25,-0.005720298190880578
OR4Q2,0.002144306120258279
PPP1R14D,-0.0050566130117413784
SAMD5,0.005036624390085893
HGF,-0.001280695398182865
OR5AU1,-0.00601112694298762
IQCF1,-0.009765032037920247
TPK1,0.008210152982527448
TBC1D3D,-0.01087567432194666
C12orf60,-0.006453503986337429
SSH2,0.004486460341035419
TLN1,0.03427821453207435
DELE1,-0.005610281452379267
FZD4,-0.00015994511949733782
PCDHGA8,-0.0013531418609731437
CASZ1,0.008170546813550275
SLC25A32,0.003163250483476598
SLC34A3,-0.003988850122177629
PLEKHA7,0.003380871949304337
CCDC57,0.0007476461829542866
C20orf27,-0.0012216325296638137
ERGIC3,0.007234765739151459
HSD17B1,-0.006271098737763936
EMC7,0.0033447900499080628
SCTR,0.000186945011613395
EXOSC5,-0.0008341809094329831
GPR135,-0.002022617639501478
RPS6KA4,0.0006970460835370504
FTSJ3,-0.002313717754563666
ATP5PO,0.005693221792316801
ETV1,0.0035236646484806977
SLC22A11,-0.002907622513881181
NUB1,-0.0016333413057930755
DEFB130B,-0.008256470996859161
CCSER2,0.004718839707819159
ATG2A,0.01871808785407503
EGFLAM,-0.00022368196603036872
GPR161,-0.0031950026441779963
RHPN2,0.0010088935729467906
ATF7IP2,-0.0001782747912497878
C9orf78,0.003398374416372661
CLEC4A,-0.005937341903613589
ADRA1B,0.001181716279329222
FGFR2,0.006990848068870366
PLD5,0.0024064479665318163
C10orf82,-0.008986978220169655
TTC23L,-0.002049121087004972
KATNAL1,0.010080991440332197
RAB22A,0.006876181139087778
DLEC1,0.0073760276633783725
SAE1,0.006148133871647899
PCYT2,0.0015157026267609678
RAPGEF1,0.006678942496427934
SHROOM3,0.004316779154319458
FOSL2,0.0016259325042769178
MGST3,0.010549125439086244
BDKRB1,-0.002152969406563708
OR4F5,0.0043474421955509235
ERC2,0.011654042821190938
ARHGEF19,-0.008157401180568454
SMU1,0.007285337478481897
SLC10A4,-0.0043033938080599575
ATPSCKMT,0.0021943076960602567
SLC5A4,-0.0008970820594420146
RBM22,0.0032938225265598605
ALDOB,0.0044107000631783775
ARL5A,0.008920743787974198
DEFB103A,-0.00265301616096621
TMED2,0.00836589414488925
PRDX3,0.005086508709763993
ZNF729,-0.004106159694752796
EMX2,0.0005221714665180401
MBOAT7,0.0013358523194903916
C1QL2,-0.0017831871234359326
DDRGK1,0.0012759502627932545
OR10G7,-0.004104896624370053
NNAT,-0.0014906810827519936
PDCD1LG2,-0.00920925724207221
LARP4,0.003141953620616526
SIGLEC6,-0.007709003506254323
ATG13,0.001832185413304338
GLIPR1L2,-0.007847092168662929
FLII,0.004433121078300511
ATXN7,9.449526185957135e-06
TMEM200B,-0.012283669695265502
ATG16L1,0.004816934754978222
TMEM260,0.005401834038479036
SH3GL1,0.005420209463287642
ARL6IP5,0.007210369125539263
NUTF2,0.006103377885635429
UBE2Z,0.0014494587204633839
HMGB1,0.01232261557039554
CLPTM1L,0.004361353191583073
OR51I1,-0.005207385580097398
MAP4,0.00465012139811358
ZBTB17,-0.0006865308271145524
MLXIP,-0.0009394453027210928
MPPED1,0.003829971548288831
FCHO1,0.0010750312307034454
SLC22A23,0.003624264904476227
ZNF714,-0.0014443778305529816
NCF4,-0.00022151355408534242
KCTD15,-0.00044448547628425173
MAN2A1,0.006750183869440916
JSRP1,-0.010049539680034593
SNAPC4,-0.008031897233409765
IP6K3,-0.006003890886987
ALPK3,-0.007518801025782761
MYO1G,0.0027931576898618787
RBM25,0.011367504476986976
DLL4,-0.0038773282274754367
ASB8,-0.002244541975588622
TMEM138,-0.0020122733481634345
OVOL2,-0.0032502819369006203
PIK3C3,0.011030767982953089
LRRC19,-0.00929634617356417
ACTL7A,-0.007940544595858204
AP2A1,0.008153270812221836
RIMS2,0.013035713567032203
FFAR4,-0.00516910031055032
ACTN3,0.0015190355594737904
DPYS,0.005983395087994835
CLDN1,0.003802714630815336
OR51S1,0.0007421657705717786
ORC4,0.010269370530539943
CAPS,-0.004874722219441534
SHLD3,-0.010869115561285926
GNAT1,0.004726681594180499
MOGS,-0.002738877696704819
TRIOBP,-0.004708519361191974
ZNF547,-0.006538075037056522
CD200R1L,-0.008014510299575728
RPL34,0.009497134869170845
GFPT1,0.010191821516405058
GINS4,-0.0016453322724431048
NHSL1,0.0030612669151231365
ZNF697,-0.006131677087664736
FOS,0.002902783302730664
TRBV17,-0.003368599122485718
CREG1,0.002684355553064941
SMR3B,-0.005138933653043271
CPEB3,0.008542500920833532
TRMT2A,-0.004719412567966504
AKAP8,-0.004855664943911787
FAM184A,0.0051468189274531525
HERC5,-0.003074928850192123
CPAMD8,0.020031185285696064
SLC15A4,0.0005664659331590647
LCN8,-0.008035085026597015
SUSD3,-0.005059293533477448
ZNF415,-0.007357600348211536
CLBA1,-0.012386796532829815
PAFAH1B1,0.0159860801077884
ADGRB2,0.009385296357587692
CRTAP,0.000991715394611698
F2,-0.004641923198613071
OR5D13,0.0022875755884005614
PREX2,0.01722313236660464
TIGD1,-0.004895859141685482
KHSRP,0.001192427722431474
TRIM2,0.012076639708350066
DISC1,-0.005161393772897858
ORMDL3,0.0015975179814689572
IRS1,-0.002565486304809203
RPP30,0.00010783333621825798
IGKV1-27,-0.0010037728570207961
TBL3,-0.003699281313955589
CLEC12B,-0.007654635825143973
UBL3,0.009515951953495153
LCE3B,-0.00453803386911278
CFDP1,0.0054651443801798545
RPL4,0.006676724958691341
B4GALT5,0.005907385713674537
SERTAD1,-0.005383417650341483
XIRP1,-0.0013895796670803904
TGFB3,-0.0027730511017847776
SH2D7,-0.0104452931976122
LHX8,-0.0013889118602435897
HSD17B2,-0.0015437570042847115
ITGB3BP,-0.0023346605045360177
SLFN5,-0.0023794673315902966
TOX4,0.0006905484064000166
GNAZ,0.0010488919293893419
ANAPC13,-0.0038579031977397163
SERINC1,0.009628754124689456
KIAA0408,-0.003865531523650736
TANC1,0.011673011993116501
MLIP,0.003334252966827043
ARHGAP42,0.004289866345689027
TMEM212,-0.0073969596471493565
FOXD4L5,-0.011804898516332691
TEX14,-0.005560206078340925
ZRANB1,0.004727720499199643
PXN,0.0020685882210531377
PPIL1,0.0018038964828212805
C5orf38,-0.009691827173138453
ADAM19,-0.00011670965495226841
RERG,0.007247565453250597
C12orf40,-0.004514321054426775
ATP6V1D,0.00982484736977169
CYP11B1,-0.001597980784361164
SNED1,0.007646120818207448
SIK2,0.00538029613728042
UTP18,-0.0011379978568969243
ACVR1C,0.004665514206345673
BMPER,0.0034801624370410836
EPN3,-0.0042746352032844055
CSNK1A1,0.015116379708274676
KANSL2,-0.0035476480908106004
PDCD5,0.0077201175757898996
CACNG7,0.00430095848286285
CCDC153,-0.0066756146613809395
PEBP1,0.010379433570839307
MTX3,0.001538970099348833
PDGFC,0.0032526824346510506
PHC1,-0.0024007760176024606
RASA3,0.005377943193725423
REEP1,0.010307432953595803
SAMD8,0.005515766622071865
SSTR1,-0.002345875656789296
P2RY6,-0.0032414962649161753
MAP4K5,0.013570148708739406
PTH,-0.0073349172055228624
ROM1,-0.00542163502004039
CCDC50,0.002288079719609917
SLC40A1,0.0025101026696125912
PBLD,-0.001432515967589285
MECR,0.00019615667499348977
ODAM,-0.007020236801503192
PKN2,0.013017427813569307
GPR45,-0.004888112912370489
DAP3,0.005495998167895889
KIF13A,0.021696028574429704
RAB3IL1,-0.003177113023807184
IMPG1,-0.006879626752552086
EEPD1,0.0005968664402122762
PNPLA6,0.004058204812470062
OR1F1,-0.001925836894158398
PCDHB10,-0.003864439789496776
HAPLN3,-0.0007783953340202969
RPL36,0.008580148337503257
ARHGEF5,-0.00894932994319575
CER1,-0.010893613146163633
MSL1,-0.003275601007725715
IRGM,-0.005683636268062591
PGGHG,-0.0025954224401529987
CAVIN3,-0.00571867562584628
LENG1,-0.006241024524005684
RLN1,-0.01049626338768256
GBP1,0.001469183288889432
HES3,-0.0068140305473118135
PRSS3,0.0008216550185770217
STAP1,-0.003439392990723711
ADM2,-0.01299360852315467
TPTE,-0.004725347371947623
ACTA2,0.005660927478460544
SEMA4F,-0.0036770453869577977
TET3,0.004963443781667617
ARRDC2,-0.002477257297770858
PECAM1,-0.004235040624271997
OTOF,0.023963572833377873
IL1RL1,-0.002490230785712032
BCAT1,0.006280052401346613
KRTAP9-3,0.0014036428261104516
ATP5ME,0.005892792834422807
DERL1,0.004376135837370169
KRT5,0.0031383919599419306
ATP8A1,0.013801488769395803
CCDC184,-0.008813039541313319
TRAPPC2L,0.004896973652985717
TMPRSS6,-0.00656618202899066
UBE2W,0.011556018230410588
PLPPR3,-0.0034017478839628323
PRLHR,-0.0057360576019590236
ATP6V1E2,0.0034252972145374628
PMM1,0.0037562009336188315
ADAMTSL2,-0.004570094031797466
DLK1,-0.0003032339165707084
COLGALT2,0.005336870248893314
ABHD6,0.0037239191584996904
OR13C5,-0.004421408896498012
KCTD11,-0.0073881955293135
KIF1C,-0.00012572478787092794
ANTKMT,-0.0003249479941466217
OTUD4,-0.0031223210319436642
POU2AF1,-0.0060478284271448905
CAMK2N2,-0.004265611268148767
ACAD9,0.003156352332458
ACTN4,0.012260103768955845
PIP5K1B,0.00979615030487947
PNLDC1,-0.007257047932610172
TBC1D23,0.0038928120095612375
PRSS56,-0.008823407905968252
ABCE1,0.007430045758534899
IGKV2-24,-0.0027829017806216346
LAMA1,0.024179238347274146
ERMAP,-0.009429975871910377
S1PR1,0.0006840736151546922
SELENOP,-0.004014816528776604
GOLGA6L6,-0.007389635679186184
LEP,-0.010173010715678282
OR4N2,-0.004059695474371991
ZNF592,-0.004336361757067082
MRPL34,-0.0019260934845379614
CCDC77,-0.004388160504011776
RICTOR,0.018490185554752733
SEMA4B,-0.0012864387158368201
BPIFA2,-0.00430275567303371
NATD1,-0.004634103866032532
ZNHIT2,-0.008004752635035348
FOXB1,-0.0036886489837864196
TTC21A,0.0031697850643932156
CA4,-0.002447529884054014
MOB1A,0.00753759480062581
CHL1,0.007070478134424938
AKT2,0.00812620793352295
KRTAP21-3,-0.003057048796829184
TMEM200C,-0.009506337373380457
DPF2,0.003831518774862807
EIF2A,0.0056528569598240834
USP17L2,-0.010272580537711625
ABRAXAS2,-0.003790692743456331
NOC2L,0.00037977396757016816
RXFP3,-0.007307501708692134
NT5DC1,0.007622146149970854
TAFA5,0.0034041457263763613
HMG20A,0.0050093574194384335
LRRC30,-0.0016626476087516228
MRGPRG,-0.007573101020016809
WFDC6,-0.010666380748810718
DLG1,0.01423879851807447
IGHV3-73,8.96719575752457e-05
VPS72,-0.0020976348121004777
PAXIP1,-0.0007270104618485868
URGCP,0.0019913178439573648
TAF3,0.001479814778306729
COX4I2,-0.0010355050803694471
CCDC74B,-0.010712626071990618
FMC1,-0.004571270898467602
TMEM61,-0.008338534199555537
DCTN1,0.00579220050722763
TGS1,-0.0029200955557340397
DOK6,0.007398440290710243
HOXB4,-0.0032359180079213983
VRK3,-0.0030014660225062078
HAUS4,-0.0058084288980236225
MLLT11,-0.0001445314233144837
MREG,-0.0006377598330458152
ITGA7,-0.002356567017999541
OTOR,-0.004468137349578246
STAG3,0.0009513383229872117
TPRN,-0.009432178777925009
RNASE12,-5.8442494458775845e-05
COLEC10,-0.0029514386026851455
KLHL29,0.00645322420420795
SNX9,0.010072527881743096
TSGA13,-0.012234667140570164
TMEM116,-0.0020468819382291627
POT1,-8.627232384498158e-05
MIEF2,-0.00872868632377294
GDF9,-0.011187470492588022
C16orf78,-0.009229517010504722
HNRNPCL1,-0.0003899459798825245
CPXM2,0.001128206166721854
DDOST,0.005726478032312375
UNC5B,0.0012987849892522891
HMGCL,0.0018370343108026425
CYLD,0.0037910195859440624
MAP2,0.005092291924333932
TAPBP,-0.005384615631024293
OR13G1,-0.004854293290127717
OR56B4,0.0009382318280562701
LEPROTL1,0.00579124706161695
ZDHHC13,0.0009010324608244201
LY9,-0.007580845689894578
AP5B1,-0.00840489658632011
MALT1,0.0004171722819513359
NSG2,0.0006238422784332294
PHF23,-0.006379281823958337
ARHGAP11B,-0.007361982651107058
GRAMD4,0.00039587738050764036
NDUFB7,0.001518720006600224
RFPL3,-0.011335346085857727
SHCBP1,-0.006157258592811713
OR8J3,-0.00017311105897325205
TRAV18,-0.002313323019641593
DTWD2,0.002009773723046617
ATP2A2,0.013617000173317314
GPRC5D,-0.005913248996219173
SLC25A45,-0.0015242601489483115
DDX21,0.0018769660446591493
NCLN,0.000952914261570194
C2CD2,-0.003205598258058622
CD58,-0.005558778839036978
LPXN,0.0029398155536241046
ENPP2,0.003944241846134546
SLCO1A2,-0.0007323995828221421
TRAV12-2,-0.0027340514119671582
MICALL2,-0.005709527068959487
MORN2,0.0001501257872823696
SERTAD4,-0.00864771482593408
TRPC4,0.007616275652301112
NUMA1,0.013032402464875373
TSFM,-0.0013602851179685231
KRTAP2-1,0.0026110703779612713
HCFC1R1,-0.004413180798932252
TCTN1,-0.004071260471602211
KIR3DL1,-0.001136573657080561
NAPA,0.009542828660253735
SPAG6,0.0034205158024210674
CNPY3,-0.0007144826961262609
NDUFS1,0.012136297968495496
OCIAD2,0.00016089435555183447
PEX6,-0.0013939057641988077
SLC2A3,0.007442692196113155
MCEE,0.00039332092886892184
PLOD2,0.004739258703174417
OXGR1,-0.005653152513440704
USP17L15,-0.00418113480512745
ST3GAL6,0.00343981716018194
CA14,-0.006047134409813867
EDN3,-0.008875602455721455
ZNF225,-0.006894470309383223
PANX2,-0.002822869600153872
C3orf62,-0.010232534354572092
PCSK1,0.002585681033569692
GLI2,-0.0025162615532314625
OTUD7B,0.001502104225455221
SCYGR2,-0.0006923636953741703
UBA7,-0.0035416338899622126
IGLV3-16,-0.0006329873020747906
LILRB2,-0.003684553499686038
SNX5,0.007223629797421912
LURAP1,-0.007481587945658164
MBD3L1,-0.008647110410275504
PPFIA4,0.007437252789301913
P2RY13,-0.003576200400361355
CAMK2N1,0.0011079719251891962
RASSF9,-0.006195477558719094
ST7L,0.006642039286482164
SCGB1C1,-0.004427871452838401
TMEFF2,0.00500066933080168
TMEM179B,-0.0005266013025605436
QRICH1,0.0047576974824727935
LRRC53,-0.009103341795824588
KRTAP19-8,0.00043793265363102933
GPC1,0.0009872446656946827
COMMD3,-0.00016429580910736958
CRYBB2,0.0003958821132832312
EHD3,0.006426934944054156
PRTFDC1,0.00567582919459329
LMBRD2,0.006822708590936733
AZI2,-0.001885534323168363
PLCL2,0.00815711275183561
KRT17,0.005856307881940276
CNTLN,-0.0015976427712553858
C7orf25,-0.008425192867620088
SPAG4,-0.009809275412833671
ZNF484,-0.004923200883265908
AQP8,0.00017229348241225238
CALU,0.008365872738144533
ZNF740,-0.005410234911203911
SLC9A3,-0.001238278910677895
VASP,0.002490905173732843
ALPK1,-0.004651155234496652
MRPL27,0.0011737058791343208
FYN,0.012670358046342254
PSMB5,0.007155954848888278
TYMP,0.0015914846470229534
ATRNL1,0.008317515344886986
DNASE2B,-0.005712849189859541
KCNJ16,-0.0010600720458322599
TGFB1I1,-0.00010843681686953605
CFC1B,-0.011083184744717908
RHBDD3,-0.006445236396105208
JPH4,0.0011577904237812502
MRPL35,-0.00433169886092049
TMEM74B,-0.00768924312922054
AKR1E2,-0.0033320906987026797
CYLC2,-0.006339820062846947
C14orf28,-0.00850221185246388
PWP1,0.0042161663668670085
SEC24C,0.00022867839276033406
DENND4A,0.02269978534454464
LEFTY2,-0.007221285894785726
FRMD4A,0.010069255966565499
FLYWCH2,-0.006574100165406154
SBSPON,-0.003992968645692441
TMEM35B,-0.002279378796899108
TRBV14,-0.0020026789588799337
SIGLEC11,-0.007893336273095679
TRBV7-3,-0.0030466009686898345
MINDY1,-0.006112337351174261
CPN2,-0.007034073613075859
FGF10,-0.0019061748156676559
RMI1,-0.006247286753632594
RALGPS1,0.010706532910400595
CTDSP2,0.004253768560300613
DNAJC21,0.0029607010882693845
PSMA6,0.01049522299395081
EMSY,0.0030714260804313182
FBXL7,-3.2071122791902927e-06
ADTRP,0.0009325521009336683
C16orf82,-0.008051209229656039
GNAT2,0.002407842069264246
CEP57,0.0044000076154876175
OR2K2,-0.0038473800114370792
IGHV3-30,0.0012486267745933264
MYOM3,0.0030521643326676755
CARD8,-0.005425195320530634
DEFB113,-0.001590744354307988
RING1,-0.000274471720996111
SLC5A1,0.0026743977153694544
SLC66A1,-0.003067083280913889
OR52N4,-0.0036373622053438534
MLLT6,-0.001422064477191009
SPCS3,0.006488504911754677
WDR72,-0.002519420424401156
ACSL5,0.0020186438331563387
NEUROG1,-0.004804519006671346
DTX1,-0.002107816953962784
AQR,0.015115030667475058
SSTR2,0.0010625895876938886
STK17B,0.0015643058715677299
TNFSF15,-0.007550976622835455
ZMYM6,-0.0007117962321721828
SF3A2,-0.0019451716064740653
SERPINB8,-0.0020085733862893174
ADRB2,0.0002953272382806792
PEX11A,-0.003783637162127182
RPH3AL,-0.004920275234626553
USP17L28,-0.002991104128405848
ST8SIA4,0.0029042345260135876
AHRR,-0.007841822616361106
CDKL3,-0.0018698265177341106
CYP2F1,-0.0007645804897569024
RNASEH2A,0.00013337449668467984
SWI5,-0.007575874507225915
IGHV3-23,0.0015488783093330913
GLUD1,0.008632594642405305
BHLHE22,-0.006054814638718623
NCL,0.0038533122526001745
KIF4B,-0.004193518940449942
SMIM28,-0.011878812980871104
DEFB105A,-0.004336536058602475
TNKS2,0.011788588409315506
FRG2B,-0.011401556976757224
TRAK1,0.008313906537168165
IGSF5,-0.01002184030511939
CASQ1,-0.001590251375152715
CAMK1D,0.011669978820029786
IPO5,0.010533352611286068
REXO2,0.002999371530552379
SERP2,0.004130534333455559
TICAM2,-0.008881076153166712
MS4A1,-0.005577109628880045
TMEM270,-0.011880801936906821
RIPK4,-0.0032176543679164143
TOMM34,-0.0010183671883942389
RASSF5,-0.003684998483171637
GTF2H2C,0.0018690153138206378
NPIPB2,-0.011539860743957799
CPEB1,0.003300366653024259
PSMB2,0.00832052691488744
ZNF98,0.0007547502740554001
AUP1,-0.0003148426876518758
ARHGEF39,-0.007121691423005062
ATP8B4,0.009037043592544843
WDR53,-0.00512282135495738
AIG1,0.00982022910254666
MAP1LC3B2,0.0010507068706146236
FASLG,-0.009386714739563004
SLC2A12,-0.002758836825792961
WDR27,-0.0013855615544196827
APOBR,-0.010415055520583647
GLDN,-0.0009177586461677229
COQ7,-0.0004602624064396061
FFAR2,-0.004597138177976711
CTAGE8,-0.003270437856152443
ERICH6B,-0.011278455792418096
GPRC5B,-0.0018836900613693325
MED11,0.0007746354365184572
LIMS3,-0.0036345808204159553
ZFP37,-0.007776339922434816
ZNF106,0.0076721120959977905
DEFA4,-0.006187200021981802
LRG1,-0.006105066145174022
TEX30,-0.00043362089220493494
LDLRAD3,0.0025484112230101073
SLTM,0.0052882237995625185
RPUSD1,-0.006199440989603895
ZMAT3,0.0005989659502288977
PLAU,-0.002155837138288474
MRAS,0.006845616252547832
BANF1,0.005186793723365598
MUC20,-0.00815666566750923
ZC3HAV1L,-0.008441730369659575
RABGEF1,0.011341587399024395
KCTD8,0.006580076729103125
TH,0.0003077419004897652
TWIST1,-0.00013753235616201478
SPATA21,-0.011172412076686155
CPE,0.008830437258739152
S100A14,0.0019120729390497318
CAPN1,0.006898148742482162
GNG13,0.0003658350015680499
OR10A6,-0.005049260503128417
PTTG1,-0.004043488552249511
SLC25A34,-0.003646663868370453
TRAIP,-0.007674003193155543
SCAMP4,0.001524776865831963
ZDHHC1,-0.007402949423501633
DDX4,-0.0036255425138336235
GFY,-0.01149362616836127
XPO6,0.00789886795646782
CYP2A13,-0.0011945720972624803
DOK3,-0.009110249061224552
ANXA8L1,0.003038722830690238
ATP5MF,0.0037194987187940324
WNT3A,-0.003290760296715064
BID,-0.0009244521410407113
ERMP1,-0.00033193908732435175
DTL,-0.0078383322530236
PRR14,-0.011250912932243742
OTOG,0.016055505147030764
CASKIN1,0.0013041013260025175
KIF27,-0.00037545188114668904
ZNF510,-0.006946216609498572
PRSS12,-0.0005599923847360795
FSD1,0.0032382466401845917
CARD16,-0.004839869469354135
CCL19,-0.00435087488759457
MYBPC3,0.0015533749925019911
NTSR2,-0.00809481922539757
LY6K,-0.007583585122212404
PVALEF,-0.004452777007693088
SLC25A31,-3.823748395102378e-05
NR1I2,-0.0022312039999175903
RPS17,0.007598616537880559
PLXNB1,0.019824556281623922
SBF1,0.02090948358370541
TRIM23,0.004397354427198235
UGT2A1,0.0014548481832095332
SH2B3,-0.004996770001138619
PRR20C,-0.010342237405847996
CTDSP1,0.002075021203393572
CCT2,0.009607299510747095
EYA3,0.006569855021685822
MAP1LC3A,0.007523798768229287
RNF19A,0.0056326978114597396
MYBPH,-0.0034667721067776175
TTC26,0.0055728236403977715
ZNF154,-0.0067967106007722
ADGRF4,-0.0072997214774457655
ITPR1,0.03540133230394331
TRBV6-6,-0.0009296487090881263
RBKS,0.0036812013690285333
PACS2,0.0045213549517071966
TEX54,-0.005951888067652632
CLK3,-0.00306323651481492
KCNIP3,0.004165865532775755
HIF3A,0.0005225109893638083
GNB1L,-0.004867275795104505
RBP1,0.005945498729778197
SNX18,-0.002293591300079267
ZNF221,-0.008157394749711867
DPP7,0.0033663101935298314
RABL6,-0.0003105108282681107
RAPGEFL1,0.0012209022107988975
GRK5,0.006807057209217105
NISCH,0.004500980349105428
ALAS1,0.0005261030461751662
CTHRC1,-0.0038606251048999216
LIPK,-0.0028039943731338088
MIF,0.004832636478050241
LHFPL5,0.004694115872606232
GART,0.003794417792876327
GCAT,0.0009253337588102064
PTCD3,0.0012351900807409388
DIO1,-0.0045366278254268325
NUCB2,0.00692680991015283
SMIM12,0.0027196500488727436
PRSS22,-0.004702553233306874
RGPD5,0.009420606809980876
TADA1,-0.0063460026203560034
EFEMP2,-0.0008701208996938712
EFNB3,-0.008052735595551159
CDK5RAP2,0.017426974187168424
OR7A10,-0.0018211806450415032
OR4C45,0.00311438939963421
RMDN1,0.00034738357714682007
EXOG,0.0026833223957633844
DPP3,-8.367465156002903e-05
EXT1,0.009377804815493992
NR1H4,0.000316193997817883
ARHGEF28,0.007183612717167261
SETD1B,0.0025197112061505628
RAB3A,0.006788297651011626
GPAT4,0.0017054596660976702
NVL,0.003425330406615709
ALDH2,0.005294902765649804
IGLV1-44,-0.0019389534090495338
ZC2HC1A,0.003772843963372318
PAK4,-0.0011046780010413764
LYN,0.005204145048469466
CADPS2,0.011165075900896257
HSPB6,-0.0032265208303072176
CDH8,0.008840203961546342
ELOVL6,0.00919845121592154
MET,0.0026915544937267367
CRYBB1,-0.0027033781847980564
HEMGN,-0.0071723216098379125
IGHV2-70D,-0.0006457809320208398
SPEM3,-0.006014584195189541
BBIP1,0.0021284370264049654
ENHO,-0.006737733033269373
GRHPR,0.0037171775536039794
MYO1C,0.00368256995736004
PGPEP1,0.0010021356714092656
AGFG2,-0.004255444664703768
TBC1D32,0.0028320706918295575
B3GALT1,-0.0014611545822220023
SH3BP4,-0.005013384156399964
STARD5,-0.0015373548384762618
FSTL1,0.0013171345741052087
ZNF66,-0.0027299260705102436
ZNF707,-0.010464322531866917
ZSCAN2,-0.006933819072056691
FBXO17,-0.0010562889730355957
LPIN2,0.004281204246230792
PTX4,-0.005296308515328147
IGLV9-49,-0.0010832300154524647
BMT2,0.0020531704807407805
POTEE,-0.00719097059091641
KRTAP13-1,-0.003936445169030171
RAB5B,0.006056926073651697
ZNF34,-0.0063948322830598365
CSF2RB,-0.009336338804415022
SLC30A9,0.007069412668048507
TKFC,-0.00039397444004522585
NUTM2E,-0.014115209023020846
NAT16,-0.009129607112638473
IFNA16,-0.0046516278362034496
PRAMEF13,-0.001069029145102118
ZPBP2,-0.008090026868009607
TMPRSS7,-0.005211755792983864
TAFA3,-0.006091196620033118
TRIM15,-0.008164888169532378
SRP68,0.0022495883066318153
PSMA7,0.010909447273634082
RBM42,-0.003809908261488309
NEU1,-0.0028774125120818728
HSD3B2,-0.000712266288840757
PHF10,0.003204753523805342
MAP4K1,-0.0021886109876989314
KCNJ3,0.00782219518652871
TUSC1,-0.009000551405458418
BEST1,-0.002253325462415808
PLA2G4A,0.001138494605641452
ABCA8,0.012407713909407064
GPRIN1,-0.010616823695497693
DNLZ,-0.009763125933382029
DYNAP,-0.008784909244478898
SECISBP2L,0.003070491847032226
ZNF57,-0.0069549103033217175
IGHV3-64D,-0.0004471188249032796
ZC2HC1C,-0.008995101399545746
PRUNE1,-0.0036156358974559926
SPRR2D,-0.0018940349043110344
KCNN1,0.00013698689373803667
HLA-G,-0.0017998265170487016
PMS1,0.003778247383672251
SIX3,0.001076029507884839
CYTH3,0.011316675655100918
TYK2,-0.0014824159274928067
UBAP2,0.004902519768297631
CAPRIN2,0.0012818574715464338
CNIH1,0.006729930049602363
WNT16,-0.0020398770715303726
SCGB1D1,-0.0020592870255087942
SLC1A3,0.007129004178793437
MIB1,0.011694682094257051
PF4,-0.005681525837542139
ARHGEF4,0.008260627918274324
CLIP2,0.005513802441266555
CMTM8,0.003864949361698912
FAM53C,-0.0057143783135566095
SUMO2,0.009288841586955627
CAMK1,0.006250304955138216
TDRP,-0.00141553766914134
TEX50,-0.00984201519465134
DIABLO,-0.008588555750011275
LRRC23,0.001813943105805824
ZNF569,-0.0017279691227208192
PTPRQ,0.023716399368023316
QKI,0.010505740105160914
KCNT2,0.00864222045933768
MSRB3,0.003123019788775347
ATXN7L1,0.0023411330527628176
SPON2,0.0010972986498853326
ZNF776,-0.0078091376085223105
ASCL4,-0.008077639847996311
NRAP,0.01370267120158702
TAF2,0.008953778009077856
CELSR2,0.027434349864930752
GP1BA,-0.009658774302255832
NOVA2,0.00329015377731693
NEK2,-0.004703834820267439
NDUFS3,0.0047931806773006255
UGCG,0.00718164406095947
ZBTB34,-0.005303608139997109
CC2D1B,-0.005237240311462831
HIP1,0.004763938893803007
KCTD19,-0.010543742286842262
KCNK13,0.0012808641301502194
PARD6G,-0.001622865302358548
ACAP1,0.0010599317948616319
REEP2,0.005625426716488853
IGHV3-33,0.0009672889877672883
PRSS8,-0.0032816674611228507
VWA5B1,-0.003431409360935236
HS6ST3,0.005808916984838265
STMP1,0.0036801360424328824
CCDC17,-0.010327930833406754
SLC4A1,0.0007792120852879907
ACOXL,0.0026629608402159236
ARL4A,0.005378378628888649
ZKSCAN5,-0.0079858319168507
PPIE,0.0037931266555927667
LDLRAD2,-0.011690920880298087
SP4,0.0009877511807015618
MAB21L4,-0.005467951039538138
KRTAP1-4,0.002164904689134701
LDHD,-0.0030625874301747256
PRDM16,0.0007809401032902435
PRDM9,-0.009219797928970774
USP31,0.0005690186677869926
DIDO1,0.010496468820396251
RANBP10,0.004573680483555605
HAMP,-0.008025569227648145
CTXN1,-0.0026333068418487077
NME8,-0.0046350910182495686
CLDN7,0.00485628085035945
YIPF5,0.0016636093294933822
CUBN,0.026677087135001568
HSPB1,0.002819639132955009
KAT6A,0.01538388748602472
C10orf95,-0.01012699675700278
IGKJ1,-0.00253583760849635
PLA1A,-0.004155188700825687
PPTC7,0.0028645856003556708
BORA,-0.009856403725064031
WFDC13,-0.012873245902889878
A3GALT2,-0.008849351003790494
C5orf47,-0.0113553143513146
DEFB132,-0.00794308630398029
IL10,-0.005232250133504801
TRIM67,-0.0026803266971815883
TRAF1,-0.005419187542489402
EIF3G,0.007945919910058899
APELA,-0.008710203952059513
YPEL2,0.009525976187692096
LCMT1,0.006221586956868693
ZNF205,-0.009742022238528663
MTFR1,-0.004012953206378094
POLL,-0.003821077613791956
STAB2,0.020977084162405513
GPR84,-0.007293430027097512
RNF122,-0.0017804052819725112
HRH2,0.0036185097268772227
SLC8B1,0.0015650640182603376
CRMP1,0.01008814073337886
FGD3,-0.003186034621153518
FAM135A,0.013406914915180328
KRTAP10-8,0.0018571813121052445
BCL2A1,-0.001926307378884654
PYY,-0.00459007943761212
SPI1,-0.0022492217528429907
TMTC3,0.00444355055486112
BRD3,0.002399382106169907
ACKR4,-0.0057250875910948825
PAPSS2,0.006529150400101993
OR14A2,0.0020288197503040505
METTL4,-0.004797336558452896
PRAMEF33,0.0003011036989363116
REEP4,0.0007716971358373301
TSN,0.003880019336787064
CD276,-0.0030954849774077597
ZSCAN5C,-0.008330515885635433
DUSP11,-0.004526950023711867
HOPX,0.0029253070088221277
HPN,-0.0018750136466381309
LEPR,-0.003866069022983868
NPW,-0.008100868715134612
NEU4,-0.006321602932236374
ARHGAP9,-0.0037448016388388363
SPICE1,-0.006252611750165851
ANGEL2,-0.0010151688302016456
BTBD11,0.003751836967608928
BTBD6,0.0019998283962826147
CHD1,0.020781926031669277
NPIPA1,-0.0062006391558724625
IFI44,-0.003624899920824251
SDK2,0.027724127204884836
TLE1,0.010146904669828863
RBM4,0.0059096312403807
GMFG,0.006640082097693275
IARS2,0.0022083887557713742
SERPINC1,-0.005045174748284745
UBXN6,-0.0012951970232663876
TMPRSS11B,-0.0034550940658667774
FXYD3,0.0010457586265506062
DSP,0.024079334427665255
ZNF706,0.009737856814294347
BLOC1S5,-0.00355332379348023
CTR9,0.0055073624569172246
LCA5L,-0.01022557537101502
DPYSL5,0.007966083217840347
NKPD1,-0.009087058854137913
LRSAM1,4.1930573162499585e-05
PANX1,-0.0035220928736694225
SERINC4,-0.007508667277580892
OR11L1,0.0008271498640387265
OR14I1,-0.004779989181275258
SIPA1L1,0.019129400622777556
GTF3C3,0.0010087201929536089
RRAS,0.0012449185757942426
NMT2,0.008816285602806251
VEGFB,-0.005269195713882113
CLCA4,-0.0012209435964977856
TAGLN3,0.007456253311372714
TMEM121B,-0.011506618061097757
EIF4ENIF1,-0.003911406125561879
TLR5,-0.005778557930511837
EARS2,-0.003078340194117318
PCP4,0.0024701222079762087
RNF222,-0.01170752271060796
FADS1,0.002631166604007851
SSC4D,-0.008567803012713477
ADAD1,-0.007032062275427134
HOXA2,-0.005921944242078424
PAQR7,-0.0025631992147165275
MAB21L3,-0.009147936491389298
RAB1A,0.011932136201403112
TTC19,0.005472876941412616
C3orf84,-0.010463330159015774
CPVL,0.003834882085796939
RILPL1,0.0037489478814942824
IGLL5,-0.005308392891667946
FDPS,0.004524318988299965
HDDC2,0.004481621891681542
BIN3,0.0033967001484528484
EML3,-0.0022579851486084885
ECHDC2,0.004834723165078731
B4GALNT2,-0.007572062140698773
FAM50B,1.095902657129152e-05
GLTPD2,-0.009184600448832543
HEY1,-0.00035715948271895564
ICE2,-0.0030386465207533422
MAD1L1,-0.00016582569719263758
NDRG4,0.009863570691912307
KRT18,0.005019772076699332
MAK,0.0033740628302369475
OR52B4,0.0038928015033704473
PRAMEF18,-0.005148364845361392
MEOX1,-0.004828058677602254
PYCR1,0.0025145824457090717
SDHAF1,-0.005872279494432465
PPP1R9B,-0.0035369877119417335
CAV1,0.004631798294165777
FCHSD1,-0.006687507868849318
SYDE1,-0.006905522826017518
KPNA2,0.007518796460827461
R3HCC1L,-0.0027774661198808497
BROX,0.002780309198039498
ACLY,0.005896144463739702
BLVRB,0.005144545605645334
BIRC5,0.0006393658995751513
SENP8,-0.003966094577797203
COIL,-0.007315842820435416
GFM2,0.003420866340251228
CNGA1,0.0010262305464094031
FSD2,-0.003158398911053056
DLEU7,-0.003913259005940287
TENT4B,0.0037076645755606224
SCD,0.003021106366413553
OR51G1,0.001508971502243964
FKBP2,0.003917047662652883
GGNBP2,0.0023125081743122656
VSIG8,-0.005382384940971603
WFDC10B,-0.009470407568543818
HNRNPF,0.007092278042462526
OR1L6,-0.0061403028832048194
PPM1D,-0.002697534719033443
NXNL1,-0.005227248588080286
ZNF324B,-0.010213738232491647
DFFB,-0.0036692059673022735
RPS25,0.0087236997667702
TDRD9,-0.0005648764441969515
RHOB,0.008446563262444062
EIF4A2,0.013087823287936381
TSPAN12,-0.0025602907255639087
DUSP5,-0.0004041099369065222
TFEC,0.0004868648986237556
MTG2,0.0010283998326544384
KLF11,-0.008906675510525435
LEPROT,0.0044977693889952765
C10orf105,-0.010880001563721183
PLCD4,-0.0001539410158020777
CCDC73,-0.009453762462913117
MTERF4,-0.002898802620160646
MTHFD1,0.0062027849119994025
LGI3,-0.0018134215237331464
NSMCE2,0.010563627695676418
RPS6KA1,0.004074662546490489
LHX3,-0.0019642048706685483
KBTBD3,-0.005044098794646984
HECW2,0.013395015045618406
BPIFB2,-0.004342459991762125
RBM14,-0.00345605949532379
DGAT2,-0.003050602737566394
LCLAT1,0.0041456783182266385
CLPSL2,-0.01009382624196895
KAT6B,0.01206387636879321
BNIP5,-0.011111480705374132
NAE1,0.0071333145187732205
NXPE3,-0.0006463176059240804
MCAM,-0.004070372781773989
AGMAT,-0.0028545778708697987
EFCAB5,-0.0013973240443500249
DEFB107B,-0.005254020914521883
VWA8,0.027800879480254434
BEND5,-0.0013751858984001155
EEF1AKMT4,-0.0051989912023470185
BCL10,-0.003779246371338283
ZNF549,-0.0031400263142808155
TRAV8-4,-9.423934894705501e-07
KCNQ2,0.005528182664561332
ENPP6,-0.0007591347486495086
MAML1,-0.0037061349714578528
MME,0.006236873669283244
PIGN,0.005605024631071982
RASSF2,-0.0008844088514369481
SNRNP27,-8.199145510867948e-05
SAMHD1,0.0032490576508529254
SLC6A17,0.005833818564996644
OR52D1,0.0019008979718194048
AGL,0.016197327571623035
TICRR,-0.004948240946385567
ATP5MC3,0.006384186254570739
HACD1,-0.0013576626345073303
CLNK,-0.008308059045936022
KLHL10,-0.0020043926740840345
MRPL13,0.003137196925083397
IGKV1-12,-0.0013433755382424532
LMTK3,-0.002502382003006903
ABCC4,0.005954216331863754
NLRP8,-0.008893876673961276
PTMS,0.0041546294369369996
ATF6,0.0038674791022864662
CIAO2B,0.006611609566367399
KCNN4,7.597149248785827e-05
RAB40C,0.008106855042831722
EXOSC6,-0.003583976683486992
CST6,-0.004547617253542989
AKTIP,-0.0015003357039946135
CD6,-0.008114588652495341
COG2,-0.00024993291454256783
FEV,-0.002932576696732169
KRTAP19-2,-0.0005417922842184006
ZNF282,-0.00873419349822588
PES1,0.0016249730172143628
ZC3H15,0.008020713561873795
CSGALNACT2,0.004086622664287762
NHLRC3,0.0006942010896051233
DHX37,-0.0037836044523315905
TRAPPC1,0.005654545633086754
HJV,-0.00660159744958082
KRTAP13-4,-0.00332005943777247
PDE6C,-0.00025582074446695507
BUD23,0.005762422311154183
TGFB2,0.0017144267954746389
NFE2,-0.0020758802006328983
PRDX5,0.005085104733396113
ZNF566,-0.0013533475316804637
ZNF557,-0.007614358005661587
CHRM5,0.00021945707589455867
RABEPK,-0.00010922330813228308
CSRNP1,-0.004590604954462605
HNRNPAB,0.004172807165662321
POLR2D,0.001964950053897833
GPATCH1,-0.0032426124345633113
DUXA,-0.009932832158693117
FSCN2,-0.004099239907436784
STON1,-0.003913653341136007
YY1AP1,-0.0013243381208041416
VLDLR,0.00047791309887860377
EMG1,0.002648438756888374
ZNF888,-0.006412315041069271
STYXL1,0.0007765559017787757
IQCF2,-0.008588653482163573
TRBV6-2,-0.0013276439089444179
ADAMTSL5,-0.008681669357678773
MOGAT2,-0.0015998807000469708
GPBP1L1,0.0020780596042229344
ALDH3B2,-0.0017559368853385718
ZNF3,-0.004619527997503624
ACSM2A,-0.0016738799381580199
RAC3,0.0043283027866251695
OR2B3,0.0035406621031139804
POU6F1,0.0019665190326689204
CEP112,0.008005658232694451
ID3,-0.0005997001621786201
QRFP,-0.011986105302727382
CD34,-0.006753821338148444
UPK3BL1,-0.007443713808708423
SSNA1,0.0061943550188394364
TRBV10-2,-0.0019204484430613488
RASA1,0.01005300403944953
KCNU1,-0.0053137245311015435
MROH2B,0.00688944816777403
ST3GAL5,0.0008570476068054394
FURIN,0.00010160294443881442
INSYN1,-0.009806255277957745
FOXF2,-0.004873482383907698
ENO4,-0.001517174744066466
PRAC2,-0.0074585284863091525
KLF3,0.0002647049041554859
OR3A3,-0.006354251358499242
STX4,0.000890307389521173
PCDHB13,-0.0038936248719566597
GHSR,-0.0032173652633734964
NTRK2,0.008808047065498377
SLC39A12,-0.004750837350432208
CHTOP,0.00024192994235524312
TMEFF1,0.0038726910046928526
OTOL1,-0.008153718979338346
TMIE,-0.00762200415760643
ZYX,-0.0011265265119213875
SEC14L2,0.0005553150420798707
LHX6,0.0002503013911989554
SPIC,-0.006687404252398281
UPB1,0.0014822409261725973
BRCA1,0.0007814995772467276
BOLA1,-0.003932523375437456
TSACC,-0.011180451091006113
MED13L,0.028582712172207262
AASS,0.003090204857365327
TNNI3,0.0017623802358042613
MTMR6,0.004780018711634402
FCGR3B,-0.006618639504844052
ANKRD34A,-0.010148952128742445
ANKRD45,-0.006307648499009681
HELT,-0.0058492405868700035
ILVBL,0.0003831032599325575
HOXD8,-0.004371780406321582
PSD3,0.005588933761537209
PCDHGC5,-0.0037074377445981787
TNS2,-0.0010136500671997246
NLRC3,-0.0071229051629762416
GANAB,0.0028970394847156245
GOLGA6L7,-0.009791252077470223
ZNF148,0.004661655965965826
PPP4R1,0.007102920481285228
TRAJ3,-0.0010539840469736123
OR10H2,-3.0050417928239865e-05
C17orf64,-0.010633335760829357
CLYBL,0.004418556558964062
LZTFL1,-0.0015185837436568407
ARID5A,-0.006150062645537055
ZNF692,-0.007144426135183721
CCDC192,-0.003978912017239712
CLEC4M,-0.006550650722336515
SLC39A2,-0.004493064682037007
ZNF496,-0.00916074301007154
ACTN2,0.009592886027306473
C19orf73,-0.012842420352345467
SNCB,0.0033099844481453687
PATZ1,-0.005011774189877439
TMEM275,-0.010265130138082687
FBXO43,-0.01135936951060864
ENDOD1,0.0007568895803207767
GVQW3,-0.003796487457315097
LRRC8E,-0.004719875304312241
FLNB,0.03345151679752751
PXT1,-0.011066683120468905
USP17L23,-0.0043023313464097
SLC2A13,0.008917444585075688
BRDT,-0.006711098544625288
FH,0.003461385770659367
IGHA2,-0.003245941112607084
ABHD3,0.006158534326474186
CPLX4,-0.000807935901659059
MRPS34,-0.0035288968382294118
MRS2,0.00041173721127004136
RHOA,0.01190943262032552
ORMDL1,0.008824390679612975
MPO,0.0008736385679262355
FAAP24,-0.005280549409975928
LGALS12,-0.0067499489584821335
STON2,0.001076013300600182
RHBDL3,0.0035686040719083638
CPSF3,0.005428005957585775
DGCR8,-0.004315775266193367
NBEAL2,0.023852885222567243
KANK2,-0.0027114144331001826
HOXA9,-0.0010096547246535713
PWWP2B,-0.007935363588597364
CYP4A22,-0.005207270555946238
SLC38A10,-0.005586959122587293
CMTM7,-0.00023415484940422912
PEA15,-0.0015731889486839117
ATP5F1A,0.009982245707381045
GRAMD1B,0.008543825468707003
ABHD11,-0.0023344790129705985
NKX2-1,-0.0008030167502899901
RESF1,0.0034433355412757972
LSM5,0.0078107581812492015
SRR,-0.0015576930570207037
NALCN,0.025002995363630025
CFAP73,-0.005248417537412964
BPIFB3,-0.0038853991102139724
ADRB1,-0.0036997422295541546
CHDH,-0.00013011302567414798
SEPTIN8,0.005103929700063428
MBIP,-0.005577271535837317
ARID2,0.01677460125402869
SLC35C1,-0.001698444119161123
TMX4,0.0006049435110908426
TTLL9,-0.0013561418978885397
TOR1A,0.00045252056103493936
ACTR6,0.0032083141943151407
PRIMPOL,-0.0021621964284200025
RPN2,0.0053597593482592335
NPIPA5,-0.011572235034522307
MRAP,-0.010627585537249773
ZNF703,-0.004127907164217018
LRRC61,-0.00521506395571664
PRSS41,-0.008558462416586423
RFNG,-0.0021693156667792752
UGT2B10,-0.0001690529835059277
OR4A47,0.0026808667489302556
CENPN,-0.007001285900698709
FAM124B,-0.009719679485217852
ERICH2,-0.006803800027620633
RPS16,0.009021895907265766
FXR2,-0.00015537627271769786
TSPAN9,0.0049298869183559595
BCL2L2,-0.0028965292571361983
DACT2,-0.010114120812460261
OTULINL,-0.003572073579112406
USP13,0.003913609365702887
ABCF3,0.0010209227419782404
XPR1,0.01078890240040501
DEFB134,-0.010834687422479448
ASB5,-0.0027849460384851555
RARA,0.0021786236661577077
EIF1B,0.010779327224756783
SBSN,-0.002562638902463192
OR6A2,-0.007218213247146316
PHLDA3,0.00014651273369534245
PDRG1,-0.0009104065295304941
TCF21,-0.002034408820762855
SRSF9,0.006429397868083466
GDAP1,0.007738541461205753
SPRTN,-0.005032116821579345
ENC1,0.00902580413960674
TNS3,0.007933739074885678
ZIM3,-0.009527844289835155
SCRN2,-0.002722788925121169
KRTAP21-1,0.0014818684517655357
FAM114A1,-0.002643194460906849
RCBTB2,0.0037314942987532536
VANGL2,-0.001971710942155987
EXOC3L1,-0.005456620495825665
STXBP6,0.00743679258899745
PIAS2,0.009663930621317415
IRAK3,-0.003565780488027136
PCDHA9,-0.0004127366570618877
NOD2,-0.007382701093746044
EYA4,0.004150325027906162
DHFR,0.003523817119066614
NAALAD2,0.006626321526873496
IGHV5-10-1,-0.00012917715032876505
TTC38,0.0005754944902559189
MMRN1,-0.005448194196106611
NDOR1,-0.004621887761002114
G3BP2,0.010627961317803601
PDZD3,-0.00900059202990829
WDR45B,0.007381985240342229
SNAI2,-0.0016952904292573533
IRF4,-0.0013578762749872962
ZC3H7A,0.0008565148012281082
SMPD1,-0.0054070155043582195
PRAMEF1,-0.006313320004873796
ZNF570,-0.005185492705708187
SCYL2,0.004857199403177192
KLK14,-0.006146731520279996
CPS1,0.016677390964719475
FCMR,-0.009084411424878544
TGIF1,-0.004470422355425513
TP53TG5,-0.008954645080300739
TMEM9,0.0018565461204241636
GFI1B,-0.002565275339277322
RAD23B,0.00728392727830729
CST8,-0.006787006198942587
GCN1,0.02622806481061136
CTSV,-0.0003546284176075055
CAPN12,-0.0031734062262176697
CPNE5,0.00788076957743784
HEATR1,0.022708460990469855
ZPLD1,-0.004751756282374354
RHAG,0.003357474602848642
ATP4B,-0.0014835474548422593
ZDHHC19,-0.005075228932509229
HBP1,-0.0015135331749735156
ZNF19,-0.005601193866903962
IFT22,0.00011136893180360736
NFATC2,-0.0008364964233436816
MDC1,-0.007065319421837783
EPM2A,-0.0036712851201114328
ZNF786,-0.006921414366560084
CEP89,-0.003574147416947553
OBSL1,0.021100286684229894
CEP126,-6.445622089781219e-05
LMLN,-0.0014715454271219208
MAFG,0.003235333405209584
THEM5,-0.006843663633856393
WBP11,-0.0008090487456754842
C2CD4B,-0.008171672112877768
TSPEAR,-0.005609940304463706
KRTAP4-7,0.001960428302131743
ZBED9,-0.007219871653577529
IGHV4-28,0.00044916461212861163
PAPOLB,0.00029841899784342616
GLIPR1,-0.000520996733529956
TRHDE,0.0072381958825012945
ADPRH,-0.0028357809080989042
ATXN1,0.0035756015871985084
CSTF2T,-0.006391290938546519
RBCK1,0.0008372644163918633
MATN1,0.00029576660362054486
CD274,-0.007873816032327563
BBOX1,0.0011380452651199217
NBPF4,-0.012062580137181117
NPC2,0.0037653246299327835
NT5DC2,8.614840424538465e-05
OR1J1,-0.0027613421754994548
SBK1,-0.004820700096401996
TAS2R30,-0.008803081058730877
MGAM2,0.014689775570648456
RPS15,0.010084308837429562
SCGN,0.004580360071084943
GAD1,0.005982050601810545
TMEM185B,-0.0016760526453816732
ZNF517,-0.009579027511951351
PRKCA,0.011944351921680628
MIS18A,-0.006334675580783927
FKBP15,-0.0028178727297384653
ANKEF1,-0.005443820360299961
EN1,-0.005630837519025794
EFEMP1,0.0019964232993025972
UROD,0.003068101201820815
PATL1,-0.0016579326675224282
PMFBP1,-0.007162645691857415
RAP2A,0.009759056160528553
ACBD4,-0.007823257834247047
LMNA,0.006071620844046051
GPM6A,0.009962205457232583
NXPH4,-0.008840233800246343
GLYATL1B,-0.003514704894589434
TET1,0.0021959860280237483
GSG1,-0.005552770601832596
MDH1,0.011981338072893822
ADAMTS7,0.0012004111387002604
GPR22,0.0009919442390253462
EIF3E,0.013282195881516174
PAQR9,-0.004980632921649193
TBXT,-0.0057999399230568285
TLDC2,-0.004931589432323537
TRIM46,-0.003324335737070644
TRMT9B,0.0017866716346352507
VTCN1,-0.0067931624728811285
PHLPP2,0.006795785922056235
TIPRL,0.005641292391376021
VAMP3,0.0038937393662044906
TMEM50B,0.005895067482370013
KLHL42,0.0011807568048513382
MEMO1,0.009784214865492151
PIK3AP1,-0.004055183779133881
TAMM41,4.198821517164443e-05
ZNF594,-0.0037970512093317894
GOLGA1,0.0004884872351451079
SLC16A12,-0.0016608312548810795
EPPIN,-0.006747929191651774
LALBA,-0.0015759688115488365
FBXO44,0.0030066990161715383
LAPTM5,0.0011525658604199945
MAEL,-0.005824081722218668
ATP5MC1,0.006134174833258369
ZNF534,-0.006470438881047209
SORBS1,0.009175407059962708
CPM,0.0014902788091499149
CCDC65,0.0013233402922443616
UPK2,-0.00794440401339679
MRPL36,-0.0032438884834688464
SORD,0.0023964179796934037
SQSTM1,0.004192721435875364
TEX9,-0.0014968370831033636
SOX2,0.002384849577269907
TMEM266,-0.0030090836452843542
GJA9,-0.007716256988245885
FARSB,0.00906657243625174
ASGR1,-0.0036315324845777913
DUSP22,0.004048950909777359
KIAA0319,0.003736349769863098
PBX2,-7.513895037622453e-05
ANXA3,0.004975698132481445
GLP1R,-0.0024213199815539357
SMARCB1,0.0070000718975048145
IGIP,-0.0075554136664561415
WDR64,-0.0058455191156044405
BICD1,0.010703446174603002
KHDC4,-0.0017872978087489337
MFSD1,0.005560651829294821
RNASE1,-0.0012488044605590992
SYT17,0.0021132698300871853
MIGA1,0.004349786120558089
KDM4D,-0.004646785726151296
LDLRAD1,-0.0069982519295675215
NBPF9,-0.006522175970752403
MCTP1,0.005694737679816503
OTOP1,-0.006952409484171316
CHRND,-0.0014719916011593879
DDAH1,0.006906158309878432
IKZF2,0.0034882947243226
GPR162,-0.0022473215306416765
OR2M5,-0.0023120981092473554
MIA3,0.0018450970710764722
TCF7,0.0010641277026891978
TRGC2,-0.00446400081854791
UBB,0.0051978326147396154
EIF3D,0.008509389677991664
EPN2,0.004993838632587276
GPRC5A,-0.001597606701295588
ING2,0.002238640412258308
PALM,0.0005025575703792117
RCHY1,0.0039886656937275075
PLEKHG1,0.00029087196370728975
CCDC14,-0.0016474719361280574
LINGO3,-0.007698591009002778
OSGIN2,-0.0018409066138282016
MGAT4B,-0.000460793711424164
DHFR2,-0.0029286200178160597
SLC34A2,0.0018322354922824264
PRTG,-0.00033433205209919547
STX11,-0.002077836363394992
ARRB1,0.009089293872015947
ZSCAN30,-0.003149130617805014
TLX2,-0.005359429910420742
CYBA,0.0034260680314388958
GALC,0.0003353193702379659
IDH3A,0.007416804428181974
FASTKD3,-0.008239371976801054
KRT79,-0.0026746114307292187
ARHGEF18,-0.0032177367677774307
ULBP1,-0.009558426695019237
GPX6,-0.002885634114106551
OR10Q1,0.0014261656572310813
LPO,-0.0016854897018017771
RDH5,-0.0030923953318650107
AMER2,-0.0057902948036863714
MT1F,7.945376804439555e-05
NECTIN2,-0.0018737354611115219
OR2B11,-0.004670998225265848
UTP23,0.006300780761510559
KDM1A,0.008890816540031345
DOCK1,0.02585759569264018
TSC2,0.0199990878783969
SDC3,-0.006635582692931917
SMIM13,-0.004427066285277362
DCAF11,0.0009583200487618093
ADAMTS20,0.01330459537452638
SULT1C4,-0.0008937449148037577
ABCC11,-0.0012402818802564504
PATE2,-0.010232902111083417
DNTTIP1,-0.0004689965099463655
FAM151A,-0.0057351942275121704
ARG2,0.002128635568453651
BCL11B,0.0022098469375881405
SERBP1,0.006457184243174174
ZBTB1,-0.0004261267265579882
ZGPAT,-0.006976628920864852
ASPM,0.02283510994655399
SOAT2,-0.0041244328915992735
OAZ3,-0.00860122980630835
ZNF85,-0.00463826698724035
PAX9,0.001265027230370303
TRAV26-2,-0.001264068706608012
NOP2,-0.005507828124179065
DDO,-0.002786839002510424
GATD1,-0.0013490582534977794
GPX1,0.004630579686557605
CDK15,-0.0024107414389513897
DMBT1,0.02509943131869602
IGLV2-23,-0.0012940184773468008
CCM2,0.002998831189427719
OR4E1,-0.001232669271721568
BHLHE41,-0.002739924889224155
UQCC1,0.002273217361643189
TFDP1,0.0059139661033021035
RAP2B,0.007640732491477193
KCNAB1,0.002636242650996621
TMPRSS11D,-0.0020194404908666975
TEX261,-0.0005667983550453403
KCTD5,0.0005373236011791128
ZUP1,-0.0038765054545294706
PLXDC1,-0.0012202031617978655
RAB27B,0.011356808370990875
THEG,-0.01009114259659142
CCR3,-0.0038679702553232726
FBXO34,0.0006961217780426665
HABP4,0.0034981910237686814
PVR,-0.006344069275549111
DDX41,0.0018922735697102522
ZBTB18,0.0016467250941407847
DNAJB6,0.004755956146730624
BPGM,0.0036655763066127892
SLC12A5,0.00935810747908937
NR5A1,0.00029798808957011663
POTEC,-0.009798436911373424
SMARCAD1,0.004209868356380112
POFUT1,-0.002707603825387
ODF1,-0.010422555234463069
NEIL2,-0.006263676002438479
ALDH5A1,0.0009719819197039395
MUTYH,-0.00601144985517672
A1BG,-0.006577420756660064
ZNF44,-0.0010026350402092983
RDH16,-0.002021493967010622
MEX3D,-0.008149486897353972
SHANK2,0.016072533232918226
GPALPP1,0.0037628030584210812
CDKN2C,-0.0033186087187108606
BAG5,-0.0035769930231981588
GTPBP8,-0.0025380642234451288
NUFIP1,-0.008072143042493768
NRBP2,0.0023963662427192224
SKIDA1,-0.009280807087860976
PRG3,-0.008377779468562168
FAM102A,0.0015117639516845163
CXXC5,-0.0020823972979994187
CNGA3,-0.002593634055719931
MGAT4D,-0.007305569544367529
PRRT2,-0.006677225667151661
SLC12A7,0.0029882892343254773
ADGRE3,-0.00426049138285322
APOL6,-0.0057627781505273324
CBARP,-0.007725622036950343
DDAH2,-0.0016208162533762206
ITPRIPL1,-0.008640594896433379
OGDHL,0.0029011243652470593
ORAI3,-0.004742988402760393
SLAMF7,-0.00859434657436383
IGLV1-50,-0.0019607495618924682
GTPBP10,0.0005682439192988394
RUNX2,0.002056467704096171
ZNF839,-0.010703917449163535
PIK3C2G,0.001041749220507227
CNNM4,0.0008319807129006218
SNF8,0.006126307097874922
AQP11,-0.003733161497235749
GEMIN2,-0.0007830117893944591
LRRC43,-0.007301415162720162
MS4A4E,-0.008297612031787539
C1orf159,-0.006201169001606173
PCDH1,-4.0110936790148845e-05
CAAP1,-0.0025648997910209053
EFCAB13,-0.006063217236392076
PRSS1,0.0039722618013931996
DDX46,0.011277080592596222
GPIHBP1,-0.008882330865884087
KMO,0.003069948241457697
PROSER1,-0.007878589315707736
RFX2,0.004247407505149771
MUC13,-0.005627451248006721
GSTO2,0.0030303395188733782
IFT57,0.00499896215552321
MOB3C,0.0011474781824444996
ADAT3,-0.00758822910758751
KCNN2,0.009330076656373252
IKZF4,-0.0024353508674977977
NUDCD1,-0.0023101605620090867
FGA,-0.002512544670024931
TUBG1,0.00567836204375704
RNF115,0.007081390389964397
C6orf62,-0.0006151154703514933
MAPRE1,0.0064144389954801815
FAM13B,0.007258142206125563
GSDMA,-0.009916249487845953
SMIM39,-0.004046205006208609
TAX1BP3,0.0013184291344311221
MGA,0.024248547171639642
RFTN1,0.0006149467699012767
GAS2L2,-0.011069344676672041
ENDOG,-0.0021644566900401343
MKNK1,0.007357744884070218
LRRC69,-0.0036066448100103474
TCEANC2,-0.0043161818677441
CEACAM20,-0.008274144158374495
BOLA2,-0.0015329912648486342
MUSK,-0.002049781975320269
OR5K3,0.0013779065725597233
TRAT1,-0.006799073040720836
AGBL4,0.010332609742657662
MARK4,0.006686157501908203
PLEKHG2,-0.009397932887539888
DHX29,0.008029073717485995
LCE3E,-0.0028220425524867637
ZNF266,-0.005407423048483936
TYROBP,-0.004284416101498704
FNDC7,-0.006619078519285172
HLA-DRB5,0.001822973570101933
ZDHHC11B,0.0003275951530162854
SDK1,0.02737547481276745
SUPT4H1,0.0034518121827532837
TRPV4,-0.0018107478849627102
BHLHE40,0.00033391024221159803
ZWINT,-0.007716533629416784
NGB,-0.002410297736281845
TMEM98,0.0005877998790781075
SCP2,0.0097515311672354
ARL11,-0.005574426238785385
TEAD3,0.0020167816117765097
SAMD9,0.007373974957562115
AKAP8L,0.0030987323386293592
SLC66A3,0.002340254736403849
CDNF,-0.004657867356443406
RFTN2,-0.0032937687341891967
DDTL,-0.0028448217210986816
GJA10,-0.00917628517987493
RFX5,-0.009027814955864497
SPATA31A6,-0.009244538902901918
TSEN34,-0.004574749724320504
MIF4GD,0.0005404172142553627
WDR83,-0.0022643616237751183
OSCP1,-0.002520804652354747
JTB,-0.00015605449114106988
MATN2,0.000503128969345916
VIPR1,0.0009315184240623542
ETV3,-0.004541191846959899
PGBD4,-0.007288021353973234
LRIT3,-0.009426193910553889
TMEM115,-0.0017454844754838134
ASB4,-0.00398151620788173
PTPRR,0.005350161507169365
SPIDR,0.003817043904462145
VPS37C,-0.005376273063619127
AP1G2,0.004515432742321401
EFS,-0.00908255997379257
ATP2C1,0.012923754859375388
FSTL4,0.0042879374260736255
EEF1AKMT3,-0.00532616165022437
SUCLG1,0.008070215037884732
TMEM123,-0.0028980978649766425
CARD10,-0.008223696442438836
TTYH3,0.00032921493430048044
ANKS6,-0.002125672923277559
BLID,-0.00838928272380869
IRX3,-0.0016124250485767897
SLC35E2B,0.00038519588631658633
CHRNB2,-0.0016716118470212812
ADAMTS12,0.00263634036746027
ARL6IP6,-0.0037595191226017966
FAM25C,-0.0076027862772818445
MAP2K7,0.002789636589135418
MAP6,-0.0008450953946318791
SLC22A5,0.0005213582587844172
STXBP5,0.011634488492388101
CHSY1,0.0034110819601893255
TPCN1,0.0027042962779934543
UBXN7,0.002555650931072606
LHCGR,-0.0026273096076420304
STK38L,0.010839920118256699
TNNI3K,0.0021383878595337066
PAPOLG,0.002879292073285489
OSBPL3,0.006287549425020973
SLC16A11,-0.0068200237295938946
TMEM45A,-0.0007197068414486069
SKOR1,-0.00834190305530629
GRIN1,0.010625754596391033
LYL1,-0.00657442081129832
ATP8B2,0.007709170622403755
EPHA5,0.00968461385910888
PCK1,0.0056502440852536735
SPAG17,0.018302426699870433
PRND,-0.008099149162749958
ZPBP,-0.003557528867184287
CIAO2A,0.002207709449457034
CTNND2,0.010023292486403143
SERPINA4,-0.004678017684310634
SPIB,-0.005593982194541225
DTYMK,0.0034340475228213873
LSM3,0.007064776250440955
ERICH5,-0.008749322227188267
NPNT,-0.0005945371415995291
PCP2,-0.006052383578673454
GLS2,0.0008921687899660644
CD37,0.002597467961386994
TNS4,-0.006512194210337774
AASDH,0.0007634645946230935
ALDH3B1,-0.00021164952420189265
DSEL,-0.0003616639850656876
LRRC25,-0.00994234676383028
MEIS2,0.008483328727144026
MST1R,-0.0037802334105550236
KERA,-0.0008002068523045333
PADI2,-0.0035812859412251642
INTS12,-0.0018686203044426025
CPT1B,-0.0018912573096490088
SLC31A2,0.0005599455416410386
C7orf50,-0.0002890956584570387
RRN3,-0.000962812329826063
SUMO4,-0.00147810492864524
OR9A4,-0.004284438744215554
IL6ST,-0.001012261808612499
PIK3C2A,0.01683945416175305
ZDHHC18,-0.00030124076412785467
TBC1D28,-0.008347242687930908
MYT1,-0.0016836930481719118
DENND6A,0.0062430465513419854
TRIM40,-0.010103080314470358
WDR6,-0.003825462821329728
ZC3H4,-0.004983311310277068
BAAT,-0.002011735398704317
CLEC6A,-0.008520351622754068
EFTUD2,0.006524091240719137
FNIP2,0.0030390694291842317
NEURL1B,-0.00344623845844336
CKLF,0.001496181088395665
P4HA3,-0.0016591455572886925
ZNF610,-0.007602558810829684
FAM83D,-0.004790044446151456
NHLH1,-0.004939649009963655
RPL22L1,0.007010488880473581
TRIM4,-0.004754997559814542
REN,-0.0028564106184088382
PKLR,0.0013853915220260193
TMPO,-0.0012402792785396065
ZDHHC22,-0.005149224416425153
GNAI3,0.01056413387310797
EPB41L1,0.010845178976156772
RNF207,-0.004954320698534704
SENP6,0.004780803599707832
ZC3H13,0.004902483386540369
ELMOD1,0.007154063810554673
GPR62,-0.01051525474402299
METRNL,-0.004724317774369233
TRIM11,-0.005725350530628931
COQ6,-0.0005824279076264044
KRTAP15-1,-0.0025898690475585208
KRTAP10-10,-0.0004837757259609869
IAPP,-0.004621265775039438
TIGD3,-0.009525302876679527
TRBJ2-6,-0.0027893959089079546
NID1,-0.0004567640741939439
CCDC102B,0.0008422547648179189
EEF2K,-0.001021111195587117
GLRA3,0.007316723996640463
MPPE1,7.2537488250629e-05
UBXN10,-0.009865154094137114
FAM187A,-0.007258742113647267
GOLGA8S,-0.013355151547793856
COX7A1,0.0006925017957748176
BTNL8,-0.006847533690670662
SUZ12,0.005333114934133695
MYLK,0.012667198647948819
ZBTB2,-0.004096112210272584
RPA1,0.001409935909460657
ATP6V1C1,0.011252469777568164
GTF3C1,0.021815676661086792
IGHV3-35,0.00118850919824109
DROSHA,0.005091577911161774
TTC28,0.029653352849674963
PGD,0.007550707047984907
CCL22,-0.005645407760396012
ODF3B,-0.0017947710389341622
C5AR1,-0.0023106209997693964
TMEM184A,-0.0014484368165556237
TSPAN2,0.0027110490333194168
TNFRSF12A,-0.006267822322695185
KCNA5,-0.0038073313295740895
HADHA,0.007050273439532218
TBX5,-0.0005380701031341121
ZNF134,-0.00760195510915923
ZCCHC4,-0.006332056373300791
TBATA,-0.007345723551674658
GAP43,0.0024469467824722786
POU2F3,-0.0012182510890369619
TRBV12-5,-0.0021929362113173633
EGFL8,-0.008235817091096782
NLRP2,-0.006595250451370829
ARFGAP2,0.0018556462944838506
CCNYL1,0.003153546761274792
SP8,-0.004266268648099537
MPPED2,0.008351230453421768
LRBA,0.03896298923425006
NPM1,0.00713153417458729
DCP1A,0.0012635384169505045
COQ10B,-5.358408894192403e-05
TMEM150A,-0.0015350261662232835
CAVIN2,-0.0016911864476353165
POLR2B,0.008964111025444366
PAX8,0.001977864897539882
VPS37B,-0.0005240831492322658
NUSAP1,-0.005163686861807641
PPP2R2A,0.01385515440348265
CA8,0.0032608294687942927
NOB1,0.0021272676867103014
TAC3,-0.006027721328591937
C4orf3,0.0011459761998146682
DNAJB11,0.004059178030451348
CDCA8,-0.005564671999207606
CCL25,-0.005881817054118798
KBTBD11,-0.006012689777537869
NDUFA12,0.005387999413781554
PIGBOS1,-0.0049079939285354285
GPR83,-0.004205554926452856
CELF2,0.011937304100403933
GTPBP3,-0.004433076936306418
HELB,-0.005457640946722146
ZBTB43,0.0032575219237814894
LCORL,0.010532821581390378
SLC22A8,-0.0005352140439621797
HEATR9,-0.009748182300724958
PROX1,-0.00035491060724107015
HEBP1,0.001820065210464256
DNAJC24,0.0029855052225081606
TRIM49C,-0.006171370815351481
ACTG2,0.004134868747157209
FBXO27,-0.002421850002084554
FXN,-0.003891296623794607
MPL,-0.0110555878596092
ST6GALNAC2,-0.003773903782603274
LRRC59,-0.0002873303029208305
TMEM229B,-0.0009345776291027076
DLG5,0.015622006083398648
CFI,-0.00412262627630679
KRTAP4-6,0.0016500247203018175
STX16,0.004182482465078531
ZNF385A,-0.0020415773794081092
ARHGAP44,0.00878464159221567
SMC3,0.009380204297056867
PRSS48,-0.009456475529074847
FANCL,0.004545719497017576
C1QL3,0.000275319544833892
BPIFB1,-0.002129838180621503
GPX2,0.003932818540873428
RASA4B,-0.0035067095467210753
BMS1,0.00288036929470456
RWDD1,0.007096379839193597
NAA16,0.00978948367514077
DUX4,-0.010574946325655877
KLRC3,-0.007200061857074427
C1orf87,-0.009414116440036991
MPI,-0.0021553574309351666
NPIPA7,-0.010774224024995123
DR1,0.0030406127653172916
PPP6R1,-0.0002744776434946676
AREL1,-0.0008061431190184583
ATP11A,0.010395083143943162
IZUMO1,-0.011623259737579458
MTREX,0.011067713811484746
PPIAL4H,-0.0027618343919980867
SPAG11A,-0.009819528724902908
ACIN1,0.0014873154367031733
DDX39A,0.006788953370414251
FUBP3,0.007229493763597647
KRTAP22-2,-0.0027763322014112573
SPAG9,0.013953510539691375
TMC2,-0.004983643014336256
ABCC2,0.009581362367734957
ACER3,0.008279216816025182
CATSPERB,-0.0067918770485481976
ZSWIM1,-0.01014121979198936
OR2V2,-0.0048017140328611855
SLC25A39,0.005388176011940943
USP6,-0.0018273901626672626
RASL11A,-0.0003319989664721928
PPIG,0.005881873417445522
RPS14,0.00993530277098652
UBE2D2,0.012829106164217813
KDM5A,0.021050874789231108
SSR2,0.008160662549465821
NMUR2,-0.0038300345713225734
GRHL2,0.0018036159800524272
FAM186A,-0.003855463296666707
GLT8D1,-0.0008790121532114321
NUDT13,-0.0045624613988845915
ZNF367,-0.009455791503922303
CEP44,-0.004133603833372707
ANKS3,-0.0018249072613965966
TTBK1,-0.004512574127413099
RAB11FIP3,0.0013662601382433005
ZNF311,-0.008793431574152667
ZNF25,0.0011913640674981114
LRRC42,-0.007212690458708389
PDE4B,0.01123749686251724
TRIM54,0.0009946045469260804
SPATA1,-0.008750607427028387
RASL12,-0.0035654964684856266
OTULIN,-0.003376972715318263
MSMB,-0.0030662938955026958
RPL23,0.007974010747273547
NPIPB8,-0.011807462445728561
R3HDM2,0.007523488048106086
OR1E1,-0.002399230006233441
SAC3D1,-0.006087121293155279
CAPN14,-0.004951606625267952
ADAMTS6,0.004969427492552843
GATA4,-0.001418577273633273
ZNF800,0.0013871536998317912
GSTO1,0.004911905869526705
PGM3,0.0035819192906902365
DKK1,-0.004173189417492291
TIMM17A,0.005851479214610826
CEP135,-0.0020428565218006496
PTPN23,7.188141767216297e-05
COPS4,0.00951866646618313
GJB7,-0.002307240293191151
SPATA31E1,-0.011064813120491205
ZG16,-0.0004195753859693335
CALML6,-0.0029787574354558284
KIAA0040,-0.0050426450096714365
GBA2,-0.000530023406101098
SLFN14,-0.0072316140813085406
DDX54,-0.0013941868432108065
CD48,-0.004679079888277542
NFS1,-0.001111546771311021
NBEA,0.0380159371728282
IGHV4-59,0.0005306789350674928
CNOT6,0.005330211348377159
PROSER3,-0.011359490499722041
C1orf115,-0.006537218466029614
CABP4,-0.005844382987301232
ZNF140,-0.003087823186672852
SRP9,0.006862320772557613
COL16A1,-0.0002912094587284777
UPK3A,-0.005375872682729466
TRIM37,0.006015160726100452
AMT,-0.002034109730189483
C1QB,-0.0004099591924526267
DEF8,-0.0021739543351367314
MROH9,-0.005122411713681462
ELOB,0.0076566100153082324
RPS3A,0.0093293911127668
SLC35G6,-0.009405755328463003
ZNF174,-0.011021732216362136
BORCS7,-0.0012208020620973778
OR4K14,0.0021178909277948144
PEX2,-0.0023683600345198964
HSPH1,0.009746437819751362
SLC52A3,-0.004471271862644674
KCNA10,0.0007841543315499283
ZNF554,-0.009729682246499751
SEC23A,0.010311207075225171
LANCL2,0.005279126771849794
KDR,-0.0002622327670372729
USP7,0.00880042871217628
IDNK,-0.0004263662892991969
FAM227A,-0.00734310145756277
CAST,0.0020450669856410114
ABCG5,-0.0036563982027528964
GALNTL6,0.009486528606467525
N4BP2L1,0.00340807098893937
ANKRD2,-0.0032450136283970013
ASB18,-0.003002621739103782
PRODH2,-0.005662861581246594
DYNC1LI1,0.00865366199360025
GFOD1,0.009344257437128344
WDR77,-0.005119876789558162
PRPF3,0.003732767709130338
LIN54,-0.0009621569476790677
IGKV3D-7,-0.00180895147218991
CCDC179,-0.010296054777772993
CSTA,0.0022539640011823236
FAM149B1,-0.006967002048392234
ZNF208,0.0041502974335602605
FBXO10,-0.004602401619894604
ZNF599,-0.006466018887835404
SLC22A3,0.002001544558445124
YPEL3,0.009380378766831678
MKS1,-0.005941426702940623
SEMA6C,-0.005688591243381207
ARHGEF16,-0.003751406934683075
TXN,0.00888693386492368
KPRP,-0.00923362611671384
PFKFB2,0.0037680724678599725
ZNF717,0.0006226746765837405
NPHS1,-0.006488705099819778
PRAMEF19,-0.006141959045522925
DSG4,-0.007172434264633174
ATP6V0A1,0.013581673992884943
CD86,-0.00722235343958218
ZDHHC20,0.00904433498718441
ZBTB41,-0.003049433043426202
ITGAL,-0.003336482677646373
KIF18A,-0.0058751116298205825
C4orf33,-0.001260141252874177
ZMIZ1,0.003839206220563591
PDCD2L,-0.006568632947794223
FOXH1,-0.013027324139497714
DNAJB2,-0.0016905954581899346
PGLS,0.0010239514086606658
PPP2R5D,0.0027033919735070648
SDR42E1,-0.0038982431032277037
AKT1,0.005092769348108786
CBFA2T3,-0.0032763879217807585
DCAF13,0.0020075279864235503
IYD,-0.0016492028875384611
MRPS2,-0.003292841714178899
TUBB2A,0.00818470885077084
RAB36,-0.006837846847185354
KRTAP8-1,-0.004357959992536431
MDM2,0.0006950204699420459
KRTAP22-1,-0.0020882326852198958
LRRN1,0.0028454924870539
EGLN2,-0.007106621176131715
FBXO47,-0.009391376265173123
SNRK,0.0045416942559238825
CHD4,0.030537132456117694
C1orf167,-0.012193242951936661
STAT4,0.009135461856968423
KLHL11,-0.006221728428654199
NSF,0.012559227039317016
POTEB,-0.008530458792527746
ANXA7,0.00654702032659431
CLDN12,-0.0024182757353279987
CEP170B,-0.0007054451388083666
MYLIP,-6.200981045257819e-05
PRDM15,-0.0058484109301485815
ARTN,-0.01126756945426658
RAB4B,0.004042071734140735
SDF2,0.0010769367763310714
SH3PXD2A,0.004923685372185762
MTMR3,0.005729350662099971
HEYL,-0.0072335864326753775
BATF2,-0.012451435830623242
ITPK1,0.0016867954990846372
SUN1,0.0011696957192554324
ANKRD22,-0.006012495902029462
BRPF3,0.0002582735730905612
LBX1,-0.004392076759647327
PKP3,-0.002211577061833801
UBE2E1,0.010616907410022075
ALOX12,-0.003675796670658602
NIPAL4,-0.006352626558325948
MYO16,0.014749913600452441
CXCL2,-0.0020716776686798403
CHP1,0.008536439073843518
FAM181A,-0.012471620166238163
TRBV24-1,-0.002137865413603853
AMHR2,-0.00883783443659503
C13orf46,-0.012466818334998913
RAB7A,0.014825398618015323
FAM171A2,-0.008050605619967172
CAPG,0.004086921013986954
PEX3,0.0037531357468695934
CFAP410,-0.004731611813616773
OR10Z1,-0.0014313609326250375
FABP12,-0.0035868064831056697
DHRS7B,0.003409477540023428
SART3,9.753723154474819e-05
NCOR2,0.029869598047036428
FABP7,0.005193256597152126
KIAA2026,0.00893072415039215
DECR2,-0.0017972344935906525
RPS6KB1,0.0063121801324230896
KCNK10,0.001671139611757997
NHLRC4,-0.00824119532851379
FMNL2,0.012645358390497505
GTF2I,0.010191877488717856
KDM2A,0.00965770568491171
MINPP1,-0.0007627351125830224
AKR1D1,-0.0013210119204434404
HDAC4,0.00949665264886711
TPSG1,-0.006087938776750553
GPA33,-0.003664409687795637
IFIT1B,-0.0037053169761242844
PLA2G2E,-0.0011536320208312678
RNASE9,-0.006753698471199015
DSG2,-0.0027032462640568283
KHNYN,-0.010677728893861755
DOP1A,0.03264510458938305
SH3TC1,-0.002830972306741198
OR4D10,-0.004288591129605409
ZIM2,-0.010026871374753075
TMEM241,0.006551413728563145
SLCO1C1,0.0005022042656093321
ABHD12B,-0.001938418071865633
LGALS7B,-6.653435209368693e-05
TTC16,-0.01068517560803049
ARHGEF2,0.001362962694548237
GOLGA8Q,-0.012337371586116875
SKP1,0.01226302541603414
EHMT1,0.004750190860424656
SLC35D3,-0.005861942470162981
PDE9A,0.0034579646828412735
PEX12,-0.004832266099233038
AFF4,0.008015757152041962
SIRPB2,-0.011484643715160286
FJX1,-0.006363931933945955
FTCDNL1,-0.0011745066366302653
TMEM219,-0.0025059934418703595
SERPINB5,-0.0024915069396269623
COG4,0.001988621800989863
TRIM33,0.006950120136879331
TYW3,-0.0009776423171665245
OR11H6,0.0009672977840496623
PARP6,0.002583338889844276
AGBL3,-0.00021927204408694933
BTRC,0.011157235964707905
PSMB11,-0.004402696193792559
S100A7A,0.0003672861127449895
TSPAN10,-0.009886935343182779
TUBA1B,0.010907684440233262
ZNF432,-0.004706287927189897
CFHR4,-0.005441311042634597
HNRNPCL2,0.0015590858895234534
ARL15,0.00967562086463096
CD38,-0.0038876927414177244
FOXJ3,0.004796804559316943
SLC44A2,0.004631273781481596
TUBGCP6,0.008083623919677556
SNRPN,0.010187069659513303
ZNF576,-0.008661698276870168
TAS2R8,-0.007926518940188901
FXR1,0.011232927178383747
MZB1,-0.0011052466329002488
NUDT8,-0.004117605051304749
PIGK,0.006078124453181569
A1CF,0.0017030441280380074
PANK2,0.00038780858928543356
PSORS1C1,-0.010629010022990921
LYPLA2,0.002269957776550846
SEPTIN1,0.0037143517452971953
STK33,-0.0010296924960707988
ATP5PB,0.005428119777471291
APOBEC1,-0.008482329142389085
CYB5D1,-0.004090549126492003
TEK,0.000885609858725688
CREBRF,0.00033954754313376083
TMEM54,-0.0027993187900568505
KRT75,-0.000525424037339052
PMIS2,-0.009207763274427962
RFPL4AL1,-0.002609956009635334
MTHFD2,0.002860927334446981
RAD21L1,-0.006355297920468579
COPS9,0.004750628664940822
WSCD2,-0.00018483002215571574
INTS8,0.0013810995569211299
MAMSTR,-0.010620535492280333
MTOR,0.035492936602500046
TNKS1BP1,-0.008307626333273475
MS4A2,-0.006545876016669407
KRT24,-0.001141270850815635
ALX1,-0.004086464465524442
CHCHD3,0.009916725606461368
RABGGTA,-0.0029959190739262762
FAM20C,-0.0013124974838647507
TMEM198,-0.006830612989478114
LCA5,-0.003981847054498285
RNF4,-0.0006830754193371661
SCARA3,-0.003589619548583134
SLC35D1,0.005742040182929045
DUSP28,-0.006654432848291032
FAM214A,0.0007203412518855855
FOXQ1,-0.007495239825745844
ZNF789,-0.00487847839848787
U2SURP,0.010402407054094228
TRGV2,-0.0047011273483618474
JPT2,-0.00433361982526074
MYH13,0.027330075598678876
HSPA1A,0.006285024678682125
SENP7,-0.000587464232138202
TOR1AIP1,-0.006516406844117172
CISD2,0.0020112694309168916
CFAP65,0.012543914349220848
LMCD1,0.003685096880846719
DCAF8,0.004863660406138912
IGHV2-5,1.682707105484264e-05
TRIM31,-0.00835978827028933
EDIL3,0.006094530750207526
HOXA4,-0.004963236355359311
LAP3,0.003162135419618649
BTBD17,-0.00765616577399161
BUD31,0.007518359145467091
TRBV7-6,-0.0018594131791930246
FCGR3A,-0.004785074804212733
MBP,0.0028870159309344425
LAMA5,0.024235289666229773
NFKBIL1,-0.008911342368669079
CDC14C,-0.0006476292351309292
SLC4A8,0.011112491566582625
VANGL1,1.1989036841347546e-06
DIAPH3,0.0028193383452284563
AVIL,0.001073464449542146
ASPG,-0.002619368843509941
ADCK5,-0.0026172105066204544
TRDJ1,-0.0024956627797288384
WFDC9,-0.011260753886898053
FHAD1,-0.0029993585868858946
MGAT5,0.006473780115091418
MORC1,-0.007521282321651671
ICAM1,-0.0034655174938262594
PTCH1,0.00402947440105461
A2ML1,0.00683689229200072
SYT6,0.0016592184239787595
SNX13,0.006522255435573179
EXD2,-0.0025858647658410718
ZNF843,-0.012281245307579132
DNM1,0.013896432234709747
PGA3,0.00010327385114703546
SBNO2,0.00033651901375665014
RGPD2,0.007895287157015088
TM6SF2,-0.0043694542865008465
CCDC182,-0.008059875401506685
MAP1B,0.017373127229237083
STARD3NL,0.003064138675029337
CACNA1S,0.02449661065811432
SLC38A1,0.00872336781120105
KAT14,-0.005743002605315736
FAAH,-0.0018012307330158015
SPATA25,-0.011443047732759662
FAM219B,-0.0054729330292311055
CELSR3,0.02173237066064008
FAM168A,0.0082509190321677
GNL3,-0.0011892477308003437
MUCL1,-0.0043884167221653215
PCDHA13,-0.0013883486298409155
CSH1,-0.004242003092587199
CASKIN2,-0.0066356075461201395
SPDYE2,-0.0065739393022366055
PLA2G15,-0.0024695593310549986
CHST13,-0.0038990782054926843
FAM221A,-0.004958887943928282
NCAPH,-0.004636160189556394
PRSS37,-0.010489092242647317
KLHL35,-0.005222179146192957
VAMP2,0.01036709387446896
USP17L10,-0.004079576321143021
DPP9,0.0007787296979378933
NFATC3,0.00024429903801779525
SNX31,1.721499045245131e-05
ATOH8,-0.007883029718036802
FBXO16,0.001993554491306119
APOBEC3B,-0.004361868724260211
UNC13C,0.025698399805432568
ATP5MGL,-0.00221807762911866
CDK8,0.013092766838034306
EMC1,-0.003246554957593413
COL3A1,0.0026540263323756945
AGBL5,-0.004177563955805559
IGHV1-69D,-0.00026027694256973254
INAFM2,-0.010394711510945202
MMP11,-0.004713531790869378
PIGM,-0.0008914372851092591
TRAPPC6B,0.006077654117889324
SLC5A9,-0.0019236396620798425
SPDYE16,-0.010162354673450495
RND2,0.000669789705000892
TRUB2,-0.004672498290431548
SERINC3,0.007495032967195032
SLC14A2,-0.0017302214072366458
DIPK1A,0.004357318448688654
KRTAP27-1,-0.0033429599182395677
NEURL4,0.0054021138438326765
SPECC1,0.007433573410476182
HDC,0.0007820685785535917
KCNAB3,-0.0027163969277401606
OR2A1,-0.005244474276288394
RIC8A,0.0006293570343349277
RNF227,-0.01122701640196229
ADAM33,-0.00461132855779025
TGFB1,-0.0003219681368565471
CLEC4F,-0.010273921771801703
DCBLD1,-0.0021677306950674178
PNLIP,0.0020236214148007035
REM2,-0.008537425649449216
TTC3,0.018529323844559634
OR52A1,-0.0047397329391217725
IL16,-0.0036030889846167704
RNF216,0.0017280215861492372
NAPSA,-0.001555925687798388
CLEC4C,-0.007046839987273286
POLR3E,-0.003248902072821155
TBC1D30,-0.001111816273728873
DIPK2A,0.00219580035104241
TMEM181,0.002340049568812089
CDC27,0.009295735130666683
LTB4R,-0.0069426608013667575
RPLP2,0.009199544648949684
AADAC,-0.0015596854538184742
SMOC2,0.0005145170454327015
UBFD1,-0.0025754283677967564
ZNF675,0.0031030746914225992
CEPT1,0.006538256954059317
NT5M,-0.0038928107736319185
LRP5,0.008545255822392088
SENP1,-0.00587368697218943
MRPL38,-0.0039570394135239285
STEAP1B,0.00065713627031241
PYGL,0.006849906144276336
BMP2,-0.0018216932066405266
FNTA,0.0028795023075258636
TSPAN4,0.004002705571902135
ANKRD13D,0.004743532420375588
OTOP3,-0.006083592976924286
SCGB3A2,-0.0034313028964011584
CD300A,-0.006925157124285063
SLC7A4,-0.002404578224249186
FEZF1,-0.005778833164998273
SVBP,-0.0019448050300027886
PRR11,-0.008432406384301204
FBXO39,-0.009442806769344963
IGKV1D-12,-0.0007058165324642322
CCDC127,-0.008202578380166265
DLGAP1,0.009075409465496023
LMOD1,-0.004069877275858404
PLEKHD1,-0.005555157595341728
UACA,-0.0004562873811234834
EYA1,0.003863347386389963
SPACA7,-0.0129971272521949
ZNF316,-0.008473861149416948
ASAH2B,-0.004663647667549988
OR11A1,-0.004780889915027286
WDR3,0.0008508791453671873
ZMAT5,-0.002994935029942082
CERS2,0.003006001274293153
SPEM1,-0.010834706248347295
HLA-B,0.00457986350356183
ZNF768,-0.0083266700041445
ZNF606,-0.007486636370158153
ANKRD54,-0.0030266408572541827
DDX6,0.010354536388865172
OPRPN,-0.005860430216407038
RBM11,-0.007168243681773382
TMEM167A,0.00489173815125188
OAS1,-0.0014988612617926785
OR4A5,0.001258260956096752
TRAF3IP2,-0.0073844977674880725
LRRC27,-0.008856311415812957
HSPA1L,-0.00154478048328697
CHGB,-0.00474930780637721
DSTYK,0.0014623977436285173
PCDHB15,-0.003188738365076424
USP43,-0.0022302853538612917
CLTCL1,0.027887552340666033
PROB1,-0.012717021802583878
ING1,-0.007067231841960955
FECH,0.002032466550571768
NEUROD2,-0.003929064382265146
MEIG1,-0.0036894614305974104
TACC1,0.006035909921402596
ERBB2,-0.00032040527165634586
YWHAG,0.011975215733201622
TMEM249,-0.010705301733609765
FAM217B,-0.00604243792597431
LRRC63,-0.007134946710313502
MFNG,-0.002591972082642082
ID1,-0.0026487914981712687
CEACAM5,-0.001464371936174676
MCMBP,-0.0019082033782253987
NUP85,0.0012626849146695279
PCBD1,0.005872466583587249
PWP2,-0.002149892322604166
TRBV5-7,-0.0009074297315430571
MAT2B,0.0013904899084502809
AURKC,0.0004497257584471258
FMNL1,0.0029468535662876215
IFFO2,-0.0009327941985127937
PPP1R26,-0.011568645960771846
DLC1,0.008140129323698645
SLC1A5,0.0008224582388101129
GOSR2,0.0032096316430241328
PPHLN1,0.008420472020583315
DDX28,-0.006501381726038451
SMIM35,-0.008688391128072646
DNAJB1,0.006291888807004337
TOP3B,-0.00045079185824111536
COL1A1,0.004448741477108828
TRAV38-1,-0.0015190649957269149
NR5A2,0.0015787567182591288
ARID1A,0.022210545867167236
CRABP2,0.005164686835609391
PLCL1,0.007178055706236613
CBX1,0.005507062554416824
GOLGA7,0.004898336953114042
MAP3K7,0.009118170943495279
GPX3,0.0033062212575394223
TMEM208,0.0032482455345336416
HK3,-0.0019282403827148287
TMPPE,-0.007105115246542071
SCN1B,-0.00023796345534150167
GPR176,-0.003504412364917782
TRPA1,-0.00555363776454396
KIF21A,0.016709062014826095
PBXIP1,-0.008841162335430496
ELMO1,0.011798416598481534
DCUN1D1,0.0075856067792864365
KRT72,-0.002270332303833437
AGR3,0.003127295057554663
OSMR,-0.0069684336430543906
SH2B2,-0.0055428588325202284
TKT,0.008745895424490389
KCNT1,0.005384857079877743
BOD1L2,-0.002295985476772322
MESP2,-0.013466050923071212
OR5H14,-0.004065176996820887
SARM1,0.001053619606225134
SCO2,-0.0033559340032899426
EGFR,0.005976886516930041
AHCTF1,0.01881385176075464
BMI1,0.001765974293840772
BTNL2,-0.0067791887860130205
KLHL36,-0.0013538216890034243
FOXD4L1,-0.010574269971497375
TACR2,-0.0048133221605485286
CYP7A1,-0.004361775165623911
FAM107B,0.005167827018984209
SFMBT2,0.004338016778576527
TUBB2B,0.003993375430098496
MRGPRE,-0.009861453697642018
SLC15A3,-0.004329557566561164
WASHC5,0.002502182634588492
C19orf85,-0.011567409182708358
SLC30A6,0.0014558357545645046
EFNA2,-0.006037952152905468
LAMB4,0.008392188388363619
ZNF766,-0.00552780010308598
SMYD3,0.008380288530676927
PROK2,-0.004987629075530736
PRKAR1B,0.012232706346736637
SPRYD3,0.0012475522129140033
CHD6,0.03353260219704975
ZAR1L,-0.011248976567135735
OR2T12,-0.006662800597296467
CALHM1,-0.005758919293505788
ESPN,-0.002187622766092726
MATK,0.001095253063186136
TNFRSF11B,-0.006268339068424506
GALNT2,0.009187348331165744
WDTC1,0.0011106370232444988
RPL14,0.005209125980920909
IL20RA,-0.008260915238555395
TBC1D2,-0.002915926877137024
CCDC89,-0.0080950155054229
BIK,-0.007410386098593437
SLC22A4,0.0014540053221773555
PYDC1,-0.005258172947380215
CSN1S1,-0.005955754142441971
C7orf77,-0.01114628418270319
CYTH1,0.0105581575350165
MIPOL1,0.0030634728842055974
SOGA3,0.0011752574291242685
NPS,-0.0026739357788572275
LY6D,-0.0037705984368406782
GNG2,0.008957599310130966
FRZB,0.0005377847604616497
BRD2,0.005515950567880421
TRAV24,-0.006923184265448895
AUNIP,-0.012320205941345336
PROM1,-0.0013580648550845615
RTBDN,-0.007896849578814423
ZNF343,-0.007899980211641464
ETV3L,-0.010700900102660145
SLC9C1,-0.0046739823514614165
PPP6C,0.008365783359061511
CCZ1B,0.00047143712170082277
PRR30,-0.007814128811888012
GPATCH3,-0.006567077015886526
LACTB,-0.0009064235030008354
KRTAP5-2,-0.004848775734858088
ZNF708,0.0025994175420692377
MED16,-0.004321920569264001
NDST4,0.00469488784439187
ZFP82,-0.002265942015247224
CUEDC1,-0.0017117951597065476
PLK3,-0.0004527092565456843
RAB4A,0.009079233654099477
B3GAT2,-0.0007767857781827862
RNPS1,0.0073951397919689394
NOC4L,-0.0031814785551908045
GRB14,0.0011782509970117991
TMEM108,-0.001946167083223576
ZFAND4,-0.006512510332752768
CTSL,0.004873469881867885
WAC,0.008330480746661874
IL17F,-0.007176242780052636
MSRA,0.009268023962700008
AADACL2,-0.004563901555980983
ALG6,0.0007316227173769525
CPT1A,0.00252863190982399
IQCE,-0.005775170551686349
ZBTB3,-0.009347734447238111
NRBF2,-0.003461472941601719
KCNK16,-0.0018181846611694287
HSD17B11,0.002534425574882404
SENP2,-0.00145260237982902
DSC3,-0.0021305455781803367
SH3GLB2,0.003801320413726787
GRIN3A,0.003545022059046773
MAD2L1BP,-0.006619842935138663
CDK2,0.0024005326757234064
KTI12,-0.007714334372972832
GALR2,-0.005673242304117494
OR2T6,-0.004589892318886303
DENND3,0.002564973395954151
IFT43,0.0036421674664610794
CLIP3,0.0011153011233724578
IL36G,-0.004859135856506283
LRRC37A2,-0.0077430851940938706
PITHD1,0.0036918484246574548
CORO1B,0.004878492023680007
SGIP1,0.010585409897902168
SLC34A1,-0.002285283623567459
TNFSF12,-0.0067673509502573295
CCDC88C,0.01532437438739147
CYSRT1,-0.006823777273124179
IL12RB1,-0.010970115906306832
TEPSIN,-0.010624684832791552
ARL14EP,-0.002081478022479336
MDK,0.00016175439221234817
SLC35B4,0.006214725790458148
HCN2,-0.0018562220957537904
LYRM7,-9.310093890512441e-05
MAPKAPK5,0.006014692439103985
BHLHE23,-0.002835946624309027
RAB2A,0.015315229489098645
ACO2,0.010064146400465
BPHL,-0.000515442509315055
CASP1,-0.00020551077623553551
HMGN3,0.006803070504463123
ITIH3,0.0008391773867158005
PPME1,0.008932890122068562
BEND6,6.791756209321928e-06
PIP5KL1,-0.006972457487096538
RELT,-0.009589444473302079
HS2ST1,0.007288798100945623
TMEM147,0.00407745664681645
ZNF696,-0.00943069649192007
MFSD2B,-0.004027429414554261
PMCH,-0.007186643524862448
HACD2,0.005271268231019265
OR1D5,0.0013927997838737926
MTHFS,0.0021205629925711567
AQP12B,-0.003019226695437935
PKP2,-0.0015776221116096478
RPL36AL,0.008144760464187521
PRELID2,0.006699902002334564
CBX4,-0.004408605164561681
FREM1,0.022546187509111085
IL1R1,-0.002416095751652386
MPHOSPH10,-0.0005443354910833407
OSM,-0.008640852253843088
PHYKPL,0.004998725218989354
RHBDF1,-0.0015898051542909493
SERPINH1,-0.0018756629419514903
MXD4,0.002086713168067221
TRAFD1,-0.00578078510473608
FRMD4B,0.005853772821897105
ZNF573,0.00030954189741334387
DEPDC4,-0.008331278607264533
TTC23,-0.005472649391828976
BTBD9,0.011644371232544625
KCNE4,-0.006933314553968559
ANKRD53,-0.011675286975895262
BLCAP,-0.0009449218090379274
CCDC47,0.006011880458087217
CLDN17,-8.676700289252509e-05
ERV3-1,-0.006666056009005168
MSMO1,0.005027429582603123
UPF3A,0.0047031459304440835
VAX2,-0.007560134043881224
CAMK4,0.0060552339927228945
INO80C,-0.002518058617392452
DET1,-0.003052260977487604
MIER1,0.0079465215194375
MYBL2,-0.00392912052193234
COX5A,0.0054052548452473955
CD59,-0.001433497450186591
G3BP1,0.006378559790236912
OSBPL8,0.010733152714260558
PRICKLE4,-0.010019302524136244
COL11A1,0.005797427086176497
ZNF852,-0.0066801285478827925
ADAMTSL1,0.014529238048051943
HOXD3,-0.00010310650856358264
NCAPG,-0.0027719451674182633
IGF1,-0.003043598223429745
PLBD1,0.0012223240915024203
PRKAB1,0.0005079866716275129
LITAF,0.0010151548588651456
DEFB1,-0.0037341039174361656
NPHS2,-0.004332757071914411
GAS2L3,-0.0056075694949993165
SUSD1,-0.00046349877222111145
FIZ1,-0.010349433888019097
IFNGR2,-0.0011164513550229536
POLE2,0.0014772417860943303
ATP5F1E,0.00023472867876045528
SLC2A4,-0.0003713354563599206
ALKBH2,-0.0035276207855095324
DNAL4,0.0019919810823652326
ABHD1,-0.004755354007080551
IGKV1-16,-0.0008371844963928195
SOX17,-0.0029374355996784236
EPHX4,0.002848474581905953
ARMH3,0.010114522117453766
KCTD2,-0.0011363028210896124
HYI,-0.00016772177472476222
ACADSB,0.004627872428497829
FOXN1,-0.008666763484094437
HDAC7,0.001589771941401707
DENND4C,0.023563437002912854
SEMA6D,0.0058342785876829145
NEU2,0.0004498018283990027
SH3RF2,-0.0035740417313203272
INSIG1,-0.0019548011691285614
STK31,-0.007438458381692325
ECD,-0.001342129605977773
ARHGAP8,-0.0030467409092521636
GBE1,0.008379804048526748
GSC2,-0.003687607639941949
CASP12,-0.005042980192349215
NSUN6,0.004490949846122497
CEACAM19,-0.011279217830465302
FER,0.012660639972493256
TLX3,-0.004673493508700951
UBE2Q1,0.0010933062423647323
TAS2R60,-0.003950611921086134
GK2,0.0010125055448598026
LHX1,0.0025194278973713967
ASS1,0.007232426109556514
CLCN1,-0.004802948673855446
PRIM2,0.005234473053885014
TTBK2,0.006739963661655364
BTF3L4,0.007806031237693713
MAPK8IP3,0.01080134170342864
MAMDC4,-0.005375395762600842
ALOX15B,-0.0025706470283324494
CTRC,-0.0006136968751242269
SIRPG,-0.005924260681899874
ZNF596,-0.007890024808023054
TMEM238,-0.0063940826608551654
ANKRD66,-0.0063541560209473295
KIF21B,0.013167566503684279
ANAPC16,0.004782217631404698
APBA1,0.009157771763304026
GDF5,-0.008676399388662723
DMRT2,-0.00737980240719427
FAM200B,0.0005249392348766872
OR2D3,-0.006271653850383423
OR8A1,-0.0014371141919375934
PSMA4,0.009328970791240792
ARHGAP24,0.0015695782861681051
OR2C3,-0.005062825530169092
NR3C1,0.004452804653264202
SLC22A31,-0.004240950940622062
RRAGD,0.005343074847525356
PITX2,0.0014900501751745848
CHMP3,0.007360790837640554
ACOT6,-0.0034156972144126067
UBE2L5,0.0014661036052626116
KRTAP2-4,0.0010577232021912499
TBKBP1,-0.00869890314087461
MTCH1,0.00497865929458578
TVP23B,0.002637780648269519
VPS29,0.009944867830487583
ZNF837,-0.01138185044202842
CIC,0.015437467739722112
LRAT,-0.0022892206466433
SPRED1,0.0046731062011981265
C11orf1,-0.005512762933300996
ZNF660,-0.00686886114669806
KIN,0.003371617292324719
SPDYE4,-0.010009792225220878
CLDN16,-0.0030324319563042146
TXNDC11,-0.002943417636255087
SPTLC1,0.0064187572813742865
ZXDC,-0.001294252924057268
SERP1,0.009183862729259439
CRYBG1,0.0031438938344043386
ALOX5,0.0013147845140085365
GATA2,-0.0005891912384398188
OR12D2,-0.0049205029972021
ZW10,-0.0038363626748529663
SNRNP70,0.00946405566769485
SYS1,-6.603711494078199e-06
LSM1,0.004865859459400186
OSBPL6,0.00915234411956406
PCGF2,-0.0002509810870835216
LRRC37A,-0.01085068719548493
FOXD2,-0.007996583484223257
TNFSF18,-0.01014026296635167
ZNF816,-0.007399716912742285
DOK7,-0.008155800086435194
ANKMY1,-0.0021238438016764724
CTNND1,0.007339162800783124
STRC,0.004335073216522901
KLHL26,-0.004066053073114158
LZTS2,-0.0069886106903838075
DPAGT1,0.0004350636179254475
CTXN2,-0.0069529293156396985
LCE3C,-0.004225794864757175
METTL18,-0.007586254454868532
NLRP12,-0.00823022119702636
TADA2A,0.0030497814696993177
CCDC149,-0.0019295998886594704
CRISP3,0.00027286661898826437
CEBPZ,0.00025845550714931955
GLRX5,0.0004479610652092907
LHX4,-0.0001957722078799608
GNG7,0.0070565130638154845
MYC,0.002311315509145168
STMN2,0.007684269474790239
BMP1,0.0006816797557721886
EXOC6,0.01254022786988044
SAMD4A,0.004835684520126184
CXCL5,-0.005962445142796245
ZGRF1,0.014421399517678108
DLD,0.007226238201680348
CAPNS2,0.0006019070852913144
MICA,-0.009462305281439858
RD3,-0.00872093364702288
ADAMTS15,-0.00391223743016681
RARS2,0.0066869167269879015
DCN,0.004865720364035542
ADAMTS9,0.016868703129224626
PFN2,0.005430497238364115
PMEL,-0.007264013649629939
GPR158,0.003230092121324957
SLC4A9,-0.004201799382579276
MAPKAPK3,0.003546768303660589
CROT,0.0003866653507618465
KRT25,-0.0017228806664723872
COLGALT1,3.245867132780812e-05
PPP2CA,0.00776659361975295
LAX1,-0.011375324086557162
TUBB1,-0.00022089813430280314
MRPS16,0.0016952894183087923
CNTF,-0.005902797069525405
PLA2G2C,-0.008212228584717315
WDR87,0.004284750964643226
HLA-DQA1,-0.0012133989505315054
DBF4B,-0.010582457654027266
EVA1C,0.0018647876174637454
DMAC2,-0.004389702513185379
JOSD2,-0.0013367111393005804
OR5H2,0.0009253177354488297
APP,0.011760392634457167
GPBAR1,-0.008028127668471313
YPEL5,0.008450139251469651
ALOX15,-0.0019059473159853564
CORT,-0.009230768288860726
APOA5,-0.008112860103560637
KRT32,-0.002642371310017574
SYNRG,0.0030397963757235473
TRBV10-3,-0.0009599429258430906
LIFR,-0.00196352947774737
RBBP8,-0.0038656083474859176
KLF18,-0.0025534706296229163
RFX8,-0.004745515736453341
SHISAL2A,-0.009110555109711706
OR13J1,0.0002577861036823517
RFFL,-0.0005594064501134126
TRMT1,-0.0022934299856614995
TBC1D16,-0.0031104479373266236
LHFPL2,0.002964007687226234
UBE2E3,0.013114662508102172
BNIP3,-0.0007318866170714696
OR2I1P,-0.007128627800117744
CDC42,0.012400579753195945
DUSP26,-0.0023670389118124776
NAB1,0.0003108083193784789
ESPNL,-0.009886295749079774
OR7G2,-0.004002857509657263
MMP26,-0.005407913451227195
RANBP3,-0.004146184183580778
ORC2,0.001889839741685299
CDK4,0.0039917802699037065
NKX2-2,6.4257589689775164e-06
LRRC37A3,-0.0031213330432854126
GABRB2,0.011228665821412165
CCDC171,0.004629521376703226
SLC29A3,-0.0024566364093895504
GALNT18,0.009964378002661322
IGLV2-14,0.0001804115906339863
EMP1,0.003450256459872686
IQSEC3,0.002760553050244655
ZNRF1,0.0027147805479609453
MMP8,-0.0010037186833053845
PARD3,0.007635979245597435
DCT,0.0002188663556394509
EFCAB9,-0.007078759112062582
POLDIP2,0.0004912030337560162
WDR19,0.010144157358713143
ATP4A,0.0015378353203921594
TNC,0.025331519023330182
NPTX1,0.003512887091391021
ZC3H12A,-0.0035666128281015203
GRIN3B,-0.006533316820428358
MCUB,0.0020016529557694987
ZNF595,-0.0022721352105151333
MPHOSPH6,0.002673361761584888
CASP9,-0.004321843982378139
MAST2,0.012767914512579174
LVRN,-0.003982516995156901
AIPL1,-0.0026591898881227743
ZNF404,-0.005170652316955339
SMARCA5,0.010814188648409294
GDI2,0.010967966206927892
HADHB,0.007888891282019408
COPS7B,0.0031705632087043975
NGDN,-0.00040777485165079726
GORAB,-0.006731949760336799
PTPMT1,0.000664762814267039
DGKA,0.0036540275797936395
GPD1,0.003390638854782543
LDHC,0.000686589184248015
IDO1,-0.0010781227278802462
TBL1XR1,0.01627145701078638
AIF1L,0.0004873642328925458
PHLDB1,0.0019614586088940785
CLDN9,-0.002265734642545722
WDR25,-0.003648646750605411
MYOC,-0.004715469874025081
EFCAB8,-0.008193712312627817
GPAA1,-0.0006574700857468396
VWA5B2,-0.0036222136568067258
TFAP2B,0.005491004629010484
EVA1A,-0.0025038083589846356
TRBV6-8,-0.0011041412505745148
ZNF184,-0.00275230523499192
MX1,0.002663734529015499
C19orf18,-0.01187996854836055
PTGIS,-0.0018452330563837793
LTBR,-0.008088445330547686
TOP2B,0.02027810264877769
FAM20A,-0.0008744905293512822
ERH,0.009355041250820371
PSAP,0.00822094854641839
CASP8AP2,0.009236589183196107
C7orf61,-0.014341621328141102
ASXL1,0.00298371557798237
CD22,-0.005918876748606187
PDCD4,0.005949485260431392
IMP3,0.0038327971815842556
ST6GALNAC5,0.0037643757721928187
SV2A,0.006280281070420259
TTYH2,-0.0013665755234577974
NPVF,-0.006827425049294862
CCDC71L,-0.00734873703375665
PPDPF,0.000943263261096495
DERPC,-0.0077205562724268146
HMOX2,0.0033598479021347285
KLF6,0.002845408403843058
RNF152,-0.0033847100249975635
MRPL46,-0.004445115044495638
RASEF,-0.0005918524005925964
ITGAD,-0.004652886063397104
TM7SF2,0.0012859992784443725
AMPD1,-0.0021202619237058757
C4orf50,-0.0010590574516194957
PARP10,-0.00942968602849971
PHGR1,-0.0007522627073622558
ERAP1,0.0030021306834595216
OR51E1,-0.001173805435552675
IGHV4-39,-0.0006967413430844399
STK40,0.00247651453332802
GOLPH3L,0.0047998000870129835
HOXA10,-0.0023522379164705996
OR10H3,-0.0036025060026735403
GUCA1A,0.0014444533008714118
SLC23A3,-0.00929153296832276
TIAM2,0.013581056969503423
LCP2,-0.0032494108461297837
TUT4,0.014842841285371597
DNER,0.002298257627603861
TBC1D20,0.0008812337411825776
NOX5,-0.002359006775375842
JMJD6,0.002628392607844669
ZSWIM6,0.009116507396630539
MTUS1,-0.0014090572858450167
DDX58,-0.0032906547008905705
TCHHL1,-0.0066122130835970854
ACADS,0.00045373890553023237
FAM216A,-0.005175700001816714
MAB21L1,0.0015545712016361436
OR12D3,0.0013332708873147997
IL21,-0.008959235550224062
SMIM2,-0.00934529134440421
CDKN2AIP,-0.0051061677254378695
NDUFA9,0.0007428237747973591
CCDC87,-0.009543463244917378
POM121C,-0.0009438143203743164
WDR75,-0.0013790916244893678
TMEM244,0.00010578041944751236
RYBP,0.00677976051062902
DUSP18,-0.0012583042290099055
YAP1,0.0017538642606529738
RPL27A,0.006806181216265833
PTGER1,-0.004982425392524279
PHGDH,0.0027646416201758547
PLPPR1,0.006274694474386298
SMIM1,-0.005315543804926067
PPP1CC,0.008037747557482856
ZKSCAN2,-0.011389698447412553
CLCF1,-0.007965918391842552
PRR19,-0.013872465357838072
NOS3,-0.0027915289861828417
ZNF248,0.0032547342538708592
C3orf38,-0.000904907796497464
GKAP1,6.588792594068148e-06
ACRBP,-0.008903286259678591
INSRR,-0.0024678223670698087
RBM38,2.508276860088236e-05
SCFD2,0.006307810973846135
ITGB1BP1,0.0027305404458566225
CDK5RAP1,0.0035690236896047996
TFRC,0.003022874417734934
DPH6,0.009594169078683955
AMOTL2,-0.004821780581049641
SMC1B,-0.001890302161762809
OR2M2,-0.005778337225417527
GJD2,-0.0023139177612738764
HAVCR2,-0.006745062086488648
INPP5A,0.005241750267410989
CYB5D2,-0.0014240049962998991
JCHAIN,-0.003805047170395563
LSP1,-0.00421784950556815
DNAJC3,0.0053816104772771755
MAML2,0.002143533211930252
RPS26,0.007658128970788339
ACMSD,0.0023228910871016047
ZNF175,-0.007249499005718619
CDK11B,0.0026131937518518405
RAB29,0.002102791006634607
STC1,-0.0025825078330425147
ETV6,0.0013330283178568866
PSMC2,0.008412317789621968
TMEM161B,0.006374777762821561
ZFYVE28,0.004614834805087794
RFC4,0.003093451099279762
IL36A,-0.004593369212817729
IQGAP1,0.02338365046474682
OR4X1,0.003191628486501311
MTERF3,-0.00489581834783092
TMCO4,-0.004678461016809282
RNF225,-0.00679520919296991
OR56A3,-0.005122941795264082
CCDC103,-0.007836630189828036
GTF2H5,-0.002414347417196903
PTRH2,0.0033610362888670977
TPP2,0.007560593367990954
DDX47,0.0013329076067801649
ZNF425,-0.008332113867041835
PLGRKT,0.0024067663588030357
TASP1,0.007820582578486224
UQCRC1,0.0048362569554984995
DRAXIN,-0.01121479372143326
MLH3,0.0022148077802668204
EOGT,-0.0033239556122131413
TRA2B,0.0067740630715165855
HDAC2,0.00925972606843485
ZSCAN21,-0.008542370056646263
CD36,0.0046483750677609815
OR5H1,0.0008856800653642506
FAM209A,-0.012992283833712709
ASPRV1,-0.011899061372906439
ZMYM1,-0.005727685645733001
NRAS,0.003244214116404378
CDK13,0.006785617961810289
OR56B1,-0.005573334876119316
KCNH8,0.0026144093705535985
TMED5,0.003502643461929543
CCN4,-0.0031908215315846183
PHF13,-0.004702802071966862
RBM8A,0.007843451223257478
DEFB130A,-0.004120432791433373
VAMP8,0.006383429260128418
UROS,0.00414856791935252
LNX1,0.004288533364817837
OR7E24,0.0004440175420496447
MCM5,0.005360609949854138
BLOC1S1,0.0030666159855147826
CCDC198,-0.00720989907003144
GNAQ,0.014980967771924638
NEK4,-0.002047888485392417
SPX,-0.007046278327367143
TNF,-0.003228154601766281
GAREM1,0.0024873899506716326
IL17D,-0.007794091389604595
ZNF689,-0.008910872685144062
FSCB,-0.01038450069000648
CA11,-1.5933578608837585e-05
VGLL3,-0.0033911420484040757
VSIG10L,-0.011185469303782733
FOXRED1,0.001255945000392187
CELA2A,4.724109553312346e-05
KRTAP4-9,0.0015201087664138302
TMEM190,-0.008584801518860792
TBC1D26,-0.0052580499441651106
CCS,0.0022508539869601526
DOLK,-0.006585124168003924
LARS2,0.003959328980292325
IL12RB2,-0.004240531448649706
MCCD1,-0.010350880278873
GLOD4,0.002303243426601907
SERPINI1,0.005970511456831505
SLC6A4,0.0013164896138775511
CDC42EP2,-0.005089830276148777
SNPH,-0.0041465159391200325
CFB,-0.002629823061922755
KMT2B,0.01746264121236356
PNMA8C,-0.00958695199653157
SDCBP,0.006012518958807081
NAA38,0.002699607030864949
KCNK6,-0.0024380650486589685
KIAA0825,0.004906742860330428
SOX4,-3.4305475637560904e-05
OTUD7A,0.006178639634330587
ZNF418,-0.006787432579224255
ZNF600,-0.006461699801387888
TEDDM1,-0.00844916972427936
KRTAP10-7,0.00025487450833805203
HFM1,0.003117657730418052
KLHDC7A,-0.012015682874697406
DMTN,0.004824854213315624
TRIM42,-0.010686697385612271
LRTM2,-0.006420761641933641
DDR2,0.0041051205788425965
TSPO,-0.0019194597977251857
TPM4,0.008872473720214881
EFCAB10,-0.0026576960940087354
C2orf80,-0.0010837210259067595
COMMD6,0.0051025190036827405
CA1,0.002021426911380107
ANKRD30B,-0.0015397724794964085
LMBRD1,0.00851200745684937
C21orf62,-0.00937102531133587
DNAJC28,-0.007556927208321718
CRAMP1,-0.008713012518813545
POLR3C,0.0002995475625201408
SGPP2,0.004592657449501896
DGCR6,-0.006474785687904353
ST14,-0.0011390699888060255
FAM171B,0.004120704746892086
NPIPB13,-0.008679679521834646
HOXC4,-0.002087855956003759
SUCLA2,0.009392795269906254
NKIRAS1,0.0023554095537906827
LTBP1,0.009025256661300905
NUDT9,-0.000271286498617081
GLT6D1,-0.0066126994690129575
POU4F2,-0.0026596545595219435
GRAPL,-0.002351582152190023
FDFT1,0.006820218541507481
UVRAG,0.005054624500502747
C5AR2,-0.006598430576159542
RRM1,0.00565355405068974
TIPARP,-0.004142948717229326
ARHGEF12,0.012898789473608174
TCOF1,-0.004609143132987011
NDUFA10,0.008614273083775914
HP1BP3,0.00655376039828346
CRYZL1,-0.0003344448416053027
SNX1,0.007744087186078934
C2orf88,-0.0017008614623677256
CCDC106,-0.006186996059727869
PARL,0.0010771284307002319
CDCA5,-0.007733169274056148
TARS2,-0.00231330220378109
HYPK,-0.00034161366926526733
CCNO,-0.006270422566486134
CYP27C1,-0.002043097163256517
FAM193B,-0.003329929536730591
PKD1L3,0.003789877313695814
CADM2,0.007208450920180257
LAMC1,0.014074543798835874
ZP2,-0.008917676906649352
COLQ,-0.0005145391891889992
GPER1,-0.004477240085211085
TMEM129,-0.006593431947964398
MCF2L,0.007166185924603175
SLC39A3,-0.00043035198161338865
FZR1,0.0024527154964594606
PAFAH1B3,0.0015867255957289783
MEAK7,-0.002238230704549455
FZD10,-0.0018911912146298395
ZNF324,-0.009682898655674062
KRT16,0.003867232171598707
ZBTB45,-0.009067309860816873
ZNF84,0.0009048119127223001
DYDC1,-0.008503406830201182
SEC22C,-0.0018933914651725811
MEPE,-0.0069768304990945945
TVP23A,0.004800358209737032
FAM170A,-0.011487929858828952
DAGLA,-0.002879898943940461
DPF3,0.005819333825991878
SPDYE17,-0.008698250543778962
PLIN5,-0.005894937000235644
WDR46,-0.004360085630860928
GIPR,-0.003850983603376579
CERT1,0.011117699318028777
GPR17,-0.0044574546254146875
MDH1B,-0.005642044686331234
MYH9,0.03717733796859681
SLC26A4,0.005713059888498216
CDH20,0.005806357799063736
TAF1B,0.00102304322967869
CPPED1,0.0035254759800146924
TTC37,0.017795156437405365
DXO,-0.006983154662845388
RGS9BP,-0.010922050561954444
GPR4,-0.006051734581758161
MLH1,0.0033972729718334625
FAM161B,-0.009760036937160585
PTBP1,0.006437318323285306
MTG1,0.0005466717903153191
SEC61A2,0.008552990096315037
SSBP2,0.010218324557917427
MYZAP,-0.004281412177648321
UBL7,-0.0015088956000197957
C22orf42,-0.010615317534514048
NPIPA8,-0.009784843380228649
TTC31,-0.011618038562641113
RGS19,2.594959306636592e-05
DDIT3,-0.004796782343032448
DNAJC5B,-0.0009633489646449172
RPS18,0.009715287778498881
TATDN2,-0.009224404288943944
GTF3C6,-0.0005961149796104274
THBS4,0.0017789503748238365
TSPYL5,-0.010181557097596555
LILRB3,-0.004724421681550452
PRTN3,-0.0030837299555902874
C2orf78,-0.011228414934059265
RNF138,0.0014962017688101275
EHF,-0.00021625202707735796
HTR1B,-0.0042826159128782305
REC8,-0.00569367012572528
LIN9,4.436163570595474e-05
RIPPLY2,-0.0070645889669384105
SAAL1,-0.004052232024070614
ZNF384,-0.0032170870623687794
P3H1,-0.002086994443075466
PSMB3,0.008266353586327548
PCARE,-0.012812628290797051
CCDC86,-0.011044157280793382
IQUB,-0.00543302865389561
FYCO1,-0.0049541587298355194
SLC25A21,0.0050921438853050545
CCDC158,-0.00615828626219761
KCNQ1,0.00292045272736206
TEX12,-0.00825235175152831
SH3BGR,-0.004863868854702055
SULT6B1,-0.0071316131281508694
CD84,-0.007597204784385531
ZNF230,-0.008370531589814009
MS4A4A,-0.0024539540388739344
STRAP,0.00865120542344066
MIOS,-0.0006426425099510497
MASP2,-0.0029969218299336904
NIPAL2,0.005802874536640389
OPN1SW,0.0014933181432907371
BRINP1,0.004003522843279683
TCP1,0.00927689243937401
ACSM5,-0.002156496125392085
AXIN2,-0.0038450190559861787
CYSTM1,0.003461530965231206
NGEF,0.0016272437384961356
OPN4,-0.0044552057316146094
CDCA4,-0.004716592678839782
KAAG1,-0.010223114215142408
LRRN4CL,-0.011158413100728626
PHKB,0.011943844938403609
ADAM22,0.009759401530065562
ARHGEF38,-0.002436030610282294
GIGYF1,-0.002381207942412936
APRT,0.0048380978333265766
RIMBP3B,-0.0028734352943067406
OR8K1,0.004226768124194987
IGLV5-37,-0.0001602646014373368
GABRG2,0.010346302525887122
DCD,-0.007879388366968538
HCFC2,0.0006525413977152133
LAMTOR3,0.004257951084437376
UGGT1,0.015406344201041837
GFRA3,-0.004760373925118601
POTEB3,-0.008674370280209176
STIL,-0.00858017959640534
TAS2R39,-0.0074166723842373425
IGKV2D-24,-0.0019200985769036738
ANKH,0.008632428746974325
DNAJC22,-0.0056516513612216305
MLX,-0.001374719095408865
TMEM38B,0.0012584385077497354
TMEM97,0.00046739335991600957
SIGLEC14,-0.0055988628006765654
FBF1,-0.007147831823804918
AGBL2,-0.0068422524653471
DUSP4,-0.00013532058063248187
ZFAT,-0.0012238630873506126
LGALS3,0.004144585640883447
PPCS,0.0010512751408740199
PRELP,-0.0009044910668438054
FCRL5,-0.005379430336396149
IRF9,-0.005900244877444592
WDR61,0.0068536947467768596
CFL2,0.005113982135354485
FBXW4,0.005000207276587677
SLMAP,0.008042264012539964
MSH5,-0.004057478621273785
FNDC10,-0.009786398574961505
RPS10,0.00792072415909433
ADGRA1,-0.0017018480016459774
AFMID,0.00039683214040986707
MYO1D,0.011521115072826826
AZIN1,0.005119694155146086
CACNG4,0.0028970903757320615
RIMS4,0.0017154954089609227
GPATCH11,-0.0027080662011336382
PELP1,-0.0064004662572826184
ZNF423,0.0017402583130818716
ANKRD13B,-0.0009720253999390316
TTC33,0.0006503634539278049
ZNF653,-0.0074460946790015714
DOCK3,0.03154878925723913
EIF6,0.007014778845313413
ASF1B,0.0010285735345994201
GOLGA6B,-0.011802345822826977
CMPK1,0.008442570232123263
BEST3,-0.004193168564715245
CCDC82,-0.00032920485190410085
SPOP,0.011407903603893238
HNF4G,0.0007298190317586928
NEURL1,0.0002713584374838248
SLC16A6,-0.001511585838028734
MMS19,0.0016561876600986764
ADAMTS17,0.0028937417143492434
KRTAP25-1,-0.002552758466289577
SPATA31D4,-0.010695769121711043
USP21,-0.007125947828783718
TOM1,0.0018925762954012358
SETD1A,-0.003817945147350808
RGS2,0.0027211627183353986
TRIM9,0.010407439018267158
TMX2,0.004692070635861615
GIMAP4,-0.0018366167068916298
ETF1,0.008914206788166248
DGCR6L,-0.002332059637311419
SGPP1,0.001171867110282511
SLC6A18,-0.0027146735421805512
ST8SIA2,-0.0017316336860933536
FSBP,-0.008731855208514931
ANKRD44,0.006589628852500568
FOXI3,-0.008961485934141854
PLCD3,-0.0037621729422558383
BCL7C,-0.0018148754842618263
CARD14,-0.007485020754962543
PPFIA1,0.011460481594182953
ADAT1,-0.0063671496853623935
ANXA6,0.007131468011057135
ADGRB3,0.012459313800538316
HMMR,-0.00358998203234742
IGLV3-12,0.0008204946106455784
UBA6,0.009330086846480956
ZNF627,-0.0058277323278734345
CYS1,-0.011228365204869308
HOXC10,-0.0015765329274510544
OAT,0.0072062842278540805
UBE2G1,0.011429191044754193
CHST15,-0.002106545294481886
GBP2,0.0021676386109115314
ARID4A,0.008135303550324696
SMCP,-0.010640854442442465
SLC25A51,0.0009660265214544542
LGALS3BP,-0.0024778154095399696
VSTM5,-0.0068905014195810195
CLEC20A,-0.008799737073277908
SPATA31A1,-0.008993865414519145
RBFA,-0.005264631064108883
RIPK3,-0.010700268673774329
CUL9,0.024026672486103826
PRR23D1,-0.005076321988340242
EEF1E1,-0.00073323718135511
IFNA13,-0.008429777625563037
MTNR1B,-0.0041178704997124746
ADD3,0.01022118085587702
SLC17A8,0.0030054062799817934
SUV39H2,-0.004748443395473526
RNASE3,-0.006420919255037852
HTR3A,-0.0030055115130858154
RUVBL2,0.005995522893684224
ZNF713,-0.00438158036093783
RAF1,0.009664648957427021
CYP2B6,-0.0013884020989928982
NCK2,0.007065834910143596
CLIP4,0.0052893001604785266
FBXL13,0.0014773866480671527
C12orf50,-0.010936029527634799
HAO1,0.0006201744605766009
SPATA33,-0.008016851703599526
TBC1D31,-0.0010942498655639882
BAG3,-0.005170517485960612
OR10A7,0.003784835093782781
PCDHB1,-0.006874525627614454
NRXN1,0.01160317484758498
THEM6,-0.003912287556667689
ZNF354A,-0.0037839310735783053
KLHDC9,-0.005838545862994679
PRRC1,-0.004339677635275961
LRRC24,-0.007074820820751857
MRPL48,-0.0008553445301384202
SIAH2,0.002566120667627012
GJA4,-0.0008876671394051168
ERGIC2,0.006787839017703031
LHPP,0.005475561704000517
PGM5,0.0032160122921304885
NHLRC1,-0.0067683321521353245
GCM1,-0.00834065510463017
PRSS50,-0.009681356757242465
OR52R1,0.0015219783503914411
STARD6,-0.003892850361413503
CAMTA2,-0.0012336629368072342
PHOX2B,-0.0013504211835279444
RGS6,0.010176031108417619
SLC25A3,0.009687787673946414
PIGL,0.00576137205475704
GTF3C4,-0.007885573053337652
SNRNP40,0.007315298290248258
MRM1,-0.008422201841408447
ZDHHC17,0.009455456713531768
ZNF799,-0.006692868311547578
ODF3L1,-0.007065458284763154
MS4A13,-0.007351439296587256
INCA1,-0.010917782780925532
NRG4,-0.0005876138362620546
SMIM38,-0.009048531580622543
ANKRD60,-0.010545918674682728
TRAV19,-0.0015430372679201656
PPDPFL,-0.003426838573155339
CCDC125,-0.004184139781908281
N4BP2L2,0.004694409407443709
RUNDC3A,0.002476024174235419
SNX8,0.0003739918269852932
STRN3,0.012751014376170483
ATE1,0.007502463344751972
CD27,-0.008612890935852536
TCTA,-0.007812527125603578
POLR2J2,-0.00012723471175464938
VHLL,-0.00986614859078928
LIMS1,0.009903466710451884
TRIM60,-0.00801108314530068
APOD,0.002227178693016666
CTNNBIP1,0.002694305691322129
TMEM196,-0.0001911477552237376
XRCC3,-0.006056653959964257
ZNF777,-0.008806077508144206
C12orf71,-0.012699969905016033
PRRC2C,0.029268512739422492
CENPM,-0.0038820112812618488
TNFRSF4,-0.007600241404523654
PAH,0.0037325983342774267
GMCL2,-0.006180555753336589
COX20,0.0018802213448526988
OR6J1,-0.008113487633131413
TRBV6-1,-0.001048252504909544
TPD52L1,0.0062432215473619095
MTO1,-0.000577753209212516
PSME3,0.002434931628397799
CD101,-0.007515535025037787
KCNJ15,0.0014148647660816398
GPHN,0.012725766038683722
ATN1,-0.0005135585546232308
BCCIP,0.0030811667536548193
NOTCH3,0.0186409389491089
PSTPIP2,0.003306697340833569
TP53I13,-0.010983657059880364
HHIP,0.0007245382077777598
CDC26,-0.004268117576176512
IGKV1-9,-0.0010318654244508088
ARHGEF37,-0.004256938201669137
ATRAID,-0.0034357777567233933
CDK17,0.01133197151069558
HMGXB3,-0.005033158937719365
NGF,-0.0023687511591076703
OR2A2,0.0008087681412650335
APLP2,0.00920927101077863
ST6GAL2,-0.000566538235423199
PEX7,0.002191119492119932
CHCHD2,0.005565568904749106
CTCF,0.0035830277060589777
FN3KRP,0.0010158861262618414
TARDBP,0.0029769625546239276
YPEL1,0.006654292904140301
NWD1,0.00295037859752478
ABITRAM,-0.0001112616045791046
ASB1,-0.0035335309410535476
SCRG1,-0.005424104219823346
SELPLG,-0.006854071867919175
TAC4,-0.009742854503374887
PRODH,-0.002785562811938667
TMCO3,0.0035630920327387673
TCTN3,-0.005073694838173577
WDR83OS,0.004628430513861506
ZNF705B,-0.006116103518895012
B4GAT1,-0.0017571597664337712
C11orf87,-0.004867849868073097
TBX15,-0.0026407435578444344
ZNF10,-0.00018000568219395203
EEF1A2,0.006172389020598194
SMPDL3B,-0.003168215669543183
PSD2,-0.0026208985479970037
SCN2A,0.033198592389832436
FOXL2,-0.003806124149938495
TICAM1,-0.010641378515308884
IER2,-0.0034434948238543524
FAM107A,0.0023185398944201123
FCER1A,-0.005256348408989871
STK3,0.009984670526039215
DUOX1,0.011073601668510956
ZFAND3,0.006487307296519775
ZNHIT1,0.0024998586343986675
ETFDH,0.008565349445820436
HNRNPUL1,0.002062128623684548
SGK3,0.009587099929781271
CCNY,0.011353821338435282
CD33,-0.004383096144092681
TDG,0.001580117076279288
CISD1,0.004277407489298109
CSGALNACT1,0.0062078030432107635
GMFB,0.003287658503596854
SIRT1,-0.0011679212593755303
RIDA,0.0031596061724465576
ZNF582,-0.00631896763370098
L3MBTL1,-0.0011683241625256862
CREBL2,0.0018567666959595117
RAB26,0.0037970048665955207
ZDHHC7,0.003221286997276324
FAM72C,-0.007041114500950366
CD160,-0.009463592820262804
GCNT7,-0.007055836049212801
ZC3HAV1,-0.0038332184222764696
CCDC70,-0.01045212432601926
PCSK5,0.015570878013037198
CILP,-0.004826069509385019
NLRC4,-0.007688766936576298
TIMP3,0.0029489164059527174
RPS20,0.00938725308160919
SYT1,0.01100586322605599
SLC19A2,-0.0001350730260531004
VPS37A,0.0010413519600068106
CCDC28B,-0.0022639857894439356
SPTLC2,0.006666729683022492
TTI2,-0.005593167192739701
NEIL1,-0.0023602993054591907
MAP10,-0.012005656817754161
CNOT7,0.008572124566472798
PIGT,0.0005489649980311705
MRPL15,7.657957462612354e-05
RFPL1,-0.009424126649375192
NABP2,-0.0013097485241839464
PDCD6,0.008234805179418212
CHFR,-0.0010467595416240808
WNT8A,-0.004335130765994414
CCNDBP1,-0.000634782530678936
DEFB125,-0.008538829142747513
ARL10,-0.0012209355198895743
TTLL7,0.005579969739625453
ZNF91,0.006765617253269649
ALDH1A1,0.006174061647108854
ZNF133,-0.0009733413154590398
TSC1,0.0003455919383064103
IGKV1D-16,0.0015323728369995495
CENPF,0.01764470538045657
MYEOV,-0.008099273716539632
SNTN,-0.005527021192704648
ACSBG1,-0.000997503374531874
TNNC2,0.004659652931351759
PRAMEF25,-0.003234081711419636
IGHV1-69-2,-0.00031683409218017934
TAAR9,-0.0008798940602450217
PDE10A,0.010415736008358533
FCRL3,-0.00730977908766188
GYPA,-0.006958767637056374
RHO,0.0048593990974946264
CACNA2D2,0.0011588976437130014
PPP1R7,0.005733358185876603
ISOC2,0.0014627480113306628
RETREG1,0.0021259341821956977
SEC62,0.009980474975901805
TRGV8,-0.005954524669091615
LETM2,-0.005474178491544013
PKD2L2,-0.003124072216690079
CFAP61,0.0007333766531884795
VPS51,0.002267357365110731
RAI14,0.0007989108096640925
EPHA8,-0.00028385883421117383
ZSCAN5A,-0.004358038176993837
DDX27,0.0008386530256841839
FGF22,-0.006622318897101971
ADAMTS16,0.0009095994963801162
PCF11,6.611544404913092e-05
RSAD2,-0.0005190530117391564
ZBTB49,-0.006468886216506587
IMPACT,-0.0007503650501068732
KRTAP20-1,0.0017419417946855644
TNN,-0.003493808161639265
EME1,-0.008808086145538211
MBL2,-0.0050363790260999665
RND3,0.006585866663757493
CCDC136,-0.0034956447844608986
CSRP1,0.004805936287996442
OR6B3,-0.0016231069408753265
SMC6,0.006912315897070989
TFAP2C,0.0017407558273025224
HDHD3,0.0003111220178020103
RBM18,-0.0014045744045311122
UNC50,0.005149628784571862
CLK1,0.006670069091750746
CASTOR2,0.0028469865755831954
BRINP2,0.0023114415699082556
SOX5,0.00946741971052552
STX1B,0.007799358063960386
MIP,-0.004323183252151492
RILPL2,0.0004666806578953805
TMEM120B,0.006102834453425687
TRMT1L,-0.00441118835717639
PSG3,-0.005726733639912281
FOXD1,-0.006100223125341944
PPWD1,0.006610296048640578
CLEC1B,-0.005945983742496446
EIF4G2,0.010926169307159317
GPSM3,-0.004470597352040131
PJA2,0.002682883583751495
RAMP2,-0.004716650014604772
C1R,-0.00021515349571897945
RAMP3,-0.0031185800330296616
LRFN1,-0.006213312813320146
FAM227B,-0.005054902569735141
FAM162A,0.000720280819213478
MOGAT1,-0.0028272014016567765
OR11H4,-0.0036986574475383447
ITPR3,0.02845816089149532
CHRNA7,0.00426177671540351
CTSS,0.0021659586171570246
NOL12,-0.005077769789928256
TADA2B,-0.002376127347018213
TRAM2,0.002590644675150917
TYRO3,-0.001739291724982264
E2F7,-0.007748276630596076
FAM131B,-0.006072596094731413
SARAF,0.004241878142025167
ZNF526,-0.01023202081949265
RNF135,-0.009311905123241733
SEC14L4,-0.0039031204749214294
TTC27,0.0012400206954349714
CPB1,0.0015670419855052817
TIMMDC1,9.442613388087849e-07
MEP1B,-0.0027718519179636882
CBLC,-0.0030211462741171423
ANP32D,-0.002244930532222513
GFPT2,0.006562208739784904
JAKMIP1,0.008174388137411124
COMMD2,3.705938189779134e-05
TFIP11,-0.0014131629719735751
TXNL4B,0.0009255761692174972
B3GNT9,-0.00858165242868381
MSS51,-0.006725955061162358
COL1A2,0.004014454886126139
FLOT2,0.006090078121085846
P2RX4,0.0013449647295745695
HBE1,0.004264023920524299
CEP70,0.0007969678062158949
ADAMTS3,0.004943149880447944
RPL8,0.008761320554224095
RPS29,0.007625539931308431
NOSIP,0.003295786319577217
OR6S1,-0.00039896326130650796
MTX1,-0.006355298188291885
WRAP53,-0.006834327148971259
KRBA1,-0.013713089724503027
ABCC1,0.018118742817065252
VSTM2A,-0.0021909225949926794
ZNF468,-0.007826234968290461
EBLN1,-0.004680176224504693
DPYSL4,0.0029177960616248257
SERPINA6,-0.00396840927582216
GSK3B,0.015149549783157738
KIF15,0.00020051213009396156
TRUB1,-0.0023648682343568833
NCOA5,-0.0009784840402308136
POGK,-0.0055793871050116356
GNG14,-0.0041337609687981045
METTL17,-0.004296224638960347
SKIL,0.00038923237762028854
TSPAN18,0.0026049218475505485
USP10,0.002490594825320717
CFL1,0.011307935312515912
CORO6,0.008481969959854748
MFAP3,-0.0019263125078525071
TMEM64,-0.0002712801874359473
RNGTT,0.009839005390674877
PLA2G5,-0.002192328278934857
PHYHIP,0.0006195459282862213
SLC25A38,0.0007932961291597327
TAP1,-0.004843939952470754
COL10A1,-0.003764919338069026
MYMX,-0.00894328365677962
NIT1,-0.002170158742739785
PRORP,-0.0009615937736533947
MZT2A,-0.0013535375282222306
C1orf54,-0.006152089967579533
ZBTB39,-0.010701077478177267
FGF20,-0.005057256882444288
PHTF1,0.004272466243255921
DHRS2,-0.0007161408757088702
PARVB,0.00489215425458476
RAB32,0.003872950000852656
ZNF100,-0.0035578586520996023
LRRC32,-0.004223830561899808
PRKG2,0.004480400907842852
TSPAN1,0.0015610048850537561
INMT,-0.0018826992298039125
MFSD4A,0.0005069342701206396
RBMS1,0.009422489929566744
CXCL14,0.00020560214951769197
AK7,-5.389414991835573e-05
AMBN,-0.011671360399751328
BHLHA9,-0.011191084659092632
EDDM3B,-0.003751845350580771
NAB2,-0.006637806062707301
NANOGNB,-0.012865060975244069
CACNA2D4,0.0006979119695335274
TSHZ3,0.004910846397009814
LRIG3,-0.0019589577866429117
SPESP1,-0.007075176119377646
RRAGC,0.002794045561951567
UTP3,-0.00427912958810358
MYOCD,-0.003963001410882298
DNAJC7,0.00983955320586597
NUTM2A,-0.014335174357090705
SDHAF4,-0.006257503849540933
FAM234A,-0.003668354900680308
B4GALNT1,-0.0037181679466202423
PDE4A,0.00373734609648406
CLEC18A,-0.006884029446085747
MED25,-0.001586927814553444
NCK1,0.005605225536629825
PPP1R9A,0.008409660128498487
CHRNA1,0.0021987419167852893
RBM26,0.009518886483728414
IFIT1,-0.002355475189541951
APOA1,-0.0003309838628617416
METRN,-0.004461317568524337
CNIH4,0.005205812196922255
SFTA2,-0.006505936904233012
GSX2,-0.007074562969044858
SBDS,0.008599663619567217
C19orf12,-0.00047013190591928424
TTLL11,0.0009030923075271058
VIT,-0.003999264065667048
OR8B4,0.0023530234044779057
GABRA4,0.006133640631602394
KDM1B,0.0008167649755734446
LGALSL,-0.0009472295205832922
CDH1,0.001989601312928873
NME4,0.001152793822123609
AKR7A2,0.001234875391551769
KNOP1,-0.006272438237178295
CDK5R1,0.001548571637349193
ZBTB47,-0.006067509533394966
ABCF2,0.002557918421441287
SULT4A1,0.004062408430873524
NSRP1,-0.0006133061869574691
ACVR2A,0.008582198070228923
HSPA13,-0.0016814842226761234
OGN,-0.0015474415977729413
PLD3,0.007631710665697468
TNFRSF8,-0.012325706180080788
SLC1A2,0.007457389755233137
WFDC3,-0.009697727411267633
FAM218A,-0.01174310805328986
FAM185A,-0.0011971964502434207
SETD5,0.008313848284851452
UGT2B7,0.0019441159096291087
DDX51,-0.005442442208055696
CD300LF,-0.008517937615947982
PTGES2,-0.0011433557966113474
PAAF1,-0.0018458291536995368
POU1F1,-0.002427631271593095
LCAT,-0.003681724262320374
KIF2A,0.009113786846341688
SIGLEC15,-0.0067015282536187016
PEPD,0.006555958537859823
ZHX3,0.0037875334803908743
IL3,-0.0075814260162705115
SERPINB12,-0.006292536964166268
POLI,-0.00462126317992653
CD300C,-0.008420217660452053
B3GNT7,-0.0033982012690158326
ZNF177,-0.007724932511683581
PPP4R3B,0.010383065305648627
MIOX,0.002474007168319458
DNAJC2,0.005847265941754322
RPLP0,0.009187170671440986
YLPM1,0.006978617533445368
NUFIP2,-0.0005004885494702182
PLSCR1,0.002296314677483546
SEC31B,-0.0015373646376755088
ATG7,0.0094595446087743
RSPH9,-0.001403562128150071
GPR27,-0.005086135167562002
NEUROD4,-0.005083966791401597
USP17L26,-0.002788948160568752
PHF14,0.010202478627665877
OR6P1,-0.0002827297103306916
TINAGL1,-0.001228660302549405
MORC2,-0.006441528265585251
SETD7,0.0025354651751664397
SECISBP2,0.001471618073384827
SFXN2,0.0016844006337325083
ANAPC10,0.005210519083443874
R3HDM4,-0.0027493440703768943
FAM166C,-0.008940855803776513
AURKAIP1,-0.001962736034353329
RIPOR3,-0.00569117318155262
HSD17B13,-0.002867185996834037
IGKV1D-39,0.00030600136775755745
ADAMTS10,3.4628618415481e-05
DNAJC5G,-0.0017080727109919606
ZNF235,0.0009845157996968676
OR4F21,0.001254458888051815
PFKFB3,0.006440800342091713
ATP1B2,0.0009390752555391633
MACROD1,-0.0034756772115233695
CRNKL1,-0.0004259936020436595
IGHV1-46,-0.0007972289469096644
NBPF11,-0.005596380698389557
ITPRIPL2,-0.006336629527484607
CCK,-0.0010870983273485776
GPR78,-0.00873599902512889
PLGLB2,-0.008409896155677343
ADGRE1,-0.0051462865955644544
IGLV5-52,-0.0032288944143767026
SPAM1,-0.007627295642411492
ATP12A,0.001236280577761112
EVI2A,-0.008994811067695091
LYRM2,0.004036313633114308
SEMA3B,-0.002426997283150006
CHRNB4,-0.002097740815802377
TRBC2,-0.0026226670035176037
EPC1,0.007257945487481141
YOD1,-0.003784480747915313
NFKBIZ,-0.000805805337091384
UPP1,0.005557513312286089
INIP,-0.0005173118669124827
TM9SF4,0.007324874852115225
ZNF189,1.2212359615060113e-05
B9D2,-0.0027448132113552966
CYP3A4,0.0011901857890881083
TSGA10IP,-0.013667057680908234
ADM,-0.00595881022939767
GALNT4,-0.0007191220044524571
GJA1,0.0014403358817604358
CASP14,-0.004014486522671224
CARNMT1,0.0035093386259334
NECAB1,0.0061485622921432365
HSD17B6,-0.0003337374916116207
SLC27A4,0.00284736790450273
LCE2A,-0.0020665506128871858
OR4B1,0.001488751574854469
WNT6,-0.0031200457514719577
CEP97,-0.003958432899859783
NABP1,0.0024189417033099844
PAGR1,-0.009778854812633115
KCNA4,-0.001613064369541819
RRAGA,0.007473859165543585
PEMT,0.0020693072318577264
CYHR1,-0.001811097354257315
CFAP20,0.00502360716429373
ELP6,-0.0002139140213644513
YBX2,-0.006227571185728754
HENMT1,-0.004221998483690732
CCL16,-0.010309636850944517
NDUFB10,0.003156619030004105
RAB8B,0.00855581980951972
RBM12,-0.006788048915245066
EDEM1,-0.0007539974896940533
FOXL1,-0.008875911470649365
ALKBH3,-0.000775118034870242
ERICH1,-0.0027201339625584353
FOXA3,-0.004373371054826231
MFSD9,-0.006201373644443905
CDH5,-0.0016727184705344902
SOX6,0.00480712887173547
TRPM8,-0.0011023375833160676
IGKV2D-40,-0.0012628430116522055
EXOSC8,0.002887801987953758
ADCK1,0.0002438329673273799
COX6B2,-0.004474751362429574
KCTD21,-0.004163325574483533
MAPK1IP1L,-0.0012123874250290164
PTEN,0.012529564849978622
TBC1D3G,-0.007261149246528194
ADH7,0.002614863900113505
C6orf52,-0.009960823430955421
RPP40,-0.006745597150043647
TSTD3,-0.00011525359785882544
WT1,-0.0030371516788982194
ATF1,0.004637572870418703
KRTAP5-3,0.0026428131700652092
CRIM1,0.002454390447847436
ANP32A,0.006387247013676702
RNF111,0.002518679794610472
HEXD,-0.0017364469978020309
IKZF3,0.0005801262898911436
PDGFRB,-0.0007497990011563026
SH2D1B,3.469496113084322e-05
CWC25,-0.0019228800652347528
SCN5A,0.02470201092919758
C19orf67,-0.011308154348733139
TOMM22,0.0015572239610630722
TYSND1,-0.0063012378575853685
CXCR6,-0.003690032890119885
PLCH2,0.0007580925144617651
FRMD1,-0.008855931185526147
CFAP97D2,-0.00426772190743275
ATP1A1,0.013279554378262635
DHPS,0.003887015191491788
LPCAT3,0.0029045398869012155
MEIOB,-0.0050111999922663195
TOGARAM1,0.012448911868260075
TRABD2B,-0.0027062451151080315
EIF4A3,0.007880780751873647
COMMD5,-0.003862804853149623
GTSE1,-0.008856784106666713
ITGB8,0.003473226227096883
PIGG,0.001200139026548062
MFSD5,-0.002085982386784941
PRKCB,0.012525053688653505
KIF17,-0.00303957894794086
HIBADH,0.007936358751903636
ARMC3,-0.0020221666609687907
NLRX1,-0.006489837256504136
PRSS51,-0.00745212986964516
PUM2,0.012615435548535761
SHMT2,0.003092740086791413
CST7,-0.0011376218421769052
NIN,0.015004149772086384
SMIM4,0.001491416131514122
PUM1,0.01253611954364149
THSD4,0.0011600574217815426
PITX1,0.0011253902126765205
ZNF317,-0.008615056481656624
SPDL1,-0.00681439442486061
CD72,-0.008554918669967534
FIS1,0.008458239427023275
NCMAP,-0.005735370876744808
PACC1,-0.008752974647617503
C5orf67,-0.011088834319958099
VPS4B,0.008974071695922377
MYO3B,0.004767673157340079
EXOC3L2,-0.006049638154167127
IL9,-0.008191936485902843
TNFRSF10B,-0.008806194106767638
EIF3H,0.011256741038608397
ARHGEF1,-0.00022406902967631674
AP5S1,-0.007000758276756878
CIB4,-0.002845790961630568
OR2AE1,-0.005701268388740904
MYO7A,0.025203779809096955
LPCAT2,0.002241990633152956
TAB1,-0.0021714652061726263
SYF2,0.0041288812360754336
INTS1,0.024721293379838073
DENND4B,0.003778208517557028
SLC5A3,0.00212955006887328
PWWP2A,-0.0004389487881209645
LNP1,-0.00759386119883652
KDELR3,0.0022671455899784566
ECHDC3,-0.0029255465328273515
TNFSF4,-0.009152098239764766
MPIG6B,-0.009208020514085953
RUSC2,-0.00016946381045782727
SLITRK6,-0.002679311166135279
FGG,-0.0005610772573355154
DMRT1,-0.007216216064036829
SLC4A7,0.010673405763352765
CSTF3,0.011219789247144034
BAIAP3,-0.00039661641243725083
DPM3,-0.0015622916536441912
DNAJC16,0.0010959504668105605
TMEM183A,-0.005094640218293218
PRKAB2,0.0013070266099101835
SYT2,0.0033901834770903444
TRBJ2-5,-0.001703329193620778
IL10RB,-0.005264335530700266
PCDHGB4,-9.267837481753071e-05
MTCL1,0.005038537025222849
ASB13,0.000460167310064585
BPIFB6,-0.0022366956826189144
C9orf50,-0.014454604249178977
PLA2G2F,-0.0053412187646935325
SCIMP,-0.00797367086289452
HPS4,-0.005269845050055881
TUBGCP2,0.0024556809556623357
THUMPD3,-0.0034214468536563785
GNA14,0.007916958082338197
CDC73,0.011009052712855232
ABCB1,0.0059878225645410175
HIVEP2,0.015722707927470124
NECAP1,0.0005679610582557952
NES,-0.00826856430217453
HSF1,0.0006294805655435355
SLC25A20,0.0003522923150739643
UBOX5,-0.007298792746663558
RBM15B,-0.004931605524846932
CLEC12A,-0.006322736018310335
GNG3,0.003552343142956712
TRAPPC13,0.0073221670366045224
CXCL1,-0.00289141638313121
CYP4V2,0.001273431521941918
WHAMM,-0.005754123129405425
CACHD1,0.0046570814558174805
OR2M3,-0.004685777014261544
FLNC,0.02826883752556986
OR5T3,0.001333754141551594
EML4,0.009670142225139074
FOXN3,0.004341179188663412
SALL4,-0.008001242685142074
REG1B,-0.0027103639086802924
HGH1,-0.006561380212450174
OR7D4,-0.003460119198818549
SEC22B,0.0055824303194345936
FLVCR2,-0.0004969820032361171
RGPD8,0.009115009901053043
ELL,-0.004741106608000754
NCKIPSD,-0.004604076262088868
SRSF10,0.004888290280933753
HOXD13,-0.0044796627938357295
NUP37,-0.0007253288163556079
OR4C46,0.001491372695423255
PLB1,0.0001515827282715116
DENND10,-0.001503298601336931
RC3H1,0.005412728462334285
SLC25A52,-0.003222358507597956
CDK20,-0.0003976819112646781
PROCR,-0.006165305084069304
ART1,-0.010687900944665638
EVL,0.012103058881834024
TMEM37,-0.004972485920001484
UBD,-0.0059757824029695004
ETV7,-0.006328247086815596
MMADHC,0.0006908589104452144
PROC,-0.00542031147838367
THADA,0.025237750838066907
TK2,-0.0020511870059079494
ARHGDIG,0.0005868748441449447
CD24,-0.0029013912594819044
ZIC1,0.0028208496413308164
NMNAT2,0.006381626157796502
WWTR1,0.002656844672980957
ZFP36,-0.001015674689980309
CCDC196,-0.007039567139643612
FAM81B,-0.007923695336634064
FBXO48,-0.009215521844975635
MYCBPAP,-0.010457383481389188
PBX1,0.01226174437519989
RAPGEF4,0.010927807318918995
IPO8,0.007280639070082281
SLC2A11,-0.0005335357541943829
COMT,0.003864079621789926
KDM3A,0.0007324872351239222
ACSS3,0.0033218798771592543
ITGAV,0.005042659702513979
ETV4,-0.004645222877181265
GLS,0.009696446858491983
LRFN5,0.007611874809065524
QPRT,0.0014261605444872711
RTN2,-0.005808495738624051
LHX9,0.0009799142664926774
NFAM1,-0.01094467300463234
CSNK2B,0.00848435572883696
CHGA,-0.004884032964009394
SLC6A7,0.0024078341536253973
PDE3B,0.0034995514743101455
CASP6,0.0010557546527052374
P2RX2,-0.005531097900113697
DNAJC18,0.0026553897236040297
TMEM45B,0.0001692871613404231
AEBP2,0.0038882770188859053
RGS14,-0.0033671227943769043
MAPK10,0.012776495804982954
MTHFR,0.0030805519883766058
COPB2,0.009449472562388836
MELK,-0.003311456666311385
NDUFA7,-0.0038971122506227147
SPNS2,0.0004190482941984548
HERPUD2,0.0003367260788833108
CARTPT,-0.004276366414501138
IREB2,0.0056154084461870445
UBQLN1,0.007958811900952056
SHISA3,-0.0028093239839110276
SPRY2,-0.003942658739401656
LCE3D,-0.0020822609593227855
FSHR,0.0022371882963740752
ABHD13,0.0002171595875113712
MKX,0.0010716565339158087
TMEM51,-0.005893048792812027
ZNF497,-0.008611569716190173
SFTPD,-0.0028525335020494445
SH3BP1,-0.003468299449911664
ZNF180,-0.00831319797489318
MRPS5,0.003486357749776993
PNLIPRP1,0.0013607089578984205
PARP11,0.0029249451584310794
NTN3,-0.005178688370023467
SHLD2,-0.0014865225454834625
GJB3,-0.0007942377146202493
TRIB2,-0.0007534505498885745
FGL2,-0.0014684437031519226
RSPH4A,-0.004177124014883152
AMY1A,0.004267845713985258
REG3A,-0.003174020042899229
PLIN2,0.0030388447829187877
RAI1,0.006183835352726171
RNF10,0.002705661383889176
SCRIB,0.009153190153955765
OR2D2,-0.0037984834773646566
HELLS,0.0017974737776854613
KRTAP2-3,-0.0010389180135331256
FKRP,-0.005562027886479762
PLCB3,-0.0015352952349520544
CDX2,-0.003735184456043693
ZNF850,-0.005384751010038313
PPP1R3E,-0.006773158169718346
UBR1,0.02304006821884447
ACTR5,-0.003467054434402922
PCGF3,0.005252125969133267
STRA6,-0.005369391858746638
MAN1C1,0.005608847026046297
EDARADD,-0.009205131812993969
NAIF1,-0.009012544976746074
NYNRIN,-0.0008942910349706221
CRBN,0.006410958826478626
DPH5,0.0023338954546053754
FAM104A,-0.0073650432744427575
SNX6,0.010488246893582189
ZNF385D,0.005680465152107141
ZNF747,-0.013585422589750607
GCHFR,-0.00019887848021730067
SLC36A2,-0.001110922674543458
TMEM200A,-0.0043363287874905124
GSK3A,0.0018857659280466829
GCKR,-0.0040567486707572525
NME2,0.009015508255045832
OR51F1,0.0014906993253972413
C18orf25,0.001651681156744916
DHDDS,0.002583176792629352
SRRM1,0.004398420485709164
STUM,0.002189812343222547
ANP32E,0.005098158824790669
PSD4,-0.009099629041750068
SFR1,-0.008172242593293506
TMEM238L,-0.005372230863429306
FAN1,-0.0026827801066256064
RIT2,0.008199896477039535
DHCR24,0.004047446322173275
RIMBP3,-0.0045156008854648055
PHKG2,0.0010103532736328562
ZKSCAN4,-0.008578586819230632
E4F1,-0.005363215983341452
TPSAB1,-0.0017338181206076678
SYNE4,-0.011997107585741526
BICRAL,0.0021190181322938177
DCDC2,-0.0019181814984043915
JAM2,-0.0004128560283451078
SLC26A9,-0.0031207899345264294
PAICS,0.004539310080281811
DPEP2,-0.0056175449496588085
SFPQ,0.006469100400068434
TP53TG3B,-0.005856672150878247
CYP20A1,-0.000896332628050079
HRH1,-0.001135473884747471
KITLG,-0.0021051692852736906
MAGEF1,-0.003654973537727131
IL17A,-0.006013888435214905
TRAPPC6A,0.0011834908536647655
CRIP1,0.004431905109948877
CAND1,0.012323214411638826
BAHCC1,0.012268734924350794
REELD1,-0.012583461968431004
SYTL1,-0.004203723970956661
XRCC2,-0.005019562346461371
L3MBTL3,0.0009500174351994538
CDIP1,-0.0018261001324140535
PAK1IP1,-0.0023251143229223183
MEX3B,-0.004856823721845333
CAVIN4,-0.004980711144183049
HSCB,-0.0024535755389470367
LGALS13,-0.002423168205377428
TSLP,-0.0071791044392817355
GTF2A2,0.008349486679034004
POLG,-0.0026272236467589326
ANKLE2,-0.0035619914435719396
RPL18,0.008916315951949584
SLC4A2,-0.000548826586037488
NID2,0.000564724236162425
TRBJ1-6,-0.0022667977685544728
GATAD1,0.00036755522777905835
WNT2B,-0.001255670897405236
THRB,0.009599641124546771
IGKV1D-17,-0.0004926296593566288
AEBP1,-0.0026844491986254457
ZNF687,-0.009708693071024363
OR51A4,0.0004541938514356821
ZNF556,-0.010309629468941315
NSMF,-0.002084722794777462
IGFBPL1,-0.008039066724973199
VMO1,-0.003025551319131956
SHROOM1,-0.010110035274382154
NLRP6,-0.007044188858273307
XCL2,-0.004772575795609296
CDC25C,-0.006686433597117308
RUBCN,0.001686348393519203
TMEM191B,-0.010681891621696736
COL6A6,0.017150831056841852
SPATA31A3,-0.008724032488200282
OLA1,0.01506943828308769
WDR18,-0.002180224689199589
TPTE2,-0.0022679885671677926
ARL6IP1,0.0031520485998454647
EME2,-0.0072115735628832
DLX5,0.0011004238418968577
HNRNPA3,0.009643952844028405
CCDC3,0.0009337897189487881
HOXD1,-0.005281326239939657
CHD5,0.031174973808474116
TIGIT,-0.009572711394862288
ISM2,-0.009221703424643754
RAB3GAP2,0.008176169924472879
CAV3,0.0004671116912050967
CEL,-0.0030285990631202047
KLK1,-0.0013686405564491938
GNAI2,0.009063766169214947
BRPF1,-0.001910602978734027
OR10W1,0.0016098430889186514
GALNT6,-0.0002375424175345369
ZC3H11B,-0.010253283542291712
EXOSC7,0.004822272391583784
OR2T4,-0.0013091677406649935
CLU,0.0016404143423121957
MITF,0.00523484918607383
GSR,0.0024657453101373755
HSP90B1,0.010755981881649274
CERS4,0.005232617065371245
SNAP23,0.00499288579949524
USP14,0.011937321454373538
KNL1,0.008056254963082132
FAM83G,-0.009162061502268334
EIF2B2,-0.0001781077136307845
MCCC1,0.007192867922224617
F11,-0.005644970934557704
C8orf34,0.0001710958170619232
FHIT,0.01040286226172492
RNF11,0.006633995706557477
STX17,-0.0005580842809866449
TMC5,-0.0040354797796590776
SEC22A,0.005268945439857779
AP1G1,0.010677767820356622
ZNF337,-0.0022275676424305616
SLC9A3R2,-0.0006021096080925272
MAFK,0.00018821283654364682
IMP4,0.0034788158889580124
ABTB2,0.0019820727590039344
AZU1,-0.0038178300513402592
MED29,-0.0010222241587481441
SMURF2,0.009434765344777546
CEACAM7,-0.003144133290584489
CDKN1A,-0.004105710754804751
CHCHD10,0.004862090766584883
BFSP2,-0.007105868598012207
CNBD2,-0.00827979927450761
KRTAP21-2,-0.0031823708713084476
CRHR2,0.001691747409739896
EGR3,0.0009926765202167111
FOXF1,-0.002324176761992316
ECSIT,-0.0035790752287948517
EHHADH,-0.0013414829340670084
RAP1GAP,0.00838476273466947
GPC5,0.0018951773827803524
TMEM94,0.0009715121034045169
KCNA1,0.001886595562317135
DEFB106B,-0.005163275321202852
MTMR4,0.0014984864011539426
KLHL6,-0.0028606743013554667
INAVA,-0.008224006615098915
UBE2H,0.013961990161860336
SSTR4,-0.004466712795131928
RNPEP,0.002837315369770865
RDH14,-0.002845698274912892
TPM2,0.007164197234710494
FRRS1L,0.0015468472244877572
TRMT61B,-0.003479393219619334
TLL2,0.00015253809298110735
IL17C,-0.00855811919531429
ZNF519,0.0004138987667421429
AKT3,0.014249084442958186
ZNF532,0.00534241737356216
VDAC2,0.007909153715837678
TRBV11-3,-0.002539444510103758
KCNMB4,0.005730260302415355
TULP1,-0.005149452570897017
TRIM10,-0.006891602695813996
HSPA4,0.007924930942265781
GLRB,0.010177911894273112
CHMP5,0.007250309500224139
TERB1,-0.008766610279914327
TSSC4,-0.008529666572708568
PIGW,-0.0070796831330369
MON1A,-0.006707169572322316
PGC,0.002939877328752068
ATG3,0.00621953603396648
RPL37,0.008514011186130616
CAPZB,0.014378132410526193
FAM110A,-0.006938131122486454
LRCH3,0.005249952411609064
CENPS,-0.0023189555442704028
HAND2,-0.001916635009430314
INSM1,-0.008119253972460359
FHOD1,-0.002493210779956434
DMXL1,0.03530435363761065
PPP1R3C,-0.004495280471263198
PCDH12,-0.008496078576850552
BTG3,-0.0015443130743215871
PAQR5,-0.00019896645515034427
AK9,0.017214066974821807
TLR1,-0.00419130707117065
MED8,0.001935325489759188
ESAM,-0.00543273589006232
SLC25A18,0.0018111646057917005
ZBTB24,-0.005896492156377119
VSTM1,-0.00927214228450987
GYPB,-0.0060003184929019
ENDOV,-0.0019106244817706358
FOXJ2,-0.007084535047258706
DHX58,-0.003688222019417632
MMP9,-0.0017572314738936764
CCIN,-0.008146357420679273
KMT2E,0.013829805591773922
MFSD14B,0.0034351200214117884
P4HTM,0.0003161348403800922
DDHD2,0.006254176641065479
PTPRH,-0.007589330190640539
PMP22,0.003899207817235553
KLHL32,0.008776783428916699
NUDT6,-0.004388083730603648
CDK2AP1,0.001014870139696591
ZMIZ2,0.0001256207413607744
PYGO2,-0.00762210832833863
RETREG3,-0.0023947382349089903
MTIF2,-0.000613633810585598
ENTPD3,0.0011211022363610582
EMX1,-0.0018105431466814686
TRABD2A,-0.0017803391425516683
CCL28,-0.0058452751345265145
GBX2,-0.006268328583374131
MAPK13,0.00402274970320977
ZNF511,-0.005022573405263241
PI4K2A,0.000348670574656626
KLHDC1,0.001900453542810829
RSPH1,-0.00036638516905362515
OR1J4,0.0037511513954322554
MAP3K9,0.001790879146850003
POLR2F,0.008700471229068016
TTLL6,-0.009725684974208414
VWC2,-0.0013842140963076198
TMEM175,0.0008110918065174404
GLTP,0.0038676438055782678
PEX1,0.0008021667899417812
FOXD3,-0.004568013537226838
YIPF2,-0.0010184279569155944
CELF1,0.013460827824533944
TLCD2,-0.005416040016669246
ZNF565,0.0021238834072636655
IL36RN,-0.004654187244943488
GMNN,-0.0009466171854393869
NPY1R,0.0026452649486784744
AOC3,-0.003425448898507376
DLGAP3,0.002526614887459828
FBXO32,0.002776088770227154
KIF9,0.0006587528010748477
NTS,-0.0046554779685506155
SPSB1,0.0038214000071559715
MAPKBP1,0.008455705617180495
UBIAD1,-0.0019000422434560117
DNTTIP2,-0.005389990771488579
ST6GALNAC6,-0.004037924953075715
BARX2,-0.003532129507235977
ZNF354C,-0.006682114635016907
KAT2A,0.003881042542517191
LZTS3,-0.002212013734632329
IL25,-0.010701127596478252
DLX4,-0.008409412543784281
MBOAT2,0.008155140315575142
SLC44A4,0.001728922315755269
TRNP1,-0.008468935832204863
ARF4,0.00788067223940042
BANP,-0.00024035832733550886
ACAA1,0.004908260006090721
MYO15B,0.019451616991165148
DOCK2,0.025504819873178774
OR4X2,0.003110079550224716
SPOPL,0.007114238586048804
NACAD,-0.00963245573586915
CYP27A1,0.00012366508089662383
NAPEPLD,0.005633884534970413
AICDA,-0.002454189194625948
YWHAE,0.012971567776044747
FKBP5,0.0072716988643891116
JADE1,0.0013547523859692376
PAG1,-0.00014548946349507864
SLC38A7,0.0004267504642549088
CIDEA,-0.0022331100950709597
CAT,0.006382213677986058
CIRBP,0.00961446340606835
TOMM6,-0.0015779812753276574
PPARGC1A,0.0023627147612511174
ERMN,-0.00848332937820392
RPS2,0.008613619333498438
PLEKHA8,0.0042557866879604994
MYO5C,0.01748844340261058
ZNF227,-0.004939528479149627
ELAC1,-0.00101560199090029
OR2T11,-0.003829489358393893
IGHV3-48,0.0010555175566504223
KRTAP1-1,-0.003383621619363081
ZNF615,-0.0061997034680554815
IGHV3-49,-0.0005772031973126434
CACNG8,0.0025074585994012354
SSBP3,0.008727174296476303
SYNC,-0.006741297126172771
MICU3,0.006959361067726012
VPS4A,0.005711766753937884
CPA6,7.699857460104166e-05
EID2,-0.009131678985172679
ARSA,-0.0025306286330402366
BEST2,-0.0016751601437257687
MAPRE2,0.0110090295718143
FOXR1,-0.01062352989888013
PRDM2,0.009122372347776795
SERPINA10,-0.007818373039422429
TPPP3,0.0043932751256731345
DDX31,-0.005612549805085121
SURF4,0.007031762849856724
THNSL1,-0.003714578602449678
MICB,-0.010983806026633645
CEP290,0.02941732702425451
FZD2,-0.0014038200597492688
PRR4,-0.006034742525713079
KPNA1,0.012458695978948449
CEP120,-2.204001456887337e-05
KLHL17,-0.0017896311911229153
ZNF486,-0.006511069814641733
ZNF784,-0.012287205448560254
OCIAD1,0.006215921731243616
IL2RA,-0.009058912200134245
TREH,-0.003947405224541542
MKRN2OS,-0.0039144019661612565
DCPS,-0.003026861823699103
ALS2,0.015585238061990725
IFFO1,-0.0018767982734266544
TRBJ2-3,-0.004520488237905703
IGKV2D-29,-0.0014346047329396627
CCDC112,-0.0014980080437253743
COX7A2L,0.002688367605989247
CACNB1,0.001112769833201322
IFT122,0.00715948292883373
NOC3L,-0.0025875802553803405
UCP2,0.006258929320132709
OR5M10,0.0038900724643999795
LHFPL3,0.006717543873070118
POC5,-0.00456913453414159
RGS4,0.0044119563924464415
DCUN1D3,-0.003924364721796059
TRPM2,0.012877998029658735
WDCP,-0.010346997412719331
IRF2BPL,-0.003362941831979762
LONP1,0.0020538666329329744
SPRR3,-0.0034315893066695553
KCNQ4,-0.0015927659341030142
TAF1D,0.0010520330129838418
NT5C2,0.011676600381989997
SLC12A1,0.003805966310243223
FBXL19,-0.005403412423101485
ATG14,-0.00177269500297629
EIPR1,0.008677731171434545
BCL3,-0.005274041354410921
IFI35,-0.005329932739844525
KLK3,-0.0028437446914898064
ATMIN,-0.006760344818460427
MSI2,0.011241271762290958
OXT,-0.0062345899465300935
ZNF362,-0.00025517866778217635
SPON1,0.004125190782640766
FFAR3,-0.0053842382508355975
KLHL31,-0.0030422066807470997
CENPP,0.0030962841529251594
OR8H3,0.001776041487611176
SLC9A3R1,0.0005306899758378761
ABHD17A,0.0031690690169796643
PSTPIP1,0.0002720393057916856
C15orf62,-0.009300913179477056
FZD9,-0.004336394859465694
KIFC2,-0.004679025612403602
GLB1L,-0.0050303942126173895
ACCS,-0.0047783562869829705
DDX11,-0.005275083432095387
MANEA,-0.004218548366632773
SULT1B1,-0.0001451986788751111
TMEM218,-0.007309769649342956
XRCC1,-0.004205331785775143
SRSF12,-0.0039671517878918155
RPL35,0.008338922352361071
SAMSN1,0.0017520034390206597
PARD6B,0.001641722056676524
DEFB103B,-0.0032991102091710586
LMAN2,0.0032268058073383443
SNAP47,-0.004001682939582856
PRSS53,-0.01033758025048429
CALCB,-0.004111802766883684
ZBTB8OS,0.008754295062416427
VKORC1L1,0.004185125069559089
IGLV1-40,-0.0006557829166474188
AADACL3,-0.005679954515395986
DGKD,0.006830657084423371
THAP8,-0.01057827010413446
GSDMD,-0.0068615176417245495
IGHV3-74,0.00037681702123479305
ZSWIM2,-0.010763825514351545
ARHGAP45,-0.0009798343343892398
USP17L29,-0.002214793220105969
VDR,0.0004309259931322558
C9orf131,-0.014039749866420282
EIF5,0.010904612032335607
LRCH1,0.005808578383624731
PLPPR4,0.005761865949804088
RDH12,-0.0024908239747478823
TMC8,-0.006230519921651435
TNFAIP3,-0.0005489369570537191
TBP,-0.0012031801143424945
TMEM17,-0.005114154301531827
RASD2,0.001213177350233024
XPO5,0.0030755688899514275
DIS3L,0.0005952755368758979
WFIKKN1,-0.009233041008542825
ENPEP,0.0014287322482766593
REEP5,0.011954447362782082
HTR2B,-0.004281657301760417
TRPT1,-0.004374671929054496
UGT1A9,-0.0019161672349832539
ZNF385C,-0.008680239242548548
CRISPLD2,8.350133430014516e-05
RHBDL2,0.0024374156867681958
IFIH1,-0.004848925439286963
ACE,0.0012390422013381537
LMLN2,-0.010542951614836512
PRRG2,-0.008923887007705368
FAS,-0.006407569624510654
ENSA,0.00853832325391445
DEFB136,-0.010947354972466001
SEC23B,0.0065040533234080045
UGT2B15,-0.00046939465313375453
PNMT,-0.004330089700847564
FIGNL1,-0.003509526429201031
ANGPT4,-0.006893557239471194
CHI3L1,0.0001834434499808882
MN1,-0.004771899056100668
SRP54,0.008942740239054028
YBX3,0.004084982870671372
FCER1G,-0.0009626493003839485
FOXL2NB,-0.01190659617280729
UBC,0.005926446168818105
NAPG,0.00914346959677848
ZNF320,-0.005555747091499669
EIF3M,0.009879596383107486
LYPD4,-0.011620689851049693
ZBTB9,-0.009652079019469509
ADGRE2,-0.0035297281829231113
TRPC4AP,0.0071525359419128305
DGUOK,0.0038500609966040157
NDUFB5,6.248278165300273e-05
CPHXL,-0.013571345173796266
KEAP1,0.0018885566390304403
INTS6,0.008740439086327547
NT5DC4,-0.0019715095956651936
SNTA1,-0.0014635659564160022
FBXL3,0.0006148991692009996
HAT1,0.005080627995701721
SAMD9L,0.007938260982249068
PHF19,-0.003218971850500072
HOMER3,-0.0011968255447251715
RNF186,-0.008105539980717063
FBRS,-0.004172965381064687
MEI1,-0.0033331920316771804
RGSL1,-0.009703549390384437
CYP4F12,-0.0008882225467532509
DOK4,-0.003158913697928435
GRAMD1A,0.0003348358606895393
L2HGDH,0.005116913590813338
CELA1,-0.0032697331453721058
ATAD5,0.0014649544730832187
NCAPG2,-0.0033713562664192433
NUP205,0.025058709028914734
MYL6B,0.005503555806284462
ZNF699,-0.005774948600117809
C1orf198,-0.007092043588163535
GNG4,0.005129806205198977
ZNF461,-0.003486726423712568
PMPCB,0.00729988747912694
MTA3,0.01097119164505806
FAHD2B,-0.002132181525501814
CHD1L,0.0023271546620103026
TMC1,-0.0005415890161341811
DPT,-0.0025071015984899163
HOXA6,-0.001966273250561273
PITPNM1,-0.0003065262121035277
PCNP,0.0032264302386102333
TAF9,0.0040689005314945735
G2E3,0.00043862949200983506
KLKB1,-0.002905477704293257
CD1B,-0.003114100832492654
TNPO2,0.00648462996076998
WBP4,-0.00032524101291007474
CENPK,-0.004671058878753727
UBAP1L,-0.0030875557844422205
AATF,0.0010315835006143752
GFRA1,0.0013916794786647663
AKR1C3,0.005626923208654595
C11orf97,-0.007092287616462079
RELN,0.03035015081408814
ZNF329,-0.005658809832779321
CATSPER3,-0.009305841910596073
PLVAP,-0.0038539730118830593
FLYWCH1,-0.004529131714450435
SLC13A4,-0.0006334828469830024
UCP3,-0.0017107055811224987
GREM2,-0.0012474235379316314
ELL3,-0.009607798995106586
TRAC,-0.003044821516273517
LSM14A,0.0092957828198315
FABP4,0.005529332082703943
FAM110C,-0.008288488709790626
MYO6,0.01586970711406595
NEMP2,-0.003992329557330913
SEMA3G,-0.0044106745272719135
TMEM186,-0.0068784754985908554
UBAP1,0.0009887780387235839
SDS,0.0010908651060389833
TESK2,-0.002957583042139788
ARSI,-0.0022736153216425734
NUP155,0.0033732109114117345
THG1L,-0.0012584835237489736
MAP2K4,0.012627052863803353
NOXO1,-0.009278366973595659
PABPN1,0.003667762677150069
DOCK5,0.02495725571278651
AMIGO1,-0.007865967179794575
PARVG,0.0012594538706954194
ABCA9,0.014855718129446943
PLEKHS1,-0.00795435909743599
HFE,-0.007942899842517294
CAPN11,-0.00337765557424872
KCNA3,-0.00018445295479574351
MED26,-0.008318293361535006
NECAB3,-0.004971388094530962
EPHA2,0.0025403147437236522
RXFP4,-0.0024646231766657306
SMIM32,-0.010720912028871632
FAM210A,-0.0038704227300483582
XPNPEP3,0.0021284433359017156
ZBED2,-0.009081311349817905
PDCD2,-3.891249190589221e-05
ARHGAP33,-0.006621348593111803
PRM3,-0.004819079336897582
NTNG2,0.0014362078479651533
RSL1D1,0.0002474890710444989
TRAV30,-0.004489827527625765
PTP4A3,0.003734957938336607
ABCC9,0.016820364693018258
ABCD3,0.007150413127812012
AURKA,-0.002517003627759916
LAIR1,-0.007194469966299732
MRPL53,-0.004305747352999594
DYRK2,0.00019592498691239622
TMEM67,0.0018462748148787911
TP53I3,0.0015903783379286579
C19orf84,-0.012564485804316862
CUTC,0.0028041549446357113
DNMT3L,-0.007435591848799481
ITIH2,-0.0004902404552626813
CFHR1,-0.0022610601797826966
OOSP2,-0.007183089060762821
HRG,-0.0070896390145139855
TFB1M,0.004760120490180124
TINF2,-0.00970081852116877
TMEM11,-0.003888474780637683
TRAF3,0.004711638187620817
PHF7,-0.005027429243432433
OR13F1,-0.00237344483701037
MCPH1,0.0025523966809108626
TRBV5-5,-0.002295980436032718
MPZ,-0.004189101848295115
CAMKMT,0.005173892666496657
APBA2,0.008801319419174338
HEXA,0.0038397061365051093
FAAP100,-0.007841186593343688
ZNF543,-0.0067204280826774696
ZHX1,-0.0018191185758831805
LECT2,-0.0038332450875115803
LPCAT1,0.0005905710376753639
POLE,0.02552856667913687
MANSC4,-0.011081284605239064
SULT1A1,0.005079494552568829
DPPA3,-0.010356177983934844
STH,-0.010952516628543041
PTK2,0.0142015974395237
THRSP,-0.004901505031129729
LTO1,0.0015021138992916763
PTF1A,-0.00654711683899839
CXCL17,-0.005251661466236072
TP53INP2,-0.008751508090814588
OVOL1,-0.004173003310169316
RGS11,0.0019113313884714465
CCNG2,-0.002028103830053045
ZSCAN29,-0.009883274198530302
SOX15,-0.005794686633732001
HGD,0.0015040680115479099
ZNF541,-0.011447188692673837
ZNF580,-0.00808936867619861
RBM27,-0.0007126360006380222
HRCT1,-0.00827932965768865
YBEY,-0.0001894888786531223
ANO2,0.001939917548823161
PPP1R35,-0.00844236642118842
SETD4,-0.003908158198267768
TMEM269,-0.007634974837186693
IGKV6-21,-0.0016787240597162473
SYCE2,-0.010921245261249846
APBB1,0.0025074437097885407
USP17L17,-0.006158781513552955
GGCX,-0.002644678463965622
OR51F2,0.0012675797687288746
VNN1,-0.0017602527298034524
CNST,-0.0018845000567361732
USP20,0.0006119397026833923
UNC93B1,-0.0020188119141049976
HOXA1,-0.005945429924607781
MAPT,0.00372580734819085
DDX24,0.004484217547316764
OPTC,-0.0047616648322936555
C15orf39,-0.01009541674919873
ISL2,-0.0017473320547145028
SPINK7,-0.0038429174754986794
COA7,-0.003872101102167769
COL4A1,0.0017646648972447366
DIMT1,0.005151814291010673
CD3E,-0.004312784341906138
CTNNAL1,0.006047711719523966
DLST,0.003802084902320918
CCDC166,-0.012650683639371036
DPY19L3,0.004888551130342442
FZD5,-0.000935642304134311
ITGB6,0.000956958921178613
GINM1,-0.005095342629176303
TRBV4-2,-0.0033269593530830793
SCUBE3,-0.0014647564038075104
ZNF121,-0.004757046790353094
ACTR3C,0.003649470400903771
MYO15A,0.019763930438466252
FCGR2C,-0.007596436379606965
HTR3D,-0.010258258247483559
PSMD4,0.010359212177919878
MARVELD3,-0.008944097838168295
IGLV3-32,0.0022388784096788942
PRELID3A,0.004065617370848451
PKP1,-0.0029745898626372703
CNTNAP1,0.0035236787520935412
ZNF655,-0.004638730737532592
KATNBL1,0.002262786388084125
LRMDA,0.005465308501478056
PSMG4,-0.0010570492399729025
TRPM6,0.01694917188573859
MT1HL1,-0.004027531873857979
RAPGEF3,-0.0030556488779724333
GOSR1,0.007315704673997287
ARFRP1,0.004074541602827272
PODXL,-0.006805232801980184
SELENOH,0.0019994581304552013
MRPL41,0.005338303724079775
TRAV3,-0.0026257253839551413
ELF3,0.00014125465907702887
ALOX12B,-0.005242625043765568
INF2,-0.002715907008749381
C2orf68,-0.006442529397073912
TBC1D3H,-0.008092062565208029
CRADD,0.0053620521503703914
RAB31,0.00831002162409805
PLRG1,0.00552778124790299
BECN2,-0.002572433030914289
HLA-DMB,-0.0051610106138914235
IRX6,-0.0069566831831916415
ABRACL,0.005420047692346997
VMP1,0.010939595627360023
MXI1,0.0073569835460300425
FBXL14,0.0011460698920727672
EVPL,0.01117438991019612
GPRIN2,-0.012204164209765151
SMN2,-0.004579755421081497
ZFHX2,0.015741487362493378
RNF20,0.002987283193561959
ACRV1,-0.012769823840398107
ITGA9,0.0048457099080629765
ATG4D,-0.004642440346321403
SORT1,0.006091599470126888
THEMIS,-0.003517327816889223
SOD3,-0.0027246557367779267
ZFP41,-0.011211824504506635
NR2F1,0.007305941630816784
HCK,0.004242551274688876
CFAP100,-0.005942642972433947
FAM234B,-0.0036519785110900814
AASDHPPT,0.003614585443380719
EMC8,0.00040109661615785286
PANK1,-0.0035894253522468305
OR1A1,-0.00501274291387972
NBN,0.0006890927942295586
CCDC30,-8.467339414026602e-05
GPR89A,0.005181879161151815
CALY,-0.002417230253580049
OR51D1,-0.004637002440133918
ZSCAN31,-0.0019453768921079296
FAM180B,-0.01243605592400772
SLC22A6,-0.0005869200550806604
TNFAIP8L1,-0.001304469480824879
DMRTB1,-0.01032513023652445
C6orf223,-0.012648169776169981
GPX4,0.006348532708428147
C6orf118,-0.008974507904471827
PBOV1,-0.009975794969806514
PDE4DIP,0.023680175141411648
EDC4,-0.0027486281969730394
C4BPB,-0.007221770083771135
ZCCHC3,-0.009229669853788335
ITM2B,0.005654965418405295
RECQL5,-0.00637101396792988
TGM2,0.0015766831493533335
MRPL33,0.006500652188568817
LY75,0.007693600168927651
TMEM170A,-0.003269794367843536
IGKV1D-42,-0.0006278797168521371
IFNK,-0.010474762220257228
TCF7L2,0.006363775593651575
FAM114A2,-0.0031634199138850148
KCMF1,0.008453315731323264
OR4D9,-0.0056381828044283905
NOL7,-0.002333381618443535
SERPINB10,-0.0037494259896291974
SRC,0.0017523818382747254
COX7A2,0.004371082272846732
IL20RB,-0.007966464862141595
UBE2C,0.0056302293874685135
RAD50,0.006702255213143305
CANT1,-0.002955420908194289
SRI,0.008075478987495019
RPUSD4,-0.00548986795865142
FAM168B,0.0042566612780170834
OR6B2,0.002448767750954123
SUPT7L,-0.005050089405761547
MANSC1,-0.008287587821030147
SFTPA1,-0.002253391678691726
MAGOH,0.007793399114643704
OSBPL2,0.002418436841813501
TMEM253,-0.009193950298915357
FGB,-0.00032629600599890776
C1orf162,-0.007197764848149178
LEMD2,-0.006670051883355504
CPSF4,-0.0010140176783666733
RPUSD2,-0.006510492717202828
EAF1,0.0008782176327738509
GTF2A1,0.0028860808718292456
PSG1,-0.004907498065513813
POLA2,-0.002753315317175294
AQP6,-0.0032946708368325334
NPC1L1,-0.0015051894699261439
YIPF1,0.0008107306234706131
CCDC141,0.00019433961119577248
AP1AR,-0.0037485615711350686
ATAD2B,0.007008799479001834
TUBA1A,0.009123189148873952
FCGR2A,-0.00558695918754645
NELFA,0.006312088872759986
PPIA,0.008907930503505607
HHLA1,-0.013433060324994623
ZNF117,-0.0043392599192369685
AGPAT3,0.005209155776990732
COCH,0.000629872973621202
ADCY3,0.00701922044790677
C1QTNF9B,-0.006263893438197656
MXRA8,-0.004242643016057011
NCOA7,0.007633535570173929
MRPS6,0.004768801000268541
ARL16,-0.0010752633146274074
MCHR2,-0.0005511021433421882
NPRL2,-0.0002871549559770718
RBL1,0.0016351397471968947
NFYC,0.00460057350266617
SGMS1,0.009149940800749025
PBX3,0.008943014697176191
CHRNA6,0.001002804228538014
ARMC8,0.010826341308570008
GDF11,-0.004425903535811084
NOXRED1,-0.0077840350116186105
EIF4H,0.005502191675165077
ARHGEF15,-0.009562120183561226
PPRC1,-0.005866034995632034
C20orf141,-0.009899413220814146
C7,-0.0014866604435385545
LDHA,0.010297403275101542
BCL2L1,0.0016079484576485864
OSGEPL1,-0.0037105083330178893
DIRC1,-0.009315570677486696
MCM3,0.005281931927381889
ULK1,0.0018549898943009437
BARX1,-0.004328610474766505
BTF3,0.004572159157669487
ZNF841,-0.006892530850729051
GLRX,0.0035752978200743507
RNF185,0.00021361179023343378
SLC25A35,-0.0019072937612473247
CD1D,-0.006839600684609565
DUS1L,0.0002100662514057224
TUBA1C,0.006443327913453306
ULK2,0.005689602809917489
NINJ2,0.0008140271592901828
CD74,-0.000736338000808664
IGLV5-48,-0.00041530996339848647
KIR3DL3,-0.0020816269215366673
LILRA2,-0.004075533460785205
IQCK,-0.0005057851373757956
IGFLR1,-0.010252189563528313
TCAP,-0.007811478638510917
TYRP1,0.0012284424405731842
ALYREF,0.002431812132986056
CEACAM16,-0.005919259916690733
ZNF664,-0.004161622882782406
RHOT1,0.01273709438189712
GOLGA8R,-0.013103592216496365
IGHV3-72,-4.5468938634336515e-05
PDLIM4,-0.0005596632756911948
CD109,0.003906564781465577
IGDCC3,-0.0051110731593752385
CPA1,0.0023437410114417064
GID8,0.005289932900370023
PLD4,-0.003240476041698416
IGHV1-2,-0.00024395782518686106
OSBP2,0.006190568421379948
AAMDC,0.00528672185781135
ALKBH4,-0.0044072896501005645
BSPRY,-0.005001946276118471
MCOLN1,0.0009473148787806472
GFRAL,-0.00941165646303664
SPTSSB,0.0013356639490894667
VPS54,0.0059988957271514985
TCERG1,0.009983568490445804
DLX6,-6.531759149275161e-05
SLC10A2,-0.00028597557959057773
HSPB3,-0.002789494561906228
PRR13,-0.0022423131052017914
YJEFN3,-0.00030029215292621294
CBWD2,0.001336113620387722
MT4,-0.00429454329191547
MGAT5B,0.0001721844563900923
SP140,-0.006706443672253456
SLC2A14,0.0007443574998390585
GRIN2D,-0.0027444534249468984
IMPG2,-0.004669046374358576
CKAP2,-0.0056744751719359
SMN1,-0.005038217113307773
TMEM248,-0.0010728520988707937
APIP,0.004578510239423275
SEMA4G,-0.005503093790144708
CBLN3,-0.006279545042307413
MPP4,-0.0010688711624715942
APCS,-0.00348767797369307
CNOT6L,0.010668654322848156
MIER3,-0.0030527644186790076
CLCC1,-0.008651723856179114
INPP5K,9.328285973338325e-05
KRTAP5-6,0.002517062815553751
MISP3,-0.00893764525941368
IGHV3-53,1.4901880473474762e-05
CDC42BPB,0.015869607741738314
SRSF8,-0.003228970478396103
CEP85,-0.006743433231076596
GLUL,0.008693163991574734
MATN3,-0.0053724071212172915
NT5E,0.0007319097188277229
ATP6V1G3,0.001530658944910272
ZAP70,0.0009595138750089658
SPACA9,-0.007947137726540359
EXTL3,0.001212604515920615
ACTG1,0.00912464398300033
CABP7,-0.000516049740527083
TIMM44,0.0010573710610335828
MTPAP,-0.0058572782323259055
GPS1,0.006256027496066507
IER3,-0.0051031422313987185
IGFBP7,0.0011250454032542764
MAPK7,-0.004369898410828732
MYO18A,0.02698366726633734
RHBDF2,-0.0011244314574817285
CABP2,-0.002406867024478691
CHST14,-0.007945510394101568
SLC17A1,-0.0039111171944437315
NEK10,0.006162886951679519
MTUS2,0.0011524140272777433
OR1N2,-0.004938108945639351
ANKLE1,-0.011101463184331514
RNF183,-0.008918467192419252
PSMB1,0.009845785690850121
SCYGR6,0.0007714705240998823
TLX1,-0.004798359015627912
MXD1,0.006484191197767272
TMX3,0.004930739531129931
RMND5A,0.004151433760630893
BLM,-0.0020507786892869167
RHOT2,0.004970770988215342
SIMC1,-0.0015357427355235454
TTC39A,0.0009517210570075307
NPR3,-0.0017175564267891315
SLC25A24,0.0048819013457453144
VIRMA,0.01475310651234687
SUN5,-0.011723846343563505
MSH4,-0.0013853081750109604
NPTXR,-0.00050364320011619
FGF18,-0.001347273335067582
ASB6,-0.007117203099840738
SMO,-0.006708391687236162
PCTP,0.0012581970762724321
ABLIM1,0.011211861542254968
RTP3,-0.004482642797871805
SLC2A6,-0.00027112815155015435
TBRG4,-0.0033036387070016823
TFPT,-0.0079014335117927
THAP7,-0.007185894446904216
ANKRD49,-0.004237598184938099
ZNF181,-0.006791100800620912
PRR22,-0.011502505729777318
GIMAP6,-0.007478444414508934
ANGPTL2,-0.0027571031203856232
SCT,-0.008627366010385535
LIPI,-0.005099397175173076
SMARCD1,0.0034754779669870484
HES5,-0.004532562998700504
SDSL,-0.0010581350472441816
CNMD,-0.005838562214293844
RIPOR1,-0.002942884867775124
C5orf58,-0.00626988125660792
KRT6C,0.0018459823378487886
LGALS8,0.0016978272866827971
TMEM247,-0.010342817535611275
CTSW,-0.0033001863944635487
EXO5,-0.006924933646714186
IGHV3-64,0.0010295546626374044
KLF16,-0.007749430045076636
NTN5,-0.009268718394709127
AJAP1,-0.002755710409365656
SSB,0.005283619773741668
F2RL1,-0.004820471671852071
POU3F2,-0.002180336955774647
TLR9,-0.004827717695739132
ZMAT4,0.007258640802790847
IGLV4-60,-0.0014915266681262626
GSE1,0.004326916266770237
SEPSECS,-0.002122507888477364
KHDRBS1,0.006272834523796044
ANAPC5,0.005018410236656601
ADAMTSL3,0.011479655941540871
MMP3,-0.0014860366816038448
NDST3,0.007983886540331856
CKMT1A,0.0008254649787547676
SELENOM,-0.001972544052435323
SLC27A1,0.0016344030487237826
CD53,0.0028191106103169074
ZFPM2,0.0014912488307126561
TNRC6A,0.015117455703351261
FKBP9,-0.00017648119179106123
CRX,-0.005768173749693865
PTPN6,0.0026421329948450854
METTL9,0.002952133695918702
DYNLT1,0.00910526586909093
WIPF2,0.005343209703190484
SPRR1B,-0.0024272345964757957
ACVR1B,0.005696397569907409
RNF40,5.2485330045224125e-05
ZNF598,-0.005988580400631532
C5orf46,-0.007613581160172973
FEM1A,-0.0022189684333603185
GNA12,0.006234773404487501
RAB44,-0.011207538475344706
TRAV9-2,-0.002803100994807277
OR4A16,0.000831273426988197
CLASRP,0.002665044819323376
HESX1,-0.008714541082144289
CALML4,-0.0036761901527074775
CCDC201,-0.007166004337064297
RINL,-0.009342480229722934
CHKA,0.004612842021445968
NAT1,-0.003593489683694376
SEZ6L,0.0037111697855459007
SNX27,0.007864055521647838
PRRX2,-0.003052823488862424
RBP7,0.0050071066162256485
SFRP1,0.0003926149305280603
SAFB2,0.003322615528895392
SS18,0.004784338748828307
CAMLG,-0.0007279517398669464
DCTD,0.004645226722671572
AACS,0.0057068903148334285
BRIP1,-0.002975601555369644
CLEC11A,-0.0059718912401769105
NRSN1,0.0005068870375879659
PPAN,-0.0040877747083128925
SCN2B,-0.0059119659384216615
TRAV34,-0.0016601009404212089
BIRC2,0.0020108101846819503
DDIAS,-0.010645596210277384
GET3,0.00447285226826787
CTSG,-0.0011065934974503536
KIFC3,0.00017190984304222117
TTC39B,0.004155365043834554
ZNF793,-0.005703728102393231
DMAC2L,-0.0019270762219125747
MFF,0.006257699177230121
RRM2,0.0037506584430675137
DCAF5,0.0021025983964888264
C4orf46,-0.007954784658037542
WWOX,0.010544159540852615
CEBPA,-0.004681025782074092
MAGI2,0.009906252325051134
ARID3B,-0.005761989270105406
MCOLN2,-0.0006738875337432317
RBM23,0.002049951368853401
TACO1,-0.004459004138684316
LUM,0.0029127615764313005
TGFBR1,0.004731865662076047
NELL2,0.006008983870772503
ANKRD28,0.009710873462883006
CLK2,0.0025258434941527125
KIAA0895L,-0.0022875331534153785
ABAT,0.008472820777690224
BCAR1,-0.00244452181818874
SNX29,0.008383698379211204
IZUMO2,-0.008453606795818367
ARIH2OS,-0.011270952262923647
MLNR,-0.0054784623963293295
OR2S2,0.001587174601421754
STK11IP,-0.0079847705183875
VASH2,-0.004040693074976347
TMPRSS5,-0.006903002964421155
SLC41A3,0.0008057412470306377
AGT,-0.0057313056986640345
C3orf14,-0.002547536567659326
IMPDH2,0.007532154086715031
PAF1,0.0009137378238821711
PEAR1,-0.00611258042581509
HIGD2A,0.002776042685169683
SLU7,0.003545657201557637
SPATA17,-0.00412220710773607
ATR,0.03181525974194899
TMEM265,-0.0059172580530694715
ITPRID1,-0.008779195794054891
CKS1B,0.00415253548319808
PIM3,0.003780901181716948
OLAH,-0.005540561261706312
SYT10,0.004772637045505263
RPL9,0.010083179549524495
SPATA4,-0.00921750887221529
TLR3,-0.006749594412293478
LRRC1,0.007531429575691951
PSMD6,0.007482827017742274
SLC7A13,-0.005397250614690617
TRBJ2-7,-0.004149343391194374
ZNF473,-0.008928684182369374
CLDN6,3.7398403481856985e-05
ZSCAN22,-0.00954882399508688
KIAA0753,-0.0038252195844289106
NUDT4,0.003859069113565983
NDUFC2,0.0014114392296928604
BFSP1,-0.008251236765363944
NAF1,-0.003018402678872822
NELFB,0.00011144409153449038
DUSP13,-0.0005490543213025849
COP1,0.01053776483689852
TRMT6,-0.0033031975115220442
CCL5,0.0007175509166644339
PYURF,-0.0002141202339528621
CATSPERZ,-0.010576988195610051
BCL2L12,-0.00878300096106139
BAG6,-0.003052099151419596
G6PC3,-0.0019983868844072983
FASTK,-0.006135731659180652
HAGHL,-0.002811228202995553
POLR1D,0.004668072068671554
SAP30,-0.0015712206507629267
IGLV6-57,-0.0018789738575780094
IGSF23,-0.012150581816408379
ZNF257,-0.005202645002041219
TCF23,-0.009759370985845426
OR5AP2,0.00024186694593035908
BBS7,0.007666909044111961
GOPC,0.0036185998420250882
SLC30A3,9.268480507081354e-05
CEACAM1,-0.0022614107022508882
INSL5,-0.008675494471321892
CCL27,-0.007185252736098849
FBLN2,-0.003240829435877646
ECI1,-0.0008189216035332188
SMIM31,-0.0057175192525093605
TMEM222,-0.0007797752176071119
PLXNB2,0.02269209609653071
PCSK4,-0.005937758520212419
TET2,0.0035552219440767342
CLPB,-0.0026630254299544877
VGLL2,-0.006641759201219871
EPSTI1,-0.005963933155227687
WDR90,0.011208216743652272
USO1,0.008590006343141521
PSMB7,0.010419478059315713
PDLIM3,0.0021982017143401603
PRRT3,-0.011564122501169304
DBT,0.0019004587902475684
AHDC1,0.005787068746390342
LMF1,0.0024930152385397512
RPL32,0.009514990677033727
SLC48A1,-0.0017968251573488375
HYLS1,-0.007484849661298695
KLHL1,0.005217980329815572
CNRIP1,-0.0004181645834650958
NUDT17,-0.008050952285046766
PCM1,0.021198604323332964
ICAM3,-0.005189407675603057
TRIM14,-0.0034208215477457816
ZNF605,-0.005126241514937102
C10orf120,-0.009259749507837008
UBE2T,0.0029964123961203483
TNFRSF21,-0.0027438125658516715
FAM136A,0.0019147182997254156
TMEM150B,-0.004574235787632111
GJB6,0.0016160118962851874
TLCD3A,-0.002887088586948764
TMEM59L,-0.00011615761340814327
GPR37,-0.005607344115507832
IGLON5,-0.0028582989126422318
MAP6D1,-0.006588164685284978
VPS26B,0.005771797783425902
ARFGEF1,0.030722967041260364
DNAL1,0.005650557606774159
TAF11,0.0016760945449536052
DEUP1,-0.007410459262682748
TRIM38,-0.0030823637083500503
HEBP2,0.0012521361882075431
CLSTN1,0.009275286892674697
SEPTIN2,0.01494735610132912
ANKRD40CL,-0.003236498465825999
DOCK9,0.03424721790078931
EXOC3,0.0034721819806345683
KLLN,-0.011805468131997177
TLE7,-0.00874583066091345
BATF,-0.0016382914004686052
TOP3A,0.0007793698433933351
KLK2,-0.0035039613128556627
MDFIC2,-0.008446006605562426
RNASE4,-0.005712658683527434
NPFFR2,-0.00037191203686026984
LGI1,0.0058405209361693106
TRBJ1-2,-0.0011918241073986598
MTIF3,-0.0005031226781109627
CACNA1B,0.03677685513818366
SLC22A14,-0.00676276633032154
RPL29,0.0035465027932040753
CASP5,-0.0068130772906251705
ORC3,0.004294890296107463
RPS6KL1,-0.0048648121006591655
ZRANB3,0.005606356868134463
ZCCHC14,-0.0017680283676085415
LINS1,-0.004611195682217313
PTGFR,-6.883507324764856e-05
CARF,-0.005397287328818046
HLA-DQB2,-0.0027956543589899205
TAS2R4,-0.008232865149717458
ENTPD5,-0.002284607053052976
TRBV3-1,-0.0024585997123593535
TRAV39,-0.0025391080371350485
MPV17L2,-0.004050726169504352
OR10K1,-0.004724789800959229
GPR19,-0.004959549612520244
FADD,-0.005369155174639456
MGST2,0.005596165496369949
ZNF500,-0.009861617902289893
SEC14L1,0.009368855766646448
TMPRSS2,-0.003932289793679583
NFRKB,-0.004751342760662664
SHANK1,0.013916403409237355
TMPRSS9,-0.00647865038901219
ACER2,0.0028229901776516335
KIF18B,-0.008025913352810457
TAS2R38,-0.0052740602084215375
IGLC7,-0.0017779450048368802
OR1Q1,-0.003628258964477584
P2RX1,-0.0004965775038410634
BST1,-0.0070786306558733554
TRAV21,-0.002485725113644013
HBM,0.0014371282277684345
SHOC2,0.008616275679954075
DDX1,0.009201008132743884
CHAMP1,-0.008947029330318308
STK32C,-0.0004067095497026487
WASL,0.006343774254429582
ZNF548,-0.0076667870878159615
ZSCAN12,-0.008041311012435036
AP1M2,0.005006289042490396
GPRC6A,-0.006663602857712098
NOMO1,-0.002545428876864256
MOCS2,0.0015492851932942411
ASB15,-0.0028101418730067836
CYP2D7,-0.006352161746012507
RPE,0.007878771103151555
C1QTNF6,-0.0076165373579357605
PTHLH,-0.007703593242032244
ARRDC3,0.003128195436779011
COL6A2,0.001630598630133334
TRIO,0.03397070028017669
SMG9,-0.0032362443857338937
KRT10,0.002778092228548719
TEKT5,-0.004011755045652682
APOA2,-0.0026058666576771476
SMG6,0.0045537476786385814
CNPY4,-0.0050637210987687035
TENT5C,0.002375707734865134
TLR2,-0.00258775704803583
HMGCS2,0.0027202790067311494
FAM180A,-0.006835238058685344
ZNHIT6,-0.0027826580583390336
LRRC10B,-0.007370955376278348
ARID4B,0.009838800363046738
SIX4,-0.007912755426780263
TMEM255B,-0.0025044399849751386
ZDHHC8,-0.0029437303869457834
NECTIN3,0.0021324902755207875
SEPTIN7,0.0152899580789289
RSKR,-0.006665306361747828
CTNNA3,0.009948414449444188
CBLL1,-0.006017549276414249
CCNT2,0.004204430580691756
HACD4,-0.0012011051759680434
RFT1,-0.001939626215757801
CCL11,-0.004415219988222483
MAN1A1,0.008630149809419134
PRPS1L1,0.0027277601337134584
GUCY2D,-0.00448174832784265
MYT1L,0.0077935693733368235
DOCK8,0.027922888150247963
AMY1B,0.003131740729031381
BNIP1,-0.0010148870978471023
BIRC7,-0.009093997450548261
GIPC1,0.00557080974947972
OR10H1,-0.006094254327882243
ABCA3,0.024583361700140718
SESN2,-0.0035401272461107365
TPPP,0.002993629417840079
GCG,-0.000901821736961089
ZEB1,0.00604179197998312
CCR9,-0.002031544060007537
RPL21,0.009318385430030966
OR52M1,0.001107683534894821
OTX2,0.0006741189814683766
REP15,-0.007748458145061681
WDR5B,-0.0009770028664689305
NDUFAF1,-0.003256738877751291
FASTKD1,0.003072156094772179
LMNTD1,-0.007761817428176843
NCS1,0.01058590433289705
PRR3,-0.007214683913484867
RDH13,-0.0023410899607489103
THAP5,-0.009106951514880024
NOTUM,-0.0032312672889423123
STAB1,0.023778706114095594
WFDC2,-0.002412022715866586
OR9G4,-0.005292046146504122
CIB3,-0.0021824351414886974
NNMT,0.001412934060522215
EXOSC2,0.0002649298224353741
SH3BGRL3,0.006078829974893492
FERD3L,-0.007169145542979029
SUCLG2,0.006275446947278194
ZNF8,-0.010142852567246962
SOX10,-0.001647022378650325
MSH3,0.007378717449656728
MTFP1,0.00022832302145313474
KRTAP10-1,0.0035897345976997463
ZNF879,-0.006282828039781024
SPATA31D3,-0.010456269751813742
CWC22,0.003399209327146222
OLFML3,-0.0015883928119970218
OR6X1,0.0021043527381298145
PARP15,-0.004971998294168713
TMF1,0.001436161259210541
APPBP2,0.00516552255739933
ZC2HC1B,-0.0042916886944161115
FGFBP3,-0.010998198970849858
SMIM23,-0.012622812218006846
MORF4L1,0.010694513797074277
NRN1,0.0012828601582146567
AFAP1,0.00330413005128201
IL32,-0.003503357087997748
GAS8,0.004263670447703475
HSPB2,-0.005209166541285107
NAXE,0.0001210088766168403
WDR49,-0.0016535710361536141
GSDME,-0.005553184071970145
IL15RA,-0.009186783560529434
SREK1,0.005333085719828743
PAWR,0.0008405566021484305
AMZ2,0.0004766653153183715
MTTP,-0.002372075982767106
NOTCH2,0.02422819400922273
TMEM134,-0.0021240358610268117
COL13A1,-0.004378380337554734
TRIM5,0.0002895904621007861
METTL21C,-0.006246939067030857
DCTN2,0.0042067505928244904
SLC25A29,0.0026132897681805773
SRD5A1,0.00046528171622512837
C9,-0.003683353541047341
IL26,-0.009301913342522455
TEC,0.002507477555092569
TRMT112,0.004599150095740028
ARSJ,0.0019145072824033112
B3GNT2,-7.242002633806235e-05
MCTP2,0.0019168927546082306
YIF1B,0.0008100735741446156
CYP39A1,-0.0032079979664639408
ARHGEF7,0.011546748613301244
C14orf93,-0.011572265451761725
OR8D1,-0.0033541228029575223
OVCH1,-0.0036180442763249832
PLPP3,0.003434973142686854
BTLA,-0.01082778508906373
LIN7B,0.002954722189312794
SNAP29,0.0004145378107477798
SPNS3,-0.0031962604096453916
YTHDF1,0.0010409031068626927
ITGA6,0.0032632248239229922
FAM174C,-0.00665641348936605
RCAN2,0.009823673188908465
USP17L24,-0.0027183045393563057
SPATA20,-0.0007129209862937512
SNX2,0.008138848317189666
KCNRG,-0.007489034858383706
NPIPB7,-0.011324380346802379
RIMBP3C,-0.007560020704711145
DBX1,-0.00564148435190535
HARBI1,-0.00752025298828254
SPINK14,-0.009644424150604606
HSD17B4,0.010375625354324082
NOTCH2NLC,-0.003307384198499087
CREB5,0.0037263526739500993
TUBB3,0.0066404352352819425
C10orf55,-0.01278422363763796
GMCL1,0.002891970950566753
MTFR1L,-0.006481920594022029
OXCT2,-0.0023843582755182034
PIGF,-0.0008884219245739331
BCL2L13,-0.0004578869378237601
INSC,-0.002698655568171173
NUGGC,-0.006292769804831774
TIGD6,-0.006476143459671277
ZSWIM9,-0.010302923977555764
COX10,0.0016040125678121661
GNAI1,0.011928174611757623
TRIAP1,0.0010150263026996028
CRISP1,-0.007414428596299809
IL17B,-0.008916634359780797
RALGPS2,0.008454018424273782
OR1L4,0.00016034019017113505
SYVN1,-0.00010156283911764508
SMARCC1,0.010018819627774593
TENT5A,0.0033158792694781077
SLC4A10,0.01228381722825696
GAS1,-0.007041395529617487
DVL1,-0.0010923864491160552
LOXHD1,0.021746861947589832
RAB19,-0.001735386032481365
IFNLR1,-0.01157624851649937
RBFOX3,0.009598658408089529
C5orf49,-0.0056911018217930265
SLC22A7,-0.0025360166857232463
TPPP2,-0.002475128475650816
TCFL5,-0.009901095262735337
TBC1D5,0.006289361959365085
TIA1,0.005177701253777519
ZNF69,-0.003846927246592429
RORA,0.010025073846266866
RSL24D1,0.006775976580977109
ANKFN1,0.0045863884901282456
TARM1,-0.008233792429601742
TBCD,0.008389963335563234
SF1,0.007567287026419363
LPA,0.010585283409781312
EPC2,0.004179514088268276
NTN1,0.002505566734341261
PTPN3,0.0056327390351666035
PCNT,0.020356843623310573
WNT7B,0.000517054136346613
POLD4,-0.0033143859990335685
BTBD18,-0.012704555105933116
MSL2,-0.00197365808400158
OR5M9,0.0021130167647286425
DPCD,0.0008796564580894964
EMC9,-0.0019423443990473127
SCAF4,0.003951811777572531
WDFY1,0.006167815346568121
DTD1,0.005618695645806766
TMEM160,-0.002986615205685224
C2orf73,-0.009717450405395971
DHX34,-0.001522671326955984
YTHDC2,0.0128738046563565
DYNLL2,0.00626229847176512
C19orf47,-0.009476580801151506
ALOXE3,-0.006183943719670557
LRATD1,-0.0024017178237528245
NAXD,-0.0004908694205499735
FBXO42,0.004587909589667719
ADAM29,-0.006621233598219824
ADGRG6,0.0009422565099998945
TMEM174,-0.007409346325328309
CDO1,0.0029403633124636176
IGKV2D-30,-0.0005968015249441075
CLDN10,0.0030787999374982723
ZNF677,-0.006658733420296763
C8orf86,-0.010258439335295083
COA6,-0.0027101258680494165
NXPE4,-0.0038069437034189365
TRAV8-2,-0.0034371877544330143
C1orf21,0.007971117441861771
SS18L2,0.0033159566959709424
FOXM1,-0.010160687291803406
DNAAF2,-0.007101481926248261
CLTA,0.008497580198369261
TMEM252,-0.006215226565848678
NLRP7,-0.00884618811584232
COX7B2,-0.0036070253815001993
PICK1,0.0030127010037261266
GK3P,-0.000720762772771851
S100A1,0.0039463029122722044
OR5D16,0.0027976836120867043
IDUA,-0.005384372874021176
VWF,0.02509555503956139
TAOK3,0.013602061529196711
FAM229B,-0.006375913308313465
RERGL,0.0005254872410707941
S100B,0.005621929560719066
ITGA1,0.001980893148813503
FUT4,-0.01035357369577728
EID3,-0.00428008156324513
RASGEF1B,0.006716501496927769
OR52K1,-0.0035124720204129842
ADIRF,-0.0010747783420737146
C16orf46,-0.010897353052541137
EPHX1,0.0024742695585947476
RSPO2,0.002887385217927134
ESYT1,-0.001627453611728195
GOLT1B,0.006864619053457099
WDR12,0.003807020271043352
CTNS,-0.00048614462904133073
SUSD2,-0.00386150426386591
TMEM126B,-0.0027474126939125705
MBTPS1,0.008094961965812887
NLRP3,-0.0043404174290276485
SPOCK3,0.004309189779836606
FAM189A1,0.003078836925125583
PIP4K2A,0.010302325145983754
KIAA1522,-0.005357245244052938
THOC3,0.0020167489365845474
PRAMEF11,0.0008821582280560803
ATP13A2,0.004832251131889349
UGT1A10,-0.0032226959320500806
NPAS1,-0.004086571475236036
RETNLB,-0.00536036323277098
SCN11A,0.01721210332306852
MTBP,-0.007557571981585936
CSNK1G3,0.01128306861639435
FCN3,-0.0035603673013529617
HSPA1B,0.005675682775176126
HUNK,-0.0002805219508346814
KANK1,0.0026246879822802703
HSPBAP1,-0.004523492861939337
MYLK4,-0.0005156968241872385
NCAN,-0.0020644631081144613
NIPA2,0.003312553799402753
PPP1R1C,-0.0003616848972460999
RAPSN,-0.002492542282003326
GALNT16,0.0036327330587303673
RPL3L,0.00045412782175705815
MED18,-0.0019197990020704044
AEN,-0.0075904287910296105
PLAG1,-0.001291664792112907
COL6A5,0.019286833027060427
ELN,-0.00010808838146521471
YDJC,-0.003331124942869471
NCEH1,0.004761638499237478
CPOX,-0.002967524880525306
TMEM273,-0.005419223326327815
NIT2,0.004490688164587688
CHD3,0.02776337013280153
UBR7,-0.0017706662246022454
TP53BP2,0.0021184640923182212
CCL3L1,-0.0016636086204792945
FRS2,0.001374471866735845
FBXO30,-0.007764345171844889
SUB1,0.008061471656691485
SMIM18,-0.00690706585182476
GADL1,0.00183758110474939
ADAMTS13,-0.0054938471597029805
CRACR2B,-0.004933596459346944
RLF,0.015720509732142823
YARS2,0.0007705316259006708
UBE2D4,0.003173859212657596
FAM120B,0.003558461496206647
CETN3,0.0033297728760546597
CCDC9B,-0.01286192287754384
NDUFAF5,0.0030810543070990035
PVRIG,-0.01187504863381457
NME9,0.0021778070433934693
TCHP,-0.0002992110542575221
ABCA4,0.026709114800426124
POLD3,0.00019028141009368965
WBP1,-0.005497634019326528
AKR7A3,0.00015162629703303798
PFKFB4,0.002397484480167111
ACADM,0.008406383400052267
ACY1,0.0002266877949472653
PGAM5,-0.0039383149468904316
SERTAD3,-0.006312231443628964
LRRC14,-0.008740126311248668
ITGA2B,-0.00221164637806804
DDX19A,0.0036100887988956814
OR4K5,0.002506639873144815
CTC1,-0.007757324206048585
RUFY4,-0.008437175569406362
FAM240A,-0.009446472773823426
EEA1,0.007217935219488123
BCKDHA,0.0003062246524961635
CORO2B,0.009884687097261051
FLT3LG,-0.008948742790665544
SLC7A2,0.0035359004617242476
RABGGTB,0.0055266564318824
GNAL,0.010189041539558033
DNM2,0.010401394726310425
RNF26,-0.008467835703445835
SMIM3,-0.002312378396415554
ZNF551,-0.0053020790095123635
PI4KB,0.0038642948395199404
CDH7,0.006551418309389093
RBP5,0.0025557156281150774
RHOQ,0.007118881116229606
LDB2,0.011110650671993636
IFNA21,-0.007775967934725395
TEX35,-0.009025122134444796
BST2,-0.003284572310744522
CTSH,0.0032149305964545914
TLCD1,-0.004057982289339014
ZNF750,-0.009322532016805126
SIAE,-0.0025133040002819646
HDGFL2,-0.004172093333752133
NOP58,0.009440061485625357
ADAP2,0.0018828254491798464
NSMAF,0.006434187095967915
PURG,0.004346886511642616
ARRB2,0.0064052488904508
LMBR1L,0.0013401848308479262
TBCA,0.012517120134060351
USP32,0.018776119519831273
SLC17A4,-0.004519717631729197
PRRX1,0.0019347848629360787
STK4,0.010735481478925337
ZNF775,-0.011084823156952965
NTHL1,-0.0021749845138915136
CNN1,0.0017134297692781286
OR6C76,-0.002003771507168782
OR4F15,-0.0028037825337889235
CHRNA9,-0.0015409046077600487
MAP2K2,0.00844114901546849
SUMO3,0.0064771861686550814
ZADH2,0.0006285080201238846
RAB6B,0.011183439100212666
SLC35G4,-0.007628312119556464
NCF2,-0.0016789209777939797
MRGBP,-0.0031394313530014252
OR8D2,-0.0007225718271742684
RTRAF,0.001070749933621872
NCALD,0.012288664540951936
TSC22D2,0.003158855218154784
MEF2B,-0.00728987544062407
CLCA2,-0.0025017816126008774
IGHV4-31,-0.00045929586843760956
HSD17B12,0.008264484020938953
NENF,0.0007307402547384471
HNRNPDL,0.006938891808702265
COMP,-0.0010009132018920957
NCKAP5L,-0.006493872854700323
CAMK2D,0.014431112971857294
SPDYA,-0.0074270505685672976
PASK,-0.005853048988802408
PPIL2,0.004956970829803245
CISH,-0.0038885060377113674
THBS2,0.0013850405512017012
OR11H12,-0.002574665394862907
CHD9,0.03714804705820033
KIF2B,-0.004641112943555512
BLOC1S2,0.002388715695346972
CAV2,0.0021860390337536573
PAQR8,-0.0030405639956440143
RCN1,0.00336204692927081
GATA5,-0.005191073021555864
PDE7A,0.006248067467756112
SLC25A28,0.0011812809993403982
NEK5,-0.004838302774912217
LDLR,0.003180352008994161
SLC25A30,-0.00014463016991939702
TRAPPC3,0.006307217327212475
SP110,-0.007422865416738071
TTC34,-0.008432698267270928
RRP7A,-0.001057495086139716
DNAJB9,-0.0011818571669438857
PNLIPRP3,-0.004512297608384891
MEOX2,-0.0018138609426717478
MUS81,-0.004675728337145643
PLPP1,0.0107821246147552
PMP2,0.001466588587089239
DTX3,-0.005289329831083225
RPL17,0.008364304889259233
SPTSSA,0.002338098067621565
SRD5A3,0.00035419833305655197
ZNF365,-0.005897886834456081
TMEM220,-0.002876519991704312
S100A12,0.004369839903559086
STIP1,0.005430557908990031
CFHR3,-0.0037576671838977136
TAF8,-0.00022915646180678715
CCDC63,-0.00729673633929448
ZNF48,-0.00857326843795709
SAP130,-0.001809651723263343
UGT3A1,-0.00526394931410496
SNCAIP,-0.0009136509351212549
OR2L8,-0.0037865924180681774
ACAT2,0.0036676459116067347
SLC26A5,-0.0004999160084815285
HOOK2,0.0037704910782549914
RUSC1,-0.005816993030244931
SMDT1,-0.0019382185318431342
GBP6,-0.0015167746145839042
TBK1,0.0043369333154782514
CALN1,0.006058445613066452
NUAK1,0.005885368431176547
SLC38A11,0.004417367956448125
EPHA1,-0.00478783014127608
IFRD1,0.0073473662256080844
TMEM106A,-0.007642867441270645
OXR1,0.006896774432136395
DDX60L,0.011316312012288056
VHL,-0.005202301406503688
RAB5A,0.009675605793574798
C1orf131,-0.005820793775840514
GJC1,-0.001140658120394499
LST1,-0.004913676516713741
ISCA2,-0.002625047911156013
ABCB4,0.0018044412282197473
MAPK4,0.0030030755037773866
MRE11,0.0016196341985660189
OR52B2,0.003387183733690754
RIN1,-0.008380086648508532
VDAC1,0.010348028326744309
ANGPT2,0.0011388280035603087
HTRA4,-0.004763073470455951
PEAK3,-0.010956806622109518
POPDC3,-0.00020793653619290112
TAL2,-0.004680077623053658
TRAPPC4,0.0029945105888838333
IGSF11,0.00430883326477666
ST3GAL3,0.007827796040336213
TUBA3C,0.0016427997909870958
PYDC2,-0.00905793550778753
USP47,0.01341695048261731
NDUFA2,0.0056367157467160514
PRG2,-0.0075131476119850256
FAM89A,-0.004385104085581006
SLC25A12,0.013060792347385603
IL33,-0.005666006504950374
SLC38A8,-0.0030044994360432647
USP17L1,-0.0051807009625834165
OIT3,-0.002713713498159858
SNAPIN,-0.0015970616094780285
HELZ2,0.01867054884258667
AIP,0.003146522141389338
MYL6,0.011072716146959177
DNTT,0.0004468142435527455
HTR3E,-0.006182484643695268
PITX3,-0.003992253220507588
TACSTD2,-0.002235529629058182
MUSTN1,-0.0028444279415037414
CD19,-0.0077719695715184915
SRARP,-0.010696947589364748
HMBS,0.003171108199471336
TRIM72,-0.008267532249848003
ASTL,-0.011681380752349783
RASSF1,-0.0023967708371306876
SEMA6B,-0.0015862138986485076
GALNT15,-0.004448155209917252
CBY1,-0.0010640976085284227
BNIP2,0.0030296501204676502
EFNA5,0.0054974221645908835
FNIP1,0.005428700417303392
HNRNPLL,0.008642336230795999
RPS8,0.00947493546648366
SUMF2,0.0021560198517499786
TFF3,-0.0026596187109684966
CCDC124,0.001463806173740956
TMEM86A,-0.004812424749950983
PHF21A,0.006563534702755211
GPC6,0.006382901108020087
IDE,0.007346544307855742
BCR,0.006445351836759913
ARC,-0.004360296908173313
CYP2W1,-0.004127064220534909
WDR62,-0.003573283533348405
CLDN15,-3.547497694418618e-05
GIGYF2,0.009385977597247122
NLN,0.00793654313461043
RNASE11,-0.009548771759476205
CREB3L4,-0.008689932386668929
TEX51,-0.010121067139147136
SH3RF1,0.004240527795885101
PAX2,0.004280566312115901
PARP12,-0.003997543313253819
CCDC188,-0.012854039385719052
CXXC4,-0.0019491519676848115
ARV1,-0.001336261122857039
PHAX,-0.0028138677598944987
OR2A14,-0.006058503848037795
CHKB,-0.0001580473245524159
GMDS,0.011711724459097307
GUCY1B1,0.00964126859458962
MS4A5,-0.00869202586666939
NLRP14,-0.009438358955675023
PRKAA1,0.0076302916547974905
SPATA9,-0.008342391894115501
CLEC16A,0.00835913622259061
DNAJC4,-0.005860707613421231
EAF2,0.0017326398513263688
PDSS1,0.0003951934844328853
DDX5,0.013428350077262926
DNM3,0.013731220232621926
IL22,-0.007310174474549518
PARS2,-0.004778560750073637
PPP1R14A,-0.0010815817980733002
KDELR2,0.007453701252808336
TRAPPC10,0.00405477207604546
ADCY10,0.0096852776608504
CEP55,-0.0061128244029452885
ADCK2,-0.005673607187240513
SHISA6,0.001404299521199029
MYH7,0.03305516519328631
ETFBKMT,-0.005752488839350439
DYNC1LI2,0.010474289223399982
UNG,-0.0011621471832332826
ACSM6,-0.005516491435109534
HTATIP2,0.002843133679920791
GRIP1,0.007003806608855475
TOMM20L,-0.0071010032963083475
KCNK2,0.0032930887056245796
EEF1G,0.0058876604692021765
SREBF2,0.006186796727985311
ABCD2,0.004781381777417007
FERMT3,0.0025954462463335776
OCA2,0.002270168734355499
ZNF391,-0.00499987805600137
GIP,-0.008168870783112217
POPDC2,-0.005400511039051793
TAS2R42,-0.004413562004920692
ATP5MG,0.009036461260846718
HAS1,-0.0008171999897992537
NETO2,0.006752079366961512
NEIL3,-0.006359550855503278
RAET1G,-0.010232248878708558
OR4Q3,-0.00020591475581856113
SGK2,0.00199158501134726
PRR15L,-0.00399699119397156
JAM3,0.006388680104451156
LIMK2,7.355794362199346e-05
TADA3,0.0033661924999106407
TEX22,-0.01122400492420209
KRT33A,0.0031424121960617474
KRTAP9-8,0.0028442190098856394
RHOH,-0.00026446185818251026
TBC1D13,0.0012562994395476713
USP3,0.005871512912259468
DUSP23,0.0010973543458618871
DGCR2,0.000307307970991463
ACSM2B,-0.0012095434911692645
PARD6A,-0.0036720141512001712
CLIC6,-0.005775588162161231
PP2D1,-0.00973516116139035
PIAS3,-0.0027331155685154113
RAD51D,-0.002078513377044043
TNNI1,0.0016336746978620126
MYO1H,0.0002461091653973193
CCNJL,-0.004098443998758417
ISYNA1,0.002591011566290416
ZNF407,0.014795032029335367
NOTCH2NLB,-0.005349266977311199
ABCB9,0.003300385611366825
PRIMA1,-0.00741232256495039
UBR5,0.037582129439018154
PCDH8,-0.0028159889633692964
KRT31,-0.0007897033162010322
ARHGEF10L,0.0017991314178284184
RAD54L2,0.004564367263967624
TGM3,-0.000641534209015962
SLC25A23,0.0042975255985173615
SDC2,0.0014400656783391437
AGMO,0.0003580994934306095
CCAR1,0.009990760510074014
FAM32A,0.0014979978523421633
TMEM176B,-0.002497756855135206
BCAS1,-0.005490960454077559
TMEM9B,0.0007282379853137687
VGLL4,0.006714874685880698
ZCRB1,0.004689564848510509
DNAAF3,-0.007950207824876664
ZDHHC5,0.0003687349027781971
EIF3K,0.011223032734743682
RWDD4,0.001373640002185866
E2F3,0.002096438405771482
CELSR1,0.024121992179550383
NKX3-1,-0.007240759329625815
PI3,-0.005906543903872251
LYPD6B,-9.297441602825756e-06
GATA6,-0.0041278349769356465
CD300LB,-0.008299179102901824
PDPR,0.00351363948286033
BOP1,-0.0020110325699713217
COPS2,0.011247387972601039
NEK8,-0.0031803675829041593
GTF2H1,0.006458321025451107
LHFPL4,0.006108761478699292
SHC3,0.004438099827665036
PHLDA1,-0.005859478665001554
KRT8,0.006398853500870571
LIMS4,-0.003716265301785668
TBXA2R,-0.0044265569373696965
APBB3,-0.0028353496002189813
CGREF1,-0.008216389203261478
SPRED2,0.0049331902710540625
SLC5A11,0.0023473136234633614
MAL,0.0031514593045888686
PEX5,0.0008726813550854791
SAYSD1,-0.009295781117128732
C6orf120,-0.006405878379566671
PLSCR2,-0.0047572553855254876
WDR20,0.008957760810178666
TMBIM6,0.010053846103518175
LGR6,-0.002022352856181622
BCAS2,0.005768661749428962
KRTAP29-1,0.00022342843678031107
GOLGA6L2,-0.010057521461852346
SLC4A11,-0.0005894413413488653
PAOX,-0.0041398239089790985
CYP2A7,-0.002629341701432324
ATG4C,0.0032647897983716615
TYW1B,0.0043131176194986355
LRGUK,-0.0011834481199737882
FOXA1,-0.0016416468184130093
CFAP157,-0.00667067274575648
DIO3,-0.00456946904985408
KLRB1,-0.00457470679415361
CCL17,-0.004528750294871582
LRRC40,0.0026404615147919697
SNX4,0.0068563927841668705
HPR,-0.007333975296863683
LIN37,-0.0035352473426534955
TEF,-0.0014861377122618424
GPR3,-0.005766159771574426
IL12B,-0.008987282048953014
ADGRB1,0.011176368841237258
IFNGR1,-0.004032809141965359
SCG2,-0.002683937347428626
SLC35E4,-0.005940364971181246
SLX1A,-0.005327361998102455
TPRG1,0.0002092699352233975
CCDC178,-0.004408743121812107
SEC61G,0.007581056046203163
GHRH,-0.005984338686271348
COASY,-0.0023594243596746756
SET,0.008718193477465
POU2F2,0.002747999767306349
ASCC1,0.0011980203493893366
RGCC,0.0013415550591197
ZIC5,-0.0067419410512139346
CYP2C8,0.0002042097081380585
PROK1,-0.0044741155416977586
SEPTIN11,0.014417379605126207
CTBS,-0.0029353798189388288
INTS14,-0.004523346724559919
ACTR1A,0.00601399506140132
ATXN1L,-0.008873724058010757
HES2,-0.008512431629195844
NOTCH2NLA,-0.005334838129004532
MICU1,0.01162807019424566
TRAV14DV4,-0.003162962487978638
DCST1,-0.008700458392459505
LSM4,0.007143925089293945
NFIC,0.007568502545250026
INS,-0.0035539748376291693
DHX33,-0.00127663772988898
PPP1R17,-0.0065953425782215086
SERPIND1,-0.005419957165929659
OAF,-0.005617828053226296
SHARPIN,-0.005922679412786216
PSMD12,0.009849145842440458
ACOT13,0.0017159936582447327
IST1,0.006369709224856056
SGSM1,0.008169217494172404
UBE2D3,0.015342556626462207
OR52B6,-9.914192489820222e-05
FAM111A,-0.004519949022016761
SNTG2,0.005301895743175372
CMKLR1,-0.004020859043428421
MRRF,0.0017534430869871834
ARL4D,0.0014545069514631855
CAPZA2,0.012762113089030901
CUL3,0.014220350119478108
NCF1,0.0007484812783474306
PSD,-0.0005696772653902345
SNAI1,-0.005140868644001267
POP7,-0.00015424510504286003
LGSN,-0.005443962483655782
SPHK1,-0.000947703517339
STK25,0.007123907795739515
CTSO,-0.005140665084055212
ADAM23,0.0076822826585284006
ATL1,0.012148549071321034
FAM24B,-0.00627396870130474
HNRNPU,0.00873257738087287
ATAD3B,-0.001432147038955391
MAPRE3,0.00909231195514389
OR52E2,-0.0009113394627634775
SPPL2C,-0.007792460587821993
IGHG4,-0.0023645773179424554
PLXNA1,0.02592484233217329
GFER,-0.004642686582419083
GGPS1,0.002195280877775757
BMP6,-0.0023891296618732253
SMARCD3,0.006773987833949727
RSU1,0.010588230371488878
SUGCT,0.005199863938457919
FOXG1,-0.00022638118876325318
EXOC3L4,-0.008056856680817842
XPA,0.0025876379306579555
RPL3,0.009085267069480148
FBRSL1,-0.004033043027953205
TRBV5-4,-0.0030121424035969156
TMEM168,-0.002964084455334786
TRBV7-1,-0.003150750990914082
PLLP,-0.0008369897137456827
OR56A4,-0.0047766835731580465
SGCE,0.005647773111425697
PHKG1,0.0018273147085620049
TMED4,0.00552955664614603
KIF6,0.0013535902383975753
OR6N1,-0.005213407134600514
UHRF1BP1,0.00077173580432257
NFKBIA,0.001297227212687595
ZGLP1,-0.01198031435271646
SDC4,-0.0014862849487155075
GULP1,0.01035251803512705
OR6K3,-0.00336423721377338
TMEM127,-0.004449688540910618
ATF5,-0.006999986804929862
LGALS9B,-0.004277513229130513
NOL4L,0.0034735324934073637
TC2N,-0.004852903133686046
VKORC1,-0.0009441501803802514
APCDD1,-0.0023397755458598036
IMMP2L,0.01093754516739976
COX16,0.002182215580639748
PRR23B,-0.00914420383015414
RFLNA,-0.0023899421071440405
TRBV5-6,-0.001108236710460313
SMC4,0.00489062012335144
KBTBD13,-0.005027104418114312
DDB1,0.008439067872098322
MED28,0.0024334477447419656
PALMD,0.002044110397991268
NANOS2,-0.00925767631090344
RPS6,0.008193387701399999
MAG,-0.004640286826311337
ARHGAP29,0.0015128127671125253
SYNPO2L,-0.007973771178157358
SCAPER,0.008530370225842446
CLCN7,0.0029105833108400768
GJA3,-0.0028645322012160364
FBXL18,-0.007339417835693391
CRYBA4,-0.0010331011240325815
CXCL11,-0.005426344537885354
ERFE,-0.010235954157510642
GPNMB,-0.002423957323640483
MYLK2,-0.007013627409762545
PRPF38B,0.0035611841301372606
WAPL,0.00566263407816037
TAS2R31,-0.008036271191442733
TBX21,-0.005863667625826761
VSX2,-0.004368156826144812
NR6A1,0.008711176299518031
VPS33B,-0.0019429069875223637
WDR76,-0.006829025160411418
NUP43,-0.0042247530152386545
SELENBP1,0.005046747166588515
DUXB,-0.012584239161106956
NOP10,0.0006040464691162356
IGHV3-11,0.0014226563350368804
OR8G1,-0.0034455785235192877
VDAC3,0.010249367422721749
FAM98C,-0.005931147940528996
PCDHGC3,0.0007487065803274935
TIMELESS,-0.0012744044196414657
NRG3,0.002637541651283728
RGS8,0.0019674118566428106
PIK3R2,-0.0029143985243354903
RECK,0.003908225016724567
RTEL1,-0.0019709148468987224
EIF3B,0.0034656120748463195
CLVS1,0.009107156585020525
FABP5,0.006996460408002641
LEO1,0.000550327199152653
FLRT3,-0.00047848947559623266
SSU72,0.006663349325237073
ADGRG5,-0.007850766320821519
THOC1,0.008919890999820344
PRAMEF12,-0.005166513483050341
CELF5,0.009026370356509784
SPG21,0.004567854571016214
ARHGDIB,0.006493819365756586
PXDC1,-0.003929113884884799
ZNF366,-0.006454267985008504
CCDC102A,-0.005745673053912261
KLHL28,0.0021954723988829405
YBX1,0.006759380069516384
ZFPL1,-0.0042298435008166265
SALL2,-0.009921941473863601
URAD,-0.0033411825615414447
NRXN2,0.012480024482365973
NPRL3,0.003735351269048713
PCDHGA9,-0.0021627958070085944
ANKRD36,0.008954703737320808
CYTH2,0.00501821766749233
TRPM4,-0.0015746238978964677
UGT1A7,0.0004942610050360049
ADAR,0.003284246140876539
NTM,0.007811091066611243
COMMD10,0.007244158793702872
CYTH4,0.0026117820739255406
ZNF436,-0.005457853779965265
SYCE1L,-0.008321665039432045
RAP1GDS1,0.00889518740233904
ST3GAL1,0.0022693675584108384
NDRG3,0.009178244269936764
CDHR5,-0.006703333402778608
CCDC157,-0.0104679421333444
ERI3,0.0008161895015105741
PGBD2,-0.007602834062507558
GRIN2C,-0.002636961865477985
LGI4,-0.0005433476643313349
ZNF625,-0.006730957533717816
APOLD1,-0.00523371339210896
PPM1M,-0.002406794831707877
NDUFA4,0.00754486299295959
PPIF,0.0008826460439170024
TIRAP,-0.00847322775149978
OR2AP1,-0.0022847324726864293
OR6C74,0.0013127343837158198
CASP10,-0.008126150536345805
UTS2,-0.009308862277757858
BUB1,-0.006266837476340051
FOXI1,-0.005255723697112965
PAPOLA,0.011517526471952998
TMEM87B,0.0010226116932582198
BHMT2,0.003031150646352735
EPHB2,0.00739133685633311
CCNG1,0.0002852805155958489
UBE2G2,0.012003607892435259
ZBED4,-0.00641003405146912
UNC5CL,-0.009750386939196777
POLR3K,0.0014011547197429238
SEMA3D,0.004426959370517542
ARID3C,-0.008235242742247902
PLEKHJ1,0.0008818863566123738
PRM1,-0.002808881665146562
LRP3,-0.005389197121872034
PAN3,0.009918083875018986
MRGPRD,-0.004370319323828251
TM4SF4,0.0010064778848623127
GSTA3,0.0012626037606214664
SNRNP200,0.031640121096887526
FARS2,0.009284705886129603
ABCB5,-0.000677839224926547
POLDIP3,-0.0017544277737074265
PHACTR4,0.004969632145118442
XKR6,0.005262133153410648
MAP2K3,0.007107493981919955
HOXC5,-0.0018243032635125445
PRL,-0.005174183605070373
MYB,-0.0009043226871928903
FBXO28,0.0033718652992720077
STK16,-0.001436373491855246
RPS27,0.010223081030376864
TBCCD1,-0.006483242537936495
ABCC5,0.013510256556102366
ETV2,-0.012784494021771257
CBR3,0.00045198437388423163
CBLN2,0.002658759321366204
GLI1,-0.00887021001318225
OR4M2,-0.003904635728420182
PRNP,0.0014319508396751126
RBPMS,0.005755323523703504
PHF24,-0.006155642941184202
B4GALT3,-0.003174612581224215
GAL3ST1,-0.005678636131480488
NRP2,0.004559457222674357
GNB3,0.005482485430843929
ISOC1,-0.0002195081753524074
TAS2R3,-0.00864941092713426
TRIB1,-0.0013040351344326868
PDE6B,0.0027999776133526394
JMY,-0.000400719243593102
PPP1R12A,0.01193011199494637
MAGI1,0.010641584762511489
NRL,-0.003718069950291135
CST1,-0.00298429366474324
DYNLRB1,0.009894913746909997
SRPRB,0.0012878048158616743
RPL15,0.008915328561424782
ACVR2B,0.0022798124770217125
CS,0.005817011846909911
GCK,0.001376029213453322
ZFP36L1,0.003762056299638219
PPM1J,-0.003835691480634319
CCDC24,-0.007423164083898003
EDEM3,0.005676255436003588
SULT1C3,-0.00405136947771674
TRDV3,-0.0019181567722616154
UTP25,-0.004269623488195114
JUP,0.0061643854931414
LRRD1,-0.007860087093105912
MED6,0.004301331197537727
U2AF2,0.003979604247279128
LDLRAD4,0.006237120468249498
OR4D2,-0.003872707773168225
TMEM272,-0.0059856922784078245
AFG3L2,0.005089355495417806
CD5,-0.00852489639356214
ALDH1A3,0.0033467134926070605
ALDOA,0.009886527657359255
MAPK6,0.002747496846651473
KRTAP10-5,-0.00016916967664731513
KAT2B,0.0056724116541161445
PIP5K1C,0.0025050928382976865
ARL3,0.008599438396081807
RBM46,-0.002454934754244341
SEC23IP,0.0005668528829573339
WIPI1,0.004243473419709468
ZNF223,-0.008247384927086689
IGLV2-11,-0.0010446420548697328
NDUFB8,0.0033316569497118843
SRRM3,0.0013623772376875236
RPL10L,-0.0005239093739816692
FRMD5,0.01074953727616082
TNFAIP8L3,-0.004133742204530911
PRDX1,0.009953997390881935
NUP210L,0.015594315823819536
OR52E4,-0.00330520260630997
VWA5A,0.0018744407222771816
IGLV3-22,0.00040650375047779195
DENND2C,-0.002484994507795041
HLA-DPA1,-0.00015190871418581313
BBS9,0.010808804459848846
STAT1,0.009652130038951571
SKA2,-0.00021574705272440174
TBRG1,0.0029590708697534353
C20orf173,-0.01128113948814289
CDH19,0.0002867956140147094
FBN3,0.024729433274676194
SAMD10,-0.007053795232685854
SEMA3C,0.004025720010757049
OXLD1,-0.007914601079247489
SEMA5B,0.000215058908682755
KIAA2013,-0.005780080757847524
NPHP1,-0.0017388691859419189
ATPAF1,0.0017191840156821582
HINT2,-0.0012344443810595681
NEDD1,-0.005593463988700905
USP39,0.0035274944585071823
IGHG1,-0.0005446565539859672
ZBTB25,-0.004166477711840809
TMEM109,-0.005095908110813505
PCDHA4,-0.0026351318256396168
ZNF213,-0.006894865860563377
UGT2B17,0.0018032805937976421
WEE1,-0.002177892402326767
PRR20G,-0.006632151039596434
ANKRD13A,0.003985357108985326
CGB7,-0.010064880317998114
F2RL2,-0.008067920081979223
OR2L2,-0.004251268916111685
PI15,-0.00032972572956239103
ZBTB46,0.0012640322244978498
NANOGP8,-0.010529469984180952
ADAM2,-0.0026238166191333394
EXOC1,0.01040224545730117
RSPH14,-0.0022813182174858393
SMCO3,-0.008596178645243585
PPFIA2,0.013361660737783049
FTH1,0.011648176730761505
MDH2,0.00754550780186023
PTPN9,0.005478847697578394
AAR2,-0.0021854113431160438
LRP11,-0.0038830694559198868
SETDB1,-0.0013757682170908862
CCDC66,0.000884276934257903
PLA2G4F,-0.0055421022314634
OR2H2,-0.004817830454780419
GPR156,-0.008575068568512532
ADAMTS1,-0.0002444413252660463
DAPK1,0.013689144616036
CCDC115,-0.003124801119255772
KLHDC4,0.0002313221344558814
ANP32B,0.008527909537538523
GABBR2,0.008854931564160997
MRPL10,-0.0017757324402575883
PCDH20,-0.005694439744313322
UGT1A6,-0.0018875621141018408
ZBTB11,-0.0016490848646867138
NOTCH1,0.023672166066755596
KRT14,0.0047275169881890716
TMEM14C,0.005834089802978175
GSTM5,0.0009046394026661539
IGSF10,0.015779583342064182
C16orf89,-0.005887215715813442
KIAA1143,-0.0026885987421666536
BET1L,-0.00020666088356091237
CHD8,0.03349099631050035
FBXL20,0.010679116591691224
BRINP3,0.0021316717581749407
LIPN,-0.0030724724197218646
FGFBP2,-0.0064070306158390275
MEPCE,-0.007363939002986538
C19orf54,-0.009624688410937372
RCC1,-9.369765658849213e-05
TBC1D3,-0.011280956184580767
ZNF382,-0.001999794808880557
MYBPC1,0.004001231932592277
CNTN3,0.008044362048910668
ADHFE1,0.003005945053632507
CCDC191,-0.0030603998046362696
ZSCAN32,-0.010822872979395763
KCTD17,-0.0019929114770942708
INPP5F,0.005743476607760266
LRRC4C,0.008189501901752093
MYOF,0.025998303869049517
ATP5F1B,0.009607738837330744
TSSK4,-0.00474335843795141
ORC1,-0.006638946704162491
CAMKK1,0.004700930786997968
ITPRID2,-0.0007446700722856186
PTPN5,0.001382187705274928
TNIP1,-0.00395957799906209
ZNF830,-0.004529410128397125
ATP5PD,0.0047075940082950745
CDC37L1,-0.002216298187716574
ACKR1,-0.003675606633489519
GNA15,0.0032218727298243886
IL18R1,-0.0038699103652875834
VRK1,0.006966106617892103
LARP6,-0.0028292781491715212
ROS1,0.020019812611623004
ACSBG2,-0.005104567067452847
CEP68,-0.005688045146703589
NR0B2,-0.00557864930927326
OGDH,0.010077581873647752
TMEM268,-0.005395282155350842
IQCB1,0.0019235394701642985
MYH14,0.02941791862206596
OR52E6,-0.0008925278332607007
QDPR,0.006232446774073766
PRAMEF10,-0.00623866986140456
JAKMIP2,0.011023239718959276
B3GNT6,-0.006242228375295555
ZBTB7A,0.0029197661049830165
IDH1,0.006685110930654929
HTN1,-0.0028964531079529003
FAM181B,-0.010032985511103659
ARMC9,0.004286238510433755
MKRN2,-0.003873853629984089
PIP4K2C,0.002142994596214329
ADGRL1,0.011099004889194228
CNDP2,0.005416932175743
DCAF6,0.007507204719771115
PLA2G4B,-0.006202041566216578
PRMT6,-0.005290059950773901
CTSF,-0.002627381172190711
PABPC4,0.005798686703444806
ZCWPW1,-0.00938652392254164
ADAM32,-0.0009464684970944456
NADK2,0.0007312977741383097
DSG1,-0.004455882126895663
ARHGEF26,-0.0011254009396294564
FBXO24,-0.011275509978066263
LUC7L3,0.010720826795375123
CKS2,0.004439842218892181
ANKIB1,0.007503783693193371
PFAS,-0.0006273458894018846
RIN3,-0.004167727449381133
SELENOI,0.006735278634277917
EDF1,0.008796481278999034
DGKQ,-0.0029780094313673834
INTS4,0.0010220713095867868
PARK7,0.007645196257782704
TIMM29,-0.007031553829956437
CR1L,-0.003969816820577545
GM2A,-0.0022560452805977294
FPR2,-0.004691538012593026
TSKS,-0.012509441073673867
DMRTA2,-0.006472921360822709
ZNF648,-0.011867225242063162
TMEM106C,-0.00041890871837529106
LRIG1,-0.0015163115906356706
FGF21,-0.007705184304589117
RIN2,0.00255474298627283
SLC35A5,-0.001494139911725318
TEX47,-0.007200022199408847
RAD54L,-0.00031421410231208957
SFTPB,-0.005039042193427726
HYAL1,-0.004348354265956137
B3GAT1,0.003034701882442954
OR4S2,0.002231196010909404
HYOU1,-0.0008005515305499817
HEATR6,-0.0028804934021476685
RPS12,0.01030628163906479
PIK3IP1,-0.005154077912779636
MSLN,-0.004092451123793553
PDIA6,0.007717842333221289
KCTD13,0.0015296704250886601
OR5B3,4.402845789044698e-05
P4HA1,0.008427774317525236
SDAD1,0.0077088611144669125
DEAF1,0.0024844015020871555
KBTBD7,-0.0064106151560251665
ADCYAP1R1,0.0033700863985714116
HNF1B,-0.0022694499181477004
IL1F10,-0.0013592788614275656
TMEM245,0.006874972071665097
IMMT,0.004728481641255992
GTF2E2,0.0060671676394928
TSSK3,-0.004331372140710569
HEY2,-0.00337352665020482
FAM120AOS,-0.005470251411587367
ING3,0.0016777528548678445
MYH8,0.027565937966224415
PNPLA2,-0.0016096189717721315
ERN1,0.002439198008438995
KAZN,0.011134600890233047
TXLNA,-0.003073152346769775
ZNF480,-0.006073748865750906
EXOSC3,0.0010401859830535428
FGF4,-0.0013684999372506092
TAF5,-0.0031166778235315537
MECOM,0.003452565764948219
COL14A1,0.0192891441763573
GGT5,-0.0025466509886324113
GPR108,-0.0006289026263142054
GUCY1A1,0.003284745553151664
KDM4A,0.001928618526492692
CDHR2,-0.0012655235790903039
ZMYND19,-0.0027199066383874586
BZW1,0.00885914278427471
UNC13D,-0.005114947556225244
KIT,0.00020634675739136487
KIF19,-0.0030610693293209746
TRAV13-1,-0.0023225815807273002
TAGAP,-0.006498006599319611
SERPINA12,-0.005802511463688063
CCDC60,-0.00598252153674625
OR52N5,-0.0027552675311566994
UTP15,-0.004698483199640203
DDX43,-0.0027784140581757397
CES5A,-0.00583853876327119
CHTF18,-0.007390537084851555
KIF1A,0.029439335394007383
MTMR11,-0.006977818098059777
SMAD6,-0.007193385553164763
PAX6,0.005889581496214291
ESRRG,0.010426098979419186
MCCC2,0.005007864759751671
HTR3B,-0.004755361565982824
CDK19,0.011005461111263699
REXO4,-0.005817007669739838
TCF7L1,0.00167272420361153
PODN,-0.0007731653219923076
LMO3,0.010261408931969633
TMEM237,-0.006029211481528911
EXTL2,-0.00047263475631258
ITGB2,0.0032569516546349115
HAS3,0.0006938413277416824
SPOCK2,0.001538913523067147
USP17L20,-0.0014766274041171066
PGAP1,0.0024259288405911847
RACGAP1,-0.002090622128260757
RBM6,0.0035129828195352513
CD55,-0.0008083943385183014
TUBD1,-0.0008565127648060142
AVPR1B,-0.006788917735508626
OR10AG1,0.0009943742521821048
AUTS2,0.005501619982178594
TEX53,-0.009209735138791662
ZBTB14,-0.0034086725848682053
TMA7,0.006194091607883096
KLHDC3,0.003801802772812318
CSNK1G2,0.005382394590480927
IRF6,0.00017035206925538476
SNRNP25,0.0019477732792946869
HOXB9,-0.001074576491914205
MESD,0.0008026181162089516
CDC20,0.0026021069894903368
KRT34,-0.002868867114886471
VSIG10L2,-0.008102834786856849
ZCCHC10,-0.0027985078472960874
SLC25A19,-0.0011904535255874975
UMOD,-0.0027955016981492105
ZNF772,-0.008761057760226744
CIART,-0.010790586198678278
SCYGR1,0.0003037101488582102
ZNF746,-0.007726217359430829
STAG1,0.014042106917841796
TXNIP,0.004976812452072747
ZNF639,-0.00838102298842789
OR5A2,-0.002166230960324969
APOL4,-0.00746373166674028
CMTR1,-0.0019462470513449959
GCM2,-0.010546931028805927
PIK3C2B,0.015032009826513504
RCOR2,-0.004295297087957786
NPBWR2,-0.003055309183821605
C9orf153,-0.007721464324351071
TMIGD3,-0.009155900651378541
AIMP1,0.0045433284165402495
TBC1D17,-0.002961476868835108
POLR2C,0.004993131611858216
TDRD1,-0.007179986742669407
TXNDC17,0.0034418341879066425
FNDC4,-0.003346310290391338
SEPTIN5,0.005715058151339871
VPS36,0.0074155478962811315
AKAIN1,-0.0027715654595712493
GLB1L3,0.0008975686389980111
UQCR11,0.002725313439633503
CHTF8,-0.0030912857590258344
ST8SIA6,-0.0015584373477770333
MATN4,-0.0030185636276828906
ANKRD12,0.014254678329493314
MED17,0.001370338775905441
OR5M8,0.000734454100880267
TRMT10C,-0.00391937049305447
FGF8,-0.0049086881434818545
FBP2,0.002277352048567714
OR4F16,0.0012303611350086548
OR4F6,0.001096257801479617
HECA,-0.0019873592671326955
C2orf49,-0.008042744573859105
REM1,-0.0033489982283315283
ITPKC,-0.006253858156849806
UTS2B,-0.009871062111659888
METTL27,-0.006878907603399812
FAM83C,-0.01035551235279739
PHB2,0.007691694456327436
PCDHGA4,-0.001207920509651699
AMN,-0.004183921373826065
PLAC8L1,-0.006202597573917693
TRAV8-1,-0.0023375715399851743
GHR,0.0010363862869748315
MRPL4,0.0004590346498874861
SYNGR4,-0.006284031204304256
COPB1,0.01054906854684967
TCAF2,-0.003990228173159526
TNFRSF10A,-0.011964220519939303
UNKL,-0.0015672602235002506
PNKD,0.0012449547973140192
RGS21,-0.001161975887890843
MTF2,0.00483867821389713
PALLD,0.005827923178870165
C4orf45,-0.006040331978749313
NRG2,0.0023666429374717005
SGSM2,0.00398451140163177
MRGPRX2,-0.007237234622514113
FBXO5,-0.008546469995773555
CCDC121,-0.011086526618128853
SORCS1,0.00471107865104942
KIF25,-0.005983021778631268
LY86,-0.002122256649972999
FLOT1,0.010198799637730665
NUP42,-0.0018168532333287177
MALSU1,-0.0026378060825295656
MTA1,0.0029983074466096425
SOX18,-0.005740229978296007
BBS5,0.005747960343319712
HCRT,-0.011307699218002005
RPL24,0.008665823301039393
C3orf33,-0.004514915573756846
PSG6,-0.005150561409141184
WTAP,0.006029202762618994
GJD4,-0.010380990561646205
AZGP1,-0.0017205492699850602
HIP1R,0.0028509409527191607
SMC2,0.005371338283723992
NFIB,0.010987336505574747
TBC1D4,0.006549828693903412
LYZL2,-0.00406093917645706
SIN3A,0.007349843778180129
SIRT5,0.0041863065278777796
ZSCAN4,-0.012952038213558443
LCP1,0.007433650983724216
ZNF764,-0.011132464179433145
BOC,-0.003620233788364862
DNPH1,-0.0002085479172531181
SCAF8,0.0057453480394360655
DNAI1,0.0006694154325572682
HEXIM1,-0.005352656385714356
ABHD18,0.007148749627947824
EEF1AKMT4-ECE2,-0.0005885271181344024
SPPL2A,0.006058051285262436
FAM169A,0.0009244320473579437
TUBAL3,-0.0014841588914597922
LRRN2,0.0027984639263262862
SERPINA11,-0.006534506927304447
RASGEF1A,0.0023429623665850927
SLC8A3,0.010197308572236151
NUP133,0.002329194815246931
C16orf87,0.002405154121396771
UBE2N,0.011137493843927782
ZNF585B,-0.005305558803689939
OR13D1,-0.0015420816143536648
ANO5,0.007129953785358189
EEF2,0.009834209386235799
MACC1,-0.005120888669768031
MLST8,0.004100289478468609
OLIG2,-0.005121152731090866
PALM3,-0.011808568716029087
PHF1,-0.00394085614470862
SH3BP2,-0.005277980054282959
SNAPC2,-0.010229151461792686
TMEM30A,0.005531419357350617
OR1D2,-0.005513058931948554
B4GALT7,-0.005003739784415051
ZNF107,-0.0038292188675054747
KL,-0.003703669380387036
PRPF6,0.0074364039476507654
UBE2K,0.01564449953621274
OPALIN,-0.006347539674369751
COX6A2,-0.0025376863523723994
BSX,-0.004256891213259732
IGHV2-26,0.00036668618665175787
ZNF322,-0.006696293156134365
ABI3BP,-0.002033298493991606
NOP16,-0.0007846832161301391
PPP1CB,0.01080139389803574
IGFL3,-0.008753814618364537
GSTA1,0.005072484604962307
TMEM254,-0.0020268075465199897
ERLIN1,0.00249815564307098
MNT,-0.004418354108819707
DEK,0.0013747681644807382
CEP152,-0.002854677406700966
TRAF6,0.0008154053060052501
GABPA,0.001202637450152651
EXT2,0.007274048556517428
XPO4,0.010225188179312714
LXN,-0.0033012689932125816
DRG1,0.008275366190291478
PRRT1,-0.006564335797386929
KIF5C,0.013644979104982045
IFT20,0.00632141839140699
PPCDC,0.0029348705302584704
COMMD4,0.0009388530039713424
MRPS36,-0.00025826335471713083
ATP6V1F,0.01067951721293068
MAN1B1,-0.001496431752843773
POTEM,-0.010421198649214725
ALDH1B1,-0.0009944411338156842
FBXO11,0.0089440611788962
TOMM70,0.005108203521125477
ERICH3,-0.0024046811146602406
CREM,0.006302717537360211
HSF4,-0.005878723413015004
ERVV-2,-0.009265895778302339
RAB15,0.006056820552035971
CCNH,0.010329357114079002
STEAP1,-0.0005345147958544932
UGT2B28,-0.00041856826967862456
HERC3,0.00618093466405072
WDSUB1,0.003098400997547097
MRC2,0.0027131371076672722
CPT2,-0.004216360354011278
RSPH10B2,-0.006273189444132461
TRBJ2-2,-0.0006904189730863762
CWF19L2,0.0024940755127868443
ADRA1D,-0.006416261038552575
DIPK1B,-0.005625501813150517
GOT1L1,-0.0065520771194454855
HABP2,-0.005696064162378986
RHOBTB3,0.0016325268209940614
DHX9,0.009600095136974069
TMEM225B,-0.010088456582284227
IL20,-0.005084091548783861
TMED3,0.004958265935024569
BCL2L15,-0.007056488770760368
GDPD4,-0.007394127151925963
OSBPL1A,0.008957511463673904
IGDCC4,-0.006946745823779049
HYAL3,-0.005965288483777924
PSMD5,-7.613872293939994e-05
INTS2,0.0018091844770291464
CCDC185,-0.011579295823941717
SUCNR1,-0.003524949501821674
MRPL28,-0.0016544340836980708
CCDC167,-0.001356451888765249
CXCL16,-0.008861664500510538
ANGPT1,0.0016650390549556627
ITLN2,-0.0034673173596389043
GET4,-0.00011391757562409814
FAM47E,-0.007833394698147745
ZNF276,-0.006421658845934388
C11orf53,-0.005284770448869008
CNTD1,-0.006819970462481021
PTCH2,0.003486233797949033
CTTN,0.0075922577155741215
EFCAB7,-0.00045841610353293424
LZTR1,-8.259386346365014e-05
SEC63,0.010419631761565296
FST,0.00016291101220940952
EFL1,0.0033367709858695624
RHEB,0.012478256846202093
ANKRD34C,-0.00865658874441517
HAGH,0.004431210379604118
PFKL,0.007136780829587565
NDUFAF8,-0.0012817323541319684
PPP6R2,0.007030930302753532
TKTL2,-0.0028822257010306883
KLHL20,0.0073460492917919624
USP50,-0.007419882105978087
UNC45A,0.004011750497430547
GRM6,0.0007221765361626036
MRPL14,0.0022189991113233816
MAPK8IP2,-0.0043459726252537915
TCIRG1,0.0009782118978816183
PLIN3,0.0004088828745739931
ZFR2,0.0019415893628270187
OR52E5,-0.004518031739396521
RBP2,0.003934003731805506
DUS3L,-0.003921746373462681
NPB,-0.009650668735640428
CSF1R,-0.0011233750843600298
CSTF1,0.0025584959362566105
MEIOC,-0.011666115949948964
SCLT1,0.006012592479121806
SCAMP3,0.0012442558366985255
EFNA4,-0.00828294276583342
FAM149A,-0.007506410536888425
CALD1,0.002712010951805397
BCL9L,-0.004295235119707742
DVL2,-0.002197056841592942
GALNT1,0.010474913069404438
NMBR,-0.0007539927708127848
WDR1,0.00390628519832474
IGHV6-1,-0.00034514080973438774
PADI3,-0.0050104812048349335
MTMR14,-0.004088619747108399
ANLN,-0.004001399460943384
PRAMEF20,-0.0077185141371897215
RAPH1,0.004904979225796619
SELENOT,0.005157679738432637
TDP1,-0.0011971591580354206
ZNF791,-0.0008336552897364631
SELENOF,0.003034101600316763
MEF2C,0.009001905899078616
SMCR8,-0.009522597030137263
SPRR2B,-0.003953443756448019
HTR6,-0.006309648315039904
ZNF518A,0.005019236383910102
FKBP4,0.004020884227044186
JMJD7,-0.0036245551993068395
PAQR3,0.004524195226557637
PPP1R42,2.6621238586417947e-05
SMAD7,-0.0032801720464691714
ENTR1,-0.007199565683597989
BAZ1B,0.003531308344147556
CCR2,-0.0028649684337951533
SLC28A1,-0.0028200291825163856
ZSWIM4,-0.0002161194360019032
AMY2A,0.003176553756833835
ASPDH,-0.002617732810942745
KRTAP4-12,0.0013241107280622412
NUDT22,-0.003146468857645416
PTK6,-0.0031878975335927415
SLC6A12,0.0001912651644288936
DCAF4,-0.005805517163937888
RARRES2,-0.0026474178859090605
ZBTB6,-0.006497454372425333
PLEKHA5,0.01014697092337031
RFC5,0.004014235992080803
GPR61,-0.006637957666996285
BTN1A1,-0.005817019270844134
PARP14,0.010695905256154317
SLC6A15,0.0063824293141868235
CYP2J2,-0.0006337843479493409
MBD5,0.01046401646610212
SPCS1,-0.0003246502229602259
SPRED3,-0.0075110874406440755
PRKACG,0.00511240954526606
MEA1,-0.007104591407147723
RSPH10B,-0.006583195312424672
TP53TG3C,-0.010719768632547255
RNF214,-0.005159755999025874
POC1B,0.002982851591158554
TXLNB,-0.00652437196144728
HLA-A,0.004748396907734012
CHORDC1,0.006438034439998211
CD177,-0.006193824017165325
CEP41,-0.0030679539966097613
DDIT4,-0.0015207551848594042
ABHD5,0.004826185787451023
OR8G5,-0.003809341454467066
PARG,0.0008350022766267924
NTN4,0.0023347299420290145
PLCG2,0.007978506701846222
IQCF6,-0.0032563604402138006
PTP4A1,0.006190910429059806
SCOC,-0.0010414484716745611
SEC61A1,0.006542643322160663
ZEB2,0.007973772238441807
PPIAL4G,-0.002880576878671806
THEM4,-0.0015974064495919138
OLFML1,-0.0050256689048069556
ERCC6,0.002106483636686664
KLHL8,0.003820945949496031
KRTAP9-9,0.0015831422428454233
NTAN1,-0.0009264102935994809
PIKFYVE,0.0267306384431299
KLK12,-0.0005275170250384598
C1orf52,0.0002536987509884096
MARF1,0.011677366913171875
TRPC6,0.0065303847719945865
PRMT5,0.001750168708918859
ZBTB22,-0.008377293396144047
ANKRD55,-0.00045512724358398636
TMEM131,0.017914594439643088
BTBD10,0.006734703668660777
IFRD2,-0.0005392479806639155
UFSP2,-0.0023793666121552544
APOC3,-0.0013847570951159036
TRMT44,-0.005977981604579195
OR6V1,0.00020879465053500832
ZNF620,-0.008078147238022875
GAST,-0.01040819105575728
NRGN,0.0023688809455700744
ZSCAN10,-0.01100268869166774
MSH6,0.0022496892214414806
MTFMT,0.0005403050452996151
TCL1A,-0.0040997749062199745
LGR4,0.004265307743656192
DENND11,-0.0005328806641948354
AGO4,0.010801166307869127
BTBD8,0.011478652025501065
ANXA9,-0.002252298362623796
ANGPTL1,-0.0001302288787828752
P3H3,-0.005834880517026877
SIX1,0.003421870850154952
HVCN1,-0.003238846043059171
OR5P3,-0.001836594354544992
ZBTB21,-0.006734936921845302
RPGRIP1L,0.0026270380114531045
SYNJ2,0.005866567120468273
MXRA7,-0.0054247097058395
SLC29A1,0.0033488866034102377
HBG1,0.0058016037654943994
METTL6,0.005904611878155351
OR5C1,0.000544499533275152
ACTR10,0.0071071072972832905
CCNL1,0.004937271891151726
C16orf95,-0.007977409171421953
PPA2,0.009676066341400412
DUSP1,0.005142155081168792
TRBJ1-5,-0.004100228430958801
THSD7B,0.006296359273083051
AHCYL1,0.010005478796920928
BATF3,-0.004469569364920986
ARIH2,0.008838937697893312
RWDD3,-0.0025557533793195337
TRMO,-0.008085283626967832
TNFSF9,-0.008950966572702973
PTGR2,-2.749121584863035e-05
RNF182,-0.004976469149334319
KRTAP24-1,-0.004269646519141516
JUN,0.004103088154185379
ASPA,0.000774206688696008
EIF4A1,0.009573434690884805
THRA,0.0018325830712766725
SETMAR,-0.002492290327035483
KCNH6,-0.0008346656979737725
PTTG2,-0.010129895089432012
CDH4,0.0067861270044287875
ERP44,0.009008783618354626
FBLN5,0.0013146216292125566
ETFRF1,0.0021049800032987153
IGF1R,0.012098895689023418
TNFSF11,-0.007095951662031083
ITGA2,0.001504966509160572
HMBOX1,0.006574956320156859
DOCK7,0.03487784940809954
PKD1L2,0.02056179504921894
ENTPD6,-0.0003723364110352981
TMC3,-0.0049208392554766335
CLTC,0.03419012899998906
LPAR5,-0.007003057475227389
KRT38,-0.0015292885941200422
UBE4A,0.001864429746094194
EXD1,-0.010714555937525733
DEF6,-0.000550252778097283
C6,-0.002699761969543617
CENPV,-0.003299338367181498
NDUFA6,0.003546541925406378
FGD5,-0.005317783524876218
SYT3,-0.004515387722360047
CRIP3,-0.005910003423886519
FAM205A,-0.01012696473627389
GOLGA4,0.021663191934648596
ZNF264,-0.002848023283145667
SMR3A,-0.007266240449862689
RFPL4A,-0.004784590253280906
IFI27,-2.3971999154345125e-05
KIF20A,-0.004772202160284826
OR2T29,-0.004691436455219991
ANKAR,0.004198961444475337
TSPAN15,0.0013869838421063407
EVI2B,-0.006978879602204768
KCNJ8,-0.00014777496527896045
YWHAQ,0.011511856923627288
P3H4,-0.0051375906637777255
CPQ,0.00704348658254144
PUS7,0.0028517089577862384
LY96,-0.003911342173574073
CHMP4C,0.0003550730327289216
FPR1,-0.0027734007599731023
NT5C1B,-0.008397730719592877
SLFN11,-0.004543329129499374
STRIP2,0.005671890731815311
ARHGAP28,-0.0023277303631860286
MYH4,0.027435256726364682
ZNF284,-0.009148436023155224
CHRNA4,-0.0025392964298820452
RNASE6,-0.004098106724062192
ZBED8,-0.004654156095201631
C1QTNF4,-0.0014162629792169154
PLA2G2A,0.00022957479356967674
FIBIN,-0.005953309824172568
TP53RK,-0.00014197744103355156
FAM166A,-0.010048338691136879
FANCM,0.01398228773231761
NPHP4,0.0035179597312211502
ERAP2,-4.637049220530307e-05
TRIM64,-0.0021745653981895346
SACM1L,0.007029386808926278
ORC6,-0.0027116612179742916
MTX2,0.011067539910696823
AP4S1,0.00810942003146563
ZSCAN26,-0.007550770481385159
MEX3A,-0.005944176247956277
CAB39,0.012059388593540499
HSD11B1L,-0.007701778078381687
FARP1,0.00952320931197049
NOP9,-0.007599207137016358
TRANK1,0.025620255863087745
CTTNBP2,0.014558042908671876
COG1,-0.0010697422808387293
GNL2,0.0005703983165739459
CBX3,0.007930033088345875
P2RX3,-0.002090310265383277
PPP4R2,0.001899452257503827
PNPO,-0.003956440190760048
CEP128,-0.0015694973226665378
RND1,0.0030130140799521595
TRAV25,-0.0028444256749871485
TRAPPC2B,0.0018657887657521847
SLC9A5,-0.0026254680048696613
OR4S1,0.002739846023826009
FOXP4,-0.0030762547225608905
FAXDC2,0.0007078290918313301
OLIG3,-0.002619037356472967
SLC47A2,-0.003547317803094285
VCPKMT,-0.0009461474611462936
ZNF460,-0.006609589732197768
FKBP1A,0.007518585268496671
PMM2,0.006024058000119976
GYPC,-0.0017353772095993817
CYREN,-0.006924262374830191
KCNA7,-0.004749261235414709
SDR39U1,-0.0013621482964799082
ASCL3,-0.006993640651974771
POLD1,-0.00028431817799008744
MCHR1,-0.007934685235781022
TENT5B,-0.002920495927810884
GOLGA8B,-0.0029169702786877912
PREP,0.0077316922428862555
GNA11,0.004736914375217824
TMEM169,-0.006048092835966692
KCNIP1,0.00841532967500242
RASGRP2,0.0013604323281831891
TTC6,0.01743290198724197
KCTD12,0.0006460708086725251
RP1,0.006979857936023035
NIBAN2,-0.0021555727381464265
SMIM8,0.0027988163068429855
LCN10,-0.00889088409301793
EFCAB14,-0.004310729480323633
ALDH7A1,0.006138888095756533
ATCAY,0.005609945393314192
C11orf42,-0.011417662435928053
CENPQ,-0.008664547006420437
ADGRG7,-0.003243275730835915
BMPR1A,0.00908031721477589
CAPS2,-4.301444027983971e-05
IGLV3-19,-0.00046671147595530606
PLPP2,0.002319965486554478
TTC21B,0.012306797306124823
ALPL,0.0030895944312000477
MVD,0.0040463886096836375
PSG8,-0.00423998774977621
SATB1,0.007120535598049119
KRT13,0.004002025987014429
ZBTB8A,-0.004217012997767256
CDK7,0.006122582047527888
MGLL,0.007526834871974631
SMG8,-0.008626783224724781
RESP18,-0.012541780860690419
ARNTL,0.008390938964716538
AXL,-0.0025267663977577765
IP6K1,0.0043923062711358
GALP,-0.009595221405349805
GPATCH4,-0.006257985147609534
GHDC,-0.009387054116739126
TMEM236,-0.008350817544540519
TRBV4-1,-0.003291553704871938
KIF20B,0.012587101289413845
MCRIP2,-0.004261181778989847
ZNF451,0.002847171805755444
ABCB6,-0.003272184857454846
SEC11A,0.009616636207527339
PTGIR,-0.004787070092574495
RBL2,0.006012709688185729
RSF1,0.0060325738597662715
TRDN,-0.003154421722072668
LSR,-0.005192372424378565
ZNF212,-0.009763823564637024
PPP2R5B,0.003664943268489658
KRT26,-0.006222154686291497
LMX1B,-0.0010862945579028468
FAM135B,0.004411757314464881
UQCRC2,0.008973245969088422
LRRC15,-0.006044205844317551
ZNF17,-0.005042347256714676
PRDM8,-0.004238490933855283
USP24,0.03433855001136268
FLT1,0.0006926609093528211
ZNF676,8.37455658803593e-05
SPATS2L,0.002786696736707381
TIMP2,0.003675549608824564
TRMT10A,-0.004612681750587094
PRAMEF15,-0.0032848173596330323
NNT,0.01064947033235774
LYAR,-0.0017180583595365834
NUTM2B,-0.014268678081505955
ZBTB44,0.003872223347357923
CHPF,-0.005414010912205489
BCL2L14,-0.0032941360962895085
RNPEPL1,-0.0022133132779289964
IFT172,0.03033112457060308
TMOD1,0.008243942545649412
GGT1,-0.00019315087515547514
PUS1,-0.0030310092003789694
SNUPN,-0.0017851453425332916
STRADB,0.0003086359207394183
KIAA0895,-0.004429351898222824
PRKRA,0.005699398383801108
KIAA1191,-0.0022715309871097667
DDA1,0.0016667427192631646
FUT10,-0.002590581577753988
SERPINB4,0.0007759576052069501
VPS37D,-0.010540383114904852
TRAV8-6,-0.002480727778431124
TMEM161A,0.0003207948453011576
C17orf80,-0.011316613721734722
USP40,0.0002580485476350721
RFLNB,-0.006293640025656813
FADS6,-0.004769339675680354
RNF17,0.0039022839034464235
CHIT1,-0.002410632157306943
MFAP4,0.0003855727493484392
RNF212B,-0.007560244360138193
RTP1,-0.008086929452956977
FBXW10,-0.008917647890966794
CHRNB3,0.0009412871728068987
GJC3,-0.00842129912671072
C1D,0.006223275012816766
METTL22,-0.005393263133985555
MTERF1,0.0038439125701755146
RFK,0.003967529404993386
SRCAP,0.019387319118720613
OR5K4,0.0017541798620767362
SIRPB1,-0.006168675651727144
ARMH4,-0.0034251587312930758
CLEC10A,-0.004535456532985265
TOPAZ1,-0.006741236976458325
SGTA,0.001729670701928258
CDC23,0.0017172349135298644
PTP4A2,0.008992192958546304
TPD52,0.007139401391612983
OCEL1,-0.009288347394127254
PGLYRP1,-0.003271623497360943
IGHV3-7,0.0008852866927241387
ZNF644,0.003228422047170922
KRTAP12-4,0.00018929751604360328
ZNF524,-0.007789053757662205
IQCG,-0.0030366568482234992
COL7A1,0.022939851585267696
HDHD5,-0.0006971634973245848
R3HDM1,0.006407722654505032
SLC39A8,0.0016342153679784813
FAM240B,-0.011091549556105003
IL22RA2,-0.008336647453327297
GAB1,0.0006575540267518707
NEPRO,-0.005200494012957606
PGAP3,-0.003692078214973088
ZNF667,-0.0015963693909176538
ERBIN,0.006225790161361902
CPLX1,0.0051085807359472326
OR1N1,0.0017663764998957412
SEL1L2,-0.004535995328789794
HOXB13,-0.006013515644040822
RTP2,0.001183149931110559
SOWAHC,-0.006977528003738663
PHF20L1,0.00624206686001998
CKM,0.0036081057420189245
LCE6A,-0.006701403570795295
CLDN11,-0.00039745179004629493
ZDHHC2,0.004659488154269228
TIFAB,-0.007851146408143562
INPP1,0.0038073788736167993
USPL1,-0.006268244024221259
TESC,0.008730366298525766
NEUROD1,-0.0035990547702223837
LY6G5C,-0.012565939525889358
TM9SF2,0.008589227414599351
DNMT1,0.011150553016114936
WNT5A,0.00019938463693378863
USP28,0.004377208417272927
CCN5,-0.0058715890907153475
LCE3A,0.0005995200074317668
PIK3CB,0.009431380936118573
RAC1,0.01200415309108347
FCN1,-0.0009675430968080102
PXYLP1,-0.0008855762501704004
ZNF43,-0.0015029125733845286
PRSS54,-0.01290868857870063
FITM2,-0.004607522876429493
NKAIN1,0.002358957304180277
SPAG1,-0.0005482404628553904
CUL7,0.011961424457348546
IGKV6D-21,-0.0013321509906060634
OR6Y1,-0.0034766976933240483
ALG12,-0.0010085765981857966
CTH,0.0012582382698569196
PACSIN2,0.007825506508376542
AK1,0.0058646559672443236
ST13,0.00904373630229578
UXS1,0.008475964271208732
GSTT4,-0.002981380911783724
SEMA4C,-0.005581679186808498
MTMR9,0.003933114040519165
BPTF,0.028884183999725532
SAMD11,-0.0042430292390236565
TRAPPC3L,-0.00038378161926768935
SLC47A1,-0.0006742583011417638
OR4M1,-0.001833378851633037
FMO3,0.002205820626162562
PGAM2,0.0015185824180013942
BTN3A1,-0.006326171553243516
IL11,-0.00929852487657348
C17orf67,-0.00780797107336699
CES2,-0.00122635757858843
POMP,0.003069227175584817
PSG4,-0.004147347581407412
SPECC1L,0.009479388925138926
PTGES,0.001238976736857993
LIPT2,-0.005760879275628432
EXPH5,-1.0872345933293318e-05
BBS10,-0.008128366930229789
HNRNPCL3,0.002312605858497737
MDFI,-0.007145441862721334
LCE4A,-0.001269874162514547
OR3A2,-0.0020795385208167583
PRPF19,0.006913189496818496
CCBE1,-5.629863399493632e-05
TENM2,0.03509109823742925
KCNC4,0.001877505916894365
LSS,0.004383690157757548
KHDC1L,-0.007255709018482052
ASIC4,-0.006213820922789679
C16orf86,-0.01275675293933045
NDUFV3,0.00031622687050981345
ANPEP,0.0042188529241414495
LAMTOR1,0.0016768814580266965
TRPM1,0.01008844390337616
ZNF821,-0.0008906150842050564
PRR29,-0.010934236137923948
PELI3,-0.004882278559372083
WFDC11,-0.01103603112684357
BHLHA15,-0.007339780796466928
CRTC2,-0.004996012956440701
WWC1,0.005079087297870689
TEDC1,-0.010734017711401776
DOC2B,-0.00016883726651804645
HEATR5B,0.033198636603160435
KLB,-0.00622575896034589
ACO1,0.007395160241703717
MRPS30,-0.004196865987714939
NPPA,-0.003898733295659177
QTRT2,0.0002201801578330462
SAMM50,0.0034227221119520752
SAPCD1,-0.011441226992711861
SLC13A2,-0.00023964514775816204
RFWD3,-0.00654883652085022
AKAP7,0.0026143844052818267
POU3F3,-0.0029869995743130318
EIF2AK2,0.0008635861256683228
XCL1,-0.006097829492825134
TMEM178B,0.008418751486506849
TRAV26-1,-0.00260846836793897
SSRP1,0.005918756296375271
ACER1,-0.0033181207372727263
RASGEF1C,0.002437795598238103
PTDSS2,0.0005441127152619622
MSX1,-0.0034635432920553564
AKAP1,-0.00528692249278821
OR52K2,-0.002067439285481757
PRAME,-0.0056012843735035464
LSM7,0.008363658801734227
DAOA,-0.007754189096158895
NMB,-0.0069307764894718195
TESPA1,-0.0032426250073931575
NUP35,-0.002300134272116131
CDV3,0.0019417731388177348
NR2E1,0.0011543245197706438
LITAFD,-0.004756207929392089
RHD,-0.001577867511740175
SMAD4,0.005523620529463602
C13orf42,-0.006192518357352986
INAFM1,-0.009549098951136065
SRGN,-0.003253834446110737
PAQR6,-0.004126279533203329
STAT2,-8.347526230325466e-05
SLC4A5,0.0034512249787543754
NTF3,0.0007371013576899402
CLDN4,0.005219829494760994
PDZD9,-0.0075236324292077645
RNF130,0.009249763319674564
SUSD4,0.000911044923667437
FAM86B2,-0.006598019419942424
HMGA2,-0.0019863424231545634
RSRC2,0.004731958678365059
TOPBP1,0.0064133049453142426
APOBEC3D,-0.007081830954347155
KCNH3,-0.0003080922243286516
TCF24,-0.008305912963872961
DMKN,-0.004499307659571022
SNAPC1,-0.004423477375328174
CDCA7L,-0.003231753300846492
MT1H,0.0007156782370770293
RAB23,0.0019799194886313824
GAS2L1,-0.006741471574649439
QTRT1,0.005509128412173951
DPYD,0.011130778449030194
ZNF527,-0.006985155523868666
NDUFB4,0.0038361673042703517
OR56A5,-0.0036061093109258924
HPF1,0.0017156956700360726
MFHAS1,0.0018854902480837825
C14orf178,-0.010431404292542246
POGLUT2,-0.002832935761845824
S1PR5,-0.0034947364986810422
CABLES1,-0.0012155822890351704
WDR55,-0.0030226532587695094
ZSCAN18,-0.006399871906488784
CCDC18,-0.0023953182769847186
OR2AG2,-0.005297110293484977
ZNF593,-0.000637770311866252
ANKRA2,-0.005552857354276107
CC2D2B,-0.0006057841825655302
TEKT2,-0.0021045329419729364
BTN2A2,-0.008122162519164712
ERCC3,0.006031748923882058
SNX11,-0.0065126142232180655
BSDC1,0.0003618532058095511
PRR23D2,-0.008522903795407223
TMEM120A,0.0023430480970792703
ELANE,-0.0036720353808707396
MYBL1,-0.0033240493688303113
OXA1L,-0.0010743910330800579
ERVW-1,-0.00822426209022367
PKMYT1,-0.006368568084001838
RRAD,-0.0008134961015138419
TAS2R20,-0.00841096012070604
ULBP2,-0.007732151604711961
HTN3,-0.00269038704823422
SLC35G5,-0.009418636508632623
SPEM2,-0.011255925161260482
TERF2IP,0.0035709362892772274
GRIFIN,-0.006298289336767825
TAF10,-0.003946064259249341
TIGD5,-0.01129554504926731
C6orf226,-0.00821785453235903
TMEM209,-0.004593700026864507
KRTAP17-1,-0.0032276342815887146
CSNK1E,0.008346990888775248
LRRC3,-0.008887419672414233
TRIM25,-0.0029695098668678917
SH3BP5L,-0.0053146600963459205
KCNJ10,0.00018295702275458056
NACC2,-0.0015450680218568422
SCGB2A1,-0.0034833402348825437
RNF5,-0.0011561567532151495
KCNJ11,-0.003211362759725611
SUMO1,0.00965956543138275
ALPG,0.0035818355718467408
VEPH1,0.0016486910484611523
SHISAL1,-0.005775861630559099
CELF6,0.0005895399274481406
TMEM72,-0.007020005399863058
COX8C,-0.007645044697410065
CRYM,0.005880848120737896
EDDM13,-0.010639161348682117
TREX1,-0.007728522434440195
VPS18,-0.0029215569824755853
BSPH1,-0.00838135810478652
DMAC1,-0.0014768100545550528
OR2V1,-0.0038100102882278187
PPM1F,-0.005137648824061917
SPN,-0.007100742922929737
CLINT1,0.004835902730074867
PTPRA,0.010834441118146488
GNPTG,-0.001945714246607559
CLN5,-0.008207669591790572
RASIP1,-0.004082831424258669
NCAM1,0.009209701453914875
PLEKHO1,-0.00125741269839687
RGL2,-0.004772406595875189
TMEM140,-0.006118455609472248
ANKRD1,-0.0013901914817158482
KRTAP4-11,0.0014007643501397586
CLASP1,0.018628669070568912
TONSL,-0.005826947008611377
VPS11,0.0008113218491676713
NYAP1,-0.009335915861825755
TSEN15,-0.0015302206059039768
SMAD9,0.0036088957111836974
GLYATL1,-0.004326322347639198
RGS18,-0.0008105370557939737
ATG9B,-0.009353595648877283
LONRF1,0.0013008266578420056
CLVS2,0.01028675106263018
MYCL,-0.008195987975072584
WIPF3,0.0013906059519661728
DALRD3,-0.003603360139787479
GDPD5,-0.004063276131229914
TIMM9,0.0021228591157875024
C4orf47,-0.0016546720927981841
CGA,-0.004297250837059436
FOXO6,-0.007603756980944479
PTPRZ1,0.01646258648965331
TEX101,-0.009954962177246193
LRRC8D,0.0018543123318332632
RPF1,0.0008305803594656617
CRISPLD1,-0.0009075466426487042
COLCA2,-0.005837715758130115
LDAH,0.00446693641584274
BCHE,-0.0002549000699423743
OR8D4,-0.003515567613174142
PARP1,0.005831548881182996
PSME4,0.026938423818662672
RSRP1,0.008811234380646923
SPRR1A,-0.003316727645689231
CAPN2,0.007630113285405286
OXSM,-0.002706669162984286
OR6C6,-0.0015694932145452606
XAB2,0.0026828534226465976
SLC6A2,0.00015515081248621866
C12orf54,-0.010656292513939342
KCTD10,0.0031632678664774224
EMILIN3,-0.007919729858182149
EVA1B,-0.004002085495946555
DEFB118,-0.0101042784146473
EBPL,0.0018722628349497861
DAPK2,0.006021069467076715
TMEM81,-0.010566763042433485
THEGL,-0.010056057766467317
CCSER1,0.0013170061244818971
ADGRL4,0.0006014461639183721
IGFBP1,-0.003845383503066869
TJP1,0.02508086705844013
CBY3,-0.012902580848087125
GDF3,-0.00934526184362896
C19orf53,0.0020663896780229725
BCL7B,0.00029109223425626923
ZNF281,-0.005979522776455109
S1PR2,-0.001991561864289405
MROH8,-0.004361855308288842
TMED7,0.0017659944430469664
PEX14,-0.0007399590667044759
HINFP,-0.005302261923424651
HIRA,0.0017475157662345617
GBA,-0.002462177217455138
ZNF844,-0.007864150241525618
ATP6V0A4,0.0028537334861292074
HEXIM2,-0.008368277239137393
SELENOK,0.0023395360657927915
KCNA2,0.005267896363508645
SHTN1,0.0039490501671617245
ORC5,0.0055034066411262855
CA7,0.000574059526615758
ZNF670,-0.004976312913846131
EPHA3,0.009709412621488618
PNMA8B,-0.011077093846743942
ADPRHL1,0.0025694465012441044
BTBD19,-0.0041342719313614456
COA3,2.299578261067365e-05
CYP2S1,-0.003373411295313483
HSPBP1,-0.0032023162908139022
GABRA2,0.011165399900268033
MKKS,-0.0012418565630908623
MYPOP,-0.010082789397295564
FETUB,-0.008024408918356925
NEUROD6,-0.0028431527718592066
C2orf15,-0.010559678966513145
PACSIN3,-0.00030777751785556823
RFX4,0.0017772238586785435
FOXD4L6,-0.011440832968817627
DYNLRB2,0.0032900973711712024
GPR107,0.0018546627334965142
MFSD6,0.0026051513604275363
SPC25,-0.002729575861382358
RBM43,-0.008159636689423828
BMP7,-0.0009921670201773376
C1orf122,-0.005628106322880945
HLA-C,0.0037178794128048588
CGNL1,-0.001904657917913872
RASSF7,-0.006257273750459115
CNTRL,0.021204053742028318
ARL1,0.0069127500929378185
DEFB105B,-0.0049887274202313585
JMJD4,-0.006769376661429096
KLHDC8B,-0.004430776225028256
EIF5A,0.009010683669983791
USP46,0.0079873303303452
S1PR4,-0.0025350145581809146
ARHGAP1,0.00032052334447879306
TOMM40L,-0.0018330021683791605
SUSD6,-0.0027458642579573553
RACK1,0.012946521561466263
NR4A3,-0.0019474861865146533
SPATA3,-0.011760049226979435
CBLN1,8.56698950753738e-05
HERC6,-0.002275490496993643
MYORG,-0.004955391620573238
RAB30,0.006325278688360012
ADIPOR1,0.004294287294986706
HMSD,-0.007381113671107696
MFSD14A,0.002910496056512298
CDKL4,-0.0013901345935071429
TMEM25,-0.006015572802473574
TMEM259,0.002692437531675585
NKX6-3,-0.004688467816204787
RBBP5,0.004970709997393327
RDH8,-0.002546176591597424
TMEM125,-0.005576538662285842
CACUL1,0.00446676897766591
KLF15,-0.009463617632716154
TRAJ31,-0.003323979243588437
ZKSCAN1,0.0033733141885829085
FPR3,-0.004983804881992924
CES3,-0.006455092824800484
FGF2,-0.006515409515248972
SFT2D1,0.005326128157864635
ELMO2,0.004853074642176883
FCAR,-0.0077799792495367665
LRRC2,-0.0024383086504048443
MDGA2,0.007843855333687477
ZMYND11,0.00907470978025489
FNDC11,-0.010194847714272906
IFNA6,-0.006472561245831729
SLC6A19,0.0016867534530165186
EXO1,-0.0064920489993154674
ZRANB2,0.007937635228793838
OTOGL,0.023884234933398665
KCNG1,0.0005293375028486777
BNIP3L,0.00763413386368166
EGF,-0.002555491152282351
TRBV5-3,-0.0018263747142926881
KRT78,-0.0031824282119581296
UNC13A,0.025274734545441258
DCXR,0.0026080891154910183
KLRF1,-0.005740078530339591
TAF12,0.0032822713039696214
MPZL1,0.001180926631760371
MYO1F,0.005060329031574113
TRMT5,-0.0058082385190774575
ZNF318,0.0009485811204388203
ZNF584,-0.008843076691903326
NSUN3,0.00044528007659572254
LRRFIP2,0.010399443262305727
LGALS9,-0.0007236854442020015
OR10X1,-0.0022324214681791995
MIDN,-0.002281951129981722
TYW5,-0.00028049763119630914
GABRA6,0.00402252357079932
USP2,-0.000529692177760351
DACT3,-0.009221293420935667
SPP1,-0.002977759212253068
NGRN,-0.0052207420326726255
UBE2D1,0.006289898195590002
BRF2,-0.006599681586244761
OR1I1,-0.007570834924833929
CCDC85B,0.00039058407406162795
ZC3H12C,-0.0011465813384394109
SIX5,-0.009772368470650815
SIX6,0.002270901179692473
ASIC1,-0.0005590873063791277
TRIM64B,-0.001685286984354217
PDZRN4,0.004162247008236447
STN1,-0.0022974481471691806
HAS2,0.002631033517282297
OR8H2,-1.598490670824011e-05
BTAF1,0.02871673596462893
LCTL,-0.00371855758850673
CHCHD4,-0.0018875898990651466
INPP5E,-0.007828807499858615
STX5,0.00035728284465114574
TTC30A,-0.0009824567777035331
KIRREL3,0.006106204779025264
KLC1,0.012890047621379602
PPP3CC,0.012560338126271808
KRT6A,0.0031393973410851397
TRPS1,0.003114172493761645
TRGV4,-0.005129112022442634
HPSE,-0.003128800645686995
SEPTIN12,-0.0013652783729412319
PTAFR,-0.0024286046107544397
SOCS3,0.0003813623068499689
PRR18,-0.012901609528710313
TG,0.0237181044244702
AFM,-0.001885035880711589
MORC3,0.0007516716408077208
MAU2,0.0054620335618438
SKA1,-0.008277289364666771
TBC1D15,0.0068094758410444664
CAPN15,-0.005330253181256253
ATAD3A,-0.0011063585266329332
SNX32,0.008056410982083075
INCENP,-0.007873755171862732
ING4,0.006091194514572165
FOSL1,-0.0007847100363817856
RNF125,-0.0007406673320410293
DAPK3,0.0039368803889739306
PLPPR2,-0.0008260674617233707
KCTD20,0.0030436611311857615
ZNF658,-0.007588521966329397
ACTR3B,0.00647575544982424
ANKRD31,-0.00018313514704005931
ZNF550,-0.007654954053936783
ANKRD46,-0.0021571588587420087
ITIH5,-0.0004073711208973999
PTGDR,-0.0031351512160226924
TAPBPL,-0.010212076939903501
CPNE3,0.00915053988071873
PPP4C,0.007969431650886922
GJA8,-0.0043343100573770945
TIGD4,-0.0066147191896319705
CLEC17A,-0.011022815148156237
DBNDD2,-0.006071014156137179
WDR33,0.0047081143869097085
PABPC1,0.012455775688568095
ADH1B,0.0033371866713252526
DUSP10,-0.0015943213280135346
GCSH,0.0003090363075019191
SLC22A16,-0.0036850934004052384
ADIPOR2,0.005934345686869153
VSTM2L,0.00015442988709771246
FBXO8,-0.0009126031752544681
PSMC6,0.010276214108777137
COMMD8,-0.001113771539085746
MRPL16,0.0003499663698295072
LRRFIP1,0.004172277591604018
DCP2,0.0015381823224818781
FIGNL2,-0.008800110680011632
SLC24A4,0.005420858477577551
UGGT2,0.019324904802899695
PDXP,-0.0017334423048547272
TAL1,-0.0076723654972399614
C1QTNF9,-0.006746710491632313
EMP2,0.004014426979385961
NDUFA4L2,0.0006543728228276064
BPIFA1,-0.0028610991896104655
SRMS,-0.0036037727003070587
MNAT1,0.01010406433539635
KRTAP1-3,-0.000978954455662965
NEK6,0.0033293168579069873
C5orf63,-0.007626795876926833
LCN9,-0.001531813467065207
KRTAP5-4,0.0012394852086074373
RNASEH1,-0.002608414642468433
HOXC11,-0.0024080278345197347
TNK1,-0.008698953566184922
SPRY4,-0.005420827521747763
CTSE,0.0008427041858330824
TRIM47,-0.006312020647435002
THAP2,-0.004243479096606768
NCAPH2,-0.004577026835119155
CTSC,0.004529979612354912
SEC31A,0.010628918481970749
EIF5AL1,0.001975106285732538
HPX,-0.006394175729866337
MRPL50,-0.004180919979914433
N4BP1,-0.00015990818221546074
BRMS1L,0.0038380356259536605
TTC13,0.0025579031787920374
ZMYM2,0.010337067025455783
CLCN6,0.0018790639712873275
OR4K15,0.002578351627602295
HHEX,-0.0013441675751106337
NPIPB12,-0.00998060849436771
SNRPC,0.0036424447994652287
UTP20,0.02491626352996179
PPID,0.0027955627790005474
EDNRA,0.0007381366992803449
C19orf44,-0.009761943090310879
CCDC110,-0.010209539893112789
CRCP,0.0029266831117502634
ZNF609,0.008032138711924259
HES6,-0.005381467238579032
COL4A2,0.003375434523045194
MYL3,0.003995007276384949
MTMR2,0.007588846079501561
NRDC,0.011104697002194672
SPAG5,-0.009576512275353685
SLC18A3,-0.0015337038700691476
DCAF12,0.002101960954993936
SYCP2L,-0.006071429496451744
TMEM199,-0.004386143870773654
DAO,-0.0030891043105484204
MPHOSPH8,0.005369378547977322
DHRS13,-0.0064435938390205545
SERPINA3,-0.0012305925234563848
OR6C70,0.005137216152636259
SNRPB2,0.0066216313414213385
DESI2,0.004758607598964896
SYNGAP1,0.006061645143182084
FCN2,-0.0034413030027800238
EYA2,0.0030183070772942864
GFRA2,0.0009821313233836957
SAR1A,0.008122827281363628
ZNF512,-0.004653735322618276
HGFAC,-0.007672659630688476
KYAT1,0.005576104397924115
LRRC36,-0.007443967223325229
FZD1,-0.0032480019657250628
PLAGL1,0.0006171130543432814
RALY,0.004724823011163074
NDUFA8,0.004312138286746525
CWC15,0.005230088158543467
ADAM18,-0.007352108554351003
DRICH1,-0.010363673360360712
OR10V1,-0.0033970425602666676
SPDYE1,-0.00949656954865656
CCL4,0.0017306507363019086
SDHC,0.004005619955843727
TBC1D7,-0.0002695975851388442
MAN2C1,0.0023785917570565214
TERT,-0.00890269475293067
TFPI,-0.002337426176925505
TRBC1,-0.0020242438965825307
OR2G6,-0.004932906146221949
F12,-0.005640444304642133
GPS2,-0.00014313333214685062
ARHGAP5,0.01545429401429762
SLC25A44,0.0009897420193743316
PAIP1,0.0010569868569152384
RHOC,0.007330606251860634
EPYC,-0.0015445600495092903
UGT8,-0.00045240883364747013
TJAP1,-0.005383157007188356
RET,-0.0039020531553774075
CABP5,0.003985145428583502
ALKAL1,-0.010123897901542056
PRKD1,0.009909846632907539
CALCRL,0.004759654905528405
TRIML2,-0.009216921343767339
LRTM1,-0.0031561885250243264
GP2,-0.0025848056331481957
SLC25A46,0.006058055677087033
WDR37,0.010673979092808643
ZNF354B,-0.005279464435309539
POTED,-0.0074262440353895865
SP6,-0.008974604480006658
RCE1,-0.0028281849329519194
ADAM28,-0.002024779453422259
PSMB10,0.002678284755271071
TIMM21,-0.005128175676790459
PLEKHB2,0.0036256721859357494
EHBP1,0.009832242946394539
NR1D1,-0.0012140872555815281
DGKB,0.010642898349859922
MRPL20,0.0037241573325775632
FAM174A,-0.005832218673713851
SEC16B,-0.0049749615788818825
CFAP299,0.006928645125541962
VAV1,0.002772758076878871
GSPT1,0.011861057060054492
VCL,0.008890030977562592
GRIK2,0.01268632393714045
IGSF3,-0.002640355358662597
JMJD1C,0.0286370326858586
SESN1,0.006399268868800337
SNX22,-0.005697992091125931
PHOSPHO1,-0.0028886848126172975
LMO2,0.004899644067671975
CCN2,0.0003728380903858181
CYP2C18,-0.0007868232741413277
CTSA,0.0025956095035450035
RBMS2,0.002436632271381079
RPL13A,0.008479258816711197
INPP4A,0.008936519239447145
GABRB1,0.012285594186327319
POLR2J,0.005657235420656665
TM9SF1,0.0010004017022512742
WDR11,0.005303915259909752
C11orf96,-0.006027917485897553
CHCHD6,0.0039255980109773716
HNRNPM,0.0055171804611771486
PNO1,0.0026214000498449193
GDPGP1,-0.0061224307633410005
DNAAF1,-0.0045706138048926025
PSMG1,-0.0024105651165174254
RBMXL2,-0.0053386934189667105
C2orf69,-0.004749593554997342
NQO1,0.0025081331345846868
PLEKHG6,-0.005733153071336108
TRAV20,-0.002230624803084802
GABARAPL2,0.008822490677340622
GH2,-0.005751233953570505
GPT,-0.0010642422356105985
LGALS14,-0.0019822436257637215
KRTCAP2,0.0039828976776786025
ZNF138,0.0017339751242042678
CFAP97,-0.004993959917991849
EID2B,-0.00971305798586863
RFXAP,-0.00508954363168946
ZNF33B,-0.00041759034011492886
FBXL5,0.00204801415588647
HRK,-0.006023621454392028
CLDN22,-0.003661253157370871
NUMB,0.0067635461787122165
P2RY12,-0.0014161120965710905
CD302,-0.0031182626801624295
HPS5,-0.002735669398700629
MAN2A2,0.0009328581822277074
PCDHB8,-0.0030255533716333385
IGHMBP2,-0.0032962624222695257
PFN3,-0.0033713103315169478
GDAP1L1,4.0204299119167074e-05
PFDN4,0.005420758468552392
RAB10,0.013276647689758177
KIAA0100,0.023362458325563374
LRRC28,0.006034120498131504
SELP,-0.005158087072164852
NYAP2,0.0024261992728770265
SSTR3,-0.008339567347827535
OR5K2,0.000940662453096053
PDE6G,0.0005316229711267908
SOHLH1,-0.01173400685051644
MDGA1,-0.0009752443819666868
KLF9,0.0008232477279844094
NR1D2,0.004001318393788022
PIK3R1,0.010551117305516505
TEN1,-0.0041873013400087625
VN1R2,-0.010066641733092815
KCNJ1,-0.0002292479950707139
MTAP,0.004108874999474288
ZNF273,0.00047101671098743423
GABBR1,0.008633560116650672
MOG,-0.005371392961758525
MAD2L2,0.0004915727335003087
MED15,0.0043692634319330926
BAK1,-0.00431979896048395
CCDC62,-0.007943502861473094
TRBD1,0.0024718141422952716
ABRA,-0.006368067916959843
ARL5C,-0.00256208129762044
TLE6,-0.010953546645995918
GJB2,0.004220898231021896
ETNPPL,0.0015456635261456482
THRAP3,0.006068717967041298
PLN,-0.00397687799291152
DEFB115,-0.00839351919333989
LOXL3,-0.0026874461777008306
KPNA4,0.010815865034702962
SLIT2,0.013406596723264984
GREB1,0.019132128166150193
PRR14L,0.007040142948368355
C9orf40,-0.010461949264985443
CRYBG3,0.012610991501405058
ARHGAP11A,-0.009126895613443336
SUPV3L1,0.003319254053845124
FAM228A,-0.009545086945387289
SEC11C,0.006730912578511758
ARL5B,0.005221284164552066
RALB,0.00628594790465509
SHISA2,-0.003221509128766557
PSME2,0.002492765305443729
ADAM15,-0.0048319526264373434
MOBP,-0.005389479336172954
KLHDC2,0.0005289003634201691
KRT73,-0.0013018933843191602
KRT19,0.006058827643749994
SLC37A4,1.8797339163521066e-05
DSCAML1,0.031019508617202037
ATP1A2,0.006468254365144109
CNR1,0.00295153729108146
MGP,-0.002313556636830463
KNSTRN,-0.00900063077674598
MAPK12,0.004108054494812328
SLC28A3,-0.0030592150378956416
LAMA2,0.029868000047802448
MFSD11,0.004901895600553111
MYRIP,0.0033101862901573627
DNAJC30,-0.007572906647579203
ZNRF4,-0.011038907854921634
ITPKB,-0.005659118261016103
ABCA10,0.01658862328811412
POLM,-0.00509663035919975
ZNF226,-0.0026546718313945282
THEMIS2,-0.005354937105753881
HBA2,0.0038508730570798646
RMI2,-0.005431100783640521
STATH,-0.0026262964338208366
OR2G3,0.003078806069266431
SLC38A6,0.009332775576865444
PTCHD3,-0.005668623910327783
NPC1,0.0048757222248546
AADACL4,-0.007341310219160241
EPS8L2,8.240887765360355e-05
IGKV1-33,-0.000831782287533579
IRX1,-0.0028860301747012044
MIS18BP1,-0.0035345551203530834
ACOT1,-0.0029816281363195924
ZC3H6,0.00013375474908702213
PHACTR3,0.00751463842449793
SYT5,0.0005852038754198895
PDPN,-0.007595807465429937
SLC2A10,-0.004899047474019182
NOP14,-0.002807354742547471
KLK7,-0.0022197885894242307
AMBRA1,0.00586768378099066
SIT1,-0.00892869688077717
TUBG2,0.007574428372834441
VSIG2,-0.002007548720518808
ARAP1,0.0023298321894226546
IK,0.004240120700391636
TRAV7,0.00041453340293290305
CCL1,-0.006906022135718032
M6PR,0.0013377851385984586
CNTN4,0.008647005242192862
TM4SF20,-0.006190005813828984
OR8K3,0.004824470658119475
CCDC74A,-0.009186231931456698
TBC1D10B,-0.006744556368584824
MAP1LC3B,0.009457652474144656
ZNF74,-0.008100800667333822
COG3,0.0050188741569200295
PRB3,-0.004148038642478935
NIP7,0.0026910082332871634
CALB1,0.00527246430128334
DMRT3,-0.006998511597964367
CDH12,0.007514505179481862
USP42,-0.0034126955919947283
ABCC3,0.014093103382620908
OR8B8,-0.0036033863363969993
MAP7D1,-0.0016994177997451962
ARHGEF3,0.007924725827545307
ALB,-7.253707536569059e-05
C18orf32,0.00047305168208384117
GRM1,0.008429239967561316
TMEM271,-0.010506349150130193
HINT3,-0.001050879820263837
IDH2,0.0065454454088503125
BTBD7,0.0038509988328024962
CDH2,0.010022135409503074
EBAG9,-0.0031588427095095065
STC2,-0.0069515675528333465
ZBTB26,-0.004531971074307442
GTF2E1,-0.003265171366253512
REV1,0.004932841630857857
CLDND2,-0.004474273675202779
CD207,-0.008317542438560104
PDIA5,0.0011270050079308163
SYNJ1,0.008262485091926569
CDK5R2,-0.004646211923560171
ABCA1,0.0290765357100714
NDN,-0.004614827169545767
MARS2,-0.00487219093099367
ZNF682,-0.0032512497860070957
FUS,0.00906767092725203
ZNF232,-0.007899536946390675
CDC45,0.00013029635987093317
RHPN1,-0.0026026008204144773
ATP6V0B,0.00950462548403774
SPATA2L,-0.008240074550512332
VTN,-0.004876191924967072
HAPLN4,-0.004817827024204176
TNIK,0.014329963148973853
DHRS9,0.0007289510095095923
DMXL2,0.03635466056202059
ZNF614,-0.007204377862954092
COL8A2,-0.006870668557655978
SYCP3,-0.004121550912264389
TFB2M,-0.005114590827499797
SHISA9,0.0037887410680018173
PAK2,0.010436133061838243
GOLGA6D,-0.011829837971411454
CD47,0.00527229099579847
PDIA3,0.008947355591944905
ANKRD27,0.0009823894584187413
FUOM,0.0008974894758909203
SMIM17,-0.010492757498353393
TECPR2,0.004098912640340552
ZNF718,0.001046529153766541
AGGF1,-0.003743494432447193
FGF5,-0.002691424890960605
CYP3A43,-0.003341248018398994
LRATD2,-0.0057215887571141835
ADGRA3,0.0005468518211235919
NTMT1,0.002621789869649482
SLC66A2,0.004781797377377116
NSUN7,-0.005510814999479584
CBL,0.003834310012238506
GGA1,0.0015009117030811226
RAB43,0.00031903970772519975
ERC1,0.013013035378481565
LRRC46,-0.007546888973500071
CIPC,-0.010109289662349403
FERMT2,0.007731286516006266
PBRM1,0.024680598975268433
AP4B1,-0.0017636020869396332
PDE1C,0.007241857631657128
TFAM,-0.0032173309021106995
TMEM151B,-0.005886964546932504
NHLH2,-0.004804936968352101
ANO6,0.007476256433542747
C1orf100,-0.008489537173150768
PLTP,-0.0008966022940184445
TXNL4A,0.011317633105105631
ATF7IP,0.002172540438143126
C1orf53,-0.008307733864575164
CARMIL1,0.009864674416937702
CITED2,-0.0019881083164948582
CENPH,-0.004367973115618772
CST2,-0.004489215547355413
CHUK,-0.0016989830799609411
FNTB,0.003744628190612066
IGKV3D-11,-0.0023057448815006322
LYPD8,-0.0075642040199501185
GUCA1B,-0.0006266673511654813
MT1E,0.00028216490878558526
TMEM71,-0.008002539380077412
ATIC,0.0056022192116496825
FAM220A,-0.012362060806704269
LCE2D,-0.0032833575247025945
CDH10,0.008522043779051627
FNDC5,-0.001653476641267436
GJB4,-0.0014917685567827123
RNF44,-0.004082609935883423
SLITRK3,-0.005584460283713333
CNPY1,-0.0038367347584523045
CRYBG2,-0.008361267980193435
SHLD1,-0.004879153678492148
SPRR2G,-0.004841083277728743
WHRN,-0.000183962782906093
RELB,-0.0029595142576009006
TATDN3,0.00526257779125969
TBX18,-0.002952862283748064
CDT1,-0.004909196203318973
ACOX3,0.0004672831533444931
OR6C4,-0.002840582478866932
SSC5D,-0.00953290359209929
CD8A,-0.005514630497464319
ZFYVE27,-0.0015972677103985704
BTN3A2,-0.004382562902619298
MYNN,-0.003481608111986709
MRGPRF,-0.007362751881326125
RNH1,0.0016614166156849646
CYB5R3,0.006084840288731727
NHP2,0.0057277651176279665
SYNGR1,0.0060770499321269955
RABAC1,0.004694051347192416
TBC1D9,0.006923998265966506
SERPINB6,0.004269384314039147
ZNF195,-0.00347727990922393
ZNF2,-0.008010259478030949
DAB2,-0.0007081010892201137
LRRC8B,0.006406630252456215
DEDD,-0.005439660432629207
CDK18,0.005673304326413989
CLCNKB,-0.0015797501476662054
PPIL4,0.006274228592860362
GTF3C5,-0.00012251914278812236
L1TD1,-0.007894190610321367
ANKRD24,-0.004427271031867275
MBD3L2B,-0.003372722561121
CHRFAM7A,-0.002370572140861725
QRFPR,-0.001054598126286257
PNMA2,0.0009624702721165967
ZNF780A,-0.00452299089156994
GPRC5C,-0.003277155833520578
NUDT16L1,-0.0013083497297507768
MRPS12,-0.001260931716823362
TRBV6-4,-0.0008017479915134019
OR9Q1,-0.004942384516959713
C11orf91,-0.012035582068603133
FDXACB1,-0.007925777590777382
DCHS1,0.022483437784966826
KRTAP4-8,0.0035853768863680063
ITGB1,0.00830379908066107
LMAN1L,-0.010552371898038725
ANKRD29,0.002616564080880969
ZNF470,-0.004038679330683313
HES4,0.0005446891644722493
FKBP1B,0.0008537141104309067
KLF4,-0.003322342723484512
OR5L2,0.00326424310862045
TRBV6-5,-0.0010764821662104457
METTL26,0.003907464827086132
UQCC3,-0.004713702451378387
UBE2L6,0.004361172043303271
STAMBP,0.002214781776063089
NANOS1,-0.011255672555943662
RAB5C,0.007522463080217254
LARP7,-0.001639980890959912
CALCOCO1,-0.0017589011218952222
PLPBP,0.0009523923188762342
RAB11A,0.013084329830482367
NTSR1,-0.005790561822100516
OR10H5,-0.005698680015257386
RNF151,-0.007152067669090398
NAMPT,0.007703668549341261
CYP4B1,0.0008652075664924086
PRSS36,-0.009886882292838158
KCNJ9,-0.00024542405527052096
TWSG1,-8.9528199510317e-06
AP3B2,0.010513341584332024
FUT2,-0.0030557338601689137
INSIG2,0.00048150514427312716
RASGRF1,0.009261484216146029
LIN7C,0.0036124506681299274
IGLV4-69,-0.0013027138598745893
BTC,-0.005480333435083314
PM20D1,-0.003638248860718429
PLA2G6,-0.003834379951553559
DPY19L2,0.005937882195769726
PCBD2,-0.00013832236753353734
ADH1A,-0.0008231341749106941
SAMD3,-0.00107613947671738
TRBV12-4,-0.0016640381834836348
ZNF804A,0.00029295917483545007
EIF2AK4,0.01583800006433462
ULBP3,-0.010195559531485736
DCLK3,-0.008204906863807407
KCND3,0.008784749665058269
EPHX2,-0.0001361118882242564
TSPAN31,-0.0006165737525509544
PLEKHH3,-0.005821888844321124
SELENON,-0.008458176833321606
ILRUN,0.002458340795364376
FOXD4L4,-0.011415312383621319
MEIS1,0.008300933555884904
TIMD4,-0.0076836270667953385
SMCHD1,0.02600429611021704
USP16,0.0007879667354828297
ARMH2,-0.007859668155796818
ZNF710,-0.0031751617623686757
C1orf216,-0.008021901663495049
AMBP,-0.0028428514232922745
RDM1,-0.007738013716087095
BARHL2,-0.006118934828758803
LILRA6,-0.0049043959124262584
MAP9,-0.0015593974925979213
ZNF493,0.0007918618314035476
BICDL2,-0.004518149421220114
OTOS,-0.007936113809688122
DHRS4,-0.001256796135377699
SLC26A3,0.0027199233865114
DPH2,-0.006395751678393623
AUH,0.007384966016826702
EBF4,0.0010930534866791283
ZNF467,-0.008542724667426008
HSDL2,0.005135585467780093
GIMAP8,-0.005964970983488194
BLK,0.00169745021135466
NUP160,0.0077927045741006005
PRR27,-0.00785773345885272
S100Z,0.0025451525806586485
MGAT4A,0.004709418049137809
OR10J3,-0.00044077533912956565
OR2T34,-0.0026469962111535937
LPL,0.0032366479083644206
ZNF101,-0.00826888397303689
CASP2,-0.0043854038020544285
CCDC116,-0.013178865910854277
GZMH,-0.002368411215518182
MGAM,0.0298584336630196
UBASH3A,-0.004595946352083284
RAPGEF5,0.008875089591312097
CHMP7,-0.003945528304824359
DCTN6,0.0015769781962661166
KIAA0930,0.004905729097550737
FAF1,0.011697874673410017
PILRB,-0.003543534782302549
TBC1D3L,-0.01120947639868764
TBCB,0.005366014688623043
ALDH9A1,0.002738435520519229
C4B,0.015212768081377897
CD2AP,0.003833451309476859
RSPH6A,-0.0027199249370686213
SPP2,-0.006901891717173032
GABRR2,0.0020264372731868263
CBS,-0.000571305171280715
DQX1,-0.006273505119899075
GZMA,-0.002169837493171839
PAN2,0.00022720042915106968
GTF2F1,0.0007203203582664533
CKAP2L,-0.008894561962731383
MDM1,-0.0071614073645831595
DDX55,0.0015197149723916387
RBP3,0.001499667379061023
BAG4,-0.0044878539399357065
ALKBH7,-0.0002158698783066955
TREML1,-0.008902751874222712
AKR1C4,0.0015197079426741188
ZNF804B,-0.0004801558215352223
FOXD4L3,-0.01132705925228894
HACE1,0.007759718260241389
EIF3I,0.008319694028222085
C16orf74,-0.0047262256431978055
GRB2,0.010018835352909532
GRPEL1,-0.0005092023211194966
RAB11FIP5,-0.004040699086513584
TRIM34,-0.005528246972691354
ADAL,0.0006245837580026608
KBTBD8,-0.006494241277100497
KLK8,-0.001300974640821075
ITGA5,-0.0011209059054284795
SIGLEC1,0.010231037568547244
GALNT3,0.0016940643571399844
IGLV7-43,-0.0011250918097410708
MAFA,-0.0053175711659695845
NR2C1,0.006145610530399331
KCNS2,-0.0005058796156025143
KRI1,-0.004701378138792493
NSG1,-0.0009223410223161878
CEACAM18,-0.010828662652487712
P4HB,0.007598745860943712
IFNW1,-0.008103534033272011
HASPIN,-0.010598541937408135
SLF1,-0.0002457135798910472
KCNMA1,0.013096654865783241
STK10,0.00427203722903777
DEFB128,-0.002871716969419621
PER2,-0.0036886320805399626
KRT222,-0.004215888424145387
COPZ2,-0.000655011520483395
TRIM63,0.0002138245352631728
ENDOU,-0.0033966151248454543
FXYD1,-0.00029982906465709055
ADPRM,-0.0019858604686396586
MOS,-0.004877552093262992
RASSF8,0.001530590572012663
SCAND1,-0.004496303686848475
STRIT1,-0.00653458825984472
GAPVD1,0.018034388862440038
TEX36,-0.011179660647137366
CFAP57,-0.0016233179303468941
RTL6,-0.008494293934461194
TEX44,-0.00548813803599005
TMEM225,-0.009675256637692857
RPL26,0.008926598646450264
SH3D19,0.0013452103799198912
CCDC7,-0.0007921046125433279
HSPB8,-0.0022605950726018544
RANBP3L,-0.004479109262280669
GLMN,0.0006611844841239617
SLCO2A1,0.0014842772507022474
ZACN,-0.010457856234779144
SF3A3,0.006260270127445963
PRADC1,-0.0027342731220322725
CPB2,-0.0014234674149759983
GATA3,0.0009029123356381869
GRB7,-0.002815446123929636
ZNF771,-0.005915536351491289
TFR2,-0.0018342389116092013
SETX,0.024497492200779066
OR1B1,-0.0052253239754266705
IAH1,0.002442163331445582
SYNGR3,0.00021362950322484985
MOSMO,0.008222297307513894
OR5V1,-0.003991684782823778
BMP2K,0.0029561448574503793
MYH3,0.029219912039108176
SLC43A2,0.002381091114408399
BLVRA,0.0014671438762558003
OR10G8,-0.0037749855014643477
MAPK15,-0.004698643933465895
PSIP1,0.004892711835634791
LTBP4,0.006427114716714949
OCM2,-0.00017604262594876933
OLFML2B,-0.004471398239755174
CD5L,-0.003737752199417152
RTF2,0.0027628387011289827
ZNF678,-0.003230363527783667
EID1,0.0002904810711249362
BDNF,0.0035537536195966476
TAS2R10,-0.008129898229125023
SMIM41,-0.010624667448009795
SIM2,-0.005615271155579994
FUT1,-0.006856247278642355
HBG2,0.00633200493122155
IGLV3-25,-0.0006876523737995522
MS4A6A,-0.002226285616536348
OR4C11,0.002188026811941078
UBXN1,0.002623365332945046
CD28,-0.007316930513856263
MACO1,0.009980959784297113
OR8U1,0.0028029935657431435
EPS15L1,0.007359096121507792
ERO1A,0.004321382809367226
IQCH,-0.001844542900844857
LCE2C,-0.0005291870186430154
INPPL1,-0.005512102731804661
PRKAG3,-0.00458538357251533
CYB5A,0.005840686603319313
HYAL4,-0.004430711695325083
MUC21,-0.004102071564631003
G0S2,-0.0014323961969230487
PRR16,0.004534580301850902
SEL1L3,-0.0004672103385456043
SKOR2,-0.0048281507185212
TUB,0.002701438616338764
SLC6A3,0.0012372541341295722
SENP3,-0.00918864179755763
TRAV12-3,-0.0028403886763260842
RPL22,0.008630434501112118
SLC27A3,-0.0033821817498336515
PPM1H,0.010048406986363431
CRLS1,0.00034387280136130555
SEPTIN4,0.004394651724252027
FCRLA,-0.008500135657423401
KPNA7,-0.001462443791992732
UBL5,0.008810450687610006
MAP3K21,-0.0004286662053668014
P2RY14,0.0017937606929355771
CNR2,-0.005025498931830663
ZC3H18,-0.0025701209238207026
IWS1,0.0032659851768979723
DLG4,0.006145143618590621
NKAPD1,-0.007007530336542456
PPP2CB,0.010768673337854402
SOX9,0.000985705183725046
WDHD1,-0.004322056919353526
ZNF302,-0.0012804431309680507
NAIP,-0.002546941099662979
PIF1,-0.005733732271742097
PRAMEF8,-0.0009604133330303608
KRTDAP,-0.0044357479899203
PIAS1,0.011572969799652624
SPACA3,-0.009649445492722834
STX8,0.009449996274978013
CD80,-0.008928333597412673
DNAJB12,0.0014764904734214778
SRRD,-0.007602037627702317
KRT15,0.003824403163378514
SYCP2,-0.0023590703647379733
TLE4,0.010697263516983949
C1orf210,-0.007156883470138285
UTF1,-0.010786544753406584
GTF2IRD1,0.004084744386570926
ACBD6,0.00922026634599366
UBTFL1,-0.0018679692411760283
NPSR1,-0.0005577076811413101
TPGS1,-0.005491031957809968
CHN2,0.008124171206620094
SSMEM1,-0.010451561698760043
IZUMO3,-0.009505301021380896
CCDC90B,0.0025460328314860794
ASPSCR1,-0.0033918873016987334
C2orf92,-0.010711594050672709
EPB41L4A,0.0026996765191802615
NLRP9,-0.008889375732963575
XYLT1,0.001720917185901911
ECHDC1,0.00452866873001384
IGKV1D-43,-0.0019126032511275195
ALK,0.0016229049898620349
IGKV2-28,-0.0011237693284990545
IL27,-0.01134028359605903
C12orf4,-3.990178211166178e-06
SLC17A2,-0.004963926746383095
ABHD16A,-0.002408975238079252
COTL1,0.007607403319274748
MRPL37,-0.003925569751601753
SLC20A2,0.009862251439760529
ZNF732,-0.007156830902689774
VIPR2,0.00301188958333846
ACTRT3,-0.0044957867396090275
CLDN14,-0.0004173519058915368
ITFG1,0.008253465271751767
CEP131,-0.00856489370309735
ARPIN,-0.008240224969331638
RRAS2,0.008980583797590022
SKI,0.0012246177226503177
DKKL1,-0.012672626840795
AFF1,0.0032122487336422646
PARP8,0.006836334392943518
ECH1,0.0032436164127547054
PIBF1,0.007191987005412348
FAM166B,-0.005686551096838306
KHDC3L,-0.009467612008784605
SMARCC2,0.003072650308240591
IGKV1D-33,-0.0007796390245517548
TRBV5-1,-0.0015530290948759685
SERINC5,0.0067341982797437
GML,-0.008717886778645099
PDZD2,0.018000754551609915
UCMA,-0.005930839889178914
UQCRHL,-0.001055455745976662
PAX3,0.004450817759375231
AS3MT,-0.0018529562658190933
RNF145,0.007988689627960385
KLK6,-0.0024706460303031514
NAT2,-0.004866898817774253
NRP1,0.006984128742889455
KCNS1,-0.0038079583279111953
SIGIRR,-0.0031291028411202684
CABP1,0.000730905039386335
ACP6,-0.004057095714116727
MYO5B,0.023297675317137074
SPSB3,-0.0010738739988599823
MSLNL,-0.008789518574401904
WNT9B,-0.0050212933306492975
NPAT,-0.0022483005674504577
FAM118A,-0.00018842597326331604
HSBP1,0.0076281973223342806
PLCZ1,-0.0030348962958156836
LRPAP1,0.001980669972961183
MSANTD1,-0.006795856453867291
GRK6,0.003050623605142988
RCOR3,0.01084328396720878
RNF114,0.002222924706343681
APOBEC2,-0.00429586297944213
CHRNG,-0.006204502562334665
DCTN4,0.006502493456520121
SHBG,-0.009190257374466814
TXNDC12,0.001419865103865114
EMC2,0.00741225253058448
AIF1,0.0041476939939796825
CHI3L2,-0.0002394917559105775
ZKSCAN8,-0.005117966024250016
RGS7BP,0.002459020219752904
ZMYND8,0.009328861744021703
PDP1,0.0025980710848188915
CSDE1,0.013216029163945266
RAET1E,-0.010440512133430233
SLC30A7,0.006660284417539029
PGF,-0.007290912253442024
LRRN3,0.0027467893009973225
MFSD2A,-0.0007052392622333995
STAM2,0.003906775692678125
CD9,0.006213289543237067
CAP1,0.006363022084472506
PUM3,0.009463951874669104
COL6A3,0.027343751036023895
B3GALNT2,0.0022712102456819666
ATP11B,0.011415111950726293
MGARP,-0.007424575268567375
PLSCR3,-0.0057108521444005555
EPS15,0.008267020372302914
KRT80,-0.0047501687033734
NFKBIB,-0.006574139103181917
TMEM107,-0.00024128601575050375
SLC26A7,0.00014845319081153766
KRBOX1,-0.008777696705634445
SCIN,0.002429875801783814
PDCD7,-0.002964294694356382
HSD11B2,-0.00332792853032886
MMP17,-1.9127004808369345e-05
IGLV7-46,-0.0014416662569021502
CHEK1,0.0002984337556310239
USP54,0.0019449210935537824
ZNF114,-0.011309684571307202
ELOVL2,0.0014728073654595867
C4orf36,-0.00902806623122681
VEZF1,-0.0035223637372518474
EFCAB12,-0.010317208484903582
RXFP2,3.246181481053273e-05
VCP,0.01115756376866705
GSDMC,-0.008524335448112237
USB1,-0.0025488912330480008
GET1,0.0029316596725850446
TRAF5,-0.0015532443411844863
MRM2,-0.0028786982129589147
PDGFRA,0.0002757110272331768
SF3A1,0.0028712894448940734
TRIM66,-0.005628938221824225
GPR6,-0.0051636370024048086
CLEC4D,-0.00793290732712279
COPE,0.007426902796177998
EFNA3,-0.006259282102270531
ZNF335,-0.0043360062516245735
ADGRG3,-0.007204381430748472
ACAN,0.0005549437788619447
ZNF503,-0.00186145541788838
SLC9B2,0.005180342867425386
HCRTR2,0.00302254807597516
FAM53B,-0.004234469981571842
CLUH,0.0052694560616992235
CCDC137,-0.006818630684292545
NDUFC2-KCTD14,-0.004943864746219975
RPS15A,0.00775277427006515
SMIM15,-0.003391836324927115
ZNF608,0.004999996217007467
LNPK,0.0038751652883235004
DOHH,-0.001214087822201913
GRB10,0.005344516299910486
PTGES3,0.010755188373936535
TSBP1,-0.008517484822160911
ULK3,0.0034370323618277917
NECAP2,0.003234694731165888
ZNF628,-0.007953262987401207
WDR97,-0.0033445855406652805
FAIM2,0.005491456196599032
CUZD1,-0.004964859240180501
AQP4,0.00248331416329273
ALG8,0.00465408820973215
CA6,-0.0021578674292680963
LCE1C,-0.005406065057067123
SEMA6A,0.007012303807068104
DHX36,0.008339456072773714
AIRE,-0.008384634451031901
EIF4G3,0.015626008631928524
NCSTN,-0.0029651626113496553
OR4D11,0.0017327579391729151
TOMM40,0.00044812661314547734
PPP1R21,0.009113127354537023
PSMA1,0.012042158200298386
LRRIQ4,-0.005909046848910201
TINCR,-0.008271796088595221
PML,-0.006468120722226103
EXOC4,0.01180237559781914
PLK2,0.003078048491160465
GPATCH2,0.0015370650162970575
HSDL1,-0.002643065716333134
RUNDC1,-0.0050817623378337845
BRMS1,0.0008337202084986918
PPFIBP1,0.007645885466904729
LRP10,-0.0056466568058352725
TBC1D3K,-0.006098313511162922
USP35,-0.008540910012503787
WDPCP,0.0036869785763255156
IGHJ1,0.0012724161773201203
CPNE4,0.010059784245355122
B3GALT2,-0.0046424220553256575
RNMT,0.0030746725225557735
PYGO1,-0.007221121891029569
SCNN1D,-0.01167436671918295
OR2L13,-0.0030578333793825937
TUBA8,0.0020893310402696668
USP17L7,-0.010545175119358985
MBD3L2,-0.0056111891800234666
NOMO3,-0.003641101957715953
TEX48,-0.009838522636345408
SCRT2,-0.0059647100524959805
ADRA1A,0.004147275186552267
ASF1A,0.002051025797225901
MZF1,-0.0034766614270063667
ZNF649,-0.008080434128955148
PRDX2,0.008310310207299589
SSBP4,0.005637590127120074
IFNA8,-0.005492255520358349
PID1,0.004494072925410187
ROMO1,0.0035485810357498274
ZNF491,-0.006658522483354002
TBC1D9B,0.0024804359396505033
IRS2,0.0026358108345169227
C6orf163,-0.008809817998051118
CBX5,0.0066550709918460045
UNC79,0.033134564423274886
LAMP3,-0.007388442807625084
FAHD2A,0.00038631229492056533
LAMP1,0.0022284370257997835
DEPDC1B,0.001092813196076023
FER1L6,0.019110450144619946
GPR68,-0.006415540450738749
ASCC2,-0.001821897034780756
IGSF8,-0.001261676962009226
ADIPOQ,-0.004638657543089233
RRM2B,0.0027011552053925175
IGHV4-4,-0.0003896128966864827
NR1H2,0.000649453947953242
NEK7,0.008054253810620313
DDX56,0.0011340233025563969
NOX4,0.003172505838108824
MUL1,-0.0036142991723106775
TRAPPC12,0.0020381446796354447
B4GALT4,-0.0017828910689890616
DIPK1C,-0.00827981471848801
MCUR1,-0.002408591613802084
COX6B1,0.008068836022903982
ESRP2,-0.003939580645955086
B3GNT4,-0.008152999449808905
CNOT2,0.01109681085218501
SLC38A2,0.007405809042847224
SFTPC,-0.0028350201335438376
CYP1A1,0.0003204641002411042
IRGQ,-0.010715881896976467
RXRB,-0.002856483753536783
SLC1A6,0.0003372371428128839
FRMD8,-0.0024125721885436377
PRSS35,-0.006261754826397476
WDR41,0.0010671998442380165
KIAA1328,3.92174984860883e-05
IBSP,-0.005351563907981653
MYCT1,-0.008053614248297114
TSPYL4,-0.006403421851473545
ZBED5,0.0010450060555274015
EPB41L2,0.010606258810806492
NPDC1,-0.0037304984000656183
HPCA,0.007124993903513414
FBXL16,-0.001192115367938156
TBCK,0.008353740444649425
ASPHD2,-0.0032489521647162526
FCGR2B,-0.0068514544141986015
SLC6A13,0.0027860004951425674
C1QTNF3,-0.0038984399179221967
ZNF430,-0.0017603386175471247
C11orf94,-0.012070872156802777
KPNA3,0.013479633407870435
PIDD1,-0.006836560519310405
IRF7,-0.006953425605759337
PSG7,-0.005025435632945615
TAF6,-0.0006833031511635797
ZDHHC21,0.009422864367474417
CXCR4,0.005558482623983957
MMP16,0.007824633090852533
PPP3R1,0.008924846366111898
ANKUB1,-0.001776016332632999
TSHB,-0.007229992818078536
CADM4,-0.001799228941063732
CNTNAP2,0.009438262376949537
UCN3,-0.00790701748134835
CGB5,-0.005218531156788546
KLC2,0.0026625627575736738
SCGB2A2,-0.0033148872244560903
XAF1,-0.004253710156331916
ADRA2C,-0.004061190867337396
OR51G2,0.001988080331554229
SDR16C5,0.002319401083737294
HOXD9,-0.006388801698461241
NMD3,0.01109346070104432
SIK1,-0.004209647002378212
ZNF705D,-0.008609676493428718
MED21,0.005463808689057724
TRIM58,-0.005235190492504863
ZNF330,0.002835023550194408
PDCD1,-0.01128174261215151
PIP4P1,6.102452619692004e-05
HHIPL2,-0.006314787418027306
IFNAR1,-0.0024451546534654495
RAG1,0.0035278550818348704
EXOSC1,0.0028429029899020505
DUSP19,-0.004297244198710816
IRF2,0.0003204493177678741
ZNF398,-0.0018325604554573164
MRPS23,-0.002484529296711491
RGS9,0.00012477537952053177
CDA,0.0025820918247870073
ZNF878,-0.0050366247574526206
PRKCG,0.00676824198596544
TEX38,-0.013151916887043683
C6orf132,-0.006264735840190431
PRCP,0.002777349346059861
PCDHGC4,-0.004648590442370969
TSC22D1,0.00586147983333105
FKBP11,-0.00034960881465542136
IL17RE,-0.010495202062177742
NTPCR,0.0028081235551246433
HLA-DQB1,0.001272181850565213
CLPX,0.0035960455060927202
HPGD,0.002902269582599138
ZNF727,-0.00451722610718417
SRGAP3,0.012057661947536427
ALDH1L1,0.00358974916633863
RAPGEF6,0.015016979306297326
TRNT1,0.002746685084816609
MMP27,-0.006788021983213564
RNF139,-0.0018493549440612618
C6orf141,-0.008481030045982357
GOLGA5,-0.0037638992996533657
POLQ,0.018765273488045308
OSR2,0.002197274008470003
KRTAP1-5,-0.00044817346234255585
BRI3BP,-0.003471926123560639
AKR1A1,0.005027664602337796
CCDC186,0.004117443427968538
HORMAD2,-0.0033826572188296543
CCNK,-0.0017934173067075427
SRSF5,0.009605339163045073
OR5A1,-0.0051524403966277865
SLC6A5,-0.0010341054757689284
AGAP5,-0.00600738588492826
RNF112,-0.008824590419564666
ZNF521,0.004737573162254161
TNK2,0.0012554501044469565
TPM1,0.011788003532936452
PIWIL3,-0.006646230385690368
PCDHA5,-0.0021724963947281207
RHOU,0.0009358382149107169
SLC35A4,-0.005404031198455746
GPR32,-0.005768621039083734
GALNS,-0.001964974073154033
SYT13,-0.003495139307243543
RBPMS2,-8.92165350694438e-05
BDH2,0.002713067050374695
TMEM130,0.000509730797615694
TGM5,-0.0036236318014395137
ECEL1,-0.001845334682628437
EIF2S3B,0.0016041698718283436
DEFA1,-0.0035240553142855406
EIF1,0.012414535660905085
CORIN,-0.0012230874899224462
NPPB,-0.007976493593086175
RAD18,0.0004924691817320182
ILK,0.006137769637876517
SLC35F6,0.0015466591279917838
SLCO4A1,-0.0017195714283998517
TMEM163,0.004645226199002146
RDX,0.011836630837024716
HTD2,-0.005693256596262068
KRTAP10-12,-0.002529173236020937
FLI1,0.0018954765398410973
NMI,-0.004840304341811935
SIPA1,-0.003672364123722087
YES1,0.003673786667473578
OR10S1,-0.0044807733096983845
FDXR,-0.002221072821972468
IL19,-0.007750073152168355
PPT2,-0.004478466317101792
PSMC3,0.007900435048555313
STYX,-0.0005296962825990643
TRIM7,-0.006090075919833692
NPPC,-0.006297663344662846
ASZ1,-0.0076375391101936654
MBNL2,0.009830303843476424
RNF126,0.0006098911220669131
RNLS,0.006230649821530363
PEX11G,-0.005111251275069778
ZNF32,-0.0059223277593239915
SLITRK5,0.00381675989570669
GRAMD1C,0.00037578158807446857
COL5A1,0.004684870083512683
OR5I1,0.0024968641738352345
PA2G4,0.00838853700742496
NXNL2,-0.002386034052429308
PAFAH2,-0.003415381492525455
UTP14C,-0.005206089709781617
POTEI,-0.007716318740488302
TDP2,-0.00035371735892547086
PTAR1,0.0014068127790538645
IL34,-0.006582062084883995
TTC12,-0.0021983698874730273
MRPL58,-0.002949301864284408
MALL,-0.00028210584259717226
TTLL5,0.0040198417431623595
SLC15A2,0.0007444872107991992
MRNIP,-0.00613733886011163
ERFL,-0.006818566231939753
HLA-DOB,-0.005472942107797239
TBC1D22A,0.009420559190038041
ZNF155,-0.004728717216416649
FAM240C,-0.008758724610252832
WDR17,0.007151408485755154
MYF5,-0.000815095181751279
AMD1,0.006572026484489097
FBLN7,-0.004106842216097867
C8orf48,-0.010718253699281513
HLA-DRA,0.00199899916866041
RBFOX1,0.008942556135300067
YY1,0.005217951965026943
ZNF514,-0.007093906830774283
CDC16,0.007302719400040742
IGFL4,-0.0036785821941041335
GPR137C,0.003200758850585817
NINL,-0.0032769017665096947
MBOAT4,-0.006937932265698537
PPP2R5A,0.007630486112881544
TRPV3,-0.0018912034090494613
NFYB,0.003959371391758009
PDX1,-0.005113200594674644
ACTB,0.009852631248708528
TSNAXIP1,-0.007173749354166703
CCL26,-0.005659362340497947
CORO7,-0.00043021510887666724
TRBV12-3,-0.0015309462820883753
NADSYN1,0.0027689497067910937
MPHOSPH9,0.0009593980315206296
PCYOX1L,-0.004294375681079987
USP17L3,-0.003459540649825271
GRK3,0.012272111379595996
FOCAD,0.026328284091887432
NEUROG3,-0.0073245545529160945
UBALD2,0.0004081447247279594
TGDS,-0.002037459731448125
RIT1,0.0010922449113572937
RCCD1,-0.006491504005395753
ZNF215,-0.008334291865054714
ZNF782,-0.0009650565505226524
FAM72D,-0.00713400438214885
SYT11,0.006891311887927204
GANC,0.0028805072725008375
SH3GL3,0.011978387314296011
FEN1,0.003789534205815733
ABCB10,-0.0015885842109946587
OVCH2,-0.007385483909941235
INTS3,0.006243158980982818
CCL4L2,-0.0006211256585887854
CYP19A1,-0.0003136773959407007
COQ3,-0.00493003752724773
SHC4,-0.005184287382193034
MAST1,0.014037482324835815
CPNE7,0.0014332741524878644
GTF3C2,-0.004791336890510528
FGFR1OP2,0.006201986373143166
ATP9A,0.012808274999902619
DRD2,9.401010956846098e-05
DEPP1,-0.007546476552873874
FSIP1,-0.0029853997381714633
FAM177B,-0.004365319752100893
PHF20,0.004384057974844719
ZFP91,-0.004228902244366713
CXCL12,-0.0007716900139319119
TRBV29-1,-0.0016651506154038095
PLEKHM1,-0.003912277967442433
SOX21,-0.0035601084864067593
WNT2,2.3939657898241113e-05
NRIP3,-0.0012582408600628346
SH2B1,-0.0028596627266562285
SLC5A12,0.0008391227986371337
XYLT2,-0.006675943323170169
TPCN2,-0.002182675886129737
ABHD17B,0.006601315061248535
ZMYND12,-0.0037505082297281654
HSPE1,0.008141768750068681
ANKRD18A,-0.0031451726350293775
LAT2,-0.006940123941595658
FBXO40,-0.00646645205709502
MAP3K6,-0.004314264131856691
TSG101,0.009532279942375656
FIGN,0.0001260255599611332
SPRYD4,-0.0036600170693500363
CCDC69,-0.0026905667578414733
CD46,0.0014337569994452484
DLK2,-0.006707602220635288
OSTC,0.007677488112498561
ARFGAP3,0.003807585867119359
PHACTR1,0.007586025638284096
APH1B,0.004556109369267882
GFRA4,-0.011111564868723035
OR6C68,0.001801410263259795
CCDC169,-0.005810959176774235
SPACA1,-0.010929793890358539
OR9A2,-0.004401119862977279
MC1R,-0.003636043228107892
PRH2,-0.00630157484540412
FAM205C,-0.014314241811803565
VWA1,-0.0062897322479593875
ZNF623,-0.0051401905778168675
ARMH1,0.0012572130584940719
ATAD3C,-0.0026705415975647397
GJC2,-0.008121174160717259
MBLAC2,-0.0027664858966048706
SPATA16,-0.00698557723979008
NFU1,0.003679700491187248
ADCY6,0.001600548327102961
CFAP99,-0.010323544963045623
SPRR2F,-0.0026195240444151628
DBN1,-0.002146848294440643
CCDC187,-0.010054469276313626
IDH3B,0.0035361863187464387
NR2F2,0.005774991250862331
MCL1,-0.0032670598817927284
ZNF589,-0.005878801449630715
PDCD6IP,0.010142013336606383
ACSL3,0.011231818236956672
KRT6B,0.002621376046392931
TRPV5,-0.002223432071300714
COX19,0.0012220797516587002
PRPF4,0.0016591584968741492
MLC1,-0.009257572208088413
SEPTIN10,0.006134363289196258
RPSA,0.00916769101806413
TMEM65,0.0029098521990400107
FOSB,0.0002705555568876166
EXOC2,0.007636105424070369
AGFG1,0.008721959281039625
EXOC6B,0.013753194785470373
CCDC174,-0.0018589166755916566
FTO,0.0052982998641848645
TNFRSF1B,-0.007163058380802244
AZIN2,0.0013327576959790612
SDHB,0.007672159506288191
HSPA12A,0.011383973958308579
MCM2,0.004362144075512977
ZNF700,-0.005788595384234728
MMAB,-0.0010523731531107468
MBD1,-0.005672055092209262
HOXA13,-0.0048985980680431385
CENPU,-0.00699705547254709
KBTBD12,-0.0011869961291371064
TMEM210,-0.008961294964539386
TCEA3,0.0032928828971960484
ANO1,0.0011616698162668275
PLPP5,0.002054347640759183
GCH1,8.932344700643283e-05
SLC37A2,0.0002661928282199832
NUP62,-0.0032359492193928586
C14orf132,0.0009457941920702591
TPD52L3,-0.002185024529481609
CALR3,-0.006745200276578256
PTOV1,0.001602168169623646
UMAD1,0.00032460487843205196
PCDHA12,-0.0012504496287978617
FBXW8,0.0005693755433436061
HSBP1L1,0.0004442048212090633
RAB24,0.0038642763794352053
GOT2,0.0064522524833240495
ARF5,0.00685161444578999
PDIA2,-0.0011911557517535814
BACE2,0.0021984126247568373
RNASE7,-0.005899183847404136
ZNF662,-0.008887973876853328
TMEM191C,-0.009899899922658096
INTS5,-0.006213004835954202
SGO1,-0.008919969574893135
MMD,0.004540334162599067
EIF4E2,0.005797211902482458
FNBP1L,0.009676582853516108
FYTTD1,-0.002999872002012618
CLIC4,0.005438588029245903
CRP,-0.0013360577548606277
KRTAP9-7,0.005130545102992068
ZNF419,-0.008002327359767485
DRD4,-0.006640673458862636
INPP5B,0.00261464867992865
TOX3,0.0030209539450819106
DAG1,-0.0036173175936764657
TMOD4,-0.0008672635584583794
WNT11,-0.0032562850944174763
INO80E,-0.0038740794777676626
NPLOC4,0.006333191401395404
GCDH,-0.00020796260992848523
OR9I1,-0.0033771656704908934
LUZP1,0.0015684380354283652
NKX6-1,-0.0029442534407511938
SMARCE1,0.0034021421041366853
CLNS1A,0.008249629398975463
TCAIM,0.0015927514124444255
DUOXA1,-0.0032137107260996212
ELOVL7,0.0059852467113353965
ZNF684,-0.005339127728780341
ARHGAP17,0.002864676046619616
GAB4,-0.008505688599385166
VPS39,0.00546092891933585
ABCC12,0.0008635000490958162
TOM1L2,0.00933686225280852
USH1G,-0.0044659640149882435
OR10H4,0.0008653623321370221
BAALC,0.0011015431180020855
AURKB,0.0034797838346950064
KAT7,0.002891759032651044
FHL2,0.006031581310349754
VNN2,-0.002718877153234909
GRM3,0.009360112889787789
ANAPC4,-0.001553003415405754
PCLAF,-0.0036279569347206276
SGO2,-0.007039356706804911
WASF3,0.005080998175481141
OR56A1,-0.005291263217681048
LRCH4,-0.004528777506693965
BSG,0.0040781324964292995
RNF224,-0.009116120238860367
ANAPC7,0.001118794070257488
GPR137,-0.0054132555242703525
CARD18,-0.0018952373279894346
OR4C3,0.0031439382251455834
SLC5A6,-0.0003806027454008108
SORBS3,-0.0037973227445441044
TP53INP1,-0.00595300920848733
VPS9D1,0.0008738272945225164
SWSAP1,-0.009207692047238184
COL28A1,-0.0005334193386258547
ZPR1,0.0007395910481748645
LATS1,0.006236333489934585
C3,0.021770538685161583
GOLGA6L22,-0.007022743628550414
MRPS27,-0.0007559982965562907
ENY2,0.00693595966090827
ACADVL,0.0072553555782892834
C1orf141,-0.010669144645985229
NUP93,0.008091518976063077
SPOUT1,-0.0043323598625450615
FBP1,0.006781656935521828
NOD1,-0.0047756021482816624
SCO1,-0.0035685396442352592
SLC9A2,0.001767143979466669
NME1,0.007078513252052583
FITM1,-0.006507732666546604
DDX17,0.011425538229583747
STRBP,0.011904087114511292
CAPN5,-0.0012784687161660235
CSNK2A3,0.0012665751522278233
JPH3,0.0006569713677552973
CPLANE1,0.028867853418545975
GPR89B,0.003848886601531412
NAT8,-0.003302514983644716
KPNB1,0.013372448131597894
KIR2DL4,-0.004498949489460184
PTPRE,0.009611433287677768
POLB,0.004948626299952981
PPT1,0.0033958817360674426
STIMATE,-0.00038619925064771465
TDRKH,-0.005043978346874328
ZNF513,-0.00937334368583592
IGFALS,-0.003936813202634272
PSG9,-0.00488911480496642
COPS5,0.006852126616850006
ANKRD39,-0.003508085982694127
TMEM201,-0.009737987480910815
NCCRP1,-0.00728926034458828
C8G,-0.004764773159921858
KATNA1,0.004464577432684993
LRP6,0.015623639916043713
CLASP2,0.01594830869917355
CD44,-0.0019484226360712684
TNNT3,0.004707099442456207
FANCI,-0.0016703400521903787
PIP5K1A,0.008566351007025304
TRBJ1-4,-0.0020013795542824816
GJB5,-0.0012735265402524219
INKA1,-0.008028135207128785
MOXD1,0.0014388234523202825
ST6GAL1,0.001895373227603709
GMPPA,-1.2909099115140035e-05
NDFIP1,0.010452954348140538
OR51E2,-0.0021198422310585263
NDUFV2,0.00722177216807519
ABRAXAS1,-0.005797093497707705
MINDY4B,-0.008459981932261969
ANKK1,-0.006766874733884501
MYL5,0.0026954441357480052
PCMTD1,0.010842237525551428
VMAC,-0.008814346032178701
TANGO2,0.0027160366673092255
CCT6A,0.009290515966803144
GHRHR,-0.003348083588236785
GNPTAB,0.002064839289911122
ELAVL4,0.010391312638532548
DESI1,0.0030330484131786237
MT3,0.00021710527333462142
WASHC2C,-0.0027440428268739256
GRK1,-0.0018668138021963744
CPA4,-0.00038780525502975547
NEURL2,-0.004961806522056677
CAVIN1,-0.0002950652235287285
SNCG,0.0035861303982264565
LAD1,-0.006376044448357268
URB1,0.02046459755765634
CARS2,0.0029065496218198318
KLC4,0.0027018278651909505
SCML4,-0.0011982611875484344
YAF2,0.009325459423843541
DPP8,0.006660930866608628
FAM200A,-0.0033962099470800974
FAM133B,0.002076353396820285
FGF19,-0.0053754962213261905
IL22RA1,-0.012777345879249455
RSPO1,-0.005641217448136382
CERCAM,-0.0011138853870752616
ZNF552,-0.007311857247675097
SLC10A6,-0.004944916483795963
IGKV2-30,-0.0015589167985059493
TSPYL6,-0.01078641144996286
PTPRCAP,-0.00729304952238657
EEF1D,0.007210863111229261
TMEM53,-0.003689094760941966
ALKBH1,-0.002589399416781942
OR5B2,-0.003738134703053921
LAPTM4B,-0.0027788241121957887
SIKE1,0.0008726337184151756
FUT8,0.009957063175834743
BORCS5,0.00619665614052509
PLA2G4C,0.003003431349940649
MMUT,0.004145831239846579
SEMA3F,-0.002862621439684694
LOX,-0.004411287612520629
MYL4,0.004901386992551704
IGFBP6,-0.005253551731413226
PMVK,0.0018514747413994092
SFMBT1,0.0004478717155048341
LRRC4B,0.0021864449890681846
ADA2,-0.0008864699359395863
CELA3B,-0.00011067347249586695
MSR1,-0.0034736914349811627
THBD,-0.0060107118748957055
CSPP1,0.0030994283402894264
TEX26,-0.006562081398890227
CMPK2,-0.0073311795215650994
FCRL6,-0.008085849944791945
MMP1,-0.0005353208118781067
HNRNPC,0.012258233530582372
MLANA,-0.005434737916041506
NF2,0.007644205026605097
BCKDK,0.001038770248708852
ZNF618,-0.003301713273820065
SGPL1,0.0030853648533859216
MAPK3,0.004944649941370719
OR13C2,-0.0031369789560521948
TMEM101,-0.0033100409793292047
GRK4,0.009828561030966304
CRACR2A,-0.004386422855959026
GRWD1,-0.0019960766549224408
CKMT2,0.005055408999460462
MTRF1L,-0.0006765590230739354
SETD3,0.006933507384203952
RPS23,0.008138203737814218
TRAV16,-0.004465732705463118
CACNG1,-0.003595136926683855
PER3,-0.0005065586178703187
TRIM48,-0.009210366995874193
NOVA1,0.009895872034814221
IQSEC1,0.010444702791934227
IGKV1-6,-0.0008317310606469032
CPA5,-0.00309173193089533
RNF217,-0.0009235509425940248
TTYH1,0.00041339718149255777
ZNF253,-0.0016381945734989082
SPCS2,0.007979113150275012
SRBD1,0.0016318030382756093
FAM111B,-0.006747221801862533
TMEM63C,-7.182473222814732e-05
ASAH1,0.006173711731326293
ELOA2,-0.011335752577949254
LRRTM1,-0.004058584694277165
TRAPPC9,0.010464901282274211
ABCG8,-0.004932783740527043
AP3B1,0.010299633915854395
PUSL1,-0.003216205005075632
RAB11FIP4,0.006365532832893466
LMAN2L,-0.0006516244886534617
CFAP126,-0.008519676056812187
CETP,-0.004363390281461801
RYK,0.006586191251398606
TCP11L1,0.0006586433630971843
MKRN1,0.0004632461084293272
ENOX1,0.008954718960901052
ANGPTL8,-0.00954766639120348
HMX1,-0.00743073515631366
TTLL4,-0.0076092219250100705
DCANP1,-0.010089220012608898
ELK4,-0.0016306445353239342
ARSG,0.0011187949330544154
PPARA,0.00328934095667893
HSH2D,-0.007871618282826445
RSBN1,-0.0006700177954147716
ZNF300,-0.007351480536537658
LY6G6D,-0.009895139353109025
CST3,0.001976235289133123
SNRNP35,-0.0027160138903336295
ZNF586,0.0018025411207472422
TRIM49,-0.008196320954703181
GOT1,0.007126687613498304
PTPN4,0.013144070374619439
GABARAP,0.009121707522434753
SOCS7,-0.0020497599211958648
SLC22A18,-0.0016208893298739107
FSD1L,0.007633110331908018
ZNF224,-0.0027752608596070265
MMACHC,-0.006800824217865489
EML2,0.008445376846716627
LIPC,-0.0018965282629109098
CHIA,-0.0008620322719046575
SCAI,0.00969490244333029
DYNC2LI1,0.007671882353697402
SSH3,-0.006468841623596036
SELENOO,0.0032334888916893435
TP73,-0.002260481031154638
CROCC2,-0.00030365596881128343
MED4,0.006497467793808817
PTK7,-0.0008482059874908828
SESN3,0.00515498051103335
IPMK,-0.0006363773154546615
LCE1A,-0.002745185993055755
TRIM29,-0.004547466883453658
ZNF76,-0.00026978541455409936
RIPK2,-0.002756019670813422
ZNF529,-0.0002113605343727183
SIGLEC10,-0.006768219085885163
SNRPF,0.008956095014130147
KRTAP10-4,-0.005014677370517207
TMEM68,0.00026131767530713986
CARD9,-0.006078983940495345
CCL15,-0.006649687895789784
SAP25,-0.012572838507080478
ZNF75A,-0.0037766024337460903
AANAT,-0.006350375155894227
CLEC2A,-0.007290709370622542
HECTD2,0.005316247298255184
TARBP2,-0.002500383893033353
MCAT,-0.0032668721353629106
OR5W2,-0.00020410857826141072
SIRPD,-0.009681241719568653
IQCN,-0.01032219217263073
SASH1,0.003781003204138978
ZYG11B,0.007249703354249421
CSRNP3,0.0038874659584979183
HSPA4L,0.007538027314553963
GPR146,-0.00899903514121487
TLE2,0.003918962744316358
ZBTB12,-0.007295422863050003
AK3,0.006505731908215839
KIF2C,-0.0006751706624478002
WSB1,0.008117022334633845
BAX,0.0017497423501798145
DNASE1L2,-0.006389512026213654
SLC22A1,-0.000746804557001113
STOX1,-0.006632388358970631
TRIM49B,-0.007869238187154829
C3orf49,-0.01080762581386118
COQ8A,0.0034163510770393764
CBX6,-0.0002027618898632357
SHISAL2B,-0.003791722998435204
TGM6,-0.005920646095395592
ZNF234,-0.00548908264645663
MYH10,0.039391006739256336
TECPR1,-0.0015729386749032655
DNMT3B,-0.003792060029989306
ERGIC1,0.008790811391893156
OR2G2,0.003053393079610953
SCARB1,0.0008841804348671939
RAB7B,0.0027126937054451987
CLDN24,0.0005265395113340695
S100A11,0.006194834150624357
IGHV7-81,0.00036391102205136027
ZNF22,-0.005069368096283524
ARL14,-0.0017167885318626387
PGM2L1,0.008038457643089811
ST18,0.0012196763999128481
GAMT,0.0031181879388564888
LZIC,0.0026070244445363846
MZT1,0.0018408440258005539
ZNF408,-0.01188560536540532
DPEP3,-0.005530423806151327
ISG20L2,-0.005206593955166576
MLXIPL,-0.00254702536714402
CPD,0.0051393909985732456
FXYD6,0.0007247090358714399
DHRS7C,-0.004989228279626733
CCR1,-0.0023467676389523247
DSE,0.003791116666340599
FBXL2,0.010138968906150717
LIMCH1,0.010703556895165561
C1QTNF2,-0.004033454950868799
ZNF709,-0.002973312118639888
SRGAP2B,0.004582028999225594
CCM2L,-0.007057061124321005
GNMT,0.001683868889053236
CENPE,0.01877328184561151
MOV10,-0.005052863967333805
RPL7A,0.009761763868786143
CASR,-0.0014010853277789711
OPRK1,0.00041637941538001725
PLD6,-0.007301594037277852
UIMC1,-0.00041201327481210523
ZDHHC11,-0.004357375558825619
ZIC2,-0.001312560610678217
TECRL,-0.0004384494947666671
OR14J1,-0.004129843613703836
DRAM2,0.0026387120177738797
RIC1,0.006685785318036162
PALB2,-0.008402994353131289
TRIL,-0.007576432972527415
MAP3K11,-0.0047612270940292295
FXYD7,0.0004411766173240092
SLC46A1,-0.005779415477432312
PDGFB,-0.004432054499061643
MTRR,0.00024150618565949036
PCDHGA10,-0.000483107129036327
MAPK8,0.014342231400325424
GDF7,-0.007709174186071813
C22orf23,-0.007244187344655876
C3orf18,-0.009234524057456542
C22orf31,-0.012249556149271208
KCTD14,-0.006883906141581742
METAP2,0.008799350860578084
TRBV11-1,-0.0014091821847524184
ZMYND15,-0.009978435727182046
CCL8,-0.00267941566084641
TUT1,-0.010526247607109135
GDE1,0.0005046175285035871
GHRL,-0.01002730061195081
SFI1,-0.0028245735256784226
NAA35,0.008513749923673306
MAZ,-0.004574472408830907
SLC13A1,0.001168181005894248
NPAP1,-0.012920302111667059
DMBX1,-0.003554200871909157
GALNT17,0.010670694909215475
PUS10,-0.000893544397615762
EDDM3A,-0.006559770545562427
ZNF774,-0.005915270505579963
ZCCHC7,0.002929654613530198
TMEM178A,0.003927348367652518
UBE2L3,0.010529960732519042
RIC8B,0.005873845829931996
SULT1A2,-0.0014529260926523229
NACA,0.0033356970731054335
ZFYVE1,-0.0018504443243158536
FEM1B,0.0025876234725978804
UQCR10,0.00613457639129655
CEP192,0.026115507694010203
RCAN1,0.002776063740314992
AJUBA,-0.008850606877569363
DSCC1,-0.0028371846801219353
SYPL2,-0.0041118601361823486
METTL2B,-0.0005060102620633955
GPR85,0.00258095129773175
SLC30A5,0.0024586028990033
BGLAP,-0.009616891752325978
EFCAB2,9.281170064770776e-05
WDR43,0.001383140128400179
PINLYP,-0.008981702977268413
TRMT61A,-0.00226212783253011
RBM12B,-0.004921305011504906
FIBP,0.0006363001979358464
CLEC7A,-0.005121836215861412
KLHL2,0.010417112674927585
TSPAN16,-0.008528147884980727
PPIAL4D,0.0007218815076831896
PKD2L1,-0.0028704714410803934
EOMES,-0.0022457000543425116
SLFN13,-0.0055840436078495
STRN4,0.0016324668251570852
PRR36,-0.010347387130541974
CDIPT,0.0038844198622371012
RAD51AP1,-0.006257630599541223
CLN8,-0.0028389671106758343
PDZK1IP1,-0.0014666866303287274
NKX3-2,-0.007331182091558999
NUDT19,-0.00504520214014647
CES1,0.0021671291024723907
TMPRSS4,-0.0029910272509516196
STAU2,0.012404134793966098
NETO1,0.008608660415177053
GABRR1,-0.001535882251414789
SCCPDH,0.004658584293428711
PTH2,-0.007194415217749048
ARPC3,0.00913991652787808
SLC25A1,0.003504969600371407
MED9,-0.003264371881471639
TYW1,0.007574997958897851
CDCA3,-0.008550828874538606
CPNE9,0.007247375384584473
DEFB129,-0.007420998089417888
IFI16,-0.0005030195100352801
LRRC3C,-0.0037194844470611606
SLC9A9,0.008690154686935757
ZNF296,-0.009165257437538184
TNFSF13B,-0.0028633659814391774
MTCH2,0.007489157842817826
METTL7B,-0.002252407859296997
RFESD,0.0006016116989897005
DNASE1L3,0.00014721569069627637
CSNK2A2,0.007943553430181981
DMPK,-0.0013375818402206697
OR52J3,-0.0017420846055862555
DNPEP,0.0015928432532330405
TTI1,-0.003367054894686312
PCDHA2,-0.0014703103753413215
MTHFD1L,0.00820142836808477
CIR1,0.0008723282123974349
MRPL11,0.0029589353101794175
GGTLC2,-0.004106750680777448
KCNK9,0.0013036843770527576
RNF6,-0.00378285071426519
ITM2C,0.0009601202396754162
ARMC6,-0.004118473834924977
CACNG3,0.008414339492602667
INPP5J,-0.009575118789710952
RNF220,0.003300139236453767
TMCO2,-0.011468669479164374
IPPK,-0.003958533425043603
GSTCD,0.0005676180461512353
INHBA,-9.625458603972085e-05
OMP,-0.0028901601023449248
RPL19,0.008966876287115962
PDS5A,0.015689805477409106
IL11RA,-0.00791045473015947
TTC7A,0.005214443770656362
CREBBP,0.025924487253178575
ALOX5AP,0.00019581491694626633
CORO1A,0.007323877575571237
CNN3,0.005477987859579796
PARP9,-0.004609281054624483
PPIL6,-0.00031939443350162584
PLA2G1B,5.126115027775747e-05
SPART,0.004337998757160739
MRPS22,-0.002847014952105903
SRSF11,0.011229722037905772
JUND,0.003070502554200436
BLNK,-0.0026623785612831193
GCA,0.0031182362765237773
MNS1,-0.002488151034973131
MCU,0.007039675193496876
CFTR,0.005005057943315641
IGSF21,0.0016287444098685771
ZKSCAN3,-0.008550363531970077
RGS10,0.004143707017968037
TREM2,-0.00805003337286334
GLG1,0.010230854639195533
TMSB10,0.006245609153205247
CATSPERG,-0.007680335290144617
IL23A,-0.008115715532116074
PKD2,0.007258323276731549
NSUN4,-0.002875879518897074
DNAI2,-0.0001782045031575855
CALM3,0.010211897505319404
REXO1,-0.006785170514699117
FAM98A,-0.0004904410122974802
SLCO2B1,-0.00027538449397446793
GINS3,-0.0031850761033492096
NDUFB6,0.0022020440499984973
GPR12,-0.002515288689995993
APTX,0.0023642855273732304
RAG2,-0.000296763786192268
FPGT,-0.0015382334756772387
TCF4,0.008336882415496766
GLI4,-0.007942141243133916
GXYLT2,-0.0020542145186383583
ATG16L2,-0.004547912865335774
OLIG1,-0.006734549195608375
SPATA24,-0.004458542561293379
SPSB4,0.0002769376076446608
THOC7,0.008604786613449966
TTLL8,-0.009669294770178869
MORN1,-0.00701643007540228
ARPC5,0.0068595246277238465
BMF,-0.011487923943987786
STMND1,-0.007994727520331446
ACTR1B,0.006821267461826162
CEMIP,0.006395737551436905
SLC17A5,0.004978428009958314
FILIP1,0.0011667333077160411
IFNL3,-0.010043960772256503
BOD1,0.0007434518775568572
SOX14,-0.0012496829677303603
BTG4,-0.00771164678346734
RAB33B,-8.423417345082345e-05
NAALADL2,0.004809388122529589
CFAP298,0.006892401490490332
DPYSL3,0.008289033195478785
LMBR1,0.01014004289703206
PTPRF,0.031933777989885025
HCN3,-0.004827265563199414
SLC35F4,0.00033867279239848807
TRBJ2-1,-0.00047267700634443313
TCAF1,0.0044613470047588
RBM19,-0.002005725008205015
TROAP,-0.009857491811298745
PSMD2,0.008905445084808294
ZCCHC9,-0.0013369976687871699
B4GALNT3,-0.0010242098410582117
ZNF217,-0.004920703809993171
BRSK1,0.004402499060969054
NIPSNAP3B,-0.001987012293612261
CUL1,0.01399147697270079
AIFM2,-0.00045069913883903574
ZBTB32,-0.01085098808351362
SPARCL1,-3.718412282404622e-05
ESM1,-0.003947708085065785
CHP2,0.0030054518052285394
FAM174B,-0.00431021350546874
IFITM10,-0.008505018055315864
PCDHA1,-0.0018806421199213984
RPS21,0.01010545321165132
ZP1,-0.010330631565800769
ATP6V1E1,0.009960826939542691
KLHL40,-0.004149750897560068
ZIC4,-0.0016508810985032048
GPR42,-0.007231561039088805
HNRNPA2B1,0.012885452341416274
TAS2R40,-0.007579442081307844
TMEM126A,-0.0011217590902732795
RAD54B,-0.0034990098884495877
RCOR1,0.004780652018038512
FBXL22,-0.011130036892213334
ERAL1,-0.005206822206254244
RALGAPA1,0.04000124863832423
CIDEB,-0.0037109197224666443
NPTN,0.007341805543540133
KRTAP3-1,-0.0036792641597989616
MOV10L1,-0.003561434949522078
NBPF26,-0.004909245678624426
JKAMP,-0.0001752861761199724
SVOPL,-0.0012247528446338465
C12orf42,-0.008593120340456976
GOLGA8A,-0.0031338919059339006
ZER1,0.005423415240374295
TMED8,-0.0002764494414797351
COQ9,-0.0015205124791396274
BSND,-0.010345056518788679
GALNT12,-0.0009887239107388465
OR51A7,-0.0016771929554341306
PEX10,-0.004560103627096068
MGST1,0.007860512291419907
MYO3A,0.009474785381654471
ZFP2,-0.002333841971234715
FBXW5,0.00020861988676837252
PSMC5,0.008307654191777843
ZNF705G,-0.010677514835185661
PRX,-0.006790794451408209
SV2C,0.005719585389231962
TDRD6,0.007583146332159971
EVPLL,-0.007172365253393705
AGPAT5,0.005375269142088419
IGFBP5,0.00027813386447061924
LRFN2,0.004777525937361454
MOGAT3,-0.004276756739984387
FOXC2,-0.0049171803100038795
SPATA6L,-0.0035558446071506443
RORB,0.009124825367347884
TAF1A,-0.00657417273503159
VENTX,-0.011582924756437789
HELQ,-0.0014977044725316359
MED22,-0.0029681000921911653
FCF1,0.0028608497679257633
SCX,-0.006412967694395186
UBE2Q2,0.006560203536075088
C16orf96,-0.011988293415065035
RILP,-0.007903863434196535
MAP4K3,0.01366771485332094
TNRC6C,0.013363840177392722
OR51B6,0.0008064359270254278
GADD45A,0.001851358945145336
PIK3R5,-0.005012138505700873
RSPO3,-0.0008169986431398611
SLC1A7,0.0019471762921027301
TRBV13,-0.0042541299959322765
AGPS,0.005913821590603079
C9orf152,-0.012480403764154088
DPPA2,-0.010262551839634926
MVP,0.002181614620278375
GYG1,0.003925833805096662
SIL1,0.005515905571931508
MYO10,0.018827537235348427
TRIP6,-0.004901330747926354
SMIM5,-0.004434549480424504
GTF3A,0.0024703153105393844
ATP5IF1,0.004771310858532304
RAC2,0.007072733445313578
PANO1,-0.01295685010637092
SIRT7,-0.0020263431324813075
CUEDC2,-0.002972209267791536
FAM81A,0.001779637547147726
KDM3B,0.011996219222339496
BCL11A,0.005247400365922015
CLDN3,0.004452600366410564
KHDRBS2,0.012293605825122171
GPSM1,-0.003989220377400699
RMDN2,0.0023519266096462435
CNTN2,0.001495460445041826
UGT1A8,-0.00128613617730283
TTC5,0.0008467671567631393
ZNF77,-0.006749979100746922
FIBCD1,-0.00481103635067862
RALYL,0.008985334931607934
FBXO46,-0.010161653050058337
SLC25A4,0.0069557789684748265
ZNF568,-0.00025742581049419095
IRAK2,-0.0074455753253236485
NOL10,0.007853404020048351
ARL8B,0.011527476407749808
EBNA1BP2,0.003209533083527846
PFN4,-0.0060128433749132145
JPH1,0.0025630726741795104
PACRGL,0.0015652891567652604
SI,0.02249678316083127
UBE3B,0.0032955060335867047
FNDC1,0.003303448500908995
SYNPR,0.006621316261687392
SPINK9,-0.007756492415974058
PROKR2,-0.00534227758768716
SCYGR8,0.0008084718297430996
GDF10,-0.008347337007941567
NXF1,0.0010544905906545213
AOPEP,0.008981174200335252
TMEM154,-0.0054655148373914985
ATP6V1B1,0.0025968096459416342
USH1C,0.002313750576061513
GEMIN4,-0.006744158731093301
CCDC8,-0.010358310473589932
LSM12,0.00038972486689898953
ARAP3,-0.002526790721756824
ABT1,-0.0035307781311932694
TMEM135,0.007616274147002423
PCNX3,0.019571228151381154
PRAG1,-0.0011238237013314878
TUSC2,-0.003851316977843806
MRGPRX1,0.0007635426172985122
CDR2L,-0.005543630924202448
AMMECR1L,-0.00424159330052044
CP,0.0023196081960705586
NOL8,-0.005136409367382317
DCK,0.00233581000054928
SEC16A,0.011877634430525271
SIGLECL1,-0.012041835943834428
SCN3B,0.002663941966854941
HOXB3,-0.0014071806966568995
DDX39B,0.008311121494441924
CYP26B1,-0.0019052336866510102
PPP1R3D,-0.009323555308947217
DMRTC2,-0.012300242896628398
PYCR2,0.0027140550473100755
IFNA4,-0.006313870292812611
FLG2,-0.007270075104267106
FAM237A,-0.011632877936471603
SCYL1,0.0014419694866394852
ABHD17C,0.0024424808035733475
INPP4B,0.0092705152569385
GRID2IP,-0.004209176764753113
KCNK18,-0.008934168905920307
OR2T2,-0.00507497222158131
CYP51A1,0.004689514775975994
HHAT,0.002236138497276679
OR6F1,-0.004304659977935342
LSM6,0.006131896638238206
PADI4,-0.0034187700550657105
PPM1B,0.009344777311006292
CCDC152,-0.0055952085327704735
ARPC5L,0.006274545709896214
EI24,0.004840330144973595
LRRC39,-0.00034860974666169314
SIK3,0.006766356540166918
DEFB123,-0.010195337617109864
RASSF10,-0.008264205673633436
SPRR5,-0.0031389367331739557
UBP1,0.007352687535047222
SH2D5,-0.008511454212924428
SPARC,0.004240249595187951
RBFOX2,0.010600293474270044
IKBKE,-0.0014057895970640397
PSMA3,0.009403146257402668
POLR2K,0.005314031388181544
USP36,-0.0038093596078682943
ABHD10,-0.002840637032413487
IER3IP1,0.0024424952257146903
KRCC1,-0.0054298915162785235
OR4C15,0.003136050296013358
PPP1R11,-0.0026257133470994516
AKR1C2,0.0034541603748318474
STPG3,-0.013606464129499602
BEND7,-0.005497981580278283
TFCP2L1,0.0030942358470155717
SREK1IP1,0.0015321273822182055
URB2,0.001834723982232898
ACOX2,-0.002561677940706575
OPN3,-0.0002134981527574394
GPX8,-0.002015460392073326
PFKP,0.00914943505728171
ZNF827,0.0051897659317515984
RPP25,-0.006910712305886134
ZNF671,-0.008931395458165335
NUP54,0.00617338608206391
MMP28,-0.004425701425471299
CACNB3,0.0026200371230995067
FBXO15,-0.005785084921481272
SEBOX,-0.008563764614417923
MCFD2,0.0032042122984891216
MIIP,-0.009208968526758348
BACH1,-0.0013900022440160446
TP63,0.0016122581282913134
CDH18,0.009018961227325989
GTDC1,0.007372533734086348
EPS8L1,-0.004418367965399278
CD3D,-0.002730352000219833
LGALS2,0.0008332672452999343
ULK4,0.006985481849324249
MITD1,0.0004282834940611162
THSD8,-0.011158235530705251
PVALB,0.0035969963418185195
MPP7,0.009329028097682353
GGH,0.0009133254621236245
CRABP1,0.0047616952628861614
PHLDA2,-0.0007016701033304007
POMT1,0.003043459407807883
WDR86,-0.0017102470841108483
FAM90A26,-0.013571003515971436
IFITM5,-0.005563193750525934
DENND1B,0.007530369346021383
HDAC1,0.005547095644412799
PRKCH,0.008943845185262997
ZNF331,0.0020962871892971423
ZBED3,-0.010286292266713763
PDE2A,0.004938989414928128
ECPAS,0.031132353393751578
SH2D4A,-0.002679564606308405
PPM1G,0.004816717847712762
LMTK2,0.004428554954776711
TIAM1,0.013145927549610295
TRIP4,0.0012868963568645668
C11orf54,0.0004322332824779427
YWHAZ,0.014263839653120254
PPM1K,0.007068534243623995
SLC5A10,-0.00031346392375360745
TRBJ1-1,-0.0014961559972412912
IQGAP2,0.01662179436324273
ARHGEF17,0.004696725918356281
U2AF1L4,0.0008178911532666105
ANKRD34B,-0.004965061093108318
CHST10,-0.003035877791481928
BIN2,-0.0018806046379373036
CYP4A11,-0.002317332454549297
DUSP16,0.0015093310481057419
MYPN,-0.0001316944878635138
TPST2,0.004654865489164508
FOXO1,0.0009410171824258372
KRTAP11-1,-0.002516599544721709
CLEC18C,-0.005307423853910926
STX1A,0.00821581308325477
TRGV1,-0.006188528546267505
CFAP161,0.0011142058886142664
LIPA,0.007602234971207672
TMED1,-0.0008758807592444004
UNC119,-0.00036244901274441174
TRAV6,-0.0051921724414332295
HMCES,-0.0004891591513472365
RANBP1,0.00672986868492101
SLC25A26,0.008634633672819636
TBX6,-0.009326872398970914
DPYSL2,0.014312522047782878
LCN12,-0.00769368595861396
OVOL3,-0.0083338306552874
ZNF333,-0.008294853955938904
P2RX7,0.0010017434839788635
ATF6B,-0.005889895633714631
DENR,0.007055822496593533
NUDC,0.006573977874803738
SNORC,-0.007129930502311738
MORN4,0.0004348813924188864
THOP1,0.001087003519351241
NPIPB11,-0.00851938764015163
NRXN3,0.012847376150385075
RASAL1,0.000950289847833017
DAZAP1,0.003223500941048308
THAP4,-0.0069605076618659304
ZNF845,-0.006136109535945078
BCL7A,0.0017205128879427987
ELF5,-0.0035851479188477703
SNU13,0.010938210477422834
CMA1,-0.00429362992740974
SLC1A1,0.00889273780734531
TVP23C,0.00028474385936464575
NAV2,0.03020773955499256
EPX,-0.0014791724427611497
SPATA22,-0.005180757549400883
GASK1A,-0.009061659263438932
ARHGAP12,0.0068040272494669235
SUPT20H,0.002502665980565873
RARRES1,-0.0030978388678543096
CLEC4G,-0.007740990601457675
TBX3,0.0009247443515285271
SLX4IP,-0.0033995759764076615
OR52W1,0.0008418661111647005
OR10A4,-0.005131459491613488
PDCL,-0.0004572092542452621
DIRAS1,0.0035684866961411977
TMTC2,0.007465403254915105
ELP3,0.007933657512807005
RBM39,0.013218691202508683
CRYGC,-0.000337305489438293
TRMT12,-0.004954007431142064
SLC31A1,0.0018006515112286995
TRDC,-0.0034853744086076575
ZNF417,-0.0071158672802785344
TMEM213,-0.006761208247658339
C2CD6,-5.51218414881575e-06
GOLGA8J,-0.012036692599676263
OR5B21,-0.002745095253828957
MMP25,-0.004570404525146499
GNAT3,0.0031289169801726204
MAEA,0.004833965047179256
GRN,8.20491195377374e-05
MNDA,-0.0019024988976255562
PPP2R2C,0.013367562119094204
FBLL1,-0.003809116464556457
DIRAS2,0.006716405382295586
KIFAP3,0.011832162120180836
RTCA,0.004363697363813097
FLVCR1,0.0009177421108097027
SHOC1,-0.003656452736605804
CD70,-0.00919579926177691
VOPP1,0.002698034603099598
ZNF737,-0.0011506840597838362
DUSP6,0.004724271290034265
TAS1R2,-0.004685850242497039
KRTAP19-4,-0.0009939399928474341
SLC38A3,-0.0011252955024200423
PPA1,0.010731783218666446
ZNF263,-0.007143627240489297
COG6,0.010652364031091113
SNRPD1,0.006951105054817642
STAC2,-0.0022103135063191964
HTR1A,-0.004242300306893515
ZBTB4,-0.0030584545188988527
HOXA11,-0.004692548755701381
MYD88,-0.002331063689577254
BMP8B,-0.004904887649327087
ABCG2,0.0013714052591764952
RGS3,-0.003964154243377269
CXXC1,-0.0022999388018961303
FKTN,0.0009157403662480852
ODF3L2,-0.009863648226047576
STAM,0.004687286321278614
CISD3,-0.002996817243449711
YEATS4,0.004460362815872513
OR10G3,-0.006309179782336313
TAAR1,0.0018477378117464107
OR51I2,-0.004212286799584235
MARK3,0.015009617092448031
CCDC33,-0.006346935602101907
BOLA3,0.0012579449401855438
SYN2,0.00725654497243565
PPP1R14C,0.000506711483087474
KCNQ3,0.008244640541409004
OR10A5,-0.004372385321756474
TRAPPC8,0.009419208042630824
API5,0.007388129133646819
EPB41L4B,0.0045012725472543605
MYO1A,0.0009048804279977917
KCNB1,0.006915146652806928
HNF4A,-0.0007636026729276277
PLA2G12B,-0.00441410834191288
IGHG2,-0.001008875413076483
SOCS6,-0.0042475636046494375
TXNL1,0.008419401224800817
VAT1L,0.003943109254924631
ABCA6,0.01709641343473985
OR10R2,-0.004783515394526973
CERS5,0.006350369598207832
FAM110D,-0.008888201012804938
MAFF,0.0009367345097937178
PDYN,-0.007100673117091255
AGXT2,-0.0010200919819772232
BMPR2,0.00477046951925402
CCNT1,-0.002252152130172332
CYB561A3,-0.0008605617306578213
DNAJB8,0.0014898366511406815
MKLN1,0.012059990198802871
CHRNB1,-0.003215039735723495
KBTBD2,-0.0034511825216014314
PTGER3,0.002280330242575999
STT3A,0.004395921223481046
NT5C1A,-0.004492641062935136
STXBP2,0.004995850351064936
KISS1R,-0.005727825354577637
APBA3,-0.004288529138540712
NCOA2,0.00924798531455434
RPL18A,0.008304918926973595
BZW2,0.010421364503256966
SNX24,0.006099872976926314
SP3,0.0046302049117577316
GALK1,9.245119020504795e-05
AMDHD2,-0.00056769146642705
CCDC183,-0.006330600404074048
OR2AG1,-0.006527150826177217
ZFP30,-0.00035946186642452066
HNMT,0.002081114350498365
PON1,-0.0026813107228321176
BOLL,-0.004701802156475264
CBLN4,0.0011633814972870872
SPATA19,-0.008210856093440832
RIOX2,-0.001814125753979462
SLC26A11,0.0006329602983907921
CDKN2A,-0.004415636606971769
B3GNT5,-0.0027079933817079458
NFE2L2,0.0023041603209712903
NCOR1,0.03134107567040843
ENPP1,-0.0004919899341695181
CYP11B2,-0.0032454368340673004
CCDC25,0.006917282275371789
KRTAP5-9,-0.006379761071343842
KRTAP19-5,-0.0009203911675277472
PSPH,0.002916842356929673
R3HDML,-0.004272264890239637
UTP11,-0.0005249470834768182
XXYLT1,-0.001209209358702057
RANGAP1,0.0030708826348635255
CCNB1,0.0015150243888476234
MICAL3,0.018183482438574778
C17orf100,-0.009269340941512858
FABP1,0.00349093571350538
KRTAP6-3,-0.0004810119295825727
CRHR1,0.0013714712887744815
ODAPH,-0.011587407854089467
PRF1,-0.0023702766958129443
UGT2B4,-0.0005377395834339372
N4BP2,0.003824836230157764
CHD2,0.02419384836654496
RRP12,0.0026115012913871505
XPNPEP1,0.004692004874905481
CLDND1,0.0032786638616506374
MILR1,-0.010602072547585382
PANX3,-0.0026431020490742274
ZNF668,-0.007562888187201146
LPCAT4,0.0014408091098989685
TMOD3,0.010696691161399543
FABP6,0.0034279418481804793
SAV1,-0.002356828862649238
SCARB2,0.005757377954228121
ZNF738,-0.006230885627507229
BRD3OS,-0.003529861365859649
ARNT,0.003949807536849746
ELMO3,-0.0019920605600244963
SLC35B3,0.0014609391582129417
ZSWIM3,-0.008389411071087574
AKAP5,-0.006633947547177193
ACAP2,0.013463766598085306
C19orf81,-0.010268462605591137
NCR1,-0.007958146252976172
RETN,-0.0020172180817887983
C18orf63,-0.011342120520427186
IL15,-0.005879622661465853
LY6G5B,-0.012981109153398352
GEM,0.001491830120914285
CASC3,-0.0008310893199142887
PATE3,-0.00860636444281537
OGFRL1,-2.709696268451446e-05
MDP1,-0.001897776625341042
ERVMER34-1,-0.009977684218781604
VEZT,0.004046655972966788
CLEC9A,-0.006924949666954674
WWP1,0.007583215574439795
AP2A2,0.011981059036795152
PRB1,-0.004212000687230009
JAKMIP3,0.005993171931177072
OR9Q2,-0.005655646113096009
NMU,-0.003573852683242087
SPATA7,-0.00014700074443950128
CENPL,-0.007127383599614526
ZNF785,-0.008861613903889426
CNTFR,-0.006897693518731078
PIGR,-0.004367465373572989
RASGRF2,0.009096364665437765
CHMP6,0.00033456397016121
ME1,0.011233993877368537
MINDY3,0.005381267433841035
RNF146,0.00035024630272892176
SEM1,0.0049181249075167304
SLC3A1,-0.0025378751708983517
FNDC8,-0.010596286865314641
SPRYD7,0.0015595015279222778
CLEC3A,-0.00634920695643338
SFXN5,0.008717102686030166
TMEM234,-0.004238047232946141
CYC1,0.0038597148018692062
TSNAX,0.0023220958259451657
C10orf53,-0.008790590077950577
ABL2,0.005331238900121094
KPNA5,0.010028519557494564
NRROS,-0.0049570500897313345
HHIPL1,-0.0035695076325547286
SLC11A1,0.002362009479601931
TMEM202,-0.010932145269250406
TRGV11,-0.0026320495184721424
APOBEC3A,-0.0023960127146640505
TMEM52,-0.008752864633117174
TRAM1,0.007996736781782253
MFSD10,0.0027754533631754942
ZNF611,-0.002332379329807686
LMO4,0.008116870659843721
SUN3,-0.010400284022323519
TMEM262,-0.009584352714813402
RAB3GAP1,0.009212209951818685
ASTN1,0.006824137793173396
FAM209B,-0.012893656529860653
CAPRIN1,0.004452058351308705
LRRTM4,0.0037603704699893815
ASB14,-0.005394611581882094
STMN3,0.004693113642822943
FAM214B,-0.009265244223494031
VN1R1,-0.0091556947839405
PET100,0.0008526321663045927
STK32A,0.002672455412642709
CHCHD5,-0.0009391140511729058
IQCA1L,-0.0033822140871283338
ADH4,-0.00014336894545720593
POLR3D,-0.0017991258772895088
SLC35B1,0.004263472710106357
CDS1,0.005947576669487184
CDH23,0.027238560371674617
RCN3,-0.0009238750397166487
TEFM,-0.003046157900643028
PHF11,-0.004315833029052588
TTC39C,0.0076890030939726775
LRR1,-0.004378323056454436
ZNF862,-0.0047841104876186645
DACT1,-0.009022079511014755
ID2,0.001595745207006138
CCL20,-0.0030336762826705006
KRT82,-0.0026787528679038017
TFF2,-0.0024352274313310172
GPR18,-0.005626772844965777
HOXC12,-0.0033064204952343765
KIF5B,0.012660645186321364
MMP13,-0.0015692837224797465
TNFAIP6,0.00030698930930664277
CD163L1,-0.0003450104458260824
MBD3L5,-0.006796385160558486
UCN,-0.010175803376687104
ZNF530,-0.0070857003431783645
PKNOX2,0.0076207370613415185
CDH24,-0.00562891771184158
GAL3ST4,-0.008606720204136385
LGALS7,-0.0008702169607370385
CELA3A,2.9896853592197245e-06
NPY4R,-0.004657068893147631
ZNF23,-0.004336795506389387
BCAS4,-0.004098012900891052
PHYHD1,0.0002671162497050119
PTN,0.0018843446955928538
APBB2,0.006294351670913176
DRG2,0.004298951968662807
CEP295,0.017358088641675432
COX8A,0.00017645406208816947
USP25,0.010650309369574264
GALNT13,0.01086917833036599
DAD1,0.008163173886626995
REG3G,-0.003795882442571686
PADI6,-0.005195889085997166
LRRC37B,-0.004140936636424901
CHRM3,0.005405256367548044
PCYT1A,0.004216600326866166
SNX17,0.0005808911253509429
ANKRD52,-0.0015427830124295017
ATP13A1,0.00024610063362362163
SCEL,-0.0055834786113015756
OXNAD1,0.0019064990530955825
PHOX2A,-0.003869893937635652
PPP4R3A,0.009685068820127889
COMMD9,-0.0004687780776974847
HMG20B,0.00019081781110268266
RNASET2,0.00038410378221055073
SMCO4,0.0017342614976142538
FIG4,0.005910863641650918
OR5AC2,-0.0004235706602520597
HPDL,-0.006504030164772699
ATP1A4,0.0018143982893578877
PISD,0.0040628038376988055
SOST,-0.00761417225580414
ZNF506,-0.0026574846522585643
GALNT14,0.007073136578399846
EBF2,0.005016837211730487
EGLN3,0.005839153267752687
POLG2,-0.00547456281294688
BYSL,-0.0011043465185808026
CD1A,-0.0033239272687131186
PEX16,-0.002727320987920664
CHAC1,-0.0029543354694825485
TFAP2A,0.003502097103254129
TSKU,-0.005144141850475056
DAP,-6.493374314355026e-05
STK17A,0.0019276322463279063
DTNBP1,0.004106724294518729
NPEPPS,0.012531617403032783
TMEM263,-0.00023639245689989412
MAPK11,0.003264445701181153
CNGA4,-0.003293597136723486
SMAGP,-0.0022248648073710186
PDILT,-0.008312128379570722
SFSWAP,0.006104650110489958
CNOT10,0.006494925789835674
PRICKLE1,0.005694863208462007
OOEP,-0.006701669031378494
IQCJ-SCHIP1,0.006263488261082962
SNX20,-0.006316976081476091
KRTAP20-2,0.0008549941918766924
PPP1R12C,-0.0025644322037330644
CCN1,0.000898571312536377
OTOA,-0.006881244165236083
KRTAP2-2,0.0010787955047152655
SCD5,0.009147757896660941
ARFGEF2,0.02917277539692457
GPR75,-0.011739147275624966
OSER1,-0.004723860333679888
PARP3,-0.0036888760671207658
GBP3,-0.0013893315554154686
GALM,0.001226172067323634
PLEKHH2,0.005829482530872198
CYTL1,-0.00421060589757818
ZNF287,-0.006969605363526627
CLCNKA,-0.002213286741598463
GOLGA3,-0.0007550700956923938
LRRC72,-0.007114475024955594
ACR,-0.00942613118411124
NOX3,-0.00268871052933339
SARDH,-0.001146546211480808
RPL12,0.008702576841870157
AQP5,0.003562783342028426
CARHSP1,0.0024718655151285233
GMIP,-0.005361029096609713
LSM11,-0.007332659061081037
SLURP1,-0.0027800036056369677
C2CD5,0.012160545673593955
ERBB3,0.001131859898974869
GC,-0.0024300304998097306
LTK,-0.005396349586752038
ATP6V0E1,0.008236238470573969
CCT6B,0.0015562224043324184
RALA,0.011336958794230528
EVI5L,0.0020294276031938736
MFSD12,-0.0013324253553223676
PNPLA5,-0.007194430481791267
PNRC2,-0.002896806764250765
TUBA4B,-0.0012024141349203878
ANKRD7,0.002925777957597778
SLCO1B1,-0.004473729091721529
TRAV1-2,-0.00280425431102966
BICD2,0.002007294982480643
SHB,-0.0028935018395467044
SLC16A9,-0.002899934859276297
MMP24OS,-0.005481199467829444
EXOSC10,0.0011512759683573106
GPR137B,0.0018710594755457562
SERPINA5,-0.0028514909184468498
PIK3R3,0.005276973644477945
SNRPB,0.006327079394225533
GBGT1,-0.004093214768304698
GOLGB1,0.025585924514430657
EIF4E3,-0.0003601164562328734
TECTA,0.019439337830068813
NIBAN1,-0.002512780676411043
LCE1F,-0.0033699497968880773
CADM1,0.008113300027175857
ZNFX1,0.011738962512986548
SLC6A9,-0.0010115751176906721
STK11,0.00031514386265090507
SYNDIG1L,-0.007361122597408956
INSL4,-0.009574833203826585
USP17L12,-0.005715474986570029
DCAF17,-0.0061852556250523065
IGKV1-5,0.0002838256738670869
ELK3,2.5132220579523443e-05
TPH2,0.00044148732856819735
GPR179,-0.006204236099138986
C1QC,-0.0010570262710776393
COPS6,0.007315845839519667
CIAO3,-0.0006931825422080498
MAP1A,0.009650099072714044
MKNK2,0.003676183696880334
CAMK2G,0.011962531578315111
ALG10B,-0.0032997042221288215
BOLA2B,0.00033785695912676725
NEK3,-0.0023393278802839143
PRKAR2A,0.010079069831193702
VPS41,0.009662231600755676
ZNF735,-0.007652318999336358
GUCA2A,-0.004783913174851857
SUPT3H,0.010285986266395125
CCDC175,-0.005658698700656853
METTL16,-0.0006783953398858269
PGAM1,0.007671554616051326
DZANK1,-0.002363713557855193
LTV1,-0.001206039040776508
ZNF233,-0.00874725265401006
ZNF429,-0.0004944512933508214
ALS2CL,-0.006079001664220512
ATP5PF,0.008288938357084214
PLA2G3,-0.011008440163473356
CYP8B1,-0.00409671841840047
TRAV27,-0.002351172185091706
PNP,0.0029821782562552083
CRYBA1,-0.002533846416013438
DHX57,0.003938117838171232
LAMB2,0.018172138631840362
PPEF2,-0.0012733462254150276
MTFR2,-0.008712772567807817
SNTB2,0.003278570682063993
ADRA2B,-0.004646347004262688
SMCO1,-0.009073065597070391
STXBP5L,0.009369183134716198
RHOJ,0.0016360101139388794
CLEC4E,-0.004936247491488265
EEF1A1,0.007744743075534703
PGK2,0.004015468136482005
RBBP9,-0.0018866135052455779
KRR1,0.006059369772500694
RPS11,0.008692148570850244
TRMT11,0.009747818909003978
ZNF563,-0.006889370622916326
ROBO1,0.01696771103842876
TTC8,0.0082173115161822
AP3S1,0.013090273244521897
HSPA12B,-0.0017984270088481898
YWHAH,0.011635019027895566
CCNC,0.009737305694466118
LIMS2,0.002543375824218038
NXT1,0.0037159470274729083
ITGB7,-0.002544064172196707
RITA1,-0.009142542744092671
ANKRD62,-0.005790026996245003
HARS2,-0.0010468316654144094
NPM3,-0.0032016456002157538
SERHL2,-0.003334391031354196
CHMP1B,0.006443239700909161
RNF103,-0.0026389862208911125
ANO9,-0.002853282725629898
LMNB1,0.004290822355819866
SNX14,0.008708473101579768
TRIM36,0.0051567765510881595
C1orf112,-0.003208139081481491
EBLN2,-0.009470642308430385
SPINK8,-0.007594224635325674
DEFA1B,-0.004568397255590964
OR51V1,0.0014720360199582687
ERI2,-0.006016988014536396
EPB41L5,0.005170138755239412
WDR31,-0.00389260992843055
NEBL,0.004260383589374983
SEC24A,0.003398921705577693
BCLAF1,0.00633168286156888
SIGLEC12,-0.007102503996134223
AARD,-0.00844362648852946
TPRX1,-0.011756335394157302
DDX19B,0.003439411539551906
PHPT1,0.0023255287215794463
TSR1,-0.0002817600669283678
FGFBP1,-0.004537883733727682
HEPN1,-0.007737025124988764
CAPN10,-0.004860687328963497
RNF166,-0.003284257231771167
MRGPRX3,-0.007625850933880313
DENND1A,0.008093325964849485
UBE2S,0.004568330431949246
CCDC78,-0.010076859950040961
EPS8,0.00348340685450662
C1QBP,0.002035648050541081
TERB2,-0.009887793509534953
KRTAP4-3,0.0025787707756619173
BAZ1A,0.006754267601135055
BEGAIN,-0.0004597566607833488
C11orf24,-0.010666885041603154
IZUMO4,-0.0077624266714175815
PFDN5,0.01012725968906302
VAV2,0.0038298137474531957
RIOX1,-0.008369758572889739
RAPGEF2,0.019683916710346198
HID1,0.002207298337919795
SKAP2,0.005156548370824127
HS6ST1,0.002130404594977515
TMEM132B,0.006454832837481549
ANHX,-0.009658740269585533
CASD1,0.006188607739460829
COL15A1,-0.0035955218651698624
IGFBP4,-0.00020115837380654477
MORN3,-0.0036342358634939022
IQGAP3,0.013726400695020548
ZNF749,-0.005743096793660894
CDC42EP1,-0.00699632712894891
PIPOX,-0.0028417220507494082
TMEM18,0.0012138660674019678
ZNF813,-0.00729026530667365
MAGI3,0.007378234595210978
OR6C75,-0.0033783199650613527
MED27,0.008129528832327185
KRTAP10-6,0.001615614298394641
GIT2,0.009799935985037435
TMEM242,-0.000488045227630077
CRHBP,-0.0016594935754626764
APOBEC3G,-0.0030189045815319556
DRD1,-0.001253815231267124
GAPT,-0.008062852368521828
LYPD6,-0.00213091008353869
ABCG1,0.003471140281410146
ANGPTL7,-0.005767111399455978
NPIPB4,-0.005963880215546314
TMPRSS12,-0.010108355202606405
DAAM1,0.012437924249082207
TM2D3,0.000617471131358065
TM4SF18,-0.00144136514764548
CCT3,0.010633343988378377
REXO5,-0.007501399065364261
CDRT15,-0.011911339416737965
ASH2L,0.0018868058259919236
PRR23A,-0.012402451590306009
MMP24,0.000844281793141021
CLP1,0.0005320380087818839
SLC35F3,0.006892489088310773
NAT10,0.0066341089040882475
CFAP77,-0.007467991362869243
ELAC2,-0.0022841543274815996
KIRREL2,-0.00607804350043269
CTBP2,0.011090772697198712
CXCL8,-0.00013006066369865778
CCRL2,-0.005522142936733932
LMNB2,-0.0007134819324303489
DND1,-0.008625011696773937
KRTAP4-1,0.0005759211360418173
C9orf57,-0.00918104584368967
PIWIL4,-0.0022156492390613377
DNAJC6,0.007312663396369806
SH3BP5,0.005266848239463822
RIPK1,-0.004047107903008861
MICOS10,0.0061696663542303125
ZNF536,0.0017691338566042049
EEF1AKMT2,-0.0010592174572132147
TCF19,-0.009650034242708409
CA13,0.0005089778075199314
NCDN,-0.0013064853157955614
PSMB6,0.006655874857091511
TGFBR3,-0.0036361269767909332
AMTN,-0.009836678099561817
KRAS,0.009144961535973549
EMB,-0.0012137197158028324
GJE1,0.0036721878301317254
MPST,0.0007820668665728739
RAX,-0.005361003477166265
PDGFD,0.0021065215969791867
EIF4E1B,-0.0019537965451273333
RTKN,-0.0057822190082477505
POLR1B,-0.0008058454608350249
GPN2,-0.0004496508443690256
OPRD1,0.0018256223315920386
TMEM41B,0.006061594168324698
SCRN3,0.00032167229205501744
RTN1,0.0031730911473914505
TRIM41,-0.007082573652401368
UNC5C,0.009595380007797827
TRBV23-1,-0.0019907127366948865
CLEC5A,-0.00698144576725072
SMIM7,0.001886079237380987
BMP5,0.00029068505953878796
STK24,0.009141511526206585
MAJIN,-0.00822979364332716
PIAS4,-0.0004248375006874725
CALM2,0.009420521983347951
EGR4,-0.009005243063907672
ATP2A3,0.003998329037311955
PDP2,-0.004685595793244913
NAP1L5,-0.00256693488592934
ROCK1,0.014470554230508026
HIKESHI,-0.0009591309790779743
BMERB1,0.006472999313022996
KIF26A,0.0009224587010132589
CFHR2,-0.003244678789865301
ATG101,-0.0006007477762430416
RGS17,0.007960020853572855
GPR180,0.0012517445871635623
LDHAL6B,-0.004155872452372581
TMTC1,0.007118255297739603
SYBU,0.003937893465196514
USP45,0.002826254036262557
OXTR,-0.003057419064187801
ELF2,0.005076071715901499
ANXA2,0.00968492240592792
PDC,-0.0006340979924744669
ADH6,-0.0016683269715490707
SH2D2A,-0.008854712272966329
UTP6,0.0006581322453845365
RRP36,-0.0037815098730089396
SRPK1,0.010115478984026413
MFAP3L,-0.004117791193672533
KCNJ18,-0.0008800522925612305
PIGV,-0.003746949440006812
CNEP1R1,-0.0020085966549229406
ALPI,-0.0005823475633056244
TMEM132D,0.00483384354724029
ESRRA,-0.0002075915301419113
HMGN1,0.00584746292407098
LGALS4,0.0012222320282817723
POC1A,0.0007647037529378625
ADD2,0.009564408552426068
IL10RA,-0.008178969319617431
SDC1,-0.0062821354046433
MOB3A,0.004174661218375979
CADM3,0.0034128775402747697
USE1,-0.0021668535036940112
DNALI1,0.0018585436343756874
UQCRH,0.0076548074986060545
FOXP2,0.00676416231753266
HIRIP3,-0.009044631905012345
SRD5A2,-0.0016004391384161134
OR2J2,-0.004370580348803482
RPRM,-0.005365712980656651
ERBB4,0.008451802465773515
TSPAN8,0.002760315676804407
ASXL3,0.014459707866493763
ASB7,-0.004304885874478529
CASS4,-0.006738070197175078
CST9L,-0.005714880460687024
ABCC8,0.024942455883831566
RECQL,0.0013031711385370936
SPAST,0.005467615032021343
JRK,-0.008375121449687389
LRRC17,-0.0037179835759408118
STBD1,-0.010849923601400933
PIGH,-0.0018046803006291888
ALDH16A1,-0.006654280365864659
SCARF1,-0.008911078432610634
SPATA6,8.602296476350865e-05
C11orf71,-0.008286085366714954
PANK3,0.008450640441612823
TMEM39B,-0.0015181053781016067
ELOVL5,0.006661990995148658
PRPF31,0.004972654497600187
AK6,0.00447894366027715
ACOT8,-0.0007151148100364734
KRTAP9-6,0.002729920908203417
SLC25A11,0.00511232222007152
KDM2B,0.003353903133989903
BCAS3,0.01131135745698207
RPL5,0.010817935371807341
ECE1,0.005163066717923372
EWSR1,0.007864806944190996
LENG8,0.0024995644623521094
DTNB,0.01300964354692345
CDYL,0.004966985339621534
HAUS8,-0.00944709908428979
NKX6-2,-0.0008855301138269512
TMEM114,-0.004096685071601142
PPIAL4F,0.0006252737313548308
ZNF254,0.0026294138713447816
ACAT1,0.007082832462743134
NIF3L1,-0.0010919400751263607
TRIM35,-0.007278695268343794
ZNF721,0.0038246813946466725
NXPE1,-0.004504049444843362
DEXI,-0.006738748582890198
ASCL5,-0.012346782478582813
ESYT2,0.006423383364431712
CAMK1G,0.0005683155672834488
SKIV2L,-0.0028480903392347563
CDHR1,-0.0036047533952564825
KRTAP12-1,0.0004773443851878228
METTL1,-0.000801198336895515
NRN1L,-0.008000730453998772
OR9K2,-0.0027491038777896545
PPP1R32,-0.009550429197857592
SLC13A5,0.0013218225790481732
CIAO1,0.005653843877537333
KRT23,-0.0012503932471974865
C5orf24,-0.005124734457577603
FRAT2,-0.00973133506119632
TSPAN11,-0.0017284003952808226
IGLV3-10,-0.0012731611492440527
CIB1,0.005492986716935114
PTGER2,-0.0011605475543195567
BTG2,0.002333850542839188
FRMD3,0.007238679741559753
FREM3,0.017439126553426457
CTSZ,0.002999981912811537
EFCAB6,0.007020756056864236
ARPC2,0.013161889694569613
RAB28,0.011838834193530079
CDHR3,0.0001999564933084306
CAMKK2,0.0030331190522415
GNL1,-0.0009249632184581783
GORASP1,-0.006865224644307186
IFNA1,-0.005374590583440849
PCMT1,0.010548210127230472
SFTPA2,-0.0022060593886761566
SLC52A2,-0.0032312643308361464
IL7,-0.005515419114571846
TMEM229A,-0.008780561475951585
PTPN13,0.024510303275101102
PSCA,-0.004032855524269974
BORCS8,-0.0012230298019724462
RECQL4,-0.009447464785862761
TFCP2,0.010042061619745253
PTCD2,-0.005649833628486725
PERM1,-0.01270253936713732
LPIN1,0.007332984371912154
PHACTR2,0.005156628676159219
RELA,-0.0037578364751937273
ARHGAP19,-0.004438364265383571
NIPBL,0.03296200208852668
ARHGAP21,0.011771440905210375
NCOA6,0.0028355309214239065
C4orf17,-0.012880561545420178
ARF6,0.006350420570775203
NR2F6,0.001211637011011548
RAB34,-0.0034367230184019115
RNF141,-0.0033798938351607077
TPGS2,0.0028605941086255033
PROSER2,-0.00981646283590784
FANCF,-0.009130972648660462
OR5B17,0.0030949210973375088
PLOD3,0.0012959935971231884
CORO2A,0.0024683001216492255
CHSY3,0.005611077116447376
RAB39A,0.002200923996466845
ARL2BP,0.001664824849833683
CACNA1A,0.03708371913723436
EPDR1,0.0010693285195973719
MADCAM1,-0.009720289351667924
NUDT5,0.0048180607494769405
CPXM1,-0.0007732648117087156
RGPD1,0.008325925260177168
DNAJC12,-0.001239170490800519
KIF7,-0.006974068549001276
TCERG1L,-0.002045198148791542
SFT2D3,-0.008019486546837182
TMEM70,-0.0028431345707821826
FAM43B,-0.008772355260204706
FANCC,-0.0014370712702399906
UGT1A1,-0.001444066254309646
ZNF443,-0.007646522837983029
CACNA2D3,0.010943601313786524
ZNF200,-0.011373197310106713
IL4R,-0.008440551052698222
ADCY2,0.010615591273405557
MTSS2,0.0032657197593165717
FGR,0.003682162000151231
TEX49,-0.009756225711975769
ZNF665,-0.005493499404225121
CETN1,0.001956947743614749
ZNF723,-0.0047030284656406915
FAM83B,-0.006119300870417708
LRRC57,-0.0011004235800779845
L3MBTL2,-0.0023565216534466274
BCL6,-0.0006135433391929694
WDR89,-0.004707014522856493
CDK9,0.006062045529907083
ZNF334,-0.004915620657393731
RNF121,0.0037747678119290557
KCNG3,0.0020934971963663036
CMAS,0.004062306700953381
KCNJ5,-0.0011035637837784086
FAM222B,0.0008158985161067345
JAZF1,0.008992823237899442
CPT1C,0.0016174180023052836
MUC22,-0.002508991075798911
NUPR2,-0.00883346830804145
SYNCRIP,0.008198805333160872
HSD3B7,-0.0038640087942433746
WWP2,0.005471437595466116
BCS1L,0.0016528828933828077
NCKAP1L,0.0030643314523846974
CEBPE,-0.006558417104553638
IGFL2,-0.007294749690260029
OR51B4,-0.0030221306296361657
HRNR,-0.0051453293568307435
ADRM1,0.00451337625270694
WIPF1,0.0016714652469397848
RAB2B,0.004163332988175414
UPK1B,0.0013672781122025263
BAZ2A,0.010835250491314117
IL31,-0.008262965109470832
MRTFA,0.006509680621768009
SLC11A2,0.006065214334631385
FBXL17,0.003086260009046406
YTHDC1,0.0019773768936382063
DZIP1,0.00028755836917183415
SH2D6,-0.005406263502229114
MLF1,0.0009170629927511732
RIIAD1,-0.0018342303226362153
OPRL1,-0.003422970675994686
TERF2,-0.006867212972445992
CEMIP2,0.0065637970253721286
PRAMEF5,-0.0037533811189387673
MRPL47,-0.002060816574220653
CATSPER2,-8.325990113919902e-05
LENEP,-0.009323010408029521
PLA2G4E,-0.005903861761288948
ENTHD1,-0.01032160337251222
DNAJB7,-0.009296803649555334
KCTD18,-0.006821236056145134
HMGCLL1,0.0063054591985926
ECM2,-0.005078156152786047
FBXO2,-0.000622936326457722
OR4C16,-0.00012775503093564314
USP6NL,-0.0010916059417204185
CLN6,-0.0033031983426580085
ZNF250,-0.0044020168527576535
GNRHR,-0.0050764604283372984
CCDC144A,-0.0018069526091443035
ACTR3,0.011681183705723274
OR7A17,-0.0031819591763201306
ERCC5,-0.0015720971984873123
POMGNT1,-0.0006971714846403376
PTGES3L,-0.006294658090614792
CHCHD7,0.0015169200154322021
PLSCR4,-0.0025770394467618373
STX12,0.008411374428161101
ALG14,0.004235539124211943
TUBE1,0.006110684656855921
FADS3,0.0026490437154087034
A2M,0.011265150979208138
PLPP7,-0.004157968414997343
USP37,-0.001327338147293431
ZNF211,-0.006631335688364891
GPCPD1,0.003745361860988452
GZF1,-0.006241696846482715
OSCAR,-0.008527519488572582
ZNF773,-0.006221744280710334
CLRN3,-0.004641827893344854
MRTO4,0.003398665798303866
CDK6,0.010735231096871597
LCT,0.017186330988065223
METTL21A,0.0018755553346922374
PLEKHB1,-0.0034159997805398804
SHMT1,0.0036321178510198677
COPS7A,0.0015177608577522006
MYH6,0.033540556036279506
HLA-DPB1,0.0016353327559585206
CTU2,-0.00687071971643156
MRPS18A,-0.004907869025403983
CACNA1D,0.036940955202198436
COA8,-0.004523443541746081
GMPS,0.008156036611515193
CLCA1,0.0003344240201194205
BSCL2,-0.0015795946932996433
HAX1,-0.0018698924091835312
MCIDAS,-0.010358195139543832
SARS2,-0.004592225729852801
CCKAR,-0.004530241903057205
TWNK,-0.006159164623669545
EPS8L3,-0.005397652947503047
IGFBP2,-0.0019829854312977467
OR1L8,-0.004264752541649448
TAF4B,-0.0007866102631316975
PPIL3,0.00465961086218368
TM4SF1,0.0036334426451613295
RTF1,0.00739009639053147
NECAB2,-0.0009769350481452696
NMNAT3,0.004761264744437878
TRIM32,-0.0073278316179342376
SEH1L,0.004249214607701253
KCTD3,0.005825317158764681
ODR4,0.0008280204879039158
SMC5,0.007526693551116181
NREP,-0.0015383446544705852
STAR,0.0011447334259261856
TNKS,0.013130726011870925
RPL39L,0.0007775508577850684
RPL35A,0.00941582063950286
CCN6,-0.009082148678986353
THNSL2,-0.0022092500373788967
USP33,0.0071908980997005744
NEFM,0.0007972729393292879
E2F1,-0.006919975794622478
PRMT9,0.000717530194773893
ATP5F1D,0.006573402602624495
ZNF286A,-0.006970424701597477
P2RX5,-0.0029053925497487375
CMTM3,-0.002015918104218825
COL12A1,0.02941140766667388
RAB14,0.010260493824715779
COL25A1,0.002384934461769355
OR51M1,-0.005624862743228484
ATP6V0D2,0.004591837196236504
GDF2,-0.006249181672615043
LRWD1,-0.004686493197821491
MROH2A,0.012400914036710226
PITPNC1,0.009673123979721093
PDAP1,0.0032219972109690125
ANKS4B,-0.005935685823030523
DBR1,-0.004893871648537642
DPPA5,-0.00223951836334472
KLHL25,0.0015422151869621441
PDE5A,0.008012665757991881
ADARB2,0.0011760382459959117
IGLV1-47,-0.0007973332897315881
CNBD1,-0.005941462298151345
ZNF783,-0.00579464114737243
DCTPP1,-0.002941437492738551
RCSD1,-0.005190197068898362
PCDH10,0.004878477395483779
DUSP3,0.001515639972690725
CSNK1A1L,0.0015432473760461276
EVX1,-0.007148794581764596
ATOH7,-0.008512386503785793
RBM7,-0.0019988399023201774
TBX19,-0.004404039743221319
MRPS18C,-0.0015167746740495259
KCNK3,0.0005949361090698979
SCARA5,-0.003274356344596907
PCGF6,-0.0018628023644186246
SLC22A24,-0.0016332244926922908
DHRS12,-0.0009672862723021161
UCK2,0.007910657892698144
YEATS2,0.007237688120263455
RPP38,-0.0018948386478614791
RANBP17,0.010376606284986966
PDE1A,0.010459079764167644
TRHR,-0.0026039952831075157
LENG9,-0.010582916826787638
CRISP2,-0.00326909530760368
SLFN12,-0.007603035320885659
NAA40,0.0020730473786186093
KMT5B,0.0022114154889268296
SIN3B,0.007004707777654843
IGHV1-24,-0.000859343951595099
DOK1,-0.0077724439243641065
ABHD12,0.003445209259413539
CD3G,-0.004501349144984393
OR1L1,-0.002285148474002826
ANKRD50,0.0014153630452030128
ERCC1,0.00223778844967559
STOX2,0.0022316277506290627
PCDHGB2,-0.0003279148134961388
PLA2G7,-0.0007995381922560208
FOXO3B,-0.010436611965635651
RPS19,0.009259959249401555
MAST4,0.021386566350280915
KRTAP7-1,-0.004925961626168059
MRPL44,-0.0009603936545003264
UBA2,0.009881068289793784
IL6,-0.0038536374026872035
SPTBN1,0.03564235624734045
TMEM95,-0.010042289540453832
GP6,-0.008336723435933165
PNRC1,-0.004418119510231198
LY6L,-0.009206965009021123
ZWILCH,-0.006529357755244813
IPO4,-0.002425719191945623
SCYGR3,0.002511255306409755
SPZ1,-0.0060892744043996175
C8A,-0.003207812703794359
FGGY,0.008080967723334652
TAS2R16,-0.0021324017253126822
METTL8,0.0002837860806561078
ICOS,-0.007164364293343245
SMIM26,-0.0017802039456579696
CDC42SE1,0.0024817740580734735
CNNM3,-0.005663224187937854
GRAP,-0.001455836809406667
CALB2,0.006670652279201859
CCDC117,-0.008773183556775923
CEBPD,-0.0008504638012111254
RNF113B,-0.007010967101334753
ARHGEF11,0.011063631720379144
CIP2A,-0.004407890102323622
MUC6,-0.0029207326969915904
SF3B3,0.008884176242333073
TEX55,-0.011434966010864777
SLITRK1,-0.003102353848824979
TLE3,0.004770531070955762
EXOSC9,-0.0020935820769351194
BBS4,0.0036596513790027804
SLC27A6,0.0025120054340608228
MOK,0.0066090608137426565
EHD4,0.005200110677567312
NDC1,-0.0018674215408088259
DDX49,0.000952583563942149
ARMS2,-0.011959931842627537
PLAAT3,0.0019268703203625867
WFDC1,-0.0068094163936385154
ERICH6,-0.010849204764932098
TAFA4,0.0006513326841983532
ZNF454,-0.005012646404987328
TRIM65,-0.009058303015434324
ENO1,0.010505332123070628
SEZ6,-0.0015607324109302974
ZFP69B,-0.006029685181242112
FAAP20,-0.006725651245714739
QRICH2,-0.007992373409879978
PIK3CD,0.001416844376021978
FUCA1,0.0006665761368861763
GBF1,0.030126498462539675
DMRTA1,-0.008018719966286838
KRTAP10-2,-0.0011348435369613241
CPSF1,0.014309388054777621
EHBP1L1,-0.0063599701012624354
MINDY4,-0.004262184139990651
PNKP,-0.0013370801833001878
LRRC14B,-0.009129082619822258
NBPF12,0.0008764467821789865
CD52,-0.0023723046909440225
NDFIP2,0.0024584130230048814
SPATA31A5,-0.00495515198262724
RABGAP1,0.013441483594443757
DNAJC13,0.030128537931328345
HSD17B14,-0.00023425703247836405
AGXT,0.0027328369641113925
PLPPR5,0.00676428676759724
TMEM170B,0.002452012672531315
UBE2V2,0.009480418390721798
WRNIP1,-0.0016947184521780324
SERPINB1,0.0047910155470429075
SH3GLB1,0.009857915961952566
ATF7,0.00405356512555874
NDUFAF4,-0.0017279074540282316
CD151,0.004670731574258583
RASAL2,0.01224128813396085
FLACC1,-0.004738231752622697
CELA2B,-0.0006446319266117303
RGPD6,0.008322742461248518
DYRK1B,-0.00267793063420459
CXCL6,-0.005197489543498197
IL1RN,-0.002382740774121048
C17orf98,-0.01005905375783018
ITGAX,-0.0012847967397640221
CCDC163,-0.01164332828348813
LIX1L,-0.0031141552250936485
HNRNPK,0.008305380893006168
SZRD1,0.00096748635752664
TUBGCP3,0.005379108888114144
IGHV5-51,-0.0011741705164318892
DNMBP,-0.0005922839127357704
FAH,0.0013855544386446406
GRID2,0.010405531898659648
FOXB2,0.00034670638171604507
DACH1,0.003971856831596505
ENKUR,-0.0010421842156962183
ZNF525,-0.006146506487650054
NT5C3B,0.0015076306770594637
SPEF1,-0.0024723652496330593
ISL1,0.0034171912843321737
NDUFS7,0.004415885024490188
PYROXD1,0.00018579785648597762
CRLF3,0.0032459654330110354
MTHFD2L,0.004223564190125045
OR6C3,0.004612039083872587
OGG1,-0.0013425105301558763
CTDSPL2,0.004606653856100393
GBA3,-0.0002164722863500014
HOXD11,-0.00442807191696299
PON2,0.0025602561830067134
RNF31,-0.005750102191066972
SERF2,0.00669093012178838
TANGO6,0.0005397105250141716
FDCSP,-0.003400879267121537
FAM83A,-0.005475027712467411
CHIC2,0.0067718349264147
GMPR2,0.004717731066632163
DOK5,0.006076765403853882
ENOSF1,0.006808861748690403
TMPRSS13,-0.010130956223686845
NUMBL,-0.003421383559143971
SLC19A3,-0.001949419767448062
TMCO5A,-0.01123811571958891
ZNF501,-0.006505845155454414
STRIP1,0.002933342324152505
NTNG1,0.006335824843168098
ERG28,0.0019967492094366598
PPP1R18,-0.00786607277665821
OSGIN1,-0.0031136724056156054
DPRX,-0.011590514805232858
HCST,-0.005720091276027339
ZNF319,-0.008009263444434448
UHMK1,0.002726230332931827
EXTL1,-0.006293545628029812
CLDN5,0.002432707388944333
TTC9C,-0.00011764865238437642
USP49,0.002954749243794312
EPOP,-0.01306824688822944
TRBJ1-3,0.0007724007421160982
SLC35F1,0.007476978838465598
CBWD1,0.003028454932181785
SBK2,-0.0069274719094350205
AHSA1,0.006086219476646011
LYRM1,0.00014078463686695614
ZNF439,-0.002039097329171745
FAM241B,-0.004235156973429378
SERPINF1,-0.0007453473785615335
GGTLC3,0.00042991671748428235
ADGRF5,-0.000591051113589129
FGFRL1,-0.00596250652757178
LIPM,-0.0034207670021342202
USP30,-0.005105054768971627
FAM3C,0.004591322119893334
MCEMP1,-0.007158835271494807
SOCS2,-0.00029248324589407627
TMEM258,0.00675810631164337
FOXI2,-0.007231661328393652
KRT81,0.0018625613564395682
TRAV9-1,-0.002799519779175879
TSPAN32,-0.006908973372659548
CALHM6,-0.003800348576848243
CIAPIN1,0.0006201321049261284
DBP,-0.00606008112349793
CGB8,-0.00701463229013508
CH25H,-0.0014058550252324118
TACR3,-0.00015268881731851243
SLC45A4,0.0010196946998993182
IL36B,-0.008625842087012461
OR2AJ1,-0.005635553853627628
TP53I11,0.0004398381236203946
DSTN,0.010947378918726512
OR4K17,-0.004446303377187902
PPIH,0.004543250277297869
AVEN,-0.0035170140068907178
CTPS1,0.004489664156948028
DNAJB14,0.008983323361554559
SF3B5,0.005826557003782719
FYB2,-0.007261606319687188
XKR9,-0.004759288911330915
ANTXR2,0.0021179340300424773
MS4A6E,-0.005785302178164537
ADI1,0.004898368979015318
GPR160,-0.006007336209369666
SLC25A22,0.002238048371795267
COX14,0.002188253706613657
CAPN8,0.002540337597062568
PRR20D,-0.0060234928648974775
PTGER4,-0.0019774225704867064
ZFP62,-0.005916888592861998
NIPA1,0.003411947560131389
EIF3CL,0.005672518987518034
ZNF236,0.010453740020651274
TRIM13,-0.0012856830944501002
CHRDL2,-0.00802559189248964
SCN7A,0.017020147950956636
LRRIQ1,0.011553815802361827
APOM,-0.005989381708161122
YJU2,-0.002796816304466618
RBMXL1,-0.0025594602169741825
TXNDC9,0.004723768365907024
RBM44,-0.011714780292520988
TTLL1,0.001857129503351618
TTLL12,-0.0023659409626403615
ACBD5,-0.0046263727447823115
FRMD6,0.0007081896053008323
PGM1,0.006220257809485589
PRDM4,-0.005477195907287514
ZNF875,-0.00170235084029155
DAZL,-0.003647023790480939
ACKR3,-0.002870636552825869
MYRFL,-0.004374537875208535
IMPA1,0.002987439809978431
MMP12,-0.003449853755309283
ATG12,0.0023686695199751796
FXYD2,0.0009340340708056401
TAOK2,-0.005548095928869943
MEAF6,0.007326958679219492
TBX10,-0.005169426842371588
ZNF99,-0.005297453725194522
PIK3CG,-0.002125825243519198
CHMP2A,0.008138976596460182
LCN1,-0.002699737250799046
ADAP1,0.0008375419088943998
RGMB,-0.001536959860828879
RBM17,0.00697999686131261
SFRP4,-0.001928606517992323
HACD3,0.007722177546661515
BCAN,-0.0033131848798793905
NAA80,-0.009715691942750343
DDX10,0.00735904206655854
PPP1R3A,-0.009792445170330445
STAU1,0.007411297024432763
PAM16,0.0012102683553395662
ETV5,0.0023756458168257034
OR2C1,-0.005398976619332104
PHF21B,-0.004530474564317165
TESMIN,-0.009059977575098391
BEAN1,-0.005878867704852294
ZNF385B,0.006435191116638632
BUB3,0.006471957548742065
RNASE13,-0.004850645986161074
NFATC2IP,-0.004163326763646456
GPR149,-0.0021054638265667783
LLPH,-0.002276518807605812
ASPN,-0.00108253979516498
EIF3L,0.009498379214975199
TNNT2,0.004204390932454505
UEVLD,0.0005948997394041688
BNIPL,-0.005318923306102809
SCPEP1,0.004766549961321098
NR2C2AP,-0.0021614482514226625
SPPL2B,0.00011535363478523237
WDR73,-0.004075088717979789
ADORA3,-0.0007983319624181189
ART5,-0.007112274882824062
LRP2BP,0.0001570555881814364
FOXO3,0.005958719228891181
PURA,0.006116895626039442
TIMP4,-0.0028085937899497908
UBE2U,-0.00445021952787398
GRAP2,-0.0024922853169554774
ZNF487,-0.005229836793170465
DCST2,-0.008253824273680292
ZNF787,-0.007807314123146033
NME6,-0.0028322556128274287
GID4,-0.006759332288419011
HS3ST1,0.0005529479617015082
GOLGA2,-0.002944541498818905
BCAT2,0.0009010856772009524
GBP7,-0.004941962281412064
MYBPHL,-0.003584794680056668
GNGT1,6.080624956635881e-05
CLEC2D,-0.004367764776275298
LELP1,-0.00767713452544954
ADCY7,0.0015253015695584008
PPP1R3B,-0.0053583877937391925
SERPINB9,0.0017444623513959067
SGCD,0.007328144178442139
SMG5,-0.0006204304654968213
UBA5,0.006432878006343471
ROPN1B,-0.0019287591150928313
SGCB,0.0002856042316129352
IL2RB,-0.008719322033389694
FRMPD1,-0.0019764560205906365
SMYD5,-0.004939624572454836
EPB41,0.009705876198418143
VPREB3,-0.004264075217539096
RPL11,0.009475640447741905
DIRAS3,-0.0043502941212750085
RABEP1,0.0077417504548790254
DNAJC11,0.004013804994098247
SH2D3A,-0.006504226329586819
CCL18,-0.002185168063636411
CYP3A7,0.0007286984527548444
SAR1B,0.0086930305966226
COL21A1,0.002453376888000163
DPP4,0.0023999163525498576
ERCC6L2,0.004695301057438664
ZNF577,-0.0034424660027341414
SLC26A2,0.0007271156977061789
FANK1,0.00045741155156668844
PROKR1,-0.0065949603985270755
LSM10,0.0019344835784767724
GDNF,-0.008545917605827248
FKBP7,-0.0008208782360682691
KCNMB1,-0.0021865574438354237
COG8,-0.003254281243995995
LBHD2,-0.01033971448149905
SIGLEC7,-0.006037411806561398
SIRT3,-0.003421312131848748
PLAC8,0.002244638548987895
PTPRM,0.015136737058157648
AP2S1,0.010805269554437419
RPTOR,0.013818901932652837
VWC2L,0.0020957710579301565
EVI5,0.012498894964677147
ANXA1,0.008378267356363926
RMDN3,-0.0002321183145947681
ADAM30,-0.004831048344058376
KLHL22,0.0021606479437018358
GRIK4,0.008782973639362155
FCSK,-0.004540059872289281
ADAD2,-0.00922488075317193
PLAC9,-0.0037344207889471056
IGLV2-33,-0.0008958520650789271
PPP1R15A,-0.004497661753197014
SLC22A9,-0.0015699085583214482
CCDC81,-0.007471970893810971
IDI1,0.007677647660326761
TRGC1,-0.004233991986591953
PLAT,-0.0005859401183161674
DEFB106A,-0.004478744828818029
EFNA1,-0.0010135314214396183
AGRN,0.018546813223312062
MMP14,0.00023826650996224417
RAD9B,-0.00502996361206382
PRRC2A,0.01140983401610872
ABHD15,-0.007269324537848693
CASP7,-0.0008369547203947722
ITGA10,-0.00332099292698221
LIX1,0.00024102672377489457
MRPL12,-0.0009262758619770255
F7,-0.007345138235444935
HUS1B,-0.004235804268875176
HNF1A,-0.006639053765557117
MRPL45,-0.00023381821361440256
PRPF8,0.033822654292399536
ESR1,0.002418374979379333
LOXL2,0.0002532358545176887
AQP1,0.004209273434689308
OR51A2,0.002146820278167103
SLURP2,-0.00494794128192516
ARHGAP39,2.428785088546165e-05
C1orf226,-0.010791786231637146
GOLGA8N,-0.013763566321871881
TASOR,0.0074321554945477
TDRD7,-0.0023036096148270836
NASP,0.0009924164291549805
CNOT4,0.010315952751025736
TEX52,-0.012501127360415101
OR4N5,0.0015042662322049
NUCB1,0.0023365051110204467
PPP1R2,0.004261740028045989
MUC2,0.0013888136453918982
STKLD1,-0.0071699157709654284
KPTN,-0.005273944278784394
NAT9,0.0014668699096847947
TM6SF1,0.0005070364751869366
IFITM2,0.0023554142655456286
DCAF1,0.008382080803013267
HS3ST3A1,-0.0022355796936302436
TOMM5,-0.002940377569905592
ERLEC1,0.00393887504159684
MIB2,8.153309986072212e-05
SYT8,-0.00473923722817829
ESPL1,0.013121186166564444
FAM124A,-0.005833079519201142
IKZF1,0.0032575717884612086
PGAP2,0.0016456491081640932
NLK,0.009319646030232283
OPLAH,-0.0010374549464367557
OR2A12,-0.004925618175527822
MAFB,0.0008169586277974763
DUS2,-0.0018887552852596583
SLC52A1,-0.004922458143888473
TRAV38-2DV8,-0.002794485420551217
VAMP1,0.0023041593100361283
CNFN,-0.0012333608236387826
SCNM1,-0.006108654527432342
RPL23A,0.007167729260684132
ANKS1B,0.008023418258754552
SLC38A9,0.005270100508390575
KRT35,-0.0021736971436340283
TUBB,0.007237748285199671
PRKCQ,0.003557678389080354
PCDHB7,-0.0032362405082990344
TOGARAM2,-0.00417471476637046
GSTZ1,0.000541363596959082
CALHM3,-0.009015390058436967
TMEM144,0.002690219488584431
UGT1A4,-0.0010654058556194398
CSTL1,-0.005482443376794055
NAA30,-0.005303371497216421
NPL,0.004223326094291113
FAM167B,-0.00754250680240152
ITIH1,-0.0023223456477193924
SNIP1,-0.005706195534406579
GPD1L,0.00559478081382155
FAM76B,0.002866358173865184
ROCK2,0.015001376999252398
SLC26A6,-0.0031335185045626604
ALKAL2,-0.0064726230309543435
GNB2,0.01097002618267036
DEFB112,-0.010401194777868078
ANKRD36C,0.009986110959964614
DMGDH,0.00533448389193029
PRM2,-0.0019977568901457933
SMURF1,0.009718955849469765
CLEC2L,-0.0025768843196230674
SPATA5L1,-0.003923922384559069
KCNJ12,-0.00132376624605605
SLC35F2,0.0020103881163440153
EVC2,-0.008472503859486386
WDR93,-0.008140241964197223
ATAD1,0.009823703183113791
KATNB1,-0.0002890141388015163
C1orf74,-0.008737771005479433
TIMM8B,0.004308364247349273
ZNF808,-0.0055012290410102966
OR2L3,-0.0031172887555424057
DUSP2,0.0010375403223828515
ANKMY2,0.0028609746007161574
BDP1,0.016056206851209977
PDIK1L,-0.001370367357277422
ADAMTS8,-0.0029567166621700075
STK19,-0.00778109418356615
TEX46,-0.010620502224826342
TMEM41A,0.0014443410677422105
VPREB1,-0.0052543834107386805
TCIM,-0.0029232821356177207
PREPL,0.004352863550897664
ZFC3H1,0.015149401827174587
TLK2,0.009462918638133132
VXN,-0.007167344443543198
DUOXA2,-0.0020388755256923407
GNPNAT1,0.0020390203282448613
KRTAP6-1,0.0007338484673511692
PC,0.004613395533103853
RGS1,0.0011058340633443497
INSR,0.00914146079351631
GABPB1,0.0033712809629857367
NANOS3,-0.0085491333838307
AQP12A,-0.004501665917517945
GLCE,0.001807923948538052
NUDT3,0.00857650572686934
KNCN,-0.010274755849035085
SOX8,-0.00416164019264596
HOXC8,-0.00147081283952409
DRD5,-0.003925223255230848
FCRL4,-0.008594823419965522
IGHV3-38,0.0006973888281693919
CD163,-0.0016606386885248568
GABRP,0.0018948612368785342
DIP2A,0.015256435193778483
STK39,0.011858805483096882
FAM72A,-0.0072052273269861584
NUP210,0.01999809763374902
AHSP,-0.0034735793503816504
AFF3,0.005842329915023769
MCM10,-0.0065780504977744495
MRFAP1,-0.0009739032811098557
PARP4,0.0064344341852285115
FCRL2,-0.008004742069054329
THAP11,-0.00853129974155996
USP53,0.001100638667229502
MEX3C,-0.005053424934337841
GYPE,-0.006913226547147263
GIT1,0.002959453838015678
SLC44A3,-0.0008107078505217943
COL6A1,0.002537876657431966
CADPS,0.013063497646673194
CUX2,0.004537743749426065
OR5H15,-0.0010508396599037209
RGS7,0.012305484252518083
LRRC73,-0.008086384760858828
CD8B2,-0.009428074208359566
IL13,-0.009430401752919001
IGKV3D-15,3.0360445580358093e-05
PRRG4,-0.003924591007319592
ITK,0.0015510825513079043
SELE,-0.0029461576962223623
SMIM20,5.492502878540311e-05
MRO,-0.008759519771841017
NRG1,0.006317159421784481
TMEM214,-0.005933605762669057
CHCHD1,-0.00069783297354867
CHADL,-0.005155414438769859
DIP2B,0.01979884847231711
TACC2,0.00010181641045407287
PRPF38A,0.002068710766761985
SIX2,0.0018199723207066377
ASNSD1,-0.0020335038297854095
CFAP74,0.00501609751690667
PRKCD,0.00266700698023309
ABCA5,0.02486876240087806
METTL23,0.0008504905655520984
RNF181,-0.0009443994767866589
ETFA,0.007612264536624235
ARHGEF25,-0.004755351485514659
ETS2,0.002455166607299225
HCAR1,-0.00831482090498435
DNAJC19,0.003288644334462767
MAN2B1,-0.0011433428368429256
ST8SIA3,0.0019578653322176267
TMEM171,-0.005316252478564761
TUBB4B,0.007809283689412736
ZNF283,-0.0036415539191013905
SPDYE3,-0.006949639549585564
ISG15,-0.0014920619907409238
MTERF2,-0.002877724770609717
STIM1,0.00703182507459952
TBC1D10A,-0.004156032417105756
ZNF30,-0.0022226874922329173
ASB16,-0.007699261129254961
IFNA5,-0.00829413243910294
CCL14,-0.0026741343907142555
CC2D1A,0.0034967304696711704
BMP3,-0.005274857130725996
KLHL14,-0.00048772879045627307
IGF2BP1,0.0028970079968307617
ICE1,0.013779287959460998
WDR7,0.022377471726297168
TM7SF3,0.0029377787383156793
PPP3R2,0.002358550467732647
FAM193A,0.005685473073951259
MEF2A,0.01099602709317929
CFAP36,0.005028275067350232
UBE2J2,0.004246448542701996
CCNA1,-0.0038955523642450565
GTPBP2,0.0014792720383227248
KLC3,-0.0009613852350705011
ADAM7,-0.008270287429645409
CMTM1,-0.0058800591549910755
EIF3A,0.008178207447498097
CD164,-0.000333213423662242
HCAR2,-0.0049032324026938275
TDRD12,-0.004236295794109762
PPIB,0.00653675835927773
COLEC12,-0.0003838195289340334
LACC1,-0.006230287860887026
MMD2,0.002514375536563746
MED19,-0.003284480581598853
POSTN,0.003146469442792546
USP17L25,-0.00490902430813884
TCF15,-0.004897881281072938
ZNF70,-0.007979544906587756
MLPH,-0.003708138282995601
OR3A1,-0.0054247227251899175
MRPS35,0.0017614795087996821
DERL3,0.0013368607251148471
DAW1,0.0031535938344010046
IRGC,-0.008525724347642222
LIPF,0.002763076851953351
DYNLL1,0.012387556468274122
LACTBL1,-0.005384154577296953
NANS,0.0048523283483175575
CDS2,0.009016496014714973
UQCRB,0.006953080558509804
RBPJL,0.00032239047347327223
CWC27,0.008873658431737572
COPRS,-0.006126286057002255
CTNNB1,0.011362584263252757
IRX2,-0.0007474639966675549
IGKV3-11,-0.0001483289879207794
CCDC42,-0.0071655200278709875
NKAPL,-0.006271380250790358
SYT14,0.008557069941699302
OR2F1,-0.005487866827536229
SUPT16H,0.010142467829544614
TIMM22,-0.00030409482994200616
LAMB1,0.0216735996672104
TAFA1,0.0046190950157793936
AMACR,-0.0018732263380409249
FBN2,0.0300839042226529
YRDC,-0.004844360732260151
WNK4,-0.00540002926659875
GCLM,0.00520836602775494
UQCRQ,0.0034215315950898773
ACOT12,-0.0007787531202979028
POU3F1,-0.003652635658124489
KANK3,-0.005679740275374493
NACA2,-0.00027073174152320343
PSMC4,0.0060903033089302686
IFNA10,-0.004747527680750665
NHLRC2,0.0038812343614163147
TMC6,-0.00402906462946849
GPHA2,-0.002852030496878677
MANEAL,-0.004367806788420671
MMP10,-0.0009906957342416054
NCR3LG1,-0.008467565388541468
WASHC4,0.0015060921686143548
IRF2BP2,-0.001085131899005276
OR2B2,0.00046762180324009064
OTP,-0.0015332392863818512
ZDHHC14,0.009068827157407556
ABHD8,-0.0026122582437322632
ABCA12,0.02557862059558295
TSSK1B,-0.006407577405201355
UVSSA,-0.003962740802972942
CARD6,-0.010841661431279848
GPANK1,-0.007925505676280684
TGFBR3L,-0.010121024883978778
KHK,0.0010247771193713834
PIGQ,-0.0075391776798311
PGS1,-0.0016967877609423735
ERVV-1,-0.00929872877868958
ANXA11,0.004429395093878991
TRIM61,-0.009809707928712306
GOLPH3,0.009251614334807142
CNTN6,0.005803210654659562
NECTIN1,0.0003149570611941562
FAM83E,-0.008432030887719216
PSKH2,-0.006401574038468724
LCE2B,-0.001270321259138007
SFN,0.004777500598508782
SH3D21,-0.009389953379755301
BUD13,-0.0071556425339733
ITGB4,0.019317550223017656
POGZ,0.006804562206650944
DNAJC1,0.005678922925669895
BBS1,0.001678804990019632
PGM2,0.002483898185807639
CHRM2,0.004219252569820247
STEAP2,0.006344547400275711
OR10J5,-0.0009000387758349512
NACC1,-0.002429536382236511
TEX33,-0.01104737508116341
BECN1,0.004531804640934402
OR5D18,0.004509166858715768
FGL1,-0.0007303372542730671
ZFP1,-0.006537348910151859
ZNF444,-0.008450141731613571
LRP12,0.001780993332197288
CLGN,-0.0008582833805526171
VPS35L,0.009452637404993915
BCO1,0.0003255670389440103
CSRP2,0.005141784228840211
SELENOW,0.00854250114424786
PCCA,0.011321384267273511
TMPRSS3,-0.0036524714688138046
USP22,0.009549240488853685
TRIM64C,-0.00237158817460464
OR2T8,-0.0050010512172983254
CENPW,-0.0008056088442188082
LCN15,-0.002416899189805939
MYO7B,0.023949942356770074
RANBP9,0.007446871583052969
UBA3,0.00851787042052118
SIAH3,-0.001987113583539833
AFP,-0.002482013062626126
CAMP,-0.0033842234157497844
ANKRD37,-0.0019513366509478715
CLN3,-0.0017352079586654232
ACOT2,-0.0031827734554642478
RCAN3,0.0005369730969220886
SMIM40,-0.008443737591137911
OTX1,-0.004670911916275393
ARCN1,0.006092170612891382
MTSS1,0.007348202686768703
P2RX6,-0.006714487719356559
CHML,-0.002951364584662394
STK35,-0.0044646698751918115
EHD2,0.004260876637646801
SLC45A2,-0.0011557336256096868
HLCS,0.005427814212837375
CEP78,-0.0006943186100154662
SST,-0.004838659462930154
GLRX3,0.007176688488467889
FHDC1,-0.007784718262045402
ATP6V1B2,0.009927758620539325
TCTE1,-0.0074500221843324275
RNF14,-0.00021450432279316914
IGHV3-15,0.000861163527357758
PNPLA8,0.00040783340987645593
C4orf54,-0.005706546806417939
SCAF11,0.0026757419889685183
CD1C,-0.004492122750116446
C12orf57,0.0017154349684826919
ROGDI,0.0015519004378598932
ZFP28,-0.007857206547522937
HAPLN2,-0.0012236793693846924
CSPG4,0.017008363002384192
EIF4E,0.010208631433409504
SEC14L5,0.004919213707094263
DYRK4,-0.0004247809691601513
C1S,0.0001333698326048808
COPS8,0.0037242191079550555
FAM78B,-0.0018803093008399167
CRTC3,0.0034177308092688294
ANAPC2,-0.002720196274397431
SLX4,-0.0020301874869270036
CCL7,-0.004307585238306803
OLFM3,0.007303566639971521
CCDC148,-8.283148169861872e-05
CCDC15,-0.009957575726283724
DKK4,-0.007938783704385293
DUOX2,0.010060157714471142
MGMT,0.0012437714483350952
SLC16A10,0.003878323024952881
GUCD1,-0.0009107430857524297
MCM6,0.005257039129702268
GSTM1,0.001862187629870119
PHYHIPL,0.0038703669685980976
RIMBP2,0.011700365045168944
STARD4,0.0020030724460509946
UBAC2,0.008188085702093782
PCDH18,-0.0024262706083145384
SRP19,0.003623033031410885
OR10G9,-0.003344763029846771
TRBV2,-0.0018615261314507434
RPS6KA2,0.011655297307626197
TMCO6,-0.005272660262891441
CRNN,-0.005167379247517091
LEMD3,-0.0009316671462038791
PF4V1,-0.0072533435891201275
PROCA1,-0.011305291460567581
ZBBX,-0.004338968470879791
AGAP2,-0.0025550573002101834
AP2B1,0.013966922031171362
LAMP5,-0.0010960342355114192
LRRC8A,0.0014867878766074401
IVD,0.003689535999381517
PRRT4,-0.012742325917047959
ADNP,0.0030262759368333363
MAP2K5,0.012051305785830737
SLC25A40,0.002939086105724298
SLC6A20,0.001223313621269284
HAPLN1,0.0014491854426087701
OR2A42,-0.0053956716449324
PRKCSH,0.00011640304892452649
ALPK2,-0.0005622993168507168
OR10G2,0.00015828474853915833
UST,0.001890121694076116
RGL4,-0.008072845693469529
SH3GL2,0.012272924004465635
NEU3,-0.0024528897891941803
AGK,0.0031085612177617467
DYTN,-0.010842429919510116
SMLR1,-0.008744523328850486
PLXNC1,0.006624902521224202
SNX3,0.011646711413883975
OPTN,0.00155733903853544
POLR3A,0.01334757897668421
P2RY11,-0.010371611226340971
GZMM,-0.0031255033904947008
KRT36,-0.0021533768045007688
NPIPA2,-0.01104293669104682
KCNJ13,-0.0034853374719956524
ZNF597,-0.012183820110402659
TWF2,0.0015878365127551194
CHD7,0.02883924178951075
LRRC34,-0.004647457146414306
FBXO21,0.0037818066612898393
PCDHGA7,-0.0012228464921924963
SCLY,0.00035534044312750084
NPAS4,-0.007376935214118644
PRH1,-0.0005858785854725934
GPN1,0.0013203840947588485
GPR37L1,-0.006487870710403036
VAPA,0.013536671604943219
CD68,-0.005162071922408519
NOL9,-0.003776983391728291
CALM1,0.011854773514061662
EFCC1,-0.009428176261654684
TMEM243,-0.0013560726784688027
CAPN3,0.003480587736512268
IFT80,0.007292797310729328
OGFR,-0.0057336683799574335
PIEZO1,0.025501895294318854
PLEKHA2,0.000284683972937041
SCRT1,-0.005677382290561392
DOC2A,0.0012412445781182562
DENND1C,-0.007670572008521974
OR52I2,-0.006419286916386589
RPL10A,0.009327228176828505
SLC35E1,-0.0012464330456379554
GALNT11,0.00907482230023098
SLC46A3,-0.0032010080371208376
HK2,0.003225754824271844
EDN1,-0.0057038083595170215
SLC36A3,-0.005420680964648417
TTC32,-0.002220078660099425
EED,0.004243543356048897
METTL2A,-0.0034051089859327382
VAX1,-0.006355252741117672
EFHB,-0.008768631685783113
ORM1,-0.002989900548626618
FAM162B,-0.0036748150287159165
SQLE,0.002616731386817605
TERF1,-0.000827171256386837
TRIM24,0.0033290793055980434
C1QTNF8,-0.008730116426804352
SLK,0.0025858198459760015
LIPH,0.00025299390583377097
TBPL2,-0.006244986501163403
CST9,-0.0060253736610260435
PHLDB3,-0.006268105094323628
DAB2IP,0.0038136175892010734
FAM210B,-0.004192976955501325
IGKV3D-20,-0.002541069335381794
PRR23C,-0.013656297761782723
MAP3K4,0.010032202936414604
TRIB3,-0.00495276770013654
GPC2,-0.008667541690294735
KLF14,-0.010584201066714679
FGFR3,0.001729095661649531
ASH1L,0.030790995134939204
SUGP1,-0.0007362974542299089
STX2,0.007005831677001338
WNT1,-0.002692606551313568
PDGFRL,-0.005056112210171849
NAPB,0.011106417295051714
CFAP45,-0.0015281037240869658
AGER,-0.0076986052259804425
KCND2,0.010175334912997956
RASSF6,-0.001502168570277305
TLE5,0.008366748256030123
GAL3ST2,-0.006283932140937851
HAUS1,-0.003693357067016921
ZNF24,-0.0032466803496885295
IGFN1,0.0005948238705087977
AGR2,0.0028871947950605253
MAVS,-0.00932146143954826
COLEC11,-0.0022517119768989133
TNFRSF1A,-0.005787577870808295
ZNF441,-0.0048926380611143076
IGKV2-40,-0.00013144589968611944
OR14K1,-0.00463708559207695
LBR,0.00267235713772567
DLGAP5,-0.007417363841755058
POLR2G,0.00547095325862298
RCC2,-0.0005772553645805889
FAM25A,-0.0038364909370031328
TNFRSF10C,-0.009876149863616812
ZNF492,-0.006588549987649028
TRBV25-1,-0.003120481124599405
ATAD2,0.005125297261942782
IKBIP,-0.003228854314204643
SLC5A2,-0.002007850296808492
JAML,-0.004897452885223215
CCDC59,-0.0011337217484060416
ZC3HC1,-0.0062203935174713785
PLK5,-0.007426962547066612
DNAJC17,-2.155006400692963e-05
DEFB131B,-0.01096116005680145
GSTA2,0.003139144417127051
LRRC3B,0.00035572948005115084
SPA17,-0.0037729282451863864
DEPTOR,0.00400715868042413
ARMC1,0.0008164349552868687
ABLIM3,0.006642434085091141
AXDND1,-0.006674182830649914
DCC,0.0072888607186142535
LCN6,-0.004024753216991036
PATL2,-0.005335569274717813
GPX7,-0.0008516303404426674
CEBPB,-0.0017446237161945152
OR11H2,-0.0014552268770594756
P3H2,0.004706019148190375
PROM2,-0.006201296640954591
RC3H2,0.00046350605702461336
SCN8A,0.03306521395330079
MB21D2,0.0018757126762345294
ABLIM2,0.009942561605576777
CLMP,0.0013470993538083579
METTL5,0.007467393222565851
ACSM1,-0.001481672684787963
OR2T5,0.0025443622413893513
POLD2,0.002086617989839215
DPP6,0.009250527892464297
EFCAB11,0.00013205850076670154
RNF180,-2.490703094269178e-05
SCUBE1,-0.0002447301640300063
SLC39A11,0.00877010374175164
XRRA1,-0.0015327339303550316
LIG3,-0.0028245234587438613
CELF3,0.004172343231095217
GPX5,-0.0042755885149844295
B3GLCT,0.0025514018007150685
C17orf50,-0.012489549014488448
CCDC51,-0.006356490241368348
RMND5B,0.0022161672872313457
HNRNPH3,0.0061076645387953795
CMTM4,0.003674686482563732
TBXAS1,-0.0014948794428366289
HGSNAT,0.004491713544739719
CRYAA,-0.0022584240376475745
TRAV10,-0.002800860625941011
ODF2,-0.0005966497863341791
PPARGC1B,-0.0029431101022333434
SPATA32,-0.013127826880398678
MYSM1,0.0025711922046116457
SNX21,-0.0061081450459524005
RABIF,-0.004310163404177238
CHAT,-0.005116033321939231
SCGB1C2,-0.006729108304631426
RCVRN,0.004619666670293282
SEPTIN9,0.0027764178983923984
SFRP5,-0.003172596951425988
CCNB1IP1,-0.0001314797802272214
KCNIP4,0.011327706409199848
MCM8,-0.0018661503045115542
UBE4B,0.009069303243560364
UBXN2A,0.002089985028800255
EPHA4,0.01154982051565471
SLC22A13,-0.005334633985287145
KCNK15,-0.005283866419264147
DRAM1,0.0028530769701251694
SEC61B,0.005112517863495126
TMBIM1,0.0021340767094652803
HLA-DQA2,-0.0017857806657661228
PODXL2,-0.00623590865113025
HTR1E,0.0045974752760972095
PHETA1,-0.009277819856192778
TMEM30B,-0.00243643810862455
TRIM49D2,-0.0022300462662805465
C1QA,-0.0016165278554594938
GFOD2,0.0015355026337186637
PCDHAC1,-0.004208565353753731
MAS1,-0.0058103798542698685
CLDN25,-0.0010703265746210677
ARHGAP40,-0.007813970181885344
DGKE,0.005528569672731777
OR6T1,-0.004071623075568875
PCBP3,0.008160521523582686
TMEM62,0.0009272142534574136
MAP3K8,-0.0031796584206975516
DIS3L2,0.008860039384234042
IL17RB,-0.00857238653181862
XKR5,-0.01186253878509403
CEACAM3,-0.00825055679991663
DEFB126,-0.006462821647190074
CAPN7,0.007404468297272056
PPM1N,-0.005826100525959092
ENPP7,-0.0025862959403223753
TBX1,-0.0019028548453421535
MARCKSL1,9.249788796906219e-05
TGFA,-0.00395322314592769
CHST8,-0.002720349471072249
SMPD3,-0.001302996800890387
ECE2,0.0033724446917311386
CHMP2B,0.003770686224574963
SMPDL3A,-0.000796401608803649
UHRF2,0.004848688437819162
NFXL1,-3.672539362025044e-05
ARSK,-0.002148035117997108
COL5A2,0.003664372057714041
SELENOS,0.00013726877798783186
IFIT2,-0.0030270039077806964
GPR132,-0.007394945641500797
KLHL7,0.003869005627731062
ACP5,0.001452698321758575
BTBD16,-0.005855822957727477
GABARAPL1,0.008786931682708802
GABRD,0.003047413417020811
MC4R,-0.000251674915211893
CDC6,-0.004163646986177901
SLC30A1,-0.002091558485960396
SNN,-0.0053457345654475364
VSX1,-0.0062313841548306435
RNF32,-0.006033996160096099
KIAA1958,-0.0003091004863191753
KXD1,0.0002825203185627999
ZDHHC4,-0.002018326935577669
POFUT2,-0.003285570860810837
TAF6L,-0.007979698727337139
GOLM1,-0.00010376610605711816
LIN28A,-0.006166505692666219
RDH11,-3.852109554849387e-05
ACTL9,-0.0005055951604986583
CHRD,-0.004175845329141926
SPNS1,0.0004720731339654839
TRDV1,-0.0026308523565695325
RAD9A,0.004646612020840496
POLR1C,0.0031226492631842608
IPCEF1,0.001433252167896387
EBF3,0.003722329636549208
IGHV3-66,0.0004999096460544156
MAP3K7CL,0.0009635559629589927
UBASH3B,0.005233124660946308
ADGRA2,-0.005317430647826911
UPK3B,-0.007929622915627255
PRSS38,-0.009556457715566647
C20orf85,-0.0027212766631135254
PPP2R3A,0.002756465460775281
FGF3,-0.003668078250292656
BIRC3,0.0018655803272167673
LDB3,-0.00018620740759189513
ST3GAL4,0.001099164341295829
KIAA0319L,0.004112297901169722
VN1R5,-0.004027991692480894
LLCFC1,-0.010735308372918535
MCOLN3,0.0008418117111604309
NFKB2,-0.0025350839575480834
ADAMTS14,-0.0050768058126063375
SRGAP2C,0.0052226702262495395
TUBB6,0.004702975949776419
TRIM6,-0.005568341277050324
ATP5MC2,0.0075114607965456525
PSTK,-0.00471317217562157
GAPDH,0.010998605099189944
ZNF829,-0.006148887505425307
MED13,0.02606125036194337
SLPI,-0.0033675653315980466
RAP1GAP2,0.008749935801816584
KCNH1,0.008472696629291997
SHANK3,0.011340733508520903
EGLN1,0.0010553967005234304
PI16,-0.007930014656139772
SAMD1,-0.007896897686671235
SPATC1,-0.010238186070017335
CCDC38,-0.007899994210542252
NOS2,-0.00046037208824893644
SINHCAF,0.0028628576673218674
TMCC1,0.009418302355083022
CRYGN,-0.00543203350102606
ZNF347,-0.00433843320523486
PPIAL4E,5.0352620596735786e-05
PTGS1,-0.002003621543060589
PTGR1,0.00687022358116566
CREB3L3,-0.007336561169134323
KIF24,-0.010132090646736985
BTN2A1,-0.005517416089156099
TSHZ1,0.004148073944309774
CGGBP1,0.0017990396215297893
ANO3,0.005918220854036452
CHURC1,0.0035329566604334743
CRLF1,-0.005327838785190684
IL17RC,-0.010256719310739236
XRCC5,0.0083684528578893
DERA,0.006954670187844153
HSD11B1,-0.00019036190542910553
MPDU1,0.001770379496253952
CRYGD,-0.00024577359077431897
AMY1C,0.003420446134577815
SFT2D2,0.003356681159008866
OR11G2,-0.006907786067285552
AK2,0.006172867845087901
PLAAT5,-0.009730416506755471
PHRF1,-0.003279803409777972
SOX12,-0.008022836768714747
RAE1,0.004641882013611576
KIAA1586,-0.00266057520135149
CSK,0.005345337208953502
CARD11,-0.0005893730255896534
USP17L30,-0.00042546691381940816
SMAD1,0.00876009266877221
ZNF629,-0.01037850988806101
TMEM239,-0.007916314168223545
CPZ,-0.0036670972235464424
S100A2,0.004195107327952574
EPCAM,-0.001654804319045383
EIF1AD,-0.001508746194304718
EXOC1L,-0.0067196794829215275
EEF1AKMT1,0.002492712047204915
SAMD7,-0.00942256828623347
GMPR,0.005645098856041614
UFM1,0.008498548824517822
EML1,0.009506265575573198
ITIH4,-0.0040729797658546115
HNRNPH1,0.009888717775611114
COL18A1,-0.0030851185458770185
CCT5,0.00916519449066157
DLX1,-0.0001259644325313293
FSCN1,0.0025067759271294454
RTP5,-0.01122219351012451
KLHL3,0.010453753475449133
CD63,0.005132450451937272
SARNP,0.004013426885422983
TMEM232,0.0025296136233913745
LMOD3,-0.00596507408946502
NFE2L1,-0.0028649436272021396
SPTY2D1,-0.006218815451060098
TRIM43,-0.006633379923332416
ADAM8,-0.004163311909462928
TGOLN2,-0.003472472764255824
PIGP,-0.0005150031158883323
RPA2,0.0034314140577694752
ZNF646,-0.003733669445235939
KRT40,-0.004882563583672692
TAS2R1,-0.007964708055111824
CYFIP2,0.013260786098854139
MEIS3,0.005556404864182184
SF3B6,0.009164397150479875
OR11H1,0.00010960527485150215
URM1,0.001526580044048888
TMEM156,-0.009420660654761197
TRIM3,0.0006633750198604354
TFF1,-0.001259733826139528
KCTD7,0.0017727806658902343
PXDNL,0.005406397880694055
LMX1A,0.001996355623685969
TBL2,-0.002079789427133367
MRPS24,-0.0022835874571496243
SPPL3,0.012664867824697558
PRDM6,-0.004698989797100887
CCL2,-0.0009147319894893457
CLIC3,0.002720505599600375
DERL2,0.004366555854760832
FOXJ1,-0.008457733278950203
FRYL,0.03664491520132224
PCED1B,0.00022678429907463222
OIP5,-0.008341416333926053
IGKV2D-28,-0.001400084963926471
OR5AS1,-0.005092721279806033
U2AF1,0.0049940837800479245
VPS16,0.0004536138037311846
NAGS,-0.0071635337566469
ACAA2,0.003707632376720195
FKBP6,-0.004994305015314611
FLRT1,-0.005297821351357794
IFNA7,-0.004099148187745906
SLC43A3,0.00042618936806378604
FSCN3,-0.008537007084963199
TTC14,0.005777341751473032
ALDH3A2,0.005981055898222201
GCC1,-0.004947789665044294
PRPSAP2,0.0065222610740057
POMK,-0.004513696606361978
TRIM28,-0.002018079794767361
PIGS,-0.004189866822619337
ZSCAN16,-0.008739926260123322
FLAD1,-0.004140570317616897
SLAMF1,-0.009273588290567356
C17orf99,-0.010414827374468354
IGSF6,-0.006861151453654914
LAIR2,-0.004938302325330476
ZAN,0.01350725831619017
EZH2,0.005331277232534032
RPL41,0.0033069498196973382
IL24,-0.0061595692319635215
KIF5A,0.009599072538858137
IFNL1,-0.009336982464863969
RBM34,-0.0060785824026674965
SMG7,0.000926082362332454
REEP3,0.008791783115134075
TOM1L1,0.00307355639748302
DEFA5,-0.0029106787690968
PDXDC1,0.0054593987062786925
HLA-DMA,-0.004389731149039971
ACTBL2,0.001347181388027892
AMIGO2,-0.005033540228814744
TAS2R50,-0.007618237579494627
ABHD14A,-0.00356971436395836
B4GALT6,0.005079185917676991
AFDN,0.02378488303644689
CNTN1,0.00793235115533013
ELOF1,0.004210648956286924
GRIA1,0.011759456710341313
CLIP1,0.011327848046828147
CA3,0.0039747154980527295
KLF17,-0.012676284819684677
MEGF6,0.0003366239141231869
MPV17L,-0.0025545275160370174
RLN2,-0.011080460527608714
TGM1,-0.002269358622518139
PRKAG2,0.010249986313904278
CRPPA,0.003958619926686078
HAUS3,-0.00683591605302078
TOR2A,-0.005538120032711591
PDE8A,0.009821326921209439
RTP4,-0.008393473674081586
UBXN2B,0.002761008691091383
SBF2,0.02917763818732864
ADORA2A,-0.003819258206035673
TEKT4,-0.002622805487239865
RAMP1,-0.0005368933392069599
RAD51C,0.0006632996010806388
AP5Z1,-0.004556697724341449
GPBP1,0.006444362432159248
LRRC45,-0.00633135428768235
DOLPP1,-0.0028624490881107682
IFNG,-0.003915438526147549
LEUTX,-0.009789070205372662
ATG5,0.01088443194698356
OR5K1,-0.0047420213697005244
SF3B1,0.013790276668137947
OR5AK2,0.0014098501870470972
RXRA,0.0038586744152805954
UGT1A3,0.003634981336422848
FAM171A1,0.004245743648862366
ELF1,0.002117039553915378
GPR151,-0.009328891997680286
KRTAP5-5,-0.0006270122564904978
PKD1L1,0.020375622512166475
FADS2,0.002617266346787778
IGF2BP2,0.0059712872540724875
MAK16,-0.0015092289289350318
PPP1R10,0.0001828635130785697
C4A,0.015311985114382984
EGR1,0.0026574926490017356
CNPPD1,-0.005325559431370033
GPR21,-0.006662710448725254
FGF9,0.002165032652355486
RAB11FIP1,-0.002233216470404509
SHD,-0.004681108176933512
MCRS1,0.0012124526493884086
SPEGNB,-0.0030719534766375975
HCN4,-0.006319876328661721
KAT5,0.0019444474638725476
CNTNAP5,0.008022979822347962
EEF1B2,0.008491662587484915
STARD3,0.0031906856873462393
SUMF1,0.0069080389451634154
NOL4,0.008658284923246579
HECW1,0.014882474814119978
CHRNA5,-0.0013363542127519366
CDAN1,-0.007894978461250422
CCDC28A,-0.0033996812700508965
PDHX,0.006328652348246032
PKIB,-0.0014511445772731318
TRBV30,-0.003757621089696576
LAMA3,0.025731251984426346
ALDH8A1,0.003212883652090046
CENPT,-0.007839768057779575
A4GALT,-0.00415291798208005
C10orf143,-0.01052332229959941
CDC42EP3,-0.0012407776963163995
POLR2A,0.021342419209594524
NAT14,-0.00501383924324549
VAPB,0.006753922129579413
STEAP3,-0.0016444683335469737
KRTAP5-10,-0.006309248824417805
IFT27,0.0019011155646480023
PIWIL1,-0.0013016728499471728
SERPING1,-0.002914999497545957
ACKR2,-0.007393760370022595
EIF2S2,0.006678383985986959
ITGB5,0.002459845291764386
RUBCNL,-0.004485183503693451
RNASEH2B,0.003730868134786147
GOLGA8K,-0.01381897161553209
NMNAT1,-0.0010077909448795459
RAD51B,0.0037632926971832223
GSTT2B,-0.0018390828042454063
COG7,0.007946807736439923
RANGRF,-0.0022232030706282394
PATJ,0.025575778630851715
MARK1,0.013237278868442703
KLK10,-0.004174172490634078
TAS2R7,-0.00863061240938317
NOLC1,-0.0028378683176554487
LPAR6,0.0012625344684912938
NAT8L,-0.0031891990552277267
RPRD1B,0.004672323939726201
HOMER2,0.007408124853700071
HBA1,0.0035324592842204093
TFDP2,0.009626360649169765
CSF3R,-0.005726128495988545
TM4SF5,-0.0005412513593070395
LIN28B,-0.0023981885347858453
NTRK1,-0.0037748216528666334
CCDC197,-0.009936519366665593
IMPA2,0.002134184895293037
SETD6,-0.003588137454933648
ART4,-0.009606471991638913
PPARD,0.0039208290685063645
SLC25A2,-0.002094286711279434
VWA3B,-0.005328431629056034
GPR148,-0.007269216848905905
SPDYE5,-0.010001889116934485
WBP1L,-0.0013206714355808301
GNPDA1,0.004980536827634116
CDKAL1,0.010794104795722327
GNG8,0.0012540016908352966
GUK1,0.00996250473179327
LY6G6F,-0.007419726472105026
RAD21,0.006420916849834621
COMTD1,-0.0023895085685941495
TMEM44,-0.007958289141695921
ZNF695,-0.0068481064106225105
KCNK1,0.005481933844541633
SCN9A,0.029041771002782046
SEC24D,0.005572208610764813
RUVBL1,0.006711420552211044
NOSTRIN,-0.001556687139760759
WFDC5,-0.011480117522381305
OR8H1,-0.00311673213362196
CDSN,-0.0099512363955693
TBC1D21,-0.007876111726534244
AGAP3,0.008752164166349474
MMEL1,-0.001998210927384485
SLA,0.0012483440620718546
TNP1,-0.007371354154097671
NEDD4L,0.012815111097541387
KLHL24,0.007573080623858297
LPGAT1,0.007390804210776653
LYPD1,-0.003424569453447254
KLHL23,0.002612919805849429
RBBP8NL,-0.009596202811804896
SLCO3A1,0.009653543627089829
RAB3D,0.003461577414771849
SMOX,-0.00035039478046550615
THAP3,-0.008289761781784772
TUBA4A,0.006182903045077366
CLK4,0.005666773372953654
GPR20,-0.007813317643066626
FOLR1,-0.0018973823414419801
MIPEP,0.007302424243692022
C5orf34,-0.00776319901284277
MSANTD3,-0.004416260633408523
FGFR4,-0.00197426946811417
PRLH,-0.005615907886155457
SLC30A2,-0.0037171265427061004
ACTRT2,-0.003885473994360792
FGF6,-0.007693831453186368
RAB42,-0.005416072618526052
LRRC41,-0.0051111762298254836
CYB5RL,-0.004293952504541971
MAP3K2,0.010538337519558407
ZNF20,-0.00811411107330161
KRT86,0.0002933385357672627
NOL6,-0.005226625100841068
NUDCD3,0.004855638316304564
SH3PXD2B,-0.002475565325836064
CSAD,0.006258360849246775
ICA1L,0.006760453913746608
ADAM20,-0.007782488457436381
CDC42BPA,0.021966971142555386
BRAT1,-0.006816962064622237
EXOC5,0.009931489101710054
ALG11,0.002140079649796225
HBS1L,0.008992843477692157
M1AP,-0.005285483798294267
RNASEH2C,-0.0019074096725820832
SLC16A13,-0.004128363646841546
PSMB8,0.003961354184121958
NADK,0.0019663469600622544
TFEB,-0.0003750909670175218
DNAJC14,-0.010631523345349567
TMEM158,-0.008114083158546543
CKAP4,-0.0030760887885870024
ZFYVE21,0.0029902618024127466
PEX19,-0.004460794330950687
DEPDC1,-0.003854263240034789
ETNK1,0.005131588590015464
SHF,-0.006240643857534224
TAS2R46,-0.007709969675348837
AMN1,0.0027604044719755846
C5orf52,-0.011023289816171929
CCDC54,-0.01091497638335614
HACL1,0.0074858615926336304
PDXK,0.00939487810239999
RPTN,-0.00526787398745565
SLC25A36,0.010936215542923552
RASL10B,-0.002587567739306499
STOM,0.006233601117757199
DHODH,-0.001880432189257231
LTBP2,0.010142758456037317
PYGM,0.0021171130002370997
GMEB2,-0.005256289905978226
ALDH1A2,0.007122084382194968
PPP1R16B,0.004524753302891931
CRKL,0.0024512284748646664
EMC6,0.0030608600683134277
VPS26C,0.0035605940296292997
AXIN1,-0.0022716415716038958
SCN4B,-0.005037788291079134
RBMS3,0.009849178193686857
RFX1,-0.000418192582348707
OR2T3,-0.0010749780766127663
PCDHA6,0.0008345721847404583
NFATC4,-0.007440184214586628
NUP88,0.00011304721708634451
PHIP,0.020549468681382178
RLBP1,7.564752110739408e-06
TP53,-0.0027219392064352847
SPINK13,-0.007823569661548636
C22orf39,-0.006997528275217521
GCNT4,-0.001506063827736704
CGRRF1,-0.00458160050654102
KCNJ4,-0.0006197806214979966
ISG20,0.002377045661292787
FOXK1,0.0010062920715237778
IPO7,0.01020641402073873
LRRC8C,0.0038863694623419193
C2orf50,-0.009976350448782931
AATK,0.00014530145942586803
COX6A1,0.002630589412701555
PARPBP,-0.007278327916943431
STUB1,0.005133504891388216
OGFOD1,-0.0020171693535234302
DNAAF5,-0.0017319273583353918
MRPS33,-0.0018955549869176514
OR5AR1,0.0023355736116069136
IRF2BP1,-0.006311217904737268
LIMD1,-0.0053648244739774925
ARHGAP31,-0.00398593102862803
CEP104,0.00109319391222445
EYS,0.0240717073623918
TLK1,0.012972847537732377
E2F6,-0.0016191769837441865
SLC22A25,-0.0030461242780833752
SLC13A3,0.007829388510500733
SEC24B,0.00602382219011496
TAAR5,0.0022308130830384176
PPP1R8,0.0008682201254040482
ZNF621,-0.0070200205499081555
KIAA0232,0.0037827030645056197
CCDC43,-0.0029915658222880327
TMEM177,-0.005228546268409743
MGAT3,-0.0025106897492254247
TXNDC2,-0.009469227297877454
FBN1,0.03290556374940048
ZBTB40,-0.00383827902585135
CTNNA1,0.011327555915631093
ANKFY1,0.009155858121988266
FUCA2,0.0014245195444851707
VSTM2B,-0.0014794474088097003
CCDC146,0.002017059351599314
PGLYRP2,-0.009882378619850635
IFI6,-0.0024265255496510488
S100A9,0.004209460861292327
ZFYVE26,0.020700202709511912
CNN2,0.0034505211531066144
SGK1,0.011861350529225998
IFIT5,-0.005088625389299291
ISLR,-0.0032357479037308304
ECHS1,0.00486192294156056
HNRNPL,0.005337914348960974
ARF3,0.005510332368062202
CYFIP1,0.00986530498695226
MIS12,-0.005660980037672708
PSMD14,0.01287984352524603
SDHAF2,0.00017897303597817004
TOR3A,-0.004757697575213416
ZP3,-0.005796701300286359
PSMC1,0.006963704496896895
IFNA17,-0.0015225361755054599
GLT1D1,0.005144533542814769
FIGLA,-0.008435148865222038
GOLGA8G,-0.012115909955028996
HIF1A,0.0036623981492375133
OC90,-0.007851146407983898
RHOD,0.0025640677891692
GDF6,-0.008241228285302809
SOD1,0.008463459475476333
TRPM5,-0.001132102707690184
TXNDC5,-0.001879919876435562
MYOZ1,-0.00610984610053953
GLCCI1,0.0019205698262798187
RNF169,-0.003458576232615378
SLC2A4RG,-0.00775655157917344
CLEC19A,-0.007779499684096552
MRPL57,-0.0011057964124183718
ARHGAP26,0.01020533528503772
TMCC3,-6.723954049700266e-05
SULF2,0.00542802901054074
ALLC,-0.003402320489887973
FAM163B,-0.002793603104232391
CERS6,0.010376904420576073
VRTN,-0.010227151582775035
VWCE,-0.009292403805607896
HEPACAM2,-0.007377579056501198
DRC1,-0.003693735829677275
UBLCP1,0.004536334834295332
FABP9,-0.0012018892630436167
MYOG,-0.0029093598067007325
ADNP2,-0.0035627567537406795
LRRIQ3,-0.00645657106850231
PCDHGA2,-0.0006955181238244599
DIS3,0.004664086847657511
ANO10,0.007582557211927254
PAX1,-0.006949612019003922
OR5M3,0.0025907977628118377
CTRB2,0.0024941179175760127
DCP1B,-0.0021577620294619547
CLEC1A,-0.007190087310283485
TAFA2,0.004882260760809119
KIRREL1,0.001783902671257737
VAC14,0.0038991187242417794
CFAP58,0.0011023377876076266
LARP4B,0.005341317492356969
PLD1,0.005071016486417941
RTL1,-0.00391244266904052
GNS,0.0025081203963853425
NDUFS6,0.002659193718154313
CENPX,0.0020376334763737274
FCGR1A,-0.0071706730956425995
OR13C9,-0.003888196862792249
TMEM60,-0.0024951543355901146
GPR87,-0.0031297970846879716
HTR7,0.0008775183457952767
RAB17,-0.0020868470241640004
RPS6KB2,0.001977260718469236
STARD10,0.0011853761607834412
POLR2H,0.004251761805086017
MRPS31,-0.001677098454301454
ODF2L,0.0027193697435048928
HSPA2,0.00306759923075931
IRAK1BP1,0.004297266322083061
MRPL1,0.0017330544802136585
GIMAP1,-0.0069506196353307514
OR2T1,-0.006852856726002387
OS9,-0.0012644722301231434
RALGAPB,0.01300201349486828
POLK,0.0034225762912792244
SLC7A8,0.006159610919396069
OSBPL11,0.001862754719110045
RPH3A,0.004553469139945397
COX4I1,0.007930420102970303
COQ10A,-0.005282653658881502
MOAP1,-0.0015310958733822995
CCDC142,-0.010435984548577944
SPTBN5,0.01788522293394677
PGBD1,-0.004356074480113597
TMCC2,-0.0007742069360106925
ADGRG1,-0.004598741326820239
CCDC195,-0.012264449799944434
APOC1,-0.0017581678854404431
ACOD1,-0.0028996593618037386
MBD4,-0.004104090985406807
PRR33,-0.010990467841759895
PRAC1,-0.005313938610638774
C2orf81,-0.01249553467177498
ANO4,0.009697725633685579
PHETA2,-0.010277425043640835
CBFA2T2,0.00881088149084686
PPOX,-0.002174341287200346
NAGLU,-0.0023667059011724862
KCNH2,0.0009006509530115602
PRKD3,0.005892702331744978
RELL1,-0.00405918381898731
HTR2A,0.003611897539460711
CD209,-0.0076928469556706396
ZNF575,-0.01069696411226527
OR4C12,0.003136154415860726
GLB1,0.00465932006264922
MVK,-0.0015211292738315672
HMGB2,0.005698446689381204
PLPP6,-0.007183715993640809
PSMA5,0.009681008781642015
ROR1,0.002420288059451206
SRF,-0.0038105380481442057
ATP13A4,0.0036320266615593763
ERCC8,0.003888284055920402
KDM4B,0.005562676856982662
NIPSNAP1,0.0018766416543142775
RIMKLB,0.002685078870953393
PUS3,-0.002730601485694459
SART1,-0.002044826529421812
UBE3A,0.013256781472241066
COX17,0.0028054067524540724
MRM3,-0.005722813999526559
WDR35,0.007012375705810588
PRAMEF26,-0.002306454822481493
MYL2,0.007245610206551112
PDZD7,-0.004572190174402439
OR4D6,0.0004695543405196661
MSC,-0.004337080725880078
ARMC2,0.002932848016117134
HLTF,0.005591963911969997
IGSF9,-0.007021152030468376
NQO2,0.007510974895711688
TRAM1L1,-0.003099133464416068
RNF8,-0.00394951676231843
PRMT7,0.0022018475106641167
ESD,0.008228457684488573
IGHD,-0.005204818485271328
CALCA,-0.0025571922629644183
ENO3,0.002403293787760147
ADAM9,0.00362024797507012
GDA,0.006331555045584068
ADCY9,0.01065613144055372
GTF2A1L,-0.006606557440501937
SCG5,0.0034929140360816045
PYCARD,-0.0007337065965628485
CEP72,-0.010397753688813042
GTPBP1,0.00017680455990482985
ARHGAP18,0.0020921950882091603
ATP5F1C,0.010602855297618561
KANSL1L,0.00035074052526103475
BORCS6,-0.011113474860886909
CCDC138,0.00015169428102929103
ARGFX,-0.012594166615401766
FZD7,-0.0012510248928559158
RNF157,0.005153309568835616
TPM3,0.011742633739824255
RFC3,0.009024425087501873
GRM4,0.004960175589222432
RAB18,0.01012173271641399
ZNF558,-0.00846272299357948
ITSN2,0.018456834927945785
TIGD7,-0.005344317241390033
P3R3URF,-0.007941859498074818
OR2L5,-0.003488713577404401
CACNA2D1,0.00929156787217484
CD1E,-0.004911389187035786
HEATR5A,0.026809799739531973
OR52N1,-0.003029321324442454
METTL24,-0.0038138914264591547
DMC1,0.0018063495013611226
JRKL,-0.004229276056610164
CD164L2,-0.008853089829284212
SLC25A25,0.004096063498892871
UPK1A,-0.0005789007117609643
ZNF326,0.0005008459772110797
IGLV3-9,-0.001107568856344672
TP53TG3E,-0.004770010001925266
C15orf40,-0.0028544002097317858
TBC1D1,0.007894145215690545
PRDM14,-0.00911445237943953
SNRPG,0.007617800029253105
C5orf22,-0.0032071138711173165
XKR8,-0.0077765346545577785
SEMG2,-0.005767206683733972
PRAMEF17,-0.0007781405817722206
KRTAP10-9,-0.00042960530393732914
FAP,0.0026478643145442997
CFAP43,0.010161321648146721
DHCR7,0.0012613487186827774
NUTM1,-0.013376120770152022
RPS13,0.008202536563605046
FRG1,0.0014256232492928886
RNF170,0.00288918291403116
LIG4,-0.0012025546688894163
LETMD1,-0.0015032976111452624
GPR183,-0.0014524301411686603
OR2B6,-0.0030042630568556414
STAMBPL1,0.005963673487262945
SPIRE2,-0.00271715262906057
SAT2,0.006174241619503908
CUL5,0.013577406579235889
HPCAL4,0.006794789226410799
DEPDC5,0.01695226860675343
CST4,-0.004227198467772718
BLOC1S3,-0.009893667371928589
WFS1,-0.00417091136825332
GALNT10,0.005210890190168102
IBTK,0.004744661986573075
PCDH15,0.021089394961667524
LAMB3,-0.0011519187964692248
KRTAP4-4,0.001571568283495588
FZD8,-0.00492204086361401
SFXN3,0.0029582611057778208
PRSS33,-0.003069621210773633
BTNL9,-0.001998590256457938
KRTAP6-2,0.0010646517815280703
HTR1F,-0.002348720729134784
RUNX1,0.004137509935940636
EPHB3,0.0014889625848426378
ZSWIM8,0.017244388555002967
MRPS18B,-0.0036164803660181737
ARL8A,0.006064155716640539
SMIM33,-0.010175665753223843
DEFB127,-0.00625726624735545
RALGDS,0.0004925596350726103
RIOK3,0.007224696361895916
MEI4,-0.00465187516788927
PRSS27,-0.005711047781196553
SMAP1,0.00885148621413693
TM4SF19,-0.004447307477165486
ESCO2,-0.007023682727504553
LACRT,-0.004972302179381132
TIMM50,0.0005777465616984445
SKP2,-0.0045149843150442725
HIC2,-0.005041325399409355
IGF2,-0.000773376200873408
SPINK6,-0.006682884647680905
IQCM,-0.008061281106952489
SIRT4,-0.002471745550354809
SPINK5,-0.0029532535255610373
CINP,-0.00035104264966025217
PABPC3,-0.0009376507724725707
CMTM2,-0.006312927752619878
PRR15,-0.007188433263042661
GRIK5,0.006580306305163287
PSEN2,3.524586424389286e-05
S100A4,0.007447820221089498
OR1A2,0.0017263846565536778
PITPNM3,0.002045754288628481
DLGAP2,0.0075730793827754874
ZAR1,-0.012191850013751898
NUF2,-0.0024786472975642355
ADAM21,-0.008719251891544596
ATAT1,-0.006460709673798869
TAF15,0.008219376790499175
CREB1,0.008199635043960206
GDPD1,0.0059556415802382995
PCDHB4,-0.0014836992823593685
GFI1,-0.0068560913058042785
TMPRSS11A,-0.004359221628570561
RFX6,-0.00622663864501739
GSDMB,-0.0063179862472951985
FCRL1,-0.008047581687232927
AKNA,-0.007908694959738791
METTL15,0.005527276646914371
NRIP2,-0.010722652164541975
LY6H,-0.001484842101377247
CABYR,-0.00764155014730113
CENPJ,-0.006560153523400099
SLC18B1,0.001623234362638961
NLRP4,-0.008464446030206301
POLE4,6.497978876651798e-05
SLC19A1,-0.005706968083261027
ATF4,-0.0004366705175410006
SERPINB11,-0.0032917403295867793
USP44,-0.0032809300855736576
HDLBP,0.011354291647429134
SESTD1,0.0068619287314566095
GYS1,0.004136193339694283
UBAP2L,0.003037157528003654
MT1G,0.0014374029329678644
ZNF583,-0.002445564955508041
HMGB4,-0.007855242847440044
PCID2,0.007933315467953294
SOX7,-0.0047119543773583425
ANKRD33,-0.011678425018680015
ZNF835,-0.007969289863821302
ASB3,0.006974353690104859
CDR2,0.0030834269750344943
CMSS1,0.0050158611498115
KLF5,-0.0006475895314719764
MRPL49,-0.004514234709903701
OGFOD3,-0.0031157569490398063
SAG,0.002378557353652659
SLC14A1,0.0004372514083597504
ALAD,0.003106001035596223
FRAT1,-0.012412009471754784
DLX3,-0.003244234143096912
RXFP1,0.0026807964099555275
WDR36,0.0017434215190462708
NELFCD,0.004607596752287915
B3GALT6,-0.006524891809962997
UNC5A,0.0031623565593112903
CYB5R2,0.001334569252919484
SLC51A,-0.004024831422538536
GPR152,-0.006865457303401631
GPR63,0.0014541826854731577
BDKRB2,-0.004617580762552433
NCR2,-0.009716556640578099
KLF2,-0.00279761051945823
DZIP3,0.0011634226463486247
TIMM23B,0.0012879943743306693
ETS1,0.003829969934894605
GSG1L,0.001921038964947953
JDP2,0.0035306579997614993
LRRC75A,-0.0035232642942114455
PLIN4,-0.0056132537080882
GOLGA8H,-0.01285555879893606
TATDN1,0.0099902290807606
TMEM165,0.008111297708519117
ASIC3,-0.005354859009030671
AFAP1L2,-0.0026745769599639513
SYNPO2,0.0031210444643811567
ANGPTL4,-0.004710664017478977
AP3M2,0.007009447015071932
NIPAL1,0.0006054865767984053
MACROD2,0.005952226160847041
CST5,-0.0037663566574622255
CX3CL1,-0.007737484664005863
C1GALT1C1L,-0.0075383295910749675
ATP2C2,0.003200444421008549
LBP,-0.0023935364787505335
PDHA2,0.00158366379657449
TAC1,-0.0012491595315486023
ACTL6B,0.004871357259687109
DNAJA1,0.010522018427057899
PLAAT1,0.0006217455006287731
SIPA1L3,0.015352574384652838
TRIM51,-0.008328947020883283
TUSC3,0.009794459678457065
GGT7,0.002399695430180267
LRRC10,-0.006352960148430793
PITPNM2,0.010727732252672753
CHRM4,-0.003285692971599891
KLHL9,0.0003157884620387523
KRT3,-0.0005889462076749287
MALRD1,0.023279696498993457
GAK,0.002637956844022299
OLFM1,0.006786836020751751
OR7C2,0.0034518644687388596
PCDHGA5,-0.0011761392643057605
OR4D1,-0.003697592702976668
CCDC83,-0.011475554912852183
ST8SIA1,0.004541474907086272
KDELR1,0.007472562119714561
VPS28,0.009003260556412993
C20orf203,-0.012856381945676199
ZNF574,-0.008017589571091452
ALKBH5,-0.0019857254499773096
TMC4,-0.003316198608170321
B9D1,0.003884725010577537
CCDC181,-0.006584475834965557
DDI2,0.005140547668762986
MSTN,-0.002480439956431394
RHOG,0.003980854128740112
DGKZ,0.00834208379481083
PSMF1,0.00046914154668173565
FANCD2OS,-0.012344834333551625
MBTD1,0.006445502894407664
C2CD3,0.019686069341879008
KLK5,-0.00424185944029675
ASL,0.0038715541621775484
HAVCR1,-0.009465547369492028
XRN2,0.008725203614060087
SLC35B2,-0.0010879049285904025
CA10,0.005334562625066978
FCGRT,-0.0033273923865953675
EREG,-0.003852825715770725
ITGA11,0.0006679407914874945
EBF1,0.007358643143558882
ITGA8,0.004014922271672178
PRDM12,-0.0048042683638667705
CRAT,-0.0020838983114760483
TRAV4,-0.003960252001290868
PTPDC1,-0.0002447010288151943
RNF167,-0.0015334384169869058
BPIFC,-0.0070201888917396605
SAMD14,-0.005196749979980559
OR10C1,-0.0031993103333399684
OR8J1,0.004832059763322528
SDHA,0.007991709549093865
TRAF7,-0.0021108074335111473
TRERF1,0.00030897903863943635
ZNF736,-6.438340229014093e-05
ZFAND2B,0.0004117370907383553
CHST9,-0.001874516151978649
DEFA3,-0.00353349024786713
BRIX1,0.0020592773560209024
TRBV28,-0.0026064987384577525
WBP2,0.005129174878366313
ZNF395,-0.005764815766145587
RIC3,0.0016658328567530835
KYAT3,0.004163702923491895
YME1L1,0.00606451793246262
NAA20,0.00829452409331941
EMILIN2,-0.005388094776863027
PKN1,0.0034519302608212754
RRP9,-0.0032691027702764375
RAB37,0.005397689136955681
TMEM88B,-0.009847950466265418
CACNA1I,0.027396801469515498
TMEM139,-0.008583465972573248
MAIP1,-0.005085328254712678
TNFRSF13B,-0.009736298480211092
MROH1,0.022029133988929406
NR3C2,0.002402664415097978
LOXL4,-0.002006016390746715
PRKCE,0.013243366037058604
SYNDIG1,0.0011642734640055358
GSKIP,-0.0005981128412448911
NRM,-0.004443251869501639
TIMM10B,-0.0017543725133699999
TRAV1-1,-0.0018121771841424633
WASHC3,0.0013549308840767368
DCDC2B,-0.008896337385611706
DOCK4,0.029787393634143136
PSRC1,-0.007177004129322325
PSME1,0.005864952791793308
UBE2R2,0.013876408533044919
CHODL,0.0005420977877808419
FAM43A,-0.0056067115020490485
CLTB,0.006766355440619058
CYP4F3,0.0011117354099598575
NKX1-1,-0.005121068466626573
PITPNB,0.009078704408597047
DCUN1D2,0.006412586756122073
DYNC1I1,0.012820680984276344
TPR,0.024790770405233368
CXADR,0.005562898788036639
SLC35G3,-0.008107291114442226
NT5C,0.0024643299273261524
SIGMAR1,-0.0017839351688053145
KCTD4,-0.0019296910771507039
OR4K13,-0.0031544474678383626
FAM83H,-0.00877997758022352
MRPL32,-0.0029855056240552583
PTPRK,0.013439224361864325
PROX2,-0.01208719644613432
OR4K2,-0.000186323142151184
WNT3,0.0011566075052774614
HPS3,-0.004031356844101956
TTC24,-0.010127413740238131
ZNF160,-0.0016565945991432896
APOBEC3H,-0.0057092566952027255
BAG1,-0.0036413805883680167
FCER2,-0.007138492157839488
DKK3,0.0019202731984270206
ICOSLG,-0.009913385352675946
GXYLT1,-0.0013567389406354557
EDNRB,0.0005290148579575644
KRTAP5-1,-0.004007810880742909
PSMD9,0.0013889351639267834
EPGN,-0.008328408369959352
FAIM,0.00014728332314354874
TRAV13-2,-0.00515849260216003
CDH6,0.0062436025782744925
RPRML,-0.008144195818634365
IQCD,-0.006192618860286461
SNX10,0.006787793095529566
ADSL,0.003830120734128329
TRIM17,-0.007046927022385859
NLRP1,-0.005512612478140039
RPEL1,-0.002193695140177939
MX2,-0.0018170658732083011
FOXE1,-0.005192404625722538
SLC41A1,-0.0005916035091369885
OR10A2,-0.006479538674135344
MFRP,-0.008354403652920785
NUDT14,-0.0011223229161804369
OOSP1,-0.008855171598243344
MMAA,-0.004223732385576447
SLC30A10,-0.0018032506346676493
GOLIM4,-0.0022936036103290334
ATP10A,0.004795407086307413
ICA1,0.0076645799811760965
OBP2B,-0.004121952827811199
PRCC,-0.0032804113293444744
SRGAP2,0.010122358679142877
C8orf89,-0.011323229123777916
PSMA8,0.0017384877686450848
YTHDF3,0.0059243496215351825
LAMC2,-0.001289452428806557
NRTN,-0.01044504153885005
TRIM55,-0.004593365793858435
PRKACB,0.014129414872885116
IGKV5-2,-0.0017988130788397824
FCRLB,-0.011984393634847448
MMS22L,-0.0029945657888928745
LDHAL6A,0.0011095497066137816
TEX10,-0.0017065358678698382
WASHC1,-0.001757192676326729
STAT5B,0.008057794153372185
SOCS5,-0.00582685727673275
C10orf62,-0.0031114683666964757
CPSF7,-0.0011291162261322233
MFAP5,-0.00526195892305601
NOTCH4,0.00010200780426561594
OR2T10,-0.004964062674854404
TRIM27,-0.0042991190649113555
PADI1,-0.005335908270051742
CPN1,-0.0037748524893977255
KRT84,-0.0021043990880469806
CYP2A6,-0.001530964678709199
FGF7,-0.0017881560157949415
IL31RA,-0.010769524898821194
RPUSD3,-0.004695675077964606
HINT1,0.010779785359485537
SLIT1,0.01409932211163662
PRPF40B,0.004820143468412765
FAM187B,-0.011445996416145604
WDR81,0.010287351249581245
AIMP2,-0.0022037331625733765
TMEM216,-0.0023113263904634266
EPOR,-0.008408252275748427
OR2A7,-0.004787837608813877
MTMR7,0.009884432061312736
SPATA5,0.004555984347070834
NDUFS5,0.005423682225975197
TNFRSF18,-0.009203144860245992
NKX2-5,-0.0016666141270898387
NME5,0.007096790357538177
NPHP3,0.0001668382193624812
RAB25,0.005861888911332209
TRAV41,-0.00419095230556285
MNX1,-0.006802437376096378
RETSAT,-0.0020462988048194843
CAMK2A,0.012624438226119713
DYSF,0.02881459065398893
KCNC3,-0.0030215809846610886
STX18,0.0053277613955467346
TRIM50,-0.00831474873505244
ZNF654,0.0003274863390721314
BTBD1,0.006155866789639552
GPR157,-0.004743257406371195
KCTD6,-0.001259257585023386
MTDH,0.005780156957060664
SLIT3,0.014641945686398344
TGM7,-0.004720036959982026
PLCB1,0.011604382268628637
ACTR8,-0.003313856849507033
MRPS9,0.0028909578077223573
DTD2,-0.003423888578400013
ARVCF,-0.00252594769367137
PRPSAP1,0.007481595503041823
HJURP,-0.011254607005458333
PSG2,-0.0044366485707936715
DDI1,-0.0025126587924002935
DEFB104B,-0.006620183227162274
KRTAP5-11,-0.004439192287839565
CGB1,-0.005930869607568768
MEN1,-0.006332297537922297
RELCH,0.00771237322287625
AFTPH,9.417655177099608e-05
ACSF3,-0.0012654320861420502
LASP1,0.004123733744770289
LGALS16,-0.0026530424711081226
NFE2L3,-0.008005207641466035
MUCL3,-0.008876657051104376
RARB,0.007814235992929951
CEACAM4,-0.007538904353071738
NCBP2,0.004470780916821932
CTAGE6,-0.007753545000212467
FIP1L1,0.0002594389666235925
AGRP,-0.009295519812628224
GRP,-0.0069139060363334936
NPFF,-0.009718188219202359
HUS1,-6.688736908335169e-05
RD3L,-0.007010629264672388
SLC41A2,0.006171520492619487
SUFU,0.0012653614206730713
SERTAD2,-0.0004365722070064375
MASTL,-0.006533023001459335
OTUB1,0.004463953968691064
CDX1,-0.002498204616935415
AGPAT1,-0.0005067750241444018
C18orf21,-0.007250111543527236
SGF29,0.0036017725514276345
MS4A14,-0.010658832966985785
GDAP2,0.005040037574725218
LBX2,-0.0048846142926855405
RPL13,0.008859381625800187
VILL,-0.0033280285757889745
C11orf98,-0.007172998532438753
TXK,0.0028142612854137015
FBXW12,-0.006129465354746084
BMP8A,-0.0042493127699038315
AGAP9,-0.0029402774268424644
NPR1,-4.213825255404269e-05
KCNK5,-0.004502803651066211
FAM184B,-0.004771325357657333
NUP58,0.005462665439098179
SAMD13,-0.0007176020242788608
SLC9B1,-0.0007241749305176045
WARS2,0.001380675493282632
ARID1B,0.01952889610524979
TEX15,0.017346838731544488
UFL1,0.002016345388916873
NEMP1,-0.0045044063025776095
CYB561,-0.0003305715591009433
PRICKLE2,0.007559822447991304
PTPRN2,0.004278004398601575
CDC42SE2,0.007858225428676454
PDLIM7,0.004033980899250598
PLEK2,0.0008276836816437996
SMKR1,-0.0041979832758726795
TMEM182,-0.00035287884607688855
CNTN5,0.007123433646931125
KRTAP23-1,-0.0016300316764365278
URI1,0.004578657784978802
POM121,-0.00038182759725789115
FMO1,-0.001488328810262626
CITED4,-0.004924718495928032
FMO2,0.002837891196670151
MRPS14,-0.0005533107513883175
RASA2,0.009502069023722786
TLNRD1,-0.00493226933301096
MAS1L,-0.006261886217643593
SUCO,-0.0020194615345395183
ATP6V1H,0.013469104047675538
DAGLB,-0.0019764029429983417
ZNF502,-0.006185184912375624
CDC34,0.005430888930147024
PIK3R6,-0.007687695454595461
MRPS17,-0.0013461147272650993
CBWD5,0.00622388093481735
GPT2,0.0032780027674661175
CFH,1.6767532144974133e-05
CHST2,-0.00504201723202335
RABGAP1L,0.013596149526662646
ZNF426,-0.006314198109532539
ACOT4,-0.0035200559858694865
PRG4,-0.006023486852137384
RAD51AP2,-0.009684517349952444
ANGEL1,-0.0053712045383827916
APOE,-0.0017743690787094613
CPSF4L,-0.004155573540348337
HLA-DRB1,0.0026532522993020723
PCBP2,0.011871840865123896
GTF2F2,0.007091802160832439
NPBWR1,-0.002357202123836439
KRTAP13-2,-0.0034752232714273853
RPL38,0.009310384206017576
INSL6,-0.011027182454312586
AP1S3,0.006485542781853238
C15orf61,-0.0029541975922989434
SMUG1,-0.0028132472002752686
TOR4A,-0.01017691554268414
PSAPL1,-0.007225385411136268
TRBV7-7,-0.0020936224643032255
FABP2,0.0002100354709817895
OR14C36,-0.003921082263501441
SCN10A,0.01958123590027829
F13A1,0.002068396106797659
TBC1D19,0.00653964124539232
TMEM145,-0.002255834983206714
CROCC,0.020201901221113077
ERCC4,0.0021483411868921044
QRSL1,0.0014946148759302452
CCDC126,-0.002182928938720521
NLRP5,-0.010335097026527986
C3orf56,-0.011561916798912017
GLE1,-0.005365059175063438
DEFB4A,-0.004795201391957583
SLCO1B3,-0.003843341828325762
GUCA2B,-0.0064830488084414535
GRPEL2,-0.005887807041640249
SFXN1,0.010367853863346986
ID4,-0.0038218683343260347
NRCAM,0.010199195264853656
SEMA4D,0.0015927853391581451
KIAA0513,0.003514538936638998
PPIP5K1,0.007473974548570968
KANK4,-0.004895561123158347
ANKRD65,-0.00777783480810888
IGHV1-3,-0.00017994365076134372
NUTM2F,-0.012827711061117431
THUMPD1,-4.448807095005667e-05
ZFYVE16,0.006013597949043027
DCDC1,0.014343159158560085
GUCA1C,-0.0004392759999319864
MPP3,0.0002072467338897446
RBPJ,0.012280535379613766
IDO2,-0.003739868107770219
SH2D4B,-0.005051632111229377
CASQ2,0.0013871773259385787
WASHC2A,-0.0043364403340341124
CRYGS,-0.0007600857010544661
GIPC2,0.005304838233443542
C7orf31,-0.009988592335461862
CDH17,-0.0027773253070958997
PRCD,-0.007879428256763884
YWHAB,0.013033974588683534
SOSTDC1,-0.005364675918935452
ZMPSTE24,0.003203556993901077
APLNR,-0.003230803632951309
MRGPRX4,-0.005228879043525977
NEURL3,-0.004809648115502341
RFC2,0.003160012143404553
SULT2A1,0.0004286097366078
ANKRD20A1,-0.009842328579294719
C11orf86,-0.009769887783180867
CNTNAP4,0.003737188498749148
VAMP5,-0.0017856429317362251
BTNL3,-0.0067465569536524364
PREB,-0.0032407622587374216
MSRB1,0.0003050465489937672
BTBD2,0.0023236469058053482
CTAGE15,-0.0054746930744976816
TXNRD2,0.0004164275044855628
MAB21L2,0.0027115771794123875
PIEZO2,0.03095276306738079
RBSN,-0.0013705161981389467
TXNDC16,0.002041030064052045
FRMPD2,-0.00463286902167871
LKAAEAR1,-0.009435464816967436
APMAP,0.002647167762245883
NRF1,0.009607972683022733
LAMTOR2,0.006019893992029648
ETHE1,0.002774730374234509
SNX16,-0.003999788229763252
MLLT10,0.00782719624502553
SOHLH2,-0.009027380824865426
MOSPD3,-0.005898947447515281
SLC7A5,0.0041580439006280116
PPY,-0.004316299490589786
RPS24,0.010000267625489443
SLC2A7,-0.004562666034761635
CA9,-0.008435189454014962
ACSF2,-0.0016550940393302252
ANXA5,0.008077069720572328
C3orf70,-0.002428247686833572
PDGFA,-0.0012219540133618816
DCDC2C,-0.0039469331400849485
GATB,0.0014622204297196299
ASIC2,0.0072277137120392194
AQP10,-0.0033635593081586235
SPTY2D1OS,-0.008013543209352407
GRSF1,-0.0005641612937495054
LRRC55,-0.008041546432505983
CIDEC,-0.003142755064138981
OR7G1,0.0019764661493373564
IGLL1,-0.0054748528416939364
ST6GALNAC4,-0.003954427971122466
C3orf20,-0.00970218550835717
FER1L5,0.015849604221968152
SHISA4,-0.005856800674194826
TPRG1L,-0.00404916990936119
C1orf185,-0.010494337160066425
ANXA8,0.002635745817993805
RIMS3,0.005029934421444323
UBE2E2,0.014088201681784603
DEFB116,-0.008148398618670042
ZNF546,-0.004105579857480841
DNAJA4,0.005401038373942915
AGTR1,-0.0024853601382934455
MANBAL,-0.0025888860642411873
ATXN7L3,-0.002467981462695288
CEP295NL,-0.013339690083646416
PCDHA10,-0.0016756900730352832
IGFL1,-0.005806243084638194
CYP2E1,-1.1495787430469898e-05
LTA4H,0.007113743722559415
PCYOX1,0.0009670585001987987
PJVK,-0.008298543618434994
ZSCAN9,-0.007770151923200584
TELO2,-0.0074470773744412105
POLR3B,0.005585292518833021
FAM170B,-0.010454958421401428
CPA2,0.0014125369218452122
PLEKHG5,-0.002577858400026875
ZZEF1,0.02882526082764084
AHCY,0.004602774540879684
ATP1A3,0.010597746070117757
SLC36A1,0.003625915908716149
ELOVL1,0.0027666479127366763
MPND,-0.0054766075419992455
IGKV1-37,-0.0013873773781994455
F3,-0.0036234742553585375
CRELD1,-0.00011295194907601832
L3HYPDH,0.0015240958094419326
TMIGD1,-0.008212447362765298
TTC22,-0.008601154107262728
CXCR2,-0.002990748958806698
HOXB6,-0.0014514529215161774
NIPSNAP2,0.006019176389379002
ABCF1,0.002151500659649828
NPIPB9,-0.012319615781312257
CHRNA10,-0.005790772032768253
CCPG1,0.001658118084349916
TRIM68,-0.007069877367764319
ALG3,0.0003657047958424621
SLC6A6,0.005744271868738594
HSD17B7,-0.0006659848563723018
CBR4,0.007694808912029141
COX18,-0.003811200877619166
BABAM1,-0.002502761236466156
MYH7B,0.02778418448600586
GIMAP2,-0.007461264039253935
INSM2,-0.012419053172230103
KCNF1,-0.002908219912662729
LINGO1,0.0012466964763015803
NRIP1,0.0022600548410244086
PTGDR2,-0.00771175623143169
SLC9A1,0.0022270490003278237
SPDYC,-0.010838984185946676
UBQLNL,-0.009670934733776622
S100A5,-0.0001967422659357172
UBXN4,0.008581901581819073
SAXO2,-0.0035610148644383798
MBD3L3,-0.005310211798966625
ERVFRD-1,-0.009311968268042462
BCAR3,-0.00028715955582985154
CSNK1G1,0.010060637741996187
ENTPD7,-0.004079430788231767
REEP6,0.00022064078419875552
RIBC2,-0.004453448477929962
EZR,0.008870283725704689
TMEM141,-0.00037171937933854084
SRCIN1,0.006212274549646465
OR2F2,0.0007091825166147445
RNF144A,0.008790428979693446
PELO,0.003382409540844946
FBXO4,-0.00478828816896043
HOXD10,-0.0007329082249152917
MLLT1,-0.0032778703169895995
TIGD2,-0.007031931971954108
IGHV7-4-1,0.0004483078924849149
NGFR,-0.004058286529530313
OCLN,-0.0021450195295392004
TPX2,-0.00327970170823307
TMEM179,0.0009553311624755029
STAT6,-0.0020407856918914957
BRCA2,0.017513011271779493
KCNS3,0.0024339760961567553
RPL6,0.008390983202411469
FGF11,-0.004086828812807499
LRRTM3,0.003299865817460628
CD2,-0.005969094120325148
HBZ,0.0032173144810573383
METTL25,0.0020527594984400886
PANK4,-0.0008480367818514135
C8orf88,-0.007378650046918805
CFAP52,0.000517246512494632
SYT7,0.00740833921483192
APEX1,0.004383209509910474
ZBTB7C,0.0030631171954094254
EIF4B,0.006582834269613073
ANTXR1,0.003668850346793612
CAPZA3,-0.004863641862577179
CNGB1,-0.002443032950795614
FBXO45,-0.0018413941515690315
PPP1R3G,-0.011755101376846317
TRIM22,-0.00015918185744626234
FAM131C,-0.01018345293092684
C4orf19,-0.007450531710597321
SPATA2,-0.009588104843601388
GSAP,-0.0005578374493474656
SLC2A9,0.0015023046558050445
GPR39,-0.003658630217726753
KMT5A,-0.0038636508559228354
TMA16,0.0007696128608892374
TREM1,-0.006858784327280915
CCL23,-0.0063592688163876705
PHF12,-0.004591342950522132
CNIH2,0.0034062730039139378
DLX2,-0.0038080510720997543
ANO7,-0.004836905861696996
NFIA,0.00944807745539489
IL18,-0.001884917186531797
NUDT16,-0.0015187029605063837
TMEM121,-0.005693924741678177
TRMT10B,-0.0019696261915444473
TRIM62,-0.004820175964080234
JPH2,-0.004538897475896398
ACOT11,0.001745198847428372
TRBV7-9,-0.0028434143864264523
NPTX2,0.001018128039356796
MRPL21,-0.00011814735370043888
AMFR,0.0017567632068553427
SLC15A5,-0.0064361084793213225
ZNF853,-0.01009687984341054
SLC39A5,-0.006453440824769451
PPAT,0.0021630335855681707
RNPC3,0.005409778501788926
AP3M1,0.004099849043625858
CYYR1,-0.0015550236790875648
SPIRE1,0.009520692706824324
APOF,-0.011314777184109502
AMER3,-0.01162146371163854
CCDC200,-0.008008238365201181
FBXO41,-0.004548508774283775
WSB2,0.0009405923444628027
ATP6V1C2,0.0030073420829336236
FAR2,0.008524808496068953
MOCS1,-0.004737611592732375
OR51Q1,-0.0029627759195035544
MPC2,0.005944727585316338
SMAD3,0.009920631382228536
PLXDC2,0.00565818313759832
SLC23A1,-0.0016040595915686167
FAM86B1,-0.006541845216536083
CGB3,-0.007034901611171793
SOWAHB,-0.011913856224182728
CYP11A1,-0.0008282764438730262
PRELID3B,0.004928958293537347
ECT2L,-0.004190884750080863
PEG10,-0.001609625307786749
TMEM119,-0.011022895522228342
ZNF763,-0.00830549241330396
PDLIM1,0.0069158170083405066
ANKRD40,-0.00525594320398741
ASAH2,-0.003949961381306102
KLRF2,-0.00914257715940048
B3GNT3,-0.005708898347428323
LONP2,0.011728518767914656
PCDHGB3,-0.000933890516051026
CCR8,-0.0035366681537907937
ZNF479,-0.0068537686082649945
SMYD2,0.003966844289584699
SP5,-0.006477027936046295
AKAP12,0.0013202259775854513
H6PD,-0.003320940124978793
LRRN4,-0.01006824144835016
ACOX1,0.003608697894682421
CA5A,-0.005463925224044929
STPG2,0.000497752905159632
UNCX,-0.006913585140692846
TRIP13,-0.0001837307784227951
WRN,0.006509825312532937
FBXO9,0.004981698602281911
B4GALT2,-0.0033910752491283056
FASTKD5,-0.007351293610778346
RBM20,-0.0036238688081013525
BACE1,0.0013210538304472134
DDX52,0.0016601327152375495
HBQ1,0.0006686917438522354
POLR3H,0.0005374574360012176
SLC10A5,-0.0073483407948777375
ANGPTL3,-0.006820618552667016
B3GAT3,-0.002084652100694758
SPATA46,-0.013709056064759013
ZNF358,-0.008526293191717287
OR2A5,-0.005592169024663932
IRF1,-0.0005997460762120428
MYADML2,-0.006297852657707519
SLC1A4,0.002439048741933498
KRTAP9-1,-0.0014118510598886793
FOXC1,-0.0034148694874822096
MTNR1A,-0.0024933233082989857
WIZ,0.002613344907949526
PHTF2,0.0041470441529059794
TMEM80,-0.008652041053148455
FAM189B,-0.0070376843288432024
PRPH2,-0.0017372654188582092
REC114,-0.008744790256435495
AQP3,0.004499369173739575
STOML3,0.00201930731708239
ALG2,-0.0012068973549421683
KIDINS220,0.01987229853748111
STAT5A,0.0038521141270967314
NR2E3,-0.0015770537930726934
PDCD11,0.017258312182775768
FAM110B,0.0017357560832894716
OR7A5,-0.002819265200473311
PLAA,0.0023475711329812676
SLC25A47,-0.003674154473983365
CHRNA3,0.0017381795316716885
TRPV2,-0.002751504660649515
KLHL30,-0.007023990139178792
PIGZ,-0.0012925584490458275
ISCU,0.006702717241472668
PLXNA2,0.031166184349790776
DAPL1,-0.0035538811184847776
ABHD4,7.083226939490856e-05
FOXS1,-0.00828711588912484
ERICH4,-0.008247956976714751
LRIF1,-0.006307775707159757
SMNDC1,0.0003460769470094098
IPO11,0.008683655375890961
AMDHD1,-0.0005334305748130509
ZNF579,-0.010923085926881258
BRICD5,-0.009091453833594908
KRTAP10-3,0.002048145598243583
C3orf22,-0.012881966868457634
PCSK7,0.0036206452831529646
ATF3,0.003281479361377591
ARMC7,-0.0038258247062123024
RAB13,0.006784003290956009
TEAD1,0.012542874702405032
TSPAN33,0.0006164330238787006
CCAR2,-0.005252753621973096
NFKBID,-0.0015577438552191517
CDC42BPG,-0.000107510943545535
GTPBP4,0.005750160492279944
KRTAP10-11,0.0025275584449933174
MCRIP1,0.0020411199194798092
OR5L1,0.0019698609874999524
NAA15,0.012198065893676314
PRRC2B,0.01644797693601956
SLC10A7,0.006660817627608676
ABCA2,0.030709294934123933
TEX45,-0.009842313207587954
SPRR4,-0.004425522091613689
PPM1L,0.007763230651880782
PCSK2,0.011157791567601306
ARL4C,0.006377188727105804
CENPO,-0.008821584974069036
FOXP1,0.010728940625381945
SPAG16,0.0075060868766276346
XCR1,-0.004269304979623135
NFATC1,-0.003650039008833735
RBM47,0.004722146648887706
ZNF239,-0.008014561989490711
TEP1,0.016177269416432202
PLSCR5,-0.004679973487500466
CHRNA2,0.0012169061060215947
DOP1B,0.02935294470768424
RFPL2,-0.008287383981959771
PPP2R5C,0.013719330041442096
TTF1,-0.006524317895944004
TXNDC15,-0.005895277374775823
IGLV5-45,-0.0013359362929743883
ESF1,0.0023578555029926517
IGHV4-34,-0.0017541974382482325
NPIPB6,-0.011903999276124552
RBM33,0.0036820758183716607
HOXB8,-0.0020257214331001992
TCL1B,-0.005798433737729005
ERCC2,0.002165791936965658
VIP,-0.003369215797670313
PCSK6,0.004207986929196802
MS4A12,-0.004810774920111807
DUSP7,-0.003044623912699294
GGA3,-0.001394273022048867
KRTAP19-7,-0.0017020801438935647
ZNF559,-0.003287761005081946
DOT1L,0.00023394839664882491
PKIG,0.0036273780111054275
SYPL1,0.00296766587845441
HIGD1A,0.003015399700172407
TES,0.0049325481483380755
COQ5,-0.0014846778576485791
CHST11,0.006971219122366826
KANSL1,0.00472252969357316
SPTAN1,0.03893241847617098
RLN3,-0.007374989566374174
ANKRD18B,-0.004804110799711488
RRP1,-0.004889365963225693
SLC5A7,0.002352817262092842
FAM78A,-0.009990362558203457
IL1B,-0.0028846596959898898
ZDHHC16,-0.0018831352043201782
C17orf78,-0.012343817438043803
NECTIN4,-0.003451651949572792
TRIM43B,-0.006548440380810791
OR2J1,0.000681868539059965
AMZ1,-0.0051040510171751425
UCHL1,0.009988529132982694
NBPF14,0.013736779112370803
LYSMD4,-0.007337117822932129
THBS3,-0.0006601590452838931
CFHR5,-0.005475669959879889
TMUB1,-0.005371305928556685
PMEPA1,-0.0013778369882501036
GKN1,-0.0021588253533367835
LYPD2,-0.003157550563938217
PLA2G12A,0.001665579487591767
MRPS26,-0.0018617437746250125
ASGR2,-0.00482216104477931
LACTB2,0.001232808573002083
OMD,-0.003645332555585402
TRAV23DV6,-0.0012938857786697685
MLEC,0.0030654208561686773
EIF2AK1,-0.0009635349170994244
BTD,0.0007216266717517966
LHB,-0.008393536042474918
DDIT4L,-0.006468464266922133
C8orf76,-0.005579280382176785
EIF4EBP2,0.0001952966651552453
GPR182,-0.006165277490343818
GFM1,0.0064561275836733135
USP17L27,-0.0023862835009724258
ASCL1,-0.003353265442692504
CDCA7,-0.002670002306917203
RNASE10,-0.009227379909376417
POMGNT2,-0.0023063580920580453
PAQR4,-0.0035513472892849287
RASL10A,-0.00036688547112103043
SCUBE2,0.0004707588516320831
CYB5B,0.003663471880848092
C8B,-0.003419187769541112
C1QTNF12,-0.007790972353698979
DUSP14,-7.335387645180215e-05
IFITM3,0.002281600829806746
GAS6,0.0005272129140804368
RAB20,0.0016261804410158823
SYNGR2,0.00375997425622933
OR10A3,-0.005125075408423621
TECR,0.007396168407397559
ZNF683,-0.009875446411665642
CCDC140,-0.009405333637798973
CABCOCO1,0.0005109400341681119
SLFNL1,-0.010895216570229968
MADD,0.022109544427829336
GAL,-0.003794960562692679
TAT,8.622088074165234e-05
RHOBTB2,0.0019660482801006638
GRIK3,0.008491862982359655
CD4,-0.006517112370305729
PDE6A,0.0020940910735134607
DPY30,0.004162465976459429
ERI1,-0.001267192052235241
PCBP4,0.004030979670390801
MINAR1,-0.007674195114884757
SMIM36,-0.005775394645217542
DUS4L,-0.0010103192047242681
CXCL3,-0.0025493454845911165
HDGF,0.002384778018089586
DPH1,-0.0009813156149550794
INTS9,0.003765031312383185
NCOA4,-0.0038175573202915594
CHAF1B,-0.002589016452719134
ZNRF2,-0.00021065073449837604
CCND1,0.003294689377609509
IQCC,-0.014126406362603774
MAL2,0.0031156872818260684
PRDM13,-0.008058555522142215
CXCL9,-0.005429748793344169
PRPF40A,0.008780351522760401
TDRD15,0.014119195475928945
ATP6V1A,0.013062373070005823
FAM20B,0.001518478664311198
SPATA18,-0.00742559193649709
YIPF7,-0.0014170263536660316
SP140L,-0.006421783427217509
NME7,0.010399199304569387
FKBPL,-0.010556149548134644
MTF1,-0.00510448539441348
SMOC1,5.003802002574185e-05
VARS2,-0.004424970668023021
TMEM231,-0.0038003441613084984
GADD45GIP1,-0.002259162212150201
SPSB2,-0.004999103395843646
CFAP221,-3.405410675363763e-05
CPED1,-0.003189492016508547
OLFM2,0.0029965393066265487
CAP2,0.009199085184278574
DONSON,-0.002340189558334972
PELI2,0.005529021061292623
FGD2,-0.0007044050413079701
MINDY2,0.0010440918600541228
FHL3,0.0005398707247387363
PRSS23,0.000488830468339049
ZNF814,-0.00023359899387357598
PXDN,0.006947231702041194
MYL1,0.001763114735605446
LRFN3,-0.005332941751977227
TMPRSS11F,-0.006522742825898417
MOB1B,0.009909027356847207
TNP2,-0.006165106082515237
NUDT15,-0.0018499300287910675
GPR35,-0.006013319963011286
SLC17A6,0.005858541258115593
LSMEM2,-0.010077523013447958
PPFIBP2,0.002562659909112069
GBP5,-0.0019254722715014768
MKRN3,-0.005992104896641269
HR,-0.010816575137639407
NUDT12,-0.005119483080622618
RASSF4,0.0005193426381005839
ELAVL1,0.007763360237542132
CDKL2,0.0025443875756284645
SERTM1,-0.005760873114454838
PCGF5,0.011402190615013604
SLC24A2,0.009718139531680025
IMPDH1,0.004408879743995585
C14orf119,-0.002032675514978274
DCTN3,0.004020879754959444
CYP24A1,0.0004436197587779853
RFPL4B,-0.007422812401722855
PKDREJ,0.00931295435384807
SNRPA1,0.008626422770965243
CCDC122,-0.0037591847804631685
OTUD6B,-0.00011249841575037909
GARNL3,0.007107930228308544
PAXBP1,0.0037284795984006175
OGFOD2,-0.0058674193921721025
TBC1D14,0.003236146816597089
ZFP90,0.0002431754182979357
MAD2L1,0.005325315711701171
MTHFSD,-0.004210108313173676
ZCCHC17,0.005538723429685932
DCAF15,-0.006241443413105768
NSUN5,-0.0022991679572046376
SCAF1,-0.006944271135426616
RASL11B,-0.003597477216308978
HOGA1,-0.0030785352725435353
C1orf232,-0.008691165258689793
ILDR1,-0.009818864871534634
KCNJ14,-0.004799964722204485
ELP2,0.005718231316089233
MYBBP1A,-0.006368164029136051
GJA5,-0.0014887400158934885
SLC25A16,0.005544898975496996
UROC1,-0.0014465263089313563
DICER1,0.02512842756145874
SLC17A7,0.0074584624617624155
LATS2,-0.00040091176669183713
ZNF446,-0.011371242699080514
CDCP1,-0.0049601833156857665
BANK1,-0.004269592747831265
DPY19L1,0.0064291405300057605
DNAJB5,-0.0012524876688586376
SLC12A3,0.0030059209893812887
CBX8,-0.0071811541427003215
LYPLAL1,0.006903504915024926
TMEM184C,0.002864932447680229
TMEM26,-0.004312246015988715
ZNF80,-0.008314337801953566
HILPDA,-0.0061383248703615195
KSR1,0.002920997817550988
COL22A1,-0.002524247460496561
HIBCH,0.009210700232910618
CCND3,0.004747346989693501
GNG12,0.0056278816447026475
FAM117A,-0.006347258808596239
KDM7A,0.001503111818924004
CCDC92,0.003382340312387865
C2CD4C,-0.007472462997166786
CLSTN3,0.005999320257563073
GSS,0.0014641267954044717
NAGA,-0.00022333646679287741
NBPF3,-0.009711019967520726
KY,-0.007388583031540114
PDE1B,0.0038060987842289218
PEX5L,0.005035750306965601
LBH,-0.0007545583975304238
CHRNE,-0.0022015557282824695
ZNF865,-0.009240344053290212
BAMBI,-0.003364095263616793
CEP76,-0.0026112722543932387
OR5F1,0.0027004972647204292
MRTFB,0.005234209476711042
TMEM233,-0.00011389112836114341
LRRTM2,-0.0029231253410412286
FKBP14,0.0010216803073565387
NMS,-0.006993000771528663
TNNC1,0.0052090433625876995
SPOCD1,-0.010662953234779707
C22orf15,-0.004666862196955346
MTPN,0.005496044851917283
SOWAHA,-0.010074661615060737
CMTM5,-0.005995933131562779
TIE1,-0.0026597878915419503
UBE2QL1,0.0070488593153147545
NDEL1,0.005638724950998352
MIA,-0.004051199227149321
TAF1C,-0.009137207811143196
THAP10,-0.01218613020265797
PFKM,0.005652798753965874
HPCAL1,0.009966892380632711
SUPT6H,0.02010860323596475
TPP1,8.461274304212274e-05
PLGLB1,-0.0066731777401015414
LCE1B,-0.006750398007631313
ERF,-0.0057916044075873516
RAD51,0.0034756750038821213
ZNF45,-0.0059607794057325745
SPATA12,-0.01163667137870221
CD248,-0.008153602757010516
HPS1,-0.0002965726981738963
TEX43,-0.010062152184062473
TGFBR2,0.004114598490186447
SOS2,0.009698239604748736
CEP162,-0.0020130491383539163
MERTK,-0.0015813869044058926
PDCD10,0.008431877187439554
CLHC1,-0.002910544809025157
TPO,-0.0011434918359846888
ZNF716,-0.007362860649521953
CRB3,-0.007809096243337455
OR6B1,-0.004123046265907488
PROS1,0.000820076933230481
KDM4E,-0.001376552912610415
NCBP2AS2,-0.004705139233799433
NPEPL1,0.0019908139176244076
SORCS2,0.0027462825061304566
ZNF420,0.003195315241920297
APOL5,-0.011760271620628501
ING5,0.006514966017207889
XDH,0.005639081700352496
WRAP73,-0.0013500350342357508
TOP1,0.011712038659644387
PRR5L,-0.0011295040323535815
ZFAND2A,0.0039061388955696965
EIF5A2,0.0026301743846504477
SLAMF8,-0.00992474606406271
HOXA5,0.00011439682289422655
SRA1,-0.00062117275410257
FAM167A,-0.009059449620527718
MRPL23,0.0027056050114235707
TEX37,-0.010385239642750226
USP1,-0.004968609463507557
SPTB,0.02649857548539251
CACYBP,0.006112476465729042
FAM153A,-0.0036174429271338703
TMEM91,-0.00561901890307611
SHC1,-0.0022163980256672835
USP18,-0.006746883098273899
RXYLT1,-0.004600239763465255
SEMA4A,-0.0026191688110465505
ANKRD10,0.0029915325591626965
TMEM14B,0.006706954990172269
ZBTB5,-0.005504296289368187
ASIP,-0.0096489404556304
TMEM40,-0.006107735851135503
CD320,-0.007540475939969489
SMIM22,-0.0032739927410430883
GPR88,-0.006686329614407687
UGP2,0.011436106990488594
KRTAP3-2,-0.002213969554739656
JHY,-0.007189326363749545
BAP1,-0.002197733499323116
PM20D2,0.0004975529636068321
PACRG,0.008573128876974489
RGMA,-0.003104615802259061
TK1,0.0017112069151597371
TAAR2,-0.004921389960038442
QSOX1,-0.003145066482114721
EDC3,-0.001723438250087991
PKIA,0.003458670817213168
FERMT1,0.0021103108207792885
ZNF274,-0.007422216091906545
JADE2,-0.0019084372202917744
PCCB,0.005888747103497959
HOXB7,-0.0006665584701033918
AKAP11,0.014949523110894833
KLRC1,-0.003803087084794897
PEG3,-0.0022332512437599032
SRSF6,0.0025563692331958686
NICN1,-0.009324057113785507
SEC14L3,-0.0011642707108717157
LYNX1,-0.0034324650559334584
ZNF280B,-0.0072217655748333005
MVB12B,0.003735092199916515
ARNTL2,0.0032787913963334817
PSPC1,0.010861168961208098
TMEM203,-0.003561758785001598
SQOR,0.002232235640174841
RTN3,0.0041324687820558795
SOX1,-0.0042275593708142835
COL9A1,-0.0024069871315116195
AGPAT2,0.0012243918069460545
ADAT2,-0.0007872291367914267
OR5AN1,-0.004101652263385572
GAS7,0.008600174909362747
OR2W1,0.0029019924996008376
FOLR3,-0.0019465175364606164
ATL3,0.0038050284113658813
FAR1,0.012071568197973878
SLC45A1,-0.004788199115899996
SSR1,0.007139056993426693
CRK,0.004199445459379486
OR52H1,-0.00532343239835038
SLC16A5,-0.004368464314879366
VAMP4,0.0020434477757287567
WNK2,0.022769243028172643
EVC,-0.007855755460272368
TMEM176A,-0.004355875373492027
NPAS3,0.006187250067199863
DEGS2,0.0014317093416430112
ZNF165,-0.007613337745616815
DEFB135,-0.008730625890676335
CPNE1,0.006610495358017418
SSBP1,0.007653267661561731
CCDC190,-0.010603920246532795
RNF2,0.005858767398682759
HEG1,-0.007258575278512779
PUF60,0.006694689352553824
PPL,0.012183154155683466
HSF2,0.00045869279279593943
ACTN1,0.013019872616603381
SPTLC3,0.0017358047262459586
KIR3DL2,-0.0027848041103371267
NDUFAF6,0.0033224918196343347
AP2M1,0.012489650252226007
C1orf174,-0.010295844748546263
RPL7,0.008071513719472616
TNFAIP8,0.004655069223691658
QSOX2,-0.005664644134669568
RNASEK,-0.00059482709812107
ZNF394,-0.005565054420025327
CDHR4,-0.008086118449554315
FMO5,0.0024750766937653864
ZFP14,0.0005724308002953582
MINK1,0.007683984404545707
FLT3,-0.0032828005245595176
IGHV1-69,-0.0009238969998189745
TOP2A,0.011498083528331838
THY1,0.001415458316303914
IGLV2-18,-0.0002952960591739782
TRAF3IP3,-0.005327895669749908
ZFYVE19,-0.0075681247112322795
DOK2,-0.0032325473235002406
PTTG1IP,0.0003371333296463029
LMO1,0.0033002125907623608
XPO1,0.014718873036073688
ZNF669,-0.008796014763345551
ASAP1,0.009461123098685293
ACD,-0.010448904771670717
BICC1,0.004391080308091115
TAAR8,-0.000555441880448426
KIF22,-0.003407857242346804
RTN4RL2,-0.0014103654647149133
SNRPA,0.003884436351966927
NFYA,-0.001868179296386575
PRAMEF4,-0.00476182995520371
CFAP44,0.01594585128454115
POLR3GL,-0.0012084494718662207
TTLL2,-0.010015720985278984
IGLV10-54,-0.0025581090109327307
GPN3,0.004111252320759346
OSGEP,0.0067376660996405465
PRPF39,0.005235101507269291
SOCS4,-0.00587907697933342
ZNF567,-0.003395526724336915
COPA,0.014393440157347013
CCDC85A,0.0039066598292299415
C2orf42,-0.00252879786151925
LSM2,0.006674995862946512
MSRB2,-0.0008460867941239373
TDRD3,0.005202563786838616
MIEN1,0.000883937708641027
MYOD1,-0.006639330729605473
SPINK4,-0.0052896447257432646
KCNV1,-0.0014726452709910574
TTPA,-0.002315953254228254
CNDP1,0.0016537817311555486
ICAM2,-0.006076071258907751
RRH,-0.002483142647290894
UPK3BL2,-0.010202677697177866
ZNF256,-0.006004737610334567
PPARG,0.008345316441033613
APOH,-0.00387283931110104
IGHG3,-0.0037000797760355767
NDUFS8,0.005899075755128289
OPN5,-0.003125211730583657
TMEM89,-0.011753516334399208
SAA2,0.0006733486849021799
MEGF11,0.0023342075224157526
CCDC91,0.006484310406995934
LRRC18,-0.004707702875339356
CYP21A2,-0.004879113993556835
PCDHGA11,-0.00206466590406848
POTEF,-0.007577026955702706
PTH2R,0.002866547979617807
LEKR1,-0.0037393108194382373
DHRS11,0.0014333972605688715
PLEKHA6,0.007035900697645256
ANKDD1B,-0.003678360827638956
TAPT1,0.0034394717772777295
SPTBN4,0.0329581681192731
MRPL17,-0.0009167350858108039
BPI,-0.0028886350768691084
FFAR1,-0.008800934048351642
CYP26C1,-0.006787527377106403
CLPP,0.0007111853212572794
OCM,-0.0004666141235516932
NKX2-8,-0.006939290064636166
OR7C1,-0.003867481574156194
MAP2K1,0.0110684705330783
IKZF5,-0.004020633639924001
ARGLU1,0.009699311109161045
DENND2D,0.0004148082964119812
DIAPH1,0.007086389097372229
PRAM1,-0.008487622878476734
UCHL5,0.007941451461174623
COL11A2,-0.002182479754008203
HS3ST4,0.0014000626497170708
SLC39A7,-0.0037799760459768933
RGP1,-0.003607261592189126
HSPA6,0.0035770243912961208
CCDC9,-0.0063678260739588955
GGACT,-0.0053956920147966506
MYO1E,0.006773822673010538
GP1BB,-0.004417117936999756
RRP15,-0.001233195021485032
OR1E2,-0.0034798114554617475
GRK7,0.00059532498082063
SLC6A1,0.006365273415640486
GRM2,0.0001518734974368296
CDK1,0.0050790067399789415
INSL3,-0.00854470086872612
SLC25A17,0.003922569959696128
PSMD1,0.01545185387544923
SPAG8,-0.010813558334477396
KIR2DL1,-0.0005169122008439872
LRRC75B,-0.007205409246794199
ACP7,-0.004883015603421198
GYS2,0.00117243321959881
GALNT9,0.005734541618680047
TPI1,0.009971134278573
ASCL2,-0.006575634719739915
TBC1D3E,-0.008521619889986464
TBCEL,0.002377647038137151
RSPRY1,-0.00047134071504847724
ECRG4,-0.003913321221231241
APOBEC3F,-0.006875540744518133
SCYGR5,0.002663461447243057
ZNF28,-0.006038389555746878
HOXC6,-0.002120165207427659
HDDC3,0.0002997550974371173
HNRNPUL2,-0.003170909123340372
KIF3A,0.01315941034748814
THOC6,-0.002622510609935061
USP48,0.008952375042500784
KBTBD6,-0.005530611930631694
C8orf82,-0.006939372090169653
MRC1,0.002225762493762062
RGS16,0.001422013117633534
PIP4P2,0.005806610465768553
KRT1,-0.0004267255616503377
MOB3B,0.011391484898074221
TNNI2,0.0036482133373853514
ROBO3,-0.0028766247318006573
CHST6,-0.0057801197119123696
IER5L,-0.005014259495086008
EDN2,-0.007386952289010294
FANCE,-0.010458071733529958
OPA1,0.011525806399228239
SHPRH,0.020301698949172296
UBE3D,0.003931902998305006
PYM1,-0.0026650822521941454
PRRT1B,-0.012294431304320064
HAND1,-0.0048065376784134604
UBE2B,0.014110360268478214
WFIKKN2,-0.0074462778416795284
MEGF8,0.021736827628769956
MYOZ2,-0.0012298282787060403
GSTA4,0.0062748013061017585
RINT1,-0.0011900803722982877
OR13C4,-0.0048182750472381035
FAM91A1,0.00024495685750267857
CAGE1,-0.012345223313610496
WSCD1,-0.005180988864635691
WNT5B,0.0020604511701005535
ARPC1A,0.009350757203954606
ATP7B,0.004567526803676474
RP1L1,-0.009734417956000151
CHMP4B,0.007009077018491481
CPLX2,0.004241952874100891
FCHSD2,0.009220450242485074
SCRN1,0.004569708095935906
GMEB1,-0.0016892568939355344
C4orf48,-0.001765188522193142
OBP2A,-0.004638428708925212
LYPD3,-0.0076396944063944205
ZC3H7B,-0.0017501606567647092
ZNF14,-0.00428112122090734
GDF15,-0.005158514336863941
LRRC58,0.00025149222243574736
PAM,0.006359488460876205
S100A8,0.003506245842614522
JMJD8,-0.005062908666183318
HOMER1,0.009448344768388186
NFKBIE,-0.008371636405455619
NGLY1,0.003107190039957722
KRTAP16-1,-0.0010555775332099905
SVOP,0.0057457461747088025
ZNF92,-0.0038774707205995324
C1orf127,-0.013518963233498564
CMIP,0.009486970190452857
LIPJ,-0.00395159379254979
COBL,0.000535078906657934
RAP1A,0.012872847428788978
SPIN1,0.008958927716067256
SLC4A4,0.010237035981818425
OLR1,-0.005876076300920029
GALNTL5,-0.006633552107744013
UGT2A3,0.00034804586361918366
CHAC2,-0.0005634156239478688
SPHKAP,0.006743399329753528
CSDC2,-0.0023476215457372052
BCL2L11,-0.0063285640053415025
ARFGAP1,-0.00037502736798632875
TSEN54,-0.005851373700219442
IL1A,-0.008321906437542494
NR4A2,0.002951759096802918
TAS2R5,-0.009014580814045358
AP3S2,0.008493590043700169
GAS2,0.00829781075202853
PRAMEF9,-0.0019997745958694043
ASPH,0.005905761141117683
SPO11,0.0003707406268890501
CCDC105,-0.008748934276317236
IL17REL,-0.010388946025333964
USP5,0.0010074913751911476
COPG2,0.01100603334478401
SLC44A1,0.010349490587559055
CFD,-0.0008882154524289193
AGAP1,0.013760567239298428
ENOPH1,0.0038576971676102475
SURF1,-0.0005215667808009672
FBLIM1,-0.003574075640431948
TMEM215,-0.007531094800454639
TACR1,0.0033558311638989383
MS4A7,-0.0031376377959314986
LRRC20,0.0010872675287190744
NMUR1,-0.005796351162271757
MARCKS,0.00015546971216131198
PKNOX1,0.0054069421987329655
SIAH1,0.004346553147798585
WDR70,0.011158500518945078
ZNF341,-0.006261581535393984
CTBP1,0.007037204587292397
RRBP1,-0.0007788653769939287
CCER1,-0.011982402523970493
PLCG1,0.003898381391333488
NOBOX,-0.011417800010495196
CMTR2,-0.0048302431381432535
RNF208,-0.009453210413922896
NKAIN2,0.010168269704813285
TRPC1,0.010530721487290713
CDKN1C,-0.004630511554324612
EMILIN1,-0.005164980163285443
PLEKHF2,0.0008949604282973048
DENND5B,0.0125009238367823
WDR47,0.006689637222358546
MRPS11,0.0007809300819909817
IGLV3-27,-0.0008170435849186778
EIF2B1,0.005619278649162346
LOXL1,-0.005435712806530192
UFSP1,-0.005512838032030477
DCLRE1B,-0.00845572089281475
FOXN4,-0.008142970804688652
SHISA5,-0.002437790554347495
KRT74,-0.002280564445059509
ACADL,-3.695944319754988e-05
ADRA2A,-0.0027697453943136756
EGR2,-0.0017068743355042714
NOL11,-0.0047688485525688865
OR10G6,-0.003784522740581202
GADD45G,-2.386713941431636e-06
FGD6,-0.000920093295677083
WDR38,-0.0021189284428372954
ACSM4,-0.0036743432427107626
OR5B12,-0.0017357369563182484
TMED6,-0.002372154240429721
NKIRAS2,4.01601225253205e-05
PDPK1,0.0027707130126686185
KLHL21,-0.0022950721725498685
SBK3,-0.006468692155310339
NPY2R,-0.0020038692088943486
ASAP2,0.007722054700435347
ATG9A,-0.0038625343455086273
RPL31,0.009824486367267455
VRK2,-0.0021703650637300838
ZNF726,-0.006288066145262481
DRD3,-0.00171282792987813
TFAP2E,-0.002816088871686759
ANXA4,0.008533509352144697
MOB4,0.00749206603747702
TSSK2,-0.0046116077914146875
HAUS2,-0.002181914452634042
LRRC38,-0.005100996551077421
REST,-0.005310797926600819
QSER1,0.0011609920946662987
C11orf52,-0.011457682873098382
HOXB2,-0.0038000505588968478
S100A13,0.004551577500911526
MSH2,0.009721151482848555
EXOC8,-0.003244052154172492
WIF1,-0.0014224636522848155
ADO,-0.006995554819081377
RGPD4,0.007141870900961661
ATP10B,0.005066764861044293
VPS33A,0.0006484126930359164
ZNF280A,-0.009767059248038315
SYCN,-0.004683261335992082
CNTROB,-0.009381742324977193
DAB1,0.005943736566705177
IFNL4,-0.010232124566603648
UBQLN3,-0.008115733576359781
FAM189A2,-0.0022688088741707082
RNF34,0.003950062423392031
KRT83,-0.0014535967748909504
ACAP3,0.0053409725754692645
C9orf64,-0.0027078576854021514
ARHGAP10,0.007684924742472531
COQ8B,-0.0017015867557210386
DBI,0.005960907127629959
C9orf85,0.0019521893578977707
CAMSAP3,-0.004262359109006174
MRPL51,0.00011076181896487582
GLB1L2,-0.002086380005768607
UBQLN4,-0.003939301421430797
MTMR12,0.0022152004074727266
FGFR1,0.007022781322596654
RUFY3,0.0135753950677346
TUBA3E,-0.0008591795967915716
ACOT7,0.004133848123795387
CFAP46,0.02479242405292818
PIK3R4,0.006297293675441025
KIF16B,0.009377285475428572
MMRN2,-0.006768613679294149
CILP2,-0.00797401810833199
OR5D14,0.0034665522397202796
OR8B12,-0.0025471648560306944
SLC25A13,0.009415004790071463
OSR1,-0.002721925382676009
ENPP4,-0.0011540838573251913
GPR150,-0.010713956841035639
PCDHB6,-0.0040763921131012565
SIRT2,0.0032267376156628453
ADAMTS19,0.0039984718450422575
XKR7,-0.0057923496494464806
FAM161A,-0.005809296156879577
OR4D5,0.00015873816887662268
CAB39L,0.008092443460421022
SPAG11B,-0.005709277251801385
PLK1,0.0024122383551339246
TSEN2,0.0001301685993524286
SYMPK,0.00526230961054839
CWF19L1,0.002107104318982747
CGN,-0.003654143308594459
SREBF1,-0.00129512302221675
CCDC150,-0.006946036989206932
SNRPD3,0.006750823992480337
TIMM23,0.0024823534132383178
ALX3,-0.00859311415780755
IGHD1-1,-0.00037465808392895156
OPCML,0.007821561196389578
ATP8B1,0.007659735050294364
KRTAP4-5,-5.715416002810211e-06
MYH2,0.029259915349432886
SLC4A3,0.0010024775473623441
LY6E,-0.0009166273671622551
DUSP15,-0.009687759090692426
SLC2A8,-0.001880737679408066
BBS2,0.006901858437634624
EMC10,-0.002014372209913929
KLHL18,0.005862749395850249
ZNF823,-0.0060543679131498185
TRBV9,-0.0027349049090215627
SLC49A3,-0.008028463701475317
ARL9,-0.001484400552120112
PTPN12,0.0044916729331717815
PSENEN,-0.0011006258511226008
TRAJ42,-0.003754960476829912
PIM1,0.005553580754137072
SULT1C2,0.0007883342075887074
COPG1,0.0061910203530535874
GLT8D2,0.0006665434834333684
CKAP5,0.030174694202041233
LEMD1,-0.006521011330179607
MTLN,-0.0022796680909628257
TEAD2,-0.0017152870180757581
EIF3C,0.006719275169516732
FBXL4,0.0017378153461422871
CREBZF,-0.0015653381341065309
METAP1D,0.002671453333265765
LTC4S,-0.0014903187652344138
MND1,0.004738972727792963
MYMK,-0.0005725056555457101
PCDH7,0.009822279908261991
GRID1,0.010769092982097037
SUPT5H,0.005877316943350593
IGKV1-39,0.000245021346214972
TASOR2,0.019615181126086633
TMBIM4,0.003290231838199697
C11orf21,-0.010666745259228982
XRCC4,-0.0017785395804409496
BANF2,-0.005295798974066835
KMT5C,-0.006733341691177276
BMPR1B,0.006836251344287985
SHKBP1,0.0006833280746912449
HMGXB4,-0.000189867903003249
PREX1,0.020374688689726674
RPL37A,0.011195493224639586
EZH1,0.006198641160035716
IRF8,0.0019328425706414511
TRIP12,0.03159860620434779
FUT5,-0.007894647607846897
MYL10,-0.0027417113621301934
KRT12,3.789027733041954e-05
ZFR,0.011798475940506412
TAP2,-0.005120159334263177
KBTBD4,-0.007064272415309848
PLD2,-0.0025841473131337166
KCNG2,-0.003999812597063377
PLEKHM2,-0.0015459918796063923
RDH10,0.001714035822461362
COL2A1,0.002081340004975588
CD79A,-0.00642012534687712
HDAC10,-0.006310676114228603
PRPH,-0.00027443191806961735
NMRAL1,0.0025302480762320815
VIM,0.0074411964230457
HMOX1,0.0008662913523936124
CYP2C9,0.00045585228532276723
SMTN,-0.003810596752071489
GNPAT,0.0003445309112425799
RNASE2,-0.004746917373657321
OR2T33,-0.0061063407442648295
CEACAM6,-0.0011255463425406422
CNOT9,0.00741130803388252
RASGRP4,-0.005875314007713743
RNF149,0.0047767331424728755
DNAJC9,0.005019311682978023
GATM,0.001698452502610353
MED12L,0.02691162706867074
FBXW9,-0.00476360559328601
OXER1,-0.010962867757168855
IFT52,0.005516314777469289
MR1,-0.005807754930652477
ZNF229,-0.007478942139808934
RAB3IP,0.0020381030476686185
FRA10AC1,0.003658239327329138
WFDC12,-0.00876743264931654
PCDHB9,-0.0036208063761451587
SMTNL1,-0.011553627302925898
LY6G6C,-0.00828139842372825
SPATS2,0.004703391546605449
ELP4,0.0067358766177492355
IL18BP,-0.012281994217431794
PLCB2,5.439681414823157e-05
DUSP8,-0.004800108118138761
TGM4,-0.0032366277684976567
ZNF516,-0.0028129773579504557
ALPP,-0.001341129844968385
IGKV1D-8,-0.002259530168116507
CMBL,0.0020659246189895634
CACNA1G,0.028834203600262922
JARID2,0.006228937362307645
SPINK1,-0.001154392418923099
KCNB2,0.006217401482770158
GLP2R,-0.005789192096796282
RUNX1T1,0.009205366417876849
N4BP3,-0.008696970295017882
SMIM14,0.006979276064918945
WIPI2,0.005091148452523311
DHRS7,0.0017803400650002257
UGT1A5,0.002270948411352273
CDON,0.0008615226470345561
FOLR2,-0.0018754378190543556
ATXN7L3B,-0.0021509751277192343
PTMA,0.007179899478367088
TCEA2,0.006485470035807433
SIM1,-0.0028946008253111204
OR6N2,-0.0008639254689356363
ELOA,-0.006365447641554619
DPH3,0.0015314293541347805
FOXN2,-0.0013196071623998776
PENK,-0.0026240091595623647
UTS2R,-0.009660898452234936
PLCXD2,-0.0033736936555952067
GPR31,-0.006045129837368733
CACNG5,0.002580341491242251
EIF4G1,0.009770785702736741
PIGC,0.0008566069769975715
ZNF555,-0.0069956099512057356
ACACA,0.03833452521568983
CCL13,-0.004041738853498696
TOMM7,0.0046894973384171675
ALKBH8,-0.0007167538043258858
MRPS25,0.0030236143077506904
DDX50,0.003757724183250212
GADD45B,0.0037111278357822145
PPP2R3C,0.006333778730516819
FASN,0.027369917195966553
NOTO,-0.011079678616696141
SERPINB13,-0.0018184129520783278
ABCB8,-0.0023311375168355744
TMEM207,-0.00829556038026182
ANKRD11,0.017593338314339346
KLRC2,-0.0065238558927025484
PFN1,0.00796478940258065
MGAT2,-0.004793717868020234
PAXX,-0.004406456752112368
ZNF474,-0.00999580116387696
CNP,-0.002891204738070327
KCTD9,0.0011927185414100825
SUOX,-0.004132753036141134
THAP1,-0.005078000712159666
SASS6,-0.005281900257037387
LNX2,-0.0012598028798703686
PGA4,0.0004012406840128461
RPS3,0.009730191061737564
TNIP3,-0.003676864314751721
NINJ1,0.0024603498743175933
BEND4,-0.007423151242274066
R3HCC1,-0.006470701464999199
CGB2,-0.007109476656505498
GNB4,0.008305310669313155
PGBD5,0.002900755602005744
STX3,0.009053876277046376
CREB3L2,-0.0016783370999927073
NUP153,0.0022326588362567234
ZKSCAN7,-0.0075305706730050374
OR4F29,0.0020194274037552734
CCL3,-4.791819400156447e-05
ARHGEF35,-0.009876735493228428
ANO8,-0.005562604753079702
CSRNP2,-0.0016877875850064752
DENND5A,0.00969457333254667
HADH,0.005625516448316144
NAP1L4,0.011022546455769939
OLFM4,-0.0017353856034916938
DSC1,-0.005397979202954882
RAMAC,-0.005413934409910955
TJP2,0.0020117328385714853
PRELID1,0.00682957970966256
CERS1,-0.00021944980635133036
FBXO7,-0.0009946500151245218
GABRG3,0.010224053903034725
TOP1MT,-0.0003557401197196981
UCKL1,0.002727759199412642
SEPHS2,0.0016336328073575533
ANKS1A,0.007602331434009808
CDC5L,0.006929131658290402
IGLJ1,-0.007362335029553396
APCDD1L,-0.007239867711742634
CLRN1,-0.003682933826154443
NDUFB9,0.002474006000430458
HAO2,-0.0009831658372312232
P2RY1,-0.004289808434067916
POR,0.00676256919759061
HDHD2,0.001843614084399782
CDK12,0.004768684668620543
PSMD8,0.002695319610464334
SOBP,0.0028067400994596127
B3GALNT1,-0.002189697554885557
IPO13,0.0006742786350250785
BTG1,0.0036121827379014524
SLC35G1,-0.0026611384993050036
TPRKB,-0.002827725969926947
NDUFA3,0.0028269590882262358
NXPH3,-0.007970809972755599
SDE2,-0.0066356841229525355
TRIM71,-0.0025572906171285104
PDE6D,0.005258306281142233
MRI1,0.0030888511299786915
HAUS5,-0.009074048787573133
USP17L22,-0.004843927650369712
KRTAP26-1,-0.002738896189477163
GNAS,0.0030381965050791672
CD2BP2,-0.002703214645874015
CES4A,0.0009513125470277183
CREG2,-0.0006316927103418014
MICAL2,0.009594337799696515
ZNF440,-0.005679182164656657
HBEGF,-0.0044697312128505464
SRPRA,0.003492665530560344
KRTAP20-3,-0.0006763944553021623
CCDC113,-0.004216452657321572
TMEM100,-0.004833378894350179
MMP23B,-0.00521925863928815
TFAP2D,0.002389232994342119
ZBED6,-0.0067175656419310665
PSMD11,0.012055514560526078
HEPACAM,-0.005276723964542741
SEL1L,0.003936277864489098
NUBPL,0.0067457900575829365
TRGV5,-0.0060991262400466205
MYEF2,0.007166188744354707
NEK11,0.004467199175444128
EHMT2,-0.0009557359911625748
SPATA45,-0.009167310919703148
EDRF1,0.002124401037750228
ADAM11,0.0018160627220257265
ZNF350,-0.006922963598380537
ROPN1L,-0.0011676361718730706
RP9,-0.002836274115615449
DHX38,0.001784413290426493
FUT3,-0.005556014153066612
TYMS,0.0031260298813329465
TEAD4,0.0028581740755832426
IGLV2-8,-0.0014977850377379807
DHX40,-0.0015895964754327127
N6AMT1,-0.0019311116018290739
MFSD3,-0.004262778556639126
CZIB,0.002461521961325729
WNT10A,-0.004646565434918562
ZFP36L2,0.0015682657847592638
ENGASE,-0.0058004064852616236
PPIAL4C,-0.0011411534852118685
SLC7A11,0.004717372055695049
DBX2,-0.010635173738861999
ESYT3,-0.004352219019232606
CTSD,0.0042117252236320785
RBX1,0.010572701469775523
FABP3,0.005141839772767328
VASH1,-0.004288875772578676
AVL9,0.008228649968680559
ABCC6,0.0014860206999286578
HOMEZ,-0.010659002714811142
CCHCR1,-0.007752603391628008
PLK4,-0.006400816706636249
TAF4,-0.0034176797423228085
ARF1,0.01112633904751095
MMP20,-0.006268172897029725
SULT2B1,-0.005342119040870689
NIBAN3,-0.005241025598186357
ZNF433,-0.006386722841954461
TMC7,-0.003314477169773109
PELI1,0.006069014838461814
GEMIN6,-0.006114891784350024
LARGE1,0.008820012923406796
ACTL7B,-0.0035075503780979942
LANCL1,0.008385520255601768
CALCOCO2,0.0010921913914686593
NCOA1,0.008248870831587036
DMWD,-0.004317849479972216
ZBTB10,-0.00494939117214748
LTF,0.002600903188392057
SMIM6,-0.006609450964198186
LUZP2,0.0006926910014662672
SCAP,0.0028645027776451836
MYL9,0.007701000885850824
CDCP2,-0.0063775595303916304
ARRDC1,-0.0030292991060127824
CERS3,-0.0003643774302739952
CDK5RAP3,0.0017671968837658797
SERF1B,-0.008198246742003338
SH2D3C,-0.003990565209597944
ZNF442,-0.007885004317277263
CTSK,0.0002991054638800341
UHRF1,-0.000115764208544057
ERO1B,0.0046274412545830096
ZC3H10,-0.008135277112840055
TSPAN19,-0.005379307131781319
TRARG1,-0.007800517004324781
CCDC170,-0.0028862717892536517
ATP6V1FNB,-0.010065463931554261
DHX15,0.010105157100660863
KLHDC8A,-0.0022890968040495045
SLC26A1,-0.00631911116523601
SCGB2B2,-0.001018501851488363
INTS7,-0.0011578748855517653
DLL3,-0.008001419403276276
SLC7A6OS,-0.00437782531746502
BNC1,-0.005360120476948036
RGS22,-0.004157270089284316
MRPS10,-0.0018576022930025908
OAS2,-0.00413321971878596
GOLGA6L9,-0.012021184785018874
GPR141,-0.005005687817676332
PI4KA,0.036501992436823165
GNRH1,-0.00969902966340673
TNFRSF10D,-0.010818040232740219
F2RL3,-0.0067444631637843455
MYH11,0.031929928177230275
TNFAIP2,-0.0008803442277118785
ZBTB16,0.006154241464899373
PRLR,-0.0029606662833153046
SLC17A3,-0.004087301411554802
KREMEN2,-0.0072161768539176436
HDAC11,0.0003324379728274596
C8orf74,-0.009534815223564036
TMEM69,-0.004859983219184127
NCAM2,0.007959571089861773
IZUMO1R,-0.0006502355119434351
MMP21,-0.007416696642319187
SEC13,0.007921960603384485
TCN1,-0.0025385595233462376
TULP2,-0.007264475490019033
TBC1D3C,-0.006472333225107815
C20orf202,-0.009906943210571695
SLC2A1,0.004678116858958046
SYTL3,-0.0026355973959689863
CD40,-0.006869361164562974
C16orf54,-0.009605443081015784
HEATR4,-0.006621530164705514
ARID5B,0.004279743518174932
SSPN,-0.003226677818501729
IDI2,-0.001962122604202695
RETREG2,-0.005204596993428485
CLDN18,0.0006231051823371846
IL4,-0.00840561824226221
SLC39A14,0.0017633968567349154
AOX1,0.0017637860789015258
AHSG,-0.005013037599425252
FOXE3,-0.010032290182547891
SLC7A1,0.005051130748143143
EDEM2,0.0012222062157284624
TCN2,-0.00551850764573842
JAK3,-0.0020507572389260624
MS4A8,-0.003451819789968538
ZNF624,-0.005875273097516013
LIPE,-0.007209272393763458
HRH3,-0.002477929463009619
IL17RD,-0.009863242548680417
PABPC4L,-0.0021128487372488514
SLC27A5,-0.0032188808461468417
GINS2,0.0009546638344165185
DMTF1,0.003599752977598841
RAVER2,0.00016602516945495664
RCBTB1,0.0034067879980082226
PHLPP1,0.0057718206108799035
TIGAR,-0.0016894226948135523
OR52E8,-0.0005678417366047009
NRSN2,-0.004713049657142264
IBA57,-0.006432771803353838
GBP4,-0.001454313803353744
ZC3H3,-0.008313284407797512
AGA,-0.0009015576414609742
ADAMTSL4,-0.00835218113714269
OR5H6,0.000764151685223076
TLCD4,0.002821132418980241
TRIP10,0.002853896419166497
ARHGDIA,0.007013759651429978
SPRR2A,-0.0008193710892694323
CPNE8,0.011180059178527416
PEBP4,-0.002013663462834396
PPP1R16A,-0.0028206485190943186
PRDM5,0.0025333827414205394
TNFRSF25,-0.005292756623339554
PCDHGA1,-0.0008869849980453025
UGT2A2,-0.003002106597290294
ZNF512B,-0.0075931958409850365
CYP1B1,0.00224920912616081
DPEP2NB,-0.007808866729007768
STXBP3,0.00843781087270891
CLRN2,-0.0070122759294069465
AVP,-0.004032139152522737
SNAI3,-0.00762419681754862
ZNF135,-0.0011220276049640104
CFAP97D1,-0.006815588122709184
PTRH1,-0.003835944847186888
PRR7,-0.006973873318160183
RPS6KC1,0.0040397736975072126
RUNDC3B,0.007138226297131136
MAP3K3,0.005935620444188453
NAV3,0.029471996664801974
SRL,0.0022906298940445833
GPR33,-0.008863140358314056
VAV3,0.007578807844774504
GRAMD2B,-0.0014003638021773876
FAM126B,0.006788298847111657
ENPP5,-0.002198830754351938
RPS19BP1,-0.0027928705503351497
BLZF1,-0.004311108689928095
HTRA3,-0.000729443989494163
PTPN11,0.01031052088219214
RNF25,-0.008211779748462949
SNTB1,0.0007847942786198579
C6orf136,-0.006607579856225153
FBXO25,0.00031035786049110197
NXN,0.003931310274498178
CXCR1,-0.0024743645565821707
CDH22,0.0034317243001537197
PNPLA7,0.005261988845692046
TRIQK,0.0015207967274842753
B3GNT8,-0.00815347403893627
HLA-DOA,-0.005558977747535044
NFX1,0.0029725906929266147
RTN4RL1,0.0017151104839838447
TEKT1,-0.00013839858414678688
C16orf72,0.000785462306001087
RIPPLY3,-0.01230370072437015
MESP1,-0.009786004061341167
REV3L,0.029463869856419106
ZNF681,-0.0056005857025504925
C3AR1,-0.005855655834380728
CDH9,0.006960611689190994
ADH1C,0.0035227724133624224
IGLV1-36,-0.001184230119668537
IER5,-0.00554610809159996
SHPK,-0.003273017303006718
LRRC9,0.009378015733384718
SULT1E1,0.002118100678586343
TST,-0.0006291098959991245
SURF2,-0.006112529686222198
UCN2,-0.011799426773820775
ROPN1,-0.0025686808341639964
PDK2,0.00356357786427385
SDCCAG8,0.0051000632097196906
BLOC1S4,-0.005976437559658074
CCT8L2,-0.006423865900827136
FPGS,-0.003284712063338349
HAAO,-0.0011168713848508313
LGR5,0.0005678337956745149
PPP1R14B,-0.000173903532003331
MEDAG,-0.004417378270701387
HM13,0.010191769809783917
TM9SF3,0.011562803851890216
GPI,0.011987495349263064
ZNF397,-0.0027526094907427035
MAT1A,0.0034131119747798037
PKDCC,-0.0048502957729868595
NSA2,0.007431701709658422
CMC2,0.00610706689937577
NUBP2,0.0016332752714393356
OR51L1,-0.0035882138051382575
OCSTAMP,-0.010597181252629921
ESRRB,0.0020176761518687033
KLF12,0.005372752858003443
VCAM1,-0.0020073804739336224
ZNF202,-0.008767765514963041
C4orf51,-0.011077849940112966
NAA60,0.0011068919855592469
HSPB7,-0.0014328201898790762
SERPINE2,0.0031128428324273517
FLCN,-0.000601432731635424
KCNMB3,-0.0065913150350615365
SETD2,0.019603732397443938
SYCE3,-0.007548701346208369
TMEM52B,-0.006044582439708575
TRAF4,0.0009314276329485052
SMARCA2,0.01868812289001458
INTS10,0.004744235305056584
ITPRIP,-0.006226498415751268
XYLB,0.00341473980180818
UBR3,0.026761656758158198
ACVRL1,-0.00014707569183646874
POTEH,-0.008898523365019907
YPEL4,0.00044023030275287003
SPDEF,-0.004851338928110461
APEH,2.0093225798297556e-05
RAVER1,-0.007347759781204089
HCAR3,-0.006885540244104985
HLX,-0.005829515372731529
SPATS1,-0.011151800218594812
USP17L21,-0.001720857331936174
SGCG,7.4683729953169825e-06
GAREM2,-0.010552652635035109
STAT3,0.009964565106483093
OR51B2,-0.002874170968227499
CHPF2,-0.0073608474708054495
TBC1D10C,-0.0021797088046293946
OR52N2,-0.0014595564744947316
TMEM251,-0.005134321068418882
BRD7,0.0008295984264188172
MARCOL,-0.012100136130011048
DPM2,0.0016649233345034297
RFXANK,-0.004246580527987473
TRBV16,-0.001959531393456938
CASP3,0.00211703731271062
NDE1,0.0017769361881632088
SELL,-0.002668915743425272
ATXN2L,0.0013276689589785766
SCGB1D2,-0.0022194429716743884
YTHDF2,0.0060409018294957815
SGSM3,0.0030593936411011367
SIDT2,-5.672307493907974e-05
GMPPB,0.0008384311653945347
DCLRE1A,-0.008519774623726722
TBX4,-0.004895968732305827
IL27RA,-0.009240882663503869
PRDX6,0.008963919902232399
OR14A16,-0.003776889164615518
RPL7L1,0.0033656088654711105
TMPRSS11E,-0.002669394112685798
CATSPERE,-0.004338255471707647
RGL3,-0.0058576877541041995
PPP2R2D,0.009921553513658622
BCO2,0.0027663841629922445
ZNF860,-0.006783823835123898
CD79B,-0.007059083650347295
PPP1R13L,-0.00505011279528923
UBE2I,0.009858758414056583
NCAPD3,-0.00011397779530233128
FEM1C,0.0011887984956756748
SCARF2,-0.00962350820248328
RGS12,0.002564548478605471
SLC22A15,0.004997841005987086
FGD4,0.006924415834847843
LGMN,0.003817363541749528
MBLAC1,-0.008871310034207101
PMF1,-0.0029490862871265865
HPSE2,0.0011082553522578132
SLC5A5,-0.0009152289760064209
INA,0.0024090601374153935
ARHGAP27,-0.0037266748285314177
MRPL40,-0.0016058304957803056
ADM5,-0.012377000303818003
PDE12,-0.0037013749919608094
TMEM235,-0.0051713427541736
AHCYL2,0.010368823806247563
WASF1,0.0059741958672896
OR10D3,-0.005397336490243316
DCLK2,0.010897513395858273
ADA,0.004439376608385032
BIVM,-0.0013249749247973598
SAA1,0.002277515164231371
GPR25,-0.0070278623259365765
SERPINB7,-0.0026003841320035993
PDE6H,0.00018348282626294175
PNN,0.0013281379987264306
CARMIL3,-0.0036325069920074104
FUZ,-0.0055241789140391085
CRELD2,-0.0010036076777351708
PAPPA2,0.012095034437759918
RALGAPA2,0.029082283109430934
MTRF1,-0.002884264221251783
BAIAP2,0.00775309833047298
PRAMEF14,-0.0027042091093972035
CCT4,0.01039095357215779
NDUFB3,0.0018324174027396433
TSPAN5,0.01271690311794988
ANKRD13C,0.008296741175246595
UBTF,0.0022622624936274654
DYNC1I2,0.01157805200222272
ZBTB42,-0.0068408097555338505
HIPK1,0.004559251183113613
UTP4,-0.002171641438567082
AGTPBP1,0.00729269291787343
SATB2,0.007680786387007747
LMOD2,-0.0004527503601793298
MBNL1,0.012255412861497235
USP19,-0.002645883376175565
ZNF792,-0.009023766293979678
ZNF578,-0.007170638258139995
OBI1,-0.006218174310270122
SWAP70,0.0042995913342136404
PRKAR2B,0.011080315176434678
OSBPL10,0.007213410308890258
SPEG,0.0217000499829799
IGLC1,0.0012035838104094982
KCNMB2,0.005091305844674548
ABCB11,0.003964674249814464
GSN,0.005495621453406121
TUBGCP4,-2.5697470733472328e-05
CTNNBL1,0.00801195568654239
PMPCA,0.0029241000459630296
CENPC,-0.0005688547385707192
MSGN1,-0.00839236152378519
SLC16A14,-0.004639390577108295
SLC7A7,0.0042832155773421384
RABL3,0.0019565206646467263
CARNS1,-0.0037124151290817207
SPTBN2,0.026156404189031073
TDGF1,-0.009698639427319898
UBL4B,-0.008402309024784482
XPO7,0.01118277478524584
IGKV3-20,0.00025934376252353063
DSG3,-0.0024688943744678453
PRAMEF7,-0.0035141673958871546
ZNF761,-0.005387272416159434
COX11,-0.00019080713899883965
RAB27A,0.0072161137744786025
MAF,0.0005819854139184183
SNX7,0.00731689757497573
CR2,-0.006083245707445065
CYP3A5,0.0034874866961902436
MEST,0.0022419812828521394
CHST4,-0.005215141420251955
ZNF462,0.02393864001860406
TRBV10-1,-0.0020431227381305394
KDM4C,0.01073848694434022
TTC30B,-5.066430778171457e-05
MAN2B2,-0.002236218660042042
USP29,-0.01023452946568556
RPP21,-0.003916614879788918
SMIM10L1,-0.0026981959187749754
GIMD1,-0.007236090923239298
PDHB,0.004574660947501043
SKA3,-0.00969985886432374
ZSWIM5,0.008687540053145657
CDADC1,-0.0047313546333447466
OR5T2,0.0010079540225842226
CC2D2A,0.0095234613014631
SPDYE2B,-0.009234285244814908
FN3K,0.001752469474977843
SYCE1,-0.005001911904475475
FAM102B,0.004591513243941322
ACVR1,0.006450825722336407
IGLV1-51,-0.000992023586416183
TRPC7,0.004800956897451858
SLC25A42,0.0035482036454890244
IFT74,0.003052559420115491
LIF,-0.005791110358040083
XKR3,-0.009948582900715545
CABIN1,0.02526527067454207
PCDHB2,-0.002387935097658168
BCDIN3D,-0.006265051687213266
GSTP1,0.006824047153341843
CCDC6,0.008423925188955976
AMH,-0.00910600148411793
FAM120A,0.006024096675497537
KLHL38,-0.005232941523355408
SRSF2,0.004980865655948683
CDK10,0.0062591947757252965
CPEB2,0.00768638994408527
SMAP2,0.006062959826062776
CDKN1B,-0.005288840849698711
ADPGK,0.00025067844342979793
GEMIN7,-0.004377338601758621
POU4F3,-0.001833318533154404
EML5,0.02919740836326296
MBD3,0.00021426165061965512
PCBP1,0.008140296477979862
PHOSPHO2,-0.0031047699379051063
OR4L1,0.0011141256736969239
GRXCR1,-0.006252102832052915
RREB1,0.0026274001859528436
ZNRD2,-0.004565474009530653
CDC42EP4,-0.004514974412322739
LILRA1,-0.00456799434784666
TMEM221,-0.009170275558580474
RAB11FIP2,0.004843124413562338
LRRC74A,-0.0069600908097312425
EEFSEC,0.0038869417413389183
COG5,0.008740915951765574
ESRP1,0.002280000748787725
HRH4,-0.0083348427006697
MAP3K12,-0.0037332778354204135
OR2Y1,0.00329862546487277
TCP11L2,-0.0017986968104948707
PRKACA,0.006457937821267981
STMN4,0.0032531765224452273
TRABD,0.0015743829776097285
RSRC1,0.00686548253435091
CD96,-0.005871211716604091
CCDC180,0.0022939657802296363
ARL14EPL,-0.0072543347897320865
UCP1,-0.001848557287221252
HPD,0.002878123601682722
ATP6V0D1,0.009071281460152623
MYL12A,0.010071108013808349
PRKAG1,0.0069796487069417315
CPO,-0.0026104629915425334
IFNB1,-0.005487686033877928
TSPOAP1,0.00791867781835474
KRTAP19-3,-0.0018094504673839143
ARMT1,-0.0022155650031294755
TRBV7-2,-0.002509590986696929
GLYATL2,-0.0010631085307853574
UGDH,0.006777158378612886
CATSPER4,-0.010973581137671613
ETNK2,-0.0025484767662152085
ALDH3A1,0.004311573446847456
EXOSC4,0.00018582374328489086
PSMD3,0.004888850119384264
MYBPC2,-0.0005808070894873698
NSMCE3,-0.0033833420323762624
CNOT1,0.0334669216277654
DIO2,0.001150970747855591
PECR,0.00045383503529826944
ZNF846,-0.0012355889096681792
ACAD8,0.0014631733423836014
EPHA10,-0.001026049329810484
HTRA1,0.0020017306404686427
CCDC172,-0.008795472747431544
PRPF18,0.00358107686095812
EFHD2,0.0032508178270190123
ENO2,0.009291266984583211
OR1M1,-0.004335357612650108
KIF14,-0.0013725139349813169
CWH43,-0.004772278989198267
ASNS,0.004606692317172439
FZD6,-0.0018331303235506332
OR6M1,-0.002257921161393803
SLC22A17,0.0010536430971400791
ECI2,0.0012591763551103201
ARHGAP30,-0.005958521575898493
CYB5R1,0.0027476808482954037
PPP2R1B,0.00554967319221547
SVIL,0.018748466456881583
ATP13A5,-0.00036851376606394454
TRIM8,-0.005810385154635102
C17orf58,-0.0020603746053203223
DYM,0.012321163652791454
PAK6,-0.003977497427910237
TLR10,-0.005021651327895451
PPM1A,0.009988895272209359
UNC45B,-0.00027794074408902435
DZIP1L,-0.008916867607727775
RSPH3,-0.0014894411752736554
ACP4,-0.007921061919195291
GMNC,-0.009135215132036316
SLC46A2,-0.006517011381385861
NPR2,-0.0004133582118001542
THSD7A,0.008519027281388957
OTUD3,-0.0012849261063243155
POGLUT1,0.001291187378580692
GINS1,-0.0016510817018232057
EIF2AK3,-0.0005905621025579744
LRIT2,-0.009265599674502105
POP4,-0.0010128373570229244
UHRF1BP1L,0.008411514387520136
BUB1B,-0.006457513902436061
CDK11A,0.0019582199810677437
C1QTNF7,-0.002956101158607805
ATF2,0.0070865494117522765
NDUFAB1,0.002472125582048859
GALR3,-0.008395191577061804
ARHGAP23,-0.0006206599414811839
AKAP10,0.0011254559186112728
PRSS2,0.004057745913968926
MRPS7,-0.000554014351090916
RAB40B,0.007597286116768289
PPP1CA,0.009183811910854675
CPSF6,0.008182017646170076
DHH,-0.006443174162558598
CYP1A2,-0.0034440245325602064
IRX4,-0.004418545155210961
THYN1,0.000564487996678676
FAM219A,0.003362333144864702
EPHX3,-0.00460302482072223
S100A3,0.002388000842545659
MRPL30,-0.006499307702266896
OR4K1,0.0011935159360530868
BMP4,-0.0018730249221417868
RPN1,0.00509229902425019
DHX35,0.0034077680742205323
USP17L4,-0.0023323417059663448
C9orf92,-0.009487870066733524
ADAMTS5,-0.0019503359311528903
AMPD3,0.003221429052128926
PGLYRP3,-0.006751942627117946
GOLGA6C,-0.010074964634643082
ENG,-0.005416140981907298
SLC16A7,0.008819770098683939
MARVELD2,-0.005573310827653283
RAD23A,0.006554317436760343
MAP1LC3C,-0.0025243658873145476
POP1,-0.004204935074380518
RGR,-0.004038936805570701
LRFN4,-0.004049376974706532
UBALD1,-0.002978095867411971
KLK4,-0.0047286127760308985
UQCRFS1,0.004232480249104552
GCC2,0.01667427400038668
GORASP2,2.1229875526946582e-05
CSKMT,-0.005142238768141061
APOBEC4,-0.01037513588605669
NRARP,0.0005080046440017268
ADIG,-0.011083509307260103
PIGB,0.0008057753605235025
BCL6B,-0.005966491404596895
ZNF880,-0.004765218954847695
MYADM,0.0022522720277285257
RFX7,0.0040849585209306125
ACHE,-0.0024515101623299638
IGHV1-18,0.0007636154369565192
RHEBL1,0.0007761997594914436
SIDT1,0.006685010526490024
C20orf144,-0.0131309417822695
CSF3,-0.006366125553112955
EFNB2,0.0030805844377582783
LYSMD1,-0.00872753986309032
RNF123,0.002186388891150869
KLHDC10,0.005361545636140773
SPINDOC,-0.008916985838075197
SAFB,0.0034106094484854924
DNMT3A,0.0070035552496149804
FBXL8,-0.007889097552559093
SLAIN1,0.003235582191287913
AP3D1,0.007071262164419005
FAM241A,-0.003885030536372168
CSN2,-0.006471607332319974
PRIM1,-4.032154044193512e-06
ANAPC11,0.00812069389129027
KAT8,0.004339933893954218
RAB6D,-0.0036859653544714702
TMEM128,-0.004143357414125579
CLC,-0.0005440157340868827
SERPINA1,0.0014047329874955015
ANKRD23,-0.004293260999220905
MC2R,-0.0013477172973318588
CSH2,-0.0040978750149399
TSHR,-0.0015976507433274419
BPNT1,0.0011112754321987372
CSRP3,0.0022342299867125458
TNS1,0.014034301023857554
DCAF10,0.005095589279192839
CXCR5,-0.005533579848909628
GLI3,-6.111081703821508e-05
MVB12A,-0.003580156573157512
TMED10,0.006367325502033771
PLEKHO2,-0.008736504806106743
EN2,-0.006870273305097498
GCSAML,-0.008591725118699255
TRBV20-1,-0.0029548082854400034
FBXO31,-0.0031480734492549747
GALNT8,0.0019853629402440745
SC5D,0.0034421951520210666
KRTAP19-6,0.0007651616827846923
ARHGAP35,0.013378218181504456
OSTM1,-0.0028779661758713804
RANBP6,0.0033747845172260663
RPL28,0.00863951667663659
ENTPD4,0.001910117058702515
SLC25A33,0.0037190757573848294
PLXND1,0.02125507838037977
MYCBP,0.001786975699599599
CBX7,-0.0040672595379886425
FRRS1,-0.004970704145841195
DCBLD2,-0.0023396061544123407
NANP,-0.0031474725722404596
MAP3K19,-0.008215276670724825
MYO1B,0.009419993029718616
CCT8,0.010283781555617868
OR5M11,0.0013691438146888025
LSAMP,0.008774251714561969
PAIP2B,-0.0031669500513423067
RBP4,0.0014350224317542734
AAAS,-0.005040445431111336
VWDE,0.00012751844823228296
EPHA7,0.011064786043864553
SLCO6A1,-0.006700147964652198
RBBP4,0.011562083408794962
FANCG,-0.008754729792344611
NCKAP5,0.009272165356237892
ARHGAP25,-0.0015079546688212132
NMRK2,-0.0021047228814361912
COPZ1,0.00789480699647032
EPHB1,0.010571583121117127
FAM131A,-0.0033751335053905755
NUP107,-0.0008462495475222175
MAP7,0.0058809095505504465
PSG11,-0.004804033448798774
SGTB,0.004116560128910814
IGKV1-8,-0.0015258635095106237
STAP2,-0.00365211320672678
GLYAT,-0.001509004200466588
HIPK4,-0.0057333258244352285
HTR4,0.0064781705390920775
ZNF33A,0.0017527952126497974
MYOZ3,-0.007650834538639746
ALDOC,0.005706420569487498
EMCN,-0.005712722317266974
CTNNA2,0.012097639324918608
TSTD1,0.0010234686068253175
NCBP1,0.005410736683758826
RGS20,-0.0026612908225353907
SMIM27,-0.006655227761375227
TOX,0.0046211657635455644
NT5C3A,0.006459708674374911
NSMCE1,0.0044217260064481805
SDF2L1,0.0011833197505805475
PXK,0.005165942682708601
HNRNPD,0.00855133409294393
IGKV1D-37,0.0006892486524521478
TNFRSF17,-0.006913105548096452
TSPAN3,0.008510924158599864
IGKV2D-26,-7.192959991101057e-06
NEFH,-0.00312626223888684
TNFSF8,-0.008807348149166958
DCAF16,-0.005749004677417606
TRIM16,-0.002073483743547457
AREG,-0.0033031716540502507
PGRMC2,-0.0004726461579657396
PRKCZ,0.010766777358130879
BET1,0.0026218821043707263
SF3B2,0.005464963747229286
PIANP,-0.009228049017855927
PLAGL2,-0.006495100839745263
SNRPD2,0.009465986918523914
HES7,-0.011763942695934634
LYSMD3,-0.006111002549574693
MMP2,0.0016800555098136097
KRT33B,-0.0024479010861366505
KRT2,-0.002718551328886818
MSX2,-0.003324890822201474
GSX1,-0.006888077187393763
COL9A3,-0.002042326448093633
PDSS2,0.006262587446335368
PLEKHF1,-0.0028397698612724533
TPSD1,-0.0047659646998574915
PCDH9,0.007825254659629707
OR10G4,-0.005758385152405569
ANKRD42,0.0008586678458954966
LCE1D,0.0009155442895532219
TMEM223,-0.00411338690589762
PNLIPRP2,0.0005626548428527183
HS1BP3,-0.004172004798828784
ZBP1,-0.010914367233892767
DNAJA2,0.0058191119918760345
TMEM86B,-0.005402704857129299
CAPN13,-0.00548342760206338
SF3B4,0.00023792268046943048
ACCSL,-0.0057047129859110835
ZNF136,-0.005215890248439991
UBE3C,0.01038607792791418
EMID1,-0.005342742152622453
TRAV2,-0.0048427031703149725
EGFL7,-0.0025129245463513246
DTX3L,-0.007455066345737264
LRRCC1,-0.004817206914438988
PCDHB5,-0.003916248810691114
GRHL1,0.0027902444998026813
HYKK,-0.0017836067493384583
MYO9B,0.02450212115014457
NKX2-6,-0.00536741431228297
RAB1B,0.004563180731143231
DNAJC27,0.003289273608046634
RPA3,0.002414832607072273
CFAP54,0.025353855073167317
HMGCR,0.0050259164993532385
ADGRE5,-0.0014444676696729038
DEFB124,-0.011058309706927687
SERGEF,0.0050330997738887075
NDST2,-0.0029237404143012354
STOML2,0.004741421749270488
ACTA1,0.0033525465688273148
MED24,0.0013806481061558928
HOXA3,-0.0029819279174702223
MPP2,0.0034401063353896254
PRAMEF2,-0.0037976560416083413
HHATL,-0.0006709272620329925
PTPRN,0.0007414764155590463
NUTM2D,-0.014304067290596677
PLEK,0.0029697443330832054
GLIPR1L1,-0.004762880527649991
PTPRO,0.0034618833419535985
OR51T1,0.0021468269689682074
POLR3G,0.001350640265865128
ARHGAP15,0.005511330360822968
BFAR,-0.002427650164098896
STEAP4,0.0017390889782062178
SYT9,0.005428307979876576
FILIP1L,0.00415574597226503
PTGS2,4.052363760109756e-07
PRKG1,0.012233029760304713
CCNI2,-0.011299732299062991
LLGL1,-0.0047159042584550255
PRKCI,0.012541354781405806
BLMH,0.004890649989230454
ZSCAN1,-0.012379196657586121
DEFA6,-0.003906169617407867
ZNF79,-0.00607453792831678
GOLGA6L4,-0.011389874728909047
FCAMR,-0.01072738197622033
SLC35F5,0.005693990836840491
C20orf204,-0.009728711114877686
PCDHGA12,-0.0015844900924210648
PYGB,0.00725942164506467
ZFYVE9,0.00387290267173628
TARBP1,0.007996994360001577
TMEM150C,0.005203212411922988
SLC12A8,0.000550212570432202
LCE5A,-0.007411889425653032
ABHD16B,-0.0019633972401518034
MRPL54,-0.001237428139409894
POTEJ,-0.006887188918395494
PRC1,-0.0012698230270189591
MINAR2,-0.00911850463017698
RCL1,0.005349019264333868
SNRNP48,-0.0037460383184310477
EIF4EBP3,-0.003365132670576247
ZNF131,0.00380662224359979
GLIS1,-0.0002170832130683982
ZDHHC12,-0.002043416446021214
IRF5,-0.00528429320060131
RCN2,0.006288235136302827
SIGLEC8,-0.007046378043564076
SNX30,0.004755224514541304
NOG,-0.008388624297940777
SPC24,-0.0064243359406363125
TMEM63A,0.00013330925876524078
SERPINE1,-0.000922387708523556
KRT77,-0.004558454245277767
SPACA6,-0.008665361116792853
MELTF,-0.00086245868559142
AOC1,-0.0024030956073010845
JAG2,-0.0021801983038323286
ZFAND5,0.007372210784201315
THAP12,-0.0027874396312127236
ZNF836,-0.006584641824320998
AIM2,-0.003999361865673865
RWDD2B,-0.00612949046746047
GSTM2,0.0013508052717130827
MC3R,-0.0017158346631874313
CCR6,-0.003029678983384003
POTEB2,-0.0021282256983870145
SOCS1,-0.004016445358524515
NKX2-4,-0.005664970529357122
PSKH1,-0.004440750211850441
DNASE1,0.0024362441459270527
ZMYND10,-0.0008898355851528211
KHDC1,-0.004604542405512941
SERPINE3,-0.008267670029119692
AADAT,-0.000855254163166958
SNAPC3,4.1423257359620803e-05
CERKL,-0.0034917704866497326
TMEM38A,0.002999553063073684
AQP7,-0.0012767810349020774
CPLX3,-0.000603445467006144
TRGJ1,-0.0018502371316014002
TMEM59,0.0016958962139166295
ABHD2,0.009588136084190865
ISY1,0.002545372932271671
NOP56,0.003976981916021123
PLCXD3,0.005105658032496515
ATP6V1G2,0.0023547077592302895
BBX,0.0034074374662020727
GOLT1A,0.0009720239789140951
SLC9C2,-0.0055110133483924455
CACNB2,0.009556082814375708
MAPK8IP1,-0.004074329748333866
NAA50,0.010640321875789746
ICAM5,-0.005683835870228402
SYN3,0.00731965999155224
USF2,0.0016530911924584552
MPV17,0.004223385311434883
ABL1,0.006129832725046527
C16orf90,-0.0072275545741263434
CAND2,0.0035147477726237813
RHOF,0.0028067549130226716
CRH,-0.00670549258444631
MLKL,-0.004833542380584122
EPB42,-0.0038237510929682757
LILRB5,-0.004637526708441047
MFGE8,0.0011665397070198477
MYF6,-0.0033500092265817093
SAXO1,-0.005360063330381085
TRMT13,-0.001838398185658235
TNFAIP8L2,-0.0015332441198312237
ATP6V0A2,0.004600283033601188
UCHL3,0.0054013579250343224
GPHB5,-0.005692257140791025
XBP1,-0.002205505808808285
KCNC2,0.009198484280374024
ADCYAP1,-0.0033937984826979627
TUBB4A,0.004491129696388143
LYVE1,-0.006554454088066868
ZNF267,-0.0032138346148238004
NIM1K,0.006684464721480901
FN1,0.02882745773826348
FXYD4,-0.0028002843466888015
KRTCAP3,-0.003972925706636494
RPAIN,0.0010139126639232899
CD300E,-0.006528496071586845
RAN,0.00993412730504795
DNAJC5,0.006966414426159445
CYP2R1,-0.0018517501308617102
OR1J2,0.0031866919432948343
RAB5IF,0.003943274499559487
ZNF346,0.00243658859558003
ACTL10,-0.003156025894564993
ANXA10,0.0018317400032234956
NIFK,-0.0036685371696653615
NOMO2,-0.00327768933260375
PAPSS1,0.010948793929653608
ZNF490,-0.005400633771977955
CTIF,0.004042508690735314
FSHB,-0.008355277638625553
EPHB6,0.000878819277133861
PILRA,-0.005793509461861394
SGCZ,0.005249325642093863
SLC3A2,-0.0004033731616142165
C2orf66,-0.009555552217918534
GREB1L,0.022374378867151472
TBC1D24,-0.0002779422357595883
ATOH1,-0.007226831797437882
INSYN2A,-0.004471953573086297
CELF4,0.011743831556302904
PTX3,-0.0028875154280753857
PAIP2,0.004806612759346661
GABRA1,0.0093887420019704
CNNM1,0.002656790839377071
ADRB3,-0.006027127010052917
CCNL2,0.0036101327857157536
FBXO6,-0.0019279212014446075
OR2W3,-0.003860841393596618
PSMB4,0.005854214586615507
PER1,-0.002415646207855865
TMEM102,-0.011064275976767133
ZMAT2,0.005431781318193971
RBAK,-0.006646242559472842
ACYP1,0.002610883942564007
KCNC1,0.0086469804546959
NUPR1,-0.0023494918288074693
GNGT2,-0.00018480574498735202
AGTRAP,0.002053547472804482
PHC2,0.0030996321079610656
RPE65,0.0013046078091119267
CLCN2,-0.001417475758719265
ATP2B2,0.013944077738998957
LIMK1,0.0004273703184342189
CYTIP,-0.001134794936774263
OR6K2,0.0016170600839573409
CDRT15L2,-0.014144979225690892
ARL6IP4,-0.002421530473016985
DLL1,-0.001325154091849044
OR2M4,-0.004768069855431633
TNPO1,0.015098288974912388
IGKV1D-13,-0.0011578084875437024
SFRP2,-0.00022977587186905212
NEMF,0.010357348662961037
LRP4,0.024187095260405484
NAALADL1,-0.001367660068654717
PITPNA,0.007899027062447541
PCDHB14,-0.0026287745785181275
GNPDA2,0.005825763660719446
TNFSF13,-0.007644875614272562
OR2M7,0.002899827697719112
DTX4,-0.0011238433100967521
C5,0.01328553335645461
DGKG,0.008657243869828692
PDIA4,0.0036741760825424064
SFXN4,0.001408016907326641
TRPC3,0.006787969216653395
MGME1,-0.006245631538067097
ADH5,0.006716440294043082
MRPL55,-0.000739142775994049
CA2,0.003502448973898859
NXPH2,-0.0006515150005297251
TAS1R1,-0.007487514627243987
SHQ1,-0.003936603148861592
TEX29,-0.00814238827759339
TMEM82,-0.00859896940565902
DEGS1,0.005961867950611169
DPF1,0.00042089302236876557
TMTC4,0.003728096155170471
ATXN10,0.008605163313222286
ZNF607,-0.006461218347514255
SCNN1A,-0.003082937885725
IQCF3,-0.007281024814450975
TMEM192,-0.0004077490242566098
FGF23,-0.004210198283021479
SP2,-0.0035672768849019047
SOAT1,5.601833713067911e-05
UBE2F,0.007492343648010462
PIFO,-0.005421756171973109
ODF4,-0.011300846196732448
ABCG4,-0.0016845433107394545
CACNA1H,0.024234995701709446
HSPA5,0.008616964393421927
ENAM,-0.011339198322405859
MBD3L4,-0.006267818756710469
MRPL39,-0.0007116215412823155
POM121L12,-0.005651008689102892
PTGFRN,-0.003364750441157888
PRR20B,-0.00663327547170698
TTC1,0.005666769731781645
UAP1L1,-0.003143965842645754
OR8B2,0.00021321645403595902
IHH,-0.0041770455938427336
SLC25A41,-0.005036263431896243
TMEM33,0.005245509002357391
MT1X,0.0024687306539560526
ASAP3,-0.002318593743002189
CEP63,0.0007462140020349957
CCDC32,-0.0051915396732882995
KIAA1614,-0.011273625039497755
KRT37,-0.002310695689431365
TMEM42,-0.005087579366540445
GNB5,0.011254453429571695
KRT28,-0.0034404851472651797
CDPF1,-0.005166239959381709
NDUFV1,0.009607952855362733
LDLRAP1,0.0002700397246082747
SLC39A6,-0.0019066902433940108
MEF2D,0.0020564616312961437
XPOT,0.003917741530514767
RPGRIP1,-0.007081956112342965
JCAD,-0.004137069208894235
IL1RL2,-0.005758946879464449
IL5,-0.009266000235755377
LEF1,0.005967920152791756
MYO5A,0.028963811001034418
SPAAR,-0.008773436049348726
UPF2,0.008962152773680529
ADGRF3,-0.010906355792070872
PTPRD,0.03239571692326277
ZSCAN5B,-0.012405467654927909
CACNB4,0.010578211831401563
CCN3,-0.001957427465299994
FTCD,0.0011697247530041493
LTBP3,-0.0009528058838245164
GUSB,0.002581224936512685
PIP,-0.004322725701125387
PRXL2B,-0.002582452100422535
WDR24,-0.005387079424755056
TMEM132A,-0.0017464877266282406
PTGDS,0.0005811436535215728
EFR3A,0.009223908367921802
EP300,0.02474125664438671
CR1,0.01847927282962482
SURF6,-0.007583929353199132
CTXND2,-0.008355753513204216
SAP30BP,0.0023135977451951336
ZNF142,0.0009423092905112262
CCKBR,-0.004462827139323398
SCAMP5,0.009132652508458806
CNTNAP3B,0.004185703943695845
CDC25B,-0.001390990909485763
FASTKD2,0.00021950322795939899
FEZF2,-0.003637367314821635
GCNT3,-0.003944019903570459
F2R,-0.004108065745758527
GGN,-0.012623552971093637
OR2T35,-0.004299182332232902
APC,0.028791000237244364
SNURF,-0.010338550329520382
TMEM19,-0.0012173732367234665
TPMT,0.0014475877255793225
GTSF1,-0.004704605045407188
NEDD9,-0.00018313458102553397
GON7,-0.005886564018029352
ZSCAN25,-0.009880989951008676
IGSF22,0.0006854014940290559
PTPN22,-0.004588959138873031
C12orf29,-0.003451393909704755
GCNT2,-0.0006224103590991889
CCP110,-0.004101943908576333
ABO,-0.001671257785363955
CPTP,-0.0026540530200868007
FYB1,-0.002856963913821118
GEMIN5,-0.0006316866664581892
ABCA7,0.02486471091487052
LMO7,0.007469856997714398
ME2,0.008713102340832392
DSN1,-0.008363585778886516
IGLV11-55,0.0011770162203870607
NMT1,0.007963404097635992
TRAV22,-0.003641011530290591
PRAP1,-0.007924025883008595
KIF11,-0.0022871390309999588
YIPF4,0.007468235810675431
B4GALNT4,-0.003570877942754911
BCAM,-0.004360520782527936
DYRK3,-0.0014864247249576168
IGLV3-21,-0.0009996235752073707
MT2A,0.00345552749903172
SMARCD2,0.0010772901415890804
WDR82,0.005879896198788069
GNE,0.001999721832037265
ZP4,-0.007241430257903556
KRTAP19-1,-0.0006353699738733586
CCDC68,-0.003357910085024005
ZNF83,0.00126885894185228
PRKN,0.008137896042527964
PPP1R2B,-0.00424194944226884
IGF2BP3,0.004478589637285134
TMPRSS15,-0.002397409876091146
RASAL3,-0.0060567828226783665
SULF1,0.005083494226136569
TMEM87A,0.0054628163350965465
MFAP1,0.003056888152663803
HMGN2,0.004014280099364936
COMMD7,0.0016858399045407886
OR10K2,-0.0011017612149330843
PLIN1,-0.007434249778818961
CLEC14A,-0.00897458096333622
STAC,0.002699486583517369
TMED9,0.0047893044354435236
ZSCAN23,-0.006414317365787869
WNT10B,-0.0032768442597251608
NSFL1C,0.004546528421471488
ZNF112,-0.007678884295449453
TMEM92,-0.007846696982610783
GAA,8.435221205086432e-05
DDX23,0.0025024017263645813
PURB,0.0015770452204292038
TSNARE1,-0.004736201300974703
DDX42,0.003951462036814869
MTR,0.013739772084885511
TJP3,-0.001430771262310454
TMEM131L,0.0030031541623363038
APPL2,0.007412293588924312
ERP27,-0.002602227466372348
KDM5B,0.015433815476652735
LZTS1,-0.0022704205284163554
TXN2,0.0015318917393864397
TAS2R43,-0.006962971958851611
CHMP4A,0.003873026606712174
ARHGAP32,0.017136271280296513
FAM8A1,-0.006931992403400319
MGRN1,0.003344620477495083
OR1L3,-0.005060761235623274
SLC28A2,-0.00411628268067478
ARL13B,0.0014802693524164658
MZT2B,-0.00018942848411833847
DRC3,-0.0018957553501905953
CLUAP1,0.004072559354994328
KLRK1,-0.006839877399982594
IGHA1,-0.0012682563004734416
TP53TG3,-0.012710560336994291
SLC39A4,-0.004975497412061516
USHBP1,-0.010209239821476828
SSUH2,-0.005368534655866944
DPM1,0.0074117932911861055
VTI1A,0.012920314376155076
NEK9,-0.0005658973761359345
PATE4,-0.0060447600027794925
MMP15,-0.00462176287840916
PRPF4B,0.004235016212647076
MAML3,0.003548662788351033
PARP16,-0.00186624416176056
SYNM,-0.005422908728198366
KLK13,-0.002936185020313854
ANKRD63,-0.008724221653216504
OR4F3,0.0010796453055232093
BCL9,-0.0033208418152124997
ZDHHC23,-0.00263989894080729
NOXA1,-0.004331731437255881
GPR15,-0.005499240504783678
CD200,-0.00140444555093476
PCDHAC2,-0.003167069714412553
PTPN20,-0.002041949363880438
LINGO4,-0.0077090323653874445
ACP1,0.007262594343861987
CD81,0.007253528212437158
CLCN3,0.011950858243988888
DEFB119,-0.007420422034280085
SCNN1B,-0.0029246995909333524
SPINT3,-0.008726102454373184
KRT9,-0.0027869815327655253
MUC3A,-0.0005904231739158097
NELFE,-0.0005159460649167713
PIH1D2,-0.005140078344049634
PCSK9,-0.006997033488210169
PAPLN,-0.004726041635922293
TYR,-0.00019299956807720505
RPF2,0.003380808121566143
TRIM56,-0.006334194693412732
DEFB104A,-0.004106043875202874
LRRC4,-0.0013363280865104504
ZNF616,-0.006934522693035319
CTAGE9,-0.004869951774731745
RO60,0.004598244962077566
MYOT,-0.003010087212359855
ATP1B3,0.009572584149263192
C7orf57,-0.007652004949663191
SRRM4,0.0024276877215870358
ATP8B3,-0.003880758315425861
GK5,0.0036820482518333925
IL6R,-0.007544031092725775
RNF215,-0.007305750107747615
RPAP3,-0.0023463262004308587
ALG10,-0.0038705079171379177
ASB10,-0.004009261868992683
LILRA4,-0.0027876941945812854
NDUFAF7,0.002452772430731404
SLC35D2,0.0020751050561204835
AKR1B10,0.00448317192898825
APPL1,0.005536041817306797
FBXW11,0.012431069636796237
DCLK1,0.011764278761380108
ILF3,0.005657034373208819
TOPORS,-0.0049116892406665105
OARD1,0.0007176110543217076
OR13C8,0.0003073971768062728
DNAJB4,0.002742850638070665
FANCD2,0.003867186447727372
AKIRIN2,0.0007493163191158427
CT62,-0.01076356944113666
FKBP3,0.007009903950363531
INKA2,-0.00578000021711543
CRYBA2,0.0002411357141267606
NME3,0.0048801192218445805
PSMA2,0.0068076570776140445
RBBP6,0.004026783136634461
LAMTOR5,0.005802679534823596
MUC1,-0.0019526058330006993
UPP2,0.00914776234333465
IL18RAP,-0.007310220626185499
MT1B,-0.001024566154388727
PLBD2,-0.0005957417903433912
LRRC26,-0.006250891806835316
KNTC1,0.017882522871099222
NTF4,-0.007071780898599194
OTUD1,-0.0071647702672345374
USP34,0.03946001438117878
ADARB1,0.005743208850831317
SLAIN2,0.004518771070886187
HIPK3,0.00684533286942705
GPAT2,-0.006508024836744264
LEAP2,-0.007115504076734271
MFN1,0.010141043095315693
NDUFAF3,0.0005477686334790272
DEFB121,-0.00825033665340452
SLC7A10,-0.00046073739778764144
ALDH18A1,0.004720305618261142
TLL1,0.006840904152058625
KCNH5,0.007878208047560098
KRT39,-0.007028496971950425
GPATCH8,0.006588093168812044
HNRNPA1L2,0.002675176590233124
SLC12A4,0.0014687151130738168
MAMDC2,0.0012965429710858013
WDR88,-0.005601136781805343
CEND1,-0.00458154417455675
TRAF3IP1,0.0009063485194106263
SGMS2,0.0016394147039951231
NUP98,0.021872205722430288
KRT7,0.003082906032107589
PDE4C,0.0015039004511434486
DNAJB13,-0.0017793090152302283
IL4I1,-0.004899964730101721
OR8I2,0.0026496532404256972
C1RL,-0.006398940699159522
SNX33,-0.002079398564533041
METTL3,-0.0020186404865688455
TBC1D8,0.006273686367407102
POLR1E,-0.003937277807708187
SCP2D1,-0.0024970759897368147
TCP11,-0.007734410298524243
TSPO2,-0.004399313423149787
WDR26,0.007697480122459406
RIPOR2,0.004244994448401369
WDR59,0.006414303764165577
ZNF219,-0.00923869900094664
SLC7A14,0.004615341820473841
CAMTA1,0.016724126033166597
DDT,0.004327861653603132
DCAF4L1,-0.007336341353406711
SYDE2,-0.005931794299706198
ZNF518B,-0.008659360155375244
CNOT3,-8.167014675807215e-05
SETSIP,-0.0001049247564030575
SLC22A10,0.0028680690936864887
IFNA14,-0.002784494202788796
PNOC,-0.006763103806305072
DBH,-0.0038903203110154196
TMEM132E,-0.003632988308012139
ZNF7,-0.0038607494503284713
AMY2B,0.005809496470633593
USP17L11,-0.0034872832271856074
VPS26A,0.008403465211765703
ARL2,0.005608580823450459
FNDC9,-0.010773919253980956
PIGX,-0.004150856621287126
TRAV17,-0.003775636985354361
KISS1,-0.01074562624357736
CCDC93,0.004198408871090446
AMPD2,0.0014323520842648761
ASCC3,0.03515540157199223
TRAV12-1,-0.0024262125349494815
C19orf71,-0.010643629389448248
CCDC88B,-0.008015172615348455
DLAT,-0.0004358688308650476
SPTA1,0.024149164204579836
IGKV6D-41,0.0017680771156617593
SDR9C7,-0.0035505728355161247
ZNF251,0.0009795969213351554
FUT11,-0.00493050123682512
TRDD1,-0.0013972404194548989
ZNF428,-0.005168313128375243
CASP8,-0.002943260920362415
BARHL1,-0.002823417950351036
CHAF1A,-0.007117356789716123
ITGA4,0.0020628681120388064
NR1H3,6.569796122749638e-05
AKAP3,-0.010392048322682161
TAF13,0.0018780877446867086
DSPP,-0.008167534985097046
LAMTOR4,0.005135779910793224
TENT4A,0.0010685276535093934
VAT1,0.0005381102161674698
POLN,-0.005523422805708893
ACSS1,0.0009064873313560194
ARHGAP20,0.000453338267016118
GPR171,-0.0022968988120071645
LSMEM1,-0.008853579078481614
TMEM240,-0.006207918495605861
CRYGB,-0.0027309900582053897
TRIM52,-0.00494239176017167
TRIT1,0.0016957484569212558
XRCC6,0.005752703051379035
PCDHB11,-0.003544113257669186
FHOD3,0.01048982823629052
CHST3,-0.006776346810723498
POLH,-0.004038149878481106
CIZ1,-0.005436600261928618
TCTN2,-0.007447974529304694
VTA1,0.005960409943339669
ANKRD17,0.025444000773305598
METAP1,0.0044238107359955104
ELOC,0.00901451973415363
LRRC74B,-0.00654766594743069
ARMC12,-0.00574123480471761
PCDHGB7,-0.0014860366849073086
SPHK2,-0.006538499357693933
DBF4,-0.00662294794559919
TMEM14A,0.00613674787240092
UBAC1,0.0025217282860788407
WDR74,-0.003370103623582976
CCR10,-0.0064605211745619616
GLRX2,-0.002925817480351877
LIMA1,-0.0014134173091477794
GSTM3,0.0037868635554261774
ANKZF1,-0.003235156123882046
TAB2,0.001776301882000168
TCEA1,0.008249163771516662
ATG4B,0.004365607932218585
VSNL1,0.013377832075536845
GSTA5,0.0032194671544735227
AP4M1,-0.0018600796335776313
PCDHGA3,-0.0004283415367945463
CHST5,-0.006601609791757334
FAM3D,0.0005553271120182784
CBR1,0.0027920339713921306
FAXC,0.0035240808116647
TRADD,-0.004537926757045539
TBC1D22B,0.002830452133715536
ZNF124,-0.0030550360220753976
GABRA5,0.007502735178370854
ACSM3,0.0013571557516879335
BRSK2,0.007691200230758646
OR52I1,-0.005610777950748509
OR2AK2,-0.006651798890499313
TENT2,0.0064272049033177805
RCC1L,-0.003086392120808729
PGLYRP4,-0.0074178742280766865
LPAR1,0.004455450748633548
ADGB,0.0029107550909030382
TWIST2,0.0012820503777274642
USP17L5,-0.0015632751333621425
KDM8,-0.004683151607641853
LIG1,-0.0009139764061466669
KIF23,0.0002645868751841787
UBXN8,-0.007282044403605167
LDHB,0.00968991719588542
ARPC4,0.007652768362564102
ATP9B,0.013111958885951937
HOXB1,-0.0026150473967006156
STOML1,-0.00455669538461875
TPSB2,-0.0017659173842659644
TMEM88,-0.0057805045615514005
HHLA2,-0.00810087597899632
SLC35C2,0.0007175769860205002
OR7G3,0.0035762801463428994
SERPINB2,-0.001033849429422878
METTL14,0.0021899960473723053
RORC,-0.0035705011828414544
CBWD3,-0.00017655003181644142
KIAA0586,0.0032413323285358816
LEFTY1,-0.00540630563319171
ELMOD3,-0.001274645768021755
LEXM,-0.00967232580289626
MCM9,-0.0024280525856743462
PLCB4,0.009497338514997707
RPS5,0.008701711312239192
LRIT1,-0.007201354508431348
AHR,-0.00094773102471753
PINK1,-0.002885733361294277
C6orf47,-0.01288035769953619
RNF175,0.008337427091455697
RNASEL,-0.008423172348080916
FLT4,-0.0034016747638927294
OR4A15,0.002112064328352333
NPIPA3,-0.010486571267356052
TRIM77,-0.008921615639645716
HDAC3,0.009487036504730277
IFI44L,-0.003430688131974575
MIXL1,-0.011809632366140757
ZNHIT3,-0.0013133860456688267
CRY1,0.005589282123887633
SLC29A2,-0.0019383225948540752
VIPAS39,-0.003996023358453512
KCNE2,-0.003914055256275697
LYRM4,0.00871505283481235
VPS35,0.01177147770132049
HMX2,-0.0062498561680725635
ZBTB38,0.0029355367807704044
CCZ1,8.019632220454586e-05
FRS3,-0.009918664707952675
OR5P2,-0.005130784539272821
CPNE6,0.00044493222203465665
CHMP1A,0.00328670381731648
RAET1L,-0.007857904072316799
PCNA,0.005774338643791582
SH3YL1,0.007909532752807103
SP9,-0.0029581578942549057
RSAD1,-0.0025989272019596075
PRDM1,-0.0013214005113216729
NDUFC1,0.0009997635231526406
ARAP2,0.015103502946297675
RNF39,-0.009283260497167947
LGALS1,0.004154982336810818
IL21R,-0.010152630063558847
CAPN9,0.0004366256082853073
RWDD2A,-0.005771503802758225
MEP1A,-0.0028801292984238906
ECSCR,-0.008380087288315765
SRRT,0.0024028075388395154
TDRD10,-0.00999635223368523
DNAJC25,-0.0005941376602833304
TRAV8-3,-0.0037138859551513574
FA2H,6.405534925625044e-05
REX1BD,-0.002168802544271974
SPATA48,-0.008813016344196706
PNISR,0.006021739938839639
TAS2R9,-0.007707165055997375
EPHB4,-0.0012649488411566234
SH3RF3,0.004017519477476482
TMEM50A,0.007402049276706189
CYB5R4,0.00477344682197654
ALG1,-0.00091403310470113
ZNF641,-0.008320643279862929
PON3,-0.0018996248007003317
GALE,0.00291489860395434
ADAMTS18,0.001347679931465781
CDKL1,0.007508294940145082
IFT81,0.004740176046625515
LBHD1,-0.011046579197853623
ATP8A2,0.012487247059938917
TRA2A,0.009730217096001647
CACFD1,-0.0024284553166262915
PPP1R37,-0.004344491906695987
SMAD5,0.00544895412120498
FUBP1,0.006908817257780337
SRSF1,0.0028239676171674284
GJD3,-0.0071703457920625595
SIVA1,-0.002497435619756918
BARD1,-0.003416513915943557
PAX4,-0.005906423780805108
TEPP,-0.01048576935199977
ZNF146,0.0011878575289180529
CDC40,0.009206924855276638
OR5J2,0.0012232057645520514
DNM1L,0.0151651606606193
TECTB,-0.007182708912569647
CCDC159,-0.008852683091798505
MSANTD4,-0.0065443746383188305
PARM1,-0.0026164368339170927
RPP14,-0.0036132942221971383
FKBP10,-0.001702773228154533
MCM3AP,0.013333737264661449
CDH11,0.008674400716421568
EML6,0.030440949958488044
HOOK1,0.00662973074257123
TM2D1,0.001772901706775509
SLC12A2,0.009042517309236865
TRIM45,-0.0062848296638076395
IL23R,-0.010969980060888796
DISP3,-0.003585003603667558
PPP1R1B,-0.0028606924390811744
UBTD1,-0.0007217116760044528
EXD3,-0.0019122668635045525
SLC20A1,0.00625271953280094
KRTAP20-4,-0.004330165689972792
JPT1,0.0012459239843579733
SEC14L6,-0.004108982407621506
SGCA,-0.004821017644948238
IL12A,-0.010190283571617106
NWD2,0.018810766911555796
VEGFA,-0.0015101998491273245
ENTPD8,-0.00405425453224262
COMMD1,0.008310872204560985
IL37,-0.00832934691841097
FAM13C,0.001783950441620776
ELSPBP1,-0.0062632717180283294
SLC36A4,0.006246167509984919
DTHD1,-0.005901626818101465
FGF12,0.008543054636991513
GAR1,-0.00015711249698020322
POLR2I,0.006759298398779968
ORAI1,-0.0012081745211981931
VPS52,0.00021435081361815528
TUFT1,-0.004971792145055022
SMIM24,-0.005112027322856138
AARS2,-0.004978543254451323
POLRMT,-0.006639426301793404
SALL1,-0.003461217084405029
OVGP1,-0.007741340087657037
PLET1,-0.010991253264168018
NT5DC3,0.004716948607420868
SLC16A4,-0.004773158586981934
NDUFS2,0.008232109571025244
AK8,-0.0010296110941585097
RPS27L,0.008083123333771145
SCFD1,0.013761020871363445
CSE1L,0.00752830760868473
GCSAM,-0.009701791912666966
PPP5C,0.006798791659207802
PPP1R27,-0.0019087042171599567
NEXN,0.00048236486120811816
PAX7,0.001173756620790861
MAP3K14,-0.009303259736517107
PROZ,-0.010202402729784421
ACAD11,0.00482798116941197
PCOLCE,-0.0012305164907873893
LARGE2,-0.0033870039531704965
LYZL6,-0.0026137259191540176
SDF4,0.0020025871343057043
PARD3B,0.004532802482671536
LCE1E,-0.003938556835498788
C19orf25,-0.004162631412756743
ERN2,-0.0040482324093488835
PNMA1,-0.0014650068465375844
SCYL3,-0.0035184257504435675
FBXO33,-0.0019379751581291137
CDK3,0.00039428136680389874
WDR48,0.00873434729397417
C1orf109,-0.0018250897039526353
GP5,-0.009319225454853239
GPR142,-0.009912105286213588
OTOP2,-0.004026655171968606
ECT2,-0.0007169324469468132
CYP17A1,-0.001859107332580742
GRK2,0.005901720002242677
MRPL43,-0.0036611361404309383
TTR,0.0005120947981323093
KIZ,-0.001371593826838044
BPIFA3,-0.00961024311344826
C8orf58,-0.01240249892869757
FAM151B,-0.0011310032106834548
HAUS6,-0.008178896411510034
PCDHB16,-0.001687506599667104
PCMTD2,0.003517471826015261
HERPUD1,0.0020334622124199924
RER1,0.007821536855379391
RFC1,0.0012550403682920765
STIM2,0.005808208826292943
LILRB4,-0.005367646348079613
B2M,0.0030111994727659787
PGGT1B,0.0025984059277766483
KCNH7,0.008381182886723387
L3MBTL4,0.007144743409334184
QPCT,-0.0001637161249198597
POU5F2,-0.011157330145594434
IGHM,-6.964292638588804e-05
CBLIF,-0.004957124028359039
IGHV3-13,0.0006581291310165446
CASP4,0.00022711650061162263
CRYBB3,-0.002430023477881229
NIPSNAP3A,0.0017191568593602688
RNF43,-0.008272175058640434
RTL10,-0.012072060256084406
SOS1,0.01187211434916161
BRAP,0.0018451361370033523
NEDD4,-0.001607169494201632
C1orf43,0.002928233297294726
APAF1,3.0363601399418377e-05
CMC1,0.006382529251982874
CTRB1,0.002032700901425135
RSBN1L,0.003794211890176998
HORMAD1,-0.0036585320467568197
PDS5B,0.016962542059830134
SSTR5,-0.0056088062681226465
ZNF410,-0.0069358438578513495
CDC14B,0.007391322132794947
TMEM143,-0.005943324563568758
PKP4,0.010530677250899331
RAD17,-0.00332856024582138
PWWP3A,-0.0029487617401555283
AGAP4,-0.0035690335255733987
SKAP1,7.556239899316772e-05
ZSCAN20,-0.01068273778835277
KRTAP5-8,-0.0053817981423211455
LURAP1L,-0.0017967583260447301
CCL24,-0.007545683306571249
TBX20,0.0005364662353849885
THBS1,0.004625614293509756
IGHV3-16,0.0019401465876938107
HIC1,-0.006425479318608531
SSR3,0.008389286500106423
SLC16A8,-0.004046631957822267
TAS2R13,-0.008524578478202037
OR5T1,0.001025050882483462
CD8B,-0.005156763145205354
STXBP1,0.013627962761806084
CFAP53,-0.004882521307481933
PTER,-0.00048174701370562787
MPDZ,0.029615061811167593
ZNF705A,-0.010537899455159936
COX7C,0.005196813349753661
KANSL3,0.0016446202492990775
BRK1,0.006993475349613168
HS3ST3B1,-0.0029990623298273276
ATXN2,0.007141098435048262
DCAF7,0.010265457581021825
ARL6,0.008135581694534856
EIF2B5,0.0002017810101530809
IQANK1,-0.00755031893391139
MPLKIP,-0.0030820148829044393
NR1I3,-0.0036859873661315517
AOAH,0.0005267111520797659
TSPYL1,-0.0020679614433969503
TCF25,0.007727807772673348
BBOF1,-0.0023722143182453733
SPG11,0.028415539217243255
APH1A,0.003991340254565669
OR1K1,-0.0038463594547801447
CCDC194,-0.012048777481532639
CYGB,-0.0009337344515786171
SGSH,-0.0032935034524730297
TMUB2,-0.005118726383125956
ZNF730,-0.003547644970422918
PCOLCE2,0.0022841675224636562
BRD8,0.000994078129988295
OR8B3,-0.002463327311342905
TMX1,-0.00014911154944593995
NOS1,0.007305819736853146
SRRM2,0.01814342298640784
ZNF345,-0.00033872012153111935
FTMT,-0.0028362221884109264
ZBTB48,-0.00642361952767357
C8orf33,-0.007735990171336203
ITPA,0.0037568732604442746
OR2A4,-0.00020357681317939572
AARSD1,0.0007407918708982449
ZNF672,-0.008086898611264147
ZNF622,-0.001281665527392173
NKD2,-0.006097547827556682
HCN1,0.009481620525274551
NHEJ1,-0.00860270603652822
DNAJC15,0.0032882248771612874
BEND3,-0.009681732544484355
MS4A15,-0.0063823396756993375
GNG11,0.0031579213059692722
CRYGA,-0.0021788738790262025
NDNF,-0.0030859581973443225
USP17L13,-0.0021463796249860134
PTH1R,-0.0015588423021816553
KLF13,-0.002546067872402175
RGL1,0.008904025653850607
APOL3,-0.0070496113699132406
S100A16,0.003590216224980075
ARL17B,-0.001279075153407059
TCP10L,-0.006338813540236876
HTR1D,-0.0027179406401564962
MARVELD1,-0.0060867483523897375
CCDC40,-0.005009642760209589
GRIK1,0.009163599725497736
RANBP2,0.031027940552559752
SMPD4,-0.0018453211463933365
ZDBF2,0.014114881040986182
IQCF5,-0.00407674106769576
CYP4F8,-0.0001129560299488397
HPS6,-0.009553409725944243
PLEKHH1,0.0017129037564414435
VIL1,0.00040683546278326037
ZNF770,-0.00567293186955608
CHERP,-0.003353841302089842
MFAP2,-0.0029320497348130936
ZNRF3,-0.0007457642315037661
ASTE1,-0.00640417495517847
FNBP4,0.005552982465573689
KLK11,-0.002216368344602383
MAX,0.009857922918923007
RTKN2,-0.0024823227386742016
UNC5D,0.007004464717431724
NEK1,0.004748798501351217
MED20,-0.0030019047943927973
PNPLA3,-0.004917590499677346
INO80B,-0.00793926687234221
PHLDB2,0.003819963323676337
MLF2,0.0036653286871461822
CDKN2B,-0.0029397568662681735
TBX2,-0.001897790484463845
SNAP25,0.011610431118617493
SLC16A3,0.0021453419913824543
DHX16,0.0016808604140067837
LTA,-0.0067798631658097215
TRAPPC5,0.0018727216020071973
APOL2,-0.0043257019206743305
PARN,0.00577643667515294
RHBDD2,-0.002277654934815174
FEZ2,0.00659013307674219
NUBP1,0.003430805565159242
EIF2D,-0.0006639524253467385
MICAL1,-0.00263721999371126
RNF13,0.006771903075269543
STX10,0.0023514731116350968
KRTAP12-2,0.000681539274114339
PTPN21,0.00078444298576007
TAX1BP1,0.006480012733343286
SMARCA4,0.018947171537676673
TMEM104,-0.001238063732359027
ANXA13,0.0014393274789343137
PTPRJ,0.004630317518814785
PRMT3,0.006581283766494442
DECR1,0.006151695519588925
CDC20B,-0.0069297392973495095
NBPF6,-0.007103767580787197
DNASE2,-0.004281888484478461
PCDHA7,-0.0012220419851129768
FAU,0.007458785504918062
ANGPTL6,-0.007927313934911539
GIN1,-0.008632326058425076
ZNF260,-0.0024578264201781997
CDC123,0.004418797373580074
DAXX,-0.005729904713600739
SERPINA9,-0.004661937059940086
ATP6V1G1,0.008480658409100566
DEFB114,-0.005765183420381785
PDZK1,-0.003878396690319494
CERK,-0.0010529248824200758
GDPD3,-0.002922240897915894
SLC7A9,0.0008852094357957846
UBE2J1,0.004522095601275799
GLMP,-0.007451151308514134
APLF,-0.004374869294834583
PAPPA,0.008054390142512977
TMIGD2,-0.009880564695856684
GPR52,-0.0077518241238661335
LRRC66,-0.011242394585116465
CYP46A1,0.004643820233850644
TSTD2,-0.0022876537267392605
ATP6V0C,0.009022960947166144
OTUB2,-0.0016443230318350926
STPG1,-0.005282019028853277
EPM2AIP1,-0.00012215392851432487
HSF5,-0.008562115416601094
MEGF10,0.001512517182742687
PTPRS,0.033257187534521816
JOSD1,0.0016454817518747205
FUT6,-0.006382964120896174
FSTL5,0.004421942510461375
COX5B,0.00544546522159289
COL19A1,0.0014740589060367978
KDM6B,-0.0011940783493853725
PPBP,-0.005571016547405314
ZNF778,-0.007008662356124416
TRIM21,-0.00547424998314076
SLC30A4,-0.0001548872364832875
FAM172A,0.0075802184196071655
PTPA,0.0016229717601239826
SEZ6L2,0.002589432077791429
RNF212,-0.006795303115164026
NAPRT,-0.0004892964550285436
CALHM2,-0.004620902028687795
LUC7L2,0.010912587474678041
ANKDD1A,0.0014774165093336183
DHRS4L2,-0.0017735800149147876
CTF1,-0.010035060086527653
ANXA2R,-0.011725141172854383
C17orf107,-0.011363049581163256
GRIA2,0.013357326070974037
NAA25,0.005090201921925018
LILRB1,-0.004730025312004333
IGHE,-0.0029318939543822374
MOCOS,-0.003345122725173928
NUTM2G,-0.013126193432523784
UBR2,0.024167337303623564
NXPH1,0.00042715157317862107
RPL27,0.008020819777048509
ABHD14B,-5.000268766131759e-05
SPRN,-0.00977094801366818
SLCO5A1,0.0009740964195536538
OR4C6,0.0008161590468633824
HERC4,0.010050797663731728
CTLA4,-0.008380545394301072
PLEKHG3,-0.004382128744238426
SLC8A2,0.005323602700070988
POMZP3,-0.007312717456970958
P4HA2,0.0029214210394363613
COBLL1,-0.0020252307691116986
RABL2A,0.004153489867063683
NLRP11,-0.007463117290639872
ONECUT3,-0.00517588328526204
PAK1,0.014085355245330581
PSMB9,0.0040729380618430315
DAAM2,0.005117962668245015
NLRP10,-0.009723071958579868
PRSS57,-0.00525764509111742
PTDSS1,0.00583635362913197
TMEM167B,-0.002064319454529732
SHISA7,-0.0055834429528712
TNFRSF6B,-0.006926303062451609
VSIG10,-0.004834179857592266
ASRGL1,0.00422407412907213
GLYCTK,-0.005067335206890732
ASDURF,-0.004852782203844675
CUL2,0.009212565861604079
PLCD1,-0.0024770072304539184
VWA3A,-0.001492759320034817
ADD1,0.011484269738930235
MUC15,-0.009322696302005704
PLG,-0.0026126923167049012
ZC3H12D,-0.008137160167945348
CSF2,-0.0072071550132378264
ZNF528,-0.0035458873321490367
NUP188,0.013334985009184295
TRIM39,-0.007140219226237229
ACTC1,0.0036977419066495797
ARFIP1,0.0055603968048220055
ELOVL3,-0.0014653709604883231
TBC1D12,-0.00024281206664868897
LMF2,-0.003444653131973382
PIWIL2,-0.003333375053155493
ZNF691,-0.010185034750634267
ZFPM1,-0.007038318994205723
DDB2,-0.0022106112082525826
PRSS16,-0.005598515675638517
NOCT,-0.00405062069306338
WEE2,-0.0070550374906340136
RNF148,-0.007656089575793993
WDR5,0.005829819052737855
ZNF304,-0.00673933862491063
GALR1,-5.5160370919547234e-05
CGAS,-0.007424253067455275
PALD1,-0.002294592878704649
DPH7,-0.003963331908804591
E2F4,-0.0013993419150510646
POU5F1B,-0.009788409388412243
RMND1,-0.0007936761640483721
SLC25A15,-0.0015384514776464846
SLC26A8,-0.005094408806552792
POU4F1,-0.002977681461811063
PEAK1,0.00917839640088107
TP53BP1,0.008963749204722243
TULP3,0.000468473768304432
CEMP1,-0.013215214315706854
CD244,-0.009965063492808303
LYG2,-0.006763574026585659
GABRB3,0.011743857028506362
TULP4,0.010726302177034743
KIF3C,0.008053056007967463
SAMD12,0.005969170850625409
TMEM184B,0.0066262860771907
CBX2,-0.00934952724122984
KRTAP9-4,0.003666662579384779
NPFFR1,-0.005056459410321851
RAB6A,0.015322740899074072
SPINT4,-0.01048877337846292
RNF24,0.008805346591596932
GFAP,0.0017168961565919838
FAM178B,-0.005877209034713666
ANKRD36B,-0.0016755641564406582
CDC42EP5,-0.004874102241155101
MAPKAPK2,0.0037365381441642653
CCDC134,-0.003887204755768567
SHC2,-0.0021586370484557686
ZNF613,-0.008699030237874177
CTXN3,-0.0026000986496519667
DAPP1,-0.0008395269793107415
AKNAD1,-0.007662551518628231
SYT4,0.003061725569838493
ZFP64,0.0017630208280561336
KCNJ2,0.0035042096833398963
LIM2,-0.0012507647146012032
OAZ1,0.00029804363777870095
RAB6C,-0.004168658367544113
TGIF2,-0.0038060989204718883
TNFRSF11A,-0.008297150722876926
RHBDL1,-0.0010266356093910367
MASP1,-0.0027685694561759336
HIVEP1,0.018225996767968936
SHISA8,-0.006879030510711027
GRIA4,0.012643760145262735
ZNF540,0.0019921582813756324
CCNI,0.005318052391318894
MEIKIN,-0.006051825422901949
CTRL,-0.0017680364190632283
NARS2,0.004629785637058902
SOX30,-0.012400403548246475
TRPM7,0.026600435743488787
FAM25G,-0.007086814389391502
GRTP1,0.00012963635895883586
TRGV10,-0.004043805453442433
SENP5,0.0005480412656394335
HMGN4,-0.0005244544098560391
RHNO1,-0.009133100215544062
CYP4F2,-0.001195771295917269
SMPD2,-0.004254223819641093
ZNF132,-0.007148974033577068
CABS1,-0.009341453245632856
KRT27,-0.003022287564018374
IFI27L2,-0.0011291914953623474
CRB1,0.0037770108895552566
GCNT1,-0.00018872753534722683
GALNT7,0.0064575628532032745
KATNAL2,0.0034138789945798646
PPIC,0.0012087529826644795
TOLLIP,0.004915993442579544
PCDHGB5,-0.0007794481060357694
NDC80,-0.004021399269675372
ADAMDEC1,-0.002741821311742058
ABR,0.011150822607341232
SIPA1L2,0.015893043945051234
ZC3H8,-0.0001378838233933873
CSN3,-0.005937360850804801
PPP3CB,0.01327482795409095
SDCBP2,0.0011109379442048063
CYP4X1,0.0013896468211819155
RPS7,0.010079306767788536
ILKAP,0.004546122617733351
TTC36,-0.005309681133296059
TFAP4,-0.0018456119022520043
CTDP1,-0.004783290666437129
ZNF571,-0.0011121392572534577
IFT46,0.0013028624154936656
ZNF765,-0.005461281439041766
KRT76,-0.0019022781213539012
HLA-F,0.0008930732198918767
PHYH,-0.00012524222833541418
RBIS,0.0010364992648689317
CTSB,0.007343321184393577
AAGAB,0.001901204223889133
TTLL3,-0.004052806387949831
WDFY4,0.02612864422717334
SCGB1A1,-0.0016351234873971802
COL24A1,0.0008757816414304665
NUDT1,-0.0015196606642812888
ANKRD9,-0.006461096064906826
DBNL,0.0014464169790479751
INS-IGF2,-0.009999684182521515
SAP18,0.00965283833794481
ADGRD1,-0.0030011740306948227
WNK1,0.029844954910219084
GOLGA6L1,-0.008661622896807402
LYG1,-0.007297774584041222
NODAL,-0.009414726121289381
PEX13,-0.003385173905592369
HIGD1C,-0.0019477110597677213
RB1CC1,0.016340400518226526
RIMS1,0.013524141074438405
ZNF561,-0.006999545529507041
MFSD13A,-0.00503856805451344
ELMOD2,-0.0004281578015651975
MMP7,-0.0005593100883061416
PDK4,0.005822657437567546
ENKD1,-0.006932906040644633
FOXK2,0.005742503525245774
OR4E2,-0.003613300166852649
ARPP21,0.005517533132465938
CAPSL,0.0035092545586822336
OXSR1,0.010306720311305162
PPP6R3,0.011373624003547198
MT1M,0.0002893182526955324
S100P,0.005310341598526134
TRIM69,-0.0038923497971707524
ABI1,0.011301560936822282
ISX,-0.009590365513155044
HP,-0.0026512227675198814
SPINK2,-0.0026634416266695504
CCND2,0.005024634339889898
TMEM132C,0.0032450298960364703
NSD3,0.013110132255492296
SRXN1,-0.005962987510113777
CYP2U1,-0.0006853456719221233
ERP29,0.0034529318504383194
SIGLEC9,-0.00684184002718256
GPSM2,0.0016464606909412796
CHPT1,0.010677520922202149
BASP1,0.00397775752222449
ANKRD30A,-0.0045611479412083445
PNPLA1,-0.010223835283273943
PTRHD1,0.00022673955553362472
KLHL12,0.003961426934331191
PRR20E,-0.009851725886596326
SLC39A10,0.0028057291047455662
NDUFB1,0.003858639401233195
IFI30,-0.0018989281961199669
FMOD,-0.0007299323329799358
ALG9,0.0031258145983319003
CYP4F11,-0.002424117522178065
TIAL1,0.008877957206667824
TLR6,-0.007290779087918239
C2,-0.002507837273423656
SLF2,-0.0001036905644227874
MRLN,-0.005407217293306774
MIGA2,-0.0022084159647607527
SRM,0.005994786044564886
DEFB107A,-0.006577167635674649
SAMD4B,0.0022767416244037766
TACC3,-0.0057207560866660324
LPIN3,-0.002469428651401724
MAST3,0.007478930889434688
ZNF488,-0.011786190243717251
ARRDC4,-0.0021478516020238523
IKBKB,-0.0011981532451616698
DNA2,-0.0006141795257875792
C20orf96,-0.008237063070975837
PCDHGB1,-0.0007695014552170535
SP1,-0.001694475044315519
TRIM59,-0.004762006457839576
HSD17B3,-0.004777498658440405
PACS1,0.00887807898749189
APOA4,-0.0008753944749721037
IPO9,0.011089766085952668
LIN7A,0.009654906715199262
TMEM74,-0.009361683938610262
KIAA1217,0.00901603386940683
CENPB,-0.008652830243032152
HSPA14,0.002074244688435379
KDSR,0.0020842099291118535
UNC119B,-0.0024103877395542394
RELL2,-0.007582008019899687
HSP90AA1,0.013069303795516685
BICDL1,0.007673557291309957
ADCY4,-0.0010014379499320404
CNGB3,-0.003423155472781866
COL20A1,-0.00605531167075212
CHEK2,-0.004814363089406973
FBXO3,0.002767053039986169
GGT6,-0.008106501538208438
GPR155,0.005372400044861746
LETM1,-0.0014863131909220201
ERLIN2,0.0008182503695833192
HRC,-0.009483475827596562
NBAS,0.0327381423701869
NPIPB15,-0.010700224167502123
PSMG3,-0.004354401792141528
QPCTL,-0.006260531230214719
CCDC34,-0.004194507380170587
DLG2,0.012804537457543062
TIFA,-0.00336617660009361
VSIR,-0.003894763696444226
GALK2,0.009247925635329586
SERPINB3,0.0010295254770992085
XRN1,0.01640261418677427
IFI27L1,-0.0014789135887313956
TAGLN2,0.007033222943176856
FAM163A,-0.0005568443523535651
TRIR,-0.0012306942919432357
CEP164,-0.0013508997745538185
OR2Z1,-0.004848315318887994
BAD,-0.0055588649385977795
KLRG2,-0.011106324842725508
CRYL1,0.0074955870091140365
FAM228B,-0.0014458358158468524
PHF2,-0.0023175827890093642
THTPA,-0.005044930935090423
AK4,0.004475210439905004
TFPI2,-0.003977736165585579
SPG7,0.006974921013379234
TOR1AIP2,-0.002478143319982185
ATRN,0.008409630718230634
EDAR,-0.009210565794159324
CDC14A,0.001834853382179171
WNT9A,-0.003992220184523702
S100A7,0.0023326472879144715
IVNS1ABP,-0.0004424825744558318
OR1S1,0.0038685075847341923
GOLGA6A,-0.008406821432453453
ODF3,-0.004043898254410111
APOL1,-0.007506611360414794
MAP3K5,0.007919018841039524
STARD13,0.007172200329798844
TIMM13,0.004959981687105195
CST11,-0.00712075780457137
CDKN3,0.00146206356332313
GIMAP7,0.0008839759222167634
GPR26,-0.0030887348616681857
GAD2,0.005417452322817963
MAP3K20,-0.0004400731428514678
MCM4,0.003074243532944759
CHN1,0.011962456830940224
PARP2,0.0004072586607494195
TNIP2,-0.005750151530773612
EIF3F,0.004487260411994547
GPLD1,0.00033342538584245265
OXCT1,0.009693469949467537
CEP95,-0.00208880860363893
CLDN19,-0.002380122345764955
RAD1,0.0009310590004954385
DCLRE1C,-0.004277616411886533
SYT15,-0.008969420138828179
NBL1,-0.0025970718646001027
CSF1,-0.010240615168427072
RIOK1,0.0010805615526086694
FAM183A,-0.005801972297256729
TBC1D2B,0.0011640037997158062
ZHX1-C8orf76,-0.006655326894144941
CALR,0.006576392511402955
COL9A2,-0.003799607604241159
PRMT1,0.00858941279105299
GTF2H2,0.003103242681740327
ZNF285,-0.009267591163646232
SLC24A5,-0.001547271595334793
TRIM73,-0.009539448634280388
AKT1S1,-0.008850651925669452
UMODL1,-0.007581206082507813
RASGRP1,0.003450426908004849
FGF17,-0.0038497876670879373
TDRD5,-0.00565487223831131
CORO1C,0.010036542622888047
POMT2,0.0007543898328546371
MAGEL2,-0.010326183258430561
RBM48,-0.004761802043766167
LYZL1,-0.004144768839600522
DPP10,0.008611223353007387
LRRC56,-0.011401437106628089
MOB2,0.0031087283113114482
ARMC5,-0.009327290994086227
GTF2B,0.008581989189772954
ADAMTS2,0.001176242483443232
OR10AD1,-0.004021190123183009
ZFP3,-0.006290608323887611
RPS27A,0.008285097433045056
MSI1,4.2860604993487924e-05
UGT3A2,-0.005250706073891526
ZNF790,-0.003820917864676537
INO80,0.012836185662467345
ZNF587,-0.005214392416579453
RIOK2,-0.0010087024817641004
KNG1,-0.006607875770074358
KCP,-0.0023360748819509576
SLC9A4,-0.0013809940327268932
PCGF1,-0.0004568435645616959
BCL2L10,-0.009091592007061713
ABCC10,0.0008958579273740021
CCL21,-0.005026091554825097
IGHV3-43,-0.0002717776694062702
NANOG,-0.010327416418436609
TTC17,0.004273255367677427
RNF223,-0.00916559468936691
POLR2M,-0.009901258066391326
RNF144B,0.0026333101263024874
UNC93A,-0.002798604281703202
ARHGEF33,-0.009716003451453578
BABAM2,0.008463695283096647
VPS25,0.0022625667739536275
ZNF414,-0.011796885533518141
BRF1,4.817993981448872e-05
ACBD7,-0.0030289926109401126
AIFM3,-0.004162464206853586
C6orf15,-0.010135784364461326
AGPAT4,0.00842152286285354
JAK1,0.009753351076433629
TOX2,0.0002295964427352647
TPD52L2,0.0047857149070786725
NLGN2,0.0005965727294868808
DUT,2.80337039601326e-05
CYCS,0.008761707738010117
IGHV2-70,-0.0006083595952196252
SMTNL2,-0.007125179277447566
CRCT1,-0.0036955703886051793
LRP8,0.0017781568637826063
PAMR1,0.00031325232075616797
AHI1,0.003466259478579422
LYZL4,-0.00511454783795187
C9orf43,-0.011231985498110204
ATXN3,0.007808801813444369
ARRDC5,-0.009055097404640201
GPR55,-0.0077295256096464775
OST4,0.0052555655975824065
SPACA4,-0.0030395804170973285
SPRR2E,-0.0017593810426191354
WDR4,-0.006294164256574002
ANKRD61,-0.01055352929282743
KLHL5,0.003709016896742468
OR8K5,0.001951734237827344
TEX19,-0.007217552863548706
HRAS,0.006190020199840013
LIN52,0.00620504647459253
SHFL,-0.00509135771527072
TRAPPC11,0.005796976882017592
IGHV1-58,0.00027024741527282463
OR2J3,-0.0020686899042325997
TPBGL,-0.00848416126324924
GATAD2B,0.008055673667976838
SLA2,-0.004086850173627519
BEST4,3.5163368215835666e-05
CEP85L,0.003496966922671299
SDHD,-0.00101434869403772
CD247,-0.0009145883320873542
INHBE,-0.010024116884644706
MYL12B,0.011144403645783377
CACTIN,-0.005057085075691306
AQP9,0.0012189025438745938
EMC4,0.003396461388922526
TPRA1,-0.0001900304810629544
HK1,0.010560506893782321
EIF2B4,-0.0016092221358499628
TOB2,0.001019854391481051
TPST1,0.009320780195126081
NUS1,-0.0005272648139047491
PDE7B,0.004770593544659322
CYBRD1,0.0002062998889714687
LARP1B,0.009953914141960656
PRMT2,0.006648174249533495
KHDRBS3,0.011776327040539847
AKIP1,-0.006586258500865864
NDUFA11,0.002895352047050395
MIER2,-0.005632054746738846
TMOD2,0.011637652852269323
RSPO4,-0.004468310349607364
TXNRD1,0.007127300283140601
ALG5,0.00480487889353751
D2HGDH,-0.0009747939813918297
DNAH12,0.03026479138130604
FGF1,0.0013390773627204398
PSAT1,0.0030710806380110866
ZNF585A,-0.005119696226920079
SHH,-0.005374580854729308
KRTAP9-2,0.0038428142819650637
SS18L1,0.0008689847973391943
MFN2,0.003913950362747471
SEMG1,-0.0055779367387975105
NUDT18,-0.00583894682495639
OR51B5,-0.0027154137360433594
CASTOR1,-0.001697729645306189
KREMEN1,-0.004550769380840318
STK32B,0.004182484501115458
ASTN2,0.006283646092891253
KLK9,-0.002847544577808394
CRTAC1,0.0039338887824632435
RASA4,-0.0014225396412538796
KRTAP13-3,-0.0006475355798898594
NAA11,0.0017461051887077035
RHOV,-0.0005120545151409113
SLC10A1,-0.0016227687499740084
HSF2BP,-0.0056343699447401994
ALDH4A1,0.000563265901759015
CNBP,0.00529452937996728
INTS13,-0.0010109953177351038
LMNTD2,-0.01239208773734955
PNMA8A,-0.008683623682184711
HTR5A,-0.004588377766620289
MMP19,-0.004377190769146763
MRPS15,-0.001974952557026897
SNW1,0.007014513471022047
ZNF572,-0.009746368643786483
CDKN2D,0.0005768004970019098
LIPG,-0.0015597127446777357
CTAGE4,-0.006536794430473269
PLAAT2,-0.0018027204699301424
PSMG2,0.006493954354058611
FTL,0.008979245818643426
TAAR6,0.0013304657481440219
GDF1,-0.007478472915996143
TAF1L,0.015818426322223893
DGAT1,0.0003169797081895253
STT3B,0.01042190938260385
COL4A4,-0.0013294907571000296
MROH6,-0.011069140409270739
RARG,0.0009646379549737233
PDE4D,0.010098301833302596
SNX25,0.006723757917572583
SUN2,-0.0034275764799471566
COA5,0.0005300622131432703
HDAC9,0.010117157829084131
TUFM,0.006195509779765831
ZHX2,0.0009584374653169624
TMEM63B,0.0037656397874298764
MRPL3,0.003264517432658077
OR2AT4,-0.005473846640374068
SNRPE,0.007271197724121186
HNRNPCL4,0.003924597350454726
LYZ,0.002687952922873719
F5,0.013002182010367897
USP17L18,-0.0016470033582415356
CAMK2B,0.009138681526047578
PRMT8,0.008339750178003374
SLC6A11,0.003278943679823438
MPEG1,-0.003583724063376155
OR2T27,-0.0025670745712451956
PDF,-0.007799428739954212
GNB1,0.016172801067470367
ARPC1B,0.007407419329123039
LTB,-0.0034574731385279976
ILF2,0.00708790212872681
REG4,-0.004551666918004081
RSC1A1,-0.011921438552593942
TOMM20,0.01008864577127958
ZBTB7B,-0.005828520326667433
CD300LG,-0.009571777781465757
FSTL3,-0.0036573677511995404
GTF2H3,0.00423109623319878
BCL2,0.001986114809430481
IL7R,-0.005159770516688391
RRP8,-0.008195132244887226
UFD1,0.004768126965000193
FKBP8,0.002419747269084779
NFASC,0.010854390457733955
PIGY,-0.007048421153418426
CBLB,0.005473889024335404
TGFBRAP1,-0.0007816861669815667
VPS45,0.011336581777077305
RABL2B,0.002532359354789629
C2CD4D,-0.010555643776137116
PGA5,-0.00022739231612876879
RPL30,0.010325295509105907
TEKT3,-0.0019408448041385127
ZNF652,0.0017055594184747149
CLSPN,-0.00460096860546327
FCHO2,0.010397786196277256
LDB1,0.0017526501093292138
ABTB1,0.0007988876724602058
CUTA,0.0014615890640731534
KCNAB2,0.009010462546798846
CYB561D1,-0.0052396667393327795
ST6GALNAC1,-0.006377922798117156
GSTT2,-0.003108460434952312
MAP4K2,0.0008539390121321968
MAP4K4,0.014603501140692114
APOC4,-0.011270806877757293
LRRC49,0.0026465487643686776
SLC29A4,-0.002571187813602053
YKT6,0.002053018446864494
STK38,0.010270995268549039
GGTLC1,-0.001978998117561552
EIF4EBP1,4.3441092539477925e-05
MPZL2,-0.0019614884978383703
MRPL18,0.001302595773816682
ZNF728,-0.004941378916878975
TP53TG3D,-0.012941085633912622
CDYL2,0.004048036493954853
PRKAR1A,0.011513128723410348
COA1,0.00782973985013573
REG1A,-0.001252069185327087
ATRIP,-0.00960996769250679
SLC16A1,0.0015477068770109051
DMP1,-0.007684936449510932
YAE1,-0.004386782915561494
NUP50,-0.0008572248872735843
RERE,0.011833451342010073
MROH5,-0.007416245902571017
RBM24,0.0014556010709464754
FOXD4,-0.012299182523280617
CALHM5,-0.007817863451990556
MYLK3,-0.006478556348827908
C1QL1,0.00017065625418059317
DDN,-0.011475481536555374
OR8S1,-0.00874176904595424
PICALM,0.01361208110968695
DES,0.003717272505539755
KCNV2,-0.0017425474507137353
GNRH2,-0.009646559787307128
HIGD1B,-0.0014382605576123489
KIF12,-0.007720698040146481
PRR12,0.004118717441132851
MAP3K1,-0.00020380508820287227
DGLUCY,0.00269297011054239
RTN4IP1,0.0014133093807289446
SEPTIN14,-5.44427676932594e-05
MRPL52,-0.002781676613771997
IFT88,0.009162319535458338
ZNF471,-0.0021854053541134288
GOLGA8F,-0.003615944454130581
RNF150,0.006797171193046513
CALML5,-0.0016277986140877624
CD300LD,-0.006254616068884337
VASN,-0.00514462384473434
ZFAND6,0.005425805766233718
HSPB9,-0.011124602986778925
SPINT2,-0.0013864578651375783
C11orf16,-0.012618055040760872
LPAR3,-0.0010968709151004264
APC2,0.01395906249574049
TREML4,-0.009928493278984726
KCNK17,-0.004121770495072082
NLRC5,0.013015446532001367
C12orf76,-0.004555383518603245
TUBB8,-0.0018364054168178365
S1PR3,-0.0015625248105285195
RASGRP3,0.00046158124936705193
MST1,-0.004662363285295249
SLC18A1,-0.00021379949820415187
KLHL33,-0.008374545802023804
LUC7L,0.010129739443301896
ZNF564,-0.0065371094596371965
C1orf94,-0.012164190683158485
HS3ST2,0.0023521866193641793
MXD3,-0.004809529133102006
RBM15,-0.006333023082475322
SLC33A1,0.0025179801967233264
PET117,-0.004768630965672018
CCDC27,-0.011594083835974574
MLN,-0.006120979807224544
SERPINI2,-0.002385881525236311
ITGA3,0.00037728483985519524
IGFBP3,-0.0017354965401433712
ZNF383,-0.003267075951077756
RPAP1,-0.005114022982554533
EIF2S1,0.007850865100824134
GPAM,-0.0038567096325118864
HAL,0.0005496861547022873
SETBP1,0.006308860044357164
BAG2,-0.002365304010258778
TRIML1,-0.009067817143267572
CCDC88A,0.01936771897475664
CCDC177,-0.00912635053247094
LRCOL1,-0.007914438237336
HSPA8,0.008732486535167758
AVPR1A,-0.0027096872608658746
RRP1B,-0.004551932152293979
C21orf58,-0.010146474646873554
MRAP2,-0.002553779196123454
LCK,0.0038370246160875504
RHCG,0.0026722759758483505
SEPHS1,0.0032707427706677034
BRD1,0.005025581442646689
FOXA2,-0.0023878102903200087
GSG1L2,-0.006617543740233201
TBC1D3F,-0.010616706428738814
OR6K6,0.0005237885201639806
GSTK1,0.0060126293649927645
MLLT3,0.006754496102601992
SECTM1,-0.010118600248322585
GLYATL3,-0.00605778214572292
S100A10,0.006775272633048411
PDLIM2,-0.001773206597511006
GSC,-0.004038916551907499
ELP5,-0.0037731091059603427
F11R,-0.001182684582907218
OSTN,-0.00300497605985204
CTXND1,0.0013693323820185323
TMEM256,0.0007273897522044282
HSPB11,0.004029765051249848
CNIH3,0.008970446663200656
HSPD1,0.010960152456274208
JUNB,0.002273326984100385
PSPN,-0.011249518545252178
DVL3,6.310204473454499e-05
FAM229A,-0.013372917350912719
OR4P4,-0.004106159083661703
STRADA,0.003985825859890145
PMS2,-0.0014871495843866113
SLC51B,-0.007663480821502474
ZFP69,-0.007671861622990214
USP38,-0.004511033243051176
FBL,0.004695950865069465
C2CD2L,-0.006668561948005876
UBE2O,0.003921203018129886
SLC7A6,0.006671610443818722
SNAPC5,-0.003419028312325974
ANAPC1,0.021484097011664
CSNKA2IP,-0.008939531435495496
IFNE,-0.010880815397799157
ZNF587B,-0.005814432416160895
SCYGR7,-1.4666482835383349e-05
HEXB,0.002728005228941798
IRF3,-0.005533445145671185
KLRG1,-0.004917367137136897
IFITM1,0.002406194741423055
OR6C65,0.004158941468947252
RASSF3,0.00035214387228783725
PPP3CA,0.014544967965749798
SNX15,-0.004795040848091203
VN1R4,-0.0007184676238855542
GPR153,-0.0055808603023778415
LSG1,-0.0011159494468694503
CYP4Z1,-0.003773369558056697
CTCFL,-0.008644961337486254
DENND6B,0.0019437808479127253
TRBJ2-4,-0.004100739798957997
GOLGA8O,-0.012562950905399361
RPS28,0.009089634922011492
GH1,-0.005338330321807983
E2F2,-0.008213167073803958
SAPCD2,-0.007696860442387041
LAYN,-0.0053852114770811185
DHTKD1,0.001932577297486687
DDX18,0.0050390796498841475
SERAC1,-0.002920618181964438
CEACAM21,-0.005428656056060392
ZNF280D,0.001998047747117489
TRBV19,-0.0012239255153891771
AP4E1,0.001061113131656121
GABPB2,0.0025981450115061065
FAHD1,0.0006941505399307852
NOM1,-0.003923554992609163
CRIP2,0.004762269991914053
KLHL41,-0.0033685970639457407
ESR2,0.0007591406469999107
FES,0.0006326769614802529
ADCY5,0.0058726712969245365
CSPG5,-0.007153645712329053
FRG2C,-0.012580208990493023
SUSD5,-0.005403351494455565
LHX2,0.0020367746155697535
LYPLA1,0.007912225881821637
GALNT5,-0.0056382538223331705
SERPINF2,-0.004099760807149573
SLC50A1,0.0004701284900778503
CDKN2AIPNL,-0.001018208187493841
TCF12,0.00925568974673117
RTCB,0.007954892081346454
IGLV8-61,-0.0010118587738226058
GABRG1,0.00556862032863296
EAPP,0.002720319124093652
EFR3B,0.009164889011128515
TTPAL,-0.003565769334090987
TRIM74,-0.011319879697205817
DHRS3,0.002368772611468484
NFIL3,-0.004025640860223454
PRAMEF27,-0.0028285334240342763
UCK1,0.00045720961173228964
CYP4F22,-0.0024280225340626415
KCNH4,-0.003488364931058826
UBTD2,0.003701197147013274
MCM7,0.005319542735139609
PSMD7,0.009990297422428606
SORCS3,0.00415535584971614
EFHD1,0.0008172595850549952
POLE3,0.002185111824294117
KCNIP2,0.0041211367438919256
ECM1,-0.006206130501915662
SMIM30,-0.0033490092192417294
TNFSF10,-0.0012175417739309262
NDUFS4,0.0065305388877232515
SETDB2,-0.003229260858016506
ALX4,-0.0066952957031556695
ITCH,0.011553107654135199
PPP1R15B,-0.007867469344316164
DAND5,-0.011229575681898215
POMC,-0.005418286623110621
PRSS58,-0.0015357728897397434
SRP14,0.007503819112636395
OR10P1,-0.0023996761040478275
SCN1A,0.032722529795288495
PFDN2,0.0064863226626149335
ACP2,-0.002804438202426131
FUT7,-0.005307266467780334
OR6Q1,-0.002213453091555268
PCK2,0.000834768574641772
DDX25,0.0028509232805306226
AKR7L,-0.0022811896953377373
LRRC70,-0.010300789536901906
ATPAF2,0.0007654779450424674
EMP3,0.004522649506121774
ESCO1,0.001339122629559194
CFC1,-0.01119728312462664
ABI3,-0.0006216649289034318
FAM13A,0.004993098990075691
LIME1,-0.008361369665969504
NLE1,0.0003874763607345739
CDC25A,-0.006944545726204947
SLC25A48,0.0023240415174919614
NSUN2,0.0036423018573706074
TWF1,0.0022869704844375905
AMOTL1,0.0016231534758102753
ACAD10,-0.0005736045417675579
GNA13,0.005368284281391379
COA4,-0.0009659559943633305
BDH1,0.004914241309793514
GP9,-0.006931798901463514
ART3,-0.005830694010485735
MEFV,-0.011567617285334767
ODC1,0.005463151315520009
VPS50,0.010181249222918298
SND1,0.012343664643644725
PDZD8,0.0005382130343078672
CSHL1,-0.004537752635821382
KRTAP3-3,-0.0012041163865236639
BMP10,-0.004193206074552732
CEP19,-0.004632143815062911
NR4A1,0.0004850699666526048
PPP1R36,-0.00622472605119247
SALL3,-0.0046190860826525225
PDE8B,0.007552594470194432
SSX2IP,0.001901563614584654
ELAVL3,0.0100103064118393
CD7,-0.005588049033854158
GLRA1,0.00276180781606178
TRIM49D1,-0.006395423906004162
ADAM10,0.009984447385214269
CYBC1,-0.0024053343309801984
ATP10D,0.006182326356360082
SLC24A1,-0.007232471884896226
MRPL19,0.001784128568371364
RHBDD1,0.0013879839116999132
RNF168,-0.003155519023944697
PTCD1,-0.005447782493715061
PTPN2,0.007604775427642101
NR2C2,0.005551244155426627
UPF1,0.004099098709262953
SLC35A1,0.005933591725900344
FAM186B,-0.012410382507178297
CRIPT,0.002137343753853866
E2F5,-0.0009871893372973256
TPH1,0.0015909373793737403
PGPEP1L,-0.004637928328163748
TTLL10,-0.008875081338578353
TTK,-0.006997081039287993
USF1,-9.698292863788304e-05
GPAT3,0.003692579506935098
ZNF222,-0.0072000568440267676
CRYZ,0.001626527701101507
FEZ1,0.004524413122103887
HDAC5,0.003224317427321066
MISP,-0.007814986364898387
DFFA,-0.005334001168028151
GTF2IRD2,-0.003242156179243274
HOXC13,-0.002224465420715445
MYL7,0.005669157353541763
HCRTR1,-0.0034427867963346616
COX15,-0.0008321235643176994
PDCL3,0.003941157966257342
SRPK2,0.013140756471808101
TMEM267,-6.689933108042208e-05
MAF1,0.003259181835601046
NDRG1,0.004952362228663652
HPGDS,7.037315573069356e-05
MICU2,0.007906997298256287
BIN1,0.007943031655970977
ANG,-0.0032237501400959167
CLPS,-0.0026580758805729485
GCGR,-0.003981554059930608
PIK3CA,0.010251508367518654
OLFML2A,-0.00517282321492637
GCLC,0.006090824652408462
OR4C13,0.0017522847810287892
PLA2G2D,-0.0053265824822208326
AGAP6,-0.003891924501118237
TSR3,-0.0041887517504754284
UFC1,0.008144682935260732
ZNF93,-0.0038906220477808433
ZFP42,-0.010658717914190157
COQ2,-0.0014104973197202077
CREB3,-0.008080029863233229
E2F8,-0.007782106088733522
EVX2,-0.005386755600906731
ADAMTS4,-0.0026220557673738176
DEPDC7,-0.004586751924538537
GTSF1L,-0.0030051123700345346
OPA3,-0.0014437874400562815
PDLIM5,0.00558832843825888
LPAR2,-0.002249049051187221
KRTAP4-2,0.003166803908910644
DDX59,-0.0031529478815591227
GATC,-0.004527886541211349
RNF41,-5.681389871639185e-05
POP5,-0.0026467257511364217
CXCL10,-0.0037828364407956395
TRIP11,0.01812688165479374
MYH15,0.021329959452354465
SYCP1,-0.005782398362960436
FHL5,-0.0001571792234214232
TMEM204,-0.003843412102568017
MPZL3,-0.005739478760311555
PTCRA,-0.00984788577726703
CKMT1B,0.0060503476639510645
CCDC71,-0.011186972836361636
ONECUT1,0.0017029636822772642
CRB2,-0.007226948023510406
WNT7A,0.0009609459857470521
THSD1,-0.009905570886370577
PROP1,-0.008684142397952862
PTPRC,-0.00032851383186585154
TAGLN,0.003833887324988013
CCNJ,-0.005737616682937416
MPG,-0.0020461978931085954
OSBP,0.00405082021676819
RBM45,0.0007552024530139209
LARP1,0.00712791487867312
PTS,0.006557168643202735
SUDS3,0.004785317937052933
ADORA1,0.002156294826742167
GGA2,0.0037867275781489525
PIGO,-0.007181376357255091
IL1R2,-0.003295753342284633
AKIRIN1,0.001431306995806495
CENPA,-0.003972663637554444
RUNX3,-4.956344292334775e-06
SCG3,-0.002387254919392638
CD200R1,-0.007987358253730913
CFAP69,0.0011744134575410942
VSTM4,-0.005167269554079747
CTDSPL,0.010318179865867912
AP1B1,0.008363363223980692
BLOC1S6,0.0024537870234006606
MTURN,0.006105992841508316
PI4K2B,-0.00022492607472260673
SCGB1D4,-0.004259649058961756
TEX2,0.0011829044063537502
PLPP4,0.004237616659096796
CHRM1,-0.003150699207365925
CACNG6,-0.0071502061351874785
KIAA1755,-0.007978398725655146
POU6F2,0.003054324504180098
RABEP2,-0.005967316407241034
CCNB2,0.0018022889257039733
SOX11,-0.0033733782894366043
SHCBP1L,-0.0056132914863664405
NUDT2,-0.0007264124578073827
