,gene_symbol,UMAP 0,UMAP 1
0,A1BG,9.738709,6.8928914
1,A1CF,6.962493,2.9300506
2,A2M,12.346518,-1.4119006
3,A2ML1,12.341174,-1.4151949
4,A3GALT2,14.145397,0.12554027
5,A4GALT,14.191252,0.15294972
6,A4GNT,14.129091,0.08189069
7,AAAS,12.486549,5.1413317
8,AACS,13.516373,1.5122738
9,AADAC,13.293134,0.5186525
10,AADACL2,13.281113,0.50857824
11,AADACL3,12.972341,0.97405213
12,AADACL4,12.938587,0.9355613
13,AADAT,13.350802,1.5984944
14,AAGAB,11.086289,1.7654314
15,AAMDC,12.659708,2.7992275
16,AAMP,12.46166,5.0618434
17,AANAT,11.981125,2.2590346
18,AAR2,11.238291,1.6428205
19,AARD,10.134456,3.4273658
20,AARS2,11.946194,0.9185318
21,AARSD1,12.350712,1.9600716
22,AASDH,11.334639,1.1891677
23,AASDHPPT,11.749657,2.2325425
24,AASS,13.421655,1.646605
25,AATF,11.257303,3.2314456
26,AATK,8.685682,1.5318215
27,ABAT,13.505368,1.614555
28,ABCA1,11.430905,-2.7583694
29,ABCA10,11.416958,-3.1213021
30,ABCA12,11.356543,-2.826392
31,ABCA2,11.357821,-2.6872938
32,ABCA3,11.399838,-3.070911
33,ABCA4,11.360164,-2.8638663
34,ABCA5,11.392821,-3.0988965
35,ABCA6,11.453557,-3.093512
36,ABCA7,11.334128,-2.8150938
37,ABCA8,11.433798,-3.113209
38,ABCA9,11.450755,-3.0905952
39,ABCB1,11.381719,-3.0545394
40,ABCB10,11.12768,-2.2854302
41,ABCB11,11.395957,-3.0110133
42,ABCB4,11.385374,-3.0322366
43,ABCB5,11.413182,-3.0425246
44,ABCB6,11.035289,-2.401438
45,ABCB8,11.0842705,-2.302208
46,ABCB9,11.015111,-2.4525347
47,ABCC1,11.387883,-3.057117
48,ABCC10,11.207675,-2.6068122
49,ABCC11,11.392615,-3.063224
50,ABCC12,11.390519,-3.0208256
51,ABCC2,11.429158,-3.070876
52,ABCC3,11.39476,-3.0465465
53,ABCC4,11.355873,-3.0761766
54,ABCC5,11.373968,-3.0576282
55,ABCC6,11.401297,-3.0352108
56,ABCC8,11.312999,-3.0031416
57,ABCC9,11.415629,-3.0347428
58,ABCD2,11.304334,-2.7548833
59,ABCD3,11.21543,-2.6727803
60,ABCD4,10.848766,-2.6307516
61,ABCE1,11.566531,1.9441768
62,ABCF1,11.183168,3.030877
63,ABCF2,11.531382,1.8825179
64,ABCF3,11.60689,1.8194969
65,ABCG1,10.806756,-3.0833967
66,ABCG2,10.857765,-3.0295923
67,ABCG4,10.886265,-2.9568088
68,ABCG5,10.867385,-2.9673297
69,ABCG8,11.027842,-2.94322
70,ABHD1,12.841198,1.0014704
71,ABHD10,12.855015,2.6415708
72,ABHD11,12.897116,1.9722171
73,ABHD12,12.6485815,1.3864398
74,ABHD12B,12.606247,1.5283954
75,ABHD13,12.368425,1.0877501
76,ABHD14A,13.5379095,0.30529246
77,ABHD14B,12.623337,2.1175983
78,ABHD15,12.354933,1.0335894
79,ABHD16A,12.608881,1.086769
80,ABHD16B,12.838181,0.78866065
81,ABHD17A,10.645661,2.0040367
82,ABHD17B,12.132977,1.1469388
83,ABHD17C,10.58111,2.0254214
84,ABHD18,12.131114,1.1604751
85,ABHD2,12.896131,0.96702695
86,ABHD3,12.564254,1.1397095
87,ABHD4,12.608841,1.1716623
88,ABHD5,12.649975,1.0673877
89,ABHD6,12.749539,1.0936574
90,ABHD8,10.09701,1.9366782
91,ABI1,8.386467,1.7112012
92,ABI2,8.263858,1.8103881
93,ABI3,8.497883,1.5903747
94,ABI3BP,13.323809,-1.4017346
95,ABITRAM,11.856229,2.5055313
96,ABL1,8.715263,1.532874
97,ABL2,8.783358,1.5179136
98,ABLIM1,8.7648115,1.0635825
99,ABLIM2,8.917557,1.0929974
100,ABLIM3,8.879119,1.117465
101,ABO,14.16618,0.14882272
102,ABR,9.480327,0.75233555
103,ABRA,9.347516,3.2500293
104,ABRACL,11.972371,3.5906038
105,ABRAXAS1,10.158675,2.419127
106,ABRAXAS2,10.266912,2.2819078
107,ABT1,11.740128,2.8990598
108,ABTB1,11.234928,1.3997917
109,ABTB2,9.958157,0.8712889
110,ACAA1,13.602209,1.9612896
111,ACAA2,13.720176,2.0341039
112,ACACA,9.595168,-0.34459558
113,ACACB,13.481367,1.5281926
114,ACAD10,12.993817,1.5823162
115,ACAD11,13.00001,1.5331256
116,ACAD8,13.677315,1.9831301
117,ACAD9,13.702828,1.95614
118,ACADL,13.701252,1.9917707
119,ACADM,13.858692,2.1258817
120,ACADS,13.680846,2.0121129
121,ACADSB,13.800232,2.0050237
122,ACADVL,13.746161,2.0021832
123,ACAN,13.156615,-1.469485
124,ACAP1,9.504448,0.93735904
125,ACAP2,9.590435,0.9180103
126,ACAP3,9.509115,1.0214623
127,ACAT1,13.718453,2.093015
128,ACAT2,13.568039,2.0413105
129,ACBD3,10.698584,3.2510018
130,ACBD4,9.699261,3.1762526
131,ACBD5,10.131048,1.7754366
132,ACBD6,11.04876,3.161811
133,ACBD7,11.774206,3.3234491
134,ACCS,12.862112,1.3425477
135,ACCSL,13.283378,1.4941343
136,ACD,9.7474,3.4859588
137,ACE,13.211861,0.18337068
138,ACER1,9.421637,-3.375084
139,ACER2,9.46108,-3.3610156
140,ACER3,9.480477,-3.3456533
141,ACHE,13.373795,0.2988644
142,ACIN1,7.1527143,1.8280741
143,ACKR1,0.31119606,-2.4699984
144,ACKR2,0.17830561,-2.3924227
145,ACKR3,0.38378492,-2.379685
146,ACKR4,0.14551513,-2.3495555
147,ACLY,13.655284,1.811613
148,ACMSD,13.431623,1.7026935
149,ACO1,13.583865,1.7218397
150,ACO2,13.768657,1.9295251
151,ACOD1,13.068864,1.710279
152,ACOT1,12.929038,1.3089674
153,ACOT11,12.87329,1.5711122
154,ACOT12,13.299778,1.6073581
155,ACOT13,12.912088,2.3061218
156,ACOT2,12.968499,1.3072289
157,ACOT4,12.940264,1.3452599
158,ACOT6,13.012381,1.3511602
159,ACOT7,13.3750725,2.0951464
160,ACOT8,12.21498,2.1001017
161,ACOX1,13.4527445,1.4921298
162,ACOX2,13.43988,1.612517
163,ACOX3,13.500722,1.6076369
164,ACOXL,13.492603,1.6470628
165,ACP1,11.86678,2.6606002
166,ACP2,13.257895,-0.010653263
167,ACP4,13.409712,-0.0324557
168,ACP5,13.471169,-0.13875596
169,ACP6,12.978743,0.9883162
170,ACP7,13.38528,-0.21117976
171,ACR,13.88642,-3.0009367
172,ACRBP,13.909548,-1.2938466
173,ACRV1,8.842488,4.165753
174,ACSBG1,13.576122,1.5784789
175,ACSBG2,13.642805,1.5433455
176,ACSF2,13.61514,1.6011102
177,ACSF3,12.948324,1.8003935
178,ACSL1,13.591189,1.4317685
179,ACSL3,13.608508,1.5124941
180,ACSL5,13.6109295,1.480307
181,ACSL6,13.5520735,1.4918706
182,ACSM1,13.879049,1.5234827
183,ACSM2A,13.877031,1.5573993
184,ACSM2B,13.877084,1.5667995
185,ACSM3,13.886685,1.5218369
186,ACSM4,13.863624,1.5275173
187,ACSM5,13.821641,1.5649762
188,ACSM6,13.901949,1.5009761
189,ACSS1,13.5513735,1.5170331
190,ACSS2,13.607357,1.548204
191,ACSS3,13.645671,1.5985155
192,ACTA1,15.266424,2.7406585
193,ACTA2,15.265663,2.7372022
194,ACTB,15.238893,2.7290988
195,ACTBL2,15.221769,2.6979508
196,ACTC1,15.271763,2.738188
197,ACTG1,15.175424,2.7087772
198,ACTG2,15.265232,2.7372305
199,ACTL10,14.838455,2.5038855
200,ACTL6A,12.047916,1.4449992
201,ACTL6B,12.101616,1.3948135
202,ACTL7A,14.910171,2.5352519
203,ACTL7B,14.937873,2.5480886
204,ACTL8,14.931938,2.5457947
205,ACTL9,14.932445,2.5444639
206,ACTN1,9.151903,-0.777847
207,ACTN2,9.193508,-0.75395167
208,ACTN3,9.160373,-0.78613776
209,ACTN4,9.173588,-0.76186407
210,ACTR10,12.082151,1.4322562
211,ACTR1A,12.140034,1.4314237
212,ACTR1B,12.093621,1.4981611
213,ACTR2,12.145822,1.419404
214,ACTR3,12.048471,1.4772078
215,ACTR3B,12.220121,1.4810162
216,ACTR3C,12.27216,1.5289979
217,ACTR5,11.754019,1.6506897
218,ACTR6,12.100843,1.4372455
219,ACTR8,11.880349,1.551699
220,ACTRT2,14.929799,2.5391223
221,ACTRT3,14.911407,2.544715
222,ACVR1,13.547362,6.9109564
223,ACVR1B,13.55921,6.9035254
224,ACVR1C,13.59856,6.8493414
225,ACVR2A,13.553567,6.905041
226,ACVR2B,13.610127,6.844518
227,ACVRL1,13.567848,6.8850126
228,ACY1,13.096629,1.7070892
229,ACY3,12.806668,1.7730587
230,ACYP1,12.303893,2.7819118
231,ACYP2,12.494055,2.6496549
232,ADA,13.279817,1.9250559
233,ADA2,13.31594,-0.014353119
234,ADAD1,10.993152,1.8980885
235,ADAD2,9.579841,2.1508594
236,ADAL,12.349342,2.0680606
237,ADAM10,12.965312,-1.3687177
238,ADAM11,13.027866,-1.7250862
239,ADAM12,13.139493,-1.7978878
240,ADAM15,13.111539,-1.7942277
241,ADAM17,13.028152,-1.4119447
242,ADAM18,13.017506,-1.8031621
243,ADAM19,13.080531,-1.7819486
244,ADAM2,13.01755,-1.8175244
245,ADAM20,13.013827,-1.8173968
246,ADAM21,13.017999,-1.8265803
247,ADAM22,12.89811,-1.6147431
248,ADAM23,12.971899,-1.6280098
249,ADAM28,13.053333,-1.7455729
250,ADAM29,13.010034,-1.862635
251,ADAM30,13.036224,-1.8336303
252,ADAM32,12.986547,-1.7655375
253,ADAM33,13.089495,-1.7535788
254,ADAM7,12.991534,-1.7620891
255,ADAM8,13.05014,-1.7658701
256,ADAM9,13.063862,-1.74106
257,ADAMDEC1,13.11926,-1.5945151
258,ADAMTS1,13.2218075,-1.7443902
259,ADAMTS10,13.10443,-1.8107889
260,ADAMTS12,13.100966,-1.8853502
261,ADAMTS13,13.093924,-1.7998139
262,ADAMTS14,13.082482,-1.867665
263,ADAMTS15,13.157229,-1.7629659
264,ADAMTS16,13.13269,-1.8486946
265,ADAMTS17,13.16628,-1.8176495
266,ADAMTS18,13.133846,-1.8540895
267,ADAMTS19,13.192428,-1.8453916
268,ADAMTS2,13.122105,-1.8090141
269,ADAMTS20,13.126245,-1.9612478
270,ADAMTS3,13.162508,-1.7852769
271,ADAMTS4,13.350231,-1.5430838
272,ADAMTS5,13.236146,-1.7205907
273,ADAMTS6,13.1577425,-1.884941
274,ADAMTS7,13.073014,-1.8958688
275,ADAMTS8,13.190906,-1.7765201
276,ADAMTS9,13.105377,-1.9352212
277,ADAMTSL1,13.13678,-1.9588661
278,ADAMTSL2,13.208823,-1.8365997
279,ADAMTSL3,13.120236,-1.9211868
280,ADAMTSL4,13.274569,-1.8155105
281,ADAMTSL5,13.531713,-1.4843163
282,ADAP1,10.170036,1.281278
283,ADAP2,9.9456005,1.2943949
284,ADAR,9.810939,1.9520128
285,ADARB1,10.011331,1.9824919
286,ADARB2,10.355071,1.9673555
287,ADAT1,11.421244,2.1117249
288,ADAT2,12.138814,2.2268202
289,ADAT3,12.096132,1.9407203
290,ADCK1,12.418415,1.6574893
291,ADCK2,12.342613,1.7275956
292,ADCK5,12.461247,1.6482718
293,ADCY10,9.84693,0.2582761
294,ADCY2,10.988903,-2.4274158
295,ADCY3,11.055093,-2.4309878
296,ADCY4,11.04715,-2.4164126
297,ADCY5,10.989988,-2.410515
298,ADCY6,11.010743,-2.3781264
299,ADCY7,11.02534,-2.412138
300,ADCY8,10.995712,-2.4094794
301,ADCY9,10.964468,-2.443714
302,ADCYAP1,15.478887,-1.9938326
303,ADCYAP1R1,11.069507,-3.1953156
304,ADD1,9.378122,1.0096726
305,ADD2,9.556274,0.9793935
306,ADD3,9.508215,1.018459
307,ADGB,8.083292,0.86286426
308,ADGRA1,10.284053,-1.9693506
309,ADGRA2,12.008275,-2.2386732
310,ADGRA3,12.058352,-2.2562468
311,ADGRB1,11.450361,-2.3884037
312,ADGRB2,11.463765,-2.4697316
313,ADGRB3,11.546857,-2.3121133
314,ADGRD1,11.120906,-3.0887778
315,ADGRD2,11.174763,-2.9725323
316,ADGRE1,11.189687,-3.0717845
317,ADGRE2,11.17452,-3.0548215
318,ADGRE3,11.179995,-3.0571332
319,ADGRE5,11.205948,-3.0487974
320,ADGRF1,11.166218,-3.098954
321,ADGRF3,11.2387,-2.9434016
322,ADGRF4,11.181027,-3.0382717
323,ADGRF5,11.217914,-3.0931325
324,ADGRG1,11.139479,-3.048794
325,ADGRG3,11.071683,-3.0000079
326,ADGRG5,11.160129,-2.99102
327,ADGRG6,11.172415,-3.0667346
328,ADGRG7,11.221114,-3.1150074
329,ADGRL1,11.452536,-2.4043298
330,ADGRL2,11.484028,-2.3991606
331,ADGRL4,11.190946,-3.0910463
332,ADH1A,13.979923,1.6668684
333,ADH1B,13.978495,1.6793593
334,ADH1C,14.003602,1.667202
335,ADH4,13.990061,1.6789088
336,ADH5,14.029093,1.666908
337,ADH6,13.904001,1.6689295
338,ADH7,14.020146,1.6884137
339,ADHFE1,13.655965,1.9162806
340,ADI1,12.604663,2.130537
341,ADIG,9.95265,4.8412204
342,ADIPOQ,15.7432575,-1.0412573
343,ADIPOR1,9.573932,-3.3362174
344,ADIPOR2,9.531817,-3.3326893
345,ADIRF,10.3354025,4.218357
346,ADK,12.743736,1.7815299
347,ADM,15.004226,-1.7598773
348,ADM2,15.29262,-1.8720515
349,ADM5,14.5313835,-1.8682728
350,ADNP,6.4855905,2.738197
351,ADNP2,6.523635,2.733055
352,ADO,11.819903,2.4535456
353,ADORA1,0.5777551,-2.351564
354,ADORA2A,0.59005153,-2.43228
355,ADORA2B,0.54845,-2.3621483
356,ADORA3,0.5659814,-2.3350217
357,ADPGK,12.782895,0.99287844
358,ADPRH,12.087075,1.262059
359,ADPRHL1,8.701208,1.838895
360,ADPRM,12.240271,1.9791892
361,ADRA1A,0.70939565,-2.3630602
362,ADRA1B,0.6830627,-2.2735097
363,ADRA1D,0.67545724,-2.3191211
364,ADRA2A,0.7375829,-2.238351
365,ADRA2B,0.7176572,-2.223284
366,ADRA2C,0.7350156,-2.357555
367,ADRB1,0.6182752,-2.4390004
368,ADRB2,0.54967535,-2.3178754
369,ADRB3,0.6430322,-2.4901564
370,ADRM1,10.345874,2.7333846
371,ADSL,13.512779,1.9201937
372,ADTRP,9.456045,-3.3934944
373,AEBP1,13.554346,-0.98257524
374,AEBP2,9.623169,2.3806424
375,AEN,11.444509,2.317757
376,AFAP1,9.168349,1.2509682
377,AFAP1L1,9.34015,1.3220164
378,AFAP1L2,9.332893,1.2585577
379,AFDN,8.834958,0.837553
380,AFF1,8.194754,2.191198
381,AFF3,8.109277,2.1232939
382,AFF4,8.061172,2.1892302
383,AFG1L,12.730233,2.3524418
384,AFG3L2,11.859458,1.3720143
385,AFM,13.713017,-1.036124
386,AFMID,12.828777,1.791936
387,AFP,13.69999,-1.0765305
388,AFTPH,8.677983,2.070178
389,AGA,13.386254,0.11875167
390,AGAP1,8.983324,0.9512517
391,AGAP2,9.3784,1.8019453
392,AGAP3,8.950634,1.0351094
393,AGAP4,9.844311,1.2593653
394,AGAP5,9.86309,1.2738374
395,AGAP6,9.835811,1.2579073
396,AGAP9,9.967208,1.3332151
397,AGBL2,9.736018,1.6837047
398,AGBL3,9.483043,1.6868396
399,AGBL4,10.326127,1.0003614
400,AGBL5,9.847612,1.7012348
401,AGER,9.966476,6.7542486
402,AGFG1,7.9727345,2.4147327
403,AGFG2,8.013449,2.4081776
404,AGGF1,10.308098,2.5926657
405,AGK,12.438753,1.5302855
406,AGL,10.287484,0.12116771
407,AGMAT,13.20869,1.9066343
408,AGMO,9.823465,-3.16541
409,AGO4,10.603467,0.9902275
410,AGPAT1,12.947465,0.9842126
411,AGPAT2,13.0652,0.99069065
412,AGPAT3,12.772936,0.9752176
413,AGPAT4,12.782626,0.93596834
414,AGPAT5,12.647861,1.0152435
415,AGPS,12.749444,1.4268085
416,AGR2,12.87424,-0.091030985
417,AGR3,12.911594,-0.10208153
418,AGRN,12.638692,-2.218465
419,AGRP,15.347928,-1.9394265
420,AGT,14.071908,-6.3725443
421,AGTPBP1,9.9982395,1.0229604
422,AGTR1,0.14246316,-2.324892
423,AGTRAP,8.788068,-2.9018216
424,AGXT,13.520283,1.5717629
425,AGXT2,13.543912,1.649303
426,AHCTF1,9.425394,0.023846956
427,AHCY,13.715683,2.1855721
428,AHCYL1,13.615041,1.9551346
429,AHCYL2,13.375382,1.8286678
430,AHDC1,7.9175515,2.3322098
431,AHI1,9.220542,1.4161024
432,AHR,8.057007,2.6643052
433,AHRR,8.921542,2.4061506
434,AHSA1,11.481503,2.761587
435,AHSG,13.841958,-1.1750191
436,AHSP,10.154661,3.8038926
437,AICDA,15.546455,1.7841816
438,AIDA,11.155606,2.3608363
439,AIF1,5.426406,-0.3522693
440,AIF1L,5.3972154,-0.33114854
441,AIFM2,13.023689,1.6149837
442,AIFM3,13.227511,1.7401901
443,AIG1,9.44061,-3.3410923
444,AIM2,11.064909,1.1065956
445,AIMP1,11.09449,3.1774778
446,AIMP2,11.843933,2.3840165
447,AIP,10.897662,1.4553928
448,AIPL1,10.770721,0.7877145
449,AIRE,9.538798,2.762245
450,AJAP1,9.789625,4.655918
451,AJM1,8.784677,2.8236816
452,AJUBA,9.521582,2.6125133
453,AK1,12.283279,2.1487756
454,AK2,12.6017275,2.305834
455,AK3,12.582157,2.2591271
456,AK4,12.585334,2.2347827
457,AK5,11.154927,1.686415
458,AK6,12.27091,2.1584437
459,AK7,8.342879,0.98578405
460,AK8,10.692316,1.5500389
461,AK9,8.24388,0.8331498
462,AKAIN1,9.68329,3.7834895
463,AKAP1,8.941434,1.9641289
464,AKAP10,10.098464,1.2115147
465,AKAP11,8.302397,1.9283564
466,AKAP12,9.353452,3.7553473
467,AKAP3,8.587089,2.7162085
468,AKAP5,9.352244,3.7859766
469,AKAP7,10.54586,2.610147
470,AKAP8,7.7999854,2.1228352
471,AKAP8L,7.871057,2.1054924
472,AKIP1,9.897235,4.2046494
473,AKIRIN1,10.372818,3.0675285
474,AKIRIN2,10.116001,2.8743112
475,AKNA,8.477631,2.5887604
476,AKNAD1,8.573413,2.0715096
477,AKR1A1,14.103798,1.4131247
478,AKR1B1,14.160742,1.3794442
479,AKR1B10,14.189664,1.3819691
480,AKR1B15,14.179066,1.3786598
481,AKR1C1,14.096122,1.4055547
482,AKR1C2,14.149165,1.3362799
483,AKR1C3,14.189534,1.3902749
484,AKR1C4,14.229728,1.4037904
485,AKR1D1,14.054296,1.3040429
486,AKR1E2,14.150327,1.3667552
487,AKR7A2,13.097537,1.7986996
488,AKR7A3,13.207805,1.657999
489,AKR7L,13.083856,1.5430918
490,AKT1,13.017036,7.5200047
491,AKT1S1,9.783774,3.4776132
492,AKT2,12.902953,7.564026
493,AKT3,12.957622,7.5803676
494,AKTIP,11.284466,-0.5689082
495,ALAD,13.023957,1.8387754
496,ALAS1,13.515485,1.7486595
497,ALB,13.694714,-1.042866
498,ALCAM,12.152514,-1.7010602
499,ALDH16A1,11.6436615,0.71116364
500,ALDH18A1,13.17126,1.8745672
501,ALDH1A1,13.793298,1.833546
502,ALDH1A2,13.700801,1.8525217
503,ALDH1A3,13.788676,1.8927509
504,ALDH1B1,13.794327,1.9351023
505,ALDH1L1,13.632733,1.7729944
506,ALDH1L2,13.67301,1.6753888
507,ALDH2,13.781879,1.9059383
508,ALDH3A1,13.672122,1.6927112
509,ALDH3A2,13.609344,1.6958463
510,ALDH3B1,13.421134,1.6472685
511,ALDH3B2,13.45321,1.6361436
512,ALDH4A1,13.771398,1.860343
513,ALDH5A1,13.754669,1.90984
514,ALDH6A1,13.721234,1.8404006
515,ALDH7A1,13.72562,1.8675727
516,ALDH8A1,13.704734,1.8541498
517,ALDH9A1,13.707034,1.8787521
518,ALDOA,13.752421,2.2747974
519,ALDOB,13.635318,1.6976981
520,ALDOC,13.793523,2.2227592
521,ALG1,12.600064,1.3779949
522,ALG10,9.88729,-3.0434897
523,ALG10B,9.80957,-3.0812986
524,ALG11,12.460981,1.3747959
525,ALG12,9.869438,-2.9662778
526,ALG14,12.614749,1.3887749
527,ALG1L2,12.1848345,2.1117764
528,ALG2,12.181283,1.6581662
529,ALG3,9.80176,-3.1642125
530,ALG5,12.575337,2.1670883
531,ALG6,9.949891,-3.0727916
532,ALG8,9.945871,-3.0384076
533,ALG9,10.089409,-2.9698412
534,ALK,13.68077,6.749947
535,ALKAL1,14.393651,-1.605
536,ALKAL2,14.248354,-1.3551769
537,ALKBH1,11.907165,1.8321824
538,ALKBH2,12.398856,2.349198
539,ALKBH3,12.245341,1.9440591
540,ALKBH4,12.20908,2.1511142
541,ALKBH5,10.28426,2.59277
542,ALKBH6,10.7517605,2.3167589
543,ALKBH7,12.812885,2.7916486
544,ALKBH8,11.698644,1.8144249
545,ALLC,12.300459,2.1417387
546,ALOX12,12.640823,0.5718437
547,ALOX12B,12.66809,0.48611712
548,ALOX15,12.6689,0.58399236
549,ALOX15B,12.712902,0.56846315
550,ALOX5,12.705052,0.5297651
551,ALOX5AP,9.533975,-3.1312582
552,ALOXE3,12.65733,0.58465934
553,ALPG,13.383565,-0.106465064
554,ALPI,13.403293,-0.057827663
555,ALPK1,8.908601,1.4693434
556,ALPK2,8.576226,1.9873784
557,ALPK3,8.985448,2.4522815
558,ALPL,13.410786,-0.11862113
559,ALPP,13.375445,-0.2335392
560,ALS2,10.01576,0.60421765
561,ALS2CL,9.920809,0.79281133
562,ALX1,6.7749605,4.5293508
563,ALX3,6.8016877,4.6576924
564,ALX4,6.7244306,4.6206374
565,ALYREF,6.943532,2.2861147
566,AMACR,13.02885,1.6643293
567,AMBN,8.832414,4.425629
568,AMBP,7.7098236,-1.940063
569,AMBRA1,9.312348,1.4144303
570,AMD1,12.048397,2.148775
571,AMDHD1,13.182892,1.9044329
572,AMDHD2,13.045788,1.9405234
573,AMER2,9.143751,3.2245486
574,AMER3,8.5701065,2.764045
575,AMFR,10.035363,-2.2886505
576,AMH,14.345577,-1.0022132
577,AMHR2,10.202214,6.196941
578,AMIGO1,15.773367,4.3954425
579,AMIGO2,15.717499,4.4385886
580,AMIGO3,15.706639,4.4543753
581,AMMECR1L,10.459884,2.0081
582,AMN,13.245667,-1.1488069
583,AMN1,15.31604,4.484751
584,AMOTL1,8.4014845,0.8757531
585,AMOTL2,7.978117,0.6164871
586,AMPD1,12.262554,0.90389013
587,AMPD2,12.133686,0.90316826
588,AMPD3,12.262269,0.9547029
589,AMPH,9.235351,0.9922422
590,AMT,13.162746,1.8628733
591,AMTN,8.899794,4.6789327
592,AMY1A,13.464512,-0.5290951
593,AMY1B,13.400404,-0.57510734
594,AMY1C,13.492092,-0.56264156
595,AMY2A,13.487973,-0.5949849
596,AMY2B,13.450493,-0.56682
597,AMZ1,11.314616,1.8821132
598,AMZ2,11.444107,1.8152477
599,ANAPC1,9.784557,-0.2918443
600,ANAPC10,11.778258,2.3266966
601,ANAPC11,12.095163,3.599012
602,ANAPC13,9.950059,3.9163663
603,ANAPC15,10.700907,3.6106942
604,ANAPC16,10.754984,3.033609
605,ANAPC2,10.658281,0.7232146
606,ANAPC4,10.914209,0.69822955
607,ANAPC5,10.973279,0.018399589
608,ANAPC7,11.059612,0.06651685
609,ANG,14.9833145,-1.4437455
610,ANGEL1,11.580384,1.5162944
611,ANGEL2,10.98104,1.6307775
612,ANGPT1,14.340072,-1.003887
613,ANGPT2,14.35714,-1.0145994
614,ANGPT4,14.317959,-0.98633784
615,ANGPTL1,14.359776,-1.0322095
616,ANGPTL2,14.239184,-0.9751582
617,ANGPTL3,14.301303,-1.0625242
618,ANGPTL4,14.3813,-0.9531087
619,ANGPTL5,14.334727,-1.0517333
620,ANGPTL6,14.267357,-0.97301286
621,ANGPTL7,14.306086,-1.0370387
622,ANGPTL8,10.785139,5.047018
623,ANHX,9.1184225,3.710952
624,ANK1,9.770152,-0.5627031
625,ANKAR,9.994927,0.22467785
626,ANKDD1A,13.79995,5.3361893
627,ANKDD1B,13.782933,5.327248
628,ANKEF1,13.713942,5.2536445
629,ANKFN1,9.554141,0.6237607
630,ANKFY1,13.77396,5.3084207
631,ANKH,10.166443,-3.2829316
632,ANKHD1,9.374568,-0.059345216
633,ANKIB1,9.569661,1.4019392
634,ANKK1,13.808526,5.3417053
635,ANKLE1,10.123016,2.2183428
636,ANKLE2,9.389206,2.058419
637,ANKMY1,9.891102,1.461001
638,ANKMY2,10.789107,1.0039581
639,ANKRA2,13.771215,5.3099623
640,ANKRD1,13.73386,5.283574
641,ANKRD10,8.191631,3.0343635
642,ANKRD11,7.9172363,1.8999509
643,ANKRD12,7.988416,1.8849243
644,ANKRD13A,9.790462,1.21405
645,ANKRD13B,9.613275,1.2316147
646,ANKRD13C,10.402277,1.8365289
647,ANKRD13D,9.767639,1.1873114
648,ANKRD16,13.803651,5.342972
649,ANKRD17,9.413104,-0.10028211
650,ANKRD18A,6.9293118,-0.065553166
651,ANKRD18B,6.841149,-0.12858912
652,ANKRD2,13.729688,5.2932973
653,ANKRD20A1,6.7812014,-0.17697707
654,ANKRD22,13.788646,5.304552
655,ANKRD23,13.730401,5.284653
656,ANKRD24,7.473505,0.36276886
657,ANKRD26,6.911785,-0.074680135
658,ANKRD27,13.756543,5.297396
659,ANKRD28,13.821935,5.352751
660,ANKRD29,13.796521,5.334779
661,ANKRD30A,6.7159033,-0.22603028
662,ANKRD30B,6.761374,-0.17945324
663,ANKRD30BL,6.6684585,-0.27047023
664,ANKRD31,8.572677,1.9257894
665,ANKRD33,9.487324,3.490725
666,ANKRD33B,9.791756,1.944376
667,ANKRD34A,9.144817,2.3524954
668,ANKRD34B,9.090398,2.2993205
669,ANKRD34C,9.150109,2.3444765
670,ANKRD35,7.4779387,0.3143701
671,ANKRD36,6.7184014,-0.22252534
672,ANKRD36B,6.7398386,-0.20504443
673,ANKRD36C,6.733231,-0.21241544
674,ANKRD37,13.795344,5.329105
675,ANKRD39,13.811899,5.3495784
676,ANKRD40,8.224609,3.025133
677,ANKRD40CL,10.161392,2.9682295
678,ANKRD42,13.783852,5.313051
679,ANKRD44,13.803325,5.335152
680,ANKRD45,10.876301,2.13248
681,ANKRD46,13.780671,5.307223
682,ANKRD49,13.787129,5.323656
683,ANKRD50,13.711904,5.2442417
684,ANKRD52,13.792773,5.329586
685,ANKRD53,13.722455,5.348888
686,ANKRD54,13.721665,5.2527523
687,ANKRD55,13.782849,5.33071
688,ANKRD6,13.724645,5.280677
689,ANKRD60,10.6207905,2.5906012
690,ANKRD61,13.799401,5.341748
691,ANKRD62,6.781966,-0.17705666
692,ANKRD63,9.161279,2.3871365
693,ANKRD65,13.805231,5.338874
694,ANKRD66,13.653988,5.1652164
695,ANKRD7,6.6746345,-0.26385364
696,ANKRD9,10.330101,3.3258748
697,ANKS1A,9.173805,1.0451311
698,ANKS1B,9.04721,1.1379019
699,ANKS3,9.616649,1.240566
700,ANKS4B,9.413583,2.4542625
701,ANKS6,9.037946,1.3110421
702,ANKUB1,9.292314,1.4028049
703,ANKZF1,10.613936,1.688804
704,ANLN,8.925004,2.2813811
705,ANO1,10.692728,-3.0421414
706,ANO10,10.600982,-3.0318356
707,ANO2,10.687904,-3.0168393
708,ANO3,10.726775,-3.0146787
709,ANO4,10.7283125,-2.9714735
710,ANO5,10.659331,-3.0295866
711,ANO6,10.696559,-3.0755045
712,ANO7,10.743608,-2.9803102
713,ANO8,10.75801,-2.3481052
714,ANO9,10.6580305,-3.0329642
715,ANP32A,10.805798,3.7910838
716,ANP32B,10.777846,3.792971
717,ANP32D,15.427635,4.650862
718,ANP32E,10.802813,3.7812183
719,ANPEP,13.107005,0.16304073
720,ANTKMT,12.41241,2.3771484
721,ANTXR1,12.833224,-1.1895709
722,ANTXR2,12.857866,-1.0698285
723,ANTXRL,7.8516765,3.9522717
724,ANXA1,11.06524,-7.424388
725,ANXA10,11.065322,-7.4248667
726,ANXA11,7.82195,2.9262693
727,ANXA13,11.065349,-7.4222245
728,ANXA2,11.065643,-7.422515
729,ANXA2R,9.5413265,3.915729
730,ANXA3,11.065335,-7.4252195
731,ANXA4,11.065284,-7.42514
732,ANXA5,11.065519,-7.425969
733,ANXA6,11.066048,-7.4219337
734,ANXA7,7.811074,2.890307
735,ANXA8,11.065834,-7.4215236
736,ANXA8L1,11.065755,-7.425754
737,ANXA9,11.064636,-7.4214635
738,AOAH,13.260166,-0.0592473
739,AOC1,13.374851,0.10241406
740,AOC2,13.331975,0.124524176
741,AOC3,13.3610735,0.06759843
742,AOPEP,12.215548,0.5621872
743,AOX1,13.604663,1.5981039
744,AP1AR,9.819244,3.3039455
745,AP1B1,10.486956,0.12245505
746,AP1G1,10.518567,0.13425188
747,AP1G2,10.693524,0.3082486
748,AP1M2,11.478352,2.1585796
749,AP1S1,11.901581,3.059117
750,AP1S3,11.902079,3.0014892
751,AP2A1,10.426873,0.14364904
752,AP2A2,10.407586,0.19276695
753,AP2B1,10.538833,0.17508972
754,AP2M1,11.456502,2.3173807
755,AP2S1,11.974121,3.107812
756,AP3B1,10.328827,0.4323405
757,AP3B2,10.332862,0.26594478
758,AP3D1,10.407733,0.35119882
759,AP3M1,11.36065,2.296031
760,AP3M2,11.362581,2.3418086
761,AP3S1,11.91408,3.0044105
762,AP3S2,11.887858,2.965638
763,AP4B1,10.608176,0.3189852
764,AP4E1,10.376344,0.15585358
765,AP4M1,11.482173,2.126218
766,AP4S1,11.8939705,3.050232
767,AP5B1,11.078848,0.61455965
768,AP5M1,11.663142,1.2416391
769,AP5S1,11.658822,2.0853026
770,AP5Z1,10.724722,0.5233837
771,APAF1,12.345099,4.9708147
772,APBA1,9.465062,1.196711
773,APBA2,9.357225,1.1935949
774,APBA3,9.850404,1.4915191
775,APBB1,9.429541,1.5882103
776,APBB1IP,8.537988,1.4876077
777,APBB2,9.028058,1.2088641
778,APBB3,9.73019,1.4982841
779,APC,8.462665,1.5423632
780,APC2,8.536689,1.5423272
781,APCDD1,13.621496,-0.9286029
782,APCDD1L,13.612603,-0.6562303
783,APCS,14.145943,-0.9604754
784,APEH,12.117146,0.81701064
785,APELA,9.835231,4.6832614
786,APEX1,12.312534,2.3420782
787,APH1A,9.344476,-2.884913
788,APH1B,9.244222,-2.7865615
789,API5,10.720537,0.815445
790,APIP,12.650157,2.170969
791,APLF,9.43079,2.3689551
792,APLNR,0.2654488,-2.416714
793,APLP1,12.827537,-0.60254556
794,APLP2,12.852778,-0.65243316
795,APMAP,13.008274,0.77975535
796,APOA1,10.725096,4.9890213
797,APOA2,10.719642,5.305445
798,APOA4,10.738606,4.9638166
799,APOA5,10.733376,4.9488664
800,APOBEC1,15.534084,1.7821299
801,APOBEC2,15.50386,1.7888547
802,APOBEC3A,15.541386,1.7770275
803,APOBEC3B,15.560234,1.784756
804,APOBEC3C,15.553664,1.7846258
805,APOBEC3D,15.552317,1.7779397
806,APOBEC3F,15.551719,1.7845376
807,APOBEC3G,15.561303,1.7848619
808,APOBEC3H,15.549185,1.7900437
809,APOBEC4,9.478819,3.7418704
810,APOBR,8.680175,3.4566584
811,APOC1,10.6697445,5.272544
812,APOC2,10.563313,5.2018785
813,APOC3,10.684495,5.243016
814,APOC4,9.920252,4.524974
815,APOD,7.607591,-1.926465
816,APOE,10.707716,4.8911033
817,APOF,11.909586,0.69485116
818,APOH,10.813313,7.2172446
819,APOL1,11.983741,0.31427324
820,APOL2,12.015674,0.30327666
821,APOL3,12.014267,0.2980869
822,APOL4,12.005226,0.25822213
823,APOL5,12.128964,0.29586005
824,APOL6,12.027473,0.27860138
825,APOLD1,8.738486,-2.630546
826,APOM,7.631785,-1.899844
827,APP,12.883762,-0.6707599
828,APPBP2,11.1348505,0.09146564
829,APPL1,9.505301,0.7765482
830,APPL2,9.515631,0.959913
831,APRT,12.869125,2.350072
832,APTX,12.133383,1.9776571
833,AQP1,6.32307,-2.2622497
834,AQP10,6.3268037,-2.2654798
835,AQP11,9.618424,-3.0521803
836,AQP12A,9.752873,-2.8845553
837,AQP12B,9.743849,-2.8275132
838,AQP2,6.336836,-2.2667704
839,AQP3,6.3330235,-2.2676432
840,AQP4,6.322478,-2.2635632
841,AQP5,6.3225365,-2.263262
842,AQP6,6.3400073,-2.2708433
843,AQP7,6.341239,-2.2770176
844,AQP8,6.322472,-2.2630532
845,AQP9,6.3431215,-2.2735887
846,AQR,10.4796095,0.4019345
847,ARAP1,10.119385,0.6842349
848,ARAP2,9.345526,1.0426621
849,ARAP3,10.142428,0.6221308
850,ARC,9.978894,3.2343419
851,ARCN1,11.056407,2.3747537
852,AREG,10.062657,5.571405
853,AREL1,10.612738,0.65318394
854,ARF1,7.550569,-7.0804286
855,ARF3,7.487384,-7.147199
856,ARF4,7.57442,-7.064151
857,ARF5,7.536097,-7.103503
858,ARF6,7.605803,-7.0316563
859,ARFGAP1,10.119451,2.4663095
860,ARFGAP2,10.080593,2.592965
861,ARFGAP3,9.911902,2.5476542
862,ARFGEF1,9.595533,-0.23081197
863,ARFGEF2,9.652687,-0.23569235
864,ARFIP1,10.207999,1.1454667
865,ARFIP2,10.427116,1.4616874
866,ARFRP1,7.6598463,-6.9782705
867,ARG1,13.440641,1.7314736
868,ARG2,13.21597,1.8396832
869,ARGFX,7.178081,4.454553
870,ARGLU1,6.996357,1.7553816
871,ARHGAP1,9.972759,1.3787696
872,ARHGAP10,9.162651,0.7005973
873,ARHGAP11A,8.959507,2.4267418
874,ARHGAP11B,10.719194,1.9454659
875,ARHGAP12,9.580146,1.0642084
876,ARHGAP15,9.679806,1.204352
877,ARHGAP17,9.139787,0.83525646
878,ARHGAP18,9.693908,1.205159
879,ARHGAP19,9.73791,2.0789728
880,ARHGAP20,8.8524885,1.716519
881,ARHGAP21,8.913703,0.92641646
882,ARHGAP22,9.319437,1.0268345
883,ARHGAP23,8.921052,1.2316866
884,ARHGAP24,9.361951,1.0083827
885,ARHGAP25,9.4975195,1.1313318
886,ARHGAP26,9.202323,0.68671834
887,ARHGAP27,9.570952,1.1521773
888,ARHGAP28,9.470624,1.2113613
889,ARHGAP29,9.158393,1.0528286
890,ARHGAP30,8.687765,3.465158
891,ARHGAP31,8.567258,1.7097257
892,ARHGAP32,8.550335,1.5074524
893,ARHGAP33,9.023418,1.1871579
894,ARHGAP35,9.176634,1.1716305
895,ARHGAP39,9.242336,1.3931729
896,ARHGAP40,9.722533,1.1756606
897,ARHGAP42,9.183034,0.7332193
898,ARHGAP44,9.187719,0.8179518
899,ARHGAP45,9.404355,0.9625484
900,ARHGAP5,9.315837,0.9449936
901,ARHGAP8,9.802603,1.1640364
902,ARHGAP9,9.638756,1.0747943
903,ARHGDIA,11.427526,2.405099
904,ARHGDIB,11.524121,2.5700524
905,ARHGDIG,12.356578,2.6691437
906,ARHGEF1,9.563779,0.89141566
907,ARHGEF10,9.264284,1.1446074
908,ARHGEF10L,9.496479,1.0298296
909,ARHGEF11,9.060684,0.78370863
910,ARHGEF12,9.033818,0.5736437
911,ARHGEF15,9.512213,1.2399026
912,ARHGEF16,9.516387,1.0888349
913,ARHGEF17,9.312035,1.2257487
914,ARHGEF18,9.122167,0.9384942
915,ARHGEF19,9.647491,1.1962504
916,ARHGEF2,9.231222,0.97191614
917,ARHGEF25,9.597759,0.979019
918,ARHGEF26,9.170269,1.5018594
919,ARHGEF28,9.27116,0.8764166
920,ARHGEF3,9.701983,1.0897313
921,ARHGEF33,9.021247,1.7609104
922,ARHGEF35,8.779389,3.5643778
923,ARHGEF37,9.7183,0.966271
924,ARHGEF38,9.579443,1.1069517
925,ARHGEF39,10.503571,1.7035464
926,ARHGEF4,9.554193,1.0133098
927,ARHGEF40,9.4566555,1.4029039
928,ARHGEF5,9.130473,1.6606348
929,ARHGEF7,9.174716,0.7597532
930,ARID1A,7.5307636,2.7154384
931,ARID1B,7.5210195,2.7486353
932,ARID2,7.5867877,2.5905814
933,ARID3A,7.389894,3.3671994
934,ARID3B,7.251069,3.251039
935,ARID3C,7.726347,3.6703074
936,ARID4A,8.406594,2.126849
937,ARID4B,8.36159,2.0712976
938,ARID5A,8.359914,3.4215481
939,ARID5B,8.023562,2.0450404
940,ARIH2,10.054008,2.3253794
941,ARIH2OS,9.476278,4.609457
942,ARL1,7.6732135,-6.96912
943,ARL10,7.704252,-6.863575
944,ARL11,7.622453,-7.026877
945,ARL13B,7.625664,-6.9434056
946,ARL14,7.672019,-6.97626
947,ARL14EP,10.198124,2.8565953
948,ARL14EPL,10.294319,3.0399575
949,ARL15,7.7202086,-6.9099007
950,ARL16,12.099907,2.5995255
951,ARL17A,7.552233,-7.0903826
952,ARL17B,7.5760736,-7.0633616
953,ARL2,7.619843,-7.0231223
954,ARL2BP,11.668699,2.9652786
955,ARL3,7.662804,-6.979867
956,ARL4A,7.648307,-6.999371
957,ARL4C,7.6554403,-6.9857593
958,ARL4D,7.6787043,-6.9690385
959,ARL5A,7.6225004,-7.018815
960,ARL5B,7.6238446,-7.018193
961,ARL5C,7.604443,-7.040834
962,ARL6,7.7251534,-6.9188695
963,ARL6IP1,9.482592,-2.7314873
964,ARL6IP4,6.920089,1.7411132
965,ARL6IP5,9.388623,-2.6602254
966,ARL6IP6,9.336944,-2.70499
967,ARL8A,7.5897965,-7.047948
968,ARL8B,7.610795,-7.028987
969,ARL9,7.734337,-6.893903
970,ARMC1,11.102324,2.3873494
971,ARMC10,12.398747,1.3682382
972,ARMC12,10.739138,0.5631033
973,ARMC2,10.17579,0.49622363
974,ARMC3,10.33846,0.22694068
975,ARMC5,10.971068,0.79469204
976,ARMC6,10.916289,0.81514275
977,ARMC7,10.6725645,2.0838373
978,ARMC8,10.567186,0.20761818
979,ARMC9,10.188673,0.5094497
980,ARMH1,10.325391,0.533327
981,ARMH2,12.009924,2.299696
982,ARMH3,10.360509,0.28706554
983,ARMH4,8.965297,4.7467837
984,ARMS2,9.469229,4.6419835
985,ARMT1,11.972877,1.9295385
986,ARNT,7.699346,2.6012604
987,ARNT2,7.8957987,2.6651144
988,ARNTL,9.748297,1.4864316
989,ARNTL2,9.776755,1.4437222
990,ARPC1A,12.373398,5.0461035
991,ARPC1B,12.274008,4.94661
992,ARPC2,11.42906,2.4105296
993,ARPC3,12.090548,3.511521
994,ARPC4,11.650906,2.7344763
995,ARPC5,11.402983,2.9607105
996,ARPC5L,11.254433,2.95159
997,ARPIN,11.698984,2.6223948
998,ARPP19,10.417001,3.6662772
999,ARPP21,7.6217823,2.6147578
1000,ARRB1,11.115196,1.5590891
1001,ARRB2,11.318719,1.7009076
1002,ARRDC1,9.735474,4.4868407
1003,ARRDC2,11.535262,1.604347
1004,ARRDC3,11.424109,1.6046379
1005,ARRDC4,11.503339,1.6070477
1006,ARRDC5,11.56832,1.4514142
1007,ARSA,13.398446,-0.03006608
1008,ARSB,13.360835,0.03451559
1009,ARSG,13.324205,-0.0228732
1010,ARSI,13.402529,0.017875023
1011,ARSJ,13.509462,-0.2299571
1012,ARSK,13.354202,0.056758866
1013,ART1,13.87304,-0.14779858
1014,ART3,13.012007,0.30170795
1015,ART4,13.864915,-0.107163444
1016,ART5,13.846426,-0.21644534
1017,ARTN,14.468482,-1.0528452
1018,ARV1,12.470226,2.1718414
1019,ARVCF,9.080239,1.1664618
1020,AS3MT,12.3081,1.954206
1021,ASAH1,13.374633,0.008001335
1022,ASAH2,13.33247,0.11616137
1023,ASAH2B,12.712668,0.3687352
1024,ASAP1,9.091698,0.7697264
1025,ASAP2,9.236787,0.81224734
1026,ASAP3,9.51067,0.91254723
1027,ASB1,13.805423,5.3402987
1028,ASB10,13.823893,5.354543
1029,ASB13,13.786571,5.321461
1030,ASB14,13.821426,5.355493
1031,ASB15,13.813972,5.349455
1032,ASB16,13.811925,5.347192
1033,ASB17,11.290104,2.3409557
1034,ASB18,13.861727,5.39742
1035,ASB2,13.893879,5.4337287
1036,ASB3,13.816188,5.354905
1037,ASB4,13.752308,5.284749
1038,ASB5,13.804313,5.338153
1039,ASB6,13.801436,5.3352866
1040,ASB7,13.810784,5.343154
1041,ASB8,13.837762,5.3708463
1042,ASCC1,12.175482,2.0056636
1043,ASCC2,10.8261595,0.8169659
1044,ASCC3,9.662747,-0.2029942
1045,ASCL1,7.7536774,4.2873535
1046,ASCL2,7.8879013,4.269125
1047,ASCL3,7.6479664,4.240582
1048,ASCL4,7.8409886,4.216489
1049,ASCL5,7.8115873,4.176929
1050,ASDURF,9.731129,4.1917543
1051,ASF1A,11.41621,2.595292
1052,ASF1B,11.517735,2.5215745
1053,ASGR1,7.0547314,-4.391715
1054,ASGR2,7.0669403,-4.3757486
1055,ASH1L,7.911808,1.9101323
1056,ASH2L,10.465106,1.7382895
1057,ASIC1,12.44262,-0.8640107
1058,ASIC2,12.431185,-1.0412021
1059,ASIC3,12.458299,-0.9175057
1060,ASIC4,12.462356,-0.9204062
1061,ASIC5,12.421423,-0.80002433
1062,ASIP,14.726889,-1.9167087
1063,ASL,13.542192,1.8493196
1064,ASNS,12.72759,1.3802271
1065,ASNSD1,11.781636,1.6804094
1066,ASPA,12.798714,1.3168844
1067,ASPDH,12.851016,2.060029
1068,ASPG,12.941812,1.4962219
1069,ASPH,11.7302885,0.6758316
1070,ASPHD1,12.247971,1.3509958
1071,ASPHD2,11.895935,1.5441884
1072,ASPM,8.653133,2.1779358
1073,ASPN,15.669334,4.7444234
1074,ASPRV1,11.700429,1.612208
1075,ASPSCR1,10.335068,1.574894
1076,ASRGL1,13.437485,1.7674506
1077,ASS1,13.728991,1.9370182
1078,ASTE1,11.331434,1.1208833
1079,ASTL,9.040689,3.7151866
1080,ASTN1,12.297671,-1.2993135
1081,ASTN2,12.313973,-1.3157133
1082,ASXL1,7.9565463,2.1985884
1083,ASXL3,7.8989506,2.0714223
1084,ASZ1,10.698805,2.2724335
1085,ATAD1,11.469597,1.309661
1086,ATAD2,9.603312,1.8389527
1087,ATAD2B,9.636273,1.5642473
1088,ATAD3A,11.781128,1.7871888
1089,ATAD3B,11.779193,1.5902529
1090,ATAD3C,11.88527,1.6378889
1091,ATAD5,9.031804,2.3180811
1092,ATAT1,9.852929,2.604391
1093,ATCAY,10.39651,2.0340116
1094,ATE1,10.840222,1.8634585
1095,ATF1,7.106215,3.0652268
1096,ATF2,7.5966363,2.8112
1097,ATF3,7.928069,3.8673635
1098,ATF4,7.9710116,3.7974813
1099,ATF5,8.217308,3.7151904
1100,ATF6,7.8745513,3.2274554
1101,ATF6B,8.007667,3.6098654
1102,ATF7,7.568728,2.8223445
1103,ATF7IP,7.8359632,2.4730682
1104,ATF7IP2,8.73331,2.194416
1105,ATG10,11.885939,1.9750955
1106,ATG101,11.510886,2.7088864
1107,ATG12,10.939204,2.7650454
1108,ATG13,9.835789,1.9062545
1109,ATG14,10.191504,2.2196083
1110,ATG16L1,12.336043,5.0313993
1111,ATG16L2,12.29594,4.9674006
1112,ATG2A,9.81907,-0.48781314
1113,ATG3,11.159782,2.5456192
1114,ATG4B,11.49988,1.551776
1115,ATG4C,11.30692,1.4767991
1116,ATG4D,11.761631,1.7215688
1117,ATG5,10.576777,0.96146125
1118,ATG7,11.631318,1.459598
1119,ATG9A,10.587249,-2.2374475
1120,ATG9B,10.565957,-2.2338154
1121,ATIC,13.276356,1.8745733
1122,ATL1,10.921744,0.8573754
1123,ATL2,11.083449,0.93856674
1124,ATL3,11.098644,0.93162996
1125,ATMIN,6.4176626,2.8195972
1126,ATN1,7.8001933,2.396867
1127,ATOH1,7.723927,4.2542486
1128,ATOH7,8.040588,4.1907563
1129,ATOH8,8.016378,3.9763079
1130,ATOX1,12.222467,3.3624399
1131,ATP10A,11.450413,-3.4618328
1132,ATP10B,11.4475155,-3.463867
1133,ATP10D,11.450071,-3.4669495
1134,ATP11A,11.446574,-3.444657
1135,ATP11B,11.453201,-3.4649093
1136,ATP12A,11.41548,-3.4663494
1137,ATP13A1,11.396086,-3.3731294
1138,ATP13A2,11.396958,-3.2992275
1139,ATP13A3,11.435449,-3.4424195
1140,ATP13A4,11.411564,-3.3969967
1141,ATP13A5,11.416674,-3.4168537
1142,ATP1A1,11.375556,-3.5118234
1143,ATP1A2,11.382218,-3.5471284
1144,ATP1A3,11.396663,-3.555656
1145,ATP1A4,11.412843,-3.509562
1146,ATP1B1,12.411567,-0.56249464
1147,ATP1B2,12.406041,-0.6014033
1148,ATP1B3,12.406556,-0.5943899
1149,ATP23,11.812368,1.7296872
1150,ATP2A1,11.3886595,-3.5321896
1151,ATP2A2,11.421735,-3.519972
1152,ATP2A3,11.395585,-3.480887
1153,ATP2B1,11.373659,-3.4575665
1154,ATP2B2,11.370496,-3.5106685
1155,ATP2B4,11.36833,-3.4951599
1156,ATP2C1,11.409796,-3.4281547
1157,ATP2C2,11.403423,-3.4319627
1158,ATP4A,11.414948,-3.5181694
1159,ATP4B,12.4018135,-0.6530957
1160,ATP5F1A,13.807891,2.2820497
1161,ATP5F1B,13.790378,2.2842243
1162,ATP5F1C,13.734081,2.6526196
1163,ATP5F1D,13.442742,3.4294367
1164,ATP5F1E,11.892479,3.9201283
1165,ATP5IF1,13.280842,3.5605009
1166,ATP5MC1,13.541078,3.6209917
1167,ATP5MC2,13.545858,3.649607
1168,ATP5MC3,13.504288,3.5829182
1169,ATP5ME,13.647624,3.8986588
1170,ATP5MF,13.576978,3.909003
1171,ATP5MG,13.554607,3.8155787
1172,ATP5MGL,13.496726,3.7961285
1173,ATP5PB,13.417411,3.0736506
1174,ATP5PD,13.4497,3.6399167
1175,ATP5PF,13.55945,3.7797277
1176,ATP5PO,13.620135,2.650821
1177,ATP6V0A1,10.672143,-3.1104424
1178,ATP6V0A2,10.770553,-3.1259513
1179,ATP6V0A4,10.753421,-3.1123884
1180,ATP6V0B,9.453616,-2.997336
1181,ATP6V0C,9.530888,-3.1256363
1182,ATP6V0D1,11.342963,1.381881
1183,ATP6V0D2,11.924642,1.1312722
1184,ATP6V0E1,9.157528,-2.6663587
1185,ATP6V0E2,9.195957,-2.7093112
1186,ATP6V1A,13.739461,1.987599
1187,ATP6V1B1,13.750302,2.1705983
1188,ATP6V1B2,13.74923,2.1868668
1189,ATP6V1C1,11.147922,2.217128
1190,ATP6V1C2,11.115928,2.2718484
1191,ATP6V1D,11.505363,3.7037833
1192,ATP6V1E1,11.399923,3.8470159
1193,ATP6V1E2,11.358605,3.9127629
1194,ATP6V1F,11.964982,3.3895574
1195,ATP6V1FNB,8.9593115,3.9528055
1196,ATP6V1G1,11.485118,3.9234428
1197,ATP6V1G2,11.355951,3.9322488
1198,ATP6V1G3,11.424605,3.92221
1199,ATP6V1H,10.640758,0.36990273
1200,ATP7B,11.3114195,-3.3051417
1201,ATP8A1,11.450392,-3.4555295
1202,ATP8A2,11.444436,-3.4442484
1203,ATP8B1,11.4508505,-3.4490554
1204,ATP8B2,11.443587,-3.4482174
1205,ATP8B3,11.409014,-3.3960545
1206,ATP8B4,11.460897,-3.4860122
1207,ATP9A,11.44938,-3.4549804
1208,ATP9B,11.459035,-3.4731216
1209,ATPAF1,12.847695,2.7969234
1210,ATPAF2,12.668332,2.3690727
1211,ATPSCKMT,12.400059,2.057198
1212,ATR,10.020384,-0.30179098
1213,ATRAID,12.71621,-0.36293936
1214,ATRIP,10.7572775,0.56774
1215,ATRN,13.020534,-1.8629686
1216,ATRNL1,12.813813,-1.7069863
1217,ATXN1,7.6672535,2.7830076
1218,ATXN10,10.674043,0.45508936
1219,ATXN1L,9.336339,2.4034343
1220,ATXN2,7.6596212,2.4286606
1221,ATXN2L,7.6995654,2.4732282
1222,ATXN3,10.489221,2.2807028
1223,ATXN7,8.24885,2.3390799
1224,ATXN7L1,8.177574,2.3124497
1225,ATXN7L2,8.463478,2.5310283
1226,ATXN7L3,9.593332,2.5226831
1227,ATXN7L3B,11.64341,2.8965285
1228,AUH,13.625698,2.114774
1229,AUNIP,8.972535,2.4167714
1230,AUP1,12.043833,0.40037224
1231,AURKA,12.658876,7.717362
1232,AURKAIP1,13.158325,3.4945748
1233,AURKB,12.7003,7.739822
1234,AURKC,12.736467,7.7509975
1235,AUTS2,7.7879105,2.2544901
1236,AVEN,10.034503,2.8297691
1237,AVIL,10.436949,0.8693866
1238,AVL9,9.923488,1.063105
1239,AVP,14.832068,-1.9327126
1240,AVPI1,9.58761,4.228742
1241,AVPR1A,0.5697631,-2.3742707
1242,AVPR1B,0.5915322,-2.5012023
1243,AXDND1,7.85726,0.8768287
1244,AXIN1,8.79165,1.3684653
1245,AXIN2,8.879911,1.3357313
1246,AXL,13.704157,6.7647657
1247,AZGP1,8.338257,9.632312
1248,AZI2,8.177377,0.9769756
1249,AZIN1,12.886117,1.5185163
1250,AZIN2,12.7181835,1.6639613
1251,AZU1,14.029017,-3.415769
1252,B2M,9.156927,10.486399
1253,B3GALNT1,14.227802,0.056275055
1254,B3GALNT2,13.709634,0.07073091
1255,B3GALT1,14.319544,0.10463202
1256,B3GALT2,14.256993,-0.032727946
1257,B3GALT4,14.061051,0.098098084
1258,B3GALT6,14.073408,0.02114086
1259,B3GAT1,14.255113,0.103034705
1260,B3GAT2,14.165178,0.070981994
1261,B3GAT3,14.066088,0.052132122
1262,B3GLCT,13.787583,0.04043498
1263,B3GNT2,14.33244,0.07824539
1264,B3GNT3,14.181915,0.102663405
1265,B3GNT4,14.100916,0.08530725
1266,B3GNT5,14.316613,0.085087955
1267,B3GNT6,14.115747,0.07301239
1268,B3GNT7,14.2353,0.074441314
1269,B3GNT8,14.131582,0.12256288
1270,B3GNT9,14.124512,0.004170849
1271,B3GNTL1,12.524619,2.1034157
1272,B4GALNT1,13.824249,-0.22388603
1273,B4GALNT2,13.066986,-0.193572
1274,B4GALNT3,9.335733,1.4731094
1275,B4GALNT4,9.441523,1.198445
1276,B4GALT1,14.292247,0.093916625
1277,B4GALT2,14.192479,0.07286359
1278,B4GALT3,14.146203,0.048261013
1279,B4GALT4,14.262652,0.061877403
1280,B4GALT5,14.3369255,0.09882103
1281,B4GALT6,14.401237,0.08469675
1282,B4GALT7,14.083812,0.072607696
1283,B4GAT1,14.191363,0.05944519
1284,B9D1,7.7870584,-6.77463
1285,B9D2,12.072582,2.2148068
1286,BAALC,9.697898,3.870425
1287,BAAT,13.175029,1.1787307
1288,BABAM1,10.209733,3.0535822
1289,BABAM2,11.444122,1.4947
1290,BACE1,13.261585,-0.6696805
1291,BACE2,13.327887,-0.65117395
1292,BACH1,8.7707815,2.2887204
1293,BACH2,8.844125,2.3026986
1294,BAD,9.974219,3.7522588
1295,BAG1,11.038913,2.850272
1296,BAG2,10.888457,2.988437
1297,BAG3,8.9754305,3.23373
1298,BAG4,7.8708215,2.8624794
1299,BAG5,11.436092,1.053496
1300,BAG6,10.346212,2.716402
1301,BAHCC1,8.111401,2.33858
1302,BAHD1,8.654475,2.667764
1303,BAIAP2,9.246925,0.6159475
1304,BAIAP2L1,9.185859,0.79035234
1305,BAIAP2L2,9.212922,0.82851636
1306,BAIAP3,9.944042,0.7400833
1307,BAK1,10.428684,3.0569446
1308,BAMBI,14.079641,-1.6180145
1309,BANF1,11.969662,3.5844085
1310,BANF2,11.729692,3.7271836
1311,BANK1,9.586698,1.4709321
1312,BANP,6.9888134,3.0891578
1313,BAP1,9.405347,2.1377025
1314,BARD1,9.14376,2.2764215
1315,BARHL1,6.843193,4.6677938
1316,BARHL2,6.7432985,4.549448
1317,BARX1,6.8403406,4.6489763
1318,BARX2,7.0015087,4.6127353
1319,BASP1,9.640247,3.9283159
1320,BATF,8.06581,3.9417462
1321,BATF2,7.8938417,3.9540505
1322,BATF3,8.112499,4.008818
1323,BAX,10.412711,3.1463792
1324,BAZ1A,8.689816,1.963151
1325,BAZ1B,9.028357,2.222973
1326,BAZ2A,7.888865,1.9913301
1327,BAZ2B,7.8832726,1.9299626
1328,BBC3,9.497232,3.6058424
1329,BBIP1,10.772042,3.1233335
1330,BBOF1,7.577332,0.82804036
1331,BBOX1,12.647091,1.9531121
1332,BBS1,11.101667,1.1146909
1333,BBS10,11.674881,1.587705
1334,BBS12,11.825556,1.5762298
1335,BBS2,10.876521,0.55020577
1336,BBS4,11.101425,0.029305149
1337,BBS5,10.982705,1.4306518
1338,BBS7,10.857747,0.672267
1339,BBS9,10.750545,0.5714843
1340,BBX,8.570893,2.3428643
1341,BCAM,9.9278345,6.7580466
1342,BCAN,13.482937,-1.1832138
1343,BCAP29,9.458334,-2.5361469
1344,BCAR1,9.188835,1.7193791
1345,BCAR3,9.335395,1.2188371
1346,BCAS1,9.370087,3.646517
1347,BCAS2,10.944454,2.9347627
1348,BCAS3,9.933757,0.74504846
1349,BCAS4,10.685616,3.1587029
1350,BCAT1,13.233677,1.6436298
1351,BCAT2,13.327539,1.8098793
1352,BCCIP,11.356655,3.3207045
1353,BCDIN3D,12.036735,2.114352
1354,BCHE,13.512076,0.15121794
1355,BCKDHA,13.614801,2.2208488
1356,BCKDHB,13.581018,2.089565
1357,BCKDK,12.467861,1.3549327
1358,BCL10,10.784808,1.9773632
1359,BCL11A,6.315001,2.9108458
1360,BCL11B,6.3226914,3.0083005
1361,BCL2,10.344028,3.0858145
1362,BCL2A1,10.429486,3.1016521
1363,BCL2L1,10.480638,3.1114416
1364,BCL2L10,10.453649,3.1829884
1365,BCL2L11,9.700606,3.2247543
1366,BCL2L12,9.474432,3.6587157
1367,BCL2L13,10.07812,2.0563397
1368,BCL2L14,9.922046,3.9121444
1369,BCL2L15,10.012259,4.0935283
1370,BCL2L2,10.448793,3.141569
1371,BCL3,13.782411,5.317514
1372,BCL6,6.041186,2.936238
1373,BCL6B,5.9974647,3.159216
1374,BCL7A,10.028286,3.3329492
1375,BCL7B,10.0718,3.2084517
1376,BCL7C,9.724935,3.2456722
1377,BCL9,7.525445,2.5140219
1378,BCL9L,7.573176,2.5244431
1379,BCLAF1,6.9785953,1.7514104
1380,BCO1,12.791921,0.7085455
1381,BCO2,12.765374,0.42876598
1382,BCR,9.34878,0.9409637
1383,BCS1L,11.745849,1.9949856
1384,BDH1,13.384338,1.2927758
1385,BDH2,13.671059,1.7540612
1386,BDKRB1,0.26188168,-2.414089
1387,BDKRB2,0.3919502,-2.3961265
1388,BDNF,14.449526,-1.1203372
1389,BDP1,7.9759865,1.8794632
1390,BEAN1,9.808753,5.430002
1391,BECN1,10.377512,2.354487
1392,BECN2,10.460837,2.537419
1393,BEGAIN,8.707425,1.851128
1394,BEND3,9.18869,2.9854004
1395,BEND4,9.246322,3.0355515
1396,BEND5,9.487748,3.1730082
1397,BEND6,9.837776,2.8332458
1398,BEND7,9.441733,3.503754
1399,BEST1,10.2054,-2.2515726
1400,BEST2,10.169071,-2.2568984
1401,BEST3,10.379196,-2.325678
1402,BEST4,10.233568,-2.2393193
1403,BET1,11.197503,4.1992474
1404,BET1L,11.270957,4.169616
1405,BFAR,10.002488,-2.5862358
1406,BFSP1,20.563213,2.5484738
1407,BFSP2,20.649622,2.5238616
1408,BGLAP,15.385308,-1.9060528
1409,BHLHA15,7.8976007,4.2884135
1410,BHLHA9,7.9736333,4.189089
1411,BHLHE22,7.334966,4.31501
1412,BHLHE23,7.797047,4.3083878
1413,BHLHE40,7.7194486,3.917882
1414,BHLHE41,7.3462706,4.0767183
1415,BHMT,13.382622,1.6589091
1416,BHMT2,13.360723,1.7929921
1417,BICC1,7.8452353,2.7218354
1418,BICD1,8.122227,0.4507678
1419,BICD2,7.983504,0.4756374
1420,BICDL1,8.036916,0.55021805
1421,BICDL2,7.945858,0.61632913
1422,BICRA,7.635397,2.640292
1423,BICRAL,7.566346,2.7164085
1424,BID,10.431976,2.969088
1425,BIK,9.674128,3.9448287
1426,BIN1,9.265347,0.62154657
1427,BIN2,9.308308,0.75424874
1428,BIN3,9.562027,0.6440173
1429,BIRC2,9.993397,2.1489534
1430,BIRC3,9.776577,2.0928397
1431,BIRC5,10.4891,2.4964323
1432,BIRC7,9.769389,3.2265995
1433,BIVM,10.987283,1.8382624
1434,BLCAP,9.558151,4.5968513
1435,BLID,9.623035,4.456428
1436,BLK,13.292401,7.3846636
1437,BLM,9.186918,2.1276984
1438,BLMH,11.670731,1.7987187
1439,BLNK,8.8494835,1.6921694
1440,BLOC1S1,11.193751,3.4453783
1441,BLOC1S2,11.110001,3.256312
1442,BLOC1S3,9.986792,3.3050995
1443,BLOC1S4,10.190718,3.2993765
1444,BLOC1S5,10.88633,3.0319278
1445,BLOC1S6,10.879576,3.1140819
1446,BLVRA,12.559752,2.0536554
1447,BLVRB,13.2076,1.8817683
1448,BLZF1,10.248746,2.3100815
1449,BMERB1,9.729978,3.4015818
1450,BMF,9.493621,3.772505
1451,BMI1,9.784545,2.3802278
1452,BMP1,13.170211,-1.7669584
1453,BMP10,14.414752,-1.0132079
1454,BMP2,14.498443,-1.0194316
1455,BMP2K,7.775985,2.638592
1456,BMP3,14.464057,-1.0345118
1457,BMP4,14.460545,-1.0310321
1458,BMP5,14.411693,-1.0529362
1459,BMP6,14.423078,-0.9821786
1460,BMP7,14.43256,-1.013228
1461,BMP8A,14.473788,-1.0290171
1462,BMP8B,14.384394,-1.0001657
1463,BMPER,13.330295,-2.0368588
1464,BMPR1A,13.574966,6.840616
1465,BMPR1B,13.609671,6.8436127
1466,BMPR2,8.765894,1.3884581
1467,BMS1,11.251242,3.1579423
1468,BMT2,11.80231,2.172768
1469,BNC1,6.3494983,2.795716
1470,BNIP1,11.256553,4.123969
1471,BNIP2,10.577799,2.0575905
1472,BNIP3,10.165595,3.788369
1473,BNIP3L,10.149223,4.0169153
1474,BNIP5,9.077875,3.4911423
1475,BNIPL,10.261713,2.2538145
1476,BOC,12.299168,-1.5350176
1477,BOD1,10.565277,2.8654158
1478,BOD1L1,7.889674,1.8704512
1479,BOD1L2,10.609847,2.8529952
1480,BOK,10.388809,3.174614
1481,BOLA1,12.463843,2.8504152
1482,BOLA2,12.092734,3.3547502
1483,BOLA2B,12.019667,3.408195
1484,BOLA3,13.102918,3.1821141
1485,BOLL,7.0603456,3.3144877
1486,BOP1,12.325239,4.9528565
1487,BORA,9.007142,2.506795
1488,BORCS5,10.708796,2.9594436
1489,BORCS6,9.609624,3.4263668
1490,BORCS7,10.885334,3.1221173
1491,BORCS8,10.98113,3.2777011
1492,BPGM,12.974829,2.227693
1493,BPHL,13.232639,1.9940588
1494,BPI,7.2140117,-2.0499945
1495,BPIFA1,7.2263255,-2.0431597
1496,BPIFA2,7.216943,-2.0463204
1497,BPIFA3,7.3414454,-1.9739145
1498,BPIFB1,7.223975,-2.0423877
1499,BPIFB2,7.2161074,-2.0490632
1500,BPIFB3,7.224069,-2.0437543
1501,BPIFB4,7.242677,-2.0326645
1502,BPIFB6,7.2124457,-2.0478895
1503,BPIFC,7.212185,-2.0512052
1504,BPNT1,13.076045,1.8378881
1505,BPTF,7.862698,1.8291017
1506,BRAF,12.974213,7.3806953
1507,BRAP,10.215689,2.321724
1508,BRAT1,10.81877,0.4929404
1509,BRCA1,8.651335,2.2103872
1510,BRCA2,8.59168,2.160367
1511,BRD1,9.325328,2.1412973
1512,BRD2,8.424039,2.6638565
1513,BRD3,8.755749,2.7295377
1514,BRD3OS,10.331813,3.808995
1515,BRD4,7.5142627,2.3456974
1516,BRD7,9.566598,2.516204
1517,BRD8,9.088233,2.0867705
1518,BRD9,10.045723,2.506865
1519,BRDT,8.776994,2.425782
1520,BRF1,9.837119,2.0762472
1521,BRF2,11.125715,2.258248
1522,BRI3,9.737236,4.765713
1523,BRI3BP,9.838325,-2.665871
1524,BRICD5,14.352847,-0.8973134
1525,BRINP1,12.355244,-1.194931
1526,BRINP2,12.478769,-1.1766028
1527,BRINP3,12.413955,-1.215743
1528,BRIP1,9.412587,1.9809963
1529,BRIX1,11.5554,3.1944938
1530,BRK1,11.83361,3.5154574
1531,BRMS1,10.362117,2.9103808
1532,BRMS1L,10.266407,2.7242653
1533,BROX,9.779526,0.8531009
1534,BRPF1,9.284332,2.174074
1535,BRPF3,9.339164,2.145425
1536,BRSK1,12.820494,7.5174026
1537,BRSK2,12.883958,7.511155
1538,BSCL2,10.602593,-1.1734568
1539,BSDC1,9.957588,1.987856
1540,BSG,10.035545,6.390788
1541,BSND,9.769028,5.2680373
1542,BSPH1,14.331784,-1.9816084
1543,BSPRY,4.014622,1.6999599
1544,BST1,13.274036,-0.1203441
1545,BST2,9.655899,5.9666634
1546,BSX,6.785319,4.711068
1547,BTAF1,9.723686,-0.26354343
1548,BTBD1,10.985141,2.0331717
1549,BTBD10,10.653775,2.2234828
1550,BTBD11,9.959385,0.9344771
1551,BTBD16,11.057586,1.7652841
1552,BTBD17,13.728148,-0.2040485
1553,BTBD18,8.736519,3.2710228
1554,BTBD19,13.106782,-4.6722283
1555,BTBD2,10.731296,2.0336862
1556,BTBD3,10.816753,1.9769653
1557,BTBD6,10.868669,2.0067387
1558,BTBD7,9.069133,1.6360064
1559,BTBD8,8.800069,1.800473
1560,BTBD9,10.312327,1.1855729
1561,BTC,10.089385,5.531728
1562,BTD,13.4551935,-0.08092875
1563,BTF3,17.667942,2.5447545
1564,BTF3L4,12.125531,3.6829834
1565,BTG1,9.595072,2.996664
1566,BTG2,9.484132,3.0666037
1567,BTG3,9.806135,2.813104
1568,BTG4,9.9276,2.8177578
1569,BTLA,9.593016,6.5927486
1570,BTN1A1,9.6370125,7.3222594
1571,BTN2A1,9.639736,7.2816563
1572,BTN2A2,9.630504,7.26955
1573,BTN3A1,9.626503,7.2951174
1574,BTN3A2,9.607627,7.084707
1575,BTN3A3,9.627835,7.2802687
1576,BTNL2,9.736103,6.8991785
1577,BTNL3,9.63155,7.264877
1578,BTNL8,9.626405,7.2370467
1579,BTNL9,9.626959,7.296226
1580,BTRC,12.397719,5.1106305
1581,BUB1,8.886694,2.5384574
1582,BUB1B,8.864951,2.5442338
1583,BUB3,12.436808,5.1312356
1584,BUD13,10.341312,3.0550919
1585,BUD23,11.844973,2.8719175
1586,BUD31,11.855277,3.3644865
1587,BVES,10.631,-2.2165632
1588,BYSL,11.522286,2.6169655
1589,BZW1,10.861032,0.8795333
1590,BZW2,10.849787,0.6931791
1591,C10orf105,10.023796,5.155326
1592,C10orf120,9.1119,3.8257954
1593,C10orf143,9.400502,4.6026273
1594,C10orf53,11.75764,2.7619522
1595,C10orf55,9.45077,4.5924907
1596,C10orf62,9.458476,4.145365
1597,C10orf67,7.856492,0.8485884
1598,C10orf82,8.69256,4.3415375
1599,C10orf90,8.696178,1.9748763
1600,C10orf95,9.403682,4.3279576
1601,C11orf1,8.776257,4.2604795
1602,C11orf16,9.245221,3.6863556
1603,C11orf21,9.468101,4.620857
1604,C11orf24,9.161693,5.506806
1605,C11orf42,9.4429655,3.7357435
1606,C11orf52,9.580118,4.330226
1607,C11orf53,7.270161,3.8017974
1608,C11orf54,12.627539,1.6802993
1609,C11orf68,10.549463,2.798559
1610,C11orf71,9.492964,4.521082
1611,C11orf86,9.606843,3.8958414
1612,C11orf87,9.933355,5.0447917
1613,C11orf91,9.318657,3.8868268
1614,C11orf94,15.36906,-1.9371706
1615,C11orf96,9.4416685,3.45239
1616,C11orf97,9.906506,3.664051
1617,C11orf98,11.348822,3.4155252
1618,C12orf29,11.835769,1.6972468
1619,C12orf4,10.980957,1.6010343
1620,C12orf40,8.792992,2.2073867
1621,C12orf42,9.315478,4.240621
1622,C12orf50,9.106059,3.7080998
1623,C12orf54,9.47268,4.18132
1624,C12orf56,10.259019,1.4466572
1625,C12orf57,10.491657,3.3707817
1626,C12orf60,10.051835,3.9296749
1627,C12orf71,9.409923,4.130328
1628,C12orf76,9.470986,4.6132607
1629,C13orf42,9.277058,3.3210096
1630,C13orf46,9.261135,3.8987796
1631,C14orf119,10.9314375,2.8470426
1632,C14orf132,10.073104,4.9359426
1633,C14orf178,9.420789,4.631527
1634,C14orf28,11.821905,1.9808251
1635,C14orf93,9.466604,3.0910115
1636,C15orf39,8.51288,2.8275137
1637,C15orf40,12.65196,2.9705167
1638,C15orf61,12.386253,3.0141904
1639,C15orf62,9.262456,3.433883
1640,C16orf46,9.292487,4.068109
1641,C16orf54,9.857865,4.931636
1642,C16orf72,9.968606,2.8944628
1643,C16orf74,9.832031,4.1899524
1644,C16orf78,9.060211,3.9004009
1645,C16orf82,9.387802,4.0296073
1646,C16orf86,9.5795,3.6878402
1647,C16orf87,9.807274,2.886553
1648,C16orf89,13.808849,-0.8833736
1649,C16orf90,9.335272,3.7337337
1650,C16orf95,9.454103,4.498051
1651,C16orf96,8.917346,2.8126621
1652,C17orf100,9.416106,4.292255
1653,C17orf107,9.814966,4.1366935
1654,C17orf113,9.18648,3.1010976
1655,C17orf50,9.733227,3.7687347
1656,C17orf58,13.8966055,-1.1325285
1657,C17orf64,9.564845,3.5344458
1658,C17orf67,15.3220005,-1.9089564
1659,C17orf75,10.8508415,2.5526793
1660,C17orf78,9.80952,4.3320293
1661,C17orf80,8.685842,2.652263
1662,C17orf98,9.941415,4.15092
1663,C17orf99,9.845776,6.6893086
1664,C18orf21,10.691747,2.9760287
1665,C18orf25,9.966965,2.335937
1666,C18orf32,13.482377,3.8843725
1667,C18orf63,9.200195,2.2776814
1668,C19orf12,12.80782,1.8021071
1669,C19orf18,9.75443,5.352246
1670,C19orf25,10.773754,3.2662935
1671,C19orf44,8.776022,2.216761
1672,C19orf47,9.159685,2.9777963
1673,C19orf53,11.888862,3.9053147
1674,C19orf54,11.851943,2.1908255
1675,C19orf67,9.919741,3.2511091
1676,C19orf71,8.832701,4.1838284
1677,C19orf73,9.42504,4.5808153
1678,C19orf81,10.3477745,3.6498132
1679,C19orf84,9.460754,4.126554
1680,C19orf85,9.068831,3.917283
1681,C1D,11.099668,2.974623
1682,C1GALT1,14.325756,0.07088103
1683,C1GALT1C1L,14.240744,0.07248404
1684,C1QA,15.779839,-1.0398891
1685,C1QB,15.824611,-1.0491691
1686,C1QBP,13.047226,2.9936023
1687,C1QC,15.784203,-1.0373563
1688,C1QL1,15.640231,-0.96102506
1689,C1QL2,15.621938,-0.9515529
1690,C1QL3,15.638146,-0.9411825
1691,C1QL4,15.658834,-0.9528731
1692,C1QTNF1,15.698472,-0.9893245
1693,C1QTNF12,15.25505,-0.81737375
1694,C1QTNF2,15.874991,-1.0496273
1695,C1QTNF3,15.687819,-1.0315146
1696,C1QTNF4,15.541034,-0.87366116
1697,C1QTNF5,15.763679,-1.0451996
1698,C1QTNF6,15.637419,-0.9782607
1699,C1QTNF7,15.955123,-1.1164631
1700,C1QTNF8,15.551871,-0.8998882
1701,C1QTNF9,16.217903,-1.2253991
1702,C1QTNF9B,16.309896,-1.2558963
1703,C1R,13.707927,-2.4458826
1704,C1RL,13.72296,-2.575747
1705,C1S,13.677585,-2.4247599
1706,C1orf100,8.811709,4.2430787
1707,C1orf105,8.9768305,4.1024084
1708,C1orf109,10.792366,2.7746975
1709,C1orf112,10.377017,0.048471164
1710,C1orf115,10.247783,3.6065996
1711,C1orf122,9.987579,3.52549
1712,C1orf127,8.755221,3.1850483
1713,C1orf131,11.186196,3.3631916
1714,C1orf141,9.078284,3.906717
1715,C1orf159,9.812077,5.3823285
1716,C1orf162,9.495504,6.6302185
1717,C1orf167,8.696923,2.922558
1718,C1orf174,9.658749,3.0887382
1719,C1orf185,9.868682,4.4334435
1720,C1orf198,9.409006,3.3096197
1721,C1orf21,9.908458,3.7509296
1722,C1orf210,10.039532,5.2112174
1723,C1orf216,9.587392,3.5823107
1724,C1orf226,9.24174,3.554743
1725,C1orf232,9.89196,3.9002202
1726,C1orf43,11.328218,2.9161553
1727,C1orf50,11.4410095,2.8795304
1728,C1orf52,10.84149,3.1128
1729,C1orf53,12.959812,3.0725842
1730,C1orf54,9.487865,5.5105324
1731,C1orf74,11.842741,2.0276957
1732,C1orf87,8.583135,1.0912786
1733,C1orf94,8.323179,3.7392588
1734,C2,13.673097,-2.4032478
1735,C20orf141,9.775083,-2.4044056
1736,C20orf144,9.612741,4.0376906
1737,C20orf173,9.587181,4.4772296
1738,C20orf202,9.637506,3.803991
1739,C20orf203,9.420965,4.651001
1740,C20orf204,11.197196,5.9910564
1741,C20orf27,12.185233,2.0926247
1742,C20orf85,8.798241,4.175955
1743,C20orf96,7.617405,0.8983029
1744,C21orf58,9.271844,3.5536928
1745,C21orf62,11.627291,2.5262196
1746,C22orf15,9.3629,3.5255363
1747,C22orf23,9.274657,3.8607264
1748,C22orf31,9.26098,4.0436287
1749,C22orf39,12.368815,3.7434454
1750,C22orf42,8.909605,4.365088
1751,C2CD2,9.835525,0.42642975
1752,C2CD2L,9.782788,0.59080344
1753,C2CD3,8.80177,1.2132659
1754,C2CD4A,9.5111265,3.3145604
1755,C2CD4B,9.502996,3.3082294
1756,C2CD4C,9.368447,2.7155635
1757,C2CD4D,9.48933,3.1834404
1758,C2CD5,10.118347,0.52634716
1759,C2CD6,8.594339,1.5585123
1760,C2orf15,9.638855,4.2067666
1761,C2orf42,11.065451,2.0177097
1762,C2orf49,10.592017,3.1718178
1763,C2orf50,9.840179,3.7450304
1764,C2orf66,15.350755,-1.9223515
1765,C2orf68,9.932656,3.6268165
1766,C2orf69,11.8684435,1.5619711
1767,C2orf72,10.177987,3.2925477
1768,C2orf73,8.825325,4.1057854
1769,C2orf74,9.822713,4.8458004
1770,C2orf76,11.952875,3.381789
1771,C2orf78,8.585122,3.6400418
1772,C2orf80,10.988182,2.7854083
1773,C2orf81,8.674217,3.1702871
1774,C2orf88,9.788633,3.9643252
1775,C2orf92,9.21676,4.518561
1776,C3,12.309038,-1.4519082
1777,C3AR1,0.312412,-2.357101
1778,C3orf14,10.237692,3.7487175
1779,C3orf18,9.9191475,5.1981163
1780,C3orf20,8.708473,1.1375679
1781,C3orf22,9.429664,4.5213995
1782,C3orf33,12.15178,2.3627405
1783,C3orf38,10.886647,2.1597006
1784,C3orf49,9.44796,3.8171666
1785,C3orf56,9.288477,4.142733
1786,C3orf62,9.656033,4.31389
1787,C3orf70,9.874448,3.6217027
1788,C3orf80,9.630941,3.8216307
1789,C3orf84,8.779859,4.2568707
1790,C3orf85,10.461835,5.1265407
1791,C4A,12.32577,-1.4240353
1792,C4B,12.343692,-1.4326271
1793,C4BPA,10.801083,7.2047663
1794,C4BPB,10.820912,7.2108026
1795,C4orf17,9.049081,3.9543464
1796,C4orf19,9.329141,3.4311337
1797,C4orf3,10.41714,4.56607
1798,C4orf33,12.171946,1.9044766
1799,C4orf36,9.553517,4.4955864
1800,C4orf45,8.856634,4.086203
1801,C4orf46,10.869739,2.9523137
1802,C4orf47,8.717231,4.2808685
1803,C4orf48,15.461485,-2.0211186
1804,C4orf50,8.034674,0.7735256
1805,C4orf51,8.92936,4.247852
1806,C4orf54,8.391381,2.5428345
1807,C5,12.333216,-1.4576528
1808,C5AR1,0.1303291,-2.3567789
1809,C5AR2,0.28892392,-2.4953365
1810,C5orf22,11.5824375,1.8188155
1811,C5orf24,9.743477,3.3405526
1812,C5orf34,11.026218,1.5666736
1813,C5orf38,9.428628,4.611228
1814,C5orf46,10.674633,5.364225
1815,C5orf47,9.774434,4.152605
1816,C5orf49,8.765101,4.2402916
1817,C5orf52,9.20938,4.1574335
1818,C5orf58,10.008507,3.2370088
1819,C5orf63,9.715658,4.3436074
1820,C5orf67,9.422915,4.596364
1821,C6,13.642478,-2.1132534
1822,C6orf118,7.6693196,0.9484098
1823,C6orf120,11.870873,2.3631084
1824,C6orf132,8.563405,2.8970366
1825,C6orf136,12.580009,2.6555483
1826,C6orf141,9.546458,4.0007763
1827,C6orf15,8.811655,4.3892775
1828,C6orf163,7.551136,0.6344228
1829,C6orf223,9.436359,4.577106
1830,C6orf226,10.309599,3.526772
1831,C6orf47,9.808644,3.5234444
1832,C6orf52,9.312521,3.9038296
1833,C6orf62,11.695474,2.1415617
1834,C6orf89,13.914657,0.114253074
1835,C7,13.524138,-2.0775027
1836,C7orf25,11.4660635,1.8069233
1837,C7orf31,8.743221,4.263789
1838,C7orf33,9.459564,4.638887
1839,C7orf50,11.094208,3.3288004
1840,C7orf57,8.814057,4.2282157
1841,C7orf61,9.616723,4.2907243
1842,C7orf77,9.4562235,4.6177983
1843,C8A,13.724408,-2.1303887
1844,C8B,13.7267885,-2.185129
1845,C8G,7.6386456,-1.891782
1846,C8orf33,11.256367,3.3679688
1847,C8orf34,9.093167,3.1271808
1848,C8orf48,9.160616,3.8249679
1849,C8orf58,9.463915,3.6690953
1850,C8orf74,10.033078,3.708473
1851,C8orf76,11.253978,1.9729571
1852,C8orf82,10.145125,3.3311062
1853,C8orf86,9.447401,4.6715145
1854,C8orf88,9.627471,3.7414644
1855,C8orf89,9.153264,3.847159
1856,C9,13.753803,-1.9360459
1857,C9orf131,8.596777,3.7033048
1858,C9orf152,9.370068,3.93044
1859,C9orf153,9.613358,4.2491946
1860,C9orf40,10.108113,3.2787478
1861,C9orf43,9.008395,3.94608
1862,C9orf50,9.4191265,3.873323
1863,C9orf57,14.41238,-1.9711689
1864,C9orf64,12.4038515,1.8757701
1865,C9orf72,10.965183,1.3570577
1866,C9orf78,10.793434,3.306483
1867,C9orf85,11.438143,3.1267798
1868,C9orf92,9.448139,4.6487727
1869,CA1,13.019227,0.48260105
1870,CA10,13.031647,0.37054336
1871,CA11,13.109533,-0.1210539
1872,CA12,13.187538,-0.011121643
1873,CA13,12.962071,0.47102275
1874,CA14,13.138771,0.03419424
1875,CA2,13.029961,0.49794778
1876,CA3,13.0338545,0.4294175
1877,CA4,13.045714,0.15190808
1878,CA5A,13.053366,0.4207999
1879,CA6,13.233812,-0.10536753
1880,CA7,13.0103655,0.4413508
1881,CA8,12.5374155,1.0067437
1882,CA9,13.106123,-0.075586565
1883,CAAP1,10.136199,2.8063645
1884,CAB39,10.610423,0.25679561
1885,CAB39L,10.598692,0.30939832
1886,CABCOCO1,8.05577,0.9522612
1887,CABIN1,9.852324,-0.4296744
1888,CABLES1,9.456879,2.0328178
1889,CABLES2,9.76061,2.4823596
1890,CABP1,5.3356504,-0.36946845
1891,CABP2,5.335864,-0.36540672
1892,CABP4,5.3715744,-0.33095002
1893,CABP5,5.3405023,-0.36254263
1894,CABP7,5.355795,-0.3556294
1895,CABS1,8.971316,4.0682697
1896,CABYR,8.8048115,4.002567
1897,CACFD1,9.134448,-2.8704915
1898,CACHD1,12.791501,-1.1115909
1899,CACNA1A,11.551616,-2.9170854
1900,CACNA1B,11.579282,-2.9398713
1901,CACNA1D,11.544949,-2.9025648
1902,CACNA1G,11.5535555,-2.9096758
1903,CACNA1H,11.595924,-2.8983045
1904,CACNA1I,11.546606,-2.8727531
1905,CACNA1S,11.5812645,-2.8949773
1906,CACNA2D1,12.4001465,-1.3293031
1907,CACNA2D2,12.699786,-1.1897669
1908,CACNA2D3,12.582419,-1.2582232
1909,CACNA2D4,12.581117,-1.1982673
1910,CACNB1,9.205578,1.1853123
1911,CACNB2,8.961273,0.9311242
1912,CACNB3,9.158118,1.1477867
1913,CACNB4,9.175326,0.97138286
1914,CACNG1,8.468749,-3.2393134
1915,CACNG2,8.442472,-3.2470472
1916,CACNG3,8.453611,-3.2387176
1917,CACNG4,8.49281,-3.1900697
1918,CACNG5,8.50169,-3.1839182
1919,CACNG6,8.416917,-3.2303543
1920,CACNG7,8.484454,-3.2047198
1921,CACNG8,10.447763,-2.1536546
1922,CACTIN,10.314919,2.8810549
1923,CACUL1,10.600921,2.338767
1924,CACYBP,11.470559,2.7528684
1925,CAD,9.822556,-0.5385915
1926,CADM1,12.162768,-1.7043059
1927,CADM2,12.127314,-1.696661
1928,CADM3,9.98971,6.30066
1929,CADM4,10.004245,6.358383
1930,CADPS,9.822461,0.4214543
1931,CADPS2,10.032156,0.43316492
1932,CAGE1,7.651738,0.81509715
1933,CALB1,5.3616714,-0.3541501
1934,CALB2,5.338048,-0.3180292
1935,CALCA,15.519506,-2.0407646
1936,CALCB,15.500624,-2.0319839
1937,CALCOCO1,7.687155,0.40131238
1938,CALCOCO2,7.849877,0.4329212
1939,CALCR,11.070809,-3.1936579
1940,CALCRL,11.0216465,-3.1970797
1941,CALD1,8.630234,1.7490973
1942,CALHM1,10.008138,-2.2143245
1943,CALHM2,9.840434,-2.1533375
1944,CALHM3,9.984118,-2.1688952
1945,CALHM4,9.838238,-2.1966136
1946,CALHM5,9.898873,-2.1123981
1947,CALHM6,9.839474,-2.151569
1948,CALM1,5.319808,-0.3874833
1949,CALM2,5.2966685,-0.4156253
1950,CALM3,5.315944,-0.38919136
1951,CALML3,5.3557854,-0.3581242
1952,CALML4,5.4319034,-0.300937
1953,CALML5,5.346636,-0.3612717
1954,CALML6,5.3107896,-0.38728327
1955,CALN1,5.3801312,-0.34644347
1956,CALR,12.701278,0.14044818
1957,CALR3,12.62931,0.18816769
1958,CALU,12.8684,-0.47567916
1959,CALY,9.9749,5.311866
1960,CAMK1,12.71162,7.7654133
1961,CAMK1D,12.825548,7.638296
1962,CAMK1G,12.702159,7.7542624
1963,CAMK2A,12.882451,7.650247
1964,CAMK2B,12.870204,7.6573796
1965,CAMK2D,12.868103,7.639102
1966,CAMK2G,12.8720455,7.6745524
1967,CAMK2N1,9.78751,4.0554137
1968,CAMK2N2,9.719032,4.1632066
1969,CAMK4,12.806767,7.6515493
1970,CAMKK1,12.8952675,7.5630426
1971,CAMKK2,12.845715,7.6197734
1972,CAMKMT,11.871289,1.9110278
1973,CAMKV,12.714153,7.684273
1974,CAMLG,10.33325,2.9036613
1975,CAMP,7.637487,-1.8049965
1976,CAMSAP1,8.596788,1.1329464
1977,CAMSAP2,8.645209,1.0651006
1978,CAMSAP3,8.414501,1.296973
1979,CAMTA1,8.097999,2.304687
1980,CAMTA2,9.489413,0.9664729
1981,CAND1,10.44668,-0.033979364
1982,CAND2,10.434506,0.08080204
1983,CANT1,13.991019,0.24743736
1984,CANX,12.64353,0.11307083
1985,CAP1,8.551451,1.5319575
1986,CAP2,8.457405,1.4427528
1987,CAPG,10.481063,0.9059748
1988,CAPN1,11.548973,0.4172619
1989,CAPN10,11.591206,0.65781003
1990,CAPN11,11.509821,0.4150265
1991,CAPN12,11.49383,0.4672803
1992,CAPN13,11.577635,0.43962842
1993,CAPN14,11.582645,0.39947158
1994,CAPN15,9.193828,1.9885199
1995,CAPN2,11.514913,0.4884502
1996,CAPN3,11.5443945,0.42375627
1997,CAPN5,11.38076,0.4888783
1998,CAPN7,11.956453,-0.68820894
1999,CAPN8,11.587302,0.4201542
2000,CAPN9,11.583718,0.4425167
2001,CAPNS1,5.603101,-0.15398201
2002,CAPNS2,5.558815,-0.19197617
2003,CAPRIN1,7.588176,2.6650476
2004,CAPRIN2,8.080984,2.3396616
2005,CAPS,5.5662866,-0.21340461
2006,CAPS2,9.2194805,1.203969
2007,CAPSL,5.413121,-0.310209
2008,CAPZA1,11.238132,2.1066449
2009,CAPZA2,11.190287,2.0374417
2010,CAPZA3,11.276294,2.2514436
2011,CAPZB,11.407587,2.4027972
2012,CARD10,8.277247,0.7760322
2013,CARD11,8.346684,0.68883896
2014,CARD14,8.33297,0.74076194
2015,CARD16,11.61967,1.0711769
2016,CARD18,11.16465,2.420925
2017,CARD19,8.8454895,3.9732113
2018,CARD6,9.034469,3.075837
2019,CARD8,11.700806,0.41622987
2020,CARD9,7.9715915,0.58981824
2021,CARF,7.0255013,3.0963926
2022,CARHSP1,10.689049,2.6152854
2023,CARM1,10.650134,2.0939116
2024,CARMIL1,9.217114,1.2195352
2025,CARMIL2,9.0774,1.1205422
2026,CARMIL3,9.083592,1.1626167
2027,CARNMT1,11.825405,2.054986
2028,CARNS1,11.445009,0.7452767
2029,CARS2,12.522189,1.331192
2030,CARTPT,15.414206,-1.9770445
2031,CASC3,7.6159525,2.446737
2032,CASD1,10.2888565,-2.9458888
2033,CASKIN1,8.648932,1.364053
2034,CASKIN2,8.788367,1.312445
2035,CASP1,11.686904,0.64738345
2036,CASP10,11.537291,0.6525684
2037,CASP12,11.72989,0.69755435
2038,CASP14,11.721067,0.6371672
2039,CASP2,11.582808,1.1904392
2040,CASP3,11.759501,0.7726619
2041,CASP4,11.729039,0.6746231
2042,CASP5,11.747975,0.6227345
2043,CASP6,11.785667,0.92204607
2044,CASP7,11.78687,0.76929086
2045,CASP8,11.609109,0.6289495
2046,CASP8AP2,8.022186,1.9316711
2047,CASP9,11.733565,1.3746419
2048,CASQ1,12.720122,-0.0031666078
2049,CASQ2,12.651462,0.059543606
2050,CASR,11.25018,-2.6720228
2051,CASS4,9.11243,1.5426624
2052,CAST,8.84316,2.6992342
2053,CASTOR1,11.407325,1.6413099
2054,CASTOR2,10.787421,1.7769506
2055,CASZ1,6.3097506,2.8653626
2056,CAT,13.2890215,1.2877376
2057,CATIP,10.740959,1.0859785
2058,CATSPER1,8.701678,3.9853246
2059,CATSPER2,10.57215,-2.5266285
2060,CATSPER3,10.504034,-2.481616
2061,CATSPER4,10.5854025,-2.5967493
2062,CATSPERB,11.870941,-0.12972763
2063,CATSPERD,11.864262,-0.050960954
2064,CATSPERE,11.899704,-0.15438792
2065,CATSPERG,11.889216,-0.15575363
2066,CATSPERZ,10.0065775,3.7423706
2067,CAV1,10.189893,4.2819996
2068,CAV2,10.179582,4.314199
2069,CAV3,10.190287,4.342714
2070,CAVIN1,9.723008,3.4156637
2071,CAVIN2,9.674654,3.459253
2072,CAVIN3,9.893563,3.471908
2073,CAVIN4,9.732301,3.271462
2074,CBARP,9.31231,3.5209098
2075,CBFA2T2,8.037676,2.7744133
2076,CBFA2T3,8.169465,2.7037132
2077,CBFB,10.095802,1.7624046
2078,CBL,8.637123,1.726805
2079,CBLB,8.396802,1.5542263
2080,CBLC,9.914968,1.3609813
2081,CBLIF,13.743032,-0.7987294
2082,CBLL1,7.5268936,2.3483787
2083,CBLN1,15.577138,-0.90471053
2084,CBLN2,15.564158,-0.9049994
2085,CBLN3,15.451847,-0.91132957
2086,CBLN4,15.593574,-0.919496
2087,CBR1,13.09059,1.6748807
2088,CBR3,12.833278,1.7467402
2089,CBR4,13.498681,1.363135
2090,CBS,13.410931,1.8461387
2091,CBWD1,12.526082,1.9300067
2092,CBWD2,12.469767,1.8990041
2093,CBWD3,12.5142765,1.8818727
2094,CBWD5,12.395513,1.8645871
2095,CBWD6,12.423755,1.8459926
2096,CBX1,10.544653,3.553066
2097,CBX2,8.885293,2.8494837
2098,CBX3,10.832692,3.5515509
2099,CBX4,8.834186,2.7786186
2100,CBX5,10.555149,3.6022413
2101,CBX6,9.3687105,2.9732304
2102,CBX7,9.431368,2.8674884
2103,CBX8,8.944025,2.886916
2104,CBY1,9.822349,3.3719583
2105,CBY3,9.448089,4.185785
2106,CC2D1A,10.069207,1.6883706
2107,CC2D1B,10.024556,1.9423578
2108,CC2D2A,8.379556,0.888023
2109,CC2D2B,9.059426,1.117932
2110,CCAR1,7.5509367,2.2889547
2111,CCAR2,10.347534,1.4165962
2112,CCBE1,13.55719,-1.9707794
2113,CCDC102A,7.9161916,0.5214166
2114,CCDC102B,7.6165853,0.42927563
2115,CCDC103,10.666134,2.8937228
2116,CCDC105,7.2524595,1.0507245
2117,CCDC106,9.699066,3.3775947
2118,CCDC107,10.072114,3.883428
2119,CCDC110,7.7168946,0.93878794
2120,CCDC112,8.024505,1.1996261
2121,CCDC113,7.519955,0.91140133
2122,CCDC115,11.235629,3.0277283
2123,CCDC116,8.510941,2.942412
2124,CCDC117,9.680508,3.2913356
2125,CCDC12,10.842333,3.439557
2126,CCDC121,7.6464615,0.75935465
2127,CCDC122,7.620082,0.7333534
2128,CCDC124,10.942765,3.4605112
2129,CCDC125,7.9638195,0.7254616
2130,CCDC126,11.033176,1.6069704
2131,CCDC127,10.211323,3.8118472
2132,CCDC13,7.8725615,0.5961112
2133,CCDC134,10.738369,2.6213276
2134,CCDC136,7.636676,0.44696498
2135,CCDC137,11.266742,3.3994298
2136,CCDC138,10.055827,1.3727444
2137,CCDC14,8.092068,1.0708047
2138,CCDC140,9.474355,4.644953
2139,CCDC141,9.489686,1.0088878
2140,CCDC142,10.913748,0.78386605
2141,CCDC144A,6.918256,-0.05648945
2142,CCDC146,7.514847,0.7640982
2143,CCDC148,7.87621,1.0167241
2144,CCDC149,8.187403,0.8528607
2145,CCDC15,8.295155,1.8751811
2146,CCDC150,7.4457803,0.3151038
2147,CCDC152,7.611109,0.55619484
2148,CCDC153,7.473081,0.8795992
2149,CCDC154,7.611938,0.63749033
2150,CCDC157,7.8335757,0.81722826
2151,CCDC158,7.382447,0.32669163
2152,CCDC159,9.408079,3.6735826
2153,CCDC163,9.692692,4.3529825
2154,CCDC166,10.082069,3.4929917
2155,CCDC167,11.296607,4.109166
2156,CCDC169,8.003569,0.79987496
2157,CCDC17,9.010658,3.1022236
2158,CCDC170,7.449152,0.5402734
2159,CCDC171,7.461024,0.30059457
2160,CCDC172,7.6235986,0.76039237
2161,CCDC174,10.779156,3.3254526
2162,CCDC175,7.5829983,0.7393176
2163,CCDC177,7.8157563,0.82293415
2164,CCDC178,7.597096,0.8095065
2165,CCDC179,9.581655,4.436524
2166,CCDC18,7.4181213,0.30320087
2167,CCDC180,8.037827,0.8423638
2168,CCDC181,8.051756,1.3039867
2169,CCDC182,10.063981,3.6605415
2170,CCDC183,7.4451246,0.881136
2171,CCDC184,9.783137,3.5360193
2172,CCDC185,7.744541,0.98190206
2173,CCDC186,7.5632114,0.33563364
2174,CCDC187,8.54054,2.7688773
2175,CCDC188,9.495529,3.6481621
2176,CCDC190,9.300432,3.7027996
2177,CCDC191,8.01179,1.1933147
2178,CCDC192,7.6351213,0.5960751
2179,CCDC194,10.099722,3.5325897
2180,CCDC195,9.399961,3.8488646
2181,CCDC196,7.3947334,0.82107216
2182,CCDC197,10.165289,3.611369
2183,CCDC198,8.951469,3.970106
2184,CCDC200,7.5339575,2.8959277
2185,CCDC201,9.486145,4.0704765
2186,CCDC24,9.536922,3.4543192
2187,CCDC25,10.860886,3.339181
2188,CCDC27,7.8419166,0.9171279
2189,CCDC28A,10.375603,3.2575505
2190,CCDC28B,10.405887,3.4483547
2191,CCDC3,13.6758995,-1.1193116
2192,CCDC30,7.5454874,0.40498373
2193,CCDC32,9.620465,4.0849247
2194,CCDC33,8.078634,0.8653646
2195,CCDC34,8.015123,1.243485
2196,CCDC38,7.6650887,0.9021786
2197,CCDC40,7.512504,0.8065647
2198,CCDC42,7.5200176,0.8889391
2199,CCDC43,10.769068,3.2171173
2200,CCDC47,11.29971,3.1098773
2201,CCDC50,9.384427,1.9040002
2202,CCDC51,12.647234,2.5736609
2203,CCDC54,9.644583,4.1690593
2204,CCDC57,7.631731,0.49178252
2205,CCDC59,11.104356,3.394834
2206,CCDC6,8.209314,0.8771595
2207,CCDC60,8.897874,3.9138672
2208,CCDC61,8.640447,1.2533216
2209,CCDC62,7.9590273,0.8844624
2210,CCDC63,7.4544754,0.8372868
2211,CCDC65,7.4881687,0.83279747
2212,CCDC66,8.168298,1.5244476
2213,CCDC68,7.7464924,0.58165836
2214,CCDC69,7.7431273,0.5355776
2215,CCDC7,8.463709,1.4844626
2216,CCDC70,9.616818,4.3562765
2217,CCDC71,8.659524,3.7139866
2218,CCDC71L,9.685616,3.3998916
2219,CCDC73,7.8414288,1.015671
2220,CCDC74A,9.222545,3.7817547
2221,CCDC74B,9.1950035,3.814591
2222,CCDC77,7.7095633,0.49206683
2223,CCDC78,7.602856,0.9384298
2224,CCDC8,9.088858,3.5093384
2225,CCDC81,7.7526135,0.98918545
2226,CCDC82,9.298725,2.4990025
2227,CCDC83,7.5397983,0.8498525
2228,CCDC85A,8.736317,1.1222064
2229,CCDC85B,9.918348,3.4569747
2230,CCDC86,11.319004,3.2586122
2231,CCDC87,9.083145,2.687135
2232,CCDC88A,7.8810997,0.241215
2233,CCDC88B,7.681731,0.515189
2234,CCDC88C,7.5718527,0.28457907
2235,CCDC89,7.6427045,0.47099894
2236,CCDC9,8.621983,2.8330925
2237,CCDC90B,11.164293,2.88481
2238,CCDC91,7.586154,0.50262624
2239,CCDC92,8.189908,0.77551657
2240,CCDC93,7.9221606,0.709377
2241,CCDC96,7.509403,0.8319261
2242,CCDC97,10.602233,3.168037
2243,CCDC9B,8.74535,3.0190911
2244,CCER1,9.507512,3.2751362
2245,CCER2,9.109916,4.4077888
2246,CCHCR1,7.6347127,0.5220696
2247,CCIN,13.162863,-4.810539
2248,CCK,15.481488,-2.0166142
2249,CCKAR,0.67037165,-2.2759385
2250,CCKBR,0.67684364,-2.3585925
2251,CCL1,16.342045,-4.0939436
2252,CCL11,16.344027,-4.094986
2253,CCL13,16.326931,-4.079106
2254,CCL14,16.370438,-4.1239114
2255,CCL15,16.354448,-4.10843
2256,CCL16,16.314692,-4.0632954
2257,CCL17,16.349667,-4.1018286
2258,CCL18,16.346767,-4.099075
2259,CCL19,16.343157,-4.0935383
2260,CCL2,16.355917,-4.1086793
2261,CCL20,16.277887,-4.0295234
2262,CCL21,16.287119,-4.0334163
2263,CCL22,16.336622,-4.0872154
2264,CCL23,16.356625,-4.1100836
2265,CCL24,16.333061,-4.082553
2266,CCL25,16.373096,-4.1246095
2267,CCL26,16.35564,-4.1079764
2268,CCL27,16.329615,-4.078784
2269,CCL28,16.31435,-4.05733
2270,CCL3,16.355742,-4.109897
2271,CCL3L1,16.359945,-4.113923
2272,CCL4,16.4182,-4.1725283
2273,CCL4L2,16.364552,-4.1188917
2274,CCL5,16.35595,-4.110027
2275,CCL7,16.34501,-4.0967994
2276,CCL8,16.345047,-4.0966997
2277,CCM2,10.007337,1.3545145
2278,CCM2L,9.369024,2.3858917
2279,CCN1,13.956745,-1.8212866
2280,CCN2,13.934211,-1.8168966
2281,CCN3,13.931992,-1.7785758
2282,CCN4,13.933447,-1.8034494
2283,CCN5,13.90018,-1.8718804
2284,CCN6,14.105839,-1.8702787
2285,CCNA1,9.657079,2.3469677
2286,CCNA2,9.610678,2.3570871
2287,CCNB1,9.529484,2.3260586
2288,CCNB1IP1,10.385269,2.5986452
2289,CCNB2,9.559694,2.2856946
2290,CCNC,11.08075,2.322573
2291,CCND1,10.541823,2.26193
2292,CCND2,10.574438,2.2259412
2293,CCND3,10.579079,2.2951314
2294,CCNDBP1,11.124226,2.7061164
2295,CCNE1,10.430556,2.2275317
2296,CCNE2,10.443556,2.318299
2297,CCNF,9.255925,1.9369535
2298,CCNG1,10.669863,2.3179317
2299,CCNG2,10.634234,2.2554731
2300,CCNH,11.304974,2.2643447
2301,CCNI,10.605077,2.3082795
2302,CCNI2,10.613274,2.2894318
2303,CCNJ,10.571803,2.1923785
2304,CCNJL,10.618432,2.115464
2305,CCNK,7.5152855,2.3690245
2306,CCNL1,6.824108,1.7384387
2307,CCNL2,6.8666177,1.7485212
2308,CCNO,10.547201,2.3513682
2309,CCNT1,8.535043,2.2839694
2310,CCNT2,8.255609,2.313373
2311,CCNY,10.436981,1.2106831
2312,CCNYL1,10.428762,1.3131452
2313,CCP110,8.655832,2.0886285
2314,CCPG1,8.100764,0.7743793
2315,CCR1,0.13419147,-2.320968
2316,CCR10,0.33466575,-2.4877014
2317,CCR2,0.17787214,-2.3382003
2318,CCR3,0.21944107,-2.3358016
2319,CCR4,0.1423405,-2.326912
2320,CCR5,0.15257925,-2.327148
2321,CCR6,0.15123291,-2.3319716
2322,CCR7,0.20587571,-2.3596132
2323,CCR8,0.13687503,-2.3306468
2324,CCR9,0.18386312,-2.3323183
2325,CCRL2,0.13580741,-2.34147
2326,CCS,12.546476,2.0926552
2327,CCSAP,9.354673,3.3961706
2328,CCSER1,8.393683,1.9945215
2329,CCSER2,8.236823,1.9657016
2330,CCT2,14.224034,2.5361807
2331,CCT3,14.253762,2.5518696
2332,CCT4,14.235209,2.5437062
2333,CCT5,14.254726,2.5219648
2334,CCT6A,14.22578,2.5489178
2335,CCT6B,14.222923,2.5415308
2336,CCT7,14.2486,2.5510595
2337,CCT8,14.285651,2.5787032
2338,CCT8L2,12.006069,1.4987078
2339,CCZ1,11.388154,1.932731
2340,CCZ1B,11.317126,1.8713828
2341,CD101,9.761066,6.7701225
2342,CD109,12.385877,-1.321687
2343,CD14,15.618321,4.6054354
2344,CD151,8.283336,-2.8149264
2345,CD160,9.623861,6.7172933
2346,CD163,13.299255,-2.0340793
2347,CD163L1,13.277503,-2.0161538
2348,CD164,9.260691,5.588373
2349,CD164L2,10.097246,5.6906896
2350,CD177,14.499407,-2.0049
2351,CD180,15.656053,4.6033263
2352,CD19,9.57338,6.409585
2353,CD1A,8.339872,9.611822
2354,CD1B,8.334629,9.629731
2355,CD1C,8.323496,9.649901
2356,CD1D,8.324061,9.649935
2357,CD1E,8.342669,9.610314
2358,CD2,9.613903,6.7342944
2359,CD200,9.764217,6.640616
2360,CD200R1,9.728905,6.698841
2361,CD200R1L,9.7391405,6.6960483
2362,CD207,7.072499,-4.371706
2363,CD209,7.1186256,-4.311422
2364,CD22,9.640656,7.03183
2365,CD24,9.743121,5.471072
2366,CD244,9.550406,6.829178
2367,CD247,9.514709,6.379947
2368,CD248,13.332314,-1.3738303
2369,CD27,9.8258915,5.838865
2370,CD274,9.690066,6.7722945
2371,CD276,9.903488,6.4836817
2372,CD28,9.602348,6.7532363
2373,CD2AP,8.781358,1.5311108
2374,CD2BP2,10.660337,3.1188455
2375,CD300A,9.380741,7.1972623
2376,CD300C,9.389094,7.183782
2377,CD300E,9.341788,7.2493696
2378,CD300H,9.416979,7.1060615
2379,CD300LB,9.421486,7.1153903
2380,CD300LD,9.409438,7.1119084
2381,CD300LF,9.400824,7.1631813
2382,CD300LG,9.387336,7.1632867
2383,CD302,13.34764,-0.17433946
2384,CD320,9.905066,5.897985
2385,CD33,9.357677,7.2617736
2386,CD34,9.247889,5.562745
2387,CD36,12.604264,-0.690392
2388,CD37,8.288617,-2.8291905
2389,CD38,12.849057,-0.1377593
2390,CD3D,9.628038,6.7497535
2391,CD3E,9.501174,6.817055
2392,CD3G,9.591444,6.779812
2393,CD4,9.718323,6.8249755
2394,CD40,9.824759,5.8998475
2395,CD44,9.438484,5.357049
2396,CD46,10.773,7.1564116
2397,CD47,9.99998,6.262498
2398,CD48,9.624009,6.815605
2399,CD5,9.830373,6.499633
2400,CD52,9.854913,5.441583
2401,CD53,8.311018,-2.8234031
2402,CD55,10.732023,7.089788
2403,CD58,9.684891,6.765806
2404,CD59,14.525252,-2.022135
2405,CD5L,13.462522,-2.0930066
2406,CD6,9.865938,6.4011183
2407,CD63,8.254523,-2.8024144
2408,CD68,9.209898,5.621037
2409,CD69,7.036279,-4.415438
2410,CD7,9.553168,6.8447876
2411,CD70,15.633557,-0.7655937
2412,CD72,7.069684,-4.3709016
2413,CD74,12.267518,-0.13598898
2414,CD79A,9.702005,6.6537957
2415,CD79B,9.661004,6.7358227
2416,CD80,9.711618,6.721964
2417,CD81,8.263102,-2.8248477
2418,CD82,8.278163,-2.81923
2419,CD83,9.763031,6.626265
2420,CD84,9.55949,6.6831546
2421,CD86,9.667187,6.727804
2422,CD8A,9.510238,6.8569164
2423,CD8B,9.539042,6.86265
2424,CD8B2,9.417481,6.9976654
2425,CD9,8.252548,-2.8077781
2426,CD93,13.394475,-1.4829524
2427,CD96,9.688217,6.687032
2428,CDA,12.169333,2.3349745
2429,CDADC1,11.171503,2.0827568
2430,CDAN1,10.542428,0.74208087
2431,CDC123,11.48655,1.6092367
2432,CDC14A,9.770863,1.2038779
2433,CDC14B,10.294194,1.420757
2434,CDC14C,11.034836,2.1695826
2435,CDC16,11.066222,-0.016479837
2436,CDC20,12.421492,5.11894
2437,CDC20B,12.426852,5.074607
2438,CDC23,11.159469,-0.0012378473
2439,CDC25A,9.1649475,2.5279238
2440,CDC25B,9.232046,2.5283442
2441,CDC25C,9.112698,2.4998622
2442,CDC26,10.740054,3.511628
2443,CDC27,11.076518,0.008577207
2444,CDC34,11.32221,-0.7520505
2445,CDC37,10.967242,3.0152016
2446,CDC37L1,10.842325,2.5660427
2447,CDC40,12.318143,4.9538803
2448,CDC42,7.5189557,-7.111711
2449,CDC42BPA,8.14729,0.24363251
2450,CDC42BPB,8.101858,0.24705136
2451,CDC42BPG,8.227698,0.5698748
2452,CDC42EP1,9.141104,3.4093275
2453,CDC42EP2,9.115907,3.4631796
2454,CDC42EP3,9.021949,3.4239004
2455,CDC42EP4,9.08706,3.4947145
2456,CDC42EP5,7.951846,4.05355
2457,CDC42SE1,9.9489765,3.625052
2458,CDC42SE2,10.097553,1.4908496
2459,CDC45,11.479265,1.6029229
2460,CDC5L,10.717896,3.1656399
2461,CDC6,9.285513,2.1761875
2462,CDC7,10.471682,2.1328826
2463,CDC73,10.5384,2.4226859
2464,CDCA2,8.931939,2.485137
2465,CDCA3,9.046809,2.784929
2466,CDCA4,8.591441,3.5344386
2467,CDCA5,9.128315,2.6232505
2468,CDCA7,9.756316,2.3475618
2469,CDCA7L,9.753666,2.323832
2470,CDCA8,9.021201,2.5571756
2471,CDCP1,9.831792,6.572242
2472,CDCP2,13.05304,-0.27509347
2473,CDH1,12.259218,-4.3899393
2474,CDH10,12.27181,-4.4022746
2475,CDH11,12.274349,-4.399959
2476,CDH12,12.271079,-4.4028964
2477,CDH13,12.274787,-4.396268
2478,CDH15,12.274407,-4.3658614
2479,CDH16,12.282801,-4.2708607
2480,CDH17,12.279087,-4.327305
2481,CDH18,12.278646,-4.3999467
2482,CDH19,12.277184,-4.3968844
2483,CDH2,12.270255,-4.391854
2484,CDH20,12.27449,-4.4008665
2485,CDH22,12.279428,-4.3766365
2486,CDH23,12.247017,-2.0006168
2487,CDH24,12.27672,-4.3794146
2488,CDH26,12.27514,-4.380592
2489,CDH3,12.273195,-4.3839116
2490,CDH4,12.278971,-4.3998065
2491,CDH5,12.2768345,-4.3855667
2492,CDH6,12.298699,-4.405015
2493,CDH7,12.279066,-4.379457
2494,CDH8,12.280657,-4.3999023
2495,CDH9,12.276874,-4.4064646
2496,CDHR1,12.29249,-4.3089213
2497,CDHR2,12.296136,-4.236186
2498,CDHR3,12.280936,-4.340355
2499,CDHR4,12.315598,-4.1752205
2500,CDHR5,13.372857,-1.2520463
2501,CDIP1,9.656751,4.8585153
2502,CDIPT,9.39673,-3.1439488
2503,CDK1,12.691325,7.7652054
2504,CDK10,12.755753,7.6996584
2505,CDK11A,10.1325035,2.7666926
2506,CDK11B,10.261779,2.7112224
2507,CDK12,7.66424,2.2014892
2508,CDK13,7.911401,2.2113216
2509,CDK14,12.865957,7.648087
2510,CDK15,12.849955,7.6272626
2511,CDK17,12.952226,7.509011
2512,CDK18,12.881362,7.602453
2513,CDK19,12.822585,7.6757464
2514,CDK2,12.731995,7.754384
2515,CDK20,12.734547,7.7696958
2516,CDK2AP1,10.384155,3.0443475
2517,CDK2AP2,10.509315,3.2154732
2518,CDK3,12.733222,7.7905955
2519,CDK4,12.794094,7.7930617
2520,CDK5,12.709826,7.816519
2521,CDK5R1,9.758291,2.638632
2522,CDK5R2,9.868271,2.866273
2523,CDK5RAP1,12.21736,1.7515016
2524,CDK5RAP2,7.522725,0.26035103
2525,CDK5RAP3,10.379079,0.5810167
2526,CDK6,12.837881,7.677138
2527,CDK7,12.706022,7.798077
2528,CDK8,12.840178,7.7191586
2529,CDK9,12.73685,7.794735
2530,CDKAL1,11.937382,1.6031755
2531,CDKL1,12.747872,7.7263517
2532,CDKL2,12.682768,7.716492
2533,CDKL3,12.69902,7.729101
2534,CDKL4,12.676135,7.8294926
2535,CDKN1A,9.408418,3.2542942
2536,CDKN1B,9.62375,3.0988157
2537,CDKN1C,8.879842,3.5934346
2538,CDKN2A,13.8130665,5.364662
2539,CDKN2AIP,9.214103,2.7966833
2540,CDKN2AIPNL,10.863575,2.920758
2541,CDKN2B,13.827954,5.366877
2542,CDKN2C,13.82226,5.3561473
2543,CDKN2D,13.816986,5.3515797
2544,CDKN3,11.763217,2.0369315
2545,CDNF,12.913379,-0.3145406
2546,CDO1,12.584372,2.1045904
2547,CDON,12.297779,-1.5340425
2548,CDPF1,11.749393,3.0655036
2549,CDR2,8.110404,0.6951104
2550,CDR2L,8.081664,0.62299925
2551,CDRT15,9.328514,4.117459
2552,CDRT15L2,9.308614,4.1117225
2553,CDRT4,9.13776,4.0809813
2554,CDS1,9.851391,-3.1289392
2555,CDS2,9.622814,-2.980016
2556,CDSN,8.664621,4.0917974
2557,CDT1,9.672123,2.6233351
2558,CDV3,9.999758,2.8385398
2559,CDX1,6.7264743,4.593781
2560,CDX2,6.730427,4.4629374
2561,CDYL,9.945765,1.9050852
2562,CDYL2,10.012969,1.6623516
2563,CEACAM1,9.643574,7.9898753
2564,CEACAM16,9.8701515,6.8896227
2565,CEACAM18,9.755321,6.806066
2566,CEACAM19,9.669733,6.697203
2567,CEACAM20,9.888279,6.9277916
2568,CEACAM21,9.496514,7.5148516
2569,CEACAM3,9.44297,7.2841773
2570,CEACAM4,9.467855,7.240606
2571,CEACAM5,9.649717,8.022483
2572,CEACAM6,9.648095,8.0094795
2573,CEACAM7,9.646524,8.000152
2574,CEACAM8,9.6589,8.027491
2575,CEBPA,7.5703354,4.1178975
2576,CEBPB,7.739716,4.086267
2577,CEBPD,7.745657,4.119899
2578,CEBPE,7.8467607,4.0961833
2579,CEBPG,8.1085205,4.0062947
2580,CEBPZ,11.33078,3.1446428
2581,CEBPZOS,13.577591,3.920535
2582,CECR2,7.741342,2.325516
2583,CEL,13.308925,-0.3850083
2584,CELA1,14.071313,-3.4634416
2585,CELA2A,14.114745,-3.5414765
2586,CELA2B,14.115489,-3.536968
2587,CELA3A,14.131,-3.5508363
2588,CELA3B,14.122931,-3.5438075
2589,CELF1,6.981757,3.047719
2590,CELF2,6.988937,3.1137705
2591,CELF3,6.969522,3.0553603
2592,CELF4,6.983967,3.1189861
2593,CELF5,6.9714627,3.1139042
2594,CELF6,6.990587,3.1027763
2595,CELSR1,12.364541,-2.0832648
2596,CELSR2,12.2623005,-2.0639029
2597,CELSR3,12.269435,-2.0459883
2598,CEMIP,12.609393,-1.2789524
2599,CEMIP2,12.522396,-1.2190715
2600,CEMP1,9.440118,4.608378
2601,CEND1,9.845039,4.133294
2602,CENPA,10.644003,2.7786708
2603,CENPB,9.270962,3.1366048
2604,CENPC,8.926055,2.2271836
2605,CENPE,7.444524,0.29640424
2606,CENPF,7.419001,0.23597677
2607,CENPH,10.5649185,2.7769217
2608,CENPJ,8.617993,2.0750942
2609,CENPK,9.646795,2.5871525
2610,CENPL,10.892788,1.8198837
2611,CENPM,11.759641,2.3928542
2612,CENPN,11.160865,2.650488
2613,CENPO,10.83985,2.2046978
2614,CENPP,11.174896,2.3544185
2615,CENPQ,9.60273,2.5321205
2616,CENPS,11.123939,2.89134
2617,CENPT,8.992234,2.8172195
2618,CENPU,9.156292,2.5294752
2619,CENPV,10.780537,2.7315564
2620,CENPW,11.209376,2.9082892
2621,CENPX,11.847668,3.2972143
2622,CEP104,9.593834,1.4940065
2623,CEP112,7.3936996,0.30480948
2624,CEP120,8.578877,0.8709322
2625,CEP126,8.334353,1.7600498
2626,CEP128,7.4564433,0.32541853
2627,CEP131,7.745506,0.52868825
2628,CEP135,7.4045057,0.2901001
2629,CEP152,7.530929,0.36733043
2630,CEP162,7.6401114,0.40100262
2631,CEP164,7.7347145,0.56760615
2632,CEP170,8.45195,1.6209975
2633,CEP170B,8.510227,1.6901757
2634,CEP19,10.338487,3.2040944
2635,CEP192,8.56464,2.108368
2636,CEP290,7.398316,0.23305742
2637,CEP295,8.255072,1.7667081
2638,CEP295NL,8.7923975,3.1265557
2639,CEP41,11.4447365,1.7515228
2640,CEP44,9.730165,2.315325
2641,CEP55,7.5223894,0.31868783
2642,CEP57,7.9365616,0.7739009
2643,CEP63,7.5268674,0.38055834
2644,CEP68,8.895221,2.2860858
2645,CEP70,7.7149963,0.41293365
2646,CEP72,8.698089,1.7095772
2647,CEP76,11.025307,1.5837818
2648,CEP78,9.175736,1.5973277
2649,CEP83,7.3957467,0.31564778
2650,CEP85,7.7496414,0.6028815
2651,CEP85L,7.928896,0.884692
2652,CEP89,7.7436624,0.5030807
2653,CEP95,8.136579,1.0939227
2654,CEP97,8.980345,1.8580468
2655,CEPT1,9.85451,-3.2526262
2656,CER1,14.633135,-1.538242
2657,CERCAM,13.9510565,0.00050545787
2658,CERK,12.470528,1.3145667
2659,CERKL,12.384372,1.3940357
2660,CERS1,9.531795,-3.3227549
2661,CERS2,9.560676,-3.355159
2662,CERS3,9.540863,-3.342231
2663,CERS4,9.601044,-3.3660502
2664,CERS5,9.596787,-3.2876952
2665,CERS6,9.5705805,-3.3775516
2666,CERT1,9.915643,1.1567038
2667,CES1,13.604687,0.78988457
2668,CES2,13.553029,0.8261808
2669,CES3,13.408167,0.8330847
2670,CES4A,13.436832,0.6606619
2671,CES5A,13.489436,0.74268186
2672,CETN1,5.3517213,-0.36566323
2673,CETN3,5.3845587,-0.33422375
2674,CETP,7.211295,-2.051768
2675,CFAP100,7.5489516,0.8752011
2676,CFAP126,8.891622,4.1438966
2677,CFAP157,7.562982,0.92612845
2678,CFAP161,11.704523,2.299807
2679,CFAP20,11.534203,2.3434622
2680,CFAP206,8.196401,1.1438931
2681,CFAP221,8.3029585,0.91637003
2682,CFAP298,10.931808,2.972282
2683,CFAP299,11.268752,2.4469128
2684,CFAP300,10.859379,2.2427378
2685,CFAP36,10.677679,3.0744295
2686,CFAP410,15.284006,4.5025167
2687,CFAP43,7.747117,0.8324763
2688,CFAP44,8.005894,0.83830804
2689,CFAP45,7.5260506,0.77303904
2690,CFAP46,9.644237,-0.40664265
2691,CFAP52,12.418797,5.1153145
2692,CFAP53,7.552122,0.75240797
2693,CFAP54,9.423359,-0.23749664
2694,CFAP57,7.5566096,0.7954099
2695,CFAP58,7.4740386,0.6735782
2696,CFAP61,8.961855,0.9931178
2697,CFAP65,8.646333,0.6562041
2698,CFAP69,9.961017,0.58567166
2699,CFAP70,8.984674,0.9063164
2700,CFAP73,7.483283,0.9457116
2701,CFAP74,8.564539,0.7395458
2702,CFAP77,8.778222,4.041219
2703,CFAP97,10.585675,3.1232963
2704,CFAP97D1,9.131125,4.1926804
2705,CFAP97D2,9.033878,4.0945
2706,CFAP99,7.654656,0.95990777
2707,CFB,13.707093,-2.4406226
2708,CFC1,14.139916,-1.6360748
2709,CFC1B,14.121442,-1.6862702
2710,CFD,14.031546,-3.4040127
2711,CFDP1,10.535399,3.2467818
2712,CFH,10.814916,7.21483
2713,CFHR1,10.813609,7.21874
2714,CFHR2,10.813423,7.219114
2715,CFHR3,10.807398,7.212078
2716,CFHR4,10.810941,7.2204814
2717,CFHR5,10.809732,7.213987
2718,CFI,13.732429,-2.4695475
2719,CFL1,12.164948,3.3797002
2720,CFL2,11.969122,3.1230683
2721,CFTR,11.375399,-3.0531192
2722,CGA,14.507421,-1.7508736
2723,CGAS,10.884425,1.3879528
2724,CGB1,14.672971,-1.7691258
2725,CGB2,14.670686,-1.7977532
2726,CGB3,14.66112,-1.7735063
2727,CGB5,14.664644,-1.7710719
2728,CGB7,14.692911,-1.7717701
2729,CGB8,14.629271,-1.7963187
2730,CGGBP1,9.6844225,3.1115484
2731,CGN,7.7181945,0.34029368
2732,CGNL1,7.644468,0.36461887
2733,CGREF1,9.021969,4.2974677
2734,CGRRF1,10.080615,-1.6429174
2735,CH25H,9.383959,-3.4466069
2736,CHAC1,12.284233,2.357065
2737,CHAC2,12.202085,2.5839002
2738,CHAD,15.591933,4.722277
2739,CHADL,15.633519,4.6432366
2740,CHAF1A,9.296534,2.210981
2741,CHAF1B,12.262154,4.921347
2742,CHAMP1,8.604524,3.6408174
2743,CHAT,11.636681,1.1286722
2744,CHCHD1,12.666322,3.7493415
2745,CHCHD10,13.430211,3.5009224
2746,CHCHD2,12.976557,3.6422384
2747,CHCHD3,10.880269,3.4403353
2748,CHCHD4,12.360986,3.7481294
2749,CHCHD5,12.53401,3.7848253
2750,CHCHD6,10.879265,3.5136926
2751,CHCHD7,12.566006,3.8129325
2752,CHD1,8.107147,1.9017934
2753,CHD1L,10.880248,1.6901191
2754,CHD2,8.105725,1.8913865
2755,CHD3,7.9300513,1.786536
2756,CHD4,8.026958,1.7493645
2757,CHD5,7.928778,1.7148854
2758,CHD6,8.06374,1.8385456
2759,CHD7,7.9189553,1.7995564
2760,CHD8,7.9666805,1.834931
2761,CHD9,7.9190855,1.8308389
2762,CHDH,13.301389,1.5630652
2763,CHEK1,12.688214,7.7188416
2764,CHEK2,12.73774,7.6341324
2765,CHERP,7.4476566,2.3355472
2766,CHFR,10.003844,1.7921606
2767,CHGA,9.065265,4.3921776
2768,CHGB,8.929254,4.3781056
2769,CHI3L1,13.611879,-0.41612867
2770,CHI3L2,13.616077,-0.3859003
2771,CHIA,13.558606,-0.4416022
2772,CHIC2,10.874343,2.5798585
2773,CHID1,13.708748,0.12789679
2774,CHIT1,13.533398,-0.31353438
2775,CHKA,12.096151,1.7003754
2776,CHKB,12.247907,1.5251163
2777,CHL1,12.150947,-1.7417656
2778,CHML,11.045803,2.3108225
2779,CHMP1A,11.365124,3.9816737
2780,CHMP1B,11.35489,4.0016212
2781,CHMP2A,11.420086,4.0150843
2782,CHMP2B,11.395167,4.036473
2783,CHMP3,11.409301,4.02258
2784,CHMP4A,11.409239,4.022852
2785,CHMP4B,11.414641,4.0463295
2786,CHMP4C,11.329064,4.099277
2787,CHMP5,11.45543,3.9476283
2788,CHMP6,11.285206,4.027978
2789,CHMP7,11.37622,1.9008622
2790,CHN1,5.834171,3.7396116
2791,CHN2,5.757947,3.82298
2792,CHODL,13.467045,-1.5398332
2793,CHORDC1,11.342845,2.7029238
2794,CHP1,5.372326,-0.33625
2795,CHP2,5.414301,-0.30198285
2796,CHPF,14.144654,0.033682704
2797,CHPF2,14.0635805,0.074592434
2798,CHPT1,9.903821,-3.3932056
2799,CHRAC1,11.171881,3.1456304
2800,CHRD,13.140305,-1.6894097
2801,CHRDL2,13.81888,-1.7542973
2802,CHRFAM7A,17.891743,-4.8119206
2803,CHRM1,0.7216287,-2.2260187
2804,CHRM2,0.72813946,-2.2121444
2805,CHRM3,0.8037025,-2.138282
2806,CHRM4,0.74561024,-2.1845744
2807,CHRM5,0.71775985,-2.2353833
2808,CHRNA1,17.882662,-4.8227334
2809,CHRNA10,17.884432,-4.8171315
2810,CHRNA2,17.875517,-4.831046
2811,CHRNA3,17.879625,-4.827078
2812,CHRNA4,17.848766,-4.857935
2813,CHRNA5,17.862411,-4.841323
2814,CHRNA6,17.88205,-4.825127
2815,CHRNA7,17.89344,-4.80506
2816,CHRNA9,17.883833,-4.824214
2817,CHRNB1,17.882366,-4.821909
2818,CHRNB2,17.884998,-4.819954
2819,CHRNB3,17.881697,-4.824452
2820,CHRNB4,17.882631,-4.823267
2821,CHRND,17.884806,-4.818193
2822,CHRNE,17.881405,-4.811956
2823,CHRNG,17.88024,-4.8069186
2824,CHST1,14.190345,0.09359877
2825,CHST10,14.243993,0.08470641
2826,CHST11,14.2942,0.10610931
2827,CHST13,14.178194,0.10611617
2828,CHST14,14.186264,0.053188752
2829,CHST15,14.074245,0.14065474
2830,CHST2,14.131548,0.031647455
2831,CHST3,14.119457,0.06256484
2832,CHST4,14.216176,0.08053875
2833,CHST5,14.144548,0.094295345
2834,CHST6,14.142564,0.052096926
2835,CHST8,14.2881155,0.0913695
2836,CHST9,14.17864,0.07261722
2837,CHSY1,14.155081,0.051991485
2838,CHSY3,14.197603,0.063064404
2839,CHTF18,11.275842,1.3638649
2840,CHTF8,11.183535,2.8260052
2841,CHTOP,7.0471854,2.29178
2842,CHUK,10.404311,1.4056631
2843,CHURC1,10.185329,2.624714
2844,CIAO1,12.441567,5.104432
2845,CIAO2A,12.599115,3.0235891
2846,CIAO2B,11.983149,3.3110178
2847,CIAO3,12.124519,1.6575607
2848,CIAPIN1,11.821354,2.1497972
2849,CIART,9.199244,4.323014
2850,CIB1,5.3900642,-0.3179114
2851,CIB2,5.371591,-0.33411554
2852,CIB3,5.3817286,-0.32330433
2853,CIB4,5.3811145,-0.32862505
2854,CIC,7.8701987,2.328468
2855,CIDEA,11.639193,2.0071654
2856,CIDEB,12.766994,1.4488674
2857,CIDEC,11.80508,1.9583699
2858,CILP,12.93906,-1.7515377
2859,CILP2,12.902228,-1.7339045
2860,CINP,10.911941,2.9017367
2861,CIP2A,8.270628,0.66551596
2862,CIPC,9.078974,3.400236
2863,CIR1,7.1776094,1.8015544
2864,CIRBP,6.868749,2.271609
2865,CISD1,12.904555,3.1933064
2866,CISD2,12.952462,3.2155597
2867,CISD3,12.643691,3.1091707
2868,CISH,10.308998,2.7579784
2869,CIT,8.039864,0.21539937
2870,CITED2,7.503386,3.4047642
2871,CITED4,7.8219495,4.082699
2872,CIZ1,7.388837,2.7298698
2873,CKAP2,8.90607,2.434015
2874,CKAP2L,8.967316,2.5510213
2875,CKAP4,7.9205885,0.5124008
2876,CKAP5,9.709362,-0.22386096
2877,CKB,13.830133,1.9838979
2878,CKLF,8.641619,-2.9058018
2879,CKM,13.909077,1.9498974
2880,CKMT1A,13.837929,2.0517778
2881,CKMT1B,13.824839,2.051965
2882,CKMT2,13.829419,1.9507135
2883,CKS1B,11.943335,3.4358022
2884,CKS2,12.011787,3.479453
2885,CLASP1,9.029912,0.69883865
2886,CLASP2,8.966003,0.6371868
2887,CLASRP,6.9137588,1.7427549
2888,CLBA1,9.441465,4.0362206
2889,CLC,15.6593275,0.14754266
2890,CLCA1,12.890086,-1.1136165
2891,CLCA2,12.835644,-1.1476761
2892,CLCA4,12.858323,-1.017551
2893,CLCC1,10.688273,-1.22201
2894,CLCF1,11.201245,5.988548
2895,CLCN1,10.592991,-3.7312868
2896,CLCN2,10.599812,-3.7136736
2897,CLCN3,10.578318,-3.7017927
2898,CLCN6,10.6426115,-3.6686983
2899,CLCN7,10.583008,-3.7697136
2900,CLCNKA,10.57607,-3.8009741
2901,CLCNKB,10.5610485,-3.802644
2902,CLDN1,8.3881,-3.27233
2903,CLDN10,8.382054,-3.2795808
2904,CLDN11,8.431359,-3.2491474
2905,CLDN12,8.461855,-3.217789
2906,CLDN14,8.367038,-3.2882917
2907,CLDN15,8.383168,-3.2793913
2908,CLDN16,8.429874,-3.2516537
2909,CLDN17,8.326447,-3.329533
2910,CLDN18,8.397479,-3.2650337
2911,CLDN19,8.421058,-3.2541273
2912,CLDN20,8.387809,-3.2824469
2913,CLDN22,8.470118,-3.2117603
2914,CLDN23,8.44694,-3.2364526
2915,CLDN24,8.455302,-3.2273924
2916,CLDN25,8.438115,-3.2502973
2917,CLDN3,8.358888,-3.3097568
2918,CLDN4,8.318492,-3.3396583
2919,CLDN5,8.349525,-3.3072727
2920,CLDN6,8.379162,-3.2800634
2921,CLDN7,8.350489,-3.3222394
2922,CLDN8,8.381419,-3.2902343
2923,CLDN9,8.416196,-3.2657413
2924,CLDND1,8.453212,-3.2079103
2925,CLDND2,8.444342,-3.2676566
2926,CLEC10A,7.065335,-4.3795404
2927,CLEC11A,14.253075,-0.95050585
2928,CLEC12A,7.034545,-4.4159656
2929,CLEC12B,7.0283775,-4.421293
2930,CLEC14A,13.498021,-1.4616499
2931,CLEC16A,9.741363,0.41667444
2932,CLEC17A,9.532544,6.4000864
2933,CLEC18A,13.668585,-1.7457349
2934,CLEC18B,13.623525,-1.7403641
2935,CLEC18C,13.637894,-1.7545469
2936,CLEC19A,13.842021,-1.1118062
2937,CLEC1A,7.065908,-4.375687
2938,CLEC1B,7.0371776,-4.4130898
2939,CLEC20A,15.5471735,4.157727
2940,CLEC2A,7.0167055,-4.4341054
2941,CLEC2B,7.0348554,-4.4167786
2942,CLEC2D,7.05583,-4.38172
2943,CLEC2L,10.376811,4.2033386
2944,CLEC3A,14.285027,-1.1783868
2945,CLEC3B,14.295144,-1.0770947
2946,CLEC4A,7.035855,-4.41551
2947,CLEC4C,7.03788,-4.4118133
2948,CLEC4D,7.0418863,-4.40644
2949,CLEC4E,7.063611,-4.3875794
2950,CLEC4F,7.100814,-4.3479023
2951,CLEC4G,7.0732675,-4.3728247
2952,CLEC4M,7.10661,-4.334726
2953,CLEC5A,7.0377812,-4.4131427
2954,CLEC6A,7.0447197,-4.406976
2955,CLEC7A,7.0394506,-4.4098325
2956,CLEC9A,7.0361557,-4.413943
2957,CLGN,12.58873,0.14238936
2958,CLHC1,9.997891,0.66518855
2959,CLIC1,11.4368515,2.2844288
2960,CLIC3,11.398781,2.3063755
2961,CLIC4,11.338791,2.1363006
2962,CLIC5,11.252301,2.1324024
2963,CLIC6,9.055962,3.1775339
2964,CLINT1,7.9404197,2.4730535
2965,CLIP1,7.9836044,0.3965096
2966,CLIP2,8.031246,0.39606115
2967,CLIP3,10.30245,1.8169084
2968,CLIP4,10.013255,1.8576394
2969,CLK1,12.685489,7.643135
2970,CLK2,12.672011,7.6674604
2971,CLK3,12.636105,7.699777
2972,CLK4,12.693756,7.6583643
2973,CLMP,9.961887,6.2535744
2974,CLN3,9.981109,-4.0661798
2975,CLN5,13.038606,0.05370455
2976,CLN6,9.612602,-3.3437629
2977,CLN8,9.453218,-3.388758
2978,CLNK,9.214786,1.7452613
2979,CLNS1A,10.929469,3.3127916
2980,CLOCK,7.597025,2.6722085
2981,CLP1,11.835973,2.133304
2982,CLPB,11.968293,1.4091659
2983,CLPP,13.1205015,2.3915365
2984,CLPS,14.578166,-2.2022884
2985,CLPSL1,14.487319,-2.0714943
2986,CLPSL2,14.449957,-1.9744768
2987,CLPTM1,10.347809,-3.072537
2988,CLPTM1L,10.343288,-3.0425162
2989,CLPX,11.765185,1.386083
2990,CLRN1,8.474918,-3.1915424
2991,CLRN2,8.434177,-3.2391427
2992,CLRN3,8.453385,-3.193096
2993,CLSPN,9.224102,2.3118947
2994,CLSTN1,12.617675,-1.2327969
2995,CLSTN3,12.702779,-1.3448325
2996,CLTA,10.827984,3.3187323
2997,CLTB,10.7895775,3.3187234
2998,CLTC,9.8075,-0.32879564
2999,CLTCL1,10.005894,-0.40382022
3000,CLU,13.87963,-1.2245483
3001,CLUAP1,8.0411625,0.8133368
3002,CLUH,11.237358,0.8094875
3003,CLUL1,13.896858,-1.0958544
3004,CLVS1,10.515703,1.4295911
3005,CLVS2,10.70586,1.2538654
3006,CLYBL,13.021978,2.2099028
3007,CMA1,14.0282545,-3.4092488
3008,CMAS,12.166691,1.90366
3009,CMBL,13.422146,1.5854671
3010,CMC1,12.610474,3.8018367
3011,CMC2,12.628876,3.8044543
3012,CMIP,9.615717,0.67786413
3013,CMKLR1,0.15794617,-2.3800995
3014,CMPK1,12.316983,1.4737352
3015,CMPK2,12.037274,1.6392318
3016,CMSS1,11.462616,3.112065
3017,CMTM1,8.634411,-2.900173
3018,CMTM2,8.662216,-2.820005
3019,CMTM3,8.621993,-2.9736767
3020,CMTM4,8.673591,-2.9924412
3021,CMTM5,8.608731,-2.9533565
3022,CMTM6,8.706207,-2.9000795
3023,CMTM7,8.640872,-2.9383261
3024,CMTM8,8.598616,-2.957611
3025,CMTR1,11.109303,1.4497529
3026,CMTR2,11.801063,1.7408845
3027,CNBD1,9.111531,1.2852881
3028,CNBD2,9.383936,1.3460921
3029,CNBP,9.884253,2.519196
3030,CNDP1,13.311587,0.35268915
3031,CNDP2,13.384356,1.6860883
3032,CNEP1R1,9.216394,-2.5897732
3033,CNFN,10.155082,4.463913
3034,CNGA1,10.788671,-2.051349
3035,CNGA3,10.750803,-2.1790438
3036,CNGA4,10.759347,-2.1268241
3037,CNGB1,10.707283,-2.9343388
3038,CNGB3,10.78488,-2.200542
3039,CNIH1,9.223887,-2.7346702
3040,CNIH2,9.215932,-2.704264
3041,CNIH3,9.319671,-2.6515067
3042,CNIH4,9.228289,-2.7243137
3043,CNKSR1,9.780075,1.004884
3044,CNMD,13.757557,-1.1449177
3045,CNN1,10.427603,1.6398467
3046,CNN2,10.396939,1.5432469
3047,CNN3,10.36257,1.5844256
3048,CNNM1,11.045801,-2.3990767
3049,CNNM3,11.229943,-2.124856
3050,CNNM4,10.89953,-2.3269434
3051,CNOT1,9.625993,-0.35944405
3052,CNOT10,10.983859,0.060846277
3053,CNOT11,10.459391,2.3011715
3054,CNOT2,7.7772636,2.9111474
3055,CNOT3,8.066078,2.293498
3056,CNOT4,7.780965,2.552502
3057,CNOT6,10.980369,1.5651675
3058,CNOT6L,10.944793,1.3698574
3059,CNOT7,11.313827,1.4241316
3060,CNOT8,11.461029,1.4698266
3061,CNOT9,10.606761,0.07077288
3062,CNP,11.765994,0.97844476
3063,CNPPD1,12.152964,2.3517313
3064,CNPY1,12.877205,-0.12971997
3065,CNPY2,12.842516,-0.28108117
3066,CNPY3,12.839467,-0.29949126
3067,CNPY4,12.861623,-0.2793356
3068,CNR1,0.49539816,-2.38855
3069,CNR2,0.4413786,-2.4153728
3070,CNRIP1,11.368568,2.4691873
3071,CNST,8.562475,2.1589193
3072,CNTD1,10.6094265,2.2505205
3073,CNTF,11.216161,5.97173
3074,CNTFR,13.171494,-1.1252726
3075,CNTLN,7.485137,0.30489364
3076,CNTN1,12.13447,-1.7472095
3077,CNTN2,12.186827,-1.5787975
3078,CNTN3,12.144542,-1.7562793
3079,CNTN4,12.142188,-1.728476
3080,CNTN5,12.125746,-1.7380469
3081,CNTN6,12.141201,-1.7435495
3082,CNTNAP1,12.977341,-1.4057342
3083,CNTNAP2,12.526457,-1.7826713
3084,CNTNAP3B,13.021659,-1.693099
3085,CNTNAP4,12.732921,-1.6765004
3086,CNTNAP5,12.709083,-1.7433382
3087,CNTRL,7.4657927,0.25261185
3088,CNTROB,7.584306,0.5782728
3089,COA1,12.57412,1.9917563
3090,COA3,13.533158,3.9218445
3091,COA4,12.494351,3.785449
3092,COA5,12.493603,3.7782826
3093,COA6,12.532741,3.761439
3094,COA7,11.556098,1.9717754
3095,COA8,12.785777,3.1992955
3096,COASY,12.650443,1.9429197
3097,COBL,8.5782995,1.7313474
3098,COBLL1,8.734939,1.4526297
3099,COCH,13.170363,-1.2435827
3100,COG1,10.484399,0.4754794
3101,COG2,10.471277,0.42767027
3102,COG3,10.36055,0.5186339
3103,COG4,10.580159,0.44174656
3104,COG5,10.405403,0.43213177
3105,COG6,10.3968115,0.40027428
3106,COG7,10.526825,0.5228463
3107,COG8,10.563847,0.6984513
3108,COIL,10.28991,3.0447905
3109,COL10A1,16.492603,-1.3285327
3110,COL11A1,16.638962,-1.392776
3111,COL11A2,16.64085,-1.3906894
3112,COL12A1,12.567641,-2.1445377
3113,COL13A1,16.611734,-1.3718872
3114,COL14A1,12.615433,-2.1745625
3115,COL15A1,16.52674,-1.3476547
3116,COL16A1,16.62977,-1.3801556
3117,COL17A1,16.493397,-1.3358864
3118,COL18A1,16.545607,-1.3519197
3119,COL19A1,16.582691,-1.3657393
3120,COL1A1,16.661781,-1.4032217
3121,COL1A2,16.655615,-1.4000342
3122,COL20A1,12.35121,-1.580834
3123,COL21A1,16.625525,-1.3908899
3124,COL22A1,16.598232,-1.3582171
3125,COL23A1,16.614899,-1.3711308
3126,COL24A1,16.620468,-1.3805112
3127,COL25A1,16.582472,-1.3609298
3128,COL26A1,16.196272,-1.276138
3129,COL27A1,16.608904,-1.3750678
3130,COL28A1,16.615898,-1.3895875
3131,COL2A1,16.670986,-1.4140452
3132,COL3A1,16.655714,-1.4017464
3133,COL4A1,16.5598,-1.3511953
3134,COL4A2,16.562078,-1.3530164
3135,COL4A3,16.529121,-1.3417332
3136,COL4A4,16.551432,-1.3501185
3137,COL5A1,16.654493,-1.4061575
3138,COL5A2,16.635075,-1.3893838
3139,COL5A3,16.634298,-1.3805463
3140,COL6A1,16.635105,-1.3857588
3141,COL6A2,16.662977,-1.430055
3142,COL6A3,12.566659,-2.1885624
3143,COL6A5,12.60693,-2.142157
3144,COL6A6,12.608808,-2.169297
3145,COL7A1,16.590715,-1.3723923
3146,COL8A1,16.493763,-1.325611
3147,COL8A2,16.48507,-1.3243556
3148,COL9A1,16.602245,-1.369995
3149,COL9A2,16.62257,-1.3788575
3150,COL9A3,16.628082,-1.3836547
3151,COLCA2,7.278165,3.7785757
3152,COLEC10,15.607859,-1.0741616
3153,COLEC11,15.691936,-1.0845597
3154,COLEC12,15.4440565,-1.0921488
3155,COLGALT1,14.043044,0.022807498
3156,COLGALT2,14.006875,-0.013416775
3157,COLQ,16.479227,-1.3290614
3158,COMMD1,11.734604,3.0276923
3159,COMMD10,11.762899,3.0214474
3160,COMMD2,11.743741,2.947667
3161,COMMD3,11.794728,3.0249758
3162,COMMD4,11.753371,3.1554265
3163,COMMD5,11.7845955,2.9518158
3164,COMMD6,11.823878,3.1479473
3165,COMMD7,11.777166,3.0515268
3166,COMMD8,11.769051,3.013571
3167,COMMD9,11.752766,3.0575638
3168,COMP,13.259605,-1.9536167
3169,COMT,12.919631,1.1481504
3170,COMTD1,12.6709795,2.5547454
3171,COP1,9.949109,2.094374
3172,COPA,11.031849,0.025200753
3173,COPB1,10.674481,0.121653356
3174,COPB2,10.902639,0.09233368
3175,COPE,11.126365,0.16586085
3176,COPG1,10.707014,0.13286407
3177,COPG2,10.592496,0.10938231
3178,COPRS,9.656733,3.76118
3179,COPS2,11.041077,0.27870318
3180,COPS3,11.065082,0.21149999
3181,COPS4,11.049399,0.1756104
3182,COPS5,13.407064,2.6710973
3183,COPS6,11.48175,2.3089743
3184,COPS7A,10.9915,1.8049031
3185,COPS7B,11.015626,1.8217225
3186,COPS8,11.320172,2.8764908
3187,COPS9,11.099515,3.7625458
3188,COPZ1,12.041033,3.0964768
3189,COPZ2,12.185858,2.8381956
3190,COQ10A,13.009984,2.9484441
3191,COQ10B,12.892008,2.8703232
3192,COQ2,12.9797,2.8182251
3193,COQ3,12.647247,2.561975
3194,COQ4,12.875312,2.8036778
3195,COQ5,12.819502,2.6296196
3196,COQ6,12.875961,1.9075254
3197,COQ7,12.890378,2.869831
3198,COQ8A,12.3341875,1.7179074
3199,COQ8B,12.314281,1.7010185
3200,COQ9,12.9084635,2.817593
3201,CORIN,13.304697,-2.0188293
3202,CORO1A,12.287347,4.9682026
3203,CORO1B,12.2690525,4.9570537
3204,CORO1C,12.274597,4.9615965
3205,CORO2A,12.231797,4.9439006
3206,CORO2B,12.271728,4.9635105
3207,CORO6,12.233035,4.8931375
3208,CORO7,12.242458,4.9227796
3209,CORT,15.454934,-1.9922743
3210,COTL1,12.173106,3.206334
3211,COX10,12.988425,2.8735921
3212,COX11,12.954779,2.8993676
3213,COX14,13.600418,3.9315464
3214,COX15,13.023612,2.8562267
3215,COX16,13.588189,3.9231284
3216,COX17,12.525417,3.8128982
3217,COX18,12.894887,2.7241004
3218,COX19,12.497082,3.777635
3219,COX20,13.5944195,3.916584
3220,COX4I1,13.515859,3.780886
3221,COX4I2,13.388148,3.6359963
3222,COX5A,13.407723,3.3454962
3223,COX5B,13.467121,3.5718677
3224,COX6A1,13.547439,3.8086324
3225,COX6A2,13.564857,3.8775213
3226,COX6B1,13.01822,3.8637393
3227,COX6B2,12.550813,3.810172
3228,COX6C,13.602742,3.891891
3229,COX7A1,13.600386,3.8821206
3230,COX7A2,13.616092,3.8825588
3231,COX7A2L,13.536074,3.8328204
3232,COX7B2,13.576606,3.8722348
3233,COX7C,13.590139,3.885237
3234,COX8A,13.587467,3.8802135
3235,COX8C,13.370829,3.578868
3236,CP,13.1017065,-0.23860592
3237,CPA1,13.489915,-0.5063722
3238,CPA2,13.464234,-0.5067847
3239,CPA3,13.436814,-0.37475023
3240,CPA4,13.436815,-0.4235055
3241,CPA5,13.449869,-0.39225546
3242,CPA6,13.44853,-0.41993904
3243,CPAMD8,12.2330675,-1.54018
3244,CPB1,13.469289,-0.4683827
3245,CPB2,13.386652,-0.3800629
3246,CPD,13.218956,-0.19271363
3247,CPE,13.360491,-0.6513468
3248,CPEB1,10.19594,1.5374829
3249,CPEB2,8.1681595,2.666466
3250,CPEB3,8.153276,2.669869
3251,CPEB4,8.091304,2.7856367
3252,CPED1,13.545558,0.08743715
3253,CPHXL,8.541081,4.1283565
3254,CPLANE1,9.617527,-0.36538127
3255,CPLANE2,12.015537,2.0246925
3256,CPLX1,10.596281,3.8748074
3257,CPLX2,10.619053,3.746382
3258,CPLX3,10.662579,3.754579
3259,CPLX4,10.690346,3.6661916
3260,CPM,13.384741,-0.21772543
3261,CPN1,13.458999,-0.4083006
3262,CPN2,15.662387,4.6788154
3263,CPNE1,10.587537,-0.49881136
3264,CPNE2,10.5754795,-0.49065167
3265,CPNE3,10.650902,-0.48760784
3266,CPNE4,10.596069,-0.5082742
3267,CPNE5,10.577263,-0.4353359
3268,CPNE6,10.588816,-0.50431764
3269,CPNE7,10.607629,-0.5203279
3270,CPNE8,10.637285,-0.51082236
3271,CPNE9,10.601276,-0.46408957
3272,CPO,13.4343405,-0.44010746
3273,CPOX,12.614869,1.4739119
3274,CPPED1,12.533066,1.91224
3275,CPQ,13.335175,0.32006246
3276,CPS1,13.548537,1.571166
3277,CPSF1,11.036124,0.57626414
3278,CPSF3,11.514179,1.4415265
3279,CPSF4,10.080389,2.4785118
3280,CPSF4L,9.888702,2.624103
3281,CPSF6,7.3185625,2.326025
3282,CPSF7,7.4031816,2.3202796
3283,CPT1A,12.398988,0.6816918
3284,CPT1B,12.445307,0.6239521
3285,CPT1C,12.4437475,0.52542925
3286,CPT2,12.465487,0.7398089
3287,CPTP,10.781479,2.7001543
3288,CPVL,13.356443,-0.034795262
3289,CPXM1,13.503672,-0.7333235
3290,CPXM2,13.432443,-0.7479709
3291,CPZ,13.4623165,-0.6120487
3292,CR1,12.585106,-2.0818944
3293,CR1L,10.8086,7.202019
3294,CR2,10.742226,7.1489716
3295,CRABP1,-1.5178154,-6.3916936
3296,CRABP2,-1.5179675,-6.3917637
3297,CRACR2A,8.226484,0.7842421
3298,CRACR2B,8.077039,0.6999825
3299,CRADD,11.097595,2.3755453
3300,CRAMP1,8.250549,2.3394153
3301,CRAT,12.60875,0.6279161
3302,CRB1,13.28098,-2.0037053
3303,CRB2,13.418281,-1.849596
3304,CRB3,10.041934,5.4062014
3305,CRBN,10.938239,1.8551961
3306,CRCP,11.114532,2.9304736
3307,CRCT1,0.895591,-7.076975
3308,CREB1,7.108374,3.0550265
3309,CREB3,8.001718,3.705114
3310,CREB3L1,8.03296,3.6381843
3311,CREB3L2,7.983374,3.679713
3312,CREB3L3,8.003079,3.7009428
3313,CREB3L4,7.977763,3.7742562
3314,CREB5,7.607596,3.0006232
3315,CREBBP,7.4632044,2.7487094
3316,CREBL2,10.1055765,3.592276
3317,CREBRF,8.753159,3.0520718
3318,CREBZF,9.466131,3.330257
3319,CREG1,13.22549,-0.055977225
3320,CREG2,13.056911,-0.34163192
3321,CRELD1,13.425011,-1.9105251
3322,CRELD2,13.417079,-1.8628594
3323,CREM,7.1159835,3.074734
3324,CRH,15.462722,-1.9945076
3325,CRHBP,13.94596,-1.395639
3326,CRHR1,11.068045,-3.2010727
3327,CRHR2,11.083143,-3.2180054
3328,CRIM1,13.268407,-2.0706542
3329,CRIP1,9.698494,2.6471586
3330,CRIP2,9.639208,2.6346405
3331,CRIP3,9.686752,2.6631293
3332,CRIPT,11.991596,3.475548
3333,CRISP1,13.937813,-1.349042
3334,CRISP2,13.939513,-1.3146156
3335,CRISP3,14.008874,-1.2651023
3336,CRISPLD1,13.735345,-1.3825533
3337,CRISPLD2,13.636033,-1.4282889
3338,CRK,10.102381,1.8015941
3339,CRKL,10.069005,1.9656129
3340,CRLF1,13.23474,-1.2842286
3341,CRLF3,11.159252,1.6982167
3342,CRLS1,13.02211,2.882531
3343,CRMP1,13.284518,2.0096843
3344,CRNKL1,10.9757395,0.18165971
3345,CRNN,8.712548,4.2348666
3346,CROCC,7.51299,0.32116938
3347,CROCC2,7.5004187,0.3399829
3348,CROT,12.441981,0.7100546
3349,CRP,14.153279,-0.9109039
3350,CRPPA,12.675469,2.0778134
3351,CRTAC1,13.242506,-0.96893543
3352,CRTAM,9.720837,6.683749
3353,CRTAP,13.672523,-0.23457065
3354,CRTC1,7.7034845,2.8619874
3355,CRTC2,7.742066,2.7936263
3356,CRTC3,7.7967443,2.7379205
3357,CRX,6.8351207,4.722543
3358,CRY1,10.821618,2.0357845
3359,CRY2,10.762669,2.0161948
3360,CRYAA,9.015888,3.5208373
3361,CRYAB,9.033719,3.5060542
3362,CRYBA1,6.390252,-5.75166
3363,CRYBA2,6.3898997,-5.7523828
3364,CRYBA4,6.392831,-5.752206
3365,CRYBB1,6.393482,-5.75092
3366,CRYBB2,6.389926,-5.754049
3367,CRYBB3,6.3899236,-5.753271
3368,CRYBG1,8.723607,1.9138869
3369,CRYBG2,8.884748,1.9377718
3370,CRYBG3,8.474286,2.0206287
3371,CRYGA,6.392718,-5.7502337
3372,CRYGB,6.398711,-5.7462068
3373,CRYGC,6.393271,-5.750476
3374,CRYGD,6.396321,-5.7481794
3375,CRYGN,15.434398,-0.26810524
3376,CRYGS,6.396238,-5.748672
3377,CRYL1,13.339809,1.7472024
3378,CRYM,13.178178,1.9465145
3379,CRYZ,13.825417,1.7171298
3380,CRYZL1,12.723727,1.8454901
3381,CS,13.829914,2.0714717
3382,CSAD,13.38226,1.5211968
3383,CSDC2,10.262876,2.750535
3384,CSDE1,11.544395,1.1861858
3385,CSE1L,10.39464,-0.13994065
3386,CSF1,9.31162,5.2679563
3387,CSF1R,13.718578,6.761679
3388,CSF2,11.252942,6.075639
3389,CSF2RB,10.137974,6.471016
3390,CSF3,11.198744,5.9985194
3391,CSF3R,10.114079,6.5081086
3392,CSGALNACT1,14.204488,0.1130591
3393,CSGALNACT2,14.266548,0.104620904
3394,CSH1,11.304265,6.1535645
3395,CSH2,11.296659,6.136117
3396,CSHL1,11.307101,6.1370564
3397,CSK,13.2738285,7.39742
3398,CSKMT,12.142058,2.3423762
3399,CSN1S1,8.942025,5.1388316
3400,CSN2,8.903409,5.1059127
3401,CSN3,8.889174,5.119685
3402,CSNK1A1,12.860928,7.7641215
3403,CSNK1A1L,12.807297,7.772466
3404,CSNK1D,12.761608,7.839865
3405,CSNK1E,12.826148,7.8268547
3406,CSNK1G1,12.823095,7.7501645
3407,CSNK1G2,12.796026,7.8076353
3408,CSNK1G3,12.840724,7.796639
3409,CSNK2A2,12.830082,7.730038
3410,CSNK2A3,12.823944,7.700623
3411,CSNK2B,11.92676,3.2968593
3412,CSNKA2IP,8.655155,3.7926831
3413,CSPG4,12.279891,-2.056167
3414,CSPG5,9.229893,1.7534901
3415,CSPP1,8.238682,1.3253381
3416,CSRNP1,8.682544,2.8459306
3417,CSRNP2,9.452363,2.3670495
3418,CSRNP3,9.378754,2.3306148
3419,CSRP1,9.687006,2.6481998
3420,CSRP2,9.662104,2.598286
3421,CSRP3,9.681526,2.609486
3422,CST1,7.6724687,-1.830211
3423,CST11,7.6686063,-1.8198994
3424,CST2,7.6638947,-1.8236381
3425,CST3,7.6718597,-1.8295518
3426,CST4,7.669421,-1.8228943
3427,CST5,7.6674185,-1.8213526
3428,CST6,7.6671715,-1.8222975
3429,CST7,7.6834226,-1.8265395
3430,CST8,7.667799,-1.8215708
3431,CST9,9.771558,4.4776764
3432,CST9L,7.716904,-1.8049912
3433,CSTA,12.096426,3.1396902
3434,CSTB,12.141002,3.3434482
3435,CSTF1,12.392818,5.0879245
3436,CSTF2T,7.292589,2.4191084
3437,CSTF3,10.952539,0.18051265
3438,CSTL1,7.6668725,-1.822745
3439,CT62,9.4465685,4.6806307
3440,CTAGE1,9.975142,-5.60024
3441,CTAGE15,9.975671,-5.6072936
3442,CTAGE4,9.975686,-5.607941
3443,CTAGE6,9.98081,-5.622883
3444,CTAGE8,9.975433,-5.6095095
3445,CTAGE9,9.975525,-5.6080194
3446,CTBP1,13.066957,1.8769557
3447,CTBP2,13.0036745,1.8239728
3448,CTBS,13.320808,-0.01685843
3449,CTC1,10.846221,0.6854413
3450,CTCF,6.20719,2.9407375
3451,CTCFL,6.130256,2.9086916
3452,CTDNEP1,12.237299,2.3672037
3453,CTDP1,9.524352,2.0272226
3454,CTDSP1,12.278902,2.323588
3455,CTDSP2,12.104628,2.3177707
3456,CTDSPL,12.108393,2.2585409
3457,CTDSPL2,9.934227,1.9424475
3458,CTF1,10.173426,3.3399572
3459,CTH,13.510434,1.8001312
3460,CTHRC1,15.673423,-0.930261
3461,CTIF,8.967794,1.8534329
3462,CTLA4,9.702266,6.6976986
3463,CTNNA1,10.09493,-0.24726942
3464,CTNNA2,10.038359,-0.34476185
3465,CTNNA3,10.043239,-0.3539816
3466,CTNNAL1,10.289871,0.43990827
3467,CTNNB1,10.541313,0.033384293
3468,CTNNBIP1,10.269693,3.6391916
3469,CTNNBL1,10.631654,0.559041
3470,CTNND1,8.962979,1.0354214
3471,CTNND2,8.762822,0.83750075
3472,CTNS,9.898166,-3.1109164
3473,CTPS1,12.400846,1.6024776
3474,CTR9,11.138417,0.02682353
3475,CTRB1,14.140327,-3.563707
3476,CTRB2,14.126397,-3.5483944
3477,CTRC,14.096813,-3.5086393
3478,CTRL,14.111942,-3.5318558
3479,CTSA,13.393071,-0.11273821
3480,CTSB,13.772574,-0.77023125
3481,CTSC,13.78042,-0.718377
3482,CTSD,13.573954,-0.49399436
3483,CTSE,13.596843,-0.5472896
3484,CTSF,13.778527,-0.8945102
3485,CTSG,14.029885,-3.4238725
3486,CTSH,13.758809,-0.75116754
3487,CTSK,13.848607,-0.7684165
3488,CTSL,13.808265,-0.8090976
3489,CTSO,13.650646,-0.90187424
3490,CTSS,13.788612,-0.78657955
3491,CTSV,13.927973,-0.87230074
3492,CTSW,13.858756,-1.1757076
3493,CTSZ,13.751374,-0.7080421
3494,CTTN,9.565701,1.852421
3495,CTTNBP2,9.23031,0.58144635
3496,CTTNBP2NL,8.30254,0.94093347
3497,CTU1,10.40076,3.1764936
3498,CTU2,11.907286,1.7246472
3499,CTXN1,10.127063,5.200776
3500,CTXN2,10.076945,5.148908
3501,CTXN3,10.136665,5.0929933
3502,CTXND1,10.104458,5.1332517
3503,CTXND2,10.088552,5.0900493
3504,CUBN,12.490407,-2.1163173
3505,CUEDC1,9.867768,2.574741
3506,CUEDC2,10.629014,2.8329163
3507,CUL1,10.716306,0.35929233
3508,CUL2,10.736401,0.36951435
3509,CUL3,10.709655,0.36419287
3510,CUL4A,10.8221445,0.636897
3511,CUL5,10.775818,0.44904882
3512,CUL7,9.885063,-0.37009734
3513,CUL9,9.86479,-0.5711778
3514,CUTA,12.950948,3.0657601
3515,CUTC,12.847488,1.9052331
3516,CUX2,8.719658,0.9641494
3517,CUZD1,13.206824,-0.9568851
3518,CWC15,10.774609,3.3589482
3519,CWC22,7.1619024,1.783934
3520,CWC25,7.2635283,1.8382801
3521,CWC27,10.776155,3.345223
3522,CWF19L1,11.341839,1.5040712
3523,CWF19L2,10.645166,3.1426558
3524,CWH43,12.696803,0.6223931
3525,CX3CL1,9.3122015,5.172342
3526,CX3CR1,0.118145,-2.314675
3527,CXADR,10.019845,6.315296
3528,CXCL1,16.328732,-4.0790524
3529,CXCL10,16.316885,-4.0677214
3530,CXCL11,16.332272,-4.0833626
3531,CXCL12,16.328382,-4.075471
3532,CXCL13,16.334997,-4.085404
3533,CXCL14,16.322233,-4.0682826
3534,CXCL16,9.339511,5.71524
3535,CXCL17,14.515033,-2.1363938
3536,CXCL2,16.345118,-4.096783
3537,CXCL3,16.329775,-4.080481
3538,CXCL5,16.324291,-4.0734525
3539,CXCL6,16.332066,-4.08076
3540,CXCL8,16.332445,-4.0826635
3541,CXCL9,16.332895,-4.0822887
3542,CXCR1,0.21601418,-2.3871953
3543,CXCR2,0.16127291,-2.3413348
3544,CXCR4,0.2826142,-2.3847532
3545,CXCR5,0.25003213,-2.4257278
3546,CXCR6,0.11269445,-2.3128068
3547,CXXC1,9.718854,2.508296
3548,CXXC4,7.1243515,3.835327
3549,CXXC5,6.9397607,3.842066
3550,CYB561,9.342476,-3.3648055
3551,CYB561A3,9.272964,-3.3451016
3552,CYB561D1,9.31932,-3.3802881
3553,CYB5A,11.932297,2.716034
3554,CYB5B,11.93083,2.7239509
3555,CYB5D1,11.773019,2.6367373
3556,CYB5D2,13.245891,-0.42359722
3557,CYB5R1,12.9256525,1.2358623
3558,CYB5R2,12.930167,1.6049438
3559,CYB5R3,12.915169,1.4411697
3560,CYB5R4,11.605264,1.6038057
3561,CYB5RL,12.060334,1.9645053
3562,CYBA,8.652931,-3.10877
3563,CYBC1,11.615383,1.9999499
3564,CYBRD1,9.327089,-3.3867054
3565,CYC1,13.465817,3.0904467
3566,CYCS,12.318317,3.532071
3567,CYFIP1,10.073444,0.3541025
3568,CYFIP2,10.054979,0.37310043
3569,CYGB,10.844133,2.500878
3570,CYHR1,10.004037,2.4620938
3571,CYLC2,9.066792,3.8624663
3572,CYLD,10.018113,1.8248897
3573,CYP11A1,15.819897,0.9586171
3574,CYP11B1,15.896099,0.96837
3575,CYP11B2,15.838575,0.92698926
3576,CYP17A1,15.882963,0.9577606
3577,CYP19A1,15.7864895,0.9238072
3578,CYP1A1,15.869599,0.95798475
3579,CYP1A2,15.830342,0.951233
3580,CYP1B1,15.8404455,0.94660515
3581,CYP20A1,15.822443,0.963458
3582,CYP21A2,15.884857,0.9541249
3583,CYP24A1,15.851306,0.95523614
3584,CYP26A1,15.828045,0.94605166
3585,CYP26B1,15.801053,0.9375079
3586,CYP26C1,15.702937,0.9323089
3587,CYP27A1,15.846581,0.9544441
3588,CYP27B1,15.862369,0.9550294
3589,CYP27C1,15.784701,0.96759063
3590,CYP2A13,15.914584,0.9536216
3591,CYP2A6,15.918847,0.952159
3592,CYP2A7,15.909541,0.9479931
3593,CYP2B6,15.915587,0.94949543
3594,CYP2C18,15.893203,0.94886035
3595,CYP2C19,15.88104,0.9295969
3596,CYP2C8,15.931374,0.95934415
3597,CYP2C9,15.926068,0.95279646
3598,CYP2D6,15.906745,0.9544381
3599,CYP2D7,15.881463,0.95393986
3600,CYP2E1,15.926025,0.95330334
3601,CYP2F1,15.902094,0.95504695
3602,CYP2J2,15.903385,0.9590412
3603,CYP2R1,15.830457,0.9593398
3604,CYP2S1,15.882337,0.95566034
3605,CYP2U1,15.812125,0.9794351
3606,CYP2W1,15.842693,0.9425956
3607,CYP39A1,15.821018,0.9641865
3608,CYP3A4,15.924307,0.95952857
3609,CYP3A43,15.952457,0.9823585
3610,CYP3A5,15.93912,0.957334
3611,CYP3A7,15.933261,0.9621488
3612,CYP46A1,15.890389,0.9759619
3613,CYP4A11,15.906832,0.96927565
3614,CYP4A22,15.892605,0.97387683
3615,CYP4B1,15.862976,0.9804331
3616,CYP4F11,15.90484,0.96999663
3617,CYP4F12,15.909684,0.98014045
3618,CYP4F2,15.928688,0.9988661
3619,CYP4F22,15.922412,0.99785763
3620,CYP4F3,15.939397,0.93050325
3621,CYP4F8,15.918868,0.97038096
3622,CYP4V2,15.846284,0.9776997
3623,CYP4X1,15.895024,0.97228134
3624,CYP4Z1,15.898614,0.96872026
3625,CYP51A1,15.787532,0.94664747
3626,CYP7A1,15.76611,0.9607292
3627,CYP7B1,15.773094,1.0010967
3628,CYP8B1,15.889392,1.0017499
3629,CYREN,9.928634,3.5151951
3630,CYS1,10.042258,3.4628131
3631,CYSLTR2,0.19594304,-2.3522503
3632,CYSRT1,10.041117,4.383135
3633,CYSTM1,9.405733,4.813185
3634,CYTH1,10.151903,1.1234423
3635,CYTH2,10.252672,1.468127
3636,CYTH3,9.96285,1.1361159
3637,CYTH4,10.104849,1.1529593
3638,CYTIP,9.105636,2.1917126
3639,CYTL1,11.238313,6.0294194
3640,CYYR1,9.7577305,5.2744765
3641,CZIB,12.064528,3.3406324
3642,D2HGDH,13.022241,1.7711407
3643,DAAM1,8.63838,1.2029097
3644,DAAM2,8.751268,1.1912158
3645,DAB1,8.119255,2.164744
3646,DAB2,8.305463,1.9050653
3647,DAB2IP,8.935994,1.016389
3648,DACH1,7.7950983,3.106669
3649,DACT1,8.733551,2.886538
3650,DACT2,8.518554,2.7134807
3651,DACT3,8.942603,2.9803026
3652,DAD1,9.205653,-2.6944036
3653,DAG1,9.209288,5.5431776
3654,DAGLA,10.418084,-2.0416255
3655,DAGLB,11.466515,0.34078592
3656,DALRD3,12.0639105,1.6514812
3657,DAND5,14.364323,-1.27308
3658,DAO,12.948924,1.6126162
3659,DAOA,9.579384,4.3448153
3660,DAP,9.864659,3.815389
3661,DAP3,12.169603,1.9652259
3662,DAPK1,9.425518,0.44808078
3663,DAPK2,12.731852,7.703352
3664,DAPK3,12.786406,7.683489
3665,DAPL1,9.600229,4.288411
3666,DAPP1,9.9189,1.371767
3667,DARS2,12.171646,1.5904518
3668,DAW1,12.482206,5.206116
3669,DAXX,9.956602,1.3111347
3670,DAZAP1,7.1266623,2.365249
3671,DAZAP2,9.55491,4.8309073
3672,DAZL,7.024277,3.3908484
3673,DBF4,9.070639,2.2940786
3674,DBF4B,9.515764,3.3384686
3675,DBH,13.265437,-0.03755823
3676,DBI,12.247968,3.3020825
3677,DBN1,9.258144,1.8513736
3678,DBNDD1,9.624755,3.618497
3679,DBNDD2,9.876588,3.6112065
3680,DBNL,9.451914,1.7412212
3681,DBP,7.96997,3.925815
3682,DBR1,11.102641,2.1158645
3683,DBT,13.373836,2.2238395
3684,DBX1,6.8158236,4.699969
3685,DBX2,7.0130925,4.5460067
3686,DCAF1,9.802159,0.062117536
3687,DCAF10,12.355029,5.032648
3688,DCAF11,12.386455,5.043329
3689,DCAF12,12.333028,4.995414
3690,DCAF13,12.368261,5.130799
3691,DCAF15,9.781221,2.0095766
3692,DCAF16,9.586319,3.6333687
3693,DCAF17,11.4105425,1.1310765
3694,DCAF4,12.438074,5.1071124
3695,DCAF4L1,12.429128,5.096873
3696,DCAF4L2,12.470113,5.08493
3697,DCAF5,9.253615,1.7169315
3698,DCAF6,9.24627,1.3908664
3699,DCAF7,12.429132,5.1149855
3700,DCAF8,12.274918,4.9152236
3701,DCAKD,12.4339075,2.0904517
3702,DCANP1,9.438722,4.602389
3703,DCBLD1,9.920934,5.893475
3704,DCBLD2,13.174863,-1.2807895
3705,DCC,12.179502,-1.6862911
3706,DCD,10.746289,5.39151
3707,DCDC1,8.585284,0.6934278
3708,DCDC2,8.994766,2.8724062
3709,DCDC2B,9.26076,3.4368143
3710,DCDC2C,9.139425,2.9041784
3711,DCHS1,12.268337,-2.04078
3712,DCK,11.7673435,2.0118818
3713,DCLK1,12.991083,7.3942804
3714,DCLK2,12.951165,7.4464397
3715,DCLK3,12.761809,7.61148
3716,DCLRE1A,8.663954,2.2119148
3717,DCLRE1B,9.804906,2.1519103
3718,DCLRE1C,9.405635,2.1059895
3719,DCN,15.638109,4.729991
3720,DCP1A,7.9703584,2.607745
3721,DCP1B,7.86884,2.7872407
3722,DCP2,9.509034,2.3073666
3723,DCPS,11.939866,1.9612038
3724,DCST1,10.459603,-2.3930335
3725,DCST2,10.383514,-2.3370798
3726,DCSTAMP,9.982151,-2.2936912
3727,DCT,13.230282,-0.14931498
3728,DCTD,12.203992,2.3753443
3729,DCTN1,8.132946,0.34808245
3730,DCTN2,10.999467,3.188463
3731,DCTN3,11.070842,3.2595727
3732,DCTN4,10.112605,2.3554611
3733,DCTN5,12.139674,1.7338427
3734,DCTN6,11.914174,2.9707758
3735,DCTPP1,12.442979,2.5547674
3736,DCUN1D1,5.5395975,-0.22085401
3737,DCUN1D2,5.5732417,-0.17982917
3738,DCUN1D3,10.139973,2.4336874
3739,DCUN1D4,5.545967,-0.21694517
3740,DCXR,13.6204405,1.5736773
3741,DDA1,10.47103,3.5021613
3742,DDAH1,12.795517,2.0923536
3743,DDAH2,12.750509,2.203369
3744,DDB1,11.034663,0.4186463
3745,DDB2,12.453851,5.1467366
3746,DDC,13.607989,1.7222277
3747,DDHD2,11.284613,1.1905222
3748,DDI1,10.414838,2.8929324
3749,DDI2,10.348606,2.5197752
3750,DDIAS,8.938959,2.3078449
3751,DDIT3,9.470485,3.4353952
3752,DDIT4,9.469063,3.3249924
3753,DDIT4L,9.468684,4.111622
3754,DDN,8.835624,3.1065197
3755,DDO,12.813572,1.641937
3756,DDOST,12.743789,-0.3367696
3757,DDR1,13.721226,6.75306
3758,DDR2,13.707073,6.725644
3759,DDRGK1,10.899751,3.3390594
3760,DDT,12.417878,3.08982
3761,DDTL,12.29747,3.101869
3762,DDX1,11.432434,1.6204885
3763,DDX10,11.355943,3.2023423
3764,DDX11,11.244302,1.5102258
3765,DDX17,7.0478272,2.301991
3766,DDX18,11.363765,3.093694
3767,DDX19A,11.541138,1.7101113
3768,DDX19B,11.382656,1.8838165
3769,DDX20,10.523188,1.8013572
3770,DDX21,11.421845,3.0724628
3771,DDX23,10.717745,2.5479414
3772,DDX24,11.28658,3.0337172
3773,DDX25,11.473674,1.7837032
3774,DDX27,11.32391,3.0451877
3775,DDX28,11.965525,2.0736532
3776,DDX31,11.484848,1.9307443
3777,DDX39A,11.593939,1.8594412
3778,DDX39B,11.489888,1.9002482
3779,DDX4,11.128793,1.6641139
3780,DDX41,11.575292,1.967533
3781,DDX42,11.136944,1.5603728
3782,DDX43,11.223486,1.9589689
3783,DDX46,10.234388,2.7325559
3784,DDX47,11.428716,2.014815
3785,DDX49,11.542243,2.2416527
3786,DDX5,7.0317683,2.2582307
3787,DDX50,11.34053,2.915393
3788,DDX51,11.570085,2.562532
3789,DDX52,11.386895,2.8970606
3790,DDX54,11.514492,3.0778646
3791,DDX55,11.566298,2.1742282
3792,DDX56,11.66726,2.210338
3793,DDX58,11.551523,0.3392902
3794,DDX59,11.273488,1.5948665
3795,DDX6,10.669848,1.8863745
3796,DDX60,10.274372,-0.24175435
3797,DDX60L,10.132873,-0.28742638
3798,DEAF1,7.2994704,3.0826926
3799,DECR1,13.729289,2.0843432
3800,DECR2,13.505295,1.6119547
3801,DEDD,10.640224,2.4542356
3802,DEDD2,9.786702,2.991606
3803,DEF6,7.9669194,0.58995646
3804,DEF8,10.22284,2.3638165
3805,DEFA1,11.017878,5.599353
3806,DEFA1B,11.019348,5.598432
3807,DEFA3,10.994116,5.584136
3808,DEFA4,11.019737,5.5947866
3809,DEFA5,11.02363,5.599797
3810,DEFA6,11.026977,5.6003404
3811,DEFB1,14.730538,-2.4676065
3812,DEFB103A,14.834738,-2.6118555
3813,DEFB103B,14.842758,-2.6178164
3814,DEFB104A,14.845876,-2.6162686
3815,DEFB104B,14.843242,-2.6177735
3816,DEFB105A,14.768244,-2.5221293
3817,DEFB105B,14.804526,-2.5551054
3818,DEFB106A,14.8401165,-2.6143384
3819,DEFB106B,14.825254,-2.59128
3820,DEFB107A,14.797182,-2.5287051
3821,DEFB107B,14.800596,-2.5382788
3822,DEFB108B,14.753525,-2.4918628
3823,DEFB110,14.829738,-2.6008866
3824,DEFB112,14.4211855,-2.0865421
3825,DEFB113,14.816908,-2.5767133
3826,DEFB114,14.824546,-2.5851743
3827,DEFB115,14.810052,-2.5686455
3828,DEFB116,14.790149,-2.5528228
3829,DEFB118,14.6512985,-2.3018587
3830,DEFB119,14.818701,-2.5736566
3831,DEFB121,14.823791,-2.5833457
3832,DEFB123,14.87347,-2.645076
3833,DEFB124,14.707823,-2.4279838
3834,DEFB125,14.7368145,-2.4415104
3835,DEFB126,14.803512,-2.5534
3836,DEFB127,14.812958,-2.5906954
3837,DEFB128,14.834821,-2.5985723
3838,DEFB129,14.7042265,-2.3183193
3839,DEFB130A,14.842014,-2.6074224
3840,DEFB130B,14.819819,-2.582413
3841,DEFB131A,14.79413,-2.5115175
3842,DEFB131B,14.796273,-2.545835
3843,DEFB132,14.664917,-2.337824
3844,DEFB134,14.697059,-2.4103148
3845,DEFB135,14.810082,-2.577519
3846,DEFB136,14.79349,-2.5644763
3847,DEFB4A,14.8200865,-2.6073372
3848,DEFB4B,14.878673,-2.6645908
3849,DEGS1,9.400441,-3.4616516
3850,DEGS2,9.406328,-3.492762
3851,DEK,10.643538,3.6986606
3852,DELE1,10.929491,1.0030575
3853,DENND10,12.268769,1.8357656
3854,DENND11,10.383667,1.1091979
3855,DENND1A,9.154248,0.9213853
3856,DENND1B,9.4747095,0.86551005
3857,DENND1C,9.565064,0.96785593
3858,DENND2A,9.002493,1.7086054
3859,DENND2C,8.917742,1.7775027
3860,DENND2D,10.27029,1.0256659
3861,DENND3,9.890491,0.55805826
3862,DENND4A,9.476261,-0.058085825
3863,DENND4B,9.657838,0.057640664
3864,DENND4C,9.487732,-0.1317212
3865,DENND5A,9.969916,0.5894181
3866,DENND5B,9.747141,0.5554725
3867,DENND6A,10.265192,0.827963
3868,DENND6B,10.106793,0.97915864
3869,DENR,11.088091,2.9528677
3870,DEPDC1,9.071916,2.5363915
3871,DEPDC1B,10.124793,2.2670543
3872,DEPDC4,10.780456,1.8124378
3873,DEPDC5,9.566482,0.04874318
3874,DEPDC7,10.720621,1.8626256
3875,DEPP1,9.245502,3.6714425
3876,DEPTOR,9.9568815,1.3281649
3877,DERA,13.387286,1.9576
3878,DERL1,9.390406,-2.8715892
3879,DERL2,9.412773,-2.854045
3880,DERL3,9.470168,-2.95497
3881,DERPC,8.47072,3.9356437
3882,DES,20.63263,2.5223029
3883,DESI1,11.778602,2.5001624
3884,DESI2,11.554948,2.4602242
3885,DET1,11.165491,1.0790027
3886,DEUP1,7.510337,0.36697957
3887,DEXI,9.529608,4.152804
3888,DFFA,10.971503,2.937817
3889,DFFB,10.811299,1.96407
3890,DGAT1,9.907197,-3.1158879
3891,DGAT2,13.040416,1.0131372
3892,DGCR2,13.075248,-1.1660734
3893,DGCR6,10.465989,3.380411
3894,DGCR6L,10.589768,3.3170283
3895,DGCR8,9.542153,2.1402228
3896,DGKA,9.926979,0.6461337
3897,DGKB,9.894263,0.55054295
3898,DGKD,9.85034,0.6076936
3899,DGKE,12.165635,1.161603
3900,DGKG,9.929625,0.6146016
3901,DGKQ,9.826797,1.0367485
3902,DGKZ,9.830858,0.7619947
3903,DGLUCY,12.993316,1.6708934
3904,DGUOK,12.559595,2.3082123
3905,DHCR24,12.997047,0.90298694
3906,DHCR7,9.579915,-3.3787258
3907,DHDDS,12.155666,1.7203516
3908,DHDH,13.310863,1.778982
3909,DHFR,12.477875,2.1410275
3910,DHFR2,12.349101,2.288425
3911,DHH,13.784033,-0.3531599
3912,DHODH,12.927208,1.9954612
3913,DHPS,12.961628,1.942918
3914,DHRS1,13.481216,1.265217
3915,DHRS11,13.426651,1.7695752
3916,DHRS12,13.326343,1.3704828
3917,DHRS13,13.416988,1.1558487
3918,DHRS2,13.607075,1.5345039
3919,DHRS3,13.542349,1.1220233
3920,DHRS4,13.641244,1.6509968
3921,DHRS4L2,13.59885,1.5775918
3922,DHRS7,13.474033,1.1870009
3923,DHRS7B,13.485847,1.1662596
3924,DHRS7C,13.543098,1.111334
3925,DHRS9,13.591075,1.1816659
3926,DHTKD1,13.533587,1.667469
3927,DHX15,10.9498625,0.8556685
3928,DHX16,11.048638,1.8662248
3929,DHX29,10.89894,1.3151196
3930,DHX30,11.253225,1.4500734
3931,DHX32,11.275165,1.4264302
3932,DHX33,11.414475,1.6932125
3933,DHX34,11.375184,1.2641922
3934,DHX35,11.392456,1.4815471
3935,DHX36,11.060949,1.4465088
3936,DHX37,11.378142,1.9025053
3937,DHX38,10.978831,1.9420747
3938,DHX40,11.251585,1.5176954
3939,DHX57,11.273746,1.414069
3940,DHX58,11.430677,1.3267436
3941,DHX8,11.000373,1.6762416
3942,DHX9,11.17331,1.4688566
3943,DIABLO,12.737455,2.5428886
3944,DIAPH1,8.596921,1.1962174
3945,DIAPH3,8.736888,1.3051993
3946,DICER1,9.473916,0.09280445
3947,DIDO1,7.809474,2.1363423
3948,DIMT1,12.343066,2.4906554
3949,DIO1,12.97073,0.5577894
3950,DIO2,12.890895,0.6258053
3951,DIO3,12.974681,0.2689735
3952,DIP2A,9.857181,0.44708022
3953,DIP2B,9.819236,0.45912367
3954,DIP2C,9.859832,0.38810566
3955,DIPK1A,14.046347,-0.051765755
3956,DIPK1B,13.964473,-0.10524652
3957,DIPK1C,13.981684,-0.04170387
3958,DIPK2A,13.988505,-0.058742236
3959,DIRAS1,7.6949477,-6.9439473
3960,DIRAS2,7.6631026,-6.974038
3961,DIRAS3,7.672804,-6.9675674
3962,DIRC1,9.509833,4.5049124
3963,DIS3,11.393752,1.3082249
3964,DIS3L,11.512223,1.2940152
3965,DIS3L2,11.573355,1.292531
3966,DISC1,8.733219,1.5405313
3967,DISP1,11.073044,-2.84342
3968,DISP3,11.278251,-3.0486398
3969,DIXDC1,8.188816,0.6993903
3970,DKK1,14.07515,-1.7544234
3971,DKK2,14.005685,-1.7573938
3972,DKK3,13.73904,-1.4819038
3973,DKK4,14.243635,-1.9095165
3974,DKKL1,9.698943,4.430899
3975,DLAT,13.388913,2.1571944
3976,DLC1,8.895029,1.116963
3977,DLD,13.762104,2.102699
3978,DLEC1,8.693209,0.63318425
3979,DLEU7,10.268476,3.2227929
3980,DLG1,9.020507,0.80549943
3981,DLG2,8.9398775,0.8206592
3982,DLG4,10.113467,1.3541158
3983,DLG5,8.330658,0.67855376
3984,DLGAP1,8.841718,1.0018926
3985,DLGAP2,8.815277,0.9049983
3986,DLGAP3,8.7642,1.2698197
3987,DLGAP4,8.755079,1.2416954
3988,DLGAP5,8.934119,2.5177488
3989,DLK1,13.383709,-1.9289382
3990,DLK2,13.543913,-1.7646357
3991,DLL1,13.26204,-2.0591528
3992,DLL3,13.418226,-1.6903235
3993,DLL4,13.213761,-2.1312354
3994,DLST,13.377757,2.1995716
3995,DLX1,6.6160245,4.591271
3996,DLX2,6.7812495,4.443978
3997,DLX3,6.8258066,4.3931975
3998,DLX4,6.7863216,4.6906667
3999,DLX5,6.743731,4.535493
4000,DLX6,6.7214074,4.4901667
4001,DMAC1,13.575372,3.9196467
4002,DMAC2,12.71351,2.6257365
4003,DMAC2L,12.586094,2.7062862
4004,DMAP1,10.303989,2.810619
4005,DMBT1,12.556996,-2.080154
4006,DMBX1,6.8539724,4.552835
4007,DMC1,11.663915,2.0093
4008,DMGDH,13.413314,1.5268493
4009,DMKN,10.174945,2.788488
4010,DMP1,8.880534,4.329301
4011,DMPK,12.704457,7.669064
4012,DMRT1,7.251017,4.2320323
4013,DMRT2,7.52412,4.0476675
4014,DMRT3,7.312114,4.2749696
4015,DMRTA1,7.3599887,4.2002654
4016,DMRTA2,7.2539334,4.130209
4017,DMRTB1,7.5243416,4.1227803
4018,DMRTC2,7.5857553,4.2805276
4019,DMTF1,7.065343,3.0440288
4020,DMTN,9.4113865,2.5715916
4021,DMWD,9.513389,2.0954416
4022,DMXL1,9.558908,-0.3577325
4023,DMXL2,9.585917,-0.41015476
4024,DNA2,10.270703,1.7164695
4025,DNAAF1,9.148,1.9092416
4026,DNAAF2,11.172371,2.584751
4027,DNAAF3,10.086219,1.7589645
4028,DNAAF4,10.718212,2.9152129
4029,DNAAF5,10.892407,0.58250964
4030,DNAH12,9.457609,-0.35899773
4031,DNAI1,7.941413,1.1013812
4032,DNAI2,7.8413496,1.1033988
4033,DNAJA1,12.019917,0.68525505
4034,DNAJA2,11.974017,0.7289942
4035,DNAJA3,12.819341,2.364038
4036,DNAJA4,12.00451,0.7015663
4037,DNAJB1,12.045682,0.68411714
4038,DNAJB11,12.147214,0.5383407
4039,DNAJB12,11.752371,0.7895608
4040,DNAJB13,12.028247,0.6332142
4041,DNAJB14,11.867344,0.53173345
4042,DNAJB2,11.913672,0.62904286
4043,DNAJB4,12.001269,0.66471976
4044,DNAJB5,12.004115,0.6181949
4045,DNAJB6,11.962455,0.5319006
4046,DNAJB7,11.945178,0.53578395
4047,DNAJB8,11.942411,0.56891996
4048,DNAJB9,11.962677,0.55557287
4049,DNAJC1,12.665496,-0.17745094
4050,DNAJC11,11.823106,1.5756094
4051,DNAJC12,10.610525,2.4809384
4052,DNAJC13,9.724887,-0.34455788
4053,DNAJC14,9.515716,2.3288107
4054,DNAJC15,13.347447,3.6208186
4055,DNAJC16,12.727739,0.0966995
4056,DNAJC17,10.794608,3.3186998
4057,DNAJC18,11.909355,0.6114168
4058,DNAJC19,13.201206,3.5535016
4059,DNAJC2,10.789986,3.2905333
4060,DNAJC21,10.798687,3.2245564
4061,DNAJC22,9.913653,-2.6708362
4062,DNAJC24,11.243169,2.8797925
4063,DNAJC25,12.569694,0.19285667
4064,DNAJC27,7.793218,-6.825934
4065,DNAJC28,11.970366,2.315809
4066,DNAJC3,11.771343,0.021920428
4067,DNAJC30,12.767099,3.0038025
4068,DNAJC4,12.866128,2.9706328
4069,DNAJC5,9.949019,5.33575
4070,DNAJC5B,9.943223,5.3526707
4071,DNAJC5G,9.985888,5.2899804
4072,DNAJC6,8.622695,1.7332225
4073,DNAJC7,11.233279,0.085984215
4074,DNAJC8,10.793393,3.3224678
4075,DNAJC9,10.71482,2.9077091
4076,DNAL1,15.368329,4.5956664
4077,DNAL4,11.884098,3.2522929
4078,DNALI1,7.8227873,1.0560943
4079,DNASE1,13.690189,-0.31958738
4080,DNASE1L2,13.708455,-0.2704851
4081,DNASE1L3,13.552181,-0.24786481
4082,DNASE2,13.499824,-0.116171345
4083,DNASE2B,13.665482,-0.17508942
4084,DND1,10.166584,2.8769798
4085,DNER,13.413855,-1.8817766
4086,DNLZ,12.479957,2.9581337
4087,DNM1,9.338994,0.83136404
4088,DNM1L,11.388366,1.1193424
4089,DNM2,9.199916,0.85852224
4090,DNM3,9.1460905,0.8354807
4091,DNMBP,9.16232,1.1159343
4092,DNMT1,9.453416,2.1216433
4093,DNMT3A,9.548541,2.0630565
4094,DNMT3B,9.600312,2.1361067
4095,DNMT3L,11.563753,1.6446434
4096,DNPEP,12.784409,1.7739089
4097,DNPH1,12.696531,2.5065935
4098,DNTT,12.131182,1.7879447
4099,DNTTIP1,10.428851,2.8063102
4100,DNTTIP2,9.552325,2.7423747
4101,DOC2A,9.820814,0.24113844
4102,DOC2B,9.785211,0.20925249
4103,DOCK1,9.345824,-0.19447373
4104,DOCK10,9.437179,-0.25937772
4105,DOCK2,9.45127,-0.22477815
4106,DOCK3,9.386197,-0.21109359
4107,DOCK4,9.314461,-0.16862874
4108,DOCK5,9.340477,-0.12368616
4109,DOCK6,9.845698,-0.62407506
4110,DOCK7,9.507118,-0.27259195
4111,DOCK8,9.440992,-0.36465245
4112,DOCK9,9.45218,-0.31328887
4113,DOHH,11.165886,2.1043968
4114,DOK1,9.696369,1.6884571
4115,DOK2,9.738451,1.6335907
4116,DOK3,9.752561,1.6814407
4117,DOK4,10.130704,1.5063472
4118,DOK5,9.884717,1.2261467
4119,DOK6,9.934873,1.1435182
4120,DOK7,9.153376,2.0226662
4121,DOLK,9.881574,-3.1103253
4122,DOLPP1,9.486228,-3.2122788
4123,DONSON,10.865676,2.0676706
4124,DOP1A,9.6190195,-0.39241984
4125,DOP1B,9.811415,-0.46186998
4126,DOT1L,8.056117,2.359799
4127,DPAGT1,9.7261715,-3.1986346
4128,DPCD,11.082892,2.5722578
4129,DPEP1,13.432534,0.011320134
4130,DPEP2,13.456384,0.016287317
4131,DPEP2NB,9.601693,4.2746854
4132,DPEP3,13.4121895,-0.0100527825
4133,DPF1,9.794091,2.581246
4134,DPF2,9.8948,2.5062473
4135,DPF3,9.715996,2.4366417
4136,DPH1,11.948407,1.682991
4137,DPH2,12.046898,1.7185364
4138,DPH3,12.026777,3.167486
4139,DPH5,12.493654,2.0197172
4140,DPH6,12.549699,1.9734943
4141,DPH7,12.476064,5.061929
4142,DPM1,12.380525,2.3733225
4143,DPM2,9.177876,-2.6443338
4144,DPM3,13.551682,3.9410136
4145,DPP10,12.432821,-1.2215589
4146,DPP3,12.48739,1.3085682
4147,DPP4,13.072612,-0.45120707
4148,DPP6,12.319214,-1.279377
4149,DPP7,13.391222,-0.01787218
4150,DPP8,11.927158,0.84295696
4151,DPP9,12.1814995,0.80639315
4152,DPPA2,10.069665,2.8886454
4153,DPPA3,9.547539,4.017743
4154,DPPA4,9.698181,3.5466878
4155,DPPA5,9.96425,3.7861607
4156,DPRX,6.932557,4.7454824
4157,DPT,14.03733,-1.2125292
4158,DPY19L1,10.214618,-2.9960532
4159,DPY19L2,10.248524,-3.0260293
4160,DPY19L3,10.195523,-2.8727012
4161,DPY19L4,10.197365,-2.914511
4162,DPY30,11.565305,3.0985217
4163,DPYD,13.605526,1.6161143
4164,DPYS,13.305361,1.7533506
4165,DPYSL2,13.325332,2.0233448
4166,DPYSL3,13.335021,2.0211756
4167,DPYSL4,13.32587,1.9781182
4168,DPYSL5,13.41577,2.085253
4169,DQX1,11.612434,0.6480095
4170,DR1,11.024537,2.992856
4171,DRAM1,9.23258,-3.3449266
4172,DRAM2,9.369533,-3.34202
4173,DRAP1,11.235683,3.6162412
4174,DRAXIN,13.835203,-1.2510071
4175,DRC1,7.5599537,0.8273726
4176,DRC3,15.239577,4.5352793
4177,DRC7,7.65402,0.9740522
4178,DRD1,0.6127375,-2.340075
4179,DRD2,0.6853565,-2.268122
4180,DRD3,0.7125035,-2.303231
4181,DRD4,0.68103,-2.3765779
4182,DRD5,0.64717114,-2.309628
4183,DRG1,11.518981,2.0861685
4184,DRG2,11.704897,2.1144853
4185,DRGX,6.7222447,4.590228
4186,DRICH1,8.910309,4.351862
4187,DROSHA,7.885121,2.4606626
4188,DSC1,12.270806,-4.369841
4189,DSC3,12.246705,-4.35167
4190,DSCAM,12.157206,-1.8081385
4191,DSCAML1,12.171333,-1.7996517
4192,DSCC1,11.338857,2.473659
4193,DSE,13.516317,0.16464841
4194,DSEL,13.411721,0.203459
4195,DSG1,12.271828,-4.378169
4196,DSG2,12.272407,-4.380524
4197,DSG3,12.266783,-4.367052
4198,DSG4,12.270372,-4.381463
4199,DSN1,9.503612,2.5417771
4200,DSP,9.0594015,-0.91233003
4201,DSPP,8.8888235,4.19705
4202,DSTN,12.048931,3.2006745
4203,DSTYK,10.712045,1.6527125
4204,DTD1,12.298844,2.2816935
4205,DTD2,12.31869,2.473828
4206,DTHD1,10.283848,0.87609255
4207,DTL,9.415777,2.1546805
4208,DTNA,9.166113,0.7878174
4209,DTNB,9.18408,0.8485388
4210,DTNBP1,10.366975,2.5406687
4211,DTWD2,12.166477,2.3100488
4212,DTX1,8.675499,2.424089
4213,DTX2,8.726696,2.5149457
4214,DTX3,11.031268,2.3660374
4215,DTX3L,11.490246,0.44556743
4216,DTX4,8.674583,2.486996
4217,DTYMK,12.028901,2.4146664
4218,DUOX1,11.082744,-2.734362
4219,DUOX2,11.090963,-2.7738502
4220,DUOXA1,9.69297,-2.859409
4221,DUOXA2,9.618531,-2.7968366
4222,DUS1L,12.300172,1.9066213
4223,DUS2,12.301518,1.8586388
4224,DUS3L,11.933447,1.7736722
4225,DUS4L,12.217315,2.1096828
4226,DUSP1,9.765442,2.8773527
4227,DUSP10,8.930237,2.700791
4228,DUSP11,10.808528,2.1843953
4229,DUSP12,11.242365,2.4104989
4230,DUSP13,12.114104,2.5300732
4231,DUSP14,11.80203,2.3667462
4232,DUSP15,9.224496,4.276554
4233,DUSP16,8.992651,1.8516209
4234,DUSP18,11.791546,2.3524451
4235,DUSP19,11.853656,2.3124075
4236,DUSP2,9.918697,2.854439
4237,DUSP22,11.734536,2.5635793
4238,DUSP23,12.452742,2.638787
4239,DUSP26,12.175905,2.5769753
4240,DUSP28,11.471471,2.7275393
4241,DUSP3,11.815561,2.4878225
4242,DUSP4,9.842378,2.781408
4243,DUSP5,9.828783,2.8559122
4244,DUSP6,9.76902,2.8178546
4245,DUSP7,9.71537,2.753888
4246,DUSP8,9.005638,2.2425082
4247,DUT,12.866892,2.8445094
4248,DUX4,7.2082863,4.58072
4249,DUXA,6.9327574,4.728077
4250,DUXB,6.9520082,4.702633
4251,DVL1,8.333113,1.7714671
4252,DVL2,7.99294,1.9911292
4253,DVL3,7.915301,1.9853739
4254,DXO,11.682565,2.016621
4255,DYDC1,7.8115034,1.104297
4256,DYDC2,7.940966,1.0946258
4257,DYM,10.3886595,0.41300347
4258,DYNAP,9.329637,5.5167284
4259,DYNC1I1,12.319165,4.9879556
4260,DYNC1I2,12.28394,4.950773
4261,DYNC1LI1,11.246768,1.9321097
4262,DYNC1LI2,10.5545225,2.2702181
4263,DYNC2LI1,7.753014,-6.8932757
4264,DYNLL1,12.276784,3.5902054
4265,DYNLL2,12.190871,3.5380144
4266,DYNLRB1,11.973065,3.440401
4267,DYNLRB2,11.9973755,3.3797827
4268,DYNLT1,11.966495,3.3421004
4269,DYRK1B,12.643183,7.629224
4270,DYRK2,12.743774,7.6795783
4271,DYRK3,12.715434,7.679902
4272,DYRK4,12.757834,7.69432
4273,DYSF,9.970001,-0.86169255
4274,DYTN,11.32144,5.0309963
4275,DZANK1,9.761199,1.5846084
4276,DZIP1,7.931623,0.8612898
4277,DZIP1L,7.8417206,0.8909975
4278,DZIP3,9.574168,0.53575504
4279,E2F1,8.792391,2.9715397
4280,E2F2,8.77953,2.8521054
4281,E2F3,8.707617,2.9679825
4282,E2F4,8.895417,2.9935203
4283,E2F5,8.960436,3.0369139
4284,E2F6,9.145974,2.9408429
4285,E2F7,8.833436,2.4535158
4286,E2F8,8.774166,2.5099306
4287,E4F1,6.108735,2.8959138
4288,EAF1,9.367313,2.8491566
4289,EAF2,9.236593,2.7788801
4290,EAPP,10.758458,3.2638946
4291,EARS2,12.18728,1.6643212
4292,EBAG9,10.695056,3.232655
4293,EBF1,7.1501493,3.5175645
4294,EBF2,7.1247234,3.541339
4295,EBF3,7.0948043,3.5328898
4296,EBF4,7.1814194,3.5781965
4297,EBI3,10.092188,6.6028295
4298,EBLN1,9.871191,4.0814486
4299,EBLN2,9.803254,4.21754
4300,EBNA1BP2,11.372531,3.242001
4301,EBPL,9.622084,-3.2189517
4302,ECD,11.12893,2.206897
4303,ECE1,13.157617,0.32341328
4304,ECE2,13.20129,0.28313047
4305,ECEL1,13.234153,0.28827548
4306,ECH1,13.657594,2.040546
4307,ECHDC1,13.6879,2.0474799
4308,ECHDC2,13.656601,2.0439243
4309,ECHDC3,13.401315,2.153316
4310,ECHS1,13.676704,2.1812112
4311,ECI1,13.117929,2.4327257
4312,ECI2,13.609404,2.088653
4313,ECM1,13.74587,-1.2587593
4314,ECM2,15.71445,4.783592
4315,ECPAS,9.850121,-0.30862412
4316,ECRG4,15.0925455,-1.7895234
4317,ECSCR,9.404477,5.5238705
4318,ECSIT,12.859552,2.7603178
4319,ECT2,9.364639,2.130895
4320,ECT2L,10.203042,1.511028
4321,EDAR,9.852714,5.8191457
4322,EDARADD,9.628691,3.5989184
4323,EDC3,11.384769,1.7563391
4324,EDC4,9.501958,0.8687801
4325,EDDM13,14.316772,-1.6765058
4326,EDDM3A,11.567628,2.5008488
4327,EDDM3B,14.979274,-1.432424
4328,EDEM1,13.678327,0.02266877
4329,EDEM2,13.443863,0.05530695
4330,EDEM3,12.490204,0.062378727
4331,EDF1,11.977027,3.7658122
4332,EDIL3,13.172732,-1.7154236
4333,EDN1,14.753267,-1.7264369
4334,EDN2,14.817723,-1.7734159
4335,EDN3,14.326538,-1.668743
4336,EDNRA,0.5285626,-2.394341
4337,EDNRB,0.54522496,-2.383242
4338,EDRF1,10.756984,0.15767668
4339,EEA1,7.450774,0.2700656
4340,EED,12.3196,4.9773893
4341,EEF1A1,14.722539,2.6035633
4342,EEF1A2,15.194897,2.716156
4343,EEF1AKMT1,12.206379,2.1262746
4344,EEF1AKMT2,12.096138,2.1448948
4345,EEF1AKMT3,12.358239,2.2219532
4346,EEF1AKMT4,12.314444,2.3588936
4347,EEF1AKMT4-ECE2,13.168691,0.32755232
4348,EEF1B2,12.322466,3.5379336
4349,EEF1D,12.394019,3.54826
4350,EEF1E1,11.818205,2.5259674
4351,EEF1G,13.649248,2.5364912
4352,EEF2,14.537309,2.5656114
4353,EEF2K,9.777305,1.648073
4354,EEF2KMT,12.269132,2.1709545
4355,EEFSEC,12.018974,1.6599602
4356,EEPD1,10.095614,1.727787
4357,EFCAB10,11.314367,2.878544
4358,EFCAB11,5.4481087,-0.29198125
4359,EFCAB12,8.868107,3.7464905
4360,EFCAB13,9.166772,1.4492635
4361,EFCAB14,11.425514,0.7451783
4362,EFCAB2,10.371498,3.2256293
4363,EFCAB3,9.194599,1.3177444
4364,EFCAB5,9.103137,1.3073148
4365,EFCAB6,8.808255,0.9554011
4366,EFCAB7,10.248838,1.1372505
4367,EFCAB8,12.339864,4.9216266
4368,EFCAB9,5.42496,-0.3063346
4369,EFCC1,8.3364105,0.8733599
4370,EFEMP1,13.411686,-2.040589
4371,EFEMP2,13.374242,-2.0383124
4372,EFHB,8.665911,4.2063756
4373,EFHC1,8.024469,1.1568851
4374,EFHD1,5.4362774,-0.2913862
4375,EFHD2,5.4719987,-0.27078164
4376,EFL1,11.492202,1.3124453
4377,EFNA1,13.195603,-0.8602267
4378,EFNA2,13.150121,-0.8039648
4379,EFNA3,13.177936,-0.8722888
4380,EFNA4,13.120215,-0.6904809
4381,EFNA5,13.190505,-0.8583373
4382,EFNB2,10.195489,6.1448326
4383,EFNB3,13.433956,-0.920572
4384,EFR3A,10.136732,0.39653933
4385,EFR3B,10.275329,0.40042058
4386,EFS,9.196807,1.9733617
4387,EFTUD2,11.585549,1.5460744
4388,EGF,13.238919,-1.94745
4389,EGFL7,13.606725,-1.8442514
4390,EGFL8,13.694424,-1.8116903
4391,EGFLAM,13.130234,-1.7684314
4392,EGFR,13.693738,6.746388
4393,EGLN1,10.399353,2.5521488
4394,EGLN2,9.650895,2.6161196
4395,EGLN3,12.382033,2.0902908
4396,EGR1,6.4679384,3.7691457
4397,EGR2,6.4484253,3.7942274
4398,EGR3,6.43505,3.7027698
4399,EGR4,6.400655,3.7263868
4400,EHBP1,8.899787,0.9448568
4401,EHBP1L1,8.707923,3.3193142
4402,EHD1,10.697315,1.4548383
4403,EHD2,10.950126,1.3143262
4404,EHD3,10.749983,1.3805633
4405,EHD4,10.713037,1.4254599
4406,EHF,7.523965,3.7553966
4407,EHHADH,13.622086,1.8191901
4408,EHMT1,9.277217,2.106955
4409,EHMT2,9.373775,2.0464187
4410,EI24,9.439613,-2.90238
4411,EID1,10.235987,3.5526202
4412,EID2,10.061767,3.364695
4413,EID2B,9.931213,3.7610028
4414,EID3,10.835377,2.571098
4415,EIF1,12.2951565,3.57315
4416,EIF1AD,11.023455,3.1452105
4417,EIF1B,12.213189,3.5464
4418,EIF2A,12.310378,4.962354
4419,EIF2AK1,12.8813095,7.433352
4420,EIF2AK2,11.446706,0.627916
4421,EIF2AK3,12.513053,0.044311855
4422,EIF2AK4,9.944757,1.117027
4423,EIF2B1,12.06543,2.3462386
4424,EIF2B2,11.9656925,2.5161476
4425,EIF2B3,12.547173,1.8731288
4426,EIF2B4,11.611347,2.3347867
4427,EIF2B5,11.600619,1.7000957
4428,EIF2D,11.872963,1.735233
4429,EIF2S1,11.618513,2.5624042
4430,EIF2S2,11.030544,3.2284966
4431,EIF2S3B,11.52874,1.460968
4432,EIF3A,7.22808,1.8861827
4433,EIF3B,11.457154,2.162348
4434,EIF3C,11.095317,1.9081706
4435,EIF3CL,11.060862,1.8800523
4436,EIF3D,11.252104,2.4911156
4437,EIF3E,11.022416,0.3355014
4438,EIF3F,11.114376,2.3875937
4439,EIF3G,10.665681,2.691071
4440,EIF3H,11.248175,2.3755682
4441,EIF3I,12.363717,5.039299
4442,EIF3J,10.932716,3.3116593
4443,EIF3K,11.10296,0.40150774
4444,EIF3L,11.070255,0.4293185
4445,EIF3M,11.068619,0.29838344
4446,EIF4A1,11.613749,1.9382904
4447,EIF4A2,11.518291,1.9900907
4448,EIF4A3,11.572456,1.9246036
4449,EIF4B,7.039877,2.2296016
4450,EIF4E,11.062401,2.2416604
4451,EIF4E1B,10.70688,2.3454518
4452,EIF4E2,11.046527,2.4537034
4453,EIF4E3,11.361756,2.8414814
4454,EIF4EBP1,9.988253,3.5968103
4455,EIF4EBP2,9.984551,3.4030848
4456,EIF4EBP3,10.003955,3.5738552
4457,EIF4ENIF1,7.604255,2.3727038
4458,EIF4G1,7.9407825,2.105815
4459,EIF4G2,10.695093,0.96672755
4460,EIF4G3,7.956054,2.093707
4461,EIF4H,7.013852,2.2553103
4462,EIF5,10.934543,3.275883
4463,EIF5A,12.277034,3.484366
4464,EIF5A2,12.370372,3.387194
4465,EIF5AL1,12.19185,3.4396396
4466,EIF5B,11.012974,3.1155329
4467,EIF6,12.076108,2.9205766
4468,EIPR1,12.495745,5.2094994
4469,ELAC1,12.557137,1.9609417
4470,ELAC2,11.839602,1.5964022
4471,ELANE,14.035019,-3.426281
4472,ELAVL1,6.993884,2.8683379
4473,ELAVL2,6.898647,3.0313025
4474,ELAVL3,6.9581923,3.0894942
4475,ELAVL4,6.898609,3.151276
4476,ELF1,7.082274,3.02097
4477,ELF2,7.1599255,3.0104818
4478,ELF3,7.5210834,3.81314
4479,ELF5,7.492956,3.816059
4480,ELFN1,15.751679,4.474536
4481,ELK3,7.802643,3.5751703
4482,ELK4,7.9635024,3.5278468
4483,ELL,9.960781,2.1262918
4484,ELL2,9.716459,2.4073944
4485,ELL3,9.963226,3.329512
4486,ELMO1,9.894918,0.73537433
4487,ELMO2,10.258566,0.6674602
4488,ELMO3,9.91213,0.79970235
4489,ELMOD1,11.122362,1.3095381
4490,ELMOD2,11.351172,1.2472144
4491,ELMOD3,10.872425,1.2769588
4492,ELN,16.45975,-1.3385863
4493,ELOA,9.011019,2.627368
4494,ELOA2,8.821307,3.2053328
4495,ELOB,12.091943,3.6057646
4496,ELOC,11.900139,3.3708186
4497,ELOF1,12.167489,3.582226
4498,ELOVL1,9.488526,-3.405562
4499,ELOVL2,9.494164,-3.3921201
4500,ELOVL3,9.453203,-3.4253113
4501,ELOVL4,9.530897,-3.38879
4502,ELOVL5,9.510419,-3.4138436
4503,ELOVL6,9.485454,-3.4321556
4504,ELOVL7,9.47591,-3.425995
4505,ELP1,10.78722,-0.11903048
4506,ELP2,12.392911,5.0001745
4507,ELP3,12.471573,1.7153159
4508,ELP4,11.901051,1.8040818
4509,ELP5,11.794776,2.292048
4510,ELP6,12.139146,2.0913877
4511,ELSPBP1,14.074372,-2.1733937
4512,EMB,10.048268,6.431535
4513,EMC1,11.194612,0.14747456
4514,EMC10,12.720811,-0.2990713
4515,EMC2,11.129594,0.055104308
4516,EMC3,9.452194,-2.616109
4517,EMC4,9.481595,-2.5656192
4518,EMC6,9.192401,-2.6461146
4519,EMC7,9.521905,-2.5288086
4520,EMC8,11.810019,2.3676474
4521,EMC9,11.825886,2.3921597
4522,EMCN,9.263386,5.570255
4523,EME1,9.502989,2.3119385
4524,EME2,11.285941,1.8733658
4525,EMG1,11.833491,2.9693093
4526,EMID1,16.396175,-1.3061465
4527,EMILIN1,15.080992,-1.0396258
4528,EMILIN2,14.997323,-0.9968255
4529,EMILIN3,15.046017,-1.0618122
4530,EML1,12.325384,4.9869537
4531,EML2,12.32675,5.0131307
4532,EML3,12.205489,4.8717446
4533,EML4,12.35327,5.0286474
4534,EML5,12.252844,4.856264
4535,EML6,12.2347145,4.831544
4536,EMP1,8.493193,-3.18655
4537,EMP2,8.473147,-3.2197318
4538,EMP3,8.477484,-3.2589555
4539,EMSY,7.483738,2.7135487
4540,EMX1,6.7029705,4.5586877
4541,EMX2,6.8011966,4.5998106
4542,EN1,6.809307,4.548163
4543,EN2,7.037124,4.4628496
4544,ENAM,8.723813,4.235267
4545,ENC1,13.172736,-4.823954
4546,ENDOD1,12.381877,1.3387599
4547,ENDOG,11.812277,2.7058504
4548,ENDOU,13.714309,-0.88337505
4549,ENDOV,12.40323,1.818357
4550,ENG,12.830558,-1.1869712
4551,ENGASE,12.060226,0.9171168
4552,ENHO,10.063303,5.124001
4553,ENKD1,9.316397,3.7830117
4554,ENKUR,8.906409,4.0758986
4555,ENO1,13.757267,2.2951045
4556,ENO2,13.801835,2.1764615
4557,ENO3,13.803208,2.2219994
4558,ENO4,10.499081,1.5282182
4559,ENOPH1,12.40648,1.9626449
4560,ENOSF1,13.404207,1.7775943
4561,ENOX1,9.201023,0.9433558
4562,ENPEP,13.119675,0.20962144
4563,ENPP1,13.294401,-0.21661687
4564,ENPP2,13.298485,-0.18862168
4565,ENPP3,13.284796,-0.07473898
4566,ENPP4,13.30874,0.032743014
4567,ENPP5,13.296426,0.18793726
4568,ENPP6,13.316541,0.00081205694
4569,ENPP7,13.2682705,0.005391699
4570,ENSA,10.426141,3.75848
4571,ENTHD1,9.211631,3.3956864
4572,ENTPD2,13.498387,0.38222083
4573,ENTPD3,13.5016,0.4991673
4574,ENTPD4,13.536659,0.4746721
4575,ENTPD5,13.492581,0.5544966
4576,ENTPD6,13.45271,0.5599098
4577,ENTPD7,13.584272,0.53183895
4578,ENTPD8,13.484617,0.4128501
4579,ENTR1,9.220219,3.2028823
4580,ENY2,11.928321,3.4138548
4581,EOGT,13.959065,0.14487392
4582,EOMES,7.0372124,4.0091896
4583,EP300,7.514628,2.721297
4584,EPAS1,8.076043,2.6792111
4585,EPB41,9.119384,0.8894402
4586,EPB41L1,9.213747,0.82905114
4587,EPB41L2,9.092407,0.8660275
4588,EPB41L3,9.165206,0.88323236
4589,EPB41L4A,9.373695,1.0666302
4590,EPB41L4B,9.233115,1.224005
4591,EPB41L5,9.168672,1.2480801
4592,EPB42,12.451995,0.30640435
4593,EPC1,7.7650247,2.5017116
4594,EPC2,7.672959,2.5322106
4595,EPCAM,10.029862,6.2111006
4596,EPDR1,12.906912,-0.27223262
4597,EPGN,10.05109,5.6175747
4598,EPHA1,13.718915,6.750157
4599,EPHA10,13.719092,6.7435308
4600,EPHA2,13.718535,6.751175
4601,EPHA3,13.692469,6.7650337
4602,EPHA4,13.6964855,6.7629685
4603,EPHA5,13.702654,6.7582006
4604,EPHA7,13.713979,6.7424827
4605,EPHA8,13.719157,6.747178
4606,EPHB1,13.746887,6.744726
4607,EPHB2,13.732197,6.7230964
4608,EPHB3,13.721438,6.749814
4609,EPHB4,13.69419,6.7716107
4610,EPHB6,13.700581,6.744165
4611,EPHX1,14.464252,1.229342
4612,EPHX2,13.474791,1.7331212
4613,EPHX3,12.914819,0.9978125
4614,EPHX4,12.734465,1.1850315
4615,EPM2A,10.877607,2.5388708
4616,EPM2AIP1,9.199376,3.109127
4617,EPN2,8.0075245,2.4585216
4618,EPN3,8.099919,2.4934413
4619,EPO,11.202036,5.990438
4620,EPOP,9.521464,3.5835052
4621,EPOR,10.148451,6.454362
4622,EPPIN,14.687006,-2.4171755
4623,EPS15,8.590749,1.6509984
4624,EPS15L1,8.612792,1.8255444
4625,EPS8,8.556685,1.3769785
4626,EPS8L1,9.6284895,1.1322947
4627,EPS8L2,9.673416,1.1278887
4628,EPS8L3,9.615155,1.123684
4629,EPSTI1,7.955215,1.1618142
4630,EPX,13.319713,-0.16965798
4631,EPYC,15.673957,4.742304
4632,EQTN,9.304343,5.604786
4633,ERAL1,12.523592,2.263193
4634,ERAP1,13.024328,0.30357048
4635,ERAP2,13.016971,0.3004402
4636,ERBB2,13.71741,6.750368
4637,ERBB3,13.703332,6.754909
4638,ERBB4,13.708268,6.725128
4639,ERBIN,8.662091,1.3457942
4640,ERC1,7.9855657,0.34116882
4641,ERC2,8.067699,0.33392
4642,ERCC1,11.153946,2.4160826
4643,ERCC2,11.524683,1.3465132
4644,ERCC3,11.287232,1.5920933
4645,ERCC4,11.204649,1.7897557
4646,ERCC5,9.117464,1.9142832
4647,ERCC6,9.71809,1.7762179
4648,ERCC6L2,9.256366,1.9262679
4649,ERCC8,12.493418,5.200147
4650,EREG,10.071938,5.6122594
4651,ERF,7.984457,3.5441833
4652,ERFE,14.99991,-0.90324974
4653,ERFL,7.58678,3.9309452
4654,ERG,7.395698,3.72325
4655,ERG28,9.469327,-3.119383
4656,ERGIC1,12.506926,-0.62602246
4657,ERGIC2,12.326538,-0.23134157
4658,ERGIC3,12.703121,-0.39700612
4659,ERH,11.998335,3.5493832
4660,ERI1,11.7351,2.0519862
4661,ERI2,9.167569,2.2571561
4662,ERI3,12.621577,2.2270334
4663,ERICH1,9.335011,2.3918934
4664,ERICH2,10.784131,3.6724384
4665,ERICH3,8.66085,3.0449588
4666,ERICH4,9.747243,3.9443035
4667,ERICH5,8.899397,3.9067886
4668,ERICH6,8.865325,1.2785664
4669,ERICH6B,8.676374,1.2255377
4670,ERLEC1,12.681382,-0.31866723
4671,ERLIN1,12.4077015,0.8858282
4672,ERLIN2,12.364322,0.98998594
4673,ERMAP,9.625949,7.30018
4674,ERMARD,10.539551,0.42297253
4675,ERMN,9.376157,3.580563
4676,ERMP1,10.368834,-2.8612995
4677,ERN1,13.479198,6.8085637
4678,ERN2,12.106022,0.1315483
4679,ERO1A,11.771774,0.99277306
4680,ERO1B,11.63655,1.1277626
4681,ERP27,12.75163,-0.0018200742
4682,ERP29,12.875352,-0.07594773
4683,ERP44,12.7172785,-0.09787036
4684,ERRFI1,9.080766,3.2141623
4685,ERV3-1,11.403577,5.321016
4686,ERVFRD-1,11.396773,5.3066993
4687,ERVMER34-1,11.378835,5.302227
4688,ERVV-1,11.402999,5.330486
4689,ERVV-2,11.396661,5.333693
4690,ERVW-1,11.402003,5.3289213
4691,ESAM,9.909663,6.4733605
4692,ESCO1,8.779416,2.1787055
4693,ESCO2,9.042824,2.2834415
4694,ESD,12.906578,1.5847192
4695,ESF1,11.22803,3.2559574
4696,ESM1,14.255433,-1.9425365
4697,ESPL1,9.934327,-0.39653036
4698,ESPN,8.375018,1.4296777
4699,ESPNL,9.119592,1.804988
4700,ESR1,5.865735,3.8602219
4701,ESR2,5.76043,3.8216069
4702,ESRP1,7.0506725,2.9102602
4703,ESRP2,7.040687,3.0089102
4704,ESRRA,5.6856,3.897268
4705,ESRRB,5.6760025,3.8407695
4706,ESRRG,5.7052307,3.8634942
4707,ESS2,10.698312,3.0559
4708,ESYT1,9.873386,0.38953176
4709,ESYT2,9.82492,0.5176819
4710,ESYT3,9.849648,0.37769237
4711,ETAA1,8.58447,2.2014089
4712,ETF1,11.627609,2.2093158
4713,ETFA,13.650891,2.2349424
4714,ETFB,13.6333065,2.2439418
4715,ETFBKMT,12.432255,2.3381205
4716,ETFDH,13.661808,1.7346767
4717,ETFRF1,12.952875,3.772902
4718,ETHE1,12.826574,2.178975
4719,ETNK1,11.427802,2.0417187
4720,ETNK2,12.329848,1.729497
4721,ETNPPL,13.564445,1.598324
4722,ETS1,7.487849,3.6746237
4723,ETS2,7.4868665,3.8220599
4724,ETV1,7.4396305,3.6558993
4725,ETV2,7.706178,3.9462233
4726,ETV3,7.9142423,3.56763
4727,ETV3L,7.5899396,3.9532778
4728,ETV4,7.340593,3.7690275
4729,ETV5,7.4608884,3.610321
4730,ETV6,7.473724,3.6500478
4731,ETV7,7.5076623,3.8173776
4732,EVA1A,9.989743,5.2187934
4733,EVA1B,10.000316,5.153082
4734,EVA1C,13.49952,-1.7236977
4735,EVC,8.018247,0.8511307
4736,EVC2,7.846825,0.7374776
4737,EVI2A,9.365745,5.6039753
4738,EVI2B,9.25357,5.511033
4739,EVI5,8.963994,0.62413925
4740,EVI5L,9.010996,0.6828358
4741,EVL,8.318554,1.4037232
4742,EVPL,9.102889,-0.8704902
4743,EVPLL,10.112883,3.2820253
4744,EVX1,6.7924685,4.6392207
4745,EVX2,6.8815913,4.3485665
4746,EWSR1,6.9542365,2.2432296
4747,EXD1,9.589718,2.1032097
4748,EXD2,11.102056,1.7578067
4749,EXD3,11.756774,1.1641423
4750,EXO1,9.262289,2.1688426
4751,EXO5,11.982848,2.0816946
4752,EXOC1,10.285228,0.4243909
4753,EXOC1L,11.771694,2.7493951
4754,EXOC2,10.447755,0.35588893
4755,EXOC3,10.498922,0.5046961
4756,EXOC3L1,10.543093,0.62352353
4757,EXOC3L2,10.515831,0.63915414
4758,EXOC3L4,10.570666,0.62453246
4759,EXOC4,10.459529,0.35879087
4760,EXOC5,10.495841,0.4501585
4761,EXOC6,10.360549,0.4575642
4762,EXOC6B,10.266423,0.425454
4763,EXOC7,10.504096,0.45194912
4764,EXOC8,10.296851,1.5396917
4765,EXOG,12.456092,2.4502785
4766,EXOSC1,11.908426,2.755511
4767,EXOSC10,11.138575,1.512609
4768,EXOSC2,11.941195,2.741102
4769,EXOSC3,11.942475,2.7327576
4770,EXOSC4,12.051098,2.7901983
4771,EXOSC5,12.021685,2.6678593
4772,EXOSC6,10.075654,3.2133853
4773,EXOSC7,11.942683,2.673578
4774,EXOSC8,11.829564,2.672573
4775,EXOSC9,11.7445545,2.7369623
4776,EXPH5,8.218966,2.0132
4777,EXT1,14.168289,0.13177048
4778,EXT2,13.963191,0.06271487
4779,EXTL1,14.006703,0.020098154
4780,EXTL2,14.261697,0.09448982
4781,EXTL3,14.184571,0.08485389
4782,EYA1,7.482575,2.745448
4783,EYA2,7.501248,2.7535975
4784,EYA3,7.6230583,2.8612065
4785,EYA4,7.6522093,2.8764143
4786,EYS,12.548953,-2.1283798
4787,EZH1,9.663538,2.2317684
4788,EZH2,9.635258,2.2384515
4789,EZR,8.159142,0.400084
4790,F10,13.726386,-2.4567006
4791,F11,13.671484,-2.439639
4792,F11R,9.980014,6.2965446
4793,F12,13.698056,-2.457857
4794,F13A1,12.496359,0.24881978
4795,F13B,10.8139515,7.2136073
4796,F2,13.733337,-2.489425
4797,F2R,0.33373466,-2.3965156
4798,F2RL1,0.22262491,-2.3533673
4799,F2RL2,0.26453158,-2.3800642
4800,F2RL3,0.47562897,-2.5173006
4801,F3,10.109429,6.5040016
4802,F5,13.028348,-0.55624956
4803,F7,13.723008,-2.5127363
4804,FA2H,9.368329,-3.4768732
4805,FAAH,13.121536,1.2172829
4806,FAAP100,11.004081,0.6939382
4807,FAAP20,10.043147,3.613274
4808,FAAP24,11.978095,2.1944456
4809,FABP1,-1.5180309,-6.3918443
4810,FABP12,-1.5178298,-6.3917627
4811,FABP2,-1.5178394,-6.3916717
4812,FABP3,-1.5178272,-6.3917856
4813,FABP4,-1.5182883,-6.39183
4814,FABP5,-1.5181837,-6.391905
4815,FABP6,-1.518566,-6.3918824
4816,FABP7,-1.5182672,-6.3919215
4817,FABP9,-1.5179478,-6.3919306
4818,FADD,11.175964,2.465717
4819,FADS1,9.307945,-3.5231667
4820,FADS2,9.361613,-3.4936926
4821,FADS3,9.344767,-3.4734674
4822,FADS6,9.36896,-3.467038
4823,FAF1,9.521347,1.1117711
4824,FAF2,10.612888,3.2493913
4825,FAH,13.196348,1.7868515
4826,FAHD1,13.16692,1.9716547
4827,FAHD2A,13.051772,1.954555
4828,FAHD2B,13.047629,1.9698116
4829,FAIM,12.491489,2.193094
4830,FAIM2,9.606866,-3.056244
4831,FAM102A,9.349032,1.6996032
4832,FAM102B,9.316887,1.6822749
4833,FAM104A,10.011906,3.43457
4834,FAM107A,9.892732,3.2710183
4835,FAM107B,9.929896,3.1698093
4836,FAM110A,9.232155,3.2834232
4837,FAM110B,9.107108,3.201663
4838,FAM110C,9.194409,3.2612998
4839,FAM110D,9.602107,3.4594834
4840,FAM111A,11.486895,0.4720253
4841,FAM111B,11.486343,0.44733623
4842,FAM114A1,10.110493,2.2260506
4843,FAM114A2,10.561199,2.1905062
4844,FAM117A,8.997195,3.1817598
4845,FAM117B,8.51531,2.3488903
4846,FAM118A,12.266967,1.6390779
4847,FAM118B,12.396746,1.7775118
4848,FAM120A,9.137956,1.7403883
4849,FAM120AOS,9.455212,4.517176
4850,FAM120B,9.15219,1.9240782
4851,FAM124A,9.722848,2.0873477
4852,FAM124B,9.983663,2.556018
4853,FAM126B,9.388344,1.340408
4854,FAM131A,9.481775,3.539953
4855,FAM131B,9.549703,3.546808
4856,FAM131C,9.554543,3.6765325
4857,FAM133B,7.1528516,1.7629032
4858,FAM135A,8.76431,1.4792203
4859,FAM135B,8.9118595,1.4554273
4860,FAM136A,12.484332,3.7960272
4861,FAM13A,8.761961,1.344243
4862,FAM13B,9.068353,1.3124663
4863,FAM13C,8.635741,1.6989224
4864,FAM149A,8.952246,1.6393021
4865,FAM149B1,9.0214,1.7373551
4866,FAM151A,13.451005,0.1151875
4867,FAM151B,12.138122,1.9166968
4868,FAM153A,8.926121,4.319113
4869,FAM161A,8.03922,1.3322889
4870,FAM161B,7.977779,1.2894242
4871,FAM162A,13.36542,3.4056664
4872,FAM162B,13.181239,3.2213347
4873,FAM163A,9.799005,5.38351
4874,FAM163B,9.85817,5.2953887
4875,FAM166A,8.699789,4.3800883
4876,FAM166B,8.687461,4.3539667
4877,FAM166C,8.742835,4.264868
4878,FAM167A,9.505308,3.3377824
4879,FAM167B,9.765608,3.5471632
4880,FAM168A,7.088753,3.3151004
4881,FAM168B,7.1810355,3.3815875
4882,FAM169A,9.15276,1.5100882
4883,FAM170A,9.828018,3.7880716
4884,FAM170B,9.797011,3.6291413
4885,FAM171A1,10.129301,6.0357447
4886,FAM171A2,10.411737,-1.9198759
4887,FAM171B,10.124947,6.064205
4888,FAM172A,10.3094845,1.395393
4889,FAM174A,10.205426,5.1140265
4890,FAM174B,10.183486,5.075606
4891,FAM174C,10.256546,5.140806
4892,FAM177A1,10.576099,3.4176662
4893,FAM177B,10.263153,3.522558
4894,FAM178B,11.177859,1.0141748
4895,FAM180A,11.204478,5.973464
4896,FAM180B,10.736184,5.2357774
4897,FAM181A,8.468131,3.6533237
4898,FAM181B,7.662353,4.025944
4899,FAM183A,8.722977,4.2463183
4900,FAM184A,7.3598633,0.34272435
4901,FAM184B,7.608733,0.42532715
4902,FAM185A,12.681265,2.3174863
4903,FAM186A,8.60087,3.6954591
4904,FAM186B,7.7691555,1.0992217
4905,FAM187A,12.630055,0.53012127
4906,FAM187B,12.544024,0.50891554
4907,FAM189A1,10.323621,-1.8963845
4908,FAM189A2,9.794744,5.8152866
4909,FAM189B,10.388496,-1.8862679
4910,FAM193A,8.021166,2.1419983
4911,FAM193B,8.182694,2.595639
4912,FAM200A,9.248096,3.1325028
4913,FAM200B,9.268575,3.091821
4914,FAM205A,14.463958,-5.093407
4915,FAM205C,9.385059,3.8284435
4916,FAM209A,9.807343,4.475637
4917,FAM209B,9.699261,4.3256364
4918,FAM20A,14.148448,0.13113624
4919,FAM20B,14.154331,0.1635416
4920,FAM20C,14.160048,0.10714686
4921,FAM210A,12.976004,2.9034503
4922,FAM210B,13.001142,2.9733324
4923,FAM214A,8.698243,2.1234748
4924,FAM214B,9.2498455,2.4893434
4925,FAM216A,9.691623,3.7938309
4926,FAM216B,9.462098,3.9877307
4927,FAM217A,9.055723,3.6123097
4928,FAM217B,9.223229,3.3844936
4929,FAM218A,9.417756,4.5971093
4930,FAM219A,9.963287,3.5442724
4931,FAM219B,10.148942,3.7794082
4932,FAM220A,9.429599,4.5583854
4933,FAM221A,10.765669,2.297317
4934,FAM221B,8.758943,3.9042187
4935,FAM222A,8.041677,3.1171324
4936,FAM222B,7.809323,3.042447
4937,FAM227A,8.51735,1.1228719
4938,FAM227B,8.785552,1.237442
4939,FAM228A,9.077299,3.927996
4940,FAM228B,8.998993,3.8981016
4941,FAM229A,9.46356,4.3361835
4942,FAM229B,9.450676,4.5775137
4943,FAM234A,12.481763,0.44555515
4944,FAM234B,12.438878,0.4286664
4945,FAM237A,9.617125,4.484931
4946,FAM237B,11.093875,5.6200266
4947,FAM240A,9.853378,4.220037
4948,FAM240B,9.823882,4.3288007
4949,FAM240C,9.623196,4.4091434
4950,FAM241A,10.247269,3.7315528
4951,FAM241B,10.41513,3.9093914
4952,FAM24A,9.906827,5.173636
4953,FAM24B,9.935656,5.255466
4954,FAM25A,10.300734,4.192326
4955,FAM25C,10.340906,4.1662183
4956,FAM25G,10.278597,4.183242
4957,FAM32A,10.864726,3.5088685
4958,FAM3B,14.4973755,0.2614038
4959,FAM3C,14.550362,0.24275279
4960,FAM3D,14.458799,0.22231671
4961,FAM43A,9.636699,3.1030152
4962,FAM43B,9.743006,2.9944131
4963,FAM47E,8.935033,3.849744
4964,FAM50B,10.737581,3.1119306
4965,FAM53A,9.261392,3.3517647
4966,FAM53B,9.14006,3.339902
4967,FAM53C,9.143444,3.43522
4968,FAM72A,11.610421,3.3996491
4969,FAM72B,11.5984,3.3942404
4970,FAM72C,11.605796,3.4081886
4971,FAM72D,11.616399,3.3831503
4972,FAM76A,10.174926,2.5117679
4973,FAM76B,10.053306,2.5097127
4974,FAM78A,11.608361,2.6534007
4975,FAM78B,11.692191,2.6532125
4976,FAM81A,7.82319,0.6022657
4977,FAM81B,7.599855,0.873734
4978,FAM83A,10.020838,1.6961983
4979,FAM83B,8.857161,1.8915606
4980,FAM83C,9.047837,1.8872924
4981,FAM83D,10.239477,1.995608
4982,FAM83E,10.238875,1.737476
4983,FAM83G,8.950599,1.895093
4984,FAM83H,8.610204,1.746728
4985,FAM86B1,12.183233,2.1510708
4986,FAM86B2,12.326085,2.1708503
4987,FAM89A,10.127321,3.113349
4988,FAM89B,9.777508,3.4962132
4989,FAM8A1,9.779116,-2.3197951
4990,FAM90A1,9.035258,3.7315242
4991,FAM90A26,9.02651,3.81078
4992,FAM91A1,10.867663,1.4168819
4993,FAM98A,6.9980645,2.2717729
4994,FAM98B,6.993451,2.2790406
4995,FAM98C,11.119438,1.925221
4996,FAN1,8.7617655,2.091789
4997,FANCA,10.331705,0.012260909
4998,FANCC,10.386349,-0.039275147
4999,FANCD2,10.219436,-0.030899927
5000,FANCD2OS,9.672094,4.4017215
5001,FANCE,10.949513,0.7673516
5002,FANCF,11.826133,1.9065088
5003,FANCG,10.932979,0.67106557
5004,FANCI,10.220497,-0.030378047
5005,FANCL,11.403947,1.6314291
5006,FANCM,8.8030815,2.0808156
5007,FANK1,13.787088,5.3289294
5008,FAP,13.057793,-0.4955156
5009,FAR1,12.132583,0.9039336
5010,FAR2,12.392948,0.9173363
5011,FARP1,9.595298,1.0183662
5012,FARP2,9.550595,1.0673966
5013,FARS2,12.3806095,1.7130773
5014,FARSA,11.783778,1.7286346
5015,FARSB,12.028478,1.4356445
5016,FAS,9.826876,5.8931932
5017,FASLG,15.679384,-0.7560141
5018,FASN,9.882409,-0.73133
5019,FASTK,11.406308,1.1089544
5020,FASTKD1,11.340987,1.1363378
5021,FASTKD2,11.459213,1.3163159
5022,FASTKD3,11.491026,1.2656897
5023,FASTKD5,11.484666,1.2798351
5024,FAU,17.802225,2.5261405
5025,FAXC,11.4647,2.2626956
5026,FAXDC2,9.334211,-3.4803805
5027,FBF1,7.663332,0.5726401
5028,FBH1,11.089215,1.3917166
5029,FBL,6.941891,2.276609
5030,FBLIM1,9.597983,2.5901399
5031,FBLL1,10.358954,2.8023045
5032,FBLN1,13.324056,-2.0934625
5033,FBLN2,13.278735,-2.1478834
5034,FBLN5,13.386636,-2.0467937
5035,FBLN7,13.589865,-1.8526244
5036,FBN1,12.655169,-2.2213612
5037,FBN2,12.624287,-2.2446272
5038,FBN3,12.636838,-2.2531924
5039,FBP1,13.678474,1.92586
5040,FBP2,13.53969,1.8179473
5041,FBRS,7.779788,2.4813802
5042,FBRSL1,7.838758,2.400907
5043,FBXL12,15.354557,4.4700074
5044,FBXL13,15.317401,4.542256
5045,FBXL14,15.4476595,4.585296
5046,FBXL15,15.416784,4.4990706
5047,FBXL16,15.375704,4.44248
5048,FBXL17,9.968701,2.137022
5049,FBXL18,15.45166,4.4845138
5050,FBXL19,8.916997,2.2881184
5051,FBXL2,15.390526,4.563104
5052,FBXL20,15.283158,4.445177
5053,FBXL22,9.386662,4.530951
5054,FBXL3,15.25254,4.3670673
5055,FBXL4,15.152231,4.3694234
5056,FBXL5,10.499992,1.1867121
5057,FBXL6,15.315639,4.3789043
5058,FBXL7,10.4679785,1.5924052
5059,FBXL8,15.575228,4.6479077
5060,FBXO10,9.798659,1.8523604
5061,FBXO11,9.997479,1.1522679
5062,FBXO15,11.1234865,1.803853
5063,FBXO16,10.366881,1.9156951
5064,FBXO17,11.978333,2.2548347
5065,FBXO2,11.90135,2.3058462
5066,FBXO21,12.191014,1.5055866
5067,FBXO22,12.485442,1.5426813
5068,FBXO24,12.49501,0.63663065
5069,FBXO25,10.324165,1.9854916
5070,FBXO27,11.882803,2.2985027
5071,FBXO28,10.343728,2.822671
5072,FBXO3,10.882155,1.984786
5073,FBXO30,9.825527,2.0073621
5074,FBXO31,9.826313,1.8778635
5075,FBXO32,10.419423,1.9473358
5076,FBXO33,10.475387,2.2581377
5077,FBXO34,9.017592,2.3691661
5078,FBXO36,10.567206,1.984747
5079,FBXO38,9.638009,0.98295176
5080,FBXO39,15.446693,4.567197
5081,FBXO4,11.039146,1.9616709
5082,FBXO40,10.192539,2.1047103
5083,FBXO41,9.549399,1.7128977
5084,FBXO42,9.4533,1.4885948
5085,FBXO43,8.920442,2.1769824
5086,FBXO44,11.870619,2.1632118
5087,FBXO45,10.663401,2.5477004
5088,FBXO46,8.758349,2.6425662
5089,FBXO47,11.078852,2.210847
5090,FBXO48,10.977708,2.3150094
5091,FBXO5,9.090851,2.4249613
5092,FBXO6,11.888979,2.2295194
5093,FBXO7,10.79976,2.08
5094,FBXO8,10.7660885,1.9559327
5095,FBXO9,10.821548,1.7872295
5096,FBXW10,9.223606,1.3917782
5097,FBXW11,12.454774,5.176458
5098,FBXW12,12.431449,5.1062684
5099,FBXW2,12.422769,5.0167155
5100,FBXW4,12.364631,5.0672493
5101,FBXW5,12.263226,4.898757
5102,FBXW7,12.32602,5.02411
5103,FBXW8,12.331167,4.978193
5104,FBXW9,12.518027,5.2022696
5105,FCAMR,9.251497,5.1528153
5106,FCAR,9.354129,7.4563904
5107,FCER1A,9.476471,7.12505
5108,FCER1G,9.504663,6.548382
5109,FCER2,7.0880256,-4.352674
5110,FCF1,11.655146,2.860218
5111,FCGR1A,9.467856,7.1723495
5112,FCGR2A,9.460243,7.1326404
5113,FCGR2B,9.462413,7.1632733
5114,FCGR2C,9.453163,7.174696
5115,FCGR3A,9.448814,7.151707
5116,FCGR3B,9.444301,7.171603
5117,FCGRT,8.321355,9.653527
5118,FCHO1,8.946075,1.069624
5119,FCHO2,9.133171,0.84119374
5120,FCHSD1,9.593922,0.8309417
5121,FCHSD2,9.213573,0.590949
5122,FCMR,9.628725,6.7259855
5123,FCN1,15.341527,-1.0956237
5124,FCN2,15.44203,-1.0937306
5125,FCN3,15.351628,-1.0768486
5126,FCRL1,9.485058,7.122072
5127,FCRL2,9.479978,7.1511474
5128,FCRL3,9.470029,7.153577
5129,FCRL4,9.510619,7.1064887
5130,FCRL5,9.478309,7.1485434
5131,FCRL6,9.480882,7.151516
5132,FCRLA,9.597465,6.9217644
5133,FCRLB,9.673513,6.878623
5134,FCSK,11.94366,0.91597605
5135,FDCSP,8.867536,5.1132884
5136,FDFT1,13.431717,1.6511408
5137,FDPS,13.177182,1.7632008
5138,FDX1,12.929598,3.0542867
5139,FDX2,12.800187,3.0069947
5140,FDXACB1,11.96215,1.6161103
5141,FDXR,12.923217,1.9464154
5142,FECH,12.512114,1.6386844
5143,FEM1A,13.707473,5.208633
5144,FEM1B,13.718781,5.21576
5145,FEM1C,13.722901,5.2263794
5146,FEN1,11.645021,1.8400629
5147,FER,9.362231,0.71886617
5148,FER1L5,9.916208,-0.81649697
5149,FER1L6,9.903933,-0.80441195
5150,FERD3L,7.756239,4.32072
5151,FERMT1,9.821279,1.1136085
5152,FERMT2,9.866368,1.2745985
5153,FERMT3,10.125529,1.0336164
5154,FES,13.196792,7.3468866
5155,FETUB,13.765376,-1.0960711
5156,FEV,6.966524,4.3508043
5157,FEZ1,9.950433,3.3777552
5158,FEZ2,10.623797,2.982018
5159,FEZF1,6.3426766,3.7084658
5160,FEZF2,6.373469,3.7522793
5161,FFAR1,0.3981677,-2.4926436
5162,FFAR2,0.25125998,-2.476611
5163,FFAR3,0.2756523,-2.552302
5164,FFAR4,0.55730253,-2.387222
5165,FGA,14.195356,-1.1360633
5166,FGB,14.2769785,-1.1003271
5167,FGD2,9.575617,1.0369802
5168,FGD3,9.586688,0.98763734
5169,FGD4,9.35821,1.1861603
5170,FGD5,8.999647,1.5193831
5171,FGD6,8.9452095,1.651735
5172,FGF1,15.50753,-0.28999636
5173,FGF10,15.499613,-0.30436015
5174,FGF11,15.501497,-0.29668444
5175,FGF12,15.5056925,-0.3070782
5176,FGF17,15.504871,-0.30678007
5177,FGF18,15.502686,-0.32219005
5178,FGF19,15.495375,-0.30364135
5179,FGF2,10.946232,2.6464374
5180,FGF20,15.493401,-0.31412247
5181,FGF21,15.522007,-0.29406285
5182,FGF22,15.474551,-0.31780764
5183,FGF23,15.505985,-0.30105206
5184,FGF3,15.50218,-0.30899316
5185,FGF4,15.43294,-0.34796867
5186,FGF5,15.501773,-0.3092309
5187,FGF6,15.500724,-0.31005874
5188,FGF7,15.478469,-0.33148322
5189,FGF8,15.503312,-0.2928866
5190,FGF9,15.5098095,-0.3095089
5191,FGFBP1,14.519057,-1.5033731
5192,FGFBP2,14.423739,-1.5039359
5193,FGFBP3,14.326469,-1.3455219
5194,FGFR1,13.729661,6.7409873
5195,FGFR1OP2,10.921957,2.9889188
5196,FGFR2,13.731308,6.743075
5197,FGFR3,13.725724,6.7473955
5198,FGFR4,13.72092,6.7493873
5199,FGFRL1,12.548832,-1.3463272
5200,FGG,14.279471,-1.0658414
5201,FGGY,13.384203,1.6381394
5202,FGL1,14.284021,-1.0685687
5203,FGL2,14.3775835,-1.0737042
5204,FGR,13.284411,7.404205
5205,FH,13.742609,2.0671504
5206,FHAD1,7.4993935,0.43343356
5207,FHDC1,8.849949,1.6446692
5208,FHIT,12.617359,2.155619
5209,FHL2,9.7076845,2.6659982
5210,FHL3,9.717621,2.5962725
5211,FHL5,9.720656,2.6330144
5212,FHOD1,8.818744,1.222117
5213,FHOD3,8.902486,1.1895616
5214,FIBCD1,14.044746,-0.8833512
5215,FIBIN,9.903934,3.7829068
5216,FIBP,10.920784,2.6892192
5217,FICD,12.262702,0.6638999
5218,FIG4,10.738562,1.2311428
5219,FIGLA,8.971616,3.9468555
5220,FIGN,7.948195,2.759715
5221,FIGNL1,9.028692,2.392053
5222,FIGNL2,8.743474,2.809518
5223,FILIP1,7.7516785,0.4374808
5224,FILIP1L,7.790778,0.50135994
5225,FIP1L1,7.4478307,2.1303778
5226,FIS1,11.914164,2.706291
5227,FITM1,9.496447,-3.2967632
5228,FITM2,9.457349,-3.30926
5229,FIZ1,6.016406,2.9739776
5230,FJX1,14.074836,-0.0660145
5231,FKBP10,13.164079,-0.8008047
5232,FKBP11,12.762065,-0.25524577
5233,FKBP14,12.9437275,-0.4980777
5234,FKBP15,8.6080475,1.6357088
5235,FKBP1A,12.215186,3.4506202
5236,FKBP1B,12.067824,3.3835535
5237,FKBP2,12.791649,-0.27089572
5238,FKBP3,11.713917,2.9529026
5239,FKBP4,11.914998,1.1752317
5240,FKBP5,11.796189,1.2825333
5241,FKBP6,11.026368,1.1537384
5242,FKBP7,12.972973,-0.5118005
5243,FKBP8,10.026588,3.1433983
5244,FKBP9,13.013984,-0.68860763
5245,FKBPL,10.985989,2.9431696
5246,FKRP,14.118849,0.06318625
5247,FKTN,13.6615095,0.19345213
5248,FLACC1,7.6446266,0.6928137
5249,FLAD1,12.086625,1.822682
5250,FLCN,9.930418,1.614528
5251,FLG2,8.597469,4.2973166
5252,FLI1,7.3617105,3.692992
5253,FLII,10.265773,0.7646542
5254,FLNB,9.970852,-0.9198641
5255,FLNC,9.915746,-0.9035458
5256,FLOT1,12.30619,0.8719985
5257,FLOT2,12.377116,0.9399553
5258,FLRT1,15.754062,4.508752
5259,FLRT3,15.801044,4.5260034
5260,FLT1,13.671704,6.754855
5261,FLT3,13.675235,6.7402997
5262,FLT3LG,11.166595,5.9768867
5263,FLT4,13.7044525,6.745366
5264,FLVCR1,9.963736,-3.955014
5265,FLVCR2,9.984954,-3.981759
5266,FLYWCH1,10.371121,1.8687116
5267,FLYWCH2,9.614778,3.901437
5268,FMC1,13.035609,3.7363176
5269,FMN2,8.407351,1.3539016
5270,FMNL1,8.664192,1.2244756
5271,FMNL2,8.66784,1.1300997
5272,FMO1,13.72281,0.9689797
5273,FMO2,13.701919,0.9654841
5274,FMO3,13.763734,0.9638404
5275,FMO4,13.711036,0.98844635
5276,FMO5,13.809294,0.9124171
5277,FMOD,15.671715,4.7259536
5278,FN1,12.617867,-2.1801593
5279,FN3K,12.665675,1.7933662
5280,FN3KRP,12.543203,1.7956305
5281,FNBP1,9.185133,0.55634105
5282,FNBP1L,9.2378435,0.5907754
5283,FNBP4,7.6799293,2.143717
5284,FNDC1,12.863319,-1.8488709
5285,FNDC10,10.37023,3.3426216
5286,FNDC11,9.7896385,3.8622189
5287,FNDC3A,12.184065,-1.0217886
5288,FNDC3B,12.573466,-1.4247825
5289,FNDC4,10.07099,6.100089
5290,FNDC5,10.047244,5.9661875
5291,FNDC7,12.37175,-1.4820688
5292,FNDC8,9.526469,3.8458896
5293,FNDC9,9.989416,5.875353
5294,FNIP1,9.004103,1.4019642
5295,FNIP2,9.0173235,1.3587718
5296,FNTA,11.655984,1.949669
5297,FNTB,11.763865,1.3505596
5298,FOCAD,10.041416,-0.31509835
5299,FOLH1,13.351467,0.040255494
5300,FOLR1,14.243235,-1.5313523
5301,FOLR2,14.166621,-1.5620027
5302,FOLR3,14.137737,-1.5500668
5303,FOS,7.9240117,3.9085789
5304,FOSB,7.945939,3.8690236
5305,FOSL1,7.9295683,3.9318488
5306,FOSL2,7.9640718,3.844064
5307,FOXA1,6.9469247,4.1661906
5308,FOXA2,6.956621,4.2385206
5309,FOXA3,7.1143537,4.07527
5310,FOXB1,7.079663,4.110175
5311,FOXB2,7.1266036,4.1922817
5312,FOXC1,7.0655837,4.0875053
5313,FOXC2,7.125706,4.065482
5314,FOXD1,7.159025,4.238421
5315,FOXD2,7.2747836,4.1799703
5316,FOXD3,7.152743,4.216158
5317,FOXD4,7.715542,3.9930437
5318,FOXD4L1,7.5808253,4.009666
5319,FOXD4L3,7.655248,4.023561
5320,FOXD4L4,7.7053766,3.9808726
5321,FOXD4L5,7.652646,3.9739056
5322,FOXD4L6,7.6541862,3.9597182
5323,FOXE1,7.193496,4.131849
5324,FOXE3,7.8154073,4.1135497
5325,FOXF1,7.103967,4.0546236
5326,FOXF2,6.9807587,4.252898
5327,FOXG1,7.1557117,4.1745715
5328,FOXH1,7.698919,4.006712
5329,FOXI1,7.20011,4.060352
5330,FOXI2,7.1696477,4.148529
5331,FOXI3,7.0493307,4.142789
5332,FOXJ1,7.7426896,4.0592
5333,FOXJ2,7.668804,2.9540405
5334,FOXJ3,7.744849,2.844969
5335,FOXK1,7.6043706,2.8365266
5336,FOXK2,7.677092,2.870092
5337,FOXL1,7.3230658,4.209201
5338,FOXL2,7.13026,4.210593
5339,FOXL2NB,9.43692,4.599017
5340,FOXM1,8.831402,2.6126308
5341,FOXN1,7.3916693,3.8484752
5342,FOXN2,8.776011,2.6919756
5343,FOXN3,7.8355403,3.1851342
5344,FOXN4,7.5850134,3.802717
5345,FOXO1,7.662434,3.0834098
5346,FOXO3,7.773351,3.0425522
5347,FOXO3B,9.47965,3.0988545
5348,FOXO6,7.4977984,4.107283
5349,FOXP1,7.4017596,3.0323575
5350,FOXP2,7.3943477,3.0614483
5351,FOXP4,7.3921337,3.1190598
5352,FOXQ1,7.67023,4.1217656
5353,FOXR1,9.434618,3.9412832
5354,FOXRED1,12.730179,1.7228724
5355,FOXRED2,13.503846,-0.18801512
5356,FOXS1,7.7402625,4.022308
5357,FPGS,12.079056,1.6628624
5358,FPGT,12.0669565,1.5487982
5359,FPR1,0.13048367,-2.3444204
5360,FPR2,0.12109482,-2.3227537
5361,FPR3,0.10936618,-2.3439672
5362,FRA10AC1,10.870422,3.2553678
5363,FRAT1,9.609084,3.4158418
5364,FRAT2,9.568242,3.4453294
5365,FREM1,12.359142,-1.9719222
5366,FREM3,12.231338,-2.0562217
5367,FRG1,10.800071,3.262749
5368,FRG2,9.535597,3.950584
5369,FRG2B,9.477537,3.8131773
5370,FRG2C,9.511055,3.8847451
5371,FRMD1,9.652136,1.2069377
5372,FRMD3,9.469439,1.1176244
5373,FRMD4A,8.909305,0.9500501
5374,FRMD4B,8.912221,0.9935009
5375,FRMD5,9.557793,1.1175311
5376,FRMD6,9.507349,1.3363812
5377,FRMD8,9.872733,1.2124918
5378,FRMPD1,8.618446,1.6999226
5379,FRMPD2,9.728395,1.2659597
5380,FRRS1,10.112246,-3.047474
5381,FRRS1L,12.750506,-0.40231898
5382,FRS2,9.084112,1.9035283
5383,FRS3,9.158245,2.0271015
5384,FRYL,9.574051,-0.35264373
5385,FRZB,13.876035,-1.5054888
5386,FSBP,10.280843,3.111146
5387,FSCB,8.8116255,3.8956535
5388,FSCN1,15.42551,-0.2953511
5389,FSCN2,15.475195,-0.28661615
5390,FSCN3,15.4635515,-0.26687574
5391,FSD1,4.0503025,1.6883048
5392,FSD1L,11.012698,1.5874393
5393,FSD2,4.0817304,1.6939518
5394,FSHB,14.410698,-1.7985338
5395,FSHR,12.756127,-2.6174755
5396,FSIP1,8.353078,1.3050622
5397,FST,13.796141,-1.87189
5398,FSTL1,13.753888,-1.6185961
5399,FSTL3,13.789404,-1.8244243
5400,FSTL4,12.604327,-1.3268305
5401,FSTL5,12.4742775,-1.4452282
5402,FTCD,13.377453,1.6970406
5403,FTCDNL1,9.822673,4.2140145
5404,FTH1,12.344884,3.5839894
5405,FTL,12.374173,3.4913137
5406,FTMT,12.821371,2.8908613
5407,FTO,11.599102,1.8172323
5408,FTSJ3,11.305251,3.2030232
5409,FUBP1,7.116232,2.415134
5410,FUBP3,7.102701,2.5844505
5411,FUCA1,13.439131,-0.07571687
5412,FUCA2,13.40419,-0.030989353
5413,FUOM,12.815347,2.2841094
5414,FURIN,13.317435,-0.8976904
5415,FUS,6.8804655,2.2733908
5416,FUT1,14.119233,0.11193035
5417,FUT10,14.036095,0.037097685
5418,FUT11,14.023244,0.0043942835
5419,FUT2,14.225449,0.080406174
5420,FUT3,14.147808,0.11728301
5421,FUT4,13.80473,0.1646799
5422,FUT5,14.023598,0.11097344
5423,FUT6,14.134514,0.1150238
5424,FUT7,14.048673,0.12861276
5425,FUT8,14.150288,0.117069185
5426,FUZ,9.618452,3.3248923
5427,FXN,12.971707,2.9524257
5428,FXR1,7.3089657,2.1244924
5429,FXR2,7.767607,1.9812715
5430,FXYD1,10.099776,5.4736624
5431,FXYD2,10.077327,5.3718743
5432,FXYD3,10.120664,5.4451704
5433,FXYD4,10.103163,5.4537435
5434,FXYD5,9.367053,5.6231027
5435,FXYD6,10.090282,5.429358
5436,FXYD7,10.077168,5.387812
5437,FYB1,8.783221,1.6213802
5438,FYB2,8.809267,1.6214978
5439,FYCO1,7.6398354,0.3179615
5440,FYN,13.296882,7.3735895
5441,FYTTD1,9.536201,2.9353757
5442,FZD1,11.715391,-2.5249343
5443,FZD10,11.735685,-2.5331974
5444,FZD2,11.753782,-2.5090802
5445,FZD4,11.699909,-2.5083728
5446,FZD5,11.75977,-2.527332
5447,FZD6,11.442324,-2.4742107
5448,FZD7,11.739718,-2.5204365
5449,FZD8,11.754832,-2.5146546
5450,FZD9,11.625428,-2.5644126
5451,FZR1,12.357778,5.126287
5452,G0S2,10.124764,5.2782855
5453,G2E3,10.166046,2.252214
5454,G3BP1,7.157921,2.2718642
5455,G3BP2,7.1437993,2.2726758
5456,G6PC2,9.598397,-3.2802136
5457,G6PC3,9.462981,-3.291012
5458,GAA,13.342663,0.12328084
5459,GAB1,9.035497,1.8390278
5460,GAB2,9.072284,1.8242537
5461,GAB4,9.1578,1.8979272
5462,GABARAP,12.053373,3.5608706
5463,GABARAPL1,12.049958,3.5388484
5464,GABARAPL2,12.0611925,3.5201278
5465,GABBR1,11.465806,-2.4478061
5466,GABBR2,11.457168,-2.3937328
5467,GABPA,7.084471,3.0928879
5468,GABPB1,7.034296,3.189516
5469,GABPB2,6.984751,3.1629324
5470,GABRA1,17.920517,-4.782772
5471,GABRA2,17.92032,-4.7831845
5472,GABRA4,17.920395,-4.7827616
5473,GABRA5,17.918306,-4.7844806
5474,GABRA6,17.91753,-4.7852473
5475,GABRB1,17.955208,-4.7455263
5476,GABRB2,17.934374,-4.767935
5477,GABRB3,17.936865,-4.765819
5478,GABRD,17.911674,-4.7909026
5479,GABRG1,17.914454,-4.788404
5480,GABRG2,17.925028,-4.779477
5481,GABRG3,17.919312,-4.78054
5482,GABRP,17.890331,-4.8008537
5483,GABRR1,17.911425,-4.792438
5484,GABRR2,17.910929,-4.7903767
5485,GABRR3,17.915747,-4.78831
5486,GAD1,13.469735,1.5467483
5487,GAD2,13.512813,1.4958241
5488,GADD45A,11.4185505,2.7507246
5489,GADD45B,11.397485,2.8121936
5490,GADD45G,11.41246,2.7708027
5491,GADD45GIP1,13.030611,3.586842
5492,GADL1,13.446596,1.5198567
5493,GAK,8.824573,1.5773515
5494,GAL,15.477284,-1.9990498
5495,GAL3ST1,14.159717,0.10067411
5496,GAL3ST2,14.214946,0.14703973
5497,GAL3ST3,14.137347,0.08370164
5498,GAL3ST4,14.015087,0.08146895
5499,GALC,13.302402,-0.077230714
5500,GALE,13.048911,1.8290997
5501,GALK1,12.918315,1.8864704
5502,GALK2,12.791898,1.6481034
5503,GALM,12.903306,1.7974629
5504,GALNS,13.383878,0.02296409
5505,GALNT1,14.621239,0.074417464
5506,GALNT10,14.611322,0.052978393
5507,GALNT11,14.632462,0.07843523
5508,GALNT12,14.6588745,-0.0057459357
5509,GALNT13,14.651317,0.089700595
5510,GALNT14,14.629866,0.09483504
5511,GALNT15,14.4635,0.09039236
5512,GALNT16,14.582427,0.09348011
5513,GALNT17,14.627012,0.09447615
5514,GALNT18,14.603669,0.108656645
5515,GALNT2,14.478723,0.10341317
5516,GALNT3,14.599535,0.0672119
5517,GALNT4,14.528264,0.07479643
5518,GALNT5,14.416162,0.071668185
5519,GALNT6,14.609149,0.08087251
5520,GALNT7,14.615238,0.043407205
5521,GALNT8,14.571277,0.072096266
5522,GALNT9,14.631994,0.09263051
5523,GALNTL5,14.263811,0.044043276
5524,GALNTL6,14.625322,0.09138186
5525,GALP,15.426231,-1.9707853
5526,GALR1,0.63381183,-2.3518271
5527,GALR2,0.6652638,-2.4740894
5528,GALR3,0.6399675,-2.471401
5529,GALT,12.489539,1.4943237
5530,GAMT,12.913519,2.1492932
5531,GANAB,13.362871,0.11347601
5532,GANC,12.846096,0.3041444
5533,GAP43,9.527349,3.9351518
5534,GAPDH,14.714466,2.6036851
5535,GAPDHS,13.272266,1.9343176
5536,GAPT,9.526095,6.429359
5537,GAPVD1,9.604911,0.003532354
5538,GAR1,6.897512,2.2594903
5539,GAREM1,8.736002,1.7119275
5540,GAREM2,8.823228,1.8978858
5541,GARNL3,9.616965,0.93875974
5542,GART,13.279232,1.9610448
5543,GAS1,13.485328,-1.3748417
5544,GAS2,10.476868,2.0791812
5545,GAS2L1,8.897818,2.1555576
5546,GAS2L2,8.5591755,2.848466
5547,GAS2L3,9.004851,1.8324807
5548,GAS6,13.464836,-1.94846
5549,GAS7,9.34263,0.58204997
5550,GAS8,7.46186,0.8336429
5551,GASK1A,14.289729,0.1670338
5552,GASK1B,14.295389,0.15166284
5553,GAST,15.417828,-1.9714798
5554,GATA2,6.651092,4.15091
5555,GATA3,6.8047996,4.1341434
5556,GATA4,6.8723307,4.2747526
5557,GATA5,6.8467493,4.240252
5558,GATA6,6.925174,4.1676126
5559,GATAD1,10.282744,2.7224703
5560,GATAD2A,7.5623255,2.9058871
5561,GATAD2B,7.721497,2.8839972
5562,GATB,12.532464,2.0416756
5563,GATC,12.526311,2.8638654
5564,GATD1,12.296078,2.1131325
5565,GATM,13.198345,1.679866
5566,GBA,13.367157,-0.02225411
5567,GBA2,12.231126,0.90698934
5568,GBA3,13.297337,0.32945466
5569,GBE1,12.621465,0.5136647
5570,GBF1,9.689924,-0.103464395
5571,GBGT1,14.146883,0.13909595
5572,GBP1,11.692658,0.1516637
5573,GBP2,11.698875,0.10748774
5574,GBP3,11.6952095,0.113783255
5575,GBP4,11.7158785,0.08781894
5576,GBP5,11.689367,0.1058286
5577,GBP6,11.695601,0.11823228
5578,GBP7,11.698846,0.12423353
5579,GBX1,6.7060814,4.6385965
5580,GBX2,6.7325544,4.6322756
5581,GC,13.712654,-1.0490775
5582,GCA,5.5807757,-0.17048548
5583,GCAT,13.558897,1.894452
5584,GCC1,7.8591204,0.43993303
5585,GCC2,7.4324455,0.2183129
5586,GCDH,13.679688,1.9432102
5587,GCFC2,10.261718,1.4105883
5588,GCG,15.507502,-2.0266619
5589,GCGR,11.078703,-3.2104976
5590,GCH1,12.72853,1.9500756
5591,GCHFR,12.119297,3.3123255
5592,GCK,13.5099745,1.7390363
5593,GCKR,13.343897,1.6126524
5594,GCLC,12.532339,1.0981683
5595,GCLM,11.400173,2.3880258
5596,GCM1,7.3014,3.8030825
5597,GCM2,7.351659,3.7348216
5598,GCN1,9.876242,-0.4302343
5599,GCNT1,14.299911,0.08507397
5600,GCNT2,14.249496,0.08599635
5601,GCNT3,14.374343,-0.008812165
5602,GCNT4,14.3039,0.08793133
5603,GCNT7,14.117555,0.09615476
5604,GCSAM,9.477861,6.2554507
5605,GCSAML,9.491842,6.295428
5606,GCSH,12.986042,2.934338
5607,GDA,12.904739,1.739362
5608,GDAP1,11.38081,2.2634006
5609,GDAP1L1,11.610496,2.29337
5610,GDAP2,10.84432,1.6048871
5611,GDE1,12.809587,1.0176661
5612,GDF1,14.467014,-0.9628227
5613,GDF10,14.379338,-0.9744298
5614,GDF11,14.498714,-1.0115492
5615,GDF15,14.501808,-1.0117431
5616,GDF2,14.426576,-0.9994696
5617,GDF3,14.457274,-1.0004002
5618,GDF5,14.519852,-1.0137507
5619,GDF6,14.47969,-0.9990672
5620,GDF7,14.448895,-0.9049724
5621,GDF9,14.45985,-1.0114188
5622,GDI2,13.051701,2.1082416
5623,GDNF,14.487354,-1.2971127
5624,GDPD1,12.722062,1.2584419
5625,GDPD3,12.740154,1.11556
5626,GDPD4,12.687595,0.59737206
5627,GDPD5,12.479225,0.49697748
5628,GDPGP1,11.957183,1.887997
5629,GEM,7.735078,-6.901046
5630,GEMIN2,11.1189785,2.6240292
5631,GEMIN4,10.511393,0.0038959556
5632,GEMIN5,10.823031,-0.07676097
5633,GEMIN6,12.141045,2.4402018
5634,GEMIN7,10.665822,3.876985
5635,GEN1,9.096275,2.1637564
5636,GET1,9.523931,-2.2391465
5637,GET3,11.784023,2.2484174
5638,GET4,10.884998,0.43283233
5639,GFAP,20.614939,2.5301404
5640,GFER,10.703664,3.4474778
5641,GFI1,6.2049303,3.4539037
5642,GFI1B,6.1148634,3.3669136
5643,GFM1,11.9528055,1.3331071
5644,GFM2,11.990002,1.346553
5645,GFOD1,12.097334,1.632321
5646,GFOD2,12.660218,1.7341923
5647,GFPT1,13.382199,1.6632785
5648,GFPT2,13.494009,1.7618333
5649,GFRA1,13.918857,-1.561024
5650,GFRA2,13.874387,-1.5375719
5651,GFRA3,14.051191,-1.6263584
5652,GFRA4,13.77628,-1.5972677
5653,GFRAL,13.8467455,-1.785108
5654,GFY,8.644415,3.8015218
5655,GGA1,9.351286,1.8142525
5656,GGA2,9.318874,1.7299834
5657,GGA3,8.452072,1.9735302
5658,GGACT,12.242341,2.3772745
5659,GGCT,12.204226,2.5408273
5660,GGCX,10.222091,-2.7604442
5661,GGH,13.404725,0.11442604
5662,GGN,8.568171,2.9977071
5663,GGNBP2,9.542699,2.1602643
5664,GGPS1,12.227394,2.1391551
5665,GGT1,13.455422,-0.03056256
5666,GGT5,13.526545,-0.08627292
5667,GGT6,12.20512,0.3592874
5668,GGT7,12.454424,0.307452
5669,GGTLC1,13.441146,-0.02227154
5670,GGTLC2,13.472176,-0.04594814
5671,GGTLC3,13.4804,-0.011879112
5672,GH1,11.336924,6.177887
5673,GH2,11.320881,6.1642766
5674,GHDC,11.2850685,0.69396025
5675,GHITM,13.67381,3.7046728
5676,GHR,10.168466,6.477999
5677,GHRH,15.510072,-2.0206153
5678,GHRHR,11.0945215,-3.1847773
5679,GHRL,15.384183,-1.9536248
5680,GHSR,0.5200778,-2.3404696
5681,GID4,10.934928,2.6360912
5682,GID8,10.87962,2.8953698
5683,GIGYF1,7.8837795,1.8330475
5684,GIGYF2,7.925109,1.9007709
5685,GIMAP1,11.758937,0.25815168
5686,GIMAP2,11.819608,0.2363287
5687,GIMAP4,11.743413,0.19760385
5688,GIMAP5,11.793496,0.16620032
5689,GIMAP6,11.752555,0.2445475
5690,GIMAP7,11.762726,0.20704639
5691,GIMAP8,11.719106,0.28156856
5692,GIMD1,11.754718,0.55099535
5693,GIN1,9.367751,3.1066988
5694,GINM1,12.538946,-0.50523216
5695,GINS1,11.380337,2.7096796
5696,GINS2,11.226933,2.7378128
5697,GINS3,11.038452,2.7084289
5698,GINS4,11.222504,2.757202
5699,GIP,15.495955,-2.0233753
5700,GIPC1,10.387242,2.03814
5701,GIPC2,10.60931,2.1580722
5702,GIPC3,10.617342,2.3249712
5703,GIPR,11.022852,-3.1938899
5704,GIT1,8.964299,1.2999604
5705,GIT2,9.0626745,1.0444587
5706,GJA1,9.893334,-2.119924
5707,GJA10,9.971409,-2.055299
5708,GJA3,10.099356,-2.1433551
5709,GJA4,9.921039,-2.118549
5710,GJA5,9.943454,-2.1244164
5711,GJA8,10.0028515,-2.1250203
5712,GJA9,10.001645,-2.02344
5713,GJB2,9.814773,-2.173289
5714,GJB3,9.854884,-2.1293972
5715,GJB4,9.867759,-2.1387382
5716,GJB5,9.867323,-2.1468134
5717,GJB6,9.874336,-2.1402652
5718,GJB7,9.707505,-2.3312404
5719,GJC1,9.958376,-2.127486
5720,GJC2,10.048694,-2.0784578
5721,GJC3,9.922724,-2.1964614
5722,GJD2,9.970449,-2.1562858
5723,GJD3,9.938517,-2.1949384
5724,GJD4,10.026685,-2.1567318
5725,GJE1,9.2314,-2.7856605
5726,GK2,13.109008,1.7481999
5727,GK3P,13.041979,1.7678723
5728,GK5,13.084241,1.5671557
5729,GKAP1,7.9532413,0.7398492
5730,GKN1,7.672564,-1.84754
5731,GKN2,7.6779604,-1.8507955
5732,GLB1,13.306826,0.019430246
5733,GLB1L,13.272442,-0.05423024
5734,GLB1L2,13.168164,-0.10174453
5735,GLB1L3,12.899027,0.23194589
5736,GLCCI1,8.375742,2.413469
5737,GLCE,13.389775,0.27423573
5738,GLDC,13.6181755,1.7585667
5739,GLDN,15.591232,-1.0786505
5740,GLE1,10.893411,1.2554168
5741,GLG1,13.831821,-1.3297502
5742,GLI1,7.0677395,3.3282948
5743,GLI2,7.2141767,3.1380582
5744,GLI3,7.104245,3.2316573
5745,GLI4,3.157766,-3.9535851
5746,GLIPR1,13.882906,-1.3361273
5747,GLIPR1L1,13.981736,-1.2907761
5748,GLIPR1L2,13.766099,-1.3606015
5749,GLIPR2,13.886589,-1.0249641
5750,GLIS1,6.874572,3.5033064
5751,GLIS2,6.161317,3.0247662
5752,GLIS3,7.087304,3.4976857
5753,GLMN,10.58689,0.40165198
5754,GLMP,13.279447,-0.06327982
5755,GLO1,12.329733,2.256271
5756,GLOD4,12.485438,2.2796044
5757,GLP1R,11.036459,-3.2147396
5758,GLP2R,11.101268,-3.1944046
5759,GLRA1,17.913116,-4.790537
5760,GLRA3,17.915556,-4.788897
5761,GLRB,17.91898,-4.7857766
5762,GLRX,11.97699,3.1159353
5763,GLRX2,12.954519,2.9442694
5764,GLRX3,12.178197,2.1188304
5765,GLRX5,12.6024685,2.9377313
5766,GLS,12.583322,1.5881492
5767,GLS2,13.383343,1.6878927
5768,GLT1D1,12.678482,2.0464027
5769,GLT6D1,14.19651,0.14174205
5770,GLT8D1,14.251289,0.061919816
5771,GLT8D2,14.212018,0.06548141
5772,GLTP,10.88241,2.7040424
5773,GLTPD2,13.68209,-0.03518557
5774,GLUD1,13.740172,1.9793354
5775,GLUL,13.679888,1.9117215
5776,GLYAT,12.636574,1.8268834
5777,GLYATL1,12.519118,1.9022652
5778,GLYATL1B,12.33756,1.8672639
5779,GLYATL2,12.410917,1.7191774
5780,GLYATL3,11.919845,2.2529702
5781,GLYCTK,13.138038,1.7284658
5782,GLYR1,10.593307,1.6405349
5783,GM2A,13.319975,-0.21312581
5784,GMCL1,11.06253,1.821861
5785,GMCL2,10.779925,1.8908314
5786,GMDS,12.94514,1.6939515
5787,GMEB1,7.0496154,3.0902555
5788,GMEB2,7.213572,3.123547
5789,GMFB,11.927448,2.9899223
5790,GMFG,11.89466,3.0034282
5791,GMIP,9.329185,0.89736795
5792,GML,14.499109,-1.9722364
5793,GMNC,9.237237,3.733479
5794,GMNN,9.394958,2.5893147
5795,GMPPA,12.360071,1.6049632
5796,GMPPB,12.512699,1.8348571
5797,GMPR,13.261309,1.9981486
5798,GMPR2,13.43735,2.038581
5799,GMPS,11.964252,1.6727039
5800,GNA11,7.664904,-6.3048773
5801,GNA12,7.669946,-6.3549256
5802,GNA13,7.6724486,-6.3207746
5803,GNA14,7.6643867,-6.319644
5804,GNA15,7.664924,-6.3251867
5805,GNAI1,7.692548,-6.350549
5806,GNAI2,7.6619515,-6.3118324
5807,GNAI3,7.664559,-6.314044
5808,GNAL,7.693106,-6.3000355
5809,GNAO1,7.6660457,-6.2997923
5810,GNAQ,7.668246,-6.2894306
5811,GNAS,7.666681,-6.280682
5812,GNAT1,7.658349,-6.3054023
5813,GNAT2,7.6601777,-6.3098974
5814,GNAT3,7.665331,-6.302803
5815,GNAZ,7.661663,-6.3153768
5816,GNB1,12.40924,5.14486
5817,GNB1L,12.472054,5.1607943
5818,GNB2,12.456198,5.1863875
5819,GNB3,12.439995,5.169659
5820,GNB4,12.47557,5.2110434
5821,GNB5,12.412379,5.130996
5822,GNE,13.076418,1.828779
5823,GNG10,11.790911,3.9769566
5824,GNG11,11.687588,4.0832915
5825,GNG12,11.714419,4.087069
5826,GNG13,11.673921,4.1212873
5827,GNG14,11.737365,4.0528693
5828,GNG2,11.718967,4.1122727
5829,GNG3,11.723261,4.101533
5830,GNG4,11.693656,4.1131916
5831,GNG5,11.764044,3.9998312
5832,GNG7,11.71896,4.109628
5833,GNG8,11.721978,4.1154795
5834,GNGT1,11.693072,4.116099
5835,GNGT2,11.682747,4.147113
5836,GNL1,11.152396,3.0216532
5837,GNL2,11.3758,3.2018855
5838,GNL3,11.429063,3.1586092
5839,GNLY,16.227674,-3.9582107
5840,GNMT,12.9818945,1.8537484
5841,GNPAT,12.307467,1.2300178
5842,GNPDA1,13.209793,1.928463
5843,GNPDA2,13.013581,1.833007
5844,GNPNAT1,12.107991,2.293018
5845,GNPTAB,13.18632,0.013170396
5846,GNPTG,12.924663,-0.36994573
5847,GNRH1,15.441874,-1.9819943
5848,GNRH2,15.445832,-1.985954
5849,GNRHR,0.5336473,-2.3553483
5850,GNS,13.318439,-0.07267514
5851,GOLGA1,7.5665865,0.33213377
5852,GOLGA2,7.528266,0.39525867
5853,GOLGA3,7.5987673,0.3436637
5854,GOLGA4,7.432725,0.19858243
5855,GOLGA5,7.603468,0.35038775
5856,GOLGA6A,7.4060388,0.5920177
5857,GOLGA6B,7.4339013,0.6455794
5858,GOLGA6C,7.454326,0.5336579
5859,GOLGA6D,7.4112473,0.57932425
5860,GOLGA6L1,7.1719956,0.70563656
5861,GOLGA6L10,7.2926946,0.7477136
5862,GOLGA6L2,7.230599,0.7381194
5863,GOLGA6L22,7.156039,0.75770694
5864,GOLGA6L4,7.226188,0.7302297
5865,GOLGA6L6,7.208364,0.7251884
5866,GOLGA6L7,7.1644683,0.7303116
5867,GOLGA6L9,7.3199472,0.6852544
5868,GOLGA7,10.834935,2.8420086
5869,GOLGA7B,10.608573,2.6727874
5870,GOLGA8A,7.432069,0.5760372
5871,GOLGA8B,7.4468884,0.5645455
5872,GOLGA8F,7.5026684,0.57242113
5873,GOLGA8G,7.590316,0.6355537
5874,GOLGA8H,7.438774,0.59817463
5875,GOLGA8J,7.381545,0.6496767
5876,GOLGA8K,7.405871,0.6361438
5877,GOLGA8N,7.417327,0.63434803
5878,GOLGA8O,7.45128,0.623491
5879,GOLGA8Q,7.396888,0.62972146
5880,GOLGA8R,7.349418,0.61889374
5881,GOLGA8S,7.422932,0.61574024
5882,GOLGA8T,7.4106812,0.60643655
5883,GOLGB1,7.418217,0.19797403
5884,GOLIM4,8.709277,3.27714
5885,GOLM1,8.736633,3.1547418
5886,GOLPH3,10.75669,2.380505
5887,GOLPH3L,10.793002,2.2457926
5888,GOLT1A,9.121385,-2.8956363
5889,GOLT1B,9.119184,-2.8336036
5890,GON4L,8.054422,1.9294916
5891,GON7,10.29268,3.544214
5892,GOPC,8.331972,0.92574954
5893,GORAB,10.474954,2.7435517
5894,GORASP1,9.249915,2.4679418
5895,GORASP2,7.974139,2.4465947
5896,GOSR1,11.286404,4.172856
5897,GOSR2,11.301473,4.163685
5898,GOT1,13.673055,1.878545
5899,GOT1L1,13.002199,1.7358623
5900,GOT2,13.742125,1.9606878
5901,GP1BA,15.691839,4.41086
5902,GP1BB,15.688178,4.417531
5903,GP2,13.159168,-0.9107244
5904,GP5,15.604384,4.62904
5905,GP6,9.308137,7.543096
5906,GP9,15.673358,4.4328494
5907,GPA33,9.905691,6.4873714
5908,GPAA1,9.993979,-2.8215656
5909,GPALPP1,10.597292,3.175704
5910,GPAM,12.390958,1.2394367
5911,GPANK1,10.798613,3.0648458
5912,GPAT2,11.151709,0.6999599
5913,GPAT3,12.798511,0.98940694
5914,GPAT4,12.749367,0.9441857
5915,GPATCH1,10.37426,2.8202913
5916,GPATCH11,10.852614,3.2473767
5917,GPATCH2,8.8871565,2.1753988
5918,GPATCH3,10.635152,3.020756
5919,GPATCH4,11.335654,3.2320619
5920,GPATCH8,7.398112,1.8944392
5921,GPBAR1,0.42047215,-2.4974062
5922,GPBP1,8.099837,2.2462888
5923,GPBP1L1,8.0936575,2.4195013
5924,GPC1,13.333529,-1.1629022
5925,GPC2,11.586268,0.07016836
5926,GPC5,13.313781,-1.2324808
5927,GPC6,13.376684,-1.2845854
5928,GPCPD1,11.135172,1.143142
5929,GPD1,13.346541,1.8051375
5930,GPD1L,13.158474,1.7501447
5931,GPD2,12.732057,1.4462721
5932,GPER1,0.42835188,-2.4199998
5933,GPHA2,14.604665,-1.8155975
5934,GPHB5,14.4606085,-1.7364732
5935,GPHN,9.621484,0.5387179
5936,GPI,13.825704,1.895843
5937,GPIHBP1,14.462945,-1.9832267
5938,GPLD1,12.816517,-0.4140842
5939,GPM6A,8.551646,-2.9115665
5940,GPN1,11.608903,2.062882
5941,GPN2,11.8586235,2.111999
5942,GPN3,11.979509,2.3108613
5943,GPNMB,9.987482,6.212121
5944,GPR107,10.24139,-3.0310435
5945,GPR108,10.303685,-3.0297925
5946,GPR12,0.6035616,-2.3079863
5947,GPR132,0.25371158,-2.4475834
5948,GPR135,0.64086646,-2.4766572
5949,GPR137,9.763703,-2.67055
5950,GPR137B,9.697906,-2.7734911
5951,GPR137C,9.707505,-2.769216
5952,GPR139,0.5796396,-2.338836
5953,GPR141,0.25707376,-2.3561082
5954,GPR142,0.45088777,-2.421483
5955,GPR146,0.34167758,-2.5013688
5956,GPR148,0.32095152,-2.45242
5957,GPR149,0.5237838,-2.4323397
5958,GPR15,0.10856624,-2.2994487
5959,GPR150,0.5463339,-2.4999819
5960,GPR151,0.40377206,-2.4308627
5961,GPR152,0.4254097,-2.560389
5962,GPR153,10.405494,-2.0175772
5963,GPR155,10.262146,-3.789754
5964,GPR156,8.812121,2.054425
5965,GPR157,0.6680087,-2.5480235
5966,GPR158,10.834284,-2.2475376
5967,GPR160,0.14994483,-2.3513424
5968,GPR161,0.55238855,-2.4166017
5969,GPR162,0.7535528,-2.335831
5970,GPR17,0.33464742,-2.4455833
5971,GPR171,0.12717077,-2.3096585
5972,GPR176,0.54727894,-2.4051013
5973,GPR179,8.907943,2.927702
5974,GPR18,0.12032083,-2.265798
5975,GPR180,9.981387,-3.1569018
5976,GPR182,0.30365986,-2.4778357
5977,GPR183,0.10951838,-2.2916255
5978,GPR19,0.5132228,-2.3574414
5979,GPR20,0.35045576,-2.520565
5980,GPR21,0.54118997,-2.2669067
5981,GPR22,0.6035384,-2.2669458
5982,GPR25,0.4521721,-2.5087008
5983,GPR26,0.5880517,-2.4016695
5984,GPR27,0.65448207,-2.6592817
5985,GPR3,0.6267653,-2.390048
5986,GPR31,0.28341958,-2.4296925
5987,GPR32,0.055752322,-2.480616
5988,GPR33,0.10394214,-2.4011595
5989,GPR35,0.28969818,-2.4919858
5990,GPR37,0.6286392,-2.3836968
5991,GPR37L1,0.7143349,-2.4179807
5992,GPR39,0.49223566,-2.3937495
5993,GPR4,0.20241848,-2.5187645
5994,GPR42,0.2670541,-2.4796195
5995,GPR45,0.53524065,-2.311758
5996,GPR52,0.5466568,-2.240774
5997,GPR55,0.19315869,-2.3902915
5998,GPR6,0.64012766,-2.463144
5999,GPR61,0.6023956,-2.4069722
6000,GPR62,0.520737,-2.5150652
6001,GPR63,0.55508673,-2.361105
6002,GPR65,0.05698951,-2.3438964
6003,GPR68,0.24141616,-2.4715445
6004,GPR75,0.65417576,-2.2686703
6005,GPR78,0.67108816,-2.55551
6006,GPR83,0.53758246,-2.4082239
6007,GPR84,0.65515393,-2.1683137
6008,GPR85,0.58747697,-2.250398
6009,GPR87,0.10564682,-2.2962177
6010,GPR88,0.6004362,-2.5678794
6011,GPR89A,9.438816,-2.8218985
6012,GPR89B,9.506916,-2.895029
6013,GPRC5A,9.546762,-2.765907
6014,GPRC5B,9.593214,-2.59883
6015,GPRC5C,9.469258,-2.618306
6016,GPRC5D,9.51379,-2.8398557
6017,GPRC6A,11.198027,-2.7337708
6018,GPRIN1,8.6161175,3.5571828
6019,GPRIN2,8.923467,3.060818
6020,GPS1,11.062602,0.23730992
6021,GPS2,7.610805,2.755349
6022,GPSM1,9.338918,1.128862
6023,GPSM2,9.382841,1.4238037
6024,GPSM3,9.648886,3.503168
6025,GPT,13.443294,1.6149225
6026,GPT2,13.503678,1.6142298
6027,GPX1,12.773731,2.732341
6028,GPX2,12.883222,2.2806602
6029,GPX3,12.927198,0.410662
6030,GPX4,12.659242,2.9684873
6031,GPX5,12.860554,0.19251001
6032,GPX6,13.004603,0.30898434
6033,GPX7,13.013714,-0.2015128
6034,GPX8,13.014764,-0.34249684
6035,GRAMD1A,9.631912,1.1311084
6036,GRAMD1B,9.727297,1.215117
6037,GRAMD1C,9.822508,1.3267399
6038,GRAMD2A,10.051955,4.1207867
6039,GRAMD2B,9.582675,1.5368007
6040,GRAMD4,10.213652,0.9845345
6041,GRAP,9.986635,1.3987257
6042,GRAP2,9.876332,1.4485911
6043,GRAPL,9.886613,1.3786929
6044,GRB10,9.75968,1.2620932
6045,GRB14,9.614326,1.3496361
6046,GRB2,9.870738,1.3334124
6047,GRB7,9.71631,1.0838635
6048,GREB1,9.820524,-0.33187515
6049,GREB1L,9.80166,-0.3605221
6050,GREM2,14.410329,-1.5142145
6051,GRHL1,7.649385,3.2661808
6052,GRHL2,7.622337,3.2247536
6053,GRHL3,7.647289,3.261967
6054,GRHPR,13.520718,1.8408529
6055,GRIA1,11.506651,-2.345446
6056,GRIA2,11.569402,-2.3298218
6057,GRIA4,11.538218,-2.3440971
6058,GRID1,11.521041,-2.3332481
6059,GRID2,11.53325,-2.3272874
6060,GRID2IP,8.747065,1.2416276
6061,GRIFIN,15.649754,0.16625495
6062,GRIK1,11.551809,-2.3511753
6063,GRIK2,11.545686,-2.3438432
6064,GRIK3,11.518507,-2.3665185
6065,GRIK4,11.516366,-2.3454096
6066,GRIK5,11.500463,-2.393696
6067,GRIN1,11.5131,-2.3679836
6068,GRIN2C,11.445236,-2.3752015
6069,GRIN2D,11.461457,-2.3779886
6070,GRIN3A,11.532331,-2.3712955
6071,GRIN3B,11.356406,-2.2807627
6072,GRINA,7.9004545,3.0868654
6073,GRIP1,8.872184,0.8468594
6074,GRIP2,9.079237,1.1775315
6075,GRK1,13.049582,7.4784403
6076,GRK2,12.956909,7.5343366
6077,GRK3,13.011125,7.4508805
6078,GRK4,12.996536,7.5019183
6079,GRK5,13.010694,7.4903
6080,GRK6,13.033695,7.5093474
6081,GRK7,13.029776,7.4803452
6082,GRM1,11.422553,-2.3802357
6083,GRM2,11.340164,-2.5870197
6084,GRM3,11.389542,-2.4958465
6085,GRM4,11.392644,-2.493537
6086,GRM5,11.362939,-2.4147666
6087,GRM6,11.397446,-2.4701235
6088,GRM7,11.526373,-2.3523684
6089,GRM8,11.427093,-2.4121444
6090,GRN,13.287501,-2.0371687
6091,GRP,15.416803,-1.9747803
6092,GRPEL1,12.8534975,2.7788386
6093,GRPEL2,12.742035,2.8370228
6094,GRSF1,12.983441,2.9400227
6095,GRTP1,10.478109,0.94531584
6096,GRWD1,12.394538,5.0128365
6097,GRXCR1,10.000729,3.6919699
6098,GRXCR2,9.869904,2.7494366
6099,GSAP,10.744717,0.42349577
6100,GSC,6.6298375,4.755616
6101,GSC2,6.9597726,4.734409
6102,GSDMA,11.7486925,0.46498352
6103,GSDMB,11.777119,0.42954805
6104,GSDMC,11.868808,0.370372
6105,GSDMD,11.71852,0.40562695
6106,GSDME,11.773066,0.45374417
6107,GSE1,7.9366074,2.3494847
6108,GSG1,8.466006,-3.2051861
6109,GSG1L,8.434855,-3.2405965
6110,GSG1L2,8.458182,-3.2547638
6111,GSK3A,12.792067,7.726359
6112,GSK3B,12.846496,7.6734776
6113,GSKIP,11.2081175,2.3174152
6114,GSN,10.438492,0.8702061
6115,GSPT1,11.490622,1.74859
6116,GSR,13.079993,1.8119739
6117,GSS,12.559686,1.6004745
6118,GSTA1,14.477219,1.6476104
6119,GSTA2,14.51745,1.6505644
6120,GSTA3,14.4841385,1.6480113
6121,GSTA4,14.508206,1.6505297
6122,GSTA5,14.48432,1.6594076
6123,GSTCD,11.184478,1.610397
6124,GSTK1,13.734111,1.8107724
6125,GSTM1,14.568736,1.6016037
6126,GSTM2,14.56956,1.61431
6127,GSTM3,14.55439,1.609494
6128,GSTM4,14.585517,1.6136363
6129,GSTM5,14.573907,1.5976394
6130,GSTO1,14.479722,1.6446822
6131,GSTO2,14.273442,1.6742536
6132,GSTP1,14.596376,1.5968944
6133,GSTT2,14.37454,1.6782684
6134,GSTT2B,14.19447,1.7410128
6135,GSTT4,14.3801365,1.6948804
6136,GSTZ1,13.985582,1.777753
6137,GSX1,6.7223835,4.6250186
6138,GSX2,6.736799,4.532788
6139,GTDC1,12.085721,1.6711643
6140,GTF2A1,7.081707,2.9928968
6141,GTF2A1L,8.210447,2.8553255
6142,GTF2A2,11.95302,3.393815
6143,GTF2B,11.703652,2.3888555
6144,GTF2E1,11.16909,2.3785682
6145,GTF2E2,10.628722,2.5271082
6146,GTF2F1,10.492829,2.9645348
6147,GTF2F2,10.971128,2.6640065
6148,GTF2H1,10.480425,2.0543354
6149,GTF2H2,11.279014,2.1419477
6150,GTF2H2C,11.160794,2.122648
6151,GTF2H3,11.293363,2.0518832
6152,GTF2H4,11.356343,1.3359827
6153,GTF2H5,11.919215,3.1047215
6154,GTF2I,9.618677,1.9689894
6155,GTF2IRD1,9.669183,1.7232054
6156,GTF2IRD2,9.111455,3.0454798
6157,GTF2IRD2B,9.100325,3.0623374
6158,GTF3A,6.245221,3.0157864
6159,GTF3C1,9.763458,-0.4836166
6160,GTF3C2,12.203051,4.799548
6161,GTF3C3,11.07031,0.003510326
6162,GTF3C4,10.444786,1.3872647
6163,GTF3C5,10.125427,2.513817
6164,GTF3C6,11.832025,3.267022
6165,GTPBP1,11.173601,1.6383601
6166,GTPBP10,12.840636,2.3043299
6167,GTPBP2,11.342603,1.6183046
6168,GTPBP3,12.390894,1.9469215
6169,GTPBP4,11.419438,3.2162375
6170,GTPBP8,12.961901,2.9381757
6171,GTSE1,9.000021,2.6644986
6172,GTSF1,9.964202,3.2041323
6173,GTSF1L,10.072642,3.2153053
6174,GUCA1A,5.3601213,-0.3437573
6175,GUCA1B,5.394333,-0.3138787
6176,GUCA1C,5.3588552,-0.3432581
6177,GUCA2A,10.904774,5.478521
6178,GUCA2B,10.810038,5.4469748
6179,GUCD1,12.080164,2.4785311
6180,GUCY1A1,10.698662,1.0589005
6181,GUCY1B1,10.77964,1.1908427
6182,GUCY2C,13.69267,6.5751753
6183,GUCY2D,11.45409,-2.0677342
6184,GUF1,12.244126,1.4470599
6185,GUK1,12.123041,2.4227843
6186,GULP1,9.759699,1.3765388
6187,GUSB,13.403024,0.038726315
6188,GVQW3,9.5316925,4.2674017
6189,GXYLT1,13.939183,0.12041004
6190,GXYLT2,14.048123,0.09040441
6191,GYG1,12.210919,1.8978181
6192,GYPA,9.345766,5.5817823
6193,GYPB,9.38632,5.581277
6194,GYPC,9.938503,5.352244
6195,GYPE,9.294061,5.577647
6196,GYS1,12.350309,1.1560816
6197,GYS2,12.489915,1.0314261
6198,GZF1,6.052128,2.8710983
6199,GZMA,14.031369,-3.4153018
6200,GZMB,14.033251,-3.4181867
6201,GZMH,14.025254,-3.4022572
6202,GZMK,14.030901,-3.4125803
6203,GZMM,14.027053,-3.4062657
6204,H6PD,13.683587,0.040898368
6205,HAAO,12.791795,2.0406501
6206,HABP2,13.746891,-2.5474684
6207,HABP4,7.4546175,2.3862326
6208,HACD1,9.693475,-3.3064914
6209,HACD2,9.70864,-3.2290485
6210,HACD3,9.574686,-3.3163557
6211,HACD4,9.646746,-3.2634544
6212,HACE1,10.418609,0.3455416
6213,HACL1,13.197115,1.8326123
6214,HADH,13.733724,2.0438945
6215,HADHA,13.809372,2.1101894
6216,HADHB,13.799923,2.102313
6217,HAGH,12.838048,2.6619651
6218,HAGHL,12.83482,2.0303016
6219,HAL,13.530184,1.7261004
6220,HAMP,15.401944,-2.00506
6221,HAND1,7.670772,4.367704
6222,HAND2,7.012694,4.4331107
6223,HAO1,13.444612,1.7510159
6224,HAO2,13.268392,1.8083155
6225,HAP1,7.9337344,1.116102
6226,HAPLN1,14.026257,-1.0951041
6227,HAPLN2,13.793697,-1.1220142
6228,HAPLN3,13.861475,-1.0806539
6229,HAPLN4,13.724166,-1.0194073
6230,HARBI1,9.335953,3.1625097
6231,HARS2,12.246724,1.5295256
6232,HAS1,11.080728,-2.639552
6233,HAS2,10.984759,-2.7217948
6234,HAS3,11.020547,-2.71129
6235,HASPIN,9.238121,2.3082905
6236,HAT1,11.554183,2.3345242
6237,HAUS1,10.7378235,2.8062124
6238,HAUS2,10.863491,2.8977277
6239,HAUS3,10.623571,2.392383
6240,HAUS4,10.581377,2.5966923
6241,HAUS5,10.737159,1.7574136
6242,HAUS6,9.126349,2.1413372
6243,HAUS8,9.261834,2.6744697
6244,HAVCR1,9.3846445,6.415035
6245,HAVCR2,9.451527,7.012882
6246,HAX1,10.370969,2.7628338
6247,HBA1,4.893522,-0.9681225
6248,HBA2,4.895933,-0.9646376
6249,HBB,4.894897,-0.963347
6250,HBD,4.904084,-0.95539
6251,HBE1,4.893741,-0.9631711
6252,HBEGF,10.10402,5.5580535
6253,HBG1,4.894087,-0.9657367
6254,HBG2,4.8929486,-0.9661499
6255,HBM,4.89932,-0.9605649
6256,HBP1,8.736864,2.8287566
6257,HBQ1,4.8961782,-0.9653883
6258,HBS1L,11.6306925,1.5541476
6259,HBZ,4.894872,-0.9641415
6260,HCAR1,0.19673021,-2.4189742
6261,HCAR2,0.20173432,-2.4210634
6262,HCAR3,0.23356038,-2.4165401
6263,HCFC1R1,9.955547,3.60878
6264,HCFC2,11.357383,1.280048
6265,HCK,13.296049,7.3952513
6266,HCLS1,9.254592,1.9031129
6267,HCN1,10.873033,-2.2953465
6268,HCN2,10.695369,-2.234666
6269,HCN3,10.596663,-2.1746762
6270,HCN4,10.691133,-2.1565268
6271,HCRT,15.486266,-2.0065396
6272,HCRTR1,0.59255093,-2.4161656
6273,HCRTR2,0.67299837,-2.254966
6274,HCST,9.509616,6.6026397
6275,HDAC1,11.473408,1.2069972
6276,HDAC10,9.955521,0.8193175
6277,HDAC11,12.510699,1.5056438
6278,HDAC2,11.4388,1.1271291
6279,HDAC3,11.457023,1.1580772
6280,HDAC4,8.587485,0.80744153
6281,HDAC5,8.491076,0.85399497
6282,HDAC7,9.816706,0.9420493
6283,HDAC9,8.559132,0.8071118
6284,HDC,13.486359,1.5883089
6285,HDDC2,12.637241,2.3613274
6286,HDDC3,12.66133,2.403874
6287,HDGF,10.300168,3.6324863
6288,HDGFL1,9.840494,3.628992
6289,HDGFL2,9.2856,2.7482893
6290,HDHD2,12.598401,2.0153036
6291,HDHD3,12.626234,1.933482
6292,HDHD5,12.294441,1.9302304
6293,HDLBP,11.600962,1.1365193
6294,HEATR1,9.9313345,-0.36604664
6295,HEATR3,10.659218,0.38445073
6296,HEATR4,8.981557,3.6600647
6297,HEATR5A,9.928837,-0.34616664
6298,HEATR5B,9.839917,-0.40990517
6299,HEATR6,10.454573,0.27297622
6300,HEATR9,9.017133,3.7954829
6301,HEBP1,12.148997,2.6976454
6302,HEBP2,11.938489,2.741125
6303,HECA,10.18549,2.5039911
6304,HECTD1,9.547147,-0.32795393
6305,HECTD2,10.010056,0.79984784
6306,HECTD3,11.053727,0.7035214
6307,HECW1,9.492284,0.712314
6308,HECW2,9.462747,0.6934584
6309,HEG1,9.168197,5.429369
6310,HELB,9.734585,1.9445708
6311,HELLS,9.566187,2.0019917
6312,HELQ,9.956535,1.8343208
6313,HELT,7.6714134,4.081607
6314,HELZ2,9.918686,-0.48123
6315,HEMGN,8.762105,3.998455
6316,HENMT1,11.871653,1.9379181
6317,HEPACAM,9.911097,6.3496175
6318,HEPACAM2,9.765488,6.6230025
6319,HEPHL1,13.072768,-0.0129015315
6320,HEPN1,9.43819,4.657541
6321,HERC3,10.798589,0.5965675
6322,HERC4,10.741941,0.5330923
6323,HERC5,10.866205,0.6221512
6324,HERC6,10.865744,0.5933634
6325,HERPUD1,10.440061,2.5006723
6326,HERPUD2,10.340655,2.6010191
6327,HES1,7.6953287,4.101143
6328,HES2,8.015508,4.1664443
6329,HES3,7.9923797,4.1470313
6330,HES4,7.9160376,4.2630253
6331,HES5,7.9369473,4.273909
6332,HES6,8.030998,4.16567
6333,HES7,7.965204,4.1715794
6334,HESX1,6.9418335,4.7387266
6335,HEXA,13.3653555,-0.012726634
6336,HEXB,13.398793,-0.070872486
6337,HEXD,12.302788,1.6140995
6338,HEXIM1,9.598691,3.378842
6339,HEXIM2,9.668863,3.5519953
6340,HEY1,7.634088,4.1132565
6341,HEY2,7.6029186,4.0542526
6342,HEYL,7.8424206,4.126028
6343,HFE,8.33436,9.6365
6344,HFM1,9.7115135,1.8027656
6345,HGD,13.316856,1.4714301
6346,HGF,13.653168,-2.2878795
6347,HGFAC,13.699538,-2.4335184
6348,HGH1,11.0253,1.016575
6349,HGS,7.8671756,2.5907638
6350,HGSNAT,10.056742,-2.9704359
6351,HHAT,10.018424,-3.0543
6352,HHATL,9.843193,-3.1190531
6353,HHEX,6.798284,4.7089257
6354,HHIP,13.468761,-1.9597094
6355,HHIPL1,13.271409,-0.84309065
6356,HHIPL2,13.131371,-0.56399345
6357,HHLA1,9.222407,5.2755237
6358,HHLA2,9.733793,6.7742915
6359,HIBADH,13.662139,2.1288676
6360,HIBCH,13.574075,2.1091843
6361,HIC1,6.099648,3.0769722
6362,HIC2,6.002021,2.9388502
6363,HID1,10.188244,0.6264898
6364,HIF1A,8.209267,2.7215164
6365,HIF3A,9.136289,1.0279589
6366,HIGD1A,13.611184,3.883027
6367,HIGD1B,13.617341,3.8931527
6368,HIGD1C,13.6178665,3.8794734
6369,HIGD2A,13.551556,3.8758726
6370,HIGD2B,13.597421,3.898119
6371,HIKESHI,11.870027,2.5608578
6372,HILPDA,9.67706,4.641734
6373,HINFP,6.015975,2.8667836
6374,HINT1,12.518533,3.2753189
6375,HINT2,12.965818,3.0584702
6376,HINT3,11.32945,2.3614542
6377,HIP1,9.135704,0.9053531
6378,HIP1R,9.077056,0.8475043
6379,HIPK1,7.539388,2.6997447
6380,HIPK3,7.5767393,2.617917
6381,HIPK4,12.682723,7.6659274
6382,HIRA,12.2725725,4.9285073
6383,HIRIP3,9.243926,2.6281815
6384,HIVEP1,7.827221,2.1656706
6385,HIVEP2,7.868707,2.0922165
6386,HJURP,8.922177,2.5282302
6387,HJV,13.342775,-0.9766201
6388,HK1,13.583546,1.7676609
6389,HK2,13.557086,1.7654322
6390,HK3,13.492586,1.7366765
6391,HKDC1,13.468913,1.6767414
6392,HLA-A,8.261916,9.724717
6393,HLA-B,8.261831,9.725067
6394,HLA-C,8.26684,9.719407
6395,HLA-DMA,8.277593,9.709721
6396,HLA-DMB,8.277063,9.711418
6397,HLA-DOA,8.28258,9.7071085
6398,HLA-DOB,8.2546,9.731213
6399,HLA-DPA1,8.271214,9.718568
6400,HLA-DPB1,8.271808,9.718399
6401,HLA-DQA1,8.269705,9.720737
6402,HLA-DQA2,8.271442,9.718523
6403,HLA-DQB1,8.269579,9.720466
6404,HLA-DQB2,8.292932,9.69814
6405,HLA-DRA,8.272732,9.717871
6406,HLA-DRB1,8.267079,9.7236805
6407,HLA-DRB5,8.260403,9.730659
6408,HLA-E,8.261783,9.725301
6409,HLA-F,8.263069,9.724426
6410,HLA-G,8.261604,9.725623
6411,HLCS,9.949415,1.3147873
6412,HLF,7.8993773,3.7301087
6413,HLTF,9.756698,1.7196084
6414,HLX,6.644084,4.5340877
6415,HM13,9.677966,-3.0716643
6416,HMBOX1,8.121711,2.9405134
6417,HMBS,12.822003,1.8741438
6418,HMCES,12.425165,2.0744302
6419,HMG20A,10.3873625,2.7463913
6420,HMG20B,10.52974,2.8610148
6421,HMGA1,10.495498,3.9761333
6422,HMGA2,10.495739,3.9770343
6423,HMGB1,10.692707,3.7582526
6424,HMGB2,10.68174,3.78767
6425,HMGB4,9.744527,3.5872574
6426,HMGCL,13.161924,1.9180353
6427,HMGCLL1,12.992117,2.059836
6428,HMGCR,13.684592,1.6706795
6429,HMGCS1,13.322108,1.6363095
6430,HMGCS2,13.655911,1.8079939
6431,HMGN1,10.565817,3.9937904
6432,HMGN2,10.592869,4.027755
6433,HMGN3,10.593675,4.0095825
6434,HMGN4,10.467578,4.015085
6435,HMGXB3,9.710092,1.859013
6436,HMGXB4,8.922731,2.5037484
6437,HMHB1,9.623432,4.423074
6438,HMMR,7.4609933,0.30911833
6439,HMOX1,11.495499,1.5762881
6440,HMOX2,11.849199,1.4443718
6441,HMSD,9.615391,4.516471
6442,HMX1,6.818508,4.701741
6443,HMX2,6.7818117,4.7475457
6444,HMX3,6.861737,4.716779
6445,HNF1A,7.4525433,3.1087918
6446,HNF1B,7.395442,3.2844307
6447,HNF4A,5.7233768,3.8677814
6448,HNF4G,5.747976,3.8406336
6449,HNMT,12.325844,2.0895329
6450,HNRNPA0,6.862537,2.276739
6451,HNRNPA1,6.8715525,2.2792761
6452,HNRNPA1L2,6.8740163,2.2915096
6453,HNRNPA2B1,6.8782735,2.2724261
6454,HNRNPA3,6.8850303,2.2665591
6455,HNRNPAB,6.906444,2.2593274
6456,HNRNPC,6.7806907,2.062026
6457,HNRNPCL1,6.7388196,2.027488
6458,HNRNPCL2,6.730909,2.038192
6459,HNRNPCL3,6.75839,2.0626009
6460,HNRNPCL4,6.777331,2.0460594
6461,HNRNPD,6.9354987,2.2884202
6462,HNRNPDL,6.933816,2.3008485
6463,HNRNPF,6.9356833,2.3382094
6464,HNRNPH1,6.9105144,2.294742
6465,HNRNPH3,6.883162,2.271795
6466,HNRNPK,6.943484,2.2821465
6467,HNRNPL,7.0562525,2.488678
6468,HNRNPLL,7.124478,2.659086
6469,HNRNPM,7.0581656,2.3638225
6470,HNRNPR,6.9585032,2.2692592
6471,HNRNPU,7.006017,2.301899
6472,HNRNPUL1,7.028014,2.277363
6473,HNRNPUL2,7.0418644,2.2739034
6474,HOGA1,13.190649,1.864267
6475,HOMER1,8.047762,0.5844102
6476,HOMER2,8.076148,0.62662375
6477,HOMER3,8.070436,0.67105156
6478,HOMEZ,8.652165,3.1989076
6479,HOOK1,7.8257504,0.36537594
6480,HOOK2,7.7985806,0.6271564
6481,HOPX,11.275578,2.8569906
6482,HORMAD1,10.576353,2.382312
6483,HORMAD2,10.632701,2.2336795
6484,HOXA1,6.7831264,4.4141283
6485,HOXA10,6.675863,4.624326
6486,HOXA11,6.662883,4.6492534
6487,HOXA13,6.7870073,4.449913
6488,HOXA2,6.777928,4.6807
6489,HOXA3,6.6594396,4.661383
6490,HOXA4,6.651751,4.6731267
6491,HOXA5,6.5944695,4.7031865
6492,HOXA6,6.5684967,4.722916
6493,HOXA7,6.5641236,4.7131934
6494,HOXA9,6.60283,4.689743
6495,HOXB1,6.7033277,4.604537
6496,HOXB13,6.6718936,4.617076
6497,HOXB2,6.69941,4.7162538
6498,HOXB3,6.6739526,4.6267614
6499,HOXB4,6.656568,4.678414
6500,HOXB5,6.5377574,4.757542
6501,HOXB6,6.5136037,4.7507744
6502,HOXB7,6.560036,4.73832
6503,HOXB8,6.5543833,4.7506413
6504,HOXB9,6.505434,4.7604127
6505,HOXC10,6.596884,4.717545
6506,HOXC11,6.65908,4.646338
6507,HOXC12,6.699437,4.630168
6508,HOXC13,6.698168,4.583061
6509,HOXC4,6.6275434,4.699639
6510,HOXC5,6.5936046,4.763591
6511,HOXC6,6.5303907,4.773528
6512,HOXC8,6.5622773,4.7470026
6513,HOXC9,6.542766,4.745932
6514,HOXD1,6.679913,4.639472
6515,HOXD10,6.630909,4.686046
6516,HOXD11,6.646151,4.5911484
6517,HOXD12,6.6996913,4.5454793
6518,HOXD13,6.8641095,4.3886995
6519,HOXD3,6.6792717,4.6689873
6520,HOXD4,6.6387153,4.6796417
6521,HOXD8,6.6512065,4.60605
6522,HOXD9,6.718718,4.6015143
6523,HP,13.755326,-2.5385165
6524,HP1BP3,10.485641,3.6783226
6525,HPCA,5.3589683,-0.3480646
6526,HPCAL1,5.354252,-0.34927258
6527,HPCAL4,5.388141,-0.37481642
6528,HPD,13.413814,1.58121
6529,HPDL,12.0743065,2.0714562
6530,HPF1,10.953982,2.4305534
6531,HPGD,13.532248,1.2933729
6532,HPGDS,14.564686,1.6169275
6533,HPN,13.742266,-2.6455977
6534,HPR,13.780586,-2.611584
6535,HPS1,10.511566,1.2622677
6536,HPS3,10.646456,0.11850991
6537,HPS4,9.122567,1.3418697
6538,HPS5,10.703982,0.17205665
6539,HPS6,11.078783,0.6890648
6540,HPSE,13.399983,-0.14132047
6541,HPSE2,13.2025385,-0.738055
6542,HPX,13.619336,-1.0159987
6543,HR,8.875806,2.3389924
6544,HRAS,7.5962086,-7.042827
6545,HRC,8.918908,4.3319936
6546,HRCT1,9.651955,4.4818916
6547,HRG,13.852225,-1.1658007
6548,HRH1,0.71061915,-2.2111905
6549,HRH2,0.5989241,-2.3376546
6550,HRH3,0.7361275,-2.234652
6551,HRH4,0.55319995,-2.2398562
6552,HRK,9.698952,3.9168825
6553,HRNR,8.573341,4.1808395
6554,HS1BP3,9.932925,2.140905
6555,HS2ST1,14.228942,0.08013578
6556,HS3ST1,14.279265,0.09909182
6557,HS3ST2,14.242516,0.08670257
6558,HS3ST3A1,14.229749,0.078506336
6559,HS3ST3B1,14.269132,0.10011808
6560,HS3ST4,14.250279,0.06500034
6561,HS3ST5,14.260335,0.080126226
6562,HS3ST6,14.18208,0.030832984
6563,HS6ST1,14.215163,0.08322595
6564,HS6ST3,14.303656,0.16311558
6565,HSBP1,11.774431,3.5779448
6566,HSBP1L1,11.15783,3.761016
6567,HSCB,12.888573,2.885683
6568,HSD11B1,13.624836,1.1327361
6569,HSD11B1L,13.253748,1.2742985
6570,HSD11B2,13.252033,1.1344519
6571,HSD17B1,13.410564,1.237076
6572,HSD17B11,13.566238,1.1620032
6573,HSD17B12,13.390385,1.1602091
6574,HSD17B13,13.507331,1.1664227
6575,HSD17B14,13.588474,1.5767766
6576,HSD17B2,13.43582,1.1026863
6577,HSD17B3,13.547788,1.1436335
6578,HSD17B4,13.767422,1.8371749
6579,HSD17B6,13.540016,1.1348777
6580,HSD17B7,13.406878,1.1831381
6581,HSD17B8,13.630381,1.6234472
6582,HSD3B1,13.474902,1.0229713
6583,HSD3B2,13.538279,1.0127847
6584,HSD3B7,13.213098,1.2586138
6585,HSDL1,13.395159,1.1911896
6586,HSDL2,13.727186,1.7739037
6587,HSF1,8.890098,2.7836263
6588,HSF2,9.955077,2.4660892
6589,HSF2BP,10.725262,1.9406826
6590,HSF4,9.190124,3.4589453
6591,HSF5,7.929237,3.111284
6592,HSH2D,9.770234,1.6953728
6593,HSP90AA1,14.493341,2.474012
6594,HSP90AB1,14.511187,2.484022
6595,HSP90B1,12.723674,0.14607826
6596,HSPA12A,11.843352,0.84431624
6597,HSPA12B,11.6596365,0.7718431
6598,HSPA13,12.465497,0.34047535
6599,HSPA14,12.057616,1.3622102
6600,HSPA1A,14.546266,2.4883814
6601,HSPA1B,14.553046,2.4933605
6602,HSPA1L,14.543729,2.4849153
6603,HSPA2,14.56683,2.4957154
6604,HSPA4,12.101441,1.1130509
6605,HSPA4L,11.9940605,1.1487185
6606,HSPA5,14.428839,2.460484
6607,HSPA6,14.540371,2.4855068
6608,HSPA8,14.5478325,2.5039515
6609,HSPA9,13.935953,2.3216226
6610,HSPB1,9.004374,3.5088272
6611,HSPB11,11.959669,3.3318708
6612,HSPB2,9.038341,3.5351264
6613,HSPB3,9.107644,3.5650623
6614,HSPB6,9.053604,3.5133183
6615,HSPB7,9.0454035,3.4827368
6616,HSPB8,9.021711,3.4908402
6617,HSPB9,9.597996,3.7953868
6618,HSPBAP1,11.951484,1.8200654
6619,HSPBP1,10.965913,1.0208431
6620,HSPD1,14.266547,2.5504885
6621,HSPE1,12.482204,3.3750582
6622,HSPH1,12.134232,1.0958016
6623,HTATIP2,12.578355,2.1276145
6624,HTD2,12.697811,2.5768175
6625,HTN1,8.932201,5.1636686
6626,HTN3,8.9482565,5.165148
6627,HTR1A,0.67597127,-2.2301815
6628,HTR1B,0.64447397,-2.2125459
6629,HTR1D,0.62845254,-2.2327397
6630,HTR1E,0.6374544,-2.2265048
6631,HTR1F,0.6309352,-2.2086554
6632,HTR2A,0.5571533,-2.3560836
6633,HTR2B,0.6388118,-2.2327185
6634,HTR3A,17.888273,-4.812984
6635,HTR3B,17.887878,-4.8112383
6636,HTR3C,17.890785,-4.8105507
6637,HTR3D,17.889181,-4.8117514
6638,HTR3E,17.88809,-4.8130918
6639,HTR4,0.5942145,-2.342002
6640,HTR5A,0.53028244,-2.2718651
6641,HTR6,0.6748501,-2.3950694
6642,HTR7,0.6384947,-2.2999196
6643,HTRA1,13.555323,-1.1938455
6644,HTRA2,13.441487,-0.74616313
6645,HTRA3,13.457729,-0.9712268
6646,HTRA4,13.484799,-1.0000771
6647,HUNK,12.652434,7.5563226
6648,HUS1,11.477464,2.5031629
6649,HUS1B,11.467501,2.4886794
6650,HVCN1,10.25631,-2.7229037
6651,HYAL1,13.700162,0.07846227
6652,HYAL2,13.907279,0.06302504
6653,HYAL3,13.816599,0.07374753
6654,HYAL4,13.765969,0.05681577
6655,HYI,12.905447,2.033744
6656,HYKK,12.466355,2.005706
6657,HYLS1,9.28579,3.8144653
6658,HYOU1,12.172967,0.8163096
6659,HYPK,10.87134,3.2823544
6660,IAH1,12.507931,2.1612594
6661,IAPP,15.493109,-2.022394
6662,IARS2,12.501413,1.3682863
6663,IBA57,12.17159,2.3156521
6664,IBSP,8.856826,4.444966
6665,IBTK,10.46529,0.19423223
6666,ICA1,9.440217,1.0263517
6667,ICA1L,9.4385395,0.96146655
6668,ICAM1,9.884467,6.8070736
6669,ICAM2,9.876566,6.6062627
6670,ICAM3,9.91499,6.7570424
6671,ICAM4,9.909804,6.5348186
6672,ICAM5,9.948656,6.854437
6673,ICE1,8.359141,1.8241242
6674,ICE2,9.176173,2.02997
6675,ICMT,9.556836,-3.1509044
6676,ICOS,9.652733,6.7342443
6677,ICOSLG,9.7319565,6.6716347
6678,ID1,7.9223084,4.2818084
6679,ID2,7.950785,4.3238144
6680,ID3,7.976292,4.28906
6681,ID4,7.90722,4.2851005
6682,IDE,11.904264,0.72947633
6683,IDH1,13.724673,1.9861747
6684,IDH2,13.765518,2.1472435
6685,IDH3A,13.732323,2.0398521
6686,IDH3B,13.696011,2.2307103
6687,IDI1,12.275307,2.341004
6688,IDI2,12.254092,2.6249897
6689,IDNK,12.508903,2.243528
6690,IDO1,12.850128,1.5167913
6691,IDO2,12.901238,1.6538159
6692,IDUA,13.610552,-0.029995885
6693,IER2,8.646813,3.667505
6694,IER3,9.345784,3.9327226
6695,IER3IP1,9.19788,-2.684287
6696,IER5,8.726953,3.5899959
6697,IER5L,7.9929395,3.8713849
6698,IFFO1,20.576664,2.5611124
6699,IFFO2,20.616713,2.5371537
6700,IFI16,10.983167,1.1014131
6701,IFI27,12.172724,0.28842032
6702,IFI27L1,12.200163,0.30948234
6703,IFI27L2,12.189533,0.30187303
6704,IFI30,13.194143,-0.013254379
6705,IFI35,11.613376,1.8005612
6706,IFI44,11.555116,0.4780842
6707,IFI44L,11.556128,0.45052928
6708,IFI6,12.173616,0.30320266
6709,IFIH1,11.519268,0.35181722
6710,IFIT1,11.273196,0.1987022
6711,IFIT1B,11.299597,0.19812362
6712,IFIT2,11.310893,0.215673
6713,IFIT3,11.378287,0.2226063
6714,IFIT5,11.2940445,0.19167696
6715,IFITM1,10.029898,4.91734
6716,IFITM10,10.149433,4.3570743
6717,IFITM2,10.071258,4.8005877
6718,IFITM3,10.03123,4.7462797
6719,IFITM5,9.743201,-2.9587998
6720,IFNA1,11.297026,6.1337533
6721,IFNA10,11.304239,6.14406
6722,IFNA13,11.311196,6.148801
6723,IFNA14,11.317938,6.1481895
6724,IFNA16,11.302851,6.146376
6725,IFNA17,11.2678175,6.1123934
6726,IFNA2,11.291568,6.116856
6727,IFNA21,11.310799,6.1586676
6728,IFNA4,11.296062,6.140489
6729,IFNA5,11.331756,6.16206
6730,IFNA6,11.279812,6.125755
6731,IFNA7,11.323679,6.164542
6732,IFNA8,11.301867,6.1491814
6733,IFNAR1,10.188822,6.5890074
6734,IFNAR2,10.1398,6.5037785
6735,IFNB1,11.31549,6.1595645
6736,IFNE,11.305775,6.15153
6737,IFNG,11.2122135,6.0469856
6738,IFNGR1,10.184277,6.540052
6739,IFNGR2,10.101622,6.5511265
6740,IFNK,11.297908,6.139948
6741,IFNL1,11.153001,5.9118047
6742,IFNL2,11.213064,6.0141163
6743,IFNL3,11.193437,5.9950604
6744,IFNL4,11.195449,5.875657
6745,IFNLR1,10.103948,6.429648
6746,IFNW1,11.306467,6.143567
6747,IFRD1,11.028752,1.0213317
6748,IFRD2,11.064583,1.0958328
6749,IFT122,10.929437,-0.14851858
6750,IFT140,10.907532,-0.119537696
6751,IFT172,10.867702,-0.14248131
6752,IFT20,11.096366,3.2992716
6753,IFT22,7.6988616,-6.9325585
6754,IFT27,7.6873293,-6.954439
6755,IFT43,10.256281,3.198486
6756,IFT46,10.992865,2.102023
6757,IFT52,11.500742,1.4502264
6758,IFT57,7.914388,0.8401732
6759,IFT74,7.7007933,0.7718457
6760,IFT80,10.936509,0.06055456
6761,IFT81,7.562524,0.7949111
6762,IFT88,11.073189,-0.026357038
6763,IGDCC3,12.339637,-1.454748
6764,IGDCC4,12.376162,-1.5125437
6765,IGF1,14.607544,-1.6305598
6766,IGF1R,13.732454,6.699186
6767,IGF2,14.660058,-1.7364222
6768,IGF2BP1,7.0768843,2.7745342
6769,IGF2BP2,7.089184,2.7395246
6770,IGF2BP3,7.0738297,2.7772431
6771,IGFALS,15.641522,4.673519
6772,IGFBP1,14.082211,-1.7043253
6773,IGFBP2,13.954612,-1.7123741
6774,IGFBP3,14.009437,-1.7391008
6775,IGFBP4,13.985881,-1.7098156
6776,IGFBP5,14.085981,-1.6566108
6777,IGFBP6,14.042968,-1.7403347
6778,IGFBP7,13.841737,-1.6619679
6779,IGFBPL1,13.75558,-1.6256891
6780,IGFL1,14.446615,-1.9573685
6781,IGFL2,14.381399,-1.9153068
6782,IGFL3,14.44297,-1.9043691
6783,IGFL4,14.349656,-1.9458406
6784,IGFLR1,10.053387,5.779723
6785,IGFN1,11.338552,-1.3456175
6786,IGHA1,9.165092,10.524119
6787,IGHA2,9.165062,10.5214205
6788,IGHD,9.16532,10.517175
6789,IGHD1-1,4.2352824,-12.664071
6790,IGHE,9.164765,10.522859
6791,IGHG1,9.164696,10.523689
6792,IGHG2,9.164499,10.524245
6793,IGHG3,9.164674,10.524075
6794,IGHG4,9.164777,10.524237
6795,IGHJ1,4.25203,-12.647255
6796,IGHM,9.164664,10.522519
6797,IGHMBP2,11.223594,1.6745028
6798,IGHV1-18,9.041544,13.986367
6799,IGHV1-2,9.068608,13.977405
6800,IGHV1-24,9.0720005,13.979467
6801,IGHV1-3,9.013616,13.997356
6802,IGHV1-45,9.066109,13.981267
6803,IGHV1-46,9.0413,13.988302
6804,IGHV1-58,9.038076,13.989795
6805,IGHV1-69,9.061187,13.982095
6806,IGHV1-69-2,9.057977,13.983848
6807,IGHV1-69D,9.033847,13.991088
6808,IGHV2-26,9.234178,13.941737
6809,IGHV2-5,9.204473,13.947452
6810,IGHV2-70,9.361308,13.924513
6811,IGHV2-70D,9.333702,13.932738
6812,IGHV3-11,8.780614,14.110537
6813,IGHV3-13,8.776311,14.1120205
6814,IGHV3-15,8.778939,14.109459
6815,IGHV3-16,8.941349,14.024948
6816,IGHV3-20,8.785062,14.10814
6817,IGHV3-21,8.786131,14.108743
6818,IGHV3-23,8.784292,14.107166
6819,IGHV3-30,8.78017,14.110408
6820,IGHV3-33,8.779047,14.111606
6821,IGHV3-35,8.873518,14.059539
6822,IGHV3-38,8.901508,14.049151
6823,IGHV3-43,8.775784,14.113455
6824,IGHV3-48,8.776614,14.11345
6825,IGHV3-49,8.7774725,14.1106825
6826,IGHV3-53,8.766319,14.118049
6827,IGHV3-64,8.785218,14.106721
6828,IGHV3-64D,8.77054,14.119551
6829,IGHV3-66,8.773166,14.1127615
6830,IGHV3-7,8.77364,14.113447
6831,IGHV3-72,8.808674,14.095051
6832,IGHV3-73,8.788259,14.105682
6833,IGHV3-74,8.843623,14.070913
6834,IGHV4-28,9.17499,13.92762
6835,IGHV4-31,9.15159,13.945904
6836,IGHV4-34,9.154348,13.949354
6837,IGHV4-39,9.154269,13.946153
6838,IGHV4-4,9.106411,13.975927
6839,IGHV4-59,9.112743,13.959895
6840,IGHV4-61,9.131858,13.951248
6841,IGHV5-10-1,9.074947,13.97574
6842,IGHV5-51,9.055312,13.981291
6843,IGHV6-1,9.208305,13.948843
6844,IGHV7-4-1,9.037288,13.983977
6845,IGHV7-81,9.041079,14.013172
6846,IGIP,9.530465,4.602724
6847,IGKC,9.164598,10.523025
6848,IGKJ1,4.236663,-12.662606
6849,IGKV1-12,9.818787,13.786462
6850,IGKV1-16,9.81596,13.78995
6851,IGKV1-17,9.811952,13.793948
6852,IGKV1-27,9.816882,13.789171
6853,IGKV1-33,9.810594,13.79709
6854,IGKV1-37,9.787188,13.818774
6855,IGKV1-39,9.798536,13.809458
6856,IGKV1-5,9.779298,13.821267
6857,IGKV1-6,9.809435,13.797994
6858,IGKV1-8,9.829533,13.780091
6859,IGKV1-9,9.824948,13.7823
6860,IGKV1D-12,9.784369,13.823107
6861,IGKV1D-13,9.813208,13.7944765
6862,IGKV1D-16,9.813086,13.805188
6863,IGKV1D-17,9.811688,13.79793
6864,IGKV1D-33,9.80666,13.795684
6865,IGKV1D-37,9.80501,13.80349
6866,IGKV1D-39,9.821216,13.774402
6867,IGKV1D-42,9.743807,13.861814
6868,IGKV1D-43,9.754739,13.858119
6869,IGKV1D-8,9.802336,13.810376
6870,IGKV2-24,9.757776,13.848634
6871,IGKV2-28,9.713206,13.89507
6872,IGKV2-30,9.793323,13.809872
6873,IGKV2-40,9.693723,13.89395
6874,IGKV2D-24,9.7420845,13.861742
6875,IGKV2D-26,9.707923,13.901688
6876,IGKV2D-28,9.731619,13.870735
6877,IGKV2D-29,9.7310915,13.871608
6878,IGKV2D-30,9.753355,13.859193
6879,IGKV2D-40,9.669782,13.924055
6880,IGKV3-11,9.804144,13.801505
6881,IGKV3-15,9.835036,13.776105
6882,IGKV3-20,9.8442335,13.76707
6883,IGKV3-7,9.789734,13.8185835
6884,IGKV3D-11,9.785427,13.8221855
6885,IGKV3D-15,9.746981,13.866295
6886,IGKV3D-20,9.781504,13.824863
6887,IGKV3D-7,9.86128,13.744139
6888,IGKV4-1,9.692648,13.860314
6889,IGKV5-2,9.739958,13.870016
6890,IGKV6-21,9.724542,13.892017
6891,IGKV6D-21,9.744344,13.86321
6892,IGKV6D-41,9.712562,13.8862095
6893,IGLC1,9.165683,10.5285015
6894,IGLC2,9.165125,10.528173
6895,IGLC3,9.165149,10.526423
6896,IGLC7,9.1656065,10.530291
6897,IGLJ1,9.544191,4.573916
6898,IGLL1,9.166972,10.537894
6899,IGLL5,9.1681,10.544656
6900,IGLON5,12.360132,-1.4930505
6901,IGLV1-36,9.672793,13.972755
6902,IGLV1-40,9.670141,13.989006
6903,IGLV1-44,9.672174,13.981997
6904,IGLV1-47,9.671291,13.983112
6905,IGLV1-50,9.68997,13.937059
6906,IGLV1-51,9.669735,13.976564
6907,IGLV10-54,9.671963,13.970392
6908,IGLV11-55,9.713157,13.911223
6909,IGLV2-11,9.664738,13.987524
6910,IGLV2-14,9.667378,13.9786415
6911,IGLV2-18,9.670231,13.985565
6912,IGLV2-23,9.667514,13.982722
6913,IGLV2-33,9.691403,13.934024
6914,IGLV2-8,9.676586,13.986427
6915,IGLV3-1,9.665181,13.981785
6916,IGLV3-10,9.670591,13.968826
6917,IGLV3-12,9.667579,13.975867
6918,IGLV3-16,9.624533,13.993175
6919,IGLV3-19,9.663212,13.981243
6920,IGLV3-21,9.661916,13.982532
6921,IGLV3-22,9.680006,13.933631
6922,IGLV3-25,9.665231,13.972898
6923,IGLV3-27,9.68052,13.979569
6924,IGLV3-32,9.722646,13.910227
6925,IGLV3-9,9.657206,13.972796
6926,IGLV4-3,9.67514,13.930965
6927,IGLV4-60,9.679756,13.950689
6928,IGLV4-69,9.661417,13.971522
6929,IGLV5-37,9.732947,13.882305
6930,IGLV5-45,9.690409,13.926595
6931,IGLV5-48,9.639262,13.974629
6932,IGLV5-52,9.655984,13.963428
6933,IGLV6-57,9.682673,13.993809
6934,IGLV7-43,9.674965,13.97213
6935,IGLV7-46,9.685347,13.9723625
6936,IGLV8-61,9.667071,13.981914
6937,IGLV9-49,9.661322,13.949557
6938,IGSF10,12.54322,-2.0375504
6939,IGSF11,9.959878,6.35988
6940,IGSF21,12.364586,-1.4618165
6941,IGSF22,11.349036,-1.3509715
6942,IGSF23,9.934702,6.2466397
6943,IGSF3,9.867493,6.6356072
6944,IGSF5,9.886302,6.4428725
6945,IGSF6,9.566498,6.717047
6946,IGSF8,9.950346,6.89074
6947,IGSF9,12.28732,-1.5777367
6948,IHH,13.779078,-0.39858216
6949,IK,10.713231,3.2396946
6950,IKBIP,7.957809,0.5540698
6951,IKBKB,10.168133,0.9870154
6952,IKBKE,10.096893,0.96677965
6953,IKZF1,6.2237287,2.9809864
6954,IKZF2,6.2012987,2.989368
6955,IKZF3,6.192691,2.983177
6956,IKZF4,6.1947236,2.9859715
6957,IKZF5,6.141079,2.932515
6958,IL10,11.266538,6.1045103
6959,IL10RA,10.138625,6.4832277
6960,IL10RB,10.058296,6.503522
6961,IL11,11.160286,5.9260855
6962,IL11RA,10.017333,6.6562476
6963,IL12A,11.274154,6.1258087
6964,IL12B,10.147943,6.5843215
6965,IL12RB1,10.028344,6.6163716
6966,IL12RB2,10.18365,6.565973
6967,IL13,11.259701,6.0865726
6968,IL15,10.880305,5.5336494
6969,IL15RA,9.6968565,6.1442604
6970,IL16,8.970275,1.4685149
6971,IL17A,14.557847,-1.5459837
6972,IL17B,14.533952,-1.4659407
6973,IL17C,14.544495,-1.4141953
6974,IL17D,14.122151,-1.1760094
6975,IL17F,14.527738,-1.5336056
6976,IL17RA,10.053718,6.2514777
6977,IL17RB,10.096281,6.407428
6978,IL17RC,12.261078,-0.06321207
6979,IL17RD,10.06854,6.1096864
6980,IL17RE,12.316712,-0.06502115
6981,IL17REL,12.189273,0.1657537
6982,IL18,15.650148,-0.15629639
6983,IL18BP,9.737001,6.6816025
6984,IL18R1,10.177614,6.596437
6985,IL18RAP,10.176896,6.575579
6986,IL19,11.275501,6.1239443
6987,IL1A,15.657374,-0.15595907
6988,IL1B,15.65635,-0.12323989
6989,IL1F10,15.6225605,-0.17873189
6990,IL1R1,10.251296,6.6017985
6991,IL1R2,10.120355,6.563431
6992,IL1RAP,10.235992,6.6013856
6993,IL1RL1,10.208371,6.586442
6994,IL1RL2,10.238402,6.590077
6995,IL1RN,15.640378,-0.16875356
6996,IL2,11.261006,6.1097226
6997,IL20,11.263594,6.0884476
6998,IL20RA,10.144918,6.511246
6999,IL20RB,10.150919,6.590249
7000,IL21,11.207859,6.069742
7001,IL21R,10.156543,6.483902
7002,IL22,11.260069,6.090785
7003,IL22RA1,10.156178,6.4992385
7004,IL22RA2,10.178163,6.5606647
7005,IL23A,11.178741,5.9720664
7006,IL23R,10.183364,6.548605
7007,IL24,11.232028,6.055274
7008,IL25,14.356987,-1.4011106
7009,IL26,11.284077,6.129749
7010,IL27,11.182896,5.945865
7011,IL27RA,10.074165,6.5708055
7012,IL2RA,9.708904,6.4286146
7013,IL2RB,10.119951,6.4794517
7014,IL3,11.244839,6.073731
7015,IL31,11.285394,6.1236615
7016,IL31RA,10.193734,6.565196
7017,IL32,9.736821,4.3233128
7018,IL33,15.650926,-0.18552406
7019,IL34,10.904819,5.486524
7020,IL36A,15.651191,-0.1649798
7021,IL36B,15.63437,-0.17485836
7022,IL36G,15.67473,-0.12575507
7023,IL36RN,15.659619,-0.128773
7024,IL37,15.647407,-0.167037
7025,IL4,11.273094,6.1158648
7026,IL4I1,14.126466,0.16422603
7027,IL4R,10.201581,6.44291
7028,IL5,11.2906,6.1209693
7029,IL5RA,10.114475,6.5529475
7030,IL6,11.230119,6.047106
7031,IL6R,10.072451,6.5107417
7032,IL6ST,10.209194,6.585412
7033,IL7,11.294386,6.134969
7034,IL7R,10.153041,6.5791335
7035,IL9,11.259835,6.1051354
7036,ILDR1,10.019249,6.0943003
7037,ILF2,11.488683,2.2022767
7038,ILF3,6.950243,2.2284577
7039,ILK,13.756099,5.38643
7040,ILKAP,10.619719,1.9462612
7041,ILRUN,10.280333,2.35801
7042,ILVBL,13.062663,1.4939159
7043,IMMP1L,12.416891,2.2753105
7044,IMMP2L,12.387328,2.3622427
7045,IMMT,13.331299,2.3251686
7046,IMP3,12.285205,3.0596237
7047,IMP4,11.757229,3.1132061
7048,IMPA1,13.05878,1.8641855
7049,IMPA2,13.004134,2.0041158
7050,IMPACT,11.272855,2.3056917
7051,IMPDH1,13.382038,2.0078228
7052,IMPDH2,13.828706,2.330053
7053,IMPG1,12.928535,-1.0827062
7054,IMPG2,12.938895,-1.0838141
7055,INA,20.608099,2.539009
7056,INAFM1,9.828053,3.9010837
7057,INAFM2,9.804128,3.7044325
7058,INAVA,8.710727,1.4345273
7059,INCA1,9.291777,3.8558834
7060,INCENP,7.807026,0.7677229
7061,INF2,8.832048,1.2594368
7062,ING1,9.495469,2.9044008
7063,ING2,9.797194,2.8271692
7064,ING3,9.306665,2.6657534
7065,ING4,9.835974,2.7197275
7066,ING5,9.828546,2.7386906
7067,INHA,14.458227,-0.9888076
7068,INHBA,14.464953,-1.048978
7069,INHBB,14.473643,-0.996043
7070,INHBC,14.438471,-0.9659551
7071,INHBE,14.471732,-1.014858
7072,INIP,10.698018,2.9626875
7073,INKA1,9.711054,3.5214658
7074,INKA2,9.380412,3.5072596
7075,INMT,12.606496,1.8173726
7076,INO80,8.703552,1.9141324
7077,INO80B,10.073304,3.5014434
7078,INO80C,10.7385435,2.680529
7079,INO80E,8.196637,3.1244159
7080,INPP1,13.0275,1.8519149
7081,INPP4A,9.812578,0.64261556
7082,INPP4B,9.701214,0.6493187
7083,INPP5A,10.375283,1.133593
7084,INPP5B,10.791099,1.0509347
7085,INPP5D,9.552995,1.1507527
7086,INPP5E,9.711852,1.7746012
7087,INPP5F,9.497389,1.3514482
7088,INPP5J,9.74141,1.486124
7089,INPP5K,11.666093,1.3974428
7090,INPPL1,9.171324,1.1440445
7091,INS,15.410781,-1.9652355
7092,INS-IGF2,15.289123,-1.8791354
7093,INSC,10.593105,0.41191947
7094,INSIG1,9.690234,-3.2806668
7095,INSIG2,9.757898,-3.208991
7096,INSL3,15.319693,-1.9211937
7097,INSL4,15.277822,-1.9204942
7098,INSL5,15.309147,-1.8748535
7099,INSL6,15.202199,-1.8624804
7100,INSM1,6.528742,3.5289736
7101,INSM2,6.7082915,3.3657277
7102,INSR,13.713356,6.720625
7103,INSRR,13.715209,6.733693
7104,INSYN1,9.532789,3.498123
7105,INSYN2A,8.773518,2.3026972
7106,INSYN2B,8.701524,2.2340875
7107,INTS1,9.864113,-0.4733056
7108,INTS10,10.703922,0.21222939
7109,INTS11,11.661176,1.4685248
7110,INTS12,8.191085,2.2860386
7111,INTS13,10.85126,1.5245522
7112,INTS14,11.188109,1.783507
7113,INTS2,10.212284,-0.020895109
7114,INTS3,10.309397,0.47689414
7115,INTS4,10.545566,0.18335696
7116,INTS5,10.953673,0.54000986
7117,INTS6,10.310989,1.4180349
7118,INTS7,10.608295,0.23787823
7119,INTS8,10.695442,0.082812525
7120,INTS9,11.55665,1.5018092
7121,INVS,13.766725,5.2987175
7122,IP6K1,11.401773,1.6118472
7123,IP6K2,11.52274,1.6598526
7124,IP6K3,11.63766,1.5788152
7125,IPCEF1,9.971592,1.4280914
7126,IPMK,11.482952,1.8564796
7127,IPO11,10.4048395,-0.121124834
7128,IPO13,10.381113,-0.09342955
7129,IPO4,10.604972,0.40140194
7130,IPO5,10.42767,-0.12250245
7131,IPO7,10.4176655,-0.1588662
7132,IPO8,10.397679,-0.14057715
7133,IPO9,10.4065075,-0.07242078
7134,IPP,13.167938,-4.8170958
7135,IPPK,11.816466,1.5474231
7136,IQANK1,7.580413,0.97309935
7137,IQCA1,10.864001,2.93853
7138,IQCA1L,9.969158,2.0502627
7139,IQCB1,9.994308,0.7407429
7140,IQCC,8.698736,3.8084154
7141,IQCD,7.581804,0.8649569
7142,IQCE,7.969277,0.79496163
7143,IQCF1,9.361851,4.922193
7144,IQCF2,9.374233,4.9442616
7145,IQCF3,9.366665,4.9763083
7146,IQCF5,9.370981,4.946925
7147,IQCF6,9.349556,4.9768276
7148,IQCG,7.6295304,0.80507123
7149,IQCH,8.665974,1.0886192
7150,IQCJ,9.529533,3.9214404
7151,IQCJ-SCHIP1,8.829822,1.7770643
7152,IQCK,8.440703,1.0723813
7153,IQCM,8.898008,3.9012537
7154,IQCN,8.574079,3.7569134
7155,IQGAP1,9.374726,-0.20045485
7156,IQGAP2,9.478069,-0.20498344
7157,IQGAP3,9.579517,-0.37553033
7158,IQSEC1,9.220612,0.8918659
7159,IQSEC3,9.349811,1.0973835
7160,IQUB,7.9534516,1.0730813
7161,IRAK1BP1,11.57279,2.2366116
7162,IRAK2,10.933334,1.0009495
7163,IRAK3,11.08705,1.0476006
7164,IRAK4,12.949477,7.4431305
7165,IREB2,13.469646,1.6081481
7166,IRF1,7.9101567,3.6084404
7167,IRF2,7.8673005,3.6039474
7168,IRF2BP1,7.2706766,3.5534077
7169,IRF2BP2,7.172456,3.638028
7170,IRF2BPL,7.1268883,3.6464596
7171,IRF3,7.977473,3.4615939
7172,IRF4,7.9321427,3.4995751
7173,IRF5,7.976489,3.4400544
7174,IRF6,7.9377775,3.5066593
7175,IRF7,8.018205,3.4987688
7176,IRF8,7.950288,3.522012
7177,IRF9,7.9942102,3.475252
7178,IRGC,11.861337,0.5945838
7179,IRGM,12.198893,2.0905168
7180,IRGQ,9.411392,3.0883489
7181,IRS1,8.241069,2.347975
7182,IRS2,8.282507,2.5679057
7183,IRX1,6.8113923,4.5251913
7184,IRX2,6.778493,4.561263
7185,IRX3,6.771111,4.544191
7186,IRX4,6.7826433,4.572036
7187,IRX5,6.7548966,4.5397315
7188,IRX6,6.7498503,4.618244
7189,ISCA1,12.95895,3.1244557
7190,ISCA2,12.895133,3.1011715
7191,ISCU,13.224524,3.166335
7192,ISG15,11.5880165,2.8934712
7193,ISG20,11.861217,2.4833744
7194,ISG20L2,11.27569,2.7031567
7195,ISL1,6.50689,3.9715614
7196,ISL2,6.538876,4.053189
7197,ISLR,15.702048,4.464339
7198,ISLR2,15.715664,4.4200172
7199,ISM1,13.694773,-1.3792015
7200,ISM2,13.712631,-1.2809147
7201,ISOC1,12.132434,2.1049736
7202,ISOC2,12.7906065,2.193708
7203,IST1,8.435827,2.6116703
7204,ISX,6.9501824,4.7296777
7205,ISY1,10.929047,3.1185725
7206,ISYNA1,12.972358,1.7277288
7207,ITCH,9.771583,0.7558564
7208,ITFG1,12.107089,-0.30361512
7209,ITFG2,12.14318,1.4380836
7210,ITGA1,12.593115,-1.2321571
7211,ITGA10,12.618842,-1.2842079
7212,ITGA11,12.5835,-1.2388736
7213,ITGA2,12.608604,-1.2681632
7214,ITGA2B,12.571926,-1.2761978
7215,ITGA3,12.58227,-1.2327055
7216,ITGA4,12.598072,-1.1883143
7217,ITGA5,12.595738,-1.2952772
7218,ITGA6,12.598492,-1.2036632
7219,ITGA7,12.570813,-1.2738911
7220,ITGA8,12.60424,-1.2177889
7221,ITGA9,12.561846,-1.2209915
7222,ITGAD,12.553164,-1.273253
7223,ITGAE,12.539063,-1.2657176
7224,ITGAL,12.566422,-1.2730833
7225,ITGAM,12.586948,-1.2915215
7226,ITGAV,12.692092,-1.1441886
7227,ITGAX,12.575654,-1.284079
7228,ITGB1,13.110042,-1.6863621
7229,ITGB1BP1,9.973041,1.326164
7230,ITGB2,13.1105795,-1.6407388
7231,ITGB3,13.150986,-1.6828686
7232,ITGB3BP,9.469277,2.560444
7233,ITGB4,12.300709,-1.9524415
7234,ITGB5,13.143931,-1.7238072
7235,ITGB6,13.063047,-1.6394019
7236,ITGB7,13.141879,-1.6926564
7237,ITGB8,13.144122,-1.6280173
7238,ITGBL1,13.393773,-2.0280595
7239,ITIH1,14.033315,-6.281851
7240,ITIH2,14.039529,-6.2902775
7241,ITIH3,14.034283,-6.281257
7242,ITIH4,14.013283,-6.2203016
7243,ITIH5,12.626216,-1.3644267
7244,ITK,13.279704,7.39165
7245,ITLN1,14.104525,-1.3378699
7246,ITLN2,14.0870695,-1.290143
7247,ITM2B,12.467275,-0.17349462
7248,ITM2C,12.37931,-0.09340229
7249,ITPA,12.397712,2.3368187
7250,ITPK1,10.482141,1.6980494
7251,ITPKA,10.352569,1.4529296
7252,ITPKB,9.1294565,2.3707209
7253,ITPKC,9.345287,2.3424654
7254,ITPR1,9.663308,-0.5694921
7255,ITPR3,9.836726,-0.6512827
7256,ITPRID1,8.559399,2.0065804
7257,ITPRID2,8.64233,2.045369
7258,ITPRIP,11.45596,0.7252482
7259,ITPRIPL1,11.476882,0.67846876
7260,ITPRIPL2,11.462274,0.7018735
7261,ITSN2,9.155598,1.0991434
7262,IVD,13.690326,1.9415973
7263,IVL,7.139161,0.96247375
7264,IVNS1ABP,13.196635,-4.8618064
7265,IWS1,9.1751585,2.6480024
7266,IYD,12.169969,1.552835
7267,IZUMO1,13.704729,-0.98926103
7268,IZUMO1R,14.225231,-1.6595137
7269,IZUMO2,13.661792,-0.94909346
7270,IZUMO3,13.713668,-0.9401875
7271,IZUMO4,13.685952,-0.99207973
7272,JADE1,9.410537,2.231471
7273,JADE2,9.332028,2.2454653
7274,JAG1,13.2446165,-2.0849414
7275,JAG2,13.185851,-2.1423852
7276,JAGN1,9.320998,-2.775954
7277,JAK1,9.990314,0.7803599
7278,JAK2,9.844777,0.78291404
7279,JAK3,13.28567,7.2669086
7280,JAKMIP1,7.93336,0.3618941
7281,JAKMIP2,7.9645267,0.31908047
7282,JAKMIP3,7.9812436,0.36338934
7283,JAM2,10.015526,6.3025312
7284,JAM3,9.9699745,6.296455
7285,JAML,9.655064,6.7933125
7286,JARID2,8.874703,2.0489397
7287,JAZF1,8.90448,1.9998177
7288,JCAD,8.433949,2.4469345
7289,JCHAIN,11.635207,2.6646402
7290,JDP2,8.027672,3.9022722
7291,JHY,8.573291,2.0773804
7292,JKAMP,9.756663,-3.0176983
7293,JMJD1C,7.8701344,1.870098
7294,JMJD4,12.199119,1.7558827
7295,JMJD6,9.818909,2.3449452
7296,JMJD7,12.520378,1.7681305
7297,JMJD8,12.4782915,1.5295895
7298,JMY,9.486276,1.9108719
7299,JOSD1,11.981004,2.3593953
7300,JOSD2,11.910934,2.410043
7301,JPH1,9.3346615,1.6370193
7302,JPH2,9.297564,1.6487333
7303,JPH3,9.330149,1.6370766
7304,JPH4,9.3624525,1.6512879
7305,JPT1,9.363935,3.7093441
7306,JPT2,9.159239,4.0669794
7307,JRK,9.209147,3.0834022
7308,JRKL,9.373653,3.1360064
7309,JSRP1,9.378665,3.8329794
7310,JTB,10.11908,5.595379
7311,JUN,7.7763214,4.0411034
7312,JUNB,7.808998,4.0553703
7313,JUND,7.771292,4.08498
7314,JUP,10.526718,0.07067014
7315,KAAG1,9.476133,4.6408644
7316,KANK1,8.861946,1.7189401
7317,KANK2,8.847815,1.7785019
7318,KANK3,8.834287,1.7817259
7319,KANK4,8.848662,2.0052407
7320,KANSL1,8.397706,2.217139
7321,KANSL1L,8.728404,2.0696259
7322,KANSL2,10.040508,2.3830185
7323,KANSL3,8.900026,2.042078
7324,KAT14,9.853149,1.9203445
7325,KAT2A,10.326116,1.4016882
7326,KAT2B,10.014234,1.5649554
7327,KAT5,10.180202,1.8516891
7328,KAT6A,7.7549357,2.2311316
7329,KAT6B,7.7785378,2.1786623
7330,KAT7,10.162685,1.8006372
7331,KAT8,10.412205,1.9266208
7332,KATNA1,11.18187,1.5909463
7333,KATNAL1,11.263783,1.5610473
7334,KATNAL2,11.030318,1.7545046
7335,KATNB1,12.451079,5.1534796
7336,KATNBL1,10.535941,1.7776458
7337,KAZALD1,13.610075,-1.4011499
7338,KAZN,8.821259,0.7481823
7339,KBTBD11,9.239477,2.3384361
7340,KBTBD12,13.162195,-4.811269
7341,KBTBD13,13.152725,-4.7618113
7342,KBTBD2,13.164604,-4.8141146
7343,KBTBD3,13.141803,-4.78452
7344,KBTBD4,13.13443,-4.7804976
7345,KBTBD6,13.15758,-4.794457
7346,KBTBD7,13.158142,-4.796837
7347,KBTBD8,13.167998,-4.8160872
7348,KCMF1,10.17074,2.4661508
7349,KCNA1,10.716431,-2.4401488
7350,KCNA10,10.702973,-2.4737396
7351,KCNA2,10.709423,-2.4594386
7352,KCNA3,10.70868,-2.4555905
7353,KCNA4,10.702473,-2.4660287
7354,KCNA5,10.709153,-2.4739876
7355,KCNA6,10.677696,-2.4415448
7356,KCNA7,10.701624,-2.4718232
7357,KCNAB1,12.924221,1.8084205
7358,KCNAB2,13.010921,1.7824353
7359,KCNAB3,12.902537,1.8296872
7360,KCNB1,10.805609,-2.2976115
7361,KCNB2,10.839838,-2.299433
7362,KCNC1,10.731897,-2.4558995
7363,KCNC2,10.820874,-2.425787
7364,KCNC3,10.744273,-2.3602605
7365,KCNC4,10.7211075,-2.4210074
7366,KCND2,10.959358,-2.325387
7367,KCND3,10.908184,-2.3208797
7368,KCNE1,10.061182,5.193312
7369,KCNE2,10.132733,5.20744
7370,KCNE3,10.100385,5.175154
7371,KCNE4,10.056644,5.112034
7372,KCNF1,10.692475,-2.4525933
7373,KCNG1,10.668533,-2.430977
7374,KCNG2,10.713439,-2.4428775
7375,KCNG3,10.700564,-2.455322
7376,KCNG4,10.710697,-2.4486704
7377,KCNH1,10.825779,-2.300997
7378,KCNH2,10.792551,-2.267064
7379,KCNH3,10.801828,-2.2455432
7380,KCNH4,10.757784,-2.2357466
7381,KCNH5,10.864147,-2.3166327
7382,KCNH6,10.822113,-2.2483404
7383,KCNH7,10.842905,-2.31585
7384,KCNH8,10.749784,-2.2629964
7385,KCNIP1,5.3683443,-0.34055847
7386,KCNIP2,5.3516045,-0.35582468
7387,KCNIP3,5.3442807,-0.36187565
7388,KCNIP4,5.3816824,-0.32496634
7389,KCNJ1,10.803564,-2.1147614
7390,KCNJ10,10.764301,-2.0464733
7391,KCNJ11,10.780867,-2.0873454
7392,KCNJ12,10.706535,-2.1347187
7393,KCNJ13,10.815161,-2.0777714
7394,KCNJ14,10.721123,-2.092168
7395,KCNJ15,10.818288,-2.1066947
7396,KCNJ16,10.8122,-2.0899138
7397,KCNJ18,10.770292,-2.07718
7398,KCNJ2,10.795481,-2.0157297
7399,KCNJ3,10.807646,-2.192409
7400,KCNJ4,10.769468,-2.0296917
7401,KCNJ5,10.720187,-2.1891353
7402,KCNJ8,10.800056,-2.0985274
7403,KCNJ9,10.723093,-2.1006517
7404,KCNK1,10.404434,-2.4136682
7405,KCNK10,10.582974,-2.3613322
7406,KCNK13,10.465729,-2.3485706
7407,KCNK15,10.2644005,-2.4755774
7408,KCNK16,10.251429,-2.5387142
7409,KCNK17,10.255779,-2.5225997
7410,KCNK18,10.08432,-2.8358696
7411,KCNK2,10.578335,-2.3815472
7412,KCNK3,10.514467,-2.303422
7413,KCNK4,10.273819,-2.4563613
7414,KCNK5,10.524576,-2.1935337
7415,KCNK6,10.085478,-2.72538
7416,KCNK7,9.980556,-3.0258412
7417,KCNK9,10.460101,-2.2900186
7418,KCNMA1,10.964619,-2.4427226
7419,KCNMB1,12.104808,-0.38905007
7420,KCNMB2,12.160418,-0.3829742
7421,KCNMB3,12.211692,-0.3198976
7422,KCNMB4,12.198005,-0.39492533
7423,KCNN1,10.64205,-2.3483415
7424,KCNN2,10.772436,-2.3824935
7425,KCNN4,10.317328,-2.3784428
7426,KCNQ1,10.756084,-2.2776628
7427,KCNQ2,10.792377,-2.29348
7428,KCNQ3,10.867465,-2.3076744
7429,KCNQ4,10.728431,-2.3238122
7430,KCNQ5,10.8051815,-2.3080068
7431,KCNRG,10.888765,2.2462728
7432,KCNS1,10.695347,-2.446986
7433,KCNS2,10.665563,-2.4743469
7434,KCNS3,10.6980715,-2.4845529
7435,KCNT1,11.126955,-2.4321423
7436,KCNT2,11.190979,-2.6238966
7437,KCNU1,11.232302,-2.812254
7438,KCNV1,10.681803,-2.463836
7439,KCNV2,10.67959,-2.4478116
7440,KCP,13.202004,-2.179525
7441,KCTD1,10.682828,2.1102767
7442,KCTD10,10.722605,2.2206905
7443,KCTD11,10.894427,2.2670822
7444,KCTD12,10.709164,2.2851958
7445,KCTD13,10.686273,2.2765026
7446,KCTD14,10.781096,2.1911538
7447,KCTD15,10.714888,2.2329495
7448,KCTD17,10.650639,2.3325243
7449,KCTD18,9.730649,2.1198962
7450,KCTD19,9.336065,1.2700684
7451,KCTD2,10.504311,2.6108925
7452,KCTD20,10.662602,2.3023314
7453,KCTD21,10.856575,2.2076747
7454,KCTD3,11.151122,1.51899
7455,KCTD4,10.754259,2.2510579
7456,KCTD5,10.7654505,2.3423727
7457,KCTD6,10.76109,2.2423265
7458,KCTD7,10.784061,2.2269852
7459,KCTD8,10.61465,2.2113771
7460,KCTD9,11.100294,1.8900862
7461,KDELR1,9.485553,-2.9576898
7462,KDELR2,9.472493,-2.941668
7463,KDELR3,9.585407,-3.027251
7464,KDF1,9.365374,3.7230513
7465,KDM1A,11.0921755,2.0812683
7466,KDM1B,10.965776,1.5052003
7467,KDM2A,9.342914,1.9413329
7468,KDM2B,9.276546,2.0456853
7469,KDM3A,8.950468,2.0297492
7470,KDM3B,8.265703,2.1644251
7471,KDM4A,9.436304,1.9359932
7472,KDM4B,9.36594,2.1106865
7473,KDM4C,9.465769,1.777935
7474,KDM4D,10.172216,2.397097
7475,KDM4E,11.330285,5.013437
7476,KDM5A,8.66463,1.8060356
7477,KDM5B,8.86258,1.8432356
7478,KDM6B,7.933906,2.4370968
7479,KDM7A,9.279064,1.8515105
7480,KDM8,12.421376,1.8282031
7481,KDR,13.669391,6.7771873
7482,KDSR,13.482712,1.175133
7483,KEAP1,13.176387,-4.8294463
7484,KEL,13.2367,0.25253612
7485,KERA,15.6571665,4.7340198
7486,KHDC1,9.975327,3.705189
7487,KHDC1L,9.936928,3.685515
7488,KHDC3L,9.778446,3.8177974
7489,KHDC4,7.4551616,2.505282
7490,KHDRBS1,7.072257,2.308324
7491,KHDRBS2,7.0807476,2.256747
7492,KHDRBS3,7.0956445,2.2676926
7493,KHK,13.108036,1.9304196
7494,KHNYN,9.331155,2.18209
7495,KHSRP,7.1340747,2.4407995
7496,KIAA0040,10.105687,5.2080746
7497,KIAA0100,9.860683,-0.6005304
7498,KIAA0232,8.312728,1.843983
7499,KIAA0319,12.504454,-1.4075093
7500,KIAA0319L,12.491466,-1.4014517
7501,KIAA0408,8.537499,1.8975598
7502,KIAA0513,10.567485,2.2915492
7503,KIAA0586,8.375965,1.7572749
7504,KIAA0753,8.3138,1.4861072
7505,KIAA0825,10.250065,0.06746967
7506,KIAA0895,9.360524,2.1020207
7507,KIAA0895L,11.916205,1.4575763
7508,KIAA0930,9.628173,0.9560809
7509,KIAA1143,10.761358,3.320817
7510,KIAA1191,9.5509205,3.6160705
7511,KIAA1217,8.682513,1.047649
7512,KIAA1328,8.350798,1.6140026
7513,KIAA1522,8.451973,2.7127872
7514,KIAA1586,9.267679,3.1489289
7515,KIAA1614,8.56562,2.496946
7516,KIAA1671,8.473882,2.1910093
7517,KIAA1755,9.3811245,1.4528488
7518,KIAA1958,8.697342,2.4151006
7519,KIAA2012,8.1016035,1.2814395
7520,KIAA2013,13.068292,0.18685779
7521,KIAA2026,7.8359604,2.4268944
7522,KIDINS220,9.495152,-0.1224133
7523,KIF11,8.763725,2.398098
7524,KIF12,9.857397,0.83329344
7525,KIF13A,9.147679,0.2320448
7526,KIF13B,9.159908,0.09075864
7527,KIF14,8.755773,2.5389566
7528,KIF15,7.460413,0.31213355
7529,KIF16B,8.308608,0.2631759
7530,KIF17,8.243687,0.68856156
7531,KIF18A,8.798372,2.5299737
7532,KIF18B,8.851925,2.626949
7533,KIF19,8.18264,0.72820145
7534,KIF1A,8.794456,0.2821075
7535,KIF1B,8.897617,0.22624816
7536,KIF1C,8.290659,0.7125761
7537,KIF20A,8.785196,2.5276964
7538,KIF20B,7.4481435,0.28489587
7539,KIF21A,8.271632,0.2955674
7540,KIF21B,8.254145,0.3853545
7541,KIF22,8.929921,2.5559266
7542,KIF23,8.7893505,2.5256226
7543,KIF24,8.663761,1.8366064
7544,KIF25,12.823261,1.3763987
7545,KIF26A,8.44013,1.7362217
7546,KIF27,7.9075136,0.73559904
7547,KIF2A,10.153664,1.4911996
7548,KIF2B,9.771705,2.2274804
7549,KIF2C,8.946456,2.4666367
7550,KIF3A,8.190406,0.29901037
7551,KIF3B,8.179183,0.5192798
7552,KIF3C,8.16529,0.53432035
7553,KIF4B,7.669597,0.6925251
7554,KIF5A,8.103079,0.3507723
7555,KIF5B,8.062505,0.2245463
7556,KIF5C,8.145202,0.19597661
7557,KIF6,8.053096,0.72547364
7558,KIF7,7.87889,0.62246
7559,KIF9,7.9793425,0.76050717
7560,KIFAP3,10.590818,0.5782013
7561,KIFC1,8.984772,2.537338
7562,KIFC2,9.737595,0.8740627
7563,KIFC3,8.17121,0.5576176
7564,KIN,10.730008,3.1381743
7565,KIR2DL1,9.183817,7.8000903
7566,KIR2DL3,9.159097,7.826362
7567,KIR2DL4,9.164808,7.7950606
7568,KIR3DL1,9.169559,7.798789
7569,KIR3DL2,9.176682,7.8069706
7570,KIR3DL3,9.185348,7.789272
7571,KIRREL1,12.296567,-1.5125188
7572,KIRREL2,9.956486,6.823529
7573,KIRREL3,12.180326,-1.6414404
7574,KISS1,15.4351845,-1.977663
7575,KISS1R,0.6817186,-2.5295763
7576,KIT,13.669739,6.739921
7577,KITLG,10.523825,6.0304766
7578,KIZ,8.672988,2.0064168
7579,KL,13.311871,0.121875025
7580,KLB,13.354286,0.20126677
7581,KLC1,9.199893,0.7970996
7582,KLC2,9.22732,0.87640315
7583,KLC3,9.250269,0.8261929
7584,KLC4,9.229969,0.8181823
7585,KLF1,6.296447,3.5880861
7586,KLF10,6.25273,3.5199459
7587,KLF11,6.2015357,3.4521732
7588,KLF12,6.162724,3.2254121
7589,KLF13,6.3302407,3.5065975
7590,KLF14,6.38079,3.5485566
7591,KLF15,6.2191176,3.430487
7592,KLF16,6.356182,3.504521
7593,KLF17,8.962637,3.9573555
7594,KLF18,7.4338546,0.99447846
7595,KLF2,6.5676622,3.722238
7596,KLF3,6.2276454,3.5181324
7597,KLF4,6.41739,3.7147245
7598,KLF5,6.3443317,3.6474075
7599,KLF6,6.268015,3.5006874
7600,KLF7,6.2098866,3.4999285
7601,KLF9,6.2219276,3.4795449
7602,KLHDC1,11.144543,0.9580997
7603,KLHDC10,11.253588,1.0472403
7604,KLHDC2,11.354532,1.2733619
7605,KLHDC3,12.4028845,5.0398245
7606,KLHDC4,11.181224,3.7125564
7607,KLHDC7A,9.136244,2.6323023
7608,KLHDC7B,9.201265,2.6561213
7609,KLHDC8A,12.036087,1.5679895
7610,KLHDC8B,12.004936,1.5777028
7611,KLHDC9,12.033023,1.7448987
7612,KLHL1,13.173687,-4.836475
7613,KLHL10,13.1743965,-4.8297033
7614,KLHL11,13.1595125,-4.7861953
7615,KLHL12,13.209212,-4.8671403
7616,KLHL14,13.169062,-4.819242
7617,KLHL17,13.178009,-4.8282266
7618,KLHL18,13.183667,-4.836836
7619,KLHL2,13.206812,-4.8676877
7620,KLHL20,13.190014,-4.8496466
7621,KLHL21,13.167317,-4.8043985
7622,KLHL22,13.17453,-4.8275566
7623,KLHL23,13.169529,-4.824034
7624,KLHL24,13.19725,-4.849597
7625,KLHL25,13.173367,-4.8218307
7626,KLHL26,13.164312,-4.8043327
7627,KLHL28,13.17603,-4.8310113
7628,KLHL29,13.174449,-4.8175197
7629,KLHL3,13.211134,-4.872889
7630,KLHL30,13.157166,-4.787121
7631,KLHL31,13.170197,-4.827315
7632,KLHL32,13.171473,-4.8272395
7633,KLHL33,13.070362,-4.6488585
7634,KLHL35,13.15577,-4.7952247
7635,KLHL36,13.153994,-4.792769
7636,KLHL38,13.163411,-4.8109436
7637,KLHL40,13.1606655,-4.808012
7638,KLHL41,13.162416,-4.8116736
7639,KLHL42,13.1541,-4.7710156
7640,KLHL5,13.19073,-4.855337
7641,KLHL6,13.172674,-4.8249326
7642,KLHL7,13.166132,-4.8213544
7643,KLHL8,13.195291,-4.859382
7644,KLHL9,13.170797,-4.816592
7645,KLK1,14.106967,-3.5252368
7646,KLK10,13.978352,-3.300811
7647,KLK11,14.053252,-3.4383848
7648,KLK12,14.067391,-3.4596837
7649,KLK13,14.032441,-3.4108052
7650,KLK14,14.053219,-3.4387724
7651,KLK15,14.043827,-3.4252954
7652,KLK2,13.999632,-3.3328655
7653,KLK3,14.064449,-3.4303412
7654,KLK4,14.019411,-3.3772125
7655,KLK5,14.045094,-3.42623
7656,KLK6,14.060666,-3.447116
7657,KLK7,14.038064,-3.4182618
7658,KLK8,14.047235,-3.4406905
7659,KLK9,14.035272,-3.4181283
7660,KLKB1,13.653535,-2.3850763
7661,KLLN,9.439844,4.6601167
7662,KLRB1,7.059748,-4.391091
7663,KLRC1,7.021044,-4.429707
7664,KLRC2,7.01659,-4.434468
7665,KLRC3,7.0070295,-4.4445114
7666,KLRC4,7.017939,-4.433609
7667,KLRF1,7.027754,-4.423941
7668,KLRF2,6.995192,-4.456929
7669,KLRG1,7.0348253,-4.416691
7670,KLRG2,10.2420225,4.1861234
7671,KLRK1,7.0188284,-4.4334836
7672,KMO,13.52107,1.0674745
7673,KMT2B,7.959827,2.135578
7674,KMT2E,7.746374,2.1335938
7675,KMT5A,9.857469,2.5823736
7676,KMT5B,8.645034,2.3114007
7677,KMT5C,8.504567,3.9857173
7678,KNCN,9.688765,4.390433
7679,KNDC1,9.395193,1.3469782
7680,KNG1,13.894825,-1.2179468
7681,KNL1,8.709549,2.3787446
7682,KNOP1,11.218679,3.232133
7683,KNSTRN,9.040398,2.5960271
7684,KNTC1,9.961576,-0.34063107
7685,KPNA1,10.54281,0.036445048
7686,KPNA2,10.597749,0.057205364
7687,KPNA3,10.589366,0.09399978
7688,KPNA4,10.558535,0.060354777
7689,KPNA5,10.60338,0.074576706
7690,KPNA6,10.589958,0.11583403
7691,KPNA7,10.601691,0.043772988
7692,KPNB1,10.446228,-0.09956654
7693,KPRP,8.7193365,4.1373005
7694,KPTN,11.963365,1.4733437
7695,KRAS,7.6069064,-7.022588
7696,KRBA1,8.577178,3.0320666
7697,KRBOX1,3.1468244,-4.4657183
7698,KRCC1,7.235505,1.7989925
7699,KREMEN1,13.34602,-1.6791034
7700,KREMEN2,13.364587,-1.6739191
7701,KRI1,11.096429,3.3370895
7702,KRIT1,9.916115,1.2632048
7703,KRR1,11.380067,3.3072195
7704,KRT1,20.76712,2.4210148
7705,KRT10,20.759577,2.427066
7706,KRT12,20.693321,2.500887
7707,KRT13,20.696142,2.4856036
7708,KRT14,20.692934,2.4874344
7709,KRT15,20.684916,2.4934926
7710,KRT16,20.69034,2.4903636
7711,KRT17,20.675058,2.5015264
7712,KRT18,20.661394,2.5088599
7713,KRT19,20.659126,2.5112894
7714,KRT2,20.764538,2.4235747
7715,KRT20,20.652306,2.5228407
7716,KRT222,8.098865,0.7911572
7717,KRT23,20.651085,2.5227036
7718,KRT24,20.68896,2.4933453
7719,KRT25,20.659744,2.5178342
7720,KRT26,20.659332,2.517108
7721,KRT27,20.65907,2.5176742
7722,KRT28,20.65055,2.5254319
7723,KRT3,20.765541,2.4225187
7724,KRT31,20.638329,2.5373807
7725,KRT32,20.64899,2.5278304
7726,KRT33A,20.64385,2.5337067
7727,KRT33B,20.633968,2.544372
7728,KRT34,20.637796,2.5338778
7729,KRT35,20.641886,2.532032
7730,KRT36,20.644712,2.5341883
7731,KRT37,20.646917,2.530552
7732,KRT38,20.652891,2.5212712
7733,KRT39,20.605524,2.5711575
7734,KRT4,20.735237,2.4462965
7735,KRT40,20.640768,2.53665
7736,KRT5,20.752155,2.433843
7737,KRT6A,20.749865,2.4358513
7738,KRT6B,20.741156,2.4424536
7739,KRT6C,20.769024,2.4172807
7740,KRT7,20.674295,2.4960108
7741,KRT71,20.711676,2.4627972
7742,KRT72,20.689857,2.479771
7743,KRT73,20.698503,2.4767892
7744,KRT74,20.66863,2.5033805
7745,KRT75,20.723297,2.458335
7746,KRT76,20.79788,2.3900635
7747,KRT77,20.768969,2.4180772
7748,KRT78,20.717064,2.4559937
7749,KRT79,20.722866,2.4532297
7750,KRT8,20.670921,2.4952111
7751,KRT80,20.620111,2.5421166
7752,KRT81,20.673416,2.5001438
7753,KRT82,20.668776,2.5052671
7754,KRT83,20.63422,2.53688
7755,KRT84,20.698696,2.4770489
7756,KRT85,20.66508,2.507147
7757,KRT86,20.642838,2.5408967
7758,KRT9,20.762516,2.425269
7759,KRTAP1-1,3.8704846,-9.595019
7760,KRTAP1-3,3.8814824,-9.610411
7761,KRTAP1-4,3.8151898,-9.547159
7762,KRTAP1-5,3.8711205,-9.600539
7763,KRTAP10-1,17.332678,9.930836
7764,KRTAP10-10,17.332762,9.9309845
7765,KRTAP10-11,17.332819,9.931018
7766,KRTAP10-12,17.33333,9.931744
7767,KRTAP10-2,17.333513,9.932033
7768,KRTAP10-3,17.333136,9.931508
7769,KRTAP10-4,17.33284,9.930996
7770,KRTAP10-5,17.333628,9.932059
7771,KRTAP10-6,17.33348,9.931867
7772,KRTAP10-7,17.33354,9.932001
7773,KRTAP10-8,17.333508,9.931913
7774,KRTAP10-9,17.33285,9.930812
7775,KRTAP11-1,3.8055847,-9.556005
7776,KRTAP12-1,3.847979,-9.574938
7777,KRTAP12-2,3.8411362,-9.568197
7778,KRTAP12-3,3.8491168,-9.574956
7779,KRTAP12-4,3.857838,-9.583837
7780,KRTAP13-1,3.7822864,-9.564224
7781,KRTAP13-2,3.781683,-9.559768
7782,KRTAP13-3,3.760129,-9.562801
7783,KRTAP13-4,3.7723277,-9.553862
7784,KRTAP15-1,3.7675624,-9.560261
7785,KRTAP16-1,3.8743615,-9.55279
7786,KRTAP17-1,3.5625105,-9.266609
7787,KRTAP19-1,3.2921364,-9.642916
7788,KRTAP19-2,3.2987175,-9.644512
7789,KRTAP19-3,3.290598,-9.642009
7790,KRTAP19-4,3.288499,-9.643716
7791,KRTAP19-5,3.290509,-9.643699
7792,KRTAP19-6,3.2901978,-9.643903
7793,KRTAP19-7,3.2921994,-9.643211
7794,KRTAP19-8,3.2898722,-9.643841
7795,KRTAP2-1,3.8921304,-9.617876
7796,KRTAP2-2,3.8625891,-9.588444
7797,KRTAP2-3,3.844983,-9.571909
7798,KRTAP2-4,3.8758056,-9.6032095
7799,KRTAP20-1,3.2833622,-9.658309
7800,KRTAP20-2,3.2928274,-9.645633
7801,KRTAP20-3,3.2982624,-9.645735
7802,KRTAP20-4,9.530471,4.5530515
7803,KRTAP21-1,3.2811904,-9.660758
7804,KRTAP21-2,3.2905583,-9.644103
7805,KRTAP21-3,3.3106236,-9.643296
7806,KRTAP22-1,3.3136694,-9.642923
7807,KRTAP22-2,3.3340843,-9.639751
7808,KRTAP23-1,3.521014,-9.603176
7809,KRTAP24-1,3.790514,-9.546083
7810,KRTAP25-1,9.113732,3.9404483
7811,KRTAP26-1,3.8063974,-9.550589
7812,KRTAP27-1,8.970647,3.8914785
7813,KRTAP29-1,3.8277054,-9.557534
7814,KRTAP3-1,3.8186867,-9.550831
7815,KRTAP3-2,3.8238962,-9.552982
7816,KRTAP3-3,3.822088,-9.553416
7817,KRTAP4-1,4.007193,-9.727634
7818,KRTAP4-11,4.0578046,-9.777396
7819,KRTAP4-12,4.0343113,-9.757622
7820,KRTAP4-2,4.0242457,-9.747947
7821,KRTAP4-3,4.0373015,-9.760655
7822,KRTAP4-4,4.0370073,-9.756551
7823,KRTAP4-5,4.045928,-9.769213
7824,KRTAP4-6,4.0329895,-9.752222
7825,KRTAP4-7,4.021021,-9.7691145
7826,KRTAP4-8,4.0422344,-9.765206
7827,KRTAP4-9,4.03681,-9.76218
7828,KRTAP5-1,3.549288,-9.210216
7829,KRTAP5-10,3.5574806,-9.2223625
7830,KRTAP5-11,3.5578792,-9.223151
7831,KRTAP5-2,3.5571582,-9.222379
7832,KRTAP5-3,3.5279028,-9.192264
7833,KRTAP5-4,3.555289,-9.219252
7834,KRTAP5-5,3.5523124,-9.215857
7835,KRTAP5-6,3.5475707,-9.211348
7836,KRTAP5-7,3.5565565,-9.223103
7837,KRTAP5-8,3.556517,-9.223202
7838,KRTAP5-9,3.5691826,-9.239588
7839,KRTAP6-1,3.294924,-9.644419
7840,KRTAP6-2,3.2924707,-9.646038
7841,KRTAP6-3,3.297371,-9.634141
7842,KRTAP7-1,3.314368,-9.642281
7843,KRTAP8-1,3.3016562,-9.64448
7844,KRTAP9-1,4.014396,-9.734472
7845,KRTAP9-2,4.013156,-9.733548
7846,KRTAP9-3,4.004884,-9.727753
7847,KRTAP9-4,4.010289,-9.73333
7848,KRTAP9-6,4.0163336,-9.737459
7849,KRTAP9-7,4.0142193,-9.7348385
7850,KRTAP9-8,4.0157957,-9.73922
7851,KRTAP9-9,4.0069966,-9.72908
7852,KRTCAP2,9.196261,-2.7249153
7853,KRTCAP3,8.60372,-3.0562108
7854,KRTDAP,10.739741,5.430807
7855,KSR1,9.16263,0.8368395
7856,KTI12,10.8823185,2.8454614
7857,KTN1,7.470126,0.26977655
7858,KXD1,10.88093,3.1052985
7859,KY,12.437137,0.4196183
7860,KYAT1,13.5226555,1.5981529
7861,KYAT3,13.435253,1.7135257
7862,L1TD1,9.174494,3.6889703
7863,L2HGDH,12.872367,2.1147976
7864,L3HYPDH,12.550576,2.0328982
7865,L3MBTL1,9.727431,1.9561061
7866,L3MBTL2,9.661054,2.088411
7867,L3MBTL3,9.59174,1.9969827
7868,L3MBTL4,9.598127,1.9708236
7869,LACC1,12.33542,1.7435673
7870,LACRT,10.720137,5.399676
7871,LACTB,12.6360445,0.35279113
7872,LACTB2,12.623712,1.9957917
7873,LACTBL1,13.921835,0.15904754
7874,LAD1,8.710757,3.1045985
7875,LAG3,9.806398,6.7521577
7876,LAIR1,9.451184,6.969396
7877,LAIR2,9.342706,7.4758863
7878,LALBA,14.094999,-1.4977617
7879,LAMA1,12.610906,-2.2433982
7880,LAMA2,12.637762,-2.2527187
7881,LAMA3,12.616628,-2.23501
7882,LAMA4,12.626728,-2.2521856
7883,LAMA5,12.581352,-2.23336
7884,LAMB1,12.812181,-2.265155
7885,LAMB2,12.724948,-2.255669
7886,LAMB3,12.793581,-2.2661905
7887,LAMB4,12.814428,-2.250752
7888,LAMC1,12.784069,-2.271048
7889,LAMC2,12.785625,-2.2697701
7890,LAMC3,12.828669,-2.2392097
7891,LAMP1,12.624877,-0.38450548
7892,LAMP3,9.245104,5.5833325
7893,LAMP5,9.983586,5.996713
7894,LAMTOR1,10.560033,3.4158106
7895,LAMTOR2,11.982644,3.3982627
7896,LAMTOR3,11.905586,3.1461847
7897,LAMTOR4,12.004718,3.3309498
7898,LAMTOR5,12.016736,3.3999016
7899,LANCL1,11.690606,1.1406393
7900,LANCL2,11.647868,1.2340195
7901,LAP3,13.791213,1.8851558
7902,LAPTM4A,8.674402,-2.8894498
7903,LAPTM4B,8.89879,-2.446753
7904,LAPTM5,8.599185,-2.8754654
7905,LARGE1,14.117196,0.102629416
7906,LARGE2,13.899353,0.09780675
7907,LARP1,7.90385,2.3326938
7908,LARP1B,7.934809,2.1759791
7909,LARP4,7.859337,2.3954964
7910,LARP4B,7.8337407,2.391347
7911,LARP6,9.732315,2.8450623
7912,LARP7,11.138816,3.2935612
7913,LARS2,12.559467,1.3130162
7914,LASP1,9.719939,1.7210087
7915,LAT,9.467453,6.3228993
7916,LAT2,9.495733,6.329094
7917,LATS1,7.851274,2.523989
7918,LATS2,8.276891,2.1403222
7919,LAX1,9.558749,6.1317925
7920,LAYN,9.942772,5.9063725
7921,LBH,9.901909,3.8051763
7922,LBHD1,9.529019,4.0033307
7923,LBHD2,9.815193,3.7818058
7924,LBP,7.2112336,-2.0511777
7925,LBR,9.815708,-3.198979
7926,LBX1,6.7915154,4.673009
7927,LBX2,6.8647556,4.737127
7928,LCA5,7.997721,0.9055075
7929,LCA5L,8.007192,0.9420056
7930,LCAT,13.592341,0.10286175
7931,LCE1A,0.879756,-7.092145
7932,LCE1B,0.8600803,-7.112512
7933,LCE1C,0.89358187,-7.0792923
7934,LCE1D,0.89615715,-7.0767975
7935,LCE1E,0.8883014,-7.0839295
7936,LCE1F,0.8897645,-7.0829387
7937,LCE2A,0.897358,-7.07529
7938,LCE2B,0.8972154,-7.075175
7939,LCE2C,0.8976674,-7.0749946
7940,LCE2D,0.8956761,-7.0771313
7941,LCE3A,0.89611113,-7.0764365
7942,LCE3B,0.8961055,-7.0762286
7943,LCE3C,0.9143653,-7.059926
7944,LCE3D,0.9041019,-7.0664253
7945,LCE3E,0.90375465,-7.067757
7946,LCE4A,0.89743084,-7.075407
7947,LCE5A,0.9037393,-7.0668483
7948,LCE6A,0.9695436,-6.9807053
7949,LCK,13.24116,7.4457283
7950,LCLAT1,12.817834,0.9669643
7951,LCMT1,12.153798,2.155032
7952,LCMT2,11.88702,1.675404
7953,LCN1,7.6335077,-1.9044595
7954,LCN10,7.702,-1.8972018
7955,LCN12,7.642643,-1.8882996
7956,LCN15,7.631977,-1.8963549
7957,LCN2,7.631054,-1.9121984
7958,LCN6,7.5887475,-1.929832
7959,LCN8,7.642244,-1.8815054
7960,LCN9,7.632968,-1.9006282
7961,LCNL1,7.7033296,-1.8168333
7962,LCORL,7.203863,2.3955362
7963,LCP1,10.382667,1.4013982
7964,LCP2,8.670229,1.6720473
7965,LCT,13.2087145,0.060820486
7966,LCTL,13.313478,0.15993235
7967,LDAH,12.709124,1.2415012
7968,LDB1,8.174643,2.9045336
7969,LDB2,8.059392,3.0213776
7970,LDB3,9.342836,2.651112
7971,LDHA,13.492986,2.0934782
7972,LDHAL6A,13.184527,1.993957
7973,LDHAL6B,13.204855,2.053649
7974,LDHB,13.538952,2.200246
7975,LDHC,13.284092,1.9363847
7976,LDHD,13.282584,1.8280495
7977,LDLR,13.328473,-2.0166726
7978,LDLRAD1,13.90721,-1.549877
7979,LDLRAD2,13.598522,-1.0890853
7980,LDLRAD3,9.842745,5.4773436
7981,LDLRAD4,9.769673,5.518722
7982,LDLRAP1,9.691495,1.6179113
7983,LEAP2,14.4475355,-2.0722356
7984,LECT2,13.943295,-1.0857128
7985,LEF1,6.975543,3.9289582
7986,LEFTY1,14.360497,-0.9084153
7987,LEFTY2,14.44126,-0.99418473
7988,LEKR1,7.494697,0.4234119
7989,LELP1,0.9672939,-6.984458
7990,LEMD1,10.055873,4.157436
7991,LEMD2,10.517161,1.5358427
7992,LEMD3,9.656971,2.6141753
7993,LENEP,9.795121,4.676386
7994,LENG1,10.698733,3.348828
7995,LENG8,7.753532,2.6221344
7996,LENG9,10.011311,3.1055865
7997,LEO1,9.3279295,2.7584708
7998,LEP,11.2599945,6.095532
7999,LEPR,10.2425995,6.6004043
8000,LEPROT,9.151404,-2.773185
8001,LEPROTL1,9.157111,-2.7729506
8002,LETM1,11.464192,1.8231474
8003,LETM2,11.171977,2.2626216
8004,LETMD1,12.908189,2.7991085
8005,LEUTX,7.1161194,4.6000447
8006,LEXM,8.727476,4.3143554
8007,LFNG,14.072257,0.001744281
8008,LGALS1,15.66427,0.16453357
8009,LGALS12,15.634655,0.1310285
8010,LGALS13,15.651148,0.15239179
8011,LGALS14,15.659557,0.15125418
8012,LGALS16,15.6538,0.15972829
8013,LGALS2,15.66442,0.1284751
8014,LGALS3,7.90026,3.1240554
8015,LGALS3BP,13.476888,0.22327513
8016,LGALS4,15.669219,0.17501646
8017,LGALS7,15.667776,0.14135237
8018,LGALS7B,15.669502,0.14016236
8019,LGALS8,15.657706,0.170993
8020,LGALS9,15.671257,0.18778254
8021,LGALS9B,15.666458,0.17919342
8022,LGALS9C,15.669871,0.19352587
8023,LGALSL,15.63767,0.1667662
8024,LGI1,12.810085,-2.4738188
8025,LGI2,12.844098,-2.3752637
8026,LGI3,12.86331,-2.3995092
8027,LGI4,12.886202,-2.3930507
8028,LGMN,13.349292,-0.08067358
8029,LGR4,12.741814,-2.6307056
8030,LGR5,12.749356,-2.6225176
8031,LGR6,12.760166,-2.6257558
8032,LGSN,11.620388,1.6036705
8033,LHB,14.699138,-1.7992864
8034,LHCGR,12.755063,-2.6171505
8035,LHFPL2,8.468248,-3.2237463
8036,LHFPL3,8.537318,-3.1240087
8037,LHFPL4,8.520789,-3.1430323
8038,LHFPL5,8.535515,-3.1361885
8039,LHFPL6,8.431307,-3.240801
8040,LHPP,12.679958,2.0189414
8041,LHX1,6.5654154,4.065875
8042,LHX2,6.481697,3.9405243
8043,LHX3,6.5450144,4.055932
8044,LHX4,6.552032,4.0372505
8045,LHX5,6.5454082,4.0501556
8046,LHX6,6.5499578,3.98236
8047,LHX8,6.5296183,4.0242414
8048,LHX9,6.500564,3.972727
8049,LIAS,12.911289,2.047687
8050,LIF,11.307317,6.1145697
8051,LIFR,10.261298,6.631629
8052,LIG1,11.1015215,1.4895381
8053,LIG3,11.099101,1.3964545
8054,LIG4,11.519828,1.63948
8055,LILRA1,9.235977,7.679881
8056,LILRA2,9.274894,7.6114793
8057,LILRA4,9.22484,7.6984997
8058,LILRA5,9.239364,7.67627
8059,LILRA6,9.223205,7.70118
8060,LILRB1,9.206313,7.7332873
8061,LILRB2,9.200179,7.746721
8062,LILRB3,9.197236,7.754248
8063,LILRB4,9.202369,7.74476
8064,LILRB5,9.185081,7.7282605
8065,LIM2,8.422432,-3.2586155
8066,LIMA1,8.767538,1.5677118
8067,LIMCH1,8.643636,1.0059711
8068,LIMD1,9.3919325,2.34996
8069,LIMD2,9.814291,2.6586404
8070,LIME1,9.708075,5.728512
8071,LIMK1,13.003142,7.481111
8072,LIMK2,13.025292,7.4516363
8073,LIMS1,9.77364,2.6054306
8074,LIMS2,9.727726,2.6575127
8075,LIMS3,9.994209,2.556841
8076,LIMS4,9.9965925,2.5836945
8077,LIN28A,10.308623,2.9746962
8078,LIN28B,10.307575,2.6230438
8079,LIN37,10.040941,3.566052
8080,LIN52,10.721872,2.925011
8081,LIN54,7.2819324,2.788724
8082,LIN7A,10.321677,1.651711
8083,LIN7B,10.416694,2.0855372
8084,LIN7C,10.288376,1.7330633
8085,LIN9,9.66751,1.8828369
8086,LINGO1,15.75896,4.481939
8087,LINGO3,15.725347,4.469559
8088,LINGO4,15.67126,4.5388107
8089,LINS1,10.606493,0.7313596
8090,LIPA,13.363356,-0.054458536
8091,LIPC,13.375508,-0.44646153
8092,LIPE,11.500167,1.331933
8093,LIPF,13.350318,-0.14247714
8094,LIPG,13.459439,-0.57753396
8095,LIPH,13.365444,-0.4887385
8096,LIPI,13.395194,-0.42296955
8097,LIPJ,13.3357935,-0.18824074
8098,LIPK,13.421493,-0.19672517
8099,LIPM,13.430028,-0.100903094
8100,LIPN,13.155108,-0.2575182
8101,LIPT1,12.143222,2.1732934
8102,LIPT2,12.115053,2.3118694
8103,LITAF,9.696903,4.8054442
8104,LITAFD,9.507113,-2.2239177
8105,LIX1,10.759716,2.5162003
8106,LIX1L,10.634825,2.5849166
8107,LKAAEAR1,10.471063,3.601121
8108,LLCFC1,9.524736,4.5918713
8109,LLGL1,12.218906,4.8148727
8110,LLGL2,12.13066,4.8464017
8111,LLPH,11.2913,3.374216
8112,LMAN1,12.754398,-0.3851227
8113,LMAN1L,12.709206,-0.42461494
8114,LMAN2,12.7600155,-0.41549906
8115,LMAN2L,12.797183,-0.48515883
8116,LMBR1,9.504501,-2.8327234
8117,LMBR1L,9.68944,-3.0052984
8118,LMBRD1,9.429053,-2.8061922
8119,LMBRD2,9.573924,-2.8692598
8120,LMCD1,9.783756,2.596638
8121,LMF1,10.151401,-2.9668655
8122,LMF2,10.040033,-2.9002826
8123,LMLN,12.342192,0.8559908
8124,LMLN2,12.440448,-0.4455808
8125,LMNA,20.598259,2.527525
8126,LMNB1,20.584248,2.5313194
8127,LMNB2,20.562443,2.5253055
8128,LMNTD1,8.902436,1.1907351
8129,LMNTD2,8.873081,1.9599626
8130,LMO1,9.7503195,2.717212
8131,LMO2,9.780362,2.6985998
8132,LMO3,9.8704605,2.6684523
8133,LMO4,9.748057,2.7338612
8134,LMO7,8.665786,0.99289995
8135,LMOD1,9.613616,3.119805
8136,LMOD2,9.539927,3.0745761
8137,LMOD3,9.672482,3.1590304
8138,LMTK2,8.605532,1.5702605
8139,LMTK3,8.552009,1.5869043
8140,LMX1A,6.5177965,4.0323706
8141,LMX1B,6.5310555,4.0292187
8142,LNP1,9.708009,4.201939
8143,LNPEP,13.023193,0.27224162
8144,LNPK,10.597224,-1.1896992
8145,LNX1,9.956194,1.5880591
8146,LNX2,9.954714,1.6729668
8147,LONP1,11.799742,1.5051883
8148,LONP2,11.626391,1.3549666
8149,LONRF1,10.671431,1.761124
8150,LOX,13.863956,-0.8326147
8151,LOXHD1,9.967699,-0.9119232
8152,LOXL1,13.779006,-0.78689355
8153,LOXL2,13.301231,-1.8667965
8154,LOXL3,13.380873,-1.7701933
8155,LOXL4,13.366829,-1.8110818
8156,LPA,12.641306,-2.0456421
8157,LPAR1,0.4843974,-2.3868477
8158,LPAR2,0.52545923,-2.4553854
8159,LPAR3,0.41648322,-2.3134995
8160,LPAR5,0.23586553,-2.5320566
8161,LPAR6,0.08546247,-2.2588785
8162,LPCAT1,12.415052,0.7471012
8163,LPCAT2,12.638879,0.8927538
8164,LPCAT3,10.025798,-3.161902
8165,LPCAT4,12.06425,0.39309594
8166,LPGAT1,12.710258,0.987729
8167,LPIN1,9.789343,1.3401442
8168,LPIN2,9.711637,1.3146476
8169,LPIN3,9.827326,1.434714
8170,LPL,13.420877,-0.4938351
8171,LPO,13.330961,-0.18367039
8172,LPXN,9.549622,2.6364875
8173,LRAT,11.593832,2.3342757
8174,LRATD1,10.408518,2.2576983
8175,LRATD2,10.36029,2.1843343
8176,LRBA,9.560653,-0.32403085
8177,LRCH1,9.511527,1.3170303
8178,LRCH3,9.795072,1.3581871
8179,LRCH4,10.030848,0.83228517
8180,LRCOL1,14.408056,-1.9946235
8181,LRFN1,15.728272,4.4464607
8182,LRFN2,15.803024,4.41804
8183,LRFN3,15.704796,4.4281206
8184,LRFN4,15.724376,4.4452395
8185,LRFN5,15.804393,4.5120916
8186,LRG1,15.625098,4.661515
8187,LRGUK,15.222728,4.5383024
8188,LRIF1,8.299305,2.4505696
8189,LRIG1,12.711753,-2.6167238
8190,LRIG2,12.763901,-2.5642495
8191,LRIG3,12.727653,-2.6089635
8192,LRIT1,15.719034,4.3963356
8193,LRIT2,15.666936,4.4331326
8194,LRIT3,15.618645,4.314855
8195,LRMDA,15.36637,4.561416
8196,LRP10,13.046702,-1.4665612
8197,LRP11,12.889253,-1.0442356
8198,LRP12,12.079981,-1.2221913
8199,LRP2BP,11.112156,0.07915631
8200,LRP3,13.183852,-1.5191487
8201,LRP4,12.5981655,-2.138012
8202,LRP5,12.629299,-1.7845757
8203,LRP6,12.609813,-1.5976853
8204,LRP8,13.320015,-2.019202
8205,LRPAP1,12.81742,-0.30048364
8206,LRPPRC,11.187273,0.86084694
8207,LRR1,15.464874,4.6332517
8208,LRRC1,15.475626,4.6810226
8209,LRRC10,15.473502,4.6518455
8210,LRRC10B,15.491138,4.606838
8211,LRRC14,16.118967,5.0349917
8212,LRRC14B,15.754469,4.7656097
8213,LRRC15,15.649911,4.6442084
8214,LRRC17,15.696261,4.719636
8215,LRRC18,15.478328,4.6781325
8216,LRRC19,15.664857,4.528493
8217,LRRC2,15.420293,4.6206274
8218,LRRC20,15.473617,4.6242337
8219,LRRC23,15.429162,4.6475773
8220,LRRC24,15.689156,4.431138
8221,LRRC25,9.578988,6.498641
8222,LRRC26,15.734102,4.4613395
8223,LRRC27,8.221985,1.1940206
8224,LRRC28,15.468331,4.6390347
8225,LRRC3,15.691894,4.4589067
8226,LRRC30,15.468928,4.68987
8227,LRRC31,15.356084,4.5266056
8228,LRRC32,15.644666,4.648643
8229,LRRC34,15.281765,4.5487313
8230,LRRC36,8.580748,1.4608065
8231,LRRC37A,8.69022,4.0499973
8232,LRRC37A2,8.731627,4.0257707
8233,LRRC37A3,8.675407,4.052569
8234,LRRC37B,8.704305,4.035924
8235,LRRC38,15.6763,4.415063
8236,LRRC39,15.469524,4.66612
8237,LRRC3B,15.740927,4.4221187
8238,LRRC3C,15.68799,4.443582
8239,LRRC4,15.785091,4.491768
8240,LRRC40,15.472174,4.6805625
8241,LRRC41,9.938161,1.7962443
8242,LRRC42,10.587486,1.9542798
8243,LRRC43,15.214186,4.550505
8244,LRRC45,7.667507,0.4984857
8245,LRRC46,15.282646,4.541685
8246,LRRC47,11.613791,1.8668694
8247,LRRC49,15.23415,4.5375924
8248,LRRC4B,15.755961,4.461768
8249,LRRC4C,15.8427925,4.5269427
8250,LRRC52,15.694142,4.4304175
8251,LRRC53,8.56253,2.5576954
8252,LRRC55,15.7188225,4.430459
8253,LRRC56,15.368106,4.448037
8254,LRRC57,15.514033,4.690571
8255,LRRC58,15.560177,4.6590104
8256,LRRC59,15.460067,4.3325233
8257,LRRC61,15.380044,4.5155
8258,LRRC63,8.97937,1.0996624
8259,LRRC66,8.687897,2.3146002
8260,LRRC69,15.493482,4.674881
8261,LRRC70,15.666393,4.563366
8262,LRRC71,15.196966,4.5479074
8263,LRRC72,15.318741,4.558483
8264,LRRC73,15.3440485,4.5451193
8265,LRRC74A,15.320357,4.5439982
8266,LRRC74B,15.2660885,4.523294
8267,LRRC75A,12.1107235,2.758377
8268,LRRC75B,15.288902,4.4153333
8269,LRRC8A,15.612879,4.539004
8270,LRRC8B,15.603034,4.540159
8271,LRRC8C,15.607784,4.525879
8272,LRRC8D,15.619393,4.5343847
8273,LRRC8E,15.600986,4.536334
8274,LRRC9,15.272944,4.548097
8275,LRRCC1,7.4682784,0.35243928
8276,LRRD1,15.518698,4.664981
8277,LRRFIP1,8.102053,0.7839145
8278,LRRFIP2,8.210621,0.68948096
8279,LRRIQ1,8.198861,0.9395825
8280,LRRIQ3,8.095325,1.052582
8281,LRRIQ4,15.503222,4.672397
8282,LRRK2,9.970835,-0.5234411
8283,LRRN1,15.783154,4.5000496
8284,LRRN2,15.740093,4.5118175
8285,LRRN3,15.823947,4.5478787
8286,LRRN4,15.705213,4.425179
8287,LRRN4CL,13.553144,-1.3438896
8288,LRRTM1,15.791964,4.4674134
8289,LRRTM2,15.79173,4.5076456
8290,LRRTM3,15.842411,4.5325723
8291,LRRTM4,15.871185,4.479287
8292,LRSAM1,7.4386396,0.5870441
8293,LRTM1,15.738225,4.4570665
8294,LRTM2,15.725943,4.438954
8295,LRWD1,12.5144415,4.935669
8296,LSAMP,12.122981,-1.7553366
8297,LSG1,11.231527,3.144857
8298,LSM1,12.050266,3.5144982
8299,LSM10,12.110637,3.2314677
8300,LSM11,9.889733,2.7980652
8301,LSM12,11.021809,2.941518
8302,LSM14A,7.0118413,2.2295995
8303,LSM14B,7.174036,2.2627683
8304,LSM2,12.074128,3.543973
8305,LSM3,12.05781,3.5671234
8306,LSM4,12.081379,3.6124716
8307,LSM5,12.148631,3.5890923
8308,LSM6,12.109657,3.6131473
8309,LSM7,12.096276,3.6078458
8310,LSMEM1,9.946849,4.8126626
8311,LSMEM2,10.0243635,4.7529836
8312,LSP1,9.275212,3.4982698
8313,LSR,10.0206585,6.0935764
8314,LSS,12.36104,1.1395366
8315,LST1,9.503277,6.4634104
8316,LTA,15.665015,-0.7585096
8317,LTA4H,13.031664,0.36742607
8318,LTB,15.610569,-0.7886208
8319,LTB4R,0.32258338,-2.4908764
8320,LTB4R2,0.38261423,-2.505011
8321,LTBP1,13.204408,-2.07541
8322,LTBP2,13.169633,-2.2118664
8323,LTBP3,13.170448,-2.2191675
8324,LTBP4,13.212033,-2.2126937
8325,LTBR,9.850741,5.8836465
8326,LTC4S,9.462008,-3.2099416
8327,LTF,13.437027,-0.7400772
8328,LTK,13.705789,6.755634
8329,LTN1,9.872624,-0.29835626
8330,LTO1,12.163381,1.9160361
8331,LTV1,11.160015,3.3102238
8332,LUC7L,6.826544,1.7215087
8333,LUC7L2,6.8446994,1.7326794
8334,LUC7L3,6.9799356,1.7658752
8335,LUM,15.628001,4.76503
8336,LURAP1,9.289939,3.4708917
8337,LURAP1L,8.876596,3.1380541
8338,LUZP1,8.215223,1.126677
8339,LUZP2,8.1796465,0.6268605
8340,LVRN,13.063749,0.23925118
8341,LXN,11.692506,2.4062185
8342,LY6D,14.52426,-2.0386114
8343,LY6E,14.560893,-2.0564675
8344,LY6G5B,14.212053,-1.5622294
8345,LY6G5C,14.336613,-1.7432739
8346,LY6G6C,14.522195,-2.0345192
8347,LY6G6D,14.497592,-1.987625
8348,LY6G6F,9.542466,6.8805256
8349,LY6H,14.518594,-2.031032
8350,LY6K,14.508038,-1.9960104
8351,LY6L,14.473719,-1.991534
8352,LY75,12.96342,-1.7758989
8353,LY86,13.162075,-0.88631666
8354,LY9,9.447946,7.091502
8355,LY96,13.220592,-0.89921725
8356,LYAR,11.350416,3.2864494
8357,LYG1,14.006859,-1.1141077
8358,LYG2,13.941992,-1.0344957
8359,LYL1,7.8614798,4.211518
8360,LYN,13.325142,7.404505
8361,LYNX1,14.489396,-1.9987806
8362,LYPD1,14.483342,-1.9889876
8363,LYPD2,14.538974,-2.0483992
8364,LYPD3,14.503195,-2.0105076
8365,LYPD4,14.468736,-1.9464527
8366,LYPD5,14.496408,-1.9946297
8367,LYPD6,14.461202,-1.9659505
8368,LYPD6B,14.504742,-1.9978163
8369,LYPD8,14.517544,-2.025909
8370,LYPLA1,12.538341,1.9092065
8371,LYPLA2,12.51991,1.8880064
8372,LYPLAL1,12.707105,1.8820511
8373,LYRM1,12.939947,3.7966866
8374,LYRM2,12.9963255,3.7961388
8375,LYRM4,12.992946,3.769136
8376,LYRM7,13.02825,3.7700279
8377,LYRM9,12.991553,3.7445593
8378,LYSMD1,9.74406,3.3339443
8379,LYSMD2,10.415805,3.122973
8380,LYSMD3,9.942099,3.2885058
8381,LYSMD4,10.060469,3.3614318
8382,LYVE1,9.290242,5.63892
8383,LYZ,14.124525,-1.4054875
8384,LYZL1,14.163416,-1.4743786
8385,LYZL2,14.1366,-1.4331707
8386,LYZL4,14.167338,-1.4826704
8387,LYZL6,14.1672735,-1.4721304
8388,LZIC,11.118427,3.1820703
8389,LZTFL1,7.9078126,0.6398864
8390,LZTR1,11.019497,0.7195375
8391,LZTS1,7.958808,0.62586516
8392,LZTS2,7.9311333,0.663145
8393,LZTS3,7.9449224,0.703111
8394,M1AP,10.741582,1.4559549
8395,M6PR,12.7210455,-0.40124148
8396,MAB21L1,10.784653,2.1909022
8397,MAB21L2,10.769663,2.0052955
8398,MAB21L3,11.499769,0.6805158
8399,MAB21L4,11.454687,0.73634523
8400,MACC1,10.136154,0.80959153
8401,MACO1,8.538524,0.5030327
8402,MACROD1,13.379238,2.2363405
8403,MACROD2,12.608501,1.44248
8404,MAD1L1,7.624793,0.4490856
8405,MAD2L1,11.354537,2.602475
8406,MAD2L1BP,11.406932,2.4415376
8407,MAD2L2,11.500248,2.5828059
8408,MADCAM1,9.725279,6.782223
8409,MADD,9.583316,-0.029918388
8410,MAEA,10.859391,2.555221
8411,MAEL,11.063434,2.21941
8412,MAF,7.1970053,4.204209
8413,MAF1,11.142825,2.6297896
8414,MAFA,7.166739,4.2842555
8415,MAFB,7.3708954,4.21539
8416,MAFF,7.9997997,4.102775
8417,MAFG,8.125923,4.01873
8418,MAFK,8.025937,4.118645
8419,MAG,9.952086,6.861239
8420,MAGEF1,9.993786,3.266358
8421,MAGEL2,8.557546,3.7108426
8422,MAGI1,8.8479805,0.8696475
8423,MAGI2,8.819223,0.95388275
8424,MAGI3,8.962625,0.851234
8425,MAGOH,11.97813,3.3796206
8426,MAGOHB,11.864194,3.2213616
8427,MAIP1,13.023185,2.9270515
8428,MAJIN,9.413878,3.9236302
8429,MAK,12.676196,7.7140927
8430,MAK16,11.098135,3.3236008
8431,MAL,8.600902,-2.9102838
8432,MAL2,8.673231,-2.9012907
8433,MALL,8.666351,-2.9980578
8434,MALRD1,12.531467,-2.1042118
8435,MALSU1,12.995354,2.9626353
8436,MALT1,11.293061,1.2066643
8437,MAMDC2,13.113877,-1.6480068
8438,MAMDC4,13.194751,-1.8819351
8439,MAML1,7.573128,2.7101781
8440,MAML2,7.45027,2.8041694
8441,MAML3,7.5089564,2.74838
8442,MAMSTR,9.117329,3.415221
8443,MAN1A1,13.776808,-0.0035383212
8444,MAN1A2,13.667096,0.013624333
8445,MAN1B1,13.710393,-0.012635257
8446,MAN1C1,13.852395,0.0055939173
8447,MAN2A1,13.31794,0.15572476
8448,MAN2A2,13.462229,0.11350333
8449,MAN2B1,13.481418,0.1930548
8450,MAN2B2,13.415638,0.11702172
8451,MAN2C1,11.676948,0.7763945
8452,MANBA,13.29935,0.0765539
8453,MANBAL,10.427334,4.596343
8454,MANEA,13.450656,0.10006005
8455,MANEAL,13.84594,0.10254985
8456,MANF,12.818159,-0.26351035
8457,MANSC1,9.208613,5.5105524
8458,MANSC4,9.291292,5.552311
8459,MAP10,8.715745,3.302648
8460,MAP1A,8.229819,1.9297321
8461,MAP1B,8.345441,1.773831
8462,MAP1LC3A,12.0603285,3.5846565
8463,MAP1LC3B,12.086027,3.531593
8464,MAP1LC3B2,12.017914,3.4699073
8465,MAP1LC3C,12.086783,3.45172
8466,MAP1S,8.548488,1.6348684
8467,MAP2,8.390661,2.0475304
8468,MAP2K1,12.927527,7.550646
8469,MAP2K2,12.895323,7.6122823
8470,MAP2K3,12.878687,7.6411314
8471,MAP2K4,12.9030285,7.508737
8472,MAP2K5,12.93139,7.4767303
8473,MAP2K7,12.899958,7.595914
8474,MAP3K1,9.063836,1.3283395
8475,MAP3K10,8.568018,1.2196513
8476,MAP3K11,8.545264,1.2520696
8477,MAP3K12,8.596776,1.1785047
8478,MAP3K13,8.603595,1.3147492
8479,MAP3K14,9.194956,2.156556
8480,MAP3K19,8.49923,2.18022
8481,MAP3K2,12.896258,7.4246264
8482,MAP3K20,12.88972,7.3965845
8483,MAP3K21,8.820027,1.3578271
8484,MAP3K3,12.854959,7.4945426
8485,MAP3K4,8.973074,1.0040551
8486,MAP3K5,9.439524,0.4653996
8487,MAP3K6,9.451597,0.5991275
8488,MAP3K7,12.9240465,7.4740396
8489,MAP3K7CL,10.532055,3.2031355
8490,MAP3K8,12.760602,7.559934
8491,MAP3K9,8.680427,1.3142433
8492,MAP4,8.643275,2.8906655
8493,MAP4K1,12.9310875,7.4244
8494,MAP4K2,12.853223,7.4073315
8495,MAP4K3,12.922018,7.4403257
8496,MAP4K4,8.511938,0.68542075
8497,MAP4K5,12.915901,7.4370785
8498,MAP6,8.712217,3.619063
8499,MAP6D1,9.4068165,3.362057
8500,MAP7,8.348995,1.1006894
8501,MAP7D1,8.0755415,0.9961865
8502,MAP9,8.105513,1.2802979
8503,MAPK1,12.8338995,7.683839
8504,MAPK10,12.904825,7.6978025
8505,MAPK11,12.811435,7.7363954
8506,MAPK12,12.85389,7.7602897
8507,MAPK13,12.834687,7.7641463
8508,MAPK14,12.850388,7.7031093
8509,MAPK15,12.712416,7.687287
8510,MAPK1IP1L,7.6157846,2.5229752
8511,MAPK3,12.821122,7.7293
8512,MAPK4,12.68047,7.6459975
8513,MAPK6,12.657204,7.614197
8514,MAPK7,8.420903,1.3340515
8515,MAPK8,12.834476,7.7130666
8516,MAPK8IP1,9.269153,1.8229463
8517,MAPK8IP2,9.249042,1.752619
8518,MAPK8IP3,8.515138,0.4927648
8519,MAPK9,12.920825,7.7694807
8520,MAPKAP1,9.926388,1.4311501
8521,MAPKAPK2,12.8267975,7.678585
8522,MAPKAPK3,12.83546,7.7019663
8523,MAPKAPK5,12.828576,7.5905304
8524,MAPKBP1,8.702472,1.6204213
8525,MAPRE1,10.153242,2.1841006
8526,MAPRE2,9.990636,2.040782
8527,MAPRE3,10.034237,2.189131
8528,MAPT,8.56591,2.525349
8529,MARCKS,9.761232,3.904207
8530,MARCKSL1,10.092631,3.9675503
8531,MARCO,16.285704,-1.2511231
8532,MARCOL,8.625207,4.241471
8533,MARF1,9.138872,0.9619774
8534,MARK1,12.957964,7.4849358
8535,MARK2,12.866257,7.4946313
8536,MARK3,12.923793,7.466085
8537,MARK4,12.872707,7.4670315
8538,MARS2,12.0344715,1.7225068
8539,MARVELD1,8.678882,-3.0251613
8540,MARVELD2,10.140607,-2.2958155
8541,MARVELD3,9.1885395,-2.4870143
8542,MAS1,0.3991759,-2.3451116
8543,MAS1L,-0.09731035,-2.577719
8544,MASP1,13.655805,-2.3672743
8545,MASP2,13.679569,-2.351977
8546,MAST1,8.714277,1.2137007
8547,MAST2,8.641527,1.2011409
8548,MAST3,8.812351,1.0999473
8549,MAST4,8.626822,1.1374105
8550,MASTL,8.871531,2.36978
8551,MAT1A,13.695167,1.5982188
8552,MAT2A,13.736283,2.0242634
8553,MAT2B,12.773516,1.9788643
8554,MATK,13.280456,7.384615
8555,MATN1,13.403525,-1.4614271
8556,MATN2,13.341146,-1.8844904
8557,MATN3,13.413405,-1.6423031
8558,MATN4,13.295562,-1.7872754
8559,MAU2,10.991066,0.18319562
8560,MAVS,9.212208,4.142944
8561,MAX,8.414593,3.3197844
8562,MAZ,6.4478726,3.5561604
8563,MB,4.9478946,-0.90382564
8564,MB21D2,11.505685,0.6454453
8565,MBD1,9.834626,2.5758088
8566,MBD2,10.21224,2.7962506
8567,MBD3,10.261911,3.400495
8568,MBD3L1,8.985432,4.7257156
8569,MBD3L2,8.985349,4.7304983
8570,MBD3L2B,8.964105,4.7394285
8571,MBD3L3,8.97412,4.749715
8572,MBD3L4,8.942966,4.754154
8573,MBD3L5,8.95545,4.741547
8574,MBD4,9.435745,2.3567002
8575,MBD5,7.553222,2.5302837
8576,MBD6,8.023677,2.6657538
8577,MBIP,10.43432,1.8126724
8578,MBL2,15.55225,-1.0722026
8579,MBLAC1,11.915571,2.3227146
8580,MBLAC2,12.111067,2.0160496
8581,MBNL1,7.0061965,3.1391218
8582,MBNL2,7.0529213,3.089732
8583,MBOAT1,9.9047365,-3.0917182
8584,MBOAT2,9.74209,-3.2497077
8585,MBOAT4,9.88622,-3.0376253
8586,MBOAT7,9.874065,-3.1570933
8587,MBP,9.451766,3.818098
8588,MBTD1,9.553263,1.9030566
8589,MBTPS1,12.869538,-0.88181
8590,MC1R,0.6169979,-2.2964177
8591,MC2R,0.59577274,-2.2845893
8592,MC3R,0.60885024,-2.2866766
8593,MC4R,0.6518619,-2.2597675
8594,MC5R,0.62162197,-2.2885475
8595,MCAM,9.945702,6.744876
8596,MCAT,12.733086,2.1527696
8597,MCC,8.204114,0.5709042
8598,MCCC1,13.60683,1.984593
8599,MCCC2,13.721397,1.9768785
8600,MCCD1,9.717245,4.3493996
8601,MCEE,12.880692,2.7070096
8602,MCEMP1,9.49642,6.5256667
8603,MCF2L,9.3514385,0.7873853
8604,MCF2L2,9.330767,0.79020935
8605,MCFD2,12.811619,-0.477429
8606,MCHR1,0.63037395,-2.3416834
8607,MCHR2,0.56742346,-2.418217
8608,MCIDAS,9.100867,3.0935287
8609,MCL1,9.56785,3.0669436
8610,MCM10,9.24887,2.2321348
8611,MCM2,11.59133,1.7441498
8612,MCM3,11.577818,1.7504965
8613,MCM3AP,9.979319,-0.18169938
8614,MCM4,11.552506,1.7127371
8615,MCM5,11.630325,1.6917661
8616,MCM6,11.657905,1.742712
8617,MCM7,11.656507,1.8525354
8618,MCM8,11.371777,1.3278072
8619,MCM9,8.983015,1.7506919
8620,MCMBP,11.484105,1.8734361
8621,MCMDC2,11.410577,1.0629754
8622,MCOLN1,10.753161,-2.968319
8623,MCOLN2,10.816762,-2.939606
8624,MCOLN3,10.804336,-2.9689069
8625,MCPH1,8.87733,2.2543268
8626,MCRIP1,10.419304,3.37982
8627,MCRIP2,10.385189,3.614204
8628,MCRS1,10.531498,1.664201
8629,MCTP1,9.84248,0.510911
8630,MCTP2,9.771332,0.44529918
8631,MCU,12.720051,2.425699
8632,MCUB,12.551816,2.4126618
8633,MCUR1,11.0917,2.901877
8634,MDC1,8.697038,3.4542756
8635,MDFI,10.057596,4.2422175
8636,MDFIC,10.11299,4.0539546
8637,MDFIC2,10.132888,4.31784
8638,MDGA1,12.311946,-1.5303547
8639,MDGA2,12.166991,-1.6693649
8640,MDH1,13.732118,2.2421017
8641,MDH1B,10.643101,1.5903298
8642,MDH2,13.691027,2.42919
8643,MDK,13.913098,-1.9066201
8644,MDM1,8.528514,1.9430724
8645,MDM2,9.863257,2.2703261
8646,MDM4,9.857301,2.2744288
8647,MDP1,12.179808,2.3766823
8648,ME1,13.676245,1.6457187
8649,ME2,13.601755,1.7096229
8650,MEA1,10.20922,3.509921
8651,MEAF6,10.129242,3.0690897
8652,MEAK7,11.699792,1.5872624
8653,MECOM,6.3188868,2.8607469
8654,MECR,12.72679,1.6974466
8655,MED1,8.186905,2.3577623
8656,MED10,11.162174,3.3609016
8657,MED11,11.114363,3.3820276
8658,MED12L,9.475881,-0.32488894
8659,MED13,9.493672,-0.24758488
8660,MED13L,9.468259,-0.26519382
8661,MED15,7.3154597,2.9249172
8662,MED16,10.929468,0.7204824
8663,MED17,10.577526,1.7119479
8664,MED18,11.227146,2.6515727
8665,MED19,9.5345125,2.4840171
8666,MED20,11.2581625,2.3207726
8667,MED21,10.949428,3.096429
8668,MED22,11.004877,2.9918895
8669,MED24,10.320742,-0.033043887
8670,MED25,7.5353956,2.5857925
8671,MED26,8.653061,2.8284485
8672,MED27,10.806114,2.6324856
8673,MED28,10.793966,2.9624407
8674,MED29,10.652902,3.11961
8675,MED30,10.857525,2.9567387
8676,MED31,11.0479555,2.9951987
8677,MED4,10.849897,2.949047
8678,MED6,10.988648,2.9470952
8679,MED7,10.857048,2.8954668
8680,MED8,10.919184,3.021547
8681,MED9,10.5034,3.1259387
8682,MEDAG,10.601525,2.6829386
8683,MEF2A,7.629473,3.1852012
8684,MEF2B,7.5943384,3.8080041
8685,MEF2C,7.588563,3.191679
8686,MEF2D,7.6667585,3.1207283
8687,MEFV,3.8682387,1.7376279
8688,MEGF10,13.236016,-2.141563
8689,MEGF11,13.360882,-2.160526
8690,MEGF6,13.192406,-2.1836474
8691,MEGF8,12.447631,-2.1266367
8692,MEGF9,13.298779,-1.7892809
8693,MEI1,10.436089,0.05393293
8694,MEI4,10.359772,1.7431283
8695,MEIG1,10.18914,3.5474153
8696,MEIKIN,8.980267,3.067284
8697,MEIOB,11.371342,1.1186478
8698,MEIOC,8.538692,2.2181065
8699,MEIS1,7.194479,3.4211016
8700,MEIS2,7.186226,3.51054
8701,MEIS3,7.3477516,3.5029874
8702,MELK,12.611349,7.540765
8703,MELTF,13.401713,-0.7512974
8704,MEMO1,12.2405,1.2037071
8705,MEN1,10.05412,1.6790427
8706,MEOX1,6.594967,4.7224164
8707,MEOX2,6.639441,4.5450497
8708,MEP1A,13.25626,-1.1856098
8709,MEP1B,13.195802,-0.7893478
8710,MEPCE,9.328109,2.6836343
8711,MEPE,8.721958,4.1491017
8712,MERTK,13.664862,6.8001575
8713,MESD,12.769808,-0.31374562
8714,MESP1,7.976598,4.1973248
8715,MESP2,7.961592,4.184063
8716,MEST,12.924512,0.7514497
8717,MET,13.688728,6.708702
8718,METAP1,12.581122,2.1012285
8719,METAP1D,12.661986,2.1856334
8720,METAP2,11.211597,2.819629
8721,METRN,13.87791,-0.9806049
8722,METRNL,14.1039295,-1.142926
8723,METTL1,12.256933,2.391959
8724,METTL14,10.960362,2.1496708
8725,METTL15,12.70611,2.0394275
8726,METTL16,11.6059675,2.286859
8727,METTL17,12.471497,2.401801
8728,METTL18,12.085883,2.2111351
8729,METTL21A,12.402987,2.195012
8730,METTL21C,12.355552,2.1180673
8731,METTL22,11.68424,1.8508992
8732,METTL23,12.504535,2.047504
8733,METTL24,14.134571,0.12709247
8734,METTL25,11.409864,1.8841943
8735,METTL26,12.873407,2.2795258
8736,METTL27,12.711385,1.8284082
8737,METTL2A,11.769237,2.2423952
8738,METTL2B,11.7475195,2.1738505
8739,METTL3,11.756979,1.8645456
8740,METTL4,11.0413885,1.7726065
8741,METTL5,12.310143,2.4387143
8742,METTL6,12.081932,2.1631422
8743,METTL7A,12.966601,1.1036713
8744,METTL7B,13.062245,1.0419314
8745,METTL8,11.856257,2.1693866
8746,METTL9,12.274518,1.6141183
8747,MEX3A,8.25919,3.3969088
8748,MEX3B,8.332915,3.3570664
8749,MEX3C,9.0712805,3.0162108
8750,MEX3D,8.401991,3.3806427
8751,MFAP1,10.950572,3.3273466
8752,MFAP2,14.181922,-1.7212458
8753,MFAP3,10.77443,-1.3094853
8754,MFAP3L,10.718171,-1.4685804
8755,MFAP4,14.052743,-1.1723826
8756,MFAP5,14.27365,-1.803944
8757,MFF,9.822046,2.2175493
8758,MFGE8,13.250913,-1.5454317
8759,MFHAS1,15.575874,4.5178113
8760,MFN1,10.958705,0.9206806
8761,MFN2,11.009395,1.2122281
8762,MFNG,14.102001,0.03373393
8763,MFRP,13.328776,-1.6376216
8764,MFSD1,10.01907,-3.8200996
8765,MFSD10,9.945073,-3.9765277
8766,MFSD11,10.008187,-4.0157847
8767,MFSD12,9.944545,-3.9446788
8768,MFSD13A,9.925682,-3.4027567
8769,MFSD14A,9.966786,-3.7947981
8770,MFSD14B,9.977196,-3.8234596
8771,MFSD2A,10.015247,-4.085106
8772,MFSD2B,9.929183,-3.6608896
8773,MFSD3,9.947456,-3.7262952
8774,MFSD4A,9.964455,-4.056979
8775,MFSD5,9.949691,-3.2450166
8776,MFSD6,10.249178,-3.89006
8777,MFSD6L,9.949493,-3.8760648
8778,MFSD8,10.0198345,-3.8678596
8779,MFSD9,9.910599,-3.8172636
8780,MGA,7.8451786,1.926972
8781,MGAM,13.12256,0.07758764
8782,MGAM2,13.044297,-0.16317452
8783,MGARP,9.149529,3.995264
8784,MGAT1,14.258716,0.08156547
8785,MGAT2,14.423201,0.09033293
8786,MGAT3,14.180627,0.087695114
8787,MGAT4A,14.037835,0.013863149
8788,MGAT4B,14.0428095,-0.009433047
8789,MGAT4D,14.101492,0.053946234
8790,MGAT5,14.124452,0.22979417
8791,MGAT5B,14.067515,0.078610055
8792,MGLL,12.693293,1.778626
8793,MGME1,11.895282,2.0491292
8794,MGMT,12.521772,2.2796714
8795,MGP,15.231985,-1.8830444
8796,MGRN1,9.6723585,1.9857446
8797,MGST1,9.614754,-3.105303
8798,MGST2,9.508022,-3.1713932
8799,MGST3,9.503581,-3.1562004
8800,MIA,14.550409,-2.16277
8801,MIA2,9.973306,-5.5798397
8802,MIA3,8.196058,1.4519744
8803,MIB1,13.732038,5.2719574
8804,MIB2,13.730519,5.2813444
8805,MICA,8.339847,9.631905
8806,MICAL1,9.606579,0.6760599
8807,MICAL2,8.954903,0.6516387
8808,MICAL3,8.773291,0.90810966
8809,MICALL1,8.786299,2.416965
8810,MICALL2,8.718057,2.505608
8811,MICB,8.3294325,9.643581
8812,MICOS10,13.621204,3.9179435
8813,MICOS13,13.59022,3.876396
8814,MICU1,5.4922047,-0.26366517
8815,MICU2,5.563476,-0.21648794
8816,MICU3,5.618523,-0.18669534
8817,MIDN,8.633773,3.196181
8818,MIEF1,11.476064,1.7147881
8819,MIEF2,11.459339,0.6874151
8820,MIEN1,12.132757,3.2956185
8821,MIER1,9.774043,2.7355525
8822,MIER2,9.326301,2.6360466
8823,MIER3,9.523465,2.7349598
8824,MIF,12.382278,3.1808827
8825,MIF4GD,11.113299,1.8046293
8826,MIGA1,10.416061,1.1887122
8827,MIGA2,10.307854,1.1387788
8828,MIIP,9.397583,3.4079032
8829,MILR1,9.491139,6.633229
8830,MINAR1,8.707733,2.2536192
8831,MINAR2,10.091495,4.350758
8832,MINDY1,10.650119,2.2945697
8833,MINDY2,10.422551,2.4127898
8834,MINDY3,11.342359,1.4517238
8835,MINDY4,9.635854,1.4835881
8836,MINDY4B,10.88579,1.8085688
8837,MINK1,8.473723,0.67085326
8838,MINPP1,13.078524,0.7424104
8839,MIOS,12.37672,4.992695
8840,MIOX,12.79327,1.7811662
8841,MIP,6.332369,-2.2696
8842,MIPEP,12.284542,1.23648
8843,MIPOL1,7.6665425,0.5400906
8844,MIS12,10.546992,2.7566347
8845,MIS18A,10.991229,2.6640675
8846,MIS18BP1,8.94656,2.1821175
8847,MISP,8.621617,2.7704504
8848,MISP3,9.707126,3.5074916
8849,MITD1,12.072206,2.2747207
8850,MITF,7.8451605,3.3930805
8851,MIXL1,7.0449114,4.6294775
8852,MKKS,11.876709,1.5078064
8853,MKLN1,10.474564,1.0555834
8854,MKNK1,12.913427,7.5632577
8855,MKNK2,12.826942,7.6110015
8856,MKRN1,10.070426,2.3866348
8857,MKRN2,10.098685,2.354114
8858,MKRN2OS,11.989819,2.161448
8859,MKRN3,9.930867,2.4439437
8860,MKS1,11.36017,1.4820894
8861,MKX,7.8131065,4.1272125
8862,MLANA,9.836588,5.363961
8863,MLC1,8.663441,-2.8176084
8864,MLEC,12.702448,-0.3900703
8865,MLF1,10.171834,2.8891041
8866,MLF2,10.277659,2.812561
8867,MLH1,11.147961,1.7492458
8868,MLH3,8.695528,2.1118026
8869,MLIP,8.585818,2.4367003
8870,MLKL,11.452766,0.57070553
8871,MLLT1,9.03261,2.808076
8872,MLLT10,7.672753,2.4408014
8873,MLLT11,10.193152,3.77073
8874,MLLT3,8.860038,2.8722508
8875,MLLT6,7.9190216,2.3507867
8876,MLN,15.403434,-1.9846678
8877,MLNR,0.6174784,-2.4375532
8878,MLPH,9.101927,1.2014929
8879,MLST8,12.457359,5.1611032
8880,MLX,10.626135,3.0722685
8881,MLXIP,8.07073,3.1327093
8882,MLXIPL,8.260899,3.1729467
8883,MMAA,12.831408,2.466742
8884,MMAB,12.722767,2.5853722
8885,MMACHC,11.956295,1.9470303
8886,MMADHC,13.018528,2.881144
8887,MMD,9.451503,-3.3991778
8888,MMD2,9.433998,-3.3981588
8889,MME,13.119499,0.24805766
8890,MMEL1,13.179692,0.2642862
8891,MMP1,13.692429,-1.0343944
8892,MMP10,13.7152195,-1.0408558
8893,MMP11,13.632151,-0.97523046
8894,MMP12,13.699523,-1.0282462
8895,MMP13,13.69398,-0.98316836
8896,MMP14,13.631618,-1.0271164
8897,MMP15,13.591782,-0.95973957
8898,MMP16,13.604739,-0.980127
8899,MMP17,13.6026325,-0.92115253
8900,MMP19,13.656641,-0.9870553
8901,MMP2,13.5823345,-1.0734175
8902,MMP20,13.722509,-1.0111388
8903,MMP21,13.612785,-0.95342815
8904,MMP23B,13.606312,-0.9294963
8905,MMP24,13.55692,-1.0093055
8906,MMP24OS,10.398371,3.3437548
8907,MMP25,13.607042,-0.98647267
8908,MMP26,13.729203,-0.9275152
8909,MMP27,13.697099,-1.0195526
8910,MMP28,13.656577,-1.0001113
8911,MMP3,13.709127,-1.0228945
8912,MMP7,13.668589,-1.014547
8913,MMP8,13.673901,-0.9759913
8914,MMP9,13.607065,-0.9701624
8915,MMRN1,14.893884,-1.0329422
8916,MMRN2,15.00192,-1.0397503
8917,MMS19,10.537607,0.18924153
8918,MMS22L,10.255375,-0.12761103
8919,MMUT,13.771082,1.9415461
8920,MN1,7.6020083,2.665206
8921,MNAT1,10.619944,2.9316933
8922,MND1,10.81547,2.7648675
8923,MNDA,11.01603,1.0807142
8924,MNS1,7.520688,0.7860633
8925,MNT,7.4167047,2.7954378
8926,MNX1,6.726138,4.5270977
8927,MOAP1,10.035876,3.2441769
8928,MOB1A,10.579062,1.330848
8929,MOB1B,10.590951,1.3057523
8930,MOB2,10.521091,1.2837076
8931,MOB3A,10.548617,1.3089476
8932,MOB3B,10.607666,1.2868106
8933,MOB3C,10.485938,1.2223636
8934,MOB4,10.97395,1.3176512
8935,MOBP,9.377843,4.13831
8936,MOCOS,12.654565,0.95049506
8937,MOCS1,12.878585,1.9414549
8938,MOCS2,12.355848,2.691593
8939,MOCS3,11.853808,1.8952498
8940,MOG,9.611963,7.272115
8941,MOGAT1,13.046231,1.003656
8942,MOGAT2,12.955993,0.9657261
8943,MOGAT3,13.03201,0.95148283
8944,MOGS,13.676891,0.1164912
8945,MOK,12.701951,7.743567
8946,MON1A,10.487244,1.3800733
8947,MON1B,10.658433,1.3262243
8948,MORC1,9.608991,2.0047646
8949,MORC2,9.581708,2.1013813
8950,MORC3,9.299717,2.0198004
8951,MORF4L1,11.075633,2.4714947
8952,MORN1,11.096051,1.0907726
8953,MORN2,11.082504,1.1161252
8954,MORN3,11.051317,1.0754321
8955,MORN4,11.1924,1.1731768
8956,MORN5,11.027556,1.1117889
8957,MOS,12.794582,7.6586356
8958,MOSMO,8.462759,-3.216111
8959,MOSPD3,10.38775,3.7689178
8960,MOV10,11.389118,0.8192958
8961,MOV10L1,11.012982,1.2156725
8962,MOXD1,13.459309,-0.30887005
8963,MPC1,13.588127,3.8540113
8964,MPC2,13.63848,3.833786
8965,MPDU1,9.543128,-3.1214764
8966,MPDZ,8.905226,0.7319007
8967,MPEG1,13.501907,-0.30808738
8968,MPG,12.3359165,2.4010487
8969,MPHOSPH10,11.196719,3.3064404
8970,MPHOSPH6,10.974387,3.3656862
8971,MPHOSPH8,9.422053,2.6987627
8972,MPHOSPH9,8.634959,1.9978012
8973,MPI,12.314684,1.7199553
8974,MPIG6B,9.598688,6.7590494
8975,MPL,10.128173,6.516537
8976,MPLKIP,7.602407,2.8123708
8977,MPND,10.206283,2.7432241
8978,MPO,13.278919,-0.180428
8979,MPP2,10.124691,1.3795837
8980,MPP3,9.897312,1.1861455
8981,MPP4,9.997772,1.1173878
8982,MPP7,9.822609,1.0638164
8983,MPPE1,12.715493,1.1309699
8984,MPPED1,12.438152,1.8598479
8985,MPPED2,11.4679575,1.3534883
8986,MPST,13.007263,2.2820833
8987,MPV17,9.859215,-2.2937715
8988,MPV17L,9.67135,-2.9993105
8989,MPV17L2,9.866228,-2.320615
8990,MPZ,9.96514,6.246665
8991,MPZL1,9.963326,6.24472
8992,MPZL2,9.98747,6.2929893
8993,MPZL3,9.899318,6.315018
8994,MR1,8.335484,9.634249
8995,MRAP,9.997271,5.1933517
8996,MRAP2,9.999136,5.2632604
8997,MRAS,7.63323,-6.9833922
8998,MRC1,13.069887,-1.6875141
8999,MRC2,13.190622,-1.8872598
9000,MRE11,9.426359,1.9230762
9001,MREG,10.703026,2.8001733
9002,MRFAP1,10.191963,3.6633205
9003,MRFAP1L1,10.307566,3.5955896
9004,MRGBP,10.192844,2.783759
9005,MRGPRD,-0.060138863,-2.5661457
9006,MRGPRE,0.3012592,-2.4821157
9007,MRGPRF,0.1555995,-2.505572
9008,MRGPRG,-0.08148755,-2.5997393
9009,MRGPRX1,-0.18068661,-2.6265411
9010,MRGPRX2,-0.12151914,-2.582434
9011,MRGPRX3,-0.10007654,-2.5764222
9012,MRGPRX4,-0.14716996,-2.5961654
9013,MRI1,13.127526,1.8716156
9014,MRLN,10.049003,5.0158033
9015,MRM1,12.292686,2.1410875
9016,MRM2,12.462901,2.4015818
9017,MRM3,12.449133,2.3459222
9018,MRNIP,9.21938,3.3496816
9019,MRO,10.927,2.0593407
9020,MROH1,10.153489,-0.17739762
9021,MROH2A,10.106745,-0.18996936
9022,MROH2B,10.122347,-0.15365781
9023,MROH5,10.170264,-0.1290773
9024,MROH6,11.037008,0.7165049
9025,MROH7,10.143579,0.007869057
9026,MROH8,10.292517,-0.05463419
9027,MROH9,10.315986,0.04969359
9028,MRPL1,13.149514,3.3380065
9029,MRPL10,12.949482,3.034312
9030,MRPL11,13.172291,3.4898057
9031,MRPL12,13.055146,3.0747101
9032,MRPL13,13.146271,3.4943025
9033,MRPL14,13.196459,3.5069516
9034,MRPL15,13.118612,3.404441
9035,MRPL16,13.179108,3.4010873
9036,MRPL17,13.08648,3.4864957
9037,MRPL18,13.13592,3.4988105
9038,MRPL19,13.135727,3.3307738
9039,MRPL2,13.170872,3.4435005
9040,MRPL20,13.155401,3.5448267
9041,MRPL21,13.13938,3.349253
9042,MRPL22,13.14292,3.4248881
9043,MRPL23,13.168225,3.481426
9044,MRPL24,13.065537,3.4580517
9045,MRPL27,13.176666,3.5214198
9046,MRPL28,13.154958,3.4607139
9047,MRPL3,13.147658,3.3525627
9048,MRPL30,13.11153,3.398893
9049,MRPL32,13.111419,3.316559
9050,MRPL33,13.088445,3.6574347
9051,MRPL34,13.1369705,3.4888139
9052,MRPL35,13.134833,3.4106293
9053,MRPL36,13.143298,3.529743
9054,MRPL37,12.491592,2.5005546
9055,MRPL38,12.727305,2.4821696
9056,MRPL39,12.871462,2.8192856
9057,MRPL4,13.121823,3.3553634
9058,MRPL40,13.137772,3.4549072
9059,MRPL41,13.121913,3.6166906
9060,MRPL43,12.796774,3.5774117
9061,MRPL44,11.9309025,2.3856027
9062,MRPL45,13.101317,3.0864942
9063,MRPL46,12.77943,2.7422628
9064,MRPL47,13.136328,3.424579
9065,MRPL48,13.138081,3.3368776
9066,MRPL49,12.864264,3.0293021
9067,MRPL50,13.031779,3.2513773
9068,MRPL51,13.198972,3.617935
9069,MRPL52,13.134298,3.5643137
9070,MRPL53,12.954957,3.7011328
9071,MRPL54,13.1354265,3.4635487
9072,MRPL55,13.146693,3.4527426
9073,MRPL57,13.078255,3.5981774
9074,MRPL58,13.035895,3.1669211
9075,MRPL9,13.135732,3.3808303
9076,MRPS10,13.140654,3.4078407
9077,MRPS11,13.152921,3.4401438
9078,MRPS12,13.209683,3.4970977
9079,MRPS14,13.141725,3.465661
9080,MRPS15,13.175038,3.4216185
9081,MRPS16,13.192032,3.4930024
9082,MRPS17,13.104831,3.462164
9083,MRPS18A,13.124617,3.3553588
9084,MRPS18B,13.137779,3.2832973
9085,MRPS18C,13.137979,3.3349676
9086,MRPS2,13.143398,3.2935762
9087,MRPS21,13.154617,3.5560641
9088,MRPS22,13.101131,3.261942
9089,MRPS23,13.159853,3.5739973
9090,MRPS24,12.921691,2.931747
9091,MRPS25,13.13226,3.620619
9092,MRPS26,12.940564,3.464355
9093,MRPS27,11.259912,1.2102144
9094,MRPS28,12.946353,2.9259326
9095,MRPS30,12.43614,2.4264274
9096,MRPS31,13.01257,3.2282553
9097,MRPS33,13.144469,3.6775038
9098,MRPS34,12.5682335,3.1800513
9099,MRPS35,13.140655,3.29272
9100,MRPS36,13.111076,3.497899
9101,MRPS5,13.034434,3.148996
9102,MRPS6,13.075248,3.576352
9103,MRPS7,13.164764,3.3874588
9104,MRPS9,13.144498,3.337498
9105,MRRF,12.882864,2.6460702
9106,MRS2,12.749427,2.4764044
9107,MRTFA,7.679217,2.6897485
9108,MRTFB,7.624013,2.6593504
9109,MRTO4,11.811222,3.1764665
9110,MS4A1,8.530062,-2.7823358
9111,MS4A10,8.63878,-2.7630994
9112,MS4A12,8.489775,-2.7440703
9113,MS4A13,8.566285,-2.800183
9114,MS4A14,8.734167,3.9286766
9115,MS4A15,8.489296,-2.733699
9116,MS4A18,8.525988,-2.6172085
9117,MS4A2,8.517623,-2.765599
9118,MS4A3,8.505938,-2.7479806
9119,MS4A4A,8.488067,-2.7484074
9120,MS4A4E,8.498654,-2.7367718
9121,MS4A5,8.528226,-2.7683508
9122,MS4A6A,8.454497,-2.727771
9123,MS4A6E,8.485117,-2.7460313
9124,MS4A7,8.486934,-2.7612574
9125,MS4A8,8.472787,-2.7154057
9126,MSANTD1,9.7144985,3.239041
9127,MSANTD2,9.976189,2.8811958
9128,MSANTD3,9.903181,3.231137
9129,MSANTD4,10.268455,3.1797159
9130,MSC,7.7527747,4.3164124
9131,MSGN1,7.7604747,4.316387
9132,MSH2,11.170219,1.4041206
9133,MSH3,10.793823,1.3315957
9134,MSH4,10.684272,1.4231976
9135,MSH5,11.472847,1.407152
9136,MSH6,10.977811,1.4262646
9137,MSI1,6.98941,3.1728082
9138,MSI2,7.006526,3.2650206
9139,MSL1,9.470995,3.053964
9140,MSL2,6.6034875,2.8133938
9141,MSLN,11.566772,0.42852104
9142,MSLNL,11.3338585,0.5322963
9143,MSMB,14.581233,-2.1557431
9144,MSMO1,9.356551,-3.4794438
9145,MSMP,14.44168,-1.9207237
9146,MSR1,15.528958,-1.068471
9147,MSRA,11.466545,2.470743
9148,MSRB1,12.144548,2.9999766
9149,MSRB2,12.877781,2.8636754
9150,MSRB3,12.816144,2.6325438
9151,MSS51,11.458836,1.8799957
9152,MST1,13.670953,-2.4115527
9153,MST1R,13.7010355,6.755599
9154,MSTN,14.46277,-1.0266496
9155,MSTO1,11.781541,1.5630966
9156,MSX1,6.7973986,4.6550794
9157,MSX2,6.8545823,4.703561
9158,MT1A,6.8379736,-12.432259
9159,MT1B,6.8378615,-12.432359
9160,MT1E,6.8379774,-12.432275
9161,MT1F,6.837961,-12.432366
9162,MT1G,6.8379526,-12.432384
9163,MT1H,6.8380785,-12.43246
9164,MT1HL1,6.83797,-12.432373
9165,MT1M,6.837949,-12.43259
9166,MT1X,6.8379526,-12.432499
9167,MT2A,6.8379736,-12.432568
9168,MT3,6.8379436,-12.432539
9169,MT4,6.8379493,-12.432398
9170,MTA1,9.46241,2.283343
9171,MTA2,9.38587,2.2083468
9172,MTA3,9.576551,2.2141411
9173,MTAP,12.95878,2.0034108
9174,MTBP,10.514375,1.4578078
9175,MTCH1,11.293646,-5.9559684
9176,MTCH2,11.330279,-6.046111
9177,MTCL1,8.226852,0.62674487
9178,MTDH,8.796934,2.4210322
9179,MTERF1,11.876993,1.7635006
9180,MTERF2,11.871496,1.8356714
9181,MTERF3,12.087368,2.1591656
9182,MTERF4,11.418849,2.4356287
9183,MTF1,6.2889376,2.9328878
9184,MTF2,9.663032,2.2969098
9185,MTFMT,12.564496,2.0842264
9186,MTFP1,9.918539,-2.4541388
9187,MTFR1,8.351567,1.4553177
9188,MTFR1L,9.378657,3.572366
9189,MTFR2,8.420442,1.4703828
9190,MTG1,12.560631,2.125658
9191,MTG2,12.790656,2.1997404
9192,MTHFD1,13.412533,1.8959405
9193,MTHFD1L,13.44228,1.8807051
9194,MTHFD2,13.145011,2.1301823
9195,MTHFD2L,13.099377,2.1456082
9196,MTHFR,12.309391,1.1892396
9197,MTHFS,12.42905,2.1601517
9198,MTHFSD,12.413921,2.09268
9199,MTIF2,12.385315,2.0204043
9200,MTIF3,13.00172,3.1217666
9201,MTLN,10.298616,4.8540893
9202,MTMR10,10.889013,1.2207373
9203,MTMR11,11.437722,0.7309886
9204,MTMR12,10.745655,1.1859543
9205,MTMR14,9.985874,1.8135861
9206,MTMR2,10.482087,1.1012299
9207,MTMR3,9.027183,1.4219251
9208,MTMR4,9.090876,1.417538
9209,MTMR6,10.891372,1.3137809
9210,MTMR7,9.83143,1.2016009
9211,MTMR9,10.741192,1.1839498
9212,MTNR1A,0.47880468,-2.3128033
9213,MTNR1B,0.6241799,-2.3926744
9214,MTO1,12.101889,1.6074237
9215,MTOR,9.812248,-0.41288278
9216,MTPAP,11.410766,1.9257623
9217,MTPN,13.761749,5.2873306
9218,MTR,13.615582,1.822008
9219,MTRES1,12.957525,2.9759128
9220,MTREX,11.140607,1.1776317
9221,MTRF1,12.807842,2.5724792
9222,MTRF1L,12.870022,2.7256176
9223,MTRR,11.342529,1.6067731
9224,MTSS1,8.981326,1.0863756
9225,MTSS2,9.145562,1.0782008
9226,MTTP,13.426637,0.7920709
9227,MTURN,10.951363,2.7175798
9228,MTUS1,8.443401,1.6647192
9229,MTUS2,8.363678,1.6660789
9230,MTX1,12.659343,2.409831
9231,MTX2,11.547936,2.281297
9232,MTX3,11.440297,2.142791
9233,MUC1,9.272509,5.6204433
9234,MUC13,9.233838,5.5597343
9235,MUC15,9.28722,5.5448017
9236,MUC2,12.658591,-2.0715706
9237,MUC20,9.143683,5.4945464
9238,MUC21,9.144694,5.5102835
9239,MUC22,9.13468,5.505861
9240,MUC3A,9.132865,5.4655347
9241,MUC6,12.803973,-1.9344252
9242,MUC7,8.898776,5.2173853
9243,MUCL1,10.70156,5.3977914
9244,MUCL3,9.080403,5.415692
9245,MUL1,10.091416,-1.5918788
9246,MUS81,11.916756,1.6818949
9247,MUSK,13.665149,6.776325
9248,MUSTN1,10.063004,3.9843798
9249,MUTYH,11.978215,1.6312352
9250,MVB12A,10.069403,1.616989
9251,MVB12B,9.90729,1.634239
9252,MVD,13.000326,1.6794959
9253,MVK,13.027781,1.6953795
9254,MVP,12.25328,0.9822239
9255,MX1,11.633204,0.2376277
9256,MX2,11.568019,0.29053652
9257,MXD1,8.42313,3.3872309
9258,MXD3,8.162391,3.8249946
9259,MXD4,8.10985,3.811394
9260,MXI1,8.438198,3.338263
9261,MXRA7,9.982084,3.4682837
9262,MXRA8,9.86673,6.5463424
9263,MYADM,8.640111,-3.008583
9264,MYADML2,8.6755495,-3.0137796
9265,MYB,8.61651,2.7000227
9266,MYBBP1A,10.634949,0.6446745
9267,MYBL1,9.001407,2.3773465
9268,MYBL2,8.845498,2.642793
9269,MYBPC1,11.351599,-1.3600156
9270,MYBPC2,11.32843,-1.3423214
9271,MYBPC3,11.308826,-1.3469863
9272,MYBPH,11.318628,-1.2853224
9273,MYBPHL,11.287677,-1.2832335
9274,MYC,8.152787,3.6889775
9275,MYCBP,11.329577,2.83111
9276,MYCBPAP,8.466025,1.0572431
9277,MYCL,8.121116,3.7999532
9278,MYCN,8.143234,3.802525
9279,MYCT1,9.8831005,5.373033
9280,MYD88,10.989907,1.9048344
9281,MYDGF,12.869058,-0.2761623
9282,MYEF2,7.088123,2.3629117
9283,MYEOV,9.449322,4.6567745
9284,MYF5,7.7808595,4.249144
9285,MYF6,7.7924995,4.2287707
9286,MYH1,8.801873,-1.0223129
9287,MYH10,8.839426,-1.0067289
9288,MYH11,8.818007,-1.0230815
9289,MYH13,8.80059,-1.0296112
9290,MYH14,8.86095,-0.99955297
9291,MYH15,8.802101,-1.0169612
9292,MYH2,8.8064575,-1.0057086
9293,MYH3,8.788664,-1.0163773
9294,MYH4,8.810697,-1.0106434
9295,MYH6,8.7579365,-1.0641686
9296,MYH7,8.784272,-1.0386053
9297,MYH7B,8.798231,-1.0232918
9298,MYH8,8.7940855,-1.0369265
9299,MYH9,8.852464,-1.0061964
9300,MYL1,5.24969,-0.43909535
9301,MYL10,5.3136315,-0.38151857
9302,MYL12A,5.301939,-0.39438903
9303,MYL12B,5.2956576,-0.39967862
9304,MYL2,5.2686696,-0.4276612
9305,MYL3,5.265773,-0.42517495
9306,MYL4,5.2635827,-0.42777348
9307,MYL5,5.2641335,-0.43162638
9308,MYL6,5.2789063,-0.418573
9309,MYL6B,5.2487125,-0.44312575
9310,MYL7,5.2518044,-0.4402913
9311,MYL9,5.280377,-0.41448215
9312,MYLIP,10.205137,1.7614251
9313,MYLK,11.299813,-1.331781
9314,MYLK2,12.774329,7.6109953
9315,MYLK3,12.753583,7.5541306
9316,MYLK4,12.756704,7.67795
9317,MYLPF,5.271155,-0.4208983
9318,MYMK,9.420102,-3.29063
9319,MYMX,9.917683,4.714244
9320,MYNN,6.093848,2.8693202
9321,MYO10,8.945036,-0.09275959
9322,MYO15A,9.922759,-0.73011434
9323,MYO15B,9.775048,-0.6627722
9324,MYO16,9.217492,0.377811
9325,MYO18A,8.813591,-1.0251431
9326,MYO18B,8.802118,-1.0051912
9327,MYO19,11.77534,1.1349931
9328,MYO1A,9.032228,-0.18866536
9329,MYO1B,8.999915,-0.13743243
9330,MYO1C,9.017916,-0.17207617
9331,MYO1D,9.023324,-0.17828944
9332,MYO1E,8.99968,-0.12155937
9333,MYO1F,9.033399,-0.15823165
9334,MYO1G,9.039771,-0.16662014
9335,MYO1H,9.025324,-0.12871705
9336,MYO3A,9.056806,0.10043576
9337,MYO3B,9.107205,0.18319887
9338,MYO5A,8.761979,-0.04866257
9339,MYO5B,8.8774805,-0.13216229
9340,MYO5C,8.767787,-0.105743565
9341,MYO6,8.722699,-0.030967116
9342,MYO7A,9.719006,-0.5357124
9343,MYO7B,9.584512,-0.60781425
9344,MYO9B,9.399364,-0.29412106
9345,MYOC,14.266238,-0.9121909
9346,MYOCD,7.785146,2.7237713
9347,MYOCOS,9.601931,4.076217
9348,MYOD1,7.767132,4.248651
9349,MYOF,9.899038,-0.8127541
9350,MYOG,7.810108,4.1897054
9351,MYOM1,11.286547,-1.3325651
9352,MYOM2,11.311913,-1.3453054
9353,MYOM3,11.315547,-1.349265
9354,MYORG,13.730774,0.11997173
9355,MYOT,8.803172,1.5143837
9356,MYOZ1,9.248729,3.3456962
9357,MYOZ2,9.094713,3.4825435
9358,MYOZ3,9.1467905,3.3562505
9359,MYPN,8.8519535,1.5192208
9360,MYPOP,8.899001,3.4801922
9361,MYRF,7.8765497,2.6884944
9362,MYRFL,9.840889,1.4559854
9363,MYRIP,9.057871,1.1742277
9364,MYSM1,9.432557,1.9168878
9365,MYT1,9.172486,2.110251
9366,MYT1L,8.89427,1.9437306
9367,MYZAP,7.8273396,0.52549905
9368,MZB1,12.894969,-0.281351
9369,MZF1,3.130289,-3.791396
9370,MZT1,11.0564375,2.7879832
9371,MZT2A,10.362613,3.4607093
9372,MZT2B,10.370905,3.399829
9373,N4BP1,8.809153,2.2380204
9374,N4BP2,8.605186,2.076242
9375,N4BP2L1,10.393579,2.1516654
9376,N4BP2L2,8.703149,2.124623
9377,N4BP3,7.990178,0.68389577
9378,N6AMT1,12.370029,2.214025
9379,NAA11,11.020988,2.5351846
9380,NAA15,11.095994,0.10622941
9381,NAA16,11.125903,0.087922506
9382,NAA20,11.765006,2.773567
9383,NAA25,10.776821,0.21890384
9384,NAA30,10.377769,2.5879948
9385,NAA35,10.427418,0.6086211
9386,NAA38,11.853597,3.3163314
9387,NAA40,11.4980345,2.015635
9388,NAA50,11.452705,2.2384918
9389,NAA60,11.754363,2.0319524
9390,NAA80,11.571454,2.0202663
9391,NAAA,13.421948,-0.013554921
9392,NAALAD2,13.231401,-0.07234314
9393,NAALADL1,13.361588,0.052199204
9394,NAALADL2,13.1884575,0.078867204
9395,NAB1,8.787022,2.9933846
9396,NAB2,8.984051,2.6919277
9397,NABP1,7.0974784,2.4646657
9398,NABP2,12.017936,2.3169432
9399,NACA,12.299469,3.5711536
9400,NACA2,11.810755,3.7478073
9401,NACAD,8.678237,3.5343428
9402,NACC1,6.2270055,3.0219972
9403,NACC2,6.130797,3.024036
9404,NADK,12.854584,1.8312851
9405,NADK2,12.586832,1.5141513
9406,NADSYN1,13.326658,1.6800393
9407,NAE1,11.394472,1.4868466
9408,NAF1,10.438683,2.5822394
9409,NAGA,13.480686,-0.04834281
9410,NAGK,13.07482,1.7190869
9411,NAGLU,13.683865,0.1272432
9412,NAGPA,13.351269,-1.104678
9413,NAGS,12.904904,1.8771385
9414,NAIF1,9.674214,3.283109
9415,NAIP,6.0123816,-2.3037868
9416,NALCN,11.572346,-2.9335096
9417,NAMPT,13.018305,1.6251893
9418,NANOG,7.221509,4.4934964
9419,NANOGNB,9.63632,3.9792325
9420,NANOGP8,7.0153837,4.6210847
9421,NANOS1,9.253032,3.318196
9422,NANOS2,10.098338,2.853058
9423,NANOS3,10.066156,3.013216
9424,NANP,12.257289,2.0937943
9425,NANS,12.977287,2.002083
9426,NAP1L4,11.006468,3.3589618
9427,NAP1L5,10.231159,3.4632907
9428,NAPA,11.1176195,0.13395898
9429,NAPB,11.156714,0.11637203
9430,NAPEPLD,11.968224,1.335404
9431,NAPG,11.205428,0.09643818
9432,NAPRT,13.077042,1.4863486
9433,NAPSA,13.651894,-0.51483816
9434,NARF,12.110694,1.6228186
9435,NARS2,12.213019,1.6041362
9436,NASP,10.058055,3.1356819
9437,NAT1,12.267892,1.9134833
9438,NAT10,11.420771,1.4992
9439,NAT14,10.290937,3.2544675
9440,NAT16,10.917702,2.4926336
9441,NAT2,12.41922,1.9735839
9442,NAT8,12.983994,0.88999814
9443,NAT8L,10.4614,2.7517376
9444,NAT9,12.44911,2.1545386
9445,NATD1,11.874754,2.740121
9446,NAV2,8.825763,0.76548094
9447,NAV3,8.843698,0.58282655
9448,NAXD,12.682047,1.7817632
9449,NAXE,12.864062,2.7117894
9450,NBAS,9.879279,-0.39924514
9451,NBEA,9.556038,-0.4188535
9452,NBEAL2,9.805683,-0.61535996
9453,NBL1,14.307976,-1.5623987
9454,NBN,9.296483,2.0667074
9455,NBPF1,8.698867,4.5419283
9456,NBPF11,8.703306,4.541486
9457,NBPF12,8.662006,4.565888
9458,NBPF14,8.687903,4.55092
9459,NBPF15,8.702943,4.5564103
9460,NBPF26,8.677669,4.5870757
9461,NBPF3,8.789599,4.3136992
9462,NBPF4,8.867176,4.0326424
9463,NBPF6,8.788242,4.30786
9464,NBPF9,8.686909,4.5459785
9465,NBR1,9.985911,2.2949843
9466,NCALD,5.3809333,-0.32968917
9467,NCAM1,12.129236,-1.714613
9468,NCAM2,12.154671,-1.7506561
9469,NCAN,13.324936,-1.229435
9470,NCAPD2,10.166932,0.06413887
9471,NCAPD3,10.201377,0.10533416
9472,NCAPG,9.196457,1.9553626
9473,NCAPG2,10.298484,0.06782383
9474,NCAPH,9.04187,2.683693
9475,NCAPH2,9.263665,2.7464898
9476,NCBP1,10.6865225,0.6647049
9477,NCBP2,11.741456,3.5343676
9478,NCBP2AS2,12.323525,3.0886009
9479,NCCRP1,10.7119255,2.792238
9480,NCDN,10.761176,0.41476372
9481,NCEH1,13.197088,0.48887908
9482,NCF1,9.905554,1.7263424
9483,NCF2,9.478556,1.3705288
9484,NCF4,9.951328,1.4182115
9485,NCK1,9.932203,1.5722423
9486,NCK2,9.927011,1.4220139
9487,NCKAP1L,10.112631,0.3049673
9488,NCKAP5,8.358785,1.7049631
9489,NCKAP5L,8.413639,2.634695
9490,NCKIPSD,9.947732,1.1768577
9491,NCL,10.609613,3.6963923
9492,NCLN,13.217812,0.040392097
9493,NCMAP,10.045015,5.295319
9494,NCOA1,7.531125,2.6509986
9495,NCOA2,7.5400558,2.6698089
9496,NCOA3,7.4989963,2.622991
9497,NCOA4,9.2104,2.5225265
9498,NCOA5,7.314043,2.4024303
9499,NCOA6,7.4950852,2.6993754
9500,NCOA7,9.547025,1.1797947
9501,NCOR1,7.7951703,1.939674
9502,NCOR2,7.8635516,1.9323848
9503,NCR1,9.234614,7.6858096
9504,NCR2,9.403917,7.1234765
9505,NCR3,9.507783,6.903483
9506,NCR3LG1,9.872487,6.429564
9507,NCS1,5.3653274,-0.34435585
9508,NCSTN,13.200191,-0.072822355
9509,NDC1,9.965176,-2.6478133
9510,NDC80,8.046595,0.64745164
9511,NDE1,8.273908,0.70126843
9512,NDEL1,8.422158,0.70302165
9513,NDFIP1,9.607066,-2.496962
9514,NDFIP2,9.653587,-2.4465787
9515,NDN,10.066856,3.239818
9516,NDNF,13.803866,-0.61653554
9517,NDOR1,11.755961,1.3322303
9518,NDRG1,11.91207,0.9777387
9519,NDRG2,11.942465,1.0035487
9520,NDRG3,11.887072,1.0236197
9521,NDRG4,11.87843,1.0089042
9522,NDST1,13.923698,0.14293551
9523,NDST2,13.776694,0.122134276
9524,NDST3,13.747776,0.1552504
9525,NDST4,13.589963,0.23108812
9526,NDUFA10,12.797794,2.480521
9527,NDUFA11,13.656769,3.8855846
9528,NDUFA12,13.028052,3.5753229
9529,NDUFA13,13.521739,3.8895235
9530,NDUFA2,13.084669,3.7633877
9531,NDUFA3,13.591098,3.9312253
9532,NDUFA4,13.55178,3.8677666
9533,NDUFA4L2,13.58051,3.8994849
9534,NDUFA5,13.1451435,3.8052588
9535,NDUFA6,13.181704,3.7828686
9536,NDUFA7,13.026992,3.5526552
9537,NDUFA8,12.684841,3.8175597
9538,NDUFA9,12.969324,2.5824292
9539,NDUFAB1,13.33624,3.1677513
9540,NDUFAF1,12.727391,2.6394875
9541,NDUFAF2,12.99716,3.5736158
9542,NDUFAF3,12.828229,3.032437
9543,NDUFAF4,12.885301,3.383627
9544,NDUFAF5,12.628383,2.4165287
9545,NDUFAF6,12.79291,2.298625
9546,NDUFAF7,12.618125,1.7629433
9547,NDUFAF8,12.716509,3.6817377
9548,NDUFB1,13.607067,3.9305522
9549,NDUFB10,12.887149,3.8733902
9550,NDUFB2,13.562123,3.8125224
9551,NDUFB3,13.57461,3.9262266
9552,NDUFB4,13.559398,3.9234176
9553,NDUFB5,13.407963,3.321995
9554,NDUFB6,13.465813,3.9352548
9555,NDUFB7,12.893244,3.8697255
9556,NDUFB8,13.5344715,3.7384286
9557,NDUFB9,13.13589,3.8245468
9558,NDUFC1,13.578677,3.9236152
9559,NDUFC2,13.580121,3.9319303
9560,NDUFC2-KCTD14,13.686879,4.022789
9561,NDUFS1,13.709161,1.9809731
9562,NDUFS2,13.766619,2.172669
9563,NDUFS3,13.453491,3.0140355
9564,NDUFS4,13.091536,3.2256813
9565,NDUFS5,12.848045,3.8740888
9566,NDUFS6,13.369547,3.364737
9567,NDUFS7,13.439647,3.0422287
9568,NDUFS8,13.424608,2.9973288
9569,NDUFV1,13.813335,2.0779207
9570,NDUFV2,13.294875,3.019085
9571,NDUFV3,13.266793,3.4214184
9572,NEBL,9.273089,0.3558934
9573,NECAB1,10.663619,2.360998
9574,NECAB2,10.60525,2.2855818
9575,NECAB3,10.468137,2.4668324
9576,NECAP1,10.013093,2.4534967
9577,NECAP2,9.925931,2.2451284
9578,NECTIN1,9.977289,6.351705
9579,NECTIN2,9.937659,6.4762225
9580,NECTIN3,10.220014,6.270128
9581,NECTIN4,9.9504595,6.4863734
9582,NEDD1,12.369032,5.073433
9583,NEDD4,9.895922,0.8831112
9584,NEDD4L,9.4899435,0.7785045
9585,NEDD8,12.075525,3.6268659
9586,NEDD9,9.122297,1.6223935
9587,NEFH,8.9841795,3.7025263
9588,NEFL,20.5823,2.5426433
9589,NEFM,8.985458,3.7772658
9590,NEIL1,10.255876,1.6573005
9591,NEIL2,11.872228,2.0144835
9592,NEIL3,9.240657,2.2897806
9593,NEK1,8.373119,1.2887149
9594,NEK10,9.484671,0.5305972
9595,NEK11,8.280235,1.1669573
9596,NEK2,12.644442,7.6582437
9597,NEK3,12.703332,7.696853
9598,NEK4,8.567462,1.4220369
9599,NEK5,8.246365,1.2324508
9600,NEK6,13.004594,7.5451984
9601,NEK7,12.899179,7.566375
9602,NEK8,12.763181,7.657787
9603,NEK9,11.164079,1.4420062
9604,NELFA,8.151434,2.5241241
9605,NELFB,10.53343,0.67422456
9606,NELFCD,10.762621,0.6867307
9607,NELFE,8.431842,2.7810915
9608,NELL1,13.272169,-2.0027294
9609,NELL2,13.260702,-1.9963095
9610,NEMF,10.638287,2.4822106
9611,NEMP1,10.124702,-2.5989544
9612,NEMP2,9.959194,-2.666694
9613,NENF,12.803189,-0.14668067
9614,NEO1,12.226325,-1.6357132
9615,NEPRO,10.425415,1.6364206
9616,NES,8.649384,3.288652
9617,NET1,9.476908,1.1547676
9618,NETO1,12.152079,-1.323949
9619,NETO2,12.20939,-1.251457
9620,NEU1,13.43312,-0.032996934
9621,NEU2,11.797848,1.4928386
9622,NEU3,11.717091,1.4881806
9623,NEU4,11.685808,1.4494023
9624,NEURL1,10.561691,1.6541681
9625,NEURL1B,10.663347,1.5694474
9626,NEURL2,11.695999,2.2097216
9627,NEURL3,10.585566,1.8689485
9628,NEURL4,11.257341,0.5375527
9629,NEUROD1,7.635701,4.2781196
9630,NEUROD2,7.50676,4.2944
9631,NEUROD4,7.6756096,4.2524176
9632,NEUROD6,7.56929,4.2312136
9633,NEUROG1,7.797859,4.3059664
9634,NEUROG2,7.728639,4.2879167
9635,NEUROG3,7.7737875,4.340969
9636,NEXN,8.683162,1.6432921
9637,NF2,8.08894,0.4882908
9638,NFAM1,9.604354,6.7682147
9639,NFASC,12.155979,-1.6915196
9640,NFATC1,7.5550814,3.3542924
9641,NFATC2,7.596448,3.2991667
9642,NFATC2IP,9.735907,2.2834332
9643,NFATC3,7.691744,3.1829746
9644,NFATC4,7.9266386,3.1501808
9645,NFE2,7.9027896,3.9510946
9646,NFE2L1,8.087283,3.658791
9647,NFE2L2,8.118418,3.6301174
9648,NFE2L3,9.194806,2.8878586
9649,NFIA,7.4675493,3.2717006
9650,NFIB,7.4729376,3.3756235
9651,NFIC,7.6593857,3.368805
9652,NFIL3,8.391695,3.5511303
9653,NFIX,7.5246115,3.3937612
9654,NFKB1,13.731656,5.2759366
9655,NFKB2,13.687008,5.2473435
9656,NFKBIA,13.778231,5.3171625
9657,NFKBIB,13.769817,5.309452
9658,NFKBID,13.784532,5.322872
9659,NFKBIE,13.764319,5.3058386
9660,NFKBIL1,10.558844,3.3863385
9661,NFKBIZ,13.765251,5.312535
9662,NFRKB,8.063332,2.3238614
9663,NFS1,13.514176,2.0622897
9664,NFU1,12.977765,2.9955163
9665,NFX1,10.263177,2.1884813
9666,NFXL1,10.363797,2.2315664
9667,NFYA,7.0972314,3.0044055
9668,NFYB,10.603621,2.8976126
9669,NFYC,7.113287,3.0014005
9670,NGB,10.735701,3.0266097
9671,NGDN,11.255954,3.1812735
9672,NGEF,9.397972,1.2972581
9673,NGF,14.460704,-1.2224077
9674,NGFR,9.863016,5.7731175
9675,NGLY1,10.991925,1.7132069
9676,NGRN,12.649037,3.0788035
9677,NHEJ1,10.811329,2.0401719
9678,NHLH1,7.767755,4.3395634
9679,NHLH2,7.7694855,4.3347273
9680,NHLRC1,11.985454,1.8887138
9681,NHLRC2,11.627546,1.0485594
9682,NHLRC3,13.071494,0.075894624
9683,NHLRC4,12.16296,1.9321394
9684,NHP2,12.134881,3.4322338
9685,NHSL1,8.379859,1.830918
9686,NIBAN1,9.485829,1.0404018
9687,NIBAN2,9.718678,1.077457
9688,NIBAN3,10.491543,0.73669004
9689,NICN1,11.959842,2.0729501
9690,NID1,13.097682,-1.8932452
9691,NID2,13.121916,-1.9545321
9692,NIF3L1,12.264146,2.1190348
9693,NIFK,11.385904,3.2820597
9694,NIM1K,12.685224,7.785413
9695,NIN,7.5304265,0.25536233
9696,NINJ1,9.878464,-2.79372
9697,NINJ2,9.684622,-2.673647
9698,NINL,7.540488,0.37823305
9699,NIP7,11.857387,2.7263296
9700,NIPA1,9.82565,-3.3332987
9701,NIPA2,9.990242,-3.5031447
9702,NIPAL1,10.040711,-3.5412343
9703,NIPAL2,9.882811,-3.3380702
9704,NIPAL3,9.929968,-3.4066327
9705,NIPAL4,10.139002,-3.5516284
9706,NIPBL,7.888188,1.8377869
9707,NIPSNAP1,12.913623,2.5279264
9708,NIPSNAP2,12.919851,2.5701494
9709,NIPSNAP3A,13.000648,2.5781622
9710,NIPSNAP3B,13.011612,2.5112357
9711,NISCH,9.843717,0.2821154
9712,NIT1,12.641436,2.0033903
9713,NIT2,13.078429,1.9723048
9714,NKAIN1,8.501809,-3.028832
9715,NKAIN2,8.592289,-2.949336
9716,NKAIN4,8.638444,-2.8992393
9717,NKAPD1,7.211958,1.7849039
9718,NKAPL,7.168916,1.7570329
9719,NKD2,8.867836,2.4879158
9720,NKG7,8.50888,-3.237114
9721,NKIRAS1,7.7349906,-6.907367
9722,NKIRAS2,7.733546,-6.907005
9723,NKPD1,11.570265,0.65994275
9724,NKTR,6.9187417,1.7256135
9725,NKX1-1,6.834563,4.663018
9726,NKX1-2,6.8472285,4.72713
9727,NKX2-1,6.8696837,4.3719935
9728,NKX2-2,6.817574,4.706598
9729,NKX2-3,6.7165856,4.623642
9730,NKX2-4,6.754951,4.5165305
9731,NKX2-5,6.7285185,4.691309
9732,NKX2-6,6.847256,4.7476525
9733,NKX2-8,6.895579,4.7577653
9734,NKX3-1,6.8918347,4.7502327
9735,NKX3-2,6.818975,4.7301927
9736,NKX6-1,6.716182,4.5628247
9737,NKX6-2,6.799594,4.5745907
9738,NKX6-3,6.74687,4.604888
9739,NLE1,12.482885,5.1842375
9740,NLGN2,13.160415,-1.1651448
9741,NLK,12.856239,7.647626
9742,NLN,12.787275,0.6139005
9743,NLRC3,5.9888315,-2.31751
9744,NLRC4,5.994212,-2.3146076
9745,NLRC5,5.9948897,-2.3137722
9746,NLRP1,6.047457,-2.2729044
9747,NLRP10,11.342761,0.53176594
9748,NLRP11,5.998811,-2.31082
9749,NLRP12,5.990629,-2.3136091
9750,NLRP13,5.9950395,-2.3130865
9751,NLRP14,6.0099297,-2.2978904
9752,NLRP2,5.994904,-2.3129623
9753,NLRP3,5.961148,-2.3198516
9754,NLRP4,5.9934735,-2.3106463
9755,NLRP5,5.9946227,-2.3134983
9756,NLRP6,5.992326,-2.3134508
9757,NLRP7,5.993756,-2.3135493
9758,NLRP8,5.997328,-2.3109767
9759,NLRP9,5.992921,-2.3159833
9760,NLRX1,6.0137486,-2.302676
9761,NMB,15.43305,-1.9698817
9762,NMBR,0.62304205,-2.3141856
9763,NMD3,11.025364,2.3529139
9764,NME1,12.251982,3.3463395
9765,NME2,12.423718,3.1891322
9766,NME3,12.588069,2.6930346
9767,NME4,12.624087,2.872352
9768,NME5,11.53759,2.9183767
9769,NME6,12.255035,2.4166965
9770,NME7,12.177844,2.302852
9771,NME8,11.1309395,1.8379879
9772,NME9,11.757423,2.349568
9773,NMI,11.194753,1.296591
9774,NMNAT1,12.46696,2.1350062
9775,NMNAT2,12.404096,2.0596356
9776,NMNAT3,12.470896,2.0776126
9777,NMRAL1,12.885946,1.93681
9778,NMRK1,12.122719,1.916952
9779,NMRK2,11.817407,1.983741
9780,NMS,15.390066,-1.9357351
9781,NMT1,11.114651,2.086626
9782,NMT2,10.898445,2.2276902
9783,NMU,15.397033,-1.9502192
9784,NMUR1,0.5138946,-2.4481492
9785,NMUR2,0.57422894,-2.36623
9786,NNAT,9.565339,4.6753163
9787,NNMT,12.478844,1.9064555
9788,NNT,13.756104,2.065056
9789,NOA1,12.221908,2.4857702
9790,NOB1,11.549391,3.113682
9791,NOBOX,7.461345,4.3270464
9792,NOC2L,11.366564,3.2075884
9793,NOC3L,11.340478,3.1520224
9794,NOC4L,11.452894,2.316595
9795,NOCT,11.38049,2.368438
9796,NOD1,5.9981513,-2.3112247
9797,NOD2,5.995579,-2.312161
9798,NODAL,14.450418,-1.0248603
9799,NOG,14.515354,-1.1756339
9800,NOL10,12.1155205,4.5736356
9801,NOL11,11.022915,0.9199275
9802,NOL12,11.157407,3.3951418
9803,NOL3,9.830545,3.0809102
9804,NOL4,7.894882,3.1145399
9805,NOL4L,7.6981063,3.1695633
9806,NOL6,11.356419,0.9866323
9807,NOL7,11.018765,3.378979
9808,NOL8,10.026998,2.783613
9809,NOL9,11.497707,1.9126652
9810,NOLC1,9.889773,3.1767824
9811,NOM1,11.374327,2.8932488
9812,NOMO1,12.179585,-0.9757361
9813,NOMO2,12.333305,-1.0761625
9814,NOMO3,12.1795025,-0.95539296
9815,NOP10,9.734916,4.5432115
9816,NOP14,11.326912,3.1249423
9817,NOP16,12.64963,3.413649
9818,NOP2,11.412393,2.6398451
9819,NOP53,11.320648,3.2328105
9820,NOP56,11.365252,3.094752
9821,NOP58,11.388745,3.0419853
9822,NOP9,10.820173,0.89231986
9823,NOS1,11.54385,0.6342011
9824,NOS1AP,9.347248,1.3903669
9825,NOS2,11.628428,0.65566707
9826,NOS3,11.511103,0.72148293
9827,NOSIP,10.746477,2.8656292
9828,NOSTRIN,9.374205,0.64777255
9829,NOTCH1,12.603946,-2.201402
9830,NOTCH2,12.646756,-2.1763668
9831,NOTCH2NLA,13.529988,-1.8822778
9832,NOTCH2NLB,13.539676,-1.8455576
9833,NOTCH2NLC,13.470097,-1.8769572
9834,NOTCH3,12.702248,-2.215675
9835,NOTCH4,13.033933,-2.1777084
9836,NOTO,6.894306,4.7028832
9837,NOTUM,13.535276,-0.31286818
9838,NOVA1,7.031653,3.1271515
9839,NOVA2,7.212404,3.082306
9840,NOX3,11.682506,0.22524005
9841,NOX4,11.583957,0.18477288
9842,NOX5,11.587558,0.49852407
9843,NOXA1,9.836895,1.4734747
9844,NOXO1,10.066841,1.8251543
9845,NOXRED1,11.099286,1.8842422
9846,NPAP1,8.534353,3.7157207
9847,NPAS1,9.776664,1.2812763
9848,NPAS2,7.6744914,2.6360672
9849,NPAS3,8.862374,1.3250455
9850,NPAS4,8.435474,2.9651396
9851,NPAT,8.555799,2.1725328
9852,NPB,15.45279,-1.9894618
9853,NPBWR1,0.615361,-2.397721
9854,NPBWR2,0.49340084,-2.418424
9855,NPC1,11.020706,-3.106783
9856,NPC1L1,11.068153,-2.9092126
9857,NPC2,13.297552,-0.34143174
9858,NPDC1,10.033637,5.609392
9859,NPEPL1,13.311644,1.8993212
9860,NPEPPS,12.86409,0.53370935
9861,NPFF,15.4207735,-1.9640414
9862,NPFFR1,0.5871938,-2.399286
9863,NPFFR2,0.61032844,-2.325173
9864,NPHP1,8.350987,0.9140782
9865,NPHP3,10.94544,0.10048037
9866,NPHP4,9.047097,0.6238553
9867,NPHS1,9.945206,6.82829
9868,NPHS2,12.295608,0.92239594
9869,NPIPA1,9.5203285,-11.588772
9870,NPIPA2,9.521236,-11.58727
9871,NPIPA3,9.521242,-11.588988
9872,NPIPA5,9.520819,-11.589101
9873,NPIPA7,9.520519,-11.589071
9874,NPIPA8,9.520571,-11.588905
9875,NPIPB11,9.521185,-11.591033
9876,NPIPB12,9.52124,-11.591201
9877,NPIPB13,9.521044,-11.591182
9878,NPIPB15,9.52013,-11.588745
9879,NPIPB2,9.520205,-11.58897
9880,NPIPB3,9.521156,-11.5915575
9881,NPIPB4,9.521142,-11.591318
9882,NPIPB5,9.520065,-11.590739
9883,NPIPB6,9.520186,-11.589372
9884,NPIPB7,9.520139,-11.589441
9885,NPIPB8,9.520333,-11.589835
9886,NPIPB9,9.520337,-11.589918
9887,NPL,13.119045,1.7125847
9888,NPLOC4,10.531417,0.9849417
9889,NPM1,11.856102,3.5732648
9890,NPM2,11.218827,3.517318
9891,NPM3,11.79739,3.3621454
9892,NPNT,13.440592,-1.9737072
9893,NPPA,15.463687,-1.9924004
9894,NPPB,15.442049,-1.9778721
9895,NPPC,15.425075,-1.9704418
9896,NPR1,13.714878,6.6828303
9897,NPR2,11.434506,-2.0709162
9898,NPR3,12.968481,-0.965651
9899,NPRL2,11.474526,2.4849622
9900,NPRL3,10.9921,1.7562536
9901,NPS,15.367792,-1.9433182
9902,NPSR1,0.56987613,-2.3499267
9903,NPTN,9.983577,6.2381887
9904,NPTX1,14.250537,-0.762148
9905,NPTX2,14.314113,-0.8929509
9906,NPTXR,14.172507,-0.6997468
9907,NPVF,15.402078,-1.9595671
9908,NPW,15.47648,-2.007338
9909,NPY,15.508331,-2.021708
9910,NPY1R,0.5208114,-2.3896012
9911,NPY2R,0.60670775,-2.4037294
9912,NPY4R,0.39889303,-2.4050508
9913,NPY4R2,0.32978854,-2.4037328
9914,NPY5R,0.6096248,-2.1947632
9915,NQO1,13.4946165,1.6900703
9916,NQO2,13.258431,1.901904
9917,NR0B2,9.807702,3.7297602
9918,NR1D1,5.72843,3.866256
9919,NR1D2,5.7532463,3.8380125
9920,NR1H2,5.6827793,3.8691835
9921,NR1H3,5.629153,3.8374293
9922,NR1H4,5.711746,3.86516
9923,NR1I2,5.705928,3.8730807
9924,NR1I3,5.691736,3.8652425
9925,NR2C1,5.7769723,3.807929
9926,NR2C2,6.8542676,3.196864
9927,NR2C2AP,12.283984,2.355534
9928,NR2E1,5.7262135,3.8680427
9929,NR2E3,5.6676702,3.8287349
9930,NR2F1,5.985748,3.8839402
9931,NR2F2,5.9476166,3.8685338
9932,NR2F6,10.066323,3.1495824
9933,NR3C1,8.83569,2.187628
9934,NR3C2,8.611048,2.0546784
9935,NR4A1,6.551502,3.74901
9936,NR4A2,6.5232635,3.6966112
9937,NR4A3,6.642192,3.7384217
9938,NR5A1,5.711549,3.8602931
9939,NR5A2,5.750714,3.8356
9940,NR6A1,5.772692,3.8212564
9941,NRAP,9.243584,0.12056467
9942,NRARP,13.778356,5.3125215
9943,NRAS,7.529085,-7.110101
9944,NRBF2,10.3383875,2.593688
9945,NRBP1,10.588037,1.0595347
9946,NRBP2,9.918052,1.2695585
9947,NRCAM,12.137922,-1.7260599
9948,NRDC,11.607417,1.0175589
9949,NREP,9.455062,4.658616
9950,NRF1,7.0734015,3.1213791
9951,NRG1,12.016479,-1.4321615
9952,NRG2,11.952176,-1.3253305
9953,NRG3,12.131106,-1.4005948
9954,NRG4,10.115092,5.290032
9955,NRGN,9.816848,3.8040972
9956,NRIP1,7.8501863,2.1339939
9957,NRIP2,9.673588,3.8176086
9958,NRIP3,9.618804,3.662636
9959,NRL,8.076221,4.0593486
9960,NRM,9.803056,-3.0330238
9961,NRN1,14.322643,-1.8391812
9962,NRN1L,14.44457,-1.9196718
9963,NRP1,13.050812,-1.671684
9964,NRP2,13.088129,-1.6345505
9965,NRROS,15.674497,4.619232
9966,NRSN1,10.0516815,4.999065
9967,NRSN2,10.039259,4.91806
9968,NRTN,14.429764,-1.0551609
9969,NRXN1,11.959531,-2.0359354
9970,NRXN2,11.934912,-2.0952659
9971,NRXN3,12.084525,-1.9675026
9972,NSA2,11.435664,3.330782
9973,NSD2,9.322899,2.1034448
9974,NSD3,8.8558035,2.066748
9975,NSF,11.55162,1.2991644
9976,NSFL1C,10.553923,2.3765373
9977,NSG1,9.992046,5.3921647
9978,NSG2,9.985174,5.4095454
9979,NSMAF,12.303685,4.906382
9980,NSMCE1,11.209332,2.5865533
9981,NSMCE2,10.51046,2.795013
9982,NSMCE3,10.059629,3.17563
9983,NSMCE4A,11.038812,2.6158297
9984,NSMF,9.433302,1.7165406
9985,NSRP1,7.167085,1.8344687
9986,NSUN2,11.532036,2.002141
9987,NSUN3,12.1272135,1.9898182
9988,NSUN4,12.162561,2.1611192
9989,NSUN5,12.175402,2.076852
9990,NSUN6,12.529467,1.8171961
9991,NSUN7,10.369745,1.6841667
9992,NT5C,12.572307,2.3940485
9993,NT5C1A,12.31989,2.1316705
9994,NT5C1B,9.816886,2.021497
9995,NT5C2,12.290095,1.3267223
9996,NT5C3A,12.268412,2.0756793
9997,NT5C3B,12.303826,1.9618692
9998,NT5DC1,12.069987,1.8417952
9999,NT5DC2,12.241449,1.4717319
10000,NT5DC3,12.012928,1.4537767
10001,NT5DC4,12.392203,1.4427574
10002,NT5E,13.377538,-0.21478775
10003,NT5M,11.14517,2.8442373
10004,NTAN1,11.4859915,1.7990949
10005,NTF3,14.479644,-1.2020776
10006,NTF4,14.517568,-1.1889906
10007,NTHL1,12.618786,2.6111035
10008,NTM,12.13662,-1.7118689
10009,NTMT1,12.214231,2.2908635
10010,NTN1,13.235729,-1.8106319
10011,NTN3,13.438611,-1.7467705
10012,NTN4,13.334877,-1.9364733
10013,NTN5,13.571068,-1.7223941
10014,NTNG1,13.168565,-1.8542484
10015,NTNG2,13.199854,-1.7711756
10016,NTPCR,12.500672,2.0513601
10017,NTRK1,13.692027,6.77051
10018,NTRK2,13.709221,6.742533
10019,NTS,15.409285,-1.9467736
10020,NTSR1,0.59464484,-2.3273978
10021,NTSR2,0.49176508,-2.4122841
10022,NUAK1,12.716387,7.574624
10023,NUAK2,12.6680155,7.6409574
10024,NUB1,10.925912,1.6669132
10025,NUBP1,12.657164,1.9742968
10026,NUBP2,12.724853,2.0624666
10027,NUBPL,12.895085,2.1559463
10028,NUCB1,12.802066,-0.41270864
10029,NUCB2,12.814364,-0.42689273
10030,NUCKS1,10.587793,3.6274896
10031,NUDC,11.216744,2.8407438
10032,NUDCD1,11.239619,1.241715
10033,NUDCD2,11.674654,2.638331
10034,NUDCD3,10.894564,2.6480818
10035,NUDT1,12.334881,2.5551026
10036,NUDT12,12.257561,1.8966362
10037,NUDT13,12.573879,1.9342095
10038,NUDT14,12.451618,2.3171947
10039,NUDT15,12.333503,2.5109234
10040,NUDT16,12.253069,2.5334074
10041,NUDT16L1,12.208022,2.4227822
10042,NUDT17,11.947195,2.163326
10043,NUDT18,11.982939,2.184128
10044,NUDT19,12.157388,2.2273426
10045,NUDT2,12.490178,2.497278
10046,NUDT21,11.76652,2.5137753
10047,NUDT22,11.883966,2.103386
10048,NUDT3,12.235099,2.5744193
10049,NUDT4,12.22798,2.5503569
10050,NUDT4B,12.27822,2.7114828
10051,NUDT5,12.501469,2.5355535
10052,NUDT6,12.716243,2.6045434
10053,NUDT7,12.3876915,2.4488144
10054,NUDT8,12.589364,2.6807926
10055,NUDT9,12.563134,2.491296
10056,NUF2,8.092397,0.6691525
10057,NUFIP1,10.47692,2.768139
10058,NUFIP2,7.7184067,2.6569886
10059,NUGGC,11.70424,0.29237872
10060,NUMA1,7.576916,0.3049498
10061,NUMB,7.977714,2.4589422
10062,NUMBL,8.047533,2.5267239
10063,NUP107,10.658531,0.24077381
10064,NUP133,10.664566,0.032948527
10065,NUP153,7.9196057,2.4452884
10066,NUP155,10.655974,0.015635282
10067,NUP160,10.685882,-0.050351407
10068,NUP188,10.235606,-0.14618464
10069,NUP205,9.97186,-0.36908114
10070,NUP210,12.314392,-1.5483313
10071,NUP210L,12.339879,-1.4689436
10072,NUP214,7.9401007,2.443626
10073,NUP35,9.496113,2.145083
10074,NUP37,12.443963,5.0939507
10075,NUP42,7.914589,2.468559
10076,NUP43,12.456087,5.1367807
10077,NUP50,10.004171,2.9910164
10078,NUP54,7.9797554,2.460215
10079,NUP58,7.940052,2.4500291
10080,NUP62,7.698343,2.65723
10081,NUP85,10.6469,0.15932481
10082,NUP88,10.80896,0.7929422
10083,NUP93,10.585746,0.31872657
10084,NUP98,7.954943,2.400969
10085,NUPR1,9.985806,3.7712042
10086,NUPR2,10.064241,3.8757765
10087,NUS1,12.286195,1.383059
10088,NUSAP1,8.995675,2.601258
10089,NUTF2,12.119989,2.9610546
10090,NUTM1,8.522038,2.962088
10091,NUTM2A,8.569776,3.0892682
10092,NUTM2B,8.508008,2.9673724
10093,NUTM2D,8.563915,2.8994079
10094,NUTM2E,8.504518,2.8773124
10095,NUTM2F,8.548143,2.9859746
10096,NUTM2G,8.546533,2.9300573
10097,NVL,11.306651,1.3613268
10098,NWD1,10.040099,-0.369965
10099,NWD2,10.321684,-0.13586013
10100,NXF1,10.392488,1.9943128
10101,NXN,12.014882,1.8178833
10102,NXNL1,11.9281025,1.7483134
10103,NXNL2,12.058511,1.6333778
10104,NXPE1,13.770655,-0.018606247
10105,NXPE2,13.956416,0.013821296
10106,NXPE3,14.019184,0.17960528
10107,NXPE4,13.825168,0.040043157
10108,NXPH1,14.236576,-1.0593852
10109,NXPH2,14.326874,-1.0275143
10110,NXPH3,14.427093,-1.0442104
10111,NXPH4,14.447859,-1.0288364
10112,NXT1,12.236243,2.9303246
10113,NYAP1,8.643228,2.7953215
10114,NYAP2,8.382101,1.8581771
10115,NYNRIN,9.0949135,3.1530838
10116,OAF,13.855308,-1.016896
10117,OARD1,12.259057,2.2925925
10118,OAS1,11.540529,0.5621584
10119,OAS2,11.545447,0.46260038
10120,OAS3,11.498369,0.50507456
10121,OASL,11.494028,0.50770164
10122,OAT,13.713119,1.8950926
10123,OAZ1,9.957634,4.3594785
10124,OAZ2,10.018839,4.32524
10125,OAZ3,9.980013,4.4610653
10126,OBI1,9.122579,2.2044635
10127,OBP2A,7.6204615,-1.909217
10128,OBP2B,7.6183147,-1.9010953
10129,OBSL1,11.312675,-1.3666376
10130,OC90,13.941092,-1.2877127
10131,OCA2,10.387668,-3.7258735
10132,OCEL1,9.539386,3.619125
10133,OCIAD1,13.616497,3.8494422
10134,OCIAD2,13.61639,3.8453147
10135,OCLN,10.136845,-2.2786956
10136,OCM,5.3304887,-0.36982557
10137,OCM2,5.346357,-0.3558891
10138,OCSTAMP,10.160182,-2.5007634
10139,ODAM,8.904252,4.8622456
10140,ODAPH,8.961358,4.694453
10141,ODC1,13.02861,1.6339488
10142,ODF1,3.8009684,-9.539883
10143,ODF2,7.4086356,0.27567065
10144,ODF2L,7.4741507,0.3591718
10145,ODF3,8.7202215,4.385482
10146,ODF3B,8.699909,4.3774137
10147,ODF3L1,8.687417,4.375698
10148,ODF3L2,8.772841,4.4043355
10149,ODF4,8.521093,-3.1916912
10150,ODR4,11.035654,1.4160123
10151,OGA,10.02012,1.3078505
10152,OGDH,13.769866,1.8276715
10153,OGDHL,13.684223,1.7397087
10154,OGFOD1,11.753362,1.7333416
10155,OGFOD2,12.210221,1.7987981
10156,OGFOD3,13.550407,0.18410769
10157,OGFR,9.65438,2.3007135
10158,OGFRL1,10.2673025,2.3290684
10159,OGG1,12.659061,1.7843317
10160,OGN,15.676711,4.744237
10161,OIP5,11.013087,2.6995013
10162,OIT3,13.394018,-1.9691311
10163,OLA1,11.889517,1.5444114
10164,OLAH,12.810294,1.12852
10165,OLFM1,14.2325325,-0.87810624
10166,OLFM2,14.254293,-0.9109954
10167,OLFM3,14.223805,-0.8213186
10168,OLFM4,14.195066,-0.9353302
10169,OLFML1,14.105099,-0.68933415
10170,OLFML2A,14.020568,-0.87088186
10171,OLFML2B,14.048927,-0.86897266
10172,OLFML3,14.188515,-0.7941629
10173,OLIG1,7.803327,4.237534
10174,OLIG2,7.469676,4.2173448
10175,OLIG3,7.693014,4.1701255
10176,OLR1,7.049906,-4.3954782
10177,OMA1,12.638502,2.5242393
10178,OMD,15.685284,4.7384357
10179,OMG,15.756907,4.4688964
10180,OMP,10.58849,3.6511464
10181,ONECUT1,6.8224564,4.245732
10182,ONECUT3,6.8361316,4.354336
10183,OOEP,10.106206,3.604861
10184,OOSP1,13.036359,-0.83011216
10185,OOSP2,12.999331,-0.88261265
10186,OOSP3,13.04644,-0.8238652
10187,OOSP4A,13.023673,-0.8277929
10188,OOSP4B,13.018773,-0.789682
10189,OPA1,11.128656,1.0298351
10190,OPA3,12.224256,1.7323632
10191,OPALIN,9.786835,5.080243
10192,OPCML,12.162252,-1.7023929
10193,OPLAH,12.165402,0.9282791
10194,OPN1SW,0.6470619,-2.359098
10195,OPN3,0.6569486,-2.3726099
10196,OPN4,0.6141914,-2.4314356
10197,OPN5,0.6149569,-2.3797784
10198,OPRD1,0.60528225,-2.3490407
10199,OPRK1,0.61788553,-2.343234
10200,OPRL1,0.58430094,-2.3740945
10201,OPRPN,8.86428,5.119198
10202,OPTC,15.663383,4.7287216
10203,OPTN,7.7769537,0.50151765
10204,OR10A2,-3.4940007,1.0833207
10205,OR10A3,-3.608476,1.2674706
10206,OR10A4,-3.5842288,1.232132
10207,OR10A5,-3.614384,1.1751481
10208,OR10A6,-3.5687635,1.234254
10209,OR10A7,-3.6441662,1.2140499
10210,OR10AD1,-3.7308583,1.2121022
10211,OR10AG1,-3.4958925,1.1339304
10212,OR10C1,-3.581515,1.2674156
10213,OR10D3,-3.5685518,1.2793741
10214,OR10G2,-3.6052253,1.2609171
10215,OR10G3,-3.5874114,1.2804561
10216,OR10G4,-3.5222945,1.1501728
10217,OR10G6,-3.61983,1.3090442
10218,OR10G7,-3.5273077,1.1429509
10219,OR10G8,-3.5813189,1.2316853
10220,OR10G9,-3.5717092,1.2694016
10221,OR10H1,-3.6009924,1.3256428
10222,OR10H2,-3.7647827,1.4415146
10223,OR10H3,-3.6796114,1.3517817
10224,OR10H4,-3.698854,1.3874555
10225,OR10H5,-3.5496447,1.2746252
10226,OR10J1,-3.7311618,1.3750359
10227,OR10J3,-3.5977821,1.2795043
10228,OR10J5,-3.6656902,1.2762914
10229,OR10K1,-3.5074294,1.1707209
10230,OR10K2,-3.5014567,1.2420335
10231,OR10P1,-3.5892787,1.2741759
10232,OR10Q1,-3.56404,1.2511915
10233,OR10R2,-3.6355057,1.225331
10234,OR10S1,-3.5803611,1.2414979
10235,OR10T2,-3.629842,1.2238486
10236,OR10V1,-3.5783007,1.2278782
10237,OR10W1,-3.5602076,1.2069598
10238,OR10X1,-3.6181836,1.2579274
10239,OR10Z1,-3.5531619,1.2698307
10240,OR11A1,-3.5895338,1.2608656
10241,OR11G2,-3.54284,1.2348764
10242,OR11H1,-3.569178,1.2370765
10243,OR11H12,-3.5853229,1.2666914
10244,OR11H2,-3.577086,1.328868
10245,OR11H4,-3.5800197,1.2900825
10246,OR11H6,-3.4930546,1.1934168
10247,OR11L1,-3.593588,1.2455095
10248,OR12D2,-3.5479064,1.1826892
10249,OR12D3,-3.5069737,1.2215397
10250,OR13A1,-3.595451,1.2376479
10251,OR13C2,-3.6329463,1.3051182
10252,OR13C3,-3.6527865,1.3679433
10253,OR13C4,-3.6255264,1.2843784
10254,OR13C5,-3.5735626,1.3121234
10255,OR13C8,-3.650346,1.2619412
10256,OR13C9,-3.6452582,1.2987195
10257,OR13D1,-3.6692574,1.3440037
10258,OR13F1,-3.6407635,1.3020029
10259,OR13G1,-3.5272605,1.1729691
10260,OR13J1,-3.4002473,1.1854845
10261,OR14A16,-3.3402789,1.1312991
10262,OR14A2,-3.3547828,1.0759066
10263,OR14C36,-3.3473408,1.1397766
10264,OR14I1,-3.447294,1.1334716
10265,OR14J1,-3.3955865,1.0651622
10266,OR14K1,-3.5177653,1.2077848
10267,OR1A1,-3.533272,1.0221279
10268,OR1A2,-3.5478864,0.9501194
10269,OR1B1,-3.573312,1.2569132
10270,OR1C1,-3.473446,1.1117243
10271,OR1D2,-3.6252484,0.85572195
10272,OR1D5,-3.652111,0.85180694
10273,OR1E1,-3.7130418,0.76910204
10274,OR1E2,-3.7284884,0.7624954
10275,OR1F1,-3.6009066,1.0182203
10276,OR1G1,-3.6668415,0.81163573
10277,OR1I1,-3.633786,0.8550047
10278,OR1J1,-3.5732534,0.93235713
10279,OR1J2,-3.6730397,0.7855248
10280,OR1J4,-3.7424102,0.7209771
10281,OR1K1,-3.6077712,1.3359675
10282,OR1L1,-3.5442045,1.0975779
10283,OR1L3,-3.6564126,1.1336942
10284,OR1L4,-3.4623306,0.94808763
10285,OR1L6,-3.5568855,1.1554918
10286,OR1L8,-3.4845765,0.9789941
10287,OR1M1,-3.5666883,1.0491258
10288,OR1N1,-3.6719348,0.7941075
10289,OR1N2,-3.706291,0.9285357
10290,OR1Q1,-3.5468018,0.99618953
10291,OR1S1,-3.7084272,0.74791515
10292,OR1S2,-3.7114618,0.7554356
10293,OR2A1,-3.5402296,1.251477
10294,OR2A12,-3.5170963,1.2217426
10295,OR2A14,-3.5097404,1.1986027
10296,OR2A2,-3.5549746,1.2341504
10297,OR2A25,-3.5346637,1.2279378
10298,OR2A4,-3.6314232,1.3090533
10299,OR2A42,-3.535557,1.2715739
10300,OR2A5,-3.4781134,1.244021
10301,OR2A7,-3.649882,1.3213811
10302,OR2AE1,-3.5801518,1.2853718
10303,OR2AG1,-3.5623076,1.3014711
10304,OR2AG2,-3.5782266,1.2706059
10305,OR2AJ1,-3.581195,1.1788192
10306,OR2AK2,-3.6178088,1.2963398
10307,OR2AP1,-3.6829002,1.2700952
10308,OR2AT4,-3.5645182,1.2825153
10309,OR2B11,-3.559831,1.2972795
10310,OR2B2,-3.625816,1.2950474
10311,OR2B3,-3.6569376,1.3269411
10312,OR2B6,-3.5593603,1.2728256
10313,OR2C1,-3.5389564,1.2874899
10314,OR2C3,-3.5167656,1.320195
10315,OR2D2,-3.5982828,1.2757964
10316,OR2D3,-3.5831397,1.2470474
10317,OR2F1,-3.4835365,1.1914872
10318,OR2F2,-3.6100852,1.2851527
10319,OR2G2,-3.6126144,1.314296
10320,OR2G3,-3.6153967,1.2273535
10321,OR2G6,-3.577792,1.3218201
10322,OR2H1,-3.5837052,1.3031313
10323,OR2H2,-3.563077,1.2941829
10324,OR2I1P,-3.6454933,1.3981634
10325,OR2J1,-3.563655,1.2692416
10326,OR2J2,-3.5080838,1.2966776
10327,OR2J3,-3.3210154,1.203846
10328,OR2K2,-3.6673257,1.3112631
10329,OR2L13,-3.6447284,1.3025844
10330,OR2L2,-3.4099796,1.1168407
10331,OR2L3,-3.3793812,1.0813986
10332,OR2L5,-3.4035907,1.1117567
10333,OR2L8,-3.6037908,1.2705448
10334,OR2M2,-3.6584773,1.2603037
10335,OR2M3,-3.4470658,1.0372214
10336,OR2M4,-3.4786444,1.1254439
10337,OR2M5,-3.6674414,1.2992758
10338,OR2M7,-3.6504042,1.228574
10339,OR2S2,-3.6710112,1.3372352
10340,OR2T1,-3.6130242,1.2530143
10341,OR2T10,-3.5276706,1.1924498
10342,OR2T11,-3.550405,1.2121817
10343,OR2T12,-3.6271276,1.3710324
10344,OR2T2,-3.612128,1.2740065
10345,OR2T27,-3.697141,1.2960907
10346,OR2T29,-3.546025,1.2394832
10347,OR2T3,-3.679038,1.3095349
10348,OR2T33,-3.5721517,1.3318374
10349,OR2T34,-3.6603994,1.2144177
10350,OR2T35,-3.6014142,1.26062
10351,OR2T4,-3.6079814,1.22269
10352,OR2T5,-3.5746887,1.227356
10353,OR2T6,-3.5546975,1.2292415
10354,OR2T8,-3.6472301,1.3584285
10355,OR2V1,-3.6194296,1.3468804
10356,OR2V2,-3.5674162,1.342132
10357,OR2W1,-3.6718476,1.3257442
10358,OR2W3,-3.562004,1.3140695
10359,OR2Y1,-3.603838,1.3075501
10360,OR2Z1,-3.647025,1.3412144
10361,OR3A1,-3.6104605,1.29956
10362,OR3A2,-3.5886014,1.242022
10363,OR3A3,-3.616617,1.3224568
10364,OR4A15,-3.2104475,1.154584
10365,OR4A16,-3.1315293,1.1047654
10366,OR4A47,-3.0899675,1.1459523
10367,OR4A5,-3.0898616,1.1298137
10368,OR4B1,-3.1187892,1.1434909
10369,OR4C11,-3.1824234,1.1369089
10370,OR4C12,-3.0818372,1.1214387
10371,OR4C13,-3.1094136,1.131383
10372,OR4C15,-3.0920813,1.132153
10373,OR4C16,-3.1376972,1.1416137
10374,OR4C3,-3.094889,1.1292809
10375,OR4C45,-3.1870763,1.1109163
10376,OR4C46,-3.106543,1.0890696
10377,OR4C5,-3.1427133,1.1125393
10378,OR4C6,-3.0729475,1.1409113
10379,OR4D1,-3.3064222,1.1824088
10380,OR4D10,-3.2098851,1.1409768
10381,OR4D11,-3.2104456,1.1973305
10382,OR4D2,-3.3456318,1.1713533
10383,OR4D5,-3.1193354,1.1361206
10384,OR4D6,-3.1192415,1.0958632
10385,OR4D9,-3.2997184,1.1304518
10386,OR4E1,-3.158443,1.1639535
10387,OR4E2,-3.236412,1.138593
10388,OR4F15,-3.1713226,1.1430657
10389,OR4F16,-3.0856962,1.1507274
10390,OR4F17,-3.1274192,1.137668
10391,OR4F21,-3.0415533,1.1359297
10392,OR4F29,-3.0651522,1.1427054
10393,OR4F3,-3.0548365,1.1353279
10394,OR4F4,-3.1242723,1.1524231
10395,OR4F5,-3.1663587,1.147141
10396,OR4F6,-3.0599685,1.1297543
10397,OR4K1,-3.035401,1.1009434
10398,OR4K13,-3.1950772,1.1309471
10399,OR4K14,-3.063061,1.1168965
10400,OR4K15,-3.4796724,1.2619897
10401,OR4K17,-3.2236094,1.1680326
10402,OR4K2,-3.2702508,1.1259657
10403,OR4K5,-3.1321125,1.1310395
10404,OR4L1,-3.0811567,1.1431048
10405,OR4M1,-3.250213,1.1676091
10406,OR4M2,-3.1536653,1.1277245
10407,OR4N2,-3.1720827,1.1424286
10408,OR4N4,-3.2333665,1.246502
10409,OR4N5,-3.1914659,1.1358651
10410,OR4P4,-3.1103377,1.1534531
10411,OR4Q2,-3.2706654,1.211449
10412,OR4Q3,-3.1959076,1.2097212
10413,OR4S1,-3.0829792,1.0951891
10414,OR4S2,-3.1306312,1.1682497
10415,OR4X1,-3.217374,1.205613
10416,OR4X2,-3.2270744,1.1195567
10417,OR51A2,-3.148779,3.7528336
10418,OR51A4,-3.154825,3.74569
10419,OR51A7,-3.1481426,3.75711
10420,OR51B2,-3.1515942,3.7521713
10421,OR51B4,-3.1708636,3.734204
10422,OR51B5,-3.1503692,3.7533324
10423,OR51B6,-3.1486697,3.758411
10424,OR51D1,-3.1522532,3.7545838
10425,OR51E1,-3.1496441,3.7592144
10426,OR51E2,-3.1521633,3.7619634
10427,OR51F1,-3.1540813,3.7183402
10428,OR51F2,-3.1495595,3.7533574
10429,OR51G1,-3.148705,3.7552946
10430,OR51G2,-3.1536508,3.7535095
10431,OR51I1,-3.1488101,3.7545059
10432,OR51I2,-3.1846914,3.7187781
10433,OR51L1,-3.1574984,3.7476099
10434,OR51M1,-3.162973,3.74191
10435,OR51Q1,-3.1547813,3.7493744
10436,OR51S1,-3.1499367,3.7547293
10437,OR51T1,-3.1501434,3.754558
10438,OR51V1,-3.1525674,3.749262
10439,OR52A1,-3.1568906,3.7508216
10440,OR52A5,-3.155769,3.7526822
10441,OR52B2,-3.1527345,3.752404
10442,OR52B4,-3.1508522,3.7524161
10443,OR52B6,-3.1471086,3.7576437
10444,OR52D1,-3.151379,3.754189
10445,OR52E2,-3.15158,3.7531917
10446,OR52E4,-3.1592102,3.7477012
10447,OR52E5,-3.156532,3.750537
10448,OR52E6,-3.1349216,3.7773378
10449,OR52E8,-3.1666996,3.7396162
10450,OR52H1,-3.1523645,3.7547314
10451,OR52I1,-3.1544058,3.752476
10452,OR52I2,-3.158086,3.7504597
10453,OR52J3,-3.1474566,3.758415
10454,OR52K1,-3.1733067,3.7327707
10455,OR52K2,-3.1486888,3.7570107
10456,OR52L1,-3.150314,3.7551007
10457,OR52M1,-3.1487403,3.7571177
10458,OR52N1,-3.1581361,3.7438982
10459,OR52N2,-3.1530375,3.752696
10460,OR52N4,-3.1562173,3.7515767
10461,OR52N5,-3.1566923,3.7477112
10462,OR52R1,-3.1488664,3.7566128
10463,OR52W1,-3.152567,3.754823
10464,OR56A1,-3.1630912,3.7419896
10465,OR56A3,-3.1641753,3.7341647
10466,OR56A4,-3.1647828,3.7341337
10467,OR56A5,-3.1625226,3.7379508
10468,OR56B1,-3.1542017,3.7522876
10469,OR56B4,-3.1497962,3.7553647
10470,OR5A1,-3.4681756,1.042937
10471,OR5A2,-3.5268018,1.2064369
10472,OR5AC2,-3.4494407,0.9952444
10473,OR5AK2,-3.4857075,0.9829218
10474,OR5AN1,-3.5000045,0.97552854
10475,OR5AP2,-3.488183,0.90635794
10476,OR5AR1,-3.5165153,0.9611654
10477,OR5AS1,-3.3296692,1.0498677
10478,OR5AU1,-3.4397178,0.8997629
10479,OR5B12,-3.4176772,0.83019125
10480,OR5B17,-3.4703248,0.9701375
10481,OR5B2,-3.4994035,1.0927212
10482,OR5B21,-3.510451,1.0463787
10483,OR5B3,-3.452319,0.9636332
10484,OR5C1,-3.5933616,1.2546775
10485,OR5D13,-3.4465137,0.9730298
10486,OR5D14,-3.4994774,0.95450413
10487,OR5D16,-3.4743044,0.9533561
10488,OR5D18,-3.4918137,0.97108996
10489,OR5F1,-3.5636938,0.9883294
10490,OR5H1,-3.2755888,1.0951309
10491,OR5H14,-3.3560264,1.1134762
10492,OR5H15,-3.3312871,1.0323256
10493,OR5H2,-3.3444946,1.0274206
10494,OR5H6,-3.4039125,0.9895722
10495,OR5I1,-3.55145,0.96960765
10496,OR5J2,-3.5195563,0.98497725
10497,OR5K1,-3.4073493,1.0022622
10498,OR5K2,-3.4033725,1.0455545
10499,OR5K3,-3.474414,0.94691145
10500,OR5K4,-3.4960878,0.998618
10501,OR5L1,-3.5399554,0.9209219
10502,OR5L2,-3.6637938,1.1148977
10503,OR5M1,-3.4859433,1.0755817
10504,OR5M10,-3.493486,0.9586755
10505,OR5M11,-3.5023298,0.988125
10506,OR5M3,-3.5014315,0.96562827
10507,OR5M8,-3.545539,1.1451814
10508,OR5M9,-3.6491857,1.0777824
10509,OR5P2,-3.6224973,1.075382
10510,OR5P3,-3.660508,1.0291456
10511,OR5T1,-3.4543219,0.9080421
10512,OR5T2,-3.4453743,1.0132105
10513,OR5T3,-3.5108562,0.93758994
10514,OR5V1,-3.4941058,0.95642966
10515,OR5W2,-3.4847944,0.95506436
10516,OR6A2,-3.5208807,1.1577168
10517,OR6B1,-3.4930058,1.2503202
10518,OR6B2,-3.5563273,1.2193053
10519,OR6B3,-3.5389712,1.2475004
10520,OR6C1,-3.5680995,1.1115355
10521,OR6C2,-3.6022618,1.2000687
10522,OR6C3,-3.7417696,1.3351502
10523,OR6C4,-3.441329,1.1039097
10524,OR6C6,-3.7334251,1.2651892
10525,OR6C65,-3.7181342,1.3036957
10526,OR6C68,-3.7106395,1.2834859
10527,OR6C70,-3.76034,1.3366717
10528,OR6C74,-3.4854043,1.1612918
10529,OR6C75,-3.49626,1.1253738
10530,OR6C76,-3.7160337,1.2502086
10531,OR6F1,-3.6929147,1.1205359
10532,OR6J1,-3.613628,1.3439876
10533,OR6K2,-3.5523453,1.3083918
10534,OR6K3,-3.3683274,1.1638036
10535,OR6K6,-3.4588468,1.2446295
10536,OR6M1,-3.6080737,1.2706761
10537,OR6N1,-3.4962084,1.1791205
10538,OR6N2,-3.54771,1.2132031
10539,OR6P1,-3.5956078,1.2682763
10540,OR6Q1,-3.5526786,1.2372118
10541,OR6S1,-3.5797496,1.1916672
10542,OR6T1,-3.5884168,1.3370562
10543,OR6V1,-3.5764816,1.2718686
10544,OR6X1,-3.5204487,1.2446144
10545,OR6Y1,-3.5725646,1.2661816
10546,OR7A10,-3.7220376,0.7443786
10547,OR7A17,-3.69039,0.7534202
10548,OR7A5,-3.7132707,0.738635
10549,OR7C1,-3.697619,0.7626639
10550,OR7C2,-3.7188942,0.7493247
10551,OR7D2,-3.7039907,0.76053107
10552,OR7D4,-3.618057,0.75846285
10553,OR7E24,-3.7334824,0.7212336
10554,OR7G1,-3.7095356,0.74942577
10555,OR7G2,-3.7268393,0.7304153
10556,OR7G3,-3.7440712,0.7205956
10557,OR8A1,-3.4795005,0.810959
10558,OR8B12,-3.4694765,0.9646334
10559,OR8B2,-3.4886863,0.89947784
10560,OR8B3,-3.4286773,0.79937905
10561,OR8B4,-3.469734,0.89666384
10562,OR8B8,-3.4528358,0.9684152
10563,OR8D1,-3.4551532,0.9576315
10564,OR8D2,-3.5150068,0.91740984
10565,OR8D4,-3.4341555,1.0434327
10566,OR8G1,-3.5190365,0.85619694
10567,OR8G5,-3.4846148,0.91204375
10568,OR8H1,-3.618051,1.1692512
10569,OR8H2,-3.5035884,0.99858177
10570,OR8H3,-3.5291233,0.97829133
10571,OR8I2,-3.5148215,0.95773816
10572,OR8J1,-3.643373,1.2714622
10573,OR8J3,-3.4521594,0.9969001
10574,OR8K1,-3.4521608,0.9390522
10575,OR8K3,-3.463469,0.9859799
10576,OR8K5,-3.4541545,0.9412315
10577,OR8S1,-3.505722,1.2116394
10578,OR8U1,-3.487765,0.9623698
10579,OR9A2,-3.6749594,1.1996156
10580,OR9A4,-3.5386565,1.3027282
10581,OR9G1,-3.4272041,1.0280311
10582,OR9G4,-3.5323522,1.1941682
10583,OR9I1,-3.586164,1.1354755
10584,OR9K2,-3.4392006,1.0421678
10585,OR9Q1,-3.5689902,1.082626
10586,OR9Q2,-3.5373354,1.2022892
10587,ORAI1,9.904906,-2.2715633
10588,ORAI2,9.915166,-2.28297
10589,ORAI3,9.841757,-2.2981596
10590,ORC1,9.3956585,2.2167373
10591,ORC2,10.1787615,1.7190763
10592,ORC3,10.561408,0.3774298
10593,ORC4,10.819802,0.6318185
10594,ORC5,10.711079,0.57688326
10595,ORC6,11.330384,2.4856188
10596,ORM1,7.6209893,-1.915393
10597,ORM2,7.620835,-1.9195431
10598,ORMDL1,9.2320385,-2.7741072
10599,ORMDL2,9.244704,-2.7344596
10600,ORMDL3,9.205847,-2.8002892
10601,OS9,12.7999525,-0.41194344
10602,OSBP,10.116115,2.3784876
10603,OSBP2,9.713649,1.1857073
10604,OSBPL10,9.769545,1.3000891
10605,OSBPL11,9.907698,1.3618988
10606,OSBPL1A,9.7546625,1.1740146
10607,OSBPL2,9.795141,1.2084047
10608,OSBPL3,9.80533,1.1974742
10609,OSBPL5,9.580463,1.1064676
10610,OSBPL6,9.770705,1.1258568
10611,OSBPL7,9.707173,1.035033
10612,OSBPL8,9.810202,1.0938784
10613,OSBPL9,9.744886,1.165335
10614,OSCAR,9.458667,7.250838
10615,OSCP1,10.319738,1.9291188
10616,OSER1,8.9417925,3.3383994
10617,OSGEP,13.014172,1.8255825
10618,OSGEPL1,12.413024,1.6651343
10619,OSGIN1,12.761619,1.505864
10620,OSGIN2,12.175052,1.6052029
10621,OSM,11.26637,6.090569
10622,OSMR,10.238855,6.6046386
10623,OSR1,6.3251066,3.7208195
10624,OSR2,6.286038,3.6329114
10625,OST4,9.092633,-2.520391
10626,OSTC,9.2106495,-2.729943
10627,OSTF1,13.706069,5.2364287
10628,OSTM1,12.783518,-0.39062187
10629,OSTN,15.420184,-1.961716
10630,OTOA,11.04321,0.42667297
10631,OTOF,9.899582,-0.81196743
10632,OTOG,12.566519,-2.1431208
10633,OTOGL,12.908948,-2.0953043
10634,OTOL1,16.322313,-1.2613004
10635,OTOP1,9.864394,-3.3827968
10636,OTOP2,9.784705,-3.4779058
10637,OTOP3,10.019759,-3.7299733
10638,OTOR,11.403923,0.6806321
10639,OTOS,15.351489,-1.8709266
10640,OTP,6.768038,4.636661
10641,OTUB1,11.297069,1.9271843
10642,OTUB2,11.393619,1.8079578
10643,OTUD1,9.375221,3.2296374
10644,OTUD3,9.978541,2.1847181
10645,OTUD4,7.8835454,2.3856847
10646,OTUD6B,11.2947235,2.9668808
10647,OTUD7A,9.166397,1.6860591
10648,OTUD7B,9.154002,1.8028941
10649,OTULIN,12.026723,2.39537
10650,OTULINL,12.115312,1.9419004
10651,OTX1,6.7941494,4.451961
10652,OTX2,6.774667,4.622777
10653,OVCA2,12.042163,2.3733618
10654,OVCH1,13.407738,-2.2379677
10655,OVCH2,13.618851,-2.467613
10656,OVGP1,12.958024,-0.7449377
10657,OVOL1,6.14676,3.3960545
10658,OVOL2,6.174122,3.3415186
10659,OVOL3,6.055339,3.2915733
10660,OXA1L,13.120293,3.030217
10661,OXCT1,13.579849,1.976846
10662,OXCT2,13.582373,2.0335886
10663,OXER1,0.33838418,-2.501982
10664,OXGR1,0.18159877,-2.3057442
10665,OXLD1,12.842001,3.0967214
10666,OXNAD1,12.679681,2.5023508
10667,OXR1,9.363868,1.0151856
10668,OXSM,13.231543,1.7831974
10669,OXSR1,12.916589,7.4992366
10670,OXT,14.450394,-1.9613278
10671,OXTR,0.59554344,-2.41144
10672,P2RX1,12.395023,-0.84787357
10673,P2RX2,12.447525,-0.82086605
10674,P2RX3,12.412486,-0.8540804
10675,P2RX4,12.407643,-0.8222243
10676,P2RX5,12.39334,-0.8309974
10677,P2RX6,12.424017,-0.86916727
10678,P2RX7,12.407569,-0.85198396
10679,P2RY1,0.23886324,-2.3558307
10680,P2RY11,0.3574764,-2.501949
10681,P2RY12,0.11798058,-2.3067567
10682,P2RY13,0.13622501,-2.289325
10683,P2RY14,0.16865666,-2.3350234
10684,P2RY2,0.3327732,-2.5121584
10685,P2RY6,0.3326141,-2.5067184
10686,P3H1,13.6692505,-0.24887747
10687,P3H2,13.690942,-0.27558145
10688,P3H3,13.654649,-0.2514875
10689,P3H4,13.710738,-0.266916
10690,P3R3URF,9.535386,4.5285897
10691,P4HA1,13.847098,-0.13157704
10692,P4HA2,13.855166,-0.22125918
10693,P4HA3,13.619721,-0.26240584
10694,P4HB,12.726902,-0.011345628
10695,P4HTM,13.618313,-0.2636511
10696,PA2G4,11.611108,2.65699
10697,PAAF1,12.4508295,5.0718956
10698,PABPC1,6.998241,2.6967068
10699,PABPC1L,7.0080376,2.8223555
10700,PABPC3,7.012077,2.792668
10701,PABPC4,7.0232058,2.7832441
10702,PABPC4L,7.0433235,2.7569945
10703,PABPN1,7.0817456,2.3101127
10704,PABPN1L,9.739252,3.3157954
10705,PACC1,12.406433,-0.37267438
10706,PACRG,9.607638,3.831575
10707,PACRGL,10.982908,1.517309
10708,PACS1,9.672406,1.1463342
10709,PACS2,9.600503,1.305597
10710,PACSIN1,9.202391,0.56418073
10711,PACSIN2,9.207726,0.5579166
10712,PACSIN3,9.234062,0.5968502
10713,PADI1,12.495965,0.600163
10714,PADI2,12.470273,0.5922959
10715,PADI3,12.48818,0.6207403
10716,PADI4,12.529642,0.5582614
10717,PADI6,12.417294,0.59370047
10718,PAEP,7.6343703,-1.8985308
10719,PAF1,10.514151,3.0103378
10720,PAFAH1B1,12.439688,5.167369
10721,PAFAH1B2,10.896909,2.0563822
10722,PAFAH1B3,12.740438,2.1764612
10723,PAFAH2,12.95409,1.0323497
10724,PAG1,9.529653,6.181621
10725,PAGR1,10.055561,3.4635468
10726,PAH,13.329427,1.5614237
10727,PAICS,12.076733,1.8463814
10728,PAIP1,10.630811,2.3722427
10729,PAIP2,9.7580595,3.5959482
10730,PAIP2B,9.803643,3.5371969
10731,PAK1,12.91683,7.538306
10732,PAK1IP1,12.382777,5.0286055
10733,PAK2,12.916096,7.5136585
10734,PAK4,12.86008,7.541997
10735,PAK5,12.84753,7.5245967
10736,PAK6,12.781906,7.5516715
10737,PALB2,8.594734,2.1561759
10738,PALD1,9.937303,0.9262292
10739,PALLD,8.740678,1.4909997
10740,PALM,9.487074,1.2690811
10741,PALM3,8.725266,3.442784
10742,PALMD,8.735671,1.397832
10743,PAM,12.89391,-0.82113916
10744,PAM16,13.108894,3.5600905
10745,PAMR1,13.66188,-2.3360121
10746,PAN2,10.995556,0.61668336
10747,PAN3,7.7651877,2.8212333
10748,PANK1,12.934527,1.751182
10749,PANK2,12.72038,1.8050423
10750,PANK3,12.967735,1.7621782
10751,PANK4,12.161985,1.4923475
10752,PANO1,9.432587,4.5812225
10753,PANX1,9.98742,-2.2095332
10754,PANX2,10.400884,-2.0206428
10755,PANX3,9.891805,-2.5157495
10756,PAOX,12.761949,1.55301
10757,PAPLN,13.126031,-1.901203
10758,PAPOLA,9.818109,1.9983205
10759,PAPOLB,9.9967575,1.9543505
10760,PAPOLG,9.691368,1.8608954
10761,PAPPA,13.12091,-1.9376135
10762,PAPPA2,13.043984,-2.0170186
10763,PAPSS1,13.023749,1.6467588
10764,PAPSS2,13.33948,1.5673289
10765,PAQR3,9.501633,-3.3681312
10766,PAQR4,9.4386635,-3.3767483
10767,PAQR5,9.452092,-3.372636
10768,PAQR6,9.559542,-3.310057
10769,PAQR7,9.4403715,-3.353207
10770,PAQR8,9.4495735,-3.3741124
10771,PAQR9,9.536137,-3.311017
10772,PARD3,8.802045,0.88184685
10773,PARD3B,8.819806,0.9676319
10774,PARD6A,10.146995,2.0071914
10775,PARD6B,10.143926,1.8815571
10776,PARD6G,10.135707,1.8648372
10777,PARG,8.829451,2.1549594
10778,PARK7,13.1139555,2.5822294
10779,PARL,12.965149,2.7623053
10780,PARM1,9.261237,5.5719757
10781,PARN,11.222069,1.5763628
10782,PARP1,9.6037035,2.0965865
10783,PARP10,9.830607,2.1347294
10784,PARP11,11.876452,1.8089346
10785,PARP12,10.302351,2.1436522
10786,PARP14,11.509927,0.41849455
10787,PARP15,11.5754175,0.565642
10788,PARP16,11.814873,1.6966574
10789,PARP2,11.230349,1.5094576
10790,PARP3,11.495275,1.456153
10791,PARP4,11.906171,-0.4705244
10792,PARP6,11.025481,1.262571
10793,PARP8,9.805337,0.815519
10794,PARP9,11.521533,0.42553532
10795,PARPBP,9.336148,2.1164556
10796,PARS2,12.028238,1.7020868
10797,PARVA,10.51806,1.5348971
10798,PARVB,10.447046,1.3652037
10799,PARVG,10.435686,1.4233989
10800,PASK,8.935893,1.5164639
10801,PATE1,14.4897995,-1.9892164
10802,PATE2,14.506539,-1.9952585
10803,PATE3,14.568092,-2.0770223
10804,PATE4,14.587747,-2.1217341
10805,PATJ,8.922096,0.7990816
10806,PATL1,7.651772,2.4949358
10807,PATL2,10.796223,0.97612923
10808,PATZ1,6.051126,2.9353073
10809,PAWR,9.657931,2.6326575
10810,PAX1,7.2468147,3.8672495
10811,PAX2,6.9964204,3.8019361
10812,PAX3,6.83388,4.192672
10813,PAX4,7.1796417,4.4940386
10814,PAX5,7.0452237,3.6491387
10815,PAX6,6.8816037,4.040833
10816,PAX7,6.7869806,4.211689
10817,PAX8,7.137122,3.7335281
10818,PAX9,7.1540675,3.7042797
10819,PAXBP1,9.5658045,2.3242762
10820,PAXIP1,7.3612304,2.8056643
10821,PAXX,10.005136,3.4516902
10822,PBK,9.718749,2.6746304
10823,PBLD,13.097974,1.8512387
10824,PBOV1,9.570786,4.446288
10825,PBRM1,8.004356,1.849361
10826,PBX1,7.332473,3.3880692
10827,PBX2,7.3401065,3.4381433
10828,PBX3,7.2797523,3.4577048
10829,PBX4,7.3558536,3.4309773
10830,PBXIP1,9.345388,3.8469238
10831,PC,13.584053,1.7411011
10832,PCARE,8.5235815,2.7417102
10833,PCBD1,12.720222,2.7710087
10834,PCBD2,12.821913,2.9063046
10835,PCBP1,7.0131583,2.8680027
10836,PCBP2,7.0069127,2.86993
10837,PCBP3,7.02478,2.9040082
10838,PCBP4,6.9117875,2.9975293
10839,PCCA,13.643414,2.0393505
10840,PCCB,13.743824,2.114685
10841,PCDH1,12.310042,-4.44967
10842,PCDH10,18.362688,6.379799
10843,PCDH12,18.277515,6.297888
10844,PCDH15,12.270431,-4.37768
10845,PCDH17,18.356676,6.364347
10846,PCDH18,18.342348,6.3567185
10847,PCDH20,18.36595,6.3867664
10848,PCDH7,12.275555,-4.39093
10849,PCDH8,18.352358,6.3655577
10850,PCDH9,12.312678,-4.3311267
10851,PCDHA1,18.46972,6.499494
10852,PCDHA10,18.452705,6.481522
10853,PCDHA11,18.458586,6.488057
10854,PCDHA12,18.456251,6.4860406
10855,PCDHA13,18.447567,6.4754915
10856,PCDHA2,18.467157,6.4978976
10857,PCDHA3,18.461737,6.49131
10858,PCDHA4,18.458717,6.4893594
10859,PCDHA5,18.460066,6.489565
10860,PCDHA6,18.44709,6.4751406
10861,PCDHA7,18.473684,6.5039134
10862,PCDHA8,18.464048,6.4941535
10863,PCDHA9,18.459246,6.4883137
10864,PCDHAC1,18.431461,6.456406
10865,PCDHAC2,18.42043,6.4439692
10866,PCDHB1,18.350405,6.3740525
10867,PCDHB10,18.364773,6.385873
10868,PCDHB11,18.358688,6.380348
10869,PCDHB12,18.34982,6.371046
10870,PCDHB13,18.359394,6.380564
10871,PCDHB14,18.363298,6.3838716
10872,PCDHB15,18.363773,6.385006
10873,PCDHB16,18.363256,6.3845167
10874,PCDHB2,18.359879,6.381191
10875,PCDHB3,18.368256,6.3897467
10876,PCDHB4,18.362839,6.3839536
10877,PCDHB5,18.362774,6.3840456
10878,PCDHB6,18.36799,6.389763
10879,PCDHB7,18.363987,6.386648
10880,PCDHB8,18.368015,6.389462
10881,PCDHB9,18.363625,6.385005
10882,PCDHGA1,12.643386,-11.6311245
10883,PCDHGA10,12.644449,-11.629832
10884,PCDHGA11,12.6442175,-11.629989
10885,PCDHGA12,12.6441765,-11.630404
10886,PCDHGA2,12.643854,-11.630565
10887,PCDHGA3,12.642857,-11.631436
10888,PCDHGA4,12.642866,-11.631664
10889,PCDHGA5,12.64357,-11.631224
10890,PCDHGA6,12.643896,-11.631082
10891,PCDHGA7,12.643264,-11.631482
10892,PCDHGA8,12.643847,-11.631199
10893,PCDHGA9,12.643956,-11.631175
10894,PCDHGB1,12.643323,-11.631441
10895,PCDHGB2,12.63818,-11.635133
10896,PCDHGB3,12.64278,-11.632085
10897,PCDHGB4,12.643784,-11.631299
10898,PCDHGB5,12.6435375,-11.631424
10899,PCDHGB6,12.644163,-11.630757
10900,PCDHGB7,12.644243,-11.631138
10901,PCDHGC3,18.397541,6.419169
10902,PCDHGC4,18.406927,6.428466
10903,PCDHGC5,18.420237,6.4432707
10904,PCED1A,8.1708975,3.0660498
10905,PCED1B,8.2455015,3.0771544
10906,PCF11,7.4874806,2.1467016
10907,PCGF1,10.059602,2.3678808
10908,PCGF2,9.375603,2.301701
10909,PCGF3,10.047087,2.287464
10910,PCGF5,10.001161,2.2785127
10911,PCGF6,10.500567,2.5761049
10912,PCID2,11.055636,0.2445457
10913,PCIF1,10.567199,1.6587098
10914,PCK1,13.675476,1.5861247
10915,PCK2,13.657882,1.564861
10916,PCLAF,9.152237,2.674271
10917,PCM1,7.889211,1.8967575
10918,PCMT1,12.051583,1.764708
10919,PCMTD1,10.864057,2.0037072
10920,PCMTD2,10.697052,2.1545556
10921,PCNA,11.577375,2.3692117
10922,PCNP,10.364111,3.1471617
10923,PCNT,7.480566,0.23290037
10924,PCNX2,9.671086,-0.39149764
10925,PCNX3,9.815078,-0.47555193
10926,PCOLCE,13.457519,-1.3169
10927,PCOLCE2,13.498229,-1.4834585
10928,PCP2,9.742647,3.7091992
10929,PCP4,10.247349,3.8664198
10930,PCP4L1,10.189298,3.9061854
10931,PCSK1,13.356794,-0.8518511
10932,PCSK2,13.337117,-0.906333
10933,PCSK4,13.386908,-0.9288541
10934,PCSK5,13.081895,-2.0045028
10935,PCSK6,13.206767,-1.6410483
10936,PCSK7,13.313207,-0.96261334
10937,PCSK9,13.464501,-1.4931674
10938,PCTP,12.286895,2.1540897
10939,PCYOX1,13.221252,0.5308664
10940,PCYOX1L,13.306636,0.5761497
10941,PCYT1A,12.536348,2.1084783
10942,PCYT2,13.044727,1.9779125
10943,PDAP1,10.831035,3.4381812
10944,PDC,11.21524,3.1136923
10945,PDCD1,9.564503,6.7800655
10946,PDCD10,10.941428,2.8230531
10947,PDCD11,11.35457,1.9212397
10948,PDCD1LG2,9.726427,6.7306056
10949,PDCD2,11.294121,2.5037067
10950,PDCD2L,11.454612,2.2522836
10951,PDCD4,10.962591,1.1508801
10952,PDCD5,11.328377,3.785556
10953,PDCD6,5.5487576,-0.19928937
10954,PDCD6IP,9.213191,0.827538
10955,PDCD7,9.743047,3.1953998
10956,PDCL,11.110718,3.1052547
10957,PDCL2,11.099306,3.1291142
10958,PDCL3,11.160515,3.1897192
10959,PDE10A,10.373836,0.66260344
10960,PDE12,11.522419,1.8833556
10961,PDE1A,10.279244,0.6802725
10962,PDE1B,10.276528,0.71140915
10963,PDE1C,10.247929,0.67817044
10964,PDE2A,10.581524,0.58684266
10965,PDE3B,9.738367,0.8827198
10966,PDE4A,10.181768,0.7169291
10967,PDE4B,10.244821,0.67128617
10968,PDE4C,10.203024,0.6928003
10969,PDE4D,10.185554,0.66982377
10970,PDE4DIP,7.5521603,0.27403122
10971,PDE5A,10.551641,0.82048327
10972,PDE6A,10.615045,0.7357579
10973,PDE6B,10.610585,0.6956035
10974,PDE6C,10.537537,0.5769386
10975,PDE6D,10.984665,2.467406
10976,PDE6G,10.069592,3.9110057
10977,PDE6H,9.872,4.002812
10978,PDE7A,10.262264,0.7005006
10979,PDE7B,10.369673,0.6652943
10980,PDE8A,10.233144,0.71756417
10981,PDE8B,10.121994,0.7284582
10982,PDE9A,10.305043,0.74812734
10983,PDF,12.532455,2.6992521
10984,PDGFA,14.458687,-1.5061336
10985,PDGFB,14.4626875,-1.553107
10986,PDGFC,14.121589,-1.4025455
10987,PDGFD,14.064278,-1.409334
10988,PDGFRA,13.698219,6.756365
10989,PDGFRB,13.70412,6.7518086
10990,PDGFRL,13.309377,-1.2937491
10991,PDHA2,13.741618,2.2390656
10992,PDHB,13.692082,2.273952
10993,PDHX,13.32886,2.1557336
10994,PDIA2,12.819314,0.022513099
10995,PDIA3,12.731701,0.00077199657
10996,PDIA4,12.70484,0.017808322
10997,PDIA5,12.745879,-0.06280795
10998,PDIA6,12.704798,-0.034562565
10999,PDIK1L,12.761443,7.6419525
11000,PDILT,12.756571,0.0059065404
11001,PDK2,12.384509,1.155904
11002,PDK4,12.385994,1.1347246
11003,PDLIM1,9.506547,2.6300561
11004,PDLIM2,9.466606,2.639357
11005,PDLIM3,9.52196,2.7129211
11006,PDLIM4,9.476221,2.6850603
11007,PDLIM5,9.448414,2.6299608
11008,PDLIM7,9.393404,2.6793563
11009,PDP1,10.72394,1.4191906
11010,PDP2,10.79554,1.4572495
11011,PDPK1,12.855179,7.519888
11012,PDPN,9.400727,5.560225
11013,PDPR,13.068344,1.5366361
11014,PDRG1,11.482166,3.2098854
11015,PDS5A,10.033935,0.1304755
11016,PDS5B,9.993341,0.20004264
11017,PDSS1,12.794427,2.2522385
11018,PDSS2,12.672231,1.9027977
11019,PDX1,6.660396,4.6757307
11020,PDXDC1,12.712778,1.2925951
11021,PDXK,12.395433,1.9070095
11022,PDXP,10.392478,3.252489
11023,PDYN,15.433216,-1.9852515
11024,PDZD2,8.391868,1.6998447
11025,PDZD3,9.852702,1.304342
11026,PDZD7,9.057826,1.4954997
11027,PDZD8,9.780979,1.7337278
11028,PDZD9,10.417878,2.24254
11029,PDZK1,10.190018,1.7506576
11030,PDZK1IP1,9.993767,5.3081675
11031,PDZRN3,8.823503,1.1869174
11032,PDZRN4,8.940766,1.1410177
11033,PEA15,10.841564,1.7891623
11034,PEAK1,8.775899,1.7992454
11035,PEAK3,11.143223,0.8166812
11036,PEAR1,13.189092,-2.1665223
11037,PEBP1,12.874116,2.3191862
11038,PEBP4,13.022995,0.09477325
11039,PECAM1,9.751429,6.7689524
11040,PECR,13.605249,1.5770539
11041,PEF1,7.815251,2.9344788
11042,PEG10,9.118531,2.809011
11043,PEG3,3.193258,-3.7764924
11044,PELI1,10.53848,1.8527584
11045,PELI2,10.546409,2.0186813
11046,PELI3,10.574818,1.9111682
11047,PELO,11.562307,2.5469255
11048,PELP1,10.303569,0.84704465
11049,PEMT,9.550577,-3.2292356
11050,PENK,15.46523,-1.9924543
11051,PEPD,13.383446,1.7619711
11052,PER1,8.139602,2.2481415
11053,PER2,8.067765,2.4488108
11054,PER3,8.021514,2.2328222
11055,PERM1,8.635527,3.4326017
11056,PERP,8.488432,-3.1910744
11057,PES1,11.283579,3.1874747
11058,PET100,13.594842,3.9324963
11059,PET117,13.512748,3.9221885
11060,PEX1,11.171276,1.2856841
11061,PEX10,10.020514,-1.7805413
11062,PEX11A,9.856126,-2.1232219
11063,PEX11B,9.888904,-1.938886
11064,PEX11G,9.830185,-2.1344988
11065,PEX12,9.989526,-1.7004657
11066,PEX13,10.233258,2.0814192
11067,PEX14,10.246577,2.0058925
11068,PEX16,9.944785,-1.8769417
11069,PEX19,10.529336,2.5192175
11070,PEX2,10.047786,-1.620572
11071,PEX3,10.893377,1.107112
11072,PEX5,10.91918,1.9006296
11073,PEX5L,9.552151,1.2821835
11074,PEX6,11.786364,1.3627472
11075,PEX7,12.515292,5.2143736
11076,PF4,16.305325,-4.050892
11077,PF4V1,16.28834,-4.0315237
11078,PFAS,11.932734,0.9121839
11079,PFDN1,11.360958,3.8012052
11080,PFDN2,11.470342,3.8278763
11081,PFDN4,11.396071,3.5588293
11082,PFDN5,11.55209,3.7837963
11083,PFDN6,11.434971,3.7361183
11084,PFKFB2,12.423411,1.7262678
11085,PFKFB3,12.532214,1.5614166
11086,PFKFB4,12.388386,1.5445935
11087,PFKL,13.591408,1.7587073
11088,PFKM,13.6674385,1.8711705
11089,PFKP,13.719333,1.959243
11090,PFN1,12.122517,3.2807903
11091,PFN2,12.03838,3.1458147
11092,PFN3,10.021863,2.8910897
11093,PFN4,11.9054575,2.658779
11094,PGA3,13.577621,-0.48830047
11095,PGA4,13.574596,-0.47386143
11096,PGA5,13.596421,-0.53330994
11097,PGAM1,13.370996,2.3600817
11098,PGAM2,13.210337,2.313271
11099,PGAM5,11.257387,2.7023673
11100,PGAP1,12.081965,0.070546485
11101,PGAP2,9.308021,-3.3488445
11102,PGAP3,9.46307,-3.3567681
11103,PGBD1,3.1534505,-3.7455702
11104,PGBD2,9.31355,3.1189828
11105,PGBD4,9.413081,3.105556
11106,PGBD5,12.228511,0.868085
11107,PGC,13.602609,-0.51296264
11108,PGD,13.765022,2.0363007
11109,PGF,14.483543,-1.5352346
11110,PGGHG,12.313858,0.9598007
11111,PGGT1B,11.643159,1.2987275
11112,PGK2,13.593645,2.3067799
11113,PGLS,12.922108,2.3639777
11114,PGLYRP1,13.981099,-1.1339226
11115,PGLYRP2,13.326512,-0.092005074
11116,PGLYRP3,13.936872,-1.0932673
11117,PGLYRP4,13.882799,-1.0166026
11118,PGM1,13.683822,1.9285476
11119,PGM2,13.014295,1.6316242
11120,PGM2L1,13.006009,1.6009349
11121,PGM3,12.93402,1.4954153
11122,PGM5,13.459028,1.677683
11123,PGP,10.633273,3.2338684
11124,PGPEP1,12.62383,1.8702067
11125,PGPEP1L,12.410662,1.8106321
11126,PGRMC2,12.647499,0.13088313
11127,PGS1,12.314981,1.5372087
11128,PHACTR1,8.627012,2.024589
11129,PHACTR2,8.773141,1.9355854
11130,PHACTR3,8.634872,1.9925805
11131,PHACTR4,8.626075,1.9575773
11132,PHAX,10.710874,3.1310549
11133,PHB2,13.26945,2.1994996
11134,PHC1,7.331175,2.8672016
11135,PHC2,7.396407,2.8410256
11136,PHETA1,9.117109,2.8247182
11137,PHETA2,9.560512,2.9677286
11138,PHF1,9.848457,2.6532173
11139,PHF10,10.046219,2.657244
11140,PHF11,10.069141,2.456401
11141,PHF12,9.127772,2.254454
11142,PHF13,9.391229,2.5711296
11143,PHF14,8.377793,2.0838778
11144,PHF19,9.635418,2.3219721
11145,PHF2,9.114947,2.2010329
11146,PHF20,8.995171,2.195339
11147,PHF20L1,8.759549,2.1483037
11148,PHF21A,7.389261,2.8526897
11149,PHF21B,7.60724,2.8785863
11150,PHF23,8.943589,2.8120341
11151,PHF24,10.402315,2.6322756
11152,PHF5A,12.039785,3.5170205
11153,PHF7,10.285342,2.4081666
11154,PHGDH,13.23435,1.8613822
11155,PHGR1,9.189649,4.77994
11156,PHIP,8.733659,1.693661
11157,PHKB,10.359737,0.4507298
11158,PHKG1,12.76989,7.6725974
11159,PHKG2,12.74885,7.6752105
11160,PHLDA1,9.474464,2.7759633
11161,PHLDA2,9.805965,2.8302975
11162,PHLDA3,9.98819,2.868627
11163,PHLDB1,8.039506,0.7698723
11164,PHLDB2,8.208186,0.7217626
11165,PHLDB3,8.101214,0.7286779
11166,PHLPP1,9.564174,1.2132906
11167,PHLPP2,9.432868,1.341202
11168,PHOSPHO1,12.24747,2.2349303
11169,PHOSPHO2,12.150986,2.3550704
11170,PHOX2A,6.721697,4.6248946
11171,PHOX2B,6.7419386,4.555632
11172,PHPT1,12.003239,3.2030356
11173,PHRF1,7.502759,1.9400442
11174,PHTF1,9.98367,0.7224534
11175,PHTF2,10.074897,0.9508287
11176,PHYH,12.787172,1.9855692
11177,PHYHD1,12.728151,2.072122
11178,PHYHIP,10.863272,2.1056995
11179,PHYHIPL,10.842296,2.1534426
11180,PHYKPL,13.454418,1.674312
11181,PI15,13.8739,-1.3502185
11182,PI16,13.192079,-0.9698032
11183,PI3,14.611877,-2.2510881
11184,PI4K2A,10.420767,2.3416936
11185,PI4K2B,11.513121,1.8626448
11186,PI4KA,9.593202,-0.36237398
11187,PI4KB,10.5252695,1.2454143
11188,PIANP,10.013844,4.9499006
11189,PIAS1,9.478277,2.4130187
11190,PIAS2,9.464745,2.3996556
11191,PIAS3,9.3798,2.3875914
11192,PIAS4,9.6261015,2.3577085
11193,PIBF1,7.3683724,0.2563754
11194,PICALM,8.091212,2.3221662
11195,PICK1,9.643137,0.6823674
11196,PID1,10.995179,1.6324027
11197,PIDD1,10.541385,0.81014395
11198,PIEZO1,9.88627,-0.75053024
11199,PIEZO2,11.403626,-2.751772
11200,PIF1,11.88767,1.7177386
11201,PIFO,8.663762,4.3469024
11202,PIGB,10.065445,-2.9944518
11203,PIGBOS1,13.572699,3.932822
11204,PIGC,9.540543,-2.5762722
11205,PIGF,9.658023,-3.0636377
11206,PIGG,10.289504,-2.9282029
11207,PIGH,11.840159,2.494169
11208,PIGK,12.68069,-0.26923725
11209,PIGL,12.5970545,1.37768
11210,PIGM,9.739836,-3.140211
11211,PIGN,10.134251,-2.9398036
11212,PIGO,10.040717,-2.9061592
11213,PIGP,9.230845,-2.673105
11214,PIGQ,10.457843,-2.9555278
11215,PIGR,9.839096,6.574779
11216,PIGS,13.315755,-0.05570182
11217,PIGT,12.695873,-0.31992152
11218,PIGU,9.896,-3.1032588
11219,PIGV,9.893492,-3.037009
11220,PIGW,9.805547,-3.077014
11221,PIGX,12.618226,1.1772699
11222,PIGY,10.062806,4.77798
11223,PIGZ,9.996258,-2.964211
11224,PIH1D1,11.741084,2.710583
11225,PIH1D2,8.988425,3.7919462
11226,PIK3AP1,9.560957,1.2837745
11227,PIK3C2A,9.86263,0.5989574
11228,PIK3C2B,10.1038065,0.61623853
11229,PIK3C2G,10.145421,0.42771634
11230,PIK3C3,10.219613,0.49716067
11231,PIK3CA,9.973268,0.5991921
11232,PIK3CB,10.097952,0.5668592
11233,PIK3CD,9.96375,0.6887619
11234,PIK3CG,10.0842,0.7437914
11235,PIK3IP1,9.989325,5.556732
11236,PIK3R1,9.625206,1.1533809
11237,PIK3R2,9.79465,1.3001493
11238,PIK3R3,9.681704,1.11633
11239,PIK3R4,10.391709,0.06052587
11240,PIK3R5,9.855028,1.3333377
11241,PIK3R6,10.070163,1.0916299
11242,PIKFYVE,9.599839,-0.15003051
11243,PILRA,9.425588,7.1346164
11244,PILRB,9.4504385,7.037141
11245,PIM1,12.773922,7.6371794
11246,PIM3,12.747631,7.662738
11247,PIMREG,9.152113,3.1426148
11248,PIN1,10.196123,3.815035
11249,PINK1,10.6519575,2.8631947
11250,PINLYP,14.428669,-1.9155297
11251,PIP,7.6938143,-1.7764192
11252,PIP4K2A,10.524724,1.2376099
11253,PIP4K2B,10.541619,1.3445268
11254,PIP4K2C,10.383531,1.2890509
11255,PIP4P1,10.149112,2.3964791
11256,PIP4P2,10.168172,2.3429673
11257,PIP5K1A,10.143515,1.2963252
11258,PIP5K1B,10.031225,1.1874439
11259,PIP5K1C,10.206568,1.0838023
11260,PIP5KL1,10.731479,1.5363736
11261,PIPOX,13.068777,1.7269841
11262,PIRT,10.086733,4.9282393
11263,PISD,12.822157,2.0990992
11264,PITHD1,11.64781,2.5308108
11265,PITPNA,11.073581,2.353371
11266,PITPNB,11.045335,2.3920643
11267,PITPNC1,10.691592,1.9344532
11268,PITPNM1,9.849399,0.8381518
11269,PITPNM2,9.599412,0.74142003
11270,PITPNM3,9.749247,0.89185923
11271,PITRM1,12.230075,0.8349393
11272,PITX1,6.7656703,4.653971
11273,PITX2,6.733491,4.5266266
11274,PITX3,6.7545376,4.6804657
11275,PIWIL1,10.987474,1.3278704
11276,PIWIL2,10.865253,1.4742604
11277,PIWIL3,10.906831,1.3997291
11278,PIWIL4,10.922953,1.4320045
11279,PJA2,9.193529,2.9697452
11280,PJVK,11.767169,0.54280984
11281,PKD1L1,11.943259,-2.0023785
11282,PKD1L2,12.134952,-2.1797683
11283,PKD1L3,11.685206,-2.131977
11284,PKD2,10.704065,-2.7050385
11285,PKD2L1,10.752483,-2.8042126
11286,PKD2L2,10.788562,-2.9505837
11287,PKDCC,13.880206,-0.26520526
11288,PKDREJ,11.730125,-2.006441
11289,PKIA,9.9271555,3.8530264
11290,PKIB,9.763819,3.9042642
11291,PKIG,9.705838,3.897943
11292,PKLR,13.172894,1.9602574
11293,PKM,13.77035,2.3320024
11294,PKMYT1,9.8256035,2.6547275
11295,PKN1,12.959342,7.5069156
11296,PKN2,12.952159,7.389819
11297,PKN3,13.00215,7.466018
11298,PKNOX1,7.0280194,3.1254523
11299,PKNOX2,7.3455377,3.1392531
11300,PKP1,8.926576,1.0555208
11301,PKP2,8.923057,1.0314609
11302,PKP3,9.028121,0.9752533
11303,PKP4,8.772854,0.8873014
11304,PLA1A,13.354116,-0.49097565
11305,PLA2G10,14.280248,-1.602656
11306,PLA2G12A,13.271569,-0.4981942
11307,PLA2G12B,13.978247,-1.2035772
11308,PLA2G15,13.449036,0.062451206
11309,PLA2G1B,14.192148,-1.5063238
11310,PLA2G2A,14.180549,-1.5357871
11311,PLA2G2C,14.217232,-1.593154
11312,PLA2G2D,14.224085,-1.5539744
11313,PLA2G2E,14.191733,-1.5279973
11314,PLA2G2F,14.198247,-1.5461738
11315,PLA2G3,14.062944,-1.2420005
11316,PLA2G4A,12.257886,0.84400874
11317,PLA2G4B,12.602662,0.6811827
11318,PLA2G4C,12.597677,0.7987711
11319,PLA2G4D,12.63228,0.6947995
11320,PLA2G4E,12.587048,0.7327629
11321,PLA2G4F,12.68862,0.7741875
11322,PLA2G5,14.2030735,-1.5035281
11323,PLA2G6,13.782553,5.335588
11324,PLA2G7,13.082345,0.84521717
11325,PLAA,11.071975,1.6334591
11326,PLAAT1,11.797759,2.5391188
11327,PLAAT2,11.917006,2.5566902
11328,PLAAT3,11.888163,2.563192
11329,PLAAT4,11.87992,2.5447698
11330,PLAAT5,11.022093,2.2689261
11331,PLAC8,10.026959,4.6282663
11332,PLAC8L1,10.158569,4.5342293
11333,PLAC9,10.760505,5.2125335
11334,PLAG1,6.2186317,2.9701986
11335,PLAGL1,6.230493,2.976997
11336,PLAGL2,6.25456,3.014681
11337,PLAT,13.703993,-2.4725678
11338,PLAU,13.710117,-2.4844851
11339,PLAUR,14.493374,-1.9898839
11340,PLB1,13.239213,0.019762805
11341,PLBD1,13.406394,-0.029019183
11342,PLBD2,13.408586,0.0082316
11343,PLCB1,9.238099,0.5509116
11344,PLCB2,9.473535,0.57354265
11345,PLCB3,9.413288,0.6315964
11346,PLCB4,9.453538,0.4764042
11347,PLCD1,10.971988,0.6235551
11348,PLCD3,10.393781,0.74739695
11349,PLCD4,11.036775,0.60635316
11350,PLCG1,9.962162,0.65894705
11351,PLCG2,9.952357,0.6953635
11352,PLCH1,9.222163,1.2400376
11353,PLCH2,9.189865,1.3507146
11354,PLCL1,9.908963,1.3816074
11355,PLCL2,9.938724,1.4076048
11356,PLCXD2,11.736779,1.3918054
11357,PLCXD3,12.042969,1.4893246
11358,PLCZ1,12.26126,0.9755647
11359,PLD1,12.1922455,0.53380805
11360,PLD2,11.474099,0.7635573
11361,PLD3,13.555752,-0.107653074
11362,PLD4,13.575133,-0.08346087
11363,PLD5,12.977774,-0.61997527
11364,PLD6,11.883029,2.4163494
11365,PLEK,9.92195,1.3720316
11366,PLEK2,9.969891,1.3316905
11367,PLEKHA1,9.827065,1.4880897
11368,PLEKHA2,9.770357,1.4477844
11369,PLEKHA4,8.792277,1.598526
11370,PLEKHA5,8.751377,0.8822432
11371,PLEKHA6,8.739521,1.0186968
11372,PLEKHA7,8.746802,0.9571992
11373,PLEKHA8,10.1221,1.6028609
11374,PLEKHB1,9.944947,4.7458677
11375,PLEKHB2,9.699524,4.7730355
11376,PLEKHD1,7.8037643,0.52170485
11377,PLEKHF1,10.208875,1.846656
11378,PLEKHF2,10.341888,1.8168193
11379,PLEKHG1,8.7268095,1.609601
11380,PLEKHG2,8.731117,1.6756821
11381,PLEKHG3,8.858591,1.3998476
11382,PLEKHG4,9.458624,1.4280754
11383,PLEKHG5,9.301814,1.0643692
11384,PLEKHG6,9.5458355,1.0381947
11385,PLEKHH1,9.141709,0.9501108
11386,PLEKHH2,9.172072,0.8021004
11387,PLEKHH3,9.621666,1.2382442
11388,PLEKHJ1,10.038289,1.4026915
11389,PLEKHM1,9.509954,1.6634763
11390,PLEKHM2,9.403304,1.3083622
11391,PLEKHM3,9.8896475,1.9054459
11392,PLEKHN1,9.826364,1.3175646
11393,PLEKHO1,9.496134,1.7257087
11394,PLEKHO2,8.983022,3.4176068
11395,PLEKHS1,9.803226,1.3489343
11396,PLET1,11.512145,2.509385
11397,PLG,13.686156,-2.4386377
11398,PLGLB1,14.347575,-1.9608818
11399,PLGLB2,14.424554,-1.9820565
11400,PLGRKT,13.556074,3.9064374
11401,PLIN1,10.378793,4.063265
11402,PLIN2,10.517363,4.011836
11403,PLIN3,10.461639,4.127986
11404,PLIN4,8.594137,3.8438308
11405,PLIN5,10.449426,4.2228675
11406,PLK1,12.674589,7.667819
11407,PLK2,12.677618,7.667264
11408,PLK3,12.671654,7.647231
11409,PLK4,12.621479,7.4831557
11410,PLK5,10.652893,1.9019065
11411,PLLP,8.646653,-2.9424124
11412,PLN,10.058694,4.9633307
11413,PLOD1,13.928665,-0.012814975
11414,PLOD2,13.906033,-0.04423085
11415,PLOD3,13.993353,0.047686383
11416,PLPBP,12.515812,2.249471
11417,PLPP1,9.659166,-2.8126462
11418,PLPP2,9.643603,-2.7661293
11419,PLPP3,9.641127,-2.8422909
11420,PLPP4,9.653127,-2.8125057
11421,PLPP5,9.68647,-2.929511
11422,PLPP6,9.589455,-3.14631
11423,PLPP7,9.704848,-3.121213
11424,PLPPR1,9.688962,-2.7667363
11425,PLPPR2,9.758358,-2.6687202
11426,PLPPR3,10.354375,-1.9953035
11427,PLPPR4,10.337502,-2.368484
11428,PLPPR5,9.760831,-2.7452798
11429,PLRG1,12.449611,5.14925
11430,PLS1,10.207296,1.2414981
11431,PLSCR1,9.850934,4.7060547
11432,PLSCR2,9.925828,4.6684885
11433,PLSCR3,9.834559,4.614527
11434,PLSCR4,9.836399,4.727149
11435,PLSCR5,9.92312,4.68496
11436,PLTP,7.209096,-2.0530396
11437,PLVAP,7.6412177,0.5317095
11438,PLXDC1,13.200264,-1.1264002
11439,PLXDC2,13.119041,-1.0899986
11440,PLXNA1,12.245421,-1.9871261
11441,PLXNA2,12.28911,-1.9072164
11442,PLXNB1,12.285152,-2.0309658
11443,PLXNB2,12.259542,-2.0060325
11444,PLXNC1,12.52038,-1.2407857
11445,PLXND1,12.265611,-1.9939797
11446,PM20D1,13.272328,0.34493634
11447,PM20D2,12.500535,2.099965
11448,PMAIP1,9.606819,4.4975414
11449,PMCH,15.38725,-1.9346024
11450,PMEL,9.254494,5.2191925
11451,PMEPA1,9.76677,5.4546213
11452,PMF1,10.810716,3.1341205
11453,PMFBP1,7.4128027,0.2925932
11454,PMIS2,9.301872,4.1968894
11455,PML,4.152413,1.7059697
11456,PMM1,12.550126,2.0374193
11457,PMM2,12.369341,2.0241258
11458,PMP2,-1.5168196,-6.39116
11459,PMP22,8.522328,-3.1861482
11460,PMPCA,12.989161,2.238243
11461,PMPCB,13.4129715,2.5583
11462,PMS1,9.321428,2.0104694
11463,PMS2,10.593196,1.7154046
11464,PMVK,12.519728,2.2362907
11465,PNISR,7.007011,1.7895523
11466,PNKD,12.816197,2.7576046
11467,PNKP,12.254165,1.7825614
11468,PNLDC1,11.398411,1.5225468
11469,PNLIP,13.423168,-0.51802933
11470,PNLIPRP1,13.374699,-0.5966903
11471,PNLIPRP2,13.390132,-0.52510977
11472,PNLIPRP3,13.379678,-0.50101894
11473,PNMA1,10.024323,3.2358837
11474,PNMA2,10.0445385,3.2821524
11475,PNMA8A,9.545475,3.4173894
11476,PNMA8B,9.205227,3.3309517
11477,PNMA8C,10.043312,3.2524486
11478,PNMT,12.336959,2.2026608
11479,PNN,7.080671,1.8164992
11480,PNO1,11.67359,3.106993
11481,PNOC,15.492634,-2.016573
11482,PNP,12.968642,1.982369
11483,PNPLA1,9.832398,1.9035624
11484,PNPLA2,12.905339,0.959891
11485,PNPLA3,12.851769,1.0259563
11486,PNPLA5,12.909173,1.0851986
11487,PNPLA6,9.844505,0.4565008
11488,PNPLA7,9.846831,0.38334757
11489,PNPLA8,8.946127,2.0219686
11490,PNPO,12.249563,1.9747845
11491,PNPT1,12.040497,1.3979149
11492,PNRC1,9.4922495,3.2726874
11493,PNRC2,9.617161,3.4286466
11494,POC1A,12.537367,5.262598
11495,POC1B,12.499984,5.226108
11496,POC5,9.234014,1.4471582
11497,PODN,15.620038,4.6994534
11498,PODNL1,15.626871,4.6728144
11499,PODXL,9.241364,5.537214
11500,PODXL2,9.3030405,1.8100736
11501,POFUT1,14.009665,0.04647438
11502,POFUT2,14.050685,0.08611152
11503,POGK,3.3368592,-3.5480485
11504,POGLUT1,14.023479,0.090485126
11505,POGLUT2,13.908182,0.034329794
11506,POGLUT3,13.760058,-0.0814246
11507,POGZ,6.85039,2.631859
11508,POLA2,11.580874,1.5619652
11509,POLB,11.921179,1.9615848
11510,POLD1,11.327895,1.3424218
11511,POLD2,12.002363,1.852273
11512,POLD3,9.209985,2.645739
11513,POLD4,10.369615,3.4432287
11514,POLDIP2,12.891474,2.7564301
11515,POLDIP3,9.298544,2.9529343
11516,POLE,9.846191,-0.51756674
11517,POLE2,11.488661,1.5237252
11518,POLE3,10.959303,3.4576094
11519,POLE4,11.490049,3.1896803
11520,POLG,11.42514,1.1489713
11521,POLG2,12.300823,1.7215389
11522,POLH,9.181029,2.166077
11523,POLI,9.584412,2.1272342
11524,POLK,9.41007,1.9584479
11525,POLL,11.9500675,1.7659671
11526,POLM,12.060542,1.6056044
11527,POLN,11.302611,1.3076422
11528,POLQ,8.9734,2.065523
11529,POLR1B,11.3884115,1.2076514
11530,POLR1C,11.82732,2.633738
11531,POLR1D,11.214296,2.9160807
11532,POLR1E,11.431959,2.18128
11533,POLR2A,11.295672,0.9788475
11534,POLR2B,11.306372,1.1582474
11535,POLR2C,11.614305,2.7589412
11536,POLR2D,11.055644,2.7933016
11537,POLR2E,11.853784,3.1415033
11538,POLR2F,11.389771,3.2906523
11539,POLR2G,11.972786,3.0328598
11540,POLR2H,11.7832575,3.1347833
11541,POLR2I,12.057897,3.5165162
11542,POLR2J,11.846485,3.3811092
11543,POLR2J2,11.842718,3.241156
11544,POLR2K,12.15893,3.6096702
11545,POLR2L,12.027415,3.6303566
11546,POLR2M,9.727509,3.2387624
11547,POLR3A,11.290829,1.1711614
11548,POLR3B,11.3642435,1.133386
11549,POLR3C,11.262517,1.6211993
11550,POLR3D,10.678826,3.0994284
11551,POLR3E,11.204737,1.6956621
11552,POLR3F,11.31524,2.3955858
11553,POLR3G,10.857859,3.5938253
11554,POLR3GL,10.672247,3.5234227
11555,POLR3H,11.974773,2.7657826
11556,POLR3K,11.976246,3.4458673
11557,POLRMT,11.41716,1.1334302
11558,POM121,8.006937,2.5624552
11559,POM121C,7.9472623,2.505737
11560,POM121L12,9.258763,4.1058927
11561,POM121L2,8.536002,3.6966987
11562,POMC,14.937687,-1.6196249
11563,POMGNT1,13.968077,0.13080063
11564,POMGNT2,14.106438,0.04389005
11565,POMK,13.881974,-0.10201138
11566,POMP,11.95588,3.3822837
11567,POMT1,10.194268,-3.0172238
11568,POMT2,10.303625,-2.9569309
11569,POMZP3,9.426457,4.6037455
11570,PON1,13.147992,0.6343
11571,PON2,13.142705,0.757296
11572,PON3,13.1344,0.6475624
11573,POP1,11.484102,1.8161073
11574,POP4,11.805308,2.8384998
11575,POP5,12.604178,3.4750504
11576,POP7,12.206778,3.0919902
11577,POPDC2,10.547209,-2.2224083
11578,POPDC3,10.655897,-2.2196875
11579,POR,13.517682,1.5467371
11580,POSTN,13.164785,-1.1170729
11581,POT1,11.29245,1.1186987
11582,POTEB,6.6682496,-0.26952502
11583,POTEB2,6.6677012,-0.27116135
11584,POTEB3,6.6341486,-0.30112723
11585,POTEC,6.661799,-0.27916685
11586,POTED,6.6531043,-0.28386825
11587,POTEE,6.654984,-0.28609434
11588,POTEF,6.6504226,-0.29272988
11589,POTEG,6.6438293,-0.2937049
11590,POTEH,6.6435537,-0.29375586
11591,POTEI,6.646931,-0.29306358
11592,POTEJ,6.656975,-0.28710988
11593,POTEM,6.65213,-0.28389385
11594,POU1F1,6.824123,4.4693274
11595,POU2AF1,7.258356,3.7823703
11596,POU2F2,7.119178,3.5901618
11597,POU2F3,7.036967,3.8795831
11598,POU3F1,6.9223337,4.3214703
11599,POU3F2,6.8537908,4.357698
11600,POU3F3,6.9054284,4.3597465
11601,POU4F1,6.9178386,4.310926
11602,POU4F2,6.900541,4.2054605
11603,POU4F3,6.830848,4.196314
11604,POU5F1,7.073341,4.470082
11605,POU5F1B,7.2800493,4.3505645
11606,POU5F2,7.439692,4.3454127
11607,POU6F1,7.3425746,2.9489434
11608,POU6F2,7.3305492,2.9850295
11609,PP2D1,11.185689,2.0266085
11610,PPA1,12.675097,1.859756
11611,PPA2,12.810808,2.1792336
11612,PPAN,11.623976,3.1646545
11613,PPARA,5.7102,3.8792298
11614,PPARD,5.733405,3.8520114
11615,PPARG,5.695856,3.8582842
11616,PPARGC1A,8.346206,2.2303882
11617,PPARGC1B,8.706315,2.0755289
11618,PPAT,12.4958,1.5562333
11619,PPBP,16.278435,-4.0167856
11620,PPCDC,12.653414,2.0223591
11621,PPCS,12.601731,2.3004155
11622,PPDPF,10.077764,3.4872315
11623,PPDPFL,9.559335,3.7150736
11624,PPEF2,10.603224,0.64929897
11625,PPFIA1,8.155297,0.41884023
11626,PPFIA2,8.146461,0.38216713
11627,PPFIA3,8.175455,0.38398543
11628,PPFIA4,8.177591,0.39848062
11629,PPFIBP1,8.60899,0.8134452
11630,PPFIBP2,8.502725,0.74269
11631,PPHLN1,6.972027,1.8149462
11632,PPIA,13.604947,2.9388506
11633,PPIAL4A,13.727305,2.9436722
11634,PPIAL4C,13.72814,2.9417386
11635,PPIAL4D,13.761338,2.9761615
11636,PPIAL4E,13.7558565,2.9214253
11637,PPIAL4F,13.768251,2.9511902
11638,PPIAL4G,13.741892,2.9375656
11639,PPIAL4H,13.742459,2.9463906
11640,PPIB,13.613077,2.6696584
11641,PPIC,13.1405325,-0.21420363
11642,PPID,11.871804,1.1717348
11643,PPIE,12.411082,2.361853
11644,PPIF,12.941253,2.5251985
11645,PPIG,7.031801,1.7858671
11646,PPIH,13.128201,2.6677413
11647,PPIL1,12.795102,2.4812644
11648,PPIL2,10.857224,2.4997516
11649,PPIL3,12.860834,2.6205075
11650,PPIL4,7.400382,1.9166652
11651,PPIL6,11.755319,2.577156
11652,PPIP5K1,10.101572,1.3375221
11653,PPL,9.090087,-0.8755953
11654,PPM1A,10.689251,1.4326661
11655,PPM1B,10.608891,1.54721
11656,PPM1D,9.741535,2.3057973
11657,PPM1E,9.958558,1.8498309
11658,PPM1F,10.767783,1.573441
11659,PPM1G,10.879698,3.3973234
11660,PPM1H,10.759172,1.4633527
11661,PPM1J,10.866107,1.5901438
11662,PPM1K,10.653536,1.4486256
11663,PPM1L,10.661038,1.4437517
11664,PPM1M,10.8718605,1.579356
11665,PPM1N,10.193978,3.2020712
11666,PPME1,11.60837,1.8140488
11667,PPOX,12.906863,1.8269707
11668,PPP1CA,11.411712,1.0635377
11669,PPP1CB,11.381625,1.0236261
11670,PPP1CC,11.345772,1.0199112
11671,PPP1R10,7.16867,2.2630656
11672,PPP1R11,10.286441,3.4888096
11673,PPP1R12A,8.32325,1.7845352
11674,PPP1R12C,8.818787,1.6828707
11675,PPP1R13B,8.5354395,1.1528666
11676,PPP1R13L,8.937734,2.1004727
11677,PPP1R14A,10.153925,3.403675
11678,PPP1R14B,10.330775,3.1854818
11679,PPP1R14C,10.1568985,2.8300638
11680,PPP1R14D,9.935741,3.5904272
11681,PPP1R15A,8.795726,3.495035
11682,PPP1R15B,9.130797,2.7193005
11683,PPP1R16A,13.7095375,5.2679114
11684,PPP1R16B,13.6581335,5.235976
11685,PPP1R17,9.351631,4.036369
11686,PPP1R18,8.767567,3.4196289
11687,PPP1R1A,9.798101,3.741253
11688,PPP1R1B,9.990683,3.6618168
11689,PPP1R1C,9.668247,3.792512
11690,PPP1R2,10.398173,3.3554866
11691,PPP1R21,9.885089,0.4814946
11692,PPP1R26,8.483686,2.6720078
11693,PPP1R27,13.844628,5.3649244
11694,PPP1R2B,10.138411,3.4195223
11695,PPP1R32,8.69966,4.275229
11696,PPP1R35,10.064691,3.433652
11697,PPP1R36,8.981784,3.6373506
11698,PPP1R37,9.5652075,1.4702928
11699,PPP1R3A,8.463394,2.1507287
11700,PPP1R3B,9.715777,3.0621307
11701,PPP1R3C,9.482632,3.2238097
11702,PPP1R3D,9.6744,3.143023
11703,PPP1R3E,9.667761,3.3489256
11704,PPP1R3G,9.570058,3.2931685
11705,PPP1R42,15.297002,4.567915
11706,PPP1R7,15.437292,4.6602173
11707,PPP1R8,10.635994,2.6541588
11708,PPP1R9A,8.753105,1.0290778
11709,PPP1R9B,8.8951845,1.752039
11710,PPP2CA,11.367662,1.0006833
11711,PPP2CB,11.357756,0.99417603
11712,PPP2R1A,10.63018,0.14937913
11713,PPP2R1B,10.588201,0.11543667
11714,PPP2R2A,12.31947,4.9988995
11715,PPP2R2B,12.27938,4.978893
11716,PPP2R2C,12.299508,4.997679
11717,PPP2R2D,12.308626,4.981371
11718,PPP2R3A,8.880686,1.6836439
11719,PPP2R3C,5.4648924,-0.27675435
11720,PPP2R5A,10.636175,0.30741856
11721,PPP2R5B,10.486845,0.41129628
11722,PPP2R5C,10.611525,0.2846062
11723,PPP2R5D,10.560875,0.34691235
11724,PPP2R5E,10.649435,0.24514346
11725,PPP3CA,11.02571,0.7606312
11726,PPP3CB,11.111715,0.7801971
11727,PPP3CC,11.123033,0.79687643
11728,PPP3R1,5.404581,-0.3041422
11729,PPP3R2,5.338484,-0.36893812
11730,PPP4C,11.365508,0.9776546
11731,PPP4R1,9.755473,0.15022305
11732,PPP4R2,9.894086,2.9272718
11733,PPP4R3A,10.644493,0.4278388
11734,PPP4R3B,10.602463,0.38130635
11735,PPP4R4,9.497478,0.62891775
11736,PPP5C,11.4727955,1.42151
11737,PPP6C,11.400876,1.0231119
11738,PPP6R1,10.354747,0.4758045
11739,PPP6R2,10.346784,0.36615542
11740,PPP6R3,10.320447,0.36697277
11741,PPRC1,7.731455,2.1646378
11742,PPT1,13.207326,-0.009357768
11743,PPT2,13.356768,0.019241694
11744,PPTC7,10.686935,1.4643036
11745,PPWD1,12.253546,4.808199
11746,PPY,15.494391,-2.0186982
11747,PRAC1,9.467588,4.626162
11748,PRAC2,9.475351,4.631918
11749,PRADC1,12.528667,1.880361
11750,PRAG1,8.86935,2.0217063
11751,PRAM1,8.613404,3.2562108
11752,PRAME,16.446156,5.294727
11753,PRAMEF1,16.435234,5.2860684
11754,PRAMEF10,16.438698,5.2877307
11755,PRAMEF11,16.449986,5.2977405
11756,PRAMEF12,16.428202,5.2805524
11757,PRAMEF13,16.433867,5.2849336
11758,PRAMEF14,16.421797,5.274884
11759,PRAMEF15,16.447655,5.296396
11760,PRAMEF17,16.456276,5.304296
11761,PRAMEF18,16.392536,5.2509274
11762,PRAMEF19,16.386518,5.2401075
11763,PRAMEF2,16.437431,5.28767
11764,PRAMEF20,16.449818,5.2975802
11765,PRAMEF25,16.452892,5.3008018
11766,PRAMEF26,16.445204,5.293377
11767,PRAMEF27,16.450485,5.2984805
11768,PRAMEF33,16.446514,5.294798
11769,PRAMEF4,16.441366,5.2900486
11770,PRAMEF5,16.450356,5.298385
11771,PRAMEF6,16.443335,5.2918663
11772,PRAMEF7,16.41781,5.272143
11773,PRAMEF8,16.444128,5.2932944
11774,PRAMEF9,16.45477,5.302874
11775,PRAP1,10.587552,5.107647
11776,PRB1,8.668553,5.10632
11777,PRB2,8.687875,5.118259
11778,PRB3,8.684285,5.134476
11779,PRB4,8.693264,5.1537333
11780,PRC1,8.566056,1.5230561
11781,PRCC,10.611371,2.7264578
11782,PRCD,9.778711,4.2061596
11783,PRCP,13.34,-0.1432288
11784,PRDM1,6.317982,3.2441638
11785,PRDM10,6.202104,2.9205928
11786,PRDM11,9.243801,2.8019533
11787,PRDM12,6.54034,3.51368
11788,PRDM13,6.7521896,3.9442306
11789,PRDM14,6.1565814,3.201078
11790,PRDM15,6.13946,2.9157093
11791,PRDM16,6.2614684,2.9342742
11792,PRDM2,7.5956316,2.135973
11793,PRDM4,6.047883,3.0064344
11794,PRDM5,6.1578383,2.8853512
11795,PRDM6,6.971379,3.637685
11796,PRDM7,9.756877,3.6346214
11797,PRDM8,7.0279117,4.045337
11798,PRDM9,3.344353,-4.3917904
11799,PRDX1,12.978669,2.8481028
11800,PRDX2,13.051585,2.8379774
11801,PRDX3,13.334395,3.003415
11802,PRDX5,12.7711735,2.9555268
11803,PRDX6,13.118925,2.6215203
11804,PREB,12.130666,1.541273
11805,PRELID1,12.233705,2.724557
11806,PRELID2,12.269214,2.5300114
11807,PRELID3A,12.192604,2.6259387
11808,PRELID3B,12.107107,2.7757115
11809,PRELP,15.63543,4.7844934
11810,PREP,12.087569,0.8225535
11811,PREPL,11.770745,0.91162145
11812,PREX1,9.465657,-0.012526971
11813,PREX2,9.427294,0.18412669
11814,PRF1,13.783286,-0.1623196
11815,PRG2,14.160466,-1.2281656
11816,PRG3,14.181255,-1.2770038
11817,PRG4,9.088367,5.378158
11818,PRH1,8.675533,5.145907
11819,PRH2,8.699261,5.1219096
11820,PRICKLE1,8.78092,1.1814398
11821,PRICKLE2,8.760268,1.1556333
11822,PRICKLE4,9.760678,2.9895651
11823,PRIM1,11.2717,2.065529
11824,PRIM2,11.045794,1.4909894
11825,PRIMA1,10.088804,5.5497465
11826,PRIMPOL,11.254213,1.8968035
11827,PRKAA1,12.856766,7.5565276
11828,PRKAA2,12.838003,7.6004863
11829,PRKAB1,11.889385,1.4881073
11830,PRKAB2,11.60364,1.2557081
11831,PRKACA,12.896264,7.6049504
11832,PRKACB,12.95086,7.5392237
11833,PRKACG,12.867649,7.632079
11834,PRKAG1,11.9308405,2.1982107
11835,PRKAG2,10.124063,1.0231296
11836,PRKAG3,9.358802,3.7649207
11837,PRKAR1A,10.77769,1.7874227
11838,PRKAR1B,10.684092,1.753776
11839,PRKAR2A,10.828635,1.8702092
11840,PRKAR2B,10.63886,1.8612417
11841,PRKCA,13.005427,7.4590316
11842,PRKCB,13.03412,7.448626
11843,PRKCD,13.0914545,7.4683466
11844,PRKCE,12.994209,7.4661446
11845,PRKCG,13.024186,7.521968
11846,PRKCH,13.094896,7.4544106
11847,PRKCI,12.953932,7.507178
11848,PRKCQ,13.136861,7.411954
11849,PRKCSH,12.869985,-0.39262837
11850,PRKCZ,13.001004,7.5132074
11851,PRKD1,13.02676,7.402975
11852,PRKD2,13.049253,7.43108
11853,PRKD3,13.056312,7.374956
11854,PRKG1,13.047955,7.3863664
11855,PRKG2,13.084949,7.422805
11856,PRKN,10.165,2.2855375
11857,PRKRA,11.63673,2.3353653
11858,PRKRIP1,10.770013,3.2969024
11859,PRL,11.339201,6.1842494
11860,PRLH,15.428949,-1.9989842
11861,PRLHR,0.59801483,-2.4248135
11862,PRLR,10.156074,6.44758
11863,PRM1,6.891402,1.7571617
11864,PRM2,6.925456,1.8011363
11865,PRM3,9.775097,4.0247116
11866,PRMT1,11.653862,2.0941968
11867,PRMT2,10.088828,1.34261
11868,PRMT3,11.794871,1.798444
11869,PRMT5,11.684494,1.653123
11870,PRMT6,11.814708,1.9210598
11871,PRMT7,12.480276,1.5149404
11872,PRMT8,11.77281,2.2244146
11873,PRMT9,12.124839,1.697206
11874,PRND,11.041974,5.494999
11875,PRNP,12.154385,1.0742344
11876,PROB1,8.660708,3.1551077
11877,PROC,13.719042,-2.4692514
11878,PROCA1,8.946609,2.7045112
11879,PROCR,8.337897,9.631861
11880,PRODH,12.593028,1.5686673
11881,PRODH2,12.970945,1.5936756
11882,PROK1,14.371779,-1.999262
11883,PROK2,14.333107,-2.0225146
11884,PROKR1,0.5463083,-2.3864121
11885,PROKR2,0.4992264,-2.3875854
11886,PROM1,10.267211,-2.4043212
11887,PROM2,10.123221,-2.300558
11888,PROP1,6.782641,4.750601
11889,PRORP,11.677953,1.7869359
11890,PROS1,13.496653,-2.0129573
11891,PROSER1,7.99303,2.5982723
11892,PROSER2,9.043842,3.1708267
11893,PROSER3,8.645522,2.8739061
11894,PROX1,8.452643,2.9349804
11895,PROX2,8.794672,3.2515528
11896,PROZ,13.722954,-2.4662368
11897,PRPF18,10.9812765,2.9816442
11898,PRPF19,12.365982,5.0585794
11899,PRPF3,10.578248,2.8967912
11900,PRPF31,11.5163145,2.0672622
11901,PRPF38A,6.8671737,1.7285995
11902,PRPF38B,7.022737,1.8128104
11903,PRPF39,11.029714,0.17469124
11904,PRPF4,12.36711,5.035123
11905,PRPF40A,7.512108,2.2259698
11906,PRPF40B,7.640977,2.3247287
11907,PRPF4B,7.0963025,1.7895344
11908,PRPF6,11.105697,1.6809416
11909,PRPF8,9.703507,-0.4027961
11910,PRPH,20.592268,2.5587451
11911,PRPH2,8.542916,-2.681188
11912,PRPS1L1,12.794005,1.9984528
11913,PRPSAP1,12.73938,1.9014539
11914,PRPSAP2,12.666145,1.9860716
11915,PRR11,8.920597,2.2901614
11916,PRR12,7.9103236,2.3482685
11917,PRR13,9.2535,4.7631197
11918,PRR14,8.698682,2.8998528
11919,PRR14L,8.286582,1.9660653
11920,PRR15,9.855861,3.8553712
11921,PRR15L,9.884355,3.755023
11922,PRR16,8.3434725,1.7129514
11923,PRR18,9.485406,3.5331824
11924,PRR19,9.205818,3.735769
11925,PRR20A,9.265155,4.051663
11926,PRR20B,9.217538,4.033513
11927,PRR20C,9.322575,4.0243673
11928,PRR20D,9.245466,3.9943576
11929,PRR20E,9.313606,4.0475297
11930,PRR20G,9.273062,4.0098705
11931,PRR22,8.433002,2.878359
11932,PRR23A,9.400338,3.8685043
11933,PRR23B,9.475529,3.9399776
11934,PRR23C,9.390606,3.8016467
11935,PRR23D1,9.178987,4.008084
11936,PRR23D2,9.169221,4.0805535
11937,PRR27,8.844162,4.9506335
11938,PRR29,9.065353,3.460789
11939,PRR3,9.217097,3.9891043
11940,PRR30,8.718075,3.785556
11941,PRR33,8.732508,3.4496593
11942,PRR35,7.4970384,3.9137037
11943,PRR36,8.606798,3.5399473
11944,PRR4,8.702747,5.0979557
11945,PRR5,10.370554,1.9759239
11946,PRR5L,10.540736,1.9676878
11947,PRR7,9.713072,5.4448676
11948,PRR9,0.9879111,-6.9640193
11949,PRRC1,7.819197,2.6262066
11950,PRRC2A,7.699744,2.2397535
11951,PRRC2B,7.6889873,2.1650739
11952,PRRC2C,7.7337184,1.9115287
11953,PRRG2,9.893804,5.468491
11954,PRRG4,9.887327,5.4555125
11955,PRRT1,9.762088,4.4921975
11956,PRRT1B,9.928667,4.526221
11957,PRRT2,9.611636,4.321658
11958,PRRT3,8.74549,3.063502
11959,PRRT4,11.141819,0.81918573
11960,PRRX1,7.059332,4.263454
11961,PRRX2,6.832268,4.7135086
11962,PRSS1,14.124023,-3.553194
11963,PRSS12,13.363367,-1.9934801
11964,PRSS16,13.034525,-0.17779405
11965,PRSS2,14.131245,-3.564053
11966,PRSS21,13.929343,-3.1484382
11967,PRSS22,13.923069,-3.1356623
11968,PRSS23,14.003485,-0.9726575
11969,PRSS27,13.996635,-3.309783
11970,PRSS3,14.116121,-3.5409338
11971,PRSS33,13.8348055,-2.845217
11972,PRSS35,14.370436,-0.9727756
11973,PRSS36,13.565666,-2.4050944
11974,PRSS37,13.908534,-3.073477
11975,PRSS38,13.870039,-3.0222433
11976,PRSS41,13.909054,-3.1023371
11977,PRSS48,13.865427,-2.9833128
11978,PRSS50,13.8776045,-3.0094676
11979,PRSS51,13.88545,-3.015907
11980,PRSS53,13.657876,-2.5376787
11981,PRSS54,13.8743515,-2.9932132
11982,PRSS55,13.875462,-3.0125837
11983,PRSS56,13.663833,-2.4661484
11984,PRSS57,14.005816,-3.3533719
11985,PRSS58,13.981518,-3.2776418
11986,PRSS8,13.926934,-3.1392004
11987,PRTFDC1,12.575286,2.0577738
11988,PRTG,12.288611,-1.554726
11989,PRTN3,14.034805,-3.426328
11990,PRUNE1,10.876837,1.8974419
11991,PRX,8.828223,3.3580348
11992,PRXL2A,12.744221,1.0540903
11993,PRXL2B,12.208014,2.118529
11994,PRXL2C,11.736074,2.6364288
11995,PSAP,13.874597,-0.9212374
11996,PSAPL1,14.168365,-0.8883996
11997,PSAT1,13.502456,1.7619653
11998,PSCA,14.528866,-2.034016
11999,PSD,9.411904,1.2709858
12000,PSD2,9.319372,1.2028036
12001,PSD3,9.053366,1.4001275
12002,PSD4,9.227223,1.4241381
12003,PSEN1,9.704382,-2.9280758
12004,PSEN2,9.74185,-2.8657207
12005,PSENEN,9.232641,-2.7255468
12006,PSG1,9.653725,8.046299
12007,PSG11,9.651706,8.026541
12008,PSG2,9.662374,8.032618
12009,PSG3,9.673336,8.068205
12010,PSG4,9.654784,8.0544405
12011,PSG5,9.654587,8.052676
12012,PSG6,9.657805,8.052925
12013,PSG7,9.6575775,8.044454
12014,PSG8,9.657114,8.051988
12015,PSG9,9.655886,8.053639
12016,PSIP1,9.597879,3.0002398
12017,PSKH1,12.738525,7.6955338
12018,PSKH2,12.744905,7.6865172
12019,PSMA1,14.234835,3.0315967
12020,PSMA2,14.231988,3.0395901
12021,PSMA3,14.242603,3.0339878
12022,PSMA4,14.244612,3.0400543
12023,PSMA5,14.2211075,3.0324736
12024,PSMA6,14.203933,3.0160944
12025,PSMA7,14.220929,3.0131729
12026,PSMA8,14.193877,2.9780514
12027,PSMB1,14.279543,3.053854
12028,PSMB10,14.312026,3.0928676
12029,PSMB11,14.144094,3.0250247
12030,PSMB2,14.2477665,3.0517132
12031,PSMB3,14.286083,3.0613558
12032,PSMB4,14.27068,3.0663683
12033,PSMB5,14.260719,3.0779934
12034,PSMB6,14.2778635,3.069965
12035,PSMB7,14.264568,3.0553308
12036,PSMB8,14.299169,3.0744758
12037,PSMB9,14.301339,3.0748272
12038,PSMC1,11.661476,1.6707346
12039,PSMC2,11.728115,1.7629102
12040,PSMC3,11.668778,1.7685981
12041,PSMC3IP,10.795772,2.7987027
12042,PSMC4,11.623957,1.7258998
12043,PSMC5,11.68564,1.6939108
12044,PSMC6,11.660095,1.6264067
12045,PSMD1,10.7121725,0.13576211
12046,PSMD11,11.014924,0.24846497
12047,PSMD12,11.064379,0.27524737
12048,PSMD13,11.080568,0.2101788
12049,PSMD14,11.783377,1.6829036
12050,PSMD2,10.730811,0.174202
12051,PSMD3,11.054657,0.21800211
12052,PSMD4,11.477005,2.3452709
12053,PSMD5,10.711892,0.47871152
12054,PSMD6,11.082844,0.20996347
12055,PSMD7,11.664273,2.4984457
12056,PSMD8,11.063451,0.24866588
12057,PSMD9,10.901361,3.0075557
12058,PSME1,11.26733,2.6089911
12059,PSME2,11.312011,2.7015219
12060,PSME3,11.220313,2.7110531
12061,PSME4,9.813297,-0.31578642
12062,PSMF1,10.59826,2.4136004
12063,PSMG1,11.832824,2.4991965
12064,PSMG2,11.958443,2.2638445
12065,PSMG3,12.024298,2.3416057
12066,PSMG4,12.116219,2.6704183
12067,PSORS1C1,9.40168,4.638779
12068,PSORS1C2,8.954087,4.683296
12069,PSPC1,7.0949225,2.3644538
12070,PSPH,12.519729,1.9591885
12071,PSPN,14.506335,-1.2380788
12072,PSRC1,8.964504,2.7586765
12073,PSTK,11.403537,1.9172157
12074,PSTPIP1,9.263587,0.5978684
12075,PSTPIP2,9.247269,0.5946064
12076,PTAFR,0.14102313,-2.3608558
12077,PTAR1,11.530137,1.9468645
12078,PTBP1,7.055482,2.6870372
12079,PTBP2,7.006649,2.8418806
12080,PTBP3,7.0536647,2.7942178
12081,PTCD1,10.11955,1.5900285
12082,PTCD2,11.490264,1.4983829
12083,PTCD3,11.286696,1.0124918
12084,PTCH1,11.081305,-2.8493838
12085,PTCH2,11.200487,-3.011134
12086,PTCHD3,10.823802,-2.8969119
12087,PTCRA,9.929891,5.8134975
12088,PTDSS1,9.723798,-3.15197
12089,PTDSS2,9.696825,-3.1826622
12090,PTEN,10.771451,1.3189603
12091,PTER,12.9809475,1.7361888
12092,PTF1A,7.7656255,4.2578735
12093,PTGDR,0.45157892,-2.4047606
12094,PTGDR2,0.33501306,-2.4948359
12095,PTGDS,7.6324573,-1.9044691
12096,PTGER1,0.4367272,-2.5017388
12097,PTGER2,0.5208497,-2.3698614
12098,PTGER3,0.58595544,-2.3875098
12099,PTGER4,0.5647783,-2.3662415
12100,PTGES,9.638328,-3.1869657
12101,PTGES2,13.009083,2.8917305
12102,PTGES3,11.311479,3.3214965
12103,PTGES3L,11.891072,2.6721604
12104,PTGFR,0.51228255,-2.4073052
12105,PTGFRN,9.817882,6.646742
12106,PTGIR,0.42317644,-2.4741285
12107,PTGIS,15.771838,0.94286394
12108,PTGR1,13.904297,1.7024881
12109,PTGR2,12.682837,1.5750548
12110,PTGS1,13.359656,-0.07059915
12111,PTGS2,13.296276,-0.11733637
12112,PTH,15.451595,-1.959316
12113,PTH1R,11.087164,-3.197077
12114,PTH2,15.485682,-2.0088756
12115,PTH2R,11.091086,-3.2070875
12116,PTHLH,14.937495,-1.7752017
12117,PTK2,12.976681,7.2123365
12118,PTK2B,12.990337,7.406953
12119,PTK6,13.261532,7.383531
12120,PTK7,12.362506,-1.5362742
12121,PTMA,10.776427,3.8554482
12122,PTMS,10.748422,3.8617225
12123,PTN,13.908773,-1.8540723
12124,PTOV1,8.250318,2.9333692
12125,PTP4A1,11.622486,2.3859274
12126,PTP4A2,11.719382,2.4680576
12127,PTP4A3,11.744973,2.4993598
12128,PTPA,10.523666,1.1703178
12129,PTPDC1,9.116194,1.5729599
12130,PTPMT1,12.293117,2.7657678
12131,PTPN1,10.115944,1.4192984
12132,PTPN11,9.984206,1.176521
12133,PTPN12,8.684851,1.7483001
12134,PTPN13,8.690149,1.2694064
12135,PTPN18,9.801976,1.5686202
12136,PTPN2,10.20548,1.4951515
12137,PTPN20,10.361279,1.731766
12138,PTPN21,8.992129,1.3336447
12139,PTPN22,8.747482,1.7178148
12140,PTPN23,8.46018,1.6598394
12141,PTPN3,9.731587,1.2717128
12142,PTPN4,9.667743,0.8599724
12143,PTPN5,9.816498,0.47716653
12144,PTPN6,10.098264,1.0592853
12145,PTPN7,9.984217,1.281287
12146,PTPN9,10.072301,1.2642392
12147,PTPRA,9.958474,0.8257798
12148,PTPRC,9.885726,6.685739
12149,PTPRCAP,9.793557,5.477672
12150,PTPRD,12.172639,-1.7695069
12151,PTPRE,9.930738,0.9795763
12152,PTPRF,12.139321,-1.8633105
12153,PTPRG,12.022039,-1.3254125
12154,PTPRH,9.939595,6.559471
12155,PTPRJ,12.293341,-1.4065716
12156,PTPRK,12.116165,-1.4863187
12157,PTPRM,12.124693,-1.3942714
12158,PTPRN,9.983263,0.7134679
12159,PTPRN2,9.72475,0.81782234
12160,PTPRO,12.218638,-1.4041772
12161,PTPRQ,12.238724,-1.8459907
12162,PTPRR,9.810113,0.9948305
12163,PTPRS,12.187507,-1.7965261
12164,PTPRU,12.140426,-1.3886498
12165,PTPRZ1,7.9627647,1.8670415
12166,PTRH1,12.439438,2.433804
12167,PTRH2,12.590772,2.4425116
12168,PTRHD1,12.584338,3.0274656
12169,PTS,12.554546,2.5891895
12170,PTTG1,9.080049,2.747164
12171,PTTG1IP,10.068402,5.6481214
12172,PTTG2,9.059642,3.117977
12173,PTX3,14.301907,-0.9803145
12174,PTX4,14.070771,-0.79280096
12175,PUF60,7.0947723,2.5905797
12176,PUM1,7.638565,2.741408
12177,PUM2,7.6813326,2.7151937
12178,PUM3,11.379886,3.2078805
12179,PURA,9.826459,2.9250894
12180,PURB,9.941585,2.8213081
12181,PURG,9.959122,2.7565737
12182,PUS1,12.047021,2.3734963
12183,PUS10,11.871776,1.8380083
12184,PUS3,11.918856,2.1849885
12185,PUS7,11.494249,1.83092
12186,PUSL1,12.3563175,2.2901144
12187,PVALB,5.284115,-0.40053406
12188,PVALEF,5.3610535,-0.34344044
12189,PVR,9.940386,6.5167956
12190,PVRIG,9.533832,6.8475947
12191,PWP1,12.429268,4.966702
12192,PWP2,12.344699,4.9995475
12193,PWWP2A,9.072158,2.5883467
12194,PWWP2B,8.86065,2.8186276
12195,PWWP3A,9.169019,2.1788836
12196,PXDC1,10.4821415,2.316566
12197,PXDN,12.940338,-1.6294832
12198,PXDNL,12.997968,-1.5871933
12199,PXK,9.54988,1.3041897
12200,PXMP2,9.893737,-3.1370301
12201,PXMP4,9.59558,-2.9101903
12202,PXN,9.538986,2.626175
12203,PXT1,9.620549,4.4133377
12204,PXYLP1,14.037848,0.0963727
12205,PYCARD,11.227432,2.4873033
12206,PYCR1,13.019576,1.9184742
12207,PYCR2,13.09175,1.9024286
12208,PYCR3,12.810207,2.023369
12209,PYDC1,11.164346,2.4769087
12210,PYDC2,11.157055,2.4411592
12211,PYGB,13.781067,1.857237
12212,PYGL,13.723473,1.7782935
12213,PYGM,13.807826,1.843077
12214,PYGO1,7.8107457,2.8604057
12215,PYGO2,7.6590414,2.6918774
12216,PYHIN1,10.964818,1.1075698
12217,PYM1,11.164625,3.3818333
12218,PYROXD1,12.306299,1.8750935
12219,PYROXD2,12.949352,1.4780806
12220,PYURF,12.980178,3.236962
12221,PYY,15.494746,-2.017666
12222,PZP,12.332943,-1.422674
12223,QDPR,13.13009,1.6139048
12224,QKI,7.238232,3.331727
12225,QPCT,13.22815,-0.028205562
12226,QPCTL,13.301653,-0.06567314
12227,QPRT,13.153242,1.9642222
12228,QRFP,15.355131,-1.9099038
12229,QRFPR,0.6219858,-2.2544007
12230,QRICH1,7.285646,2.8536034
12231,QRICH2,8.932482,2.7029388
12232,QRSL1,12.724016,1.7148808
12233,QSER1,7.7458878,2.5105188
12234,QSOX1,13.194857,-0.44119468
12235,QSOX2,12.953652,-0.16483289
12236,QTRT1,13.205061,1.8111982
12237,QTRT2,12.528269,1.8623772
12238,R3HCC1,10.426959,3.034738
12239,R3HCC1L,8.676588,2.0891619
12240,R3HDM1,7.6459904,2.5378067
12241,R3HDM2,7.622219,2.6382236
12242,R3HDM4,10.506371,2.763524
12243,R3HDML,13.974243,-1.3347301
12244,RAB10,7.5520267,-7.0914116
12245,RAB11A,7.5592384,-7.080401
12246,RAB11B,7.521705,-7.122986
12247,RAB11FIP1,8.571282,1.996794
12248,RAB11FIP2,9.276437,2.0325654
12249,RAB11FIP3,8.110935,0.6427028
12250,RAB11FIP4,8.046133,0.48237157
12251,RAB11FIP5,8.727187,2.3005528
12252,RAB12,7.5942225,-7.044645
12253,RAB13,7.5078764,-7.1368637
12254,RAB14,7.606044,-7.032658
12255,RAB15,7.6221886,-7.0165253
12256,RAB17,7.624178,-7.020188
12257,RAB18,7.6037354,-7.0386324
12258,RAB19,7.5918913,-7.0521827
12259,RAB1A,7.5663414,-7.0759544
12260,RAB1B,7.4608083,-7.182876
12261,RAB20,7.681599,-6.957481
12262,RAB22A,7.61212,-7.032197
12263,RAB23,7.698129,-6.953659
12264,RAB24,7.6660514,-6.980512
12265,RAB25,7.590105,-7.0551333
12266,RAB26,7.621605,-7.018627
12267,RAB27A,7.6742163,-6.9693794
12268,RAB27B,7.5887713,-7.0609803
12269,RAB28,7.70473,-6.9459476
12270,RAB29,7.607167,-7.036402
12271,RAB2A,7.548274,-7.0957365
12272,RAB2B,7.5324416,-7.111174
12273,RAB30,7.56331,-7.084975
12274,RAB31,7.5960956,-7.0490227
12275,RAB32,7.6531444,-6.9909
12276,RAB33B,7.597557,-7.038026
12277,RAB34,7.709808,-6.885613
12278,RAB35,7.534779,-7.1062527
12279,RAB36,7.688275,-6.915329
12280,RAB37,7.6007633,-7.042899
12281,RAB38,7.6557903,-6.990722
12282,RAB39A,7.6130557,-7.02738
12283,RAB3A,7.544323,-7.10126
12284,RAB3C,7.5259314,-7.12051
12285,RAB3D,7.606522,-7.035138
12286,RAB3GAP1,10.135038,1.2276245
12287,RAB3GAP2,10.549458,-0.008572974
12288,RAB3IL1,9.664727,2.673709
12289,RAB3IP,9.665034,2.2930734
12290,RAB40B,7.6467285,-6.987724
12291,RAB40C,7.6626945,-6.957209
12292,RAB42,7.5997467,-7.041865
12293,RAB43,7.579783,-7.061842
12294,RAB44,8.542027,1.4605595
12295,RAB4A,7.596555,-7.044374
12296,RAB4B,7.5842977,-7.057168
12297,RAB5A,7.551938,-7.0940976
12298,RAB5B,7.447972,-7.2027106
12299,RAB5C,7.4956336,-7.1502666
12300,RAB5IF,9.185976,-2.6635535
12301,RAB6A,7.4686522,-7.175807
12302,RAB6B,7.5267634,-7.0993667
12303,RAB6C,7.57553,-7.062344
12304,RAB6D,7.5505314,-7.0883784
12305,RAB7A,7.548999,-7.096556
12306,RAB7B,7.5975165,-7.048626
12307,RAB8A,7.4807267,-7.163686
12308,RAB8B,7.543439,-7.0838766
12309,RABAC1,9.317507,-2.7293491
12310,RABEP1,7.634514,0.3558113
12311,RABEP2,7.775353,0.5271707
12312,RABEPK,12.193904,1.5509156
12313,RABGAP1,9.11134,0.66845363
12314,RABGAP1L,8.900003,0.7111633
12315,RABGEF1,10.034791,1.2634177
12316,RABGGTA,11.38972,0.7459227
12317,RABGGTB,11.571186,1.2433727
12318,RABIF,11.975401,3.0453537
12319,RABL2A,7.662978,-6.9705825
12320,RABL2B,7.663655,-6.973881
12321,RABL3,7.715574,-6.9194183
12322,RABL6,8.619064,1.6981881
12323,RAC1,7.5201435,-7.1154804
12324,RAC2,7.5168924,-7.118221
12325,RAC3,7.5034623,-7.1328616
12326,RACGAP1,9.420753,2.3524554
12327,RACK1,12.5341215,5.269503
12328,RAD1,11.498755,2.445279
12329,RAD17,10.93688,1.6305044
12330,RAD18,9.361709,2.388721
12331,RAD21,9.239297,2.7089646
12332,RAD21L1,9.260486,2.7165756
12333,RAD23A,10.3934,2.6624622
12334,RAD23B,10.304141,2.7338758
12335,RAD50,7.8784037,0.16077043
12336,RAD51,11.710417,1.9276987
12337,RAD51AP1,9.077652,2.5863154
12338,RAD51AP2,8.435826,2.115675
12339,RAD51B,11.628707,2.0412104
12340,RAD51C,11.751162,2.127931
12341,RAD51D,12.228756,2.093679
12342,RAD52,10.42602,2.0108438
12343,RAD54B,9.764614,1.8279347
12344,RAD54L,10.895179,1.4248571
12345,RAD54L2,10.134493,1.4008749
12346,RAD9A,11.390548,2.4676468
12347,RAD9B,11.386607,2.3858097
12348,RADIL,9.729725,1.0495255
12349,RAE1,12.407753,5.0981946
12350,RAET1E,8.341767,9.627702
12351,RAET1G,8.340777,9.62678
12352,RAET1L,8.339867,9.629853
12353,RAF1,13.029692,7.360523
12354,RAG1,9.421091,2.2069364
12355,RAG2,11.82171,1.0950722
12356,RAI1,7.8339324,2.3628752
12357,RAI14,7.5273013,0.32177314
12358,RALA,7.593864,-7.044462
12359,RALB,7.593651,-7.04502
12360,RALBP1,10.140138,2.587482
12361,RALGAPA1,9.587728,-0.34820536
12362,RALGAPA2,9.60913,-0.041186575
12363,RALGAPB,9.688074,0.13281424
12364,RALGDS,9.076874,1.1683143
12365,RALGPS1,9.297581,0.89365983
12366,RALGPS2,9.436804,0.9499054
12367,RALY,6.802884,2.0654216
12368,RALYL,6.75308,2.042034
12369,RAMAC,7.3808374,2.5349286
12370,RAMP1,10.140945,5.6377134
12371,RAMP2,10.135913,5.662914
12372,RAMP3,10.117217,5.674861
12373,RAN,7.568762,-7.0550323
12374,RANBP1,11.250506,3.0940728
12375,RANBP10,9.689385,1.7905996
12376,RANBP17,10.370077,-0.035824213
12377,RANBP2,9.233405,0.110217474
12378,RANBP3,10.27134,2.384124
12379,RANBP3L,9.848587,2.6926453
12380,RANBP6,10.540531,0.06751411
12381,RANBP9,9.93112,2.0779448
12382,RANGAP1,10.472812,0.43459216
12383,RANGRF,11.845003,2.4329636
12384,RAP1A,7.5864363,-7.056139
12385,RAP1GAP,9.687882,0.94113827
12386,RAP1GAP2,9.491865,0.9907649
12387,RAP1GDS1,10.707514,0.42734763
12388,RAP2A,7.601655,-6.994048
12389,RAP2B,7.595259,-7.0453095
12390,RAPGEF1,9.350262,0.9577125
12391,RAPGEF2,8.938366,0.6999623
12392,RAPGEF3,9.823452,1.0009964
12393,RAPGEF4,9.844572,0.75649965
12394,RAPGEF5,9.633741,0.82356143
12395,RAPGEF6,9.121314,0.58137095
12396,RAPGEFL1,9.798445,1.1241652
12397,RAPH1,8.660156,1.3415287
12398,RAPSN,11.069491,0.17695935
12399,RARA,5.726461,3.8931854
12400,RARB,5.709415,3.8816307
12401,RARG,5.7098436,3.8824353
12402,RARRES1,13.932807,-1.0222329
12403,RARRES2,7.782782,-1.8974291
12404,RARS2,12.148102,1.573515
12405,RASA1,9.889789,0.838701
12406,RASA2,9.943532,0.6528746
12407,RASA3,9.95945,0.7584806
12408,RASA4,10.031737,0.8326192
12409,RASA4B,9.917702,0.82208717
12410,RASAL1,9.98029,0.78767556
12411,RASAL2,8.833895,0.8541904
12412,RASAL3,9.537731,1.1312913
12413,RASD1,7.695914,-6.9408407
12414,RASD2,7.6997023,-6.933342
12415,RASEF,8.551651,0.9299255
12416,RASGEF1A,9.785263,1.1605554
12417,RASGEF1B,9.890761,1.0523775
12418,RASGEF1C,9.706074,1.1436551
12419,RASGRF1,9.330652,0.7769646
12420,RASGRF2,9.507156,0.6875279
12421,RASGRP1,9.49421,1.0756832
12422,RASGRP2,9.546762,0.85301125
12423,RASGRP3,9.5209255,1.1264522
12424,RASGRP4,9.724434,0.9312523
12425,RASIP1,9.480277,1.3283689
12426,RASL10A,7.7113047,-6.9265122
12427,RASL10B,7.7011094,-6.934317
12428,RASL11A,7.7335963,-6.9039817
12429,RASL11B,7.709218,-6.932503
12430,RASL12,7.724587,-6.9010706
12431,RASSF1,9.851996,1.2521884
12432,RASSF10,9.672527,2.8296642
12433,RASSF2,9.898465,1.5187048
12434,RASSF3,9.972917,1.419879
12435,RASSF4,9.879337,1.3828132
12436,RASSF5,9.7157955,1.5458847
12437,RASSF6,9.811797,1.5625007
12438,RASSF7,9.438138,3.161945
12439,RASSF8,8.100914,0.6796863
12440,RASSF9,9.370153,1.4910817
12441,RAVER1,9.628301,1.9152756
12442,RAVER2,7.7091875,2.7292237
12443,RAX,6.7837334,4.674078
12444,RAX2,6.7340035,4.751976
12445,RB1,9.769952,1.7834555
12446,RB1CC1,7.714154,0.3152672
12447,RBAK,2.9434965,-4.617207
12448,RBBP4,12.42769,5.1424584
12449,RBBP5,12.273866,4.918407
12450,RBBP6,7.306904,1.8786054
12451,RBBP8,8.800484,2.3449714
12452,RBBP8NL,8.589358,2.5752237
12453,RBBP9,12.865063,1.9398156
12454,RBCK1,10.161568,2.355115
12455,RBFA,12.889827,2.9027598
12456,RBFOX1,6.9918957,3.2629452
12457,RBFOX2,7.0121174,3.2395942
12458,RBFOX3,6.9997234,3.2853775
12459,RBIS,11.8217745,3.8901563
12460,RBKS,13.17709,1.9393874
12461,RBL1,9.505594,1.8567694
12462,RBL2,9.703318,1.7317674
12463,RBM11,10.090795,2.5608354
12464,RBM12,7.292332,2.4137344
12465,RBM12B,8.945301,1.8626927
12466,RBM14,7.101607,3.00306
12467,RBM15,7.948574,2.207778
12468,RBM15B,8.453327,2.6293616
12469,RBM17,10.481004,3.0567734
12470,RBM18,10.705251,2.7520263
12471,RBM19,11.514512,2.7723892
12472,RBM20,8.240116,2.125642
12473,RBM22,7.2809167,2.3979461
12474,RBM23,7.1248384,2.2514508
12475,RBM24,6.998975,3.1395442
12476,RBM25,7.097376,1.8378221
12477,RBM26,7.4176936,2.1940584
12478,RBM27,7.5085893,2.220417
12479,RBM33,7.513575,2.3147798
12480,RBM34,11.33126,3.270419
12481,RBM38,6.9823723,3.216659
12482,RBM39,6.986651,1.8331255
12483,RBM4,6.968005,3.0436635
12484,RBM42,7.2352157,2.5087447
12485,RBM43,11.425722,0.6127479
12486,RBM44,8.68966,2.162212
12487,RBM45,7.092262,2.7340343
12488,RBM46,7.00542,2.866724
12489,RBM47,6.969047,3.0148659
12490,RBM48,10.358476,2.500083
12491,RBM4B,6.971746,3.0293648
12492,RBM5,7.727856,2.0640814
12493,RBM6,7.7409215,1.9780517
12494,RBM7,7.218911,2.4114974
12495,RBM8A,11.797522,3.4799938
12496,RBMS1,7.0468116,3.2568486
12497,RBMS2,7.006748,3.2223372
12498,RBMS3,7.0499187,3.2443042
12499,RBMXL1,6.9981146,2.2184758
12500,RBMXL2,6.96094,2.231873
12501,RBP1,-1.5180897,-6.3917875
12502,RBP2,-1.5185809,-6.3919063
12503,RBP3,11.40275,-2.1737998
12504,RBP4,7.621762,-1.9082544
12505,RBP5,-1.5179746,-6.391874
12506,RBP7,-1.5180655,-6.3918834
12507,RBPJ,10.092081,1.6056406
12508,RBPJL,10.688883,1.3721737
12509,RBPMS,7.0434513,3.2774122
12510,RBPMS2,7.0036583,3.2124705
12511,RBSN,9.892702,2.1984756
12512,RBX1,12.111125,3.636006
12513,RC3H1,7.818776,2.586981
12514,RC3H2,7.8141303,2.5598872
12515,RCAN1,10.347307,2.4290957
12516,RCAN2,9.974055,1.959006
12517,RCAN3,10.061532,2.1696806
12518,RCBTB1,11.055664,0.83798957
12519,RCBTB2,11.0638,0.8446461
12520,RCC1,12.022937,1.6872945
12521,RCC1L,12.085248,1.5663666
12522,RCC2,11.953881,1.7055709
12523,RCCD1,12.016625,1.6941581
12524,RCE1,9.646932,-3.2042377
12525,RCHY1,10.123488,2.493752
12526,RCL1,12.398289,1.8061292
12527,RCN1,12.867514,-0.4525589
12528,RCN2,12.857753,-0.46209505
12529,RCN3,12.858254,-0.47691867
12530,RCOR1,9.971006,2.5684767
12531,RCOR2,8.490241,2.5017257
12532,RCOR3,8.272951,2.555827
12533,RCSD1,9.302542,3.7567823
12534,RCVRN,5.353837,-0.34875855
12535,RD3,9.79486,3.7551723
12536,RD3L,10.213873,3.508296
12537,RDH10,13.470435,1.1613863
12538,RDH11,13.425465,1.1608291
12539,RDH12,13.518309,1.1545427
12540,RDH13,13.436059,1.1892456
12541,RDH14,13.103162,1.3898631
12542,RDH16,13.536419,1.1426497
12543,RDH5,13.480241,1.220465
12544,RDH8,13.516695,1.1401765
12545,RDM1,11.365891,2.2950199
12546,RDX,8.142345,0.4241428
12547,REC114,11.197441,2.338355
12548,REC8,9.307392,2.822562
12549,RECK,13.592401,-1.8848263
12550,RECQL,9.427849,2.0330644
12551,RECQL4,11.156559,1.4512507
12552,RECQL5,11.304705,4.870365
12553,REELD1,9.623546,4.63742
12554,REEP1,9.613231,-2.5829577
12555,REEP2,9.6236515,-2.5608935
12556,REEP3,9.603591,-2.5577657
12557,REEP4,9.63915,-2.5744781
12558,REEP5,9.519229,-2.5972161
12559,REEP6,9.635456,-2.8546724
12560,REG1A,14.123543,-1.290707
12561,REG1B,14.159248,-1.2787603
12562,REG3A,14.14419,-1.2879204
12563,REG3G,14.136007,-1.2337631
12564,REG4,14.098242,-1.2864373
12565,REL,7.8229694,3.5337052
12566,RELA,7.8975434,3.3772516
12567,RELB,7.791938,3.5553734
12568,RELCH,10.366165,0.43382728
12569,RELL1,9.965,5.4094768
12570,RELL2,9.801262,5.1883483
12571,RELN,12.528606,-2.1236746
12572,RELT,9.85225,5.8301826
12573,REM1,7.735722,-6.8872123
12574,REM2,9.9508295,2.264663
12575,REN,13.650022,-0.48979825
12576,REP15,9.907795,4.131584
12577,REPIN1,3.225508,-3.81892
12578,REPS1,8.067546,2.3063269
12579,RER1,9.29779,-2.7418292
12580,RERE,7.78749,2.329135
12581,RERG,7.715249,-6.9321413
12582,RERGL,7.7255797,-6.924262
12583,RESF1,8.194809,2.0222452
12584,RESP18,9.632036,4.4796224
12585,REST,6.3097625,2.838489
12586,RET,13.701743,6.7449846
12587,RETN,14.4314165,-1.8161641
12588,RETNLB,14.238239,-1.5534934
12589,RETREG1,10.562993,-1.0171824
12590,RETREG2,10.58431,-0.94103897
12591,RETREG3,10.589712,-1.0610499
12592,RETSAT,13.338075,0.936893
12593,REV1,9.457567,1.8652245
12594,REV3L,8.2396555,1.9431537
12595,REX1BD,10.238405,3.4454165
12596,REXO1,8.599266,2.4192026
12597,REXO2,12.507364,2.442601
12598,REXO4,11.308239,3.113095
12599,REXO5,11.448357,1.5860956
12600,RFC1,9.240553,2.3007808
12601,RFC2,11.605544,1.9110653
12602,RFC3,11.594465,2.05288
12603,RFC4,11.561397,1.9172705
12604,RFC5,11.593089,1.9357132
12605,RFESD,12.414285,2.2511384
12606,RFFL,9.889196,2.0816095
12607,RFK,12.229528,2.3691778
12608,RFLNA,9.363601,4.21453
12609,RFLNB,9.708277,3.4415684
12610,RFNG,14.087013,-0.012284109
12611,RFPL1,3.9014423,1.7123516
12612,RFPL2,3.8945296,1.6739277
12613,RFPL3,3.9303505,1.6995519
12614,RFPL4A,3.8938878,1.7041568
12615,RFPL4AL1,3.9051843,1.7091756
12616,RFPL4B,3.9130387,1.7016504
12617,RFT1,9.844033,-3.1461577
12618,RFTN1,10.110316,1.6483388
12619,RFTN2,10.0871525,1.5572307
12620,RFWD3,9.053589,2.273045
12621,RFX1,7.4378095,2.81458
12622,RFX2,7.4640455,2.910333
12623,RFX3,7.4313984,2.9963825
12624,RFX4,7.18092,3.6524336
12625,RFX5,8.539055,3.1108034
12626,RFX6,7.194818,3.6912127
12627,RFX7,7.6345754,2.4187882
12628,RFX8,10.408608,1.1829423
12629,RFXANK,13.767724,5.3168797
12630,RFXAP,10.056452,2.808762
12631,RGCC,9.878161,3.128327
12632,RGL1,9.312056,0.8539419
12633,RGL2,9.734804,0.8793464
12634,RGL3,9.757308,1.00652
12635,RGL4,9.93971,1.1785419
12636,RGMA,13.349706,-0.9701504
12637,RGMB,13.32075,-1.0888212
12638,RGP1,11.552597,1.6554922
12639,RGPD1,9.254471,0.08654512
12640,RGPD2,9.248547,0.07030194
12641,RGPD3,9.255882,0.054414045
12642,RGPD4,9.279775,0.048414163
12643,RGPD5,9.245289,0.076432526
12644,RGPD6,9.295577,0.15693368
12645,RGPD8,9.263542,0.086363226
12646,RGR,0.558246,-2.4104626
12647,RGS1,11.667099,3.9162092
12648,RGS10,11.69713,3.9306612
12649,RGS11,9.896683,1.1856418
12650,RGS12,9.134135,1.1953887
12651,RGS13,11.667705,3.9244418
12652,RGS14,9.768656,0.97888315
12653,RGS16,11.669293,3.9584427
12654,RGS17,11.609976,3.859375
12655,RGS18,11.698137,3.8880167
12656,RGS19,11.67033,3.8818822
12657,RGS2,11.647512,3.9075854
12658,RGS20,11.413183,3.6369433
12659,RGS21,11.655688,3.8861554
12660,RGS22,8.783429,0.9942578
12661,RGS3,9.375554,1.1498051
12662,RGS4,11.676549,3.9351382
12663,RGS6,9.635091,1.1652015
12664,RGS7,9.678232,1.2629449
12665,RGS7BP,9.519594,3.5411582
12666,RGS8,11.65733,3.9639525
12667,RGS9,9.524964,1.0522629
12668,RGS9BP,10.156737,3.3646624
12669,RGSL1,9.19409,1.2772113
12670,RHAG,6.3685303,-2.286034
12671,RHBDD1,9.968694,-2.3210893
12672,RHBDD2,9.536572,-2.766046
12673,RHBDD3,9.932781,-2.6105788
12674,RHBDF1,10.801038,-2.8933477
12675,RHBDF2,10.7573185,-2.9466279
12676,RHBDL1,9.77644,-3.183217
12677,RHBDL2,9.559548,-3.1897414
12678,RHBDL3,9.945272,-3.1550713
12679,RHBG,6.381623,-2.285233
12680,RHCE,6.376445,-2.2884746
12681,RHCG,6.382906,-2.2904644
12682,RHD,6.3856354,-2.2952902
12683,RHEB,7.56723,-7.0736456
12684,RHEBL1,7.7545433,-6.8867087
12685,RHEX,9.518253,6.3238106
12686,RHNO1,9.138347,3.323329
12687,RHO,0.61494386,-2.3873763
12688,RHOA,7.480957,-7.0132318
12689,RHOB,7.567128,-7.057663
12690,RHOBTB1,10.094302,1.7042024
12691,RHOBTB2,10.186961,1.7262915
12692,RHOBTB3,10.702837,1.9264286
12693,RHOC,7.556219,-7.0692167
12694,RHOD,7.5960155,-7.046617
12695,RHOF,7.578912,-7.0443096
12696,RHOG,7.5143,-7.125511
12697,RHOH,7.671063,-6.976415
12698,RHOJ,7.598122,-7.0438914
12699,RHOQ,7.578915,-7.05688
12700,RHOT1,11.315546,0.9920441
12701,RHOT2,11.6515665,0.941737
12702,RHOU,7.643268,-6.9881396
12703,RHOV,7.6469812,-6.9973106
12704,RHPN1,9.825326,0.8661196
12705,RHPN2,9.708028,0.8432298
12706,RIBC2,7.609846,0.9439764
12707,RIC1,10.576562,-0.011816963
12708,RIC3,10.741886,-1.0790576
12709,RIC8A,10.906401,0.7521208
12710,RIC8B,10.715024,0.5942639
12711,RICTOR,9.403932,0.11921159
12712,RIDA,13.571756,1.9227548
12713,RIIAD1,11.493528,2.950743
12714,RILP,9.919728,3.3901873
12715,RILPL1,8.074101,0.7186928
12716,RILPL2,9.908795,3.3534696
12717,RIMBP2,8.603632,1.0225052
12718,RIMBP3,8.231935,1.3497058
12719,RIMBP3B,8.238165,1.3658277
12720,RIMBP3C,8.252405,1.4065378
12721,RIMKLA,12.601777,1.911685
12722,RIMKLB,12.750263,1.8810601
12723,RIMS1,8.813563,0.76065916
12724,RIMS2,8.857262,0.7403704
12725,RIMS3,9.829829,0.8688934
12726,RIMS4,9.7669325,0.97150165
12727,RIN1,9.818017,1.2507398
12728,RIN2,9.381778,1.0132949
12729,RIN3,9.416129,1.0893912
12730,RING1,9.4775915,2.3226476
12731,RINL,9.966113,2.2901897
12732,RINT1,10.354784,0.40947583
12733,RIOK1,11.364986,3.1482732
12734,RIOK2,11.282122,3.006758
12735,RIOK3,10.781526,2.3034883
12736,RIOX1,11.906355,2.1085722
12737,RIOX2,12.176229,1.69657
12738,RIPK1,12.739828,7.3235455
12739,RIPK2,12.756355,7.3893948
12740,RIPK3,12.876829,7.473602
12741,RIPK4,13.800599,5.3309073
12742,RIPOR1,8.991025,1.5044246
12743,RIPOR2,9.0448885,1.2236469
12744,RIPOR3,9.368471,1.1313666
12745,RIPPLY2,9.957716,3.7236123
12746,RIPPLY3,9.783426,3.7903376
12747,RIT1,7.6016774,-7.0345383
12748,RIT2,7.693828,-6.953298
12749,RITA1,9.192049,3.8264394
12750,RLBP1,10.575139,1.40366
12751,RLF,6.988007,2.416368
12752,RLN1,15.333884,-1.9193672
12753,RLN2,15.345455,-1.9284256
12754,RLN3,15.278637,-1.8716241
12755,RMC1,10.842646,0.45945558
12756,RMDN1,12.934456,2.7442138
12757,RMDN2,11.034532,0.42320088
12758,RMDN3,10.598198,0.8801283
12759,RMI1,9.108582,2.2652867
12760,RMI2,10.48313,3.0627432
12761,RMND1,12.796498,2.4298239
12762,RMND5A,10.800476,2.5139713
12763,RMND5B,11.017213,2.4689991
12764,RNASE1,14.998588,-1.4342109
12765,RNASE10,14.838553,-1.3887532
12766,RNASE11,14.882159,-1.4569443
12767,RNASE12,14.961114,-1.4338692
12768,RNASE13,14.964759,-1.4482275
12769,RNASE2,14.983455,-1.4288303
12770,RNASE3,14.98096,-1.4395825
12771,RNASE4,14.983394,-1.4338577
12772,RNASE6,15.000007,-1.4409795
12773,RNASE7,14.958621,-1.441625
12774,RNASE8,14.988592,-1.4515727
12775,RNASE9,14.970685,-1.4247558
12776,RNASEH1,12.165896,2.5441408
12777,RNASEH2A,11.713882,2.2151704
12778,RNASEH2B,10.8799095,2.3297966
12779,RNASEH2C,11.257383,2.8139806
12780,RNASEK,9.088092,-2.6620076
12781,RNASEL,11.367617,0.27483726
12782,RNASET2,13.384058,0.01044105
12783,RND1,7.6917205,-6.9524856
12784,RND2,7.683134,-6.9458675
12785,RND3,7.6649346,-6.978624
12786,RNF10,9.857548,2.4229078
12787,RNF103,12.647659,0.035100874
12788,RNF11,10.181114,2.327791
12789,RNF111,7.83547,2.738927
12790,RNF112,12.48312,-0.4435062
12791,RNF113B,9.703712,3.59427
12792,RNF114,10.118731,2.5171642
12793,RNF115,10.270046,2.5196695
12794,RNF121,9.929245,-2.460291
12795,RNF122,10.178419,4.8732467
12796,RNF123,10.319388,0.22394946
12797,RNF125,10.044835,2.4616003
12798,RNF126,10.252118,2.557459
12799,RNF13,12.525665,-0.2020243
12800,RNF130,12.5232315,-0.5104873
12801,RNF133,12.296261,0.097286694
12802,RNF135,3.97744,1.701582
12803,RNF138,10.136267,2.4607842
12804,RNF139,9.662594,-2.7792299
12805,RNF14,10.246209,2.279912
12806,RNF141,11.106082,2.1804645
12807,RNF144A,9.93699,2.5343268
12808,RNF144B,10.09157,2.511016
12809,RNF145,9.9608555,-2.9016116
12810,RNF146,9.995271,2.1766856
12811,RNF148,12.425796,0.07658473
12812,RNF149,12.560949,-0.42033342
12813,RNF150,12.105168,-1.2014686
12814,RNF151,4.206446,1.6952703
12815,RNF152,10.082557,4.333217
12816,RNF157,9.426185,1.517467
12817,RNF165,7.7492447,2.8270152
12818,RNF166,10.100471,2.5130856
12819,RNF167,12.638142,-0.24106368
12820,RNF168,9.383008,2.3896458
12821,RNF169,9.154975,2.6334443
12822,RNF17,10.795897,1.3774582
12823,RNF170,9.91718,-2.0327396
12824,RNF175,9.9319315,-2.503828
12825,RNF180,10.055105,1.9613264
12826,RNF181,11.288274,3.001973
12827,RNF182,10.064299,4.3553405
12828,RNF183,10.059324,4.4010916
12829,RNF185,10.318945,2.612096
12830,RNF186,10.111073,4.3816366
12831,RNF187,9.961027,3.4056892
12832,RNF19A,10.6038065,-1.5584465
12833,RNF19B,10.614277,-1.6515268
12834,RNF2,10.038142,2.3842993
12835,RNF20,7.959936,0.3245424
12836,RNF207,4.163337,1.6975611
12837,RNF208,10.047158,3.8352222
12838,RNF212,9.498466,3.3908935
12839,RNF212B,10.141738,2.4936543
12840,RNF214,9.113106,2.0656977
12841,RNF215,12.257261,1.2642646
12842,RNF216,9.691401,1.8505106
12843,RNF217,10.437691,2.4915807
12844,RNF220,9.701778,2.3092573
12845,RNF222,10.082119,4.3163614
12846,RNF223,10.033964,4.2343693
12847,RNF224,10.060536,4.2153115
12848,RNF225,9.959199,4.1253953
12849,RNF227,9.953935,3.2308283
12850,RNF24,10.141428,4.8474026
12851,RNF25,11.652046,1.9610989
12852,RNF26,9.90148,-2.5780303
12853,RNF31,11.586143,0.9592891
12854,RNF32,9.734487,2.7534735
12855,RNF34,9.815158,2.2172208
12856,RNF38,7.7671967,2.8479407
12857,RNF39,4.1537385,1.7142193
12858,RNF4,9.822104,2.1951423
12859,RNF40,7.960492,0.38493735
12860,RNF41,10.579171,2.1914515
12861,RNF43,10.035164,6.0430894
12862,RNF44,7.720246,2.8284163
12863,RNF5,10.330639,2.9364858
12864,RNF6,9.728557,2.2023215
12865,RNF7,12.196463,3.5774615
12866,RNF8,10.195496,2.3817422
12867,RNFT1,9.829763,-2.6935124
12868,RNFT2,9.848032,-2.4836037
12869,RNGTT,10.413516,1.2803024
12870,RNH1,15.479138,4.6591334
12871,RNLS,11.873897,1.8639311
12872,RNMT,11.381316,2.396726
12873,RNPC3,9.823841,2.2575452
12874,RNPEP,12.870489,0.5460685
12875,RNPEPL1,12.691628,0.62242484
12876,RNPS1,6.7912693,1.6873118
12877,RO60,11.461377,2.2708056
12878,ROBO1,12.14891,-1.7693405
12879,ROBO2,12.160196,-1.7308601
12880,ROBO3,12.305448,-1.5217913
12881,ROBO4,10.108495,6.3695736
12882,ROCK1,7.9629917,0.18365525
12883,ROCK2,8.061758,0.20380813
12884,ROGDI,10.832843,2.4539182
12885,ROM1,8.669109,-2.6643028
12886,ROMO1,13.695455,4.0060525
12887,ROPN1,11.260212,2.5935535
12888,ROPN1B,11.158693,2.5653732
12889,ROPN1L,11.048546,2.63754
12890,ROR1,13.706406,6.7305837
12891,ROR2,13.713671,6.7430253
12892,RORA,5.733686,3.8591938
12893,RORB,5.724469,3.8738565
12894,RORC,5.6945286,3.8806927
12895,ROS1,12.506386,-1.9153748
12896,RP1,8.219891,2.0152159
12897,RP1L1,8.649437,3.014255
12898,RP9,7.3291717,1.7751766
12899,RPA1,11.707009,1.9245222
12900,RPA2,11.65882,2.2901993
12901,RPA3,12.058447,3.423056
12902,RPAIN,11.217388,2.9848804
12903,RPAP1,10.82037,0.467817
12904,RPAP3,10.856675,1.7038933
12905,RPE,12.755755,2.1666877
12906,RPE65,12.746777,0.55685616
12907,RPEL1,12.540427,2.192817
12908,RPF1,11.605329,3.106031
12909,RPF2,11.633668,3.2415292
12910,RPGRIP1,8.334624,0.87587905
12911,RPGRIP1L,8.260223,0.8970278
12912,RPH3A,9.304348,1.1611129
12913,RPH3AL,9.428787,1.3384479
12914,RPIA,12.925207,2.140994
12915,RPL10A,17.799227,2.5344746
12916,RPL10L,17.733051,2.542308
12917,RPL11,17.79813,2.5338197
12918,RPL12,17.7881,2.5356586
12919,RPL13,17.8089,2.5274127
12920,RPL13A,17.795336,2.535521
12921,RPL14,17.795855,2.5260024
12922,RPL15,17.804598,2.5275013
12923,RPL17,17.84431,2.5651438
12924,RPL18,17.809652,2.5313118
12925,RPL18A,17.836523,2.5072718
12926,RPL19,17.807938,2.5282393
12927,RPL21,17.806135,2.5297365
12928,RPL22,17.747772,2.5613952
12929,RPL22L1,12.192635,3.600091
12930,RPL23,17.792183,2.546737
12931,RPL23A,17.791414,2.5350277
12932,RPL24,17.802578,2.5241563
12933,RPL26,17.83063,2.5634606
12934,RPL26L1,17.697796,2.5856616
12935,RPL27,17.805765,2.5306242
12936,RPL27A,17.797527,2.5325708
12937,RPL28,17.809647,2.5269349
12938,RPL29,17.798195,2.5270188
12939,RPL3,17.784397,2.5422013
12940,RPL30,17.790627,2.539352
12941,RPL31,17.785328,2.5404365
12942,RPL32,17.800219,2.5279162
12943,RPL34,17.800549,2.5279984
12944,RPL35,17.813986,2.539706
12945,RPL35A,17.800209,2.530216
12946,RPL36,17.805542,2.533985
12947,RPL36AL,17.792786,2.532796
12948,RPL37,17.794596,2.5297778
12949,RPL37A,17.786922,2.5193055
12950,RPL38,17.777176,2.5418458
12951,RPL39L,11.888749,3.8212779
12952,RPL3L,13.577691,2.485975
12953,RPL4,17.802753,2.5277898
12954,RPL41,17.792238,2.5291085
12955,RPL5,17.769764,2.500582
12956,RPL6,17.798906,2.529374
12957,RPL7,17.795643,2.5337384
12958,RPL7A,17.799702,2.529378
12959,RPL7L1,11.5314,3.280355
12960,RPL8,17.822973,2.5010104
12961,RPL9,17.775164,2.559609
12962,RPLP0,17.768667,2.5246198
12963,RPLP1,17.740458,2.5204256
12964,RPLP2,17.77919,2.5199392
12965,RPN1,12.731607,-0.30901524
12966,RPN2,12.6932335,-0.33380714
12967,RPP14,11.9408045,2.394586
12968,RPP21,10.74381,3.2890775
12969,RPP25,10.942529,3.0659444
12970,RPP25L,12.183938,2.8804073
12971,RPP30,11.846425,2.4984097
12972,RPP38,11.23552,3.1863513
12973,RPP40,11.785173,2.008507
12974,RPRD1A,10.77606,2.7740798
12975,RPRD1B,10.799114,2.814072
12976,RPRD2,7.8219385,2.2551558
12977,RPRM,9.9958935,5.2578106
12978,RPRML,10.079353,5.172869
12979,RPS10,17.79731,2.5296388
12980,RPS11,17.804562,2.530597
12981,RPS12,17.776674,2.5256608
12982,RPS13,17.812628,2.5392714
12983,RPS14,17.768234,2.494419
12984,RPS15,17.81983,2.5398057
12985,RPS15A,17.79509,2.5393305
12986,RPS16,17.803226,2.5324347
12987,RPS17,17.793634,2.5347862
12988,RPS18,17.808842,2.537318
12989,RPS19,17.825026,2.497538
12990,RPS19BP1,11.323303,3.4707546
12991,RPS2,17.777287,2.5258276
12992,RPS20,17.794891,2.5402822
12993,RPS21,17.762835,2.5491405
12994,RPS23,17.801245,2.5313063
12995,RPS24,17.812855,2.5216954
12996,RPS25,17.768595,2.5625458
12997,RPS26,17.79023,2.5317488
12998,RPS27,17.732233,2.4985368
12999,RPS27A,17.797338,2.5329418
13000,RPS27L,12.195428,3.6308315
13001,RPS28,17.79527,2.535806
13002,RPS29,17.797329,2.5261245
13003,RPS3,17.782827,2.5245814
13004,RPS3A,17.794502,2.5320868
13005,RPS5,17.776657,2.5254214
13006,RPS6,17.809395,2.562003
13007,RPS6KA1,12.959041,7.553896
13008,RPS6KA2,12.972524,7.5052476
13009,RPS6KA4,12.906553,7.572103
13010,RPS6KB1,12.928286,7.5310893
13011,RPS6KB2,12.824288,7.6410136
13012,RPS6KC1,8.859873,1.4660168
13013,RPS6KL1,9.522693,1.9105996
13014,RPS7,17.777224,2.561877
13015,RPS8,17.805103,2.5328279
13016,RPS9,17.810295,2.536049
13017,RPSA,17.774998,2.5267293
13018,RPTN,8.670927,4.2282224
13019,RPTOR,9.680341,0.52045846
13020,RPUSD1,12.352406,2.3048189
13021,RPUSD2,12.017554,2.3337388
13022,RPUSD3,12.378999,2.4254768
13023,RPUSD4,12.408469,2.4271462
13024,RRAD,7.804052,-6.8258133
13025,RRAGA,7.6596727,-6.9674387
13026,RRAGC,11.185091,2.34293
13027,RRAGD,11.26538,2.2614517
13028,RRAS,7.6271386,-7.0152135
13029,RRAS2,7.6584225,-6.982154
13030,RRBP1,7.5064955,0.39685863
13031,RREB1,6.303375,2.8549283
13032,RRH,0.59876245,-2.3734121
13033,RRM1,11.956587,1.8411014
13034,RRM2,11.856084,2.0544903
13035,RRM2B,10.75502,1.7339689
13036,RRN3,10.633822,0.71261907
13037,RRP1,11.65187,3.0776484
13038,RRP12,10.66499,0.5738132
13039,RRP15,11.394917,3.2230184
13040,RRP1B,11.2650585,3.0453637
13041,RRP36,11.044117,3.294525
13042,RRP7A,11.78741,2.9177186
13043,RRP8,11.378379,2.798742
13044,RRP9,12.3958435,4.964147
13045,RRS1,11.428646,3.265476
13046,RSAD1,12.1681,1.696071
13047,RSAD2,12.223358,1.7758855
13048,RSBN1,9.512101,2.5946736
13049,RSBN1L,9.164284,2.3890316
13050,RSC1A1,8.767313,3.5101678
13051,RSF1,8.451609,2.091447
13052,RSKR,12.89538,7.6048784
13053,RSL1D1,11.31705,3.2308269
13054,RSL24D1,11.976682,3.5574398
13055,RSPH1,10.995462,1.0187055
13056,RSPH10B,10.766992,0.9130631
13057,RSPH10B2,10.849231,0.9665733
13058,RSPH14,10.563809,0.3546957
13059,RSPH3,8.0035,1.1807013
13060,RSPH4A,8.420789,1.1130114
13061,RSPH6A,8.557207,1.3937533
13062,RSPH9,10.845302,2.280219
13063,RSPO1,13.874258,-1.866586
13064,RSPO2,13.89028,-1.8819041
13065,RSPO3,13.86665,-1.8748375
13066,RSPO4,13.749212,-1.8752685
13067,RSPRY1,10.733541,1.7917756
13068,RSRC1,6.9420934,1.7388366
13069,RSRC2,6.9486237,1.7696503
13070,RSRP1,6.711941,1.6972932
13071,RSU1,15.42737,4.6510057
13072,RTBDN,14.207985,-1.5795364
13073,RTCA,12.447877,1.6979911
13074,RTCB,13.33193,1.9123542
13075,RTEL1,11.407233,1.1723294
13076,RTF1,10.325467,2.9877067
13077,RTF2,10.632964,2.8280036
13078,RTKN,9.7489805,1.0748711
13079,RTKN2,9.57704,1.5060831
13080,RTL1,9.086466,2.9613976
13081,RTL10,9.415499,3.7341883
13082,RTL6,9.96662,2.8893044
13083,RTN1,8.600932,2.057009
13084,RTN2,9.272161,2.206644
13085,RTN3,8.415564,2.146061
13086,RTN4,8.428456,2.058666
13087,RTN4IP1,12.745924,2.0463295
13088,RTN4R,15.734456,4.4578815
13089,RTN4RL1,15.803628,4.433808
13090,RTN4RL2,15.724736,4.503722
13091,RTP1,9.947247,-1.6764551
13092,RTP2,9.9538145,-1.6896896
13093,RTP3,9.9472065,-1.6751591
13094,RTP4,9.946166,-1.6372113
13095,RTP5,8.903002,3.8354654
13096,RTRAF,11.149077,2.8055124
13097,RTTN,10.004881,-0.36716464
13098,RUBCN,9.742479,1.6567608
13099,RUBCNL,9.8293495,2.0110567
13100,RUFY1,8.068561,0.42418498
13101,RUFY2,8.03157,0.36523336
13102,RUFY3,8.143323,0.43295923
13103,RUFY4,9.339389,1.881403
13104,RUNDC1,10.039468,2.871786
13105,RUNDC3A,9.286159,1.181491
13106,RUNDC3B,9.2490635,1.0963595
13107,RUNX1,7.2139173,3.6838982
13108,RUNX1T1,7.88167,2.9080415
13109,RUNX2,7.223599,3.6757083
13110,RUNX3,7.2005677,3.7816648
13111,RUSC1,9.1791,2.0325284
13112,RUSC2,8.907485,2.048834
13113,RUVBL1,11.679955,1.8915734
13114,RUVBL2,11.7283945,1.81302
13115,RWDD1,10.905549,3.2870324
13116,RWDD2A,11.917713,2.0654035
13117,RWDD2B,11.960475,2.1185093
13118,RWDD3,11.836927,2.5668192
13119,RWDD4,10.950271,2.7886918
13120,RXFP1,12.75156,-2.5895407
13121,RXFP2,12.751749,-2.6079175
13122,RXFP3,0.55115974,-2.4870555
13123,RXFP4,0.47642982,-2.5010881
13124,RXRA,5.741522,3.9342012
13125,RXRB,9.940577,2.476248
13126,RXRG,5.741342,3.8948572
13127,RXYLT1,14.024075,0.03993024
13128,RYBP,8.983719,2.88466
13129,RYK,13.576998,6.8587346
13130,S100A1,9.927553,-9.54053
13131,S100A10,9.9622965,-9.575338
13132,S100A11,9.964938,-9.578546
13133,S100A12,9.965182,-9.579117
13134,S100A13,9.957607,-9.570249
13135,S100A14,9.986932,-9.599948
13136,S100A16,9.965847,-9.579642
13137,S100A2,9.960868,-9.574756
13138,S100A3,9.959172,-9.572505
13139,S100A4,9.964156,-9.577476
13140,S100A5,9.957204,-9.570306
13141,S100A6,9.962787,-9.577136
13142,S100A7,9.959085,-9.572873
13143,S100A7A,9.960685,-9.574593
13144,S100A8,9.963376,-9.577734
13145,S100A9,9.966288,-9.580646
13146,S100B,9.950535,-9.561492
13147,S100P,9.973092,-9.587808
13148,S100PBP,9.033496,2.3588815
13149,S100Z,9.921891,-9.532371
13150,S1PR1,0.43745315,-2.3589787
13151,S1PR2,0.51956344,-2.4062176
13152,S1PR3,0.4700006,-2.3532698
13153,S1PR4,0.49257913,-2.4674544
13154,S1PR5,0.4617311,-2.4940956
13155,SAA1,14.048345,-1.1653771
13156,SAA2,14.030925,-1.1472778
13157,SAA4,14.05315,-1.1710486
13158,SAAL1,10.690469,0.3749735
13159,SAC3D1,10.405538,3.1967173
13160,SACM1L,10.818618,1.1349622
13161,SAE1,11.715591,1.9466668
13162,SAFB,7.226237,1.830785
13163,SAFB2,7.1972203,1.8449346
13164,SAG,11.359457,1.6749805
13165,SALL1,6.260389,2.887519
13166,SALL2,6.2023335,2.9421601
13167,SALL3,6.277403,2.8978732
13168,SALL4,6.272916,2.8609245
13169,SAMD1,9.079879,3.3281145
13170,SAMD10,10.318066,2.5294611
13171,SAMD11,7.151422,4.4784575
13172,SAMD12,10.50745,2.4355738
13173,SAMD13,10.70705,2.3920066
13174,SAMD14,9.427082,2.6597135
13175,SAMD15,8.806561,3.8852322
13176,SAMD3,10.005706,2.007979
13177,SAMD4A,8.2210865,2.6121683
13178,SAMD4B,9.007449,1.7071862
13179,SAMD5,10.29999,2.2275035
13180,SAMD7,7.351475,4.2109594
13181,SAMD8,9.653713,-3.2428336
13182,SAMD9,11.529481,0.44135937
13183,SAMD9L,11.514122,0.39090186
13184,SAMHD1,12.277094,1.140745
13185,SAMM50,12.881964,2.3355463
13186,SAMSN1,9.2655,1.777684
13187,SAP130,7.384145,2.8225117
13188,SAP18,11.922236,3.3335202
13189,SAP25,9.375772,4.027655
13190,SAP30,10.100899,2.7525356
13191,SAP30BP,10.577156,3.1590483
13192,SAP30L,10.129411,2.7361379
13193,SAPCD1,9.655124,4.3365464
13194,SAPCD2,9.196984,3.043133
13195,SAR1A,7.6579504,-6.9731407
13196,SAR1B,7.672946,-6.955564
13197,SARAF,12.05634,0.19756411
13198,SARDH,13.252701,1.52206
13199,SARM1,10.096014,1.0822393
13200,SARNP,10.625229,2.8324075
13201,SARS2,12.224634,1.5689251
13202,SART1,10.560146,3.0246973
13203,SART3,11.05042,0.19107156
13204,SASH1,8.931203,1.3624315
13205,SASS6,7.8769207,0.65005183
13206,SAT2,12.878693,2.0225255
13207,SATB1,7.397175,3.1793282
13208,SATB2,7.3839,3.1708894
13209,SAV1,9.757581,2.2829273
13210,SAXO1,8.676146,4.294636
13211,SAXO2,8.70789,4.2764487
13212,SAYSD1,10.24595,3.9340389
13213,SBDS,11.45287,2.7361546
13214,SBF1,9.826429,-0.43588337
13215,SBF2,9.510083,-0.18921365
13216,SBK1,12.74981,7.6539364
13217,SBK2,12.797879,7.5944347
13218,SBK3,10.786292,2.3722298
13219,SBNO1,10.109253,1.3479395
13220,SBNO2,11.275983,0.984289
13221,SBSN,8.679351,4.2598453
13222,SBSPON,13.7604885,-1.677855
13223,SC5D,9.363147,-3.487708
13224,SCAF1,7.762221,2.2686133
13225,SCAF11,7.6060376,1.9376203
13226,SCAF4,7.4441643,2.3347843
13227,SCAF8,7.4397645,2.2313094
13228,SCAI,10.342531,0.5998987
13229,SCAMP1,9.450449,-2.6564488
13230,SCAMP2,9.5100355,-2.642163
13231,SCAMP3,9.467319,-2.640146
13232,SCAMP4,9.399176,-2.8207338
13233,SCAMP5,9.451841,-2.8552241
13234,SCAND1,3.154881,-3.7051513
13235,SCAP,11.239458,-2.986817
13236,SCAPER,8.570841,1.4642178
13237,SCARA3,15.473033,-1.0868857
13238,SCARA5,15.408296,-1.0660352
13239,SCARB1,12.518143,-0.71314573
13240,SCARB2,12.587125,-0.5451187
13241,SCARF1,13.254508,-2.0505633
13242,SCARF2,13.255588,-2.0484657
13243,SCCPDH,13.487001,1.2409121
13244,SCD,9.334157,-3.523622
13245,SCD5,9.326285,-3.510472
13246,SCEL,8.986933,1.8497274
13247,SCFD1,11.225031,1.144568
13248,SCFD2,11.170879,1.2141379
13249,SCG2,15.382958,-1.9684514
13250,SCG3,15.195794,-1.9135532
13251,SCG5,15.391206,-1.9609939
13252,SCGB1A1,10.82714,5.4382453
13253,SCGB1C1,10.7833805,5.3931456
13254,SCGB1C2,10.814793,5.416348
13255,SCGB1D1,10.849718,5.4318476
13256,SCGB1D2,10.839919,5.441684
13257,SCGB1D4,10.888754,5.4455023
13258,SCGB2A1,10.83373,5.4277825
13259,SCGB2A2,10.789187,5.4152665
13260,SCGB2B2,10.952577,5.505461
13261,SCGB3A1,10.782815,5.411135
13262,SCGB3A2,10.804222,5.4248247
13263,SCGN,5.364279,-0.34045836
13264,SCHIP1,9.094275,2.387794
13265,SCIMP,9.507666,6.436642
13266,SCIN,10.358575,0.9173087
13267,SCLT1,7.409322,0.29806128
13268,SCLY,13.075285,1.9625686
13269,SCMH1,9.590235,1.9300941
13270,SCML4,9.868623,1.7329245
13271,SCN10A,11.5844555,-2.9279692
13272,SCN11A,11.56909,-2.937408
13273,SCN1A,11.602044,-2.9273734
13274,SCN1B,9.922718,6.292204
13275,SCN2A,11.580788,-2.9369173
13276,SCN2B,9.9374895,6.283724
13277,SCN3A,11.603619,-2.9655929
13278,SCN3B,9.969932,6.1220202
13279,SCN4A,11.633884,-2.8940496
13280,SCN4B,9.936004,6.2986884
13281,SCN5A,11.598883,-2.9476995
13282,SCN7A,11.586541,-2.944876
13283,SCN8A,11.595033,-2.9538167
13284,SCN9A,11.608324,-2.917405
13285,SCNM1,10.593735,3.1109838
13286,SCNN1A,12.437635,-0.8371376
13287,SCNN1B,12.431061,-0.84480464
13288,SCNN1D,12.443997,-0.69906735
13289,SCNN1G,12.415667,-0.8452962
13290,SCO1,12.969159,2.9312394
13291,SCO2,12.9147415,2.9627576
13292,SCOC,10.906643,3.141618
13293,SCP2,13.75557,1.975817
13294,SCP2D1,12.097623,2.549791
13295,SCPEP1,13.293901,0.020515703
13296,SCRG1,11.052026,5.4301553
13297,SCRIB,9.948244,0.6708967
13298,SCRN1,12.235987,1.5450532
13299,SCRN2,12.788113,1.6044341
13300,SCRN3,12.496847,1.5227445
13301,SCRT1,6.3168297,3.5365746
13302,SCRT2,6.275707,3.4960864
13303,SCT,15.398566,-1.939696
13304,SCTR,11.081416,-3.1994052
13305,SCUBE1,13.351816,-2.0300994
13306,SCUBE2,13.4287815,-1.9664923
13307,SCUBE3,13.317338,-2.0095928
13308,SCX,7.823879,4.306155
13309,SCYGR1,-1.392228,-2.1770833
13310,SCYGR2,-1.3922476,-2.1772585
13311,SCYGR3,-1.3921587,-2.1774967
13312,SCYGR4,-1.3922491,-2.1776776
13313,SCYGR5,-1.3923272,-2.1772904
13314,SCYGR6,-1.3924872,-2.177504
13315,SCYGR7,-1.3889105,-2.182561
13316,SCYGR8,-1.393711,-2.1780856
13317,SCYL1,9.8298,1.5235419
13318,SCYL2,9.463338,1.6178156
13319,SCYL3,10.246756,0.969001
13320,SDAD1,11.32921,3.1536934
13321,SDC1,9.370418,5.5494275
13322,SDC2,9.709954,5.593345
13323,SDC3,9.251408,5.5620184
13324,SDC4,9.686316,5.578322
13325,SDCBP,10.175902,1.6270424
13326,SDCBP2,10.087921,1.5911497
13327,SDCCAG8,7.4836617,0.35583106
13328,SDE2,10.247314,2.9197862
13329,SDF2,13.223096,-0.4426089
13330,SDF2L1,13.121995,-0.4287583
13331,SDF4,12.849974,-0.4564994
13332,SDHA,13.77349,1.9883081
13333,SDHAF1,12.17049,3.1303751
13334,SDHAF2,13.056029,3.3029299
13335,SDHAF3,12.961463,3.7646716
13336,SDHAF4,12.97072,3.1235871
13337,SDHB,13.394337,3.0407784
13338,SDHC,13.229281,3.129433
13339,SDHD,13.288922,3.15181
13340,SDK1,12.190899,-1.833902
13341,SDK2,12.186836,-1.8015484
13342,SDR16C5,13.525693,1.1694218
13343,SDR39U1,12.8139515,2.07306
13344,SDR42E1,13.451674,0.86460257
13345,SDR42E2,13.170513,1.3448509
13346,SDR9C7,13.52454,1.2128352
13347,SDS,13.306537,1.862724
13348,SDSL,13.1307745,1.8573922
13349,SEBOX,7.0886707,4.6245394
13350,SEC11A,12.111015,2.8272903
13351,SEC11C,12.111927,2.7535284
13352,SEC13,12.481669,5.170814
13353,SEC14L1,9.934909,1.1976526
13354,SEC14L2,10.200481,1.0724205
13355,SEC14L3,10.2788925,1.0825251
13356,SEC14L4,10.26247,1.0851345
13357,SEC14L5,10.0510845,1.2030504
13358,SEC14L6,10.23266,1.1124574
13359,SEC16A,7.854724,2.542383
13360,SEC16B,7.830345,2.5369654
13361,SEC22A,9.927744,-2.9212098
13362,SEC22B,11.391398,3.549514
13363,SEC22C,9.837381,-2.8521142
13364,SEC23A,10.981782,0.9100788
13365,SEC23B,10.911512,0.84599286
13366,SEC23IP,7.7675858,2.64023
13367,SEC24A,7.78006,2.624792
13368,SEC24B,7.787944,2.6419017
13369,SEC24C,7.6698804,2.6887696
13370,SEC24D,7.7868547,2.655493
13371,SEC31A,7.9336996,2.3885949
13372,SEC31B,12.167452,4.7751474
13373,SEC61A1,10.248252,-3.2995617
13374,SEC61A2,10.225101,-3.5294106
13375,SEC61B,11.825836,3.931574
13376,SEC61G,9.120518,-2.4397926
13377,SEC62,11.025435,3.081413
13378,SEC63,11.104531,2.8628273
13379,SECISBP2,8.674693,2.3237522
13380,SECISBP2L,8.204781,2.4387226
13381,SECTM1,9.639771,6.7420487
13382,SEH1L,12.359541,5.0423207
13383,SEL1L,11.471905,0.06240048
13384,SEL1L2,11.255052,-0.06199846
13385,SEL1L3,11.194184,0.047127955
13386,SELE,10.740302,7.1256633
13387,SELENBP1,13.254835,1.0634156
13388,SELENOF,12.822008,-0.1533095
13389,SELENOH,12.205834,3.1539142
13390,SELENOI,9.760487,-3.2495918
13391,SELENOK,10.945281,4.101332
13392,SELENOM,12.793069,-0.2218461
13393,SELENON,13.327816,-0.09185287
13394,SELENOO,12.698316,0.88541627
13395,SELENOP,13.86831,-1.1585935
13396,SELENOS,10.755844,3.3619637
13397,SELENOT,9.490563,-2.6250272
13398,SELENOV,8.788326,3.846272
13399,SELENOW,12.257847,3.2194111
13400,SELL,7.0580583,-4.390553
13401,SELP,10.780743,7.168165
13402,SELPLG,9.171174,5.485281
13403,SEM1,10.801153,3.4504814
13404,SEMA3A,12.885939,-1.3735893
13405,SEMA3B,12.826186,-1.2240388
13406,SEMA3C,12.958851,-1.3379115
13407,SEMA3D,13.065156,-1.3814825
13408,SEMA3E,12.9749565,-1.3539549
13409,SEMA3F,12.813297,-1.2901719
13410,SEMA3G,12.779722,-1.2450417
13411,SEMA4A,12.875006,-1.2374381
13412,SEMA4B,12.79419,-1.2386321
13413,SEMA4C,12.817852,-1.2500055
13414,SEMA4D,12.808992,-1.2089952
13415,SEMA4F,12.782304,-1.2148767
13416,SEMA4G,12.821415,-1.2563543
13417,SEMA5A,13.103992,-1.8356795
13418,SEMA5B,13.08571,-1.8219595
13419,SEMA6A,12.558752,-1.3986651
13420,SEMA6B,12.893448,-1.2973205
13421,SEMA6C,12.803198,-1.2791028
13422,SEMA6D,12.485841,-1.3618388
13423,SEMA7A,12.821668,-1.2452664
13424,SEMG1,8.698954,4.227913
13425,SEMG2,8.694724,4.238067
13426,SENP1,9.188726,2.1354697
13427,SENP2,9.447615,2.0310326
13428,SENP3,9.310389,2.257035
13429,SENP5,8.859068,2.1230283
13430,SENP6,9.174577,2.0643947
13431,SENP7,8.853379,2.1343517
13432,SENP8,11.927492,2.0700555
13433,SEPHS1,13.234801,1.90086
13434,SEPHS2,13.297678,1.9238977
13435,SEPSECS,13.089815,1.484145
13436,SEPTIN1,7.758663,-6.3016405
13437,SEPTIN10,7.7730355,-6.230807
13438,SEPTIN11,7.7671156,-6.246871
13439,SEPTIN12,7.759235,-6.304573
13440,SEPTIN14,7.76155,-6.2670164
13441,SEPTIN2,7.803744,-6.2061796
13442,SEPTIN3,7.7601156,-6.273105
13443,SEPTIN4,7.7647295,-6.2862015
13444,SEPTIN5,7.753995,-6.2930965
13445,SEPTIN7,7.771569,-6.231822
13446,SEPTIN8,7.7654476,-6.227431
13447,SEPTIN9,7.751706,-6.24975
13448,SERAC1,11.526787,1.4983205
13449,SERBP1,7.0329823,2.252344
13450,SERF1A,9.571109,4.5534844
13451,SERF1B,9.574431,4.5523586
13452,SERF2,11.848436,3.9203699
13453,SERGEF,12.141374,1.5561082
13454,SERHL2,12.85896,1.7010309
13455,SERINC1,9.448027,-2.8779442
13456,SERINC2,9.477928,-2.9932063
13457,SERINC3,9.461885,-2.9459138
13458,SERINC4,9.724701,-3.209014
13459,SERINC5,9.54181,-3.0189128
13460,SERP1,11.814226,3.9535604
13461,SERP2,11.578184,4.098373
13462,SERPINA1,14.072884,-6.374787
13463,SERPINA10,14.069454,-6.3713183
13464,SERPINA11,14.072735,-6.376482
13465,SERPINA12,14.085398,-6.397934
13466,SERPINA3,14.070083,-6.3726554
13467,SERPINA4,14.070719,-6.3724537
13468,SERPINA5,14.073909,-6.3759623
13469,SERPINA6,14.073927,-6.377182
13470,SERPINA9,14.110129,-6.423751
13471,SERPINB1,14.12074,-6.4629292
13472,SERPINB10,14.121348,-6.4620504
13473,SERPINB11,14.126764,-6.4655237
13474,SERPINB12,14.118875,-6.4575458
13475,SERPINB13,14.120611,-6.4629536
13476,SERPINB2,14.123142,-6.4648414
13477,SERPINB3,14.120662,-6.4627934
13478,SERPINB4,14.124689,-6.4673934
13479,SERPINB5,14.158613,-6.501302
13480,SERPINB6,14.122208,-6.464442
13481,SERPINB7,14.151574,-6.494448
13482,SERPINB8,14.126861,-6.468462
13483,SERPINB9,14.121945,-6.4597163
13484,SERPINC1,14.068269,-6.367105
13485,SERPIND1,14.066388,-6.3680906
13486,SERPINE1,14.067972,-6.364783
13487,SERPINE2,14.069035,-6.372016
13488,SERPINE3,14.073391,-6.3746586
13489,SERPINF1,14.069887,-6.370208
13490,SERPINF2,14.100069,-6.397249
13491,SERPING1,14.066775,-6.3615236
13492,SERPINH1,14.070569,-6.365926
13493,SERPINI1,14.071327,-6.374322
13494,SERPINI2,14.072022,-6.3749948
13495,SERTAD1,8.619319,3.5932834
13496,SERTAD2,8.25641,3.4731815
13497,SERTAD3,8.615371,3.6724565
13498,SERTAD4,7.950332,3.8668988
13499,SERTM1,10.100549,5.0392776
13500,SESN1,10.62225,1.2810843
13501,SESN2,10.59234,1.2729087
13502,SESN3,10.57386,1.2772728
13503,SESTD1,10.492496,1.3167437
13504,SET,10.776727,3.787631
13505,SETBP1,7.7191787,2.2141101
13506,SETD1A,7.8112173,2.252828
13507,SETD1B,7.8083344,2.2782695
13508,SETD2,7.8318577,1.8935609
13509,SETD3,11.638374,1.619126
13510,SETD4,11.51331,1.784994
13511,SETD5,7.717485,2.2702188
13512,SETD6,11.553756,1.754884
13513,SETD7,11.161687,1.336359
13514,SETD9,12.125509,2.055376
13515,SETDB1,9.35913,2.1523461
13516,SETDB2,9.467088,1.9479083
13517,SETMAR,9.407681,3.0019457
13518,SETSIP,10.781118,3.7351418
13519,SETX,8.440723,1.9645524
13520,SEZ6,12.767894,-1.4997071
13521,SEZ6L,12.560977,-1.4705068
13522,SEZ6L2,12.746145,-1.4593098
13523,SF1,7.3287945,2.316937
13524,SF3A1,7.637854,2.1356287
13525,SF3A2,7.359871,2.2675452
13526,SF3A3,11.228149,2.718303
13527,SF3B1,10.544586,0.9032154
13528,SF3B2,7.874409,2.1736143
13529,SF3B3,11.045714,0.5261286
13530,SF3B4,7.3077846,2.3335526
13531,SF3B5,12.113043,3.516751
13532,SF3B6,11.947131,3.5012143
13533,SFI1,8.169242,0.70013386
13534,SFMBT1,9.617104,1.9746426
13535,SFMBT2,9.584163,1.9681346
13536,SFN,12.32566,3.706904
13537,SFPQ,7.0230875,2.3169572
13538,SFR1,9.271041,2.5128462
13539,SFRP1,13.908219,-1.5031939
13540,SFRP2,13.925729,-1.4842997
13541,SFRP4,13.984183,-1.5683146
13542,SFRP5,13.875436,-1.3865429
13543,SFSWAP,7.353423,1.958273
13544,SFT2D1,9.133078,-2.7597797
13545,SFT2D2,9.182687,-2.7792456
13546,SFT2D3,9.752982,-2.6571074
13547,SFTA2,10.619791,5.288618
13548,SFTPA1,15.685015,-1.097988
13549,SFTPA2,15.669482,-1.0958961
13550,SFTPB,13.871843,-0.84020907
13551,SFTPC,12.325487,-0.0857085
13552,SFTPD,16.052288,-1.1820931
13553,SFXN1,11.288432,-5.9730315
13554,SFXN2,11.29058,-5.9773245
13555,SFXN3,11.290538,-5.982417
13556,SFXN4,11.275153,-5.952287
13557,SFXN5,11.270619,-5.9345636
13558,SGCA,10.057274,6.202617
13559,SGCB,12.209459,-1.0063648
13560,SGCD,12.279498,-1.0391848
13561,SGCE,10.141138,6.257268
13562,SGCG,12.227057,-1.0016412
13563,SGCZ,12.191813,-1.1280577
13564,SGF29,10.430002,2.7962186
13565,SGIP1,8.345531,1.7062577
13566,SGK1,12.889598,7.573097
13567,SGK2,12.924447,7.5702724
13568,SGK3,12.953664,7.5399137
13569,SGMS1,9.641829,-3.3488767
13570,SGMS2,9.6904335,-3.2851055
13571,SGO1,8.963781,2.493916
13572,SGO2,8.769417,2.4526775
13573,SGPL1,13.262348,1.4394556
13574,SGPP1,9.800244,-3.05382
13575,SGPP2,9.667456,-3.13423
13576,SGSH,13.371879,0.002665312
13577,SGSM1,9.548168,0.71516
13578,SGSM2,9.754975,0.8778286
13579,SGSM3,10.272689,0.7795982
13580,SGTA,10.625957,2.247401
13581,SGTB,10.597752,2.162754
13582,SH2B1,9.699573,1.9155885
13583,SH2B2,9.738653,2.1948516
13584,SH2B3,9.664997,1.5252937
13585,SH2D1B,9.850346,1.5080115
13586,SH2D2A,9.733912,1.6884465
13587,SH2D3A,9.661592,1.4936454
13588,SH2D3C,9.441562,1.27946
13589,SH2D4A,9.195934,1.5792832
13590,SH2D4B,8.019626,0.7893843
13591,SH2D5,9.769069,1.6447248
13592,SH2D6,9.629572,1.7186444
13593,SH2D7,9.643793,1.7998235
13594,SH3BGR,11.69771,2.8629434
13595,SH3BGRL2,11.799639,2.950621
13596,SH3BGRL3,12.104326,3.5045621
13597,SH3BP1,9.237519,0.81264323
13598,SH3BP2,8.730363,1.6900814
13599,SH3BP4,10.021614,0.8562467
13600,SH3BP5,9.119862,0.8124988
13601,SH3BP5L,9.368304,1.1543384
13602,SH3D19,8.806301,1.6125801
13603,SH3D21,8.72615,3.5103178
13604,SH3GL1,9.257176,0.5438863
13605,SH3GL2,9.2339945,0.5316954
13606,SH3GL3,9.204812,0.54879934
13607,SH3GLB1,9.502033,0.7797592
13608,SH3GLB2,9.474916,0.55249673
13609,SH3PXD2A,8.8692045,1.4060264
13610,SH3PXD2B,8.911909,1.4540726
13611,SH3RF1,8.276462,1.9672081
13612,SH3RF2,8.772489,1.681998
13613,SH3RF3,8.468718,1.9234321
13614,SH3TC1,10.931025,0.18977334
13615,SH3YL1,10.718543,1.9953849
13616,SHANK1,8.570991,1.3520354
13617,SHANK2,8.658987,1.0770996
13618,SHANK3,8.6418495,1.2827237
13619,SHARPIN,10.10034,3.6742198
13620,SHB,9.251925,1.9028769
13621,SHBG,11.275038,1.6514065
13622,SHC1,9.537122,1.8555568
13623,SHC2,9.619928,1.4563937
13624,SHC3,9.449171,1.68515
13625,SHC4,9.66177,1.481666
13626,SHCBP1,10.685138,2.2144494
13627,SHCBP1L,10.8249855,2.0580003
13628,SHD,9.501347,1.8641098
13629,SHE,9.561123,1.9449165
13630,SHF,9.446323,1.8979013
13631,SHFL,9.964194,2.770311
13632,SHH,13.771961,-0.40638104
13633,SHISA2,9.8591175,5.3175893
13634,SHISA3,9.8802395,5.2989774
13635,SHISA4,9.664443,5.169252
13636,SHISA5,9.666124,5.1357374
13637,SHISA6,12.003331,-1.376239
13638,SHISA7,9.42341,3.5734217
13639,SHISA8,9.718152,5.0440607
13640,SHISA9,11.972194,-1.4059211
13641,SHISAL1,9.94118,5.544823
13642,SHISAL2A,9.979237,5.3727946
13643,SHISAL2B,10.009677,5.3131547
13644,SHKBP1,12.230372,4.8359413
13645,SHLD1,9.579042,3.8391118
13646,SHLD2,8.704018,2.1584206
13647,SHLD3,9.450843,3.6905684
13648,SHMT1,13.664419,1.9051704
13649,SHMT2,13.692518,1.9072835
13650,SHOC1,9.561187,1.9417578
13651,SHOC2,15.502931,4.6725793
13652,SHOX2,6.7516475,4.545824
13653,SHPK,13.038618,1.6033485
13654,SHPRH,8.921004,1.677356
13655,SHQ1,11.135472,1.9656339
13656,SHROOM1,8.860096,2.8375502
13657,SHROOM3,8.363294,1.9019341
13658,SHTN1,8.247835,0.89938176
13659,SI,13.076999,0.1152998
13660,SIAE,13.273699,0.11418533
13661,SIAH1,10.10491,2.5187402
13662,SIAH2,10.056124,2.5173905
13663,SIAH3,10.373947,2.3352726
13664,SIDT1,10.211031,-3.037645
13665,SIDT2,10.332373,-3.052783
13666,SIGIRR,10.26822,6.526694
13667,SIGLEC1,9.939234,6.8783517
13668,SIGLEC10,9.394044,7.240944
13669,SIGLEC11,9.396089,7.2459984
13670,SIGLEC12,9.339996,7.284561
13671,SIGLEC14,9.35101,7.2582636
13672,SIGLEC15,9.65867,6.7797446
13673,SIGLEC6,9.350158,7.2639947
13674,SIGLEC7,9.3512535,7.2773304
13675,SIGLEC8,9.357499,7.2626386
13676,SIGLEC9,9.346626,7.2735915
13677,SIGLECL1,9.918506,6.251005
13678,SIGMAR1,12.988846,1.3010767
13679,SIK1,12.696261,7.6233044
13680,SIK2,7.784407,2.6304502
13681,SIK3,7.6489697,2.5735638
13682,SIKE1,10.847695,3.0870492
13683,SIL1,13.619112,0.13974251
13684,SIM1,7.2065287,3.7152212
13685,SIM2,7.237066,3.7705576
13686,SIMC1,9.2225065,2.073505
13687,SIN3A,7.5171,2.5849276
13688,SIN3B,10.322943,0.8291486
13689,SINHCAF,10.226572,2.5945873
13690,SIPA1,9.550238,1.2217195
13691,SIPA1L1,8.968122,0.7658866
13692,SIPA1L2,8.940071,0.8230879
13693,SIPA1L3,8.890017,0.8790186
13694,SIRPA,9.513243,7.0154037
13695,SIRPB1,9.474538,7.100667
13696,SIRPB2,9.517582,6.95179
13697,SIRPD,9.413671,7.1104126
13698,SIRPG,9.495261,7.0797167
13699,SIRT1,9.361058,2.7603996
13700,SIRT2,11.736288,1.4541636
13701,SIRT3,12.710004,2.2481
13702,SIRT4,12.674578,2.2356548
13703,SIRT5,12.723396,2.2781258
13704,SIRT6,12.281459,1.8892847
13705,SIRT7,12.115712,1.7782749
13706,SIT1,9.498686,6.4859514
13707,SIVA1,11.362465,2.8760886
13708,SIX1,7.1349645,4.1362543
13709,SIX2,7.0878916,4.0613065
13710,SIX3,7.055065,4.2758255
13711,SIX4,7.55207,3.0240197
13712,SIX5,7.488561,3.2226522
13713,SIX6,7.2545943,4.110528
13714,SKA1,9.481448,2.4910982
13715,SKA2,10.732663,2.9804332
13716,SKA3,9.007836,2.538805
13717,SKAP1,9.795318,1.5656006
13718,SKAP2,9.768229,1.4937915
13719,SKI,8.827119,2.7789514
13720,SKIDA1,7.106997,4.0580935
13721,SKIL,8.653828,2.5917141
13722,SKIV2L,11.365204,1.0436146
13723,SKOR1,7.229866,4.1638045
13724,SKOR2,7.0711966,4.1496644
13725,SKP1,12.150348,3.5700808
13726,SKP2,15.270178,4.492027
13727,SLA,9.846657,1.5376841
13728,SLA2,10.031913,1.5356855
13729,SLAIN1,8.388361,2.114592
13730,SLAIN2,8.343712,1.986235
13731,SLAMF1,9.627311,6.7382655
13732,SLAMF6,9.543179,6.757947
13733,SLAMF7,9.523026,6.938957
13734,SLAMF8,9.618265,6.8504305
13735,SLAMF9,9.591871,6.776729
13736,SLBP,10.414827,3.1044674
13737,SLC10A1,10.141373,-3.8580549
13738,SLC10A2,10.116601,-3.845736
13739,SLC10A4,0.67692226,-2.3648791
13740,SLC10A5,9.849562,-3.4028366
13741,SLC10A6,10.115184,-3.7045076
13742,SLC10A7,9.853408,-3.1938639
13743,SLC11A1,10.278837,-3.7726972
13744,SLC11A2,10.300894,-3.639734
13745,SLC12A1,10.564258,-3.8786886
13746,SLC12A2,10.472818,-3.8206735
13747,SLC12A3,10.578921,-3.9208362
13748,SLC12A4,10.551096,-3.919075
13749,SLC12A5,10.547163,-3.9303777
13750,SLC12A6,10.562932,-3.8609169
13751,SLC12A7,10.56435,-3.9144301
13752,SLC12A8,10.539071,-3.8598235
13753,SLC12A9,10.552634,-3.919829
13754,SLC13A1,10.234899,-3.9080381
13755,SLC13A2,10.2178545,-3.9065306
13756,SLC13A3,10.191325,-3.9503658
13757,SLC13A4,10.263324,-3.8904166
13758,SLC13A5,10.19503,-3.907686
13759,SLC14A1,9.982391,-3.702329
13760,SLC14A2,10.121004,-3.9422967
13761,SLC15A1,10.11418,-3.9845507
13762,SLC15A2,10.107148,-3.921333
13763,SLC15A3,9.953675,-3.921846
13764,SLC15A4,9.999602,-3.9963639
13765,SLC15A5,10.027667,-3.5976267
13766,SLC16A1,10.002286,-4.252688
13767,SLC16A10,9.995986,-4.0590863
13768,SLC16A11,9.909548,-3.9122927
13769,SLC16A12,10.017536,-4.1654997
13770,SLC16A13,9.932678,-3.933288
13771,SLC16A14,10.005524,-4.122907
13772,SLC16A3,9.951705,-4.1281214
13773,SLC16A4,9.963443,-4.2067814
13774,SLC16A5,9.930697,-4.0048385
13775,SLC16A6,10.001176,-4.1421
13776,SLC16A7,10.01756,-4.154597
13777,SLC16A8,10.016119,-4.0938025
13778,SLC16A9,9.976033,-4.127204
13779,SLC17A1,10.059022,-4.123752
13780,SLC17A2,10.056637,-4.143814
13781,SLC17A3,10.069866,-4.1729674
13782,SLC17A4,10.048511,-4.0749774
13783,SLC17A5,10.085298,-3.9685526
13784,SLC17A6,10.281737,-4.0509295
13785,SLC17A7,10.18853,-4.0471582
13786,SLC17A8,10.339524,-4.0993137
13787,SLC17A9,9.985212,-4.031692
13788,SLC18A1,10.042728,-4.032758
13789,SLC18A2,10.080879,-4.070826
13790,SLC18A3,10.216119,-4.023655
13791,SLC18B1,10.035097,-3.9539227
13792,SLC19A1,9.987349,-3.8285158
13793,SLC19A2,10.001996,-3.8610651
13794,SLC19A3,9.962483,-3.9754932
13795,SLC1A1,10.753535,-3.7723303
13796,SLC1A2,10.721124,-3.789665
13797,SLC1A3,10.703869,-3.811081
13798,SLC1A4,10.6879835,-3.83823
13799,SLC1A5,10.664608,-3.79387
13800,SLC1A6,10.701783,-3.772823
13801,SLC1A7,10.716498,-3.7747862
13802,SLC20A1,10.132858,-3.9324749
13803,SLC20A2,10.223133,-3.7733471
13804,SLC22A1,15.887871,-1.5414934
13805,SLC22A10,15.903964,-1.5304673
13806,SLC22A11,15.876499,-1.5446135
13807,SLC22A12,15.898463,-1.5352422
13808,SLC22A13,15.891939,-1.5237871
13809,SLC22A14,15.878433,-1.5402902
13810,SLC22A15,10.062731,-4.0684886
13811,SLC22A16,15.841345,-1.5669485
13812,SLC22A17,15.730764,-1.5999433
13813,SLC22A18,9.942517,-3.9814587
13814,SLC22A2,15.873051,-1.551116
13815,SLC22A23,10.04489,-3.9002054
13816,SLC22A24,15.9025545,-1.533302
13817,SLC22A25,15.898892,-1.5333328
13818,SLC22A3,15.826788,-1.5906123
13819,SLC22A31,15.761513,-1.5872077
13820,SLC22A4,15.864115,-1.5543315
13821,SLC22A5,15.842186,-1.5720983
13822,SLC22A6,15.906147,-1.5566001
13823,SLC22A7,15.902694,-1.5341557
13824,SLC22A8,15.891647,-1.5454913
13825,SLC22A9,15.948342,-1.4914528
13826,SLC23A1,10.460461,-3.8878167
13827,SLC23A2,10.39636,-3.8847525
13828,SLC23A3,9.987827,-3.5760002
13829,SLC24A1,8.883861,4.3920283
13830,SLC24A2,10.90807,-3.3854187
13831,SLC24A3,10.86903,-3.3815677
13832,SLC24A4,10.716776,-3.5696433
13833,SLC24A5,10.196914,-3.8327448
13834,SLC25A1,11.339317,-6.0761614
13835,SLC25A10,11.338697,-6.068213
13836,SLC25A11,11.33764,-6.075009
13837,SLC25A12,11.328229,-6.0389304
13838,SLC25A13,11.3349695,-6.0478315
13839,SLC25A15,11.353643,-6.089357
13840,SLC25A16,11.334784,-6.0675516
13841,SLC25A17,11.337587,-6.072706
13842,SLC25A18,11.342076,-6.0784836
13843,SLC25A19,11.344126,-6.0843534
13844,SLC25A2,11.339614,-6.086836
13845,SLC25A20,11.342056,-6.0832567
13846,SLC25A21,11.313446,-6.045692
13847,SLC25A22,11.340661,-6.0833597
13848,SLC25A23,11.372038,-6.1124306
13849,SLC25A24,11.343598,-6.0816
13850,SLC25A25,11.342287,-6.0821943
13851,SLC25A26,11.337213,-6.0699534
13852,SLC25A27,11.338935,-6.07928
13853,SLC25A28,11.343373,-6.0860167
13854,SLC25A29,11.302766,-6.011191
13855,SLC25A3,11.336189,-6.0614533
13856,SLC25A30,11.353731,-6.0945897
13857,SLC25A31,11.33207,-6.086665
13858,SLC25A32,11.337812,-6.075244
13859,SLC25A33,11.345465,-6.0870185
13860,SLC25A34,11.342471,-6.075007
13861,SLC25A35,11.313803,-6.0407815
13862,SLC25A36,11.339696,-6.0841007
13863,SLC25A37,11.355808,-6.1007857
13864,SLC25A38,11.340379,-6.0838966
13865,SLC25A39,11.340857,-6.079043
13866,SLC25A4,11.336825,-6.08382
13867,SLC25A40,11.340603,-6.0866594
13868,SLC25A41,11.342617,-6.0856504
13869,SLC25A42,11.345135,-6.0879583
13870,SLC25A44,11.34351,-6.086513
13871,SLC25A45,11.349652,-6.0682545
13872,SLC25A46,11.314169,-5.989508
13873,SLC25A47,11.388941,-6.032533
13874,SLC25A48,11.343945,-6.0760436
13875,SLC25A51,11.340342,-6.0860367
13876,SLC25A52,11.343815,-6.0897145
13877,SLC26A1,10.512658,-3.6817884
13878,SLC26A11,10.483794,-3.8269086
13879,SLC26A2,10.563817,-3.732176
13880,SLC26A3,10.619441,-3.7437963
13881,SLC26A4,10.602563,-3.7669444
13882,SLC26A5,10.665837,-3.665071
13883,SLC26A6,10.574764,-3.7511475
13884,SLC26A7,10.58414,-3.7368977
13885,SLC26A8,10.757916,-3.5737455
13886,SLC26A9,10.612195,-3.7049103
13887,SLC27A1,13.348366,1.4515117
13888,SLC27A2,13.629321,1.3728272
13889,SLC27A3,13.374903,1.1603485
13890,SLC27A4,13.395908,1.3281145
13891,SLC27A5,13.274805,1.2253488
13892,SLC27A6,13.59455,1.4381874
13893,SLC28A1,10.513656,-3.8309386
13894,SLC28A2,10.401015,-3.8748534
13895,SLC28A3,10.317546,-3.7625937
13896,SLC29A1,9.968247,-4.084237
13897,SLC29A2,9.958332,-4.080978
13898,SLC29A3,9.968602,-3.9055123
13899,SLC29A4,10.0709095,-3.9567983
13900,SLC2A1,9.982854,-4.1801977
13901,SLC2A10,9.969765,-3.8590713
13902,SLC2A11,9.991183,-4.125137
13903,SLC2A12,9.944934,-3.8936434
13904,SLC2A13,10.041771,-3.998199
13905,SLC2A14,9.973648,-4.1799855
13906,SLC2A2,9.976216,-4.1987576
13907,SLC2A3,9.943744,-4.218138
13908,SLC2A4,9.93073,-4.142096
13909,SLC2A4RG,9.017791,3.250415
13910,SLC2A5,9.940196,-4.2036247
13911,SLC2A6,9.947592,-4.076877
13912,SLC2A7,9.968052,-4.1805716
13913,SLC2A8,9.9537525,-3.9524667
13914,SLC2A9,9.947834,-4.2109294
13915,SLC30A1,10.074502,-3.4101777
13916,SLC30A10,10.09411,-3.3513374
13917,SLC30A2,10.088791,-3.4856024
13918,SLC30A3,10.101076,-3.4689422
13919,SLC30A4,10.093297,-3.457433
13920,SLC30A5,10.1099615,-3.3942778
13921,SLC30A6,10.082218,-3.1566334
13922,SLC30A7,10.076649,-3.4675136
13923,SLC30A8,10.077947,-3.4588206
13924,SLC30A9,13.02049,2.8652685
13925,SLC31A1,9.878931,-3.307813
13926,SLC31A2,9.741905,-3.076818
13927,SLC32A1,10.2226515,-3.8802836
13928,SLC33A1,9.913668,-3.3597167
13929,SLC34A1,10.271469,-3.9614708
13930,SLC34A2,10.18569,-3.7289124
13931,SLC34A3,10.252688,-3.8650863
13932,SLC35A1,9.933911,-3.3244612
13933,SLC35A4,9.887128,-3.251104
13934,SLC35A5,9.8986435,-3.2307692
13935,SLC35B1,9.599003,-3.0267668
13936,SLC35B2,9.911074,-3.2765276
13937,SLC35B3,9.894746,-3.3551507
13938,SLC35B4,9.830665,-3.2707918
13939,SLC35C1,9.87515,-3.2865474
13940,SLC35C2,9.820248,-3.2431164
13941,SLC35D1,9.859029,-3.326667
13942,SLC35D2,9.903802,-3.3897786
13943,SLC35D3,9.871401,-3.438379
13944,SLC35E1,9.848474,-3.315149
13945,SLC35E2B,9.900753,-3.3989997
13946,SLC35E4,9.876694,-3.2442868
13947,SLC35F1,10.035198,-3.4671135
13948,SLC35F2,9.997537,-3.5088854
13949,SLC35F3,10.1115055,-3.5631
13950,SLC35F4,10.300783,-3.8897743
13951,SLC35F5,9.993164,-3.486089
13952,SLC35F6,9.936265,-3.4266715
13953,SLC35G1,10.000707,-3.4365945
13954,SLC35G2,9.839035,-3.658639
13955,SLC35G3,9.853219,-3.737043
13956,SLC35G4,9.853639,-3.756023
13957,SLC35G5,9.833971,-3.741978
13958,SLC35G6,9.843109,-3.696226
13959,SLC36A1,10.263544,-3.8422441
13960,SLC36A2,10.238067,-3.875612
13961,SLC36A3,10.2232685,-3.783442
13962,SLC36A4,10.266569,-3.7989032
13963,SLC37A1,10.052297,-4.0566797
13964,SLC37A2,10.054152,-4.0949593
13965,SLC37A3,10.025301,-4.003878
13966,SLC37A4,9.981674,-4.0438957
13967,SLC38A1,10.27439,-3.8370368
13968,SLC38A10,8.727367,3.210723
13969,SLC38A11,10.284928,-3.7303407
13970,SLC38A2,10.238951,-3.8468795
13971,SLC38A3,10.208514,-3.8606482
13972,SLC38A4,10.232205,-3.799531
13973,SLC38A6,10.167418,-3.7609148
13974,SLC38A7,10.234518,-3.9391253
13975,SLC38A8,10.274014,-3.9917383
13976,SLC38A9,10.255157,-3.7922761
13977,SLC39A1,10.058071,-3.5237122
13978,SLC39A10,10.1006775,-3.546492
13979,SLC39A11,10.005925,-3.5558937
13980,SLC39A12,10.110864,-3.5046308
13981,SLC39A13,10.09403,-3.5390034
13982,SLC39A14,10.083207,-3.6396668
13983,SLC39A2,10.066321,-3.5501935
13984,SLC39A3,10.098873,-3.538259
13985,SLC39A4,10.120072,-3.626173
13986,SLC39A5,10.167577,-3.5678468
13987,SLC39A6,10.121005,-3.5384848
13988,SLC39A7,10.08786,-3.5346072
13989,SLC39A8,10.117577,-3.517232
13990,SLC39A9,10.071435,-3.50103
13991,SLC3A1,13.176999,-0.06787618
13992,SLC3A2,12.522393,0.28558412
13993,SLC40A1,10.01609,-4.073225
13994,SLC41A1,10.23774,-3.7843518
13995,SLC41A2,10.2411,-3.7316535
13996,SLC41A3,10.130483,-3.660137
13997,SLC43A1,9.970949,-4.093744
13998,SLC43A2,9.931063,-4.0387173
13999,SLC43A3,9.935637,-4.096432
14000,SLC44A1,10.445713,-3.0298622
14001,SLC44A2,10.658332,-3.0560389
14002,SLC44A3,10.657151,-3.0235927
14003,SLC44A4,10.684281,-3.0512326
14004,SLC44A5,10.658881,-3.0347028
14005,SLC45A1,10.040542,-4.012063
14006,SLC45A2,10.025737,-4.1437416
14007,SLC45A3,9.943524,-3.7763455
14008,SLC45A4,10.0607195,-4.026346
14009,SLC46A1,9.963615,-3.9227023
14010,SLC46A2,9.908875,-3.8994899
14011,SLC46A3,9.965658,-3.991563
14012,SLC47A1,10.249861,-3.9014091
14013,SLC47A2,10.215908,-4.0218105
14014,SLC48A1,8.880248,-2.951828
14015,SLC49A3,9.972255,-3.9929545
14016,SLC49A4,10.0032,-3.9063544
14017,SLC4A1,10.737152,-3.5179734
14018,SLC4A10,10.781831,-3.5316215
14019,SLC4A11,10.752595,-3.4557579
14020,SLC4A1AP,10.564171,2.8168042
14021,SLC4A2,10.742903,-3.5015278
14022,SLC4A3,10.74244,-3.559875
14023,SLC4A4,10.74295,-3.5780823
14024,SLC4A5,10.729344,-3.613814
14025,SLC4A7,10.719448,-3.612394
14026,SLC4A8,10.7492895,-3.565883
14027,SLC4A9,10.757149,-3.5111527
14028,SLC50A1,9.410123,-3.1969104
14029,SLC51A,9.884145,-3.0028677
14030,SLC51B,10.082257,5.090946
14031,SLC52A1,9.886583,-3.9917364
14032,SLC52A2,9.916957,-3.9866312
14033,SLC52A3,9.926067,-4.0130053
14034,SLC5A1,10.3696165,-4.0409155
14035,SLC5A10,10.358603,-4.1038375
14036,SLC5A11,10.375555,-4.0580773
14037,SLC5A12,10.320543,-4.0734663
14038,SLC5A2,10.36546,-4.0846214
14039,SLC5A3,10.265534,-3.9501421
14040,SLC5A4,10.409852,-4.1430907
14041,SLC5A5,10.389941,-4.080322
14042,SLC5A6,10.349867,-4.029415
14043,SLC5A7,10.362538,-4.0882206
14044,SLC5A8,10.343635,-4.0475955
14045,SLC5A9,10.366132,-4.067846
14046,SLC66A1,9.515306,-3.0275698
14047,SLC66A2,9.7622595,-3.3342693
14048,SLC66A3,9.654084,-3.1887736
14049,SLC6A1,10.437262,-4.2018504
14050,SLC6A11,10.443034,-4.196375
14051,SLC6A12,10.423188,-4.185827
14052,SLC6A13,10.42732,-4.202854
14053,SLC6A15,10.347566,-4.082582
14054,SLC6A16,10.385987,-4.0826087
14055,SLC6A17,10.39321,-4.086717
14056,SLC6A18,10.413254,-4.162083
14057,SLC6A19,10.457592,-4.121799
14058,SLC6A2,10.408023,-4.2044706
14059,SLC6A20,10.420307,-4.1329794
14060,SLC6A3,10.422143,-4.232409
14061,SLC6A4,10.409145,-4.2029557
14062,SLC6A5,10.3883705,-4.1570983
14063,SLC6A6,10.427761,-4.2082424
14064,SLC6A7,10.491932,-4.195744
14065,SLC6A9,10.428419,-4.1907654
14066,SLC7A1,10.289218,-4.0840816
14067,SLC7A10,10.265081,-4.1540117
14068,SLC7A11,10.2649145,-4.0692887
14069,SLC7A13,10.163343,-4.1459885
14070,SLC7A14,10.335514,-4.0656705
14071,SLC7A2,10.330477,-4.0654597
14072,SLC7A4,10.029757,-4.075383
14073,SLC7A5,10.286672,-4.11905
14074,SLC7A6,10.268611,-4.133493
14075,SLC7A6OS,10.8519945,3.1659558
14076,SLC7A7,10.290225,-4.1876345
14077,SLC7A8,10.280666,-4.1499486
14078,SLC7A9,10.2751465,-4.1859436
14079,SLC8A2,11.001814,-3.0955093
14080,SLC8A3,11.013599,-3.3174143
14081,SLC8B1,10.00466,-3.547916
14082,SLC9A1,10.724638,-3.4660084
14083,SLC9A2,10.669694,-3.4654083
14084,SLC9A3,10.667276,-3.582233
14085,SLC9A3R1,10.204131,1.8251622
14086,SLC9A3R2,10.13486,1.9372579
14087,SLC9A4,10.699183,-3.4649773
14088,SLC9A5,10.645108,-3.494643
14089,SLC9A8,10.472121,-3.6554964
14090,SLC9A9,10.563983,-3.7068937
14091,SLC9B1,10.22693,-3.7946851
14092,SLC9B2,10.276609,-3.7673006
14093,SLC9C1,10.878457,-3.4805343
14094,SLC9C2,10.944883,-3.3727493
14095,SLCO1A2,10.049251,-4.1946893
14096,SLCO1B1,10.05918,-4.260193
14097,SLCO1B3,10.060634,-4.2124944
14098,SLCO1C1,10.05935,-4.2057977
14099,SLCO2A1,10.02246,-4.1113462
14100,SLCO2B1,10.012238,-4.09354
14101,SLCO3A1,10.025843,-4.1234045
14102,SLCO4A1,10.024148,-4.1154594
14103,SLCO4C1,10.071831,-4.1620064
14104,SLCO5A1,10.108239,-4.0461335
14105,SLCO6A1,10.0797615,-4.1606026
14106,SLF1,10.29126,1.2727423
14107,SLF2,8.854683,2.1699867
14108,SLFN11,11.520034,0.45375782
14109,SLFN12,11.544484,0.52903014
14110,SLFN13,11.524874,0.43928853
14111,SLFN14,11.487109,0.5341025
14112,SLFN5,11.512806,0.4346465
14113,SLFNL1,10.927113,1.468917
14114,SLIRP,13.128317,3.6300921
14115,SLIT1,12.756534,-2.55785
14116,SLIT2,12.756511,-2.5764706
14117,SLIT3,12.795197,-2.5653632
14118,SLITRK1,15.765993,4.5121503
14119,SLITRK3,15.8059025,4.484469
14120,SLITRK5,15.838214,4.520581
14121,SLITRK6,15.842459,4.535504
14122,SLK,8.485058,0.46974587
14123,SLMAP,8.004527,0.47204667
14124,SLN,10.091913,5.0243707
14125,SLPI,14.60366,-2.2360601
14126,SLTM,7.1891036,1.8498071
14127,SLU7,10.816102,3.32813
14128,SLURP1,14.553374,-2.0735512
14129,SLURP2,14.556844,-2.1274152
14130,SLX1A,10.816242,2.2378528
14131,SLX1B,10.915341,2.3500412
14132,SLX4,8.784194,2.2750967
14133,SLX4IP,9.14055,2.425288
14134,SMAD1,7.7886147,3.277135
14135,SMAD3,7.880192,3.286408
14136,SMAD4,7.765041,2.9629314
14137,SMAD5,7.7464457,3.2260714
14138,SMAD6,9.494173,3.0428796
14139,SMAD7,9.371996,2.9980094
14140,SMAD9,7.809858,3.377855
14141,SMAGP,9.945014,5.365341
14142,SMAP1,7.9810796,2.393426
14143,SMAP2,7.9881186,2.4178932
14144,SMARCA2,7.7377777,2.0529716
14145,SMARCA4,7.6587105,2.1309574
14146,SMARCA5,10.252859,1.3297715
14147,SMARCAD1,9.3600025,1.8569527
14148,SMARCAL1,11.203374,1.5712492
14149,SMARCB1,9.661639,2.3536613
14150,SMARCC1,8.350485,2.2960057
14151,SMARCC2,8.019419,2.1564233
14152,SMARCD1,8.324966,2.7796328
14153,SMARCD2,8.272048,2.8076963
14154,SMARCD3,8.356342,2.7618456
14155,SMARCE1,10.1770315,3.0615983
14156,SMC1B,7.9095736,0.14930914
14157,SMC2,7.930165,0.1248809
14158,SMC3,7.9576077,0.14287665
14159,SMC4,7.92766,0.10482762
14160,SMC5,7.9132433,0.12542728
14161,SMC6,7.908016,0.15073495
14162,SMCHD1,12.145671,-0.91731286
14163,SMCO1,10.0947,3.9660347
14164,SMCO2,8.805703,4.0564523
14165,SMCO3,10.181842,3.9808593
14166,SMCO4,10.587474,4.8127103
14167,SMCP,0.9640566,-6.988445
14168,SMCR8,9.394536,1.8675056
14169,SMDT1,13.367473,3.4329166
14170,SMG5,9.541062,1.0042155
14171,SMG6,8.771347,1.8984764
14172,SMG7,7.659049,2.5915916
14173,SMG8,10.521113,1.5930487
14174,SMG9,10.674118,1.5667392
14175,SMIM1,10.119602,5.1653185
14176,SMIM10L1,9.230674,-2.593011
14177,SMIM12,13.509232,3.8795848
14178,SMIM13,10.105952,4.970667
14179,SMIM14,10.130536,5.1013455
14180,SMIM15,9.238429,-2.462937
14181,SMIM17,9.3900385,4.061334
14182,SMIM18,10.078261,5.0674276
14183,SMIM19,10.110524,5.0677705
14184,SMIM2,9.555246,4.586738
14185,SMIM20,13.571337,3.9337738
14186,SMIM21,9.456974,4.62426
14187,SMIM22,10.120404,5.235119
14188,SMIM23,9.613167,4.4726515
14189,SMIM24,10.121032,5.277401
14190,SMIM26,13.584187,3.9455462
14191,SMIM27,10.185325,4.852068
14192,SMIM28,9.890495,5.2518024
14193,SMIM29,10.049594,5.204487
14194,SMIM3,10.117691,5.109997
14195,SMIM30,10.154188,5.1917953
14196,SMIM31,10.113596,4.952378
14197,SMIM32,10.084156,5.1928515
14198,SMIM33,10.024767,5.159371
14199,SMIM35,10.029568,5.2938905
14200,SMIM36,10.0663185,5.164983
14201,SMIM38,10.148523,4.881868
14202,SMIM39,10.157378,5.0177126
14203,SMIM4,13.573368,3.92276
14204,SMIM40,10.082716,4.841791
14205,SMIM41,10.071134,5.1393604
14206,SMIM5,10.046997,5.291284
14207,SMIM6,10.086628,5.1216106
14208,SMIM7,9.1819725,-2.6795099
14209,SMIM8,13.588474,3.9097564
14210,SMKR1,10.433083,4.071418
14211,SMLR1,9.213315,-2.4771655
14212,SMN1,10.513828,2.70553
14213,SMN2,10.511662,2.676429
14214,SMNDC1,10.786779,3.1913164
14215,SMO,11.660383,-2.4648852
14216,SMOC1,13.883919,-1.6175114
14217,SMOC2,13.802276,-1.6847086
14218,SMOX,12.105098,1.4670249
14219,SMPD1,13.387109,-0.021031851
14220,SMPD2,12.595171,1.8829371
14221,SMPD3,10.128194,1.7982227
14222,SMPD4,10.721166,0.47081524
14223,SMPDL3A,13.396229,-0.103428684
14224,SMPDL3B,13.491837,-0.033854768
14225,SMR3A,8.731759,5.1027946
14226,SMR3B,8.741247,5.0994563
14227,SMTN,8.891963,2.383347
14228,SMTNL1,8.836673,3.7903793
14229,SMTNL2,9.357841,2.6090374
14230,SMU1,12.345134,5.019453
14231,SMUG1,12.412323,2.0742137
14232,SMURF1,9.915412,0.92018133
14233,SMURF2,9.958293,1.0017068
14234,SMYD1,10.375639,2.123069
14235,SMYD2,10.38477,1.9960665
14236,SMYD3,10.445223,2.0514302
14237,SMYD4,11.120221,1.7692945
14238,SMYD5,11.282918,1.8827941
14239,SNAI1,6.16643,3.4662516
14240,SNAI2,6.1810484,3.5002003
14241,SNAI3,6.1043324,3.4180398
14242,SNAP23,11.291532,4.1959143
14243,SNAP25,11.291789,4.2456083
14244,SNAP29,11.279387,4.129338
14245,SNAP47,11.622367,2.17954
14246,SNAP91,8.10316,2.3433957
14247,SNAPC1,10.479341,2.734777
14248,SNAPC2,9.652208,3.5073552
14249,SNAPC3,10.809656,2.472971
14250,SNAPC4,8.3359,2.4882538
14251,SNAPC5,10.39062,3.1872687
14252,SNAPIN,11.156745,3.2523258
14253,SNCA,10.43296,4.115061
14254,SNCAIP,8.992578,1.5491499
14255,SNCB,10.447491,4.08051
14256,SNCG,10.399474,4.1376853
14257,SND1,11.634353,1.1113523
14258,SNED1,13.200785,-2.049371
14259,SNF8,11.170377,2.714254
14260,SNIP1,8.825978,2.5758705
14261,SNN,10.079719,5.2166286
14262,SNORC,9.597349,5.54687
14263,SNPH,9.197822,2.1206849
14264,SNRK,12.7687,7.4987736
14265,SNRNP200,9.710705,-0.35881978
14266,SNRNP25,12.003728,3.0188339
14267,SNRNP27,6.9208007,1.7140819
14268,SNRNP35,8.575827,2.6849608
14269,SNRNP40,12.5221615,5.250211
14270,SNRNP48,7.3674035,1.8275459
14271,SNRNP70,7.0801787,1.8196388
14272,SNRPA,7.2326393,2.4748242
14273,SNRPA1,11.735651,2.727533
14274,SNRPB,7.2587233,2.3637555
14275,SNRPB2,11.668247,3.4269693
14276,SNRPC,7.2509212,2.3836818
14277,SNRPD1,12.098056,3.6141407
14278,SNRPD2,12.077756,3.6696973
14279,SNRPD3,12.056419,3.58103
14280,SNRPE,12.107561,3.6016815
14281,SNRPF,12.112943,3.615454
14282,SNRPG,12.104816,3.6225593
14283,SNRPN,7.2994676,2.369932
14284,SNTA1,10.065882,1.7602692
14285,SNTB1,9.812568,1.594599
14286,SNTB2,10.171718,1.9001093
14287,SNTG1,9.686907,1.0783585
14288,SNTG2,9.751051,1.2019749
14289,SNTN,5.533148,-0.22362137
14290,SNU13,12.139585,3.6282432
14291,SNUPN,11.88881,2.1292336
14292,SNURF,9.440849,4.169595
14293,SNW1,10.696326,3.2166321
14294,SNX1,9.600792,0.6722853
14295,SNX10,10.05615,1.616569
14296,SNX11,9.926278,2.4445508
14297,SNX13,10.160772,0.471753
14298,SNX14,10.137272,0.47502115
14299,SNX15,9.863374,2.481683
14300,SNX16,10.696066,1.259871
14301,SNX17,10.282504,1.3595119
14302,SNX18,9.746707,1.3014294
14303,SNX2,9.62994,0.7124047
14304,SNX20,10.181149,2.7603943
14305,SNX21,10.06267,3.1478837
14306,SNX22,9.951312,1.8904163
14307,SNX24,10.236347,1.7568413
14308,SNX25,10.100561,0.566107
14309,SNX27,10.338112,1.9095896
14310,SNX29,9.188359,0.9646849
14311,SNX3,10.952491,1.6070552
14312,SNX30,9.53675,0.6892197
14313,SNX31,10.105614,1.1629114
14314,SNX32,9.555794,0.59935445
14315,SNX33,9.79713,1.6586608
14316,SNX4,9.628809,0.6423324
14317,SNX5,9.531424,0.68381584
14318,SNX6,9.524426,0.68441147
14319,SNX7,9.710322,0.5548966
14320,SNX8,9.513972,0.694872
14321,SNX9,9.588927,0.8501518
14322,SOAT1,9.913089,-3.1787088
14323,SOAT2,9.9893675,-3.185611
14324,SOBP,7.8384066,2.1863508
14325,SOCS1,9.890156,2.8767986
14326,SOCS2,10.437726,2.154713
14327,SOCS3,9.882795,2.9255207
14328,SOCS4,9.687862,2.2737195
14329,SOCS5,9.65015,2.3072886
14330,SOCS6,9.418379,2.310183
14331,SOCS7,9.437971,2.1743703
14332,SOD1,12.583926,3.240102
14333,SOD3,13.72857,-1.0214295
14334,SOGA3,8.260127,0.762894
14335,SOHLH1,9.010761,3.8199577
14336,SOHLH2,10.481215,2.0211527
14337,SON,7.2928777,1.7997926
14338,SORBS1,8.732105,0.96029264
14339,SORBS2,8.731095,0.89375025
14340,SORBS3,8.949216,1.2996625
14341,SORCS1,12.567254,-1.4021406
14342,SORCS2,12.577725,-1.3127251
14343,SORCS3,12.574763,-1.3608693
14344,SORD,13.456115,1.8323637
14345,SORL1,12.517563,-1.8900652
14346,SORT1,12.598389,-1.2952383
14347,SOS1,9.230749,0.6958827
14348,SOS2,9.201522,0.7117553
14349,SOST,14.400161,-1.5265616
14350,SOSTDC1,14.378515,-1.5373803
14351,SOWAHA,9.248817,2.7689724
14352,SOWAHB,9.107351,2.7258832
14353,SOWAHC,9.277013,2.832938
14354,SOX1,7.063946,4.233883
14355,SOX10,7.226219,3.864157
14356,SOX11,7.133294,4.0615582
14357,SOX12,9.138615,3.3369997
14358,SOX13,7.545886,3.3989964
14359,SOX14,7.031095,4.1724243
14360,SOX15,7.6193404,4.16981
14361,SOX17,7.311928,3.9978695
14362,SOX18,7.703771,4.0714145
14363,SOX2,7.010631,4.13618
14364,SOX21,7.0611377,4.212797
14365,SOX30,8.104509,3.3967857
14366,SOX4,7.1419168,4.1059074
14367,SOX5,7.3668203,3.1916587
14368,SOX6,7.3469615,3.1850705
14369,SOX7,7.383861,3.8991907
14370,SOX8,7.293627,3.9720335
14371,SOX9,7.284279,3.768329
14372,SP1,7.0051436,3.0302694
14373,SP100,10.259976,1.9901918
14374,SP110,10.1711035,2.00477
14375,SP140,10.211925,1.9085467
14376,SP140L,10.224801,2.037086
14377,SP2,7.070711,2.9174447
14378,SP3,7.058406,3.0339937
14379,SP4,7.0921683,2.9564538
14380,SP5,6.4121275,3.7664373
14381,SP6,6.3324747,3.6613925
14382,SP7,6.464159,3.8520563
14383,SP8,6.7140274,4.0250206
14384,SP9,6.713667,4.055722
14385,SPA17,8.139089,1.1170498
14386,SPAAR,10.04811,5.2645864
14387,SPACA1,10.04302,6.114264
14388,SPACA3,14.052528,-1.407971
14389,SPACA4,14.514139,-2.0039861
14390,SPACA6,13.72665,-1.0034451
14391,SPACA7,9.461154,4.0990148
14392,SPACA9,9.579814,3.848426
14393,SPAG1,10.701814,1.4718816
14394,SPAG11A,15.311002,-1.9049206
14395,SPAG11B,15.317423,-1.8827171
14396,SPAG16,12.450913,5.14915
14397,SPAG17,8.247698,0.7456404
14398,SPAG4,13.205493,-0.09285154
14399,SPAG5,7.7387986,0.62566507
14400,SPAG6,10.505626,0.07759484
14401,SPAG7,10.863083,3.3775713
14402,SPAG8,8.758278,4.197762
14403,SPAG9,8.541385,0.67191756
14404,SPAM1,13.798707,0.07149241
14405,SPARC,13.784194,-1.4754336
14406,SPARCL1,8.907313,4.4352217
14407,SPART,11.622474,0.8063471
14408,SPAST,11.092768,1.3450791
14409,SPATA1,9.232217,1.458188
14410,SPATA12,9.433744,4.693728
14411,SPATA16,10.728837,2.297709
14412,SPATA17,8.034528,1.1258674
14413,SPATA18,9.030011,1.7865894
14414,SPATA19,9.53105,4.2706847
14415,SPATA2,9.163642,2.15438
14416,SPATA20,12.252095,1.0521004
14417,SPATA21,8.642333,3.1812108
14418,SPATA22,9.056157,2.4331582
14419,SPATA24,10.657012,2.8494728
14420,SPATA25,9.349422,4.141423
14421,SPATA2L,9.24176,2.1388934
14422,SPATA3,9.428469,4.535094
14423,SPATA31A1,14.464012,-5.0931883
14424,SPATA31A3,14.464669,-5.093759
14425,SPATA31A5,14.464444,-5.095097
14426,SPATA31A6,14.46472,-5.094963
14427,SPATA31A7,14.46512,-5.0957713
14428,SPATA31D1,14.46525,-5.0960016
14429,SPATA31D3,14.463661,-5.0931425
14430,SPATA31D4,14.464342,-5.0949216
14431,SPATA31E1,14.465401,-5.095843
14432,SPATA32,8.814567,3.8905134
14433,SPATA33,9.66408,3.8843927
14434,SPATA4,8.990729,3.9154365
14435,SPATA45,9.5928135,4.3267856
14436,SPATA46,9.588528,3.79616
14437,SPATA48,8.750346,4.2622623
14438,SPATA5,11.433944,1.296895
14439,SPATA5L1,11.720609,1.4901041
14440,SPATA6,9.0825615,1.3013681
14441,SPATA6L,8.877423,1.2919874
14442,SPATA7,8.299451,1.1713471
14443,SPATA9,9.722301,4.2036567
14444,SPATC1,8.500764,3.3555644
14445,SPATC1L,10.243718,2.5210147
14446,SPATS1,9.096715,3.9493032
14447,SPATS2,8.973544,1.1252625
14448,SPATS2L,9.045026,0.9863364
14449,SPC24,10.710703,2.4799204
14450,SPC25,10.674618,2.671287
14451,SPCS1,9.186105,-2.626245
14452,SPCS2,9.519547,-2.6503484
14453,SPCS3,12.524074,-0.3857038
14454,SPDEF,7.505961,3.7981105
14455,SPDL1,7.414814,0.25631952
14456,SPDYA,10.524411,2.3693345
14457,SPDYC,9.927463,3.315882
14458,SPDYE1,8.151282,5.5613747
14459,SPDYE16,8.150888,5.5601835
14460,SPDYE17,8.153271,5.5586476
14461,SPDYE2,8.152167,5.561511
14462,SPDYE2B,8.152467,5.5669127
14463,SPDYE3,8.163213,5.548151
14464,SPDYE4,8.191428,5.5131454
14465,SPDYE5,8.152688,5.56187
14466,SPDYE6,8.152841,5.5696177
14467,SPECC1,8.14948,0.53713506
14468,SPECC1L,8.097742,0.45534462
14469,SPEF1,9.729768,2.902271
14470,SPEF2,8.144359,0.76329565
14471,SPEG,11.219613,-1.305623
14472,SPEGNB,11.32102,-1.2724437
14473,SPEM1,9.441442,4.0919714
14474,SPEM2,8.656764,3.8735883
14475,SPEM3,8.604602,3.770041
14476,SPESP1,14.692897,-2.1708152
14477,SPG11,9.972241,-0.37763974
14478,SPG21,12.629903,1.1856228
14479,SPG7,11.852211,1.3830955
14480,SPHK1,12.907362,1.2957305
14481,SPHK2,11.382619,1.4484984
14482,SPHKAP,8.307694,1.8213639
14483,SPI1,7.4841948,3.8053477
14484,SPIB,7.5029955,3.8197477
14485,SPIC,7.503707,3.8442295
14486,SPICE1,8.328366,1.5093011
14487,SPIDR,10.97713,0.83892393
14488,SPIN1,9.685569,1.7373106
14489,SPINDOC,9.17996,3.4534862
14490,SPINK1,14.641665,-2.2643168
14491,SPINK13,14.674245,-2.315162
14492,SPINK14,14.676787,-2.320303
14493,SPINK2,14.614713,-2.2013433
14494,SPINK4,14.641497,-2.2496107
14495,SPINK5,13.475497,-0.8549717
14496,SPINK6,14.646614,-2.2846246
14497,SPINK7,14.637376,-2.2537568
14498,SPINK8,14.64955,-2.2546942
14499,SPINK9,14.677088,-2.3274596
14500,SPINT1,13.3296585,-1.57375
14501,SPINT2,10.083048,5.742398
14502,SPINT3,14.682212,-2.3794281
14503,SPINT4,14.705613,-2.4185145
14504,SPIRE1,9.300502,1.3147261
14505,SPIRE2,9.291276,1.4017932
14506,SPN,9.228003,5.5848465
14507,SPNS1,10.000298,-4.0253325
14508,SPNS2,9.940614,-4.0558343
14509,SPNS3,9.950384,-4.0287204
14510,SPO11,11.098974,2.163763
14511,SPOCD1,8.958335,2.5796075
14512,SPOCK1,13.702826,-1.4515924
14513,SPOCK2,13.710656,-1.4380397
14514,SPOCK3,13.571316,-1.5203385
14515,SPON1,13.210306,-1.8272665
14516,SPON2,13.749191,-1.1306716
14517,SPOP,10.937775,1.909359
14518,SPOPL,10.893815,1.892877
14519,SPOUT1,12.230877,2.114349
14520,SPP1,8.838862,4.389362
14521,SPP2,14.001846,-1.2750484
14522,SPPL2A,10.267827,-3.0608215
14523,SPPL2B,10.25601,-3.0543256
14524,SPPL2C,10.657318,-2.803383
14525,SPPL3,9.719845,-2.9845636
14526,SPR,12.917566,1.6273181
14527,SPRED1,9.642753,2.1128263
14528,SPRED2,9.681657,2.337133
14529,SPRED3,9.167468,2.8027902
14530,SPRN,9.772441,3.5797915
14531,SPRR1A,0.9684648,-6.981946
14532,SPRR1B,0.9681905,-6.981908
14533,SPRR2A,0.9684498,-6.981539
14534,SPRR2B,0.9685168,-6.981603
14535,SPRR2D,0.96054447,-6.9918485
14536,SPRR2E,0.9642332,-6.9867644
14537,SPRR2F,0.9675888,-6.982562
14538,SPRR2G,0.97081923,-6.9809756
14539,SPRR3,0.9671535,-6.982947
14540,SPRR4,0.969319,-6.9813695
14541,SPRR5,0.966517,-6.984092
14542,SPRTN,10.219399,2.5621293
14543,SPRY1,10.094621,4.1915464
14544,SPRY2,10.111388,4.1926484
14545,SPRY4,10.047274,4.1145635
14546,SPRYD3,11.587795,2.088587
14547,SPRYD4,12.135273,2.2928355
14548,SPRYD7,11.752938,2.2022567
14549,SPSB1,11.114185,2.1474173
14550,SPSB2,11.5105295,2.241103
14551,SPSB3,10.913365,2.5724826
14552,SPSB4,11.039416,2.0282369
14553,SPTA1,9.143249,-0.85054404
14554,SPTAN1,9.2008095,-0.8186993
14555,SPTB,9.169079,-0.8453619
14556,SPTBN1,9.15629,-0.8140327
14557,SPTBN2,9.167079,-0.83284944
14558,SPTBN4,9.200847,-0.76243025
14559,SPTBN5,9.206289,-0.82271975
14560,SPTLC1,12.773387,1.3915962
14561,SPTLC2,13.034725,1.3621849
14562,SPTLC3,13.424262,1.5027978
14563,SPTSSA,9.222536,-2.6113205
14564,SPTSSB,9.179406,-2.5548134
14565,SPTY2D1,8.927041,2.561742
14566,SPTY2D1OS,9.857503,4.651417
14567,SPX,15.406981,-1.9647212
14568,SPZ1,7.533811,0.892941
14569,SQLE,13.532379,0.75116146
14570,SQOR,12.98513,1.7739309
14571,SQSTM1,10.307171,2.5394187
14572,SRA1,10.726295,3.2161348
14573,SRARP,9.459471,4.5058894
14574,SRBD1,10.783537,1.5037975
14575,SRC,13.283804,7.390283
14576,SRCAP,7.924678,2.0850952
14577,SRCIN1,8.731915,1.0854086
14578,SRD5A1,9.626256,-3.2320821
14579,SRD5A2,9.53931,-3.2925308
14580,SRD5A3,9.678539,-3.286758
14581,SREBF1,10.382071,0.795244
14582,SREBF2,8.397368,2.2291186
14583,SREK1,6.965484,1.7754722
14584,SREK1IP1,7.1984897,1.7576538
14585,SRF,7.49178,3.0168903
14586,SRFBP1,10.564434,3.002599
14587,SRGAP2,9.198013,0.5721681
14588,SRGAP2B,9.19266,0.54589707
14589,SRGAP2C,9.249513,0.57936573
14590,SRGAP3,9.20695,0.62325555
14591,SRGN,15.389066,-1.9250715
14592,SRI,5.577066,-0.17363158
14593,SRL,11.050984,1.4643496
14594,SRM,12.261935,2.030583
14595,SRMS,13.209534,7.3560224
14596,SRP14,12.004564,3.7637146
14597,SRP19,11.287463,3.0674198
14598,SRP54,11.761572,1.6353564
14599,SRP68,11.028349,0.3308323
14600,SRP72,11.014269,0.22365552
14601,SRP9,11.9839735,3.584835
14602,SRPK1,12.877768,7.5913157
14603,SRPK2,12.958595,7.5722537
14604,SRPRA,11.545905,1.6249952
14605,SRPRB,12.297626,1.4163097
14606,SRR,13.171718,1.9204206
14607,SRRD,11.436145,2.601196
14608,SRRM1,6.8813334,1.6949216
14609,SRRM2,6.9406614,1.7286394
14610,SRRM3,6.9166236,1.7417808
14611,SRRM4,6.8552866,1.7014709
14612,SRRM5,6.838868,1.7807418
14613,SRRT,7.6936026,2.061597
14614,SRSF1,6.787574,1.7743489
14615,SRSF10,6.7750616,1.7155268
14616,SRSF11,6.9321985,1.7607149
14617,SRSF12,6.8018093,1.7411987
14618,SRSF2,6.7241564,1.7094252
14619,SRSF3,6.7389765,1.7168442
14620,SRSF4,6.900495,1.754002
14621,SRSF5,6.737632,1.7105489
14622,SRSF6,6.738806,1.7178211
14623,SRSF7,6.7285953,1.709108
14624,SRSF8,6.788549,1.7285521
14625,SRSF9,6.908216,2.1064236
14626,SRXN1,10.669251,2.8326905
14627,SS18,7.5292635,2.7357414
14628,SS18L1,7.5829883,2.7214084
14629,SS18L2,11.360095,3.4340014
14630,SSB,11.261802,3.3106887
14631,SSBP1,13.046143,3.5356135
14632,SSBP2,7.502824,3.0609915
14633,SSBP3,7.4057846,3.0736666
14634,SSBP4,7.347408,3.038279
14635,SSC4D,13.436246,-2.1543877
14636,SSC5D,13.182186,-1.5206269
14637,SSH2,8.666882,1.5056115
14638,SSH3,9.571752,1.0299506
14639,SSMEM1,9.51791,4.1320453
14640,SSNA1,11.3536625,3.8020563
14641,SSPN,8.677271,-2.9732935
14642,SSR1,12.69374,-0.30925956
14643,SSR2,12.724571,-0.36060637
14644,SSR3,9.380893,-2.690062
14645,SSRP1,11.039551,2.8437915
14646,SST,15.517048,-2.0173283
14647,SSTR1,0.58761436,-2.4075098
14648,SSTR2,0.6052344,-2.3385167
14649,SSTR3,0.6449333,-2.4517746
14650,SSTR4,0.56956846,-2.4173093
14651,SSTR5,0.57631314,-2.453345
14652,SSU72,11.964764,2.634357
14653,SSUH2,10.756285,2.2872746
14654,SSX2IP,8.139405,0.95261645
14655,ST13,11.189669,2.728338
14656,ST14,13.686106,-2.5557494
14657,ST18,9.024384,2.1092856
14658,ST3GAL1,14.498835,0.22401111
14659,ST3GAL2,14.50784,0.2346213
14660,ST3GAL3,14.520602,0.24232802
14661,ST3GAL4,14.528351,0.25048584
14662,ST3GAL5,14.443398,0.2009944
14663,ST3GAL6,14.517574,0.23428872
14664,ST6GAL1,14.435719,0.19762483
14665,ST6GAL2,14.3060055,0.13175058
14666,ST6GALNAC1,14.287396,0.13976587
14667,ST6GALNAC2,14.498065,0.24128306
14668,ST6GALNAC3,14.504106,0.22936912
14669,ST6GALNAC4,14.499662,0.21752477
14670,ST6GALNAC5,14.434622,0.19845338
14671,ST6GALNAC6,14.5217085,0.23105305
14672,ST7,11.270004,0.18270196
14673,ST7L,11.26337,0.677435
14674,ST8SIA1,14.489246,0.22123873
14675,ST8SIA2,14.553826,0.22972542
14676,ST8SIA3,14.529384,0.25505486
14677,ST8SIA4,14.50988,0.22391349
14678,ST8SIA6,14.508648,0.22462527
14679,STAB1,12.597303,-2.2088923
14680,STAB2,12.687946,-2.1948736
14681,STAC,9.670812,1.398321
14682,STAC2,9.77266,1.4687711
14683,STAC3,9.966711,1.9608665
14684,STAG1,10.019915,0.19704837
14685,STAG3,10.189587,0.19643708
14686,STAM,7.793742,2.5924635
14687,STAM2,7.754248,2.5491135
14688,STAMBP,10.353767,2.6119704
14689,STAMBPL1,10.335977,2.3337798
14690,STAP1,9.695256,1.445854
14691,STAP2,9.570855,1.598093
14692,STAR,12.340926,2.4477088
14693,STARD10,12.290884,2.4973674
14694,STARD13,8.966266,1.1207086
14695,STARD3,9.756837,-2.6133866
14696,STARD3NL,9.082624,-2.8252056
14697,STARD4,12.220569,2.2645564
14698,STARD5,12.215704,2.3955677
14699,STARD6,12.227237,2.4567873
14700,STARD7,12.56204,2.6535835
14701,STAT1,9.885928,0.6417519
14702,STAT2,9.841733,0.6670745
14703,STAT3,9.848881,0.6854577
14704,STAT4,9.883472,0.658273
14705,STAT5A,9.85104,0.6995063
14706,STAT5B,9.88333,0.705797
14707,STAT6,9.892746,0.7159226
14708,STATH,8.899623,5.1335635
14709,STAU1,9.980357,2.024608
14710,STAU2,10.017009,1.9514226
14711,STBD1,9.496596,3.1399884
14712,STC1,14.309102,-1.5746862
14713,STC2,14.14995,-1.6143132
14714,STEAP1,9.943561,-3.20847
14715,STEAP1B,9.81987,-3.1697326
14716,STEAP2,10.072078,-3.2012053
14717,STEAP3,10.040228,-3.160272
14718,STEAP4,10.073329,-3.2252932
14719,STH,9.470355,4.7010074
14720,STIL,8.8569565,2.208449
14721,STIM1,8.88799,1.2310146
14722,STIM2,9.026658,1.4120961
14723,STIMATE,9.8952675,-2.9703991
14724,STIP1,11.295118,0.09915359
14725,STK10,8.482563,0.49719426
14726,STK11,12.724053,7.6693964
14727,STK11IP,10.260475,0.7128546
14728,STK16,12.811369,7.5886154
14729,STK17A,12.746151,7.671249
14730,STK17B,12.783674,7.620548
14731,STK19,12.046727,2.2226765
14732,STK24,12.897107,7.531215
14733,STK25,12.880279,7.5821753
14734,STK3,12.9003315,7.5250926
14735,STK31,10.758788,1.3897134
14736,STK32A,12.752308,7.736542
14737,STK32B,12.776755,7.7111325
14738,STK32C,12.730291,7.834179
14739,STK33,12.746682,7.6752625
14740,STK35,12.735856,7.572651
14741,STK36,10.701594,0.38530374
14742,STK38,12.888036,7.5845013
14743,STK38L,12.90012,7.5988793
14744,STK39,12.897867,7.475252
14745,STK4,12.911209,7.5101314
14746,STK40,12.772985,7.61364
14747,STKLD1,10.720544,0.38457885
14748,STMN1,10.947479,3.754375
14749,STMN2,10.918999,3.732192
14750,STMN3,10.894653,3.7948472
14751,STMN4,10.916898,3.7283123
14752,STMND1,9.109748,3.9157627
14753,STMP1,13.568987,3.9404302
14754,STN1,11.868595,2.230562
14755,STOM,12.330003,0.91417325
14756,STOML1,12.594014,0.84731764
14757,STOML2,13.372503,2.2527595
14758,STOML3,12.333897,0.9697809
14759,STON1,9.177775,1.9289439
14760,STON2,9.169667,1.6156054
14761,STOX1,8.63056,2.044131
14762,STOX2,8.418236,1.7225556
14763,STPG1,8.726568,4.3660593
14764,STPG2,8.680771,4.3529305
14765,STPG3,9.068904,4.3055797
14766,STPG4,8.676036,4.369744
14767,STRA6,10.082047,-3.083646
14768,STRA8,9.267448,4.0259976
14769,STRADA,10.763467,1.8868004
14770,STRADB,10.884037,1.8265303
14771,STRAP,12.410134,5.106561
14772,STRBP,10.039788,1.8687984
14773,STRC,11.054216,0.61149764
14774,STRIP1,10.389138,0.64919746
14775,STRIP2,10.387563,0.6518494
14776,STRIT1,10.127082,5.03594
14777,STRN3,12.238501,4.9043303
14778,STRN4,12.296641,4.9511037
14779,STT3A,10.232657,-3.192583
14780,STT3B,10.171952,-3.1658344
14781,STUB1,10.622493,3.0234637
14782,STUM,9.850159,-2.2462087
14783,STX10,11.233053,4.146995
14784,STX11,11.311902,4.1464543
14785,STX12,11.330774,4.1501155
14786,STX16,11.306345,4.1705966
14787,STX17,11.427343,3.9370608
14788,STX18,11.27411,4.1558213
14789,STX19,11.275404,4.1299324
14790,STX1A,11.309907,4.215455
14791,STX1B,11.302838,4.248156
14792,STX2,11.29595,4.182704
14793,STX3,11.307359,4.2249823
14794,STX4,11.268832,4.1769457
14795,STX5,11.257443,4.1920915
14796,STX6,11.290296,4.1663117
14797,STX8,11.290157,4.2146864
14798,STXBP1,11.198109,1.0574425
14799,STXBP2,11.131059,1.1649487
14800,STXBP3,11.222206,1.1414654
14801,STXBP5,12.216392,4.814055
14802,STXBP5L,12.213153,4.768123
14803,STXBP6,10.257608,1.2144839
14804,STYK1,13.596691,6.870317
14805,STYX,11.639755,2.430379
14806,STYXL1,11.889301,1.9832672
14807,SUB1,11.18219,3.5510058
14808,SUCLA2,13.783809,2.1302688
14809,SUCLG1,13.837445,2.285647
14810,SUCLG2,13.762844,2.106984
14811,SUCNR1,0.12715848,-2.3443289
14812,SUCO,12.37078,-0.026275272
14813,SUDS3,10.29572,2.8649156
14814,SUFU,10.378282,2.2791862
14815,SUGCT,13.566601,2.118077
14816,SUGP1,10.414379,2.7771385
14817,SUGP2,9.012948,2.089752
14818,SULF1,13.208449,-1.2146214
14819,SULF2,13.176574,-1.1260937
14820,SULT1A1,14.544987,1.4214524
14821,SULT1A2,14.550519,1.4337139
14822,SULT1A3,14.557324,1.423755
14823,SULT1A4,14.556657,1.4167849
14824,SULT1B1,14.581636,1.4208926
14825,SULT1C2,14.567772,1.4312863
14826,SULT1C3,14.550644,1.4124388
14827,SULT1C4,14.557841,1.4280543
14828,SULT1E1,14.5615,1.4464675
14829,SULT2A1,14.530813,1.3854604
14830,SULT2B1,14.49637,1.4310828
14831,SULT4A1,14.385049,1.4613627
14832,SULT6B1,14.508294,1.4203943
14833,SUMF1,13.147004,0.34901223
14834,SUMF2,13.205722,0.13582414
14835,SUMO1,12.067797,3.597471
14836,SUMO2,12.10688,3.6273851
14837,SUMO3,12.024307,3.599217
14838,SUMO4,11.9556465,3.7051458
14839,SUN1,10.455711,0.9593119
14840,SUN2,10.275586,0.862202
14841,SUN3,13.676934,-0.4400873
14842,SUN5,13.549891,-0.23147726
14843,SUOX,12.090765,1.5281823
14844,SUPT16H,10.876335,2.6614969
14845,SUPT20H,7.5733557,2.6391025
14846,SUPT3H,10.429783,1.2581166
14847,SUPT4H1,12.000215,3.4753401
14848,SUPT5H,11.119857,1.7200887
14849,SUPT6H,11.063739,1.7824132
14850,SUPT7L,10.630889,2.2214258
14851,SUPV3L1,11.554113,1.5518095
14852,SURF1,12.903663,2.9447322
14853,SURF2,10.647948,3.1939766
14854,SURF4,9.5367,-3.0374398
14855,SURF6,11.331189,3.3322644
14856,SUSD1,13.22817,-1.834079
14857,SUSD2,13.099192,-1.1832231
14858,SUSD3,9.99314,5.8161817
14859,SUSD4,13.126879,-1.4706583
14860,SUSD5,13.089296,-1.1352754
14861,SUSD6,9.818597,5.72163
14862,SUV39H2,10.758438,2.2875857
14863,SUZ12,10.019247,2.6241047
14864,SV2A,10.315388,-4.0267572
14865,SV2C,10.298888,-4.0724554
14866,SVBP,10.787025,3.278505
14867,SVEP1,12.587769,-2.2014608
14868,SVIL,8.744854,1.5153741
14869,SVIP,10.745096,3.5228677
14870,SVOP,9.989289,-4.0951037
14871,SVOPL,10.027643,-4.1772656
14872,SWAP70,8.039632,0.50358325
14873,SWI5,10.392447,3.669528
14874,SWSAP1,11.867495,2.440027
14875,SWT1,8.840092,2.1272118
14876,SYBU,9.26651,2.034292
14877,SYCE1,7.4116087,0.6434137
14878,SYCE1L,7.428244,0.6683334
14879,SYCE2,9.567786,3.8237612
14880,SYCE3,10.159642,3.5799265
14881,SYCN,14.220956,-1.8611974
14882,SYCP1,7.43235,0.33018854
14883,SYCP2,8.962338,1.8400623
14884,SYCP2L,9.061671,1.5400949
14885,SYCP3,9.339416,2.4563677
14886,SYDE1,9.346307,1.7154044
14887,SYDE2,8.887703,1.8974226
14888,SYF2,10.803887,3.3538938
14889,SYK,13.266538,7.3907886
14890,SYMPK,10.341996,0.1687058
14891,SYN2,10.153262,1.4099374
14892,SYN3,10.210608,1.2013903
14893,SYNC,8.956788,3.427364
14894,SYNCRIP,6.9617147,2.2419183
14895,SYNDIG1,10.149491,4.3713126
14896,SYNDIG1L,10.049144,4.4435186
14897,SYNE4,9.46283,3.7603097
14898,SYNGAP1,8.7070465,1.1916555
14899,SYNGR1,8.648626,-3.0505939
14900,SYNGR2,8.678395,-2.9898465
14901,SYNGR3,8.772553,-2.9605494
14902,SYNGR4,8.538218,-3.127995
14903,SYNJ1,9.190867,0.8351382
14904,SYNJ2,9.177029,1.110105
14905,SYNJ2BP,10.289429,1.6210195
14906,SYNM,8.685042,3.0326288
14907,SYNPO,8.550204,2.7696817
14908,SYNPO2,8.536531,2.6730688
14909,SYNPO2L,8.537973,2.7907465
14910,SYNPR,8.688521,-2.9861145
14911,SYNRG,8.032422,2.3059247
14912,SYPL1,8.671473,-2.9499812
14913,SYPL2,8.574419,-3.0479252
14914,SYS1,9.282343,-2.7675793
14915,SYT1,9.765757,0.15324707
14916,SYT10,9.756236,0.21381165
14917,SYT11,9.770175,0.12410243
14918,SYT12,9.750719,0.23319551
14919,SYT13,9.74682,0.28477618
14920,SYT14,9.760825,0.78315556
14921,SYT15,9.817106,0.22417231
14922,SYT17,9.783471,0.1941198
14923,SYT2,9.7640915,0.19820592
14924,SYT3,9.751571,0.11539122
14925,SYT4,9.765889,0.13158092
14926,SYT5,9.797939,0.20211288
14927,SYT6,9.759433,0.17783305
14928,SYT7,9.735062,0.15444073
14929,SYT8,9.8011875,0.19710536
14930,SYT9,9.724752,0.19759402
14931,SYTL1,9.83667,0.4834559
14932,SYTL2,8.746791,1.6451011
14933,SYTL3,9.752867,1.2165234
14934,SYVN1,10.347315,-2.3965828
14935,SZRD1,10.446172,3.302376
14936,TAAR1,0.5311706,-2.147235
14937,TAAR2,0.5812923,-2.1938007
14938,TAAR5,0.5635982,-2.2045014
14939,TAAR6,0.566501,-2.2104163
14940,TAAR8,0.62604636,-2.1511388
14941,TAAR9,0.5676521,-2.1976335
14942,TAB1,10.621785,1.8447585
14943,TAB2,7.6626716,2.7650054
14944,TAC1,15.470018,-1.9947718
14945,TAC3,15.485677,-2.0076993
14946,TAC4,15.383457,-1.963981
14947,TACC1,8.323338,1.5103301
14948,TACC2,8.356051,1.7018723
14949,TACC3,8.319467,1.588741
14950,TACO1,12.9953165,2.9720907
14951,TACR1,0.5931998,-2.3241608
14952,TACR2,0.6039064,-2.4338398
14953,TACR3,0.63864344,-2.2892983
14954,TACSTD2,10.060592,6.2609315
14955,TADA1,10.718114,2.042909
14956,TADA2A,9.86914,2.1567934
14957,TADA2B,9.707434,2.1040835
14958,TADA3,10.341444,2.852662
14959,TAF10,10.455934,3.2631543
14960,TAF11,10.867776,3.088435
14961,TAF12,10.753886,2.8342912
14962,TAF13,11.391225,3.2902966
14963,TAF15,6.915639,2.2333767
14964,TAF1A,10.951745,0.20911929
14965,TAF1B,11.216943,1.8924881
14966,TAF1C,11.068664,0.6017642
14967,TAF1D,9.050247,3.0581036
14968,TAF1L,7.960784,1.7897251
14969,TAF2,10.49876,0.050673526
14970,TAF3,8.8168335,2.3941216
14971,TAF4,7.355413,2.8187258
14972,TAF4B,7.3243794,2.822263
14973,TAF5,12.292188,4.9606743
14974,TAF5L,12.320519,5.00022
14975,TAF6,8.361015,2.5361483
14976,TAF6L,9.560374,2.0526302
14977,TAF7,10.815409,3.2197413
14978,TAF8,10.5553465,2.7518032
14979,TAF9,10.608892,2.791098
14980,TAFA1,14.082992,-1.9054891
14981,TAFA2,14.084971,-1.9059932
14982,TAFA3,14.18338,-1.9047204
14983,TAFA4,14.129057,-1.9091457
14984,TAFA5,14.159702,-1.9365275
14985,TAGAP,8.829817,1.7463547
14986,TAGLN,10.497903,1.56163
14987,TAGLN2,10.465935,1.5230185
14988,TAGLN3,10.498689,1.5389541
14989,TAL1,7.684082,4.1617327
14990,TAL2,8.0646715,3.807837
14991,TALDO1,13.677695,2.1563425
14992,TAMM41,12.462279,1.8307579
14993,TANC1,9.301129,0.49951014
14994,TANGO2,12.71512,1.6730732
14995,TANGO6,10.514742,0.15975761
14996,TANK,8.636541,1.914885
14997,TAOK2,8.338161,0.8496995
14998,TAOK3,8.639526,0.42659825
14999,TAP1,11.123968,-2.325202
15000,TAP2,11.12485,-2.3237734
15001,TAPBP,9.821392,6.764416
15002,TAPBPL,9.780402,6.757292
15003,TAPT1,9.913271,-2.9083953
15004,TARBP1,10.140288,-0.2907139
15005,TARBP2,11.601008,2.2869174
15006,TARDBP,7.0219355,2.373
15007,TARM1,9.387509,7.4079432
15008,TARS2,12.167125,1.4264517
15009,TAS1R1,11.227436,-2.7902353
15010,TAS1R2,11.2356415,-2.7685924
15011,TAS1R3,11.213674,-2.7412179
15012,TAS2R1,-0.606882,-2.8724518
15013,TAS2R10,-0.6174326,-2.9061644
15014,TAS2R13,-0.62323964,-2.883706
15015,TAS2R14,-0.6098861,-2.8754756
15016,TAS2R16,-0.6165439,-2.8786829
15017,TAS2R19,-0.61888826,-2.8810174
15018,TAS2R20,-0.6068127,-2.8735528
15019,TAS2R3,-0.61885,-2.880826
15020,TAS2R30,-0.6187725,-2.8805397
15021,TAS2R31,-0.6180108,-2.8801448
15022,TAS2R38,-0.5461098,-2.8380854
15023,TAS2R39,-0.5980623,-2.866284
15024,TAS2R4,-0.6046182,-2.8710608
15025,TAS2R40,-0.58470845,-2.860806
15026,TAS2R41,-0.5562076,-2.8437192
15027,TAS2R42,-0.6153484,-2.877442
15028,TAS2R43,-0.6211198,-2.8826802
15029,TAS2R46,-0.61925346,-2.8806875
15030,TAS2R5,-0.6132808,-2.8763375
15031,TAS2R50,-0.61881155,-2.8803346
15032,TAS2R60,-0.5588034,-2.8462348
15033,TAS2R7,-0.6092227,-2.8743353
15034,TAS2R8,-0.61645013,-2.880982
15035,TAS2R9,-0.6166422,-2.881346
15036,TASOR,8.75277,1.6682358
15037,TASOR2,8.416217,1.7885494
15038,TASP1,12.654258,1.6968191
15039,TAT,13.569273,1.5584567
15040,TATDN1,12.544114,2.0080206
15041,TATDN2,9.223244,2.1828866
15042,TATDN3,12.669652,1.9557997
15043,TAX1BP1,7.8302,0.2939287
15044,TAX1BP3,10.135693,1.704898
15045,TBATA,9.124164,3.8229036
15046,TBC1D1,9.43127,0.80443513
15047,TBC1D10A,9.603602,1.1575272
15048,TBC1D10B,9.732485,1.5385188
15049,TBC1D10C,9.674181,1.072207
15050,TBC1D12,9.871819,0.8466544
15051,TBC1D13,10.352654,1.0126305
15052,TBC1D14,9.902602,0.8734965
15053,TBC1D15,10.259301,0.6713951
15054,TBC1D16,9.691152,1.0437688
15055,TBC1D17,10.14598,0.7817516
15056,TBC1D19,10.265642,0.5619414
15057,TBC1D2,9.650237,0.95500183
15058,TBC1D20,10.498308,1.1483557
15059,TBC1D21,10.37391,1.0085541
15060,TBC1D22A,10.027303,0.87602234
15061,TBC1D22B,10.428246,1.0703739
15062,TBC1D23,10.893928,1.1991607
15063,TBC1D24,10.331822,1.0436736
15064,TBC1D26,19.124046,-0.38503262
15065,TBC1D28,19.118263,-0.3823403
15066,TBC1D2B,9.8481865,0.8727595
15067,TBC1D3,19.12617,-0.38601172
15068,TBC1D30,9.065742,1.4187219
15069,TBC1D31,8.67071,0.74875593
15070,TBC1D32,10.275334,0.09172611
15071,TBC1D3B,19.126822,-0.38605258
15072,TBC1D3C,19.12566,-0.38574848
15073,TBC1D3D,19.12635,-0.386095
15074,TBC1D3E,19.1269,-0.38638508
15075,TBC1D3F,19.121908,-0.385267
15076,TBC1D3G,19.126293,-0.3861522
15077,TBC1D3H,19.126165,-0.38601887
15078,TBC1D3I,19.126728,-0.38596225
15079,TBC1D3K,19.125319,-0.38558733
15080,TBC1D3L,19.126638,-0.3858585
15081,TBC1D4,9.362467,0.8501588
15082,TBC1D5,9.480367,0.7411856
15083,TBC1D7,10.922166,1.4828631
15084,TBC1D8,9.84831,0.5363243
15085,TBC1D9,9.773507,0.46343812
15086,TBC1D9B,9.765831,0.4494181
15087,TBCA,11.469869,3.8860245
15088,TBCB,10.931547,2.3833983
15089,TBCC,10.884504,2.8500655
15090,TBCCD1,11.147996,1.5764775
15091,TBCD,10.468105,0.13091305
15092,TBCEL,15.10722,4.338874
15093,TBCK,10.286548,0.5532774
15094,TBK1,10.368792,1.1541692
15095,TBKBP1,8.73436,2.0138893
15096,TBL1XR1,12.385757,5.135253
15097,TBL2,12.459467,5.136122
15098,TBL3,12.414856,5.074062
15099,TBP,7.3373747,3.0553155
15100,TBPL1,11.379949,2.4029472
15101,TBPL2,9.724532,3.868894
15102,TBR1,7.1882668,3.7485683
15103,TBRG1,10.360278,2.2926433
15104,TBRG4,11.433317,1.1040128
15105,TBX1,7.1521335,4.0635505
15106,TBX10,7.306234,3.8284976
15107,TBX15,7.1888266,3.73648
15108,TBX18,7.213144,3.7965174
15109,TBX19,7.25437,3.717488
15110,TBX2,7.057423,4.145534
15111,TBX20,7.2506204,3.859389
15112,TBX21,7.1494484,3.8317997
15113,TBX3,7.0914392,4.1285253
15114,TBX4,7.222241,3.8403587
15115,TBX5,7.1978135,3.7783902
15116,TBX6,7.355312,3.9450805
15117,TBXA2R,0.5206094,-2.4550905
15118,TBXAS1,15.856887,1.0106359
15119,TBXT,7.2473702,3.8093998
15120,TC2N,9.811423,0.29423955
15121,TCAF1,12.62465,0.39612192
15122,TCAF2,12.259506,0.46522695
15123,TCAIM,11.126705,1.2900933
15124,TCAP,9.665354,4.0355916
15125,TCEA1,10.739475,2.8818045
15126,TCEA2,9.8150625,2.7382138
15127,TCEA3,9.680951,2.7370749
15128,TCEANC2,11.231999,2.1340678
15129,TCERG1,7.6222806,2.2359376
15130,TCERG1L,8.5342245,2.4182537
15131,TCF12,7.562111,3.152802
15132,TCF15,7.9427495,4.2787333
15133,TCF19,9.463092,2.5779362
15134,TCF20,7.8041406,2.3359354
15135,TCF21,7.783042,4.3467016
15136,TCF23,7.912108,4.1966753
15137,TCF24,7.8846707,4.277351
15138,TCF25,10.904948,2.3677657
15139,TCF3,7.533689,3.1527753
15140,TCF4,7.613349,3.135276
15141,TCF7,6.9536476,3.944695
15142,TCF7L1,7.079972,3.7655194
15143,TCF7L2,7.0850067,3.7654157
15144,TCFL5,9.605681,2.9993534
15145,TCHH,7.157459,0.76812446
15146,TCHHL1,8.725657,4.0842104
15147,TCHP,7.616688,0.7910998
15148,TCIM,9.931272,4.044306
15149,TCIRG1,10.71364,-3.2310717
15150,TCL1A,11.813539,2.7910397
15151,TCL1B,11.816512,2.847177
15152,TCN1,13.759059,-0.7613281
15153,TCN2,13.655795,-0.5537807
15154,TCOF1,9.226339,2.8116415
15155,TCP1,14.253987,2.551136
15156,TCP10L,9.413164,3.8366325
15157,TCP11,10.692655,1.3082157
15158,TCP11L1,10.708059,1.3166376
15159,TCP11L2,10.692958,1.4615366
15160,TCTA,10.137099,4.8501444
15161,TCTE1,15.334555,4.513586
15162,TCTN1,11.91889,-0.09516802
15163,TCTN2,11.920564,-0.05939069
15164,TCTN3,11.974769,-0.10979818
15165,TDG,11.499472,2.404076
15166,TDGF1,14.2071705,-1.7026268
15167,TDO2,12.631441,1.575148
15168,TDP1,11.240893,1.5208558
15169,TDP2,11.581789,1.9567968
15170,TDRD1,10.77477,1.4668708
15171,TDRD10,11.182016,1.8782023
15172,TDRD12,10.870508,1.3353312
15173,TDRD15,8.332004,1.9216162
15174,TDRD3,8.902401,1.8203115
15175,TDRD5,9.995251,1.9330883
15176,TDRD6,8.26728,1.9501178
15177,TDRD7,10.927544,1.3351893
15178,TDRD9,11.042146,1.1856089
15179,TDRKH,10.922718,1.6928972
15180,TDRP,10.058853,3.6091015
15181,TEAD1,7.5954485,3.420094
15182,TEAD2,7.622668,3.406028
15183,TEAD3,7.6704683,3.3425364
15184,TEAD4,7.6948256,3.3870308
15185,TEC,13.302307,7.363466
15186,TECPR1,10.03049,0.428414
15187,TECPR2,9.921606,0.37551755
15188,TECR,9.541002,-3.365781
15189,TECRL,9.657839,-3.3050628
15190,TECTA,12.712863,-2.1283436
15191,TECTB,12.903125,-0.9166131
15192,TEDC1,10.899838,1.9763025
15193,TEDC2,9.310371,3.5206056
15194,TEDDM1,9.349067,-3.3790398
15195,TEF,7.9765534,3.7747898
15196,TEFM,12.291848,2.3970857
15197,TEK,13.689202,6.766098
15198,TEKT1,7.261127,1.0105568
15199,TEKT2,7.2606277,1.0089371
15200,TEKT3,7.2499223,1.0217907
15201,TEKT4,7.2591653,1.0116258
15202,TEKT5,7.241733,1.0454811
15203,TELO2,10.737474,0.5089826
15204,TEN1,12.196622,2.6157086
15205,TENM2,12.259588,-1.8513329
15206,TENM3,12.265907,-1.8359303
15207,TENT2,9.72941,1.0837653
15208,TENT4A,9.2146,1.9848102
15209,TENT4B,9.856724,2.0536664
15210,TENT5A,9.8749485,2.8159127
15211,TENT5B,10.56959,2.3034992
15212,TENT5C,10.442223,2.2849936
15213,TEP1,9.897713,-0.4720091
15214,TEPP,12.0844755,2.4486804
15215,TEPSIN,9.760198,1.4490469
15216,TERB1,9.439719,1.6677449
15217,TERB2,9.983856,2.5814426
15218,TERF1,10.176021,2.6910489
15219,TERF2,10.103381,2.8572917
15220,TERF2IP,10.191771,3.2705104
15221,TERT,11.715589,1.6751465
15222,TES,9.70536,2.6624103
15223,TESC,5.368369,-0.33908823
15224,TESK1,12.638664,7.5318813
15225,TESK2,12.69066,7.620268
15226,TESMIN,9.313427,3.4837544
15227,TESPA1,9.240284,3.259118
15228,TET1,8.080285,2.0487905
15229,TET2,7.7752423,2.2522128
15230,TET3,7.8824015,2.1660564
15231,TEX10,10.398468,0.041692026
15232,TEX101,14.447263,-1.9377003
15233,TEX12,9.874779,3.662738
15234,TEX14,8.788238,1.6167482
15235,TEX15,8.36303,2.060603
15236,TEX19,9.535678,3.7900782
15237,TEX2,9.171868,1.6439259
15238,TEX22,9.43407,4.5933795
15239,TEX26,8.705409,4.247989
15240,TEX261,9.277161,-2.811611
15241,TEX264,12.213363,2.2381012
15242,TEX29,9.974823,5.5327535
15243,TEX30,12.396683,2.1529975
15244,TEX33,9.151631,4.0334325
15245,TEX35,9.478855,4.035223
15246,TEX36,9.2135935,4.2598586
15247,TEX37,8.750071,4.263627
15248,TEX38,9.455966,3.9826796
15249,TEX43,9.016847,4.1145787
15250,TEX44,8.985368,3.9811053
15251,TEX45,8.715226,4.2921114
15252,TEX46,9.728419,4.507042
15253,TEX47,11.496221,2.0767663
15254,TEX48,9.730672,4.2713475
15255,TEX49,9.559852,4.366166
15256,TEX50,9.888821,4.630819
15257,TEX51,13.701165,-0.98545873
15258,TEX52,9.106169,3.9049313
15259,TEX53,9.637715,4.377504
15260,TEX54,9.729333,4.1145144
15261,TEX55,8.794695,4.016143
15262,TEX9,7.8154345,0.8225065
15263,TFAM,12.994144,3.173845
15264,TFAP2A,6.8015213,4.166936
15265,TFAP2B,6.7723265,4.1496353
15266,TFAP2C,6.7994018,4.085433
15267,TFAP2D,6.7806807,4.1764836
15268,TFAP2E,6.8021755,4.1212583
15269,TFAP4,7.8237123,3.3446534
15270,TFB1M,12.5028715,2.2247345
15271,TFB2M,12.515891,2.38415
15272,TFCP2,7.7160516,3.1542768
15273,TFCP2L1,7.6774282,3.2985294
15274,TFDP1,8.659076,3.0052388
15275,TFDP2,8.476231,3.0904832
15276,TFEB,7.8950396,3.533016
15277,TFEC,7.9402285,3.6119556
15278,TFF1,14.632565,-2.2441618
15279,TFF2,14.609108,-2.22034
15280,TFF3,14.592087,-2.2045286
15281,TFG,7.558967,2.6877766
15282,TFIP11,11.388483,1.6352708
15283,TFPI,13.886657,-1.8110371
15284,TFPI2,13.91172,-1.7414631
15285,TFPT,10.114722,3.5453289
15286,TFR2,13.220632,0.20881872
15287,TFRC,13.096046,0.1233973
15288,TG,12.479242,-2.102267
15289,TGDS,12.746876,1.7103187
15290,TGFA,10.055098,5.458134
15291,TGFB1,14.435817,-1.0113187
15292,TGFB1I1,9.558937,2.6909204
15293,TGFB2,14.387695,-1.0272077
15294,TGFB3,14.443915,-1.0266305
15295,TGFBI,13.202892,-1.0508115
15296,TGFBR1,13.575198,6.881107
15297,TGFBR2,13.572938,6.8851423
15298,TGFBR3,12.997893,-1.252631
15299,TGFBR3L,9.929498,3.9854038
15300,TGFBRAP1,10.77167,0.18933533
15301,TGIF1,8.11043,3.6189706
15302,TGIF2,7.966556,3.5908852
15303,TGM1,12.457594,0.27752274
15304,TGM2,12.429238,0.3029396
15305,TGM3,12.471692,0.25778878
15306,TGM4,12.461346,0.2655478
15307,TGM5,12.495876,0.32661676
15308,TGM6,12.458097,0.27998587
15309,TGM7,12.44856,0.297203
15310,TGOLN2,8.983278,4.567597
15311,TGS1,10.221217,2.724979
15312,TH,12.324789,1.0457242
15313,THADA,10.078159,-0.29586676
15314,THAP1,9.86282,3.2064626
15315,THAP10,9.619152,3.304253
15316,THAP11,9.614787,3.2022228
15317,THAP12,9.19551,3.1294277
15318,THAP2,9.831996,3.22336
15319,THAP3,9.780912,3.2502458
15320,THAP4,9.238569,2.4155781
15321,THAP5,9.067328,2.6131742
15322,THAP6,9.695352,3.057064
15323,THAP7,9.8853655,3.2983823
15324,THAP8,9.746,3.2943363
15325,THAP9,9.189502,3.0904357
15326,THBD,13.503273,-1.5897785
15327,THBS1,13.228073,-1.9696826
15328,THBS2,13.250354,-1.9455725
15329,THBS3,13.284426,-1.9565907
15330,THBS4,13.268126,-1.9516119
15331,THEG,8.849039,4.074062
15332,THEGL,8.737775,4.241751
15333,THEM4,12.917272,2.6187475
15334,THEM5,12.901408,2.1150863
15335,THEM6,12.558085,2.1905568
15336,THEMIS,11.3358345,0.7404621
15337,THEMIS2,10.700461,0.93524975
15338,THG1L,12.325399,2.2708178
15339,THNSL1,11.640864,1.8139391
15340,THNSL2,13.06096,1.8255297
15341,THOC1,10.642489,0.9325734
15342,THOC3,12.441995,5.1442027
15343,THOC5,11.29422,1.5306951
15344,THOC6,12.472689,5.079852
15345,THOC7,10.983218,3.069151
15346,THOP1,12.676972,0.706159
15347,THPO,11.057368,5.7434444
15348,THRA,5.705149,3.8898883
15349,THRAP3,7.0797915,1.8066733
15350,THRB,5.697912,3.8770983
15351,THRSP,9.753994,3.7506633
15352,THSD1,10.03636,6.172483
15353,THSD4,13.21232,-1.8994244
15354,THSD7A,13.157362,-1.8998423
15355,THSD7B,13.152516,-1.932471
15356,THSD8,14.263768,-1.234057
15357,THTPA,11.966984,2.1240501
15358,THUMPD1,11.189705,2.6511695
15359,THUMPD2,11.811735,2.1196325
15360,THUMPD3,11.57901,2.1504257
15361,THY1,9.752118,6.4804497
15362,THYN1,12.44916,2.559371
15363,TIA1,7.0453873,2.820623
15364,TIAL1,7.0546823,2.587876
15365,TIAM1,8.954832,0.90283483
15366,TIAM2,8.897468,0.8903417
15367,TICAM1,8.919977,2.5453892
15368,TICAM2,10.869854,1.8045439
15369,TICRR,8.771678,2.3525448
15370,TIE1,13.707651,6.756395
15371,TIFA,10.349972,1.9436107
15372,TIFAB,10.377723,1.7754185
15373,TIGAR,12.072685,2.0786028
15374,TIGD1,9.308549,3.0892503
15375,TIGD2,9.337395,3.138105
15376,TIGD3,9.26071,3.158863
15377,TIGD4,9.340357,3.1523395
15378,TIGD5,9.191847,3.0708687
15379,TIGD6,9.351808,3.156956
15380,TIGD7,9.30068,3.1688638
15381,TIGIT,9.629662,6.7748837
15382,TIMD4,9.37637,6.2991605
15383,TIMELESS,10.247491,0.1450165
15384,TIMM10,12.470397,3.8144708
15385,TIMM10B,12.407604,3.774027
15386,TIMM13,12.438998,3.7485034
15387,TIMM17A,13.728176,3.7621572
15388,TIMM21,12.994296,2.9240155
15389,TIMM22,13.714554,3.7754042
15390,TIMM23,13.7078085,3.7813997
15391,TIMM23B,13.708578,3.7773566
15392,TIMM29,12.373641,2.6028376
15393,TIMM44,12.722618,2.7950613
15394,TIMM50,12.725932,2.504861
15395,TIMM8B,12.437444,3.7665644
15396,TIMM9,12.478258,3.824675
15397,TIMMDC1,13.70809,3.7745876
15398,TIMP2,13.838759,-1.3012592
15399,TIMP3,13.845747,-1.3339237
15400,TIMP4,13.915125,-1.2740222
15401,TINAG,13.661444,-2.256103
15402,TINAGL1,13.690899,-1.5995522
15403,TINCR,11.125636,3.324729
15404,TINF2,9.774293,3.4578001
15405,TIPARP,9.369881,2.2576747
15406,TIPIN,10.831262,3.1207376
15407,TIPRL,11.107537,2.4464996
15408,TIRAP,10.590329,2.013892
15409,TJAP1,8.753501,1.7119251
15410,TJP1,8.743477,0.9610402
15411,TJP2,8.858281,0.8967936
15412,TJP3,9.157537,1.0103585
15413,TK1,11.72301,2.1438053
15414,TK2,12.660706,2.4102871
15415,TKFC,13.30247,1.7303038
15416,TKT,13.711825,2.0469
15417,TKTL2,13.481741,1.9780574
15418,TLCD1,9.469173,-3.3545156
15419,TLCD2,9.458513,-3.3563042
15420,TLCD3A,9.4390955,-3.3660347
15421,TLCD3B,9.492146,-3.353859
15422,TLCD4,9.566905,-3.4156306
15423,TLCD5,9.479615,-3.3549142
15424,TLDC2,10.226069,1.4375641
15425,TLE1,12.197258,5.089273
15426,TLE2,12.168028,5.0708714
15427,TLE3,12.18811,5.1101522
15428,TLE4,12.2043295,5.104632
15429,TLE5,7.0063634,3.904907
15430,TLE6,12.372815,5.072908
15431,TLE7,12.456592,5.159846
15432,TLK1,13.014267,7.393332
15433,TLK2,12.918954,7.4739614
15434,TLL1,13.115734,-1.771579
15435,TLL2,13.143443,-1.8221669
15436,TLN1,9.444431,-0.7295802
15437,TLN2,9.441576,-0.6509642
15438,TLNRD1,10.181669,3.28339
15439,TLR1,15.630189,4.561738
15440,TLR10,15.632145,4.5455995
15441,TLR2,15.6160965,4.5808196
15442,TLR3,15.596542,4.548785
15443,TLR5,15.630907,4.563428
15444,TLR6,15.635877,4.566693
15445,TLR9,15.6822,4.5839853
15446,TLX1,6.6993136,4.514694
15447,TLX2,6.736617,4.655742
15448,TLX3,6.7338467,4.6562543
15449,TM2D1,12.956006,-0.64122295
15450,TM2D2,12.980006,-0.723926
15451,TM2D3,13.107047,-0.77404135
15452,TM4SF1,8.410022,-3.1396828
15453,TM4SF18,8.449997,-3.0462239
15454,TM4SF19,8.478709,-3.1885154
15455,TM4SF20,8.43056,-3.0218666
15456,TM4SF4,8.430678,-3.1368752
15457,TM4SF5,8.453142,-3.1333885
15458,TM6SF1,9.802262,-3.1381192
15459,TM6SF2,9.768566,-3.1584597
15460,TM7SF2,9.572084,-3.3167057
15461,TM7SF3,10.533709,-2.8240488
15462,TM9SF1,10.395148,-3.0455189
15463,TM9SF2,10.270738,-3.0578682
15464,TM9SF3,10.32692,-3.0858214
15465,TM9SF4,10.410336,-3.0929341
15466,TMA16,11.245488,3.3283474
15467,TMA7,11.7926235,3.9010317
15468,TMBIM1,7.950133,3.0068593
15469,TMBIM4,9.298876,-2.840323
15470,TMBIM6,9.410338,-2.9487886
15471,TMC1,10.700044,-3.0157762
15472,TMC2,10.69625,-2.998458
15473,TMC3,10.743574,-2.921687
15474,TMC4,10.674289,-3.0354838
15475,TMC5,10.707603,-3.0229373
15476,TMC6,10.592509,-3.0383377
15477,TMC7,10.676605,-3.056115
15478,TMC8,10.600492,-3.064709
15479,TMCC1,8.426051,0.8767621
15480,TMCC2,8.4082985,0.82371426
15481,TMCC3,8.265841,0.7570516
15482,TMCO1,9.283709,-2.5171397
15483,TMCO2,9.830341,4.581516
15484,TMCO3,10.169707,-3.4882948
15485,TMCO4,12.245439,0.4842637
15486,TMCO5A,7.3424873,0.75678194
15487,TMCO6,10.750038,0.5181163
15488,TMED1,12.77888,-0.30412886
15489,TMED10,12.705705,-0.37398878
15490,TMED2,12.708924,-0.37627506
15491,TMED3,12.719565,-0.37573254
15492,TMED4,12.7041855,-0.34558064
15493,TMED5,12.704619,-0.38801533
15494,TMED6,12.779198,-0.3331823
15495,TMED7,12.697928,-0.36189514
15496,TMED8,10.514131,2.2749224
15497,TMED9,12.703812,-0.3533494
15498,TMEFF1,13.475783,-1.7510478
15499,TMEFF2,13.408699,-1.7971661
15500,TMEM100,10.058724,4.8947067
15501,TMEM101,9.446662,-3.111721
15502,TMEM102,11.126823,0.8745453
15503,TMEM104,10.094,-3.5867805
15504,TMEM106A,12.338163,-0.27088726
15505,TMEM106C,12.324151,-0.2794358
15506,TMEM107,9.19958,-2.7691708
15507,TMEM108,9.200648,5.450894
15508,TMEM109,9.872912,-2.6553257
15509,TMEM11,12.314797,2.624866
15510,TMEM114,8.478443,-3.26132
15511,TMEM115,9.904685,-2.6002178
15512,TMEM116,0.4846858,-2.5141408
15513,TMEM117,10.7392845,-1.6343915
15514,TMEM119,9.789305,4.6974616
15515,TMEM120A,9.705762,-3.295867
15516,TMEM120B,9.924518,-3.1960618
15517,TMEM121,9.773659,-2.468434
15518,TMEM121B,9.434437,3.045632
15519,TMEM123,9.2782345,5.5968575
15520,TMEM125,8.701432,-3.0716782
15521,TMEM126A,13.625808,3.8499846
15522,TMEM126B,13.608211,3.8756342
15523,TMEM127,8.542638,-3.1773422
15524,TMEM128,9.346371,-2.7367444
15525,TMEM129,10.082252,-1.7092049
15526,TMEM130,10.006853,6.171688
15527,TMEM131,9.265522,0.031373393
15528,TMEM131L,9.163188,0.19418739
15529,TMEM132A,12.171122,-1.5654217
15530,TMEM132B,12.277246,-1.4730539
15531,TMEM132C,12.285719,-1.4715927
15532,TMEM132D,12.286696,-1.4886363
15533,TMEM132E,12.262089,-1.4638017
15534,TMEM134,10.232538,4.026358
15535,TMEM135,11.288722,-5.9936585
15536,TMEM138,9.275397,-2.761841
15537,TMEM139,9.853146,5.341936
15538,TMEM140,8.519609,-3.2212152
15539,TMEM141,13.6614275,3.8928838
15540,TMEM143,11.713484,1.3245717
15541,TMEM144,10.033902,-3.9678957
15542,TMEM145,10.098302,-2.8659399
15543,TMEM147,9.356454,-2.9446874
15544,TMEM14A,13.657973,3.8249013
15545,TMEM14B,13.676386,3.8016775
15546,TMEM14C,13.662614,3.7700737
15547,TMEM150A,9.100712,-3.2973828
15548,TMEM150B,8.861942,-3.287689
15549,TMEM150C,9.30275,-3.3921719
15550,TMEM151A,10.208874,-2.0289109
15551,TMEM151B,10.19789,-2.036313
15552,TMEM154,9.940876,5.412453
15553,TMEM156,9.6819105,6.501816
15554,TMEM158,10.081919,3.7027972
15555,TMEM160,12.928879,3.0173588
15556,TMEM161A,9.834968,-3.0087085
15557,TMEM161B,9.841367,-3.0063155
15558,TMEM163,10.00008,-3.4383438
15559,TMEM165,10.035772,-3.3396096
15560,TMEM167A,9.162978,-2.622882
15561,TMEM167B,9.224636,-2.6230884
15562,TMEM168,12.7353735,0.6352464
15563,TMEM169,10.117985,4.1880264
15564,TMEM17,9.511925,-2.8169818
15565,TMEM170A,9.254719,-2.6748946
15566,TMEM170B,9.2745695,-2.6113153
15567,TMEM171,9.82072,5.3992243
15568,TMEM174,9.801368,5.3313375
15569,TMEM175,9.923602,-3.4095814
15570,TMEM176A,8.473325,-2.8050945
15571,TMEM176B,8.46614,-2.8125641
15572,TMEM177,12.332047,2.0784247
15573,TMEM178A,8.408827,-3.3128033
15574,TMEM178B,8.404598,-3.3070512
15575,TMEM179,8.577926,-3.0840557
15576,TMEM179B,8.671276,-2.9868698
15577,TMEM18,9.24961,-2.6732621
15578,TMEM181,10.226583,-3.0384495
15579,TMEM182,8.454854,-3.2315798
15580,TMEM183A,10.485708,2.175351
15581,TMEM184A,9.907155,-3.0632315
15582,TMEM184B,9.797304,-2.8557289
15583,TMEM184C,10.004455,-2.8098738
15584,TMEM185B,9.499593,-2.7528195
15585,TMEM186,12.79333,2.7172778
15586,TMEM19,9.821762,-3.1671364
15587,TMEM190,14.10098,-1.6519897
15588,TMEM191B,10.05996,3.181736
15589,TMEM191C,10.038766,3.1897073
15590,TMEM192,9.790531,-2.6229382
15591,TMEM196,8.473074,-3.1241932
15592,TMEM198,9.804844,-2.4841807
15593,TMEM199,9.831244,-1.9104534
15594,TMEM200A,9.845082,5.026
15595,TMEM200B,9.6935835,4.0118203
15596,TMEM200C,9.840971,4.8836813
15597,TMEM201,9.691979,2.2881382
15598,TMEM202,8.517233,-3.1640866
15599,TMEM203,9.462269,-2.7340338
15600,TMEM204,8.4751835,-3.2200334
15601,TMEM205,12.766022,-0.2029058
15602,TMEM207,9.8376665,5.360922
15603,TMEM208,9.32,-2.7061138
15604,TMEM209,9.182981,1.972772
15605,TMEM210,9.878074,5.327775
15606,TMEM212,8.555533,-2.9904063
15607,TMEM213,14.537255,-1.9622403
15608,TMEM214,10.772951,0.4139184
15609,TMEM215,9.806734,5.104946
15610,TMEM216,9.290529,-2.8353128
15611,TMEM217,0.52935773,-2.2527704
15612,TMEM218,9.336656,-2.798898
15613,TMEM219,13.141207,-0.13788256
15614,TMEM220,9.279777,-2.7808864
15615,TMEM221,9.581079,-2.5307996
15616,TMEM222,11.729469,2.3650072
15617,TMEM223,12.930646,2.8862662
15618,TMEM225,8.487067,-3.1936393
15619,TMEM225B,8.485429,-3.2065284
15620,TMEM229A,9.519826,-3.31557
15621,TMEM229B,9.474837,-3.3846414
15622,TMEM230,10.113005,4.9443235
15623,TMEM231,11.91927,-0.113274135
15624,TMEM232,9.615112,0.5812292
15625,TMEM233,10.051596,4.7498374
15626,TMEM234,9.709302,-2.9947982
15627,TMEM235,8.463325,-3.2062576
15628,TMEM236,9.833233,-2.5564928
15629,TMEM237,9.986745,-3.2921886
15630,TMEM238,9.941322,3.4839144
15631,TMEM238L,8.666678,-3.119032
15632,TMEM239,9.786433,-2.4705687
15633,TMEM240,10.004028,-1.9533274
15634,TMEM241,9.848214,-3.2544177
15635,TMEM242,13.6670685,3.8266103
15636,TMEM243,9.136152,-2.7236867
15637,TMEM244,9.43591,-2.8304389
15638,TMEM245,10.046474,-2.9655256
15639,TMEM247,9.936083,3.7776418
15640,TMEM248,12.690915,-0.4051298
15641,TMEM249,12.490922,0.59933996
15642,TMEM25,10.043292,6.358775
15643,TMEM250,9.57401,4.4295716
15644,TMEM251,9.252483,-2.6014268
15645,TMEM252,9.850806,5.4202847
15646,TMEM253,8.624435,-2.8097835
15647,TMEM254,9.4943,-3.2035208
15648,TMEM255B,8.592349,-2.7940102
15649,TMEM256,13.487443,3.650017
15650,TMEM258,9.1515045,-2.6430697
15651,TMEM259,10.04896,-2.853828
15652,TMEM26,9.867663,-2.8564947
15653,TMEM260,10.256867,-2.898712
15654,TMEM262,8.636084,-3.0859926
15655,TMEM263,10.334525,4.0875964
15656,TMEM265,10.119141,4.470612
15657,TMEM266,10.494515,-2.250361
15658,TMEM267,9.706638,-3.1928673
15659,TMEM268,10.771299,1.1107445
15660,TMEM269,9.823408,-3.1640396
15661,TMEM270,9.905586,-2.5826814
15662,TMEM271,9.408384,3.6068668
15663,TMEM272,9.057439,-2.8470573
15664,TMEM273,10.045274,5.347151
15665,TMEM275,10.076655,5.135375
15666,TMEM30A,12.511821,-0.5427057
15667,TMEM30B,12.50152,-0.5629692
15668,TMEM33,9.469606,-2.8759477
15669,TMEM35B,9.382199,-3.0788722
15670,TMEM37,8.537156,-3.2297158
15671,TMEM38A,9.710481,-3.1299248
15672,TMEM38B,9.690037,-3.1892176
15673,TMEM39A,9.770473,-2.7167346
15674,TMEM39B,9.748914,-2.6303473
15675,TMEM40,10.205999,4.061974
15676,TMEM41A,9.766186,-3.0634584
15677,TMEM41B,9.939723,-3.2252645
15678,TMEM42,9.790908,-3.1964893
15679,TMEM43,11.434421,0.20182072
15680,TMEM44,8.832905,-2.6843593
15681,TMEM45A,9.355705,-3.392794
15682,TMEM45B,9.318381,-3.417663
15683,TMEM50A,9.110706,-2.8307054
15684,TMEM50B,9.108625,-2.7829528
15685,TMEM51,9.848061,5.429149
15686,TMEM52,9.831833,5.375873
15687,TMEM52B,9.852792,5.3909063
15688,TMEM53,12.740158,1.1316891
15689,TMEM54,8.6128645,-2.9930558
15690,TMEM59,12.645176,-0.43150163
15691,TMEM59L,12.678602,-0.5980584
15692,TMEM60,9.411942,-2.8151944
15693,TMEM61,9.861428,5.362919
15694,TMEM62,9.997745,-2.9631624
15695,TMEM63A,10.665336,-3.0797098
15696,TMEM63B,10.725017,-3.0560155
15697,TMEM63C,10.617025,-3.0686982
15698,TMEM64,9.820839,-2.4838836
15699,TMEM65,12.975816,2.8677788
15700,TMEM67,11.899879,-0.10792021
15701,TMEM68,12.767409,0.97423637
15702,TMEM69,13.085264,2.9536629
15703,TMEM70,13.012817,2.9537935
15704,TMEM71,9.402345,3.5314019
15705,TMEM72,8.855729,-2.7380097
15706,TMEM74,10.063643,4.826416
15707,TMEM74B,10.04042,4.7664776
15708,TMEM79,9.675336,-3.0130794
15709,TMEM80,9.592903,-2.9313571
15710,TMEM81,10.135901,5.8761764
15711,TMEM82,9.906317,-2.8921905
15712,TMEM86A,9.361305,-3.1937943
15713,TMEM86B,9.459572,-3.291506
15714,TMEM87A,10.234683,-2.9987583
15715,TMEM87B,10.241085,-3.0269713
15716,TMEM88,9.66191,-2.2718146
15717,TMEM88B,9.685178,-2.4846673
15718,TMEM89,9.620802,4.3833694
15719,TMEM9,12.559596,-0.4023142
15720,TMEM91,10.064632,4.6067476
15721,TMEM92,9.843592,5.379762
15722,TMEM94,11.31265,-3.2488334
15723,TMEM95,13.675848,-0.9862853
15724,TMEM97,9.562646,-3.228868
15725,TMEM98,11.009603,2.8097277
15726,TMEM9B,10.222728,5.3818164
15727,TMF1,7.6507516,0.3437859
15728,TMIE,10.274654,4.7728086
15729,TMIGD1,9.71663,6.788928
15730,TMIGD2,9.528189,6.7236924
15731,TMIGD3,9.592498,6.790022
15732,TMOD1,10.933483,1.6717299
15733,TMOD2,10.862139,1.6745921
15734,TMOD3,10.844267,1.6067996
15735,TMOD4,10.958779,1.6029042
15736,TMPO,9.19351,2.69759
15737,TMPPE,12.717461,0.65460396
15738,TMPRSS11A,13.819467,-2.8816059
15739,TMPRSS11B,13.855426,-2.9542956
15740,TMPRSS11D,13.855671,-2.9541776
15741,TMPRSS11E,13.830751,-2.8902872
15742,TMPRSS11F,13.842953,-2.9209547
15743,TMPRSS12,13.881001,-3.0194094
15744,TMPRSS13,13.72711,-2.663724
15745,TMPRSS15,13.536205,-2.3927565
15746,TMPRSS2,13.773537,-2.751583
15747,TMPRSS3,13.725049,-2.6409605
15748,TMPRSS4,13.78586,-2.7590542
15749,TMPRSS5,13.70114,-2.5700982
15750,TMPRSS6,13.580792,-2.3435853
15751,TMPRSS7,13.5565195,-2.3801916
15752,TMPRSS9,13.758724,-2.7318213
15753,TMSB10,11.880304,3.8265164
15754,TMTC1,10.277166,-2.8459818
15755,TMTC2,10.291239,-2.8296137
15756,TMTC3,10.260747,-2.8111458
15757,TMTC4,10.239825,-2.871746
15758,TMUB1,10.270935,3.9263697
15759,TMUB2,10.328464,4.0120926
15760,TMX1,12.67515,-0.33927092
15761,TMX2,12.722058,0.39036542
15762,TMX3,12.611738,0.04640112
15763,TMX4,10.65162,-0.8290872
15764,TNC,12.611718,-2.175295
15765,TNF,15.657273,-0.74665004
15766,TNFAIP1,10.685069,2.187125
15767,TNFAIP2,10.552137,0.59988624
15768,TNFAIP3,9.032035,2.0006006
15769,TNFAIP6,14.060457,-1.1449691
15770,TNFAIP8,10.792573,2.7470238
15771,TNFAIP8L1,10.616341,2.7742078
15772,TNFAIP8L2,10.745511,2.7763205
15773,TNFAIP8L3,10.819145,2.7829738
15774,TNFRSF10A,9.883046,5.8209124
15775,TNFRSF10B,9.820007,5.8514485
15776,TNFRSF10C,9.698591,5.8637023
15777,TNFRSF10D,9.824162,5.8945384
15778,TNFRSF11A,9.895751,5.9087934
15779,TNFRSF11B,9.8433695,5.854231
15780,TNFRSF12A,10.07953,5.6843204
15781,TNFRSF13B,9.8458395,5.920135
15782,TNFRSF13C,9.988354,5.177929
15783,TNFRSF14,9.826677,5.9176497
15784,TNFRSF17,10.010982,6.075314
15785,TNFRSF18,9.872413,5.8924227
15786,TNFRSF19,9.869579,5.8046684
15787,TNFRSF1A,9.853367,5.895368
15788,TNFRSF1B,9.785645,5.8562403
15789,TNFRSF21,9.859504,5.790712
15790,TNFRSF25,9.90595,5.9465537
15791,TNFRSF4,9.763298,6.0055804
15792,TNFRSF6B,13.702033,-1.7783191
15793,TNFRSF8,9.837252,5.896516
15794,TNFRSF9,9.811513,5.984204
15795,TNFSF10,15.662592,-0.7425766
15796,TNFSF11,15.656218,-0.76987576
15797,TNFSF12,15.5682335,-0.84654605
15798,TNFSF13,15.600043,-0.7918332
15799,TNFSF13B,15.663733,-0.74030143
15800,TNFSF14,15.665649,-0.7604593
15801,TNFSF15,15.658828,-0.7634753
15802,TNFSF18,15.677994,-0.7486454
15803,TNFSF4,15.703531,-0.68859756
15804,TNFSF8,15.672983,-0.75201184
15805,TNFSF9,15.541227,-0.8309469
15806,TNIK,8.554786,0.6506708
15807,TNIP1,7.8193417,0.5256608
15808,TNIP2,7.893832,0.57777435
15809,TNIP3,7.7913547,0.5457891
15810,TNK1,13.061538,7.309846
15811,TNK2,8.728397,1.2088996
15812,TNKS,13.76293,5.303845
15813,TNKS1BP1,8.553645,2.8727357
15814,TNKS2,13.720113,5.2610974
15815,TNN,12.73254,-2.0362647
15816,TNNC1,5.2465606,-0.44952658
15817,TNNC2,5.274929,-0.42228484
15818,TNNI1,10.906412,3.706078
15819,TNNI2,10.93965,3.7497034
15820,TNNI3,10.919873,3.7374704
15821,TNNI3K,13.714768,5.2450066
15822,TNNT1,10.897219,3.6634672
15823,TNNT2,10.871759,3.696444
15824,TNNT3,10.860593,3.696157
15825,TNP1,9.826686,4.361233
15826,TNP2,9.433578,4.3701396
15827,TNPO1,10.423454,-0.13734496
15828,TNPO2,10.41608,-0.09091205
15829,TNPO3,10.379944,-0.1400411
15830,TNRC18,7.9238143,2.1640835
15831,TNRC6A,7.5624146,2.508951
15832,TNRC6C,7.5162926,2.524937
15833,TNS1,8.662484,1.5932155
15834,TNS2,8.61231,1.6352125
15835,TNS3,8.658675,1.5520306
15836,TNS4,9.086004,1.7805784
15837,TOB1,7.897026,3.244255
15838,TOB2,8.077694,3.3354433
15839,TOE1,11.689873,2.021787
15840,TOGARAM1,9.369719,0.102589905
15841,TOGARAM2,8.7727,3.2545295
15842,TOLLIP,10.373311,2.0473979
15843,TOM1,9.745995,1.7094437
15844,TOM1L1,9.452221,1.8530685
15845,TOM1L2,9.513996,1.7353898
15846,TOMM20,11.777525,0.53769857
15847,TOMM20L,11.761094,0.5915847
15848,TOMM22,12.251596,3.2713177
15849,TOMM34,10.752575,1.9835063
15850,TOMM40,11.720064,2.4883876
15851,TOMM40L,11.91727,1.8217595
15852,TOMM5,10.224024,4.826126
15853,TOMM6,10.549234,4.64211
15854,TOMM7,13.607906,3.9099665
15855,TOMM70,11.28246,0.07662125
15856,TONSL,10.810518,0.9771531
15857,TOP1,9.968446,2.5284858
15858,TOP1MT,11.517813,1.7164944
15859,TOP2A,9.127523,1.937084
15860,TOP2B,9.546933,1.6288673
15861,TOP3A,11.456625,1.2021204
15862,TOP3B,11.498629,1.2023946
15863,TOPAZ1,8.539262,2.0921998
15864,TOPBP1,9.424676,1.9475006
15865,TOPORS,7.259436,1.8241874
15866,TOR1A,13.001515,0.47659042
15867,TOR1AIP1,9.625897,2.4803808
15868,TOR1AIP2,11.596292,0.8019542
15869,TOR1B,13.071843,0.48612568
15870,TOR2A,13.041884,0.49593073
15871,TOR3A,13.152084,0.43475685
15872,TOR4A,11.616496,0.69242084
15873,TOX,7.153846,3.44938
15874,TOX2,7.061508,3.7804036
15875,TOX3,7.462379,3.0137825
15876,TOX4,7.412389,2.7247117
15877,TP53,9.401131,2.5191107
15878,TP53AIP1,9.465387,4.6922884
15879,TP53BP1,8.246737,2.0077403
15880,TP53BP2,8.62754,1.1951168
15881,TP53I11,9.635352,-3.2706506
15882,TP53I13,10.203603,5.6875606
15883,TP53I3,13.071348,1.9338089
15884,TP53INP1,9.562834,3.4515147
15885,TP53INP2,9.464066,3.504492
15886,TP53RK,12.088248,2.5293374
15887,TP53TG3,9.411703,4.63187
15888,TP53TG3B,9.438059,4.572585
15889,TP53TG3C,9.464678,4.557476
15890,TP53TG3D,9.36058,4.5756373
15891,TP53TG3E,9.50294,4.60605
15892,TP53TG3F,9.444527,4.6324663
15893,TP53TG5,9.54791,4.2484922
15894,TP63,7.567001,3.1830733
15895,TP73,7.5862074,3.1843362
15896,TPBG,15.728944,4.47658
15897,TPBGL,15.725612,4.443096
15898,TPCN1,10.6945,-2.693125
15899,TPCN2,10.762083,-2.9004138
15900,TPD52,10.790267,3.7278318
15901,TPD52L1,10.886536,3.7896736
15902,TPD52L2,10.800555,3.6986277
15903,TPD52L3,10.727125,3.8144429
15904,TPGS1,10.123514,3.2589436
15905,TPGS2,11.669811,1.926291
15906,TPH1,12.301961,1.0701758
15907,TPH2,12.431243,1.0317429
15908,TPI1,13.529216,2.5107112
15909,TPK1,12.535289,1.929711
15910,TPM1,8.619753,-0.7242141
15911,TPM2,8.63329,-0.7570869
15912,TPM3,8.612931,-0.698944
15913,TPM4,8.598838,-0.697506
15914,TPMT,12.386364,2.054492
15915,TPO,13.174751,-0.23090369
15916,TPP1,13.3704195,0.008071303
15917,TPP2,12.096777,-0.8280511
15918,TPPP,10.480599,1.6728277
15919,TPPP2,10.509203,1.6658714
15920,TPPP3,10.45172,1.6215744
15921,TPR,7.452708,0.23785491
15922,TPRA1,9.491121,-2.8894439
15923,TPRG1,10.080916,1.3173128
15924,TPRG1L,10.529033,2.6868544
15925,TPRKB,11.851951,2.61971
15926,TPRN,9.03447,3.2637665
15927,TPRX1,8.118054,4.108299
15928,TPSAB1,14.043368,-3.4276638
15929,TPSB2,14.029422,-3.398674
15930,TPSD1,13.979864,-3.2740684
15931,TPSG1,13.925813,-3.1262984
15932,TPST1,14.273365,0.09982552
15933,TPST2,14.2824545,0.11374152
15934,TPT1,12.391661,3.5749652
15935,TPTE,11.336632,0.06934434
15936,TPTE2,11.328297,0.11519986
15937,TPX2,8.975899,2.6149778
15938,TRA2A,6.746816,1.703748
15939,TRA2B,6.7635403,1.7179335
15940,TRABD,12.257688,1.8849586
15941,TRABD2A,13.450015,-0.6290003
15942,TRABD2B,13.511764,-0.6578572
15943,TRAC,9.668377,6.9003763
15944,TRADD,9.861717,2.8112144
15945,TRAF1,4.2970266,1.7303823
15946,TRAF2,4.3139706,1.7185433
15947,TRAF3,4.2894554,1.7115709
15948,TRAF3IP1,9.166893,2.7690575
15949,TRAF3IP2,9.448415,2.2052417
15950,TRAF3IP3,7.542375,0.60122705
15951,TRAF4,4.3271947,1.7151856
15952,TRAF5,4.29305,1.7251108
15953,TRAF6,4.3662853,1.7220694
15954,TRAF7,12.376049,5.090515
15955,TRAFD1,10.091726,2.3696861
15956,TRAIP,9.038964,2.5931222
15957,TRAJ3,4.2375546,-12.661885
15958,TRAJ31,4.231242,-12.667976
15959,TRAJ42,4.237752,-12.661784
15960,TRAK1,8.581251,0.80737597
15961,TRAK2,8.473131,0.786806
15962,TRAM1,9.543407,-3.01613
15963,TRAM1L1,9.641703,-3.0563555
15964,TRAM2,9.566131,-3.1569438
15965,TRANK1,9.872982,-0.4111115
15966,TRAP1,13.455495,1.9800341
15967,TRAPPC1,11.940177,3.440993
15968,TRAPPC10,10.549294,0.16386844
15969,TRAPPC11,10.600208,0.00675722
15970,TRAPPC12,9.017627,1.8769225
15971,TRAPPC13,11.235623,1.7010772
15972,TRAPPC2B,11.945976,3.1474254
15973,TRAPPC2L,11.953998,3.2600684
15974,TRAPPC3,11.638013,2.7098389
15975,TRAPPC3L,11.591125,2.6696162
15976,TRAPPC4,11.801251,2.9946334
15977,TRAPPC5,11.563841,2.6554723
15978,TRAPPC6A,11.834458,2.871153
15979,TRAPPC6B,11.476339,2.6389854
15980,TRAPPC8,10.566889,-0.040093713
15981,TRAPPC9,10.346093,0.35505065
15982,TRARG1,10.078102,4.5178723
15983,TRAT1,9.487839,6.4482064
15984,TRAV1-1,11.892096,14.521049
15985,TRAV1-2,11.884057,14.528035
15986,TRAV10,11.863769,14.54902
15987,TRAV12-1,11.864597,14.550345
15988,TRAV12-2,11.8775215,14.532375
15989,TRAV12-3,11.860109,14.561059
15990,TRAV13-1,11.854443,14.561476
15991,TRAV13-2,11.851424,14.570958
15992,TRAV14DV4,11.864446,14.549016
15993,TRAV16,11.873846,14.522659
15994,TRAV17,11.851737,14.562921
15995,TRAV18,11.834853,14.525252
15996,TRAV19,11.889436,14.520673
15997,TRAV2,11.916244,14.500296
15998,TRAV20,11.866353,14.549253
15999,TRAV21,11.878104,14.537093
16000,TRAV22,11.869241,14.543697
16001,TRAV23DV6,11.842916,14.572352
16002,TRAV24,11.871645,14.542012
16003,TRAV25,11.859258,14.558137
16004,TRAV26-1,11.860295,14.553911
16005,TRAV26-2,11.871682,14.540559
16006,TRAV27,11.855081,14.563017
16007,TRAV29DV5,11.888344,14.523297
16008,TRAV3,11.924331,14.487547
16009,TRAV30,11.865366,14.552377
16010,TRAV34,11.886196,14.530062
16011,TRAV36DV7,11.831066,14.589365
16012,TRAV38-1,11.904025,14.508652
16013,TRAV38-2DV8,11.918916,14.493467
16014,TRAV39,11.8780365,14.533718
16015,TRAV4,11.836271,14.576983
16016,TRAV40,11.86478,14.5448885
16017,TRAV41,11.874053,14.541796
16018,TRAV5,11.84564,14.572064
16019,TRAV6,11.841717,14.57506
16020,TRAV7,11.887689,14.525775
16021,TRAV8-1,11.949279,14.457956
16022,TRAV8-2,11.8958845,14.517156
16023,TRAV8-3,11.895725,14.515246
16024,TRAV8-4,11.890315,14.523804
16025,TRAV8-6,11.892801,14.521916
16026,TRAV9-1,11.883966,14.523252
16027,TRAV9-2,11.880208,14.534208
16028,TRBC1,9.61445,6.8817263
16029,TRBC2,9.609155,6.8840814
16030,TRBD1,4.231779,-12.667855
16031,TRBJ1-1,4.2270637,-12.672398
16032,TRBJ1-2,4.2308555,-12.668683
16033,TRBJ1-3,4.23079,-12.6687155
16034,TRBJ1-4,4.2320724,-12.667392
16035,TRBJ1-5,4.238904,-12.660549
16036,TRBJ1-6,4.249681,-12.649908
16037,TRBJ2-1,4.2304916,-12.669282
16038,TRBJ2-2,4.230131,-12.669498
16039,TRBJ2-3,4.2263327,-12.673304
16040,TRBJ2-4,4.232874,-12.66673
16041,TRBJ2-5,4.2292614,-12.67044
16042,TRBJ2-6,4.2308183,-12.66888
16043,TRBJ2-7,4.234057,-12.665605
16044,TRBV10-1,12.114279,14.272709
16045,TRBV10-2,12.093759,14.296319
16046,TRBV10-3,12.085746,14.304002
16047,TRBV11-1,12.066385,14.308231
16048,TRBV11-3,12.080342,14.306618
16049,TRBV12-3,12.085748,14.304853
16050,TRBV12-4,12.107744,14.28002
16051,TRBV12-5,12.06603,14.321404
16052,TRBV13,12.060419,14.331032
16053,TRBV14,12.0784855,14.3119135
16054,TRBV16,11.971063,14.431307
16055,TRBV17,11.933126,14.463297
16056,TRBV18,12.083318,14.305742
16057,TRBV19,12.085048,14.3047
16058,TRBV2,12.075446,14.317718
16059,TRBV20-1,12.067967,14.332272
16060,TRBV23-1,12.077476,14.317974
16061,TRBV24-1,12.086987,14.302448
16062,TRBV25-1,12.092878,14.297879
16063,TRBV27,12.131034,14.2570305
16064,TRBV28,12.117467,14.270945
16065,TRBV29-1,12.039037,14.358096
16066,TRBV3-1,12.095923,14.295584
16067,TRBV30,12.074891,14.315915
16068,TRBV4-1,12.098691,14.324677
16069,TRBV4-2,12.118493,14.280367
16070,TRBV5-1,12.076066,14.315648
16071,TRBV5-3,11.944384,14.454059
16072,TRBV5-4,12.070337,14.320403
16073,TRBV5-5,12.076978,14.3128
16074,TRBV5-6,12.079574,14.311949
16075,TRBV5-7,11.949473,14.449876
16076,TRBV6-1,12.063113,14.327346
16077,TRBV6-2,12.087536,14.302832
16078,TRBV6-4,12.065594,14.323694
16079,TRBV6-5,12.07625,14.314288
16080,TRBV6-6,12.09438,14.298833
16081,TRBV6-7,12.098347,14.292323
16082,TRBV6-8,11.990272,14.398194
16083,TRBV7-1,11.988286,14.404976
16084,TRBV7-2,12.104196,14.282819
16085,TRBV7-3,12.059849,14.330079
16086,TRBV7-4,11.987863,14.406686
16087,TRBV7-6,12.094693,14.292582
16088,TRBV7-7,12.029298,14.363021
16089,TRBV7-9,12.123213,14.267842
16090,TRBV9,12.047898,14.341313
16091,TRDC,9.642388,6.84256
16092,TRDD1,4.23988,-12.659699
16093,TRDJ1,4.2354035,-12.664165
16094,TRDN,9.175907,3.7303483
16095,TRDV1,11.908556,14.498958
16096,TRDV2,11.831828,14.5389805
16097,TRDV3,11.8918,14.513114
16098,TREH,13.369462,0.03994267
16099,TREM1,9.473846,6.7683644
16100,TREM2,9.485523,6.881578
16101,TREML1,9.545953,6.7638345
16102,TREML2,9.448393,6.843238
16103,TREML4,9.492873,6.901685
16104,TRERF1,7.350076,2.7868917
16105,TREX1,11.750723,2.0035453
16106,TRGC1,9.645306,6.821594
16107,TRGC2,9.663199,6.8082795
16108,TRGJ1,4.2368217,-12.662737
16109,TRGV1,11.838557,14.522402
16110,TRGV10,11.83728,14.551582
16111,TRGV11,11.847163,14.532174
16112,TRGV2,11.819688,14.535429
16113,TRGV3,11.830293,14.530907
16114,TRGV4,11.826319,14.526118
16115,TRGV5,11.828986,14.510054
16116,TRGV8,11.825698,14.529495
16117,TRGV9,11.843853,14.522816
16118,TRH,15.460296,-1.9691625
16119,TRHDE,13.093553,0.21995316
16120,TRHR,0.5105037,-2.366641
16121,TRIAP1,12.407522,3.757866
16122,TRIB1,9.829654,3.0225642
16123,TRIB2,9.85594,3.00427
16124,TRIB3,10.6866865,2.8410044
16125,TRIL,15.724889,4.453101
16126,TRIM10,3.916988,1.7190518
16127,TRIM11,3.9167562,1.7230016
16128,TRIM13,4.112353,1.6997625
16129,TRIM14,4.001713,1.7002568
16130,TRIM15,3.8300104,1.7402759
16131,TRIM16,3.929005,1.7079679
16132,TRIM17,3.7662554,1.759336
16133,TRIM2,4.13217,1.688933
16134,TRIM21,3.751468,1.7603723
16135,TRIM22,3.7509947,1.7606332
16136,TRIM23,10.248533,1.9330412
16137,TRIM24,8.537521,2.179105
16138,TRIM25,3.9409602,1.7273828
16139,TRIM26,3.9037666,1.7189581
16140,TRIM27,3.870622,1.7325343
16141,TRIM28,9.521194,2.2537932
16142,TRIM29,4.0242906,1.701117
16143,TRIM3,4.099945,1.689796
16144,TRIM31,3.842316,1.736494
16145,TRIM32,4.13484,1.7068259
16146,TRIM33,9.190783,2.0730977
16147,TRIM34,3.71496,1.776765
16148,TRIM35,3.9491746,1.7110412
16149,TRIM36,4.0829754,1.6956732
16150,TRIM37,9.359914,1.3561095
16151,TRIM38,3.8701758,1.732286
16152,TRIM39,3.8752573,1.7277107
16153,TRIM4,3.8568282,1.7322924
16154,TRIM40,4.028145,1.7047298
16155,TRIM41,3.9687383,1.7194456
16156,TRIM42,4.130597,1.6963553
16157,TRIM43,3.774509,1.7542698
16158,TRIM43B,3.7697628,1.7569019
16159,TRIM45,4.086621,1.6959023
16160,TRIM46,4.0627112,1.6942493
16161,TRIM47,3.968053,1.6959411
16162,TRIM48,4.046099,1.6850276
16163,TRIM49,3.7759392,1.7546862
16164,TRIM49B,3.7752879,1.7547268
16165,TRIM49C,3.778093,1.7541739
16166,TRIM49D1,3.771403,1.7557573
16167,TRIM49D2,3.7789233,1.7527506
16168,TRIM5,3.7477648,1.7609824
16169,TRIM50,4.016047,1.695612
16170,TRIM51,3.7726707,1.7579759
16171,TRIM52,10.001028,3.1568506
16172,TRIM54,4.1338406,1.6954464
16173,TRIM55,4.155903,1.6918685
16174,TRIM56,4.1179814,1.7120125
16175,TRIM58,3.929302,1.719655
16176,TRIM59,4.1022553,1.7000946
16177,TRIM6,3.7510915,1.7596958
16178,TRIM60,3.7711258,1.7843914
16179,TRIM61,3.9811542,1.7103056
16180,TRIM62,3.9890096,1.7057844
16181,TRIM63,4.120993,1.6956189
16182,TRIM64,3.763972,1.7567493
16183,TRIM64B,3.7695324,1.7539809
16184,TRIM64C,3.7743723,1.7544621
16185,TRIM65,4.0049863,1.7043053
16186,TRIM66,9.218293,1.8993243
16187,TRIM67,4.0789404,1.6911317
16188,TRIM68,3.7782922,1.7546067
16189,TRIM69,3.79027,1.7529823
16190,TRIM7,3.9415936,1.714517
16191,TRIM71,4.079692,1.6916766
16192,TRIM72,4.0376077,1.7040493
16193,TRIM73,4.0502234,1.696611
16194,TRIM74,4.055556,1.696003
16195,TRIM77,3.8163922,1.7466234
16196,TRIM8,4.009454,1.7047122
16197,TRIM9,4.07387,1.6905348
16198,TRIML1,3.7370377,1.7854586
16199,TRIML2,3.770215,1.7594349
16200,TRIO,9.197073,-0.4184228
16201,TRIOBP,8.356909,1.849851
16202,TRIP10,9.22801,0.5345989
16203,TRIP11,7.447021,0.21616946
16204,TRIP12,9.542947,-0.29490918
16205,TRIP13,11.617889,1.9229338
16206,TRIP4,10.998379,2.195355
16207,TRIP6,9.485025,2.4819636
16208,TRIQK,11.831142,4.0100904
16209,TRIR,10.310372,3.4562516
16210,TRIT1,12.176182,1.8561091
16211,TRMO,11.525059,2.2887042
16212,TRMT1,11.95018,1.8044188
16213,TRMT10A,11.325334,2.7739127
16214,TRMT10B,11.494934,2.7334735
16215,TRMT10C,12.076144,2.6876929
16216,TRMT11,11.914758,2.180091
16217,TRMT112,12.069073,3.4771245
16218,TRMT12,11.969927,2.064015
16219,TRMT13,11.499784,1.9011487
16220,TRMT1L,11.021962,1.8896089
16221,TRMT2A,12.004812,1.7103235
16222,TRMT44,11.8429985,2.1121488
16223,TRMT5,11.937509,2.1203058
16224,TRMT6,11.452386,2.2147462
16225,TRMT61A,12.361472,2.2312338
16226,TRMT61B,12.455796,2.234876
16227,TRMT9B,11.677406,1.9444876
16228,TRMU,12.058576,1.7367513
16229,TRNAU1AP,7.008664,2.9373534
16230,TRNP1,9.66713,3.500999
16231,TRNT1,12.2471285,1.9727288
16232,TROAP,8.718699,2.818095
16233,TRPA1,10.818764,-2.88448
16234,TRPC1,10.717378,-2.8100657
16235,TRPC3,10.771624,-2.836632
16236,TRPC4,10.807423,-2.626533
16237,TRPC4AP,10.368743,0.44766006
16238,TRPC6,10.727063,-2.7519546
16239,TRPC7,10.840946,-2.7419946
16240,TRPM1,10.789566,-2.8243186
16241,TRPM2,10.815067,-2.8529093
16242,TRPM4,10.821766,-2.874583
16243,TRPM5,10.812316,-2.8878198
16244,TRPM6,10.731663,-2.7235787
16245,TRPM7,9.655747,-0.34166196
16246,TRPM8,10.798885,-2.8698978
16247,TRPS1,6.375178,2.8005588
16248,TRPT1,12.046471,2.1095023
16249,TRPV1,10.84184,-2.9018893
16250,TRPV2,10.842202,-2.9098673
16251,TRPV3,10.833979,-2.9220643
16252,TRPV4,10.860275,-2.8839986
16253,TRPV5,10.833043,-2.9133458
16254,TRPV6,10.8424635,-2.9129944
16255,TRUB1,12.053638,2.1963248
16256,TRUB2,12.480838,2.500055
16257,TSACC,9.534729,4.0721197
16258,TSBP1,8.971646,3.926452
16259,TSC1,9.060957,1.1555333
16260,TSC2,9.652749,-0.06975294
16261,TSC22D1,7.529366,2.789556
16262,TSC22D2,7.558244,2.7041821
16263,TSC22D4,9.277359,3.112195
16264,TSEN15,10.5385065,2.9572856
16265,TSEN2,11.444591,1.9995278
16266,TSEN34,10.93316,2.8637702
16267,TSEN54,11.680643,1.8370976
16268,TSFM,12.811135,2.7345
16269,TSG101,10.338584,2.2247767
16270,TSGA10,7.3943105,0.31397688
16271,TSGA10IP,8.671188,2.9261973
16272,TSGA13,9.043262,4.0158725
16273,TSHB,14.410007,-1.7399755
16274,TSHR,12.752719,-2.5744863
16275,TSHZ1,6.369592,2.8042362
16276,TSHZ2,6.342197,2.8171675
16277,TSHZ3,6.3542066,2.8271396
16278,TSKS,7.781633,0.9403709
16279,TSKU,15.616764,4.6448274
16280,TSLP,10.082223,4.3482885
16281,TSN,11.587543,2.5822456
16282,TSNARE1,9.605122,1.5321249
16283,TSNAX,11.514388,2.5685608
16284,TSNAXIP1,7.636154,0.9182803
16285,TSPAN1,8.236452,-2.7953682
16286,TSPAN10,8.731113,-2.7148583
16287,TSPAN11,8.300043,-2.7956102
16288,TSPAN12,8.308258,-2.826892
16289,TSPAN13,8.25026,-2.8279095
16290,TSPAN14,8.267347,-2.826149
16291,TSPAN15,8.289532,-2.8156302
16292,TSPAN16,8.277449,-2.8153567
16293,TSPAN17,8.272299,-2.8145418
16294,TSPAN18,8.263999,-2.792616
16295,TSPAN19,8.2945385,-2.8388088
16296,TSPAN2,8.234761,-2.80445
16297,TSPAN3,8.260725,-2.80767
16298,TSPAN31,8.278262,-2.8495593
16299,TSPAN32,8.367396,-2.799779
16300,TSPAN33,8.309093,-2.8460286
16301,TSPAN4,8.287132,-2.8230538
16302,TSPAN5,8.264525,-2.845801
16303,TSPAN8,8.222612,-2.781397
16304,TSPAN9,8.25421,-2.8110473
16305,TSPEAR,13.28915,-1.3414121
16306,TSPO,9.447661,-2.9779391
16307,TSPO2,9.47987,-3.3118095
16308,TSPOAP1,8.37686,0.9781611
16309,TSPYL1,9.986872,3.3079877
16310,TSPYL4,9.942033,3.3309717
16311,TSPYL5,10.004016,3.133704
16312,TSPYL6,9.96133,3.3568618
16313,TSR1,11.287319,3.2624924
16314,TSR3,11.272762,2.8096695
16315,TSSC4,10.132773,3.357918
16316,TSSK1B,12.707953,7.758325
16317,TSSK2,12.745021,7.853509
16318,TSSK3,12.7115555,7.8032236
16319,TSSK4,12.701591,7.848826
16320,TSSK6,12.728656,7.782553
16321,TST,13.029838,2.2698047
16322,TSTD1,12.563057,2.8723059
16323,TSTD2,11.094179,2.0288343
16324,TSTD3,12.367898,2.5673437
16325,TTBK1,8.659621,1.542637
16326,TTBK2,8.6104145,1.6278772
16327,TTC1,10.995905,3.1208045
16328,TTC12,10.814574,0.42283392
16329,TTC13,11.287682,0.38099235
16330,TTC14,7.3018904,1.8802872
16331,TTC16,9.667306,1.4454594
16332,TTC17,13.569039,-0.16027024
16333,TTC19,11.185979,0.12907144
16334,TTC21A,10.918889,-0.18347007
16335,TTC21B,11.002609,-0.11012301
16336,TTC22,11.038572,0.26741335
16337,TTC23,11.123938,0.07204144
16338,TTC23L,11.086713,0.15160236
16339,TTC24,10.7773075,0.57215106
16340,TTC26,11.099126,0.051093332
16341,TTC27,10.697122,0.17500634
16342,TTC28,9.532414,-0.16002087
16343,TTC29,11.116392,0.04104448
16344,TTC3,9.197305,0.42001715
16345,TTC30A,11.206438,0.04133429
16346,TTC30B,11.193626,0.0631477
16347,TTC31,10.678471,1.4428276
16348,TTC32,11.159047,2.484793
16349,TTC33,10.7177515,2.0985582
16350,TTC34,10.959486,0.32672352
16351,TTC36,10.031601,3.4307234
16352,TTC37,11.040639,-0.08297817
16353,TTC38,13.218067,1.5329621
16354,TTC39A,11.115498,0.14013073
16355,TTC39B,11.067839,0.15334713
16356,TTC39C,11.079878,0.117901154
16357,TTC4,10.806712,1.7315807
16358,TTC5,11.129565,0.59618396
16359,TTC6,11.094709,-0.018632974
16360,TTC7A,11.034211,0.07643507
16361,TTC8,11.133847,-0.011902288
16362,TTC9,10.699424,2.7573485
16363,TTC9B,10.223603,3.2268019
16364,TTC9C,10.942987,1.1987041
16365,TTF1,9.337936,2.5599601
16366,TTF2,9.428018,2.2562692
16367,TTI1,10.51672,0.09638539
16368,TTI2,10.702507,0.42420292
16369,TTK,8.93293,2.5462837
16370,TTLL1,10.147764,1.5128152
16371,TTLL10,9.818291,1.6834439
16372,TTLL11,10.020767,1.863508
16373,TTLL12,11.913421,1.1796087
16374,TTLL2,9.886071,1.7751032
16375,TTLL3,9.782484,1.6846128
16376,TTLL4,9.2807,1.8677957
16377,TTLL5,9.243827,1.2852354
16378,TTLL6,9.675683,1.6950331
16379,TTLL7,9.306526,1.1440032
16380,TTLL8,9.796629,1.9079076
16381,TTLL9,9.942258,1.7185197
16382,TTPA,11.422323,1.4417247
16383,TTPAL,10.546289,1.2515275
16384,TTR,15.166226,-1.8389337
16385,TTYH1,10.125485,-2.3316002
16386,TTYH2,10.094414,-2.2812538
16387,TTYH3,10.122258,-2.2724123
16388,TUB,10.200038,1.752455
16389,TUBA1A,15.336507,2.751654
16390,TUBA1B,15.338965,2.7532408
16391,TUBA1C,15.341258,2.7536035
16392,TUBA3C,15.330722,2.7519457
16393,TUBA3D,15.337164,2.7537448
16394,TUBA3E,15.332042,2.7498531
16395,TUBA4A,15.337209,2.749323
16396,TUBA4B,15.341496,2.7649744
16397,TUBA8,15.339227,2.7504969
16398,TUBAL3,15.298795,2.734984
16399,TUBB,15.338489,2.7526896
16400,TUBB1,15.302057,2.7361093
16401,TUBB2A,15.345115,2.752778
16402,TUBB2B,15.345872,2.7514396
16403,TUBB3,15.373369,2.72651
16404,TUBB4A,15.334409,2.7463467
16405,TUBB4B,15.351808,2.7504947
16406,TUBB6,15.344734,2.7478974
16407,TUBB8,15.338241,2.7472215
16408,TUBD1,12.107045,1.4048252
16409,TUBE1,12.172903,1.3662155
16410,TUBG1,12.186945,1.451505
16411,TUBG2,12.263126,1.3745544
16412,TUBGCP2,10.592222,0.5888678
16413,TUBGCP3,10.459752,0.68041724
16414,TUBGCP4,10.5687475,0.6399676
16415,TUBGCP5,10.512812,0.6435942
16416,TUBGCP6,9.761899,-0.31223637
16417,TUFM,13.740762,2.364096
16418,TUFT1,8.088151,0.61161447
16419,TULP1,10.139762,1.7733483
16420,TULP2,10.097758,1.7136244
16421,TULP3,10.087978,1.6713573
16422,TULP4,8.192699,1.7727609
16423,TUSC1,9.812311,3.4637973
16424,TUSC2,10.320072,3.6900523
16425,TUSC3,12.736076,-0.35452977
16426,TUT1,9.801659,1.9814447
16427,TUT4,8.696735,1.5826076
16428,TUT7,9.230944,1.8078902
16429,TVP23A,9.662699,-2.8046336
16430,TVP23B,9.731516,-2.7594311
16431,TVP23C,9.809714,-2.6449938
16432,TWF1,11.810171,2.697927
16433,TWF2,10.585094,1.3233973
16434,TWIST1,7.6909246,4.2888713
16435,TWIST2,7.777607,4.344211
16436,TWNK,11.985561,1.9654949
16437,TWSG1,14.129671,-1.6369092
16438,TXK,13.287405,7.3774896
16439,TXLNA,7.7402353,0.5899083
16440,TXLNB,7.7000704,0.7576165
16441,TXN,12.358332,3.3005292
16442,TXN2,12.93967,2.9571888
16443,TXNDC11,13.002089,-0.13814881
16444,TXNDC12,12.793114,-0.1696015
16445,TXNDC15,12.617892,-0.24748997
16446,TXNDC16,12.675604,0.029717712
16447,TXNDC17,12.292175,3.2665355
16448,TXNDC2,8.740053,3.9592507
16449,TXNDC5,12.811217,-0.06757845
16450,TXNDC8,12.2185135,2.2085125
16451,TXNDC9,11.20535,3.2092593
16452,TXNIP,11.496568,1.5166764
16453,TXNL1,11.5451355,2.6281538
16454,TXNL4A,12.069448,2.898751
16455,TXNL4B,11.934156,2.991799
16456,TXNRD1,13.097169,1.6395363
16457,TXNRD2,12.98889,1.7495899
16458,TXNRD3,13.053457,1.7816566
16459,TYK2,13.325215,7.177097
16460,TYMP,13.158335,1.7578586
16461,TYMS,11.989039,2.0639346
16462,TYR,13.251666,-0.20059869
16463,TYRO3,13.689669,6.7646427
16464,TYROBP,9.50928,6.5899577
16465,TYRP1,13.225359,-0.22952697
16466,TYSND1,11.931514,1.5120925
16467,TYW1,11.22397,1.7784904
16468,TYW1B,10.875435,1.7318548
16469,TYW3,11.1989,2.7546268
16470,TYW5,12.011201,1.950091
16471,U2AF1,6.8093615,1.7428854
16472,U2AF1L4,10.025958,2.7542272
16473,U2AF2,7.214521,2.5029979
16474,U2SURP,7.295202,1.8954902
16475,UACA,7.4411683,0.19297412
16476,UAP1,12.930845,1.552631
16477,UAP1L1,12.485003,1.4997054
16478,UBA2,11.652099,1.7808601
16479,UBA3,11.519704,1.4730886
16480,UBA5,11.860892,1.656085
16481,UBA52,17.771696,2.541372
16482,UBA6,11.568059,1.3282089
16483,UBA7,11.547816,0.69590336
16484,UBAC1,11.0710535,2.6396
16485,UBAC2,9.979412,-2.3352766
16486,UBALD1,7.8178616,3.0722628
16487,UBALD2,7.7399344,3.0907369
16488,UBAP1,8.175044,2.6318488
16489,UBAP1L,9.596698,3.2895837
16490,UBAP2,7.923577,2.440955
16491,UBAP2L,7.8557615,2.4384563
16492,UBASH3A,11.598143,0.88713294
16493,UBASH3B,11.576817,0.8469847
16494,UBB,14.535628,2.5135622
16495,UBC,14.539426,2.5084805
16496,UBD,11.612223,2.9535036
16497,UBE2B,11.322753,-0.76125634
16498,UBE2C,11.31419,-0.7861363
16499,UBE2D1,11.308032,-0.7466573
16500,UBE2D2,11.240317,-0.7063656
16501,UBE2D3,11.321519,-0.75319797
16502,UBE2D4,11.323522,-0.75969255
16503,UBE2E1,11.325741,-0.77965647
16504,UBE2E2,11.323602,-0.7882413
16505,UBE2E3,11.3266945,-0.7823113
16506,UBE2F,11.314392,-0.74188644
16507,UBE2G1,11.321612,-0.7453204
16508,UBE2G2,11.325232,-0.7608282
16509,UBE2H,11.320516,-0.7546814
16510,UBE2I,11.31393,-0.783932
16511,UBE2J1,11.288149,-0.6703883
16512,UBE2J2,11.279565,-0.70120245
16513,UBE2K,11.325007,-0.7684641
16514,UBE2L3,11.3219795,-0.78829104
16515,UBE2L5,11.322062,-0.77795583
16516,UBE2L6,11.324912,-0.7729928
16517,UBE2M,11.318116,-0.7665369
16518,UBE2N,11.3191805,-0.7801912
16519,UBE2O,9.690633,1.8587705
16520,UBE2Q1,10.533087,2.320459
16521,UBE2Q2,10.713516,2.1216846
16522,UBE2QL1,11.349581,-0.698179
16523,UBE2R2,11.320556,-0.76743984
16524,UBE2S,11.32466,-0.7785866
16525,UBE2T,11.321158,-0.7914344
16526,UBE2U,11.30607,-0.7354142
16527,UBE2V1,11.331046,-0.7947143
16528,UBE2V2,11.327909,-0.7967189
16529,UBE2W,11.328675,-0.7564984
16530,UBE2Z,10.384426,2.5726795
16531,UBE3A,10.403974,0.991753
16532,UBE3B,10.326867,0.49149707
16533,UBE3C,10.247866,0.37905085
16534,UBE3D,11.187635,1.3879193
16535,UBE4A,10.366329,0.27512258
16536,UBE4B,10.277274,0.41326734
16537,UBFD1,10.589958,2.6100533
16538,UBIAD1,9.894452,-3.4182155
16539,UBL3,11.641911,2.9623773
16540,UBL4B,10.436423,3.0547106
16541,UBL5,12.088715,3.627628
16542,UBL7,10.723347,2.6876535
16543,UBLCP1,11.737245,2.440474
16544,UBN1,8.105078,2.2439818
16545,UBOX5,10.433722,2.3793955
16546,UBP1,7.795726,3.2559822
16547,UBQLN1,10.386764,2.7658796
16548,UBQLN3,10.325777,2.9681666
16549,UBQLN4,10.321728,2.8147252
16550,UBQLNL,10.410484,3.2781322
16551,UBR1,9.652117,-0.22993994
16552,UBR2,9.602663,-0.21841358
16553,UBR3,9.591632,-0.28518602
16554,UBR5,9.522694,-0.3122275
16555,UBR7,10.260771,2.3518698
16556,UBTD1,10.498983,2.6860788
16557,UBTD2,10.973886,2.5245628
16558,UBTF,10.45322,3.530708
16559,UBTFL1,9.631892,3.475042
16560,UBXN1,10.837442,3.317098
16561,UBXN10,9.356707,3.7731662
16562,UBXN11,9.363767,3.094023
16563,UBXN2A,10.558982,2.238123
16564,UBXN2B,10.575008,2.3326886
16565,UBXN4,10.579074,3.2025404
16566,UBXN6,10.680693,2.6266413
16567,UBXN7,10.230626,2.4495988
16568,UBXN8,10.032671,3.6279266
16569,UCHL1,11.601677,1.7200413
16570,UCHL3,11.844646,1.8397657
16571,UCHL5,11.289685,2.0894406
16572,UCK1,12.337641,2.203764
16573,UCK2,12.216476,2.092337
16574,UCKL1,12.651496,2.0426323
16575,UCMA,15.360072,-1.9287945
16576,UCN,15.4842205,-1.9351138
16577,UCN2,15.316587,-1.8980905
16578,UCN3,15.440096,-1.9840435
16579,UCP1,11.375787,-6.121085
16580,UCP2,11.341897,-6.084827
16581,UCP3,11.318514,-6.059696
16582,UEVLD,12.722738,1.405156
16583,UFC1,11.325057,-0.7689958
16584,UFD1,11.728569,2.7222285
16585,UFL1,10.912649,1.5995954
16586,UFM1,11.47009,3.0800934
16587,UFSP1,11.882055,2.4316204
16588,UFSP2,11.310784,1.5532573
16589,UGCG,11.008913,-2.6307135
16590,UGDH,13.5395975,1.7988201
16591,UGGT1,10.170888,0.14513008
16592,UGGT2,9.641727,-0.1428079
16593,UGP2,13.477587,1.8492777
16594,UGT1A1,20.30934,-3.234207
16595,UGT1A10,20.308681,-3.233624
16596,UGT1A3,20.307507,-3.2323477
16597,UGT1A4,20.308626,-3.2334442
16598,UGT1A5,20.307089,-3.2319756
16599,UGT1A6,20.309778,-3.2345297
16600,UGT1A7,20.308868,-3.2334638
16601,UGT1A8,20.309713,-3.2343445
16602,UGT1A9,20.310255,-3.234563
16603,UGT2A1,20.311764,-3.235932
16604,UGT2A2,20.310656,-3.235157
16605,UGT2A3,20.310719,-3.2356617
16606,UGT2B10,20.312668,-3.2365148
16607,UGT2B11,20.31229,-3.2362766
16608,UGT2B15,20.312716,-3.2364855
16609,UGT2B17,20.312603,-3.2365115
16610,UGT2B28,20.312418,-3.2362921
16611,UGT2B4,20.313238,-3.2367878
16612,UGT2B7,20.313025,-3.23665
16613,UGT3A1,20.303576,-3.2299893
16614,UGT3A2,20.305756,-3.231247
16615,UGT8,20.31203,-3.2360666
16616,UHMK1,11.860238,1.4806225
16617,UHRF1,9.615088,2.095711
16618,UHRF1BP1,9.7483835,0.032088872
16619,UHRF1BP1L,9.699188,0.101559505
16620,UHRF2,9.617621,2.0798182
16621,UIMC1,9.33272,2.3113925
16622,ULBP1,8.337511,9.630125
16623,ULBP2,8.341114,9.629063
16624,ULBP3,8.337058,9.633034
16625,ULK1,12.7559185,7.415823
16626,ULK2,12.68647,7.3032985
16627,ULK3,12.883452,7.588206
16628,ULK4,10.378015,0.21976484
16629,UMAD1,9.765087,3.836813
16630,UMOD,13.327764,-1.9336559
16631,UMODL1,12.763707,-1.2196853
16632,UMPS,12.683641,1.8563274
16633,UNC119,10.646105,2.5799994
16634,UNC119B,10.576733,2.647066
16635,UNC13A,9.277393,0.06336314
16636,UNC13C,9.428102,-0.038230695
16637,UNC13D,9.970764,0.71341103
16638,UNC45A,10.657763,0.2640485
16639,UNC45B,10.543191,0.07827938
16640,UNC50,9.427385,-2.855197
16641,UNC5A,12.238495,-1.3425506
16642,UNC5B,12.188518,-1.3286262
16643,UNC5C,12.167109,-1.3794324
16644,UNC5CL,12.0388,0.26978663
16645,UNC5D,12.172869,-1.3559664
16646,UNC79,9.59821,-0.3887235
16647,UNC93A,9.947632,-4.032534
16648,UNC93B1,10.005501,-3.8166099
16649,UNCX,6.782608,4.5913367
16650,UNG,12.010412,2.0032616
16651,UNK,9.809236,2.4496481
16652,UNKL,9.8707905,2.2656624
16653,UPB1,13.350151,1.7318757
16654,UPF1,11.170655,1.5667567
16655,UPF2,10.210019,2.6111286
16656,UPF3A,7.209428,1.8455412
16657,UPK1A,8.394948,-2.9141173
16658,UPK1B,8.300426,-2.8456814
16659,UPK2,9.967788,6.323155
16660,UPK3A,9.920423,6.3688455
16661,UPK3B,9.97976,5.8488965
16662,UPK3BL1,9.909558,6.313621
16663,UPK3BL2,9.958991,6.2688317
16664,UPP1,12.918769,1.906281
16665,UPP2,12.86259,1.9870812
16666,UQCC1,12.777532,2.6042204
16667,UQCC2,13.059417,3.7590392
16668,UQCC3,13.521982,3.9093328
16669,UQCR10,13.605188,3.91958
16670,UQCR11,13.603775,3.9081092
16671,UQCRB,13.443913,3.7955728
16672,UQCRC1,13.540603,2.7378275
16673,UQCRC2,13.611482,2.5380006
16674,UQCRFS1,13.434305,3.1502893
16675,UQCRH,12.1776085,3.5106068
16676,UQCRHL,12.220274,3.5564566
16677,UQCRQ,13.603537,3.930025
16678,URAD,10.823421,3.0689673
16679,URB1,9.921138,-0.39444223
16680,URB2,10.414272,-0.0031164426
16681,URGCP,11.289234,0.5826064
16682,URI1,9.912632,3.0475798
16683,URM1,11.950773,3.02591
16684,UROC1,13.424631,1.6777256
16685,UROD,12.991454,1.8377322
16686,UROS,12.592085,1.998583
16687,USB1,12.205703,1.8238882
16688,USE1,11.246302,4.1692452
16689,USF1,7.0815873,3.084425
16690,USF2,7.257781,3.1052418
16691,USH1C,9.657933,1.2158008
16692,USH1G,9.255751,1.9321936
16693,USHBP1,8.74182,2.882865
16694,USO1,8.526673,0.42299554
16695,USP1,9.346133,2.182293
16696,USP10,8.982689,1.94265
16697,USP12,10.47416,1.6350043
16698,USP13,10.794211,1.3697855
16699,USP14,11.29609,1.5658817
16700,USP16,9.97271,2.1133373
16701,USP17L1,11.333146,5.0484653
16702,USP17L10,11.329801,5.0673733
16703,USP17L11,11.324287,5.065978
16704,USP17L12,11.336052,5.064673
16705,USP17L13,11.298965,5.0305653
16706,USP17L15,11.337276,5.0647216
16707,USP17L17,11.33646,5.065276
16708,USP17L18,11.338551,5.0723524
16709,USP17L19,11.336274,5.0989485
16710,USP17L2,11.32548,5.0658755
16711,USP17L20,11.320814,5.061987
16712,USP17L21,11.320014,5.0564575
16713,USP17L22,11.301561,5.025335
16714,USP17L23,11.2401085,4.971079
16715,USP17L24,11.330735,5.0514894
16716,USP17L25,11.325928,5.0643435
16717,USP17L26,11.332966,5.0760555
16718,USP17L27,11.339577,5.029565
16719,USP17L28,11.336122,5.0762577
16720,USP17L29,11.326109,5.0707283
16721,USP17L3,11.330151,5.0603013
16722,USP17L30,11.333718,5.079107
16723,USP17L4,11.339464,5.016389
16724,USP17L5,11.329515,5.0399804
16725,USP17L7,11.326624,5.0596013
16726,USP17L8,11.335885,5.064969
16727,USP18,11.286197,4.840069
16728,USP19,9.997631,1.6050007
16729,USP2,9.534782,1.4376853
16730,USP20,10.068724,1.4692749
16731,USP21,9.5825405,1.5246311
16732,USP22,10.067336,2.2517693
16733,USP24,9.592819,-0.3177213
16734,USP25,9.749805,0.7562827
16735,USP28,10.030474,1.3242403
16736,USP29,8.881182,2.4929972
16737,USP3,10.211628,1.9662557
16738,USP30,10.895885,1.6412519
16739,USP31,9.080264,1.7555134
16740,USP32,9.577208,0.50856423
16741,USP33,10.039035,1.3640604
16742,USP34,9.530184,-0.33989885
16743,USP35,10.146411,1.3682312
16744,USP36,8.453329,2.2258925
16745,USP37,9.322494,2.0948668
16746,USP38,10.151922,1.6135718
16747,USP39,10.960403,1.5899711
16748,USP4,9.923447,1.4089067
16749,USP40,10.264839,1.225744
16750,USP42,7.4886494,1.9214356
16751,USP43,9.285478,1.3492532
16752,USP44,10.132101,1.8567865
16753,USP45,10.1055765,1.6538045
16754,USP46,10.392063,1.8213156
16755,USP47,9.84244,1.2923443
16756,USP48,10.120696,1.3796542
16757,USP49,10.010122,1.880471
16758,USP5,11.25576,1.3963618
16759,USP50,11.246451,4.8173046
16760,USP53,9.144869,1.8814492
16761,USP54,8.468747,1.7925978
16762,USP6,9.919189,1.2438363
16763,USP6NL,8.830322,1.6609073
16764,USP7,10.159492,1.094178
16765,USPL1,9.382212,1.9266453
16766,UST,14.265326,0.11568648
16767,UTF1,7.9662347,4.174557
16768,UTP11,11.241539,3.4147146
16769,UTP14C,10.082219,3.245717
16770,UTP15,12.384139,5.085185
16771,UTP18,12.351728,4.926482
16772,UTP20,9.943614,-0.37161088
16773,UTP23,11.285963,3.0374956
16774,UTP25,11.4390955,2.8504548
16775,UTP3,11.160056,3.257016
16776,UTP4,12.2734995,4.948252
16777,UTP6,11.053047,0.1549595
16778,UTS2,15.379615,-1.9415445
16779,UTS2B,15.38802,-1.9386163
16780,UTS2R,0.46343526,-2.499352
16781,UVRAG,9.0279455,1.3069972
16782,UVSSA,10.506993,1.8752575
16783,UXS1,12.943014,1.525423
16784,VAC14,10.349199,0.36321044
16785,VAMP1,11.223691,4.2698026
16786,VAMP2,11.225541,4.278961
16787,VAMP3,11.287433,4.244847
16788,VAMP4,11.267029,4.2175684
16789,VAMP5,11.271381,4.278122
16790,VAMP8,11.267798,4.2868423
16791,VANGL1,9.981083,-2.2080421
16792,VANGL2,10.01767,-1.9444323
16793,VAPA,11.113906,1.8206347
16794,VAPB,11.256408,2.0040498
16795,VARS2,11.7066345,0.94981235
16796,VASH1,10.185133,1.9873039
16797,VASH2,10.279372,2.0576096
16798,VASN,15.681628,4.4471054
16799,VASP,8.236379,1.4621955
16800,VAT1,13.139903,1.2709439
16801,VAT1L,12.811076,1.6486015
16802,VAV1,9.758131,0.884534
16803,VAV2,9.626791,0.856862
16804,VAV3,9.611101,0.7864095
16805,VAX1,6.88276,4.678174
16806,VAX2,6.837506,4.718414
16807,VCAM1,9.832864,6.8122187
16808,VCL,10.026599,-0.33469868
16809,VCP,11.653767,1.6527908
16810,VCPIP1,10.401668,1.5568383
16811,VCPKMT,12.376281,2.1328077
16812,VDAC1,13.096539,2.3267813
16813,VDAC2,13.163624,2.3511322
16814,VDAC3,13.121892,2.3278065
16815,VDR,5.700078,3.8750167
16816,VEGFA,14.365078,-1.5452769
16817,VEGFB,14.403488,-1.4740868
16818,VEGFC,13.908067,-1.6291397
16819,VENTX,7.0166574,4.631886
16820,VEPH1,10.147856,1.0286933
16821,VEZF1,6.403893,3.0173156
16822,VEZT,9.54169,1.065944
16823,VGF,15.419379,-1.9532692
16824,VGLL2,7.1379523,3.9867582
16825,VGLL3,7.066546,4.032637
16826,VGLL4,7.689332,3.234228
16827,VHL,10.398379,2.6879833
16828,VHLL,11.0216875,3.0279863
16829,VIL1,10.349186,0.87203336
16830,VILL,10.366634,0.8881196
16831,VIM,20.620705,2.5291066
16832,VIP,15.498329,-2.0214996
16833,VIPAS39,10.647597,1.1860554
16834,VIPR1,11.110349,-3.1879947
16835,VIPR2,11.104229,-3.229477
16836,VIRMA,9.843133,-0.02576593
16837,VIT,13.394834,-1.354759
16838,VKORC1,9.5281315,-3.1607945
16839,VKORC1L1,9.634254,-3.1312919
16840,VLDLR,13.363875,-2.0201137
16841,VMAC,10.135707,3.294434
16842,VMO1,14.037598,-1.3622814
16843,VMP1,10.002439,-3.2630644
16844,VN1R1,-0.56736803,-2.8371198
16845,VN1R2,-0.59109443,-2.8623366
16846,VN1R4,-0.6064945,-2.870404
16847,VN1R5,-0.60280025,-2.8694932
16848,VNN1,13.486186,-0.07493499
16849,VNN2,13.624541,-0.07603299
16850,VOPP1,9.765097,5.2852755
16851,VPREB1,9.766252,13.865928
16852,VPREB3,9.701839,13.922552
16853,VPS11,10.851165,0.14880961
16854,VPS16,10.798957,0.163149
16855,VPS18,10.804261,0.21102439
16856,VPS25,11.757104,2.8339264
16857,VPS26A,11.435827,2.1739457
16858,VPS26B,11.328964,2.2729728
16859,VPS26C,11.453856,1.7243403
16860,VPS28,11.284195,1.7742116
16861,VPS29,12.012084,2.9991333
16862,VPS33A,11.209588,1.1760926
16863,VPS33B,11.132936,1.1614422
16864,VPS35,10.7474785,0.30845332
16865,VPS35L,10.443382,0.2824611
16866,VPS36,11.349191,2.3688047
16867,VPS37A,10.209714,2.268567
16868,VPS37B,8.09912,1.8399374
16869,VPS37C,7.8375306,2.4049945
16870,VPS37D,10.029214,3.4440424
16871,VPS39,10.7236595,0.1490478
16872,VPS41,10.778893,0.14335385
16873,VPS45,11.180879,1.091925
16874,VPS4A,11.506358,1.7270311
16875,VPS4B,11.254243,1.7165763
16876,VPS50,10.361002,0.41284913
16877,VPS51,10.575348,0.5916122
16878,VPS52,10.595432,0.5778034
16879,VPS54,10.310721,0.34232345
16880,VPS72,10.618658,2.935636
16881,VPS8,10.662703,-0.04937388
16882,VPS9D1,10.3438225,1.0381885
16883,VRK1,12.720883,7.7976623
16884,VRK2,12.686171,7.775472
16885,VRK3,10.614481,1.8573623
16886,VRTN,9.177498,3.0294702
16887,VSIG10,9.895345,6.705319
16888,VSIG10L,9.924984,6.7992487
16889,VSIG10L2,9.955877,6.8387876
16890,VSIG2,9.914183,6.3949075
16891,VSIG8,9.990464,6.2031045
16892,VSIR,9.722422,6.5919356
16893,VSNL1,5.358175,-0.35095137
16894,VSTM1,9.355272,7.403076
16895,VSTM2A,13.397533,-0.9912221
16896,VSTM2B,13.299995,-1.1161641
16897,VSTM2L,10.034866,5.9906397
16898,VSTM4,9.957738,6.1326694
16899,VSTM5,9.957525,6.2792377
16900,VSX1,6.838043,4.7084193
16901,VSX2,6.8122516,4.698645
16902,VTA1,10.381014,2.1924376
16903,VTCN1,9.757158,6.7036486
16904,VTI1A,11.292078,4.2247972
16905,VTI1B,11.274768,4.1826797
16906,VTN,13.649914,-1.1021867
16907,VWA1,13.458366,-0.7585194
16908,VWA2,12.770826,-1.0379866
16909,VWA3A,8.753652,1.0359749
16910,VWA3B,8.814255,0.9525846
16911,VWA5A,11.982823,-0.366694
16912,VWA5B1,11.910554,-0.42739195
16913,VWA5B2,11.958999,-0.44092935
16914,VWA7,12.313054,-0.44375247
16915,VWA8,9.59055,-0.18767604
16916,VWC2,13.856492,-1.6180704
16917,VWC2L,13.743705,-1.7985643
16918,VWCE,13.301098,-2.0478785
16919,VWDE,13.210115,-2.0485618
16920,VWF,12.619752,-2.2003403
16921,VXN,9.469932,4.0560474
16922,WAC,7.99441,2.4607797
16923,WAPL,8.955326,2.081678
16924,WARS2,12.68322,2.1271036
16925,WASF1,8.283531,1.4408834
16926,WASF2,8.263981,1.4602664
16927,WASF3,8.275871,1.4584656
16928,WASHC1,8.235316,1.4483088
16929,WASHC2A,8.673395,2.3801453
16930,WASHC2C,8.890484,2.3563378
16931,WASHC3,11.034409,3.030186
16932,WASHC4,10.2852,0.37469655
16933,WASHC5,10.387644,0.29142517
16934,WASL,8.200297,1.4338056
16935,WBP1,9.87448,5.3854175
16936,WBP11,7.5030527,2.1908834
16937,WBP1L,9.793119,5.520065
16938,WBP2,9.641633,4.941654
16939,WBP2NL,7.6551538,2.6412077
16940,WBP4,10.728391,3.204589
16941,WDCP,11.71995,1.3983991
16942,WDFY1,12.41279,5.1077003
16943,WDFY2,12.426192,5.1329765
16944,WDFY4,9.870974,-0.5954776
16945,WDHD1,9.36928,1.9223874
16946,WDPCP,10.601125,0.25077632
16947,WDR1,12.396627,5.1249995
16948,WDR11,10.74397,-0.10395328
16949,WDR12,12.466392,5.1022935
16950,WDR17,10.828535,-0.05606639
16951,WDR18,12.469441,5.102956
16952,WDR19,10.899921,-0.16801247
16953,WDR20,12.253818,4.92633
16954,WDR24,12.356635,5.0276747
16955,WDR25,12.435468,5.1218843
16956,WDR26,10.014086,2.1591883
16957,WDR27,12.42297,5.126253
16958,WDR3,12.417641,4.992977
16959,WDR31,12.513656,5.2264266
16960,WDR33,7.458567,2.291147
16961,WDR35,10.891763,-0.084595904
16962,WDR36,12.336024,4.9895663
16963,WDR37,12.408201,5.127057
16964,WDR38,12.528006,5.2538953
16965,WDR4,12.434811,5.076937
16966,WDR41,12.397112,5.0789685
16967,WDR43,12.153441,4.682771
16968,WDR45B,12.270434,4.9259434
16969,WDR46,12.251572,4.7347965
16970,WDR47,12.061457,4.6600957
16971,WDR48,12.318164,4.963025
16972,WDR49,12.339064,4.8517303
16973,WDR5,12.537383,5.27841
16974,WDR53,12.42643,5.0970755
16975,WDR54,12.467244,4.872384
16976,WDR55,12.442855,5.069631
16977,WDR59,12.340971,5.014409
16978,WDR5B,12.486137,5.207961
16979,WDR6,12.483944,4.7367673
16980,WDR61,12.435018,5.135586
16981,WDR62,8.815377,1.6769264
16982,WDR64,12.259645,4.790678
16983,WDR7,12.094724,4.6582203
16984,WDR70,12.316287,4.9209056
16985,WDR72,10.653376,0.11595334
16986,WDR73,12.439202,5.07238
16987,WDR74,12.464296,5.0190644
16988,WDR75,12.250428,4.9063826
16989,WDR76,9.347536,2.1932046
16990,WDR77,12.46699,5.1239357
16991,WDR81,9.842793,-0.3806929
16992,WDR82,12.355002,5.1399217
16993,WDR83,12.510787,5.20163
16994,WDR83OS,9.168534,-2.657004
16995,WDR86,12.5681,5.284822
16996,WDR87,8.635705,3.4043815
16997,WDR88,12.603418,5.357961
16998,WDR89,12.424486,5.0681787
16999,WDR90,12.2338085,4.868353
17000,WDR91,12.057714,4.6947327
17001,WDR93,10.6531315,0.7771636
17002,WDR97,10.813824,0.36991587
17003,WDSUB1,12.432229,5.143971
17004,WDTC1,12.295295,4.9345255
17005,WEE1,9.710118,2.5234804
17006,WEE2,9.7624445,2.5831747
17007,WFDC1,14.0148115,-1.7892524
17008,WFDC10A,14.740779,-2.4610765
17009,WFDC10B,14.764756,-2.4960165
17010,WFDC11,14.79271,-2.539306
17011,WFDC12,14.543158,-2.2029877
17012,WFDC13,14.505929,-2.1857767
17013,WFDC2,14.637446,-2.2986968
17014,WFDC3,14.501753,-2.238395
17015,WFDC5,14.4328,-1.9895779
17016,WFDC6,14.700844,-2.4369297
17017,WFDC8,14.324917,-2.1339025
17018,WFDC9,14.733761,-2.4595115
17019,WFIKKN1,13.667661,-1.7466524
17020,WFIKKN2,13.770021,-1.9468621
17021,WFS1,11.722174,0.33308217
17022,WHAMM,9.138152,1.827472
17023,WHRN,9.240079,1.3619648
17024,WIF1,13.649437,-1.9433304
17025,WIPF1,8.254098,1.4463292
17026,WIPF2,8.261665,1.4484303
17027,WIPF3,8.255738,1.4369569
17028,WIPI1,10.348118,1.9441295
17029,WIPI2,10.567926,1.9359827
17030,WIZ,6.199683,2.8989646
17031,WLS,10.690658,-3.1384716
17032,WNK1,7.9089866,2.0699027
17033,WNK2,8.320836,1.5722103
17034,WNK4,8.54563,1.4301726
17035,WNT1,15.965852,-5.690979
17036,WNT10A,15.989103,-5.7157626
17037,WNT10B,15.989355,-5.713211
17038,WNT11,15.993601,-5.719671
17039,WNT16,15.994755,-5.7210674
17040,WNT2,15.994417,-5.7198353
17041,WNT2B,15.995137,-5.721518
17042,WNT3,15.995206,-5.720976
17043,WNT3A,15.99478,-5.7208567
17044,WNT4,15.996367,-5.7230396
17045,WNT5A,15.995638,-5.7219276
17046,WNT5B,15.9950075,-5.721458
17047,WNT6,15.9624195,-5.6871915
17048,WNT7A,15.995704,-5.7222824
17049,WNT7B,15.994844,-5.720835
17050,WNT8A,15.981668,-5.6968884
17051,WNT8B,15.991946,-5.7176247
17052,WNT9A,15.992752,-5.7180905
17053,WNT9B,15.990479,-5.714757
17054,WRAP53,12.395632,5.042297
17055,WRAP73,12.433398,5.0985317
17056,WRN,9.86906,1.6413518
17057,WRNIP1,9.919904,2.776792
17058,WSB1,12.409028,5.119891
17059,WSB2,12.487926,5.2136984
17060,WSCD1,13.814105,-0.52079725
17061,WSCD2,14.000303,-0.1606853
17062,WT1,6.390821,3.7757645
17063,WTAP,10.180464,2.852917
17064,WWC1,8.708157,0.94614124
17065,WWC2,8.837397,0.94131196
17066,WWOX,13.386301,1.2052939
17067,WWP1,9.90285,0.8348534
17068,WWP2,10.061354,0.8737321
17069,WWTR1,7.68491,3.0968246
17070,XAB2,11.045314,0.17050464
17071,XAF1,10.124138,2.478812
17072,XBP1,8.051998,3.6652353
17073,XCL1,16.344358,-4.096301
17074,XCL2,16.344454,-4.096777
17075,XCR1,0.13125959,-2.3612099
17076,XDH,13.494968,1.5586554
17077,XIRP1,8.492007,2.6784348
17078,XKR3,9.813882,-3.1173449
17079,XKR5,8.870793,2.376646
17080,XKR6,10.667481,-2.5761518
17081,XKR7,10.265009,-2.286194
17082,XKR8,9.856677,-2.9529045
17083,XKR9,9.83387,-3.3021245
17084,XPA,10.797359,3.3001072
17085,XPC,10.287288,2.3191185
17086,XPNPEP1,13.103937,1.982115
17087,XPNPEP3,12.379139,1.648894
17088,XPO1,10.4555435,-0.07127472
17089,XPO4,10.385722,-0.11575515
17090,XPO5,10.384017,-0.09295586
17091,XPO6,10.372047,-0.13242894
17092,XPO7,10.320599,-0.069993824
17093,XPOT,10.389672,-0.139604
17094,XPR1,10.255847,-2.9462693
17095,XRCC1,9.682766,2.4259174
17096,XRCC2,11.953594,2.1504836
17097,XRCC3,12.007177,2.0241797
17098,XRCC4,10.238134,2.4538023
17099,XRCC5,11.481263,1.555896
17100,XRCC6,11.520145,1.5443743
17101,XRN1,9.448614,0.30077544
17102,XRN2,10.587761,2.0188189
17103,XRRA1,8.487289,1.0756382
17104,XXYLT1,13.996579,0.12008989
17105,XYLB,13.220774,1.5709943
17106,XYLT1,14.16664,0.13739322
17107,XYLT2,14.087907,0.15005815
17108,YAE1,11.747969,2.1325366
17109,YAF2,9.145109,2.8683672
17110,YAP1,7.652899,2.9457598
17111,YARS2,12.470888,1.8335143
17112,YBEY,12.613072,2.6898146
17113,YBX1,7.1852026,2.308367
17114,YBX2,7.3332586,2.3101425
17115,YBX3,7.221923,2.3283381
17116,YDJC,12.369693,2.339551
17117,YEATS2,7.6735983,2.6359544
17118,YEATS4,11.058784,2.7407215
17119,YES1,13.319126,7.36943
17120,YIF1A,9.480367,-2.648726
17121,YIF1B,9.51575,-2.589906
17122,YIPF1,9.492075,-2.6692908
17123,YIPF2,9.476564,-2.6302886
17124,YIPF3,9.492191,-2.6526241
17125,YIPF4,9.50171,-2.641337
17126,YIPF5,9.520779,-2.5719936
17127,YIPF7,9.520136,-2.6202216
17128,YJEFN3,12.590867,1.7232469
17129,YJU2,10.771142,3.174061
17130,YKT6,11.502818,3.621586
17131,YLPM1,7.525057,2.2235768
17132,YME1L1,11.646107,1.3825727
17133,YOD1,11.402722,2.078965
17134,YPEL1,11.6543665,3.4609172
17135,YPEL2,11.673075,3.4516094
17136,YPEL3,11.6847515,3.4439518
17137,YPEL4,11.669944,3.4895942
17138,YPEL5,11.654172,3.4571629
17139,YRDC,10.464428,3.2162166
17140,YTHDC1,7.254703,1.9194845
17141,YTHDC2,10.381902,0.84435743
17142,YTHDF1,7.712957,2.8248892
17143,YTHDF2,7.7050023,2.7728734
17144,YTHDF3,7.759657,2.8172283
17145,YWHAB,12.317004,3.706768
17146,YWHAE,12.374984,3.7444193
17147,YWHAG,12.320991,3.7299824
17148,YWHAH,12.3840475,3.7839248
17149,YWHAQ,12.387687,3.7793815
17150,YWHAZ,12.34332,3.7348516
17151,YY1,6.2190027,3.0977814
17152,YY1AP1,8.364891,2.5181372
17153,ZACN,17.888998,-4.8123317
17154,ZADH2,12.7127905,1.8437496
17155,ZAN,12.589393,-2.1575084
17156,ZAP70,13.268434,7.400115
17157,ZAR1,9.357994,3.1196744
17158,ZAR1L,9.417703,3.5754335
17159,ZBBX,8.4527,1.3377271
17160,ZBED2,10.030262,3.679993
17161,ZBED3,9.96379,3.3887389
17162,ZBED4,9.111694,3.0569966
17163,ZBED5,9.2281475,3.1096652
17164,ZBED6,9.171544,3.065791
17165,ZBED8,9.230859,3.1314852
17166,ZBED9,9.216095,3.0839427
17167,ZBP1,9.422176,3.9315763
17168,ZBTB1,6.0703454,2.8560011
17169,ZBTB10,9.36153,2.8485737
17170,ZBTB11,6.168651,2.8032324
17171,ZBTB12,6.019024,2.94865
17172,ZBTB14,6.0363693,2.9037051
17173,ZBTB16,6.0250835,2.917741
17174,ZBTB17,6.0811706,2.9028149
17175,ZBTB18,6.029449,2.9368916
17176,ZBTB2,6.0388722,2.902916
17177,ZBTB21,6.1387105,2.8427596
17178,ZBTB22,6.0120854,2.976515
17179,ZBTB24,6.1068854,2.820677
17180,ZBTB25,6.022944,2.9017968
17181,ZBTB26,6.011324,2.8610127
17182,ZBTB3,5.9494786,2.9655533
17183,ZBTB32,6.0263963,3.2383711
17184,ZBTB34,5.9733233,2.8878615
17185,ZBTB38,6.2148695,2.8180363
17186,ZBTB39,5.984876,2.8950613
17187,ZBTB4,6.157098,2.9537098
17188,ZBTB40,6.058297,2.8022933
17189,ZBTB41,6.18629,2.8530874
17190,ZBTB42,6.0507145,3.1796536
17191,ZBTB43,5.9539256,2.895165
17192,ZBTB44,5.9732685,2.9086077
17193,ZBTB45,5.97925,3.021287
17194,ZBTB46,6.0050697,2.9322581
17195,ZBTB47,6.026902,2.9644785
17196,ZBTB48,6.016224,2.9115174
17197,ZBTB49,5.9894786,2.9065766
17198,ZBTB5,5.9456015,2.8521302
17199,ZBTB6,6.043703,2.86363
17200,ZBTB7A,6.0063286,3.0731587
17201,ZBTB7B,6.0018992,3.0449302
17202,ZBTB7C,6.1500497,2.939158
17203,ZBTB8A,5.9795227,2.8685436
17204,ZBTB8OS,12.000513,2.5457554
17205,ZBTB9,5.977822,2.9770539
17206,ZC2HC1A,9.41436,2.6358914
17207,ZC2HC1B,9.541677,3.1119564
17208,ZC2HC1C,9.259276,3.7464247
17209,ZC3H10,7.1042867,2.858118
17210,ZC3H11A,8.777741,2.7989793
17211,ZC3H11B,8.833378,3.0213196
17212,ZC3H12A,8.747773,2.0816913
17213,ZC3H12C,8.829615,1.8717748
17214,ZC3H12D,8.849053,2.021013
17215,ZC3H13,7.118826,1.8273476
17216,ZC3H15,10.998063,3.3112326
17217,ZC3H18,7.1747775,1.8426157
17218,ZC3H3,8.543551,2.460215
17219,ZC3H4,7.389103,2.2597694
17220,ZC3H6,7.5776954,2.2429776
17221,ZC3H7A,9.738661,1.9870201
17222,ZC3H7B,9.773739,1.896851
17223,ZC3H8,11.06669,3.0839272
17224,ZC3HAV1,10.047175,2.0867279
17225,ZC3HAV1L,10.716402,2.2903461
17226,ZC3HC1,11.155766,2.074312
17227,ZCCHC10,8.983842,2.8630707
17228,ZCCHC14,8.078848,2.4334419
17229,ZCCHC17,7.3481517,1.7869648
17230,ZCCHC2,8.070498,2.4277031
17231,ZCCHC24,9.612701,2.5709507
17232,ZCCHC3,10.053021,3.2005024
17233,ZCCHC4,10.837273,2.0086231
17234,ZCCHC7,8.443826,2.1958804
17235,ZCCHC8,10.346772,2.7129543
17236,ZCCHC9,11.143855,3.250696
17237,ZCRB1,10.8854475,3.302344
17238,ZCWPW1,9.709235,3.4328477
17239,ZCWPW2,9.994672,2.4969018
17240,ZDBF2,8.19965,1.8666487
17241,ZDHHC1,10.209335,-2.0202305
17242,ZDHHC11,10.102671,-2.0786943
17243,ZDHHC11B,10.143183,-2.0946672
17244,ZDHHC12,10.094881,-2.1170177
17245,ZDHHC13,10.107965,-2.773054
17246,ZDHHC14,10.233516,-2.0113335
17247,ZDHHC16,10.099818,-2.1108077
17248,ZDHHC17,10.20081,-2.44485
17249,ZDHHC18,10.159831,-2.080827
17250,ZDHHC19,10.106626,-2.0956137
17251,ZDHHC2,10.13315,-2.0749755
17252,ZDHHC20,10.12109,-2.1395557
17253,ZDHHC21,10.11635,-2.105056
17254,ZDHHC22,10.137011,-2.1401863
17255,ZDHHC23,10.016298,-2.2536488
17256,ZDHHC24,9.758865,-2.695636
17257,ZDHHC4,10.093717,-2.1098077
17258,ZDHHC5,10.302642,-1.9779336
17259,ZDHHC6,10.102023,-2.108456
17260,ZDHHC7,10.15717,-2.1183858
17261,ZDHHC8,10.343003,-1.9598818
17262,ZEB1,6.245162,2.8759835
17263,ZEB2,6.4275484,2.9501219
17264,ZER1,15.252649,4.3761415
17265,ZFAND1,10.256432,2.464291
17266,ZFAND2A,10.084688,2.5643017
17267,ZFAND2B,10.060657,2.3663142
17268,ZFAND3,9.835604,2.3931162
17269,ZFAND4,9.021063,2.3742092
17270,ZFAND5,9.8763,2.608105
17271,ZFAND6,9.891647,2.5772257
17272,ZFAT,6.1136312,2.873844
17273,ZFC3H1,8.157822,1.7732964
17274,ZFHX2,6.2670803,2.9170434
17275,ZFP1,2.9506059,-4.59115
17276,ZFP14,2.6486504,-4.8285027
17277,ZFP2,2.8027108,-4.5279045
17278,ZFP28,2.8734932,-4.531311
17279,ZFP3,2.8135462,-4.4376063
17280,ZFP30,2.6214602,-4.8560023
17281,ZFP36,8.16414,3.4988506
17282,ZFP36L1,8.067008,3.5114644
17283,ZFP36L2,7.9901404,3.4711816
17284,ZFP37,2.9520056,-4.632463
17285,ZFP41,3.1449494,-3.8730738
17286,ZFP42,6.148047,3.3685153
17287,ZFP57,3.183999,-3.8116174
17288,ZFP62,3.457895,-4.8035793
17289,ZFP64,6.1166406,2.8454196
17290,ZFP69,2.9440496,-4.4576015
17291,ZFP69B,2.903267,-4.4952602
17292,ZFP82,2.650948,-4.832137
17293,ZFP90,2.871188,-4.529441
17294,ZFP91,6.1845903,2.9739802
17295,ZFPL1,10.174281,2.923113
17296,ZFPM1,6.156075,3.0208478
17297,ZFPM2,6.322069,2.7910826
17298,ZFR,7.67079,2.34737
17299,ZFR2,7.6561375,2.5328915
17300,ZFYVE1,10.185727,2.0998626
17301,ZFYVE16,8.470987,1.9372135
17302,ZFYVE19,9.964803,2.309695
17303,ZFYVE21,10.070324,1.648166
17304,ZFYVE26,9.8804,-0.4339492
17305,ZFYVE27,10.539958,1.1070791
17306,ZFYVE28,8.964645,1.3863211
17307,ZFYVE9,8.529704,1.8900176
17308,ZG16,14.070946,-1.3481538
17309,ZG16B,14.076958,-1.3199204
17310,ZGLP1,9.554324,3.9540274
17311,ZGPAT,10.60702,2.525287
17312,ZGRF1,8.701475,2.1812668
17313,ZHX1,6.4859486,2.7294698
17314,ZHX1-C8orf76,11.204058,1.8686543
17315,ZHX2,6.4480276,2.755986
17316,ZHX3,6.5533714,2.725757
17317,ZIC1,6.4391484,3.7882938
17318,ZIC2,6.597495,3.9524472
17319,ZIC4,6.3434505,3.7061515
17320,ZIC5,6.495449,3.8521144
17321,ZIK1,2.6625924,-4.381491
17322,ZIM2,3.1564891,-3.9340498
17323,ZIM3,2.9536085,-4.5470834
17324,ZKSCAN1,3.0447326,-3.7826264
17325,ZKSCAN2,3.1299908,-3.7158601
17326,ZKSCAN3,3.052207,-3.7122195
17327,ZKSCAN4,3.0778239,-3.7311046
17328,ZKSCAN5,3.1083992,-3.8901327
17329,ZKSCAN7,2.9124737,-4.0337033
17330,ZKSCAN8,3.045874,-3.7231376
17331,ZMAT2,10.859755,3.3774576
17332,ZMAT3,10.204692,2.5523467
17333,ZMAT4,10.102411,2.6072087
17334,ZMAT5,10.765738,3.0435355
17335,ZMIZ1,7.5789466,2.7461047
17336,ZMIZ2,7.601607,2.7329137
17337,ZMPSTE24,9.618841,-2.9655583
17338,ZMYM1,9.159108,3.0875423
17339,ZMYM2,6.875448,2.5664575
17340,ZMYM4,6.9196568,2.5516875
17341,ZMYM5,6.6183906,2.6715803
17342,ZMYM6,9.076048,3.122658
17343,ZMYND10,9.747788,2.7497623
17344,ZMYND11,9.097528,2.036657
17345,ZMYND12,11.138942,0.023563292
17346,ZMYND15,9.6897,2.361119
17347,ZMYND19,10.7654505,2.1507838
17348,ZMYND8,8.137158,2.2004812
17349,ZNF10,2.8829174,-4.6564727
17350,ZNF100,20.01878,5.0850844
17351,ZNF101,3.0004463,-4.964881
17352,ZNF106,8.22045,2.0268028
17353,ZNF107,20.036339,5.0902095
17354,ZNF112,3.337687,-4.4716587
17355,ZNF114,3.1098478,-4.643408
17356,ZNF117,20.029037,5.0907845
17357,ZNF12,2.9051383,-4.681925
17358,ZNF121,3.021956,-4.933409
17359,ZNF124,2.918983,-5.2327724
17360,ZNF131,6.204941,2.8323843
17361,ZNF132,2.5734622,-4.363443
17362,ZNF133,3.230235,-4.4489617
17363,ZNF134,2.6792462,-4.3777046
17364,ZNF135,2.8220034,-4.539045
17365,ZNF136,2.9041367,-5.2655435
17366,ZNF138,20.020018,5.088677
17367,ZNF14,2.8847308,-5.3208294
17368,ZNF140,2.8646333,-4.5955896
17369,ZNF142,5.968827,2.8578293
17370,ZNF143,6.0868483,2.9406233
17371,ZNF146,2.7737484,-4.683744
17372,ZNF148,6.342982,2.8279479
17373,ZNF154,2.7917726,-4.4096093
17374,ZNF155,3.2645211,-4.4996743
17375,ZNF16,2.7231839,-4.341336
17376,ZNF160,3.5744421,-4.8487473
17377,ZNF165,3.042294,-3.652962
17378,ZNF169,3.2143052,-4.4834123
17379,ZNF17,2.5733957,-4.3669367
17380,ZNF174,3.0871818,-3.6971526
17381,ZNF175,2.978297,-4.647561
17382,ZNF177,2.9813187,-4.8149486
17383,ZNF18,3.1229012,-3.7460177
17384,ZNF180,2.8635452,-4.541927
17385,ZNF181,2.8873475,-4.530837
17386,ZNF184,2.828727,-4.5837483
17387,ZNF189,2.8204918,-4.479082
17388,ZNF19,2.7637835,-4.411836
17389,ZNF195,3.5386565,-4.805816
17390,ZNF197,2.9655156,-4.4707456
17391,ZNF2,2.913386,-4.4864492
17392,ZNF20,2.9380045,-5.2350006
17393,ZNF200,3.2092066,-3.7107024
17394,ZNF202,3.1344237,-3.7449825
17395,ZNF205,3.153413,-3.8893242
17396,ZNF208,20.036594,5.0833592
17397,ZNF211,2.6048777,-4.3862348
17398,ZNF212,3.2067716,-3.7910159
17399,ZNF213,3.1069121,-3.6942813
17400,ZNF214,3.1522343,-4.493384
17401,ZNF215,3.095406,-3.863446
17402,ZNF217,6.3642535,2.8148592
17403,ZNF219,6.095268,2.980885
17404,ZNF22,3.0482874,-4.2748933
17405,ZNF221,3.2824392,-4.48826
17406,ZNF222,3.1349664,-4.472002
17407,ZNF223,3.216658,-4.5178967
17408,ZNF224,3.3069177,-4.483534
17409,ZNF225,3.2890654,-4.489984
17410,ZNF226,3.344788,-4.492299
17411,ZNF227,3.341403,-4.495794
17412,ZNF229,3.2985823,-4.486909
17413,ZNF23,2.6578996,-4.362442
17414,ZNF230,3.171749,-4.5039625
17415,ZNF232,3.0565665,-3.6740134
17416,ZNF233,3.2839665,-4.4914966
17417,ZNF234,3.2487702,-4.475015
17418,ZNF235,3.3557966,-4.499297
17419,ZNF236,6.1622972,2.855615
17420,ZNF239,3.0237296,-4.4855785
17421,ZNF24,3.0572703,-3.7094526
17422,ZNF248,2.9499164,-4.6431
17423,ZNF25,2.9886036,-4.690055
17424,ZNF250,2.9032786,-4.416012
17425,ZNF251,2.826099,-4.496662
17426,ZNF253,20.027615,5.090742
17427,ZNF254,20.033783,5.088849
17428,ZNF256,2.5776026,-4.354224
17429,ZNF257,20.039253,5.1032553
17430,ZNF260,2.7934237,-4.6984334
17431,ZNF263,3.1213818,-3.7545736
17432,ZNF264,2.7725544,-4.3178997
17433,ZNF266,2.9019773,-5.25004
17434,ZNF267,3.5644853,-4.839927
17435,ZNF273,20.018974,5.0878196
17436,ZNF274,3.1164734,-3.7554283
17437,ZNF276,6.0689383,3.042193
17438,ZNF277,10.173804,2.4407954
17439,ZNF28,3.5752223,-4.8447933
17440,ZNF280A,6.294741,2.7981443
17441,ZNF280B,6.4600644,2.7219899
17442,ZNF280D,6.578265,2.6364944
17443,ZNF281,6.355447,2.8014793
17444,ZNF282,3.1730366,-3.7495968
17445,ZNF283,2.6029024,-4.8777804
17446,ZNF284,3.1224382,-4.4572816
17447,ZNF285,3.0632403,-4.5298204
17448,ZNF286A,2.9617903,-4.5387435
17449,ZNF287,2.9369037,-4.3244247
17450,ZNF296,6.0872555,3.2063336
17451,ZNF3,2.7754192,-4.3255534
17452,ZNF30,2.592929,-4.8909883
17453,ZNF300,2.9054549,-4.672347
17454,ZNF302,2.8607242,-4.573199
17455,ZNF304,2.600813,-4.4106097
17456,ZNF311,2.9587781,-4.408817
17457,ZNF316,5.9037504,2.9253538
17458,ZNF317,3.0403237,-4.678823
17459,ZNF318,7.8363676,2.1460662
17460,ZNF319,5.877314,2.8334439
17461,ZNF32,2.8626857,-4.41286
17462,ZNF320,3.3721712,-4.7382045
17463,ZNF322,3.0537636,-4.3618712
17464,ZNF324,3.1584358,-3.9201183
17465,ZNF324B,3.1475604,-3.9357586
17466,ZNF326,7.739583,2.0785065
17467,ZNF329,2.8367565,-4.477608
17468,ZNF330,10.245313,2.4666572
17469,ZNF331,2.7658186,-4.7297273
17470,ZNF333,3.0256984,-4.5916967
17471,ZNF334,2.8451571,-4.7186913
17472,ZNF335,6.101049,2.8862967
17473,ZNF337,3.2388062,-4.5108333
17474,ZNF33A,2.928745,-4.711421
17475,ZNF33B,2.9151776,-4.700211
17476,ZNF34,2.8172586,-4.41458
17477,ZNF341,6.1387625,2.9279091
17478,ZNF343,3.1952403,-4.4573226
17479,ZNF345,2.6870537,-4.7973146
17480,ZNF346,10.150389,2.523632
17481,ZNF347,3.566724,-4.846158
17482,ZNF35,2.8914096,-4.519901
17483,ZNF350,2.9469213,-4.58562
17484,ZNF354A,3.0331626,-4.5745935
17485,ZNF354B,2.9354172,-4.58004
17486,ZNF354C,2.9072654,-4.5700545
17487,ZNF358,5.8591814,2.9106228
17488,ZNF362,6.209148,2.9760873
17489,ZNF365,9.757547,4.0983915
17490,ZNF366,6.1648602,3.027727
17491,ZNF367,6.5785947,3.479336
17492,ZNF37A,2.967532,-4.6376176
17493,ZNF382,2.9749243,-4.646331
17494,ZNF383,2.7381837,-4.7482357
17495,ZNF384,6.219953,2.9955354
17496,ZNF385A,6.712451,3.1794038
17497,ZNF385B,6.578309,3.154137
17498,ZNF385C,6.707938,3.2292876
17499,ZNF385D,6.6873293,3.1770413
17500,ZNF391,2.819464,-4.505152
17501,ZNF394,3.11807,-3.747685
17502,ZNF395,9.028585,3.102718
17503,ZNF396,3.0678232,-3.663238
17504,ZNF397,3.0341039,-3.701174
17505,ZNF398,3.195561,-3.7476988
17506,ZNF404,2.6193054,-4.88195
17507,ZNF407,6.3657827,2.7402236
17508,ZNF408,5.8475614,2.8206644
17509,ZNF410,6.112219,2.9000096
17510,ZNF414,6.77705,3.362833
17511,ZNF415,3.5306082,-4.8253107
17512,ZNF416,2.570775,-4.3541145
17513,ZNF417,2.682689,-4.340844
17514,ZNF418,2.593475,-4.4330597
17515,ZNF419,2.6211674,-4.375303
17516,ZNF420,2.5951715,-4.8877883
17517,ZNF423,6.2926607,2.8126793
17518,ZNF425,3.2985518,-4.482219
17519,ZNF426,2.9898124,-4.942107
17520,ZNF428,9.917685,3.599304
17521,ZNF429,20.046488,5.0568404
17522,ZNF43,20.03738,5.086702
17523,ZNF430,20.029556,5.0898447
17524,ZNF432,2.817099,-4.7243395
17525,ZNF433,2.883664,-5.313717
17526,ZNF436,2.868193,-4.4006467
17527,ZNF438,6.3392577,2.7735019
17528,ZNF439,2.9157205,-5.246815
17529,ZNF44,2.886203,-5.3340693
17530,ZNF440,2.9039705,-5.2664695
17531,ZNF441,2.9034104,-5.2910676
17532,ZNF442,2.9077654,-5.2503815
17533,ZNF443,2.891203,-5.309672
17534,ZNF444,3.1558092,-3.7440724
17535,ZNF446,3.1494844,-3.7271016
17536,ZNF45,3.3333297,-4.480526
17537,ZNF451,6.737028,2.581909
17538,ZNF454,2.8144593,-4.515945
17539,ZNF460,2.7508824,-4.41087
17540,ZNF461,2.6964586,-4.799136
17541,ZNF462,6.245224,2.8389363
17542,ZNF467,3.2262936,-3.8291557
17543,ZNF468,3.4036381,-4.7666063
17544,ZNF470,2.701404,-4.7638974
17545,ZNF471,2.7943773,-4.706757
17546,ZNF473,2.9981124,-4.2858143
17547,ZNF474,9.424374,3.4021037
17548,ZNF479,20.01424,5.0905247
17549,ZNF48,3.21769,-3.8502004
17550,ZNF480,3.441209,-4.7684317
17551,ZNF484,2.88761,-4.741762
17552,ZNF485,2.8780305,-4.4888945
17553,ZNF486,20.012007,5.0873857
17554,ZNF487,2.998603,-4.584316
17555,ZNF488,8.42117,3.4453642
17556,ZNF490,2.9641864,-5.05591
17557,ZNF491,2.9155753,-5.277523
17558,ZNF492,20.037611,5.0994773
17559,ZNF493,20.036016,5.0917635
17560,ZNF496,3.1685603,-3.7398996
17561,ZNF497,3.1738646,-3.9095073
17562,ZNF500,3.1242216,-3.760335
17563,ZNF501,2.8806794,-4.4823084
17564,ZNF502,2.887216,-4.499215
17565,ZNF503,6.958025,4.0713058
17566,ZNF506,19.989553,5.0988283
17567,ZNF507,6.337918,2.7587264
17568,ZNF510,2.980975,-4.6354046
17569,ZNF511,10.184741,2.7041497
17570,ZNF512,9.898268,2.391218
17571,ZNF512B,8.552391,2.5368667
17572,ZNF513,5.9350395,2.997829
17573,ZNF514,2.9790523,-4.4860697
17574,ZNF516,6.356498,2.8429327
17575,ZNF517,3.139962,-4.009075
17576,ZNF518A,6.414115,2.757847
17577,ZNF518B,6.3254824,2.7846355
17578,ZNF519,20.012712,5.0814195
17579,ZNF521,6.2554297,2.7933722
17580,ZNF524,6.0190344,3.138165
17581,ZNF525,20.028154,5.093183
17582,ZNF526,5.8055754,2.831651
17583,ZNF527,2.8533444,-4.5921183
17584,ZNF528,3.5011928,-4.8116007
17585,ZNF529,2.778452,-4.7230463
17586,ZNF530,2.6158466,-4.424849
17587,ZNF532,6.3617954,2.7556458
17588,ZNF534,3.548019,-4.8297644
17589,ZNF536,6.3073254,2.8237953
17590,ZNF540,2.5753868,-4.913876
17591,ZNF541,8.195604,2.426655
17592,ZNF543,2.7556844,-4.436286
17593,ZNF544,2.7677958,-4.6241107
17594,ZNF546,2.6027067,-4.876299
17595,ZNF547,2.6782897,-4.3994217
17596,ZNF548,2.5987153,-4.359732
17597,ZNF549,2.5648756,-4.415662
17598,ZNF550,2.849278,-4.396676
17599,ZNF551,2.5646517,-4.4283085
17600,ZNF552,2.7309268,-4.4017773
17601,ZNF554,3.0001924,-4.43423
17602,ZNF555,2.942514,-5.1426086
17603,ZNF556,3.0618563,-4.8337145
17604,ZNF557,3.121217,-4.7580633
17605,ZNF558,2.994052,-4.5518465
17606,ZNF559,2.9473722,-5.13425
17607,ZNF560,2.907037,-5.2318683
17608,ZNF561,2.9933205,-4.724878
17609,ZNF563,2.9057803,-5.2498217
17610,ZNF564,2.8916378,-5.317241
17611,ZNF565,2.5227766,-4.956784
17612,ZNF566,2.7021053,-4.778595
17613,ZNF567,2.8505352,-4.7222247
17614,ZNF568,2.7633746,-4.742882
17615,ZNF569,2.7632303,-4.772493
17616,ZNF57,2.8924768,-5.301568
17617,ZNF570,2.7559767,-4.734592
17618,ZNF571,2.5661924,-4.870151
17619,ZNF572,3.015296,-4.291649
17620,ZNF573,2.6053061,-4.881303
17621,ZNF574,5.897623,2.8542502
17622,ZNF575,5.908024,3.0227537
17623,ZNF576,10.236078,2.8688362
17624,ZNF577,2.976177,-4.5598025
17625,ZNF578,3.4884005,-4.778934
17626,ZNF579,6.1802673,3.120327
17627,ZNF580,6.074845,3.2021306
17628,ZNF581,6.0207195,3.2044456
17629,ZNF582,2.6965754,-4.8113112
17630,ZNF583,2.7474113,-4.75875
17631,ZNF584,2.8172166,-4.369083
17632,ZNF585A,2.876416,-4.7147937
17633,ZNF585B,2.810885,-4.667739
17634,ZNF586,2.6598947,-4.36498
17635,ZNF587,2.7401965,-4.4002037
17636,ZNF587B,2.6305575,-4.3288503
17637,ZNF589,3.167326,-4.3859596
17638,ZNF592,6.304281,2.7793937
17639,ZNF593,12.337023,3.4233077
17640,ZNF594,2.7420495,-4.747975
17641,ZNF595,20.045067,5.097642
17642,ZNF596,3.000069,-4.7162023
17643,ZNF597,3.1318915,-3.8853717
17644,ZNF598,9.876085,2.5410144
17645,ZNF599,2.738522,-4.459004
17646,ZNF600,3.5847096,-4.845015
17647,ZNF605,2.9029653,-4.6693454
17648,ZNF606,2.8814683,-4.599094
17649,ZNF607,2.6145499,-4.868953
17650,ZNF608,7.6841903,2.2131293
17651,ZNF609,7.7369275,2.134793
17652,ZNF610,3.5111384,-4.8147035
17653,ZNF611,3.577274,-4.8393083
17654,ZNF613,2.9708557,-4.6140685
17655,ZNF614,2.9667313,-4.59252
17656,ZNF615,2.8873522,-4.6973553
17657,ZNF616,3.5731208,-4.841031
17658,ZNF618,9.117273,2.974537
17659,ZNF619,2.8864605,-4.4337635
17660,ZNF620,2.966883,-4.55507
17661,ZNF621,2.9570336,-4.4733863
17662,ZNF622,10.888933,3.0991726
17663,ZNF623,2.7750025,-4.42311
17664,ZNF624,2.8886158,-4.758034
17665,ZNF625,2.9129574,-5.2387385
17666,ZNF626,20.0284,5.090367
17667,ZNF627,2.900588,-5.27507
17668,ZNF628,5.8880496,2.8619163
17669,ZNF629,3.1700943,-3.9098358
17670,ZNF638,7.7019515,1.8798563
17671,ZNF639,3.1771653,-3.8569243
17672,ZNF641,3.1957583,-3.8017378
17673,ZNF644,6.870657,2.5976372
17674,ZNF646,5.939895,2.8968546
17675,ZNF648,3.1951225,-3.8606622
17676,ZNF649,2.9234376,-4.585082
17677,ZNF652,6.187056,2.9262912
17678,ZNF653,6.1415625,2.9521787
17679,ZNF654,6.494961,2.6758819
17680,ZNF655,2.997185,-4.4436603
17681,ZNF658,2.9108703,-4.712721
17682,ZNF66,20.043707,5.101981
17683,ZNF660,2.9233327,-4.5127883
17684,ZNF662,2.8745036,-4.4115815
17685,ZNF664,2.94232,-4.4392867
17686,ZNF665,3.5731168,-4.845088
17687,ZNF667,2.9115071,-4.6023273
17688,ZNF668,5.8091445,2.8417664
17689,ZNF669,2.90086,-5.2621775
17690,ZNF670,2.9281454,-5.1828127
17691,ZNF671,2.5228107,-4.294307
17692,ZNF672,3.2073772,-3.859723
17693,ZNF675,20.05203,5.107993
17694,ZNF676,20.055096,5.1100483
17695,ZNF677,3.4936202,-4.8080993
17696,ZNF678,20.022316,5.0855064
17697,ZNF679,19.996634,5.115616
17698,ZNF680,20.036654,5.0985136
17699,ZNF681,20.001993,5.1006603
17700,ZNF682,20.031006,5.099469
17701,ZNF683,6.047213,3.2593398
17702,ZNF684,2.9189632,-4.5471916
17703,ZNF687,6.116412,2.8849206
17704,ZNF688,3.191648,-3.8007922
17705,ZNF689,3.2109823,-3.880474
17706,ZNF69,2.9119356,-5.261847
17707,ZNF691,3.0992785,-3.9730365
17708,ZNF692,6.041369,3.0493991
17709,ZNF695,20.02397,5.0936503
17710,ZNF696,3.1496456,-3.9443836
17711,ZNF697,3.2316225,-3.795626
17712,ZNF699,2.9538388,-5.1455207
17713,ZNF7,2.8375156,-4.412854
17714,ZNF70,2.9054527,-4.4125366
17715,ZNF700,2.8907573,-5.3051386
17716,ZNF701,3.3066046,-4.7574816
17717,ZNF703,6.9925876,3.990194
17718,ZNF705A,3.08618,-4.622479
17719,ZNF705B,3.0669522,-4.6085577
17720,ZNF705D,3.0994093,-4.6414814
17721,ZNF705G,3.0896122,-4.6346397
17722,ZNF706,11.88855,3.8091993
17723,ZNF707,3.1522875,-3.9263704
17724,ZNF708,20.005253,5.065228
17725,ZNF709,2.8890622,-5.3046937
17726,ZNF71,2.8693228,-4.382954
17727,ZNF710,6.0925035,2.9833736
17728,ZNF713,2.9898872,-4.6002827
17729,ZNF714,20.022276,5.085379
17730,ZNF716,20.02138,5.092343
17731,ZNF717,2.8443341,-4.7047606
17732,ZNF718,19.999184,5.07328
17733,ZNF721,20.035727,5.0841203
17734,ZNF723,20.053593,5.1123114
17735,ZNF724,20.072153,5.1214876
17736,ZNF726,20.06153,5.1118855
17737,ZNF727,20.023207,5.086255
17738,ZNF728,20.058258,5.1076736
17739,ZNF729,20.07584,5.044687
17740,ZNF730,20.036417,5.1112256
17741,ZNF732,20.052841,5.1115775
17742,ZNF735,19.975954,5.0542855
17743,ZNF736,20.002949,5.072312
17744,ZNF737,20.026339,5.087265
17745,ZNF738,20.007317,5.0832286
17746,ZNF74,3.0474045,-4.150001
17747,ZNF740,6.134455,2.9988375
17748,ZNF746,3.1840284,-3.7504153
17749,ZNF747,3.1922936,-3.839235
17750,ZNF749,2.5844102,-4.5018406
17751,ZNF750,8.233334,3.0342274
17752,ZNF75A,3.0956938,-3.7941716
17753,ZNF76,6.0572243,2.8950987
17754,ZNF761,3.5869267,-4.859253
17755,ZNF763,2.9271727,-5.210587
17756,ZNF764,3.2226584,-3.8190422
17757,ZNF765,3.5612235,-4.838629
17758,ZNF766,3.2493353,-4.67065
17759,ZNF768,3.211185,-3.8517735
17760,ZNF77,2.8966708,-5.275847
17761,ZNF770,6.2580357,2.750779
17762,ZNF771,3.1937456,-3.8735383
17763,ZNF772,2.724723,-4.3906255
17764,ZNF773,2.524288,-4.317424
17765,ZNF774,2.9839435,-4.3290787
17766,ZNF775,3.2259512,-3.8220344
17767,ZNF776,2.7401922,-4.415463
17768,ZNF777,3.1637073,-3.817068
17769,ZNF778,2.9828856,-5.0421443
17770,ZNF780A,2.5940635,-4.890046
17771,ZNF780B,2.5871139,-4.8918285
17772,ZNF782,3.006645,-4.6268654
17773,ZNF783,3.176671,-3.756651
17774,ZNF784,5.9184127,3.0136578
17775,ZNF785,3.2213962,-3.8629494
17776,ZNF786,3.2655222,-4.424472
17777,ZNF787,5.9317784,2.9519577
17778,ZNF789,2.9268837,-4.5289516
17779,ZNF79,2.758368,-4.35629
17780,ZNF790,2.5895476,-4.9377174
17781,ZNF791,2.9174938,-5.226322
17782,ZNF792,2.5597918,-4.3370028
17783,ZNF793,2.9790754,-4.5886974
17784,ZNF799,2.8921757,-5.3071365
17785,ZNF8,3.0828285,-4.1331534
17786,ZNF80,3.0828702,-4.6909833
17787,ZNF800,6.2697344,2.7394886
17788,ZNF804A,7.8339624,2.0795057
17789,ZNF804B,7.9163136,1.9907446
17790,ZNF805,2.7799091,-4.3630404
17791,ZNF808,3.5756307,-4.848713
17792,ZNF813,3.5508256,-4.8277164
17793,ZNF814,2.660676,-4.620514
17794,ZNF816,3.5661364,-4.8487325
17795,ZNF821,9.719747,3.0244439
17796,ZNF823,2.890259,-5.3093824
17797,ZNF827,6.2114515,2.9086637
17798,ZNF829,2.7995682,-4.7144804
17799,ZNF83,3.5810785,-4.8517866
17800,ZNF830,10.779804,3.098067
17801,ZNF831,8.39323,2.458225
17802,ZNF835,3.1402931,-3.9690473
17803,ZNF836,3.577134,-4.850079
17804,ZNF837,3.1739874,-3.9756527
17805,ZNF839,8.731561,2.4191089
17806,ZNF84,2.9487946,-4.6179166
17807,ZNF841,3.5750916,-4.8523974
17808,ZNF843,3.246678,-3.8305788
17809,ZNF844,2.9267666,-5.2020087
17810,ZNF845,3.5604212,-4.840543
17811,ZNF846,2.9893622,-5.161805
17812,ZNF85,20.053116,5.110204
17813,ZNF850,2.519396,-4.949784
17814,ZNF852,2.7732782,-4.395363
17815,ZNF853,7.424715,2.632661
17816,ZNF860,3.5557907,-4.8388157
17817,ZNF862,9.125091,3.0924015
17818,ZNF865,6.0341315,2.917732
17819,ZNF875,3.2502065,-4.4584565
17820,ZNF878,2.88482,-5.312642
17821,ZNF879,2.873952,-4.539
17822,ZNF880,3.5546277,-4.834708
17823,ZNF888,3.5699615,-4.845661
17824,ZNF90,20.051954,5.1124825
17825,ZNF91,20.045893,5.082855
17826,ZNF92,20.03692,5.0941763
17827,ZNF93,20.05401,5.1076083
17828,ZNF98,20.050856,5.1069603
17829,ZNF99,20.03777,5.07974
17830,ZNFX1,10.390685,0.5543423
17831,ZNHIT1,10.636394,3.1650567
17832,ZNHIT2,10.58619,3.1244938
17833,ZNHIT3,11.125867,2.9868875
17834,ZNHIT6,10.868158,2.2991414
17835,ZNRD2,10.766948,3.2742217
17836,ZNRF1,10.058261,2.361868
17837,ZNRF2,9.984075,2.4391305
17838,ZNRF3,8.546394,1.9938209
17839,ZNRF4,12.396728,0.19486816
17840,ZP1,12.870264,-1.0450411
17841,ZP2,12.883248,-1.0098461
17842,ZP3,12.892661,-0.9540096
17843,ZP4,12.91517,-1.0302985
17844,ZPBP,10.068904,6.403316
17845,ZPBP2,11.770414,0.9074345
17846,ZPLD1,12.956517,-0.9669286
17847,ZPR1,11.415362,2.6023607
17848,ZRANB1,10.32062,1.9090728
17849,ZRANB2,6.840286,1.6467896
17850,ZRANB3,9.742825,1.8439332
17851,ZSCAN1,3.1592145,-3.7013922
17852,ZSCAN10,3.1508865,-3.82915
17853,ZSCAN12,3.0444381,-3.7764504
17854,ZSCAN16,3.0681326,-3.6865296
17855,ZSCAN18,3.1681383,-3.6891315
17856,ZSCAN2,3.045863,-4.179775
17857,ZSCAN20,3.1221457,-3.7852151
17858,ZSCAN21,3.0629952,-3.6681793
17859,ZSCAN22,3.0800958,-3.8154624
17860,ZSCAN23,3.0299711,-3.6658225
17861,ZSCAN25,3.0919385,-3.7622054
17862,ZSCAN26,3.047334,-3.6779642
17863,ZSCAN29,3.1623244,-3.7208633
17864,ZSCAN30,3.0357497,-3.6833596
17865,ZSCAN31,3.0235245,-3.6665678
17866,ZSCAN32,3.1051407,-3.7319248
17867,ZSCAN4,3.1403387,-3.7067783
17868,ZSCAN5A,3.136115,-3.706158
17869,ZSCAN5B,3.134626,-3.695003
17870,ZSCAN5C,3.1371565,-3.7035105
17871,ZSCAN9,3.0503109,-3.668689
17872,ZSWIM1,9.150763,3.1661286
17873,ZSWIM2,9.513874,1.8062093
17874,ZSWIM3,9.2243805,3.1375103
17875,ZSWIM4,10.22003,0.8016506
17876,ZSWIM5,9.928468,0.7695495
17877,ZSWIM6,9.720927,1.0158229
17878,ZSWIM7,11.778324,2.9330044
17879,ZSWIM8,9.657434,-0.063764304
17880,ZSWIM9,9.143852,3.0251615
17881,ZUP1,10.078177,2.2350528
17882,ZW10,10.500179,0.38139787
17883,ZWILCH,10.837055,1.7509078
17884,ZWINT,10.554539,2.5209336
17885,ZXDC,6.184883,2.8612063
17886,ZYG11A,15.221785,4.3441997
17887,ZYG11B,15.180776,4.3048534
17888,ZYX,9.499808,2.6397479
17889,ZZEF1,9.83076,-0.45384318
