Gene,MF.score
PARP1,6.100357025591738e-4
SLC25A4,1.545351982351702e-4
DNA2,2.0507640189873331e-4
TYMP,1.6531421994474377e-4
ENDOG,2.0134756970502897e-4
LIG3,2.552559361111573e-4
MEF2A,7.035283370148981e-5
MPV17,2.3771148766319223e-5
OPA1,3.430057225747806e-4
POLG,1.0985714198239409e-4
RRM1,1.274989121169852e-4
SSBP1,1.0051359427391735e-4
TOP3A,6.738399620499606e-5
TP53,7.041718537326865e-4
DNAJA3,1.2478819022221577e-4
LONP1,1.0973075425578747e-4
AKT3,6.26429280378988e-5
POLG2,6.080574064149862e-5
RRM2B,1.219044119682773e-4
SLC25A36,8.678018563096957e-5
TWNK,6.52477102621652e-5
METTL4,1.874615622904275e-4
PIF1,2.0836018729403205e-4
SESN2,1.8998264615384983e-4
SLC25A33,1.3797426412655962e-4
NEURL4,1.2056996875414091e-5
MGME1,4.3573892456588934e-5
CHCHD4,1.27429915956134e-4
PRIMPOL,4.492280161119942e-5
STOX1,1.644540620946894e-4
ERCC8,8.131470048714733e-5
ERCC6,1.5282086921897126e-4
LIG4,2.5751498912746854e-4
TERF2,7.749217114099465e-4
TNP1,1.111269452169737e-4
UNG,1.3446482702787017e-4
XRCC1,2.3469809124355555e-4
SIRT1,0.0011312235516855252
APTX,2.173005581938347e-4
NEIL3,9.663739876057524e-5
TDP1,7.857265333085244e-5
APLF,5.211268427390411e-5
XNDC1N,4.7902154894549804e-6
SLC5A1,4.172800497390968e-4
SLC5A2,1.8323831590093964e-4
ABL1,7.564554945393399e-4
ACTB,3.446285189182767e-4
ACTL6A,7.68384216627915e-5
BCL6,4.2701781163051125e-4
BLM,2.562289201771552e-4
C1QBP,2.490772687765336e-4
CD28,1.0478267583295046e-4
CD40,1.9985161344096287e-4
CHEK1,7.752266266355113e-5
CREBBP,1.5947958936468067e-4
CSNK2A1,1.0820222008676215e-4
ERCC2,1.868272068891071e-4
FANCB,2.360451950059046e-5
FUS,2.0958374765772782e-5
MSH6,2.2987372617974588e-4
H1-0,2.367687896479763e-5
H1-2,9.617247891132127e-6
H1-3,9.617247891132127e-6
H1-4,1.0611387932596391e-5
H1-5,1.9923191451860823e-5
H1-6,8.808704075778685e-6
H1-1,1.2732004781241042e-5
PRMT1,2.509178753256506e-4
IL2,3.010818101033999e-4
IL4,2.559368980359865e-4
IL7R,9.248855191344602e-5
IL10,5.473539448191841e-4
KPNA1,5.353612135325147e-5
KPNA2,8.334348610753399e-5
MLH1,3.5379126770840183e-4
MRE11,2.2553614617597806e-4
MSH2,3.310775621329152e-4
MSH3,1.4485852543425124e-4
NBN,1.5041283167435509e-4
PLK1,2.1089347197045689e-4
PMS2,1.345082624728047e-4
PPP4C,2.2736898162526358e-5
PTPRC,4.3593272917497695e-4
RAD51,3.4995356385737205e-4
RPA2,5.24475730171411e-5
SKP2,3.482202439234013e-5
STAT6,1.3287977104003637e-4
SUPT6H,5.682833349872135e-5
VPS72,1.815344326314836e-5
TFRC,1.476081508952241e-4
TGFB1,0.001111054912388631
TP53BP1,7.645563332545013e-5
TNFSF4,5.828361624579276e-4
UBE2B,1.187441715820106e-4
WAS,9.499797945197329e-5
NSD2,1.6779734198818437e-4
YEATS4,1.9231432629227374e-5
TRRAP,3.12757499106957e-5
RUVBL1,1.0984999912653377e-4
TNFSF13,5.619725835218123e-5
TIMELESS,1.2123012177815111e-4
H1-10,8.752876315287206e-6
RNF8,4.406081087539842e-5
RECQL5,1.2589467614848002e-4
IL27RA,1.7283980100214576e-4
MORF4L2,1.592294777059188e-5
PARP3,1.5132648198168573e-4
ACTR2,7.856519058758295e-5
RAD50,1.3365498564778383e-4
MAD2L2,2.020221065133893e-4
KAT5,3.5521033841345943e-4
RAD51AP1,6.640166921805592e-5
POLQ,6.294887828649284e-5
RUVBL2,1.4709171814295717e-4
BRD8,2.8965023117011358e-5
MORF4L1,1.66979137673912e-5
ZNF365,1.242322680289022e-4
PAXIP1,6.272170423855615e-5
KDM1A,2.3935465623710922e-4
SMCHD1,4.3042918327058154e-5
SPIDR,4.898869911506683e-5
CLCF1,1.249477923483257e-4
EPC2,2.4904200460478082e-5
SENP3,2.8121326380742474e-5
SETD2,1.1463253099888886e-4
TBX21,1.8584427501385916e-4
FOXP3,7.874857154430317e-4
EXOSC3,1.458792788575801e-4
KMT5B,6.820869307903891e-5
MRNIP,3.212540152367432e-5
SIRT6,4.5972021679311275e-4
PIAS4,1.1048397055161192e-4
RTEL1,2.3645836441036301e-4
TERF2IP,1.1007739661992452e-4
SHLD2,4.2483367228446036e-5
ING3,4.968017901337225e-5
MBTD1,6.477752891599445e-5
PARPBP,8.98596324188831e-6
ZCWPW1,1.5166040008928913e-5
RADX,1.019297307820244e-5
WRAP53,2.6547577860885874e-4
RIF1,7.229150911341782e-5
MRGBP,1.3005869885042736e-5
RNF126,6.347124405510131e-5
DMAP1,3.0258040502645644e-5
TEX15,1.931035031209998e-5
UBQLN4,1.0110607854208507e-4
SMARCAD1,3.998078403147875e-5
HMCES,1.1964385072373261e-4
PRDM9,2.1113347012443514e-4
PELI1,7.697852032115519e-5
WDR48,3.776360898216014e-5
EP400,2.8457870957776598e-5
FIGNL1,3.2528371384432136e-5
MAGEF1,1.1806588362750388e-5
MEAF6,4.3934646712764094e-5
ATAD5,1.0869639183880449e-4
KLHL15,3.108492492399637e-5
EPC1,3.4418335316337605e-5
NDFIP1,1.3578534363407988e-4
ZRANB3,4.597302459950225e-5
HDGFL2,4.642854908823382e-5
KMT5C,7.041334313075949e-5
FBH1,6.823846181091051e-5
HELB,9.518049080357396e-5
HELQ,4.57014789093502e-5
CGAS,1.6598206616044985e-4
RMI2,7.524408701723206e-5
EXOSC6,8.835646886931256e-5
SLC15A4,4.7246148597878524e-4
ANKLE1,6.450652501317029e-5
H1-8,9.032201615586698e-6
SHLD1,4.227803909821254e-5
PPP4R2,1.4683076755759993e-5
KHDC3L,3.0061819731485428e-5
USP51,2.4993992165898602e-5
ARID2,5.161694450537415e-5
ZSCAN4,2.5562783719738544e-5
H1-7,2.4337988433000583e-5
H1-9P,1.129640996970987e-5
KMT5A,9.931657769927825e-5
OOEP,3.676530924769819e-5
SHLD3,4.2403010741878816e-5
BIRC5,2.1011735556066656e-4
INCENP,2.0578301504024234e-4
NUMA1,6.073992471145799e-4
AURKC,4.454378629380952e-5
PRC1,3.372252589065614e-5
AURKB,4.265394669593703e-4
KIF23,4.568034825476064e-5
KIF4A,3.088561306349822e-5
RACGAP1,8.452974247939317e-5
MAP10,3.1137935625610554e-5
CDCA8,1.1457423643452242e-4
KIF4B,2.5055328745505688e-5
GAA,2.522760498752966e-4
MGAM,3.2208448527763545e-4
EIF6,1.1849062697953205e-4
NOP2,5.724634536260563e-5
RPL5,6.194923415438041e-5
RPL11,6.687169044683912e-5
RPL24,1.8955045457563844e-5
FASTKD2,3.958266289061269e-5
DHX30,3.535594397677772e-5
MDN1,2.3946086570555823e-5
RRS1,3.920910255526684e-5
BOP1,6.405397714971873e-5
MRM2,8.552508452420608e-5
NOP53,1.5625214571716168e-4
MRTO4,1.0650556920091442e-5
BRIX1,6.913912425202807e-6
DDX28,2.8639479271509786e-5
RPF2,2.0703687165065797e-5
RPL10L,1.2794766967482223e-5
MIURF,5.3898213251713005e-5
FAU,2.212749953311087e-5
RPSA,2.6188306056531847e-5
PRKDC,2.772862186725822e-4
PWP2,1.8741511742122377e-5
RPS5,1.391916254436156e-5
RPS14,1.6333185019510588e-5
RPS15,3.96181726091941e-5
RPS19,9.482098097166789e-5
RPS27,1.0698491089126749e-4
RPS28,2.4443914703528544e-5
XRCC5,2.2289239528221276e-4
ERAL1,9.860085099350834e-6
RRP7A,5.447574339405134e-5
MCAT,1.1128699612123787e-4
ABT1,9.004233061425249e-5
RPS27L,3.7054140833158416e-5
MRPS7,1.2815579323909469e-5
METTL17,3.7387135944949315e-5
RRP7BP,3.973532305694952e-5
RPSA2,2.1058571421327465e-5
LOC102724159,1.8741511742122377e-5
ACAA1,2.017663207091645e-4
ACOX1,1.1263995502679707e-4
ABCD1,3.4636010168309146e-4
ABCD2,1.0562838748337882e-4
ACSL1,2.03724570256202e-4
HSD17B4,1.5988678109417657e-4
ABCD3,9.865223844493063e-5
ABCD4,9.867240834335307e-5
PEX2,7.424182264679623e-5
PEX5,1.6496197608858895e-4
ELOVL4,6.942358311184149e-5
ACOX2,9.62493738687964e-5
CYP4F2,3.580285090155371e-4
HACD1,6.946282274197255e-5
TECR,9.85766818865654e-5
ACOT2,1.298020290841483e-5
SLC27A5,1.0015250751809698e-4
SLC27A4,1.388989668802144e-4
SLC27A2,1.6426675276552352e-4
ACSBG1,3.773248484953978e-5
ACSL6,3.7058627848735455e-5
SLC27A6,4.746307774986853e-5
HACD3,6.11556377205429e-5
ELOVL2,6.797214090944619e-5
ELOVL5,7.545476438603697e-5
ELOVL1,7.119745942516611e-5
CYP4F12,1.8341555150350693e-4
ELOVL6,8.870093525514151e-5
ELOVL7,6.003446327138897e-5
ELOVL3,6.986372956489495e-5
ACOT4,1.4568368791185104e-4
HACD2,4.8611835006279574e-5
TECRL,7.6243699217865225e-6
HACD4,3.5314024214038036e-5
ACOT1,1.0342189851046915e-5
ABCB7,3.416947112624617e-4
ARHGAP1,3.9111437212716517e-5
ATOX1,4.24585563655147e-5
ATP7A,5.397396060666448e-4
ATP7B,1.290592723866065e-4
B2M,3.6268839407766065e-4
CLTC,1.2959659024810186e-4
SLC31A1,2.1631523486916003e-4
SLC31A2,8.14531400489496e-5
CP,4.782969615723924e-5
DNM2,1.3407909998592994e-4
FKBP4,1.1533064952733328e-4
FXN,3.2072995727834856e-4
FTH1,1.1114756378009373e-4
FTL,4.181832791723437e-5
CBLIF,3.702857779260674e-5
HFE,3.6359840521958035e-4
HPX,8.02158296934785e-5
IFNG,8.595027388307253e-4
LCN2,8.916382781066619e-5
LTF,4.614700151308525e-4
MELTF,3.9173107773305416e-5
MT3,2.0276171763646824e-4
SLC11A2,5.336490982585663e-4
NECTIN1,4.780234570227356e-5
SLC1A1,5.613083005594921e-4
SLC11A1,2.592400746261401e-4
TCN1,3.867880176841003e-5
TCN2,3.620016918393322e-5
TF,8.052557779754258e-5
TFR2,1.1710488032880109e-4
TRPM2,1.402641319010836e-4
SLC30A1,5.378159981401122e-4
SLC30A2,2.1464849343713632e-4
SLC30A3,7.245815927070297e-5
SLC30A4,4.567548357010488e-5
SLC39A7,1.9413962564473097e-5
AP3D1,2.2431264248303122e-4
RAB11B,7.447032495886389e-5
ASIC3,2.1533965713973712e-4
HEPH,2.1316958729282186e-4
ATP2C2,6.336794847882882e-5
ABCC5,2.2897083019308e-4
ABCB6,1.9942580263128878e-4
COX17,7.604583139673373e-5
PGRMC2,2.4227862534729624e-5
SLC30A9,1.3261994071676048e-5
LMTK2,4.209668218259405e-5
ISCU,2.3672329806370183e-4
SLC39A14,1.1716075329128346e-4
SLC39A6,2.8653997947675033e-5
ATP2C1,1.8535013401638282e-4
SLC39A1,1.1905894932471383e-5
FLVCR1,1.0784957783055801e-4
SLC39A3,1.5316676079198502e-5
SLC39A2,2.4904751012201827e-05
SLC40A1,9.722975623508071e-5
CUTC,8.293425943803337e-6
SLC22A17,2.3509236840193838e-5
SLC25A37,6.485082164605964e-5
FTHL17,9.605400732570154e-6
TRPM7,6.467034811433463e-5
STEAP3,7.694815609261115e-5
SLC39A9,1.0733485805351176e-4
SLC30A10,2.191440110931782e-4
SLC39A4,1.210376912221947e-4
FLVCR2,8.243875765956017e-5
SLC48A1,1.4668580638466284e-4
SLC30A6,6.499465273074072e-5
TMEM165,7.967837207754489e-5
TRPC7,1.958046736246022e-5
ATP13A1,1.7172247769259264e-4
SLC39A10,5.303848895229628e-5
MCOLN1,1.0749087207048881e-4
TTYH1,5.746138506858104e-5
HAMP,2.7515624871852866e-4
SLC39A8,4.1371436895671634e-4
SLC30A5,1.651629082661203e-4
STEAP4,8.909309768470572e-5
CYBRD1,1.0723222038008044e-4
TRPM3,1.1774369358114722e-5
TMEM163,4.942231463768099e-5
SLC25A28,4.452628642366951e-5
SLC41A2,4.35522185594762e-5
SLC39A13,1.1471915947311706e-5
MMGT1,7.900162472904519e-5
FTMT,9.717376423665653e-5
SFXN1,6.16272711060341e-5
SLC46A1,2.454505978834959e-4
TRPM6,2.5000725950282355e-5
SLC30A7,6.357141602755368e-5
SLC30A8,5.9134107837799244e-5
SLC39A11,2.877116073011882e-5
SLC39A12,3.421102179244573e-5
MCOLN2,1.0690666872279466e-4
STEAP2,1.7480236110849515e-4
SLC39A5,5.2262549643021325e-5
SLC46A3,4.814481346816011e-5
SCARA5,6.228961667430582e-5
HEPHL1,2.593906972819278e-5
REP15,9.88815304906613e-6
FTH1P19,9.594201104075272e-6
MIR210,3.7442429120969513e-4
ATM,3.780157016202136e-4
ATP2A2,3.2836414060121425e-4
LRBA,6.682956870406415e-6
CTSD,6.139320035926603e-5
EFNB1,2.1087530083684266e-5
EPHB2,3.100282576099218e-4
MTOR,5.326662084029115e-4
MTM1,9.182969021900739e-5
PIK3C3,1.3629952972527422e-4
PIP4K2A,9.42809824035195e-5
PSEN1,4.062768596921197e-4
RAB1A,4.3791672766892524e-5
RAB5A,8.697773884343875e-5
RALB,2.1778428714826334e-4
RNF5,2.478627446353307e-5
TRAF6,1.8555403055992798e-4
RAB7A,2.7710364128032686e-4
EPM2A,1.7492396360998738e-4
IFT88,4.501637147714801e-5
PIP4K2B,7.818568210423163e-5
ULK1,9.310273475144219e-5
BECN1,3.0308547314369087e-4
SNX4,1.1527413027619281e-4
MTMR3,7.61881027944806e-5
STBD1,6.146849778544858e-5
ATG12,1.2247402752621418e-4
AP4M1,5.536495185235864e-5
RAB33A,5.895148593303222e-6
ATG5,3.2275721044858284e-4
SEC22B,1.7567496091841492e-5
FEZ2,1.2634835962712098e-5
FEZ1,1.4313428853808283e-4
ULK2,8.79932266212824e-5
ATG13,5.121682597713123e-5
RB1CC1,8.756536863378884e-5
AP5Z1,3.313723260236318e-5
MFN2,5.037812793519806e-5
TOM1,7.887731752650376e-5
TCIRG1,2.3842753695092097e-4
ATG7,1.482160932081467e-4
EHMT2,1.1129454917869149e-4
WDR45,6.252290019696845e-5
CHEK2,1.0569848188917981e-4
GABARAP,8.124904675110957e-5
GABARAPL2,3.114493056382325e-5
ATG14,1.737097897229351e-4
RAB3GAP1,2.0211998683239852e-4
TRIM32,3.874897866712852e-4
ATG2A,6.53347228982287e-5
ATG4B,1.1061324260969647e-4
TBC1D12,5.171579073856846e-6
PACS2,1.570747760987157e-5
SCFD1,2.384127608443094e-5
ARFIP2,3.8290021103216655e-5
STX12,2.8614352399491797e-5
GABARAPL1,3.905449495677158e-5
GABARAPL3,2.0477096832562565e-5
RAB3GAP2,8.299557592840917e-5
ULK3,3.176572869008727e-5
WIPI2,5.9814579122749424e-5
NUPR1,1.5491685290445318e-4
UBQLN2,8.333562407092699e-5
UBQLN1,1.2132564695302919e-4
SH3GLB1,1.1525580469127353e-4
SNX7,2.4014449340535508e-5
RAB23,2.824738123748294e-5
RNF186,1.3762138339675152e-5
STX17,6.373840514391423e-5
ATG16L1,1.2114318573377568e-4
WIPI1,9.968499739054262e-5
ATG2B,5.587274250642964e-5
TMEM39A,3.012438883450078e-5
AMBRA1,1.1238099706388135e-4
NSFL1C,1.0256531924617289e-4
WDR45B,7.004070729874814e-5
SMURF1,1.3052338022916094e-4
TBC1D14,3.1655447995933584e-5
ELAPOR1,1.3077477828679678e-5
TP53INP2,5.846073509859688e-6
ATG101,2.0240205645186338e-5
MOAP1,3.133869446712879e-5
ATG3,1.2940528506673096e-4
PINK1,5.954921758960621e-4
ATG9A,3.367011349835891e-5
PHF23,2.8080961901449492e-5
PIP4K2C,7.212290188802433e-5
MAP1LC3B,2.3757580414629932e-5
VMP1,8.066886114836641e-5
RAB1B,1.71113967128281e-5
RAB33B,1.2017761592604632e-4
EMC6,4.2997641470257956e-5
ATG10,8.493152386440545e-5
MAP1LC3A,6.766654611624786e-5
ATG4C,3.552314481713406e-5
ATG4D,4.462613402544753e-5
ATG16L2,3.224708771806099e-5
IFT20,1.4926718369301058e-4
LRSAM1,3.830742651413166e-5
TP53INP1,1.416439956321292e-4
SNX18,2.9775997515519515e-5
ATG4A,3.556007265172572e-5
LRRK2,8.131520721827273e-4
UBXN2B,8.207903028223684e-5
SMCR8,4.264857670237311e-5
UBXN2A,3.0953250283791115e-5
PIKFYVE,1.9616358520227302e-4
C9orf72,4.647388694404993e-5
RUFY4,7.949422455960916e-6
ATG9B,3.305173074714652e-5
RAB43,3.4645927423572785e-5
STING1,1.9736157740129644e-4
IRGM,2.2751051927622653e-4
RAB19,3.247240212545992e-6
SNX30,2.4014449340535508e-5
TMEM41B,3.067417367758722e-5
MAP1LC3C,2.2178989857699432e-5
RAB1C,3.991241840221292e-6
BECN2,8.009084005044168e-5
MAP1LC3B2,1.8139953934123998e-5
ARG1,0.00033949323004934493
ARG2,4.122643727341266e-4
ASL,1.8123667040550895e-4
ASS1,2.9669802333422797e-4
CEBPA,1.216883082877893e-4
CPS1,3.193242790512772e-4
FH,1.449088251366757e-4
OTC,2.5509400566028163e-4
SLC25A15,8.932327799364793e-5
AGMAT,3.010699244183887e-4
SLC25A2,9.7564456986653e-5
NAGS,8.94248267960116e-5
ATP2B4,6.878088659045568e-4
CAD,4.146795393810118e-4
ALDH18A1,2.4634400696743933e-4
DDAH1,9.820505444991799e-5
NPM1,2.3627126850795087e-4
NUP88,2.724168210519523e-5
RAN,1.5563113203329176e-4
XPO1,5.0949853915883685e-5
RBM10,3.0079871704394306e-4
NMD3,4.01523752210658e-5
SDAD1,1.546145820725952e-5
LSG1,1.0476240958331327e-5
RIOK2,2.6691024517036527e-4
LTV1,1.8972017153608606e-5
NOP9,6.297157440998911e-5
APC,1.2364167984926794e-4
RHOA,5.11596845502544e-4
BUB1,2.1102211167645644e-4
BUB1B,6.871053121439041e-5
CCNB1,1.1757904106946415e-4
CDK1,3.954648536162998e-4
CDC20,1.730050683677766e-4
CENPC,1.4888513250638317e-4
CENPE,1.323843115357994e-4
CENPF,6.029369572447993e-5
RCC1,4.0179144318721276e-5
DUSP1,1.0359899510250797e-4
FLNA,3.193345789060726e-4
CENPI,1.7475640882254765e-5
GOLGA2,7.413778896789538e-5
HNRNPU,4.227058882562693e-4
HSPA1A,3.1534462951622957e-4
HSPA1B,1.6034949297173625e-4
IK,3.807612504708582e-5
KIF2A,1.696596946148628e-5
KIF11,2.7549009432469674e-5
KIFC1,1.1053418657302911e-5
KIF25,7.71606337165848e-5
KIF22,1.0863190621864452e-5
KPNB1,1.162654967718877e-4
MAD2L1,1.150578203890254e-4
MYBL2,2.372221708508e-5
DRG1,2.853002939222557e-5
NEK2,1.0371404478509324e-4
CHMP1A,1.2119595647529966e-4
PPP1CC,5.344762052427477e-5
PPP2R1A,1.491321755009541e-4
RAD21,1.2043870349606429e-4
RB1,3.4049756547652887e-4
TPR,2.4954083551568124e-4
TTK,3.0361580007166747e-4
TTN,1.5370849150692987e-4
TUBG1,6.353540527811691e-5
XRCC3,1.6330634711929533e-4
ZNF207,8.131093040458572e-5
AAAS,1.205021738793892e-5
SMC1A,8.639021614605768e-5
MAD1L1,2.0771818534586514e-4
CUL3,1.7532566477736588e-4
SMARCA5,2.642415138150883e-4
CDC23,4.0675010096660615e-5
RAB11A,1.8728792124311135e-4
KAT2B,3.759987988253522e-4
CDC16,3.46656368565171e-5
PRP4K,5.8541698523706116e-5
BAZ1B,1.2182879502355189e-4
SMC3,7.89685819534958e-5
ZW10,9.622199174127284e-5
BUB3,9.69062955590252e-5
TRIP13,8.146617519576517e-5
KIF3B,1.3311837305249734e-4
VPS4B,2.195870849203617e-4
MAD2L1BP,9.705195008978509e-5
ARHGEF10,2.4627382238945638e-5
ESPL1,5.209880639267373e-5
KNTC1,1.170422675932035e-4
RIPOR2,2.9814821975823627e-4
DLGAP5,5.734540746943606e-5
NCAPD2,3.81169644840533e-5
KIF14,1.9747584737707827e-4
SMC4,4.222619495619986e-5
AKAP8,3.409441319046006e-5
STAG1,3.3602934513480944e-5
KATNB1,7.035539034757146e-5
NDC80,1.6591492185094852e-4
PIBF1,1.1775571286562402e-4
DCTN2,3.5644639963817446e-5
SMC2,4.195619893494979e-5
SPAG5,4.0795789490855013e-5
NUDC,1.0619700387870076e-5
STAG2,3.415540709900668e-5
KIF2C,6.43356015361365e-5
TENT4A,1.764122542551427e-4
UBE2C,6.967660387526891e-5
ZWINT,2.864356155776127e-4
MAPRE1,2.1192310975841455e-4
TPX2,3.659505834561114e-5
WAPL,9.576762500776944e-5
CLASP2,2.652534295648021e-4
ABRAXAS2,3.236825242451608e-5
NCAPD3,4.188898576923592e-5
CLASP1,2.382824517623002e-4
NCAPH,7.658034684550802e-5
NUP62,1.3487850871305912e-4
NIPBL,2.476558520890305e-4
ANAPC15,4.339705015037396e-5
NSL1,2.039185394122732e-5
CHMP2B,1.2598148134281744e-4
LSM14A,2.392786502574109e-5
POLDIP2,4.674369684464565e-5
FBXO5,2.343087161262647e-4
AKAP8L,5.536537749947707e-5
TUBG2,4.7813329159451124e-5
VPS4A,3.315654397107542e-4
CHMP2A,2.0266261066195077e-4
EML4,8.730706984790455e-6
CHMP4A,1.1708669127208119e-4
RANGRF,1.0918752008073049e-4
UHRF1,1.2354391095639302e-4
NCAPH2,7.913299945374074e-5
WRAP73,6.928946675112578e-5
RMDN1,1.0967267956357224e-5
DYNC1LI1,6.31615917862022e-5
NUSAP1,1.4387954213486712e-5
ANAPC5,3.489082104006809e-5
ANAPC7,3.6249633049916115e-5
LCMT1,1.5602629256167703e-4
CHMP5,1.3152877856973012e-4
ANAPC11,3.9852406316159325e-5
CHMP3,1.3149068979339295e-4
INO80,6.194066070203172e-5
NCAPG2,3.699475761921448e-5
SPDL1,5.2515908617743946e-5
PINX1,1.0954994812875918e-4
ZWILCH,5.700827385421794e-5
CEP192,7.454303310174818e-5
CDK5RAP2,8.852434665049078e-5
PCID2,1.3911157825098163e-4
TEX14,9.100045419154226e-5
BCCIP,2.6568462329346638e-5
PSMG2,3.0994598652868585e-5
KIF15,3.063293530068138e-5
KNL1,3.593448421109127e-4
CHMP1B,1.3212677098582424e-4
SPC25,4.302431631586474e-5
CENPK,1.2755985192807242e-5
NCAPG,2.8692791396891043e-5
MIS12,3.0133432556108344e-5
CEP97,1.7465735935610327e-5
CHMP6,2.272532180528295e-4
MAP9,3.9794144668829805e-5
ANKRD53,2.0459639920709336e-5
CDT1,7.015662816468797e-5
SEH1L,3.663271132959684e-5
KIF18A,9.872046140551701e-5
NUF2,4.960423452234971e-5
HASPIN,3.467498709102013e-5
USP44,5.475490668671609e-5
ABRAXAS1,2.570724612607381e-5
PSRC1,2.9913914676988132e-5
KLHL22,8.763966324124775e-5
KNSTRN,1.8130608738490213e-5
BOD1,7.55219307338744e-5
CHMP7,1.1747640579588157e-4
CHMP4C,1.4662779113948932e-4
CDCA5,2.504337524285787e-5
PRAP1,2.296848792928565e-4
MISP,6.791560200533111e-5
CCSAP,8.054358222527315e-5
CHMP4B,1.3455111923602698e-4
DIS3L2,3.790538034168326e-5
PRICKLE1,5.114014285103056e-4
KIF18B,3.604225310194382e-5
SPC24,4.243600946343898e-5
PHF13,9.093676994290682e-6
SPICE1,1.412640666069514e-5
SKA1,1.485740256607116e-4
SKA3,1.4151618225220997e-4
EML3,1.7752039468762055e-5
CHAMP1,3.231880382473849e-5
NSMCE2,9.222591925167712e-5
SKA2,6.634375940095966e-5
GEN1,1.2070991520045363e-4
MZT1,9.689678083992516e-5
CCDC61,1.1445972920640832e-5
CHMP4BP1,7.815028019668217e-5
ATR,2.2752923530438437e-4
BARD1,2.3019244151864388e-4
CCND1,1.4559713059578787e-4
BRCA1,2.6523127022006203e-4
BRCA2,2.2260070974876425e-4
CCNG1,2.300045175021645e-5
CDC5L,3.121735148864658e-5
CDC6,6.85265328671482e-5
CDK2,2.522363518623412e-4
CDKN1A,2.7811958552200107e-4
FOXN3,1.5513562412803576e-5
PLK3,1.1723011694179985e-4
ATF2,3.929748104429214e-4
CRY1,2.1186163843936885e-4
MAPK14,1.847569446154875e-4
E2F1,6.414348509530095e-5
FANCD2,4.766826243093103e-5
H2AX,2.9559531764886684e-5
HUS1,6.399533556075583e-5
LYN,4.478637274671309e-4
FOXO4,5.124007318961093e-5
ORC1,3.2926399503792464e-5
PPP1R10,1.331462015231412e-4
PROX1,7.258299978825262e-4
PTPN11,3.517568381069059e-4
RAD1,7.615149716673018e-5
RAD9A,5.89215553076088e-5
RAD17,7.741172499396739e-5
RBBP8,5.603957429225804e-5
SETMAR,7.842243232458782e-5
XPC,1.7834853319078066e-4
CDC45,9.361861352760936e-5
CUL4A,4.909687386102887e-5
DGKZ,5.7099372414759834e-5
CDC14B,4.596134445868053e-5
MBTPS1,3.900801388708144e-5
IER3,7.333256860196809e-5
NAE1,5.1367112203795013e-5
BRSK2,7.223423113025338e-5
TAOK2,1.2132362399527132e-4
CLOCK,1.2876052084785563e-4
BABAM2,4.9528567405435805e-5
MDC1,1.742610204110579e-5
TTI1,5.2639833048682874e-5
TELO2,5.5698717832959396e-5
FEM1B,5.480963504667416e-5
TOPBP1,8.43323176792645e-5
TREX1,3.660857737693981e-4
STK38,4.114564506209763e-5
UFL1,2.3765254761538824e-4
BRD4,1.3877999655926085e-4
INTS7,1.3758273755009466e-5
SYF2,2.3103766814339028e-5
HINFP,7.3673186656306965e-6
GIGYF2,5.8325566429325964e-5
FBXO6,1.1894810520833525e-5
FBXO4,4.321940207420077e-5
PRPF19,5.1645752267180465e-5
BABAM1,3.047642992581695e-5
RPA4,1.9223930035547817e-5
DONSON,2.4486619254578994e-5
WAC,3.2066785884111294e-5
FZR1,8.772334548795999e-5
TAOK3,3.857810179541902e-5
MBTPS2,5.799403851184009e-5
DTL,3.770707471402474e-5
UIMC1,3.754077180568005e-5
MAP3K20,2.028223036663373e-4
ETAA1,2.0433719107115305e-5
GNB1L,2.6190058754148044e-6
NSUN2,1.6969983371910392e-4
TIPIN,5.8063067067017334e-5
RFWD3,2.991296624123656e-5
CHFR,1.0407591637782714e-4
TRIM39,2.1471685533876422e-5
TAOK1,5.49533301728419e-5
USP28,1.7197965054011318e-5
CAMSAP3,1.5756247127966423e-4
CCAR2,8.132195878658005e-5
INIP,2.097486143191977e-5
RINT1,3.4572923987194584e-5
CLSPN,2.797937646924288e-5
NABP1,2.1855872389279668e-5
INTS3,2.7508400191926355e-5
STK33,1.9465315123767105e-5
NABP2,6.263247216632736e-5
BRCC3,6.381541343246701e-5
RNASEH2B,2.9203768741089318e-5
FBXO31,2.153559608932347e-5
NEK11,1.4307743628191399e-5
WDR76,7.055888562793271e-6
TTI2,3.459522367244241e-5
MUS81,1.4925633798074233e-4
CEP63,5.7584568595414414e-5
CDK5RAP3,1.2126896917155332e-4
PARP9,1.720206186414907e-4
RHNO1,3.0421897439411273e-5
BRIP1,1.2842104236643462e-4
HORMAD1,7.419166319309692e-5
ATRIP,3.09735500608799e-5
DOT1L,1.1700863595329696e-4
BRSK1,7.636190542502179e-5
ZFYVE19,8.668546539101559e-5
TICRR,2.4287828538709514e-5
ZNF830,7.555860458856718e-5
PABIR1,2.024510229268346e-5
HUS1B,6.160726146197868e-5
RAD9B,2.2596191715850354e-5
EME1,8.826745366419658e-5
DTX3L,1.8566622368971125e-4
SDE2,2.5680918519227113e-5
EME2,5.857027886973604e-5
TIPRL,1.0133278567742984e-5
EIF2AK4,2.64210693224313e-4
AKT1,7.253687452510754e-4
CCND2,5.298099839832444e-5
CCND3,7.863596275779837e-5
CCNT1,6.587078193179002e-5
CCNT2,7.94860128064679e-5
CDC25A,6.875109324909564e-5
CDC25C,6.866443097765233e-5
CDKN1B,2.08268580723725e-4
CDKN2A,2.3460642705869981e-4
CDKN2B,6.191671663750179e-5
CDKN2C,1.69448493753998e-5
CDKN2D,4.84203559287886e-5
CDKN3,1.682288821587837e-5
GADD45A,1.0115998963131964e-4
EGFR,4.115307053530358e-4
GTF2H1,2.0888916076814077e-5
HHEX,6.519808371997314e-5
IPO5,4.958867071172256e-5
MEN1,6.551709240199886e-5
PIM1,1.428316072730487e-4
PSMD10,6.604341425000869e-5
PTEN,5.083649336779846e-4
ADAM17,2.3666080457255273e-4
TFAP4,3.2847118181167495e-5
NR2F2,1.310637738605912e-4
CCNK,9.612499254857134e-5
CDK5R1,2.2008578231340475e-4
CDK5R2,1.4690912503296087e-4
DIRAS3,8.785869897814973e-6
PKMYT1,5.932839684265167e-5
LATS1,1.1833429434388022e-4
CCNE2,5.8315565488639225e-5
IPO7,3.9466727224942664e-5
CDC37,6.551722262887428e-5
MAPRE3,6.0948248337622425e-5
GTPBP4,7.337907902376568e-5
LATS2,8.060407489728126e-5
RGCC,1.6660754355838354e-4
SERTAD1,3.908556250522753e-6
HERC5,5.051683438395967e-5
CDK5RAP1,2.1316575365422862e-4
MYOCD,2.0399037773648435e-4
HEXIM2,2.467657992210774e-5
CCNY,4.1984631078219924e-5
INCA1,2.278996974926662e-5
MIR103A1,1.3836440068363778e-4
MIR15A,8.633324679454009e-5
MIR711,1.141811757526045e-5
ACVR1,3.948486570651549e-4
ACVR1B,1.0810669376117513e-4
AIF1,1.2271877572711743e-4
ANXA1,2.2258216012567913e-4
BCAT1,1.9607344338059787e-4
BCL2,6.213375106187192e-4
BCL7A,2.5789356099432375e-5
BID,6.151878566550081e-5
CACNB4,1.2937596789252127e-4
CAMK2A,1.435047646676359e-4
CCNA2,1.2470531055015527e-4
CCNE1,5.121806791558321e-5
CCNF,3.852173466865266e-5
CCNG2,4.310075522146939e-6
CCNH,4.822691408034837e-5
CDC34,2.6857501662838126e-5
CDK3,1.402991865729862e-5
CDK4,1.4172678273699588e-4
CDK6,1.9260480990109609e-4
CDK7,1.0412342683580626e-4
CYP1A1,6.905042947303938e-4
DDX3X,2.8298828264393454e-4
DLG1,2.9196186374128556e-4
E2F3,3.910246654558383e-5
EIF4E,1.4078213670668758e-4
EIF4EBP1,1.2446859378840548e-5
EIF4G1,2.7012805899854353e-4
EZH2,2.858607654824493e-4
FGF10,0.0013117200118469895
FHL1,1.6405335165879916e-5
GSPT1,4.79442545235228e-5
PRMT2,1.337784461232385e-4
ID2,1.3861837404362013e-4
ID4,1.340313003319112e-4
INHBA,5.507927812590258e-4
ITGB1,8.142989545475827e-4
KCNA5,3.534260152879714e-4
MDM2,3.478793520556577e-4
MNAT1,6.0111906918123636e-5
MYC,4.105275300161369e-4
DDR2,2.2062165563688726e-4
PKD1,2.995838032418863e-4
PKD2,6.361467813939118e-4
PLRG1,2.376254202260376e-5
POLE,9.377041556430544e-5
PPP2CA,1.4868443156617595e-4
PPP3CA,3.7235219167957206e-4
PPP6C,3.15157233469484e-5
PSME1,2.8077795319645966e-5
PSME2,2.6716713216466957e-5
PTPN6,2.0322945890754524e-4
RBL1,2.206427318317819e-5
RBL2,1.8813491532325283e-5
RDX,1.6977364250421781e-4
DPF2,1.2244296995760014e-4
RPS6,3.941892424801625e-5
RPS6KB1,1.7318619679571745e-4
RRM2,9.329688413980802e-5
CCL2,1.870489365347253e-4
STIL,6.481414092831929e-5
SMARCA2,6.708094667300218e-5
SMARCA4,1.9795142041721865e-4
SMARCB1,1.7903307486689458e-4
SMARCC1,6.843822716436768e-5
SMARCC2,5.1361171932127937e-5
SMARCD1,5.443843201985475e-5
SMARCD2,4.4444568517145744e-5
SMARCD3,9.531891646915531e-5
SMARCE1,5.628017621296064e-5
TAF10,1.4838053556574763e-4
TCF3,5.754037629797384e-5
TERT,4.860532457203459e-4
TFDP1,3.976365868156738e-5
UBE2E2,3.244548878959004e-5
WEE1,1.4477643067960948e-5
CUL5,2.716421503259206e-5
DPF3,2.5028981472390707e-5
DPF1,1.7783967770978856e-5
ARID1A,4.968535355883504e-5
CDC7,3.9750353452870126e-5
GFI1B,7.456269972459928e-6
CUL4B,2.8818726186254614e-5
CUL2,3.887250242608943e-5
CUL1,2.9919757098275023e-5
KLF11,7.890730324071337e-6
PIAS1,3.98744822333737e-5
CDK10,3.3857598159648174e-5
CCNA1,7.308773984988372e-5
TM4SF5,1.0106388816593415e-5
CCNB2,4.7827625123089504e-5
BCL7C,2.189907974719901e-5
BCL7B,2.2266283437589923e-5
KLF4,3.012776378270704e-4
ADAMTS1,4.1118211468333216e-5
CTDSP2,1.4708949273408039e-5
PSME3,3.3194085495703684e-5
CTDSPL,1.3882037313889395e-5
CDK2AP2,1.8626946565160574e-5
CCNO,9.944367439400929e-6
BTN2A2,3.402249780059026e-5
GPNMB,4.4933747959927194e-5
KHDRBS1,9.721737021311358e-5
PLK2,7.777926481538554e-5
DBF4,4.8325383789742996e-5
CCNI,4.9130505572313015e-6
PIM2,1.2042414029143004e-5
FAM107A,3.907321929022704e-5
ECD,5.437748592903209e-6
MYO16,9.496284376727673e-6
PHF8,1.747187418998885e-4
PLCB1,6.317671452868856e-4
FBXO7,2.5313621447984214e-4
ZNF324,1.8551963526764578e-6
KANK2,7.272526117327797e-5
ANKRD17,5.6435194463499575e-5
APPL1,2.4276961788405083e-4
MTBP,3.0898405608562946e-5
BRD7,3.774812240813412e-5
GPR132,5.3992402915051345e-6
TFDP3,7.337145986232702e-6
DACT1,1.2949343081509513e-4
CRLF3,9.92592087198126e-6
ACTL6B,5.389420885704579e-5
CPSF3,5.166003850431589e-5
CCNJ,4.2971016119743606e-6
PBRM1,2.9343796381711895e-5
APPL2,2.895558926112204e-4
PHF10,3.927426667384967e-5
CPAP,2.036487625971291e-4
KMT2E,6.36573887483833e-5
MEPCE,1.3701512062568082e-4
GJC2,7.650571553459081e-5
ARID1B,4.544319742729846e-5
RPTOR,1.5521163405180738e-4
USP29,1.6175481764096905e-5
USP37,1.1789258979488928e-5
CTDSP1,1.7390389711546126e-5
RHOU,1.904173208027036e-5
ZNF655,5.10435025900329e-6
CDC73,6.329117444941088e-5
CCNJL,4.324014935438391e-6
CCNP,4.159053156968974e-6
JADE1,2.6414483849868085e-5
TMEM14B,2.7700236132533027e-5
USP26,1.9591157229146582e-5
LSM10,1.0316253604561523e-4
CCNB3,4.742244406638913e-6
SLFN11,3.033237264616934e-5
DCUN1D3,4.2647163446075156e-5
PLK5,1.1932861594751367e-5
IQGAP3,1.730485391533093e-4
TRIM71,4.043858072687356e-5
LSM11,5.4724085695082866e-5
CACUL1,4.3750014374285195e-6
E2F7,1.0606267729041714e-4
SASS6,4.789299545546904e-5
SPDYA,7.371620891900935e-5
MBLAC1,1.15822973899648e-5
ZC3H12D,1.3451570273145147e-5
MIR133A1,2.7792582582372044e-4
MIR137,3.5454569236876544e-5
MIR15B,1.1254451463282672e-4
MIR16-1,3.113338412671832e-4
MIR193A,2.4736010816065503e-5
MIR208A,2.4903849625900853e-4
MIR214,1.8579864985525488e-4
MIR221,4.048627726671412e-4
MIR222,3.0020061787829186e-4
MIR26A1,1.8103831345249593e-4
MIR29A,8.12094934891536e-5
MIR29B1,5.319319580294282e-4
MIR29C,1.0405236523106154e-4
MIR30C2,9.038899250452145e-6
MIR133B,5.530031112735706e-5
MIR372,1.8981759464437194e-5
MIR362,1.5859646045078313e-5
MIR451A,5.087148376954705e-5
MIR495,7.984174847013384e-5
MIR515-1,2.016518261672217e-5
MIR520A,6.167415239973964e-6
MIR519D,8.603075260810141e-5
MIR520H,9.71005091965402e-6
CCNI2,4.159053156968974e-6
MIR638,1.6437558484879235e-5
MIR892B,8.042580680675067e-6
PTENP1-AS,1.3902757987139067e-5
APP,9.652431412384188e-4
CALM1,2.3276638868508954e-4
CALM2,1.823788009043481e-4
CALM3,2.037839909118095e-4
CDC25B,7.533676378982648e-5
ENSA,2.3022821423194167e-5
FOXM1,2.2452063249503038e-5
HSPA2,7.885795864391236e-5
PBX1,4.222484397814589e-5
CDK14,3.384239455844196e-5
ABCB1,1.9215279709691057e-4
PKIA,1.0954287907974573e-4
RAD51C,2.2116789122782768e-4
RAD51B,4.672497565329274e-5
RFPL1,1.4088972636403546e-5
AURKA,1.762014759907134e-4
TAF2,2.0487920827144304e-5
TPD52L1,8.25811713918552e-6
UBE2A,3.504892943532919e-5
WNT10B,2.3525861984512845e-4
PPM1D,2.516080538321881e-5
PHOX2B,4.565160045847901e-4
MELK,1.2276428794436907e-5
USH1C,1.2581020837962995e-4
NES,2.3816259327199649e-4
ARPP19,2.403838646426216e-5
FBXL7,5.093405424053816e-6
USP22,5.129535314090758e-5
SIN3A,2.8094478733385565e-4
KCNH5,1.0989884377353962e-5
PPME1,1.4055281181362807e-4
USP47,3.5052208681775015e-5
RCC2,1.1621055555378052e-4
AVEN,5.067038271609906e-6
MTA3,1.6648720749507572e-4
MIIP,5.261229013953045e-6
FBXL15,1.0039922158609442e-5
KDM8,7.138547397390663e-5
CTC1,7.791209869876214e-5
DBF4B,5.43402763076463e-5
MASTL,1.5855500503710344e-4
STK35,5.550575788311372e-5
PDIK1L,5.5390188703504865e-5
CCDC57,1.0213560590581626e-5
MIR195,2.0745649527137606e-4
MIR19B1,3.6769221995966347e-4
AGXT,2.7793713075829505e-4
BHMT,2.492967214124764e-4
BLMH,6.236515628916026e-5
CBS,2.994560159040988e-4
CDO1,1.6546335115215325e-4
CTH,5.312941370089617e-4
DPEP1,2.2859687834387313e-4
FMO1,1.1386462749197661e-4
GGT1,1.4284016132889193e-4
GCLC,2.8616465978056817e-4
GCLM,3.238210687686936e-4
MAT1A,1.2967326382543073e-4
MPST,1.4857559057813308e-4
MSRA,1.4173902034997452e-4
MTAP,1.4480416081962688e-4
MTHFD1,2.4074449990809814e-4
MTHFR,2.1003089976381577e-4
MTR,1.5499707073997085e-4
MTRR,2.1893450835714943e-4
MMUT,1.833981706886546e-4
SMS,9.95212205642054e-5
TST,1.529583777431358e-4
SLC7A11,5.244590274707911e-4
BHMT2,1.9636591910914932e-4
GNMT,1.4137770782137113e-4
NOX4,8.101028694706952e-5
APIP,1.0540987351842053e-4
CSAD,2.3224092339389408e-4
ADI1,1.6866133836850841e-4
ENOPH1,2.0443076900094308e-4
MRI1,1.0933341720462521e-4
MTHFD2L,1.8878543589204e-4
LOC102724560,2.994560159040988e-4
CTNS,3.0465362659743014e-4
SLC1A2,2.026598235786413e-4
SLC1A4,3.8751685042621813e-4
SLC3A1,5.620054920247406e-5
SLC3A2,2.8334356126791504e-4
SLC7A5,4.0564055349494413e-4
SLC7A9,9.93720171797795e-5
SLC43A2,2.8517918022471887e-4
MFSD12,1.2350268515400091e-4
SLC7A13,2.8846754708974685e-5
PAPSS2,2.1365096182417645e-4
PAPSS1,2.122904126056794e-4
ACVR2B,1.1707519306197269e-4
AEBP1,1.0832067803171996e-5
TLE5,1.681251442857644e-5
NR0B1,1.0146666328883269e-4
BIN1,3.5112928952035424e-4
APBB1,1.8249421819775613e-5
APBB2,1.4531092205621473e-5
FASLG,1.6160350929987673e-4
AR,4.004697147834241e-4
ASCL1,7.606198399969016e-4
ASCL2,2.1647279783155e-4
ZFHX3,3.093002774589976e-5
ATF3,1.0944683885498218e-4
ATF4,3.1387032242175455e-4
BACH1,4.346066699860718e-6
NKX3-2,2.492417167403257e-5
PRDM1,1.2655760291522704e-4
BMI1,2.0309603012358063e-4
BMP2,7.250453917444304e-4
BMP4,0.001624089967597155
BMP6,3.182637255839776e-4
FOXL2,2.2953780638580363e-4
KLF5,1.1632943809681835e-4
CALR,2.0455855243009955e-4
CAV1,5.62228747517661e-4
RUNX1,1.398009631230219e-4
RUNX3,7.892714164508894e-5
CBFB,7.159388864710736e-5
CD36,6.562412452809197e-4
CDKN1C,4.86961987359525e-5
CDX2,3.349720980354422e-5
CDX4,7.551121537701389e-6
CEBPB,1.9196838112648537e-4
CHD3,2.8374089130231343e-5
CHD4,6.231083164647128e-5
CREM,2.213388559002643e-5
CRY2,2.302544361770916e-4
CRYM,9.054224116784205e-5
NKX2-5,5.700761701110644e-4
CTBP1,2.2496910330586177e-5
CTBP2,2.524449471799123e-5
CTNNB1,0.0013263407227982855
CUX1,1.0121311948803255e-5
DAB2,3.543014935930151e-4
DACH1,5.252357277875231e-5
DDIT3,2.3620092623544638e-4
DDX5,8.32915007513952e-5
DLX1,1.1853374199318807e-4
DLX2,1.2127184037855998e-4
DLX4,2.556327653924128e-6
DMRT1,1.244384114744756e-4
DNMT1,2.843174772866175e-4
DNMT3A,1.9253261732211588e-4
DNMT3B,1.0698361804745131e-4
DR1,5.314495399723389e-5
ATN1,1.2705198421225008e-5
E2F6,6.536551381190587e-6
E4F1,3.190250556832133e-5
EDN1,8.918475320693435e-4
EDNRB,4.1214926981091005e-4
EFNA1,1.6688248756253056e-4
EGR1,3.8700564030750634e-4
CELA1,4.204092539800213e-5
ELANE,1.7840187632889342e-4
ELK3,1.5134320295157489e-5
ELK4,2.0644311789298295e-6
EN1,4.615083068089511e-5
ENG,2.8211412508313713e-4
ENO1,1.4599460163735206e-4
EP300,7.410518373118064e-4
EPO,2.752200200695489e-4
NR2F6,2.163529669917009e-5
ERF,1.6306277294562234e-6
ESR1,2.777608098739292e-4
ESR2,3.159875303839962e-5
ETS2,6.686557599466842e-5
ETV3,2.0805003158524608e-5
ETV5,7.436253272233664e-5
ETV6,2.2928144612161735e-5
EZH1,4.740879862381223e-5
BPTF,2.0359629545641365e-5
FBP1,2.3184180032634512e-4
FGF9,2.3546459107260677e-4
FGFR1,7.028270301270956e-4
FGFR2,7.948360304008783e-4
FHL2,7.143130043787265e-5
FOXG1,8.250634626833607e-5
FOXF1,4.6980120836073193e-4
FOXC1,3.1237844432255817e-4
FOXJ1,5.9813124485133e-4
FOXC2,3.0145023334249873e-4
FOXE1,6.788478570585825e-5
FOXS1,7.381964827965519e-6
FOXO1,1.2932724034853005e-4
FOXO3,2.437461153713173e-4
FOSB,2.6411713605269628e-5
FRK,8.252191235671668e-6
GABPA,9.643626798741276e-6
GATA1,2.472080178758172e-4
GATA2,2.909162917755612e-4
GATA3,9.129185396269162e-4
GATA4,2.1655096152602433e-4
GATA6,4.281602154471668e-4
KAT2A,4.303753590392273e-4
NR6A1,8.75792931662768e-6
GFI1,1.326612725745593e-4
GLI2,2.0170984838572366e-4
GLI3,7.297095539786086e-4
SFN,1.0685207485441986e-4
GPS2,8.834798706531062e-5
NR3C1,1.482980520743027e-4
HCFC1,6.020458982650806e-5
HCLS1,4.953909749629008e-5
HDAC1,2.686370968254601e-4
HDAC2,4.4075766847706413e-4
HDGF,7.960158961404649e-6
HIC1,1.338091607119849e-5
HIVEP1,3.492804199858475e-6
MNX1,1.625136421332287e-5
HMGB1,4.413928395316741e-4
HMGB2,1.1113324115989532e-4
HMX1,1.6723235043867211e-6
FOXA1,2.2791639590468798e-4
FOXA2,5.207358391436697e-5
HOXA2,1.4510376560100544e-4
HOXA7,4.1077068176022885e-5
HOXB3,4.21717685539876e-5
HOXB4,2.691226282992893e-5
HOXB8,1.2734772712019162e-5
HOXC8,2.4765848717368712e-6
HOXD8,1.2988648822398193e-5
HOXD9,2.1865754028424573e-5
HES1,0.001092027384456099
HSBP1,3.860368140392056e-5
HSF1,4.108407113013321e-4
HSF4,4.880265070431646e-6
DNAJB1,3.41411333397907e-5
IRF8,8.195523238218147e-5
ID1,2.446079231340129e-5
ID3,1.65156451437801e-4
IFI16,6.76064661746409e-5
IFI27,2.2910656815525738e-5
IGBP1,2.3765953007670443e-5
IGF2,1.1895436771963385e-4
RBPJ,4.613782628077082e-4
FOXK2,3.249197106190209e-5
ING1,1.617692368086621e-5
ING2,1.326978870082677e-4
INSM1,1.040835105209882e-4
PDX1,1.3613954315909964e-4
IRF2,2.797229426038921e-6
IRF3,6.579863435332257e-5
IRF7,1.2513227010142814e-4
ISL1,3.0948956448589453e-4
JARID2,1.3829599040605272e-4
JUN,8.542138151780756e-5
JUND,1.7533178779763522e-5
LEP,7.685060716261806e-4
LMO1,3.437842758060307e-5
LOXL2,7.012073814498535e-5
MXD1,2.9902264261874477e-5
SMAD3,4.4296422354650684e-4
SMAD4,7.144476566498994e-4
SMAD5,1.0902305300497155e-4
SMAD7,3.3658845608474205e-4
MAF,9.874168356539341e-6
MAFG,5.4047258588436724e-6
MAGEA1,3.452875158201392e-6
MAGEA2,2.7378899364474266e-5
MAGEA3,2.1070803476110186e-5
MAGEA4,1.8002066809364729e-6
MAGEA6,2.3163170260740246e-6
MAGEA8,1.3080685874397703e-6
MAGEA9,1.3080685874397703e-6
MAGEA10,1.3895983838973403e-6
MAGEA11,1.4475322031988615e-6
MAGEA12,1.3080685874397703e-6
MAGEB1,8.504727820311416e-7
MAGEB2,9.019853475580853e-7
MAGEB3,9.019853475580853e-7
MAGEB4,9.115391678150523e-7
MAX,6.424155820296216e-5
MAZ,9.380593871873168e-6
MBD1,3.3345510979008367e-5
MDFI,2.134803045537993e-5
MDM4,2.1087907597515023e-5
MECP2,7.253173857707316e-4
MEF2C,5.515878419617533e-4
MEIS2,4.2526838250640354e-5
CIITA,5.2924545507999514e-5
MITF,3.9598002232122e-5
MMP12,1.1873614983331333e-4
MNT,3.436590038279203e-6
MSX1,2.2839466998597293e-4
MSX2,2.617382275276762e-4
TRIM37,9.432048496249683e-5
MXI1,2.267451518520509e-6
MYB,2.0928058500844636e-4
NACA,1.1479974713124569e-4
NCK1,3.0256835945885544e-4
NDN,3.6439612682986e-5
NEDD4,1.7266656214067136e-4
NFATC2,6.160826643410423e-5
NFATC3,7.993725426135335e-5
NFATC4,7.795532956286576e-5
NFE2L1,3.4978871066349404e-5
NFIB,3.0480135570027674e-4
NFIC,2.5062465287620506e-6
NFIL3,8.540702146314266e-6
NFIX,1.8868917019855836e-6
NFKB1,2.524307742512924e-4
NFX1,1.8308345755516985e-5
NKX3-1,3.0007941582241033e-4
NKX6-1,1.0519786902470414e-4
NODAL,6.577914123101585e-4
CNOT2,6.389981859643592e-5
NOTCH1,0.001407582552524879
NOTCH2,2.4393979922565547e-4
NOTCH3,5.884703614734811e-5
NOTCH4,6.106839171265021e-5
NPAS1,1.1552447688591245e-5
YBX1,1.0523646873458315e-4
NR4A2,1.1895035638523354e-4
ORC2,2.2879383625938507e-5
OVOL1,7.020715236725149e-5
PRKN,8.642767774953189e-4
PAWR,7.751505820409292e-5
PAX5,1.5561821040260582e-5
PAX6,5.944765831181002e-4
PCNA,3.439482710889734e-4
PDE2A,1.6384547160838378e-4
PEG3,2.0880036052229166e-6
PER1,5.2860013405054775e-5
PHB1,1.9730139775896876e-4
PITX2,1.0716714937564214e-4
PLAGL1,2.7027788485318585e-6
PRRX1,4.0537892761212255e-5
POU1F1,9.668772581106669e-6
POU4F1,1.6101892805297176e-4
POU4F2,1.2691231168495692e-4
POU5F1,1.0843185477327703e-4
POU6F1,2.3662366653186214e-6
PPARA,3.7721270626954614e-4
PPARD,2.1939256471410526e-4
PPARG,4.335028551189142e-4
MED1,3.1312080828150527e-4
PPID,3.9169884854472026e-5
PPM1A,7.340101323594572e-5
MAP2K5,9.427760953046242e-5
PROP1,7.050384549527043e-5
PTCH1,2.502692028306704e-4
PTPN2,5.031710849861158e-4
PURA,5.944241628098271e-5
PURB,1.9557492619425384e-5
RARA,2.6109138158634935e-4
RARB,6.641521047934231e-5
RARG,1.3734665355764002e-4
ARID4A,3.7402441192905586e-5
KDM5A,3.2193949935013125e-5
RBBP4,6.860330009583376e-5
RBBP7,6.15906713677545e-5
RELA,3.313460408768528e-4
REST,5.262575431800393e-4
RFC1,5.762773113497827e-5
TRIM27,5.307726767745526e-5
RFX5,1.0399634562440052e-5
RNF2,6.556378934123145e-5
RORC,6.120174216951162e-5
RPL10,8.891237265503108e-6
RREB1,7.012465005074298e-5
RXRA,1.3741418247497492e-4
SALL1,1.7806787861866696e-4
SARS1,1.254463463749957e-4
SATB1,3.1097639553760704e-6
ATXN1,2.152257055599572e-5
SDCBP,1.7948280024346382e-4
SFPQ,2.6348815346341772e-5
SHH,0.0017310015434556614
SHOX2,1.7677899035662087e-4
SIM2,3.2620193721248533e-6
SIX1,5.378211489445584e-4
SKI,1.3623792638908352e-4
SKIL,3.84210996516283e-5
SNAI2,3.0175144195461755e-4
SMO,4.738170745872613e-4
SNAI1,1.7930373332888792e-4
SNCA,8.452903420594439e-4
SOX1,5.4766550733304776e-5
SOX2,9.379448842613616e-5
SOX3,1.101978700991718e-5
SOX4,2.9635229378344684e-4
SOX9,0.0010527671315336345
SOX10,8.318613392128274e-5
SOX11,2.1237461652213525e-4
SOX15,1.3170086130748223e-4
SOX12,1.3933692026650104e-5
SP2,2.338365461597098e-6
SP3,4.529874229860333e-5
SP100,8.36779362189227e-5
SPI1,2.933061248567673e-4
SRC,6.536414447321074e-4
SREBF1,1.2903330645757475e-4
SREBF2,1.1421846543018614e-4
SSX1,2.4999551353681868e-6
STAT1,4.062866635933895e-4
STAT3,3.4994164991611896e-4
SUPT4H1,4.4045945357347494e-5
SUPT5H,3.842306740659276e-5
SUV39H1,8.7865084511703e-5
TBXT,3.222357399723998e-5
TAF1,2.06486724135601e-4
TAF7,1.8736919855032495e-4
TAL1,1.858344948955951e-4
TBL1X,8.37156985234175e-6
TBX2,4.4125729440692404e-4
TBX6,6.046406759727182e-5
TBX15,1.026564763900978e-5
TBX3,3.737785902084699e-4
HNF1B,8.63216402148644e-4
TCF7L2,1.7569809607073216e-4
ZEB1,5.271202027274547e-5
TCF21,2.1155608837320717e-4
MLX,3.2300493061165766e-6
TDG,2.3604476698495708e-4
TFAP2A,2.2268895462633612e-4
TFAP2B,4.963424823086531e-5
TFAP2C,4.908423251693646e-6
NR2F1,1.3434427821926386e-5
TGIF1,6.8018648356583924e-6
THRA,1.9905383192171696e-4
THRB,1.826374393084914e-4
KLF10,1.3087730664179334e-5
NKX2-1,1.1801866771866852e-4
TLE4,8.211752519343166e-6
NR2E1,1.2187017936820543e-4
TNF,0.0013895705533734954
NR2C1,2.2703336318570425e-5
NR2C2,7.351333000363615e-6
TRO,3.038733278625992e-6
TRPS1,4.695830625769964e-6
TSG101,1.9850115100167036e-4
TWIST1,4.671217334804728e-4
TXN,1.3010302316404117e-4
UBE2D1,1.915326936151514e-5
UBE2D3,2.3658438967511784e-5
UBE2I,1.5493900227053604e-4
SCGB1A1,1.3594955208722528e-4
NR1H2,3.1999806397210327e-4
VDR,3.930924307841012e-4
VEGFA,8.78174262114603e-4
VHL,3.264241240770656e-5
EZR,1.9873065533211086e-4
TRPV1,3.104040058722808e-4
WFS1,1.207996000194319e-4
WT1,5.37413470275854e-4
XBP1,4.387694571061819e-4
YY1,1.4597725856222487e-4
YWHAZ,8.280041510445316e-5
ZFP36,3.344489338050426e-4
ZBTB14,7.01347079862272e-6
ZNF8,2.821558769363794e-6
CNBP,6.16984765601116e-5
MZF1,2.3835334658958046e-6
ZBTB25,1.9841185238570984e-6
ZNF85,1.7939923885132978e-06
ZNF91,6.161687164305811e-6
ZNF131,2.6731466970527796e-6
ZNF133,1.2911080595533572e-6
ZNF134,1.9841185238570984e-6
ZNF136,1.3771763857853193e-6
ZNF140,1.7338432158706702e-6
ZNF141,2.5771595416445414e-6
PCGF2,2.274002834415235e-5
ZBTB16,1.5920418571549127e-4
ZNF148,5.830873652318226e-6
ZBTB17,1.2650533828197883e-5
ZNF174,2.0758325812178997e-6
ZNF175,2.7247686309671296e-6
ZNF177,1.6545204008199866e-6
ZNF202,1.972833464218341e-6
ZNF205,5.873633950133247e-5
ZNF217,2.668505386846868e-6
ZNF224,3.2947059532359803e-6
PRDM2,2.2253014179505262e-5
BTG2,4.5803806444270414e-5
NELFE,2.2311973423865582e-5
MAFK,2.1660071610807414e-6
NR4A3,2.381480113708534e-4
HMGA2,2.5939551878020173e-4
ALX1,5.802127560276176e-6
ZNF239,1.7601060346211883e-6
NRIP1,7.855809398575728e-5
USP9X,1.4953601239155742e-4
EOMES,1.3202091029195805e-4
SOX14,6.914290136916249e-6
UXT,1.8946242609734278e-05
NR0B2,3.1092018145938196e-5
NCK2,8.730493556558138e-5
OGT,3.6284439566169294e-4
YBX3,1.0069257122810719e-4
CBX4,2.0261398616106768e-5
BARX2,9.703348551161295e-6
LMO4,4.133721344630629e-5
CGGBP1,1.4924381102590975e-6
BHLHE40,2.3426985061022727e-5
TNFSF11,2.3303392619694434e-4
KLF7,4.0452480453269656e-5
TP63,3.597505738741189e-4
URI1,5.283148132878958e-5
EED,1.0238481410477525e-5
SAP30,1.3742336012808228e-5
HESX1,5.0605678820137505e-5
HDAC3,1.994433272633009e-4
NR1I2,8.823230851171226e-6
LDB1,9.172041774601167e-5
PER3,2.852075394043781e-5
PER2,1.6681902179648908e-4
SQSTM1,1.4945979500228997e-4
FOXH1,1.1753639198881368e-4
MBD2,4.805700862268274e-5
LDB2,1.6858002238015956e-5
TBX18,1.9239876034702884e-4
USP2,2.0929101015477767e-5
MTA1,5.691648927354084e-5
CBFA2T2,8.41857140035269e-6
ZMYM5,1.055447461115432e-6
LRRFIP1,2.8218092371975312e-6
MTA2,3.091914948702772e-5
NOG,3.532855043393086e-4
MSC,2.772341924972572e-5
COPS2,3.2547529745655306e-05
RPL23,1.0189818876583019e-4
HAND1,1.8063541969893604e-4
MAGED1,2.7782736415081553e-5
ZNF254,1.365976757290436e-6
CIR1,3.040884832582029e-6
MACROH2A1,2.8674600975581307e-4
GTF2IRD1,5.726217911543773e-5
NR1D1,1.7490435425058831e-4
SOX13,5.504412455496427e-5
NFE2L3,3.1891726543975066e-6
NCOR1,6.649675020304226e-5
NCOR2,3.960741082386992e-5
CTR9,5.37001083524215e-5
PHF14,1.230302638788342e-4
DCAF1,6.948722000889143e-5
HDAC9,9.051277721769948e-5
ZNF536,2.1931058341497625e-5
HDAC4,1.6594193146132378e-4
KEAP1,2.5462843405755305e-5
ZEB2,3.1607139900169433e-4
ZBTB39,1.9841185238570984e-6
ZBTB5,1.733232660896982e-6
MAFB,2.1642695076360882e-4
MAGEC1,9.019853475580853e-7
USP3,3.568572195277601e-5
NR1I3,4.342949870501673e-6
NR1H4,8.259470824328014e-4
NR1D2,1.3476165002308162e-5
NR2E3,1.6167181622746942e-5
ZBTB33,3.974691368831398e-6
HDAC5,7.674187609951545e-5
NR1H3,2.79765871446241e-4
ZNF263,1.9839067658512123e-6
TRIM28,9.780073721740177e-5
AASS,3.3278280874881927e-4
SORBS3,1.3347611370526385e-5
OLIG2,8.67261157060348e-5
COQ7,8.374320064809748e-5
HMG20A,1.1764325475279169e-5
KLF2,1.3442928807286367e-4
CITED2,2.1694261221080085e-4
PIAS3,3.5775781337307776e-5
YAP1,2.251419304847132e-4
N4BP2L2,3.3833423161934644e-5
FST,7.022367556595982e-5
ZBTB18,3.718370467360139e-6
TADA3,3.0859480013674836e-5
HOXB13,6.057278080428817e-5
NCOA2,6.958380536445475e-5
SEMA4D,9.099872508000363e-5
DEAF1,1.459573017490285e-5
DRAP1,3.8710271871873633e-5
MXD4,1.5182443802300679e-6
HEXIM1,5.9893172421559646e-5
TXNIP,3.3128055183021684e-5
LEFTY1,8.365156741096409e-6
CTCF,6.0718543191129626e-5
TCFL5,3.961476921105889e-6
ZBTB6,2.022476364325731e-6
ZNF274,1.66693175999339e-6
ZNF268,7.509065006623245e-6
PPP1R13L,1.4463043366987896e-5
ARID5A,9.877512424431566e-5
TCERG1,1.9835825688930557e-5
MAGED2,1.2410522050317392e-5
ATF7,1.0354544197676234e-5
VAX1,2.9519232868859456e-5
WWP2,1.70036181310075e-5
SOX30,6.123545038216591e-5
DNAJB4,1.2015582461956048e-5
WDR5,5.624554843767783e-5
PRDM5,5.395202884957054e-6
PKIG,2.6116620720307723e-5
SOX21,5.409794799645088e-6
STRAP,4.7348365983825685e-5
DDX20,3.185455017930573e-5
ZHX1,1.4486187958520595e-6
KLF12,2.1508943335670552e-6
KLF8,3.915628069930552e-6
TFEC,3.913420910240682e-6
SCAF8,1.6524186834105653e-4
CPEB3,1.0778984974391742e-4
ZHX2,1.5490130818890252e-5
ZBTB1,1.8717437996760625e-4
RALY,3.973163954126037e-6
SIRT2,5.587900679454075e-4
SNW1,8.187625654458032e-5
DKK1,6.331464741711511e-4
TCF25,3.311124550959387e-5
SPEN,1.4738830774795039e-5
CNOT1,9.753721498451352e-5
WDTC1,1.5298676399073357e-5
MYT1L,4.4999483523855406e-6
HIC2,2.0155002157129697e-6
RTF1,2.3834969659307027e-5
WWC1,1.7588136531795006e-5
SIN3B,4.964540555498819e-5
SATB2,1.103723092865701e-5
CUX2,3.012606765535092e-5
DICER1,2.269717532811251e-4
ZFPM2,1.1516340378436027e-4
RYBP,9.648677901658797e-6
OTP,4.7795512846053594e-5
HEY1,1.386331192633744e-4
CBX6,9.177413000921792e-6
CBX5,1.5498455932519935e-5
CBX7,6.127657808626639e-6
HEY2,4.728495475184268e-4
SUZ12,4.443487540501267e-5
MORC3,2.6855180044204032e-5
ZNF281,7.37019234351293e-6
PATZ1,8.679707548395442e-6
ZMYND8,6.911787713942553e-5
TRIM29,9.4937639001879e-6
EID1,3.90825781876385e-6
MAFF,1.0277443244792632e-5
SPDEF,6.881704617663493e-5
VAX2,2.4718916271638528e-5
ZNF345,4.110765669792955e-6
BRMS1,3.721354332377681e-5
WWTR1,6.359632540424402e-5
ZNF451,2.7929791861131062e-5
ZBTB20,4.277429600030722e-5
IRF2BP1,2.6441485360085907e-6
PHF19,9.468550964859566e-6
NOC2L,1.388571843477986e-4
ANKRD2,1.3440934291151792e-5
HEYL,1.0948940744117686e-4
FOXD3,2.4840600520546963e-6
ZBTB32,2.173328880657341e-6
FOXP1,2.0939383327783643e-4
MAGEH1,9.799453074653299e-7
HIPK2,1.159039635845831e-4
TAGLN3,2.0165156630736366e-6
TFCP2L1,1.1664603714512882e-5
HCFC2,7.098246991679651e-5
STRN3,2.80955553816127e-5
LMCD1,1.6617217921254525e-5
SOX8,1.9091931205473e-4
KCNIP3,1.022190028032192e-5
ZNF354C,6.694084252112027e-6
ZBTB21,1.529439163753933e-5
NEUROG3,1.5139245287929996e-5
IRX4,7.489773974189728e-5
TBX22,2.264364756445569e-6
ZBTB7B,2.291983220071104e-4
MLXIPL,1.9945826860974037e-4
RLIM,1.2236497335341456e-5
LEF1,4.384768997634018e-4
ZNF219,2.4773417307514795e-5
KLF3,5.44616909897898e-6
PHF21A,3.93520717303778e-6
ZBTB7A,7.268022785135942e-5
ZNF589,1.8004770193284215e-6
AMOTL2,3.0202350381735575e-5
MAGEC2,8.068710091382627e-6
ETV7,1.879737662909538e-6
CXXC5,4.363318363415479e-6
SIRT7,3.7456656946175434e-4
MBIP,2.155289133387025e-5
HDAC7,8.400814984695266e-5
LARP7,3.02973559144152e-4
TRIM33,1.2897663450412352e-5
TAF9B,3.218364983756558e-5
SUFU,2.7608262262375445e-4
ARID4B,3.3745251793139395e-5
MYOZ2,6.194668402257283e-5
BCL11A,3.1686556428474593e-4
MBD3,2.309059512507873e-5
RIPPLY3,3.6892931309490113e-6
PCBP3,4.9744651070642295e-5
POLE3,6.3055231848461e-5
SOX18,8.27490265909973e-5
MIER2,8.285098626016814e-6
MAGEL2,1.5390149756737305e-5
DLL4,1.389318080274783e-4
PAF1,3.3026897357046504e-5
HES2,2.813677003395529e-6
GATAD2A,1.3828670103599482e-5
CC2D1A,2.334629037202927e-4
BCOR,1.0871983927374103e-4
FEZF2,1.1757023389908654e-4
AKIRIN2,5.570215704147003e-5
THAP1,3.5662364394810995e-6
PRMT6,1.5933073290439904e-4
DNAJC17,3.1905942115094224e-5
IMPACT,1.344583276374344e-4
HES6,3.854281512173917e-6
MACROH2A2,6.391004324041609e-5
BATF3,9.538717527914967e-6
LYAR,1.60594833120854e-5
ZNF692,6.712849359715716e-6
YEATS2,2.8191137709606957e-5
ATF7IP,5.0165006584404756e-6
WWC3,9.161280991951044e-6
HDAC8,8.956776366289643e-5
LIN37,1.7729821832885466e-5
NSMCE3,2.7723576046264493e-5
MOSPD1,1.6132007323766258e-6
ASCL3,6.624084728555685e-5
DUSP22,7.681450993273094e-5
SMYD2,4.956737827337983e-5
OTUD7B,4.990958022288319e-5
CTNNBIP1,1.1217353062558184e-4
TBX20,3.2787733166099903e-4
JPH2,7.165448968321378e-5
SALL4,1.811351924170421e-5
THAP11,1.4215701176456615e-5
KAT14,3.13067345450504e-5
CBX8,2.4491144202253955e-5
ZNF304,1.4109140269935673e-5
TENM2,3.814926216346554e-5
GATAD2B,1.6540223569676567e-5
SCAF4,1.608777556542338e-4
ZNF512B,7.356448120803555e-6
ZNF608,9.404952470785795e-7
FNIP2,3.425171658759782e-5
ZBTB2,2.0083651502603022e-6
PHF12,7.118653859540548e-6
ZBTB4,5.199554562368541e-5
BEND3,3.474873552391933e-5
CHD8,4.662151918724182e-5
ZBTB26,2.0083651502603022e-6
MAGEE1,1.7236125196256127e-6
MIER1,9.996497310093992e-6
NCOA5,7.2509766380619205e-6
TRIB3,4.196070791394474e-5
OVOL2,1.0900956835762168e-4
SINHCAF,1.181315466008706e-5
MYOZ1,1.2313003343981417e-4
PRDM12,1.9463369743822297e-5
PRDM13,1.2852410351848728e-5
TRPV4,3.7535222641414136e-4
ZNF350,1.3629924173225306e-5
TGIF2,4.012274952761932e-5
BACH2,7.516680653313251e-5
NIF3L1,1.7037698271032076e-6
BCORL1,1.4997912533286466e-6
PRDM16,5.3281274457161154e-5
PRDM14,8.644337295227113e-5
IRF2BPL,1.4119747418479421e-5
NSD1,5.24917161435414e-5
IKZF5,2.0063668197243982e-6
GZF1,1.247404453412196e-5
SUDS3,2.1194271906471847e-5
SMURF2,2.7203539413186014e-5
ZBTB10,3.4217289259921856e-6
DUSP26,1.818196384664602e-5
IRX3,1.5938785624629656e-4
IRX1,1.016751080408131e-4
BHLHE41,2.795755170899964e-5
ZBED2,1.2044959664012545e-5
NKAP,1.4988516089340974e-5
SAP130,1.1694478593162949e-5
HMBOX1,6.138141882930274e-5
MCPH1,2.30579318421308e-5
SAP30L,4.527917000450198e-5
TBL1XR1,2.7236658980921932e-5
SUV39H2,3.053490675708301e-5
E2F8,1.5094151839852328e-4
ZNF750,3.6679528321832936e-5
ZNF668,2.4308131171594295e-6
EHMT1,7.008489331315209e-5
TLE6,3.5204230718162786e-5
NANOG,1.96646388676554e-5
WWC2,9.161280991951044e-6
TET1,8.223934576339007e-5
ZKSCAN3,7.4547196897184785e-6
ESX1,1.9948961764231373e-6
THAP7,6.864359958124236e-5
MAGED4B,9.019853475580853e-7
TSC22D4,4.744593147901491e-6
MED25,1.7422424134491823e-4
ZNF93,5.769988912315072e-6
MXD3,2.1510285669973393e-6
SCRT1,3.421364551174852e-6
NRIP2,4.182899838524063e-6
KLF16,8.468430721189873e-6
TAF3,2.3761063661970977e-5
HDAC10,2.444862866543091e-4
PCGF6,6.110307817163988e-6
ARID5B,2.5317933242882002e-5
SLA2,1.2277278353103672e-5
FLYWCH1,5.976580471512464e-6
PHF6,1.0618356374018773e-5
BRMS1L,1.1976049986071485e-5
SARNP,1.1421860556041914e-5
LCOR,1.2919120194856092e-5
NKX6-2,4.074548927359439e-5
ZC3H8,8.766327540930633e-5
HOPX,7.130454359792254e-5
ZBTB37,2.0583766666204884e-6
ZGPAT,2.833958971582925e-5
ZNF469,2.1635164226690584e-6
GLIS2,1.0528748067757346e-5
HES7,8.027105051549753e-6
KDM2B,1.952721244497593e-4
INSM2,2.834249921689015e-6
CBX2,9.852978596227615e-6
PCGF1,6.899432670159963e-6
FAM220A,5.73074326445646e-6
ZBTB45,2.053924173803568e-6
RITA1,4.2805542787917265e-6
MAEL,8.521674090025704e-5
AJUBA,3.3844799193080885e-5
SCRT2,9.141307249144415e-6
MBD3L1,5.324923935399171e-6
TGIF2LX,1.5352418706105388e-6
SAMD1,8.350758209796156e-5
MLIP,3.946065764831634e-5
TGIF2LY,1.5464414991054222e-6
IL33,5.996700820211754e-4
CREB3L1,3.865432084152652e-5
RIPPLY1,2.337903965014193e-5
MTDH,2.1567994482826586e-5
PRDM6,2.6145020367325876e-5
FOXP2,1.0381380948053934e-4
FOXQ1,7.67920441418513e-6
FNIP1,8.927713471493177e-5
SGF29,3.443248371966006e-5
NACC1,2.3103362650524765e-6
ZNF653,2.136282639686516e-5
OSR2,6.800270909249462e-5
FOXP4,1.819300987128944e-6
ZNF354B,1.8689299288590212e-6
AEBP2,6.708379896435764e-6
JDP2,1.6668428957346454e-5
MBD3L2,7.350295788516891e-6
DMBX1,8.659351588710185e-6
OSR1,0.0010483866331391883
RIPPLY2,1.63521176813805e-5
ZNF572,2.0083651502603022e-6
NACC2,1.4484177718221023e-5
MAGEC3,9.019853475580853e-7
MAGEA13P,8.504727820311416e-7
MAGEB10,9.019853475580853e-7
MAGEE2,9.019853475580853e-7
MAGEB16,8.504727820311416e-7
TCP10L,1.5603047686839086e-6
GATA5,1.6894908891779543e-4
ZBTB46,9.705625896035141e-5
GSC,6.705031936913939e-5
ZFP90,1.8574431539752989e-6
SAMD11,2.2669586431703266e-5
HJV,4.452159422062657e-5
GLIS1,1.8666772045516797e-6
TCF23,1.0985439242972717e-5
DAB2IP,2.79983449198475e-4
CREBRF,1.0364659836485488e-5
IRX2,1.0154912799258142e-4
AMOT,8.629108111090128e-5
ZNF746,4.138029526301726e-6
NKX6-3,6.359089049893896e-6
MAGEB6,9.019853475580853e-7
ZFPM1,2.650679652198124e-4
ZNF296,9.85133650952435e-6
EID2,2.350481209750982e-5
TMPRSS6,1.7638925801961612e-5
PARP15,3.7793413006718725e-5
ZBTB49,4.229526119270113e-6
MIER3,1.8288640482032227e-6
ZNF366,1.4349369666111697e-5
OLIG3,3.0999777056825826e-5
THAP5,1.7118090980027391e-6
GLIS3,2.185690640504035e-6
ARX,1.5893598143146718e-4
ZNF431,2.094490787548233e-6
ZNF675,5.274770787533396e-5
SDR16C5,1.8394909755221776e-5
CC2D1B,2.2363042621516554e-6
FLCN,1.4160486725851764e-4
ZBTB12,1.9841185238570984e-6
JAZF1,2.6163518136910324e-6
FOXK1,3.368657713058279e-5
FERD3L,1.3563197963296274e-5
BCL6B,3.6353987481118893e-6
ZNF683,1.2909253454972128e-4
MAGEA2B,2.7378899364474266e-5
FOXR1,2.3794999900669813e-6
MBD3L5,5.313724306904288e-6
MAGEB18,9.115391678150523e-7
SNAI3,2.6382133885114506e-6
VSX2,2.2333183119693745e-6
MYPOP,1.7083803142584966e-6
ATXN1L,3.0186586819021115e-5
SAMD7,2.319982346757328e-5
MAGEB5,8.504727820311416e-7
IRF2BP2,6.256352764525139e-6
ZNF568,4.601598013909214e-6
HES5,3.1186784351085363e-4
SP5,5.488459222521826e-6
NUPR2,2.0281631129724395e-6
FEZF1,3.791891287606173e-5
SKOR1,5.968288394902483e-6
HELT,5.924440395842805e-5
MAGEB6B,8.504727820311416e-7
ZBTB34,2.0695762951153715e-6
MIR128-1,1.4504699223188782e-4
NRARP,9.624744913080327e-5
MAGEB17,8.504727820311416e-7
FAM220BP,5.2311188908928976e-6
SKOR2,5.480634644795452e-5
ZBTB8A,3.5720047660258476e-6
MBD3L4,5.313724306904288e-6
MBD3L3,5.324923935399171e-6
MAGED4,9.019853475580853e-7
MAGEA9B,1.3080685874397703e-6
MBD3L2B,5.313724306904288e-6
ZGLP1,4.3762537430552015e-6
ZBTB42,1.4303429712653792e-6
ZBED6,1.869778782002336e-5
ZNF559-ZNF177,1.6545204008199866e-6
CENPA,4.2498366963095204e-5
DCTN1,1.2252282787469817e-4
GJA1,3.978589237989803e-4
HTT,2.0449138269657772e-4
INPPL1,6.183482043436223e-5
PAFAH1B1,2.7916329949829956e-4
PKHD1,6.919806308095586e-5
DYNLT1,2.3546066190815377e-4
SPRY1,1.486880421082996e-4
SPRY2,1.2988849556345728e-4
FBXW11,4.032404940486402e-5
GPSM1,3.578883354855045e-5
GPSM2,1.0712336503970083e-4
NDE1,3.6062689643721566e-5
NDEL1,1.0915236456887429e-4
ENKD1,1.3618578904779166e-5
SAPCD2,1.3687157241186996e-4
ANKFN1,9.123592839570034e-5
INSC,3.283353305079248e-5
DKC1,2.8718653236335347e-4
FBL,2.056457981409163e-4
EMG1,9.580120220144757e-5
RPUSD2,3.561457735038211e-5
DIMT1,8.932753755817462e-5
ZCCHC4,4.691000313484927e-5
METTL5,4.758291324471939e-5
METTL25B,3.119206280677215e-5
TFB1M,6.305833691671368e-5
TRMT112,1.8172813830772528e-4
GAR1,9.01614023010513e-5
TRMT61B,1.1608288701526043e-4
MRM3,5.959087005352763e-5
NAT10,3.8930101916800355e-4
NOP10,1.0881774795555095e-4
NHP2,1.298854209059658e-4
NSUN5,5.786196193202687e-5
NSUN3,1.254748500284655e-4
TFB2M,6.052322644034011e-5
METTL16,2.197282088440404e-4
MRM1,5.9566623427124423e-5
TRMT2B,1.161006630458822e-4
RPUSD4,1.4799940711597218e-4
FDXACB1,7.773987090369899e-5
NAF1,1.02524475423916e-4
RPUSD1,2.8380052158091007e-5
BUD23,6.883961883711595e-5
TSR3,7.775554963763424e-5
FTSJ3,1.674558084727268e-4
METTL15,4.992076636103963e-5
FBLL1,1.1255057292607114e-4
NSUN4,1.0451162955731758e-4
METTL15P1,4.957948329245239e-5
NME2,2.2302244216567503e-4
ACTA2,3.654853701317981e-4
ADAM8,4.740429770145013e-4
ADCYAP1,1.8478388620076468e-4
ADORA1,5.510907629118399e-4
ADRA1D,5.0211455743203434e-5
ADRA1B,5.3533728338810145e-5
ADRA1A,3.734348847293017e-4
ADRA2A,4.353395748422346e-4
ADRA2B,1.639328188629705e-4
ADRA2C,1.5866186508292998e-4
ADRB1,2.7392055085442586e-4
ADRB2,2.8644219068272e-4
ADRB3,1.7588157672381865e-4
AGER,4.1379731801992656e-4
AGT,4.2353049500573245e-4
ALOX12B,1.891623172176728e-4
ALOX15,1.9908411163744295e-4
AMBP,1.7630080023879917e-4
ANGPT1,1.5209134394968338e-4
XIAP,1.3417487565826417e-4
APOE,0.0014194185233474886
FAS,8.574549140720422e-5
ARAF,1.5171385900309902e-5
ARRB1,5.562872969801712e-5
ARRB2,1.3241429152439512e-4
AVPR1B,1.0938697970871048e-4
CEACAM1,3.452147848840606e-4
BRAF,1.1909065159064837e-4
ZFP36L1,2.496856736964503e-4
ZFP36L2,4.970389009293354e-5
C5AR1,1.0053430361949518e-4
CALCR,3.6121264877839827e-4
CASR,8.675997246314491e-5
CAV2,1.388559329196148e-4
CAV3,5.046105348722044e-4
CD4,2.3692555457990088e-4
CD27,6.322875766380787e-5
CD44,1.3706643351038002e-4
CD74,5.085478870745698e-4
CD81,3.170853662760423e-4
CDC42,3.9086396118536625e-4
CDH2,1.7052587265611714e-4
CHI3L1,6.125081151160214e-5
CHRNA7,1.0770573840959764e-4
CCR1,9.790681881965093e-5
CCR5,8.647065618872154e-5
CCR7,6.52866320393922e-4
MAP3K8,1.1555406908573561e-5
CRK,2.5417142739910025e-4
CRKL,2.2067429609216098e-4
CRYAB,5.2396350576281795e-5
CRYBA1,1.9771839265004354e-5
CSF1R,1.5585031071788598e-4
CSK,8.221561031645778e-5
CSPG4,1.6695740974192386e-5
CCN2,2.794770701260396e-5
CTSH,2.0723762403780462e-4
CYLD,2.4110622456009455e-4
DAG1,3.613138507863496e-4
DAXX,1.1146307297897344e-4
DDT,1.3151750831646785e-4
GSDME,4.5692609264722057e-5
DRD1,3.476510393400598e-4
DRD2,6.857947873655033e-4
DRD4,2.3201576452529232e-4
DRD5,2.2982536605147823e-4
DSC2,6.46176334476705e-5
DSG3,1.478083673060237e-4
DUSP2,1.8113006897662757e-5
DUSP3,9.161141640751818e-5
DUSP4,2.313675293030712e-5
DUSP5,2.334112397464092e-5
DUSP6,4.6073213573143516e-5
DUSP7,4.406796666374911e-5
DUSP8,3.459961346787576e-5
DUSP9,3.636284430425213e-5
DVL2,1.3219686755230049e-4
DVL3,2.281190417295921e-5
GPR183,1.1681931322680004e-4
LPAR1,1.8623563766026238e-4
EDN3,1.2373225954352362e-4
EGF,1.7508473487026392e-4
EPHA2,3.106914158816291e-4
EPHA4,4.249469358753077e-4
EPHA7,9.889379304618286e-5
EPHA8,6.57776029646824e-5
EPHB1,1.7547627558586482e-4
ERBB2,2.2189713873410898e-4
ERBB4,2.2064202864795917e-4
ERN1,3.205966592335353e-4
MECOM,3.5272740748784343e-5
F2R,3.301127433622833e-4
F2RL1,7.025299827371511e-4
PTK2B,3.5432667915453065e-4
FBLN1,1.5538416406389875e-4
FCGR2B,7.710246161839918e-4
FKTN,2.148296278347085e-5
FGA,2.669157956922461e-4
FGB,7.858860140275564e-5
FGF1,1.488611588182543e-4
FGF2,6.294656365433441e-4
FGF3,5.643813794822621e-5
FGF4,7.210773672405381e-5
FGF5,8.797167960408603e-6
FGF6,1.275738814336713e-5
FGF7,1.4067785549804374e-4
FGF8,4.1263335332125835e-4
FGF12,3.9255478886128326e-5
FGF13,1.596113399483711e-4
FGF14,1.5025603878616467e-5
FGFR3,1.0528917018861986e-4
FGFR4,7.223548050725221e-5
FGG,8.850400539337617e-5
FLT1,6.945561670991986e-5
FLT3,9.731773495831951e-5
FLT4,6.935857538891735e-5
FN1,1.4532898869676117e-4
FPR2,6.290634233677867e-5
FSHR,9.479214229093944e-5
GAS6,4.5364774005638705e-4
GBA1,4.1996078665651265e-4
GBP1,1.057426413801788e-4
GCG,9.2893887811987e-5
GCNT2,4.231273920056726e-5
GH1,1.3547497914562177e-4
GHR,1.0156315008075081e-4
GNAI2,1.0607214515783695e-4
GPER1,3.3447386420678714e-4
GPR37,8.476216082993917e-5
GPS1,1.6239153099439805e-5
GRB2,1.6110513994316427e-4
GRB10,5.091373278702174e-5
GRM1,2.1177710029845104e-4
GRM4,2.726588937214773e-5
GRM5,1.6508420994858127e-4
GSTP1,3.392446693588972e-4
HCRTR1,3.132206622940005e-5
HGF,8.700920386903321e-5
NRG1,2.164363805295523e-4
HLA-DRB1,2.8497142815407103e-4
HMGCR,9.978363413988724e-5
HRAS,1.0541579341716258e-4
DNAJA1,1.402534366514668e-4
NDST1,1.0110501179111556e-4
HTR2A,3.2199790927308296e-4
HTR2B,1.4034625654179723e-4
HTR2C,1.8136376725318802e-4
IAPP,1.0125576554383977e-4
ICAM1,8.620000049763649e-5
IGF1,4.951161900387245e-4
IGF1R,4.259920155053838e-4
IGFBP3,7.99456000928508e-5
IGFBP4,2.5234826376408295e-5
IGFBP6,9.150093057282676e-5
CCN1,1.6528995519832337e-4
IKBKB,1.6103751642974033e-4
IL1A,2.923026320146931e-4
IL1B,5.335312595445966e-4
IL6,4.870613140661204e-4
IL6R,3.231435126473039e-4
IL11,6.880715997702001e-5
INS,3.5231739066538486e-4
INSR,2.539451017475116e-4
IRAK1,5.401002313907199e-5
ITGA1,6.424377204475544e-5
ITGAV,3.90479721603364e-4
ITGB3,6.642093495417478e-4
ITPKB,1.2254592498857957e-4
JAK2,7.368993561814109e-4
KARS1,2.9416270311643676e-4
KCNJ8,2.2225140438583715e-4
KDR,2.5335043635476206e-4
KISS1,1.2787154821418859e-4
KIT,8.634137817235644e-4
KRAS,8.63969657939877e-5
LGALS9,5.580952558266462e-4
LIF,2.1802864436841306e-4
LTBR,1.3783166113281728e-5
NBR1,2.1338018704626005e-5
SMAD1,1.1838067376682222e-4
MBP,8.289096369975098e-5
MAP3K1,1.196254255579323e-5
MAP3K3,1.1093311385956408e-5
MAP3K4,1.3379709230978875e-4
MAP3K5,6.648141733064979e-5
MID1,2.76323398517896e-5
MIF,3.581292097733342e-4
MAP3K9,1.1131484383909199e-5
MAP3K10,2.1047349624882024e-5
MAP3K11,2.57868525075357e-5
MOS,1.1148184530992645e-4
MST1R,5.119536570587933e-5
MYD88,3.7868117023735103e-4
GADD45B,5.808800414405608e-6
MYOC,1.2177863179633862e-4
NAIP,5.534873257843709e-5
NF1,4.603897820814194e-4
NF2,1.0517616823452996e-4
NPHS1,8.999488042262611e-5
NPPA,1.8059953092852034e-4
NPR2,4.3497062253839704e-4
NPY5R,1.3418254167596818e-4
NRAS,7.538067012577697e-6
NRTN,2.940086949106728e-5
NTF3,6.076997695508781e-5
NTRK1,2.721195686237951e-4
NTRK2,2.5226113839794435e-4
NTRK3,7.276972570214063e-5
OPRK1,2.8011578220686286e-4
OPRM1,2.925872613578291e-4
OSM,9.196422132219888e-5
OXTR,2.5571903623072015e-4
P2RX7,3.8958767094773806e-4
P2RY1,2.493425532342487e-4
P2RY6,2.6932944786325756e-4
PEBP1,6.658966320459917e-6
PRDX1,5.257515178718188e-5
PAK1,1.1738616345995029e-4
PAK2,5.182465396925905e-5
PAK3,3.196976270871848e-5
PDE6G,4.0404136761360105e-5
PDE6H,3.654090582283373e-5
PDE8A,3.206648882451128e-5
PDGFA,3.2985861673738033e-4
PDGFB,6.570228735184745e-4
PDGFRA,2.988069689461188e-4
PDGFRB,4.80233594323124e-4
PIK3CB,1.7401957334713743e-4
PIK3CG,1.9144129352044378e-4
PIK3R2,5.540185508824526e-5
PIN1,1.0165686963927624e-4
PLA2G1B,2.0887000445304134e-4
PLA2G2A,6.085161094059908e-5
PLA2G5,2.783537664775714e-4
PLCG2,2.3748697894474227e-4
SERPINF2,1.188898253394045e-4
PPEF2,2.7648059985469595e-5
PPIA,1.4502272887956122e-4
PPP1CB,8.09236594090262e-5
PPP5C,5.026400887709218e-5
PRKCA,2.65186960187243e-4
PRKCD,4.761562771817827e-4
PRKCE,2.2969474432373406e-4
PRKCZ,2.0970254210991613e-4
MAPK1,2.4940629922054177e-4
MAPK3,1.939671949557553e-4
MAPK4,8.834926907788786e-6
MAPK6,1.5109917237283696e-5
MAPK7,8.064966915234208e-5
MAPK8,1.1562293523742529e-4
MAPK11,4.170472540308074e-5
MAPK9,6.821863358890141e-5
MAPK10,1.7280732112846936e-5
MAPK13,1.1193312819580118e-4
MAP2K1,1.5652379353856292e-4
MAP2K2,1.210057342984648e-4
MAP2K3,5.072511483266578e-5
MAP2K6,7.74319308899735e-5
MAP2K7,4.596995112101136e-5
EIF2AK2,6.493121036519105e-5
PTGER4,2.6468012429758535e-4
PTPN1,2.291840659980957e-4
PTPN3,4.6548726153685416e-5
PTPN7,5.90300326149989e-6
PTPRJ,1.3844885845334614e-4
PTPRR,2.08858432239557e-5
QARS1,8.221984117870722e-5
MAP4K2,2.911840329031852e-5
RAF1,9.212368521409728e-5
RAP1A,7.095743779480836e-5
RAP1B,5.91954596264433e-5
RAP1GDS1,1.5409700617575743e-4
RAP2A,2.6682529465671813e-5
REN,1.2444637698391398e-4
RET,3.001267305716694e-4
RGS2,2.515093597312983e-4
RIT2,2.39708802542679e-5
ROBO1,3.2099104533000317e-4
ROCK1,2.380250886437777e-4
ROS1,4.6857836360955036e-5
RPS3,2.966978667256823e-4
RRAS,9.206142628486099e-5
RYK,1.413419124248022e-4
S100A7,7.910326015483121e-5
S100A12,2.408592000980541e-5
MAPK12,1.5163716348343805e-5
SERPINB3,4.8704097382991956e-5
CCL3,2.0522920925518265e-4
CCL11,8.039477684995863e-5
CCL19,3.074680916690818e-4
CCL21,4.431253319416641e-4
CX3CL1,4.639554833355649e-4
MAP2K4,8.345692485955374e-5
SHC1,1.034115741217627e-4
SLA,6.34339716117161e-6
SLAMF1,1.769532358269135e-4
SMPD1,1.810533360078366e-4
SOD1,1.927048606550896e-4
SSTR4,7.628137163233397e-5
DENND2B,2.4623700727395625e-6
STK3,7.510558938038135e-5
STK4,1.5208327365585353e-4
STYX,1.4857463614112952e-4
SYK,5.515641036099171e-4
MAP3K7,1.687622628487436e-4
TBX1,2.997005992697655e-4
CRIPTO,5.905465008986567e-5
PRDX2,9.526165800261348e-5
TEK,1.2053321296439268e-4
TGFA,4.414149245702539e-5
TGFB2,6.204019077169698e-4
TGFB3,2.2769772498974856e-4
THBS1,4.205078940252077e-4
THPO,3.5215486996160914e-5
TIAM1,2.778888867499509e-4
TLR3,1.5838563995240987e-4
TLR4,5.216060192760681e-4
TP73,1.0105652833653994e-4
TPBG,5.087633723133457e-5
TRAF2,2.616576606486349e-4
UCHL1,1.0671307684311941e-4
VEGFB,9.220661676308141e-5
VRK2,1.5725646967427676e-5
WNT5A,0.0011868593114563381
WNT7A,3.097288188142762e-4
WNT7B,3.5797441670580414e-4
XDH,9.545253304268637e-4
YWHAE,1.2082837095018813e-4
MAP3K12,2.5241659131103045e-5
LAPTM5,2.3716964598940093e-4
SCG2,2.8294092215243685e-5
MAPKAPK3,2.884756192704207e-5
ARHGEF5,9.509287591281865e-5
PSCA,1.7509982133801743e-5
SHOC2,6.769496366877423e-5
FGF23,1.3045604902420861e-4
PABPN1,6.573194450545011e-5
AXIN1,1.5188275674042861e-4
BRAP,6.155694331282931e-6
FZD7,2.7581709767817987e-4
BCAR3,1.6012524422679177e-5
SEMA7A,3.961381590168725e-5
MAP4K3,1.5916747744331796e-5
MAPKAPK5,3.7440659939032425e-5
MADD,1.8464516250751832e-5
PDE8B,9.898983191848368e-5
LAMTOR3,3.383311360332163e-5
PEA15,2.1190378403616335e-5
MARCO,1.2738446834474141e-5
HYAL2,2.1559649587284688e-4
RIPK1,2.705104166868685e-4
ADAM9,1.5958831467288256e-4
RIPK2,2.6959625916371456e-4
TNFRSF11A,1.6369024003294843e-4
FGF18,1.23431791704823e-4
FGF17,2.3071436311778194e-5
FGF16,6.708194172121748e-5
IQGAP1,1.857348386525318e-4
NRP1,8.09203804758326e-4
SYNGAP1,3.205849672813044e-5
CFLAR,2.3025658059122736e-4
KSR1,1.6847230104661907e-5
SPHK1,2.583811846792029e-4
MAP3K14,9.3423892095288e-6
SPAG9,3.701203415409332e-5
MAP3K6,7.337394552815188e-6
LPAR2,2.1550388280190676e-5
MAP3K13,1.2927414926485855e-4
MFHAS1,4.8723653018961877e-5
MAPKAPK2,5.4326669798215435e-5
ITGB1BP1,1.1072950604238962e-4
GPR37L1,8.427395058973846e-5
GPR55,3.7007827922884675e-5
KL,9.050155656307452e-5
NHERF1,3.556659037363667e-4
ADIPOQ,8.402099515923381e-4
NRXN1,5.690301229214257e-4
GRAP2,3.749588490704561e-6
MAP4K4,1.2425276729109987e-4
ARHGEF6,3.572939098775567e-6
HAND2,3.6137225794673265e-4
ROCK2,3.0895474011914095e-4
MAPK8IP1,1.0728883068608519e-4
PAGE4,1.2215485765457451e-5
GDF15,1.3291052292719758e-4
AKAP12,2.793325564522739e-4
CARTPT,2.0208474834863217e-4
TRAF4,1.977600002978088e-5
RAPGEF2,2.065452176962363e-4
RASSF2,2.3230153471105154e-5
PJA2,4.6746944402581626e-5
FGF19,6.436041390559795e-5
RBX1,1.174407065502442e-4
RCE1,4.012262031205176e-5
SH2B3,1.6354165620472607e-4
SH2D3C,5.084083544170878e-6
SH2D3A,3.4743874350689294e-6
RANBP9,9.548253185535841e-6
ABCC9,1.5597222839610478e-4
HIPK3,2.4819307753122578e-5
RASGRP1,7.44165637268841e-5
ATP6AP2,1.293807376733249e-4
TENM1,2.6578626927565995e-5
RNF41,6.821088895080394e-5
TRIB1,1.556486593620832e-4
SPRY3,6.530638945101831e-5
RAMP3,0.00025367408422027194
STUB1,2.4144992372929704e-4
PAK4,1.869656558234558e-5
TNIP1,3.2759167056480434e-5
TLR6,2.6114683795702145e-4
ABCA7,2.8309023898270803e-4
SEMA3A,1.9623255563163718e-4
NOD1,1.1554536555939525e-4
PRMT5,3.155317559919013e-4
TAB1,3.766753812422637e-5
STK25,6.116013432901504e-5
CIB1,2.124010805238834e-4
ARL6IP5,8.168714570866019e-5
RGS14,9.603009682555319e-5
CAMKK2,1.595761109426408e-5
MAP3K2,8.121040740398088e-6
GRAP,7.5565451249646445e-6
ZMYND11,1.1129212815207624e-5
FRS2,1.925604567543962e-4
NPFFR2,1.0893262098185443e-5
GADD45G,7.659073416742806e-6
EDAR,3.3072972585139884e-5
ERP29,2.6299172698090763e-5
FERMT2,1.2155639507709077e-4
COPS5,7.716840376168427e-5
LILRB4,4.5090923252536695e-4
EMILIN1,1.9164724118049734e-4
MAP4K5,1.4543068310627653e-5
MAP4K1,2.7619089071027824e-5
FZD10,1.0543986809318103e-5
IRAK3,2.118209295966765e-4
AKAP13,2.5853938204244408e-5
DUSP10,2.457599754031651e-4
PDCD10,8.052016334566646e-5
CD300A,4.3099941615627865e-4
PHB2,1.9315666915981823e-4
RNF13,1.1541317962155e-5
ANKRD6,8.480180580461064e-5
MAPKBP1,2.129505282352544e-5
KLHDC10,2.111522711698814e-5
TNIK,2.4579376626435883e-5
MAPK8IP3,4.631394019672467e-5
PHLPP1,5.189827052660788e-5
SASH1,4.687536809718282e-5
ZDHHC17,1.244266536458182e-4
SIRT3,3.897317803929124e-4
PIK3R5,4.398203159508159e-5
MAPK8IP2,6.074373263567355e-5
LPAR3,3.526159978159231e-5
CD2AP,1.5537696945774798e-4
CBLC,5.109661451446147e-5
ARHGAP8,2.316615730581899e-5
DSTYK,1.5293447743762094e-5
RASGRP3,7.970603223877172e-6
RHBDD3,1.379838559279517e-5
PRKD2,7.076554608889695e-5
PTPN22,2.055793495428757e-4
FGF20,6.666531349667648e-5
FGF21,9.057922717954642e-5
FGF22,5.417399515505089e-6
NOX1,1.147466943150534e-4
LAT,5.00056499690099e-5
PDCD4,1.3631903086041975e-4
RPS6KA6,5.769268128631153e-5
STK39,1.8728604925635835e-4
LAMTOR2,3.5534937271392486e-5
PYCARD,4.2127815656144396e-4
NENF,2.129073936533717e-5
MDFIC,4.344946617475001e-5
MINK1,2.314511839989013e-5
CDON,5.1228953407938974e-5
ZDHHC9,1.0322804888512153e-4
IRAK4,4.28807398206003e-5
DUSP13B,1.6027520961760023e-5
VRK3,4.667288786660215e-6
DNAJC27,2.9371385071420307e-6
TLR7,7.512865052326921e-5
WNT16,7.50929041157556e-5
NLK,3.143804447782763e-5
GHRL,9.279157726640887e-4
INPP5K,3.388366702607552e-4
TLR9,3.2656448287681557e-4
TREM2,0.0015660798856379106
WNT4,8.474756339374608e-4
NECAB2,1.557545481690054e-4
LAX1,6.930893948343454e-6
SEMA4C,4.081612924714779e-5
ULK4,3.556489848681466e-5
LAMTOR1,9.800101775094993e-5
BANK1,1.8399576569082714e-5
FBXW7,2.4960642503297467e-4
SYNJ2BP,1.2596262811527441e-5
STRADB,1.8017349082424666e-5
TNFRSF19,1.5310543184682076e-5
INAVA,5.8569260763340704e-5
IL26,1.6779217479926625e-5
ASH1L,1.6709012065159126e-4
PBK,3.825953338826849e-5
LMO3,8.427217524699688e-5
MYDGF,7.060098778005385e-6
PDGFC,1.5921758700923537e-5
DHX33,4.6008039297035736e-5
PAK6,1.3500736835035096e-5
PRDM11,1.2509072563533187e-5
ACKR3,9.704082803886204e-5
CHRNA10,4.07123897395723e-5
PAK5,1.1677780896775727e-5
PELI2,1.8486317438569793e-5
NDRG2,4.3681642456814694e-5
SEMA6A,1.3610340716131264e-4
JCAD,2.63985180473653e-5
SH3RF1,4.5978755780798e-5
ACE2,4.2218652702561007e-4
HRH4,2.550142463914346e-5
AVPI1,7.39704794872242e-7
EDA2R,2.27270313122403e-5
PRDM15,1.0847966739141118e-5
NOD2,8.849049007359696e-4
CARD9,9.163225217078446e-5
GAREM1,8.010307563801807e-6
NMNAT1,1.1288067679791486e-4
AIDA,6.935595527614565e-5
NDRG4,3.5031850452789806e-5
WNK4,1.3706922868540817e-4
WNK2,2.604532469561457e-5
BIRC7,1.1629858147430537e-4
MAP3K19,6.365686146673447e-6
ZC3H12A,2.6169356559071013e-4
PDGFD,1.1013518459086893e-4
DUSP16,4.8292872143057004e-5
LBH,0.00027492209344116597
FAM83D,3.65313656594517e-5
SPRY4,2.1822383031511038e-5
PLVAP,1.0148776550726825e-5
GPR101,5.472110923380302e-6
CCM2,2.7703568430037183e-5
ITCH,1.6235430284070664e-4
STK40,1.4254621048865803e-5
WDR54,1.4599023680869452e-5
TRAF7,1.1522990658150218e-5
PROK1,8.362490246399558e-6
MAP3K21,6.603560542425626e-6
CRACR2A,6.507998011401135e-5
HAVCR2,5.356374624205331e-4
SHANK3,2.279869950802194e-4
TRIM5,3.592707175528147e-5
NKD1,1.0469429092477336e-4
CHRFAM7A,2.759374708144242e-4
ZNF622,1.584402699592817e-5
NLRP12,9.750354101013145e-5
MARVELD3,1.8060734370139653e-5
STYXL2,4.981543270736439e-6
CAVIN3,4.281656658736312e-5
TMEM106A,6.0356767541391104e-5
TIRAP,4.2259663490585404e-4
C1QTNF1,1.1338421129045563e-4
FCRL3,4.3581157978512875e-5
DUSP15,1.7938169463458227e-5
IL31RA,2.4915637022476514e-5
SIRPA,1.364600856589061e-4
DUSP19,9.103099435613903e-5
IL34,1.4162684402707558e-4
PIK3R6,6.20797293023077e-5
CDC42EP5,2.3035320139302375e-5
GPBAR1,1.8243090785848527e-4
PP2D1,2.279451836273894e-6
PPM1L,1.1863068432439914e-5
GLIPR2,7.751972417069697e-6
NEK10,2.6571336141196814e-5
PAQR3,8.3239140718628e-5
KLB,1.7495480029549833e-5
SH3RF2,1.8801151471520594e-5
CNKSR3,1.117383982380383e-5
SPRED1,8.472184456666528e-5
BMPER,2.122709155751525e-5
NLRP6,2.2284703171144557e-4
PRXL2C,3.001093858898683e-5
SPRED2,6.131976990339093e-5
NRK,7.913230436715129e-6
LEMD2,1.1939312621935753e-5
MTURN,1.1740198434589233e-5
UNC5CL,1.7712667500041205e-5
MAPK15,3.437727429878037e-4
DEFB114,3.261744294922572e-5
CASC2,5.639354933797247e-6
EPGN,1.7102488980856067e-5
NPNT,6.650801727688212e-5
KSR2,1.9012669165135626e-5
CXCL17,2.5740996275156687e-5
RNF149,3.4677562175683802e-6
ALKAL2,6.918192868664915e-5
C3orf33,2.5781426356318244e-6
RELL2,6.662167115078702e-6
FFAR4,1.925687431706001e-4
DUSP29,1.7243275130025056e-5
C1QL4,6.587247423703919e-6
OR2AT4,2.5189042671055755e-6
SH3RF3,8.035420823494035e-6
LILRA5,4.3896085950162726e-5
TBC1D10C,2.6187873192473682e-5
USP17L2,1.228207901428998e-4
NPSR1,1.9838619908685954e-4
TNFAIP8L3,2.5351100718474066e-5
SCIMP,2.294830553976699e-4
GFRAL,9.403965938659853e-5
ALKAL1,6.918192868664915e-5
MAP3K15,6.876930899667871e-6
GDF6,4.542056007092065e-5
SPRED3,2.373883651216139e-5
SYT14P1,1.4367203761170959e-5
KLHL31,4.730177369250353e-6
MIRLET7B,7.282001968249718e-5
MIR126,4.396126789739554e-5
MIR138-1,1.3145608613825648e-4
MIR145,4.4048812256702316e-4
MIR181A2,8.600981339422328e-5
MIR181B1,2.048168317254791e-4
MIR185,3.9858286384827967e-4
MIR20A,2.854083660753217e-4
MIR200C,1.3782257692276402e-4
MIR205,9.068994174106127e-5
MIR21,0.0010973499087479801
MIR218-1,2.674844745963926e-5
MIR23A,7.411089380768864e-5
MIR24-1,2.047136166756489e-4
MIR27A,1.641216402806464e-4
MIR27B,4.6852236661198396e-4
MIR92A1,3.8513790448223924e-4
CCDC88C,7.06134824170055e-5
MIR424,2.1813032516387364e-4
MIR181D,1.3711146657445976e-5
MIR503,6.597911600966803e-5
SBK2,1.0489221774756541e-5
RELL1,4.355242035180638e-6
CD24,4.3849295970788387e-4
APELA,2.0839761883325344e-4
MDFIC2,1.9444738009574704e-6
PHF2,1.6184352712210462e-4
BAZ2A,9.317010689684092e-5
RRP8,7.339882913415145e-5
APOBEC1,7.565950425308558e-5
ETF1,1.2548608039114007e-4
HNRNPAB,5.519658646094856e-5
EIF3E,7.873748151609872e-5
MAGOH,4.893491028480616e-5
NCBP1,1.2257467945138786e-4
PARN,2.4195895655902675e-4
EXOSC10,4.2401171046843616e-4
UPF1,9.955027924595016e-5
SKIC2,5.264067999687729e-5
SKIC3,3.9693170369442316e-5
DHX34,2.124260268070427e-5
EIF4A3,3.2658563864568213e-4
CTIF,7.99972842686638e-6
SMG7,1.64569914271802e-5
RBM8A,5.8009971163088085e-5
SYNCRIP,9.202749099989626e-5
RNPS1,2.8102511302594732e-5
PNRC1,3.4859868259929756e-6
CASC3,2.7437753726771438e-5
NCBP2,1.1778430339186855e-4
SMG1,2.6594542676684036e-5
SMG6,4.157086356153731e-5
SMG5,2.3478462705009e-5
GSPT2,3.764706617686791e-5
UPF2,1.2136302365802052e-5
PABPC1,7.388859459866349e-5
A1CF,6.816169984416268e-5
NBAS,3.283509317787739e-5
MAGOHB,5.69711562006353e-5
SMG8,3.5713501692127368e-6
PNRC2,2.3705248317770366e-5
DCP1A,4.815543202973115e-5
SMG9,3.956715712622037e-6
UPF3B,4.09419902770558e-5
UPF3A,5.1552028710357466e-5
SECISBP2,4.895816680860006e-5
SKIC8,5.205927941355327e-5
PYM1,5.5042984790019435e-5
RC3H1,1.4186782616540904e-4
PNLDC1,9.605611399383929e-5
DCP2,8.324183675988226e-5
DCP1B,4.0491920654184e-5
AMFR,6.807246595011684e-5
BIRC2,2.590727717062584e-4
CBL,9.784255665849639e-5
CDC27,1.7164346474489344e-5
DDB2,2.8954426586551356e-5
NQO1,2.520312639888683e-4
FOXF2,4.894461113673021e-5
UBE2K,4.6515780090926484e-5
LNPEP,8.914305167213415e-5
PEX10,4.7976117530693724e-5
PEX12,7.905898859426128e-5
RNF4,7.424046448574683e-5
RNF6,2.9386154471178327e-5
SKP1,6.352559218251454e-5
TRIM21,8.621738778667712e-5
THOP1,3.769127298438076e-6
TNFAIP3,5.133841869676104e-4
TPP2,2.9221134655193985e-5
TTC3,2.3263834558787604e-6
UBE2D2,6.1494909379841e-6
UBE2E1,2.6893613618947627e-5
UBE2G1,6.372488010269142e-6
UBE2G2,3.395082965522492e-5
UBE2H,6.440168366306716e-6
UBE2L3,2.8821404616875863e-5
UBE2N,8.007362147493215e-5
UBE2V1,4.3395181787802206e-5
UBE2V2,4.4873907625919757e-5
UBE3A,2.1092153861255048e-4
MKRN3,1.5319033791513084e-6
MKRN4P,1.3471795893855721e-6
TRIM25,4.4709622116507915e-5
TRIM26,1.2450486056277898e-5
SPOP,3.600961624816716e-6
TNKS,2.9730565438483233e-4
BTRC,5.862905197192585e-5
NMI,6.506197559085813e-5
UBE2L6,2.5512518031526383e-5
TRIP12,3.6520823597129877e-5
UBE4A,5.974511969451942e-6
PLAA,1.1510114458012976e-4
NPEPPS,1.821554472905929e-5
RNF14,3.8689844315274476e-5
RNF7,4.299799004468724e-5
DZIP3,2.8912171337930902e-6
UBE3C,8.33978705983281e-6
RNF144A,1.0994773649149047e-5
AREL1,2.7791539136279673e-5
HDAC6,6.167736049125509e-4
HUWE1,7.124041177922433e-5
TOPORS,3.534572004855119e-5
UBE4B,5.933671354908671e-5
MARCHF6,3.913378735785381e-5
TRIM22,1.1649775156106925e-5
ANAPC10,1.2960832257076226e-5
ARIH2,1.9904901943454864e-5
TRIM38,3.2940399794334235e-5
UBE2E3,6.6181882955659036e-6
TRIM3,2.0989635557114178e-5
RBCK1,5.4116825453345123e-5
TRAF3IP2,2.677323593994904e-4
TRIM31,3.624618585819215e-5
UBOX5,5.283169554834727e-6
NT5C2,1.9535742914151983e-4
MYCBP2,4.181876189416071e-5
FBXO28,1.85191421439748e-6
DTX4,6.554351855512587e-6
MGRN1,2.360180776271294e-5
UBR2,6.304249252309955e-5
TRIM2,2.700717235423149e-6
NEDD4L,1.4716771944994655e-4
UBR4,9.59308899804386e-5
PRAME,1.8573508153362504e-5
MKRN1,1.5260005865339398e-6
MKRN2,9.85410705849118e-6
RUSC1,2.202858510851446e-6
PPIL2,7.195069593178372e-6
ANAPC13,1.2879302460618657e-5
TRIM58,2.1949624614897714e-4
KBTBD2,6.653126639729332e-6
RNF167,2.685402853969315e-5
WSB1,2.9612060371770056e-5
KLHL3,4.265115171350558e-5
FBXO22,1.9261761908567796e-5
FBXO9,6.87437010953574e-6
RNF115,1.8395222912329104e-5
KLHL20,1.0101803897821948e-4
UBE2S,5.525676382306483e-5
UBE2T,2.0314297547739217e-5
ANAPC2,4.476341161146147e-5
ANAPC4,1.8591383441096917e-5
BFAR,3.16527809825871e-5
UBR5,1.1131091187582469e-4
UBE2J1,4.020318904225363e-5
UBE2D4,1.8328314786633112e-5
RNF216,9.753531371473327e-6
RC3H2,6.818235679629618e-5
MARCHF5,1.008693298199792e-5
TRIM44,5.481516956112581e-5
RNF111,4.68854889528427e-5
UBE2R2,5.911126634453996e-6
RNF125,2.9638988388059765e-5
MARCHF1,9.239329296108096e-6
RNF31,9.304796787218731e-5
TRIM62,6.572488099190258e-5
UBE2W,1.964351073644882e-5
UBE2Q1,2.543954646485559e-5
WSB2,8.275247054419253e-7
RNF114,2.404273615504401e-6
RNF20,9.649006525812045e-5
KCMF1,2.9066444646350795e-5
HACE1,6.5550110522576435e-6
KLHL42,3.635800834152455e-6
RNF213,1.292280570821968e-4
RNF123,2.400666639743574e-6
UBE2O,1.119055183665462e-5
RNF25,2.8735101879053457e-5
AKTIP,3.4775827107414444e-5
ANAPC1,1.597564461357393e-5
RMND5A,1.2093289942545683e-5
FBXL17,7.801840101388006e-6
MARCHF7,9.808445317303277e-5
DDA1,7.108174312163524e-6
WDR77,8.969279430865815e-5
RNF26,1.545077900783646e-5
MUL1,1.277957635850431e-4
RNF34,4.297014296935901e-5
TRIM45,4.648421819605891e-6
TNKS2,7.565600046438586e-5
ZFP91,1.0883873338339242e-5
FBXO38,3.597478104307962e-5
TRIM8,2.5652729788158437e-5
RNF170,1.2924505747080073e-5
TRIM56,1.9342759155064385e-5
RNF146,1.1766056242111939e-5
SHARPIN,4.7779245359736934e-5
KBTBD7,7.226451095163348e-6
WDR24,2.26512230974909e-5
RNF135,3.537458539868952e-5
SYVN1,9.877922483017273e-5
TRIM55,1.6103378669290072e-5
PARP10,1.2682206421857424e-4
ZNRF1,4.9509552574421695e-5
KBTBD6,7.867476366630996e-6
UBE3B,6.281730385570345e-6
UBE3D,8.350826823471355e-6
DCAF15,4.6288458646272635e-6
ZNF598,3.625367356493307e-5
SPSB3,1.863380957458323e-5
RNF185,4.206133221549026e-5
ARRDC4,1.5971091761957987e-5
TMEM129,8.12680794644226e-6
SPSB4,1.0806859421247031e-5
UBE2Q2,4.604979302583905e-6
RNF166,2.4240704237339314e-6
RFFL,2.0060646135180436e-5
TRIM6,5.508514516951975e-5
UBE2J2,1.728953143992223e-5
C10orf90,1.0890684337497439e-5
ANAPC16,1.4059133382212072e-5
UBE2QL1,4.192504060641979e-6
RNF183,1.9317033398628787e-5
ASB11,1.0167526278505932e-5
HECTD2,1.409126314133131e-6
TTC36,2.8980880488213285e-5
ZNF738,1.5477618298317973e-6
UBE2U,2.0258799400682377e-5
RNF187,3.655596208537218e-6
ZSWIM2,9.46725420385482e-6
DAW1,1.760337951429517e-5
RNF168,9.516672217191589e-5
UBE2L5,6.027394461239665e-6
FBXO45,7.410352249263231e-5
TRIM65,4.2920617135633716e-5
RNF152,1.139103108462273e-5
MARCHF8,8.612211564573753e-6
ZNRF2,3.840512112098193e-5
CDC26,1.2960832257076226e-5
PELI3,2.0755383423034832e-5
SHPRH,5.030197486708377e-6
RNF180,2.938133329317991e-5
NHLRC1,1.1849102126155758e-5
NHLRC3,4.3191988547210744e-6
UBE2NL,3.85646718047974e-6
ARK2C,1.3336823049595741e-5
ATRX,3.4007749165132544e-4
DDB1,1.0405090226383154e-4
SEPTIN1,4.376102250444158e-5
MYH9,3.28358594593914e-4
WASHC5,6.363355715190147e-5
DCAF13,4.9168266976078744e-5
ASPM,1.3154736656759716e-4
TUBB8,2.4159965349214974e-5
ARL2,4.775149414969391e-5
BBS1,8.273517149354307e-5
BBS2,1.2823391548630572e-4
BBS4,2.003006400755423e-4
BICD1,1.037922334637191e-4
DST,6.653686724446641e-5
CAPN6,2.466559278131092e-6
CDK11B,1.0487900071117679e-5
CDH5,1.1851723867655114e-4
CDK5,2.1721059847933284e-4
CETN1,2.0374929271654613e-5
CETN2,5.760021161938903e-5
CETN3,2.3686074017193955e-5
CFL1,4.144306570159987e-5
TBCB,2.2114631203249006e-5
CSNK1D,5.524935239981326e-5
DCX,4.602556387592275e-6
DNAH5,4.3560678686796944e-5
DNAH8,2.3636806357750918e-5
DYNC1H1,5.182747389809021e-5
DYNC1LI2,1.4281567530781882e-5
DVL1,2.314414828385001e-4
DYRK1A,9.738461621122124e-5
E2F4,1.2533120952688534e-5
EFNA5,1.9733726594545954e-4
EML1,1.1067738888365573e-5
MARK2,5.115536467625396e-5
EPHA3,1.0570051381414989e-4
FER,1.7239486691257672e-4
FES,5.73117593171159e-5
GAPDH,1.5716417816847596e-4
GAS8,3.2951446277461034e-5
GNAI1,1.2220729711885382e-4
GSK3A,5.654527112845e-4
GSK3B,4.733945386905186e-4
GTF2B,1.8988768758524234e-4
ILK,7.311746132287459e-5
STMN1,8.587670167027195e-5
LIMK2,2.8261303753974328e-5
LLGL2,3.1698881954876407e-05
LLGL1,2.558814826240056e-5
LMNA,1.7828928791270636e-4
MAP1A,1.773969082427311e-4
MAP1B,2.493713652001711e-4
MAP2,4.498667060772373e-4
MAP4,1.4181513216787598e-4
MAP6,9.756023726708086e-6
MAPT,3.4839568137830636e-4
MARK1,2.622881330482494e-5
MARK3,2.5868291683665177e-5
MET,1.6027436473195725e-4
ATXN3,1.0028026948959117e-4
PPP1R12A,3.3711469596038524e-5
NUBP1,4.867345120583851e-5
NEFH,1.3404943947342102e-4
NEFL,2.46478840440341e-4
ODF2,1.667566353381081e-5
PCM1,8.150369217875612e-5
PCNT,8.304737188638623e-6
PEX14,1.3321664566810144e-4
PPP2R1B,3.743829488921253e-5
PTPA,3.6275537735362065e-5
PRKAA1,5.187593346310889e-4
PRKAA2,1.8624227540546762e-4
RAC1,1.894667636718111e-4
RANBP1,3.5305379980030366e-5
RHO,2.580522127784015e-4
RP1,6.274705734812965e-5
CLIP1,2.8951331035335216e-5
ATXN7,2.3962409935187736e-5
SLC16A1,2.86891957548023e-4
SON,4.6159086952674625e-6
SPAG1,8.304843892735435e-6
SPAST,1.2691971914590696e-4
SS18,1.6648965770854182e-5
TACC1,2.439388910487448e-5
CNTN2,2.4906574976755205e-4
TBCD,3.739811883943557e-5
TBCE,4.289716592770912e-5
TLN1,3.697860216841276e-5
TUBA4A,2.393450725912139e-6
TUBA3C,2.090620662869481e-6
TUBB2A,5.13717655429714e-6
UVRAG,8.97885922691833e-5
VCP,5.830521676358794e-4
CLIP2,7.943190727189167e-6
XRCC2,5.272974206547834e-5
ALMS1,1.5940819056310767e-5
TUBA1A,5.3322604934418376e-5
RAE1,1.9377633819236473e-5
OFD1,1.1660332127120409e-4
PPFIBP1,9.837067300070503e-6
PPFIA1,3.687304205828285e-5
CDC14A,5.190539627591763e-5
DNAH17,2.3231285431334894e-5
SSNA1,6.0417533466628024e-5
ARHGEF7,1.0067205123102272e-4
ZPR1,1.3314754735331604e-4
MAP7,3.4130130699658963e-6
NEURL1,7.668629541502663e-5
ARHGEF2,1.0148237413733366e-4
CRIPT,5.249211803033091e-5
SPAG6,1.594807008238043e-5
GCC2,5.264272159493435e-5
TTLL4,4.872483555709692e-5
PDE4DIP,1.063554113029666e-4
CEP135,2.5007309990071653e-5
CROCC,6.641489831091727e-5
CCP110,2.5103168777743758e-5
SLK,1.4239625372299248e-5
PCLAF,7.283292546653226e-6
CKAP5,9.892473250687211e-5
CUL7,4.525063153860384e-5
KIAA0753,2.2367135993182116e-5
CEP350,8.942340428533211e-6
PDCD6IP,1.396659276736745e-4
BCL2L10,1.4569009279708838e-5
KIF20A,1.2738994438602384e-5
AKAP9,1.2501410437375986e-4
TXNDC9,1.1430838259264992e-6
LRRC23,2.0151958498859026e-5
BCAS2,2.5802215733392218e-5
APC2,3.456256466196483e-5
TRDN,1.3709203422730855e-4
TUBA1B,6.973618490376797e-6
TUBB3,4.6637142169122064e-5
TUBB4A,2.853491345548827e-5
TUBB4B,1.7101231046813908e-5
TUBGCP3,2.505289544880644e-5
RBM14,9.819244527451607e-5
TACC3,1.306266847410798e-5
TACC2,7.1371839422235934e-6
GAS2L1,6.095714861819499e-5
DCTN6,1.1241751638105299e-5
PLK4,8.574437942115904e-5
NEK6,3.7278167830619375e-5
SDCCAG8,7.308635318309056e-6
TUBGCP2,1.474744248093838e-5
SUGT1,1.7361697562958282e-5
MAPRE2,9.315316953237544e-5
STMN2,3.844317011420811e-5
TPPP,1.141424790451352e-4
SPACA9,1.1318655146818366e-5
KATNA1,3.473756465800303e-5
CEP43,1.5254590736894006e-5
KIF3A,6.519385575702051e-5
CEP250,4.732110788758446e-5
CHP1,1.7108439250799865e-4
ATF5,4.0391946184028155e-5
DZIP1,9.136195544120122e-5
WDR47,1.5894100513493315e-4
NINL,1.0423484911905846e-5
CEP131,7.080508558079833e-5
CEP152,6.103179228103466e-5
USP33,4.021835833735385e-5
CLUAP1,6.997085505392485e-5
TTLL5,3.942933791687627e-5
CUL9,4.782205071257388e-6
TOGARAM1,1.2776552075900931e-5
CEP68,5.441135952493281e-6
PHLDB1,7.21915503641071e-5
KANK1,1.0051743965497012e-4
SYNE2,1.343877384633643e-4
MTCL1,2.4880491751316363e-5
CAMSAP2,3.3566554209564766e-5
BICD2,4.8594059264336334e-5
SUN1,1.836297067233937e-4
HAUS5,2.0002143376149165e-5
OBSL1,3.684967278813957e-5
SRGAP2,1.3273774696608064e-4
SIK3,2.61553332663466e-5
DNAAF11,5.0238329678229515e-5
EML2,1.6383915520490452e-5
SUN2,1.6422258714395008e-4
TTLL1,1.1810095148868329e-4
SPEF1,4.937896727034014e-5
RNF19A,1.8671347230275418e-5
RTTN,1.959656397906675e-5
DNAH1,3.441595714665586e-5
CLIP3,7.225762679238283e-5
C2CD3,6.53726897963813e-5
SENP6,6.430644709472622e-5
CCDC69,6.878956375944364e-6
KIFBP,2.0972111009025443e-5
TTLL3,7.356593221071897e-5
TRAF3IP1,2.611107204011822e-5
IFT172,7.503304569485134e-5
ITGB1BP2,4.732134963232537e-6
CKAP2,1.3747516881347867e-5
CHORDC1,1.285784103713557e-5
DNAI1,3.3077602300502694e-5
INPP5J,7.961021358535678e-5
STK36,1.600896445106392e-5
DISC1,1.1600874076280069e-4
TUBGCP4,1.8810431311984007e-5
TEKT2,1.5264599061975754e-5
GIT1,1.158798467323501e-4
NTMT1,3.6550573185457224e-4
SAC3D1,3.120819005286416e-6
HOOK2,2.969256074516953e-5
NME7,7.970886147080617e-5
PLA2G3,2.779225028152879e-4
HDGFL3,1.28959599284712e-5
PARD6A,4.075805278207173e-5
STMN3,2.4075775927121927e-5
SBDS,2.586970505237365e-5
TUBD1,5.084046208308278e-6
TUBE1,4.996572333504104e-6
NIN,1.0240642642048603e-4
HOOK1,3.562932701139259e-5
ZMYND10,1.1464526210567137e-4
TPPP3,1.8075681916067767e-5
CALML5,1.7538638630255073e-6
TUBA8,3.687245850696088e-6
FBXW5,1.0147217361630085e-5
CCSER2,1.2257351613634112e-6
HYDIN,7.605016275133112e-5
CFAP46,3.76499379174743e-6
HAUS6,2.0356306159666283e-5
CNTLN,9.5248714503531e-6
DNAAF5,1.2042627721157345e-5
HAUS4,2.405328683554829e-5
TTC12,8.814911617672017e-6
PPP2R3C,3.0469354092164294e-5
CCDC40,5.270925544250589e-5
ODAD2,1.583956608151883e-5
FIGN,1.6519538791534163e-5
HAUS2,2.0002143376149165e-5
DNAAF2,2.441295509863042e-5
MAP1S,3.477054591278195e-5
MNS1,2.5003289120955456e-5
TRIM36,6.995773022742497e-6
HAUS7,2.9026256048363616e-5
KIF21A,4.347369138512799e-5
MAP7D1,5.720712346061971e-7
CCDC88A,1.93023184238701e-4
CEP72,2.9628384053723843e-5
INTS13,1.9990358725889478e-5
CFAP44,8.18538078533249e-6
SPATA7,9.490476165658909e-5
KIZ,1.1241041490528382e-6
DNAH7,2.789492554479203e-5
PARD3,6.98951572877448e-5
FMN2,1.4858629465572352e-4
MDM1,2.7934919023903955e-5
SPIRE1,9.592724996573095e-5
CCNL1,6.619802670471281e-6
TRIM54,1.426650900056433e-5
STARD9,3.8451019045087305e-6
CGN,3.3569028658787146e-6
CC2D2A,2.4951851707272294e-5
CEP126,5.14987565179455e-6
SLAIN2,1.3727803685891662e-5
CCDC146,1.8512280755357234e-5
NCKAP5L,6.536766832229596e-6
GBA2,1.2916763992839667e-4
KIAA1614,1.912797560172669e-6
MARK4,5.496586661258879e-5
PRUNE1,6.335970185870646e-5
MID1IP1,2.9517938110351352e-5
DNAI2,2.914213548238012e-5
CEP85,2.3494196822983654e-5
CENPH,2.0844488698766105e-5
LRRC61,9.616852845883923e-6
AUNIP,1.5604272995786253e-5
AFG2B,5.700064400046206e-5
FSD1,8.842248376191919e-6
CPLANE2,3.146569954808292e-5
HAUS3,2.0002143376149165e-5
SPAG16,3.2766395778712244e-5
CLXN,1.4442392870192563e-5
MAP7D3,2.128588301202296e-6
TTLL7,4.521954094193386e-5
CLIP4,7.624071031603974e-6
KATNBL1,1.6180373018717427e-5
IQCA1,1.548671056571176e-5
DNAI4,1.9425976849129856e-5
CCDC102B,8.150391990588894e-6
CFAP69,5.860254493182743e-5
TUBAL3,2.060691346911435e-6
JHY,2.1138186492436646e-5
BORA,9.265778121405827e-6
SPEF2,1.5331796470232004e-5
MAP6D1,1.3188741470517483e-5
CEP76,9.241048000407113e-6
ATAT1,1.606873911466811e-4
IFT56,3.73872208870806e-5
BBOF1,2.0299237617735187e-5
TRIM46,1.579895689137664e-4
CCDC170,1.3812245185679007e-6
CFAP43,2.608175414874338e-5
CEP70,3.4346626196283387e-6
CCDC68,1.5301734771535318e-5
CEP44,8.776141778916385e-6
TUBB1,1.8501725825088934e-5
RSPH6A,6.846840224388879e-5
STMN4,5.163800395639201e-6
DIAPH3,1.4783753311248767e-4
CCNL2,6.619802670471281e-6
KATNAL2,3.268297230322772e-5
ODAD4,5.9447532076355735e-5
FAM110A,3.1637897907636655e-6
DNAL1,1.8787532562602357e-5
TTLL2,1.4709823612911266e-5
CCDC8,1.1985468647509256e-5
KATNAL1,3.3169969285305584e-5
ARMC2,7.593742452931043e-6
RAB6C,1.720048982364643e-5
ZMYND12,8.07389209825458e-6
IQCG,1.2292746188373166e-5
DRC7,7.664359095929502e-6
ZBED3,1.8064489861289558e-5
HOOK3,7.945793637023572e-5
LZTS2,9.207425465966919e-5
SPIRE2,8.871326998950614e-5
PARD6G,1.4987242742714688e-5
PARD6B,1.707696668071731e-5
TUBB6,3.544943348150686e-6
KIF2B,1.1140057655109262e-5
TUBA1C,2.9420281871456188e-6
WDR73,3.949963544163417e-6
CEP19,6.287535516446287e-5
TUBGCP6,1.7952080744691054e-5
DOCK7,8.453451808136191e-5
CFAP74,3.44461276523916e-6
DIXDC1,2.8969416461241903e-5
CEP295,6.851179269903045e-5
CCDC65,1.0896547376869065e-5
RSPH1,9.402999617855775e-5
WNT3A,6.672841429283203e-4
NAV3,2.6295964154203227e-5
NAV1,5.047958305418561e-6
CFAP91,3.097262339440278e-5
BMERB1,8.892712675199763e-5
CCDC120,1.629225420546076e-5
PHLDB2,1.1956643646786566e-4
EFCAB11,5.901782339761357e-7
TMEM67,2.4933632954251054e-5
CALML4,3.55012601567485e-5
TPGS1,2.340104370029249e-5
DRC1,1.658885477497178e-5
ODAD1,3.0319496336221972e-5
HAUS8,6.868844672512936e-5
RP1L1,1.2282264741179813e-5
TUBA3E,6.280019106915759e-5
TUBA3D,2.060691346911435e-6
EFHC1,1.845345357226229e-5
TUBGCP5,1.7942811979454826e-5
HAUS1,2.0271307889499723e-5
ODAD3,4.2844888994503485e-5
DNAAF10,1.083982263528181e-5
CNTROB,1.3260280230360022e-5
SSX2IP,1.5477131068389192e-5
PARD3B,1.4124495391482096e-5
NEDD1,8.31269454625396e-6
SLAIN1,1.359083480870323e-5
TPPP2,1.3477542162412956e-5
CEP20,4.426136839785068e-6
DNAAF1,5.6333826583068645e-5
CCDC78,3.737869584743334e-5
KIF19,1.6372061134175617e-4
NLRP5,7.528337716132979e-5
DNAI3,5.210077108812123e-5
PDCL2,1.0720856009575054e-5
LRGUK,2.8125527507051633e-5
PIERCE1,3.502677411636952e-5
DNAAF6,1.1599307298088036e-5
NEK7,4.055871792529473e-5
PIERCE2,1.2768626096260091e-5
TTBK2,1.2646071935456813e-4
DNAAF8,9.620937456423293e-6
DNAH2,2.8012542135236398e-5
CCDC42,1.2987044134889832e-5
KASH5,8.012373034324899e-5
CFAP57,8.34777004756551e-6
TTL,6.366698437153854e-5
SGO1,2.6421148101095335e-5
CCDC13,3.348081608440122e-6
CEP120,8.271160122433803e-5
CFAP206,2.5897836228574836e-5
CAMSAP1,1.945745851576381e-5
TTLL11,3.6836357868030305e-5
CSAG1,1.6843799726318513e-6
CFAP58,2.6287290479143507e-5
DEUP1,3.450868005855333e-5
CCDC63,7.529726087035664e-6
TBC1D21,2.4052349039014105e-5
DNAAF4,2.4617016422808936e-5
CALML6,6.419400873277736e-7
TTLL9,2.3534383319581916e-5
TTLL8,1.2429749285578377e-4
TOGARAM2,2.855588776757139e-6
DCLK2,2.202219171532514e-5
CDC20B,6.865398477630402e-5
CDC14C,2.156320686225042e-5
SPAG17,6.680118238107388e-5
TUBB,2.8986948826774965e-5
TBCEL,1.5024312027438205e-5
RSPH9,1.1600029316843006e-4
PPP1R35,5.705710954186199e-5
GAS2L2,7.81164241383357e-5
HEPACAM2,2.296301730948213e-6
CFAP65,1.1104855270448102e-5
MAP7D2,4.4974574033830805e-7
WDR72,2.700821987901794e-5
TUBB8B,3.514322784004952e-6
POC1B,1.4925485156265907e-5
BLOC1S2,7.226463943048333e-5
CCDC88B,1.3192114860579254e-5
GAS2L3,5.358674129495549e-6
CFAP97D1,7.209501551853475e-6
TTLL6,6.581098022755588e-5
WDR62,1.976935065590768e-5
CCDC66,2.028341751490742e-5
CFAP157,8.274515953584425e-6
CFAP47,1.0492005560947274e-5
CENATAC,1.5050769988259886e-5
CCDC39,6.359707138921796e-5
NCKAP5,6.402070938342172e-6
MCIDAS,1.6469931330572064e-5
RSPH4A,2.455757728451952e-4
KIF24,1.1967792953960407e-5
TUBB2B,3.171522406870693e-5
CFAP100,1.0748530632095466e-5
DNAAF3,7.828189892918008e-6
DNAJB13,2.2833597110688263e-5
CFAP73,1.0380918995495868e-5
DNAAF19,3.648170857411435e-5
IQCA1L,1.5031853021635733e-5
CCDC187,2.904102475347524e-6
HOATZ,3.733595829938328e-6
FSIP2,3.781394675279537e-5
FIGNL2,5.724561778647786e-5
TTLL13,2.224960587674117e-5
MEIG1,1.4368522750702597e-5
SRGAP2C,8.418526855783658e-5
CDK11A,1.0447648650196278e-5
OCLN,6.505767703904132e-5
CEP295NL,9.297766966865715e-6
USP4,2.1523712220034848e-5
PRPF3,1.153425587101447e-5
SART3,1.0487000377846265e-4
TSSC4,8.95925734403438e-6
CD2BP2,8.752262073362567e-6
PRPF8,6.722174807365003e-5
SRSF10,2.675791635999052e-5
PRPF6,1.5055369357051723e-5
AAR2,8.03475347321419e-6
PRPF31,6.295308497463581e-5
RNU6-1,3.303885202787804e-5
RNU5F-1,2.4282260036124532e-5
RNU5E-1,2.4282260036124532e-5
RNU5D-1,2.4282260036124532e-5
RNU5A-1,2.4282260036124532e-5
RNU5B-1,2.4282260036124532e-5
RNU4-2,3.00322668064647e-5
RNU4-1,3.00322668064647e-5
LSM2,3.8012638756189944e-5
SRSF12,2.905833716066809e-5
RNU4ATAC,5.454097318599178e-5
RNU6ATAC,5.053841165738441e-5
RNU6-9,3.303885202787804e-5
RNU6-7,3.303885202787804e-5
DDX1,1.210614502663302e-4
RNU1-4,1.2386979372004442e-5
RNVU1-2A,1.2386979372004442e-5
RNU2-1,5.423016753892623e-5
SRSF1,3.509686373880536e-5
SRSF5,3.579782648674511e-6
SRSF6,8.066341463484748e-5
SFSWAP,1.5202274005234881e-5
SMN1,1.960342224660263e-5
SMN2,1.960342224660263e-5
SNRPA1,2.164178100979564e-5
SNRPB,1.1711488490252545e-4
SNRPB2,2.703023702380089e-5
SNRPC,3.0612925174620614e-5
SNRPD1,7.179172923962924e-5
SNRPD2,5.07760790897471e-5
SNRPD3,1.0280650399371794e-4
SNRPE,5.968702192391033e-5
SNRPF,5.750149709197719e-5
SNRPG,7.214470928423325e-5
SRPK1,2.3756050661982528e-5
SRPK2,4.176658231860264e-5
GCFC2,2.3633468917320133e-5
SF1,4.0521099073219796e-5
DDX39B,4.4121565914810185e-5
SF3A2,2.641714598289561e-5
ZRSR2,2.135628699826962e-5
GEMIN2,6.387527284715144e-5
SRSF9,1.3287185491193006e-5
NOL3,2.3868326058189548e-4
SCAF11,2.507489388480662e-6
DDX23,4.6277637970794056e-5
DDX46,1.6212434329360238e-05
RBM5,6.079732186039457e-6
SF3B4,1.979202452546822e-5
SF3A1,2.6079052085024575e-5
SLU7,7.306191490517454e-5
CELF1,4.9149073602522e-5
CELF2,9.977637961180398e-6
USP39,7.242639944509667e-6
TXNL4A,1.0518462803753159e-5
SF3A3,1.9888194756930818e-5
SF3B2,1.2525996408068863e-5
PSIP1,1.990109669912833e-5
CELF3,3.187224932092281e-5
DDX42,1.8454103380954252e-5
U2AF2,5.6664778368532746e-5
PUF60,6.5442735363283e-6
KHDC4,3.66193437034709e-6
SNRNP200,1.0902593943183647e-4
SETX,1.9628360001848038e-4
SF3B3,2.862483348638859e-5
SF3B1,8.929396484433789e-5
SRPK3,1.0009954679514558e-5
RNU11,3.494686880817374e-5
RNVU1-7,1.2386979372004442e-5
HTATSF1,3.134066414707153e-5
CRNKL1,1.332430562871927e-5
LUC7L2,1.2591590666891143e-5
RBMX2,1.0428799546793183e-5
SF3B6,1.1867444446233026e-5
LUC7L3,1.2587692958038957e-5
PRPF39,2.8089152699806347e-5
LUC7L,3.829486878967304e-5
CELF4,1.0342358725172273e-4
RSRP1,2.2418100872924073e-6
ISY1,8.618845805161489e-5
PTBP2,6.883168146345326e-6
CELF6,6.189861620615009e-6
CELF5,7.006255462066427e-6
SNIP1,1.510171351194924e-5
GEMIN6,1.4650736845187539e-5
SF3B5,2.613865399336688e-5
BUD13,5.803641413398886e-5
PHF5A,1.3435056034001887e-5
YTHDC1,6.50271698064048e-5
WEE2-AS1,1.2386979372004442e-5
LOC100128988,5.423016753892623e-5
RNVU1-8,1.2386979372004442e-5
RNVU1-4,1.2386979372004442e-5
RNVU1-14,1.2386979372004442e-5
RNVU1-15,1.2386979372004442e-5
RNVU1-20,1.2386979372004442e-5
RNVU1-17,1.2386979372004442e-5
RNVU1-3,1.2386979372004442e-5
RNVU1-1,1.2386979372004442e-5
RNVU1-6,1.2386979372004442e-5
RNVU1-19,1.2386979372004442e-5
TAF12-DT,3.494686880817374e-5
ADA,9.211447697890394e-4
PNP,5.346837950900645e-4
GDA,3.167482002392497e-4
NT5C,2.4011766669138277e-4
ALLC,1.0982385556883862e-4
NT5C1A,1.7887196213835587e-4
URAD,1.3102884428535394e-5
BNIP3,2.3700079009702558e-4
COX10,1.2156417855707127e-4
DCN,4.432486935888672e-5
RALA,9.597604318277026e-5
STAT2,3.272304309842703e-5
UCP2,3.1981642189119673e-4
AP3B1,1.8535356797546145e-4
MTFR1,2.40904225670888e-6
DNM1L,1.444216880482121e-4
RALBP1,1.00307837971867e-4
DDHD2,3.791161903922281e-5
FIS1,3.790271826557466e-5
MTFP1,4.175766405225957e-6
CYRIB,1.3917758160613173e-4
GDAP1,1.5548343713658498e-5
MIEF1,3.0113707245034114e-5
VPS35,5.685062992401794e-4
MTFR1L,3.1679056499842885e-6
MFF,1.5634748806677427e-5
INF2,6.343400110053246e-6
TMEM135,2.2472535762968462e-5
MYO19,1.1189651816742624e-4
DDHD1,1.0367183971345711e-5
MCU,7.45153786276483e-5
SLC25A46,9.408891479014114e-5
MTFR2,2.3658337612950333e-6
MIEF2,1.33185692623157e-5
C11orf65,3.600773507199334e-5
PGAM5,2.201278914759198e-5
PGLYRP1,1.572288166369066e-4
PGLYRP4,6.311139506998314e-5
PGLYRP2,1.6811686064896646e-4
PGLYRP3,1.3925809924341575e-4
LYG1,3.094112887930061e-5
LYG2,3.094112887930061e-5
ACADM,1.0210840746850362e-4
AP2A1,1.0069418717279198e-4
AGL,2.218777877079726e-4
AKT2,3.096413192165463e-4
EXT1,5.665005934795621e-4
EXT2,1.1836648938400031e-4
GBE1,5.635061470286169e-5
GCK,1.584365200956629e-4
GYG1,4.024497499306898e-5
GYS1,7.51197144761367e-5
GYS2,7.133052179108439e-5
HAS1,3.863553736390623e-5
HAS2,1.8573445098891582e-4
HAS3,1.0120018320390235e-4
IRS1,1.0353087996522205e-4
ENPP1,3.203081251641516e-4
PPP1CA,1.0733597438310694e-4
PPP1R3A,2.7176400994238992e-5
PPP1R3C,2.8399235382871113e-5
PPP1R3D,4.960648797858692e-5
PTH,2.957176152413793e-4
UGP2,2.4045325943493231e-4
DYRK2,4.4862502956977666e-5
NDST2,9.271907430812197e-5
IRS2,1.9905643521694525e-4
GYG2,3.707645622587454e-5
NDST3,5.675264371186834e-5
HS2ST1,9.84939971662539e-5
EPM2AIP1,2.473645333256282e-5
SORBS1,6.433557869341186e-5
FUT9,1.2799433206755087e-4
PTGES3,9.927112560472305e-5
CHSY1,6.372373974274006e-5
PASK,4.7946465468685315e-5
PRKAG3,1.129622917340203e-4
PGM2,1.3401212595080673e-4
CSGALNACT2,1.116936661288135e-4
SMPD3,2.9097207868882663e-4
CSGALNACT1,1.6947301056453108e-4
SELENOS,1.6407028352028084e-4
NDST4,5.7253723281494005e-5
CHPF,5.220555604530978e-5
PPP1R3B,1.1124663871023977e-4
PPP1R3F,3.698269101039277e-5
PPP1R3E,6.834721313927255e-5
PPP1R3G,3.604983296772959e-5
MIR1271,2.9287121464001823e-5
CHIT1,9.10585910389135e-5
G6PC1,8.327137140581388e-5
PFKM,1.8967597076649916e-4
PHKA1,6.539238169074451e-5
PHKG2,6.818964585142804e-5
PYGB,5.480457443007265e-5
PYGL,1.165554679961391e-4
PYGM,5.258631797529886e-5
CHIA,9.0495869907956e-5
ADCY10,3.7761900423434084e-4
ANK3,2.602590721670834e-4
ARF1,1.0048651825850318e-4
ARF6,2.4612122976316165e-4
RHOB,3.119937619581407e-5
RHOC,4.83702145283117e-5
ARL3,2.147017451019464e-5
ASNS,1.479356394034173e-4
BMP7,6.397029333134103e-4
BTC,4.881335089750143e-5
CKS1B,1.2740055197932718e-5
CKS2,1.4369059432778039e-5
DAPK3,1.1666254254214562e-4
BRINP1,3.0948059065690174e-5
DRD3,2.2774847803687015e-4
ECT2,1.518414439502291e-4
EDNRA,4.478222081718874e-4
EPS8,6.584557621303126e-5
EREG,1.5685514095557863e-4
ERCC3,1.0785225813036318e-4
GAS1,1.9672303900335117e-5
GEM,8.987291516379762e-6
HOXA13,1.1502035167285522e-4
LIG1,1.4020141861108772e-4
LIPA,1.7705475987904811e-4
LRP5,1.9880347029714834e-4
MCM2,9.277426105671732e-5
MCM3,9.62717566452559e-5
MCM4,7.6428655250002e-5
MCM6,4.311346970372108e-5
MKI67,6.284144081508021e-6
MYBL1,1.2632987275572075e-4
MYH10,5.1572026160389e-5
NDP,1.8833426603430333e-4
NEK3,1.7245154885421344e-5
NEUROG1,2.0901381087071484e-4
NFIA,2.8260635079174464e-5
PML,3.5232933238059166e-4
POLA1,1.0416132155179116e-4
PPP2CB,7.271022262340279e-5
PRKCB,1.598252168081816e-4
PKN2,2.9641660224952505e-5
LGMN,1.1012283949977014e-4
RASA1,2.782891828729285e-5
RPA3,1.7756566341228418e-5
RTKN,8.11680604780565e-5
SHB,6.203839200941487e-5
SPTBN1,1.2359025362202835e-4
STAT5B,2.385731438740631e-4
NEK4,1.4642470004383276e-5
DYNLT3,2.3474505973723632e-5
TK1,2.4770902659444077e-4
VRK1,8.118369759640595e-5
FZD3,1.536258398312142e-4
CLTCL1,4.632601292665355e-5
BAP1,1.853351441479085e-4
GBF1,1.595182289924575e-4
BANF1,5.56053343922714e-5
UBA3,5.772783527422871e-5
UNC119,7.49533547724285e-5
USP8,8.574744452547703e-5
MTMR4,8.38207597157424e-5
CTDP1,8.750383818091743e-5
NOLC1,1.2972856603241399e-5
KIF20B,7.770262345927155e-5
RAB11FIP3,1.8506564065562785e-4
IST1,5.656986699665011e-5
GINS1,1.7915710205507987e-4
TOM1L1,1.910024708925673e-5
NME6,5.594509968205252e-5
ZMPSTE24,3.111544466043846e-4
MAEA,5.276589155917969e-5
NPM2,2.143718082105697e-5
ZNRD2,4.4964890404986817e-7
UBD,2.5021020034029292e-5
USP16,1.0132779023342571e-4
STAMBP,5.234732247364048e-5
EXOC5,2.8005663538630942e-5
IQGAP2,1.0172085624713837e-4
JTB,5.668591953988769e-6
BTG3,9.793078609519117e-7
RAB35,2.4670955069484337e-5
CIT,2.2094409932565183e-5
WDHD1,3.3756896884886474e-6
DCTN3,1.1095021431493925e-5
EXOC3,3.202527819899389e-5
TRIM35,5.843387715988862e-6
SPART,1.106900230222467e-4
SMC5,9.7284850192244e-5
ANKLE2,2.268415474387485e-5
SEPTIN6,7.465112243048635e-5
TTLL12,3.6803430704541497e-5
LPIN1,6.580322570175646e-5
EXOC6B,2.099816284182255e-5
EXOC7,8.121591562624107e-5
KLHL18,5.754388767268839e-6
TTC28,1.4766419509378775e-6
CTDNEP1,7.081059244839585e-5
ZFYVE26,8.629951149859019e-6
SCRIB,2.460789829693173e-4
SH2B1,1.5637204565865715e-5
L3MBTL1,5.28819740469828e-5
AATF,3.143191645342594e-5
TMOD3,4.1750658376118e-5
GMNN,4.240678166596653e-5
SNX9,7.248114098282257e-5
RTF2,2.1954079169783514e-4
HECA,1.1636707171777399e-6
TMEM8B,1.0454254684200267e-6
ANLN,1.9734923615271068e-4
NLE1,1.7423515797175573e-5
EXOC6,2.3653831136282457e-5
TTC19,1.1662769714396718e-5
AURKAIP1,1.1587532915023262e-5
PHIP,2.2353703701675104e-5
NRDE2,3.6103637205048197e-5
CEP55,1.1623820968003457e-5
NUDT15,1.9786051840301917e-4
FIRRM,5.990960312065576e-6
EXOC1,2.5566594015176944e-5
EXOC2,4.054620702977192e-5
PPP2R2D,8.956546807092697e-6
RPRM,4.775861088111299e-7
ASAH2,4.0447280430563605e-5
PDXP,2.41116950320258e-4
HECW2,9.497385386569973e-6
BRINP2,4.085629675550739e-6
EXOC4,5.972804397040966e-5
SMOC2,4.8241013442192266e-5
AZI2,2.349860938203671e-5
GINS3,5.442159825993179e-5
YTHDC2,8.130283130023046e-5
WNK1,3.224355663652661e-4
MYH14,4.058334089864317e-5
CENPT,1.2048184294281879e-5
NAA50,7.871216598957351e-5
REEP4,2.1828634106808296e-5
SETDB2,3.169586615334993e-5
AFAP1L2,1.3483277531038342e-5
PPP1R9B,4.8004816976564063e-4
ANGEL2,9.152752140932115e-5
NEK9,8.31041905130187e-6
MITD1,9.5749845156947835e-06
TPRA1,8.488946679953669e-6
TOM1L2,7.078608917197909e-6
BROX,1.6611547831499854e-5
EXOC8,2.579158176193374e-5
SIK1,7.82356078621139e-5
CDCA2,3.4623275151417783e-6
RBM46,4.219062395198057e-5
KLHDC8B,5.329931118199347e-5
REEP3,2.1828634106808296e-5
SNX33,4.409855745111209e-5
MEIOC,7.040359337174852e-5
FBXO43,1.456153053297074e-5
BRINP3,4.156530980299891e-6
DCDC1,8.532093394076141e-6
CENPW,2.2377084028264208e-5
MIR134,4.5504239054383036e-5
PIM3,2.7515345846376755e-5
WEE2,1.0292993744578105e-4
BRDT,1.9545414561158653e-5
ERCC4,1.9707796988958237e-4
FANCA,3.8690372686856606e-5
GPR3,2.451023855012274e-5
MSH4,5.0013305574273334e-5
MSH5,2.4939915880882836e-5
ORC4,3.80893294601539e-5
PDE3A,2.0019415430284101e-4
PSMD13,1.5903176310991346e-5
RAD51D,5.294506406168866e-5
SYCP1,1.6264926518011878e-4
TERF1,7.074714397732974e-4
TOP2A,1.7191595286553197e-4
TOP2B,1.123156017887402e-4
UBB,9.906198767747884e-5
ZSCAN21,6.192297890445012e-6
BAG6,1.3499389708256825e-4
RAD54L,4.535105008947163e-5
PTTG1,7.4908224451087e-6
TESMIN,5.180852481580134e-6
MARF1,2.1922257930948916e-5
REC8,5.00472390202377e-5
BCL2L11,2.2020160977857068e-4
ACTR3,6.453844289741327e-5
SYCP2,5.6319375629396505e-5
P3H4,2.6191418282767157e-5
STAG3,4.466486055188969e-5
PTTG2,4.07798846663977e-6
TDRKH,8.748436846390067e-5
HSF2BP,1.7597193744837107e-5
DMC1,1.0319294407903387e-4
FOXJ3,6.2280461336879075e-6
SPO11,1.0298301057861027e-4
RAD54B,1.2829324446010032e-5
CATSPERZ,1.451674927610747e-5
PTTG3P,4.07798846663977e-6
MLH3,8.306165975790457e-5
PSMC3IP,2.6122536582339677e-4
DNMT3L,1.1984743524862361e-4
SYCP3,1.782088226344187e-5
C9orf78,3.978881353731018e-5
MOV10L1,4.609654551785069e-5
DDX4,6.764764653356808e-5
PIWIL2,2.296280604540054e-4
NDC1,7.974635184653012e-5
FOXJ2,6.280178787009125e-5
TEX12,3.61723835839837e-5
TEX11,7.903541086689158e-5
CYP26B1,2.494475346558711e-4
FANCM,6.84966983276697e-5
CCNB1IP1,2.1299491058286428e-5
DMRTC2,2.8658648240540737e-5
BRME1,1.4792913134127036e-5
TOP6BL,1.0563297160709429e-5
RMI1,5.4405049457302964e-5
SHCBP1L,6.141571112779782e-5
SLC25A31,9.545734808684608e-5
MND1,7.879254499182218e-6
ZNF541,4.602191676941427e-6
SLX4,1.5596703109996906e-4
SPATA22,4.074247450908638e-5
TDRD12,6.228011624748235e-5
SYCE1,1.859554997002451e-5
KLHDC3,1.208749361229983e-5
TDRD9,6.0040941773695895e-5
HSF5,8.103979216637473e-6
CNTD1,6.790009741108243e-6
M1AP,6.986674935345368e-5
ASZ1,1.7196362850173423e-5
TAF1L,2.3580675545822804e-5
PSMA8,3.3768887337200935e-5
TERB2,6.729833864122765e-5
KCTD19,3.0097936101156995e-6
MEI1,1.7890176104559162e-6
SHOC1,1.6439585177542337e-5
HFM1,1.954996803422374e-5
AGO4,4.0443496517025024e-5
CENPX,4.062831109979344e-5
MEIOB,4.330797946625976e-5
ANKRD31,1.5957451944096856e-4
SYCE2,1.8609883449401665e-5
MAJIN,6.35148867965075e-5
TERB1,8.010674712326727e-5
RNF212,4.879802205049766e-5
C14orf39,6.542429182156296e-5
NANOS2,2.941956146215665e-5
IHO1,3.0590524619741695e-5
STRA8,2.2222456321541932e-5
CENPS,3.3437456328851454e-5
MEIOSIN,2.2024657200425958e-5
C1orf146,1.1598805549084192e-5
TRIM75,8.81495824581146e-6
TEX19,1.9780625824105717e-5
BTBD18,3.708739986517697e-5
SYCE3,2.7352757060627253e-5
MEIKIN,9.235442069850891e-5
SYCE1L,1.267593716895991e-5
RNF212B,2.0080023402080503e-5
MEI4,1.968793614302093e-5
DHX9,4.162210042585697e-4
HNRNPD,2.828420039098518e-4
CAPRIN1,7.554359356384123e-5
CNOT3,2.5571051818848145e-5
CNOT4,1.345845038694743e-5
POLR2G,2.503214575120341e-5
CSDE1,7.65123584218063e-5
CNOT9,4.001714457757784e-5
CNOT8,2.9620346957383713e-5
PAN2,6.094080554722157e-5
TOB1,5.2870183502818626e-5
PAIP1,4.314304274719174e-5
IGF2BP1,1.5468254039297292e-4
DIS3,7.976542185210198e-5
SAMD4A,8.825589217843471e-6
TNRC6B,2.1076114956309425e-5
NOCT,1.3531096803167433e-4
CNOT10,9.434659200110303e-6
AGO2,2.9505757835626576e-4
LSM1,3.4952743759077086e-5
TNRC6A,1.913812761422885e-5
DCPS,4.959775148335033e-5
CNOT7,9.827081072939511e-5
SAMD4B,7.5927301981251955e-6
CNOT11,9.130786153608477e-6
EIF4ENIF1,1.117929472888229e-4
CNOT6,4.790485345351363e-5
TNRC6C,2.1076114956309425e-5
TENT4B,1.6612472867447704e-4
TNKS1BP1,3.652122135165742e-5
NT5C3B,1.2229713730653244e-5
DHX36,2.858215537815071e-4
PATL2,4.8841570766748374e-5
PDE12,1.581797488229487e-4
PATL1,3.195610611364207e-5
CNOT6L,3.7576619359787863e-5
PAN3,7.504212940824447e-5
PABPN1L,8.185431746638363e-6
DBR1,1.0218400424124483e-4
ATP13A2,3.632673536128822e-4
SLC18B1,1.1533078012135141e-4
COG1,1.4493866618081738e-5
GOLGA5,9.962162124200616e-6
COG5,3.859318417337606e-5
COG2,1.4851533056912383e-5
COG4,1.5474031874190304e-5
COG6,1.4493866618081738e-5
COG3,1.9191997300293333e-5
COG8,1.4493866618081738e-5
COG7,1.8450134324258433e-5
ADCYAP1R1,1.4321788522922817e-4
APOA4,3.0622784338332613e-4
APOD,3.371480766345451e-4
AQP1,7.873961440459365e-4
AREG,1.6230412681177698e-4
AXL,1.6596797445288965e-4
BAK1,2.676392532618699e-4
BTK,7.097486867593683e-4
CAPN2,1.6908396831929646e-4
CASP3,1.9638499784938097e-4
CAT,2.527103660540458e-4
COL1A1,2.093015848716849e-4
COL6A1,2.9849184901716686e-4
CRYGD,6.745306636004961e-6
CYP1B1,2.684881925154775e-4
DHFR,1.6282637745759134e-4
FABP1,9.303290567511296e-5
FANCC,2.436597748247648e-5
FKBP1B,1.6246301725653678e-4
FOS,2.0312458609613894e-4
FYN,2.97905091869176e-4
GCH1,2.8431490131360283e-4
GPX1,1.3140618437078604e-4
HBA1,5.0276765230833626e-5
HBA2,5.0276765230833626e-5
HBB,7.783001513859458e-5
HIF1A,4.288799033088348e-4
HMOX1,2.1299451089413506e-4
HP,7.727081140977606e-5
HYAL1,2.4053255756777787e-4
MB,4.304381910510875e-5
MMP2,1.5335229263362075e-4
MMP3,3.386974007848957e-5
MPO,1.9979557186761038e-4
MT-ND5,4.9776928250047126e-5
MT-ND6,2.7545382907474294e-5
NFE2L2,4.186430535102247e-4
NOS3,3.595087332705658e-4
OGG1,2.0169865713889939e-4
PDK2,6.177607720998447e-5
PEX13,1.3314309640117888e-4
PTPRK,2.9149528369987477e-5
PTPRN,6.883343083613181e-5
PXN,3.321107060230351e-5
SDC1,7.454668617585549e-5
SLC8A1,1.4348801928187215e-4
SOD2,5.549909979152025e-4
SOD3,3.906891216636014e-5
TACR1,3.312344334713556e-4
TPM1,1.7102177368914082e-4
UCP1,1.1815801430504858e-4
UCP3,7.25344343417922e-5
FOSL1,4.891538774164147e-5
IL18RAP,9.092130727739813e-5
TRPA1,9.21581239483909e-5
AIFM1,1.1433704104793457e-4
CCS,4.456156056917208e-5
IL18BP,3.2355003473096394e-5
PPIF,1.9585124161145603e-4
TRAP1,8.485356562051545e-5
NET1,1.5047278113453737e-5
RACK1,2.963856892014161e-4
FBLN5,5.7761672263640356e-5
TXNRD2,3.6116576912578166e-5
PRDX3,1.2315545245426883e-4
RIPK3,2.0157725935146436e-4
ZNF277,4.38486611837012e-6
PARK7,0.0019072467743952684
KDM6B,4.704417917402088e-5
PRDX5,1.532321928595555e-4
SESN1,4.8010183715218354e-5
GLRX2,1.7412538245195099e-4
ZNF580,1.176164724541068e-5
NME8,3.4044446925077473e-5
OSER1,2.66169284610732e-6
ADPRS,1.7204799186874535e-4
ANKZF1,1.1841969445228638e-5
PLEKHA1,3.491359097870662e-5
COA8,6.953970030746158e-5
PPP1R15B,3.163789704873292e-5
RLIG1,9.598946237982577e-5
CYGB,2.9518497386288496e-4
AGAP3,6.015567062242017e-6
PPARGC1B,5.147972856914725e-5
ROMO1,3.6379411819073836e-5
SESN3,6.010758491204281e-5
ERCC6L2,4.152390653329374e-6
MIR107,5.266157800463171e-5
MIR17,6.693465514417802e-4
MIR34A,2.8841648490156356e-4
PJVK,6.745166181004558e-5
DHFRP1,1.6282637745759134e-4
MIR199A1,3.7141413851838814e-4
TOR1A,9.68753880245674e-5
COPS3,1.2546848073959159e-5
COPS8,2.9821928782777204e-5
COPS6,1.1419963400857712e-5
COPS7A,2.107504872813293e-5
COPS4,2.0827253512208888e-5
COPS7B,2.107504872813293e-5
SENP8,1.4352045617809796e-5
YJU2,5.3043787928049887e-5
XAB2,5.265511549299437e-5
PRPF18,1.1388202836773338e-4
CIRBP,2.3994356827228495e-5
CLNS1A,2.526795684048265e-5
DHX8,1.1290616864674672e-5
DHX15,3.534519689149912e-5
FMR1,4.165461185157644e-4
FRG1,5.36283287942825e-5
HMX2,1.158800388879944e-5
HNRNPA1,1.0371823166482396e-4
HNRNPA2B1,5.7874859851866603e-5
HNRNPC,4.024100542838513e-5
HNRNPF,3.105934075906369e-6
HNRNPH1,6.438542977101776e-6
HNRNPH3,2.0724904375536758e-6
HNRNPK,5.239733745139601e-5
HNRNPL,9.575326374700885e-6
HSPA8,2.2742249429449901e-4
ILF3,2.8431037876135116e-5
MFAP1,8.151689117573215e-6
MYOD1,1.765850256180677e-4
HNRNPM,8.996821679269902e-6
NCL,9.292595016187731e-5
SNU13,1.6511321334756142e-4
NOVA1,1.021451549776413e-5
NOVA2,1.689470531438527e-5
NUP98,9.240706247676824e-5
PNN,7.142399705580646e-6
PTBP1,3.2777638645730675e-5
RBM3,1.2576973291750051e-5
RBM4,2.0743433750397067e-4
RBMY1A1,8.5695201475385e-6
RBMY1C,6.92078996343795e-6
SRSF2,3.13615103500634e-5
SRSF3,7.067595963077916e-5
SRSF4,1.3623327351175966e-5
SRSF7,1.3980527161781472e-5
TRA2B,3.062087837104638e-5
SNRNP70,1.2013591624703839e-4
SNRPA,2.581181818197836e-5
SNRPN,2.4849712664477747e-5
TIA1,2.9884360158000242e-5
U2AF1,2.9432446485739645e-5
ZRSR2P1,1.8356954145574655e-5
RNF113A,4.981240649640555e-5
COIL,1.9592220625132687e-5
ESS2,2.0808779461819034e-6
DHX16,1.435161515930782e-5
KHSRP,3.702697214931694e-5
CDK13,9.95564574822975e-5
BUD31,3.287603637612467e-5
SART1,1.1715734259870986e-4
PRPF4,3.341538789304476e-5
EFTUD2,3.013894447417557e-5
SNRNP40,1.1522138157548584e-5
QKI,2.297086658214931e-4
RBM39,2.4518743177731884e-5
PRDX6,3.9568093133559355e-5
WTAP,1.300014741304295e-5
AQR,1.867809023149323e-5
DHX38,1.5948927330578538e-5
THRAP3,2.7610289191072905e-5
PQBP1,2.986632545152905e-5
RBM7,2.2457050338106715e-5
RBM6,1.1700203062740823e-6
MPHOSPH10,2.3585073496916237e-5
DDX39A,5.139109754576487e-5
HNRNPR,2.225596175802897e-6
SRRM1,4.312452718919033e-6
CWC27,4.7730278102435226e-6
SAP18,2.7097635055701197e-5
SMNDC1,2.0971463053075047e-6
PPIE,2.4639130889505532e-5
PPIH,3.657761341295542e-5
DDX17,2.2857208563418294e-5
KHDRBS3,4.601221111873414e-6
SRSF8,4.190170451023647e-6
SNRNP27,4.7473725594880635e-6
RBPMS,2.16154978541339e-5
SNRNP35,4.342706458152849e-6
HNRNPUL1,2.246011805385787e-6
LSM6,2.48181682260072e-5
WBP4,7.936073108152499e-6
ACIN1,5.110284960898988e-5
JMJD6,3.171318450073311e-4
PPWD1,9.692532624330997e-6
MTREX,3.891559882839878e-5
SRRM2,1.045218441811203e-5
RBFOX2,8.232617735167941e-6
LSM5,2.937147625737953e-5
TFIP11,7.641017474477473e-5
PRPF40B,1.1376798021723399e-5
LSM4,3.4457868494198974e-5
USP49,2.4401116230704998e-5
GEMIN5,9.539438263465142e-5
DAZAP1,2.645157730356831e-5
GPKOW,1.5361381570077491e-6
LSM3,5.997286063867075e-5
RBMXL2,2.1603713161036076e-6
RBMX,3.754943828182774e-5
RBM15B,2.0669504483013938e-5
TRA2A,7.014327869984702e-6
GEMIN4,1.630512894292228e-5
RSRC1,3.6847839027011914e-6
CDC40,7.350432449747279e-6
DDX41,1.3816095525020844e-5
CWC15,8.863166289180874e-6
PPIL1,3.099412184509695e-5
LSM7,4.0948993382922296e-5
LSM8,2.2608212668288417e-5
PPIL3,9.661512128493507e-6
RBM11,8.833285132541493e-6
PRMT7,6.959111620654381e-5
RBM47,4.695429525491965e-5
RBFOX1,1.2811896604825034e-5
CWC25,1.0218941765331382e-5
TXNL4B,6.911551143015252e-6
GEMIN8,1.4107847580863964e-5
ARGLU1,5.576422322411465e-6
GPATCH1,2.0903168944847834e-6
RBM23,1.4266983752342334e-5
SMU1,6.86254288248031e-6
CWF19L1,1.5008764878992714e-4
RBM41,3.268003783680225e-5
ZCCHC8,9.284784419191817e-5
RNPC3,3.2728987380949994e-5
PRPF40A,1.4232361353387671e-5
RBM22,3.636944662266639e-5
CTNNBL1,7.958075241823687e-6
METTL3,1.6598621202130112e-4
PCBP4,1.1015246160283745e-5
CWC22,1.5613817591709586e-5
METTL14,5.2434804338894385e-5
CACTIN,4.1576678857206285e-5
RBM25,4.398758728698968e-6
UBL5,1.5772939757276172e-5
DHX35,9.422017582863592e-6
RBM15,4.794083002693657e-5
SCNM1,2.381486826112571e-6
RBM42,1.3155963792837692e-5
SNRNP25,3.822884040206375e-6
DHX40,1.5314131026727763e-5
GEMIN7,1.4148099001785366e-5
ESRP2,1.381664121808873e-5
YJU2B,6.5804271550287806e-6
ARB2A,1.3872203757214608e-5
NSRP1,4.657639605337106e-6
WDR83,1.2688454618273802e-5
SRRM4,6.448002626649827e-6
PRPF38A,3.932950514905811e-6
RBM17,3.1733896704467705e-6
ZCRB1,3.492207126142508e-6
PAXBP1,2.4124089223230707e-5
TGS1,6.595366661153236e-5
FRA10AC1,1.5206802678340873e-6
RBMXL3,1.947106589638784e-6
CWF19L2,5.864625786934103e-6
HNRNPA1L2,4.065719203547165e-6
RBFOX3,4.08666806660797e-6
ZMAT2,7.552563900438843e-6
RBMY1F,7.038574496387906e-6
U2AF1L4,1.859148192247946e-5
KHDRBS2,1.3019366860200147e-5
HNRNPA3,2.363111925603371e-6
HNRNPUL2,1.8949537834416426e-6
RBM24,1.0868669740876131e-4
STH,6.721566804845203e-6
RBM20,4.385510857471692e-5
RBPMS2,2.1471689245486218e-5
RBM44,2.974600674509467e-6
RBMY1B,9.248087979094604e-6
RBMY1D,7.003128241489819e-6
RBMY1E,7.014327869984702e-6
RBMY1J,7.038574496387906e-6
NCBP2L,1.934051199659486e-5
RBMXL1,6.885343708539863e-6
HNRNPA1L3,2.291763124465861e-6
SNRPGP15,3.156765904850733e-5
TSEN34,7.827138793460101e-5
TSEN2,7.848755088446121e-5
TSEN54,3.9321601023072855e-5
CLP1,1.1258481886422056e-4
FAM98A,2.831433496905456e-5
RTCB,9.879882307875175e-5
RTRAF,2.5261563847410593e-5
C2orf49,1.4606543868317665e-5
TRPT1,3.282943390197484e-5
TSEN15,8.53276928263798e-6
FAM98B,1.880547405908486e-5
ZBTB8OS,1.4468251973440447e-5
NCOA1,4.0024857551983575e-4
FKBP1A,1.6461137993483067e-4
PPIB,5.467183466439167e-5
SLC25A5,1.6033275274513175e-4
BNIP3L,3.867119595063125e-5
TSPO,3.23186052218613e-4
CSNK2A2,4.686442893196393e-5
CTSK,6.160247796814413e-5
EIF2S1,2.103142080686974e-4
CTTN,5.310753176222664e-5
NIPSNAP2,4.551791161601855e-5
HK2,1.263117301871694e-4
TAFAZZIN,1.4137162377702274e-4
TSC2,5.777916796327517e-5
VDAC1,1.1049288504134796e-4
FZD5,1.9381120832275117e-4
NIPSNAP1,2.673704204488499e-6
DELE1,3.7383451533139e-5
OPTN,5.346552240895984e-5
ABI2,9.676163771371695e-5
HAX1,4.932951722637626e-5
CERS1,1.6626912939881935e-4
ARHGAP26,3.7088363598376277e-6
CLEC16A,2.4347357932313697e-5
FKBP8,3.106248711030782e-5
BCL2L13,3.7730998168626746e-5
NIPSNAP3A,1.5521264232000018e-6
FBXL4,6.057666248437587e-6
EIF2AK1,1.8754691062317772e-4
HTRA2,2.069457177881416e-4
RETREG1,4.8674661040038194e-5
TOMM7,5.950958646856456e-5
VPS13C,7.921483388635742e-5
VPS13D,2.526587712413295e-5
NIPSNAP3B,1.4791224853009316e-6
PARL,2.4360779421947252e-5
TIGAR,4.330486762202026e-4
USP36,4.486274369452113e-5
FUNDC2,1.3321704457657611e-5
USP30,5.2230448294194795e-5
ATP5IF1,2.2573454209055843e-4
SPATA33,1.1089149028058359e-5
SPATA18,1.0821042112169998e-4
FUNDC1,4.63883691717759e-6
RIMOC1,1.5834715756309636e-6
CISD2,7.583433783472457e-6
TIMM23,2.2700204577062026e-5
PIK3R4,1.222023885371112e-4
ACBD5,1.918828728934453e-5
USF1,1.2785128754894202e-4
USF2,1.0502810429454102e-4
RPS21,7.322228977696575e-5
NOP14,9.129252076840173e-5
RCL1,2.592436179079424e-5
RPP40,1.1404003626629005e-4
UTP20,4.989571087384375e-5
KRI1,1.8228286390367664e-5
NOL9,9.930175247009596e-5
EXOSC9,1.221159723008983e-4
URB1,1.062045377915832e-5
MPHOSPH6,9.786683731354714e-6
NSA2,8.623352814950238e-6
C1D,1.2129293808787863e-5
EXOSC8,1.1350836607200599e-4
EXOSC7,1.2012260112445059e-4
EXOSC2,1.2245208668461624e-4
PES1,3.199587430203825e-5
RRP15,8.335098790905402e-6
EXOSC4,8.268560848762776e-5
WDR12,3.220272403671853e-5
RPF1,2.5388354918980248e-5
LAS1L,6.348622258780785e-5
MAK16,8.634552443445122e-6
ERI1,5.839771544389778e-5
BYSL,2.3088946094068092e-5
RPS8,9.020671682832157e-6
RPS16,1.0101727398125391e-5
WDR46,5.126173704318293e-6
BMS1,1.5205684607900915e-5
TBL3,4.31418705413702e-5
WDR43,3.17252807942983e-5
NGDN,5.254179649598461e-5
UTP25,1.8841361581794553e-5
HEATR1,3.9329499097018396e-5
TSR1,1.3936936237770453e-5
UTP6,1.6494523139197707e-5
UTP3,5.45851939201942e-6
DHX37,4.2746113473486663e-5
NOL10,5.1118402249411384e-6
UTP23,2.400369654402573e-5
UTP4,2.349407979854477e-5
SLX9,9.645711057684517e-6
RRP36,6.2560207056983515e-6
TSR2,3.817005656418931e-6
GTF2H5,8.323996811610683e-5
RPL7,1.0623752206290216e-5
DDX18,1.3665511074756184e-5
ZNHIT3,3.615764810025999e-5
RPL35,9.657397157198895e-6
RBM34,6.695290289581177e-6
ZNHIT6,4.3962796215105624e-5
PAK1IP1,1.0026795584447905e-5
PPAN,1.0734460339180567e-5
RPL7L1,1.1141746102240381e-5
RPL7A,7.335955530942238e-6
TAF9,8.435782325163804e-5
NUFIP1,3.1532183611292365e-5
PIH1D1,1.446883505997033e-4
SHQ1,4.014117897748431e-5
PIH1D2,2.2850767707996905e-5
NOPCHAP1,1.0697396643753412e-4
ELAVL1,4.953323519549308e-5
STAU1,7.458891293181448e-5
XIST,9.281116524976717e-5
SMAD5-AS1,1.6264941027185163e-5
NEAT1,1.0478845263955174e-4
MALAT1,6.249438440239188e-5
TUSC8,1.245126476513057e-5
OIP5-AS1,4.119159935207862e-5
HOTTIP,2.6919991159760987e-5
DNM3OS,2.794379802478227e-5
LHX1,6.245658229378075e-4
SMAD2,1.877942616686149e-4
SMAD6,1.436332530027858e-4
PCSK6,8.43242178124604e-5
WNT1,4.524047936251809e-4
GDF3,5.035815042575032e-5
BASP1,1.3963927921181374e-4
TMED2,1.7185767763215992e-4
COBL,9.049419181117517e-5
TASOR,5.3495231281239625e-5
TDRD7,8.043228604737251e-5
MESP1,7.486077643981703e-4
TDRD1,9.916328956145007e-5
EPB41L5,1.6615539655172223e-4
CXXC4,2.620255786502812e-5
CHRDL1,3.31228067156529e-5
DCANP1,1.8961934359462568e-4
MESP2,1.4271129305286848e-5
TDRD5,9.586695086018442e-5
PLD6,1.3491489562430413e-4
TDRD6,7.463399760672644e-5
TIFAB,2.5871452413418755e-4
XPA,1.1916422855835527e-4
ERCC1,2.644024802222723e-4
HMGN1,6.965878680941622e-5
TEP1,2.3799302612915524e-5
SMC6,5.136830932093751e-5
APEX1,3.011175389803084e-4
CCT6A,1.1458838286641934e-4
FEN1,8.616957947177214e-5
XRCC6,1.3805537942798859e-4
ZBTB48,9.695859019503687e-6
HSP90AA1,4.4533989287193107e-4
HSP90AB1,1.585497856248767e-4
NFRKB,2.402688785427267e-5
NVL,3.8971493796105225e-5
PKIB,2.4280235942855214e-5
PRKCQ,2.069527824525235e-4
RPA1,3.947134808958474e-5
TCP1,1.3303483052277948e-4
TERC,1.824355265384022e-4
CCT3,1.1471109440261754e-4
WRN,3.6518610099888323e-4
USP7,1.2335049085347255e-4
EXO1,1.471883275784794e-4
RECQL4,7.179636434173014e-5
MCRS1,8.586261682925155e-5
CCT7,1.0868893931019428e-4
CCT4,1.254594504427121e-4
CCT2,9.748612969171095e-5
CCT8,8.679008674446807e-5
PNKP,9.88575216646905e-5
CCT5,1.1477762190279531e-4
POT1,2.509774995420674e-4
TINF2,9.852862789429877e-5
GNL3,3.1793313701029216e-5
TFPT,2.6902991742409733e-5
SMARCAL1,4.6348113728795205e-5
UCHL5,6.843172582147589e-5
XRN1,2.010116783544027e-4
GNL3L,4.166776724837448e-5
NSMCE4A,1.4453223253411872e-5
INO80D,2.3558660413884163e-5
SLF2,6.777067119447978e-5
YLPM1,2.1797774427500536e-6
DCLRE1C,3.8754182715561636e-5
DCLRE1B,8.142150246303397e-5
ACD,9.318538710314095e-5
SLX1B,1.1344504422549245e-4
ACTR5,2.955234363570612e-5
STN1,5.54651894315903e-5
INO80B,2.3752709481793606e-5
SLF1,7.237583870830948e-5
ACTR8,2.4377206101033525e-5
INO80C,2.790616010791365e-5
ZNF827,1.2282519988068478e-4
NSMCE1,1.7321357376496108e-05
LTO1,2.5440000324440484e-6
INO80E,2.3645066134476708e-5
EID3,1.4439736409432918e-5
SLX1A,1.1344504422549245e-4
TEN1,5.3816924913031785e-5
ERCC5,4.697555055789135e-5
MCM5,4.0939618438385255e-05
MCM7,4.538188815659023e-5
TONSL,3.6034416536418775e-5
RAD52,5.284257361704338e-5
RECQL,2.6295798260272185e-5
REV3L,3.1786752063814006e-5
SEM1,2.332200948483856e-5
PSMD14,5.206686734353764e-5
FAN1,6.659664125420699e-5
POGZ,1.2106569005434491e-5
SAMHD1,4.462293188653093e-4
POLL,2.9086178523343056e-5
ASTE1,2.1074245976619568e-5
RNF138,2.0215670794113424e-5
GINS2,2.3595410604340673e-5
EXD2,3.601039684993408e-5
AP5S1,1.739138885667336e-5
KDM4D,4.373103113256671e-5
NUCKS1,1.5076955279604048e-4
PALB2,1.598209648751104e-5
GINS4,2.9818621432042863e-5
MCM8,1.5588896700671214e-4
SFR1,3.690719865074785e-5
ZSWIM7,2.5893406816446698e-5
SWSAP1,2.6665010497459726e-5
MCMDC2,6.0203123356801405e-6
MMS22L,2.578619097902953e-5
RNF169,2.3202986451438836e-5
MCM9,1.5539305153602995e-4
POLN,1.3110842268037899e-5
SWI5,3.429890630616487e-5
RAD21L1,2.133773374725191e-5
ZGRF1,9.629624773672644e-6
HROB,4.825963362081823e-6
CTBP1-DT,2.289739725118944e-6
POLD1,9.709143210995e-5
POLD2,4.736615498894264e-5
POLE2,2.6428196819128942e-5
POLH,4.700841441450852e-5
RFC3,3.453448107421256e-5
USP1,1.2091396110126837e-4
USP10,5.5692585310785904e-5
POLD3,9.29258634652016e-5
POLI,1.4765103575735147e-5
RCHY1,2.844902405533261e-5
POLK,2.6898381368150464e-5
REV1,7.241360372174946e-5
WRNIP1,1.6630619953425125e-5
NYNRIN,1.548991522740726e-5
POLD4,2.935256756969117e-5
ERVK-6,3.9813122817957e-5
SPRTN,2.2400665992767773e-5
USP43,3.1687020319407374e-5
FAAP20,1.894279253215651e-5
ERVK-7,3.524307464851396e-5
ERVK-8,3.51789646481975e-5
ERVK-10,3.524307464851396e-5
ERVK-11,3.208639647207813e-5
ADGRB1,5.1036554712763195e-5
ADGRB3,5.476640102461747e-5
CACNA1S,6.387528980593356e-5
CD9,8.082957658396797e-5
CD53,1.9794176938180718e-5
DOCK1,2.3317083451954366e-5
DOCK2,9.465872150213058e-5
IL4R,1.6025757248428095e-4
CXCL10,1.341506000518811e-4
KCNH1,1.971237950018214e-5
CXCL9,5.042002049075091e-5
MYOG,1.856086983527746e-4
NEO1,4.860105128270044e-5
NOS1,3.106837080658432e-4
PTGFRN,2.2926681687979093e-5
TCTA,2.2557817086587715e-5
TYROBP,2.503710324745301e-4
ADAM12,7.531219962825911e-6
GCM1,5.06627112124015e-5
CAMK1,4.725250190465969e-5
TNFSF14,6.0053465117486385e-5
CACNA1H,1.1442896199413128e-4
DYRK1B,1.0731725566174102e-5
SH3PXD2A,3.358269963146564e-5
FLOT1,1.757514005015907e-4
RAPGEF3,5.663446708983675e-5
EHD1,9.565607335946471e-5
ADAMTS5,2.486523253075053e-5
SBNO2,1.0478304668146249e-4
ERVW-1,4.294676596532587e-6
EHD2,3.495599394333037e-5
PLEKHO1,5.019307300741401e-5
VASH2,3.331490650256149e-5
DOCK5,5.7098125906502544e-5
DCSTAMP,8.00158667345368e-5
TANC1,1.4883609768163875e-5
SCGB3A1,1.55699776723802e-5
OCSTAMP,7.448811035288609e-5
TMEM182,9.440253666238178e-5
CD109,4.115626906652456e-5
ADAMTS15,8.578172951009007e-6
IZUMO1,2.6490310330423877e-5
MYMK,1.2589453217994452e-4
ERVFRD-1,4.346189162059531e-6
MYMX,2.4176548393610596e-5
CLN3,4.511902483465042e-4
SIRT4,3.660850053160453e-4
ATCAY,9.753853415374893e-5
SLC7A7,4.5474020047875014e-5
ACTG1,1.4862732425579463e-4
ACTN1,4.265647318132446e-5
ADARB1,1.9892421784109858e-4
ADCY1,7.770226604006577e-5
ADORA2A,2.6047507625702855e-4
ALCAM,1.596813655108706e-5
ALDOA,7.568446975735402e-5
APLP1,1.6394962612763738e-4
APLP2,8.256481536342232e-6
RHOG,2.2144238313721682e-5
ARHGAP4,1.9971787962505444e-5
RERE,1.2164771821115946e-4
ATOH1,2.1749077310399467e-4
KIF1A,7.089468270474956e-5
BDNF,1.1248547787451584e-4
BMPR1B,1.2837592758904387e-4
BMPR2,2.924194120083765e-4
BSG,9.48364260925203e-5
FMNL1,1.7493739821429694e-5
CFAP410,6.117432905632911e-6
DDR1,8.54465176262648e-5
CAMK2B,6.298036235812512e-5
CAPZB,1.4014637935727615e-5
CASP9,5.249975948018743e-5
CCK,1.1329270800489173e-5
CCKAR,5.443382643118299e-5
SEPTIN7,6.186642019953568e-5
CDH1,1.0753619336600166e-4
CDH3,3.02692269464962e-4
CDH4,1.8270259239973184e-5
CDH6,1.0164636595925416e-5
CDH7,8.022686083535523e-6
CDH8,1.4094593807672618e-5
CDH9,1.0541325093333644e-5
CDH10,9.681999681020971e-6
CDH11,5.453137916939868e-5
CDH12,8.022686083535523e-6
CDH13,8.164024006113929e-5
CDH15,1.0306588989464503e-5
CDH17,9.172920839576704e-5
CDH18,8.022686083535523e-6
CHN1,7.707652964459267e-6
CHRNA3,1.3685744028558346e-4
CHRNB2,2.565043557212411e-4
CLU,3.672191650378723e-4
CNP,9.020773625196106e-5
CNTN1,2.586049016401247e-5
CLDN4,4.513093153761044e-5
CLDN3,9.321098783549546e-5
CRABP2,4.10284782586792e-5
CREB1,1.5157578888941062e-4
CRYGB,2.0341994535955797e-5
CTNNA2,6.484420982538556e-5
CTNND2,7.637912238028994e-6
DAB1,2.41606668055514e-4
DBN1,7.093994921965247e-5
DCC,7.07706366434671e-5
COCH,2.5925701840454592e-6
DIAPH1,3.0947448235782286e-5
DLG4,2.8409777464270504e-4
DLX5,6.510383131057209e-5
DSCAM,1.0559343308524375e-4
ECE1,2.3498984884100325e-4
EDN2,2.705314281013983e-4
EFNA2,1.0288813130411758e-5
EFNA3,3.8262859360705596e-5
EFNA4,8.2991421625415e-6
EFNB2,1.181824186712557e-4
EFNB3,1.1484336897062383e-4
CELSR3,2.2013664271560535e-5
CELSR2,4.991185478213964e-5
MEGF8,1.4767532421043543e-4
EGR2,5.390697283782481e-4
EIF4G2,2.4581568176701973e-5
ELAVL4,8.809252600258178e-5
EMX1,4.1579889895286586e-5
EPB42,2.7112123033530447e-5
DMTN,1.237547352660061e-4
EPHA5,6.085327964052238e-5
EPHB3,7.550131423494927e-5
EPHB6,7.1293323251698326e-6
ETV1,1.3722462080460924e-5
EVX1,3.485158138188079e-5
F2,1.4633413471396844e-4
FAT1,8.126057909985946e-5
FGD1,4.848947234417711e-6
FGR,7.992045150425107e-5
FOXD1,5.191529892715914e-4
FLNB,1.5492530819025637e-5
FOSL2,1.7889128251476243e-4
GAP43,4.902436294543362e-5
GAS2,4.678318790821986e-5
GBX1,4.0204246461949255e-5
GBX2,9.782814577739578e-5
GDI1,8.995161766915194e-5
GDNF,3.513975720739749e-4
GFRA3,2.472832090462077e-5
GLA,1.2959811951444568e-4
GNA12,6.897032932640165e-5
GNAT2,1.660767477240826e-4
GOLGA4,1.4611176198618907e-5
GP1BA,8.535116156326876e-5
GPM6A,2.0679750308334743e-5
ARHGAP35,6.23927787963507e-5
HCK,7.930827458290162e-5
NCKAP1L,2.591080312679971e-4
HEXA,1.1836184371910775e-4
HEXB,2.284828265327575e-4
TLX2,1.9743177803484918e-5
HPN,1.2572636264594034e-4
HPRT1,5.268936849128327e-4
IFRD1,5.506292172957929e-5
IHH,5.603373798709219e-4
ITGA4,3.167559769173042e-4
ITGA7,1.024808412971236e-5
ITGB2,2.7805617885919454e-4
ITGB6,8.653988958192159e-5
ITPKA,8.604276565894824e-5
ITPR1,1.917917718155313e-4
ANOS1,5.064015793515981e-6
KEL,4.288002489221038e-5
KIF5A,8.979570239665656e-5
KIF5B,2.179107097735362e-4
KIF5C,9.560494987304799e-5
L1CAM,1.916379189675726e-5
LAMA2,4.625814461155708e-5
LAMB2,2.880179659308407e-4
LIMK1,4.294224438292872e-5
LMX1A,2.2071542899069216e-5
LRP2,2.1332732715321627e-4
LRP4,1.4884881490511993e-4
MAG,1.5930096837889077e-4
MATN1,2.1559502537985974e-4
MATN2,4.246872262869991e-5
MCF2,7.202835808171667e-6
MDK,3.2242155873779077e-4
RAB8A,8.406567186476875e-5
MFAP2,2.8743170161306316e-5
MKLN1,9.563509476757842e-5
MOV10,6.601212293090458e-5
MPL,2.0141076137146765e-4
MSN,1.4463042923983785e-4
MYO7A,2.203042505095651e-4
MYO9A,3.653760593094277e-5
MYO9B,3.992963011153975e-5
MYO10,3.5149684257792935e-5
PPP1R12B,1.62722083102887e-5
NBL1,8.308053654271782e-5
NCAM1,2.644164222537203e-5
NELL2,8.092617567132244e-6
NGF,6.485023663592715e-5
NGFR,1.1611786054435947e-4
NPTX1,4.191918764013529e-5
NRCAM,5.387749021642426e-5
NRDC,3.5881537725187956e-5
NTF4,1.945133980220584e-4
NTN3,2.5008445009454386e-6
OPHN1,9.949318342658339e-5
OTX2,3.667652905390805e-5
PALM,7.842597621672906e-5
PAX2,0.001246304074325361
ENPP2,1.1110350923303898e-4
PITPNA,2.8922872425342172e-5
PLEC,1.7714201957700346e-4
PLS1,2.4251152462641026e-4
PLXNA1,1.4990092676496226e-4
PLXNB1,4.078432047136672e-5
PLXNB3,7.4337012665263e-5
POU3F2,1.0253488477408825e-4
POU4F3,2.0063537814606e-5
PPP3CB,1.5689038243160447e-4
PRKG1,2.1268420015396066e-4
RELN,4.2567852956710374e-4
PSMB10,2.8462628200972405e-5
PTK2,1.2829641964318684e-4
PTK7,5.6676314470202304e-5
PTN,1.6169037482255394e-4
PTPRD,8.880279569454107e-5
PTPRH,1.493152797882122e-5
PTPRM,2.5569888706863222e-5
PTPRO,1.8202044385837594e-4
PTPRS,1.301620237676539e-4
PTPRZ1,5.441178188898058e-5
RAB3A,3.436930523234825e-4
RAC2,1.634094400876364e-4
RAC3,7.298574065308992e-5
ROBO2,1.8334132207069643e-4
S100A6,1.2984385232853838e-5
S100B,2.5640412703249886e-5
SCN1B,1.888455067387292e-4
CCL7,6.9765288824828807e-05
CCL13,1.6520225493125224e-5
CCL24,6.096844957321668e-5
SDC2,5.950059255980982e-6
CXCL12,2.1029492759718025e-4
SEMA3F,1.756053771646265e-4
SGK1,6.511384124493542e-5
SH3GL2,6.463132837405367e-5
SIAH1,1.4798243089919813e-5
SLC1A3,1.5179054643381108e-4
SLIT1,7.899919574096091e-5
SLIT3,9.173193528907176e-5
SNAP25,1.4998169425681804e-4
SNX1,4.5983244184211056e-5
SNX2,4.531920690304242e-5
SOS1,1.1522173540194796e-4
SPARC,2.9432830599653386e-5
SPP1,2.9400291731961666e-4
SPTA1,4.380867325081474e-5
SRF,3.313604027036427e-4
ST14,5.388568673054516e-5
STC1,2.3933537735646863e-4
CDKL5,5.328569685374182e-5
STK11,1.3598932224777492e-4
STXBP1,3.0458924217713156e-4
SYT1,4.279323689569436e-4
SYT4,6.007339666071984e-4
TECTA,1.6661203437347868e-5
THY1,1.009257734255456e-4
TNR,2.0954214221944508e-4
TPM4,2.9074962114839448e-5
TRIO,2.130531003506176e-5
TRPC5,6.368054258425792e-5
UGT8,1.4330440585636799e-4
UPK3A,4.1613641783375246e-5
CLRN1,3.942179335298578e-5
VASP,2.7987460068369684e-5
VCL,2.664843681981835e-4
VIL1,1.5441237770756996e-4
VLDLR,1.0886316760587732e-4
WNT3,1.9823063753349968e-4
XK,3.2650434737627984e-5
YWHAH,1.1919298532351269e-4
ZNF135,1.5118029660462557e-6
LUZP1,1.5019016520972654e-4
LRP8,1.5779342333540418e-4
CXCR4,3.137425443160434e-4
SEMA3B,2.405531454092238e-5
LST1,5.823550460641424e-6
LHX3,1.4599331663922945e-4
ST8SIA2,4.1441971376925014e-5
RND2,1.9771726381535254e-5
PICALM,2.0419992713274597e-4
FZD4,1.9454619918605703e-4
PLA2G10,2.550446678484059e-4
RASAL1,1.544605592419856e-5
PPFIA2,1.215751712830492e-4
CNTNAP1,1.6769234352918892e-4
GAS7,5.909030632024976e-6
UNC5C,1.0103879062135679e-4
NUMB,5.428845817714309e-5
ADAM7,7.451360197121517e-5
NRP2,3.703494162206172e-4
CPNE1,2.6051583826313064e-5
WASF1,6.740543233584803e-5
WASL,1.160211388708335e-4
PLOD3,2.017960153093561e-4
LIMD1,1.834880393452962e-5
KALRN,1.0991104038775142e-5
SEMA5A,1.7029324254133274e-4
ARTN,6.30950258048844e-5
DCLK1,2.0911663140910518e-5
ZMYM4,7.421353066729091e-7
ZMYM3,9.600356565843154e-7
ZMYM6,8.99886483941688e-7
LGI1,1.5916608393546698e-5
MAGI1,1.2987283499504138e-5
RPS6KA5,1.921574605499607e-5
NUMBL,3.171897796746778e-5
B4GALT6,1.0094053404392377e-4
B4GALT5,7.994914606031345e-5
SLIT2,6.382537973904552e-4
LHX2,4.742190895349311e-5
CPNE6,1.987328908267939e-5
NRXN3,3.288495339266716e-5
NTN1,6.832408323636259e-5
MYOT,1.3762999643023093e-5
RIMS2,9.232654336697674e-5
SEMA3E,7.085725388659399e-5
CLSTN3,1.8306781700183457e-4
LZTS3,7.811352068963794e-6
KIAA0319,1.5529110717047332e-4
RHOBTB1,4.556311520871898e-6
PLPPR4,1.5845846986112544e-5
ARHGAP44,1.3703893159481304e-4
WDR1,2.2281237198555718e-4
SLC23A2,1.0690228319610994e-4
ABI1,3.394927493581251e-5
ATP9A,4.9710734962639566e-5
CERT1,1.1973531843688124e-4
UST,1.5608598181363542e-4
FRY,1.9470227550093915e-5
PLXNC1,3.4798969939663676e-5
FARP1,8.266099646124038e-5
WASF2,5.841444645702533e-5
LAMC3,5.058522056163269e-6
SEC24B,2.1209779775030525e-4
CFDP1,1.992773320771244e-5
CDC42EP2,3.7594924540219874e-5
OLFM1,4.5890464020523505e-5
BAIAP2,1.914957079027812e-4
SLC9A6,2.683560168991539e-5
CAP2,5.189285819877961e-5
CAP1,2.6385236811610044e-5
SEMA6C,2.07960620117962e-5
SEMA6B,1.2953609364241025e-5
SEMA4F,2.9701598607858648e-5
SEMA4B,1.72973394223679e-5
SEMA3C,1.531486227391871e-4
CDC42EP3,7.089608735550305e-5
PDLIM5,3.743110650454834e-5
MYL12A,1.5725495964484772e-5
PDPN,1.5813225975624276e-4
POSTN,8.373243977490726e-5
SPINT2,5.951813382952808e-5
GNA13,6.422279901674504e-5
CSPG5,3.4665781371477775e-5
B3GNT2,4.569764967061588e-5
TBR1,5.677475260797411e-5
CHL1,6.542390552291404e-6
NCKAP1,4.308983372207443e-5
WASF3,4.6235943976458165e-5
RAB10,1.2120500675184655e-4
AFG3L2,1.9944539792846798e-4
B4GAT1,2.867236671369658e-5
TRIOBP,6.0846789565165886e-5
CDC42EP1,2.7873799820539333e-5
IL1RAPL1,5.6076500497165634e-5
POPDC1,6.96358486447688e-5
CORO1A,1.33135291734855e-4
LZTS1,1.1735528094210765e-5
KLK8,2.3143693528178105e-5
PACSIN2,4.126312900781296e-5
SCN11A,3.210300691968938e-4
LYPLA2,7.504189688901289e-5
TWF2,5.973715509102916e-5
NTNG1,1.495535164092717e-5
SLITRK3,4.3121062070733694e-5
NLGN1,4.121047434562741e-4
RUFY3,2.231546638065978e-5
BTBD3,2.7226144051576596e-6
TRAK1,4.8295977380338966e-5
RIMS1,8.455211711034976e-5
RAB21,5.824008151630514e-5
PALLD,2.8841177180186823e-5
UNC13A,8.016717624957882e-5
HECW1,6.025118254088288e-6
SIPA1L3,2.3613389326852372e-5
SARM1,1.8531671082832427e-4
FSTL4,1.0541170227858739e-4
NFASC,1.7848609829693853e-5
PLXND1,7.50994023110221e-5
EPB41L3,9.243750704274845e-5
DIP2A,5.2618851503639195e-5
CYFIP1,2.2453144848593611e-4
NBEAL2,7.067886103838019e-6
RHOBTB2,4.556311520871898e-6
VPS13A,1.1494817792267219e-4
ARC,1.2400250669951463e-4
DNMBP,3.386135446449649e-6
KIF13B,8.37339979057492e-6
SZT2,8.062539163179027e-5
SYNE1,2.3067033352413153e-4
ARHGEF18,1.3655077037523137e-5
ADNP,4.6122033097529346e-5
CRB1,1.238917703956006e-4
GRIP1,4.529540838113719e-5
RHOQ,6.09784138937468e-5
MACF1,3.551240878840183e-5
CDC42EP4,2.5283734312897507e-5
CORO1C,1.3561634850558794e-4
PLXNB2,2.5192723957148965e-5
FLRT3,8.629412041898075e-5
FLRT2,2.3136260428581725e-5
FLRT1,1.3668165047532058e-5
NGEF,2.3002555700586015e-5
BAMBI,2.153673266300834e-5
SULT4A1,1.1360144242539403e-05
WHRN,1.189930696659381e-4
PLEKHG4,2.885176780517968e-6
CLIC4,3.601358923032032e-5
ZNF385A,7.681443427727713e-5
TSKU,1.5787905497260894e-4
NSMF,2.8598457995342815e-5
SIPA1L1,1.556104085551926e-5
SS18L1,1.3409085038065893e-5
CNTNAP2,1.5892389610239075e-4
SLITRK5,6.53662673268161e-5
DNM3,3.0661663422057185e-4
AUTS2,2.169314081907821e-5
ARHGEF26,1.0881200764198004e-5
TANC2,2.215217575339441e-5
TIAM2,7.676571412248526e-6
NKX2-8,4.6859318150977554e-6
FBXW8,4.460193879825605e-5
GREM1,3.8515656863330087e-4
CYFIP2,3.455153831570986e-5
NPTN,4.658339082382048e-5
FOXB1,3.095228723872318e-4
STAU2,7.881641923299768e-5
CNTN6,1.3617062593040889e-5
CDH20,8.022686083535523e-6
CDH19,8.022686083535523e-6
DBNL,2.7744732023723282e-5
C1GALT1C1,2.8728653757082022e-5
PARVB,1.79868356641579e-5
EEF2K,3.1770036443024214e-4
PACSIN1,3.363262516693046e-5
SH3KBP1,6.676736134763645e-6
ITSN2,4.906243413076312e-5
F11R,1.1564743937887077e-4
SHANK1,2.44247240737886e-4
WDPCP,1.35200429824233e-4
ATL1,3.552077108492808e-5
SIDT2,8.754273240738723e-5
ABI3,8.301243609171454e-5
CDKL3,2.181950812384902e-5
CLEC1B,4.740752235568404e-6
NRN1,6.357011354543095e-6
SPG21,1.775142151859054e-5
TRPV2,3.1568180890349784e-5
YTHDF2,1.890720480579006e-4
EVL,4.1064678904821655e-5
DCDC2,2.1754618481928356e-5
VPS54,1.935374761037237e-4
SYT17,2.8268403282890522e-5
ATP8A2,1.4040631098833755e-4
CNTN5,7.639739527096352e-6
BRWD1,3.549773570451429e-6
NLGN3,1.1881085291217693e-4
SSH1,1.503040476914298e-4
SEMA5B,2.067838571911405e-5
ROBO4,1.1929805745487987e-5
TMEM106B,2.7715613076268156e-5
FBLIM1,1.243236126980586e-5
ZRANB1,3.9502282950292105e-5
PPP1R12C,1.2617877561363715e-5
PALMD,1.9093705564683277e-6
YTHDF1,2.9270693329927195e-5
ABITRAM,1.465406739339813e-5
ANO1,8.987504073885081e-5
TBCCD1,4.0804017109040134e-5
PLXNA3,2.0760264286360733e-4
DOCK10,2.529690887248248e-5
ARHGEF40,2.885176780517968e-6
ENAH,2.1004709842187147e-5
PARVA,3.2993533013736996e-5
FGD6,4.3110045063920195e-6
ARHGAP15,2.142626208324822e-6
BIN3,9.857800441752584e-5
PCDHAC2,1.1868512080154265e-5
CDC42SE1,7.67638644019129e-6
DPYSL5,1.578258961487821e-5
SEMA3G,2.5127425107448367e-5
LHX9,1.3689927919359978e-4
RGMA,4.876916143408734e-5
PARP6,3.54392059788235e-5
PRDM8,3.368508610161408e-5
CDC42SE2,5.380524040516344e-6
CABP4,4.2232761821968144e-5
RAB25,6.566152932962442e-5
RTN4,4.2324359661403103e-4
CORO1B,1.1491336197452891e-4
ATP10A,9.14780199509577e-5
VANGL2,5.0216488739155376e-5
RHOJ,2.1934057550048935e-5
DSCAML1,1.2478459637778618e-5
AMIGO1,6.429882486789392e-5
STRIP2,3.892704142261566e-6
TBC1D24,5.908278803300302e-5
ERMN,2.2477635042185418e-5
HEG1,1.3518014681332695e-4
KIDINS220,1.0822712608322935e-5
IGSF9,1.7085451430224226e-5
DIP2B,3.510230109565307e-5
ISLR2,9.20665564989551e-6
SHROOM3,1.713867718579954e-5
NYAP2,1.0700452320020372e-6
ALS2,3.603727540117575e-5
LRRC4C,8.15271754119294e-6
SHTN1,2.03625822589975e-4
CPNE5,1.1760769836048066e-5
SEMA4G,1.558263412256956e-5
WDR19,6.295343550233457e-5
SPTBN4,1.1175698860009007e-4
NTN4,1.0279653616779747e-4
CACNG7,8.06631503349324e-5
LGR6,2.8582172547620962e-5
CDH26,1.855417335999735e-5
TNN,1.608688524158806e-4
ZNF335,2.06691491873735e-5
CDH23,8.144111545322837e-5
PARVG,1.5041192476275744e-5
TNMD,1.1003258381765578e-5
SEMA4A,7.690698608681146e-5
ROBO3,4.988080875107298e-5
ARHGEF28,1.1834757464798018e-5
SOX17,3.8520378696041765e-4
CDH24,1.719680716225449e-5
CDH22,8.022686083535523e-6
GORASP1,2.0837601475055228e-5
ISL2,4.053774468504839e-5
BCL11B,2.2404441793662355e-4
RAPH1,3.948135162275706e-6
RTN4R,1.2097250450915926e-4
VPS33A,6.318330444689564e-5
CAPRIN2,2.5168149850103202e-5
TMEM108,5.922143123477361e-5
METRN,8.314431233321945e-6
TCTN1,8.679832971277128e-5
PDZD7,6.0345837655516015e-5
GRHL2,1.0821806861490803e-4
POF1B,9.751188938702874e-6
SEMA6D,3.105105321715757e-5
SPG11,1.979448828963896e-4
PREX2,8.967171230336839e-6
SRCIN1,2.911115418725136e-5
MPIG6B,1.1411709216111275e-5
COL18A1,2.338272943272817e-5
GPRASP3,2.003801501571777e-5
ACTL8,1.676320878348122e-5
UNC93B1,4.234003693441436e-5
DTNBP1,1.7734925514178158e-4
ANKRD27,9.567340336291055e-5
SLITRK6,9.994616736471373e-5
SYT3,2.5123925933292242e-05
LLPH,7.675740535370643e-6
KIRREL3,6.798586391163233e-5
NTNG2,2.242141082587601e-5
SLITRK2,1.1590185983604396e-5
MYPN,2.05231311235395e-5
MFSD2A,4.087675243982616e-4
STRIP1,1.0799984816883709e-5
KNDC1,4.03364306483092e-5
KIAA1755,2.368532798316847e-6
UNK,1.9035461944374046e-5
FGD3,4.781416448176624e-6
LHX4,4.5222862139903754e-5
UNC5A,2.8811597691155465e-5
KIFC2,2.7520234008036246e-5
FMNL3,9.963398903773755e-6
PLXNA4,2.7571510927807677e-4
NEXN,1.2587341342382541e-5
BOC,6.687387169124625e-6
CDHR1,2.4198286650905792e-5
ARHGAP18,7.500173322091201e-6
MYL12B,1.2602538139935466e-5
C12orf57,4.946596698461047e-5
LARP4,9.483467730050712e-6
FMNL2,4.271010247454196e-6
SLITRK1,2.5214760314300562e-5
RNF157,9.83761742898902e-6
ARHGEF25,3.6430502480027663e-6
ARHGAP33,1.2908142748729001e-5
ARAP1,4.027176552443176e-5
ZFYVE27,3.411996888572301e-5
PDZD8,1.4306514907346614e-5
FAT3,1.7974117802424578e-5
FGD4,5.600813625441797e-6
FRMD6,3.5654522379691805e-5
TTC8,9.195911496997006e-5
NRN1L,2.121346480326398e-6
WTIP,9.4325094119391e-6
SYT2,7.215372038286954e-5
FITM2,7.879342227711905e-5
TBC1D20,8.799205196500354e-5
EMB,3.3786953004670775e-5
SHROOM1,8.758927876660687e-6
UNC5D,2.2011695466005426e-5
SLITRK4,4.4239337352427454e-6
CHODL,4.7043314532415e-6
LRATD1,3.330885594524103e-7
GDF7,2.1438370874421025e-4
CPNE9,1.1116772774775279e-5
FGD5,5.9713171160200626e-6
CNTN4,1.8177326598499654e-5
SH3D19,1.093761825691058e-5
PLEKHG4B,3.5483249651163864e-6
PRAG1,7.977247684482084e-6
CFAP418,1.3745239246328535e-5
ZDHHC15,7.252594318726761e-5
SYNE3,3.6829076180628736e-5
STRC,3.544548326500677e-5
DACT2,6.29605187675795e-5
ANKRD24,1.7763718558264237e-5
ASXL1,9.501611014982558e-5
RILPL2,3.799425619793487e-5
ARL13B,7.637857084538079e-5
UNC5B,3.286401873894373e-5
ATOH7,1.0174723886034802e-4
FAM171A1,3.019514266332003e-6
FGD2,6.9940631812096625e-6
PHACTR1,1.4619858489180562e-5
CDHR3,1.0736644873145459e-5
LHFPL5,2.6252548419547312e-5
NYAP1,1.0185326664750934e-6
SEMA3D,1.5612476852027824e-5
BRWD3,1.3511807312380812e-6
HMCN2,1.0269654120710657e-5
NEGR1,4.882679625807283e-5
BCL9L,1.4683982562941259e-5
OR10A4,2.767960567473128e-6
EPHA10,4.317972660980904e-5
EPHA6,4.329053483633197e-5
FRYL,1.1291254647253695e-6
TPRN,4.551930727695909e-5
KLHL10,3.939093483344298e-5
VSIG1,7.070782875426874e-6
PALM3,7.562898186860971e-6
BARHL2,1.3794634960037696e-5
OSTN,3.505629601614337e-5
ACTBL2,2.2503864585128904e-5
ARPIN,6.605500771939118e-5
RILPL1,4.049619058039782e-5
PEAK3,2.54847614758855e-6
DRAXIN,1.0476161009725036e-4
SLC26A5,1.753289992136566e-4
POTEKP,2.243079104979869e-5
POTEE,2.485526750176078e-5
PALM2AKAP2,1.2804209878284339e-6
GRXCR2,4.8165330375905944e-5
C15orf62,2.2743639080456997e-5
DRGX,1.3833603073076925e-5
CLRN2,3.840087326391694e-5
POTEI,2.2062947589368537e-5
POTEJ,2.2062947589368537e-5
POTEF,2.2557452413863623e-5
CRPPA,6.630954971615574e-5
GJE1,9.919235738486699e-6
TUNAR,1.9458587358586514e-5
ARMCX5-GPRASP2,2.3445984199947093e-5
MICOS10-NBL1,8.308053654271782e-5
ANXA11,1.8816211554379233e-5
BCL2L1,1.633908383318491e-4
CXCR5,2.693830393745147e-5
OPN1MW,1.895969988046068e-5
SEPTIN2,5.549044845101029e-5
SEPTIN5,3.673984606064156e-5
SEPTIN4,3.8015448598842834e-5
OPN1LW,1.8935453254057477e-5
SSTR5,4.145558019336668e-5
SVIL,3.941484492968184e-5
PKP4,1.2815012963925313e-5
KLHL21,6.697239007348143e-5
GIPC1,5.947635122199774e-5
SEPTIN9,3.412100564218314e-5
ENTR1,2.3787766464315577e-5
SEPTIN8,2.435227258388046e-5
ATXN10,4.062258096646335e-6
AHCTF1,2.258201111621431e-5
OR1A2,4.438170043621332e-6
CECR2,5.049818387526477e-5
TAS2R13,1.2204163657821579e-5
RXFP3,4.718333961590685e-6
ALKBH4,8.547011377958548e-5
SEPTIN11,3.8408018616963333e-5
KLHL9,5.6784938606065545e-6
SEPTIN3,2.3543811562067066e-5
BIRC6,1.4931890301487596e-5
KIF13A,3.6586318847915876e-5
NOX5,8.828128427321656e-5
OR2A4,1.5847719696900633e-5
CSPP1,4.5699826492548954e-6
TAS1R2,1.1066945830895281e-4
RAB11FIP4,6.870808020998525e-5
KLHL13,5.4463513641136475e-6
MRGPRX2,6.349441353376195e-5
SEPTIN12,2.6531581433847928e-5
SEPTIN10,1.4052076646334392e-5
ROPN1B,1.5102412442276723e-5
CENPV,2.4103580974572486e-5
SEPTIN14,2.210995917806064e-5
OPN1MW2,1.895969988046068e-5
DXO,1.3151169597058678e-4
SSB,1.222816110340814e-4
TESK1,5.700447345562405e-5
HBS1L,4.5210255410939166e-5
XRN2,5.851870944310475e-5
EDC4,2.260033532958645e-5
AGO1,3.467329821724167e-5
PELO,1.6944972563885766e-4
MTPAP,7.465967985000534e-5
EXOSC5,7.172514453750665e-5
EDC3,2.497577819709058e-5
ZCCHC7,1.892543592698201e-4
TENT2,1.1780481581768146e-4
NBDY,3.638662469168466e-5
GRSF1,4.44270805483938e-5
SUPV3L1,2.9867344771205174e-4
LRPPRC,6.496918191887205e-5
SLIRP,4.679693847047166e-5
PNPT1,3.9320389129271987e-4
GARS1,3.2115110253697114e-4
HSD17B10,4.6818947951897264e-4
POLR2A,8.689607766598004e-5
POLR2B,9.236133245861807e-5
POLRMT,1.3478515380870143e-4
MRPL12,9.032111658932396e-6
TFAM,6.0407970046763543e-5
MTERF1,4.688216415561275e-5
TBRG4,3.6739973259521974e-5
PRORP,8.027548144241421e-5
WARS2,1.1356737534915693e-4
POLR3A,6.09139014064086e-5
MTO1,7.768228368193654e-5
POLR1A,1.0628090407900765e-4
MTERF3,9.48700138192667e-6
YARS2,1.377747731564095e-4
TRNT1,2.0547058118262443e-4
MTRES1,1.9424012596145985e-5
TRIT1,7.143751312297117e-5
TRMT10C,2.201570652608504e-4
SARS2,1.1205139682503547e-4
DARS2,1.764475841746241e-4
KANSL3,1.8263602654199508e-5
POLR3B,8.35660161253528e-5
AARS2,1.4607321077494972e-4
TRMT5,1.1146207041540538e-4
MYG1,1.36857195312346e-5
ELAC2,7.043833527976434e-5
FASTKD1,1.2423999661993225e-5
TEFM,7.101550252767726e-5
METTL8,7.87981648594099e-5
TARS2,1.0622892760933067e-4
MTERF2,3.1290566563713046e-5
PUS1,1.4908388634022533e-4
KAT8,2.2184533272354772e-4
POLR1B,1.0447009890561914e-4
EARS2,1.1215979671095778e-4
MTERF4,1.593644369210777e-5
KANSL1,2.5541749261340358e-5
CHCHD10,2.3198057013139515e-4
FASTK,6.139562302518516e-5
FASTKD5,1.4434288470953233e-5
FASTKD3,2.3922826358754196e-5
RNMT,1.3807853363743256e-4
RNGTT,2.1904070717368725e-4
POP7,5.131650735652685e-5
RPP30,5.130695353626988e-5
RPP38,5.1629482160685296e-5
POP4,4.440423407007381e-5
POP1,5.384172534700393e-5
RPP14,3.666494921489086e-5
CMTR1,4.925736009452061e-5
POP5,5.130695353626988e-5
RPP25,4.4968332678706754e-5
THG1L,1.1678695523281684e-4
NCBP3,6.591239551310038e-5
CMTR2,4.9167508624737954e-5
RPP21,4.37497896943006e-5
RAMAC,8.297110499359904e-5
RPP25L,1.8868607729512445e-5
RAMACL,5.118173447460058e-5
NUP155,6.946856607884589e-5
NUP133,3.104218966627013e-5
NUP107,5.091412658915414e-5
ALAD,2.671888396886608e-4
AQP2,1.1841656460428092e-4
AVPR1A,2.832155896987106e-4
BCL2L2,8.740465194192275e-5
CHUK,1.3125271174928448e-4
COL1A2,1.0775513870562156e-4
COL3A1,1.4052350378580993e-4
COL4A1,5.7312390006191475e-5
COL4A6,2.9769314810319674e-5
COL5A2,7.007661857641571e-5
COL16A1,8.480162583714321e-5
CYBB,1.0762693707165259e-4
F7,2.3278894657182428e-4
GDF10,2.6587200067354005e-5
GHSR,6.13741169811388e-4
GIP,1.1819747335827493e-4
GLRA1,0.00024713150330089937
GLRA2,1.0051123470611071e-4
GRIA1,3.53473565667343e-4
GRIN1,2.237306883953375e-4
GRIN2D,9.237785311817382e-5
HMGCS2,2.0343417338925408e-4
HPCA,1.304751710922848e-4
KCNB1,1.4182185143124998e-4
KRT8,3.7688146625872884e-5
MAT2A,9.320210967416373e-5
PIK3CA,2.2746515574641988e-4
PTGS2,5.596240873024709e-4
SIPA1,4.152244678763687e-5
SST,3.91184667052693e-5
TMBIM6,1.9003832934767886e-4
UMOD,3.9587596084959397e-4
SOCS1,9.6304432606853e-5
PKD2L1,1.0481082784280987e-4
TOMM20,1.6448116369612912e-4
TOMM70,1.1795233041870273e-4
RRAGB,3.079967335881586e-5
LAMTOR5,6.363519687023089e-5
RRAGA,5.773120796532279e-5
SH3BP4,1.5429580625249077e-5
LARS1,1.4078177523423852e-4
CRLS1,2.0400457864090421e-4
STAMBPL1,2.5395712255458423e-5
MEAK7,4.786973095225597e-5
RRAGD,3.932105341174345e-5
RRAGC,4.40219794092092e-5
CPEB1,2.8257935514773247e-5
CPEB4,2.5068278256474544e-5
PNPLA3,2.0877519131486867e-4
LRP11,1.9137155937672504e-5
SLC38A9,2.1043480516055234e-4
SAMTOR,3.192316078082118e-5
SPAAR,6.962316394413024e-5
UBR1,3.5020345595140565e-5
GPRC6A,2.028742393297362e-5
HCN1,2.0971616243166798e-4
CASTOR3P,2.9569132385106137e-5
LAMTOR4,3.200899769758061e-5
MIR224,6.62783470892709e-6
MIR95,3.6038463716569383e-6
MIR342,1.4049599744536293e-4
MIR455,2.742092634589737e-5
CASTOR1,5.2654704967882086e-5
MIR545,3.6038463716569383e-6
MIR421,3.7273302780675147e-6
CASTOR2,3.7894216165651534e-5
MIR762,4.6760632214975026e-6
SUB1,3.824545065977173e-5
RPRD1A,4.809030713884216e-5
RPRD1B,4.880631254663072e-5
TAF8,1.2277477029203952e-4
PWWP2A,1.6830277343527923e-4
TBP,1.0984897246448492e-4
UBTF,7.886414300194062e-5
TAF1C,4.510805409066849e-5
TAF1B,9.243965470176622e-5
RRN3,5.74524840775725e-5
POLR1E,7.512188097925128e-5
UBTFL1,3.4104933086096484e-5
UBTFL6,2.9584376568150018e-5
POLR2I,1.1610100763039898e-4
SLC19A1,3.1011551175532173e-4
ABCC4,2.892167743292393e-4
LRRC8B,4.4500815190176414e-5
LRRC8A,1.2887342746908316e-4
SLC46A2,1.3329829792518716e-4
SLC17A9,2.1418895035595653e-4
LRRC8E,4.90099022762275e-5
LRRC8C,6.508556966879046e-5
ACP5,8.059869642043403e-5
ACTN3,4.661353273824752e-4
ACVR2A,1.4998790754854676e-4
ACVRL1,1.7297121890166002e-4
ACAN,2.2799562416615107e-5
AHSG,2.5417853839102063e-5
ALPL,2.6801028254262363e-4
ALX3,1.0720133089532036e-5
AMELX,4.9711444008549334e-5
ANXA2,4.585089511579684e-4
ARSL,7.658837613200242e-6
ATP6AP1,6.095026188948068e-5
BGLAP,1.6720134018532174e-4
BGN,1.535887718169197e-5
BMP1,1.3367644064225547e-5
BMP3,1.102962905247933e-5
BMP5,3.062902378788502e-4
BMP8B,1.8993028285894293e-6
BMPR1A,7.469349445648143e-4
RUNX2,1.2009529094997635e-4
SERPINH1,2.802307364508497e-5
CDX1,1.7655201785322124e-5
CHAD,5.981528591689406e-5
CMKLR1,7.900505748576686e-5
COL2A1,1.3746384185036375e-4
COL9A2,2.003558011950066e-5
COL10A1,8.991097866876164e-5
COL11A1,6.691197758417439e-5
COL11A2,3.742031673375335e-5
COL13A1,1.2343439946746858e-4
COL19A1,4.591788230294276e-6
COMP,7.473980639092482e-5
HAPLN1,2.0941437705431716e-5
VCAN,5.15985437683115e-5
NCAN,2.0250382883363907e-5
DLX3,4.046840959527686e-5
DLX6,7.042678782821993e-6
EPYC,1.0783912384202688e-5
SLC26A2,3.841246096422067e-5
ECM1,4.713290662246152e-5
EVC,8.84245103033718e-6
EXTL1,2.5162344751140227e-5
EYA1,1.2558428834242658e-4
FBN1,1.798546648603515e-4
FBN2,7.905404411414381e-5
EFEMP1,2.5119308158166683e-5
FRZB,1.0693468600830847e-4
GDF2,4.870455177504387e-5
GLG1,1.6395877129710557e-5
GNA11,8.900751615274317e-5
GNAS,2.20597668358927e-4
GPLD1,3.151451440004078e-4
HOXA1,1.6275817047267655e-4
HOXA3,6.28350252808649e-5
HOXA4,3.753595817534978e-6
HOXA5,1.8177127507256065e-4
HOXA6,2.4755123604480633e-6
HOXA9,2.6270104085304002e-5
HOXA10,1.471275269382113e-5
HOXA11,1.0119590286270574e-4
HOXB1,1.1050750764509566e-4
HOXB2,8.311551483447012e-5
HOXB5,5.165268219980957e-6
HOXB6,4.264929524396778e-6
HOXB7,2.4686662822307942e-5
HOXB9,6.456592420939589e-6
HOXC4,8.107305604290897e-6
HOXC5,2.33333253936184e-6
HOXC6,2.3208685717629125e-6
HOXC9,7.834779034158317e-6
HOXC10,2.058217212900916e-5
HOXC11,2.5935715325467837e-5
HOXD1,2.694139903953915e-6
HOXD3,3.46047199558929e-5
HOXD4,4.14833584993118e-6
HOXD10,3.3097127006175256e-5
HOXD11,2.1246886593146077e-5
HOXD12,4.150631264376779e-6
HOXD13,9.041277434143758e-5
HSD17B1,1.1655161531163308e-4
INHA,2.3150138226231737e-4
INSIG1,2.3555909764022624e-4
ITGB8,7.588329974821386e-5
JAG2,9.710100552649188e-5
LAMA5,1.4279074423886846e-4
LECT2,7.409251509220893e-7
LEPR,8.997019599259201e-5
LOX,1.4382416379773817e-4
LTBP3,7.438298680989989e-5
MATN3,1.4327326930033586e-5
MEF2D,1.7213561554662206e-5
MGP,3.271951024198582e-5
MMP9,1.0209194114928768e-4
MMP13,2.066895394392273e-5
MMP14,1.76672451362539e-4
MMP16,2.1583696161191224e-5
MYCN,6.690790896270071e-5
MYF5,5.3030055046189e-5
NAB1,9.847235360932845e-6
NAB2,2.4427904065866666e-5
CCN3,1.347639373840554e-4
NPPC,3.114789108039595e-4
NPR3,5.20416232169128e-5
OGN,1.584849631028188e-5
TNFRSF11B,1.1766843264945528e-4
P2RX5,1.0079532502128103e-4
PAX1,1.3678693373741053e-6
PCSK5,6.253161492067089e-5
PEX7,1.1324542663448766e-4
PHEX,4.433925607631302e-5
PITX1,3.606984411672044e-5
PLS3,8.788717728918696e-6
PRELP,6.033055853380102e-6
PRKG2,1.0346946742843244e-4
PRPSAP2,1.918326293261245e-5
PTHLH,4.276895154519518e-5
PTH1R,5.489897893844854e-5
RBP4,1.7680980042081586e-4
RPL13,4.588607068353112e-6
RPL38,1.658637763400082e-4
RPS6KA3,2.013506868081481e-5
RYR1,1.1891816915727651e-4
TRAPPC2,2.5230632421586427e-5
SFRP1,4.7190399253420204e-4
SFRP2,3.6055201109562733e-4
SFRP4,1.3121732802714623e-4
SHOX,1.5809159606435336e-6
SOX5,5.199663103655907e-5
SPP2,9.340315605073948e-6
SRD5A1,1.7844780263002975e-4
SRD5A2,1.813433942258997e-4
TCF15,6.139597053461703e-5
TCOF1,1.232829207198434e-5
TEAD4,6.013521164057532e-5
TGFBI,6.634615788964088e-6
TGFBR1,3.2963633572297884e-4
TGFBR2,6.847561992248441e-4
TGM2,5.483366362755535e-4
THBS3,2.8157443461474317e-5
TIMP1,8.016119332550478e-5
TLL1,4.708285246353722e-6
TULP3,9.038128522384522e-5
TYMS,3.0794803100112306e-4
UFD1,6.611343050372712e-5
WNT11,2.694639604296023e-4
WNT2B,1.34437935741735e-4
WNT9A,2.4741338608631716e-5
WNT9B,2.3859666024517585e-4
ZIC3,1.2577153282623439e-4
ZFAND5,7.633153716827093e-6
GPR68,5.796020508949518e-5
MKKS,2.065053601768512e-4
GDF5,6.67837318429192e-5
AXIN2,1.446870693760015e-4
HYAL3,2.0514701066868732e-4
PRKRA,5.64851046578824e-5
DCHS1,1.0275650890867333e-4
CHRD,2.5106478250298782e-5
CCN4,2.0316179843402235e-5
SGPL1,8.835639864461999e-5
RGN,1.8899466330720178e-4
LARGE1,2.2862401142345227e-4
DHRS3,4.042897813773997e-5
TRIP11,5.5803934894640714e-5
CER1,1.2310875095471765e-4
EIF2AK3,2.0521840220323495e-4
TBX4,3.299787700302712e-5
ADAMTS4,3.84004961352773e-6
IFT140,4.9932540307892654e-5
MED12,6.982601048524745e-5
CLEC3A,6.213635466295437e-7
GDF11,1.1481197275375376e-4
LRRC17,1.344500871589985e-5
IRX5,1.4241469072101068e-5
DMRT2,1.2115851258562101e-4
EBP,1.554014432017231e-4
DLL3,2.1235528397884457e-5
SIX2,1.3132240977450666e-4
RAI1,8.113699438991268e-6
LILRB1,5.037863747897298e-4
CNMD,5.123139166244446e-6
ADAMTS7,1.8029391813706706e-5
SULF1,1.439852832111168e-4
PUM2,2.101700715821346e-4
TTC9,4.1630989850709073e-7
CDK20,6.005778112705914e-5
CHRDL2,7.081054752123969e-6
MTHFD1L,1.4768804359125312e-4
TIPARP,5.748366709305205e-5
OPTC,1.261224193161231e-5
SERP1,3.2310610496738714e-5
BMP10,1.321504699065398e-4
ANKRD11,6.214469924907673e-6
SNX10,8.487096131927301e-5
CHST11,1.2206696416883741e-4
INSIG2,1.2227670041432638e-4
CLDN18,6.704380141503864e-5
MEX3C,1.3286447013830778e-5
IFT25,1.8295152722155885e-5
WWOX,1.5432430164941577e-5
SIX4,3.235315706078916e-4
FGFRL1,2.122798987752409e-5
ERRFI1,1.5804241440601566e-4
CYTL1,2.0819009503077492e-5
BNC2,1.2809191553376131e-5
DYM,1.1512242133723618e-6
MKS1,1.2482689471454881e-4
BPNT2,1.4475919748120543e-4
DYNC2I1,3.4689771631814264e-5
TMEM38B,7.39439255435352e-5
SOX6,6.567294535260463e-5
CHD7,1.934325097997388e-4
SULF2,1.4343317646441968e-4
ANKH,1.499391955797702e-4
KIAA1217,1.1211012769879082e-6
OTOR,6.123044734625363e-6
MEPE,1.1077034763100384e-5
FAM20C,6.750966227787388e-5
BBX,1.4159210852461639e-6
TWSG1,4.99399597786633e-5
PBXIP1,6.990782725605797e-5
IFT80,1.3079568616263684e-4
HAPLN2,4.139494737860782e-5
ALX4,2.120967787355315e-5
PAPPA2,6.181681262744736e-6
BCAN,2.3398320074423578e-5
XYLT1,5.923208149648329e-5
P3H1,5.50069764229549e-5
HHIP,2.9597051234805777e-5
CSRNP1,8.17881294653642e-6
CREB3L2,8.42342657041932e-6
DDRGK1,2.777817005756334e-4
VKORC1,1.5199259116685962e-4
BBLN,4.482517923359979e-5
LRRK1,1.9892677268035754e-5
FUZ,2.2895670248409636e-4
LNPK,9.268617159575269e-5
WNT5B,8.127829036581442e-5
SLC2A10,2.516247149375869e-4
ADAMTS12,2.0566726448474222e-4
SLC10A7,1.1747735424722144e-5
TMEM107,4.040434129699852e-5
MIGA2,3.5688968960237267e-6
COL27A1,5.008015528776948e-5
SCIN,4.6159052601338856e-5
PKDCC,4.5937176090303916e-5
IL17F,1.3836634411135913e-4
WFIKKN1,1.141818063028121e-5
SLC38A10,5.690236345671867e-6
WFIKKN2,1.141818063028121e-5
SPNS2,5.5365920428092104e-5
MBOAT2,6.446210695986885e-5
SLC9B2,1.5255693905196708e-4
AMER1,5.128497948982254e-5
RFLNA,6.364028560270939e-5
B3GLCT,2.391375101237135e-5
HAPLN3,1.840776471157074e-5
NOTUM,1.1017283967712852e-4
CHADL,5.2727570871321256e-5
RDH10,2.424479439218828e-4
FREM1,5.9386346789213914e-6
PHOSPHO1,8.914873680717859e-5
TAPT1,4.928672399110239e-5
RANBP3L,3.098639930753061e-5
UCMA,8.490422065326892e-6
SIGLEC15,1.6981254028399213e-5
SH3PXD2B,2.148623242231486e-5
TMEM119,6.1434276084568e-5
UNCX,2.369462536247676e-5
RSPO2,1.481907189155729e-4
FMN1,9.18941574584758e-5
BMP8A,1.8374828166646094e-5
RFLNB,6.421255543518358e-5
IFITM5,3.994451915853269e-6
SNORC,1.1067467011037914e-6
MUSTN1,3.585322838139719e-5
SNX19,3.930349090217076e-5
HAPLN4,4.601253812109314e-5
SCX,1.2483037651454283e-4
CCDC154,2.182776370618853e-5
MOSMO,8.8450871462528e-6
ZNF664-RFLNA,6.364028560270939e-5
ACHE,1.8497495407292187e-4
ADAR,1.318225421776133e-4
JAG1,2.2669107421763055e-4
ALOX5,3.2149140147629614e-4
ATP2B1,6.0888034467446825e-5
ATP5F1B,7.169503700004129e-5
ATP6V1B1,1.1278880631740293e-4
CALCA,3.2034966822479493e-4
CEBPD,5.914531567461604e-6
CLIC1,1.3130817160874853e-5
CSF1,3.6416584633577214e-4
CYP24A1,2.491248785299324e-4
CYP27B1,3.0647019561326906e-4
DMP1,2.0289379176785604e-5
S1PR1,9.391691647886783e-5
FASN,4.588434931277642e-4
GPC3,1.859906912441737e-4
GLI1,1.3558683497062117e-4
GPM6B,9.420267885859415e-5
GRP,2.2313198198662017e-4
H3-3A,8.049491367593724e-5
H3-3B,8.049491367593724e-5
HSPE1,8.357464419645395e-6
TNC,1.7375484301739263e-4
IARS1,7.232889111659913e-5
IBSP,2.6767026017957944e-6
IGFBP2,4.191309006418715e-5
IGFBP5,2.002213963189551e-4
IL6ST,3.697190828588164e-4
JUNB,5.930263622585519e-5
LRP3,5.779909744333163e-6
SMAD9,1.9730436601901014e-5
MN1,4.765705472150877e-5
CITED1,1.1531805316365509e-4
NELL1,1.6662461384658673e-5
ROR2,1.452712431255595e-4
OXT,4.6432183505298847e-4
PENK,2.3099219725976588e-4
SRGN,6.021807753403039e-4
PRKACA,2.753733436432399e-4
PRKD1,2.995641763802991e-4
PSMC2,2.4419208691097282e-5
PTPRB,1.4751556019031481e-5
RORB,4.842043370394907e-5
RRBP1,1.4922393069252636e-6
RXRB,4.9447771453740674e-5
SORT1,1.631542273325705e-4
CLEC11A,1.4056064022735456e-6
SLC34A1,4.737350182096731e-4
SLC20A2,2.660139442936534e-5
STATH,4.594174494888402e-5
CLEC3B,8.17034363852642e-5
TNFAIP6,1.3640149645352187e-4
TPH1,9.487708002164034e-5
TUFT1,1.947911229848969e-5
HIRA,5.3670533209586794e-5
VEGFC,1.3639853767159567e-4
FZD1,1.2318399965761107e-4
FZD9,1.821070615154128e-4
IFITM1,1.6734013123260656e-5
DDX21,1.404915667963983e-4
PDLIM7,1.4696670920668067e-5
MINPP1,3.8857381643896485e-4
ISG15,7.676550780164588e-5
MRC2,3.521779202397651e-6
ZBTB40,1.7296011225024533e-6
ALYREF,2.699608299501832e-5
FSTL3,2.3504849183084982e-5
MYBBP1A,5.4975168614276236e-5
TOB2,1.3763634067915052e-5
RRAS2,3.952751799141422e-5
ITGA11,4.999307716356022e-5
ZHX3,2.8943505498486193e-6
MESD,3.682190704367347e-5
DNAJC13,3.227504372448152e-5
CLEC5A,1.581940038251696e-5
TMT1A,6.490258738732412e-5
ASF1A,1.67798985902671e-5
RSL1D1,5.05980659237182e-6
OSTF1,2.267411776952777e-6
SND1,3.0467085888774708e-5
INTU,4.7245447354126154e-5
ATP6V0A4,5.2063879187660384e-5
DHH,4.980579732792439e-5
SOST,2.050651941770049e-5
PAM16,3.461470496945735e-5
CRIM1,1.1495706367860045e-5
ATRAID,2.0218573618771127e-5
SUCO,1.4029918956900363e-5
TMCO1,3.0331340517342867e-5
TRPM4,3.763477874855939e-4
ASPN,5.046077075222206e-5
GDPD2,6.177083469356802e-5
HEMGN,1.048618269106232e-6
LGR4,8.78566059046046e-5
BMP2K,2.232011075154927e-5
TENT5A,1.786216597899977e-5
TXLNG,4.5963738790532025e-6
BCAP29,7.771339605364654e-6
CCDC47,3.435686476982015e-5
SLC24A3,3.113542006059396e-5
RDH14,3.006427070321719e-5
SMOC1,4.72084569556317e-6
GFRA4,1.616860140154757e-5
FKRP,1.9994293267123288e-4
KREMEN2,3.3790498838923017e-6
TMEM53,1.010212257728409e-5
ROGDI,4.088928214273196e-5
RIOX1,5.924432761440218e-5
CCDC134,2.1637943626741398e-5
KAZALD1,8.899753189253707e-6
KREMEN1,1.8518604806579115e-5
ADGRV1,1.4752665022413358e-4
CTHRC1,1.1533692586561345e-4
PANX3,2.2418627557352324e-5
TWIST2,4.064118815274287e-6
SP7,4.7135355965321586e-5
ERFE,4.402525019829856e-5
SGMS2,1.1173524215339982e-4
TMEM64,1.944475400749473e-5
ANO6,2.4140944863784513e-4
SCUBE3,1.568071521028719e-5
IGSF10,1.8704323578386673e-6
MIR100,2.515194846962512e-5
MIR106A,3.738847851169347e-5
MIR125B1,8.634874876909465e-5
MIR140,1.5714621421275551e-4
MIR18A,1.2907806765488782e-4
MIR203A,1.293845482831202e-5
MIR30B,1.3444207897535604e-4
MIR320A,3.789529057709989e-5
MIR9-1,1.1609495033525299e-4
MIR93,5.2253418404797025e-5
MIR98,1.167850869643273e-4
MIR346,8.91594802451002e-6
MIR20B,2.1885195725300965e-5
MIR548D1,4.304656441046265e-6
MIR675,1.0985285320192388e-4
ATP1A2,3.311894496425279e-4
SLC29A1,3.676807575463151e-4
CLN8,1.0754507936000286e-4
GFAP,1.0814928163154477e-4
SLC29A2,3.200156256292499e-4
KCNJ10,7.657231923654221e-5
RAB3B,9.81453445163728e-5
SLC1A6,7.699574025495811e-5
SLC1A7,1.2725981611478378e-4
SLC6A1,1.9022746677475568e-4
SLC6A2,1.49044522846771e-4
SLC6A3,1.74379050669882e-4
SLC6A4,3.8590810791003786e-4
SLC6A11,1.0548056401707197e-4
SLC6A12,8.85770837278991e-5
SLC6A13,1.4233448247970006e-4
SLC18A1,1.246993976243027e-4
SLC18A2,3.0292678014398616e-4
SLC18A3,3.126193716945443e-4
SLC22A1,4.12908059041979e-4
SLC22A3,1.5983427031305195e-4
SLC22A2,2.9451917776445125e-4
SYNGR3,2.1459801277330015e-5
SLC38A1,0.00030668405340472334
SLC29A4,1.3476908110272168e-4
SLC17A8,3.651745882606715e-4
COLQ,8.598100738028287e-5
ANK2,2.582204323700156e-4
ATP1A1,2.096741980103037e-4
ATP1B1,2.515860395224246e-4
HCN2,7.153282355696726e-5
CACNA1C,1.5810355643741339e-4
CACNA1D,1.271165053063544e-4
CACNA2D1,1.531849000393939e-4
CACNB2,2.0553754605873013e-4
CACNB3,7.443090666485011e-5
CAMK2D,1.5102972654293644e-4
CHRNA1,4.8843058826207373e-5
CHRNA4,5.514135802667672e-5
CHRNB4,8.306413705664239e-5
CLCN1,2.558629762090632e-5
CLCN2,1.894311826303756e-4
CNR1,2.614947703132095e-4
CNR2,9.873460877777157e-5
CXADR,1.8380041265515567e-4
DMD,1.410794571729924e-4
DSG2,9.336401518314475e-5
DSP,9.770438980784816e-5
GJA5,8.65060108852389e-4
GPR35,1.1286488892262097e-4
GRIK2,2.823338295330162e-4
JUP,2.19303231722586e-4
KCNA1,1.11178513531877e-4
KCNA2,1.526750282000845e-4
KCNA3,2.120401702473102e-5
KCNA4,2.475137718576471e-5
KCNA6,1.0102612073645828e-5
KCNA7,8.77192078647204e-6
KCNA10,1.9986591310235004e-5
KCNC1,6.672991517234198e-5
KCNC2,1.1628092003956248e-4
KCNC3,2.3473025988382047e-5
KCNC4,1.70133479743153e-5
KCND1,2.2260067236457023e-5
KCND2,7.574830807647878e-5
KCND3,7.637570114834296e-5
KCNE1,1.538844386771714e-4
KCNF1,1.172831080949568e-5
KCNG1,1.0258706718006768e-5
KCNH2,1.1958845830773334e-4
KCNJ2,1.5664338052335326e-4
KCNJ3,1.3128043590036596e-4
KCNJ5,1.1795688496589845e-4
KCNJ11,1.2427507682324308e-4
KCNK2,1.679403078970904e-4
KCNK3,2.0648903981627706e-4
KCNN2,6.621470313604211e-5
KCNQ1,3.1188108417257805e-4
KCNQ2,1.4912084297076601e-5
KCNQ3,1.5341038917467332e-4
KCNS1,1.0374385365065929e-5
KCNS2,1.0374385365065929e-5
KCNS3,1.2302592119597657e-5
MTNR1B,1.6145825981713464e-4
P2RX1,1.8865985131005417e-4
P2RX4,1.712639450850207e-4
PKP2,1.7736697366327436e-4
RYR2,2.9115685580639525e-4
SCN1A,6.354309109243067e-5
SCN2A,4.480847234348132e-5
SCN2B,1.0618859489777996e-4
SCN3A,2.3452699558000566e-5
SCN4A,4.672621203959075e-5
SCN4B,7.101423663545019e-5
SCN5A,4.7931207461114557e-4
SCN7A,4.941439043053049e-5
SCN8A,4.654036697356202e-5
SCN9A,4.57656583377528e-5
SCN10A,7.660640844196533e-5
SLC4A3,3.241273122740116e-5
SLC8A2,2.0021709870049126e-4
SLC9A1,2.4355738601482694e-4
SNTA1,1.6446583027535607e-4
SRI,1.245541800696653e-4
ABCC8,5.580858263910033e-4
SUMO1,1.5835983318727604e-4
SLMAP,4.857992311440693e-5
CACNA1I,1.8964311564263613e-5
CACNA1G,2.1070806507949327e-4
KCNB2,1.7210456978795594e-5
AKAP7,5.768702870576477e-5
AKAP6,1.274079956335574e-4
GNA14,2.2546493475475395e-5
NOS1AP,1.6707351489311933e-4
KCNE2,7.912515749851396e-5
KCNE3,2.2389024635651914e-4
HCN4,1.6848621698964592e-4
GJC1,1.5061449394999717e-4
KCNMB2,2.7305816095513044e-5
GPD1L,8.834808880185071e-5
KCNE5,1.1397996342811292e-4
KCNE4,7.903034577196733e-5
KCNG2,9.453972103628907e-6
KCNV1,1.2432213905263753e-5
KCNMB3,2.1002974396022984e-5
KCNMB4,3.344600060134657e-5
CTNNA3,5.025682268325267e-5
KCNIP2,1.1379018864785455e-4
KCNK4,2.2236125446218884e-4
KCNK9,2.0735270232243776e-4
GPR88,6.701005852854709e-5
USP53,2.2004689716881947e-5
SCN3B,9.40863157138509e-5
GJD2,1.1374560428994778e-5
BBS10,4.357643020503466e-5
KCNH6,2.289868275515832e-5
KCNK16,3.434910560871399e-5
KCNG4,1.0765368538374518e-5
CLDN19,1.2175290032565166e-4
TMEM161B,5.092541668902094e-6
KCNV2,8.564317759116094e-6
KCNG3,1.038820950978271e-5
RNF207,1.0818692820856732e-4
MIR1-1,5.523398510875725e-4
MIR328,1.5816156678999559e-4
NPS,7.474427162764606e-5
TRDMT1,9.917110154975614e-5
METTL1,2.481710515468038e-4
TARBP1,1.1981765391129437e-5
LCMT2,2.6035872680248256e-5
WDR4,1.0619519634679674e-4
WDR6,5.010876301696285e-5
FTSJ1,1.3907939051661879e-4
THUMPD3,1.0906365407895889e-4
TRMO,6.761776791191076e-5
TRMT6,2.709881826860662e-5
TRMT13,3.8770640281182094e-5
TRMT12,7.485862232227251e-5
DALRD3,6.793152148429365e-5
TRMT1,8.50716692168229e-5
METTL2B,2.450564634780162e-5
TRMT9B,4.711705202550591e-5
THADA,3.4223350281147526e-5
NSUN7,2.307952931318269e-6
THUMPD2,1.1619850204897709e-5
TRMT1L,3.6447688016893456e-5
GTPBP3,1.047599219728032e-5
ALKBH8,4.944149439750443e-5
TRMT10A,4.479824792609329e-5
HENMT1,4.219342771967877e-5
TRMT61A,9.401324219323744e-5
TYW3,2.6035872680248256e-5
METTL6,2.4582975529952377e-5
BCDIN3D,8.84225341733205e-5
TRMT44,6.508034925723779e-5
TRMT10B,6.222776761897867e-5
NSUN6,4.676536517768067e-5
METTL2A,2.450564634780162e-5
DIO2,6.701354969346599e-5
SEPSECS,1.8425176754543245e-4
SELENOT,6.638108480076988e-5
TRNAU1AP,1.4006848769150559e-5
EEFSEC,3.134019614227105e-5
AVP,2.884613163588685e-4
CBR1,1.8014067138646868e-4
FABP5,1.3613619354237687e-4
PLA2G4A,1.8272651857217467e-4
PTGDS,1.1655946806656049e-4
PTGIS,1.5127867544157233e-4
PTGS1,4.3727033921015434e-5
TBXAS1,9.033291193598322e-5
AKR1C3,6.964673671878529e-4
PTGES,1.1394863414010944e-4
HPGDS,9.044585440789272e-5
PNPLA8,6.427174336521286e-5
PTGES2,6.516420201266039e-5
PRXL2B,3.51896597084016e-5
DAGLB,7.684941700871816e-5
PLA2G4F,4.391701380087472e-5
MIR132,1.1550947705693486e-4
MIR204,1.3252057373506283e-4
MIR766,8.053339972619257e-5
PAM,2.5378158608824306e-4
TRUB2,4.7285641838935155e-5
PUS7,9.464900076256396e-5
PUS7L,1.6377326921326066e-5
PUS3,8.000909826989714e-5
PUSL1,2.4831319299911757e-5
TRUB1,1.1617547702718805e-4
PUS10,5.084425518652297e-5
RPUSD3,2.412827183427652e-5
ABCA4,2.512127829232697e-4
ADH1A,6.0740912166479995e-5
ADH1B,1.2707865430325516e-5
ADH1C,1.2707865430325516e-5
ADH4,1.5865191466009007e-4
ADH5,2.484536566891822e-4
ADH6,1.2713674778938951e-5
ADH7,1.3316424916414926e-4
ALDH1A1,2.2915530293092745e-4
ALDH1A3,1.7013962943225388e-4
AKR1B1,2.882390354746719e-4
CEL,5.914773806066567e-5
AKR1C4,2.0978274168361998e-4
CYP1A2,1.968291311225878e-4
CYP3A7,7.860464045918278e-5
CYP2C8,8.889058435204577e-5
CYP2C18,4.373703037654402e-5
CYP2D6,3.858183789236697e-4
CYP3A4,4.36262065280493e-4
CYP3A5,9.466606996138668e-5
CYP26A1,1.4473391620449684e-4
AKR1C1,2.795411455152546e-4
LIPE,8.158810375685035e-5
LRP1,2.928268327044005e-4
PNLIP,7.118740362238418e-5
RARRES2,4.0789593524715336e-5
RBP1,5.6550337998881954e-5
RBP2,2.2387482998518088e-5
RBP3,7.11230713270071e-5
RDH5,5.030818395843085e-5
RLBP1,2.7475933061996096e-5
RPE65,4.635808625548859e-4
PNPLA4,7.678818197995012e-5
RDH16,4.978667001389819e-5
HSD17B6,1.6110008228476604e-4
DGAT1,7.231000824825781e-5
ALDH1A2,1.4044505866049598e-4
LRAT,9.478396245378766e-5
DHRS9,9.02211843096534e-5
PRMT3,1.4635989770588775e-4
DHRS4,6.479729020756063e-5
CYP2S1,8.674537439356714e-5
RDH8,3.120916429402444e-5
RDH11,7.643987859455134e-5
DHRS7,1.7907299590900573e-5
BCO1,3.143386900483079e-4
UGT1A8,4.9035766003445204e-5
UGT1A7,6.333226649939986e-5
UGT1A9,3.102853249362061e-5
UGT1A1,1.5419547556583732e-4
UGT1A3,3.6154502157787445e-5
RETSAT,5.584321658449348e-5
CYP2W1,1.2086317308200128e-4
AKR1B10,2.3650680441096312e-4
PNPLA2,1.4626057587429172e-4
SCPEP1,2.2863098054313453e-5
ALDH8A1,1.4150386845462697e-4
BCO2,7.314381386792947e-4
DGAT2,1.3491631826908644e-4
RDH13,4.0950544713237175e-5
SDR9C7,1.0858406512460453e-5
RDH12,5.86540091951838e-5
PLB1,9.756499287775518e-5
AWAT2,1.0998218673218166e-4
NAPEPLD,1.1337440378223953e-4
CYP4V2,2.9391157220103405e-5
DHRS4L2,1.609143733759585e-5
CYP27C1,2.487016803507402e-4
CYP26C1,7.643463418116436e-5
AKR1B15,1.0398470208656258e-4
DHRS4L1,1.604918237094802e-5
AAMP,4.321677423961843e-6
ADM,2.4508810033924605e-4
AGTR1,2.962687675325324e-4
APLNR,1.6428589264992307e-4
ANG,8.387557983615196e-5
ANGPT2,8.733870562759365e-5
ANPEP,1.3681069327454938e-5
ANXA3,4.614525097340026e-5
APOH,1.1982484516454982e-4
KLK3,6.737708222626653e-5
ADGRB2,5.6456463713623035e-6
BTG1,1.9919609264077432e-5
C3,4.116455410135363e-4
C3AR1,1.3108255006976733e-4
CAMP,5.994816431850029e-5
CASP8,1.1130002492995501e-4
KRIT1,1.913045754825925e-5
CD34,3.120622595916577e-4
CD47,1.1045460487071043e-4
CMA1,6.229043658551346e-5
CCR3,1.841772713336148e-5
COL4A2,3.434215185984771e-5
COL4A3,4.862191910793576e-5
COL8A1,9.656753236645102e-5
COL8A2,6.242113223810574e-6
COL15A1,5.255632887610914e-5
CX3CR1,4.5210396916721114e-4
ACE,3.927899064192947e-4
E2F2,3.301899401783735e-5
EGR3,3.841353902925538e-5
EMP2,9.077781764835121e-5
ENPEP,3.518393985461763e-5
EPAS1,4.370587351994463e-5
EPHA1,6.165570793481673e-5
EPHB4,4.443272410040725e-5
ETS1,3.312402275491293e-5
F3,8.348907730123296e-5
FAP,1.1881089511876956e-4
VEGFD,7.398778465301296e-5
FUT1,1.2825038367856613e-4
GAB1,1.240119545970998e-5
B4GALT1,2.250604503476422e-4
GLUL,2.2315992935188048e-4
GPR4,6.170189133280624e-5
CXCR3,5.114526719551129e-5
GPR15,6.194777025424852e-6
GRN,2.233817530727299e-4
GTF2I,3.5039977250860708e-6
HLA-G,3.087074723854354e-4
NR4A1,1.57276790346675e-4
HRG,1.4191130496921198e-4
HSPB1,9.066666101750697e-5
HSPG2,4.4072325478943237e-5
HTN1,4.444532255292752e-5
IGFBP7,1.9209098776937237e-5
CXCL8,9.440364379692663e-5
CXCR2,2.3848563708363013e-4
IL12A,3.748795017627956e-4
IL12B,4.6068354544130766e-4
IL18,2.666779593634586e-4
ITGA2B,3.5256003169230235e-5
ITGA5,1.055269043271689e-4
ITGAX,1.0726961504203944e-4
JAK1,1.6444870080346415e-4
KRT1,3.5437278212194533e-5
BCAM,1.46986365400267e-5
MCAM,1.931129949537171e-5
MEIS1,2.6578574396126158e-5
MEIS3P1,3.1603825835241214e-6
MEOX2,2.4925773371615696e-5
MFGE8,8.246784826627768e-6
MMP19,2.595827925108345e-5
NINJ1,7.478604781390179e-5
NPPB,1.2725034790506872e-4
NPR1,1.6406256737053725e-4
SERPINE1,3.2163753659725144e-4
PDE3B,5.20678946274896e-5
PDPK1,1.0923128396100441e-4
SERPINF1,8.200086438584033e-5
PF4,8.712367366920767e-5
PGF,4.334976104927477e-5
PGK1,1.9514472343532452e-4
PIK3C2A,4.8554228810802434e-5
PIK3CD,1.5473315842495143e-4
PKM,7.82093825221641e-5
PKNOX1,4.5053054936441976e-6
PLCG1,9.726134900274196e-5
PPP3R1,1.0256618009374912e-4
PRCP,8.261442294189368e-5
PRKX,3.3489109239716384e-5
PRL,9.974247446141125e-5
RLN2,3.570288419762353e-6
RNH1,1.3112435826065588e-4
RORA,8.708627088388023e-5
S100A1,2.4129413465187234e-5
SAT1,1.5295383099693925e-4
SLC12A2,3.292679337776117e-4
SP1,2.4895534223143804e-4
STIM1,7.683842145460215e-5
TBXA2R,1.8485707954086068e-4
TGFBR3,2.35312376151019e-4
THBS2,7.917839391803205e-6
THBS4,4.961640534110112e-5
TIE1,1.2001855492929069e-4
TJP1,9.543848564858393e-5
CLDN5,8.957340278853536e-5
TNFAIP2,1.5353532195781978e-5
UBP1,9.979414974688688e-6
VAV2,2.2012204657319885e-5
WARS1,6.253754950623201e-5
VEZF1,9.549234026146831e-6
PXDN,7.361915547873097e-5
FZD8,2.4626234948010036e-5
RECK,7.132088694783157e-5
PIK3R3,5.065870506140442e-5
TNFSF12,1.0121883265872504e-5
ADAM15,6.722095881611878e-5
CCN6,7.756315321632908e-6
APLN,1.1116107909580795e-4
CLIC3,4.3946526932256355e-5
SH2D2A,2.31717512069647e-6
HGS,9.683265964741244e-5
AIMP1,5.003437587543174e-5
ADGRG1,8.162280653994594e-5
HS6ST1,4.021989213548395e-5
FGFBP1,2.9181687709611104e-5
SLC12A6,7.859750705251728e-5
PDCD6,7.492111639491494e-5
CALCRL,2.94526493003587e-4
RAMP2,1.746629814954174e-4
RAMP1,1.8997990992914525e-4
VAV3,3.212217199238987e-5
HTATIP2,4.468214203863362e-6
CXCL13,2.625728998621208e-4
CYSLTR1,6.633827203308139e-5
HPSE,1.6120434915133095e-4
SPINK5,2.5579805840122906e-4
ESM1,8.781496504496237e-5
CD160,3.1902713131613656e-4
VASH1,6.400394098243493e-5
EPN2,2.0484442117394658e-5
MMRN1,5.8689781664620976e-5
CD93,1.598126442379331e-5
STAB1,2.3954574014327804e-5
MINAR1,8.979217785593558e-6
POFUT1,5.150330055612791e-5
TSPAN12,1.9837946497576296e-5
CEMIP2,2.2312573980268e-5
TAFA5,2.7901451133913815e-5
ADGRA2,3.485732295767642e-5
PPP1R16B,2.3293068018227507e-5
SRPX2,6.201635131567769e-5
ANGPTL3,5.947907898619578e-5
DLL1,7.591718838654482e-4
CARD10,2.902927985696313e-5
EPN1,1.4626030427236004e-5
ANGPTL4,3.11124950828044e-5
EGFL7,5.547399535844901e-6
TNFRSF12A,4.125827824138724e-6
ANGPT4,1.9243991408848993e-5
ERAP1,5.679125460816649e-5
EGLN1,1.1001373786175349e-4
BCAS3,2.1626458318509344e-5
RASIP1,6.204401382926106e-5
AGGF1,4.004219539149742e-6
TMEM100,4.5343571367280375e-5
STAB2,3.2209537679538584e-5
C1GALT1,3.37846320867121e-5
MEIS3,5.349037464763729e-6
ADAMTS9,7.3394308400648e-5
PLXDC1,3.1214623334434274e-6
ARHGAP22,4.3007770086664345e-6
PROK2,8.755636864536564e-6
FKBPL,1.7481071440877764e-5
HIF3A,3.5318522278201037e-6
PDCL3,8.775197630805614e-5
ADIPOR2,4.5171298371735297e-5
NDNF,6.147663461501483e-5
MMRN2,6.825188753820662e-5
ADM2,2.5396156490175306e-5
PANK2,4.7538861821520464e-5
NAA15,3.262299287232467e-5
APOLD1,1.0949084354542215e-4
ARHGAP24,3.332972898182715e-5
JAM3,1.7690402425894785e-4
ANGPTL6,2.3950302319152047e-6
EMILIN2,7.135231689655197e-5
ADTRP,6.556315651873035e-5
RSPO3,3.2289583712742165e-5
TSPAN18,3.956737825294281e-6
OTULIN,4.389031172205796e-5
STARD13,3.880328857560433e-5
PLCD3,1.4435242998447705e-5
NUS1,1.7107439158317182e-4
LRG1,5.020533304489722e-5
TMIGD2,1.4228163274526916e-5
HSPB6,9.639386638065062e-6
OR10J5,4.449187273216367e-6
NAXE,7.300120238663321e-5
ISM1,2.064605708704294e-6
CCBE1,7.55921046523212e-5
AMOTL1,2.1713207686858122e-5
CLEC14A,7.562934003938843e-5
VSTM4,3.2513972882807015e-5
HIPK1,6.697261202867613e-5
THSD7A,1.0029180259547222e-6
EMC10,2.4179799550200818e-5
JMJD8,7.214368728155085e-5
YJEFN3,4.963275172730095e-5
MIA3,3.932777834015707e-5
TMEM215,4.8134098585342015e-5
MIRLET7A1,2.7361744807768897e-5
MIRLET7F1,1.9146578414975773e-5
MIRLET7G,1.9625149396465376e-5
MIR101-1,7.875029362798685e-5
MIR106B,2.572142977667553e-5
MIR10A,1.75311382731969e-4
MIR10B,2.36925955860096e-5
MIR125A,1.5812649984582364e-4
MIR130A,8.358534604648424e-5
MIR143,1.330467665394818e-4
MIR146A,3.0185721865982977e-4
MIR149,1.7282787634401061e-4
MIR150,3.350517014517071e-5
MIR196A1,2.749854573684701e-5
MIR199B,7.13062651988856e-5
MIR19A,1.616250615427979e-4
MIR200B,1.0909928472768985e-4
MIR206,7.178314850540025e-5
MIR212,7.618647235066595e-5
MIR217,1.574467553105545e-5
MIR22,2.7379871448506062e-5
MIR296,2.2876713249828607e-5
MIR30A,6.923548558196109e-6
MIR30C1,3.009450231061163e-4
MIR30E,7.4149315167635e-5
MIR31,1.2681373437136622e-4
MIR34B,7.578072803077643e-5
MIR34C,5.157630403494469e-5
MIR99B,1.4184499464537312e-5
MIR361,3.5686616647067424e-5
MIR375,1.0399456431745601e-5
MIR377,5.558134722929039e-6
MIR378A,5.769111574369426e-5
MIR329-1,4.612556532187033e-5
MIR410,1.2667539940158794e-5
MIR492,1.1254053612036669e-5
MIR494,3.249194769524138e-5
MIR497,1.9497225600725685e-5
MIR505,6.18244476585751e-6
MIR483,3.252407071831862e-5
ECSCR,8.515523804099501e-6
MIR487B,3.783184648218843e-5
MIR640,6.249653100923705e-6
CCR2,8.099491814599713e-4
MIR885,1.7113433278012064e-5
MIR939,1.0069137011546324e-5
MINAR2,1.948623189579157e-5
MIR1224,1.2304527031290415e-5
MIR1298,4.006062552227763e-5
MIR1908,1.2354389677967051e-5
MIR2355,1.225095866335933e-5
ADCY3,7.004213384324743e-5
APOB,2.1095823446917324e-4
ATP1A4,6.705361021254083e-5
CCR6,1.6653495404289273e-4
DEFB1,5.869940241512197e-5
DNAH6,1.1978009542209238e-5
DNAH9,7.845540933730322e-5
GK2,9.532933969396874e-5
INPP5B,6.050546170734811e-5
LDHC,1.0807553242941491e-4
SMCP,8.186865275246196e-6
PGK2,8.020401309793554e-5
PLTP,3.785847560954382e-4
RFX3,5.910044180328129e-5
SEMG1,1.0042610968385594e-4
SEMG2,8.373393786430195e-5
SORD,7.529791343607127e-4
TAC1,1.7182864833414555e-4
TACR2,2.885036285537937e-4
TAC3,8.58055295341938e-5
TACR3,9.456366780753058e-5
TMF1,8.730226584486915e-5
VDAC3,5.726414687307327e-5
DNALI1,1.5113053918937787e-5
DNAH11,1.1806420413520557e-4
AKAP4,5.029022134339299e-5
SLC22A14,2.609994624178919e-5
AKAP3,2.123381357861949e-5
CFAP45,5.659541613687604e-5
DPCD,2.4072956601844405e-5
CFAP61,2.5743780051126022e-5
RIBC2,9.645496364113858e-6
SPAG8,1.376416390946477e-5
GAPDHS,8.357841560482946e-5
IFT81,2.6880380281718137e-5
CFAP20,4.716621245989475e-5
LZTFL1,1.0555946294686847e-4
ROPN1,6.797392885309739e-6
DNAH3,2.2170965270013747e-5
IRGC,3.3115286687014545e-5
EPPIN,6.149632971607559e-5
PRM3,4.036958519242068e-6
DUSP21,3.13747128984097e-5
KIF9,2.3776073687784153e-5
TEKT3,7.043630667651733e-5
CFAP68,9.705645536756485e-6
EFCAB6,9.826065166013877e-6
DYNC2H1,3.6816838624715e-5
EFHC2,1.186691395767346e-5
TEX101,1.5921262596634693e-5
TEKT1,1.0233417942412544e-5
ROPN1L,1.214551684100031e-5
TSSK6,1.8006040385550105e-5
QRICH2,6.271023905205131e-6
CEP78,1.0782868056046834e-5
SPMIP6,1.4421658553050494e-5
SLC22A16,9.075110775535554e-5
CABS1,5.247591115827826e-6
CFAP107,9.574562862936063e-6
CATSPER1,3.2224087165994e-5
CATSPER2,1.99451584746467e-5
CCDC38,3.0192404686594638e-5
TEKTL1,1.1909790977857305e-5
CFAP276,1.1719854447657889e-5
DNAH14,1.0712263340433915e-5
CFAP210,1.1719854447657889e-5
IQCF1,4.8162506004970696e-5
CFAP90,1.2091596789479034e-5
PACRG,2.339285512526658e-5
CFAP95,9.605944554791935e-6
DNHD1,2.5522725336544798e-5
CFAP251,2.258104598084502e-5
CFAP54,1.7763227743604526e-5
CEP128,1.1378182057621505e-5
TEKT5,1.0233417942412544e-5
CFAP52,3.868927206372212e-5
KLC3,2.1356292092595984e-5
SLC9B1,1.5299108355841163e-5
TEKT4,1.0233417942412544e-5
CCNYL1,3.7776042825387436e-6
C2CD6,1.3202375014501417e-5
EFHB,2.8274548259281088e-5
IQUB,3.2426621699591626e-5
RIBC1,9.626075428463006e-6
GARIN2,3.2461058453906453e-6
CFAP161,1.0213997006761694e-5
DNAH10,1.1978009542209238e-5
TTC21A,1.727363143859783e-5
CFAP221,2.0679447675164544e-5
SPMIP9,9.657323167671833e-6
TCTE1,2.544554565065764e-6
PRSS55,7.169959996722317e-6
ENKUR,3.24680351976472e-5
ARMC3,2.7272316205103496e-5
SAXO4,1.0226994098982255e-5
CFAP53,2.8979650054083304e-5
ARMC12,1.4808360253410653e-5
TAC4,1.4763678966462582e-4
SPMIP11,9.574562862936063e-6
CATSPERE,1.2687163976378576e-5
CATSPERD,1.273867654190552e-5
CFAP126,1.254748836231017e-5
NPHP4,5.6222797916537244e-5
TSSK4,1.5808378765338655e-5
SLC9C1,2.3139834320186963e-5
EFCAB9,1.804755765734827e-5
RNASE10,2.4713220363997133e-5
CIMIP2C,9.593983798586915e-6
CATSPER3,1.616368364704822e-5
SPMIP8,9.626075428463006e-6
SPEM1,5.0967679503239126e-5
PFN4,1.4769719742989397e-5
CATSPER4,2.230360948160936e-5
CFAP141,9.626075428463006e-6
SPMIP10,1.1771367013184832e-5
CFAP77,1.1771367013184832e-5
CIMIP2A,9.96572614040806e-6
CFAP144,1.3128482489429339e-5
PGAM4,6.843010518691316e-5
TMEM232,8.361146701216899e-5
MAFIP,1.4582462171920725e-6
TEKTIP1,9.574562862936063e-6
SPEM3,5.091616693771218e-5
AMH,1.3092876385157289e-4
BAX,7.169748916002474e-4
CGA,1.1564822865482075e-4
CTNNA1,1.0479024896972757e-4
FANCG,1.0813194539952901e-5
FSHB,1.3081052876474708e-4
GNRH1,7.084445310654976e-5
INHBB,3.7010683174861045e-4
LFNG,2.0349844991801531e-4
LHCGR,3.5007429934822e-4
KITLG,2.626303887519057e-4
PTX3,1.8028577955961234e-4
TAF4,3.601566437802294e-5
VGF,2.3594059451479097e-5
ZFX,2.338265582473082e-5
ZP3,4.1757611071719183e-4
EIF2B4,2.57024400707635e-5
EIF2B2,2.5510458447583357e-5
EIF2B5,3.2227078241494726e-5
PCYT1B,4.7224909635195e-5
SCAPER,4.106577075779109e-5
DMRTA1,1.3672551700572587e-5
IMMP2L,8.254586242117823e-5
UMODL1,7.880782914053388e-5
LSM14B,7.719670785139935e-5
GPR149,1.1659956493204461e-4
AFP,1.8143725309087807e-5
PGR,9.993533925873541e-5
A2M,1.8386006369998525e-4
NR5A1,1.162426899330661e-4
GDF9,8.218747010543004e-5
RETN,1.929382213342168e-4
CASP2,2.6054574146025873e-5
KMT2D,7.302466042088143e-5
BNC1,4.531441664593328e-5
INSL3,2.5500597031148267e-5
TUT4,7.460341844253366e-5
TUT7,7.109767842308405e-5
RXFP2,1.9792763903247983e-5
OOSP2,4.830177538916188e-6
ZAR1,3.718032095043293e-5
ZAR1L,6.460006079030183e-6
ADAM10,2.0241385155371535e-4
AGTR2,3.5399309302773865e-4
BDKRB1,3.915390950011788e-5
BST2,2.6004192802522175e-4
OSGIN2,2.0214716581278125e-6
CD38,7.314236320092889e-5
CDA,2.3173367062028763e-4
CISH,8.430307116361126e-6
HBEGF,1.9517665921358254e-4
EPHX2,2.472477403604217e-4
EXTL3,2.1835351984206814e-4
ACSL4,1.6510871001277787e-4
G6PD,2.454775848629344e-4
GNG4,8.933739048407092e-6
HNF4A,9.940091195118712e-5
DNAJB2,9.05839683753275e-5
IGFBP1,2.024297980729553e-5
IL9,8.301679977101748e-5
KRT17,2.0209906636454686e-5
MYL2,9.78058444282954e-5
SERPINE2,2.3263207693260474e-4
PPT1,1.2379587472582333e-4
PRSS2,9.666636166555497e-6
RGS4,1.7525261157654603e-4
RPS6KA1,5.08402477085658e-5
S100A8,1.3923637100084652e-4
S100A9,2.299365773779962e-4
SPOCK1,2.269045264198992e-5
TEAD1,2.3657311455454852e-5
UCN,2.466025854471986e-4
COL14A1,8.248640357288664e-5
LTBP4,2.427067546055019e-5
PTCH2,6.611310346237812e-5
SOCS2,8.059838650206236e-5
EBAG9,3.210258020087475e-5
EI24,8.169096952521585e-6
BCAR1,2.381467806367895e-5
VGLL4,2.3879714116593305e-5
JADE3,4.3501349228237475e-6
SERTAD2,2.1594898898911027e-6
ARHGEF11,4.301630417839453e-6
PARP2,0.00022397632851349942
MUC12,1.1932392874015059e-6
SGK2,1.1358638484980695e-5
RASGRP2,9.552296163884608e-6
CREB3,1.5822281484688063e-4
DNPH1,5.179492045210485e-5
CGRRF1,1.5427162793951035e-6
NRG3,1.8268443222850975e-4
CCDC85B,8.645524744348857e-6
OGFR,2.5161192148284986e-5
KAT7,2.0868562298958078e-4
CLSTN1,7.862455956251472e-5
JADE2,1.9622158496192668e-5
SGK3,2.2592802922060775e-5
KIF26A,2.6251308299202157e-5
TP53TG5,1.399313338014639e-6
TMEM97,6.223263341982042e-5
HEMK2,1.8295187405783389e-4
SERTAD3,1.675999576445329e-6
OSGIN1,1.7844277345841362e-6
DERL2,4.019975239943542e-5
ADIPOR1,7.77196352859559e-5
ING4,4.054351031689988e-5
ZNF639,1.2485373081694622e-5
IP6K2,1.7921228449565202e-4
DDX49,1.087025365253053e-4
CDHR2,1.1507890757876328e-4
ST7L,1.0837705210657296e-6
ATAD3A,3.7135200224588804e-5
MEG3,2.7085571963421845e-5
IL17RB,8.00538043071782e-6
CDKN2AIP,9.881865843802513e-6
PRR5,1.4766609586195665e-5
EAF2,4.244644619211303e-5
SPHK2,3.235646884023514e-4
CHPT1,7.527140838650845e-5
NDRG3,1.7296332513805462e-6
WFDC1,5.789433564838693e-6
CXCL16,1.8933358603420965e-5
TSPYL2,1.246855321374553e-5
MLST8,1.0258884558271466e-4
MAPKAP1,3.6827780430592755e-5
SLC44A4,3.5641340849987426e-4
BLTP1,3.2434565207560166e-5
DCUN1D5,2.1911752110613444e-5
TCHP,1.8892308121618197e-5
ING5,4.0790265551213906e-5
RERG,6.601303292570075e-6
EGLN2,1.0204862662550863e-4
DCBLD2,1.6811223652494758e-6
TRIM40,1.8356208372072386e-5
MTPN,8.338955696501889e-5
DACT3,1.1542723033527199e-5
NAIF1,5.234132817579225e-6
PI16,3.398009715756146e-5
BRAT1,5.026853528351838e-6
RICTOR,3.5565560337857076e-5
TMEM196,3.6305889730745933e-6
CSNK2A3,2.187112879739078e-5
NANOS1,2.63831871052096e-5
IGFBPL1,1.7127050377681428e-5
ST20,5.4679750118471863e-5
H3-5,5.723891565790747e-6
C8orf44-SGK3,2.2592802922060775e-5
PHYH,1.6725468328747777e-4
SLC25A17,2.964947404264478e-4
ILVBL,2.480263429018403e-4
HACL1,1.716872928242102e-4
HAO1,2.0779534736994245e-4
BCL3,1.945135096993667e-4
BPGM,4.758469784060382e-5
LYST,4.27299891768528e-5
DEFA1,5.60892326755356e-5
GBP2,8.425886101402531e-5
IRF4,6.166756946327378e-5
NKG7,4.8398725969589294e-5
SPN,1.775129217599454e-4
TSPAN32,6.543619118221741e-5
BATF,5.78890315484061e-5
CLEC7A,2.828130828103468e-4
VTCN1,1.6493594534246202e-5
GBP4,9.660406424990402e-6
BATF2,1.1876986614964346e-5
GBP6,6.649216541468554e-6
DEFB130A,2.2345852846259e-5
GBP7,7.25985017485694e-5
MIRLET7I,6.404592536973526e-6
DEFA1B,5.60892326755356e-5
AP2B1,4.844981802220109e-5
AHR,1.7961215341960637e-4
COL5A1,9.204671725422035e-5
COMT,2.5305570625545263e-4
ETV2,3.690384643388753e-5
FOLR1,2.2850253349620482e-4
GJA4,1.1732579142504455e-5
HPGD,1.7769334644849506e-4
LDLR,3.1279860612780456e-4
LOXL1,5.280320394283579e-5
LYL1,1.143853444906386e-5
MYLK,6.4667604060433e-5
MYO1E,5.3940929683472345e-5
NAGLU,2.395364832714863e-4
PECAM1,8.038362055550999e-5
SGCD,3.2562100765053085e-5
SPINT1,2.7306740318086703e-5
TBX5,5.131343132900923e-4
CRIPTO3,2.4315064078104178e-5
TNNI3,1.2165578951701792e-4
WNT2,1.8747264288014452e-4
NPRL3,2.7366678060481933e-5
FOXN1,1.2434284084003098e-4
TEAD2,4.0529273341049174e-5
PLPP3,9.253032856039085e-5
SERPINB7,1.2686342457338343e-4
SOCS3,6.253932888802999e-5
SNX17,2.557215192248128e-5
CNTRL,4.097000546448399e-5
GLMN,5.5723725535778376e-5
ADAMTS6,5.341959389122592e-6
HECTD1,9.24819386198894e-6
EFEMP2,1.8724927805359863e-4
NSDHL,1.2689210651953403e-4
ASB4,1.5071531824030009e-5
RIN2,4.293782085281167e-5
HIF1AN,1.3073306153868494e-4
CFC1,2.413629469164959e-5
PCDHA10,5.912122800878073e-6
ZMIZ1,8.598982237329687e-5
MIB1,1.6040387336901843e-5
FKBP10,2.4545281959786607e-5
STRA6,3.835002977186336e-4
GGNBP2,7.67089356885949e-6
EGFL8,1.41735727879167e-6
ANTXR1,1.9542009069247405e-5
DCTN5,1.2499033149832294e-5
MYO18B,1.994020245295033e-5
MMP21,7.537066420296338e-6
ADGRF5,3.841105286839777e-5
LAMA1,1.11724146486945e-4
MIR153-1,7.021550863914661e-5
CFC1B,2.4037789337333377e-5
B4GALT4,7.620214485651452e-5
ABCA2,3.6962267199172215e-4
B4GALNT1,7.173132774914646e-5
GLB1,1.5692678781497522e-4
GM2A,1.451590518677821e-4
NEU1,5.0991635520883084e-5
NEU2,4.94818829893373e-5
ST3GAL1,3.094141084610946e-4
ST3GAL2,1.7757792480202164e-4
ST3GAL3,6.0301676346689264e-5
ST8SIA4,3.343014882240471e-5
B3GALT4,7.475065303711234e-5
ST3GAL5,6.961161182903545e-5
NEU3,7.566701979850858e-5
ST6GALNAC4,5.1284669628467184e-5
ST6GALNAC6,2.888139723048178e-5
ST8SIA3,3.337238211410036e-5
CLN6,3.810584337413655e-5
ST6GALNAC5,2.557629659616443e-5
NEU4,5.296450524500632e-5
C20orf173,3.419882907274575e-5
ST6GALNAC3,5.198032720914854e-5
ST8SIA6,3.257851173330872e-5
A4GALT,1.1053749261351873e-4
SLC27A1,2.787529649648045e-4
AZGP1,4.61749949674663e-5
CA6,1.0155613913358609e-5
CST1,7.717849260011283e-6
CST2,7.717849260011283e-6
CST4,8.529670884265785e-6
GNAT1,1.759134537383231e-4
LPO,1.2271940635291397e-4
PIGR,1.669278015379911e-4
PIP,2.3323626947617364e-5
PLCB2,7.10140669030374e-5
TAS2R38,9.161118488296009e-6
TAS2R3,9.161118488296009e-6
TAS2R4,1.0741757520936923e-5
TAS2R16,9.909717049351808e-6
TAS2R1,9.161118488296009e-6
TAS2R9,9.161118488296009e-6
TAS2R8,9.18803181176004e-6
TAS2R7,9.18803181176004e-6
TAS2R10,9.18803181176004e-6
TAS2R14,9.161118488296009e-6
TAS2R5,1.1792026664863914e-5
RTP4,1.5844184714231198e-5
RTP3,1.535320188912497e-5
RTP1,1.5408664217665555e-5
TAS2R39,9.161118488296009e-6
TAS2R40,9.161118488296009e-6
TAS2R43,1.0277045976178929e-5
TAS2R31,9.161118488296009e-6
TAS2R46,1.012366317996147e-5
TAS2R30,9.161118488296009e-6
TAS2R20,9.161118488296009e-6
TAS2R50,9.161118488296009e-6
TAS2R33,9.161118488296009e-6
TAS2R36,9.161118488296009e-6
RTP5,1.5331299921903173e-5
RTP2,1.5408664217665555e-5
PKD1L3,8.315944333929486e-5
TAS1R3,1.14598774392028e-4
SHROOM2,8.848343261835473e-5
AQP5,4.176686722307047e-5
ATP2B2,9.374573443765581e-5
BFSP1,1.2230842804497636e-5
CALB1,3.0883119589372835e-4
CNTF,1.0725985768539016e-4
CRYAA,9.678954895985034e-6
CRYBA2,3.957508187731672e-6
CRYBA4,3.957508187731672e-6
CRYBB1,3.933261561328468e-6
CRYBB2,3.957508187731672e-6
CRYBB3,3.933261561328468e-6
CRYGA,3.9063482378644375e-6
CRYGC,4.1005665588542134e-06
CRYGS,4.196633438337158e-6
DIO3,1.804335591441854e-4
FOXE3,1.3949066034939459e-4
GJA8,2.8280933975954224e-5
GNB1,4.1848821550605645e-5
GNGT1,2.375062393582338e-5
GRM6,1.3625765320571717e-4
KRT12,8.087760721800779e-6
LIM2,4.298149394171061e-6
MAB21L1,2.2790107954703053e-6
MAN2A1,6.202344464787203e-5
MIP,3.4385487156709785e-5
NEUROD1,1.7969938619572396e-4
NHS,3.699480555456219e-6
NPHP1,4.664978236081212e-5
NRL,2.649727709915649e-5
SIX6,2.322784064296178e-6
PAX4,7.523793846476441e-6
PBX2,6.599904982279567e-6
PBX3,1.2312149963987146e-4
PDE6A,2.7961059011402876e-5
PDE6C,4.757496134202527e-5
PDE6B,4.788683839792815e-5
PFDN5,1.4091583463980207e-4
PITX3,1.2620999145485133e-4
PPP2R3A,8.696902284970452e-5
PRKCI,9.529688932692673e-5
RCN1,1.5360260642488412e-6
PRPH2,6.96535554569872e-5
RING1,2.3833093920485433e-5
ROM1,3.9568514312043276e-5
RS1,1.072686160060685e-5
SALL2,2.0351909521110793e-6
SIX3,1.2333513415304785e-4
TH,5.114395373353969e-4
TMOD1,4.136886917492094e-5
TUB,5.2930925473142745e-5
TULP1,3.633902570598853e-5
VIM,5.532561781441656e-5
WNT6,4.92919187377685e-5
MFAP5,1.003418294391039e-5
BFSP2,1.2770681616765612e-5
MYOM1,4.538659441648547e-5
PROM1,1.1065756355578317e-4
MYOM2,2.257696721071695e-5
SCO2,3.0011748912205828e-5
ANGPTL7,1.0387835926406138e-4
MERTK,7.840464109676387e-5
MAB21L2,6.1578145593130495e-6
KDM5B,1.2870166319046327e-4
KERA,6.760139121396041e-6
PLAAT3,4.4698017416617225e-5
ARHGEF15,4.333042360994773e-5
ARSG,5.823026598566636e-5
ATF6,8.163116258546998e-5
RAB18,1.0295701340520714e-5
MYH15,1.946519599261267e-5
AGTPBP1,1.0782506992584145e-4
RPGRIP1L,1.3840495020235905e-4
FJX1,5.277122042675195e-6
FSCN2,9.766681073285644e-6
NECTIN3,2.392718870247684e-5
B9D1,2.805937180915522e-5
CPAMD8,2.5534934836681497e-6
RAX,6.30346061989654e-6
VSX1,1.4179125215534751e-5
IMPG2,1.745167020886323e-5
SDK2,9.523245144033679e-6
AHI1,3.124716414313147e-4
DZANK1,5.580612131473583e-6
BBS7,8.991495423350418e-5
TENM3,2.0175307237399668e-5
IFT122,5.736242119192676e-5
LENEP,1.2785532552138899e-6
SLC17A7,1.5355274184545987e-4
SLC17A6,1.0316188877921487e-4
RPGRIP1,4.1824285653213755e-5
PLAAT1,2.709393396502589e-5
GRHL3,2.479441028356723e-5
SLC4A5,4.835666510685905e-5
NEUROD4,1.4804217244945309e-5
PHACTR4,8.069546562512343e-5
TMEM231,1.228147502978745e-5
LPCAT1,2.461272638172422e-4
CEP290,9.17551448648283e-5
PBX4,6.516215439729106e-6
MFRP,6.616867978556463e-6
ZDHHC16,1.1951499866156942e-4
MEGF11,6.354036574110436e-6
USP45,3.25741877490239e-5
PYGO2,4.112174484755281e-5
OPN4,1.2460095362578673e-4
SLC25A25,6.469061319158386e-5
OLFM3,1.0248082879659467e-5
FOXN4,4.3010835003732e-5
DRAM2,6.1346659780594345e-6
ZNF513,2.5599228896229336e-6
CRYBG3,5.080071029969723e-6
POC5,8.904864832447904e-6
SLC38A8,1.6147922011523353e-5
UNC45B,6.849497524942469e-6
SIX5,6.256677413640404e-5
CRYGN,3.9063482378644375e-6
ADAMTS18,2.721423007796589e-5
LCTL,6.02253325077614e-6
TBC1D32,3.0294054610602466e-5
OPN5,1.2395795243214498e-4
SDK1,1.3012223868382421e-5
PTF1A,4.054106092398968e-5
MFSD8,2.0725609342426158e-4
CRB2,1.6806947336453672e-4
ABCB5,1.2788739554970874e-5
FREM2,5.746580569486162e-6
RD3,1.0911850151425152e-4
BLOC1S3,8.73684124471621e-5
PRSS56,3.0066833736257143e-6
ALOX15B,2.2733474345964914e-4
CRIP1,3.717268877189953e-5
CYP19A1,1.9465137638946046e-4
HELLS,4.83287634887647e-5
SERPINB5,1.3857932488566862e-5
PLAG1,1.6342188705990775e-5
PRLR,1.118827345585465e-4
PSAP,3.255734466377668e-4
PAX8,9.609440161819905e-4
CYP7B1,1.4042790926312835e-4
PSAPL1,1.360538750278587e-5
ACAT1,3.089130693814365e-4
POU3F3,3.4841227838913774e-4
NPHS2,1.25968552273326e-4
ITGA8,5.531078105241642e-5
DLG5,9.473297617889187e-5
SLC22A6,7.666365558474257e-5
APH1A,3.627518894318457e-5
KIF26B,6.725751140682876e-5
GREB1L,3.828732057952954e-5
FRAS1,7.235014864183723e-6
TACSTD2,8.428688724183657e-5
EPCAM,2.307837987234499e-5
SDC4,1.0170540303583614e-4
SIM1,3.9438121978852675e-6
CRLF1,4.8906818013164715e-5
HS3ST3B1,3.5827349677171686e-5
HS3ST3A1,3.5805236750552045e-5
TMEM59L,1.1024338111251878e-5
ADAMTS16,1.5894826919626324e-5
ABAT,5.455583333442661e-4
ACADL,1.7381898806730225e-4
ACADVL,7.464326625525838e-5
BMAL1,1.2932838898345182e-4
CIDEA,7.257499760567404e-5
CPT2,8.920237387209191e-5
DBH,2.0894359070831636e-4
DECR1,3.65900489432917e-5
ESRRG,2.647247623076776e-5
FABP4,3.363661941384872e-5
GATM,1.4327438181043785e-4
HADH,3.100622384920015e-5
HCRT,2.159283831814373e-4
IL13,6.166314049348394e-4
IL15,2.0181419255961276e-4
LAMA4,4.958848906620497e-6
MC3R,6.691546759573887e-5
NTSR1,2.621209257718515e-4
PLCL1,1.8655818765066193e-5
PRKAB1,1.4020712310644501e-5
PRKAB2,9.761075462825008e-6
PTGER3,1.0440038429194076e-4
PTH2R,2.8985126496367005e-5
RHEB,3.344891380451301e-5
SCD,1.5936098903996523e-4
SLN,1.0927395857971846e-4
TFE3,1.5951661410706254e-5
TLE3,9.233543596716187e-6
TSHR,1.490452254961396e-4
IL18R1,1.5606130282194253e-4
ZNF516,6.857691452219441e-6
SLC25A44,1.713897247006088e-5
IP6K1,9.581962477569128e-5
PEMT,1.1839138975950895e-4
NMU,1.7245995581684334e-4
PPARGC1A,3.9616454310196046e-05
ZNF423,8.882291841119709e-6
PLCL2,8.254118150376312e-5
LETMD1,5.816981390383029e-6
DHRS7B,8.382714857348391e-5
ACOT11,1.621801190606389e-5
BSCL2,1.2341000445142176e-5
G0S2,5.081220942114368e-6
NOX3,6.013754045098876e-5
YBX2,2.956580839888138e-5
PLAC8,1.4260894572347933e-5
KDM3A,1.2654902501679248e-4
ACOT13,1.0604105006625174e-5
ABHD6,1.5200805021905943e-4
ARRDC3,1.5534037197842746e-4
PCTP,1.0372019468765072e-5
EBF2,6.927803362341106e-6
TRPM8,1.8811664416701487e-5
FTO,1.5984480681525216e-4
SFXN5,4.82260214960326e-5
OMA1,5.41746701649932e-5
PWWP2B,2.1960096332077938e-5
ASIC1,6.472585479907007e-5
CRH,6.6607978771188e-4
DPP4,1.9593316962275803e-4
GABRA5,6.142520417079198e-5
GNG7,1.6508259251960416e-5
GRPR,6.145295530134514e-5
HTR1A,1.0442954108360275e-4
NEUROD2,5.513179862512097e-5
NPAS2,4.7512755096999164e-5
RAG1,1.6512700105990118e-4
MORC1,3.496311977629398e-5
ASIC4,1.0791081436461453e-5
USP46,2.8300712955300795e-5
FBXL20,6.346105868048778e-5
LYPD1,3.320346396316759e-5
ADSL,2.005678451049265e-4
AK4,1.6074586508518042e-4
ALAS2,1.0275307420011717e-4
APAF1,1.6710698676650215e-4
AQP3,8.844296560772485e-5
ARNT,1.0834882683028867e-4
BAD,2.074794176066414e-4
CA9,1.0667022332364341e-5
CBFA2T3,4.383054500207495e-5
CLCA1,2.117835079308692e-5
CPT1A,1.365090564692206e-4
GAD2,1.5151465979617755e-4
MSTN,2.025918816179215e-4
HMOX2,7.239053779318268e-5
HSD11B2,1.2935806827023532e-4
ITGA2,1.6172077964746168e-4
ITPR2,5.576028904486385e-5
KCNMA1,1.4649730514804585e-4
KCNMB1,4.910355646778518e-5
LTA,1.256092387570256e-4
MT-CO1,2.4841035324102606e-5
MT-CO2,2.3375492464482973e-5
MT-CYB,8.17651026111687e-5
MT-ND1,2.804880533921938e-5
MT-ND2,2.804692106035345e-5
MT-ND4,6.298846388693483e-5
NOS2,1.1653135080361417e-4
OPRD1,1.0601653839917891e-4
P2RX3,8.057446162254666e-5
P4HB,2.0479084603928474e-4
PDK1,6.183416854893457e-5
PDK3,5.7755720661463636e-5
PKLR,1.1807549359676911e-4
PLAT,1.1189001582040032e-4
PLAU,1.14688431284682e-4
PLOD1,4.933838943360053e-5
PLOD2,1.1036773646608195e-4
PMAIP1,6.0588569927633384e-5
PSEN2,5.584354735104273e-5
SDHD,9.625132970027222e-5
SLC2A1,1.7960059865353026e-4
SLC2A4,3.688282178677662e-4
SLC8A3,5.309603190371417e-5
TLR2,5.12914619235027e-4
HSP90B1,8.116300090583813e-5
VCAM1,1.5352872417364672e-4
STC2,3.195450829598004e-5
PDLIM1,4.9337421147399187e-5
TM9SF4,3.415643054633956e-5
ARNT2,1.5524611808849048e-5
NDRG1,2.537422193481801e-5
ACAA2,8.287128641374277e-5
HYOU1,1.0272392798483665e-4
USP19,4.424812228602131e-5
SCAP,1.3290824689622064e-4
P2RX2,1.7800941074039284e-4
TXN2,4.990214412734511e-5
RWDD3,1.1611690091466005e-4
FAM162A,8.153734640082093e-6
TBL2,8.196316935298629e-6
BBC3,8.558526431293669e-5
HILPDA,1.4634206093616573e-5
SLC2A8,4.520036279413185e-5
ERO1A,5.23013182933598e-5
HP1BP3,5.708438888058117e-5
CHCHD2,2.8902921354933722e-5
DDIT4,5.0753048036388906e-5
ALKBH5,1.2372995959275844e-4
AGTRAP,3.22917030917361e-5
NGB,2.527175610701356e-5
CIAO3,2.550603685595454e-5
PLEKHN1,1.6756745582293973e-5
MGARP,4.564672697715524e-5
ADO,5.472447571537295e-5
EGLN3,3.5602128274389316e-5
UCN3,5.5889601406011396e-5
VASN,2.9891106006986828e-5
CPEB2,8.171320043155744e-5
MIR223,1.653336612598259e-4
MIR448,9.57505671404612e-5
MTCO2P12,2.3375492464482973e-5
ARHGAP5,1.2689993740802344e-5
ARHGDIB,5.6043716206857925e-5
ARSB,1.266697464240739e-4
FAT2,3.3820996961677476e-6
FUT8,1.6661217530545641e-4
ITGA3,1.0455050339245688e-4
ITGB4,8.448557068293819e-5
ITGB7,7.522657851226834e-5
KRT2,4.5060312851784794e-5
KRT16,1.4044914708015694e-5
MCC,8.711374183875657e-6
PFN1,5.702505321697293e-5
PFN2,7.446736350479032e-5
PKN1,6.0480103193972685e-5
PTPRG,1.6769849236783518e-5
TNS1,3.903727548769826e-6
PIP5K1A,6.127188791189425e-5
BAG4,1.4823400228974765e-4
PPM1F,7.125557415490576e-5
IQSEC1,5.4798176025062486e-5
CAPN7,2.87358915660897e-5
DAAM2,3.523061126589858e-5
PTPN23,1.6675749776499783e-4
PKN3,1.542458226503145e-5
EPB41L4B,1.6950853492851798e-5
FERMT1,2.054511966957666e-4
RADIL,5.696375905948186e-6
LTB4R2,6.37409344090954e-5
CD248,2.428458670970978e-5
RIC8A,1.844811102879124e-5
PRR5L,2.2643981944160403e-5
EPPK1,1.13718443297947e-4
MIXL1,3.829559825814009e-5
SYDE1,2.1067481866856285e-5
MACIR,1.7429931291048973e-5
ACVR1C,1.4930264708488508e-4
TMEM201,4.063582231598088e-5
YTHDF3,3.2958493302351006e-5
MIR379,8.4771227134828e-5
CHN2,5.60020264579862e-6
CYLC1,4.558942825074864e-5
AGFG1,1.3292366924347274e-5
AGFG2,8.910391645368969e-6
PLN,3.159648261536791e-4
NECTIN2,2.558491381802294e-4
RFX2,7.3490277250322245e-6
SPINK2,6.819069069054856e-6
TBPL1,1.0185983927107025e-4
ACTL7A,7.959814176022452e-6
ZPBP,1.6247668543639738e-5
SLC9A8,5.336288307240565e-5
MFSD14A,1.8702000629688337e-5
CCDC136,7.114500800594934e-6
SPACA1,1.3484530383980431e-5
ACRBP,6.813941288924552e-6
GARIN1B,6.2163434856832e-6
ZPBP2,2.4950691290081368e-5
VPS13B,7.466351294445799e-5
SPPL2C,2.8754664600173485e-5
TMPRSS12,5.2565117312745316e-05
ACTL9,2.2828339034254083e-5
GARIN1A,4.519451217661814e-6
IZUMO3,1.3644336963349217e-5
ALOX12,3.250646493622457e-4
DAGLA,1.0557433762041522e-4
CYP2A6,1.5376845953675428e-4
CYP2A7,3.220265653091225e-5
CYP2A13,7.120372131006292e-5
CYP2B6,1.5944724574721558e-4
CYP2C19,1.4849613024424233e-4
CYP2C9,2.1855753152751837e-4
CYP2D7,3.275797200327066e-5
CYP2E1,3.299327608362113e-4
CYP2F1,8.39066775791748e-5
CYP2J2,1.8199800593545861e-4
CYP4A11,2.2887250219461383e-4
EPHX1,1.1599106521765464e-4
FAAH,1.3889538791718347e-4
ACSL3,1.5631013420343715e-4
GPX4,5.1683627807234936e-5
GSTA1,6.066486525287719e-5
GSTM1,9.483321361360869e-5
GSTM2,1.752294989831435e-4
GSTM4,4.833795900518516e-5
FADS1,2.006937387633445e-4
CYP4F3,3.183070517206823e-4
LTC4S,3.3292949958647734e-5
MGST3,3.1836731555110365e-5
PLP1,6.077729679475e-5
SCP2,3.3686297868513093e-4
PLA2G4C,7.41344105063097e-5
FADS2,1.2062943026211568e-4
ACOT8,3.6981838032284104e-4
SLC27A3,2.43380935933555e-5
CYP4F8,7.886648091723698e-5
ACOT7,2.3812066929701918e-4
MGLL,6.785100659057411e-5
PTGR1,2.4447060826525825e-4
ABHD12,6.801520794309436e-5
ACAD9,4.4811266025961366e-5
AIG1,8.185939738621503e-6
ACSL5,1.2163703498832611e-4
CYP4F11,1.4961472843102655e-4
ALOXE3,1.4468389673652366e-4
PLA2G2F,4.5691528615324385e-5
ACSF2,1.9957151700243024e-5
ACSBG2,4.479420299976051e-5
CYP2U1,4.315722296022459e-5
ACSM1,1.397128081036826e-4
FAAH2,1.678344871263344e-5
AWAT1,5.4076115398212946e-5
CYP4Z1,9.588388837344382e-5
GLYATL2,1.0351321103763044e-4
CYP4A22,1.6275039809587124e-4
PLA2G4B,3.7265617426548375e-5
ADCY5,7.727037572977505e-5
ADCY8,2.096532130865183e-4
CFTR,5.92415038940059e-4
CPB2,9.854540134822916e-5
CYP7A1,1.6587606913882232e-4
GCKR,8.629421677123212e-5
GPR27,3.207670068435407e-5
HK1,1.972113947692629e-4
HK3,8.968622588261999e-5
FOXA3,5.997295326797035e-6
OSBP,1.4350404427259208e-4
PCK1,2.997012642423434e-4
PCK2,1.8996936171216677e-4
CDK16,2.2775631311721715e-5
PIK3R1,2.6153149562270207e-4
PTPRN2,2.1153439592509877e-5
SLC2A2,7.136186500036606e-5
STX4,2.0888852544252113e-4
STXBP3,8.823710715912564e-5
VSNL1,2.1016666140382045e-5
ZNF236,4.1772514722074095e-6
PLA2G6,1.375053234392833e-4
BAIAP3,9.008028546660252e-5
C2CD2L,6.517100315270424e-5
UNC13B,1.6065505946792578e-4
SLC12A7,2.952956789178375e-5
GJB6,5.2662874618049464e-5
RAB11FIP2,5.6378089043940476e-5
MPC2,6.779544197180355e-5
RAB11FIP5,5.310427421856296e-5
ABCA12,2.1844237573241535e-4
KLF15,6.186311023820692e-5
TRPM5,2.3336352837178157e-5
CCDC186,9.011308328064222e-6
LRRC8D,3.487444212878546e-5
SYBU,6.815492773681594e-5
ENY2,7.696059984250041e-5
CLTRN,1.8941315472105485e-4
NADK,7.291136283986328e-5
LIN28A,1.0859249712118824e-4
HKDC1,5.537909097580536e-5
JAGN1,4.217904600522344e-5
NDUFAF2,2.334904109709558e-5
RFX6,1.0102204312083044e-4
STXBP4,2.451599439373967e-5
C1QTNF12,3.775006593071161e-5
MIR337,9.163594971163488e-6
NCF1,6.180985695161621e-5
MIR320B1,7.682229557432904e-6
MIR320C1,7.682229557432904e-6
MIR320D2,7.665837774410805e-6
MIR320C2,7.5060844806921865e-6
MIR320B2,7.5060844806921865e-6
MIR320D1,7.5060844806921865e-6
MIR320E,7.665837774410805e-6
HDC,1.2600302158598175e-4
HNMT,1.4299897010432294e-4
TRH,1.343853563665484e-4
PRG3,7.579757407809637e-5
CCKBR,2.2109914430071538e-4
CHRM5,6.555074854013922e-5
HRH2,2.1821230307021345e-5
SCT,3.614585447509748e-4
TFF2,9.258602901039475e-5
HIP1R,1.7402165386517395e-4
SLC26A7,1.84918459502005e-4
SLC9A4,5.402147102866317e-5
ADCY9,2.924872375872341e-5
APBA1,2.2183148103089913e-05
APBA2,6.066929021140211e-6
ARHGDIG,2.6939839995707737e-5
BTF3,4.5158110394883166e-5
C6,1.5612819180619435e-5
SLC25A20,1.1734884532268525e-4
CSF2,1.908876958918087e-4
DAD1,8.802541228926178e-6
DSC3,8.225693748296653e-6
ELF3,1.0855214328810559e-5
GJB3,1.1044083312246273e-5
GJB5,3.115269567464044e-5
GPI,1.0080949749325601e-4
HSD17B2,5.660675117679061e-5
KRT19,3.281343923920704e-5
TM4SF1,2.0987494754640363e-6
MBNL1,5.703688884142339e-6
MFNG,3.263496016801177e-5
MGAT1,1.4393545690367745e-4
MYH6,1.1680853205163894e-4
NASP,2.582252018027998e-5
NDUFA2,3.0467727288416308e-5
NMT1,1.5189628670330332e-4
NPAT,7.152124403970364e-6
OCRL,9.080010140253035e-5
FURIN,3.3152286347736085e-4
POLB,9.626638474748328e-5
PSMC4,2.2659229214342135e-5
PSPH,7.207921099590074e-5
RBBP6,5.347318765520541e-6
PHLDA2,2.7307813204046483e-4
TTPA,8.00827459885724e-5
TFEB,1.865898096251968e-5
ELL,3.640302078281062e-5
ALKBH1,2.2661399167826535e-4
EIF2S2,3.308370056432084e-5
MED21,2.4102393288405478e-5
ADAMTS3,1.710471359255109e-5
APBA3,3.880583412584256e-6
SEC24C,1.664084739940629e-5
MATR3,1.0706384824943984e-5
SEC24D,1.664084739940629e-5
DNAJB6,6.46167666407036e-5
LPAR6,1.9051525152966744e-5
SLC34A2,3.9296245781111187e-5
KDM4C,4.0839142323613825e-5
ATP11A,7.495297049825356e-5
C1orf43,1.0544838044489494e-6
INTS1,6.595363448161251e-5
PTPN18,9.335353773029054e-6
PCDH12,8.48981180990333e-6
UPB1,2.922449157177939e-4
WDR74,1.4232068064508594e-5
TENT5C,1.20030236884557e-5
ETNK2,2.2308595586761232e-5
ASF1B,1.7231359339261493e-5
BRK1,3.455761580391788e-5
ZFP14,7.18676158873691e-6
PPP4R4,1.4180242111575108e-5
SLC5A7,1.3009599639784836e-4
NECAB1,1.2913048462590052e-5
NXN,2.6962648017914452e-05
HS3ST6,2.8424829589805025e-5
ARMC5,2.7074365242668967e-5
CMIP,6.745848948273016e-7
HM13,5.6998577432227486e-5
CCDC62,1.249178294590886e-5
AGBL4,9.0979947526152e-5
SPECC1,5.513367212207466e-6
SPIC,2.357768199047822e-6
CMTM3,1.921005796938391e-5
UBR3,4.688015235433908e-5
RUNDC1,3.83791355574009e-7
CCDC24,6.188342884535713e-6
PLPP4,4.184107844766836e-5
SMIM14,6.565935974063402e-6
ANKS6,1.8715559161471468e-5
SLC25A34,6.6966473438594935e-6
MYBPHL,3.1852798339837464e-6
KPNA7,2.5565095891573084e-5
SLC35E2B,7.184952227699262e-6
UGDH,1.1782370870131176e-4
TENM4,6.900590957259215e-5
NAT8B,6.1006845034115305e-05
COL7A1,1.73080852162824e-4
COL12A1,6.220041011903866e-5
EYA2,3.476093345769312e-5
ITGB5,4.821224780942925e-5
LAMA3,5.986647259997288e-5
LAMB1,1.689029033694575e-4
LAMB3,2.7149846734760547e-5
MMP8,4.828309632218521e-5
MMP15,1.258602081251943e-5
PRKAR1A,9.03512274010458e-5
TXNRD1,7.884568983739475e-5
VTN,1.108711523528266e-4
BRD3,1.3371734517592851e-5
TBX19,7.7352968822796e-6
POFUT2,8.052135003696243e-5
AHDC1,2.6901390933123e-5
KIF16B,3.281612417741335e-5
WLS,6.177997283789839e-5
SOX7,4.929076034963246e-6
ATOH8,2.1281593621802987e-5
TRIM15,1.0869453358030155e-4
LEO1,5.485078606561954e-5
MSGN1,9.503074450939478e-6
GSC-DT,3.2551249210609568e-6
NKX2-2,3.4845040711051727e-4
MGA,6.443948212043845e-6
TLX3,1.8399450881987285e-5
FEV,1.4055314203886315e-5
ESRP1,1.190534907534696e-4
DMRT3,5.2520560105897154e-5
DMRTA2,4.017302789129378e-5
DBX1,3.9017025897773397e-5
NKX2-3,9.72095678498353e-5
GSX2,8.844588421413035e-5
FOXI3,5.3475701682157675e-5
TBX10,1.9831919315600217e-6
MCL1,7.548698385285088e-5
TNXB,1.500579202630983e-4
LBX1,9.394960139431607e-5
EIF2D,1.788846538016831e-5
EIF2S3,7.163759489164546e-5
EIF4B,7.431917677884592e-5
EIF4H,7.484297481327632e-5
DENR,3.327723093750135e-5
RPL13A,1.8361452050317915e-4
MCTS1,6.328281740756451e-5
DHX29,3.5263922494038383e-5
EIF2S3B,2.318798901831476e-5
MCTS2,7.080080023003701e-6
EIF5,3.989558743614308e-5
EIF3A,9.872909124245913e-5
EIF3B,4.529750274404793e-5
EIF3C,5.021129604124898e-5
EIF3D,9.047577899672832e-5
EIF3F,4.096754211150972e-5
EIF3G,3.05802976102678e-5
EIF3H,4.006356687657528e-5
EIF3I,2.620447346989008e-5
EIF3J,1.9110239046491984e-5
EIF3M,2.7453105504944e-5
EIF3K,2.0792126911170412e-5
EIF3L,3.1068863996866606e-5
EIF3CL,2.0617688155404872e-5
DLG3,2.3895315540843302e-5
FZD6,1.0276874320652374e-4
CELSR1,2.647678591284719e-4
ASTN2,6.257436385287292e-5
SH3BP1,4.716107999525969e-5
ZDHHC7,9.019359589871291e-5
AJAP1,3.691869076311309e-5
SYNE4,3.701406320179046e-5
MEOX1,3.52043259391786e-5
MYF6,4.525003476079102e-5
PCDH8,2.038975528977524e-5
PLXNA2,6.028701656916282e-5
TCAP,1.811741507782275e-4
POGLUT1,7.329412894931976e-5
SLC6A14,2.7496324613874993e-4
SLC32A1,2.961230703025482e-4
CTSZ,7.439949514882199e-5
BTBD7,1.5052847219634662e-5
CSMD1,5.151158723764997e-5
ASTN1,5.4504645613513715e-6
CCR4,2.5523293898521635e-5
EMX2,5.551576855002478e-5
TYRO3,8.26818612044414e-5
LRIG2,3.8192429415752085e-5
ZNF609,9.841428974370502e-6
ADGRL3,2.919529577809801e-6
LHX6,6.305903561014457e-5
LRP12,8.592875327355915e-6
SOCS7,2.6900821962459454e-5
GPR173,3.7873716728902365e-5
ELP3,1.0094531584838971e-4
BARHL1,1.1628824821313812e-4
KIAA0319L,1.0958880800149896e-6
POMGNT2,2.754994960066298e-5
DNER,1.594125233812328e-5
ACAP3,2.762340360700725e-6
MDGA1,3.6424622277340403e-5
NEXMIF,2.2920943376853527e-5
CEP85L,3.110345320913586e-6
LRCH4,3.66002256561527e-5
S100A10,1.0263529728881835e-4
RFTN1,9.403487171594985e-5
CD2,7.488088899579096e-5
GSN,4.2006003646743783e-4
MAL,1.7622383881325213e-4
ABL2,6.40605112582399e-5
FLOT2,8.75822271189448e-5
CRTAM,1.104250648687998e-4
SNX27,8.216759401149233e-5
DOCK8,1.1070626100549477e-4
CD6,3.0612709083822486e-5
LGALS3,1.8208738866969524e-4
NEDD9,1.1055468092962256e-4
PRF1,9.347624126802686e-5
CAMK4,2.080272466989415e-5
RELB,3.855677805862838e-5
DHRS2,1.9511379844011208e-5
CLEC4D,5.582822463556806e-5
AZU1,1.5030149259070475e-4
C1QA,9.90041430568214e-5
CTSC,5.405654008919321e-5
IFNGR1,8.160188799701015e-5
IFNGR2,5.6390442369676e-5
ITGAM,3.2613407150776174e-4
TLR1,1.9769235164701624e-4
CST7,3.5247624264409104e-5
SYT11,2.4277797406483932e-4
STAP1,2.7320299024970353e-4
CALHM2,2.443725702286949e-5
TTBK1,8.03514220249682e-5
TAFA3,3.1697614896843666e-5
MIR142,1.1215397182097319e-4
MIR181C,2.9562340323565516e-4
ADORA2B,2.6099137573353225e-4
AP1G1,1.6632682962449815e-4
AIRE,2.0476573753452259e-4
AQP8,2.97076845327916e-4
RHOH,1.6190553610952453e-5
BCR,1.5307619803165228e-4
BPI,2.1218300444443114e-5
BST1,4.491779882440638e-5
CAPN3,2.198072008985268e-4
CBLB,1.4958366983715347e-4
CD1C,7.721159415530188e-5
CD1D,9.85529630617606e-5
CD3D,1.8022929565264858e-5
CD3E,1.743237973876548e-4
CD3G,3.664230406640181e-5
CD247,5.028329929065222e-5
CD5,5.33369049775785e-6
CD7,1.2370033401019823e-5
CD8A,3.0424970391307367e-5
CD8B,8.070625175866675e-6
CD19,3.847009119475242e-5
MS4A1,3.402970424614016e-5
CD22,5.7033422109147895e-5
CD80,7.456289383004856e-5
CD86,1.1585530073616475e-4
TNFSF8,1.3366699364802519e-5
CD33,6.37411671478172e-5
ENTPD1,1.3122800090284174e-4
ENTPD2,2.0785124690215864e-5
CD40LG,7.207642881788268e-5
CD48,1.947088919692566e-6
CD69,8.093827212514237e-5
CD70,4.6843595220564506e-5
CD79A,3.5353575611937636e-5
CD79B,3.312056736903885e-5
CD151,8.997703154248518e-6
CEBPG,1.868866355228793e-5
CHGA,2.9079321269607654e-4
CLC,4.961924563421673e-5
CLPTM1,8.530231358746009e-6
KLF6,3.1519732817119808e-6
CR1,5.640759263664003e-4
CR2,7.132983284868747e-5
CSRP1,1.1543198094686863e-5
CTLA4,3.127987106034499e-5
CTPS1,1.0838384611367683e-4
CTSG,1.980011437080643e-4
CTSL,2.3058006924693675e-4
CD55,7.040823416806479e-5
DGKA,3.6095504536215974e-5
DGKB,2.0400782101655765e-5
DGKG,4.5778441898377795e-5
DGKQ,1.800807975741213e-4
DDOST,1.0554348988941501e-5
DHPS,1.3005779495198685e-4
DNASE1,4.512117651243996e-5
DNASE1L3,5.0219275932334403e-5
DTX1,1.5769801141353023e-5
ELF4,2.438670148297189e-5
F2RL2,3.927924907368193e-5
FCAR,1.359215031982142e-4
FCER1A,1.3304215842755508e-4
FCER1G,1.33332479165263e-4
FCER2,1.5718164090580087e-4
FCGR3A,1.2119060708481169e-4
FGL1,1.710366897495185e-5
FLT3LG,6.580048408591265e-6
FUT7,1.7005557073600488e-4
LRRC32,2.857713415351659e-5
GNAQ,7.037534656067813e-5
GP1BB,3.7725808462954076e-5
GP5,3.769511268930171e-5
GP9,3.753481099434325e-5
GPR18,1.497229479304897e-4
PDIA3,8.617726121034457e-5
HLA-A,3.296544052232849e-4
HLA-DMA,3.182809975152322e-5
HLA-DMB,6.348024253017245e-5
HLA-DOA,1.2793991075062307e-4
HLA-DOB,1.2649078612242455e-4
HLA-DPA1,5.083490326430786e-5
HLA-DPB1,4.5389265547711724e-5
HLA-DQA1,4.4560927334738445e-5
HLA-DQA2,4.4560927334738445e-5
HLA-DQB1,4.5859486269460085e-5
HLA-DQB2,4.454972770624356e-5
HLA-DRA,1.8233900948023038e-4
HLA-DRB3,1.1238322790741795e-4
HLA-DRB4,3.932848022843954e-5
HLA-DRB5,3.9463793265012696e-5
HLA-E,5.168262803787781e-4
HLA-F,2.917892309383497e-4
MR1,1.1999032762680006e-4
HLX,8.973410345980204e-5
HMGB3,3.855475215097646e-5
ONECUT1,5.0311110015244236e-5
HSPD1,1.985500527583189e-4
IFI35,1.9248679031749546e-5
IFNA1,1.3356304504218973e-5
IFNA2,9.227933606619766e-5
IFNA4,1.3356304504218973e-5
IFNA5,1.3356304504218973e-5
IFNA6,1.3356304504218973e-5
IFNA7,1.339445496383282e-5
IFNA8,1.3356304504218973e-5
IFNA10,1.3356304504218973e-5
IFNA13,1.3356304504218973e-5
IFNA14,1.3356304504218973e-5
IFNA16,1.3356304504218973e-5
IFNA17,1.3356304504218973e-5
IFNA21,1.3356304504218973e-5
IFNB1,3.4738442145064186e-4
IFNW1,1.3433149770855702e-5
IGHE,2.1096783711123705e-4
IGHM,1.5365079000300935e-4
IL2RA,1.4820978797302966e-4
IL2RG,2.16778409154162e-4
IL5,1.3080251766000868e-4
IL7,7.056106414988726e-5
IL12RB1,2.617460847180194e-4
IL13RA2,7.597078525900373e-5
IL15RA,5.553521737448195e-5
IL16,6.314827296491929e-5
TNFRSF9,1.835546407458667e-5
IL17A,2.3657067122477028e-4
IMPDH2,8.116771783419863e-5
IDO1,3.100515208283496e-4
INPP5D,1.8895724501112162e-4
IRF1,7.719515464008941e-5
ITGAL,8.384014522692898e-5
ITK,1.52682566117687e-5
ITPR3,9.545791958535707e-5
JAK3,3.7114013001608904e-4
KIR3DS1,4.244450652031445e-6
KLRC1,1.6963755008817858e-4
KLRC2,1.2547097339163404e-4
KLRC3,2.3268696609548275e-5
KLRD1,1.5609225836502323e-4
LAG3,5.7965157306584084e-5
LAMP1,1.3488589249649883e-4
LBP,1.6197127977989599e-4
LCK,9.271281126687104e-5
LCP1,4.229442307866829e-5
LCP2,2.2318030246772035e-5
LGALS1,1.5879915590605298e-4
LY9,2.393193821016074e-5
CD180,2.0317170387645788e-5
SH2D1A,1.9842492140509793e-5
CD46,1.1556428114295936e-4
DNAJB9,3.36928889571745e-5
MICB,3.0313278324732997e-5
KMT2A,1.5314220889171333e-4
MNDA,2.086360331969113e-5
CD200,1.594033226728663e-4
MT1G,2.9930929682761144e-5
NFKB2,8.499042552414386e-5
PCYT1A,6.381087202301615e-5
PDCD1,1.66852723891097e-4
ENPP3,2.5578205455737476e-4
PLEK,2.8636540488963507e-4
PLSCR1,1.2935356479422668e-4
POU2AF1,2.4533115677972972e-5
PRNP,2.0906223421759444e-4
PSG9,6.171286138580757e-5
PTAFR,4.989716638549886e-4
PTGDR,1.1262324591407123e-4
RAB27A,1.816474799625884e-4
RAG2,1.3112679305910175e-4
RAP2B,1.8579425347191448e-5
BRD2,7.01864423650305e-5
RPL22,5.4087027518933745e-5
S100A13,3.457096834903652e-5
SAA1,2.3869634484626678e-5
SCNN1B,1.436333412919868e-4
CCL5,4.3844937171770657e-4
CXCL6,1.2131044299161284e-4
XCL1,7.831441691043264e-4
SELP,6.956585332483384e-5
SELPLG,4.021709010828813e-5
SFTPD,2.574514001470787e-5
SLC4A2,1.521575237866679e-4
SLC7A1,1.6200539819375857e-4
SOS2,3.0172867871094822e-5
STAT4,2.695445162005843e-5
STAT5A,1.9250536097286996e-4
STXBP2,8.602971314200386e-5
VAMP2,1.823994310175782e-4
VAMP7,1.331569930969827e-4
TCF7,2.654335736353473e-5
TRGC1,1.2772040268482778e-5
TEC,1.0184324888370665e-5
THBD,7.123078734260383e-5
GPR137B,5.317093077121178e-5
TNFRSF1B,1.5055939250258995e-4
TPD52,1.98429239047227e-6
TSC1,9.371174321883085e-5
TNFRSF4,2.4151022925728674e-5
TYK2,1.8468785040304508e-4
VAV1,4.293482628709361e-5
VWF,1.5816664449845197e-5
LAT2,1.180685857526631e-5
YES1,3.866104343121222e-5
YWHAG,7.272849867806718e-5
ZAP70,9.788079200275784e-5
ZNF3,1.2792471990577596e-6
ZP2,6.186466263995662e-5
AKAP17A,3.0468508360039107e-6
DYSF,6.903614822075955e-5
DGKE,2.133287475102418e-5
DGKD,8.776047771534504e-5
LY6D,7.009434363325773e-6
PDE5A,1.5108380099893652e-4
VAMP8,1.4999893886285067e-4
TNFSF9,6.793043994189358e-5
TNFRSF14,9.260352636928023e-5
FADD,3.799638139830045e-4
SNAP23,5.4413495546909316e-5
IL1RL2,5.198312991987434e-5
CD84,1.1959003163146487e-4
VNN1,7.822173308447233e-5
BCL10,2.1985711862013117e-4
RAB29,4.800555540540027e-5
SKAP2,9.429485912565237e-7
TNFSF18,1.1526144652392274e-4
F2RL3,3.889975738844274e-5
FIBP,6.88908410336704e-6
DGKI,2.340742784264789e-5
IL1RL1,1.2659669854806524e-4
SOCS6,6.588042505830806e-6
CD83,2.828292734197603e-5
NCR1,1.056468098778333e-5
ITM2A,2.357913876945796e-5
THEMIS2,2.8190070484856813e-6
SOCS5,1.5667847463305822e-4
TOX,1.8374793304121216e-4
TESPA1,9.700250642175469e-5
GAB2,3.101139237215311e-5
CLEC2B,4.1230861155117655e-6
EBI3,4.019042683768756e-5
LILRB2,2.1373524443314563e-4
IKZF1,6.356579700740595e-6
SIRPB1,5.442419350334996e-6
MYL9,2.3667779691898795e-5
CD226,1.1803817747626435e-4
TNFSF13B,1.1418888879422397e-4
CCR9,5.349378834563104e-5
HSPH1,5.172577157220505e-5
CPLX2,8.219737702485873e-5
FGL2,2.347004420525281e-4
MALT1,1.1119984999054104e-4
KDELR1,5.293799292933987e-5
LILRA2,1.2695197935375942e-4
ADAMTS13,1.8111209545314145e-5
BTN3A1,5.890331768594315e-6
HHLA2,1.3465114572704742e-5
VSIG4,6.334742751733615e-5
TUSC2,3.770062102870605e-5
IKZF3,1.0093575714123987e-5
RASA3,9.438292235132828e-6
KLRK1,1.0124736042092505e-4
ZP1,5.990561832524115e-5
SWAP70,8.699643819983237e-5
FCHO1,1.944999032460377e-5
METAP1,2.7196759651740297e-5
TMEM131L,4.970968432321748e-5
ICOSLG,2.4427078014254984e-5
NCSTN,9.984464797208826e-5
TNFRSF13B,1.3444749605209085e-5
SHPK,9.292608195654557e-5
IL17RA,9.934040717395339e-5
DCAF12,8.657114536663679e-6
TMEM98,3.9778499422083324e-5
CLEC4E,1.753839031420336e-5
BLOC1S6,2.406993748653202e-4
VPS33B,8.286050217341314e-5
PLA2G2D,4.392421456612243e-5
HAVCR1,1.8958473898228446e-5
PRELID1,6.302718709801181e-5
IL36B,1.1496864979903489e-5
SIT1,4.822339640251339e-6
TNFRSF21,7.89817193292792e-5
RABGEF1,1.7674469449206997e-4
TRDC,1.2476304519848018e-5
TRBC2,6.865385912680632e-6
TRBC1,6.865385912680632e-6
TRAC,7.074491055964613e-6
DROSHA,1.3530544520312825e-4
TBK1,1.017895394754212e-4
CD274,2.004573942454443e-4
BLNK,1.3578600603980046e-5
ICOS,1.964074328274602e-5
ADGRE2,2.202170034280172e-5
CD209,1.0065624925968019e-4
STOML2,5.927707489919163e-5
IL21R,1.9452305503377953e-4
CLEC4A,7.428884948127224e-5
GAL,3.540512267050324e-4
GP6,2.3147682359674895e-5
MZB1,1.6307967244247493e-5
CD320,4.171168789016907e-5
KLRF1,6.9509935202997804e-6
GPR89B,1.1493615152674942e-5
IL23A,2.5037996695697587e-4
CD244,1.0094110197871201e-4
IL20RB,1.9184873525210873e-4
SASH3,5.2524881171917795e-5
TOLLIP,5.777012688344843e-5
APBB1IP,6.6518813361521126e-6
MCUB,9.997313001737733e-5
BLOC1S4,3.107019429225516e-5
SIRPG,5.108713717220468e-6
LMBR1L,7.651546672767657e-6
PAG1,5.56709539200545e-6
ITFG2,3.0765621264331254e-5
BTNL2,1.5157612952853412e-5
SUCNR1,5.769492590937315e-5
IFNK,1.4735144351869303e-5
SLAMF8,2.409125003946818e-4
TCIM,1.0404901339931765e-4
ENTPD7,3.1991960377347414e-4
FERRY3,1.301942813264502e-5
CD177,6.898334841466652e-5
SLURP1,4.683450397575463e-5
AICDA,1.3742985929380506e-4
PDP2,1.7503354086298237e-5
PREX1,2.39905687506053e-5
GPAM,1.0934594767686002e-4
WDFY4,4.154449368605759e-6
SLAMF7,3.6018520536357357e-6
ZP4,1.0594715978444206e-4
SELENOK,6.284640646422277e-5
IL21,7.18722951340356e-5
CELA2A,3.968728191788148e-5
SAMSN1,1.2052506598974734e-5
CRLF2,2.5621157806297957e-5
VSIR,1.676837761339615e-4
NFKBIZ,1.6748699337748238e-4
KLHL25,5.4300757184708656e-5
PDIA2,3.186335474072106e-5
CRTC3,3.592031912404473e-5
P2RY12,1.5631169876941656e-4
RASAL3,4.912307174562613e-5
TNIP2,3.267721270708763e-5
ULBP3,4.249774200352987e-5
TNFAIP8L2,4.933084540536126e-6
NHEJ1,7.661465617701567e-5
TREML2,6.116622693971343e-7
SVEP1,7.073404054413689e-5
ULBP2,4.297301003869202e-5
ULBP1,4.298483684225e-5
PDCD1LG2,2.4447186364607603e-5
CD276,8.977666955225822e-6
PRR7,2.6069071185531347e-5
TMX1,6.878200762426246e-5
FCRL5,2.513317939738212e-6
RASSF5,8.107943706884992e-6
FERMT3,1.9514857589998056e-5
PRAM1,2.4550626071884924e-5
CARD11,8.50274240438415e-5
MEGF10,8.19339225422771e-5
SANBR,1.052159165814345e-5
LOXL3,1.4633170375355896e-4
NFKBID,3.393345178417078e-5
HSH2D,3.152366648095559e-5
UBASH3B,5.5691924709220524e-5
TSLP,2.7977368162689667e-4
PLCZ1,7.024089422380556e-5
SLAMF9,7.166023409400642e-7
CEACAM21,7.166023409400642e-7
RSAD2,8.801849642100601e-5
DAPL1,3.404153188982286e-5
CMTM7,3.715900410000915e-5
NLRP3,1.4172190906828184e-4
SLAMF6,3.678935851872779e-5
FCRL1,1.8132905418347348e-6
TNFRSF13C,2.8422990287293594e-5
CLNK,5.5317865778221094e-5
SH2D1B,6.573440378685574e-6
JAML,2.2636516456345607e-5
PSMB11,2.440812836678381e-5
SPACA3,3.1511487315057065e-5
DGKK,1.4836950194360944e-5
DOCK11,2.1577007305072237e-5
FAM76B,3.262127315915238e-5
LRFN5,1.6063775323825987e-5
CD300LF,1.9261323281682537e-4
TICAM1,1.2102063999323238e-4
IL23R,2.6172010988626855e-4
NFAM1,2.109470571829118e-5
CLEC12A,3.95849707312079e-5
CLECL1P,3.468994863311274e-5
DGKH,5.2405988831201786e-5
TMEM229B,1.163966073530334e-6
WBP2NL,4.6108648442818964e-5
XIRP1,4.7811309459993784e-5
NLRC3,5.824902033839083e-5
TXLNA,2.216187541429185e-6
UNC13D,6.780182866870795e-5
TIGIT,2.633930697742821e-5
GAPT,1.330747725235005e-5
GJD4,4.5577582663916147e-5
ADGRG3,1.890885769322527e-5
IL27,6.128663712703613e-5
NCR3,1.6834073115304875e-5
IL4I1,3.7072068726380885e-4
IFNL1,1.8904356348267427e-4
MILR1,1.6400678109451e-5
LGALS9B,3.409954780589751e-5
RABL3,1.7457674940562074e-5
IFNE,1.3564440616917551e-5
KCNK18,4.736658392081233e-5
CLEC4G,1.454099740721246e-4
TREML1,3.4637071906272796e-6
NCR3LG1,3.705500465611474e-6
PEAR1,2.0434573717984454e-5
THEMIS,9.53948562671976e-6
ILDR2,1.1046253940264366e-5
GPR15LG,2.7532930683149447e-5
MFSD2B,2.4922412987356728e-5
MYO18A,6.832637544023288e-5
RAB44,1.388689275135847e-4
PLPP6,2.680888491722426e-4
MIR17HG,1.4921424257298478e-4
ASTL,1.124411708758098e-4
TARM1,1.2651978621723945e-5
GPR89A,1.3886440564449496e-5
LGALS9C,3.409954780589751e-5
C17orf99,9.183039820829715e-5
KLRF2,1.1281898254754812e-5
MICA,3.802356252169326e-5
KLRC4-KLRK1,1.0124736042092505e-4
TNFRSF17,2.858479149305413e-6
CAMLG,3.8677293594896905e-5
TSC22D3,4.4893762744898734e-5
LGALS2,4.366624355630036e-5
PDE4B,1.4585228020732989e-4
AIM2,8.628056626716069e-5
CHST3,6.264184039109183e-5
SIVA1,8.278098203592051e-5
SH2B2,3.147461297474341e-5
WDR37,3.933726228056724e-6
GCNT4,7.628885681005082e-5
XKR8,5.0088597726472314e-5
PACS1,6.593069085559248e-6
GPR174,9.781239049920135e-6
BBIP1,3.154240047103403e-5
HCAR2,9.918181872019061e-5
CASP7,5.710409726328838e-5
SYT7,1.3520257048825837e-4
MYOF,1.0537422571605372e-5
ARL8B,2.6891488021295177e-4
AHNAK,4.5767073768762926e-5
SYTL4,3.574932177255497e-5
ANO5,1.4468227603787411e-5
TRIM72,3.417495143982981e-5
ORMDL3,8.119171453058424e-5
FCGR1A,2.792841700045893e-4
FCGR1BP,4.827842306466213e-5
FCGR2A,4.556695860658098e-5
FCGR3B,4.9038768116751065e-5
IGHG1,5.848458602168898e-5
FCGR2C,4.5081306164877316e-5
ADCY7,4.123843818612035e-5
ANXA4,2.4204964120853178e-5
APOA1,3.257773079588982e-4
APOA2,3.375140545439571e-4
POLR3D,2.0446910279430287e-5
BTN1A1,2.2989356416418004e-6
C5,5.0344885158734996e-5
CASP1,1.3506184646979675e-4
CD14,1.5944534228195286e-4
TNFRSF8,7.780490952549678e-5
CD58,7.188969553257254e-6
CRP,6.604705363179678e-5
CYBA,1.2078237869541622e-4
DEFA5,3.69550318715208e-5
S1PR3,8.247028323892486e-5
SERPINB1,1.8902184747248058e-5
ELF1,8.021714608857414e-6
FCN1,5.2758070623939075e-5
ACKR1,7.985962874284827e-6
FFAR1,2.509794207034398e-5
FFAR3,1.1052132215201758e-4
FFAR2,1.1609866374693441e-4
HLA-B,1.309753737002327e-4
IGHD,2.48006357044353e-5
IL1R1,1.7257267792762873e-4
IL1RAP,1.0808910388952281e-4
IL5RA,4.076111552925544e-5
IL12RB2,1.9408063193702524e-5
IRF5,2.4594621885258525e-5
KIR2DL4,4.9141218030265e-5
LPL,1.6920784473625536e-4
LTB,1.3008077096043686e-5
LUM,4.010468336892219e-5
MC1R,7.172764443010823e-5
MEFV,9.65480632831971e-5
MOG,5.0673868640535305e-6
NFKBIL1,2.0844374550690833e-5
NMB,2.511864022002008e-4
NMBR,1.2692690655959868e-4
OAS1,1.3651206833543934e-4
OAS2,5.878709568065742e-5
OAS3,2.7677130657032293e-4
ORM1,1.4935088734525382e-5
ORM2,1.2636115458155864e-5
PAEP,9.172849991464761e-5
PDE4D,1.8000069418007026e-4
POMC,4.443740876862212e-4
POU2F2,3.7712537817166857e-6
PPM1B,6.857500871239453e-5
PRG2,4.2084635088323896e-5
REL,2.010091297000279e-5
CCL1,2.8582516859025877e-5
SECTM1,1.3896139518979227e-5
SIGLEC1,6.804277327006535e-5
SORL1,4.005657917981739e-4
UAP1,1.4860708270104657e-4
PPP1R11,1.1634646762260954e-5
TLR5,3.812552951281179e-5
TRAF3,4.34495130507979e-5
TXK,3.719694384594648e-5
IL1R2,8.102976052085862e-5
FXR1,1.6404675229029795e-4
EPX,7.105354882568938e-5
RIOK3,1.0255557978747467e-4
RPS6KA4,1.6416476453948726e-5
IL32,7.67689814116956e-5
HOMER3,3.563649637969684e-5
HOMER2,5.8769259008729346e-5
LITAF,5.401134999735013e-5
IKBKE,5.9501061234229484e-5
N4BP1,1.917740070128931e-5
TRIL,1.8054230672880543e-5
TANK,1.0824563600908079e-4
G3BP1,5.111339648575186e-5
CD96,4.8699769979047036e-5
TRAIP,2.1836121968335238e-5
BTN3A3,3.039147447735668e-6
SPON2,3.5432968386511824e-5
AGPAT1,2.4059075156716067e-5
AGPAT2,2.9635234228053392e-5
ARFGEF2,2.8314808015258584e-5
POLR3F,2.3191838869408797e-5
POLR3G,2.09475882690022e-5
POLR3C,2.1218592375957663e-5
TRIM16,6.270640486511228e-5
IGF2BP3,2.208476716942604e-5
IGF2BP2,2.210702556153544e-5
BTNL3,2.2022912259486514e-6
TMED10,1.779979091313436e-4
BTN3A2,4.68918725110741e-6
BTN2A1,2.2484469610865413e-6
PKP3,4.453176122169809e-5
NLRP1,1.13509952904862e-4
CARD8,1.8851898405847228e-4
PLA2R1,2.579924538573911e-4
MAST2,1.0143273454974084e-5
LILRA4,1.3403726333173537e-4
RIGI,1.2116767988066648e-4
KPNA6,8.592255573936022e-5
LY96,7.064733332639259e-5
PLD3,4.596348525229615e-5
CADM1,6.545068097863807e-5
PANX1,7.409827404433922e-5
IL36RN,4.614335516994741e-5
IL37,1.0494293980728756e-5
IL36A,7.782298085995392e-6
IL17B,4.818293107189804e-6
C5AR2,9.532977744193858e-5
TRIB2,2.2828827491737098e-5
TLR8,4.533673817398496e-5
UFC1,1.0427117974312147e-4
ASB1,7.489536468861543e-6
GPRC5B,2.7622272663870036e-5
IL17D,1.801925256980447e-5
UBASH3A,7.155404141551847e-6
SETD4,6.153024284468542e-5
TREM1,7.849945749052866e-5
DDX56,3.091510750274346e-5
BTN2A3P,2.2022912259486514e-6
XAF1,5.311503400875451e-6
UFSP2,3.718679442739505e-5
LAPTM4B,1.1000284986457514e-4
OTUD5,3.453227631685935e-5
NLRP2,3.1948468012197715e-5
NPLOC4,6.304199431560977e-5
ERBIN,1.4180607987130612e-4
IL36G,6.561384291798866e-6
PANX2,5.191611706512978e-6
ZC3HAV1,2.9285397457739943e-5
ZNF287,1.4147481349729375e-6
MAVS,2.305315556966948e-4
HMHB1,2.688484894757173e-6
NLRC4,5.3533126174374284e-5
CARD18,1.7855203263502436e-5
SIGIRR,6.138786229765883e-5
GPATCH3,1.7396592808771002e-5
GPSM3,8.44184663041831e-6
IFIH1,7.065966506019283e-5
ILRUN,1.8059580160156418e-5
LRRC19,1.1628374532983738e-5
CHID1,1.4975440994034543e-5
CUEDC2,1.690823691976654e-5
DHX58,6.935453992821447e-5
RNF128,1.7174479619929013e-5
NLRX1,3.8651725614399905e-5
GSDMD,5.940802197755142e-5
UBA5,9.338258854339743e-5
BTNL8,2.266582774233147e-6
TRAF3IP3,6.235366870531883e-6
CPTP,7.22543366328393e-5
FRMD8,5.341679792523011e-6
JPH4,3.882640873831245e-5
IL1F10,6.236259348755281e-6
SPINK7,5.565106143483739e-6
IL17RC,2.4546397015926504e-5
RAB2B,9.13822116038202e-6
ZCCHC3,2.9905838739005938e-5
EOLA1,1.1046410268194958e-6
CLEC6A,7.775096079516114e-5
GARIN5A,2.8054337336167185e-6
ERMAP,2.3226373152048443e-6
CARD16,4.210508126609505e-5
C1QTNF3,7.264171563240594e-5
C1QTNF4,3.1792573506214974e-5
GBP5,1.27562714737742e-4
PLD4,3.4152749213301866e-5
CEACAM20,4.287403700625208e-6
CD200R1,5.135322417759548e-5
LACC1,1.0373629801795764e-4
PYDC2,2.91742848121008e-5
BTNL9,2.2022912259486514e-6
DENND1B,3.7068239222267014e-5
SCAMP5,1.4367718481722627e-5
NLRP7,3.628157701466613e-5
DEFB124,5.4491405595271836e-5
PYDC1,3.5010657545843104e-5
CLEC9A,1.3231446215178644e-6
HMSD,9.1330435244589e-6
SSC5D,4.031205683780756e-5
NLRP9,1.785847291825631e-5
NLRP10,4.2245126625502015e-5
RAB7B,6.423902077879303e-5
RAET1G,6.311813832301552e-5
TICAM2,1.3166953781080344e-4
USP50,5.062599025470923e-5
SIGLEC16,1.1572860083875758e-5
MIRLET7C,2.6552169142280073e-5
MIR105-1,6.333853379818816e-5
MIR129-1,3.666822666069792e-5
MIR135A1,1.622416200265222e-4
MIR136,9.251914770102574e-6
MIR144,1.3910910533104933e-4
MIR147A,1.7655599712566597e-5
MIR152,6.016049256489265e-5
MIR155,2.0981732499201983e-6
MIR182,1.2112967693521955e-4
MIR192,7.613890940142985e-5
MIR194-1,5.47230338881372e-6
MIR197,1.9286218724830533e-5
MIR215,2.5424797914643852e-05
MIR26B,2.7117069105221547e-5
MIR28,8.239966262033273e-5
MIR302A,4.901194298498037e-5
CARD17P,1.3777428288181664e-5
CALHM6,2.934469157486051e-5
MIR302C,1.7046726736062624e-5
MIR302D,7.3684065879851255e-6
MIR324,8.024704341170577e-6
MIR338,7.085247370107079e-6
MIR373,1.039115531313551e-5
MIR383,5.9681791382574635e-6
LURAP1,1.6914532590045123e-6
MIR488,1.0871558103349603e-5
MIR146B,5.9681791382574635e-6
MIR520B,5.874153357881302e-5
MIR520C,3.859489008771132e-5
MIR520G,4.1962325930386e-6
MIR504,4.542842528177694e-6
MIR506,1.8211594799696007e-5
DEFB131A,2.4637206064024573e-5
STMP1,3.6757616651296426e-5
MIR411,1.8105829834399584e-5
MIR590,1.0402085972878286e-4
MIR657,1.496534914575e-4
ACOD1,1.4286725362535447e-4
MIR877,6.630653612195567e-6
MIR920,1.0871558103349603e-5
MIR935,1.4566504373663447e-4
MIR708,2.3460833216128433e-5
MIR874,8.68084139641047e-6
MIR365A,8.636875673816805e-6
BTNL10P,2.2022912259486514e-6
LITAFD,2.855086317397316e-5
MIR6869,1.091512526512724e-5
HTR1B,2.43134881739224e-4
MAOB,3.126739245561907e-4
AP1B1,4.552737188838263e-5
AMPD2,1.0802717806697863e-4
COL4A4,3.188077759096782e-5
DDC,2.053499644897478e-4
GCNT1,9.09632667997443e-5
GFRA1,2.4514428495352372e-5
MME,2.065517316463256e-4
MMP17,1.3345580994684561e-5
NID1,3.839391306225875e-5
ODC1,8.549372200676522e-5
PODXL,7.452405776342304e-5
GCNT3,9.046130463462871e-5
MTSS1,6.088744580117285e-5
MAGI2,1.1510935172738505e-4
IFT27,2.2150691231863556e-5
NUP160,1.3242912955589748e-5
TNS2,1.5761792682275244e-5
PYGO1,7.268711296465666e-6
NPHP3,2.026921827184707e-4
INVS,5.177666681695646e-5
SEC61A1,7.976577426031745e-5
PLCE1,3.5726942127691315e-5
DCHS2,1.8634985744888867e-5
ZNG1A,1.30839458879155e-6
PTCD2,9.58849077942202e-6
NUP85,1.9743045257442773e-5
BICC1,3.783718607356951e-6
PCSK9,3.6087749631403225e-4
AQP11,1.1646027611003302e-4
BCL2A1,7.598646772317183e-6
BIK,1.3730904000431203e-5
BOK,1.924232941601394e-4
IFI6,3.651985121926953e-5
PLAUR,1.1832024547904839e-4
HRK,6.952182834069267e-6
TNFSF10,2.8840081775773112e-5
MLLT11,2.347937999805418e-5
GHITM,1.1609671241914337e-4
TRIAP1,5.4055342317980247e-5
PLSCR3,7.535970926988335e-5
GGCT,2.9385371147866564e-5
IFI27L2,2.3785823264327263e-6
BMF,1.3261728140457667e-5
TIMM50,3.900900759753676e-5
IFI27L1,2.405495649896757e-6
LDLRAD4,1.1331557918984138e-5
LRP6,6.909851976958085e-5
S100A4,1.0270946870021814e-5
TGFB1I1,2.912379040505678e-5
WNT8A,3.003405037520293e-5
IL17RD,1.2513339983938567e-5
SDHAF2,8.723663833083497e-5
KLHL12,2.8714382302382016e-5
ZNF703,3.740322948473189e-5
FBXO11,1.5794431224319885e-5
ELL3,3.722598200225227e-5
SP6,5.460726670075894e-6
AKNA,8.120283129322618e-5
KBTBD8,1.0906266778797926e-5
USF3,3.607412817730505e-6
MCRIP1,2.3184918890931144e-6
MIR302B,1.094648187863667e-5
MIR326,2.577078581462916e-5
PEF1,4.8667780525064584e-5
MIR202,3.75271775537855e-6
MIR573,9.022377000959389e-6
TGFBR3L,1.910544351620771e-5
PRKACB,4.8002467862673766e-5
RPS7,5.723870149337306e-5
DLC1,4.580726177788689e-5
NUP50,7.475838140727072e-6
LIAS,1.5977022801378407e-4
IFT52,3.8974538568647134e-5
IFT57,3.6466229151622075e-5
SRPX,4.231114344965156e-5
RAB14,3.5577164403750753e-5
RAB39A,2.6268962749241704e-5
RAB20,2.5113040484597935e-5
VIPAS39,2.549656102319532e-5
RAB34,3.631070610487223e-5
TMEM175,7.246153690634158e-5
SERPING1,8.847170752094393e-5
FCN2,7.091388920758027e-5
MBL2,5.199986946950637e-5
MASP1,1.8843807988841065e-5
FCN3,4.549684111006921e-5
COLEC10,3.877589184980713e-5
MASP2,3.9455145454072365e-5
COLEC11,9.346632072487005e-5
NPY,9.396811020473033e-5
VIP,1.268906038886457e-4
AMHR2,1.213434693479373e-4
EPS15,4.558451225752504e-5
NSF,6.0944877091261644e-5
PEX1,9.841426146792953e-5
PEX6,6.419715794747728e-5
VAMP3,3.70333245384717e-5
INPP5F,1.8727394123440658e-4
NSG1,1.6375925785768353e-4
EHD3,6.930193809572924e-5
TRAT1,3.1038428164462344e-5
PLEKHJ1,4.628604663080076e-6
AP1AR,6.810214557350625e-5
SNX16,1.2469613327349007e-5
PLEKHA3,6.9153625577621335e-6
TBC1D16,4.72515490139292e-6
PHETA1,5.136491794057605e-6
PHETA2,5.136491794057605e-6
ADD1,9.247088637043452e-5
RAPGEF1,2.044530282636281e-5
GSTM3,7.921142597889324e-5
AFDN,2.7899994871306497e-5
PROC,3.7194410099146357e-05
TNFRSF1A,1.24165724496636e-4
CLDN1,2.0397121687197952e-4
S1PR2,6.185209158247072e-5
TJP2,6.0371893956854995e-5
TJP3,3.233174921760737e-5
RAP2C,2.2839618186079664e-5
MYADM,4.881696129554142e-5
MARVELD2,3.4543495309724196e-5
ZDHHC21,7.334569073992595e-5
SELENOP,3.761099153637041e-5
SEPHS2,1.1960344725438256e-4
ACO2,7.306958385079856e-5
BAAT,2.0368882916662297e-4
RCBTB2,7.025651750732014e-6
ELK1,3.949105043382385e-5
FPGS,1.5040765657743e-4
GFER,8.579226044279326e-5
IGF2R,6.407816773034908e-5
NPC1,1.0686793243567634e-4
PRKCSH,5.438864228125104e-5
HNF1A,2.5442387553363748e-5
ONECUT2,5.291490848685439e-5
SEC63,1.028731640693919e-4
SERPINA10,5.664101784481688e-6
LSR,8.21737604701636e-5
UGT1A10,3.829675964185461e-5
LIMS2,1.0663755314683654e-4
PPDPF,1.8921334243712623e-6
GUCD1,4.800947465754196e-6
CTSB,4.39850584217566e-5
EPOR,7.461431063676711e-5
GJB2,8.18389384702233e-5
HTRA1,2.322317125904173e-5
ADAM19,2.54679663279621e-5
DEDD,3.312044255311815e-5
PLAC1,4.91677288222016e-7
LDOC1,2.421537059285255e-5
STOX2,4.428029736300594e-6
SERPINA3,1.2721085063520219e-5
ACACA,9.624509200694481e-5
ABCC6,8.118857121954155e-5
ATP1B2,1.8961832435881405e-4
CLCN3,7.412142661142413e-5
TPP1,5.480421435697263e-5
CNGB1,1.6876076772882442e-4
ESRRB,3.9484626467538927e-5
HTR4,1.2431029116250877e-4
IL10RA,1.0271068477941271e-4
LAMC1,9.727303944059095e-5
MAK,5.4712903863152375e-5
MC4R,1.1009029978805061e-4
MTF1,1.8285085955617226e-5
MUC2,1.5625586355002261e-4
MUC4,3.442534254962712e-5
MUC6,5.842091144638584e-6
NT5E,2.5255487564130235e-4
PDK4,6.318382668001246e-5
SLC22A5,2.60521197922387e-4
TFF1,9.632982004658698e-6
TFF3,6.699737328559589e-6
USH2A,7.925406648920585e-5
CUBN,5.7677140944519826e-5
CLDN12,6.1995885408399215e-6
SLC28A2,1.915202746153657e-4
RAB3D,1.9515869323817937e-5
IQCB1,5.228478675772604e-5
PLEKHM1,4.471149975962636e-5
CIB2,3.2872057673717134e-5
NCDN,1.4350460769869511e-5
AIPL1,9.62620942581144e-5
PRLH,6.25751526184252e-5
IL20RA,2.470704095228834e-5
DEF8,1.6941533321836613e-5
MUC13,5.756441499782539e-6
GPR137,2.3584203613414666e-5
CRACD,4.964994137612313e-5
EPG5,1.5177445323944822e-4
JAM2,5.312029515957375e-5
PERP,4.231638045683723e-5
PBLD,7.918307090931864e-6
PCDH15,1.5612064629089724e-5
WNK3,8.422539545891858e-5
LACRT,6.972964458842624e-5
ESAM,1.2363852477358347e-5
NXNL1,4.769598673918649e-6
USH1G,2.9553871751045526e-5
PRRC1,4.786276136895541e-6
PIWIL4,7.508432187286925e-5
NXNL2,3.1595612609580945e-6
BBS12,1.3421369489094242e-5
LCA5,9.55782598888991e-6
ILDR1,9.392308163963883e-5
ARMS2,2.2552623036617483e-6
CD59,8.829605736364814e-5
C7,1.7874589376635626e-5
C8A,2.022256167864019e-5
C8B,1.7954253126002246e-5
C8G,2.475183682111177e-5
C9,7.642207760374606e-5
CD1A,7.451182238330106e-5
CD1B,7.472523956912536e-5
CD1E,7.543208974445517e-5
CD5L,6.612619392545508e-5
CR1L,5.932649946780751e-5
DAO,3.9888120714820166e-4
DEFA3,3.310315687030847e-5
DEFA4,3.9020891732602855e-5
DEFA6,2.7761887189224576e-5
DEFB4A,1.856321182620563e-5
GBP3,3.0815543496004836e-5
CXCL1,7.2465191432058126e-6
CXCL2,3.14839823765326e-6
CXCL3,8.147545326422067e-6
GZMH,6.603524217559474e-6
GZMA,1.3665715483418678e-4
GZMB,4.477398964803134e-5
GZMM,5.257194624406595e-6
CFH,6.823508647563695e-5
CFHR1,2.1489383668529134e-5
CFHR2,2.1155814056720772e-5
HLA-C,5.822504018866774e-5
HLA-H,5.891483916343206e-5
HMGN2,5.2795412020120365e-6
HTN3,9.179969585275096e-6
KIR3DL1,3.360896229736869e-5
KLRB1,6.556051011033734e-6
KNG1,2.155164745714934e-5
KRT6A,5.1767277904465344e-5
LYZ,1.7302594619332943e-5
MUC7,3.444448468996874e-6
NTS,1.3612345128684483e-5
SERPINB9,4.0301163317808813e-5
PPBP,2.7448123146946e-5
PVR,1.1866568873477274e-4
RPL30,7.491567747928693e-6
SERPINB4,3.1137295143805985e-5
CCL8,3.432686065250433e-5
CCL17,3.0656887794374724e-6
CCL18,9.301256547460011e-6
CCL20,2.4404600290976593e-5
CCL22,1.4886880412263804e-5
CCL25,6.5047593774537e-5
CXCL11,3.47020280475734e-5
TAP2,3.7346529621426597e-4
TRA,3.9339010300849526e-5
TRB,3.925029465232967e-5
KLRC4,1.997218526446215e-5
STX7,5.372745741110798e-5
APOL1,2.6924215177447724e-5
H2BC11,3.079198247682948e-5
SLC22A13,2.2551311589644898e-4
CXCL14,6.07253796745576e-6
SPAG11B,1.0501004716024602e-5
GNLY,2.1121892148915795e-5
CCL27,2.2819025010978646e-5
HCST,5.832918578052863e-6
PLEKHM2,6.467609044314755e-6
TOR2A,3.888645519575255e-5
GSDMB,5.7052519775531354e-5
DEFB103B,1.6194738485171626e-5
CCL28,5.8984463743151705e-5
LYZL6,2.1003671626254485e-5
CFHR5,2.4053015338295993e-5
NECTIN4,2.1152575385219617e-5
RNASE7,2.2736546498679542e-5
H2BC12,9.973540778746448e-6
DCD,1.0978237869923447e-5
DEFB118,2.934548551010601e-5
RNF19B,1.2848816328808824e-5
RAET1E,4.7349683335587066e-5
CST11,1.1350788535355855e-5
RAET1L,3.448137624815575e-5
DEFB128,2.9887062534886444e-6
LCE3A,4.276840572485158e-6
LCE3B,4.276840572485158e-6
LCE3C,4.276840572485158e-6
CLEC2A,3.0752477865326792e-6
CLEC12B,5.908405116407944e-5
DEFB132,4.925616970393035e-6
DEFB103A,1.6194738485171626e-5
DEFB136,1.2030079469410532e-5
CREBL2,1.4606124902950586e-5
CSF3,7.764813017329235e-5
CTF1,3.4013215448176e-5
HRC,1.0844831874108385e-4
IL3,3.823871277941964e-5
MST1,2.3291699287631575e-5
MUSK,1.794771360210169e-4
NDUFS4,2.674887429389463e-5
PRKAG1,9.436290780955499e-5
PRKCH,9.800689724520281e-5
DNAJC3,1.8328857747238706e-4
PTK6,3.6228835730754457e-5
PTPN13,5.568133667049519e-5
TARBP2,1.4590949844991568e-4
CDK2AP1,1.2509150111180466e-5
TNFRSF18,2.0247529998724217e-5
TNFRSF10B,8.368957852523937e-5
TNFRSF10A,3.0373785704099474e-5
GPRC5A,2.900988344055053e-5
MVP,3.238170316640231e-5
TNFSF15,1.516966484063301e-5
TNK2,6.811653381692149e-5
FAXDC2,3.350800793912282e-5
PTPRT,5.697561306646484e-5
PPM1E,2.597094503752843e-5
LIMCH1,1.31781641740451e-4
TAB2,1.1158941354773819e-5
TARDBP,1.0986766398687506e-4
MMD,1.7833877901458598e-5
ARL2BP,1.700504724704916e-5
IBTK,1.3115873977387674e-5
SLCO3A1,2.3678064316525568e-5
PILRB,1.5512524932307532e-5
EHD4,1.1211075512042035e-5
IL20,9.804880159493372e-5
PRKAG2,1.2796883441443585e-4
GSKIP,1.0954749616252998e-5
CAB39,4.07146536947866e-5
CDK12,9.930679354955609e-5
DNAJC10,3.724191970942882e-5
PARP14,1.1838903685158699e-4
FAM20A,1.881164479120843e-5
ODAM,1.1280146112609185e-5
PID1,1.2892379781521084e-4
ITLN1,2.5239739682193148e-5
DBNDD2,3.740171920072984e-6
CASS4,1.431499949624948e-5
CEMIP,9.040817513332568e-5
ZFYVE28,2.917296830346117e-5
SNX6,8.204277777931318e-5
DEPTOR,4.3706194805036134e-5
NT5DC2,1.411627529385788e-4
CARD14,1.7502297963511028e-5
PRKRIP1,7.621295609462723e-6
VPS25,6.255405108625937e-5
AKT1S1,3.1771706692518704e-5
STRADA,1.1143006798267129e-5
MOB1B,5.925360401404017e-6
ACP4,6.54589492881045e-5
SYAP1,2.788630483938339e-5
WDFY2,3.192069747841553e-6
IL22RA2,9.612958520335744e-5
NIBAN1,3.7189366486411942e-6
AGAP2,2.221593991376937e-5
SOCS4,3.1612917878268334e-5
PIP5KL1,2.2642293410185147e-5
PROM2,1.0298347745266517e-4
SYNPO2,3.3018574223847e-5
CADM4,6.101781130834248e-5
DIPK2A,4.630491716302197e-5
MMD2,1.0051472673897589e-5
DYNAP,5.883016578797792e-5
RSPO1,6.05893118618851e-6
DOK7,9.963205990724763e-6
NLRP2B,1.9521140064585664e-5
ATP5F1A,6.13958075119998e-5
SCARB1,2.5912619392472257e-4
FUT2,8.827323660048424e-5
CCL26,5.356462214126872e-5
MIR135B,2.235846208256457e-5
MIR499A,9.466885455897382e-5
CHRNB1,4.2478244973054234e-5
FNTA,3.3548647006273073e-4
GLRB,1.3190763090652254e-4
RAPSN,1.2820848849870656e-4
NRXN2,1.1175589784617047e-4
GPHN,2.703609269071889e-4
RER1,2.928678843916966e-5
FRRS1L,4.93964821313435e-5
ZDHHC2,2.752553175498759e-4
NLGN2,4.358454477692703e-4
LRRC4,1.6407469728612568e-5
LHFPL4,4.2278465936067456e-5
SHISA6,9.614533958891014e-5
SHISA7,9.561831281678293e-5
DNASE1L2,4.2754672333422454e-5
DSC1,4.704351888420374e-5
EDA,1.2158745676127031e-4
HOXC13,1.758926531823651e-5
KRT84,1.7262031234511503e-5
TGM3,1.779275888110715e-5
LGR5,2.053425228232928e-5
TRADD,5.228687544600423e-5
SOSTDC1,1.0455331554641255e-4
TRPC4AP,2.0383062306801775e-5
DKK4,1.3996824272336343e-4
SAV1,6.78791846612687e-5
NOM1,7.66162102586543e-6
WNT10A,2.5970632048528004e-5
TMEM79,3.6771914426705686e-5
GORAB,1.0142229522157867e-5
KRT71,1.1729705510008024e-5
MYSM1,3.0619821092556996e-5
KRT25,9.558570841381101e-6
DSG4,8.399504792131867e-6
APCDD1,2.0181158290620956e-5
KRT28,8.867604349579299e-6
KRT27,8.867604349579299e-6
LGALS8,2.5571839416201844e-5
NFATC1,5.4246310068716805e-5
PTPN14,1.6607228017369856e-5
SGCB,4.263964864117376e-5
ANP32B,1.4924604926273668e-5
PTPN20,9.081804485193719e-6
TMEM204,5.4367039495826255e-6
MICAL2,6.45851523514052e-5
ASB2,6.637808966672586e-5
BBS5,3.2963506865034986e-5
NOTO,1.3934871503870524e-5
FA2H,4.217119456116179e-4
CLDN2,9.434774982791278e-5
CLDN15,7.416389503044153e-5
ARHGAP6,4.222534970844689e-5
LIMS1,2.5829051141280687e-5
CEACAM6,4.961715382138818e-5
PTPRA,1.825853807686175e-5
GFUS,2.3604598107131904e-4
UTRN,2.8120898537389406e-5
CASK,6.270971459664565e-5
SKAP1,4.638709671560633e-5
PLEKHA2,9.236088851346352e-6
PEAK1,8.955273140688222e-6
ACER2,4.9813030223389125e-5
PLET1,1.0819385005619705e-5
STX1A,1.055820255115718e-4
KMO,2.8560288408033366e-4
SLC4A8,1.1369517969592767e-4
GPR158,6.584118565788546e-5
STX1B,2.8540220054477363e-4
MICU3,3.966564753653497e-5
CASP4,1.3600944927457808e-4
IL1RN,2.090092716146966e-4
IRAK2,2.2049265009430052e-5
EIF4E2,4.665111883617371e-5
SPATA2,3.638143160485884e-5
PADI2,1.7916995023073228e-4
USP18,4.372388722876037e-5
NKIRAS2,2.4018627202899852e-5
NKIRAS1,2.401535776259458e-5
USP25,8.249543161948365e-5
OTUD4,5.9665684391892326e-5
SPPL2B,2.5345377025150377e-5
ZBP1,9.404198115908709e-5
CCDC3,9.306075893747679e-6
NLRC5,6.285742617576957e-5
SPPL2A,2.5423328730029844e-5
TRIM41,2.112196268852436e-5
OTOP1,6.358764576276249e-5
MIB2,5.6434334111488375e-6
TMC8,2.5354154124824595e-5
DCST1,1.958858910311066e-5
USP27X,2.3085039715249837e-5
SMIM30,9.98718890402804e-6
MIRLET7E,2.7370025390636707e-5
MIR99A,1.765761549040932e-5
MIR1246,1.0098228411659238e-5
CRHBP,2.133851107994656e-4
PMCH,9.53473162445791e-5
PMCHL2,9.385513429483285e-5
RASD2,1.5064778802669005e-5
PNKD,1.1641035316376881e-4
CNTNAP4,2.466279470777667e-5
GRID2,1.1921365344853129e-4
GRIN2A,1.0871988442627751e-4
BACE1,1.322189025560926e-4
GRIN3A,7.129665662664993e-5
CNTFR,1.1128060752932312e-4
GLS,9.333733387116088e-5
ACP3,1.8162965263623977e-4
ADORA3,5.007595678032118e-5
CST3,2.1497651711478241e-4
TMBIM1,7.427181526433183e-5
PDE1B,9.170938265951958e-5
RANBP2,8.31877128308427e-5
RGS7,1.706409135821342e-5
RGS20,4.6222149718272215e-06
RGS9,1.4102096802309986e-4
RGS17,4.075273940871876e-6
PPP1R1B,6.443840031482661e-5
ASIC2,1.0614897880499613e-4
MANF,1.0262266232606368e-4
NAV2,6.828287763160691e-5
CYP11B2,1.629284856267619e-4
CORO2B,8.323193041266171e-5
AVPR2,1.050974764338433e-4
CPA3,1.8765150764459267e-5
CORIN,5.9236662534477814e-5
OR51E2,9.635003783998275e-5
RASL10B,3.4300864436312835e-5
CA2,2.5227057702575625e-4
CSNK2B,1.0800810476757148e-4
GREB1,6.770350132290644e-7
TMEFF2,5.957731873734281e-5
KLK14,6.355490939226087e-5
RIPK4,7.963124266520405e-6
LIN7C,5.0096905552409794e-5
MRTFA,2.0140378386415124e-5
PALS1,1.3252510652641853e-4
C1orf54,1.2010124024167344e-5
LBX2,6.866754504872989e-5
ARHGAP12,1.231958411724244e-5
KDF1,7.765163516111602e-5
CARMIL2,1.0326279371380573e-4
FLG2,1.832856217242823e-5
SCTR,7.112993945222703e-5
SLC12A3,8.22647281420827e-5
RASAL2,3.275744878644837e-5
PCSK1N,1.0209419008830806e-5
NMUR2,9.205829999368921e-5
SGIP1,4.072361977112836e-5
GRK2,2.877390357189508e-4
MYH7,1.6289012819853548e-4
MYL3,4.9052616357901855e-5
MYL4,3.6927875764129016e-5
CSRP3,1.6340551101334653e-4
GLRX3,2.6833169133680774e-5
CASQ2,1.6987347631880823e-4
TNNI3K,2.3224846101296214e-5
RNLS,6.996047064451189e-5
POPDC2,7.298542341446323e-6
SPX,2.2504557115908617e-4
GJD3,8.355874506952078e-5
ADM5,7.260724634920305e-6
ACTN4,9.47860374486392e-5
ATP1B3,8.185227166736252e-5
FXYD2,1.1163058289372984e-4
DMPK,1.2269541148680595e-4
FGF11,1.3980721245526046e-5
MLLT6,7.20352790136021e-5
FXYD1,1.2080764372818133e-4
FXYD3,2.7480068190530975e-5
PRSS8,4.400342748795914e-6
AHCYL1,5.878174452561033e-5
BPIFA1,2.4673510085665125e-4
FXYD7,2.1838326841263855e-5
FXYD6,2.268518181646291e-5
FXYD5,1.0194519512063752e-4
FXYD4,3.040558340702019e-5
TESC,6.105534392513715e-5
NKAIN1,2.0804479196262685e-6
NKAIN4,1.4807697736607747e-6
COMMD1,5.7396085154160474e-5
NKAIN2,1.4292572081338308e-6
NKAIN3,1.4292572081338308e-6
FXYD6P3,2.1590922333437227e-5
GRK3,2.9765687999597055e-5
ARR3,2.61782103064362e-5
GIPR,1.62143421664934e-4
GTF2H2,4.729938319147302e-5
SAG,4.0179204481136534e-5
ARL6IP1,1.0145868189792174e-4
DCT,1.1168265535265796e-4
CDSN,1.6277714733918183e-4
RAB13,1.0437947944930071e-4
FNDC3A,9.87580330138565e-6
EXPH5,1.0508000828020871e-5
ADAMTSL4,5.7192085463222535e-5
IFT74,3.7015341911576095e-5
GPAT4,6.893095503801173e-5
BHLHA15,5.947610731440373e-5
YIPF6,2.0316549638900132e-5
TMIGD1,4.3134031194093374e-5
MIR541,9.938724086726122e-6
DSPP,2.001760572116867e-5
NR5A2,3.878233058672611e-5
PKP1,1.6647036940227932e-4
PYY,2.151298043766965e-5
ENAM,5.044456838948327e-5
ZNF800,1.429247359875839e-5
ACR,1.0626016124065107e-4
COX7A1,2.908083865669247e-5
COX7A2,1.9677835978675195e-5
COX7A2P2,1.9546365772436847e-5
SHMT2,2.339632628619521e-4
COX7A2L,2.9252348677075626e-5
DNAJC15,9.292468515958992e-5
SLC25A23,1.7165643314237154e-4
UQCC2,3.406087814039045e-5
MLDHR,6.430678811446466e-5
LYPLA1,8.879511517298769e-5
ABHD17B,7.16837292915827e-5
ABHD10,7.3937498698895e-5
ABHD17C,6.179230527678257e-5
ABHD17A,9.964436968851348e-5
TNNC1,1.9155432666778123e-4
TSHZ3,1.6695165320914637e-5
CD63,7.20113373891078e-5
AP2M1,1.1566229044091988e-4
HIP1,8.935422265215854e-5
LRPAP1,1.2077054944547176e-4
ATXN2,1.6100675145898713e-5
SELE,3.773528642520113e-5
MTMR2,1.0397312687922523e-4
USP6,1.8391181043195207e-5
RABEP1,1.8902854435953546e-5
PICK1,8.090732208595696e-5
TBC1D5,5.032259088770099e-5
LRRTM2,3.683533919411568e-5
SUSD4,8.81368692714501e-5
RNF220,4.0998983970804124e-5
VAC14,6.720012612786364e-5
RIN3,8.015866310062694e-5
ATAD1,1.2378140007821356e-4
ANKRD13A,6.615029419289689e-5
ANKRD13B,1.2567355830950408e-5
GSG1L,1.1293745080085462e-5
TAMALIN,1.1282837669108956e-5
ANKRD13D,1.2482751623858635e-5
LRRTM1,3.95722277816927e-5
ELP1,3.209426465336282e-5
ELP5,1.6632627769133002e-5
ELP4,3.872404335767704e-5
MOCS3,2.5538949062297597e-4
ELP6,1.592952707913696e-5
ELP2,2.435969870395833e-5
TRMU,8.371965706424662e-5
URM1,8.34371346713319e-5
CTU1,9.689344224763188e-5
KTI12,7.156272904713157e-6
ADAT2,1.0036251915162802e-4
DPH3,6.1020268822056976e-5
CTU2,4.7354214303271574e-5
CASQ1,1.6782866783150445e-4
SRL,1.0612944896868625e-5
SPINK1,9.257138341618867e-5
HOMER1,8.394235434789607e-5
SARAF,1.1312518782832335e-5
STIM2,4.690573115351525e-5
SLC8B1,1.3294031856690822e-4
ORAI2,1.0243651180962225e-5
ORAI1,3.906428572521069e-5
ORAI3,9.334371987298958e-6
GRAMD2A,2.415401296376345e-5
CRACR2B,2.4920776930841003e-6
STIMATE,5.201838742701863e-5
GPHB5,3.541329841346263e-5
PRDX4,9.087197435290113e-5
PTGDR2,1.4041371442198477e-4
AARS1,1.932288233377087e-4
DRG2,4.705058142323513e-6
EEF1D,2.9886527848608598e-5
EIF2B1,2.00356809130256e-5
EIF4A1,2.8642243072197696e-5
EIF4A2,6.854352322312445e-5
RPL10A,4.950022027369689e-6
RPL3,6.4999830625529865e-6
RPL4,4.697506219776349e-6
RPL6,5.9811823455488285e-6
RPL8,5.013721760577319e-6
RPL9,4.350602225703455e-6
RPL12,1.3180136296809606e-5
RPL15,6.094412108067056e-6
RPL17,3.293816015129333e-6
RPL18,4.559082255103877e-6
RPL18A,3.273155464407515e-6
RPL19,3.7215034448116025e-6
RPL21,3.3320104281040366e-6
RPL23A,1.4135234724743056e-5
RPL26,1.3601715978846216e-4
RPL27,2.2843905097864883e-5
RPL27A,3.4559101365797082e-6
RPL28,4.257039085297766e-6
RPL29,5.75028578715389e-6
RPL31,3.7283566214022435e-6
RPL32,3.3160418029315252e-6
RPL34,3.838856021869293e-6
RPL35A,5.610448971043973e-6
RPL37,2.0189592094934127e-5
RPL37A,3.819659323932151e-6
RPL39,9.629439912483137e-6
RPL41,5.587927499549344e-6
RPL36A,3.3541233547236795e-06
RPLP0,1.679327522003488e-5
RPLP1,5.731490208262285e-6
RPLP2,1.1221355731528801e-5
RPS2,1.3812011756890315e-5
RPS3A,9.044843276158548e-6
RPS4X,8.294346092766934e-6
RPS9,7.5230049834986015e-6
RPS10,4.233076033577949e-6
RPS11,6.946878024854413e-6
RPS12,2.3415646677267913e-5
RPS13,1.817849160175302e-5
RPS15A,6.596849502857626e-6
RPS17,7.807708712787138e-6
RPS18,5.680825838738891e-6
RPS20,2.0165085265594387e-5
RPS23,2.4278886302231788e-5
RPS24,8.66483541494e-6
RPS25,5.9189522633334495e-6
RPS26,2.0248587475377864e-5
RPS27A,1.5033279355800946e-5
RPS29,1.7750647891645716e-5
SH3BGRL,2.299001217856873e-5
UBA52,1.2995218605062244e-5
SLBP,9.082623945211822e-5
EIF2B3,2.2122950116453178e-5
RPL14,5.812509242908183e-6
NEMF,1.0495996533331205e-4
GTPBP1,3.607162534488875e-5
SMYD5,1.68281808839663e-4
NMNAT2,6.204320615609373e-5
RPL36,3.4378795957155268e-6
RPL26L1,4.434330845127057e-6
RWDD1,1.0099008920324497e-5
PARP16,9.964927568398345e-5
ZC3H15,2.724299677134022e-6
MIF4GD,3.665923551013578e-5
RPL22L1,1.3039885047372297e-6
RPLP0P6,1.2281629767523876e-5
ALKBH3,9.874865511435026e-5
ZCCHC13,6.739958652772157e-6
XRCC4,2.0357978235702e-4
MCM3AP,7.777898438893702e-5
CYREN,3.739151323016318e-5
BIRC3,3.269959643414613e-5
CASP6,4.795841741186345e-5
CSNK1A1,5.1691114619669635e-5
CTSS,7.061086929680871e-5
LAMP2,1.4820971164609338e-4
NFKBIA,8.891998160872572e-5
NONO,2.385545790955628e-5
PCBP2,4.6868391699011225e-5
SEC14L1,3.3981361178349726e-5
SLC15A2,1.5242847372509097e-4
TSPAN6,6.140649138066056e-6
OASL,2.8981981859215825e-5
TAX1BP1,3.135047078296867e-5
KCNK6,4.6494612210148285e-5
LRRC14,8.567433137289913e-6
PUM1,4.4609400476412875e-5
USP15,1.6085593399455932e-4
SMPDL3A,2.0548938551411567e-5
GRAMD4,2.209762104953651e-5
WASHC4,7.238984515756358e-5
FBXL2,4.338575372208843e-5
ZDHHC5,1.0628763513282826e-4
TKFC,2.486746345172572e-4
SMPDL3B,3.14786657457218e-5
ZDHHC1,3.163059836970669e-5
ECSIT,1.191867835164301e-5
SLC15A3,1.494137722587105e-4
ZDHHC3,1.4680358944876393e-4
PSPC1,9.587366112869793e-6
NAGK,2.3737535731457515e-4
DDX60,4.501496706701279e-5
KCNK13,1.1051986395506918e-4
GPR108,1.2481277414463215e-5
ZNFX1,5.204888889011398e-5
S100A14,2.0490381568541017e-5
WDFY1,2.925676005882153e-5
TNIP3,1.2703142057721374e-5
ALPK1,1.1769201360353398e-5
TASL,7.896860735425561e-5
COLEC12,4.894290437774812e-5
TRIM11,7.620148806756123e-5
CLPB,2.648670589041743e-5
TLR10,4.8035545626599664e-5
TMEM126A,6.0609961741574896e-5
ZDHHC18,3.183553912065308e-5
ZDHHC12,6.214047989590119e-5
TIFA,5.185071013129504e-6
BPIFB1,1.3517058895652689e-5
PIK3AP1,2.3431450125951313e-5
LYPLAL1,4.871663925934575e-5
REG3G,3.914832147294009e-5
ZNRF4,4.294082074727575e-5
PYHIN1,2.120768943995343e-5
TREML4,2.730606110673171e-5
KIR2DS2,2.7091976442601964e-5
MIR4691,1.1969482381225957e-5
PYDC5,4.606649599982817e-5
PGC,6.392695967896542e-5
KLK7,7.972637237053675e-5
KLK5,8.93954542932952e-5
RNASE2,3.1759612619311114e-5
RNASE3,2.2213608342389984e-5
H2BC8,9.593304839716347e-6
H2BC7,9.593304839716347e-6
H2BC6,9.593304839716347e-6
H2BC10,9.593304839716347e-6
H2BC4,9.593304839716347e-6
H2BC21,9.569058213313143e-6
H2BC12L,1.065503596896835e-5
RASGRP4,1.6640258218439273e-5
APOBEC3G,1.752779535979378e-4
ZDHHC11,2.706647310292604e-5
APOBEC3F,9.000826087468405e-5
ABCA1,2.929079682528429e-4
ATP4B,9.356438639401031e-5
C2,2.3294338898638354e-5
C4B,5.7087418917099954e-5
CD68,4.064832764257284e-5
CEBPE,7.32307315652918e-6
CSF2RB,1.0713169885171607e-4
GPR31,3.3265880529928506e-5
HADHB,1.029340300383143e-4
IFNAR1,1.1291443034060084e-4
MGST2,5.2191376581882365e-5
MRC1,1.2410754337196748e-5
NFKBIB,3.093898587813886e-6
PCSK1,4.839473648812586e-5
PF4V1,1.1442307550621885e-5
PTGER1,4.8836161115694894e-5
PTGER2,3.958749040922186e-5
PTGFR,6.736061193314243e-5
PTGIR,7.177590513725938e-5
CXCL5,1.101000319647495e-5
SELENOW,8.52385390421939e-6
SLPI,1.2548655282985284e-5
LY86,9.091087067516904e-6
HNRNPA0,9.815235955581554e-6
IL24,5.718051141829529e-6
CDK19,2.1234111751695897e-5
FBXO3,5.541738644751218e-6
ANKRD1,5.0236818444051245e-5
PLSCR4,1.887041584261816e-5
SRR,3.920990133625806e-4
CMPK2,3.6815919006903035e-4
NUGGC,1.131700000146719e-5
MIR187,3.8132271799308475e-6
MIR433,4.943676976619459e-6
CHD2,1.6031797068112968e-5
EEF2,1.225947410893489e-5
HSPA9,7.411868325770768e-5
MLF1,8.774805602437818e-6
MLLT3,3.74425077528352e-5
PDCD2,1.3871021397987848e-5
TMSB4X,1.1173233299278884e-4
KRT75,7.490181072761262e-6
SETD1A,3.394154153042593e-5
ZBTB24,1.5165258909999145e-6
ZNHIT1,5.410974471359033e-5
NUDT21,1.3415447070985512e-4
PRRC2C,3.306389889339163e-6
WDR7,6.399781384840875e-7
SSBP3,2.030837756399756e-4
ACP6,4.9057839595640626e-5
HERC6,2.446752716108278e-6
AGPAT5,3.1566571538557125e-5
DHTKD1,1.1087300815264571e-4
ZFAT,2.027282320286231e-6
SLC7A6OS,9.01676880095936e-7
SERPINB12,1.1375396272803847e-5
ARMC6,6.518049420420631e-7
ARL11,2.1660962861459618e-6
TMEM190,9.777098384023423e-6
ZNF784,2.0059016964712886e-6
ESCO2,5.2803893045916936e-5
HEATR9,5.759475598369233e-7
WDR38,5.244349943099795e-7
TMEM91,7.333029335277792e-7
BMX,1.0128969430369222e-5
C1QB,4.304932685083498e-5
C1QC,7.741574851928847e-5
C1R,8.839279684434146e-6
C1S,6.456113269601482e-6
C4A,3.2133068584104533e-5
C4BPA,7.531180710097965e-5
C4BPB,7.552734392943052e-5
CD8B2,4.9573305078051e-6
ADGRE1,1.4613122855610667e-6
GNL1,2.456144847231178e-6
CFI,6.167314660884317e-6
IGHA1,1.0895023349774431e-4
IGHA2,1.0525325282186231e-4
IGHG2,1.8604417320330873e-5
IGHG3,1.8604417320330873e-5
IGHG4,1.8604417320330873e-5
JCHAIN,1.6114052299372156e-4
IGKC,3.3307958462674934e-5
IGLC1,3.3307958462674934e-5
IGLC2,5.960035395606952e-6
IGLC3,3.3307958462674934e-5
IGLC6,3.284392988536638e-5
IGLL1,5.571291205463446e-6
IL2RB,1.0852301461731209e-4
IL9R,1.1692958978283576e-4
LAIR1,2.884510462574329e-6
RAP1GAP,2.561159272088621e-4
TAP1,1.488742248603357e-4
TRAV6,1.156181755647157e-6
TRGC2,1.0753874222839067e-5
TRGV1,1.1915813068309852e-6
TRGV2,1.5083383999755307e-6
TRGV3,4.31047991020654e-6
TRGV4,1.5083383999755307e-6
TRGV5,1.5083383999755307e-6
TRGV8,1.5083383999755307e-6
TRGV9,4.31047991020654e-6
TRGV10,1.1915813068309852e-6
TRGV11,9.470766123631753e-7
KDM5D,4.202717455026049e-5
FCMR,1.8335518426918293e-4
CLEC4M,9.982087611981923e-5
CLEC10A,1.0931418605966441e-5
LILRB5,7.659326837140748e-6
LILRA1,1.1958275582133112e-5
LILRB3,1.4781600141700929e-5
LILRA3,1.4983412465315909e-5
RAPGEF4,1.9337343672701044e-5
RAP1GAP2,2.6014211877342896e-6
LAMP3,4.6984700169115086e-5
IGKV1-5,1.373528186221043e-6
IGHV8-51-1,1.7826343593942893e-6
IGHV7-81,1.7826343593942893e-6
IGHV6-1,1.7826343593942893e-6
IGHV5-10-1,1.7826343593942893e-6
IGHV5-51,1.7826343593942893e-6
IGHV4-38-2,1.7826343593942893e-6
IGHV4-61,1.7826343593942893e-6
IGHV4-59,1.7826343593942893e-6
IGHV4-39,1.7826343593942893e-6
IGHV4-34,1.7826343593942893e-6
IGHV4-31,1.7826343593942893e-6
IGHV4-30-4,1.7826343593942893e-6
IGHV4-28,1.7826343593942893e-6
IGHV4-4,1.7826343593942893e-6
IGHV3-38-3,1.7826343593942893e-6
IGHV3-74,1.7826343593942893e-6
IGHV3-73,1.7826343593942893e-6
IGHV3-72,1.7826343593942893e-6
IGHV3-66,1.7826343593942893e-6
IGHV3-64,1.7826343593942893e-6
IGHV3-53,1.7826343593942893e-6
IGHV3-49,1.7826343593942893e-6
IGHV3-48,1.7826343593942893e-6
IGHV3-43,1.7826343593942893e-6
IGHV3-38,1.7826343593942893e-6
IGHV3-35,1.7826343593942893e-6
IGHV3-33,1.7826343593942893e-6
IGHV3-30,1.7990261424163885e-6
IGHV3-23,2.263054719724944e-6
IGHV3-21,1.7826343593942893e-6
IGHV3-20,1.7826343593942893e-6
IGHV3-16,1.7826343593942893e-6
IGHV3-15,1.7826343593942893e-6
IGHV3-13,2.132595754224753e-6
IGHV3-11,1.7826343593942893e-6
IGHV3-9,1.9294851079165796e-6
IGHV3-7,2.263054719724944e-6
IGHV2-70,1.7826343593942893e-6
IGHV2-26,1.7826343593942893e-6
IGHV2-5,1.7826343593942893e-6
IGHV1-69-2,1.7826343593942893e-6
IGHV1-38-4,1.7826343593942893e-6
IGHV1-69,1.7826343593942893e-6
IGHV1-58,1.7826343593942893e-6
IGHV1-45,1.7826343593942893e-6
IGHV1-24,1.7826343593942893e-6
IGHV1-18,1.7826343593942893e-6
IGHV1-8,1.7826343593942893e-6
IGHV1-3,1.7826343593942893e-6
IGHJ1,5.74429760660052e-7
IGHD1-1,5.74429760660052e-7
TRDV3,1.5454083610856022e-6
TRDV2,1.263833705507721e-6
TRDV1,1.5454083610856022e-6
TRDJ1,9.470766123631753e-7
TRDD1,9.470766123631753e-7
TRBV30,1.0572577968407804e-6
TRBV29-1,1.0572577968407804e-6
TRBV28,2.640826994659526e-6
TRBV27,1.0572577968407804e-6
TRBV25-1,1.0572577968407804e-6
TRBV24-1,1.0572577968407804e-6
TRBV23-1,1.0572577968407804e-6
TRBV20-1,1.0572577968407804e-6
TRBV19,5.06212771866572e-6
TRBV18,1.0572577968407804e-6
TRBV17,1.0572577968407804e-6
TRBV16,1.0572577968407804e-6
TRBV14,1.0572577968407804e-6
TRBV13,1.0572577968407804e-6
TRBV12-5,1.0572577968407804e-6
TRBV12-4,1.0572577968407804e-6
TRBV12-3,3.859399307071789e-6
TRBV11-3,1.0572577968407804e-6
TRBV11-2,1.0572577968407804e-6
TRBV11-1,1.0572577968407804e-6
TRBV10-3,1.0572577968407804e-6
TRBV10-2,1.0572577968407804e-6
TRBV10-1,1.0572577968407804e-6
TRBV9,1.0572577968407804e-6
TRBV7-9,3.859399307071789e-6
TRBV7-8,1.0572577968407804e-6
TRBV7-7,1.0572577968407804e-6
TRBV7-6,1.0572577968407804e-6
TRBV7-4,1.0572577968407804e-6
TRBV7-3,1.0572577968407804e-6
TRBV7-2,1.0572577968407804e-6
TRBV7-1,1.0572577968407804e-6
TRBV6-9,1.0572577968407804e-6
TRBV6-8,1.0572577968407802e-6
TRBV6-7,1.0572577968407802e-6
TRBV6-6,1.0572577968407802e-6
TRBV6-5,1.0572577968407804e-6
TRBV6-4,1.0572577968407804e-6
TRBV6-3,1.0572577968407804e-6
TRBV6-1,1.0572577968407804e-6
TRBV5-8,1.0572577968407804e-6
TRBV5-7,1.0572577968407804e-6
TRBV5-6,1.0572577968407804e-6
TRBV5-5,1.0572577968407804e-6
TRBV5-4,1.0572577968407804e-6
TRBV5-3,1.0572577968407804e-6
TRBV5-1,1.0572577968407804e-6
TRBV4-3,1.0572577968407804e-6
TRBV4-2,1.0572577968407804e-6
TRBV4-1,1.0572577968407804e-6
TRBV3-1,1.0572577968407804e-6
TRBV2,1.0572577968407804e-6
TRBJ2-7,9.470766123631753e-7
TRBJ2-6,9.470766123631753e-7
TRBJ2-5,9.470766123631753e-7
TRBJ2-4,9.470766123631753e-7
TRBJ2-3,9.470766123631753e-7
TRBJ2-2,9.470766123631753e-7
TRBJ2-1,9.470766123631753e-7
TRBJ1-6,9.470766123631753e-7
TRBJ1-5,9.470766123631753e-7
TRBJ1-4,9.470766123631753e-7
TRBJ1-3,9.470766123631753e-7
TRBJ1-2,9.470766123631753e-7
TRBJ1-1,9.470766123631753e-7
TRBD1,9.470766123631753e-7
TRAV41,9.470766123631753e-7
TRAV40,9.470766123631753e-7
TRAV39,1.156181755647157e-6
TRAV38-2DV8,1.228651267941057e-6
TRAV38-1,1.228651267941057e-6
TRAV36DV7,1.156181755647157e-6
TRAV35,1.156181755647157e-6
TRAV34,1.156181755647157e-6
TRAV30,1.156181755647157e-6
TRAV29DV5,3.7492181225941846e-6
TRAV27,5.804206384463345e-6
TRAV26-2,1.156181755647157e-6
TRAV26-1,1.156181755647157e-6
TRAV25,1.156181755647157e-6
TRAV24,1.156181755647157e-6
TRAV23DV6,2.530645810181921e-6
TRAV22,9.470766123631753e-7
TRAV21,1.156181755647157e-6
TRAV20,1.156181755647157e-6
TRAV19,4.0307927781720666e-6
TRAV18,9.470766123631753e-7
TRAV17,1.156181755647157e-6
TRAV16,9.470766123631753e-7
TRAV14DV4,1.228651267941057e-6
TRAV13-2,1.156181755647157e-6
TRAV13-1,1.156181755647157e-6
TRAV12-3,2.530645810181921e-6
TRAV12-2,2.530645810181921e-6
TRAV12-1,2.530645810181921e-6
TRAV10,1.156181755647157e-6
TRAV9-2,9.470766123631753e-7
TRAV9-1,9.470766123631753e-7
TRAV8-6,9.470766123631753e-7
TRAV8-4,3.7492181225941846e-6
TRAV8-3,9.470766123631753e-7
TRAV8-2,9.470766123631753e-7
TRAV8-1,9.470766123631753e-7
TRAV7,1.156181755647157e-6
TRAV5,1.156181755647157e-6
TRAV4,1.156181755647157e-6
TRAV3,9.470766123631753e-7
TRAV2,1.228651267941057e-6
TRAV1-2,1.156181755647157e-6
TRAV1-1,1.156181755647157e-6
TRAJ42,2.685372216918112e-7
TRAJ31,2.685372216918112e-7
TRAJ3,9.470766123631753e-7
IGLV11-55,5.74429760660052e-7
IGLV10-54,5.74429760660052e-7
IGLV9-49,5.74429760660052e-7
IGLV8-61,5.74429760660052e-7
IGLV7-46,5.74429760660052e-7
IGLV7-43,8.931078258903886e-7
IGLV6-57,9.043074543852719e-7
IGLV5-52,5.74429760660052e-7
IGLV5-48,5.74429760660052e-7
IGLV5-45,5.74429760660052e-7
IGLV5-39,5.74429760660052e-7
IGLV5-37,5.74429760660052e-7
IGLV4-69,5.74429760660052e-7
IGLV4-60,5.74429760660052e-7
IGLV4-3,5.74429760660052e-7
IGLV3-32,5.74429760660052e-7
IGLV3-27,8.931078258903886e-7
IGLV3-25,1.2430692207208523e-6
IGLV3-22,5.74429760660052e-7
IGLV3-21,1.373528186221043e-6
IGLV3-19,1.0399585744126785e-6
IGLV3-16,5.74429760660052e-7
IGLV3-12,5.74429760660052e-7
IGLV3-10,5.74429760660052e-7
IGLV3-9,5.74429760660052e-7
IGLV3-1,8.931078258903886e-7
IGLV2-33,5.74429760660052e-7
IGLV2-23,8.931078258903886e-7
IGLV2-18,5.74429760660052e-7
IGLV2-14,1.0399585744126785e-6
IGLV2-11,8.931078258903886e-7
IGLV2-8,8.931078258903886e-7
IGLV1-51,1.0399585744126785e-6
IGLV1-50,5.74429760660052e-7
IGLV1-47,1.2430692207208523e-6
IGLV1-44,8.931078258903886e-7
IGLV1-40,8.931078258903886e-7
IGLV1-36,5.74429760660052e-7
IGLJ1,5.74429760660052e-7
IGLC7,3.284392988536638e-5
IGKV6D-41,5.74429760660052e-7
IGKV6D-21,5.74429760660052e-7
IGKV3D-20,5.74429760660052e-7
IGKV3D-15,5.74429760660052e-7
IGKV3D-11,5.74429760660052e-7
IGKV3D-7,5.74429760660052e-7
IGKV2D-30,5.74429760660052e-7
IGKV2D-29,5.74429760660052e-7
IGKV2D-28,1.373528186221043e-6
IGKV2D-26,5.74429760660052e-7
IGKV2D-24,5.74429760660052e-7
IGKV1D-43,5.74429760660052e-7
IGKV1D-42,5.74429760660052e-7
IGKV1D-39,8.931078258903886e-7
IGKV1D-37,5.74429760660052e-7
IGKV1D-33,1.373528186221043e-6
IGKV1D-17,5.74429760660052e-7
IGKV1D-13,5.74429760660052e-7
IGKV1D-12,1.373528186221043e-6
IGKV1D-8,5.74429760660052e-7
IGKV6-21,5.74429760660052e-7
IGKV5-2,8.931078258903886e-7
IGKV4-1,1.2430692207208523e-6
IGKV3-20,9.291651001302388e-5
IGKV3-15,1.2430692207208523e-6
IGKV3-7,5.74429760660052e-7
IGKV2-40,5.74429760660052e-7
IGKV2-30,1.373528186221043e-6
IGKV2-29,5.74429760660052e-7
IGKV2-28,5.74429760660052e-7
IGKV2-24,5.74429760660052e-7
IGKV1-39,1.373528186221043e-6
IGKV1-37,5.74429760660052e-7
IGKV1-27,5.74429760660052e-7
IGKV1-17,1.373528186221043e-6
IGKV1-16,8.931078258903886e-7
IGKV1-13,5.74429760660052e-7
IGKV1-12,5.74429760660052e-7
IGKV1-9,5.74429760660052e-7
IGKV1-8,5.74429760660052e-7
IGKV1-6,5.74429760660052e-7
IGKJ1,5.74429760660052e-7
C1RL,7.792100867080855e-6
LIME1,1.8630278820566203e-5
OTUB1,2.6500708574870308e-5
IGHV7-4-1,1.7826343593942893e-6
IGHV3-30-3,1.7826343593942893e-6
MYO1G,1.2033472776176535e-4
ERAP2,1.7977963180695525e-5
LILRA6,7.61777064215794e-6
FCRL4,7.803873912490931e-7
FCAMR,4.899027297542735e-7
IGHV3-30-5,1.7826343593942893e-6
SIGLEC10,1.788730220352241e-5
KLHL6,8.668025987853905e-6
FCRLB,2.1950115823705816e-6
BTLA,8.061778105319066e-7
CLEC4C,8.117216831297379e-6
MPEG1,4.671995781816129e-5
SCART1,1.785932558605775e-6
IGLL5,5.595084091942715e-6
IGHV2-70D,1.7826343593942893e-6
IGHV1-69D,1.7826343593942893e-6
IGHV3-64D,1.7826343593942893e-6
IGHV3-43D,1.7826343593942893e-6
GP2,1.5757273495601686e-4
RAB17,7.958230019887362e-5
IFNLR1,4.1135222162371655e-5
IFNL2,1.83862942794753e-5
CFB,8.15137755947103e-6
CFD,8.533209595882879e-6
EVPL,3.8045721127131566e-5
IL13RA1,5.388908548362741e-5
CFP,4.97910374485115e-5
PLD2,2.748923871821544e-5
CFHR4,1.0716780971270272e-5
CFHR3,1.0601918747334268e-5
CYBC1,1.6962349221483997e-5
MIR520E,5.621489566181121e-5
SFTPA1,1.246932081911246e-5
BLK,1.5966962215763196e-5
CD72,1.127151272388378e-5
FPR1,4.2881138335864836e-5
FPR3,2.0263753560177683e-5
FYB1,3.0975279887052874e-6
GPR32,1.9952561988017146e-5
GPR32P1,1.9952561988017146e-5
GPR33,9.570530033569306e-6
KCNN4,1.3578158626147634e-4
IKBKG,4.963023818914054e-5
LPXN,1.692848096777311e-5
PHPT1,2.5553930840005923e-4
TMIGD3,1.3978005373045967e-5
PVRIG,6.8303507249256455e-6
SPPL3,3.4969444597078584e-5
CD300LB,9.67889652691239e-7
GCSAML,6.712926641968399e-6
ITPRIPL1,6.84708596231855e-6
FYB2,4.566510939103522e-6
GCSAM,1.713763882971799e-5
CD300LD,9.436430262880353e-7
F12,1.4393257660722572e-4
KLKB1,1.1094349934099746e-4
ALAS1,1.343052314650443e-4
DNASE2,4.789460183230577e-5
FECH,2.1686402422980768e-4
IREB2,8.559898739840917e-5
RHAG,1.450485099727846e-4
SLC1A5,1.136611883190225e-4
SLC4A1,1.6730934362393227e-4
ZNF16,1.1256116391891666e-4
DYRK3,5.1672950242300844e-5
PTBP3,8.974662885407941e-6
TRIM10,5.694369638741325e-6
KLF1,1.0637041362565804e-5
RCOR1,1.3899871450022211e-5
NEMP1,4.891706620575862e-5
ABCB10,1.2444365548655898e-4
BRD1,7.000104718017583e-5
AHSP,1.467434001325374e-5
TMEM14C,2.6354330012440293e-5
KLF13,1.1378127934988506e-5
P4HTM,4.7432028996813864e-5
SLC25A38,7.394065794666003e-5
HEATR3,8.820327149586611e-6
SLC25A40,5.261620431862219e-5
SMAP1,1.1879901661260794e-5
L3MBTL3,3.805606822162501e-5
CDIN1,1.6954132035884315e-6
FAM210B,1.2446581855628561e-5
ANKRD54,6.596938678091295e-6
HSCB,3.0171632942900423e-5
TSPO2,1.1727675742708253e-4
RHEX,4.488655392897672e-5
MIR486-1,3.627945581996193e-5
DAPK1,1.5481188492491886e-4
DLEC1,8.106023688343133e-6
RBMS3,1.6059009551690347e-5
A1BG,3.834675980143896e-6
ADD2,3.4033026559394994e-5
ADSS2,8.171904118852245e-5
APCS,1.2697053447298864e-4
AQP4,4.2252019591650684e-5
TRIM23,5.5976402383753136e-6
ASGR1,3.555966134801489e-5
ASGR2,3.7492156937437146e-5
ADGRE5,2.235586504889629e-6
CEACAM3,2.3226310390719237e-6
CEACAM7,1.3565175352044477e-6
CEACAM8,6.2369434629710215e-6
CEACAM4,1.3807526886967493e-6
CCR8,1.497636164150086e-5
ACKR2,1.8504421073048273e-5
LTB4R,5.137502699606121e-5
CNN2,2.4140456757269e-5
CRHR1,2.0198471644646929e-4
CSF3R,5.783907094807968e-5
CTSE,1.2952631914717942e-5
CTSV,1.2192761934853587e-5
CTSW,8.207828254010171e-6
CYP11B1,1.1887445519994953e-4
DMBT1,8.887232461362596e-5
EPRS1,1.419116129445482e-4
EVI2B,8.789608007235119e-5
MS4A2,3.78442529777481e-5
FCGRT,7.551092390296114e-5
FOXL1,8.60124825367658e-5
FUT4,1.1559112628154502e-4
GGT3P,6.269703529624004e-5
CCR10,1.4255787965965075e-5
XCR1,1.8941676880563776e-5
GPR17,1.387010275861821e-5
IDE,7.696328899827677e-5
IFIT2,4.848266740612752e-6
IFIT1,1.1144019435444793e-4
IFIT3,2.1812798556408525e-6
IFNAR2,1.1876469041368423e-4
IGSF1,4.5964497407358705e-5
CXCR1,1.313717893921095e-4
IL10RB,6.962341220120289e-5
ITGA6,1.2386061845845906e-4
IRF6,1.5432699391269448e-5
ISG20,7.456472983190417e-5
ITGA9,5.46850799328581e-5
ITGAD,6.022928396768163e-6
KIR2DL1,2.646223595753278e-5
KIR2DL2,5.245541197044983e-7
KIR2DL3,8.939675605408629e-7
KIR2DS1,6.302058447894218e-7
KIR2DS3,1.4405785480225162e-6
KIR2DS4,7.738077101526934e-6
KIR2DS5,5.534113035613564e-5
KIR3DL2,8.705614095371895e-6
LAIR2,5.38005066140664e-7
LGALS4,4.519463743398253e-5
IRAG2,7.886700396710773e-6
LY6E,2.3912444277593255e-5
LY75,1.2115157539647733e-6
CD99,3.102719064832246e-5
MMP7,1.4676971822325346e-4
MPP1,3.378521868779351e-5
MX1,2.7748732492678166e-5
MX2,2.1919306168800275e-5
MYO1C,7.784628187394844e-5
NCF2,3.123406117073432e-5
OLR1,1.1016063431828508e-5
REG3A,2.0937126155874013e-4
PI3,1.3394685105020178e-5
PRSS3,5.5735801884505826e-6
PRTN3,3.782989749847738e-5
PSMA1,1.7090992630742245e-5
PSMB4,1.5786063195192898e-5
PSMB8,2.9728168111116062e-5
PSMB9,2.735813926755904e-5
PTMS,1.5649976614032624e-6
RAB4A,3.4031523770129915e-5
RAB5B,1.6255977206283618e-5
RAB6A,1.0665754830969397e-4
REG1A,8.49365166142345e-6
REG1B,7.701050207826432e-6
RFX1,1.2250514902127954e-6
RGS1,1.598668117619921e-5
RNASE4,2.5653386173323574e-5
RNASE6,5.317955940088945e-6
CCL3L1,8.014149087166994e-6
CCL4,6.913764000388131e-5
CCL14,8.926370137590537e-6
CCL15,1.1357399455162486e-5
CCL16,1.5197164018429896e-5
CCL23,1.932969031708913e-5
SELL,2.1758113610522957e-5
ST6GAL1,8.292876403706224e-5
ST3GAL4,1.0617666224859371e-4
SPRR2A,9.248243187310391e-6
SRP54,6.445572539627285e-5
RO60,1.9682182172081865e-5
STK10,2.4321452884020192e-5
XCL2,8.076897602613754e-6
TAPBP,2.796821669007109e-4
TCF12,2.091251545409924e-5
TNFAIP1,1.4047796011287971e-5
TTC4,4.154546099922092e-6
TYR,1.7593505259669808e-4
UBA7,6.464539986115382e-5
VPREB1,5.813459888315954e-7
XG,3.064750730355866e-5
ZYX,9.287607053507247e-6
BRPF1,3.368174933164971e-5
PLA2G7,1.5051529469609776e-4
KAT6A,6.989792980491061e-5
AKAP1,5.4147241934053036e-6
MADCAM1,2.6585794048727426e-5
H4C9,2.3016739508385685e-5
H4C1,2.3016739508385685e-5
H4C4,2.3016739508385685e-5
H4C6,2.3016739508385685e-5
H4C12,2.3016739508385685e-5
H4C11,2.3016739508385685e-5
H4C3,2.3016739508385685e-5
H4C8,2.3016739508385685e-5
H4C2,2.3016739508385685e-5
H4C5,2.3016739508385685e-5
H4C13,2.3016739508385685e-5
H4C14,2.3016739508385685e-5
GPR65,1.3314277350510192e-5
TMEFF1,1.0360291860238806e-5
RNASET2,5.766250950694773e-5
CTSF,1.0483303204552021e-5
SNX3,9.635956681602813e-5
CD164,3.1130025095431334e-6
TSC22D1,2.5560776164664264e-5
ENDOU,1.387952853159445e-5
KYNU,2.4744333222855497e-4
CH25H,2.1644276172207434e-4
CCRL2,1.6277854863154213e-5
PSTPIP1,9.754733239845968e-6
USP14,3.52944200807899e-5
PNMA1,1.4866601354473387e-6
CD101,7.652650459491344e-6
CHST2,3.753046097834384e-5
MED23,4.875331374256609e-5
STX8,2.9398850270309956e-5
APOBEC3B,6.387715054190986e-5
RUBCN,3.498063088302466e-5
TBKBP1,4.241453554298708e-6
TRIM14,1.2533057416290035e-5
G3BP2,2.0855079225751555e-5
OXSR1,9.098397963141205e-5
CHST4,4.76191960442629e-5
CNIH1,3.8712895192641035e-6
TRIM13,3.460236432719131e-5
PRG4,7.712511116250494e-6
KLRG1,1.9580287392815545e-6
CALCOCO2,2.1510744025694522e-5
IGSF6,4.4467782503275686e-7
CRISP3,3.721572244059108e-6
IRF9,1.8372728793995438e-5
WFDC2,5.606522939826946e-6
IFITM3,2.240806701212381e-5
IFI30,2.4620054278485215e-5
IFI44,5.707521879333003e-7
IFITM2,1.694073969421612e-5
CXCR6,2.1716098902098097e-5
CNPY3,8.653162061851152e-7
RFPL3,1.4728323193800022e-6
RFPL2,1.4616326908851186e-6
USP20,1.1982027047119539e-5
CD300C,2.113034053222381e-6
LYVE1,1.9075325821817978e-5
TRAFD1,2.583756578005261e-6
SERINC3,6.199709358385552e-5
IFI44L,6.857487738794742e-7
RAB32,1.0021964950341776e-4
TMED1,4.0662489883476464e-06
MID2,2.406872823313957e-5
ENDOD1,1.5204320574967222e-6
N4BP3,1.1142108507997084e-6
LRCH1,2.1478601564934232e-5
PIP5K1C,3.7491541077112643e-5
KAT6B,6.591846075806853e-5
ATP6V0A2,4.92747668307942e-5
PADI4,1.2586209608820396e-4
DAPK2,1.9832888895924216e-4
IFIT5,2.1013341900491043e-5
PPP1R14B,6.6673015294927e-6
BRPF3,3.260547219239344e-5
CRCP,9.232154616584994e-5
ADAMDEC1,2.036053552401426e-6
APOBEC3C,1.2921346088763823e-4
TMEM176B,1.4009945230894255e-5
VPREB3,5.813459888315954e-7
MYL11,1.5025536257570375e-5
GPR171,2.841521318129625e-5
IL19,1.6735388499701432e-5
CD207,8.050932048979291e-6
PODXL2,4.324562723807758e-6
TRIM17,3.24911435562909e-6
SAR1B,8.05009528137992e-5
CKLF,9.540555929346012e-6
MARCHF2,4.0349546298329025e-5
ACKR4,1.726963432281122e-5
NUB1,6.32076173187938e-6
POLR3K,1.3722754213742087e-5
MSRB1,4.3535440547373696e-5
RAB8B,7.837214938291838e-5
TRIM34,2.904876480386386e-6
SIAE,1.1506080432070491e-4
SAMD9,5.4148020704083464e-6
BSPRY,2.866866124035737e-6
MFSD6,1.0125675731543232e-5
DPP8,7.681711370346135e-6
ANKHD1,6.032870283661308e-7
DUS2,1.0105382543765186e-4
TAPBPL,1.3040396681805136e-4
TRIM68,1.2889539021989163e-5
ZDHHC4,1.0437434481070849e-5
TMEM33,5.273589967023609e-5
WDR41,7.609709718959063e-6
SHFL,1.13875596020388e-4
TMEM176A,1.353519742098539e-5
POLR3E,5.1795412329495635e-6
BARX1,5.501408107548249e-6
TRIM49,1.7373855068901503e-6
PITHD1,8.067277124693732e-5
CYSLTR2,5.0586185054724724e-5
CAMK1D,3.534094636973944e-5
KIR2DL5A,4.730415541775546e-7
SENP7,3.406656028050997e-5
MTUS1,8.707007197908024e-6
FAM3A,5.1331719531577875e-5
GOLPH3,1.2488667721435938e-4
IL25,6.44682519008901e-5
SLC26A6,4.759547955061158e-4
TRIM48,1.5884117084799469e-6
MMP28,2.7033439465989377e-5
TMEM43,4.780307431266074e-6
FCRL2,1.8307653906562643e-6
AKIRIN1,1.0454760525311212e-4
RHBDF2,1.3377952221546387e-5
CCDC92,2.4524719363459122e-6
HSD3B7,7.656297935582402e-5
RNF39,1.3198702237774887e-6
DEFB126,2.4559065354136076e-6
TRIM7,2.929440817336343e-6
CD99L2,6.27830873932697e-5
TMEM120A,3.135967863688375e-5
PRXL2A,5.220635710765528e-6
HVCN1,8.269014171101172e-5
USP38,2.6182406651157366e-5
TRIM63,9.245972903664264e-5
TRIM51,1.565385276427088e-6
FCRLA,7.487378808553578e-7
TRIM52,5.394277007554447e-6
NUDCD1,3.360153458727367e-7
UBL7,2.4543621121502018e-6
GALP,3.037964854243197e-5
TRIM4,1.9443967755607174e-6
KIR3DX1,5.055591441766993e-7
PKHD1L1,1.0966748694386342e-4
NEURL3,8.445190626881908e-6
VPS26B,4.600515400291457e-5
KIR3DL3,5.245541197044983e-7
RAB3C,1.072043335644483e-5
TM4SF19,8.09360666312208e-6
LEAP2,2.774883012108756e-6
TRIM64,1.565385276427088e-6
TMEM45B,1.4723048497750508e-6
TRIM51G,1.565385276427088e-6
H4C16,2.3016739508385685e-5
ADSS1,7.983337842666227e-5
RNASE8,2.8547122323186898e-5
OSCAR,6.325024240754261e-6
WFDC12,3.649762901122722e-6
CST9LP1,3.584173434722664e-6
CST9L,3.6110867581866946e-6
CST9,3.584173434722664e-6
TRIM43,1.8047423451076632e-6
TMEM178A,8.841017356240921e-6
LRRC15,4.0396086448533124e-5
GPR151,1.6482465197892227e-5
IRAK1BP1,1.707486076579404e-6
SDHAF4,2.3928992756925466e-5
TRIM50,1.4596962392806373e-6
APOBEC3D,5.990052954630632e-5
DEFB104A,1.7011043137506446e-5
WFDC3,3.649762901122722e-6
TRIM69,6.534260336467551e-6
WFDC10A,3.6228495776586914e-6
DEFB127,1.984992323399512e-6
CD300LG,4.3797955241794366e-6
NLRP4,3.025140163943762e-6
WFDC5,3.649762901122722e-6
TAFA4,1.464969259201428e-5
RDUR,4.474924632706221e-7
MOSPD2,5.599693873028653e-5
WFDC13,3.649762901122722e-6
APOBEC3H,7.399354057856673e-5
CLEC4F,1.9471833782854647e-6
TRIM60,5.7177788648475394e-5
IDO2,1.1942178022625204e-4
POLR3H,2.003340132923734e-5
PIANP,1.6507372587364837e-5
APOBEC3A,6.995553981345333e-5
TRIML2,2.340319051423773e-6
HEPACAM,1.0876045332831495e-5
DEFB105A,7.112081338307317e-7
DEFB106A,2.146276427735822e-5
DEFB107A,6.015762596237291e-7
DEFB108B,7.627206993576755e-7
DEFB110,9.826812268647758e-6
DEFB112,7.627206993576755e-7
DEFB113,7.112081338307317e-7
DEFB115,1.2097687516587217e-6
DEFB116,7.112081338307317e-7
DEFB119,6.251371343735589e-6
DEFB121,1.2097687516587217e-6
DEFB123,1.1582561861317779e-6
DEFB125,1.1582561861317779e-6
BPIFC,1.9147272457424876e-6
H2BC1,2.1917760377441736e-5
SERINC5,5.612187037589436e-5
WFDC11,3.6228495776586914e-6
WFDC9,3.649762901122722e-6
WFDC10B,3.649762901122722e-6
IFNL3,1.9732383366799765e-5
TRIM49B,1.565385276427088e-6
TMEM102,3.675484338123161e-5
VSTM1,1.1262154132268223e-6
TRIM59,6.278068853090275e-6
TRIML1,1.648040688615046e-6
CD300E,1.1870532543602267e-6
RFPL4A,1.4728323193800022e-6
FCRL6,1.0547458139209215e-5
KAAG1,7.922280459913306e-8
BPIFB3,6.346778553404092e-7
NRROS,6.187047827739492e-5
TRIM73,1.4242499843825503e-6
TRIM74,1.4354496128774334e-6
IL31,1.0694782639992548e-6
VSTM5,2.614883954982493e-5
CCL4L1,1.3343704339673829e-5
CLEC17A,1.0398919063560326e-5
TRIM77,1.565385276427088e-6
TRIM61,1.565385276427088e-6
EEIG1,6.914739308753622e-6
TRIM49D1,1.565385276427088e-6
DEFB133,9.826812268647758e-6
CCL3L3,8.014149087166994e-6
RFPL4B,1.4616326908851186e-6
COA5,9.655248927742788e-6
DEFB107B,6.015762596237291e-7
DEFB104B,1.7011043137506446e-5
DEFB108A,7.112081338307317e-7
DEFB106B,2.146276427735822e-5
DEFB105B,7.112081338307317e-7
KIR2DL5B,4.730415541775546e-7
H4C15,2.3016739508385685e-5
DEFB135,1.1582561861317779e-6
DEFB134,7.112081338307317e-7
TRIM64B,1.565385276427088e-6
TRIM49C,1.5765849049219712e-6
TRIM64C,1.565385276427088e-6
ZDHHC11B,9.909477550647651e-6
TRIM43B,1.565385276427088e-6
MSMP,1.4611114038482179e-5
GGT2P,3.2635263144932204e-5
TRIM49D2,1.565385276427088e-6
RFPL4AL1,1.4616326908851186e-6
MIR758,1.7525759114872913e-5
DEFB131B,7.27599916852831e-7
CD300H,3.978834855670971e-6
MIR302E,2.357381015962097e-5
IFNL4,1.8336521292799683e-5
GLO1,6.399927839542895e-5
LBR,6.691974490778742e-5
PIR,5.565595312963823e-5
THOC5,3.438584929352351e-5
FARP2,1.8232754279589706e-5
TSPAN2,2.263700929826407e-5
OSTM1,1.0631823815718895e-5
TET2,4.7154810764771986e-5
ARID3C,2.6909705620119803e-6
GAB3,1.99777649073461e-6
IGSF23,1.0986469157910961e-6
ALOX5AP,1.265137824301769e-4
F8,1.954206972053866e-5
ITIH4,1.3460379752640453e-5
SERPINA1,9.822263045898879e-6
SAA2,7.470994485419596e-6
SAA4,7.470994485419596e-6
OSMR,6.744987663158194e-5
CD163,5.93084342136327e-6
APOL2,1.2551348842476512e-5
IL22,2.8387089350131695e-5
CREB3L3,7.126346069049329e-6
C2CD4A,2.1855952279769308e-5
MRGPRX1,2.616258719222594e-5
C2CD4B,2.1738167746819352e-5
CAMK2G,3.272346819801187e-5
CHRM3,7.863784052150083e-5
CPE,4.1905670830542096e-5
GHRH,2.2714028979911526e-4
GHRHR,1.2488076198979777e-4
GLUD1,1.677436637902411e-4
GNAO1,1.2543559416025997e-4
GNAZ,6.804116386149652e-5
NNAT,2.0221179068684538e-5
PFKFB2,8.370120038516392e-5
PFKL,1.0847952947292503e-4
PSMD9,4.607979678786105e-5
SLC16A2,4.05335842721863e-5
EIPR1,6.731606576195264e-5
DOC2B,5.8748020791170435e-5
RPH3AL,4.431770329638645e-5
CPLX1,1.3259083109740574e-4
CAPN10,5.36116377339431e-5
MYRIP,1.16574497398214e-5
PCLO,1.1022771334772563e-4
CYB5R4,3.886630908081718e-5
TM7SF3,9.201088093986015e-6
FAM3B,3.5012420967503122e-6
G6PC2,5.1187350712177015e-5
AACS,7.560026828234257e-5
SLC25A22,6.426570529205555e-5
CWH43,2.8843046653607486e-5
ECRG4,1.9435129668261223e-4
MIDN,5.856160530520972e-5
SLC16A10,1.704007455558601e-4
FAM3D,1.1435408034587595e-5
GPR119,6.335464199771396e-6
EXOC3L1,1.6420002916677176e-5
MAFA,4.753142275686429e-6
CPLX3,4.007662636602867e-5
ELMOD2,2.2032064554227767e-6
RCAN1,3.9651834210037965e-5
FAIM2,3.430987998436212e-5
MLYCD,1.0183629597926634e-4
GRHL1,1.2186249608268138e-5
SAAL1,3.209099100276785e-5
DUS4L,1.3734049868106162e-4
DUS3L,1.3792987080480884e-4
DUS1L,1.3751900330708226e-4
TPRKB,2.3864969808096192e-5
OSGEP,4.8147692754664944e-5
OSGEPL1,3.8380439785233474e-5
YRDC,6.672696326068557e-5
GON7,2.382195373907797e-5
LMX1B,3.4581287881007395e-6
OTX1,2.7161845620830225e-5
PSKH1,8.852468595659846e-6
LEFTY2,7.249626104545877e-6
TLL2,4.0766356930849056e-5
WNT8B,1.5734661166129314e-5
TSHZ1,1.6924733793122998e-5
MTF2,1.538189265655823e-5
NOMO1,5.408081339971882e-5
GPR161,1.1814928327360338e-4
ALG5,7.572753227671541e-5
DYNC2LI1,2.6762887303621256e-5
NCLN,5.754060370622422e-5
HES4,1.7030632524019052e-6
GALNT11,5.621928370290181e-5
GREM2,6.768008633852253e-5
TTC21B,1.3257606725385074e-4
PGAP1,8.987680584184066e-5
ARL6,2.4906567722769314e-5
DISP1,6.746424824037023e-5
CIMAP3,1.7026011952726165e-5
PKD1L1,2.8616287735545844e-5
DZIP1L,3.469213657936096e-5
DAND5,1.3000860337352078e-4
SP8,5.433079093472359e-6
NEK8,2.769757243402733e-5
HES3,2.1561557999082887e-6
NOMO3,5.408081339971882e-5
CIROP,9.812067672004578e-6
ACRV1,1.120088198088366e-6
CCIN,2.920821357919484e-5
CYLC2,2.6954426022352046e-5
CYP17A1,7.407053745752707e-5
DAZ1,1.429177803550878e-5
DAZL,1.4561676770024744e-5
DHCR24,1.401375965970708e-4
DIAPH2,4.347855299311492e-6
DLD,1.7874715363972628e-4
SLC26A3,6.205003476495332e-5
PHC2,7.429191896097769e-6
ADAM2,1.5245202742655506e-5
FUT6,8.47497275230552e-5
GALNT3,2.3108099925607678e-5
GAMT,8.975635342616104e-5
HSD17B3,4.043623537513999e-5
HSF2,1.242723055620324e-5
IDH1,1.1044962226416859e-4
INSRR,1.0983418703383192e-4
KRT9,4.685087176866052e-6
LHB,3.521538784627642e-5
MAS1,7.340259742611835e-5
MEA1,2.485807819883391e-6
NUDT1,3.3903861117784114e-4
NHLH2,4.060578529070269e-5
OCA2,7.113927901094392e-5
ODF1,1.1796200836240357e-5
CLDN11,1.3913869976765212e-5
PAFAH1B2,4.024720654143123e-5
PAFAH1B3,3.6723098343496596e-5
SERPINA5,5.342506110714187e-4
PGAM2,6.989806399036982e-5
PGM3,9.221810078885363e-5
PRKACG,3.9070941359113656e-5
PRM1,8.177053211770595e-6
PRM2,1.4953526742741512e-5
RAD23B,3.9424308372066246e-5
SBF1,5.8122621134276385e-6
SPAG4,2.102125996584776e-5
SRY,3.11177625148982e-5
SSTR1,3.759969237347995e-5
SSTR2,4.6404070645783214e-5
SSTR3,4.9293943433987105e-5
TAF4B,1.6924794989239084e-5
TCP11,1.8502382096791995e-5
TIAL1,3.742235409817069e-5
TSPAN8,9.235212271080623e-6
TNP2,2.0775414484138618e-5
TSNAX,3.6604494852528885e-5
TSPY1,9.16719278478354e-6
ZNF35,2.895801008040047e-6
NCOA4,2.8573668277082407e-5
USP9Y,1.0033690375286188e-5
NME5,6.917497653447709e-5
UTF1,3.1949617699443676e-6
FKBP6,4.260271501809672e-5
EIF4G3,1.4502908076352163e-5
ADAM21,1.79739242279195e-5
ADAM20,1.7561886839491586e-5
ADAM18,7.1752657820929325e-6
HERC2,9.965223409614952e-6
CDKL2,5.211324385346385e-6
BPY2,1.7213922765748184e-5
CDY1,5.078397085506641e-5
FAM50A,1.5808516607142728e-6
PIWIL1,1.4009090970846987e-4
SELENOF,4.0398453116440055e-5
CDYL,1.5981701453952928e-4
CDY2A,4.899462778016126e-5
ADAMTS2,6.091311453319621e-6
GAL3ST1,7.121088631851189e-5
SAFB2,1.1344601267839893e-5
CEP57,8.488400966557167e-6
UTP14C,3.009544549961596e-6
MAMLD1,2.869906886380826e-6
BCAP31,6.394940780565297e-5
ADGRG2,1.8429598474802212e-6
LHFPL2,1.9751383600103733e-5
TESK2,7.154698536188413e-6
CRTAP,5.4063871709443175e-6
SLC19A2,1.3933950333467325e-4
ADAM28,4.372569655330427e-6
PRSS21,1.8393723012821565e-6
ABHD2,8.727294971376481e-5
ADAM30,1.7939433331421976e-5
ADAM29,1.7260633663216148e-5
RHOBTB3,6.831643663618683e-6
PSME4,3.899165189027548e-5
TSSK2,9.17828913250473e-6
NPAP1,1.124902069414564e-5
OSBP2,1.004682074814752e-5
GORASP2,3.869197476676882e-6
CHD5,5.559579651640233e-5
RAI14,3.827289553101358e-6
HERC4,5.151567275714513e-6
SPATA31A7,6.226887881809713e-7
CABYR,1.5621846223252968e-5
MYCBP,1.665553245565748e-6
VCX,2.4141555021362756e-6
OR7C1,1.8165121054477315e-6
AFF4,1.3597270608570717e-5
DDX25,1.8891462304542053e-5
SPANXA1,6.396822135959212e-7
PAIP2,1.0891717061311595e-5
SPMAP2,2.7946137001796934e-6
SFMBT1,7.472801166137353e-6
OAZ3,8.79221407266796e-5
SPA17,1.6348146348581288e-5
TAF7L,8.371473577805453e-6
SPATA6,1.1627733367904865e-5
PCSK4,1.5218521478066328e-5
ANKRD49,1.192175353188346e-6
PAQR5,2.039592118722213e-6
SOHLH2,3.4934951365111647e-6
CT55,1.8192503092357993e-6
ZSCAN2,1.4006176032665869e-6
SPATA6L,1.0084808812754202e-5
CCDC87,2.2828493805237757e-5
WDR33,8.981451586009282e-6
STRBP,8.892828110189665e-6
H2AJ,9.159229591195363e-6
TSNAXIP1,7.021853465398717e-7
RNF17,1.4444960271660362e-6
EIF5A2,4.223001541380093e-5
DAZ3,1.429177803550878e-5
DAZ2,1.4785590419025836e-5
PARP11,5.237351225568712e-5
DAZ4,1.429177803550878e-5
ZDBF2,4.848541537105945e-6
CATSPERG,8.52221764459694e-6
DMRTB1,1.417706918291851e-6
ELSPBP1,4.491006374879304e-6
HERPUD2,2.965734314928468e-6
GMCL1,1.7043437229245722e-6
GMCL2,3.848801175413471e-6
TSPY2,9.16719278478354e-6
SPATA20,7.726048283323836e-7
BOLL,1.4450644649447405e-5
ADGB,1.5968832196417775e-5
CATSPERB,8.52221764459694e-6
TSGA10,1.3154782498497313e-6
IQCN,1.3993438929591207e-6
TSSK3,9.33659497210121e-6
PCDH11Y,5.971638359645447e-6
PMFBP1,7.515827753544221e-6
SPATA9,5.957754647169407e-7
SPATA16,1.8309959085834078e-6
TSSK1B,8.717392746345262e-6
MYCBPAP,7.81311690227209e-6
USP42,3.694622726919636e-6
TXNDC2,2.4371901928437857e-5
SPATC1L,1.7624157027705406e-5
ZMYND15,3.995799349609826e-6
RHBDD1,4.977021794158628e-5
PAQR8,7.186878574887016e-6
RIMBP3,1.3318998223440432e-5
SSH2,2.049094322043686e-5
ZNF628,1.4707959202713703e-6
SPOCD1,3.0299549765884935e-5
CCDC34,2.1174878322954586e-6
CAPZA3,2.9774898058386445e-5
TMEM203,2.680270670957066e-6
AZIN2,2.977852554791732e-4
CIMAP1A,9.611865161090704e-6
TXNRD3,2.523094274630128e-5
SLC26A8,9.026149832856363e-5
RPL39L,3.331577794761447e-6
DACH2,2.435182555224401e-6
IFTAP,1.9131734208099937e-5
GTSF1,1.3167834070404504e-6
SPATA32,8.162571925104819e-7
CALR3,3.8103067414994275e-6
CCDC159,4.073009951664848e-6
AXDND1,6.12751112764633e-6
SPATA25,6.226887881809713e-7
DNAJC19,5.4145759956121006e-5
ADAD1,3.6207314748692456e-5
ZFP42,5.763892985088373e-6
MROH2B,4.929703959565952e-6
NOBOX,2.3451835366675983e-6
CTCFL,2.7313817788806617e-5
SUN5,2.419702641135561e-5
CNBD2,4.184586097310398e-6
SLC2A14,2.6405450772675126e-5
RNF151,8.405459570755246e-7
ODF4,6.226887881809713e-7
CREB3L4,3.349343942352497e-6
ADIG,6.23963428625482e-6
RIMBP3C,1.3318998223440432e-5
RNF38,4.032977207725698e-6
MGAT4D,6.374241376800907e-5
TDRP,6.288004718386188e-7
ADAD2,3.4590112619592545e-5
PAQR7,7.0783592891887984e-6
AFG2A,1.3756970057228645e-5
GALNTL5,2.188994202265892e-6
COX7B2,1.0408681917361158e-5
FAM9A,5.066199137032155e-6
FAM9B,5.055193281600677e-6
FAM9C,5.031305981966555e-6
GGN,1.3048219811189035e-6
FAM209A,2.1121505215002613e-6
SPATA24,2.493802157647044e-6
ADAM32,6.972358406751501e-6
ZNF449,1.755973824343685e-5
CDY2B,4.899462778016126e-5
PDILT,1.40579438849617e-5
TBATA,1.1894924055136925e-6
SPATA19,1.5143310168080619e-5
KDM1B,6.199916333015927e-5
PRPS1L1,7.730771571719807e-5
NKAPL,8.906560613412134e-7
CDY1B,5.078397085506641e-5
TXNDC8,1.2716532874323873e-6
DPY19L2,5.017993341261674e-6
REC114,8.715437319482231e-6
SPATA46,5.327873954399551e-6
ZFP41,1.4118172317614702e-6
SPATA31E1,5.711762226540276e-7
NLRP14,1.386546615584908e-6
PRSS42P,1.8395486155401876e-6
NANOS3,7.919637785224207e-6
FIGLA,6.924759048166337e-6
ZFP57,1.3539585562788369e-5
DPY19L2P2,5.017993341261674e-6
SLCO4C1,1.117156972708795e-5
DND1,2.556685890907143e-5
TOPAZ1,3.1141466250010875e-5
C3orf62,5.197788459924322e-7
FAM209B,1.9222139913008445e-6
SPATA31A6,5.711762226540276e-7
SPATA31D4,5.711762226540276e-7
SPATA31D3,5.711762226540276e-7
SPATA31D1,5.711762226540276e-7
NICOL1,1.152431314750349e-5
SOHLH1,3.370126097264883e-6
SPACDR,1.8090978605271063e-6
LHX8,1.2287005592699858e-5
RIMBP3B,1.3318998223440432e-5
PIWIL3,2.0309059893686925e-5
SPATA31C1,5.711762226540276e-7
BPY2B,1.7213922765748184e-5
BPY2C,1.7213922765748184e-5
GGNBP1,6.796955083522453e-7
WIPF3,1.1702749054471625e-5
SEBOX,2.0724881208415155e-6
SPATA31C2,5.711762226540276e-7
SPATA31A1,5.711762226540276e-7
SPATA31A3,5.711762226540276e-7
SPATA31A5,5.711762226540276e-7
TSPY9,9.16719278478354e-6
TSPY3,9.16719278478354e-6
TSPY4,9.16719278478354e-6
TSPY8,9.16719278478354e-6
SPANXB1,1.370539872747455e-6
SPANXA2,6.396822135959212e-7
MORN2,1.1771543968247737e-6
SPMIP7,4.682662804654885e-7
BSPH1,4.491006374879304e-6
TSPY10,9.16719278478354e-6
TCP11X1,1.7130226945952245e-5
TCP11X2,1.7130226945952245e-5
CCDC182,2.3393709011916757e-6
ACTC1,4.647227980115022e-5
ELN,3.593749227588717e-5
FZD2,5.3329612107441696e-5
MYBPC3,1.3087071315258416e-4
NPY1R,4.399808052210577e-5
NPY2R,3.254115654573681e-5
TNNI1,3.512219991331927e-5
TNNT2,9.243672936714972e-5
ADGRG6,2.0915638531561798e-5
SYNPO2L,1.6552268364010644e-5
MYLK2,6.16239524661995e-5
ADPRHL1,1.0250330394402364e-4
ALPK2,1.8820861481176352e-4
XIRP2,1.4522422228786472e-5
CCM2L,5.766290596399722e-7
ADAMTS19,4.149443319872787e-5
ACACB,3.2743187613690667e-4
ACO1,8.500198530899444e-5
ACTA1,6.568997358378054e-5
ADCY6,1.0769377283201361e-4
ADD3,2.5207304787256378e-5
ANXA6,1.6684323357856596e-5
AOC2,3.87412083607036e-5
AQP6,1.7431652472214344e-4
ARF4,6.119035875080627e-5
ASPH,1.5436448520502502e-4
ATP1A3,1.0568114566449221e-4
ATP2A1,4.528189136243982e-4
ATP2A3,1.0820445149513662e-4
ATP2B3,1.0399232743670803e-4
ALDH7A1,2.162311424364323e-4
BCHE,2.2550756656122551e-4
OPN1SW,3.127514375529687e-5
BDKRB2,1.772060280606064e-4
BRS3,5.760682715086652e-5
MYRF,2.8781435254938205e-5
CACNA1F,4.04803164908395e-5
CACNB1,2.7901990249489713e-5
CACNG1,2.309534451764077e-5
CALD1,2.203143544070372e-5
CBLN1,1.6129008445310526e-4
CBR3,9.50609287247629e-5
SCARB2,9.611493135050324e-5
CHM,6.197139425781442e-5
CHRM1,6.721765837510452e-5
CHRM2,6.236974072952482e-5
CHRNA2,4.696885200666189e-5
CHRNA5,4.240374256611638e-5
CHRNB3,3.809316769147994e-5
CHRND,4.043463943772213e-5
CHRNE,2.690989933331769e-5
CHRNG,2.621638110325287e-5
CKMT2,5.6260546166407476e-5
CLCN5,1.594069229586771e-5
CLCNKA,2.260264129118803e-5
CLCNKB,2.9574639719557673e-5
CLIC2,5.6813725331435816e-5
CLN5,1.0349449135892017e-4
ABCC2,1.748365613260319e-4
CNGA1,5.493137949964431e-5
CNGA2,6.15154796010649e-5
CNGA3,5.277577951357504e-5
CNGA4,6.126991729492017e-5
CNN1,7.735876358990094e-6
COPA,2.436437203296878e-5
CRX,1.0761743430491483e-5
CRYZ,2.929503629797462e-5
CYP8B1,1.2750542202407872e-4
DES,3.264104973978704e-5
CYB5R3,7.99311194004414e-5
DTNA,6.742297843482987e-6
EIF4EBP2,2.5236419851230385e-5
EMD,6.00763260050383e-5
EPB41,4.657214162787763e-5
EYA4,1.3309440268551719e-5
EYA3,1.3675877314650747e-5
F5,1.6889571079271397e-5
FABP2,2.8397438393643347e-5
FLI1,5.988297733732724e-6
AFF2,2.30457724687212e-5
GABRR2,2.9459115440959072e-5
GALR1,1.0296455135789007e-4
GCGR,3.4719641739042024e-5
GDF1,7.773999615782378e-6
GJA3,3.366270259941198e-5
GLP1R,1.1379013889057071e-4
GNAL,2.846858362975123e-5
GNB3,2.3017736555377677e-5
GNRHR,3.6652947895681585e-5
UTS2R,2.736637174437418e-5
GRIK5,7.153782801881297e-5
GRIN2B,9.970455884221136e-5
GRIN2C,7.045155361101507e-5
GRM7,1.2867388552986772e-4
GRM8,4.93322598561417e-5
GUCA1A,1.0290059247002539e-4
GUCA1B,4.1901803177199815e-5
GUCY1A1,4.671506168972134e-4
GUCY1B1,1.28327805795021e-4
GUCY2F,6.615928336998527e-5
GUCY2D,6.061184783042913e-5
HPS1,3.8368106535766594e-5
HRH1,3.3714972135136444e-5
HTR1D,4.157578123213668e-5
HTR3A,7.54910016635347e-5
HTR7,3.518406753270126e-5
IMPG1,2.195227214607608e-5
KCNJ12,1.4022352916857776e-5
KIFC3,4.2423184899022305e-5
KLK1,3.96889697348837e-6
KLK2,3.959232404674218e-6
LCN1,7.535250010628517e-6
ABLIM1,5.9064342453695e-6
LPA,1.1879431311731404e-5
MAN2B1,2.2898574120792045e-5
MGAT3,1.1645956664045888e-4
TRPM1,1.3783148315719705e-5
MPP2,9.095692733464525e-6
ABCC1,1.8240093582260112e-4
MYBPH,1.266129719649459e-5
MYH1,1.5169765744780586e-5
MYH2,1.936790422137363e-5
MYH3,3.735577676228554e-5
MYH4,2.226920549289156e-5
MYH8,3.432713643879305e-5
MYH11,8.266989491065471e-5
MYL1,1.5817752453497372e-5
MYL5,8.706232897160524e-6
MYL6,2.0789711287087545e-5
MYO1A,1.820827837426598e-5
MYO5B,1.8260810531786573e-5
MYO6,7.729533828363384e-5
MYO7B,2.9009012193795784e-5
NDUFB9,2.5034367111995027e-5
NPTX2,2.270733924927125e-6
ROR1,1.617902973990294e-5
GPR143,3.0435249661460065e-4
OAT,2.417148626408296e-4
OMP,1.7272555923334074e-6
OPRL1,1.2600645157732044e-4
OR1D2,2.2871307107742736e-6
OR1F1,1.3951248740957605e-6
OR2C1,2.0178996457103787e-6
OR3A1,1.3951248740957605e-6
OR3A2,1.3951248740957605e-6
P2RY2,9.869398568205475e-5
PAX3,6.28362468736304e-6
PDCL,5.18994446822668e-5
CDK18,1.1646475736034564e-5
PDC,1.3732949491547854e-5
PDE4A,4.111160412808651e-5
PDE6D,5.939107458564128e-6
PDE9A,5.74182162214209e-5
SLC26A4,5.773556893383552e-5
PDYN,2.6356243245222402e-5
ATP8B1,1.601880378998943e-4
SERPINB6,3.1433592585175234e-5
PLCB3,2.8427547252824248e-5
PNOC,3.313617195372823e-5
PON3,1.72084224431099e-4
POU3F4,1.7831217372871628e-5
PPEF1,1.2180580400164023e-5
PRKAR1B,6.963446924778327e-5
PRKAR2B,9.471271096993284e-5
PRKCG,1.0176829926674446e-4
TWF1,3.4966783486146936e-5
RABGGTA,5.793852958599333e-5
RABGGTB,5.793852958599333e-5
RASGRF1,1.94258563538351e-5
RCVRN,3.362923063861027e-5
RENBP,1.2814321057963679e-4
RGR,1.2216475706866166e-5
RGS16,4.011022362312538e-6
GRK1,4.563964651065293e-5
RP9,1.622816639444474e-5
RP2,1.367032663920658e-5
RPGR,8.571162224963024e-6
RYR3,7.500481629941682e-5
ACSM3,1.5893070183722373e-4
SCNN1A,8.301943347251904e-5
SCNN1D,7.510482885115248e-5
SCNN1G,7.972474674589541e-5
SFRP5,1.9652227557585907e-5
SGCA,4.954817287673766e-5
SGCG,2.186037170990886e-5
SLC2A3,9.357045808274108e-5
SLC2A5,1.316590543963548e-4
SMTN,2.675247092618205e-6
SLC5A3,2.4352895657499434e-4
SLC5A5,2.111213939261219e-4
SLC6A6,1.087387016007969e-4
SLC6A8,1.3245204792354187e-4
SLC6A9,2.2180813418819453e-4
SLC7A2,7.284132791134681e-5
SNTB1,7.232526891349332e-6
STAC,3.153681644554525e-5
ZNF354A,1.8544536171216077e-6
TIMP3,5.0754684627450186e-5
TNNC2,1.4797284565748351e-5
TNNI2,4.092427195243728e-5
TNNT1,8.011467208312055e-5
TNNT3,1.0120170461926393e-4
TPM2,2.1079752821139726e-5
TPM3,2.1088970114662442e-5
TRPC1,3.585723379582069e-5
TRPC3,6.813784402548331e-5
TULP2,1.7265295633283785e-6
UGCG,1.2039536970020829e-4
BEST1,8.488776777073923e-5
ZIC2,3.4400662597171565e-6
BSND,1.0367422272472281e-5
OR2H2,2.5761771027602065e-5
ZNF212,2.3621920634899278e-5
TUSC3,1.567488059058101e-5
GLRA3,1.0570500911421091e-4
SSPN,6.355647110279155e-6
OR1A1,1.3951248740957605e-6
OR1D5,1.3951248740957605e-6
OR1E1,1.3951248740957605e-6
OR1E2,1.3951248740957605e-6
OR1E3,1.3951248740957605e-6
OR1G1,1.3951248740957605e-6
OR1P1,1.3951248740957605e-6
OR3A3,1.3951248740957605e-6
EEA1,1.1990157702358865e-4
SOAT2,7.647553308427123e-5
SORBS2,1.8887995775129783e-5
GALR3,4.3616150720021015e-5
DDO,2.2206755419724173e-4
OR6A2,1.3951248740957605e-6
NPFF,8.424251086164599e-6
SLC4A4,5.760939816797899e-5
B4GALT2,5.277989433631986e-5
ABCC3,2.0627387673085277e-4
MYH13,1.2661253262483227e-5
GALR2,8.57774628425046e-5
SYNJ1,1.773481717625901e-4
SLC5A6,3.312921897820212e-4
HERC1,2.7137841783410678e-5
CHRNA6,4.350741865836331e-5
TAAR5,5.659489643997013e-5
P2RX6,3.277911077359284e-5
KCNQ4,8.94411486594616e-6
HTR3B,6.1030311274358736e-5
SLC24A1,4.089264260997728e-5
SLC16A7,1.1510696623673473e-4
TAAR3P,7.865578813270896e-6
SLC22A8,2.0643861109714013e-5
OTOF,8.68686262468975e-6
ECEL1,3.867241110101492e-6
ABCG2,1.3466797136004333e-4
GSTO1,2.618534829762224e-4
CABP1,2.1409690634833215e-5
CHST10,5.7595925703911136e-5
IGDCC3,1.4510629747122189e-6
GUCA1C,3.063691033412506e-5
KDM4A,1.1263821499543368e-4
DOCK4,4.932755789658907e-5
FIG4,8.537183795254201e-5
RNF10,7.470757174175435e-5
DOP1B,7.21227714798827e-6
DGCR2,7.207966580130228e-7
LPCAT3,2.4714984308778676e-4
NMUR1,5.639373574146079e-5
KLHL41,3.048225650723368e-5
CACNG3,6.259748505883134e-5
CACNG2,2.3534551524482576e-4
ATP8A1,1.0209366251991653e-4
CLDN16,3.7565682009876786e-5
RRH,1.2216475706866166e-5
OR5I1,1.845867252681162e-6
SMR3B,7.451911138642807e-6
C1QL1,6.334358638557933e-5
MMP24,2.002754719228975e-5
UTS2,3.29250051960121e-6
UGT2A1,4.393724172299761e-6
SLC38A3,5.290192140550041e-4
GTF2A1L,1.569522773984185e-5
TBC1D8,1.125689124222829e-6
PTP4A3,1.666274315094921e-5
AKAP11,1.4677917939333382e-5
PRR4,7.511823936805818e-7
POU6F2,1.7795420452311244e-6
SLCO2B1,4.6750161893775923e-5
NLGN4Y,3.630105906861021e-5
SHANK2,8.966454528540755e-5
SORCS3,1.3319105417893396e-5
CAMTA2,9.1883455478928e-6
CIC,4.457044350243997e-6
KATNIP,5.9320379595069495e-6
CAMTA1,1.3512034772837703e-5
PPIP5K2,8.80758970073437e-5
SYNM,7.536211040213809e-5
PHF24,1.6724424967302316e-5
CRTC1,6.027432777909109e-5
SLC7A8,1.359439649348334e-4
SLC44A1,8.192698704756075e-5
OR52A1,1.3951248740957605e-6
NTSR2,2.7300946976850498e-5
SMPX,1.924348695655945e-5
SLC24A2,3.9307872963272776e-5
LMOD1,3.5285572017862613e-5
TMEM87A,2.8522373919746287e-5
LRIG1,2.1429002686866518e-5
LRIT1,1.2507712113082938e-6
MTG2,1.4697527258392612e-5
OR1F2P,1.3951248740957605e-6
OR1C1,1.3951248740957605e-6
OR2F1,1.3951248740957605e-6
OR2B6,1.3951248740957605e-6
OR1J4,1.3951248740957605e-6
OR2M4,1.3951248740957605e-6
OR2L2,1.3951248740957605e-6
OR2K2,1.3951248740957605e-6
OR7A17,1.4220381975597912e-6
OR5L2,1.845867252681162e-6
OR5K1,1.845867252681162e-6
OR5H1,1.8570668811760454e-6
OR10J1,2.4171281760336355e-6
OR8G2P,1.845867252681162e-6
OR8B8,1.845867252681162e-6
OR8G1,1.845867252681162e-6
OR9A1P,1.3951248740957605e-6
OR10A3,1.3951248740957605e-6
OR10D3,1.3951248740957605e-6
CNNM4,2.0902710089733186e-5
TIMM13,2.054435203637949e-5
TIMM10,3.477003415387484e-5
TIMM9,3.1765804198097104e-5
TIMM8B,2.137506273020704e-5
OR12D2,1.845867252681162e-6
OR12D1,1.845867252681162e-6
OR11A1,1.3951248740957605e-6
OR10H3,1.3951248740957605e-6
OR10G3,1.3951248740957605e-6
OR10G2,1.3951248740957605e-6
OR10H2,1.3951248740957605e-6
OR10H1,1.3951248740957605e-6
OR8B2,1.845867252681162e-6
OR7E24,1.3951248740957605e-6
OR7C2,1.4220381975597912e-6
OR7A5,1.3951248740957605e-6
OR4F4,1.2701020052875777e-6
OR4F3,1.2970153287516085e-6
OR4E2,1.8955767806965395e-6
OR4E1,1.845867252681162e-6
OR4D1,1.3951248740957605e-6
OR2W1,1.3951248740957605e-6
OR2V1,1.3951248740957605e-6
OR2T1,1.3951248740957605e-6
OR2J2,1.3951248740957605e-6
OR2H1,1.3951248740957605e-6
OR1L3,1.4220381975597912e-6
OR1L1,1.3951248740957605e-6
OR1J2,1.3951248740957605e-6
SMR3A,7.305060390120517e-6
B3GAT1,3.137554671567167e-5
CACNG5,4.9223313342799074e-5
CACNG4,6.267441811579056e-5
HSPB7,8.316955363316582e-6
SNX5,1.5905323189846954e-4
BBS9,1.2950149243827682e-5
REM1,3.922101051147252e-5
TMPRSS11E,1.5540393108305232e-6
NOB1,9.04424933940689e-6
TMOD4,3.1473337306621465e-5
TMOD2,4.009018837868912e-5
NPC1L1,5.118603186627715e-5
GMPPA,4.7455316561828426e-5
OBP2B,3.577371114475466e-6
OBP2A,1.3886197492921593e-6
KCNIP1,3.88266254435724e-5
SLC45A2,2.2966739280272166e-4
MYO15A,9.939119194249212e-6
TACO1,2.2983906256320618e-5
REEP2,8.546753459759616e-5
LIMA1,3.748587102731902e-5
CABP2,3.4909806985110427e-6
GNG13,9.076087612264305e-6
CLIC5,1.757938740999862e-5
MYO3A,5.41149573703656e-5
SLCO1C1,5.175857850859805e-5
TSPEAR,8.608122582355915e-6
KCNK10,6.916744376266809e-5
SLC38A2,3.4833015806722944e-4
CNGB3,4.069848688949832e-5
SLC6A20,2.3731859663426075e-4
BEST2,3.103656606776628e-5
TBC1D8B,4.542816000782849e-6
SOBP,1.5547890618662826e-5
LINS1,2.4094907279583427e-7
RIC8B,4.520754176333931e-6
SETD5,1.0717153301723065e-4
UBA6,8.523021064702265e-5
KIRREL1,2.3443278542331757e-05
TMEM63B,1.0149314388554603e-4
CAMK2N1,3.907940976213688e-5
TRPV6,3.056039713477474e-5
CHRNA9,3.916611367670856e-5
POMGNT1,5.481514767285296e-5
ACSS2,1.8625267444281164e-4
LMOD3,8.16342872532437e-5
TRPV5,1.5206317920226579e-5
OR2S2,1.3951248740957605e-6
LXN,1.672657344249754e-5
TMEM63C,3.2019813185873246e-5
SELENON,1.6100574622967634e-4
VN1R1,1.4046816539345164e-5
SLC4A10,1.11702599253835e-4
JPH3,3.286249556404954e-5
SLC12A5,1.0020360176627379e-4
SHROOM4,1.3362078655584738e-5
NLGN4X,7.201608752313634e-5
BEGAIN,5.012982569039157e-5
MYH7B,3.896620150289282e-5
MYL7,5.423950457371648e-6
OPRPN,7.294538849678585e-6
CACNG8,5.815885982728367e-5
NYX,9.357043151090156e-7
PIEZO2,2.5072784912813354e-5
XPNPEP3,9.860032187770214e-6
CLSTN2,1.0329562858074885e-5
NPVF,2.0608431898562202e-5
ABCG5,1.6367244791294652e-4
ABCG8,1.639298314387804e-4
TMPRSS3,8.367518243877606e-6
EPS8L2,1.7550177881812304e-5
SLC13A3,2.135468179756345e-4
NIBAN2,1.691741372018052e-5
OR2B8,1.3951248740957605e-6
TMEM38A,3.7462029415302044e-5
OR52L2P,1.3951248740957605e-6
OR5H8,1.845867252681162e-6
OR13A1,1.845867252681162e-6
OR5H6,1.845867252681162e-6
OR52E1,1.3951248740957605e-6
OR5H2,1.845867252681162e-6
OR4K5,1.2701020052875777e-6
OR51G1,1.3951248740957605e-6
OR11H2,1.3951248740957605e-6
OR51B4,1.3951248740957605e-6
OR51B2,1.3951248740957605e-6
OR4C5,1.3951248740957605e-6
OR51J1,1.3951248740957605e-6
OR52N1,1.3951248740957605e-6
OR5AL1,1.1483651833550306e-6
OR10G6,1.3951248740957605e-6
OR4F5,1.2701020052875777e-6
OR4K1,1.2701020052875777e-6
OR6J1,1.3951248740957605e-6
PPCS,6.818471030080526e-5
TMC7,8.36705528579311e-6
MOGAT2,5.969592459018168e-5
OPA3,1.0318236733920007e-6
RAB11FIP1,3.5273614314205244e-5
TAS1R1,1.1453851947222012e-5
GRIP2,5.349421940714409e-5
PRRT1,1.609746475307978e-5
OR5AC2,1.845867252681162e-6
OR11H1,1.3951248740957605e-6
OR4F17,1.3951248740957605e-6
OR4K15,1.2701020052875777e-6
OR8J3,1.1483651833550306e-6
OR8J2,1.1262522567353872e-6
OR5G3,1.845867252681162e-6
OR5AK3P,1.845867252681162e-6
OR52P1,1.3951248740957605e-6
OR51G2,1.3951248740957605e-6
OR4P4,1.3951248740957605e-6
OR4C15,1.3951248740957605e-6
OR4A8,1.3951248740957605e-6
OR4A5,1.3951248740957605e-6
OR4A16,1.3951248740957605e-6
OR4A15,1.3951248740957605e-6
OR10W1,1.845867252681162e-6
OR13C7,1.3951248740957605e-6
OR2AE1,1.3951248740957605e-6
OR4F16,1.2970153287516085e-6
OR2W6P,1.3951248740957605e-6
OR5AC1,1.845867252681162e-6
OR6N2,1.845867252681162e-6
OR6K2,1.845867252681162e-6
OR2T7,1.3951248740957605e-6
OR2L5,1.3951248740957605e-6
OR2G3,1.3951248740957605e-6
OR2G2,1.3951248740957605e-6
OR2C3,1.3951248740957605e-6
AMN,3.053344180576749e-5
OR5V1,1.3951248740957605e-6
OR2B2,1.3951248740957605e-6
OR12D3,1.845867252681162e-6
NETO1,1.0166034287856935e-4
VANGL1,1.2370488878406606e-5
SLC4A9,5.687919925149965e-5
ESPN,7.057730904258865e-5
HMCN1,2.0317916118851494e-5
NCALD,1.753998759226961e-5
MAGT1,1.8019815730737947e-5
FAM161A,2.45600707403319e-5
ELMOD3,3.3910996149557616e-5
SETD3,1.1875354698662019e-4
POMK,8.92143499287005e-6
GJA10,1.561716878486349e-5
RAX2,2.102513230852579e-6
TMEM25,8.728472299224402e-6
SLC7A3,1.6891168974420077e-4
TMTC4,5.596841734626492e-5
RHPN2,1.1758958258101514e-5
ZFHX2,7.92258606596315e-6
MTG1,1.4226249260789918e-5
RCSD1,2.2926575913027554e-5
SLC38A5,3.2809729134728296e-4
REEP6,9.918383988751151e-6
CACNA2D4,1.3730684403059671e-5
PRRT2,2.1496571141307695e-4
SLC52A3,8.550007889706208e-5
SLC2A13,1.0254293778361354e-4
BTBD9,4.6916573284275936e-5
FBXO32,3.5874007977293565e-5
SLC22A12,4.4136768710595814e-5
TMC1,4.085252900990252e-5
TMC2,3.930541589788407e-5
ZNF488,1.623161286544649e-5
BORCS7,3.8587131379355896e-5
CALHM3,1.9199656237831823e-5
CLRN3,9.912810217973918e-7
OR52E2,1.3951248740957605e-6
OR52J3,1.3951248740957605e-6
OR51L1,1.3951248740957605e-6
OR51A7,1.3951248740957605e-6
OR51S1,1.3951248740957605e-6
OR51F2,1.3951248740957605e-6
OR52R1,1.3951248740957605e-6
OR4C46,1.3951248740957605e-6
OR4X2,1.3951248740957605e-6
OR4B1,1.3951248740957605e-6
OR52M1,1.3951248740957605e-6
OR52K2,1.3951248740957605e-6
OR5P2,1.845867252681162e-6
OR5P3,1.845867252681162e-6
OR8I2,1.845867252681162e-6
OR2D3,1.3951248740957605e-6
OR2D2,1.3951248740957605e-6
OR52W1,1.3951248740957605e-6
OR56A4,1.3951248740957605e-6
OR56A1,1.3951248740957605e-6
OR2AP1,1.3951248740957605e-6
OR10P1,1.3951248740957605e-6
OR10AD1,1.3951248740957605e-6
OR10A7,1.3951248740957605e-6
OR4K14,1.2701020052875777e-6
OR4L1,1.3951248740957605e-6
OR11H6,1.3951248740957605e-6
SLC24A4,2.649554957019113e-4
NTAN1,2.783965566910904e-5
METTL23,5.524399409950115e-5
OR4D2,1.3951248740957605e-6
SEZ6,3.0243979986280772e-5
LOXHD1,2.8049359452615747e-6
OR7D4,1.4220381975597912e-6
OR7G1,1.3951248740957605e-6
OR1M1,1.3951248740957605e-6
JSRP1,6.133739998561869e-6
OR1I1,1.3951248740957605e-6
OR10H4,1.3951248740957605e-6
OR2M5,1.3951248740957605e-6
OR2M3,1.3951248740957605e-6
OR2T12,1.3951248740957605e-6
OR14C36,1.845867252681162e-6
OR2T34,1.3951248740957605e-6
OR2T10,1.3951248740957605e-6
OR2T4,1.3951248740957605e-6
OR2T11,1.3951248740957605e-6
GJB4,2.8621698741923892e-5
OR2AJ1,1.3951248740957605e-6
OR14L1,1.845867252681162e-6
OR2B11,1.3951248740957605e-6
OR10T2,1.845867252681162e-6
OR6P1,1.3951248740957605e-6
OR10X1,1.3951248740957605e-6
OR10Z1,1.845867252681162e-6
OR6K6,1.845867252681162e-6
OR6N1,1.3951248740957605e-6
OR9A4,1.3951248740957605e-6
GRK7,4.5650846139147814e-5
OR2Y1,1.3951248740957605e-6
ATPSCKMT,1.1696546659778983e-4
WDR36,1.3237114732815224e-5
TAAR9,8.440428945106462e-6
OR9A2,1.3951248740957605e-6
OR2A14,1.3951248740957605e-6
OR6B1,1.4220381975597912e-6
OR2F2,1.3951248740957605e-6
SGCZ,2.4122745094918073e-5
OR13C5,1.5193840470548554e-6
OR13C8,1.3951248740957605e-6
OR13C3,1.3951248740957605e-6
OR13C4,1.3951248740957605e-6
OR13F1,1.3951248740957605e-6
OR1L8,1.3951248740957605e-6
OR1N2,1.3951248740957605e-6
OR1N1,1.3951248740957605e-6
PTCHD1,3.472970842801468e-5
MYL6B,2.2233319748892117e-5
MYO3B,2.9087775648377525e-5
SELENOM,2.431273635143343e-5
VTI1A,5.202949349955211e-5
FGFBP3,1.535413760385039e-5
OR52B4,1.5434589562689854e-6
OR52I2,1.3951248740957605e-6
OR51E1,1.4220381975597912e-6
ARHGAP42,4.399120012581595e-5
OR10A5,1.3951248740957605e-6
OR2AG1,1.4220381975597912e-6
OTOA,2.6569463239828267e-6
OTOS,8.351615080388739e-7
OR6B3,1.8795960234609344e-6
GPR155,2.0970012974936085e-5
CCDC50,1.193896732331027e-6
IGSF11,7.067167609180296e-5
JAKMIP1,4.288228071165529e-6
TMEM65,6.558837141957751e-6
OR1Q1,1.3951248740957605e-6
OR7D2,1.6982451879956163e-6
LRRN4,5.371893624308662e-6
OIT3,9.918206397513057e-7
HTR3C,6.1001973228680026e-5
OR56B4,1.3951248740957605e-6
HTR3D,6.1001973228680026e-5
OR8U1,1.1483651833550306e-6
OR4C16,1.3951248740957605e-6
OR4C11,1.3951248740957605e-6
OR4S2,1.3951248740957605e-6
OR4C6,1.3951248740957605e-6
OR5D14,1.845867252681162e-6
OR5L1,1.845867252681162e-6
OR5D18,1.845867252681162e-6
OR5AS1,1.8570668811760454e-6
OR8K5,1.1483651833550306e-6
OR5T2,1.845867252681162e-6
OR8H1,1.845867252681162e-6
OR8K3,1.1483651833550306e-6
OR8J1,1.1483651833550306e-6
OR8U3,1.1483651833550306e-6
OR5M3,1.845867252681162e-6
OR5M8,1.845867252681162e-6
OR5M11,1.1483651833550306e-6
OR5AR1,2.705190396010807e-6
SMTNL1,6.66438947335903e-5
OR8B12,1.845867252681162e-6
OR8G5,1.845867252681162e-6
OR10G8,1.3951248740957605e-6
OR10G9,1.3951248740957605e-6
OR10S1,1.3951248740957605e-6
OR6T1,1.3951248740957605e-6
OR4D5,1.3951248740957605e-6
TPCN2,1.461233972143684e-4
OR6Q1,1.3951248740957605e-6
OR9I1,1.845867252681162e-6
OR9Q1,1.845867252681162e-6
OR9Q2,1.845867252681162e-6
OR1S2,1.3951248740957605e-6
OR1S1,1.3951248740957605e-6
OR10Q1,1.845867252681162e-6
OR5B17,1.845867252681162e-6
OR5B21,1.845867252681162e-6
OR5A2,1.845867252681162e-6
OR5A1,1.845867252681162e-6
OR4D6,1.3951248740957605e-6
OR4D11,1.3951248740957605e-6
STAC3,3.861186344079815e-5
OR6C74,1.3951248740957605e-6
OR6C3,1.3951248740957605e-6
OR2T6,1.3951248740957605e-6
OR1L4,1.3951248740957605e-6
CALHM1,4.1548789402409837e-5
OR52B2,1.3951248740957605e-6
OR4C3,1.3951248740957605e-6
OR4S1,1.3951248740957605e-6
OR51F1,1.3951248740957605e-6
UTS2B,2.8533244573700136e-6
TMIE,2.79780420704343e-6
NPAS4,5.688221247086137e-5
ADGRF1,3.9054864269924005e-6
OR51B5,1.3951248740957605e-6
OR10AG1,1.4220381975597912e-6
OR5J2,1.845867252681162e-6
OR4C13,1.3951248740957605e-6
OR4C12,1.3951248740957605e-6
OR52Z1P,1.3951248740957605e-6
OR51V1,1.3951248740957605e-6
OR8D1,1.845867252681162e-6
OR8D2,1.845867252681162e-6
OR8B4,1.845867252681162e-6
OR9G4,1.845867252681162e-6
OTOGL,1.3063050539130895e-4
OR6C6,1.9074867066403427e-6
OR4K3,1.2701020052875777e-6
OR4N4,1.3951248740957605e-6
OR2Z1,1.3951248740957605e-6
OR10H5,1.3951248740957605e-6
OR2L13,1.4220381975597912e-6
OR14A16,1.845867252681162e-6
HTR3E,6.1001973228680026e-5
OR2V2,1.3951248740957605e-6
OR13C9,1.5193840470548554e-6
OR13D1,1.3951248740957605e-6
VN1R2,1.4046816539345164e-5
VN1R3,1.4046816539345164e-5
VN1R4,1.4046816539345164e-5
TAAR6,8.413515621642431e-6
TAS2R60,2.5241323396893415e-6
ANO9,9.24958181033589e-5
OR8D4,1.845867252681162e-6
OR5F1,1.845867252681162e-6
OR5AP2,1.845867252681162e-6
OR52L1,1.4220381975597912e-6
OR2AG2,1.3951248740957605e-6
TAFA2,4.472779142555444e-6
ENPP7,2.089487968233134e-4
CPLX4,2.2133149183954533e-5
ESPNL,6.59378976160547e-6
RTL4,6.488801601655494e-6
HMX3,6.871982976886514e-6
OR52B6,1.3951248740957605e-6
OR10A2,1.3951248740957605e-6
SYT10,2.0310239248054907e-5
OR6C2,1.3951248740957605e-6
OR6C4,1.3951248740957605e-6
OR8S1,1.3951248740957605e-6
OR6S1,1.3951248740957605e-6
STAC2,2.8675395673572153e-5
OR6F1,1.3951248740957605e-6
OR14K1,1.845867252681162e-6
OR2W3,1.3951248740957605e-6
OR2T8,1.3951248740957605e-6
OR2T3,1.3951248740957605e-6
OR10R2,1.845867252681162e-6
OR2T29,1.3951248740957605e-6
GPR148,1.8570668811760454e-6
LRIT3,4.149032654439718e-5
EYS,2.152960553295289e-5
OR6V1,1.3951248740957605e-6
OR2A12,1.3951248740957605e-6
OR2A1,1.3951248740957605e-6
GNAT3,3.7882522366865625e-5
QRFP,6.155829806392723e-5
OR1J1,1.3951248740957605e-6
OR1B1,1.3951248740957605e-6
OR13H1,1.3951248740957605e-6
SLC6A18,1.2117606882444012e-4
GJC3,1.0996827160263951e-5
LCE1D,4.306240784645556e-6
PTPRQ,6.348280423444752e-5
LHFPL3,8.530922534585796e-7
SLC16A12,7.684166539943133e-5
OR56B1,1.3951248740957605e-6
OR8G3,1.845867252681162e-6
INSYN1,6.849296883824076e-6
PVALEF,1.4024579181655364e-5
RGS9BP,1.4152247132037381e-5
CEACAM16,5.200025227535012e-6
SLC6A17,2.612527353254525e-5
OR14A2,1.845867252681162e-6
PCARE,2.5396023169385903e-5
OR6B2,1.8795960234609344e-6
GRXCR1,6.808815679789695e-5
OR52K1,1.3951248740957605e-6
OR52I1,1.3951248740957605e-6
OR51D1,1.3951248740957605e-6
OR52A4P,1.3951248740957605e-6
OR52A5,1.3951248740957605e-6
OR51B6,1.3951248740957605e-6
OR51M1,1.3951248740957605e-6
OR51Q1,1.3951248740957605e-6
OR51I1,1.3951248740957605e-6
OR51I2,1.3951248740957605e-6
OR52D1,1.3951248740957605e-6
OR52H1,1.3951248740957605e-6
OR52N4,1.3951248740957605e-6
OR56B2,1.3951248740957605e-6
OR52N5,1.3951248740957605e-6
OR52N2,1.3951248740957605e-6
OR52E6,1.3951248740957605e-6
OR52E8,1.3951248740957605e-6
OR52E4,1.3951248740957605e-6
OR52E5,1.3951248740957605e-6
OR56A3,1.3951248740957605e-6
OR56A5,1.3951248740957605e-6
OR10A6,1.3951248740957605e-6
OR4X1,1.3951248740957605e-6
OR4A4P,1.3951248740957605e-6
OR5D13,1.845867252681162e-6
OR5D16,1.845867252681162e-6
OR5W2,1.845867252681162e-6
OR8H2,1.845867252681162e-6
OR8H3,1.845867252681162e-6
OR5T3,1.845867252681162e-6
OR5T1,1.845867252681162e-6
OR8K1,1.1483651833550306e-6
OR5M9,1.845867252681162e-6
OR5M10,1.845867252681162e-6
OR5M1,1.845867252681162e-6
OR9G1,1.3951248740957605e-6
OR5AK2,1.845867252681162e-6
OR5B2,1.845867252681162e-6
OR5B12,1.845867252681162e-6
OR5AN1,9.468095751896287e-6
OR4D10,1.3951248740957605e-6
OR4D9,1.3951248740957605e-6
OR10V1,1.845867252681162e-6
OR6X1,1.3951248740957605e-6
OR6M1,1.3951248740957605e-6
OR10G4,1.4220381975597912e-6
OR10G7,1.3951248740957605e-6
OR10D4P,1.3951248740957605e-6
OR8B3,1.845867252681162e-6
OR8A1,1.845867252681162e-6
OR5BS1,1.845867252681162e-6
OR6C1,1.4220381975597912e-6
OR6C75,1.3951248740957605e-6
OR6C76,1.3951248740957605e-6
OR6C70,1.3951248740957605e-6
OR4N2,1.3951248740957605e-6
OR4K2,1.2701020052875777e-6
OR4Q2,1.3951248740957605e-6
OR4K13,1.2701020052875777e-6
OR4K17,1.2701020052875777e-6
OR4N5,1.3951248740957605e-6
OR11G2,1.3951248740957605e-6
OR11H7,1.3951248740957605e-6
OR11H4,1.3951248740957605e-6
OR5AU1,1.845867252681162e-6
OR4M2,1.3951248740957605e-6
KBTBD13,5.378228058116045e-5
OR4F6,1.2701020052875777e-6
OR4F15,1.2701020052875777e-6
OR7G2,1.3951248740957605e-6
OR7G3,1.3951248740957605e-6
OR7A10,1.3951248740957605e-6
OR7A2P,1.3951248740957605e-6
OR10K2,1.845867252681162e-6
OR10K1,1.845867252681162e-6
OR6Y1,1.3951248740957605e-6
OR6K3,1.845867252681162e-6
OR10J4,1.845867252681162e-6
OR11L1,2.0061689476396175e-6
OR2L8,1.3951248740957605e-6
OR2AK2,1.3951248740957605e-6
OR2L3,1.3951248740957605e-6
OR2M2,1.3951248740957605e-6
OR2T33,1.3951248740957605e-6
OR2M7,1.3951248740957605e-6
OR2G6,1.4220381975597912e-6
OR10AC1,1.3951248740957605e-6
OR2A25,1.845867252681162e-6
OR13J1,1.3951248740957605e-6
OR13C6P,1.3951248740957605e-6
OR13C2,1.5193840470548554e-6
OR1L6,1.3951248740957605e-6
OR5C1,1.845867252681162e-6
OR1K1,1.845867252681162e-6
ELFN1,1.038920160593565e-5
OR2A5,1.3951248740957605e-6
NCMAP,5.0324163538424185e-5
OR2A7,1.845867252681162e-6
OR51C1,1.3951248740957605e-6
OR51H1,1.3951248740957605e-6
OR51T1,1.3951248740957605e-6
OR51A4,1.3951248740957605e-6
OR51A2,1.3951248740957605e-6
OR10J6P,1.3951248740957605e-6
OR2T2,1.3951248740957605e-6
OR2T5,1.3951248740957605e-6
OR14I1,1.8570668811760454e-6
OR5K2,1.8570668811760454e-6
OR2A42,1.3951248740957605e-6
OR2T27,1.3951248740957605e-6
OR2T35,1.3951248740957605e-6
OR4A47,1.3951248740957605e-6
OR4C45,1.3951248740957605e-6
OR5H14,1.845867252681162e-6
OR5H15,1.845867252681162e-6
OR5K3,1.845867252681162e-6
OR5K4,1.845867252681162e-6
OR6C65,1.3951248740957605e-6
OR6C68,1.3951248740957605e-6
MIR25,4.504499485539386e-5
RGS21,1.736055543288751e-5
OR11H12,1.3951248740957605e-6
GPR179,1.7686071534767266e-6
SHISA8,3.1638105000002736e-5
TMEM150C,2.3635875767731405e-5
OR4F21,1.2701020052875777e-6
OR5B3,1.845867252681162e-6
OR9K2,1.845867252681162e-6
OR4Q3,1.3951248740957605e-6
OR4M1,1.3951248740957605e-6
OR10J3,1.845867252681162e-6
VN1R17P,1.4046816539345164e-5
OR2W5P,1.3951248740957605e-6
OR13G1,1.845867252681162e-6
OR1F12P,1.3951248740957605e-6
OR2B3,1.3951248740957605e-6
OR2J1,1.3951248740957605e-6
OR2J3,1.3951248740957605e-6
OR14J1,1.845867252681162e-6
OR10C1,1.3951248740957605e-6
OR2I1,1.3951248740957605e-6
OR2A2,1.3951248740957605e-6
LMOD2,4.0758597425295546e-5
OR8U8,1.1483651833550306e-6
OR8U9,1.1483651833550306e-6
OR9G9,1.3951248740957605e-6
INSYN2A,5.146107884070857e-6
PIRT,1.3673605751959306e-5
OR1D4,1.3951248740957605e-6
OR4F29,1.2970153287516085e-6
SHISA9,3.3126676916970144e-5
PRCD,1.6060224996798867e-5
MIR208B,4.8595225984133605e-5
FOXO6,5.114728331311418e-6
GFY,6.4993485974628414e-6
STRIT1,1.3680082674833702e-4
OPN1MW3,1.586549476106787e-5
GUCA1ANB-GUCA1A,1.0290059247002539e-4
OR4M2B,1.3951248740957605e-6
EDF1,1.4938984022692326e-5
FSTL1,7.170136620216976e-6
SCUBE1,9.20011255634721e-6
SETSIP,3.962202214452468e-6
MAML1,8.525320643598539e-5
ERBB3,1.5416132507102982e-4
CRELD1,9.366948670578417e-6
ALB,7.754068337965075e-5
HCN3,5.7966465608188087e-5
IER3IP1,3.3244191373524695e-5
RIC1,4.3196531289018514e-5
SLC6A7,5.132474227101904e-5
SLC7A4,8.567700210381044e-6
SLC22A4,1.4142158375264887e-4
SLC43A1,2.7897356025960847e-4
SLC25A12,1.1508973347429e-4
SLC7A6,1.3373354217194956e-4
SLC6A5,7.130868541810609e-5
SLC25A13,1.238156647130265e-4
PRAF2,8.070118731147322e-6
SLC66A1,9.862729413088338e-5
SLC38A4,8.366067751813953e-5
SLC6A15,7.34802966495529e-5
SLC38A7,1.6735401106936123e-4
SLC47A1,1.3492230924463052e-4
SLC7A10,2.2982697501465027e-4
SLC7A14,2.0475681609605474e-5
TTYH3,3.385280222132357e-5
SFXN3,4.2244192858060384e-5
SLC7A5P1,3.246427099264774e-6
SLC25A18,6.015838232227375e-5
TTYH2,3.369250052636511e-5
SLC25A26,2.929251092267391e-4
SFXN2,2.7088981822594704e-5
SLC36A4,1.258839796947164e-4
SLC25A29,2.2721928779155106e-4
SLC38A6,2.776722701069583e-5
SLC38A11,5.5532380454708015e-6
SLC66A1LP,2.5130269541421794e-5
SLC36A2,8.484948824951231e-5
SLC36A1,1.0859687462101411e-4
SLC36A3,5.58500184283216e-5
SLC6A19,7.818124053032497e-6
SLC7A5P2,3.246427099264774e-6
KIF27,9.234542803767235e-6
CFAP298,3.464863078939237e-6
TTC29,1.4945881289211862e-6
CFAP70,1.1015871565179749e-5
CYB5D1,5.615025846917408e-6
PHOX2A,2.743201234551907e-4
ZC4H2,2.5999231108920348e-5
ATIC,2.3086848154261702e-4
GART,3.035536731491431e-4
GPR6,1.5306852121474346e-5
S1PR4,1.5291298436354127e-5
S1PR5,1.566911402427441e-5
SEC16A,3.785176737561869e-5
PREB,2.7082745031422907e-5
SAR1A,7.21239952159052e-5
ABO,1.1213806692198963e-4
ALDH2,2.533829233105194e-4
ALDH1B1,2.0932378762811837e-5
ALDOB,2.1992283490095593e-4
ALDOC,4.912642590648098e-5
AMY1A,2.3326076342803278e-5
AMY1B,2.3326076342803278e-5
AMY1C,2.3326076342803278e-5
AMY2A,3.521974396967774e-5
AMY2B,1.904704652183245e-5
CHI3L2,3.613796296217622e-5
CLK2,1.4620869317146e-5
CS,1.2141076312234067e-4
SLC25A10,3.2257007939630447e-4
CTBS,5.318838737614084e-5
DLAT,1.252187140789975e-4
ENO2,5.644962587140709e-5
ENO3,5.5200674415875095e-5
FUCA1,7.174036514894828e-5
FUCA2,8.507671822678009e-5
FUT3,5.4982644521787954e-5
FUT5,7.471452720969601e-5
SLC37A4,1.0598410950592753e-4
GALE,1.251626885584183e-4
GALK1,2.2636431523927352e-4
GALK2,8.147204285642146e-5
GALT,8.658255112614652e-5
GANC,2.272956575822257e-5
GK,7.62931061915631e-5
GOT1,2.1992640366206797e-4
GPD1,1.7338183753190647e-4
GPD2,1.1790598108204284e-4
GPT,1.2010863538265137e-4
GUSB,5.646077845446328e-5
IDH2,8.708376104704792e-5
IDH3A,6.120750753276664e-5
IDH3G,6.147863220766383e-5
IDUA,1.4115601484364994e-4
KHK,8.934385269676685e-5
LALBA,1.0457437054582587e-4
LCT,5.54567071649826e-4
LDHA,3.684964789173648e-5
MAN1A1,1.6567810965910568e-4
MAN2A2,4.649064918129535e-5
MAN2C1,1.707353856308303e-5
MANBA,6.410161236359489e-5
CHST6,4.8107609872281615e-5
MDH2,9.061133874473046e-5
ME1,7.469443942987953e-5
MGAT2,6.175284007422916e-5
MPI,1.8126439476423263e-4
NAGA,1.010027557170284e-4
NNMT,2.1659336094089832e-4
OGDH,2.134991288687892e-4
OVGP1,1.3621655261604763e-4
PC,1.3230124791110845e-4
PDHA1,7.280451165533167e-5
PDHA2,7.280451165533167e-5
PDHB,7.27612097744015e-5
PFKFB1,2.4018454966852625e-4
PFKFB3,7.115077491998686e-5
PFKFB4,5.6930767011402754e-5
PFKP,8.94103358291394e-5
PGAM1,6.552220200997253e-5
PGD,9.98935312291434e-5
PGM1,6.87599633305608e-5
PGM5,6.644153297907438e-5
PHKA2,2.7663470881004862e-5
PHKB,1.335763039580057e-5
PHKG1,3.549687920779505e-5
PMM1,5.556367227376628e-5
PMM2,1.2087778229744712e-4
PPP1R1A,8.760288055469847e-6
PPP1R2,8.708862415078358e-6
RPE,5.3386462163523306e-5
SI,2.4826906538820594e-4
ST8SIA1,2.1967894723109663e-5
SPAM1,2.7838004592494564e-5
TALDO1,8.410138236914393e-5
TPD52L2,6.467094923239036e-7
TPI1,2.5476404134632766e-4
SLC35A2,6.535999727256497e-5
MOGS,6.396828802348e-5
TKTL1,5.984519088739883e-5
SLC25A11,1.323087046086477e-4
PARG,4.590916520685039e-5
CHST1,5.2435095128044366e-5
AKR7A2,1.4723795830637052e-4
B4GALT3,7.065655978367483e-5
B3GALNT1,7.019561508317138e-5
B3GALT2,5.791403713776731e-5
B3GALT1,6.214190351869671e-5
FBP2,5.094680834544957e-5
FPGT,8.06774062140236e-5
PIGQ,1.679995788071742e-5
MPDU1,8.80763437795966e-6
H6PD,3.23992659662195e-4
EDEM1,8.934748866982913e-5
XYLB,2.2983785914920142e-4
SLC23A1,1.2853262951663028e-4
GNPDA1,1.2160954642689785e-4
GNE,2.123890219285614e-4
BCKDK,1.2242991954376726e-4
LANCL1,2.529114773017683e-5
B3GALT5,1.6358719414008453e-5
ST3GAL6,4.10900554261351e-5
SLC35A1,1.3828252105993344e-4
MAN1A2,4.902702463185142e-5
SDS,9.466440334111324e-5
NUDT5,1.53106053495536e-4
TREH,2.157692154177157e-4
SLC2A6,5.347359758736084e-5
MAN1B1,5.389647892410766e-5
B4GALT7,7.71233529336682e-5
RPIA,9.975861498753671e-5
GANAB,1.5920003617049566e-4
MAN2B2,1.812588516897352e-5
HYAL4,3.952010031535083e-5
CHST5,3.6829127657850405e-5
PGLS,4.586612648794408e-5
B3GAT3,4.8275916968268976e-5
GBGT1,5.830807619648728e-5
COQ2,7.148862377289699e-5
DHDH,1.446895112943773e-4
ST8SIA5,1.980312834881246e-5
GMPPB,1.1898801401270802e-4
DERA,9.236329816303506e-5
A4GNT,5.89721364489114e-6
NAGPA,6.957549742078867e-5
DCXR,1.8099752735944487e-4
CHST15,4.62678358169893e-5
COQ3,1.5917899302084147e-4
GALNT7,8.459581745530876e-6
NANS,1.4455448702607745e-4
DPM3,2.4483179630231287e-4
FGGY,5.7685076934984175e-5
CHST12,7.040078370613713e-5
ENOSF1,5.149297397179586e-5
EDEM2,1.035586818735553e-4
OGDHL,5.8706764147704196e-5
ST6GALNAC1,2.0849928295871653e-5
LANCL2,3.53011545332338e-4
CHST7,6.0797851040390375e-5
SDHAF3,3.382912460762833e-5
MAN1C1,4.73713541718947e-5
PPP4R3B,2.594720061551636e-5
MYORG,1.3583431902988497e-5
NLN,3.090429197705071e-5
GBA3,2.5415364864884125e-4
RBKS,1.1934686264249718e-4
CHST8,2.451244607196105e-5
CASD1,5.5564445796566246e-5
GNPTAB,6.188192093881365e-5
GLB1L,2.951292091012887e-5
GAL3ST4,3.915434447050744e-5
UXS1,1.720222634104718e-4
PGGHG,5.2727458371586325e-5
RUBCNL,6.765354051572206e-5
EDEM3,7.458737396915215e-5
NPL,7.42811362586776e-5
ADPGK,6.576676629155364e-5
CHST9,5.466954761637735e-5
GNPTG,1.019859364205969e-4
ST6GAL2,3.5136853665634354e-5
FUT10,9.388001312051263e-5
SLC35B4,1.4081726962238695e-4
SLC45A3,1.2854805689369427e-4
GAL3ST3,4.51704621298742e-5
GLB1L2,2.9539834233592897e-5
G6PC3,6.352956124805283e-5
MGAM2,4.446965285635319e-5
GLB1L3,2.9499469963692704e-5
CHST14,5.979638164897983e-5
MOGAT1,3.469388095400187e-5
GSTO2,1.290599894192322e-4
B4GALNT2,4.773090346301009e-5
A3GALT2,6.316768444276348e-5
GALM,7.75542926620452e-5
GLYCTK,9.214687234713587e-5
GNPDA2,1.2082814673872458e-4
B3GAT2,2.803517423667453e-5
MTCL2,1.1994597596109529e-5
SERPINA12,2.3172078611816276e-5
YDJC,2.5281510486741905e-6
PPP1R2B,5.504504488297936e-6
CHST13,5.364338500167906e-5
FCSK,1.2569222894350652e-4
CRTC2,1.811777034667075e-5
GK5,7.211616414679152e-5
FUOM,6.896959202542278e-5
PGM2L1,5.610163322087205e-5
HECTD4,2.1551795974562913e-6
PGP,1.6981900667354709e-4
HEXD,2.6199651720207407e-5
OTOG,7.766670132190024e-5
MOGAT3,4.9470665261715425e-5
LANCL3,7.023567687399025e-6
GLT6D1,5.4359229702445325e-6
ENO4,3.830432909733724e-5
GDPGP1,5.690596365194562e-5
RPEL1,5.3077267187320825e-5
PPP1R2P1,5.477591164833905e-6
MMP24-AS1-EDEM2,1.035586818735553e-4
GFPT1,6.751536269288486e-5
GFPT2,6.723417835283856e-5
ENTPD5,1.403469250869749e-4
UGGT2,8.291167153236554e-5
UGGT1,8.543792298046968e-5
PRPS1,1.4773851478780737e-4
PRPS2,5.920403284049033e-5
PRPSAP1,1.879334377676065e-5
IMPA1,9.691595629360346e-5
IMPA2,7.2563005057008675e-05
PPIP5K1,8.744591299423653e-5
ISYNA1,1.2034081948345783e-4
MIOX,1.1992286612935425e-4
GNS,6.75043318501882e-5
HMMR,1.314639340114944e-5
IDS,8.539027377239625e-5
ITIH1,7.903822204740442e-6
ITIH2,7.878250930441698e-6
ITIH3,1.1151669637306186e-5
SGSH,1.2082675160683697e-4
HS3ST2,2.518117415701279e-5
HS3ST1,2.5549593795923763e-5
B3GNT3,6.104392022596467e-5
GALNT5,1.1102182632228818e-5
DSE,7.684182298742725e-5
CHPF2,3.850163550098302e-5
XYLT2,5.857564621528591e-5
B3GNT4,4.289647895094479e-5
ITIH5,4.8738319407301755e-6
B3GNT9,1.549368853444449e-5
DSEL,7.099146486731718e-5
PXYLP1,6.786216758147767e-5
B3GNT7,4.292339227440882e-5
B3GALT6,8.608986108928415e-5
B3GNT6,1.423785374508214e-4
CHSY3,3.856705872396754e-5
ITIH6,4.6026852411954945e-6
SLC35B2,1.328052661467528e-4
B3GNT8,7.640767162803523e-5
EXTL2,1.2055447193912023e-4
GPC1,4.219627347703687e-5
TM9SF2,2.743928990547866e-5
FAM20B,2.598907040608044e-6
HS3ST4,1.828870488963516e-5
SLC35D2,1.4784949833663853e-4
GLCE,7.168260062489926e-5
HS6ST2,3.146310188876128e-5
CANT1,2.9448067840066525e-5
HGSNAT,6.784147651468127e-5
HS3ST5,5.131927721822288e-5
HS6ST3,3.135215890711765e-5
DPAGT1,8.817721602055082e-5
OGA,9.131742467866918e-5
SLC35A3,6.201484840846411e-5
AMDHD2,2.0303063121802784e-4
CMAS,8.074614002567191e-5
FN3K,2.0153304352958737e-4
GNPNAT1,6.703417876342825e-5
UAP1L1,4.764479745411203e-5
NANP,1.4825765384484404e-4
AKR1A1,3.538439938952372e-4
CRYL1,1.2882010949494548e-4
ACLY,9.496806553717857e-5
ALDH3B1,1.700457358252489e-4
ALDH3B2,8.101300889873813e-5
ALDH3A2,2.492965711975572e-4
APOF,1.3563040269172032e-5
APOC1,2.5577243852423464e-4
ASAH1,5.378241734443879e-5
CES1,1.731528658837019e-4
CETP,9.54603616923754e-5
CYP11A1,8.104149474921418e-5
CYP27A1,1.8028747130654485e-4
CYP51A1,1.1902820305520725e-4
AKR1C2,1.6594869355492472e-4
DHCR7,1.462908720676816e-4
FDFT1,6.546265333333104e-5
FDPS,1.2993373231153093e-4
FDX1,4.2012659007368624e-5
FDXR,2.0398026518122288e-4
FMO5,8.419449638451903e-5
HDLBP,7.88390064914122e-6
HMGCS1,1.1506567426210055e-4
IDH3B,6.153812621851111e-5
IDI1,1.0424176463562621e-4
INPP4A,1.1464308890432321e-4
INPP5A,7.699858644003658e-5
ITPK1,2.655470677229786e-4
LCAT,1.4065292636471026e-4
LIPC,1.3143047328771933e-4
LSS,1.8084999842294958e-4
MVD,9.785821093318522e-5
MVK,9.542397879823574e-5
PCBD1,1.564813864879557e-4
PON1,1.3506159426713752e-4
PTS,8.722365479638175e-5
QDPR,1.4381980520567443e-4
MSMO1,2.7563710912846688e-5
SC5D,1.430472476741353e-4
SOAT1,8.958142956650302e-5
SPR,7.598796839959657e-5
SQLE,7.669937817087852e-5
AKR1D1,1.05390481576956e-4
STAR,6.579415299129396e-5
SULT1E1,1.7026430273225804e-4
SULT1A2,5.725319702930856e-5
SULT1A1,7.888422795986343e-5
SULT1A3,1.0581222047400399e-4
SULT2B1,1.1434388533080904e-4
SULT2A1,1.1876970327209404e-4
TM7SF2,3.340170347348227e-5
SCARF1,4.680572975048565e-5
PLPP1,7.250799672491547e-5
PLPP2,4.346024993725599e-5
DPM1,1.4620948903739788e-4
DPM2,5.984023742194267e-5
INPP4B,1.1549207429223057e-4
SPTLC2,1.3073118320976545e-4
ABCG1,1.9372211066138404e-4
SPTLC1,1.6988310881155993e-4
NPC2,4.2364599612911063e-05
ERLIN1,5.012546803226053e-5
PMVK,9.869136805158321e-5
CYP46A1,1.0997218267162782e-4
STARD3,7.055235963550386e-5
ERLIN2,5.0159407762438146e-5
NUDT4,2.938295465426651e-4
NUDT3,3.5947932910705287e-4
DOLK,1.6052221022223986e-4
ABCA5,9.412378733531757e-5
SEC14L2,2.3809105404692094e-5
MOXD1,1.1082828382794653e-4
LDLRAP1,1.687092860622237e-4
TPK1,2.467893616154254e-4
DKK3,2.9739949421682675e-4
NAAA,1.0178586759833404e-4
SULT1C4,5.675277156545602e-5
SULT1B1,4.461259780144136e-5
CYP39A1,8.12611266651846e-5
HSD17B7,3.77470831048143e-5
GDE1,1.340713266687844e-4
UGT1A4,6.141731907793391e-5
NUDT11,1.2383216089382218e-4
SPTLC3,5.533821303338529e-5
ACER3,1.2825947804065871e-4
AGK,1.5421991056817523e-4
PECR,8.093852672475172e-5
APOBR,3.379560584972138e-5
DISP3,8.38531077871493e-6
ABCG4,8.784443278243059e-5
IPPK,9.716574232250607e-5
ARV1,8.641796967028737e-5
GDPD3,2.9051910059557597e-05
THTPA,1.0860052197862841e-4
SRD5A3,2.50425612029858e-4
DHDDS,1.3245740214306198e-4
ITPKC,4.360937642220159e-5
SGPP1,9.436022637680304e-5
PCBD2,1.5589783005030608e-4
CHLSN,3.116485843201893e-5
ACSS1,1.8318341741219282e-4
CBR4,1.0460328484772787e-4
PIP4P1,6.173270618530999e-5
IDI2,1.0327704672443176e-4
OSBPL1A,1.429419405037516e-5
OSBPL5,5.478603639290789e-5
GPR146,1.1591433881865475e-5
APOA5,1.617426071283779e-4
IP6K3,1.411894544468673e-4
CYP2R1,1.3044167616642186e-4
DEGS2,1.5411522447798294e-4
ACER1,5.5220516005789505e-5
SGPP2,5.061777407941746e-5
STARD4,1.4614613903632487e-4
TTC39B,2.245026280634524e-5
SPTSSB,5.383630154240217e-5
NUDT10,1.2383216089382218e-4
SPTSSA,5.333228609774442e-5
DHRSX,1.3637716827766537e-4
IPMK,3.368901735122381e-4
GDPD1,2.528316478361334e-5
MIR96,9.867494224587515e-5
NUDT4B,1.2387241231474357e-4
SULT1C3,7.189771145115556e-5
SULT1A4,1.0581222047400399e-4
MOXD2P,1.1063473471619572e-4
MIR548P,5.5670257809754035e-5
GPAT3,4.8711750225617654e-5
GPAT2,5.221186103609794e-5
ALDH3A1,3.5926278050501577e-5
ALDH9A1,1.310243799540268e-4
ESD,1.1013585635082969e-4
HAGH,8.710902162744727e-5
TKT,8.770029395054628e-5
PDXK,2.849057491451136e-4
GRHPR,2.568739453130074e-4
MGAT4A,5.495539829778036e-5
AKR7A3,4.63964856535318e-6
PNPO,2.0557044004384172e-4
AGXT2,3.9945755910983567e-4
HYI,6.42515419346974e-5
HOGA1,2.2006802752387187e-4
GATD1,1.2112669170685826e-4
ACADS,1.1207848198050929e-4
ACADSB,7.41807294664178e-5
ACAT2,2.5791191004737526e-5
AMT,9.472578128726577e-5
AOAH,1.474303306876232e-4
APOC2,2.749188696591824e-4
APOC3,2.9574827397900867e-4
ART4,1.6815875554835625e-5
ASPA,8.800323748069568e-5
AUH,1.3606772986708682e-4
BCAT2,2.2210401945298646e-4
BCKDHA,7.508100011780531e-5
BCKDHB,7.523593752209261e-5
BTD,6.354609755612266e-5
KYAT1,1.4769733555262748e-4
CPA1,8.04626635739382e-6
CPT1B,7.91380737791334e-5
CRAT,1.3338405417615728e-4
CYP4B1,2.320434012735565e-5
DBI,9.819574337764094e-5
DBT,1.4412892118832084e-4
ECI1,2.0707172032310164e-5
DLST,2.3113576153958686e-4
SARDH,1.5366678965703952e-4
DPYD,6.031349878689851e-4
ECH1,5.94267470729584e-5
ECHS1,1.030744229046997e-4
EHHADH,7.556892437586052e-5
ETFA,3.5378321098952934e-5
ETFB,3.461925507819976e-5
ETFDH,6.213377162852483e-5
FABP3,9.864241975842386e-5
FAH,2.2770392913059245e-4
FMO2,5.32825687527122e-5
FMO3,1.299855897780036e-4
FMO4,3.648983728172165e-5
GAD1,1.2509231022300472e-4
GCDH,9.851294788665927e-5
GCSH,1.0378896465169249e-4
GGTA1,1.8398475649051666e-5
GGT7,6.163852615024298e-5
GGT5,1.0513650957189208e-4
GLDC,3.152549515962496e-4
GLUD2,1.4872762202865756e-4
GOT2,1.7496234701133365e-4
GSTZ1,9.494969636951728e-5
HADHA,1.3471761218789287e-4
HAL,1.4021294402271709e-4
HGD,8.78543933045618e-5
HLCS,1.0459924490566539e-4
HMGCL,8.150310702282403e-5
HPD,6.431977142335903e-5
IVD,1.0773227094039104e-4
LDHB,2.6796470151442733e-5
FADS3,8.43096720483076e-6
LTA4H,1.8700952790556214e-4
MDH1,1.5340472666078466e-4
ME2,1.1572844744504593e-4
ALDH6A1,1.8967088048984186e-4
NDUFAB1,3.1147897087621456e-4
PAH,1.3905075956375672e-4
PCCA,6.5526587122207e-5
PCCB,5.404264033986086e-5
PFAS,1.3284435464714617e-4
PNLIPRP1,2.6137188447276607e-5
PNLIPRP2,1.1783117013475607e-4
PRODH,1.1440470710366894e-4
PYCR1,6.111338115297357e-5
SDHA,8.651343193860895e-5
SHMT1,3.5452617147670065e-4
TAT,1.498946239208672e-4
TDO2,1.546042517680578e-4
TYRP1,1.3395269160359336e-4
UROS,1.9192038817814115e-4
ALDH5A1,1.4584681146716214e-4
HSD17B8,8.227351092863888e-5
SLC25A16,1.136889466561845e-4
PDHX,4.792425846211679e-5
ACOX3,7.54071750048753e-5
TPST2,1.0406643332871729e-4
TPST1,4.13177153264188e-5
LIPF,1.676986151760633e-5
DEGS1,6.60856151586434e-5
ABCB11,2.6227885070106104e-4
ALDH4A1,1.231478545910094e-4
SUCLG2,1.141223162472532e-4
SUCLA2,2.140162727212422e-4
DCAF5,1.0656593190272385e-5
CES2,3.112019707379173e-5
VNN2,3.412477834239481e-5
SLC16A3,9.386513236665076e-5
PTER,6.086052154184549e-5
LIPG,6.461058263117313e-5
LPIN2,1.541633931616841e-5
OSBPL2,5.226183827623188e-5
LPGAT1,1.5088666912680868e-4
RIDA,2.6496775187030344e-4
GLYAT,1.1563917361498378e-4
BPNT1,7.911487973606507e-5
ECI2,3.205776593612017e-5
MTHFS,2.2344793145930635e-4
MTHFD2,9.562904568045398e-5
ALDH1L1,1.0327297094213257e-4
FTCD,2.1143299808185518e-4
ME3,8.105648478365628e-5
HIBADH,7.638127758967511e-5
MORC2,1.5299488612797236e-5
SEPHS1,9.669085095139475e-5
PDXDC1,5.4470068654783054e-6
ICMT,2.0470831220727225e-4
GCAT,1.1077884965717281e-4
QPRT,1.20490705004813e-4
HAAO,1.5482935152647594e-4
AMACR,6.476115036384322e-5
PLA2G15,5.16600529687047e-5
OSBPL3,1.557564991218854e-5
DECR2,6.304680712967151e-5
PHGDH,1.3517056254728582e-4
HIBCH,1.27325668342046e-4
ACAD8,7.12147210339285e-5
PPA2,2.4688454383802124e-5
GLS2,6.296363204843799e-5
PYCR2,4.68904322757542e-5
PSAT1,1.5756339281517884e-4
FAHD2A,2.9456032002274807e-5
THAP4,8.250061432073295e-5
ABHD5,5.8522050943641036e-5
MECR,5.620686671848464e-5
HSD17B12,1.1619333705026909e-4
AADAT,2.797402136637552e-4
HAO2,4.823447380580264e-5
PIPOX,2.29891085617478e-4
SCLY,1.256547897560291e-4
AZIN1,1.6261356049679325e-4
HMGCLL1,7.794065240346601e-5
ASNSD1,8.022038872359799e-5
UGT1A6,7.650755295514427e-6
CROT,5.220318581167167e-5
ACSM5,2.7225886054375004e-5
OXSM,5.390631400643716e-5
MTARC2,8.747773156988406e-5
PANK4,1.871315725634509e-5
THNSL2,1.1249498633281819e-4
ECHDC2,4.429661797780865e-6
ACOXL,2.7353032699926623e-5
UEVLD,9.999569154741073e-6
OLAH,3.8014886549634004e-5
ECHDC1,5.478961872175144e-5
KYAT3,1.1063270850150598e-4
BDH2,1.8787245195363183e-4
MCCC1,1.686683457089483e-4
NIT2,1.2061405945220064e-4
MRS2,3.6392222452708645e-5
AS3MT,5.3727066432361235e-5
RIMKLB,7.5902709270977e-5
CARNS1,2.024171062181181e-4
PRODH2,8.17608117683856e-5
AASDHPPT,1.8140487319148545e-4
MCCC2,9.793046935472583e-5
DPEP2,5.962491718232552e-5
MTARC1,1.2241677364238407e-4
LPIN3,1.5404512512610436e-5
PYCR3,4.7171490051315356e-5
ECHDC3,9.935651067880168e-6
ACBD4,9.548705945434267e-6
L2HGDH,5.246803647695862e-5
SCD5,3.635151631008616e-5
DGLUCY,5.617028919467699e-5
ASRGL1,1.8583742797864808e-4
ACAD10,1.789554816789267e-5
SLC25A32,2.2404048410114605e-4
FAHD1,2.2084957496284075e-4
LONP2,4.6566055523227076e-5
ACAD11,6.28550858064024e-5
ALKBH7,2.276865543593054e-5
MCEE,1.1304555792620057e-4
ABHD1,4.5924430517195376e-5
GPT2,1.1308605374627138e-4
ABHD14B,2.007649327996036e-5
HPDL,7.858717580760838e-5
ARHGAP11B,3.4189594988715687e-5
ABCC10,3.283826630473447e-5
SLC25A21,8.413339875047513e-5
GGTLC2,3.7129862921007724e-5
GGTLC1,3.6875920049096955e-5
KGD4,1.6261551592285264e-5
GLYATL1,3.900030358311777e-5
LDHAL6B,2.2570913640721224e-5
SDSL,1.7788312216627795e-4
OSBPL6,1.527616198052814e-5
OSBPL7,2.3608092972195943e-5
OSBPL9,8.905340453022672e-6
THEM4,1.8148715125740827e-5
PNLIPRP3,2.5989855494555182e-5
TPH2,7.50513204217117e-5
NOXRED1,4.6040062770083056e-5
HYKK,8.779837942866082e-5
ACSM2A,6.752909020389859e-5
GGT6,4.911548935542251e-5
AFMID,1.2334818271514752e-4
CPT1C,2.5803322004998346e-5
CYP4F22,5.787102408501482e-6
ACMSD,4.542338991329332e-4
MDH1B,3.397572412487589e-5
UROC1,1.2802653467479565e-4
AASDH,7.517256385825908e-5
ACOT12,2.0959349399745536e-5
GOT1L1,5.6153088659423935e-5
ADHFE1,2.7277932045567926e-4
CARNMT1,1.0188983890864016e-4
ACSM6,2.7225886054375004e-5
AMDHD1,1.3003226663907687e-4
PTGR2,2.173126379114796e-5
PM20D1,1.651707730328624e-5
FAHD2B,2.944483237377992e-5
PPM1K,6.837631704446183e-5
MBLAC2,2.5889786895548202e-5
LDHAL6A,2.218833053325489e-5
ALDH1L2,1.1112603348526486e-4
ABHD3,5.6482952696089125e-5
LDHD,2.0757007337184164e-4
ACSF3,1.291228904322941e-4
ANKRD23,2.073847578821158e-5
DHFR2,2.0709083557641245e-4
MTLN,4.152062211999777e-5
TYSND1,1.4431707919667132e-5
ETFBKMT,1.291875720130158e-4
NUDT8,1.6607106062938804e-4
DAOA,1.4605217351918534e-5
PLA2G4D,2.8157710604726735e-5
NUDT7,1.716240042846745e-4
PDXDC2P-NPIPB14P,5.1597020011175104e-6
FADS6,6.3106989062004305e-6
SLC25A42,1.5241214624356507e-4
THEM5,2.7746993561529492e-5
RIMKLA,2.7880862163317407e-5
GADL1,5.316313973245922e-5
NAT8L,5.924380512057414e-5
MALRD1,4.31786983617086e-5
ACSM4,3.886160532614866e-5
LOC344967,1.3561612867915535e-5
ACSM2B,5.56799355220136e-5
ASPG,4.9671771560093694e-5
PEDS1,7.212764699284386e-5
IYD,1.0961360575540984e-4
NUDT19,1.2650588273691697e-4
MIR33A,1.644697330039479e-4
ACBD7,9.433162801260158e-6
PLIN5,1.175613048254117e-4
UGT2A2,4.080507397216021e-6
ACOT6,1.1020106343312824e-5
FADS2B,7.969851123036115e-6
GGTLC3,3.710294959754369e-5
D2HGDH,6.832946488847402e-5
GLYATL1B,3.900030358311777e-5
HTD2,4.6385764517144216e-5
ASIP,9.554654751213086e-5
ATP5F1C,2.1011641795504683e-5
ATP5F1D,3.9232957132667075e-5
ATP5F1E,2.0515384381596525e-5
ATP5PB,2.3041199716176832e-5
ATP5ME,2.0365097533812595e-5
ATP5PF,2.2903609851162738e-5
ATP5PO,2.0396875029246387e-5
COX4I1,2.0682195553643916e-5
COX5B,2.0226441129539455e-5
COX6A1,1.0207640060863322e-5
COX6A2,1.0180726737399291e-5
COX6B1,2.2060279887614945e-5
COX6C,1.1150787132746891e-5
COX7B,1.9676313871065653e-5
COX7C,1.006572057500016e-5
COX8A,1.9548680893728833e-5
CYB561,3.993808811481526e-5
CYC1,3.183714444703218e-5
DGUOK,3.277930034467786e-4
BLOC1S1,6.462452679427987e-5
MCHR1,5.8131960562204765e-5
HCCS,1.9967654890010365e-4
MT-ATP6,2.4754143237197545e-5
MT-ATP8,2.0365097533812595e-5
MT-CO3,2.2411409728254572e-5
MT-ND3,2.8659793464072212e-5
MT-ND4L,2.2191992755278268e-5
NDUFA1,2.4357287712062834e-5
NDUFA3,2.4384201035526868e-5
NDUFA4,1.7969798368451414e-5
NDUFA5,2.4384201035526868e-5
NDUFA6,2.4501223718042794e-5
NDUFA7,2.2218906078742302e-5
NDUFA8,2.5508618405608162e-5
NDUFA9,3.683341017195536e-5
NDUFA10,2.448521300826278e-5
NDUFB1,2.4603125866019706e-5
NDUFB2,2.4357287712062834e-5
NDUFB3,2.4357287712062834e-5
NDUFB4,2.442710145351961e-5
NDUFB5,2.4454014776983643e-5
NDUFB6,2.4454014776983643e-5
NDUFB7,2.5469267593273603e-5
NDUFB8,2.448521300826278e-5
NDUFB10,2.4384201035526868e-5
NDUFC1,2.4357287712062834e-5
NDUFC2,6.982563794511739e-5
NDUFS1,2.966145548875408e-5
NDUFS2,4.2543778150300085e-5
NDUFS3,2.7343572024731797e-5
NDUFV1,2.8914193299916707e-5
NDUFS5,2.5469267593273603e-5
NDUFS6,2.2191992755278268e-5
NDUFS8,2.6891887755429082e-5
NDUFV2,2.5910190979386024e-5
NDUFV3,2.2259157499663696e-5
OXA1L,8.545123743878365e-5
OXCT1,6.235497571989737e-5
POR,7.388300445712884e-5
SDHB,1.0916649519379675e-4
SDHC,3.622699530823695e-5
SURF1,1.6593003304914385e-5
UQCRB,1.3268647128279481e-5
UQCRC1,3.0295732299054312e-5
UQCRC2,1.4413785819063574e-5
UQCRFS1,4.1077380621849766e-5
UQCRH,2.8745918333577873e-5
SUCLG1,1.530881024199531e-4
SLC25A14,1.2087252062329757e-5
COX5A,2.0683456979490942e-5
ATP5MF,2.061629234460495e-5
ATP5PD,2.0365097533812595e-5
ENOX2,2.5305237761081073e-5
ATP5MG,2.0365097533812595e-5
PDIA5,1.1368326139454172e-5
UQCR11,1.3658111782750748e-5
NNT,2.284127969642511e-4
OPN3,1.1298619521065175e-4
UQCRQ,8.864222019774248e-5
NDOR1,8.288343773259605e-5
UQCR10,2.8745918333577873e-5
NDUFA13,3.867537650138747e-5
NDUFAF1,9.587829655900204e-6
CYCS,2.8548943003341987e-5
NDUFB11,1.4251601990606625e-5
CISD1,3.733499731662836e-5
NDUFA12,2.3077095149517943e-5
WDR93,3.7630668504428265e-6
COQ9,2.4790906364309423e-5
OXCT2,5.9602293919775376e-5
ANTKMT,4.789216363672794e-5
ACSS3,6.501992651836794e-5
COQ10B,1.194105890640761e-5
CHCHD5,1.9177489810792768e-6
DNAJC30,3.0176617940905284e-5
COX4I2,2.0606834128011534e-5
AIFM2,7.266739392067763e-5
LYRM7,1.1230153499235487e-5
SLC25A51,6.933895209531645e-5
COQ10A,1.194105890640761e-5
MRAP2,1.2033075380394966e-4
FDX2,4.826808389927199e-5
SLC35A4,3.4402605713024036e-5
COX6B2,1.1800408375043837e-5
NDUFA11,1.4251601990606625e-5
ETFRF1,1.5262455238989255e-6
C2orf69,1.3709997306444106e-6
AFG1L,1.1684911591869597e-5
COX8C,1.0014208009473216e-5
NDUFS7,5.4586059730994885e-5
COA6,5.609189381990123e-5
ATP5F1EP2,1.5420611715789186e-5
UQCRHL,1.3217134562752538e-5
CSKMT,3.6284109113128946e-5
UQCC3,3.482227174978164e-5
UQCRFS1P1,3.139840821703748e-5
NDUFC2-KCTD14,7.950294279654703e-6
ACTN2,2.0765317506181772e-4
ADARB2,3.42276460929842e-5
ADCY2,3.865267345062319e-5
ADK,4.5695801540266757e-4
PARP4,2.7760023093976837e-5
AK1,1.0433146995641539e-4
AK2,7.891288401348674e-5
ALK,1.307198090623257e-4
AMPD1,9.619777201382245e-5
AMPD3,1.1046752416980278e-4
NUDT2,1.0482479136433911e-4
APRT,3.853791032199293e-4
ARVCF,1.4600387244460156e-6
ATF1,4.871108075637366e-5
ATP5MC1,1.3514330312407646e-5
ATP5MC2,8.57439626626428e-6
ATP5MC3,8.57439626626428e-6
ATP6V1A,8.223063789345093e-5
ATP6V1B2,5.3587257855972625e-5
ATP6V0C,7.490220815529614e-5
BCL9,1.860212987119583e-5
KLF9,4.24703493959352e-5
CARS1,5.654761820811714e-5
RUNX1T1,3.7807010624905764e-6
CCNC,2.1871816612396828e-5
ENTPD3,3.570594041648464e-5
CDK8,6.664377882344561e-5
CDK9,1.6226239378603678e-4
CLK1,5.7839607848908805e-6
CLK3,5.971217332413261e-6
COX11,8.465188461363414e-6
ATF6B,5.2700978923102065e-5
CRMP1,1.0616713491089511e-5
CSNK1E,3.927555719743822e-5
CSTF1,2.812572476953475e-5
CSTF2,3.23190703401069e-5
CSTF3,3.7909456238621466e-5
CTAG1B,3.0699514051604776e-6
DAP,2.3839001769525315e-5
DARS1,7.129978466561983e-5
DBP,2.0610425238116274e-6
DCK,2.5486539159680523e-4
DCTD,2.3004530425325818e-4
DDX10,1.5055939983554373e-5
DDX11,2.142975601706245e-4
DFFA,1.1051651925499588e-4
DFFB,5.850959780838632e-5
DHODH,2.565585401166153e-4
DLG2,1.020794619036173e-4
DNASE1L1,2.086712461264351e-5
DNTT,5.9418237320141145e-5
DPYS,2.860125921117416e-4
DPYSL2,4.918304710830562e-6
ARID3A,1.628039699765429e-6
DTYMK,3.9527709246947704e-4
DUT,3.215580013661614e-4
E2F5,2.3917518265476907e-6
EBF1,1.1617797836417038e-6
PHC1,1.9045564392814146e-5
EGR4,1.7795462246873444e-6
EIF5A,7.195705260005775e-5
ELAVL2,8.140653034643275e-7
ELF2,1.552922400079758e-6
ELF5,9.565030057092214e-7
EN2,7.953332796097619e-6
ERG,2.080627389658938e-6
ERH,1.1361406702146882e-5
ESRRA,1.1086519102651166e-5
ETV4,1.1959885101851092e-5
EWSR1,1.2802386103736054e-6
FANCE,5.7947029589751845e-6
FANCF,5.611120261424814e-6
FARSA,6.200131654857165e-5
FHIT,2.9604422324132666e-4
FKBP2,1.784719813100671e-5
FKBP3,1.678516015490526e-5
FKBP5,2.0112494888442275e-5
FOXD4,3.7108475529552683e-6
FOXI1,6.302349412110993e-6
FOXD2,1.632452251403912e-6
FOXO3B,1.1935227960997233e-6
GABPB1,1.6896108867372534e-6
GLI4,1.0763220123834298e-6
GLRX,2.4240722006173298e-5
GMDS,1.1736786839993471e-4
GMPR,8.243972965281694e-5
GNAI3,3.2604689665510297e-5
GOLGB1,3.100050368378996e-5
GSC2,1.153515189048484e-6
GTF2A1,3.518884547574831e-5
GTF2A2,2.751993562517618e-5
GTF2E1,3.0214682963394876e-5
GTF2E2,5.088010214455636e-5
GTF2F1,6.927943540444347e-5
GTF2F2,3.779316078400884e-5
GTF2H3,3.7207316624039736e-5
GTF2H4,3.617281644515008e-5
GTF3A,9.780939250077621e-6
BRF1,7.276223731528978e-5
GTF3C1,4.374795162768368e-5
GTF3C2,3.74002861835847e-5
GUCY1A2,6.8208971098267e-5
GUCY2C,3.696879994529414e-5
GUK1,3.255277625620445e-4
H2AZ1,1.2581928966762315e-5
HARS1,5.662956514522336e-5
HINT1,3.6219024875674274e-5
HIVEP2,1.136471185026057e-6
HLF,3.768977618183784e-6
HMGA1,6.124111645659265e-5
HNF4G,4.678826704723326e-6
HNRNPH2,1.6908048940885932e-6
TLX1,1.6037964759418568e-6
HOXC12,8.221922118230701e-7
HSPA5,2.380623244257023e-4
FOXN2,2.7392433430258347e-6
SP110,8.357698672620918e-7
ILF2,5.213157382353545e-6
IMPDH1,5.616606642851318e-5
ITPA,3.122076301459784e-4
AFF3,1.6914264435517307e-5
LMO2,3.7407296645839725e-6
LMO7,2.8907735579396806e-6
MARS1,8.188437703607122e-5
BORCS8-MEF2B,2.6512920471540405e-6
MGMT,6.93650109378322e-5
MLLT1,6.877562452792224e-6
NR3C2,1.7090704318589315e-5
MPG,3.6830071855869964e-4
MUC1,3.2739084861151065e-5
MUTYH,1.9906129024764726e-4
MYCL,2.2087833885730524e-5
MYT1,1.153212502365604e-6
NAP1L1,7.014447381435398e-6
NARS1,6.081739074413169e-5
NEDD8,1.3947509397081266e-5
NFE2,1.12853143193527e-5
NFYA,1.1730325199745138e-5
NFYB,1.3221432892774444e-5
NFYC,1.2263884871759697e-5
NHLH1,1.7638108738778005e-6
NKTR,1.104018779697574e-5
NME1,6.515917527233373e-5
NME3,5.410355960099297e-5
NME4,6.0086180035551144e-5
NRF1,1.8361073228806023e-6
NTHL1,1.0437482542109485e-4
ORC5,1.8994077439701805e-5
PA2G4,5.607846678146704e-6
PABPC3,9.095159409993865e-6
PAX7,6.808962641055471e-6
PAX9,1.0976275499979434e-5
PCBP1,9.213567099108485e-6
PDE1A,6.05135336459522e-5
PDE4C,2.7162498763335773e-5
PDE7A,2.69909885864641e-5
GATB,5.882160505573901e-5
PIN4,3.345939281232309e-5
PLAGL2,2.1951058655997066e-5
PMS1,3.241726622881217e-5
PMS2P1,1.2431677255630051e-5
PMS2P5,1.2282217027835092e-5
PMS2P3,1.2536776121149782e-5
POLR2C,5.565889949351876e-6
POLR2D,7.765579963658178e-6
POLR2E,4.4301399616854806e-5
POLR2F,2.2202643910380123e-5
POLR2H,1.3869302654200959e-5
POLR2J,1.605419436493714e-5
POLR2K,1.4594305515784737e-5
POLR2L,3.063487572109698e-5
POU2F1,9.466357461020023e-6
POU3F1,1.0452293779798053e-5
POU5F1B,1.2112044438006787e-6
PPAT,1.3057433031302273e-4
PPIC,1.1148765129473074e-5
PPM1G,1.4374033664298501e-5
PPP1R8,5.722429375786286e-5
PPP2R5B,3.8985947152420995e-5
PPP3CC,8.386745632797836e-5
PRIM1,2.9678633114683024e-5
PRIM2,4.1202800476539704e-5
PSMA6,1.7539166565085918e-5
PSMC3,8.209594242369241e-5
PSMC5,4.4209324258184664e-5
PSMC6,6.338604006725661e-5
PTMA,1.5880863144758428e-6
RAD23A,2.201242991460532e-5
RARS1,5.286336295149466e-5
RBBP5,1.6603716302746755e-5
RBMS1,8.755628763405208e-6
RBMS2,8.068042112457028e-6
RFC2,2.901422662161743e-5
RFC4,4.953539673316288e-5
RFC5,2.901422662161743e-5
RFX4,7.3279397324462994e-6
RFXAP,1.0103278504048021e-5
RLF,2.244511099223224e-5
RNASEL,1.9185763961035377e-5
SNORA63,7.58523684995865e-6
SNORA62,7.58523684995865e-6
ABCE1,1.2285553139778418e-4
SNORD15A,4.729728801126173e-7
SNORA73A,7.636749415485593e-6
SNORD20,4.729728801126173e-7
SNORD21,4.729728801126173e-7
RXRG,1.7883036492231476e-5
S100A11,1.6989759114867994e-5
SAFB,8.458756243386194e-6
SCML1,1.0854980774006986e-6
SET,1.1864498611859233e-5
SIAH2,1.2389104668642475e-5
SMARCA1,6.93719527737558e-5
HLTF,7.786367929947742e-6
SUMO2,2.3010185785940653e-5
SNAPC1,3.4640466500730515e-5
SNAPC2,6.101552561074941e-6
SNAPC3,8.003701375798827e-5
SNAPC4,5.5718401221350066e-5
SP4,1.2675562065024776e-6
SPIB,1.611124894649654e-6
SSRP1,2.2991554858507526e-5
SSX2,5.609435432417527e-7
SSX5,5.609435432417527e-7
SSX4,5.609435432417527e-7
MED22,1.3268156365314454e-5
TADA2A,2.5948571242442122e-5
TAF5,2.1477783631086898e-5
TAF6,5.920797005731111e-5
TAF11,2.7158033377680448e-5
TAF12,2.536643008397555e-5
TAF13,1.6287762495655718e-5
TAL2,7.302800160601181e-6
TARS1,4.073700270060025e-5
TCEA1,5.438781236222535e-6
TCEA2,3.303307650158066e-6
TCEA3,1.5603718297027855e-6
ELOC,4.7834068702947814e-5
ELOB,7.48986975899148e-5
ELOA,1.2998085592845359e-5
TCF4,5.3306880316835806e-5
TCF20,1.0809080849646026e-6
TEAD3,1.879513173875955e-5
TEF,1.7883734332248428e-6
TFCP2,3.747220982602684e-6
TFDP2,2.993973386266515e-6
TK2,2.0446890700380452e-4
TLE1,1.434283090372872e-5
TLE2,3.3500857985760746e-6
TOP1,5.486381125818071e-5
TPMT,5.890429970409271e-5
TRAF1,1.2883191416550901e-5
TRAF5,3.667536497364873e-5
TSN,1.358875329718137e-5
TTF1,1.8531306907730616e-5
TTR,7.64080551698342e-6
UCK2,1.4901688101239577e-4
UMPS,2.253473187646459e-4
UPP1,3.791358616598009e-4
VARS1,6.644416109417335e-5
NELFA,2.09337177605429e-5
ZFP37,1.0828066431985537e-6
ZFPL1,8.848553584974976e-7
ZFY,1.7086695359832974e-6
ZIC1,2.1330611641493022e-5
ZNF2,5.566544795303206e-7
ZNF711,1.4118433336222466e-6
ZNF7,1.0651223838885466e-6
ZNF10,1.0011206231056612e-6
ZNF12,1.5900836020930117e-6
ZNF14,9.790540576565843e-7
ZNF708,6.396408736766901e-7
ZNF17,1.0763220123834298e-6
ZNF18,1.0763220123834298e-6
ZNF19,9.902536861514675e-7
ZNF20,9.902536861514675e-7
ZNF182,1.0651223838885466e-6
ZNF22,1.3374713131543602e-6
ZNF23,1.0763220123834298e-6
ZNF24,2.8509652652072414e-6
ZNF28,1.0651223838885466e-6
ZSCAN20,1.0763220123834298e-6
ZNF32,1.0763220123834298e-6
ZNF33A,1.516969808521913e-6
ZNF33B,1.5281694370167963e-6
ZKSCAN1,1.0763220123834298e-6
ZNF37A,1.0651223838885466e-6
ZNF43,1.516969808521913e-6
ZNF45,7.580540555096398e-7
ZNF66,1.0651223838885466e-6
ZNF726P1,1.0651223838885466e-6
ZNF69,1.0145003125546713e-6
ZNF70,2.5017484516688002e-5
ZNF74,1.289526222156241e-6
ZNF75D,1.1688749694305158e-6
ZNF75A,9.902536861514675e-7
ZNF76,3.8099112963910637e-6
ZNF79,9.902536861514675e-7
ZNF80,9.902536861514675e-7
ZNF221,1.0763220123834298e-6
ZNF90,1.1688749694305158e-6
ZNF99,1.516969808521913e-6
ZNF222,6.979048828670124e-7
ZNF121,1.0763220123834298e-6
ZNF124,9.902536861514675e-7
ZNF132,1.0651223838885466e-6
ZNF138,1.0763220123834298e-6
ZNF142,9.790540576565843e-7
ZNF143,3.565155697632814e-5
ZNF146,1.9882457578986708e-6
ZNF154,1.0651223838885466e-6
ZNF155,7.091045113618956e-7
ZNF165,1.0763220123834298e-6
ZNF180,9.902536861514675e-7
ZNF184,1.1688749694305158e-6
ZSCAN26,1.157851808841e-6
ZNF189,1.0651223838885466e-6
ZKSCAN8,1.0763220123834298e-6
ZSCAN9,1.0763220123834298e-6
ZNF195,1.1688749694305158e-6
ZMYM2,4.505519506417986e-6
ZNF208,1.620722394063882e-6
ZNF213,1.0763220123834298e-6
ZNF214,8.016574684089816e-7
ZNF215,1.0651223838885466e-6
ZNF223,7.091045113618956e-7
ZNF225,1.5281694370167963e-6
ZNF226,1.516969808521913e-6
ZNF227,1.5281694370167963e-6
ZNF112,1.516969808521913e-6
ZNF229,1.5281694370167963e-6
ZNF230,7.091045113618956e-7
ZNF232,1.157851808841e-6
ZXDA,4.77297305396609e-6
DEK,2.0661246943928648e-5
MLLT10,1.9755754464678195e-6
MLF2,7.187524346420338e-7
PWAR5,4.729728801126173e-7
TAF15,6.069267739882906e-6
SYMPK,1.4070763015014458e-5
NCOA3,1.1384080786723778e-4
CHAF1B,2.69233999791061e-5
PUDP,4.912130543092536e-5
KDM5C,2.5080962519683264e-5
LAGE3,1.3379170307325714e-5
CMAHP,6.428102918825587e-5
ZNF282,1.1564256563977029e-6
DUSP11,2.77560041086131e-5
TTF2,8.63896547822646e-6
SUPT3H,1.2525048755869525e-5
KCNAB2,1.043877874734067e-4
YARS1,7.687174374940674e-5
RRP1,5.217643478528762e-6
STK16,1.1315404678195206e-5
ASMTL,8.210205010066753e-5
RFXANK,1.1486398459691335e-5
RTCA,2.1624262467388427e-4
DYNLL1,1.355994560159802e-4
PABPC4,1.2346158562169642e-5
CREG1,1.3065593258765943e-5
TRIM24,4.82356310949724e-5
GMPS,1.3404978431293517e-4
FUBP1,1.3451390001144194e-6
MBD4,8.880552419083748e-5
FUBP3,6.723185324957842e-6
TOP3B,1.0108289917782304e-4
SNORD73A,4.729728801126173e-7
USP13,8.355714891625852e-5
TAF1A,1.8996810873362172e-5
BTAF1,3.051010763797918e-5
AIP,7.508008497174846e-5
PIAS2,2.0235952563169712e-5
ASH2L,1.8179217307817333e-5
RRP9,2.6475550134262824e-5
ZBED1,6.894443036683532e-5
LRRFIP2,3.658335819392574e-6
VAPB,1.1753191519798723e-4
CCPG1,1.1209383518064012e-6
GCM2,1.7385286475390136e-5
ZBTB22,1.1617797836417038e-6
MED14,1.8581504109732565e-5
SRSF11,9.745719195730011e-7
SNORD29,4.729728801126173e-7
SNORD31,4.729728801126173e-7
SNORD30,4.729728801126173e-7
SNORD28,4.729728801126173e-7
SNORD27,4.729728801126173e-7
SNORD26,4.729728801126173e-7
SNORD22,4.729728801126173e-7
ZNF235,6.979048828670124e-7
TRIP4,7.087455849184492e-5
GTF3C5,1.1120596231323992e-4
GTF3C4,9.104381551742101e-5
GTF3C3,3.8113060337217806e-5
PPIG,1.2132387707093133e-5
PPT2,2.2733196908182272e-5
CIAO1,2.6279954661744548e-5
TGFBRAP1,2.452052360472536e-5
ZRANB2,2.0799562173495225e-6
ZNF264,1.0763220123834298e-6
MED17,2.1572438683190217e-5
MED26,1.3489870664732852e-5
MED27,1.6042959161943867e-5
MED7,1.6021876997123117e-5
FHL5,2.758661519092013e-6
MED20,2.2524371151638574e-5
SLC4A7,4.865860095342357e-5
FXR2,6.757000625775272e-5
POLR1C,1.7679047820580023e-5
TP53I3,2.900112805042673e-5
ATP5MJ,1.2195237491419972e-5
CHD1L,3.359571093134466e-5
ENTPD4,1.6184091048316936e-4
CREB5,5.53898856087891e-6
IER2,1.5714987975407794e-6
VPS9D1,8.28251072864358e-6
ZNF592,1.562385200756213e-5
ST18,9.367803748755201e-6
ZNF646,1.0763220123834298e-6
ZSCAN12,1.0763220123834298e-6
KMT2B,2.7352606390941778e-5
BCLAF1,7.965368361626257e-6
RNF40,1.8619224585800683e-5
TSC22D2,1.2989741898548515e-6
ZNF623,1.0763220123834298e-6
ZNF518A,7.964581626070757e-7
MED24,1.9047785033098846e-5
TOX4,1.261623017007887e-5
ZBED4,2.3814100570033243e-6
SUPT7L,1.2824093793450442e-5
DCLRE1A,3.381448201131801e-5
EXOG,2.031486024614691e-5
MED13,2.964062668807361e-5
THOC1,2.5888022769735716e-5
HNRNPDL,1.139405277990492e-5
DMTF1,1.0969426523307392e-6
CASP8AP2,3.3092107897054593e-5
MED6,1.760627556807392e-5
SRA1,2.931643131187151e-5
MED16,1.9057053798335074e-5
CHAF1A,3.4754184766396586e-5
FARSB,6.139861645213963e-5
PDCD7,3.688518460046766e-6
TSFM,2.2108533417796518e-5
NAMPT,9.322969733164749e-5
RBM12,1.0345401798871998e-6
YAF2,1.8245319675195637e-6
SUGP2,8.32234699971225e-7
MBNL2,1.3070960761591667e-6
CEBPZ,1.1238128432158788e-5
ZNF197,1.516969808521913e-6
ZNF256,1.383758699300912e-6
USPL1,3.646158133081293e-5
SSX3,5.609435432417527e-7
ZNF443,1.0570140175638287e-6
DENND4A,1.0647743537339666e-5
SNAPC5,2.474899200717292e-5
APBB3,7.915486110862207e-6
ZNF267,1.516969808521913e-6
PCGF3,4.237038825394849e-5
NPM3,2.9806994545021593e-6
SCML2,2.15921901826626e-6
MIR9-1HG,7.99681958609795e-7
CARM1,1.3765292812957205e-4
ZNF211,1.0651223838885466e-6
CHERP,1.851531649191294e-5
NOP56,3.2398449064208023e-5
RNASEH2A,3.9638578108875355e-5
ERN2,4.632347641385311e-5
PAICS,1.8190184196221777e-4
ARID3B,9.470019188971862e-7
IVNS1ABP,9.79694583341981e-6
TAF6L,4.565837002492531e-5
FARS2,3.298493846290711e-5
GMEB1,5.0109591990735076e-5
NFAT5,2.437165281039659e-5
ZNF234,6.979048828670124e-7
ZNF266,9.902536861514675e-7
ZNF273,1.0763220123834298e-6
ZNF460,1.0763220123834298e-6
UTP14A,2.4453171268088976e-6
ZNF275,1.0763220123834298e-6
CLPX,8.920660560324718e-5
PDE10A,1.0789220634586846e-4
SRCAP,1.6090129566121632e-5
POLR1G,1.981024327234073e-5
WDR3,1.541497193365214e-5
CPSF4,4.655580638989345e-6
PAPOLA,3.5534449959225284e-5
SPIN1,2.8988758906429657e-5
APOBEC2,2.3665824753858617e-5
MSL3,2.037731213911153e-5
CBX1,2.8520424226022466e-5
EBNA1BP2,5.6656629483965254e-6
YWHAQ,8.09541546353805e-6
ASCC3,3.176567248230579e-5
ADIRF,2.455225603279545e-6
ADRM1,2.4165072672952654e-5
CPSF6,1.3556127193828583e-4
DDX52,9.562578933396176e-6
WWP1,4.830227803544583e-6
DUSP14,1.8428804177654274e-5
DIDO1,1.1021817305784962e-6
KRR1,3.440541650835342e-6
PRDM7,8.441127459768813e-6
PRDM4,6.478728662890064e-6
FAF1,6.085758852210075e-5
CLASRP,7.340494597483031e-7
PWP1,4.559601656279766e-5
BAZ1A,5.559044107877078e-5
SUPT16H,2.3251144924340498e-5
TREX2,2.704163066513947e-5
PMF1,2.7661335302902043e-5
SP140,1.8132754425727795e-6
DUSP12,1.4462896310016572e-5
SNF8,5.994340640390719e-5
ATXN2L,3.523871962397232e-6
RBPJL,1.801714088519562e-6
FKBP9,8.133713831891558e-6
CBX3,5.1544394490246926e-5
IKZF2,1.038793631545421e-6
ZNF652,7.868203231143476e-7
ZFP30,1.0651223838885466e-6
ZNF507,9.253626457750529e-7
ADNP2,9.520401111388862e-7
ZNF510,7.399624725016444e-7
ENPP4,6.0582418426693586e-5
MLXIP,2.4495179879768045e-6
ABLIM3,1.341483981855013e-5
BAHD1,5.76965857241524e-6
CEP164,8.006612359214073e-6
HABP4,6.007452974606984e-5
ELL2,1.1968271318062135e-5
KIN,2.0402849721207787e-6
SCMH1,1.968847406605066e-6
PDCD11,4.272851866271437e-6
KDM2A,3.725344292680679e-5
PHLPP2,1.8952983760832393e-5
ZNF292,1.2274681192528306e-6
PDS5B,3.82421692750168e-6
ZSWIM8,4.65303563014366e-5
NCOA6,1.625632748474259e-5
CAND2,2.8129891530178266e-5
RRP1B,2.45985654742326e-5
PPRC1,1.6141526707432201e-6
ERC1,4.500509046295387e-5
ZC3H13,8.155264221840581e-6
ZBTB43,1.8166394310888593e-5
DDN,8.792474939212551e-6
ZC3H3,2.2140809024943878e-5
LARP4B,2.2697801643715076e-5
FAM168A,4.264252989693629e-5
ZC3H4,9.436595963164317e-5
PDS5A,6.843092558592041e-6
RPRD2,1.6005212788544428e-5
ZC3H7B,4.593659087327735e-6
CSTF2T,6.187573809326658e-6
ATMIN,2.049864880928203e-5
U2SURP,3.628992782827544e-6
ZNF629,1.5281694370167963e-6
LARP1,8.737036602689064e-5
ICE1,3.5036825744237325e-5
MED13L,2.1965551869654805e-6
LARS2,6.726138072429186e-5
ITGB3BP,2.054199720936536e-5
HARS2,5.600262395385509e-5
ATP1B4,8.891736386842358e-6
PHF3,6.396408736766901e-7
TGDS,5.118510051827181e-5
BICRAL,9.574614778348861e-6
ADAT1,6.226183972070277e-5
WBP2,3.852639794743138e-5
SMUG1,1.4592496874505574e-4
CARHSP1,1.6403757505802163e-5
ORC6,1.4896240414189178e-5
ORC3,7.200365817483455e-5
ACOT9,2.3665224233360468e-5
ZIM2,8.53044527818308e-7
SSBP2,1.295675265961613e-6
SNHG1,4.729728801126173e-7
POLA2,3.0747470206451014e-5
ZKSCAN5,1.180074597925399e-6
ZNF318,1.6792708044648105e-6
CBY1,1.347008338610996e-5
CIZ1,5.14128802921813e-5
SNORD82,4.729728801126173e-7
POU2F3,8.775886756411511e-6
ZNF473,1.4559179100706128e-5
IFFO1,3.988955440371958e-5
NELFB,2.301484607232993e-5
ZNF521,2.70555962312028e-6
NOL11,3.3206127898525484e-5
NUDT13,8.884093572352161e-5
VIRMA,9.476904308169858e-6
PARS2,5.5915099474477635e-5
REXO2,1.7348178879368373e-5
ZZZ3,2.6098113386596207e-5
RPAP1,2.0415522208021524e-06
PTCD1,9.927038144194104e-6
SETBP1,8.37937593511136e-6
ZNF500,1.0763220123834298e-6
EDRF1,7.706118075783438e-7
SERBP1,4.5211486184684415e-5
ZNF658,5.4214241638411435e-6
ZNF337,9.902536861514675e-7
GMEB2,1.2675562065024776e-6
AK5,2.2689089317993696e-4
EHF,1.8589118055929504e-6
INTS6,9.827669626779718e-6
DUX5,9.293445296412069e-7
DUX3,9.293445296412069e-7
DUX1,1.3923915827694568e-6
SNORD12C,4.729728801126173e-7
RNU105C,4.729728801126173e-7
RNU105B,4.729728801126173e-7
SNORA73B,4.729728801126173e-7
SNORD81,4.729728801126173e-7
SNORD79,4.729728801126173e-7
SNORD102,4.729728801126173e-7
SNORD4B,4.729728801126173e-7
SNORD4A,4.729728801126173e-7
SNORD80,4.729728801126173e-7
SNORA72,4.729728801126173e-7
SNORA71B,4.729728801126173e-7
SNORA71A,4.729728801126173e-7
SNORA70,4.729728801126173e-7
SNORA69,4.729728801126173e-7
SNORA68,4.729728801126173e-7
SNORA67,4.729728801126173e-7
SNORA66,4.729728801126173e-7
SNORA65,4.729728801126173e-7
SNORA64,5.244854456395611e-7
SNORD63,4.729728801126173e-7
SNORD62A,4.729728801126173e-7
SNORD61,4.729728801126173e-7
SNORD60,4.729728801126173e-7
SNORD59A,4.729728801126173e-7
SNORD58B,4.729728801126173e-7
SNORD58A,4.729728801126173e-7
SNORD57,4.729728801126173e-7
SNORD56,4.729728801126173e-7
SNORD54,4.729728801126173e-7
SNORD53,4.729728801126173e-7
SNORD52,4.729728801126173e-7
SNORD51,4.729728801126173e-7
SNORD50A,4.729728801126173e-7
SNORD49A,4.729728801126173e-7
SNORD48,4.729728801126173e-7
SNORD47,4.729728801126173e-7
SNORD45B,4.729728801126173e-7
SNORD45A,4.729728801126173e-7
SNORD44,4.729728801126173e-7
SNORD43,4.729728801126173e-7
SNORD42B,4.729728801126173e-7
SNORD41,4.729728801126173e-7
SNORD55,4.729728801126173e-7
SNORD37,4.729728801126173e-7
SNORD36C,4.729728801126173e-7
SNORD36B,4.729728801126173e-7
SNORD36A,4.729728801126173e-7
SNORD35A,4.729728801126173e-7
SNORD34,4.729728801126173e-7
SNORD33,4.729728801126173e-7
SNORD32A,4.729728801126173e-7
SNORD24,4.729728801126173e-7
SNORA74A,7.636749415485593e-6
SNORD14A,4.729728801126173e-7
SNORD3P3,4.729728801126173e-7
SNORD3B-1,4.729728801126173e-7
HBP1,1.6248372771182779e-6
ZNF285,7.091045113618956e-7
DNAJC2,4.707855572245856e-5
USP21,1.4456056095770971e-5
TRMT2A,4.650633272250414e-5
PELP1,1.3871062816440624e-5
TAF5L,1.8867921262779677e-5
ZBTB11,1.1829069168385031e-6
DMAC2L,7.939823137326099e-6
PDE7B,2.733648564044674e-5
ZNF777,3.2828981782863246e-6
SALL3,1.0651223838885466e-6
NMRK2,8.379793775422851e-5
CSDC2,2.379217392473639e-6
VENTX,1.6617202470353145e-6
ZNF544,1.5281694370167963e-6
APEX2,3.150104547638638e-5
BHLHE22,2.816149454380203e-6
TOX3,3.390808325728354e-6
ZNF638,1.4472173930455818e-6
POLM,6.11434396681047e-6
MACROD1,6.429204696443031e-5
ATAD2,1.4874977423258245e-5
ZC3H7A,4.593659087327735e-6
MED4,1.9057053798335074e-5
SSU72,3.011572790619781e-5
FHOD1,3.074371634633397e-5
SAP30BP,1.1263197451370204e-6
OLA1,9.791160286057644e-6
REPIN1,1.5230263178204945e-5
SENP1,5.371263534122942e-5
CPSF1,1.116779502774754e-5
PURG,1.3019685629015537e-5
BAZ2B,8.68231061248285e-7
BICRA,1.4010139237114675e-5
CXXC1,1.3697829003866127e-5
POLR1H,2.0320683339811906e-5
DNTTIP2,2.4950573499198518e-6
CTAG2,3.2643083986859993e-6
CRNN,1.1468718483348747e-5
AK3,1.1185733497695992e-4
RNF141,1.935570031478011e-6
MED31,1.7576901324242417e-5
ASCC1,8.349355616228755e-6
EXOSC1,1.6927170859696453e-5
ZNF593,4.857820348336155e-5
ZNF691,1.038793631545421e-6
FCF1,2.870984555295001e-6
POLR1D,2.054334956438261e-5
UTP18,1.3031129351132694e-5
PHF20L1,1.5265038120707397e-5
UTP11,3.3565160024136424e-6
ZNF706,4.283028864306471e-6
DDX47,9.50905187181595e-6
ELOA2,1.2495813317900871e-5
PHF20,1.2741171716954365e-5
NT5C3A,4.64780980466012e-5
ZNF571,1.0651223838885466e-6
IER5,5.825575275769884e-5
SCAND1,7.706118075783438e-7
GMPR2,8.702437426102016e-5
FKBP11,8.64114809361288e-6
ARL6IP4,1.0079606534771265e-6
ZNF771,9.89686272788404e-7
ZNF117,1.1688749694305158e-6
TEX264,1.2789419089629186e-5
NOL7,3.813124070952675e-6
ZNF107,1.5281694370167963e-6
VGLL1,1.272908928123618e-6
PRRX2,1.100870627131443e-6
SPOUT1,2.679055875392376e-5
CTDSPL2,1.5029257132362287e-5
NELFCD,2.0236727181625195e-5
PPHLN1,2.1453715183548376e-5
ZCCHC17,5.010912877854097e-6
ZNF581,1.038793631545421e-6
CINP,8.142471918588435e-6
ARMCX3,1.5118508939814523e-5
TDP2,1.275273637563489e-4
ESF1,1.2802478814344493e-6
PCF11,2.381794053438069e-5
MED15,1.3219129902069082e-5
SRRT,2.279000639264795e-5
NOP58,4.9889945184963875e-5
RASD1,7.372259171707588e-6
FKBP7,1.702501951808977e-5
ZNF44,9.790540576565843e-7
DNAJB11,1.6679111331364884e-5
CMPK1,2.612182058460807e-4
WBP11,3.980172839152334e-6
RSF1,6.412449047422918e-5
KDM3B,3.745868655040158e-5
PHAX,4.306740983315534e-5
ADA2,1.3020117759142102e-4
NUDT9,4.27035450367377e-5
PANK1,4.586982866895461e-5
PTOV1,1.073586185559988e-6
CPSF2,1.6734831234720947e-5
YBEY,4.083156803471542e-6
CHRAC1,3.869034274730872e-5
ATAD2B,1.4565571377661524e-5
SPIN2A,2.591631663920416e-6
DGCR8,1.3646926543569787e-4
ANKRD16,1.7989148539369803e-6
SCAND2P,6.370108686791108e-7
FBXL19,1.3071742270057677e-5
NKX1-1,1.1385240212644373e-6
ZNF853,9.073712066197675e-7
MED18,1.4531843500090468e-5
ZNF586,1.0651223838885466e-6
ZNF562,1.0651223838885466e-6
ZNF280D,1.0763220123834298e-6
ERCC6L,1.3913175190757865e-5
GIN1,3.898429689037878e-6
WDR55,1.17939461427969e-6
GON4L,8.64117980801107e-7
QRICH1,8.403860101151666e-6
CASZ1,2.1047972441347463e-6
CDKAL1,1.9075943878271836e-4
NSD3,1.3704553859027391e-4
CHTF8,1.9994497278059217e-5
ZSCAN32,1.1005686387866336e-6
TMEM161A,9.930780815293217e-6
EXD3,1.927848793527966e-6
KANSL2,8.178085018244019e-6
DUSP23,1.4730388235394753e-5
SSH3,1.834767539731261e-5
UCKL1,1.977809196469756e-4
HPF1,2.8498726075508782e-5
INTS11,9.330624786756732e-6
NMRK1,8.04764167022422e-5
ZNF770,1.516969808521913e-6
FKBP14,8.017976483187208e-6
NOL8,4.094891828210964e-6
CDCA4,1.2854838128799888e-6
MED9,1.3258602545057486e-5
SLFN12,5.627731661652504e-6
PRPF38B,1.9565711764323253e-6
FANCL,8.421672490464209e-6
RBM28,1.1452410596378554e-6
LARP1B,9.077951015293786e-6
SRBD1,6.878598251061854e-7
MSL2,6.275807680338524e-5
INTS10,6.9690330737217234e-6
NADSYN1,8.397565829180892e-5
ZNF532,6.979048828670124e-7
SBNO1,1.2514301616210075e-6
FANCI,8.782660209484992e-6
VRTN,7.536017365534643e-7
ASXL2,3.087573019179111e-5
TYW1,5.867253327820896e-5
IMP3,2.3839932972900423e-5
QRSL1,5.8976342847994846e-5
ZNF654,7.756206946194643e-7
BRF2,5.587167234399282e-5
ZNF444,1.0763220123834298e-6
RFK,3.319242083073408e-4
CPPED1,1.2138969799640389e-5
LARP6,1.6489686403382305e-5
SLC35C1,2.5795503126172827e-4
PIDD1,1.0325885964970743e-5
MCM10,8.047118878366624e-6
ZNF331,1.180074597925399e-6
SAGE1,7.594721599145151e-6
ELAC1,4.4382293826557584e-5
MAML3,8.682778259960841e-6
CDCA7L,1.150408705918987e-6
RBM38,1.0395553730786698e-5
ZNF823,9.790540576565843e-7
ZNF821,1.038793631545421e-6
SUPT20H,7.747570307431076e-6
MED29,1.3258602545057486e-5
ZNF280C,1.0763220123834298e-6
TASP1,9.280533996978932e-6
THUMPD1,1.9412741927709854e-6
ZNF407,1.0291152313170223e-6
KRBOX4,4.03192365972974e-7
DEPDC1,2.15890093730863e-6
INTS8,9.584026054820246e-6
ZNF416,1.0651223838885466e-6
DDX27,8.237701233419499e-6
ZNF446,1.2158691395031723e-6
MFN1,2.429712040979236e-5
PPP4R3A,1.70317327810464e-5
IWS1,3.4350722248732116e-5
IARS2,6.79043322416453e-5
FAR2,8.313714247559472e-5
ZNF334,1.0763220123834298e-6
N4BP2,4.174925056162781e-5
ZFP64,2.5376352116746258e-5
NAXD,1.1534529469142851e-4
CCAR1,9.902371879036777e-6
INTS9,1.2279585459788589e-5
RCOR3,2.134947630287299e-6
ZNF701,1.0651223838885466e-6
ZNF83,1.0763220123834298e-6
ZNF415,1.5702961345485294e-6
LRIF1,2.2670061497502875e-5
MBNL3,4.350430473532682e-6
HR,3.5152015186784046e-5
TRERF1,4.413928005170865e-5
BDP1,1.1903629553022219e-4
DCAF6,3.296175483435482e-6
CAND1,5.60976404409149e-5
EAPP,9.538651477381128e-6
BEX1,5.059230380246265e-6
ZKSCAN7,1.0763220123834298e-6
MYNN,2.2246761127720098e-6
ZNF395,1.7857236459744595e-6
ZNF302,1.0763220123834298e-6
NKRF,4.700337985852988e-6
ZMAT5,2.996376103106096e-6
ZNF253,1.3124098981634012e-6
PRMT8,1.3292029548823682e-4
CTPS2,1.066463427887113e-4
POLE4,2.4269277667650016e-5
SLC2A4RG,1.2733214084502254e-6
TCEAL7,2.06997752073515e-6
RAD18,7.748031289666837e-5
PAPOLB,7.6135438836562295e-6
BMAL2,2.432445025882231e-5
EMSY,9.469575090484096e-7
PRTFDC1,4.227207263694478e-5
NT5M,6.748858018159649e-5
ATXN7L3,3.6574999808509935e-5
PRDM10,2.5181076254224006e-6
DTWD1,2.7209983708382882e-5
RARS2,4.0785822272401986e-5
DDX24,7.446007105160784e-6
NAT14,3.064624285667384e-6
REXO4,6.12676687846808e-6
ZNF695,1.0763220123834298e-6
INTS12,9.633735582835624e-6
VARS2,6.65150623989225e-5
THOC2,2.7205004858410723e-5
ZNF248,9.902536861514675e-7
ZNF630,1.0651223838885466e-6
ZNF286A,1.0763220123834298e-6
CLK4,4.714299065409665e-6
WDR18,1.0320860482772095e-4
REXO1,7.023466253807106e-6
PPM1H,1.970044012238169e-5
LRRC47,3.1280794728549224e-5
ZNF490,1.0763220123834298e-6
AHRR,9.919610763696355e-6
MRTFB,2.4105201353306624e-5
INTS2,9.92619004398757e-6
XPO5,7.928820887090739e-5
ZNF398,1.1999219504880588e-6
ZNF624,1.0763220123834298e-6
ZNF319,1.5281694370167963e-6
ZNF471,1.0763220123834298e-6
ZNF687,7.906343078194657e-7
EBF4,3.4208490263114054e-6
HOMEZ,9.389915178804138e-7
ZNF492,1.0651223838885466e-6
POGK,6.567509380022001e-7
UVSSA,1.1880820091060814e-5
CALCOCO1,4.614900677295226e-6
ZNF317,1.0763220123834298e-6
ZNF529,9.790540576565843e-7
SFMBT2,3.849462713816238e-6
PRX,1.719367611389019e-5
RBAK,1.4875112848428812e-6
SUGP1,1.1019391787076808e-6
GATAD1,9.266427577864558e-7
ZNF410,1.6505833165962605e-6
NFE4,1.7539444737502043e-6
CREBZF,1.2300392829104524e-5
ZNF71,1.5281694370167963e-6
ZNF77,9.902536861514675e-7
ZNF462,1.053207137017995e-6
ZNF250,1.1005686387866336e-6
SCAF1,1.0562713802943238e-5
KMT2C,2.663459383138794e-5
DNASE2B,4.2695781819462425e-5
WIZ,2.624548697430829e-5
HIVEP3,2.943330018706516e-6
GPBP1L1,8.325328484466818e-7
TRMT11,5.7914032649801856e-5
PPCDC,1.1145806786292786e-4
FAM111A,1.5029398370096122e-5
CHTF18,1.8265567210431986e-5
CHP2,3.9499514590384304e-5
ZNF667,1.038793631545421e-6
PCIF1,8.633834191574627e-5
DMRTC1,5.948887489730827e-7
NEUROG2,3.6022243105417067e-6
NEUROD6,6.486769285522601e-6
NPAS3,1.4735031276755096e-6
MMS19,3.6051560560866847e-5
LHX5,6.134399122303945e-5
ZSCAN31,1.0763220123834298e-6
NOC3L,2.7676583643641254e-6
IKZF4,4.054743791262422e-6
ACTR6,2.0359700915766043e-5
SMYD3,5.7508955196643474e-5
ZNF574,1.5281694370167963e-6
AEN,7.993879652770902e-6
EXO5,4.49073179868149e-5
TUT1,7.847340701318874e-5
RFX7,4.745540724023311e-6
PAPOLG,7.714132227841955e-6
GPBP1,1.0286710986628363e-6
MRPL44,1.9201283119950808e-5
NOL6,6.431920161311884e-5
PRAMEF1,4.293406605002645e-6
PRAMEF2,4.293406605002645e-6
ZFP69B,1.5197979401765244e-6
ZNF649,1.068636361003686e-6
BRD9,1.4032030493513863e-5
ZSCAN18,1.0763220123834298e-6
ZNF747,4.5290189398835137e-7
ZFTA,7.567184919896637e-7
TRIR,7.979293251901712e-6
DDX54,1.4164353846589769e-5
KCTD15,1.8031609079192015e-6
NOC4L,4.8039956879242e-5
DSCC1,4.5661337225700444e-5
DCTPP1,2.9927944071951037e-4
LBHD1,7.706118075783438e-7
ZNF426,1.0763220123834298e-6
TAF1D,1.9463836312220105e-5
ZSCAN5A,1.0763220123834298e-6
ZNF343,1.0940062716934369e-6
ZNF576,7.091045113618956e-7
IRX6,1.7884418587281355e-6
THOC6,2.5206245669979523e-5
ZNF557,9.902536861514675e-7
ZXDC,7.777203009743825e-6
HMGN5,3.7778213838507606e-6
PAGR1,2.52385299163126e-5
CARS2,5.581484791071088e-5
OBI1,3.6130397269680954e-6
PGBD5,9.860259911343348e-5
NAA16,3.204806211907437e-5
EFL1,1.7041053283727313e-5
ARMC7,1.0015385851436527e-6
PANK3,4.542086672881786e-5
USB1,8.515603059717963e-5
BEND5,8.882985650161774e-7
NEIL1,6.055221212131816e-5
ICE2,3.174731945443411e-5
ZNF329,1.2781058870362534e-6
QTRT2,7.943829989783242e-5
ZNF322,3.637987420236513e-6
GTDC1,5.315650275298757e-5
ZNF768,1.065602771648247e-6
THAP9,5.351578507394899e-5
NARS2,4.79724130107496e-5
ZNF419,1.0763220123834298e-6
ZFHX4,1.2543327406887896e-6
ZNF665,1.0651223838885466e-6
ZNF408,1.1005686387866336e-6
CARF,9.876474646052691e-6
SLTM,1.561267960344402e-6
ZNF552,1.0763220123834298e-6
ZBTB3,7.868203231143476e-7
ZNF669,9.902536861514675e-7
RBFA,1.132262098254192e-6
CPSF7,3.325258469791125e-5
RPAP2,2.5310868815714105e-5
CBLL1,9.797220051667924e-6
NUDT18,4.070882316594299e-4
DCAKD,3.4798220523030285e-5
ZC3H14,1.0191156865403194e-5
ZNF671,1.0275940030505377e-6
MCMBP,6.438600475016228e-6
ZNF672,8.783242647781496e-7
ZNF613,1.038793631545421e-6
SETD6,2.3495654262617578e-5
ZNF696,9.902536861514675e-7
ZNF442,9.790540576565843e-7
ZNF702P,7.091045113618956e-7
PHC3,6.3369567889657726e-06
ZNF556,9.790540576565843e-7
CSRNP3,1.6101723992720566e-6
ATF7IP2,8.519911746783543e-7
ZNF606,1.5771189811645402e-6
ZFP2,1.0763220123834298e-6
ZNF614,9.902536861514675e-7
VCPIP1,6.698603179491285e-5
THOC7,2.5033232985045284e-5
PAAF1,1.2238651626685701e-5
FAAP100,5.6467784835426346e-6
ZNF430,3.6036347012386842e-6
MED28,2.0850848783209125e-5
FLAD1,2.1066426150983367e-4
WDR82,1.1003006478620754e-4
ZSCAN16,1.0763220123834298e-6
COASY,1.4316393296103148e-4
AARSD1,7.453318915271613e-5
ZNF34,1.157851808841e-6
INTS5,9.938016847545547e-6
ASXL3,2.067193523854181e-5
ZNF436,1.0717834826090377e-6
EEPD1,1.0692060753345148e-5
KDM7A,6.117636351417956e-5
SETD7,4.228860584980359e-5
ILKAP,9.837746231092951e-6
POLR2M,8.233265338884331e-5
TDRD3,3.798536476886948e-5
INTS14,9.584026054820246e-6
CSRNP2,1.664419614144076e-6
CDADC1,1.0794276456575503e-4
FIP1L1,4.405548484081019e-6
REXO5,7.173521098858749e-6
ZNF611,1.0651223838885466e-6
ISG20L2,7.832354398982e-6
QTRT1,7.880501294929316e-5
TCF7L1,5.807103788694416e-6
UCK1,1.4899263438599258e-4
NUDT12,2.166415472024638e-4
BCL2L12,1.0049427545926238e-6
ZMIZ2,1.0195586580970592e-5
RIOK1,2.140079364537149e-5
H2AB3,4.991655096151941e-6
TFAP2D,5.137368782643326e-5
GRWD1,1.0397596045688635e-5
ZNF484,1.516969808521913e-6
L3MBTL2,2.92124371994081e-6
TMTC1,1.7477077181361602e-5
CDCA7,7.753626896678706e-7
TATDN1,1.0797779808110485e-5
RBM48,1.1019391787076808e-6
ZIC4,1.1927553612253682e-6
ZNF394,1.0763220123834298e-6
WDR75,1.420771993096455e-5
UTP15,1.4578392592189562e-5
ZNF644,2.5623394289460036e-6
RNASEH2C,1.8403395283218446e-5
GTF2IRD2,7.371107950989702e-7
ASCC2,2.3716430381352584e-5
CHD6,1.5198923913159834e-5
FAR1,1.0214619556494837e-4
MAF1,1.4514166004796368e-4
MED10,1.301939957270747e-5
POLR3GL,5.490347325923627e-6
QNG1,3.152013074714516e-5
ZNF397,1.808470355313658e-6
NUDT16L1,1.4321999206427611e-5
THOC3,2.5000652732735458e-5
ZNF414,7.091045113618956e-7
PCGF5,4.28581083556753e-5
ELOF1,7.225334739987928e-6
NIFK,3.0679256334157483e-6
ZNF528,1.0651223838885466e-6
MAML2,8.682778259960841e-6
ZNF333,1.0763220123834298e-6
ZNF512,8.128570969038648e-7
EFCAB7,1.0917474489297256e-4
ZNF527,1.0651223838885466e-6
ZNF559,9.902536861514675e-7
RHOXF2,1.1874282325241349e-6
SNORD35B,4.729728801126173e-7
PGBD1,7.003425746051002e-7
ZNF594,1.5771189811645402e-6
SPZ1,6.689488036034851e-7
GLYR1,1.5427885064963013e-5
DPY30,1.6096337200583282e-5
ZNF347,1.0651223838885466e-6
ZNF577,1.0763220123834298e-6
ZNF607,1.0763220123834298e-6
PERM1,2.5671039823522016e-6
ATP5MK,1.2143724925893029e-5
ZNF496,1.285990276720021e-6
ZNF503,1.1827352306587412e-5
RIOX2,3.660943635160289e-5
ZC3H10,3.1641418587535975e-5
ZNF514,1.0651223838885466e-6
ZSCAN10,1.383758699300912e-6
TBRG1,4.913451199150038e-6
NFATC2IP,2.2265351508907543e-6
ZNF341,1.3861752281588721e-6
ZNF382,1.0275940030505377e-6
ZNF587,1.0763220123834298e-6
FIZ1,2.9246472974755826e-6
ZNF566,9.902536861514675e-7
PWWP3A,1.4607383905401126e-6
MPND,2.2498725609938946e-5
TOX2,1.8069997469404176e-6
SNHG7,4.729728801126173e-7
SNHG12,4.729728801126173e-7
PPIL4,7.792845230225384e-6
SNORD14B,4.729728801126173e-7
SNORD14C,4.729728801126173e-7
SNORD14D,4.729728801126173e-7
EAF1,2.1223549665777195e-5
ZIC5,1.21984499894743e-6
HELZ2,3.6926108915539726e-5
CIPC,5.774857462755677e-6
ZNF518B,7.964581626070757e-7
RPPH1,1.8797508633896682e-5
ZNF30,1.0651223838885466e-6
ZNF551,1.0651223838885466e-6
ZNF616,1.0651223838885466e-6
ZNF766,1.0763220123834298e-6
THAP3,7.788110970011573e-7
ZNF468,1.0651223838885466e-6
ZNF160,1.1847493783003806e-6
MED30,2.1563169917953985e-5
ZNF835,1.038793631545421e-6
ZNF799,9.790540576565843e-7
ZNF625,9.902536861514675e-7
ZNF700,9.790540576565843e-7
ZNF439,9.902536861514675e-7
LINC00473,1.925607370359671e-7
ZNF486,1.2035463485610183e-6
TBL1Y,2.018477757605155e-6
PRMT9,9.71159002204287e-5
ZNF479,1.0763220123834298e-6
ZNF697,1.0763220123834298e-6
ZNF251,3.3235875451208333e-6
ZNF682,1.0651223838885466e-6
L3MBTL4,1.2954558810634763e-6
SNORD107,4.729728801126173e-7
ZNF502,9.287760558470855e-6
ATP23,3.7259556289191195e-5
FAAP24,1.7737246731825238e-5
ISX,1.026001929394364e-6
CHURC1,2.0849568397059403e-6
ZNF765,1.0763220123834298e-6
ZNF845,1.516969808521913e-6
MIDEAS,2.1380256000952936e-6
LIN52,5.2613630849291736e-5
TTC5,4.509152640620107e-6
ZNF300,1.703887789268274e-6
CCNQ,4.827870848412522e-6
INTS4,7.026668434029052e-6
ZNF461,1.0763220123834298e-6
ZNF585B,1.516969808521913e-6
METTL18,5.610976658308825e-5
FANK1,3.3637327747540094e-6
ZNF764,4.172707165380685e-6
DTD1,6.156912418913577e-5
H2AC25,1.4161572268656686e-5
ZNF276,1.2051326232029113e-5
IMP4,4.0175015439528136e-5
HNRNPLL,2.404669156997033e-6
MARS2,5.5915099474477635e-5
ZBTB47,7.868203231143476e-7
NT5C1B,2.9394508536498173e-5
NAPRT,7.812121296371565e-5
ZNF561,1.0651223838885466e-6
SP140L,7.756206946194643e-7
ZNF670,1.1132498469750916e-6
TADA2B,7.713050994409711e-6
GCNA,1.7734349131059356e-5
ZNF101,9.902536861514675e-7
SNORD46,4.729728801126173e-7
SNORD38A,4.729728801126173e-7
SNORD38B,4.729728801126173e-7
DTD2,1.0923752200928268e-4
GTF3C6,3.745822000288622e-5
GLMP,3.229998568007367e-6
TP53RK,2.129001087436584e-5
MED8,1.4857003411477367e-5
AHNAK2,5.39309489769951e-6
ADAT3,3.844487237256971e-5
ZNF257,1.0651223838885466e-6
ZIM3,1.0763220123834298e-6
TOE1,1.7746406025533042e-5
SNORD15B,4.729728801126173e-7
SNORD73B,4.729728801126173e-7
ESCO1,2.807454469290319e-5
SCAND3,4.884034628364134e-6
PTPMT1,9.288365670239399e-5
ZNF618,1.0623712898102347e-5
CCDC124,1.800124837733572e-6
ZNF554,1.1080382191014244e-6
ZNF689,2.9304528395763325e-6
ZNF501,1.5683378855704777e-6
TENT5B,1.232264490996597e-5
NOSTRIN,1.7237013597916718e-6
DIS3L,3.5106031860167315e-5
ZNF837,1.1005686387866336e-6
TOP1MT,3.0501421376114924e-5
OLIG1,5.810338489679174e-6
MED12L,3.058777578620825e-6
SNORD139,4.729728801126173e-7
SNORD83A,4.729728801126173e-7
SNORD83B,4.729728801126173e-7
TADA1,7.683574492840038e-6
ZNF511,7.091045113618956e-7
POU2AF3,1.090366795440911e-5
RHEBL1,3.656464998855563e-6
ZNF641,1.129418842916367e-6
ASCL4,1.5979042768072193e-6
ALKBH2,8.260226716422784e-5
AK7,2.9480493097147585e-5
MTFMT,1.2921635533542697e-4
TARS3,3.979779203945218e-5
ZC3H18,1.4058097057328949e-5
CDYL2,3.020440160124352e-6
KRBOX5,4.03192365972974e-7
KRBA2,4.164188410847451e-6
ZFP3,9.902536861514675e-7
RN7SK,2.003324420481557e-5
SNHG29,4.729728801126173e-7
ZNF816,1.0651223838885466e-6
ZNF543,1.0763220123834298e-6
ZNF813,1.0651223838885466e-6
ZNF441,9.902536861514675e-7
ZNF491,9.902536861514675e-7
ZNF440,9.902536861514675e-7
ZNF787,8.719017398384476e-7
ZNF573,1.0651223838885466e-6
EID2B,4.619621003060454e-6
ZNF57,9.902536861514675e-7
ZNF792,1.1005686387866336e-6
GABPB2,1.0772320226805634e-6
ZNF684,9.790540576565843e-7
TCEANC2,6.011309741561959e-7
HMGB4,3.216118189205e-6
ZNF648,1.0763220123834298e-6
KLF17,1.1617797836417038e-6
BHLHE23,2.816149454380203e-6
TSHZ2,8.722780943726214e-7
ZNF280A,1.0763220123834298e-6
TYW5,7.187879830692007e-5
NUDT16,4.259871442827203e-4
PPM1M,2.117431055507072e-5
LIN54,1.1395282281107877e-5
NADK2,5.849503656648882e-5
JMY,6.655925447269435e-5
POU5F2,1.1120702556263263e-6
UBLCP1,8.969900226783109e-5
NCOA7,3.79131103816734e-5
ZNF786,1.5281694370167963e-6
SSU72L6,1.85720186001562e-5
KLF14,7.643068444910876e-5
ABRA,7.5535908754398846e-6
NKX2-6,5.9953005293838745e-5
PASD1,3.495237593798563e-5
HDX,1.1120702556263263e-6
PPP4R3C,1.6628002841939267e-5
UPRT,5.36899809646804e-5
FOXR2,9.789987842188546e-7
ZFP92,1.0651223838885466e-6
ACTRT1,2.0408510591177035e-6
SPIN4,4.386655628244437e-6
RNF113B,3.185207990252853e-5
ZNF358,6.885649871213808e-6
ZFP28,1.0651223838885466e-6
MACROD2,4.8165926818552e-5
ZNF280B,1.0651223838885466e-6
SREK1,1.2779635912077738e-6
SSU72L3,1.85720186001562e-5
SPINDOC,6.879290204523398e-6
SPTY2D1,1.8407837272039476e-5
ZNF664,1.0763220123834298e-6
ZSCAN29,1.0763220123834298e-6
ZNF597,1.5281694370167963e-6
ZNF785,9.902536861514675e-7
ZNF688,7.091045113618956e-7
B3GNTL1,5.4676584889362274e-5
SLFN13,1.0310465052337473e-5
ARK2N,1.2161931507043108e-5
ZNF480,1.157851808841e-6
ZNF534,1.0763220123834298e-6
ZNF578,1.0858758326403968e-6
ZNF418,5.8771620982697315e-6
ZNF417,1.0763220123834298e-6
ZNF548,1.0651223838885466e-6
PPM1N,1.275998665436401e-5
ZNF560,9.790540576565843e-7
ZNF524,1.038793631545421e-6
ZNF563,9.902536861514675e-7
ZNF420,1.136471185026057e-6
ZNF565,1.0651223838885466e-6
ZNF542P,6.979048828670124e-7
ZNF582,9.902536861514675e-7
ZNF583,1.0651223838885466e-6
ZNF599,9.902536861514675e-7
ZNF558,9.902536861514675e-7
ZNF98,1.0651223838885466e-6
ZNF714,1.0651223838885466e-6
ZNF681,1.0651223838885466e-6
ZNF555,9.902536861514675e-7
ZNF569,1.0763220123834298e-6
ZNF570,1.0651223838885466e-6
CIART,8.65077514720827e-6
ZNF362,1.0275940030505377e-6
COMMD7,5.102247240356166e-6
CCDC117,2.275899128705588e-6
DUSP18,2.5360036332436535e-5
SMYD1,2.4861371503646156e-5
MSL3B,1.5906197664068025e-5
UPP2,2.8598727815281645e-4
NFXL1,1.1775331796930554e-6
ZNF595,1.0763220123834298e-6
SRFBP1,4.8400356649221834e-6
SNRNP48,2.9140041413790693e-6
ZNF425,1.307244193325917e-6
RBM33,1.2775834402486662e-5
AK8,3.654352533172391e-5
ZNF483,1.0651223838885466e-6
ZNF782,1.516969808521913e-6
ZXDB,8.6284527125081e-7
RHOXF1,4.388328190672507e-6
SLC5A8,4.2128927377905925e-4
PPTC7,5.62007057687034e-5
MAPDA,1.5039974930653127e-4
EXD1,2.6161469529684358e-5
ZFP1,1.0763220123834298e-6
ZNF519,1.0651223838885466e-6
ZNF836,1.516969808521913e-6
ZNF610,1.0651223838885466e-6
ZNF600,1.5281694370167963e-6
ZNF320,1.0763220123834298e-6
ZNF497,1.038793631545421e-6
ZNF550,9.902536861514675e-7
DEDD2,1.2518279875391472e-5
ZNF846,9.902536861514675e-7
ZNF579,9.79215791887666e-7
ZNF791,9.902536861514675e-7
ZNF564,1.038793631545421e-6
ZNF709,9.790540576565843e-7
ZNF433,9.902536861514675e-7
ZNF114,1.2389926034591055e-6
ZNF567,1.038793631545421e-6
ZNF383,1.4411067933553725e-6
ZNF781,6.979048828670124e-7
ZNF780B,1.516969808521913e-6
ZNF676,1.0651223838885466e-6
ZNF100,1.0763220123834298e-6
ZNF540,4.949647578444318e-6
CITED4,2.0126236993362315e-6
ZNF92,1.180074597925399e-6
ZNF679,1.0763220123834298e-6
GIMAP7,5.714279773096418e-6
ZNF467,1.0763220123834298e-6
ZNF596,9.902536861514675e-7
ZNF883,1.0763220123834298e-6
ZNF169,9.902536861514675e-7
TENT5D,1.09751283598531e-5
SPIN3,2.591631663920416e-6
SUPT20HL2,5.80070619977349e-6
TCEANC,6.011309741561959e-7
SSBP4,1.286121445704646e-6
COMMD6,3.7025062468249073e-6
ZNF721,1.516969808521913e-6
ZNF384,1.516969808521913e-6
AGO3,5.8350672479761535e-5
ZNF367,1.1252715565311737e-6
SSU72L5,1.85720186001562e-5
ZFC3H1,7.592313095764302e-6
MYRFL,3.248341865329802e-6
ADCY4,2.60294876899643e-5
ZNF778,9.902536861514675e-7
ZNF48,1.5524160634200001e-6
ZNF627,9.902536861514675e-7
ZNF585A,1.516969808521913e-6
ZNF626,1.0651223838885466e-6
NUDT17,6.032145795509645e-5
FOXD4L1,1.1806048267705458e-6
TET3,7.583999516139005e-5
ZBTB7C,2.839963333829679e-6
ZNF584,1.0651223838885466e-6
INTS6L,7.476638607201003e-6
GSX1,1.8244734340945603e-5
MED19,1.3258602545057486e-5
ZNF25,9.902536861514675e-7
RTKN2,5.290217303145368e-6
ZNF438,1.146992402867947e-6
ZNF485,1.5281694370167963e-6
JMJD1C,1.5824049887871164e-5
AK9,2.113688636756688e-4
BEND6,4.590967067078722e-6
OARD1,1.4282207478673355e-4
ZBTB9,1.1005686387866336e-6
ZSCAN25,1.0763220123834298e-6
POLR1F,1.8307060767842197e-5
LRWD1,3.0481303203947862e-5
ZSCAN23,1.0763220123834298e-6
VGLL2,2.2807050489573625e-6
CTAG1A,3.0699514051604776e-6
RNASEH1,2.2122087933058132e-5
POLR2J2,5.544509325536933e-6
ZNF396,1.688827953665369e-6
NEIL2,4.960313551835968e-5
ZBTB38,4.646650881495603e-6
ZNF620,9.902536861514675e-7
EBF3,1.3714480479782947e-6
KCTD13,1.340272821878015e-5
LCORL,3.4900029900909083e-6
REXO1L1P,6.926136710614809e-6
ZNF718,1.0651223838885466e-6
ZNF549,1.0763220123834298e-6
NUDT14,3.754109599181421e-5
SCML4,1.0854980774006986e-6
BCLAF3,2.4761993218589965e-6
BOD1L1,7.911054424726234e-6
MAGI3,2.495138768392105e-5
ATP5MGL,1.3689129954991606e-5
SSX6P,5.09430977714809e-7
SSX7,5.609435432417527e-7
SSX8P,5.09430977714809e-7
SSX9P,5.09430977714809e-7
ZNF311,1.0651223838885466e-6
MKX,1.388819906488803e-6
RCOR2,2.1391343352714776e-6
ZNF740,1.1617797836417038e-6
NME2P1,5.0918821502068576e-5
GATC,6.15202437239185e-5
PROX2,1.2269983332613915e-6
SNHG10,1.1332969803738713e-6
CAVIN1,3.886964907328514e-5
ENDOV,1.2417315124539642e-5
KCTD1,1.9468175548148047e-6
ZNF547,1.0763220123834298e-6
ZIK1,1.0763220123834298e-6
ZNF776,1.0763220123834298e-6
ZSCAN1,1.1617797836417038e-6
ZNF780A,1.0763220123834298e-6
ZNF575,1.0763220123834298e-6
ZNF283,1.0651223838885466e-6
MAMSTR,8.064773902089856e-6
ZNF615,1.516969808521913e-6
ZNF841,1.516969808521913e-6
ZNF763,1.038793631545421e-6
ZNF844,9.902536861514675e-7
ZFP82,1.0651223838885466e-6
NWD1,2.42088178183622e-6
ZNF493,1.5281694370167963e-6
ZNF875,1.0828066431985537e-6
ZNF326,3.182112216773016e-5
DUSP28,1.2047196627034402e-5
ZNF619,9.790540576565843e-7
ZNF621,1.0763220123834298e-6
ZNF852,1.0651223838885466e-6
ZNF660,1.038793631545421e-6
DTWD2,7.545421590838054e-5
SREK1IP1,6.835998255651263e-7
ZNF454,1.0651223838885466e-6
RGMB,3.8129980534612312e-6
ZNF775,1.0763220123834298e-6
ZNF789,1.136471185026057e-6
ZNF707,1.038793631545421e-6
SCAI,6.568367811428234e-6
PAXX,2.8413682097178534e-5
FOXD4L3,1.1806048267705458e-6
LIN9,1.8491322115211161e-6
DDX51,8.209426308656311e-6
SNORD8,4.729728801126173e-7
SNORD56B,4.729728801126173e-7
PPM1J,1.9467393448614622e-5
SNORD108,4.729728801126173e-7
SNORD109A,4.729728801126173e-7
SNORD115-1,4.729728801126173e-7
MSL1,1.3522096440224373e-5
ZNF181,1.0651223838885466e-6
ZNF260,1.157851808841e-6
ZNF546,1.0651223838885466e-6
TFAP2E,1.6430936967242e-6
ZNF678,1.0651223838885466e-6
ZFP69,1.1583587978029529e-6
FAM170A,1.1635612875119984e-6
ZNF680,1.0651223838885466e-6
ZNF517,9.790540576565843e-7
POU2AF2,1.0946849526988259e-5
ZNF774,1.0763220123834298e-6
ZKSCAN2,1.0651223838885466e-6
SLFN14,4.932319664741144e-5
ZNF850,1.516969808521913e-6
LEUTX,1.1722194282689536e-6
ZNF404,9.902536861514675e-7
ZNF284,1.0651223838885466e-6
ZNF677,1.0651223838885466e-6
ZSCAN5B,1.0763220123834298e-6
ZSCAN22,1.0763220123834298e-6
PRAMEF5,4.293406605002645e-6
PRAMEF9,4.508857528571295e-6
PRAMEF10,4.320319928466676e-6
ZNF892,1.0651223838885466e-6
EVX2,2.3232530399804324e-6
PRORSD1P,1.1642464634254683e-5
ZNF860,1.0763220123834298e-6
MSANTD1,8.371822339955484e-7
ZNF879,1.0651223838885466e-6
ZNF391,9.790540576565843e-7
MACC1,2.422940567651635e-6
CAVIN4,4.812050411737743e-6
ZNF81,1.0651223838885466e-6
SNORD64,4.729728801126173e-7
NME9,5.264728972963567e-5
PWAR4,4.729728801126173e-7
PWARSN,4.729728801126173e-7
ZNF530,1.0651223838885466e-6
TPRXL,1.279605265285163e-5
ZNF713,1.0651223838885466e-6
FOXD4L4,1.1806048267705458e-6
NMNAT3,4.177632174894101e-5
ZNF429,1.0651223838885466e-6
ZNF445,3.0027388386869377e-5
ZNF233,6.979048828670124e-7
ZBTB41,1.0651223838885466e-6
NANOGNB,6.883827857660782e-7
FAM111B,7.996142917681717e-7
ZNF710,1.038793631545421e-6
ZNF699,1.0763220123834298e-6
ZNF829,1.0763220123834298e-6
ZNF773,1.0763220123834298e-6
AGRN,1.3130630373651205e-4
ZC3H6,9.724501492167764e-7
ENTPD8,3.698444415272094e-5
ZKSCAN4,1.160717811429261e-6
SUMO4,1.9395916644282667e-5
TBPL2,6.0155652016526625e-6
RASL11A,5.796201600902638e-6
SKIDA1,4.792596914103319e-7
NANOGP8,3.934363164639464e-6
ZNF788P,5.09430977714809e-7
ZNF728,1.0651223838885466e-6
ZNF790,1.0651223838885466e-6
ZNF808,2.314575551878682e-6
ZNF888,1.0651223838885466e-6
ZNF761,1.0651223838885466e-6
ZNF470,1.1832053758326949e-6
ZNF749,9.790540576565843e-7
ZNF324B,1.0651223838885466e-6
ZNF662,1.038793631545421e-6
VGLL3,6.011309741561959e-7
LIN28B,9.044867623958465e-5
GTF2IRD2B,7.371107950989702e-7
RBM12B,1.0345401798871998e-6
NKX1-2,1.1385240212644373e-6
SSU72L2,1.85720186001562e-5
SSU72L1,1.85720186001562e-5
BSX,1.1576573410273923e-5
ONECUT3,1.6698738660810883e-6
ZNF793,1.0763220123834298e-6
ERFL,7.949193297582559e-7
ZNF818P,6.979048828670124e-7
ZNF805,1.0651223838885466e-6
PRAMEF12,4.293406605002645e-6
PRAMEF8,4.293406605002645e-6
PRAMEF18,4.293406605002645e-6
PRAMEF17,4.293406605002645e-6
TAF11L2,8.11803997324041e-6
TAF11L4,8.11803997324041e-6
TAF11L6,8.11803997324041e-6
MEX3D,2.437258504559942e-5
FOXI2,1.1694051982756624e-6
MED11,1.4531843500090468e-5
ZNF880,1.0651223838885466e-6
ZNF772,1.0763220123834298e-6
PRAMEF4,4.293406605002645e-6
PRAMEF13,4.293406605002645e-6
ZNF658B,1.516969808521913e-6
ZNF833P,6.622466607491924e-7
APOBEC4,4.979810548588181e-7
HOXB-AS3,5.276589058166446e-5
YY2,2.7297928360907913e-6
NANOGP1,1.575997505099101e-6
MIR130B,3.489854718755351e-5
MIR191,4.72005199251182e-6
MIR211,4.5439069157710994e-06
ZNF705A,1.0645118289148583e-6
DDX12P,1.0611438225387224e-5
DBX2,8.22568566357244e-7
HSBP1L1,2.2061583565550925e-5
ZNF506,1.1685734374613486e-6
ZNF724,1.0651223838885466e-6
PRAMEF11,4.293406605002645e-6
PRAMEF6,4.5708881079952e-6
ETV3L,8.061189582531391e-7
ZNF716,1.0651223838885466e-6
TYW1B,5.8683732906703846e-5
SSU72L4,1.85720186001562e-5
PRAMEF7,4.293406605002645e-6
PRAMEF25,4.293406605002645e-6
ZNF727,1.0651223838885466e-6
FOXB2,1.1694051982756624e-6
MIR151A,4.975206921265248e-6
MIR340,6.7629178052124225e-6
SPIN2B,2.6695916238276605e-6
H2AB2,4.991655096151941e-6
H2AB1,4.991655096151941e-6
MIR423,4.744337222931664e-6
ARGFX,1.100870627131443e-6
TPRX2,1.3085554342120712e-5
DPRX,1.100870627131443e-6
DUXA,1.074951473542108e-6
SSX4B,5.609435432417527e-7
POLR2J3,5.544509325536933e-6
JPX,5.611304448481057e-5
ASPDH,6.176115503621804e-5
SNORA6,4.729728801126173e-7
SNORA10,4.729728801126173e-7
MIR485,2.2889300593810833e-5
MIR491,5.3246749115502785e-6
MIR498,6.38273189183701e-6
MIR517A,4.197296980632006e-6
MIR517C,4.197296980632006e-6
MIR519A1,6.639433898801847e-6
MIR501,6.4287548992945686e-6
MIR508,2.5790533343839713e-5
SNORD101,4.729728801126173e-7
SNORD100,4.729728801126173e-7
SNORA33,4.729728801126173e-7
SNORD16,4.729728801126173e-7
SNORD18A,4.729728801126173e-7
SNORD18B,4.729728801126173e-7
SNORD18C,4.729728801126173e-7
SNORD68,4.729728801126173e-7
ZNF704,1.038793631545421e-6
SCARNA9,4.729728801126173e-7
SNORD74,4.729728801126173e-7
SNORA27,4.729728801126173e-7
SNORA21,4.729728801126173e-7
SNORA3A,4.729728801126173e-7
SNORA7A,4.729728801126173e-7
SNORD72,4.729728801126173e-7
SNORA52,4.729728801126173e-7
SNORD2,4.729728801126173e-7
SNORA4,4.729728801126173e-7
SNORA41,4.729728801126173e-7
SNORD95,4.729728801126173e-7
ZNF674,9.790540576565843e-7
SNORA19,4.729728801126173e-7
SNORD87,4.729728801126173e-7
ZNF876P,1.0651223838885466e-6
FKBP1C,1.810714208101728e-5
ZNF487,1.0645118289148583e-6
ZNF862,6.55823649816355e-7
ZFP62,1.516969808521913e-6
NKX2-4,1.1497236497593207e-6
PPIAL4G,1.0957044251768232e-5
SAGE2P,7.476638607201003e-6
PPIAL4D,1.0957044251768232e-5
PRAMEF26,4.293406605002645e-6
PRAMEF33,4.293406605002645e-6
PRAMEF19,4.293406605002645e-6
PRAMEF20,4.293406605002645e-6
TAF11L3,8.11803997324041e-6
ZSCAN5DP,1.0651223838885466e-6
ZNF723,1.0651223838885466e-6
ASCL5,1.4074390372781374e-6
GMNC,7.735733841803694e-6
ANHX,1.1438438922357113e-5
NORAD,4.049907150274338e-6
ZSCAN5C,1.0651223838885466e-6
SNORA48,4.729728801126173e-7
SNORD10,4.729728801126173e-7
RRN3P2,2.495137229552557e-5
FOXD4L6,1.1806048267705458e-6
FOXD4L5,1.1694051982756624e-6
PPIAL4A,1.1117345946726688e-5
PPIAL4C,1.1117345946726688e-5
PRAMEF22,4.293406605002645e-6
PRAMEF15,4.293406605002645e-6
ZNF732,1.0651223838885466e-6
SNORA5A,4.729728801126173e-7
SNORA8,4.729728801126173e-7
SNORA75,4.729728801126173e-7
SNORA13,4.729728801126173e-7
MIR544A,4.5439069157710994e-06
ZNF826P,6.979048828670124e-7
SCARNA3,1.1332969803738713e-6
SCARNA20,1.1332969803738713e-6
SCARNA21,1.1332969803738713e-6
SCARNA18,4.729728801126173e-7
SCARNA2,4.729728801126173e-7
SCARNA7,4.729728801126173e-7
SCARNA13,1.1332969803738713e-6
SCARNA17,1.1332969803738713e-6
SCARNA22,1.1332969803738713e-6
SCARNA4,1.1332969803738713e-6
SCARNA6,4.729728801126173e-7
SCARNA23,1.1332969803738713e-6
SCARNA1,1.1332969803738713e-6
SCARNA5,1.1332969803738713e-6
SCARNA8,1.1332969803738713e-6
SCARNA12,4.729728801126173e-7
SCARNA15,1.1332969803738713e-6
SCARNA11,1.1332969803738713e-6
SCARNA16,4.729728801126173e-7
SNORA1,4.729728801126173e-7
SNORA2A,4.729728801126173e-7
SNORA2B,4.729728801126173e-7
SNORA5B,4.729728801126173e-7
SNORA5C,4.729728801126173e-7
SNORA7B,4.729728801126173e-7
SNORA9,4.729728801126173e-7
SNORA11,4.729728801126173e-7
SNORA12,4.729728801126173e-7
SNORA14A,4.729728801126173e-7
SNORA14B,4.729728801126173e-7
SNORA15,4.729728801126173e-7
SNORA17A,4.729728801126173e-7
SNORA18,4.729728801126173e-7
SNORA20,4.729728801126173e-7
SNORA22,4.729728801126173e-7
SNORA24,4.729728801126173e-7
SNORA26,4.729728801126173e-7
SNORA28,4.729728801126173e-7
SNORA29,4.729728801126173e-7
SNORA30,4.729728801126173e-7
SNORA31,4.729728801126173e-7
SNORA2C,4.729728801126173e-7
SNORA35,4.729728801126173e-7
SNORA36A,4.729728801126173e-7
SNORA36B,4.729728801126173e-7
SNORA37,4.729728801126173e-7
SNORA38,1.1332969803738713e-6
SNORA71E,4.729728801126173e-7
SNORA40,4.729728801126173e-7
SNORA80E,4.729728801126173e-7
SNORA17B,4.729728801126173e-7
SNORA44,4.729728801126173e-7
SNORA3B,4.729728801126173e-7
SNORA46,4.729728801126173e-7
SNORA47,4.729728801126173e-7
SNORA49,4.729728801126173e-7
SNORA50A,4.729728801126173e-7
SNORA51,4.729728801126173e-7
SNORA53,4.729728801126173e-7
SNORA54,4.729728801126173e-7
SNORA55,4.729728801126173e-7
SNORA56,4.729728801126173e-7
SNORA58,4.729728801126173e-7
SNORA60,4.729728801126173e-7
SNORA61,4.729728801126173e-7
SNORA71C,4.729728801126173e-7
SNORA71D,4.729728801126173e-7
SNORA74B,4.729728801126173e-7
SNORA50C,4.729728801126173e-7
SNORA77,4.729728801126173e-7
SNORA78,4.729728801126173e-7
SNORA79,4.729728801126173e-7
SNORA80A,4.729728801126173e-7
SNORD1A,4.729728801126173e-7
SNORD1B,4.729728801126173e-7
SNORD1C,4.729728801126173e-7
SNORA59B,4.729728801126173e-7
SNORA25,4.729728801126173e-7
SNORD9,4.729728801126173e-7
SNORD12,4.729728801126173e-7
SNORD11,4.729728801126173e-7
SNORA32,4.729728801126173e-7
SNORD5,4.729728801126173e-7
SNORA16A,4.729728801126173e-7
SNORD6,4.729728801126173e-7
SNORD7,4.729728801126173e-7
SNORD13,4.729728801126173e-7
SNORD45C,4.729728801126173e-7
SNORD17,4.729728801126173e-7
SNORD49B,4.729728801126173e-7
SNORD50B,4.729728801126173e-7
SNORD19,4.729728801126173e-7
SNORD59B,4.729728801126173e-7
SNORD23,4.729728801126173e-7
SNORD32B,4.729728801126173e-7
SNORD65,4.729728801126173e-7
SNORD66,4.729728801126173e-7
SNORD67,4.729728801126173e-7
SNORD69,4.729728801126173e-7
SNORD70,4.729728801126173e-7
SNORD71,4.729728801126173e-7
SCARNA10,1.1332969803738713e-6
SCARNA14,1.1332969803738713e-6
SNORA16B,4.729728801126173e-7
SNORA57,4.729728801126173e-7
SNORD75,4.729728801126173e-7
SNORD76,4.729728801126173e-7
SNORD77,4.729728801126173e-7
SNORD78,4.729728801126173e-7
SNORD84,4.729728801126173e-7
SNORD103C,4.729728801126173e-7
SNORD86,4.729728801126173e-7
SNORD88A,4.729728801126173e-7
SNORD88B,4.729728801126173e-7
SNORD88C,4.729728801126173e-7
SNORD89,4.729728801126173e-7
SNORD90,4.729728801126173e-7
SNORD91A,4.729728801126173e-7
SNORD91B,4.729728801126173e-7
SNORD92,4.729728801126173e-7
SNORD93,4.729728801126173e-7
SNORD98,4.729728801126173e-7
SNORD99,4.729728801126173e-7
SNORD110,4.729728801126173e-7
SNORD111,4.729728801126173e-7
SNORD112,4.729728801126173e-7
SNORD97,4.729728801126173e-7
SNORD94,4.729728801126173e-7
SNORD104,4.729728801126173e-7
SNORD105,4.729728801126173e-7
SNORD117,4.729728801126173e-7
SNORD103A,4.729728801126173e-7
MIR562,4.197296980632006e-6
MIR564,6.848519633455454e-6
MIR608,6.041499339542091e-6
MIR625,4.613878257431473e-6
MIR655,4.5439069157710994e-06
MIR663A,4.197296980632006e-6
SNORD116-19,4.729728801126173e-7
SSX2B,5.609435432417527e-7
BHLHA9,1.2238032673641904e-6
RHOXF2B,1.1519819776260477e-6
ZBTB8B,8.722780943726214e-7
GTF2H2C,1.4908737852828375e-5
OVOL3,1.6489922610173292e-6
PCAT18,4.729728801126173e-7
DMRTC1B,5.948887489730827e-7
ZNF736,1.0651223838885466e-6
PPIAL4F,1.0957044251768232e-5
ZNF705D,9.902536861514675e-7
ZNF286B,1.0651223838885466e-6
PMS2P6,1.2282217027835092e-5
PRAMEF14,4.293406605002645e-6
ZNF878,9.790540576565843e-7
ZNF75CP,1.0651223838885466e-6
ZNF814,1.516969808521913e-6
RRN3P1,1.0768853655940486e-5
PPIAL4E,1.0957044251768232e-5
ZNF735,1.0651223838885466e-6
GTF2H2C_2,1.4908737852828375e-5
RFX8,1.100870627131443e-6
SNORD113-3,4.729728801126173e-7
SNORD113-4,4.729728801126173e-7
SNORD113-5,4.729728801126173e-7
SNORD113-6,4.729728801126173e-7
SNORD113-7,4.729728801126173e-7
SNORD113-8,4.729728801126173e-7
SNORD113-9,4.729728801126173e-7
SNORD114-1,4.729728801126173e-7
SNORD114-2,4.729728801126173e-7
SNORD114-3,4.729728801126173e-7
SNORD114-4,4.729728801126173e-7
SNORD114-5,4.729728801126173e-7
SNORD114-6,4.729728801126173e-7
SNORD114-7,4.729728801126173e-7
SNORD114-8,4.729728801126173e-7
SNORD114-9,4.729728801126173e-7
SNORD114-10,4.729728801126173e-7
SNORD114-11,4.729728801126173e-7
SNORD114-12,4.729728801126173e-7
SNORD114-13,4.729728801126173e-7
SNORD114-14,4.729728801126173e-7
SNORD114-15,4.729728801126173e-7
SNORD114-16,4.729728801126173e-7
SNORD114-17,4.729728801126173e-7
SNORD114-18,4.729728801126173e-7
SNORD114-19,4.729728801126173e-7
SNORD114-20,4.729728801126173e-7
SNORD114-21,4.729728801126173e-7
SNORD114-22,4.729728801126173e-7
SNORD114-23,4.729728801126173e-7
SNORD114-24,4.729728801126173e-7
SNORD114-25,4.729728801126173e-7
SNORD114-26,4.729728801126173e-7
SNORD114-27,4.729728801126173e-7
SNORD114-28,4.729728801126173e-7
SNORD114-29,4.729728801126173e-7
SNORD114-30,4.729728801126173e-7
SNORD114-31,4.729728801126173e-7
SNORD3A,4.729728801126173e-7
SNORD3C,4.729728801126173e-7
SNORD3D,4.729728801126173e-7
DUXB,9.894937022838342e-7
SNORD116-1,4.729728801126173e-7
SNORD116-2,4.729728801126173e-7
SNORD116-3,4.729728801126173e-7
SNORD116-4,4.729728801126173e-7
SNORD116-5,4.729728801126173e-7
SNORD116-6,4.729728801126173e-7
SNORD116-8,4.729728801126173e-7
SNORD116-10,4.729728801126173e-7
SNORD116-11,4.729728801126173e-7
SNORD116-12,4.729728801126173e-7
SNORD116-13,4.729728801126173e-7
SNORD116-14,4.729728801126173e-7
SNORD116-15,4.729728801126173e-7
SNORD116-16,4.729728801126173e-7
SNORD116-18,4.729728801126173e-7
SNORD116-20,4.729728801126173e-7
SNORD116-21,4.729728801126173e-7
SNORD116-22,4.729728801126173e-7
SNORD116-23,4.729728801126173e-7
SNORD116-24,4.729728801126173e-7
SNORD116-25,4.729728801126173e-7
SNORD115-2,4.729728801126173e-7
SNORD116-26,4.729728801126173e-7
SNORD116-27,4.729728801126173e-7
SNORD115-3,4.729728801126173e-7
SNORD115-4,4.729728801126173e-7
SNORD115-5,4.729728801126173e-7
SNORD115-6,4.729728801126173e-7
SNORD115-7,4.729728801126173e-7
SNORD115-8,4.729728801126173e-7
SNORD115-9,4.729728801126173e-7
SNORD115-10,4.729728801126173e-7
SNORD115-11,4.729728801126173e-7
SNORD115-13,4.729728801126173e-7
SNORD115-14,4.729728801126173e-7
SNORD115-15,4.729728801126173e-7
SNORD115-16,4.729728801126173e-7
SNORD115-17,4.729728801126173e-7
SNORD115-20,4.729728801126173e-7
SNORD115-21,4.729728801126173e-7
SNORD115-22,4.729728801126173e-7
SNORD115-23,4.729728801126173e-7
SNORD115-25,4.729728801126173e-7
SNORD115-26,4.729728801126173e-7
SNORD115-30,4.729728801126173e-7
SNORD115-31,4.729728801126173e-7
SNORD115-32,4.729728801126173e-7
SNORD115-33,4.729728801126173e-7
SNORD115-34,4.729728801126173e-7
SNORD115-35,4.729728801126173e-7
SNORD115-37,4.729728801126173e-7
SNORD115-38,4.729728801126173e-7
SNORD115-39,4.729728801126173e-7
SNORD115-40,4.729728801126173e-7
SNORD115-41,4.729728801126173e-7
SNORD115-42,4.729728801126173e-7
SNORD115-44,4.729728801126173e-7
SNORD116-29,4.729728801126173e-7
SNORD115-48,4.729728801126173e-7
SNORD115-24,4.729728801126173e-7
SNORD115-27,4.729728801126173e-7
SNORD115-28,4.729728801126173e-7
SNORD115-45,4.729728801126173e-7
ZSCAN30,1.0763220123834298e-6
SNORD121A,4.729728801126173e-7
SNORD125,4.729728801126173e-7
SNORD19B,4.729728801126173e-7
SNORD105B,4.729728801126173e-7
SNORD123,4.729728801126173e-7
SNORD127,4.729728801126173e-7
SNORD126,4.729728801126173e-7
SNORD11B,4.729728801126173e-7
SNORD12B,4.729728801126173e-7
SNORD111B,4.729728801126173e-7
SNORD58C,4.729728801126173e-7
SNORA84,4.729728801126173e-7
SNORA36C,4.729728801126173e-7
SNORA38B,1.1332969803738713e-6
SNORA70B,4.729728801126173e-7
SNORA70C,4.729728801126173e-7
SNORA11B,4.729728801126173e-7
SNORA11C,4.729728801126173e-7
SNORA11D,4.729728801126173e-7
MIR665,1.8172813798983396e-5
MIR543,8.566602984622513e-6
MIR190B,4.5439069157710994e-06
ZNF730,1.0651223838885466e-6
FAM47E,4.670880107871462e-6
TCF24,9.962784931062475e-7
ZNF737,1.0651223838885466e-6
SUPT20HL1,5.770863470315224e-6
ZNF316,8.06975463640639e-7
SP9,3.264786859547934e-6
ZNF705EP,9.790540576565843e-7
ZNF717,1.516969808521913e-6
ZNF705G,9.790540576565843e-7
ZNF705B,9.790540576565843e-7
SCARNA9L,4.729728801126173e-7
EPOP,2.4113680697143933e-5
CASC11,2.1668945498523106e-5
MEF2B,2.6512920471540405e-6
ZNF729,1.516969808521913e-6
LINC00941,2.2121079295205002e-5
FOXL3-OT1,1.0839474270173884e-6
DUX4,1.1132282562871753e-5
ZNF783,7.333511377650995e-7
ZNF587B,9.790540576565843e-7
DDX11L8,1.0726088907454909e-5
MIR1248,4.729728801126173e-7
MIR664A,5.028156095708823e-7
MIR103B1,4.5439069157710994e-06
ZNF861P,5.044954834804136e-7
SNORA80B,4.729728801126173e-7
SAP25,5.189847979717758e-7
SNORA70F,4.729728801126173e-7
SNORA70G,4.729728801126173e-7
SNORA70D,4.729728801126173e-7
SNORA70E,4.729728801126173e-7
ZNF722,1.0651223838885466e-6
MIR4286,8.909733646276078e-6
MIR3651,4.729728801126173e-7
ZNF355P,1.0651223838885466e-6
KRBOX1,3.516798004460302e-7
ELOVL2-AS1,4.729728801126173e-7
ZNF865,1.0275940030505377e-6
ZNF840P,1.516969808521913e-6
MIR664B,4.729728801126173e-7
SNORD116-30,4.729728801126173e-7
SNORD115-46,4.729728801126173e-7
ZNF891,9.790540576565843e-7
SNORD124,4.729728801126173e-7
SNORD121B,4.729728801126173e-7
RUNDC3A-AS1,4.729728801126173e-7
MARCHF6-DT,1.75486081309031e-5
PRAMEF27,4.293406605002645e-6
AK6,3.15710618294179e-5
MIR6516,4.729728801126173e-7
TLE7,2.7600022220313238e-6
LINC01151,4.729728801126173e-7
PPIAL4H,1.0957044251768232e-5
CPHXL,1.015412855873169e-6
NFILZ,1.0434163467288613e-6
KLF18,1.0651223838885466e-6
SCARNA28,4.729728801126173e-7
SNORD135,4.729728801126173e-7
SEPTIN14P20,3.294330861938078e-5
SCARNA21B,1.1332969803738713e-6
SCARNA18B,4.729728801126173e-7
ERV3-1-ZNF117,1.1688749694305158e-6
SNORA50D,4.729728801126173e-7
SNORA80C,4.729728801126173e-7
SNORA10B,4.729728801126173e-7
SNORA11G,4.729728801126173e-7
SNORA15B-1,4.729728801126173e-7
SNORA20B,4.729728801126173e-7
SNORA22B,4.729728801126173e-7
SNORA22C,4.729728801126173e-7
SNORA31B,4.729728801126173e-7
SNORA40B,4.729728801126173e-7
SNORA40C,4.729728801126173e-7
SNORA48B,4.729728801126173e-7
SNORA63C,4.729728801126173e-7
SNORA68B,4.729728801126173e-7
SNORA70J,4.729728801126173e-7
SNORA74C-1,4.729728801126173e-7
SNORA79B,4.729728801126173e-7
SNORA9B,4.729728801126173e-7
SNORD31B,4.729728801126173e-7
SNORD38D,4.729728801126173e-7
SNORD65B,4.729728801126173e-7
SNORD65C,4.729728801126173e-7
SNORD77B,4.729728801126173e-7
SNORD3F,4.729728801126173e-7
SNORD3G,4.729728801126173e-7
SNORD3J,4.729728801126173e-7
SNORD13F,4.729728801126173e-7
SNORD13G,4.729728801126173e-7
SNORD13I,4.729728801126173e-7
SNORD13C,4.729728801126173e-7
SNORD13D,4.729728801126173e-7
SNORA30B,4.729728801126173e-7
SNORA70H,4.729728801126173e-7
SNORA75B,4.729728801126173e-7
SNORD70B,4.729728801126173e-7
SNORD3I,4.729728801126173e-7
SNORA3C,4.729728801126173e-7
SNORA50B,4.729728801126173e-7
SNORA80D,4.729728801126173e-7
SNORA11F,4.729728801126173e-7
SNORA1B,4.729728801126173e-7
SNORA24B,4.729728801126173e-7
SNORA35B,4.729728801126173e-7
SNORA41B,4.729728801126173e-7
SNORA63B,4.729728801126173e-7
SNORA63E,4.729728801126173e-7
SNORA70I,4.729728801126173e-7
SNORA74C-2,4.729728801126173e-7
SNORA77B,4.729728801126173e-7
SNORD28B,4.729728801126173e-7
SNORD53B,4.729728801126173e-7
SNORD63B,4.729728801126173e-7
SNORD74B,4.729728801126173e-7
SNORD3E,4.729728801126173e-7
SNORD3H,4.729728801126173e-7
SNORD3K,4.729728801126173e-7
SNORD13H,4.729728801126173e-7
SNORD13B-1,4.729728801126173e-7
SNORD13E,4.729728801126173e-7
SNORA58B,4.729728801126173e-7
SNORD38C,4.729728801126173e-7
SNORD13J,4.729728801126173e-7
SNORA25B,4.729728801126173e-7
SNORD138,4.729728801126173e-7
SNORD175,4.729728801126173e-7
SNORD173,4.729728801126173e-7
ZNF765-ZNF761,1.0651223838885466e-6
ZNF660-ZNF197,1.516969808521913e-6
CPHXL2,1.015412855873169e-6
TAF11L7,8.11803997324041e-6
TAF11L8,8.11803997324041e-6
TAF11L10,8.11803997324041e-6
TAF11L12,8.11803997324041e-6
TAF11L14,8.11803997324041e-6
TAF11L9,8.11803997324041e-6
TAF11L11,8.11803997324041e-6
TAF11L13,8.11803997324041e-6
MIR1843,1.1332969803738713e-6
DUSP13A,1.4012385748968369e-5
ACP1,1.0044864930897162e-5
CHD1,2.0161187808411633e-5
CHKA,8.389602397160686e-5
CSNK1G2,9.930320074388006e-6
CSNK1G3,8.261527101894089e-6
DDX6,6.62208451647417e-5
GAK,6.578363839981262e-5
MKNK2,1.8234555962253514e-5
H2AC8,1.6293118656841268e-5
H2AC7,2.8701302822588408e-6
H2BC3,3.4821647295187413e-6
IGHMBP2,4.681711251683605e-5
LMNB1,6.217029763104173e-5
LTK,7.267807126875737e-5
MATK,4.188961228369514e-6
NAP1L2,3.26183628667632e-5
NAP1L3,1.942332603074103e-6
NAP1L4,3.0821365864195287e-6
NEK1,1.1910749757258956e-5
PHF1,1.5982633274027947e-5
PRKY,2.419239226917482e-5
PTPN4,6.3641379883085884e-6
PTPN9,1.210566851261158e-5
PTPN12,4.0788675269802324e-5
PTPRE,1.5504339723822745e-5
PTPRF,6.483662959410665e-5
RPS6KA2,9.595357956694603e-6
RPS6KB2,1.6021127562041315e-05
SPG7,7.97327079265712e-5
SRMS,1.1837162325118637e-5
TPTE,1.900101358771938e-5
TSPYL1,2.062942259581451e-6
KDM6A,2.4350564221585657e-5
UTY,2.4339364593090773e-5
PTP4A1,5.214912881404125e-6
PTP4A2,3.887695856723493e-6
H3-4,3.5992080703762716e-6
H2AC13,2.8956976110579616e-6
H2AC15,2.8956976110579616e-6
H2AC16,2.8956976110579616e-6
H2AC6,3.0480234085193325e-6
H2AC4,1.6293118656841268e-5
H2AC17,2.8956976110579616e-6
H2AC18,2.8701302822588408e-6
H2AC20,2.8701302822588408e-6
H2BC13,3.222148100964678e-6
H2BC15,3.222148100964678e-6
H2BC14,3.222148100964678e-6
H2BC9,7.72835595241912e-6
H2BC17,3.0837241362922045e-6
H3C1,4.092358482637498e-6
H3C4,4.092358482637498e-6
H3C3,4.092358482637498e-6
H3C6,4.092358482637498e-6
H3C11,4.092358482637498e-6
H3C8,4.092358482637498e-6
H3C12,4.092358482637498e-6
H3C10,4.092358482637498e-6
H3C2,4.092358482637498e-6
H4C7,3.0021943398346346e-6
STK24,2.9310228973764413e-5
CDC42BPA,8.685060941023568e-6
HIRIP3,4.921152911289047e-5
HAT1,6.324356689785512e-5
MKNK1,1.2179889129094262e-5
DDX3Y,1.3707548720959891e-5
TNK1,4.3005535833005635e-6
DYRK4,4.173867655975032e-6
WHR1,1.2121560519773377e-5
H3C7,4.092358482637498e-6
H2AC11,2.8956976110579616e-6
STK17B,1.796836839576633e-5
STK17A,1.623318745695818e-5
HMGN3,5.204644779711089e-6
CDC42BPB,9.377121744754996e-6
AATK,7.234080809572284e-6
DNAJC6,8.738459013907829e-5
SETDB1,4.6864025315111814e-5
TLK1,9.392875796189875e-6
NUAK1,1.0331478492298342e-5
PTPRU,3.22633397446889e-5
SPEG,6.896610550651848e-6
HMG20B,1.2912298528301362e-5
HMGN4,2.728246169901547e-6
YME1L1,5.309028849294632e-5
TLK2,2.3639031541938978e-5
PTPN21,4.56412620735148e-6
DDX19B,1.463274410664544e-5
OIP5,1.713810862044803e-5
AAK1,2.6342265142502395e-5
CILK1,1.8567088738264228e-5
MAST1,8.211092978369646e-6
STK38L,8.782983545190186e-6
KDM4B,2.6632724405575705e-5
MAST3,6.689111310753375e-6
SETD1B,2.4290185366571562e-5
RAD54L2,1.2654229831723702e-5
ZZEF1,8.587202422320485e-6
DNAJC9,6.093419866437692e-6
SIK2,9.568276294660869e-6
TSPYL4,1.942332603074103e-6
CABIN1,7.457449502368921e-6
H2AP,2.696048095468548e-6
EEF1AKMT3,1.1136937788877242e-5
CHTOP,2.2021388602359914e-5
FAM50B,1.1291442854347891e-6
RPS6KC1,7.1772311104685524e-6
TOR1B,1.580033325814847e-5
UBN1,3.972608772191725e-6
PADI1,1.2356077069042407e-4
HUNK,6.400554035553859e-6
PADI3,1.2358501731682728e-4
STK26,1.86578393682298e-5
CSNK1G1,8.188727360490413e-6
MIS18A,1.1179211475371736e-4
RSBN1,2.813344382805183e-5
MPHOSPH8,1.6331199332560322e-5
SNRK,7.037437595164982e-6
TASOR2,1.088132645192349e-6
BANP,1.8552362273248529e-6
RESF1,1.0589490744333435e-5
RCBTB1,3.220159880136073e-7
DDX19A,1.5229974542191455e-5
STK32B,6.301484995318057e-6
COPRS,9.035272068653516e-7
HJURP,1.4951347212822018e-5
STYK1,3.760589000907163e-6
NDUFAF7,2.39530998196608e-4
DDX43,7.1887024127775595e-6
CDC42BPG,7.915770511747543e-6
DHX32,7.63651411253931e-6
CENPN,1.6051750379548383e-5
STK31,6.822912088740914e-6
ALPK3,9.611859288077884e-6
DDX55,7.418951896033828e-6
DDX31,7.967256358166197e-6
DDX50,7.470086706980129e-6
METTL22,7.835824365615694e-6
VCPKMT,2.2992869420900466e-5
NAA40,3.1011949865967245e-5
HDAC11,5.4632177332789195e-5
NAA60,1.329196116026854e-4
C10orf88,5.252137574187245e-6
CHD9,1.2523754859102035e-5
ANP32E,2.2957750464876444e-5
NUAK2,1.1342422195926649e-5
DDX59,7.372481514241612e-6
RPS6KL1,6.591659953597223e-6
OBSCN,5.72265299160298e-5
ATP13A4,2.6768950271337644e-5
NTPCR,1.649952145648695e-5
LMNB2,2.4967730183490535e-5
PTPN5,7.486089931150192e-6
H2AC12,2.8701302822588408e-6
DCLK3,6.633539843676266e-6
TSPYL5,9.648751323247516e-6
PSKH2,6.301943879391714e-6
DHX57,7.140440529197112e-6
DDX60L,8.902138194591997e-6
RCCD1,3.843814342156698e-7
H2AZ2,2.910229497340765e-6
LMTK3,6.908595202375055e-6
UHRF2,1.2091760233546107e-5
CSNK1A1L,7.829008062281847e-6
RSKR,6.186400735217606e-6
BACC1,1.587109272660434e-5
H3C14,3.2007674771497347e-6
UHMK1,3.607737415079915e-5
TSPY26P,1.942332603074103e-6
ARB2BP,8.033624918234518e-6
MDP1,8.8262006257732e-6
CDAN1,1.127188091028513e-6
C19orf84,1.99827715708205e-5
HIPK4,7.636920564183221e-6
METTL21A,1.2808799048417558e-5
HDGFL1,3.00728477824883e-7
DQX1,1.276325693099114e-5
NIM1K,6.750749019970491e-6
DDX53,7.485618746811237e-6
EEF2KMT,1.843082026745498e-5
STK32A,6.437707492621123e-6
EEF1AKMT1,1.0415311408305417e-5
C6orf89,1.4967170542251213e-6
H2AC1,6.981449749581403e-6
UBN2,4.0245406985753266e-7
ANKK1,8.019954651206052e-6
NAP1L5,1.5796078119317379e-6
STK32C,6.312684623812939e-6
STPG4,4.685115260816751e-5
FIRRE,2.5843618314096355e-5
H2AC21,2.8701302822588408e-6
H3C15,3.2007674771497347e-6
MYLK4,1.8392070555912146e-5
EZHIP,4.902505964375785e-5
NEK5,6.202874839155912e-6
ATP13A5,2.5559667741880273e-5
DPPA3,2.724258584715645e-5
MAST4,6.677911682258491e-6
SBK1,6.290744250896832e-6
TSPYL6,1.942332603074103e-6
KDM4E,2.155247780396464e-5
EEF1AKMT2,1.0497520137159653e-5
CENPP,1.6086643534613983e-5
NAP1L6P,1.528095246404794e-6
H3C13,3.2007674771497347e-6
H2AC19,2.8701302822588408e-6
CDKN2B-AS1,1.0998560468877492e-6
KDM4F,1.0294579987712855e-5
SBK3,6.186400735217606e-6
CCAT1,1.9873216831559175e-5
PARTICL,3.009979279112627e-5
MHRT,2.500963354957956e-6
H2AL3,2.7317063175863683e-6
GLE1,3.397074877247164e-5
SEC13,3.909529977065359e-5
NUP214,6.603692435309103e-5
NPIPA1,2.967887970270462e-6
NUP93,2.554076782075452e-5
NUP58,1.1844315415946104e-5
ZC3H11A,9.902908976854704e-6
POM121,1.0400350113212157e-5
NUP153,1.0308239259688671e-4
SNUPN,6.411145833136579e-5
NUTF2,4.245654177692409e-5
NXF1,2.30242648272375e-5
NUP42,1.0360884043144193e-5
XPOT,7.750434459190064e-5
PEG10,3.098809989671796e-5
NUP205,3.272952970931516e-5
NUP210,3.5622486766513636e-6
NUP188,2.2920794505394184e-5
MRPL18,5.686660683314523e-5
NXT1,2.282942131704342e-5
LUZP4,2.0386623569588365e-6
NUP54,4.251457441144863e-5
SIDT1,5.5632847046823435e-5
NXT2,2.153050098840595e-5
NXF5,1.2661576141531283e-5
NXF3,1.2721725314173911e-5
NXF2,1.2733552117731887e-5
SENP2,4.401765384243171e-5
RANBP17,1.1877316596418605e-5
NUP37,9.434396486393906e-6
FYTTD1,4.200899141520567e-6
POLDIP3,7.433246110773291e-6
POM121L2,9.600676196744507e-6
NUP35,2.5383023787035934e-5
RFTN2,1.9508771252412944e-5
C12orf50,5.540433319933888e-6
NUP43,9.610420898893998e-6
TOMM20L,7.021476853678703e-5
ZC3H11C,5.5789432194543834e-06
ZC3H11B,5.5789432194543834e-06
NXF2B,1.2733552117731887e-5
POM121C,1.0400350113212157e-5
POM121B,9.95616552068913e-6
ERVK-21,9.674654718114966e-6
ERVK-16,2.1309137820367553e-6
ABCF1,8.299323352743271e-6
APEH,9.839134258098627e-6
ASMT,1.4656950115703006e-4
MRPL49,5.9511586518412264e-6
EEF1A1,5.284128326445569e-5
EEF1A2,9.52693273676654e-5
EEF1B2,1.8032719925717395e-5
EEF1G,5.597128004203292e-6
EIF1AX,2.8935910185648225e-5
GRB7,5.791714759054117e-6
MRPL58,9.831422188437834e-5
KRT13,6.258663298178105e-6
MSI1,6.346396761402988e-6
MTIF2,3.472902288826286e-5
PLD1,4.9499555309153e-5
RPL3L,1.4193602294740389e-5
MRPL23,6.371119671476865e-6
RPL36AL,3.0370051112400507e-6
MRPS12,7.505679700731708e-6
RPS4Y1,4.335431679948856e-6
SRP9,5.48952075131838e-5
TUFM,2.2382404061861017e-5
DAP3,8.407489047338254e-6
IFRD2,2.124977716383535e-6
AIMP2,2.541023768247643e-5
ENC1,1.7422213823061108e-5
EIF4EBP3,1.727029521849676e-5
EIF1AY,3.4825959637029147e-6
EEF1E1,2.0953044021144278e-5
MRPL33,5.924245328377196e-6
MTRF1,4.695466070121531e-5
EIF5B,9.5142775191875e-6
BZW1,1.8838426797138374e-6
MRPL19,5.960823220655377e-6
PUM3,6.53965493732192e-6
EIF1,3.1036996283113746e-5
MRPS31,7.64028882171041e-6
EIF1B,1.2145034122532041e-5
MRPL28,6.0032368763206036e-6
MRPS30,6.058170404174989e-6
GCN1,5.430789690348819e-5
MRPL3,5.980210444267745e-6
RNF139,3.455306387332162e-5
MRPS27,2.0784742154153985e-5
PPP1R15A,3.8068198035142256e-5
LTN1,3.411411469292177e-5
MRPL46,5.983511589906557e-6
MRPS28,7.15776701213731e-6
COA3,1.3384674212514434e-5
BZW2,1.8435912587924369e-6
MRPS18B,7.524694541339668e-6
MRPL42,9.660244837175123e-6
MRPL13,6.769536863917955e-6
MRPL15,7.079615000508582e-6
MRPL22,5.980210444267745e-6
MRPS16,7.477255083368282e-6
MRPS18C,1.4241879003464713e-5
MRPL2,6.01683174287812e-6
MRPL4,5.991410072762628e-6
MRPS2,1.2162352074431864e-5
RSL24D1,2.0681755878857796e-6
MRPL37,5.980210444267745e-6
MRPL51,5.9511586518412264e-6
MRPL30,5.924245328377196e-6
MRPL27,5.991410072762628e-6
MRPL35,5.9511586518412264e-6
PRR16,5.5990170436810596e-6
NGRN,1.4821837764036389e-5
MRPS17,8.24692833405454e-6
HEMK1,5.7537865641318075e-5
OTUD6B,1.4321949750575513e-5
MRPL48,5.614445591741711e-6
MRPS23,7.783787834988094e-6
MRPS33,7.438514956346276e-6
MRPL39,5.728224868913929e-6
MRPS21,7.494480072236825e-6
MTRF1L,4.708258599741525e-5
MRPL50,5.574759829772743e-6
GTPBP2,2.0118137336804492e-5
MRPL16,6.721459077590577e-6
RMND1,7.702645069921797e-6
PTCD3,1.1408475112092463e-5
MRPL20,6.73265870608546e-6
MRPS18A,1.638553084178337e-5
MRPS10,7.077202654183848e-6
OGFOD1,5.421140224175036e-5
SAYSD1,2.4990840435425595e-5
INPP5E,1.0262467092095613e-4
MRPS22,7.465428279810307e-6
MRPL47,5.924245328377196e-6
MRPS35,7.505679700731708e-6
GUF1,1.106106564642429e-5
MRPL17,6.028586798521107e-6
MRPS14,7.783787834988094e-6
PDF,7.47015183279515e-5
DNAJC1,6.779093631209086e-6
MRPS25,7.438514956346276e-6
MRPL14,5.980210444267745e-6
MRPS26,7.194388310747685e-6
MRPS24,7.494480072236825e-6
MRPS15,7.577194154407683e-6
MRPS11,7.505679700731708e-6
MRPS9,7.5628606750305286e-6
MRPS6,1.4253078631959594e-5
MRPS5,7.494480072236825e-6
MRPL41,6.069370032669872e-6
MRPL40,5.75332292038409e-6
MRPL38,5.626272395299687e-6
MRPL36,6.045713769753122e-6
MRPL34,5.924245328377196e-6
MRPL32,5.991410072762628e-6
MRPL11,1.474008960195683e-5
MRPL9,5.991410072762628e-6
MRPL1,5.991410072762628e-6
JMJD4,7.618287280768056e-5
MRPS34,7.438514956346276e-6
MRPL57,5.9511586518412264e-6
MRPL24,5.980210444267745e-6
ABTB1,5.330254467709746e-6
RCC1L,1.2158347940606336e-5
RBM4B,8.650022107673772e-6
EIF2A,2.9572298075259503e-5
EIF1AD,3.0036336968231404e-6
MRPL45,5.991410072762628e-6
GFM2,1.9137708033362564e-5
MRPL43,5.991410072762628e-6
MPV17L2,1.6926317890116296e-5
GFM1,1.8800742785761897e-5
GADD45GIP1,5.651066890352086e-6
MTRFR,2.6652664182109053e-5
MRRF,6.28557873728245e-6
MALSU1,9.87475825365204e-5
MRPL53,5.614445591741711e-6
MRPL54,5.991410072762628e-6
CHCHD1,7.5748365222815605e-6
PSTK,5.0043964395511056e-5
MRPL52,5.9877799504516015e-6
MSI2,5.669681761065937e-6
MRPL10,6.028031371373003e-6
MRPL55,5.924245328377196e-6
PTRH1,1.5319174504784368e-5
RPS4Y2,4.236084426111955e-6
EIF5AL1,4.181251507386013e-5
EEF1A1P5,6.089239178593432e-6
MTIF3,3.270523399886785e-5
MRPL21,5.980210444267745e-6
EIF4E1B,1.615605069028228e-5
EIF4E3,1.6167877493840254e-5
PADI6,8.14321963154588e-5
LINC02591,7.244162004384949e-6
PAIP2B,6.98350576156215e-6
MIR141,6.936922175069763e-5
MIR148A,9.138878328031107e-5
MIR299,2.6260974569002023e-6
MIR148B,2.881728585170642e-6
MIR345,2.696068798560575e-6
RPL39P5,2.9101905634094763e-6
RPL37AP8,2.975613786394001e-6
RPL13AP3,9.802216849334644e-7
MIR659,2.279487521761109e-6
MIR298,2.3934753318737974e-5
C8orf88,1.0335876558059151e-5
LINC01783,7.244162004384949e-6
HYDIN2,7.244162004384949e-6
LOC101927468,7.244162004384949e-6
MIR6086,2.465147308371176e-6
LINC01145,7.244162004384949e-6
LINC03126,7.244162004384949e-6
MIR12136,7.244162004384949e-6
HRURF,4.6337052878893994e-7
BAG1,1.7875960719936067e-5
CANX,2.8625070623735715e-5
CLGN,6.976574420578928e-6
HSPA1L,3.0350884348721097e-5
HSPA4,2.137131176148615e-5
HSPA6,1.5934293652785163e-5
HSPA7,1.159536749657308e-5
HSPB2,1.9003437646021332e-5
HSP90AA2P,5.886066621037841e-6
HSP90AB3P,5.886066621037841e-6
DNAJC4,1.622977262042431e-6
LMAN1,3.019329258688591e-5
PFDN1,1.7915395689561256e-5
PFDN2,2.4174777684915213e-5
PFDN4,1.7725823463750862e-5
QSOX1,4.9988012113360014e-5
PEX19,1.514481109121018e-4
SDF2,8.917402293490251e-6
ST13,6.994870007195746e-6
HSPA13,9.91414550409112e-6
TBCA,1.5744456544915165e-5
TBCC,1.7904574373543542e-5
HSP90B2P,4.282288430038793e-6
TTC1,3.2284175827957895e-6
DNAJC7,1.305623842074394e-5
VBP1,2.246267542959073e-5
WIPF1,9.186065666361823e-6
CDC123,4.9970102226506913e-5
PDCD5,6.877823696891778e-5
BAG5,1.09012496656923e-4
BAG3,9.398842935208479e-5
BAG2,5.153478489625876e-5
PDIA4,1.3386458420912857e-5
PDIA6,1.734955218645074e-5
DNAJA2,8.80087480752558e-6
PFDN6,2.5285599051258607e-5
AHSA1,7.99180199471378e-6
CCT6B,9.266842382881483e-6
HSPA4L,7.786002751052292e-6
ERP44,1.1795475751308864e-5
NUDCD3,3.329147345594635e-5
HSPBP1,1.3105389327225434e-5
SDF2L1,2.153919743163411e-5
HYPK,2.088307432595496e-6
DNAJB5,6.222218586701474e-6
SACS,2.30177362886278e-5
HSPA14,2.5971608972951167e-5
WDR83OS,2.0559187824164893e-5
DNAJB12,1.3666766742313964e-5
DNAJA4,1.542147005818335e-5
CDC37L1,8.519010312794085e-6
NGLY1,5.539450290043377e-5
UNC45A,3.648202451865597e-6
ERO1B,3.596346200937727e-5
SIL1,8.216577545921986e-6
ENGASE,5.1897600972524086e-5
ALG12,7.484810305902411e-5
RIC3,1.1991969028201716e-5
DNAJB14,1.2739875695931415e-5
GRPEL1,2.8075126390646035e-5
DNAJC5,4.8454862217505584e-5
LMAN2L,5.680353341782284e-6
TXNDC5,1.3843318158410698e-5
PDRG1,1.342535838663558e-5
DNAJC24,2.0131157547477794e-5
ERP27,1.7147894768577278e-6
AHSA2P,3.7891149450674757e-6
DNAJC21,1.1459195265014573e-6
GRPEL2,2.8038505092035652e-5
NUDCD2,3.4733556371755725e-6
CCT8L2,2.120276490375039e-5
DNAJB7,3.987859711952468e-6
CCT8L1P,8.861321456465454e-6
DNAJB8,1.2129557317010675e-5
QSOX2,3.942156390642462e-5
DNAJC18,1.232171089290644e-5
HSP90AB2P,5.886066621037841e-6
DNAJB3,3.1778295597709817e-6
DNAJC25,7.96522058735822e-7
HSP90AB4P,5.725764926079385e-6
DNLZ,1.2133691931564068e-5
HSP90AA5P,3.677213947393998e-6
SDIM1,7.110451296727578e-7
PTGES3L,4.642286346460902e-6
SPCS2,2.1517563563375326e-5
SEC11A,1.9791056356735123e-5
SPCS1,2.5113427364890948e-5
SPCS3,2.3533291649686338e-5
SEC11C,1.9523010076044802e-5
SEC11B,1.949609675258077e-5
IMMP1L,4.8673895363224134e-5
GMFB,5.3652782647663855e-5
GRK5,2.9814635847895565e-5
CDK17,5.1711381425498e-6
MOK,6.073517853837331e-6
CDKL1,7.975760217641488e-6
GMFG,5.491011472578611e-5
PPP4R1,1.1937235177203876e-5
PRKD3,1.5122453677926339e-5
MEX3B,1.918834392234251e-6
MYLK3,9.856748615100871e-5
PPP2R2A,1.462563597428406e-5
MTMR6,2.571958695834586e-5
MTMR7,3.232605991076986e-5
DAPP1,4.737648787994708e-6
PPP2R3B,6.85359924510289e-6
PDP1,4.147519350818689e-5
CTTNBP2NL,2.1080888149086724e-5
AANAT,1.8225760095025648e-4
NAA10,2.8670707591310325e-4
NAT8,1.0719766570736086e-4
NAA80,1.1569806600621199e-4
NAA20,1.730191255783192e-4
HINT2,4.382290678562688e-5
NAA11,9.561413450265413e-5
SIRT5,3.6365887316356e-4
BEX4,2.3402365501583457e-5
PCMT1,4.591372409101457e-5
NTMT2,5.4510246311701204e-5
METTL21C,3.788070502410637e-5
TMEM258,5.5324744686172076e-5
GALNT1,2.418913239374221e-5
GALNT2,2.133128136635342e-5
STT3A,4.3225111015868767e-5
MGAT5,3.9846185744114884e-5
RPN1,2.892144589776121e-5
RPN2,2.6065667892755637e-5
GALNT4,1.9809350138180043e-5
TMEM59,2.1755393333994072e-5
ALG3,8.256876319585089e-5
RXYLT1,6.745663585513662e-5
ARFGEF1,3.023443538191354e-5
POMT1,1.25728054780824e-4
ST6GALNAC2,3.25770154927871e-5
GALNT6,1.3797776196085233e-5
MGAT4B,2.7379809062657053e-5
DPY19L1,3.983338005714355e-6
MGAT4C,2.4324203162334384e-5
GALNT8,8.235398488667573e-6
ALG6,8.317546660970093e-5
POMT2,8.11217385410061e-5
GALNT9,8.235398488667573e-6
SLC35C2,4.390413134057651e-5
TMEM260,1.760184696816073e-5
GALNT10,8.235398488667573e-6
ALG1,1.0645888836796322e-4
DOLPP1,7.368910653954558e-5
GALNT16,1.7636227417562052e-5
OSTC,2.5937920331997338e-5
GALNT17,7.032318604163243e-6
ALG8,8.317546660970093e-5
POGLUT2,5.6419413030739794e-5
GALNT14,8.235398488667573e-6
GALNT12,8.246598117162457e-6
ALG9,1.1856721191186668e-4
ALG13,6.99564857991369e-5
B3GNT5,7.641085572294279e-5
ALG10,3.265421995173873e-5
ALG2,2.0415753472086148e-4
DERL3,3.723248701306922e-5
RFT1,1.1736349298678756e-4
GALNT13,1.8839307302066383e-5
GALNT15,8.414300096851199e-6
LARGE2,2.3808796907369087e-5
SLC51B,4.745074476550256e-5
GCNT7,3.457453097496079e-6
POGLUT3,5.6370964928571437e-5
ALG10B,3.516453280016608e-5
MGAT5B,3.676906944839195e-5
DPY19L3,4.0102513291783855e-6
B3GALNT2,4.449866731926673e-6
XXYLT1,6.26209828432739e-5
TMTC2,1.8007022433008856e-5
TMTC3,2.0091779421617513e-5
FUT11,2.557112633155222e-5
ALG14,1.9450760593041157e-5
KRTCAP2,6.413943327795795e-6
STT3B,4.626241758093803e-5
GXYLT1,3.730078883588085e-5
EOGT,1.45638833495789e-4
GALNT18,7.032318604163243e-6
ALG11,7.768133401815643e-5
GALNTL6,1.2516633326712688e-5
ALG1L2,3.8019755614508866e-6
GXYLT2,3.730078883588085e-5
OST4,7.430617643442678e-6
B3GALT9,2.492054774002508e-6
NMT2,1.677062889279615e-4
ZDHHC8,5.1800953100700026e-5
GOLGA7,2.468063884732105e-5
HHAT,9.237914174561579e-5
HHATL,1.7605522177892652e-4
ZDHHC6,8.211734282455054e-5
PORCN,1.1611053861000216e-4
ZDHHC14,2.262916442509324e-5
ZDHHC19,4.9362031744925535e-5
ZDHHC20,4.8144149753959984e-5
ZDHHC23,1.3620672618684354e-5
SVIP,2.2194503788696484e-4
ZDHHC22,1.3799502229075762e-5
MBOAT4,1.5266374156295407e-4
PIGA,3.573201740893251e-5
PIGC,1.6725969916958323e-5
PIGF,3.360631740106684e-5
PIGH,1.6769019863780283e-5
GPAA1,8.162589943578878e-5
PIGL,6.0482339090001474e-5
PIGB,3.5675820204095356e-5
PIGK,7.413774373893651e-5
PIGN,2.7607193509875375e-5
PGAP2,9.436533822237166e-6
PIGP,3.464381248118655e-5
PIGT,3.363686158392578e-5
PIGG,7.560630051585223e-5
PIGX,9.257892653451612e-6
PIGV,4.5472625840995104e-5
MPPE1,7.063510748741879e-5
PIGZ,2.3680208287788083e-5
PGAP4,9.445315931587886e-6
PIGO,2.757325377969776e-5
PIGY,3.46659254078062e-5
PIGM,1.2593552573923912e-4
PGAP3,9.536176470774767e-6
PIGS,3.313870508697994e-5
PIGU,4.3130395729874944e-5
PIGW,5.904617659051311e-5
AGA,5.441680593204777e-5
AUP1,3.564501944728884e-5
CAPN5,4.991427920498433e-6
CAPN1,5.3146156351653496e-5
CAPNS1,2.3323579298021547e-5
CASP5,1.9001059895722517e-5
CASP10,3.7739258742110175e-5
CPA2,6.818871161245489e-6
CPB1,4.8797517695929266e-6
CPD,2.008926813976867e-5
CPM,6.14494436439849e-6
CPN1,1.3866925026936545e-5
CSTA,1.5025806367679061e-5
CSTB,1.0676864407222944e-5
CTRB1,1.6539254778847237e-6
CTRL,1.424652818946826e-6
CTSO,1.7726852681006715e-6
DPP6,7.437890427338833e-6
F9,5.002712723991852e-6
F10,5.66415494443359e-6
F11,8.336712454686648e-5
FOLH1,0.00013203265274471201
GZMK,5.941556073638703e-6
HABP2,1.6919410713417484e-6
SERPIND1,9.411729681118034e-6
HGFAC,4.62231640003966e-6
HPR,2.010688633022746e-5
IPP,3.3233128036695605e-6
ADAM11,6.682657000996998e-5
MEP1A,6.305417686517166e-5
MEP1B,2.561995850221041e-5
MIPEP,1.4747698765657493e-5
MMP1,1.5769448451922238e-5
MMP10,5.15837246097918e-6
MMP11,9.351911103015118e-6
SERPINB2,1.773782084980054e-5
PAPPA,9.311133077226316e-6
PCOLCE,5.058488305192194e-6
PCSK2,8.883374669793586e-5
PEPD,6.133365211452471e-5
PGA5,1.8159594520210524e-5
SERPINB8,1.045309038365308e-5
SERPINB10,9.019313012365022e-6
SERPINI1,1.019777371122442e-5
SERPINB13,7.426612080522135e-5
SERPINI2,7.2092568631723564e-6
PLG,6.420461100376726e-5
CTSA,7.270667435045817e-5
PPP2R5C,1.7840391887987436e-5
PREP,2.540708474204515e-5
PRSS1,3.640803694336465e-6
TMPRSS15,2.0268458038238167e-6
KLK6,1.2406677008871498e-5
KLK10,1.650060019756664e-6
PSMA2,1.3667762691431974e-5
PSMA3,1.3360382850491929e-5
PSMA4,1.2143841008873823e-5
PSMA5,1.2497111957966577e-5
PSMA7,1.126548318250195e-5
PSMB1,1.0859700710909276e-5
PSMB2,9.613094074277674e-6
PSMB3,9.603825309041446e-6
PSMB5,1.8081113671579055e-5
PSMB6,1.799288779318356e-5
PSMB7,1.8933999522334257e-5
PSMC1,2.1932719754197472e-5
PSMD1,3.77674024452895e-5
PSMD2,3.6577955149875885e-5
PSMD3,1.4538816310434686e-5
PSMD4,1.2007701924766453e-5
PSMD7,8.343142068468575e-6
PSMD8,1.2808030581847959e-5
PSMD11,1.7935039444083366e-5
PSMD12,1.4211598713624486e-5
RNPEP,1.927284098646571e-5
SEL1L,6.69881965450122e-5
SCG5,7.100872531476021e-6
SGTA,7.450428832605143e-5
FBXW4,5.620323391207868e-6
CAPN15,4.4077402053821374e-6
TIMP2,3.1072133932734725e-5
TIMP4,1.6712140055418016e-5
TMPRSS2,2.1922306837866114e-5
TPSAB1,2.998032629544082e-6
UBC,9.597140304328727e-6
UBA1,3.028189379875264e-5
UCHL3,1.2356948297216844e-5
XPNPEP1,1.3232761882322616e-5
XPNPEP2,5.220321921829149e-6
RNF103,1.5827325170720773e-5
UBXN8,3.4608984176736888e-6
STAM,6.802014689683457e-5
USP5,3.554598186266418e-5
GAN,3.4284481478372124e-6
CLPP,4.072886893280834e-5
USP11,5.158984544911547e-6
F8A1,5.977925185921315e-6
UBL4A,3.4133616587152375e-5
MMP23B,3.9532695175179464e-6
CPZ,6.021539168133893e-6
ADAM23,3.6129460240302974e-6
PROZ,3.3069675849127644e-6
HERC3,1.7530236944753604e-6
RHBDL1,1.4061643971693237e-6
PCSK7,5.228403177190019e-6
MMP20,2.1259819925674604e-5
TMPRSS11D,2.1143824370075167e-6
NAPSA,3.0711908953626584e-5
PSMF1,1.2805946961150064e-5
PMPCB,4.260276985030331e-5
PREPL,1.3121443752432192e-5
KLK4,6.054147973376856e-6
CLCA2,1.3841778450950868e-5
HERPUD1,5.728345871902567e-5
ECE2,6.1820264371081275e-6
USP34,7.087590627430581e-6
SCRN1,1.4040576213979706e-5
SPOCK2,1.5370711101743394e-5
PSMD6,8.085517188841114e-6
JOSD1,2.874283786361479e-6
NAALAD2,1.2784218348503495e-5
NAALADL1,7.358922690970792e-6
DPP3,8.326395349531537e-6
TSPAN5,7.32839369672448e-6
CELA3A,1.324491071856208e-6
STAM2,3.744547909074113e-5
PRSS16,1.0622792307004612e-5
CPQ,2.1437637470831335e-5
SPON1,2.6078818275693166e-5
ZER1,7.957692241565245e-6
APPBP2,5.901030406422769e-6
PITRM1,3.7334120422642827e-6
CAPN9,4.813076867179885e-6
SEC61B,9.126818820701008e-5
OS9,7.113831555398032e-5
METAP2,2.39312573254304e-5
KLK11,1.7758933152471073e-6
ADAMTS8,5.453557908833256e-5
PRSS23,1.7333397172844387e-6
ATE1,7.32662029179432e-5
CAPN11,4.999418515973353e-6
MST1L,3.4514898566638828e-6
KLHL2,4.29632829454929e-6
CTRC,2.1481584540473537e-6
CLCA4,1.3165637600739957e-5
FBXO21,1.4397414994839434e-6
UBXN4,2.2925329246024438e-6
FAF2,4.166729992110125e-5
PMPCA,3.9606838460221405e-5
OTUD3,3.913011525999408e-5
USP24,3.109550912755707e-6
MATCAP2,2.1315536400147507e-6
ECPAS,1.185762800305763e-5
TPSD1,1.2975777483921776e-6
CELA3B,1.2975777483921776e-6
KCTD2,4.582725400644071e-6
DNPEP,3.711166565741467e-6
TSPAN15,1.3055004053756894e-5
CASP14,1.1792473423743979e-5
KLHDC2,7.98511652372569e-6
PISD,4.8999319464887307e-5
ARIH1,4.547200001091427e-5
TPSG1,1.3558727637120794e-6
BACE2,3.350224181857762e-5
ARMC8,1.37570358279673e-5
UBXN7,8.544382647917524e-6
KLK13,1.89089488663896e-6
FBXW2,7.809023237170814e-7
FBXL3,1.1862553181082522e-5
FBXO2,5.2755382474284224e-5
FBXL6,3.667253994351412e-6
FBXL5,1.1899306435010226e-5
TSPAN17,4.544228504526651e-6
FBXO10,1.8548143207330542e-6
FBXO8,6.423947507137867e-6
RNF11,3.4145006241273377e-6
FETUB,1.5186734869708398e-5
ERLEC1,3.030355237079949e-5
TINAG,2.5148500706303473e-6
DESI1,4.425713248877903e-5
CCDC22,1.5140194494477316e-5
TMEM208,2.5143560692561065e-5
MYLIP,4.849423674654826e-5
PRSS50,9.239624015655865e-6
PACSIN3,2.324134554067847e-5
SNX12,5.4301017705400074e-5
DPP7,1.7978137672531517e-5
TRHDE,3.638970717806173e-5
KLK12,1.650060019756664e-6
UBQLN3,2.7462688869947405e-6
CUZD1,5.569517105409974e-5
SPOCK3,1.2340836090758254e-5
VPS36,3.885323979241551e-5
DESI2,2.7924286512409882e-5
CELA2B,1.324491071856208e-6
UBXN1,2.080346037759018e-4
LAP3,7.3198895799858265e-6
KLHL5,3.2421483577041167e-6
RNFT1,1.2571482827688088e-5
VPS28,9.022945884564119e-5
CRBN,1.510585485059678e-5
CPA4,1.2400017360919908e-5
UBAP1,2.4230105491818833e-5
AMZ2,6.653997155663746e-7
FAM8A1,2.9862466778536125e-5
PCYOX1,1.544436919125568e-4
JKAMP,2.4707786882096245e-6
GET4,5.064454752823732e-5
ADAM22,3.937602634626535e-6
GSAP,1.2588591552893945e-5
KCTD5,4.670560683956888e-6
ANKIB1,5.058475488478109e-6
CPVL,1.6164852878885954e-5
NDFIP2,1.2718115173554094e-5
MINDY2,1.0731215192377393e-4
KLHL24,8.451624468419753e-6
KLHL28,2.975101620044522e-6
PGPEP1,2.8018756468194768e-5
RNF43,3.1245473258563004e-5
RHBDL2,1.3260300342538147e-6
GID8,3.1299918281098683e-6
VPS37C,3.243947013834483e-5
DET1,1.1617321224213128e-5
DMAC2,5.5282307186657955e-6
UBR7,1.8679813296511768e-6
KLHL11,3.013841747066528e-6
USP40,3.022488416649049e-6
RNF121,2.656069837633093e-6
YOD1,8.058408868149127e-5
FEM1A,8.280181150560763e-5
KLK15,1.6769733432206948e-6
CNDP2,1.2084307738045368e-5
MINDY1,3.339582268430672e-5
RNF130,1.7794976177444814e-6
PLGRKT,1.8497976170399277e-5
PSENEN,3.46152811275994e-5
ANGPTL8,1.3923962169937014e-5
KLHL7,3.6968083373390215e-6
KLHL4,3.7721617706696758e-6
CPXM1,4.747385472481401e-6
MMP26,4.5045331040528545e-6
TMPRSS4,7.50485476622078e-5
NRIP3,3.0678975571575916e-6
FEM1C,7.615953159328755e-6
PCNP,1.2944279254842596e-6
CPA6,4.747385472481401e-6
RNPEPL1,1.4580081721932031e-5
RCN3,1.576457450640387e-5
RHBDD2,1.125312103689618e-5
USP31,2.846370000578272e-6
RNF150,1.4352557833395658e-6
USP35,3.051292436860715e-6
KLHL8,3.391407472495372e-6
KLHL1,1.2279817275661926e-5
DPP10,1.0809210213684668e-5
AGBL5,8.290427407661843e-5
PRSS22,5.9070271988353525e-6
MMP27,3.6285262422259352e-6
DPEP3,4.330170493041087e-6
RHBDF1,8.164475386068218e-6
COP1,1.1813377614990302e-5
MMP25,1.350186005180454e-5
TMEM168,4.001401829162948e-6
TPSB2,1.6225510948549194e-6
RMND5B,1.1571388066877479e-5
UBE2Z,4.94831924726093e-6
OTUB2,1.1626144197235688e-5
PCYOX1L,9.7706536487649e-5
GID4,1.8345479212585389e-6
TMUB2,1.2311415962049037e-6
CHAC1,8.273696852384641e-5
DERL1,6.35144007525568e-5
MMEL1,1.6573118154646765e-6
SCRN3,9.182187694398863e-6
HECTD3,2.8833922222762278e-6
ZYG11B,8.01972282098915e-6
NPEPL1,5.799934208195772e-6
VPS37B,7.202748980176744e-5
KCTD17,1.32507453672432e-5
AGBL2,2.244832931021105e-5
RNF122,1.092733550717919e-5
TM4SF20,1.5014290819791414e-6
ERMP1,5.07512600855253e-6
PSME3IP1,6.012865427951443e-6
MINDY3,7.655471583449723e-6
FOXRED2,2.7269806360661507e-6
ADAMTS20,4.955045659887555e-5
SPSB1,3.2646323144774472e-6
WDR26,1.0903506643399013e-5
ADAM33,1.3896587372106644e-6
SEL1L2,1.5629022666496546e-6
DCAF11,3.002547608733383e-6
UBXN6,1.0174988692669143e-5
TMPRSS5,1.5412843814780122e-6
YIPF5,2.943976695398951e-5
ADAMTS10,5.867449220357631e-6
APH1B,3.1889602393975027e-5
TMUB1,2.377783515674188e-6
TBC1D10A,4.556437195711159e-6
PRSS27,1.3125676572259497e-6
KCTD10,9.804332623713678e-6
TMPRSS13,1.68443101927821e-6
ZNRF3,4.8638016008977493e-5
MINDY4,7.000087781256686e-6
USP48,3.916012762702757e-6
DDI2,2.554979998714016e-5
USP32,6.551182345337062e-6
LNX1,4.921024554389382e-6
SPSB2,3.3632424706395916e-6
CNDP1,1.1937638526507316e-5
ARHGAP5-AS1,1.5910473390857267e-5
RNFT2,1.047153734632059e-5
AOPEP,5.2423823322426875e-6
NKD2,4.878971822934954e-5
SERPINB11,7.073786541429933e-6
LMLN,2.2245665104794923e-6
MVB12B,5.394448770864744e-5
RSPRY1,9.383497489756675e-7
SCRN2,9.463043889773662e-6
ZFAND2A,1.4145258319437065e-5
DPP9,9.47459498969523e-6
TMEM259,9.949072940294921e-6
UBXN11,1.8205173079140768e-6
CAPN13,4.331117353902728e-6
ATXN3L,3.643560060483351e-5
ARRDC1,1.2644546728948036e-5
MVB12A,6.414449185702028e-5
FBXO44,6.317781349214145e-6
CPA5,4.747385472481401e-6
HTRA3,6.212588543863194e-6
TRIM9,3.3673374436204164e-6
LACTB,7.627284299385002e-7
KLHL29,3.0020149435085526e-6
FBXO17,6.317781349214145e-6
CPXM2,4.7309936894593015e-6
ANKRD9,1.150916706671619e-5
KLHDC1,9.657243933748994e-6
AGBL1,3.3205446306877724e-5
PRSS29P,1.2975777483921776e-6
WDR81,2.483347166083597e-5
JOSD2,2.842902094505607e-6
FBXO27,6.317781349214145e-6
UBXN10,7.5112655621210594e-6
CSTL1,4.883097267936399e-6
TRABD2A,5.7674888403574194e-5
ZFAND2B,2.7929290051803674e-5
CPO,5.1056726986473805e-06
KLHL40,2.6912190199109476e-5
TMPRSS11B,1.4594184057482396e-6
PM20D2,4.989687864068699e-6
PRSS37,3.393045620236031e-5
PRSS58,1.650060019756664e-6
VPS37A,3.2000622081641406e-5
PRSS47P,1.2975777483921776e-6
OTUD6A,4.311424813843604e-5
ASB9,6.494988488322413e-6
ADAMTS14,4.191599473113469e-6
LDLRAD3,3.7418811591022725e-6
UBQLNL,1.7773336619206345e-6
KBTBD3,2.975101620044522e-6
A2ML1,3.967481173981491e-6
FBXL14,3.741111377333292e-6
PGPEP1L,5.422765128480472e-7
FBXL16,3.30386126069005e-6
PRSS36,1.303087932591875e-6
CAPN12,4.46725067812927e-6
KLHL23,3.0020149435085526e-6
ASPRV1,3.6650090516241383e-6
RNF145,2.6804353669537197e-6
RNF217,5.0795710572723134e-6
PRSS3P2,1.5885053097920042e-6
AMZ1,6.653997155663746e-7
VPS37D,3.1836770041912814e-5
USP54,2.715532146773524e-6
OTUD7A,1.6858944346288664e-5
RHBDL3,1.4131371083966812e-6
FBXO39,3.2300038777081703e-6
KBTBD12,2.975101620044522e-6
RNF133,2.8937732017299254e-6
ADAMTS17,1.914819711845599e-6
AMN1,5.617315734076792e-6
RNF215,1.4240561548446827e-6
KCTD6,1.2224057841917676e-5
HTRA4,4.3728975770278675e-6
SENP5,4.0454587579669974e-5
LVRN,8.648838419380571e-6
USP12,3.8597098737297945e-6
FOLH1B,2.7809750459160615e-5
OTUD1,4.4332257651981925e-6
PRSS54,1.2975777483921776e-6
FBXL13,3.752987400505996e-6
METAP1D,2.3588049077631348e-5
RNF144B,5.632349760479438e-6
PRSS33,1.3194797156139744e-6
KLHL35,3.0020149435085526e-6
KCTD21,6.2455602030567255e-6
SIAH3,2.392130001956316e-5
FBXL22,3.4318026236982336e-6
ACTMAP,4.165685966880398e-5
KLK9,1.650060019756664e-6
RNF175,2.389787963135422e-6
UBAC2,2.8928584271356138e-5
PRSS53,1.308099288834109e-6
KLHL17,3.58874310179442e-5
PRSS38,1.2811859653700784e-6
SPOPL,5.674110110886934e-6
KY,3.1550339740939936e-6
TMPRSS11A,1.3125676572259497e-6
AGBL3,2.2065866690820853e-5
KLHL38,3.0020149435085526e-6
OVCH2,1.6457076503133221e-6
OVCH1,1.346609188354603e-6
NCCRP1,6.634624500824239e-6
TMPRSS7,1.299116710789784e-6
PRSS48,1.324491071856208e-6
PRSS51,1.2811859653700784e-6
TMPRSS9,1.299116710789784e-6
PRSS41,1.4138720040447117e-6
SVBP,1.1320249042349346e-5
KLHL30,2.975101620044522e-6
PRSS45P,1.2975777483921776e-6
RNF148,1.7928187893277205e-6
LRRC75A,3.1829505814949887e-6
TRABD2B,5.759069650526454e-5
CAPN8,4.553867996605691e-6
TMPRSS11F,3.4869630701411427e-6
UBAP1L,8.884712885239804e-6
USP17L6P,9.572523928184704e-6
LIAT1,2.620783784019483e-5
PRSS57,4.442389028916438e-6
USP17L1,3.2245869017556028e-6
UFSP1,3.2284797487003936e-5
DDI1,2.40213345118929e-5
CTRB2,1.627012154420693e-6
NPEPPSP1,8.768097756385878e-6
TRIM67,9.015021900510706e-6
CAPN14,4.46725067812927e-6
MIR339,2.1006129081213012e-5
F8A2,5.977925185921315e-6
F8A3,5.977925185921315e-6
FBXO48,3.2920344571320744e-6
PGA3,1.8159594520210524e-5
PGA4,1.8186507843674555e-5
USP17L3,3.2245869017556028e-6
SERPINE3,7.051884574208135e-6
ANXA8,1.0715350287729308e-4
MATCAP1,2.1281415429078177e-5
USP17L24,1.623350988266476e-5
USP17L5,3.2245869017556028e-6
JMJD7,5.7291764214027114e-5
USP17L10,3.2245869017556028e-6
USP17L11,3.2245869017556028e-6
USP17L12,3.2245869017556028e-6
USP17L13,3.2245869017556028e-6
USP17L17,3.2245869017556028e-6
PRSS46P,1.1740938419816016e-6
USP17L18,3.2245869017556028e-6
USP17L19,3.2245869017556028e-6
USP17L20,3.2245869017556028e-6
USP17L21,3.2245869017556028e-6
USP17L22,3.2245869017556028e-6
USP17L15,3.2245869017556028e-6
CASP12,1.4550295688447537e-5
ERVK-9,7.718074394888758e-6
ERVK-18,7.56461228133141e-6
ERVK-25,7.56461228133141e-6
ERVK-24,7.782184395205225e-6
PANO1,7.425860831292662e-6
ERVK-19,7.718074394888758e-6
EEF1AKMT4-ECE2,6.566615040161774e-6
GSS,1.2345969739626866e-4
ABCB9,8.567525331960858e-5
CHAC2,6.960273991514006e-5
ACY1,1.138415373524371e-5
BPHL,5.090805181815032e-5
DIO1,2.7597902919009922e-5
ACCS,5.98099740602153e-6
ACCSL,5.945551151123443e-6
MAT2B,8.356150166886545e-5
CKB,8.297585311095811e-5
CKM,5.5583810760184276e-5
CKMT1B,5.598641510784465e-5
GSR,7.248548935528181e-5
GSTA2,5.3365189560582236e-6
GSTA3,5.174990269237353e-6
GSTA4,5.133139815354179e-6
GSTM5,4.749506512393107e-6
GSTT1,1.0499182651633698e-5
GSTT2,4.364141932007368e-6
TG,1.6732177690394084e-5
TPO,1.6008668510781557e-4
ABHD16A,7.762712740441258e-5
BBOX1,7.495477220732886e-5
GGH,8.54111178621984e-5
PTDSS1,9.154138807008653e-5
ETHE1,6.167357195683433e-5
GSTT4,4.162129310425283e-6
MMACHC,9.183841337955153e-5
OPLAH,5.361771221716393e-5
DMGDH,1.2276898686724725e-4
DUOX2,9.04884590861768e-5
PLA1A,1.3923230025640378e-5
DUOX1,9.102677185780465e-5
TMLHE,7.80373456879126e-5
CHDH,1.6027234711197926e-4
SERINC1,1.1268856950600431e-5
PTDSS2,9.754753836799159e-5
GGACT,6.133797953509846e-5
DUOXA1,5.4088514222056186e-5
OSBPL8,1.0479054894911435e-4
OSBPL10,1.4685129633960937e-5
ABHD16B,3.707005684220208e-5
ABHD12B,3.926025333934023e-5
MBOAT1,5.923056203079231e-5
GSTA5,5.155747857563494e-6
LPCAT4,1.409782488484442e-4
GSTK1,1.337625914719574e-5
DUOXA2,5.354801175318392e-5
CKMT1A,5.598641510784465e-5
GSTT2B,4.361171132405745e-6
AOC1,1.330974850266125e-4
AMD1,1.8379663876825234e-4
MAOA,7.552413383071499e-5
OAZ1,4.3573423310612994e-5
OAZ2,8.710410530488245e-5
PNMT,1.0040273610657288e-4
SNCB,2.388933052896016e-5
SRM,8.206991803823667e-5
SNCAIP,1.4119625429168638e-5
SMOX,1.515792373852167e-4
SAT2,2.1578141722030451e-4
PAOX,3.917772465092435e-4
SATL1,9.925544545618337e-5
PMEL,5.589477354628243e-5
RAB38,2.0432949598304064e-4
SLC24A5,6.87256909342839e-5
VPS51,3.702456103013983e-5
TIMM8A,1.9491990213582863e-5
STOM,3.070678967139017e-5
LTBP2,1.2952110809309112e-5
M6PR,3.364225396090416e-5
MTX1,2.8919434468538697e-5
PDZK1,5.22963885950544e-5
RN7SL1,1.678375250885994e-5
VPS52,9.908309557001153e-5
SRP14,3.872508268168145e-5
SRP19,2.4722868446519648e-5
SRP68,4.5015937923639385e-5
SRP72,3.397692728684365e-5
SRPRA,3.417087991607812e-5
SSR1,3.116700159211186e-6
SSR2,2.960158702559549e-6
SSR3,7.486772692338459e-6
SEC62,1.8271059196707854e-5
YWHAB,1.480038386170105e-5
HAP1,2.3639717171174569e-4
SYNGR1,1.6343812033414363e-5
RASSF9,7.783959276246097e-6
PEX16,1.5654238134627283e-4
TRAM2,2.0539333010391748e-5
TCAF1,1.0843654022542206e-4
ZFYVE16,1.3032403714870602e-5
C2CD5,2.3544988399515808e-5
AP1M2,3.899255045017633e-5
SAE1,1.0489485272244256e-4
TIMM17B,1.7364932762015377e-5
TIMM17A,1.7407833180008125e-5
TOMM40,4.857100278491137e-5
TIMM44,1.4068497210083071e-5
MTX2,2.6699190597296077e-5
AP4B1,1.718212505542358e-4
TOMM34,3.094803336103583e-6
AP4S1,1.706434114921893e-5
MON1B,5.3009392594581736e-5
NACAD,1.1342215610126013e-5
GGA3,5.546501337577654e-5
VPS8,2.5842938717297563e-5
AP4E1,1.9626975066195024e-5
TRAM1,1.9897877219147087e-5
SEC61G,8.03717572317103e-5
MTCH1,2.19395051385419e-5
MTCH2,2.5049659308662333e-5
SAMM50,2.961728322868243e-5
TIMM10B,2.8003332795796525e-5
AP3M1,6.989589126907805e-5
VPS41,8.762503175623417e-5
TIMM21,2.0744479619861994e-5
TIMM22,3.237975891118142e-5
ZFAND6,1.430097986281241e-5
SGTB,3.843805777422022e-5
LEPROT,4.901838552336877e-5
SEC61A2,5.236530801966049e-5
GOLPH3L,3.836446415791009e-5
VPS53,3.9637614233515125e-5
ANKRD10,6.593759492870508e-5
VPS11,6.305622304529565e-5
TOMM22,3.8240002614501355e-5
SRPRB,2.7593071586330547e-5
TRAK2,3.1287409972475694e-5
MICALL2,2.3575263098059906e-5
ZNF205-AS1,1.678375250885994e-5
NACA4P,1.121342871644548e-5
TOMM40L,8.655537410863001e-5
MON1A,1.6597829215944072e-5
MICALL1,4.335216821448579e-5
HPS4,1.3848858506299383e-4
YIF1B,3.953077684221665e-6
TIMM29,2.0296270343158907e-5
RAB3IP,6.443809067070251e-5
AP1S3,3.730908735535941e-5
TRAM1L1,1.918071844724348e-5
UBL4B,7.697492176977558e-6
ZDHHC24,8.496635691629422e-6
TCAF2,9.68741140775779e-5
NACA2,1.1342215610126013e-5
WASH3P,2.6246475720003672e-5
RN7SL2,1.678375250885994e-5
RN7SL3,1.678375250885994e-5
TOMM5,2.3805415526385015e-5
GOLGA7B,5.91284738622171e-6
SNAP25-AS1,1.678375250885994e-5
TOMM6,2.385692809191196e-5
BHLHE40-AS1,1.678375250885994e-5
TIMM23B,1.7201693169447453e-5
TTC9-DT,1.678375250885994e-5
GJD2-DT,1.678375250885994e-5
LOC101928510,1.678375250885994e-5
LOC101929130,1.678375250885994e-5
PTTG1IP,1.935803429101179e-5
CSE1L,9.247261812766812e-6
KPNA3,5.400205873914527e-5
KPNA4,2.6769047957480385e-5
KPNA5,2.0239174521687087e-5
TNPO1,9.593772711756803e-6
IPO13,2.1294731974771262e-6
FAM53B,3.365108634510372e-6
IPO8,2.4332612176309573e-6
TNPO3,1.606619483331325e-5
RANBP6,9.025123492220543e-6
TNPO2,9.294680433972409e-6
IPO11,1.846546585322638e-5
FAM53C,1.7674724482377325e-6
HIKESHI,1.0609843760461832e-5
UFM1,4.879661000614301e-5
TMCO6,5.8149778980635075e-6
IPO9,3.139676316280484e-5
IPO4,9.400273907421106e-6
RGPD5,5.449506210634078e-6
RPAIN,3.3858320524956605e-6
FAM53A,1.7159598827107887e-6
RGPD4,5.4225928871700475e-6
RGPD1,5.4225928871700475e-6
SPRN,2.0213599566480694e-6
RGPD3,5.4225928871700475e-6
RGPD8,5.8019531396165045e-6
RGPD6,5.449506210634078e-6
RGPD2,5.4225928871700475e-6
RANGAP1,8.724478426355477e-5
RANBP3,4.8146213599785e-6
FRAT1,6.2271059506461945e-6
XPO7,8.701956837790837e-6
XPO6,8.169756842421246e-6
FRAT2,4.815318640858109e-6
CCHCR1,2.449050406384856e-6
XPO4,1.5891838648738282e-5
KDELR2,4.9331154090822275e-5
KDELR3,4.934235371931716e-5
ANKRD13C,1.8201542028286052e-5
AADAC,2.8166963184968647e-5
ABCA3,2.3784926658210434e-4
AOX1,4.472830362859153e-5
APOC4,2.91582843608085e-5
ARSA,5.7887323873642684e-5
STS,5.8644917054631936e-5
BDH1,3.379764091767719e-5
SERPINA6,2.971068925639835e-6
CDS1,7.501557186694915e-5
CHAT,1.0931124840485356e-4
CHKB,5.4040289096340147e-05
CLPS,9.313162124788624e-6
CYP21A2,1.6510790297124915e-4
FABP6,4.055115489367208e-6
FNTB,8.433119810184012e-5
KDSR,1.0498749437946418e-4
GALC,9.118487949662726e-5
GC,8.227028827515419e-5
GPX5,6.888623245480267e-6
HSD3B1,7.451336339793656e-5
HSD3B2,5.129486930146341e-5
HSD11B1,1.7709312666974755e-4
INPP1,8.844612699223644e-5
MTTP,1.7249711697774745e-4
PAFAH2,2.1259883227998287e-5
ABCB4,1.1096079395744308e-4
PIK3C2B,2.530382146595837e-5
PIK3C2G,2.5329968212606316e-5
PI4KA,1.4545264677907834e-4
PI4KB,2.8403686156553934e-5
PLCB4,6.488584979159706e-5
PLCD1,1.6005212551198156e-5
PLIN1,6.230660564263104e-6
PCYT2,6.21131527061769e-5
PLAAT4,5.608910993576581e-5
SFTPB,2.626651477370138e-5
SMPD2,2.7073622601777174e-5
THRSP,8.921043641184589e-6
UGT2B4,4.417263289049618e-6
UGT2B7,6.763529105367548e-6
UGT2B10,2.7561438993904736e-6
UGT2B15,5.211840014207365e-6
UGT2B17,5.211840014207365e-6
PIP5K1B,5.140375087190484e-5
NSMAF,3.624512217220228e-5
GNPAT,9.8954406594152e-5
AGPS,7.313261959867857e-5
CDS2,4.3107149962237736e-5
MTMR1,3.486455255159138e-5
SYNJ2,6.922180724202562e-5
VAPA,7.842678966179109e-5
GGPS1,2.2271047862383294e-4
PGS1,7.623634835777109e-5
PITPNM1,2.9271493031804556e-5
PLCH2,1.2824906701564825e-5
ABCA8,3.183364787655808e-5
CEPT1,1.0616980899401652e-4
CDIPT,5.896322294360764e-5
AVIL,9.34117980184409e-5
UGT2B11,5.238753337671396e-6
MTMR11,1.1825177711997308e-5
PNPLA6,7.936514144260977e-6
ERG28,2.269873668533843e-6
PXMP4,8.694271420167478e-6
SACM1L,3.4938186214656416e-5
EFR3B,3.8824715670447085e-6
PLCH1,3.650062273453036e-5
EFR3A,3.6711346172496244e-6
VSIG2,2.2733729857197188e-7
PDSS1,1.1073107800042146e-4
PITPNB,5.8275640812082265e-5
LRP10,8.51319744038215e-6
SH3YL1,8.729722437616925e-6
DKKL1,6.417774929568909e-5
CPNE7,3.091204069087878e-6
CIDEB,4.652050728576551e-5
HCAR1,3.928358299604612e-6
HDHD5,1.5862908275120732e-6
ORMDL2,5.39879429808603e-5
LGALS13,4.521125492359819e-6
CERS2,1.7627932933213927e-4
PLA2G2E,2.4619843633370406e-5
FAM135B,1.5382699529073329e-7
SCCPDH,5.240994320882494e-6
HSD17B11,3.255954003289061e-5
HSD17B14,2.2362078040300808e-5
GOLM1,1.1749916744600012e-6
LIPT1,4.939645672931266e-5
CYB5R2,1.8361494626404582e-5
CYB5R1,2.228287781122567e-5
TM6SF2,2.061064454560222e-6
UGT2B28,6.7414669279701e-6
MTMR12,1.367082926918435e-5
PLPPR1,8.906800120752205e-6
MTMR10,1.1676702820596827e-5
LPCAT2,1.0926831300412483e-4
PLAAT2,2.1038581404681205e-5
PI4K2B,2.11503105667705e-5
PLCXD1,1.0311575394577775e-6
PI4K2A,7.984780706538509e-5
ETNK1,2.06530209951014e-5
PIP4P2,4.767465493587149e-5
MTMR8,2.217076260948408e-5
SMPD4,8.048156614041884e-5
TEX2,1.7288455645637667e-6
GPCPD1,4.8017746825355394e-5
AGPAT3,2.134299473447681e-5
AGPAT4,2.1851598520224384e-5
PDSS2,1.122792172967282e-4
SLC44A2,5.574382238882277e-5
TTC7A,5.140250465270328e-6
NCEH1,7.069294528290702e-5
FAM135A,1.0231442976378948e-7
PITPNM2,1.98579118622287e-5
PGAP6,6.3682871270718945e-6
LDAH,2.714730076929883e-5
ABHD4,2.4575766381728696e-5
CIDEC,2.6838305380015288e-5
GAL3ST2,2.9942583676596658e-5
MTMR14,1.9980915416761824e-5
ACBD3,1.2659598036958368e-5
PLPPR2,8.61926516693837e-6
CERK,3.1577144548547495e-5
LMF1,1.8857217751987867e-6
CYP3A43,3.942063007900373e-5
MTMR9,3.712700839980255e-5
MBOAT7,4.833978374483925e-5
DHRS11,2.923083928077451e-5
ABHD8,9.831548243596276e-6
CERS4,1.1060451751424642e-5
HPS6,3.5347213876295654e-5
EPHX3,2.5801578957085533e-5
PLBD1,2.904580320138971e-6
PLPPR3,8.592351843474338e-6
APOL5,7.854008573860019e-6
APOL4,1.1600700970407414e-6
GDPD5,4.118055142597683e-5
PLA2G12A,1.3050953904099324e-5
PITPNM3,1.5133657730993666e-5
ABHD11,1.1547150638522035e-5
TLCD3B,1.3020142475685354e-5
PLPP5,2.4760228027903268e-5
PLA2G12B,1.3330047200132469e-5
EBPL,2.9362403277950314e-5
HYCC1,4.797273461734806e-6
PLCD4,1.0045124268627984e-5
SERAC1,1.7070708835729307e-5
SELENOI,5.153943144296168e-5
CERS5,1.3364301591076017e-5
TPTE2,5.5278442020902446e-5
SDR42E1,1.5811528230905496e-6
ORMDL1,6.410910260529937e-5
C1QTNF2,1.025869164871891e-6
ABHD15,1.3660148660674734e-5
PLAAT5,1.6238785896332677e-5
PLA2G4E,5.1554666136309106e-5
PAQR4,1.359096179372498e-5
SLC44A3,1.4750680012558488e-5
TMEM150A,3.7089067963468823e-6
TAMM41,5.6302358979840405e-5
ENPP6,7.29603204632529e-5
TMEM68,5.501958916519434e-5
SAMD8,1.1916353852494705e-4
LIPJ,5.342083946122454e-7
TMEM86A,3.259296981876358e-5
TTC7B,3.7226471827765683e-6
PROCA1,1.100199404872136e-5
LIPI,5.960815660592358e-6
PNPLA5,9.570542564410292e-6
FMC1,2.4842116032545873e-5
FITM1,4.685767702160916e-5
SLC16A11,2.4832657617468068e-5
PLPPR5,1.424403083587522e-5
PLBD2,3.826030430163084e-6
LIPH,5.9720152890872415e-6
CERS3,1.7982813087099824e-5
SLC44A5,1.5385937781527853e-5
GDPD4,1.0692403001244626e-5
LCLAT1,4.1447784204077955e-5
CERS6,1.1165567310579079e-5
TMEM86B,1.4119291718221868e-4
CNEP1R1,4.233593904600036e-5
PLCXD2,1.3130654012612708e-6
SGMS1,6.784381648619037e-5
CYP4X1,2.7825983218262102e-5
PIPSL,1.1742441679447718e-5
SLC22A24,4.94911885734681e-5
PTGR3,2.1051538942570194e-5
IAH1,4.372817360248521e-7
HYCC2,3.7226471827765683e-6
SUMF1,7.768485318162662e-5
PNPLA1,1.1006273767006375e-4
GPIHBP1,2.3253854580012736e-4
CLPSL1,2.1877343623389374e-6
LIPM,1.3487935030478064e-5
HSD17B13,1.3954959251706398e-5
PLCXD3,1.351856658649524e-6
DGAT2L6,3.341065039651084e-5
PI4KAP2,3.1591628929351848e-6
CERKL,7.731024211701677e-6
PNPLA7,1.1407098444666896e-5
CLPSL2,2.214647685802968e-6
GLYATL3,1.075108412963709e-5
PLA2G2C,1.3813430099421615e-5
AGMO,6.749334171617138e-5
MIR127,4.294245599331871e-5
SERINC4,7.809091127024083e-7
LIPK,1.3542380461980382e-5
LIPN,1.3542380461980382e-5
ASAH2B,1.322985081530084e-5
OC90,3.568866449509045e-5
SDR42E2,1.4782428809020105e-6
LRCOL1,9.234294172313259e-7
AHCY,1.1603707488360309e-4
AHCYL2,1.8959359534384617e-5
UBIAD1,1.5751882421568305e-4
COQ6,8.724393400721596e-5
COQ4,3.060697721018421e-5
STARD7,1.555934112227018e-5
COQ8A,1.3854123948230892e-5
COQ8B,2.2980163589105793e-5
COQ5,8.749241852913829e-5
RTN4IP1,4.353535880787753e-5
ADCK2,3.962371637417925e-5
GGCX,5.7840659854613714e-5
PLPBP,1.1852106243007226e-5
MMADHC,7.059213598431037e-6
SLC52A1,4.048468283774883e-5
SLC25A19,2.411129829007601e-4
SLC52A2,8.85845312601382e-5
SLC19A3,1.1589962149134313e-4
VKORC1L1,9.802140314899162e-5
MMAA,1.1111516629134263e-5
CLYBL,2.5696848125004144e-4
MMAB,6.18361222529462e-5
MOCS1,1.4536853055884007e-4
MOCS2,1.4941810509229653e-4
NFS1,1.9242245015763446e-4
MOCOS,1.0847450917345037e-4
BLVRA,1.4246248019215532e-4
BLVRB,2.666464309017086e-4
COX15,2.8192129007746147e-5
CPOX,8.39225265819412e-5
HMBS,9.952200124313549e-5
PPOX,2.1224461766849797e-4
UROD,1.0883566723534316e-4
SLCO1B1,5.5421834972241816e-5
PGRMC1,5.373225769096983e-5
SLCO1B3,3.654030413212624e-5
TMEM14A,4.533514928143547e-5
SLC25A39,1.1716436799127515e-4
RSAD1,3.743064410497306e-5
IBA57,1.2289477500853787e-5
SRRD,2.499945136690544e-5
TMEM14DP,2.4384098115074065e-5
TMEM14EP,2.4384098115074065e-5
SULT1C2,1.0422824370440749e-5
SUOX,7.586647843759444e-5
SQOR,1.5060114082945957e-4
MICAL1,1.0582648065158651e-4
SULT6B1,4.393147073763624e-6
TSTD1,8.645295902150265e-5
ACYP1,2.4369859615276483e-5
ACYP2,2.4607464014066974e-5
ALPI,1.3822108044210008e-5
PPA1,1.0524894936081364e-5
SLC20A1,6.58155633315013e-5
SLC17A4,4.347635487523311e-5
SLC17A2,2.556406181325912e-5
MYCNOS,2.554883425643429e-6
NPRL2,2.3253843782835194e-5
PPP1R17,1.2599437705583808e-5
LHPP,1.096870805865243e-5
KCTD20,9.801644766926225e-7
IGBP1C,4.852490535890045e-6
NCF4,2.215812039972587e-5
NOXA1,1.8348002322401326e-5
NOXO1,1.9116646849362212e-05
NCF1B,1.135370354588179e-5
NCF1C,1.135370354588179e-5
NAT1,1.9072492486076334e-5
NAT2,7.332019526268479e-5
SLCO1A2,1.6503313180637342e-5
SLC22A7,3.513840676050721e-5
CES3,1.2869051562824562e-5
SLC29A3,2.525320047960762e-4
SLC28A3,1.9264232505645387e-4
CYB5B,4.951151632971666e-5
CMBL,1.1971391845528146e-6
GCHFR,5.322900030863329e-5
DDAH2,6.135541508468526e-6
NOSIP,2.2634187052813096e-5
PLIN2,2.9310661168637162e-5
AP2A2,4.5348722920171256e-5
AFM,6.279826008233687e-5
AMPH,5.4733120892481416e-6
ANK1,5.266316753015055e-5
SLC25A6,8.578061960324807e-5
ANXA2P2,9.808286742414487e-5
ANXA13,4.110137770374126e-5
AQP7,5.974875931647355e-5
AQP9,2.25023387237147e-4
ARCN1,9.661515578721507e-5
ARF3,3.194608039482385e-6
ARL4D,2.394773101997042e-6
ARF5,3.0836650578387523e-6
ARHGDIA,2.816830376405251e-5
ARL1,3.773391945455329e-5
GET3,1.0040369196396824e-4
ATP12A,9.907985554003398e-5
ATP4A,1.184365066612605e-4
ATP6V1C1,4.494329421412476e-5
ATP6V1E1,4.056797725908793e-5
ATP6V0B,5.0483995826469135e-5
ATP6V1G2,3.970945601042188e-5
ATP6V0A1,5.757288853001198e-5
BNIP1,1.0019817694977732e-4
TMEM50B,6.3575347626570665e-6
CA4,1.1457342915596855e-5
CA7,4.286931719460987e-5
CACNA1A,2.0210663595129894e-5
CACNA1B,1.777981473038359e-5
CACNA1E,1.5301685283398175e-5
CHML,3.247851367232837e-5
AP1S1,4.7889361352977524e-5
AP2S1,4.4597607752956746e-5
AP3S1,7.466143516269843e-5
CLCN4,1.914060375993134e-5
CLCN6,1.7095292091716582e-5
CLCN7,2.1899485286842414e-5
CLTA,8.646984616718125e-5
CLTB,7.300407248216871e-5
COPB1,1.768260050012478e-5
CRABP1,1.522989277977327e-5
CSN2,5.614540945587187e-6
CSN3,2.9078839592923713e-6
CYB5A,1.1510985583762145e-5
DNM1,1.3295854830113369e-4
DYNC1I1,2.1959634062857334e-5
DYNC1I2,1.4744742990279955e-5
STX2,3.35968236939017e-5
FABP7,4.1819826437868375e-6
FOLR2,7.794296729090507e-5
FOLR3,2.397574908307249e-5
GABRA1,3.994495193608698e-5
GABRA2,4.880428882727253e-5
GABRA3,3.5865175622046646e-5
GABRA4,3.919750531742968e-5
GABRA6,8.682323889007628e-5
GABRB1,7.629262376249995e-5
GABRB2,5.188110071345331e-5
GABRB3,4.2935421188981575e-5
GABRD,2.6380451049925645e-5
GABRE,8.372707209622875e-5
GABRG1,3.8569438721070814e-5
GABRG2,5.352968835850019e-5
GABRG3,3.9110693977621235e-5
GABRP,2.3222029927623285e-5
GABRR1,3.136111397478619e-5
GDI2,5.94567149476921e-5
GJB1,2.698226070532452e-5
GNB2,1.108433749895625e-5
GRK4,4.547098202532011e-5
GRIA2,4.082634145834801e-5
GRIA3,5.774727949352375e-5
GRIA4,4.6895145131568815e-5
GRID1,7.41853227860524e-5
GRIK1,5.8731864939597786e-5
GRIK3,9.597134573487288e-5
GRIK4,5.554786149051324e-5
GRINA,1.8777970976374638e-5
GRM2,1.119851126801628e-4
HBM,3.131025636765276e-5
HBD,5.167518485647288e-5
HBE1,5.171453566880744e-5
HBG1,5.131177251520625e-5
HBG2,5.167518485647288e-5
HBQ1,3.1669375398885586e-5
HBZ,3.688368099838432e-5
ICA1,1.946574136010627e-5
ICAM3,1.3269234101705303e-6
KCNJ1,1.9649717552057548e-5
KCNJ4,1.281539847199022e-5
KCNJ6,2.3139509252072278e-5
KCNJ9,2.655533960369068e-5
KCNJ13,9.684103696868482e-6
KCNJ14,1.1475565487876558e-5
KCNJ15,9.711017020332513e-6
KCNJ16,1.1534228929139454e-5
KCNK1,6.420940941652295e-5
KCNN1,3.041505047246872e-5
KCNN3,2.834341531153558e-5
KRT18,1.8870822959651608e-5
KTN1,2.518477809499181e-6
LASP1,2.910678872245039e-6
LETM1,1.63922307355458e-4
LGALS3BP,1.1070245539897035e-5
MIA2,1.6399781132096424e-5
MGST1,1.0081157549152728e-4
MYO1B,1.3125622014315188e-05
MSR1,5.0614005964470556e-5
MYO1F,1.0593087026068685e-5
MYO1D,2.7500391019737176e-5
MYO5A,5.319880714085558e-5
SLC67A1,9.388924641764489e-6
P2RY4,8.019623365462083e-5
SLC25A3,1.1084212673479584e-4
PLP2,3.221923354938456e-6
PMP2,7.647400809535047e-6
PPP3R2,7.883975999481871e-5
PPY,1.9240435186831462e-5
RAB2A,7.557464166396387e-6
RAB3IL1,9.338619152256299e-7
RAB27B,6.702097203898108e-5
RABIF,2.258169636041093e-6
RAB5C,1.324785637248397e-5
RHCE,2.4234003230388652e-5
RHD,1.8207069559840903e-5
RSC1A1,1.3275952474279388e-4
RTN2,4.6651109822663365e-5
ITSN1,4.5648151464090836e-5
SH3GL1,2.5581483062575358e-5
SH3GL3,5.124555396639341e-5
SLC5A4,1.9877963770722622e-6
SLC9A2,2.1127658709093885e-5
SLC9A3,2.5207796280792095e-5
SLC9A5,3.346883050319915e-5
SLC10A1,3.0705928603397706e-5
SLC10A2,2.681101179084336e-5
SLC12A1,6.648820575406636e-5
SLC12A4,2.7517229835142926e-5
SLC13A1,4.629547986902345e-5
SLC14A1,4.127219575469299e-5
SLC15A1,1.3760548441692303e-4
SLC17A1,2.9253716951430274e-5
SLC25A1,2.634421574205024e-4
SLCO2A1,1.98750944345139e-5
SNCG,2.524001284434186e-5
SPTBN2,1.0758936447941331e-4
STX3,8.778648799397315e-5
STX5,4.213798196561166e-5
SURF4,4.45116720187291e-5
VAMP1,1.2375111895550945e-5
SYN1,4.374220435589587e-5
SYN2,1.1727656508440198e-5
SYP,5.145576627166611e-5
SYT5,7.876940899377978e-5
SERPINA7,4.589389681538231e-6
ICAM5,2.8112886222434547e-6
TRAPPC10,1.969386561050301e-5
TPT1,9.647853749101953e-6
TRPC4,2.8201112940649112e-5
TRPC6,3.04008045602042e-5
VDAC2,6.350920556245085e-5
EVI5,4.08162149639757e-6
KCNAB1,4.7104090205558784e-5
REEP5,9.104154527014798e-6
AP3B2,6.16742440052185e-5
ANP32A,1.317610478993664e-6
SLC14A2,1.919908016729604e-5
SYN3,1.729075925906228e-5
SLC10A3,2.5776759297138356e-5
DOC2A,5.520729977801704e-5
PRSS12,6.395176506510521e-6
PEX3,2.3192527115061998e-5
PPFIA3,7.384525995322532e-5
BLZF1,6.205812961177486e-6
USO1,6.890661572845449e-5
CADPS,3.431860558052424e-5
KCNK5,2.3587554829512615e-5
VAMP4,6.643124770001687e-5
STX16,1.352710443963315e-5
STX11,1.743373683924643e-5
STX10,1.1737692194668413e-5
NAPG,2.209337024116788e-5
NAPA,6.106068007635455e-5
LIN7A,4.968625956960856e-5
AP1S2,3.71650586210508e-5
AP1G2,2.9614388868310462e-5
AP1M1,6.285389520692784e-5
BSN,1.1673848510185612e-4
SELENBP1,5.978444583775879e-5
ATP6V0E1,3.0306208043186205e-5
SLC13A2,2.0061674987262732e-4
CLDN10,2.2202712000460355e-5
ATP6V0D1,7.93633313408024e-5
SEC22C,1.31042569711383e-6
SLC16A6,2.6398622314193782e-5
SLC16A5,3.5484793898590054e-6
SLC16A4,3.624939614541639e-6
SYNGR2,5.326180264895069e-6
SLC28A1,2.0899471865783674e-4
REPS2,1.7291829129788437e-6
KCNAB3,1.2848751723534787e-5
SLC33A1,1.3577271983101303e-4
XPR1,5.249963327966655e-5
CACNA2D2,4.157770672505282e-5
TSPOAP1,4.9915183404010904e-5
CYTH3,1.2170115601505077e-5
CYTH2,1.3389011103269147e-5
CYTH1,1.0249072964251523e-5
COPB2,1.5988830803999364e-5
ATP6V1F,5.4813661052636e-5
TRIP10,3.295317772712399e-6
SNAP29,6.387738371155576e-5
RAB28,6.2867789801668215e-6
RAB9A,1.1676952286776822e-5
ZFYVE9,6.3787442520513146e-6
STOML1,1.6153660094978056e-6
ENTREP1,4.362347675160083e-5
SLC25A27,4.269381334997657e-5
AKAP5,1.6745388082116893e-4
STXBP5L,9.696863355733711e-6
SCAMP1,1.1788866302695301e-5
GOSR1,3.7618264168367904e-5
ATP6V1G1,4.67497305259073e-5
VPS26A,2.7926913550805625e-5
GOSR2,1.0468369081101251e-5
RAB36,1.7274851310879884e-6
RIN1,1.9402377202315573e-6
CLCA3P,8.832362165293165e-6
CLINT1,9.936293753687342e-6
USP6NL,3.830423085007936e-5
TMEM63A,6.19734995134874e-5
GPRASP1,2.9598304172962148e-5
ACAP1,2.0849289763022982e-6
SNPH,1.6058445577789757e-5
TMEM94,1.3267870160406074e-4
PIEZO1,6.022463770813407e-5
RIMS3,4.444466800537666e-5
GIT2,8.429171855398525e-6
RGP1,3.178248235595585e-5
ELMO1,1.1975658717530669e-5
FCHSD2,5.513907113907246e-5
TBC1D4,1.7428163680663847e-5
SNAP91,6.741358834884778e-5
TECPR2,1.7591601862851594e-6
SV2B,1.4074908639624584e-5
SV2A,2.9095476125862114e-5
SGSM2,1.2758605311708159e-5
SLC35E2A,1.1014259748098145e-6
RABGAP1L,1.967117238407974e-6
CD302,2.209057489660983e-6
ARHGAP25,7.477471509608994e-6
HMGXB4,1.3735064546646643e-5
SCAMP2,3.027535525624734e-6
SCAMP3,3.36599292557328e-6
KCNK7,1.4598012031990487e-5
ARPC3,1.0463793215758717e-4
ACTR1A,7.609337006000899e-6
ARL4C,4.833807739319698e-6
ARL4A,2.9920950938786205e-6
ARFRP1,9.591866937942695e-6
PLIN3,2.7972704425899867e-5
MFSD10,1.0923076463862531e-4
STX6,3.160291045094014e-5
SLC35B1,1.3745934289293484e-4
AP3S2,7.358543287896009e-5
RABEPK,6.0139985625762806e-6
SIGMAR1,2.884185385046373e-5
BET1,1.3531474316214583e-5
VPS26C,1.8393615396010942e-6
RTN3,2.2756723455535086e-5
TFG,1.3383938053973732e-5
PKDREJ,1.1686314037890586e-5
ABCA10,3.662248975578848e-6
ABCA9,3.662248975578848e-6
MICU1,1.450906852410831e-4
SEC23B,1.6459445027522113e-5
SEC23A,1.701191948136207e-5
VTI1B,9.877830773339806e-5
AGR2,1.0740355630389734e-4
TRAPPC2B,3.0351404113999925e-5
PRELID3A,1.437941467513761e-5
YKT6,3.0356413868350014e-5
GNB5,1.9121142457709144e-4
KIF1C,4.533915332363343e-5
SLC17A3,7.183983174045413e-5
VAMP5,8.032070298826094e-6
SEC24A,2.287658918751076e-5
STARD10,9.690476302960252e-6
SLC26A1,5.722991841323872e-5
YIF1A,3.1049103374562135e-6
AP3M2,6.457362376107469e-5
LMAN2,9.683456762141299e-6
RAB40B,4.4245526699876244e-6
RAB31,5.3234865126272506e-5
STON1,5.236582740455278e-5
CYB561D2,4.578036079499583e-5
TMEM115,8.916693044098476e-6
CACFD1,1.7497648506644333e-6
RABL2B,7.373577009672572e-6
RABL2A,1.6153509308543948e-6
ABCB8,5.267449908617613e-5
SEC23IP,5.1685298841038235e-6
HPS5,3.0150660537749146e-5
HRH3,2.6130517207824036e-5
SYNRG,2.109443653161291e-5
VPS45,1.7731605576733766e-6
COPE,2.1325095651212767e-5
TMC6,8.905504462881189e-6
COPZ1,1.5508424628061172e-5
COPG1,2.696033018958428e-5
SEC31A,1.740118189356238e-5
TRAPPC8,2.1846386530197813e-5
RPH3A,7.414973208193022e-5
DENND3,1.1911340732663442e-5
KIFAP3,1.9431965355711574e-4
SV2C,1.1421439610838019e-5
TMCC1,6.660494317869904e-5
DOP1A,5.4071982126146515e-6
MON2,5.149007265893777e-6
FNBP1,1.7257448622405474e-6
GGA2,8.433154564076121e-6
BLTP3B,5.6395653390780396e-5
KIF1B,6.475352384756402e-5
TBC1D2B,1.2863634379305937e-6
ATP10B,5.5936791875783975e-5
CLCC1,1.206259924997482e-5
SNX13,4.516465352334034e-6
SLC35D1,1.3778507026551131e-4
ATP11B,4.598945876513576e-5
MLC1,2.048662082454399e-5
DENND5A,6.5025317343819535e-6
EHBP1,7.997481376386374e-7
FKBP15,4.579471575955302e-6
VPS39,8.039319335750874e-5
ESYT1,2.871234451652213e-5
COMMD3,1.4885141492805394e-6
NCS1,3.2759456838709524e-5
KCNH4,6.026877434158708e-6
KCNH3,7.3353612290099645e-6
TMED3,1.679873153412771e-5
ABCA6,3.919192479494804e-6
LEPROTL1,2.994802174000665e-5
ANP32CP,1.1087795878695835e-6
ACAP2,4.968143814635547e-6
SLC16A8,2.454545475391998e-5
SNAPIN,2.314749057118259e-4
TMEM50A,7.526994144719366e-6
TMEM184B,3.307355966781991e-7
RAB26,5.605307183393045e-5
HEATR5A,1.7794250111250467e-6
SEC31B,1.6180222697198902e-5
NECAP1,6.556192207513215e-6
TBC1D10B,2.48500228168415e-6
IPCEF1,1.3495874445226227e-5
ERC2,8.729640481634227e-5
GGA1,1.4660649946161966e-5
GAPVD1,7.038000808470068e-6
LYSET,3.3858845110863964e-6
PITPNC1,2.274368261670209e-5
ARL5A,9.69548219973476e-6
SLC13A4,4.0550672785105936e-5
CLDN17,2.849652365669378e-5
ARFGAP3,3.588155089002053e-5
SERGEF,4.6668483539133255e-6
SLC17A5,4.6202800628662374e-4
CNNM3,4.4444996744565125e-6
CNNM1,4.4444996744565125e-6
COPG2,1.9347561964236e-5
SEC22A,3.064335082144332e-6
PKD2L2,4.485014656755667e-6
TSPAN13,3.860473592709784e-6
TRAPPC3,3.072256676175393e-5
ARRDC2,5.54341726067465e-7
SDCBP2,3.00964297602441e-6
NALF2,3.0038139018065566e-5
DENND2A,2.1482885598509568e-6
ARFIP1,6.796402840768918e-5
PCDH17,3.63622402949262e-5
RAB30,6.091423852524345e-6
SGSM3,2.3500448806540433e-5
SLCO4A1,2.9967364056713096e-5
SNX24,6.063290699734354e-6
SLC6A16,4.690566014834231e-6
SLC43A3,9.932124520293419e-5
TMEM230,7.248066380561389e-6
WDR91,1.7849302168332766e-5
STXBP6,1.5444955127787777e-5
CNIH4,1.1253306297511753e-5
COMMD9,3.2092464517327692e-6
SNX8,8.86136817530652e-6
SNX15,1.2405899221884753e-6
SNX11,1.5036170758968723e-6
SLC25A24,9.585511449960334e-5
NRBP1,2.654177091656148e-6
CDR2L,2.013382981428927e-5
DEF6,2.5999081370593622e-06
CALY,1.1525203915205822e-4
ANO7,2.7507566789948847e-5
SLC45A1,2.384411799296932e-4
ASAP1,5.63781210799524e-5
TMED5,9.984632154201105e-6
SLC35B3,1.1877742533097142e-4
PRELID3B,1.437941467513761e-5
TMED7,1.9431601320486037e-5
WASHC3,1.151365551780764e-5
GOLT1B,3.2244779767166593e-6
TVP23B,1.214407420382051e-6
PLEKHA8P1,4.849370117493098e-5
PLLP,3.2275032619037115e-5
TRAPPC12,1.1208038335543958e-4
CEP83,2.1814014327512868e-5
SDF4,6.620758937596161e-5
RAB9B,7.853302296554826e-6
COPZ2,1.708529336441414e-5
GLTP,7.142136106289149e-5
PDZD11,2.4642239882378652e-5
BET1L,2.9906311463444243e-5
ERGIC2,2.8058394007392513e-5
SPTBN5,1.0520132426160864e-4
ATP6V1D,6.425610520158726e-5
TRAPPC4,2.876261257255113e-5
BIN2,1.4207225682106705e-5
SCARA3,8.529902248761477e-6
GULP1,3.645738174191053e-6
RHCG,6.31086894723101e-5
ANKFY1,4.328187152375114e-5
NCKIPSD,1.1504702438694204e-5
VTA1,2.1585009641089594e-5
PEX5L,6.735225445144063e-5
RAB6B,1.78196767833689e-5
ATP6V1H,6.210866688623053e-5
ERGIC3,3.04988918349604e-5
NSG2,3.7594665107877884e-5
CCZ1,1.3397219891572411e-5
TMBIM4,7.746730011216614e-6
MPC1,4.236242625852388e-5
TRAPPC2L,2.430943484926324e-5
VPS29,1.7533429972594563e-5
ASIC5,9.234635845688152e-6
LRP1B,7.60102946825555e-6
TPCN1,5.6719382655673895e-5
STX18,3.192836623426807e-5
RAB4B,2.5614252841666335e-5
RAB24,3.032081640598136e-6
SLC37A1,1.0283669915297955e-4
CLIC6,9.802554378517535e-5
YIPF1,1.1916647179248794e-5
KRT20,5.724891661621454e-6
NEURL1B,8.594997492666275e-6
HEATR5B,2.5650389555664634e-6
ZDHHC13,1.2506973985200367e-5
CCDC93,3.182133165341206e-6
WDR44,1.8503568442618126e-5
EQTN,3.126727711556282e-5
TBC1D13,1.498137927302905e-6
TMED9,4.163688582237047e-5
SLC35F2,3.307355966781991e-7
GRAMD1C,2.351882943092379e-5
BORCS6,2.6114528784228855e-5
CNNM2,1.3278132529862656e-5
AFTPH,2.2768708792382733e-5
NUP62CL,3.5043726596832984e-6
SYTL2,1.3156835356869153e-5
FNBP1L,3.00373759258274e-5
PXK,6.745221436465792e-6
CMTM6,6.2200644782636645e-6
OCIAD1,8.140661283322868e-6
SLC41A3,6.0030719499970026e-5
TMEM132A,3.5353922692094914e-5
SLC35F6,2.2035564600709882e-5
TMCO3,1.1947413990959887e-5
SLC35A5,2.074988250715757e-5
EPN3,5.659493522336259e-5
ARHGAP17,8.666585896528247e-6
ANO10,1.5976522387398347e-5
PACC1,4.0074460278795475e-5
MCOLN3,3.1416902717488975e-5
RHOT1,2.0190019991332393e-5
CCDC91,9.540865644813978e-6
TMEM144,2.2591843543061746e-6
SLC22A15,2.629489904850763e-5
SLC35E3,8.568349876959236e-6
SVOP,3.350869369403606e-6
ELMOD1,1.883471128273093e-6
CARMIL1,1.6595145762244296e-4
VPS50,1.2262062533101097e-5
DENND4C,2.1421914714853328e-5
PEX26,4.035258497632579e-5
RUFY2,1.499803684864553e-6
SCYL2,1.773052321188236e-5
MREG,4.331170906411691e-5
FRMD4A,8.736051826831535e-6
NECAP2,6.54436540395524e-6
WDR11,1.783365214002615e-5
ARFGAP1,6.87020345179132e-6
AP5M1,1.6228471375679264e-5
TMEM184C,3.307355966781991e-7
TMEM30A,7.80911040158743e-5
TBC1D23,2.0970123703659083e-5
MCTP2,5.548049320214738e-6
LMBRD1,4.2007606759371357e-5
CACNA2D3,1.2935721245905633e-5
USE1,8.252767283923318e-6
ACTR10,4.10074215163251e-5
SLC22A11,2.3807652957645192e-5
GABRQ,2.6119942407951534e-5
MYO5C,4.634130905674086e-6
APOM,1.3575368162168497e-4
SLC50A1,4.8091491739154574e-5
PCDHGA3,6.934036160542675e-5
GSDMC,8.175215635819133e-6
EPCIP,3.4234760753452487e-5
KCNQ5,7.880691767282614e-6
SLC2A9,6.182904788805323e-5
KCNK12,1.5124335095050142e-5
JPH1,3.0678137510344786e-5
GRIPAP1,3.6349110509759693e-4
TMEM167B,7.6539340292149e-6
IFT46,1.2174215065032578e-5
SLC19A4P,4.922120774051648e-6
SLC12A9,2.4660239165054634e-5
VPS35L,4.82227944224241e-6
PLSCR2,1.1159799038704817e-5
ANO2,1.322401620738956e-5
GOPC,1.0780514140066279e-4
RHBG,6.651326089584999e-5
ANKRD50,1.7570912743182523e-6
NIPAL3,8.20682623620148e-6
ATP8B2,4.164804060615816e-5
ATP10D,3.374024745998958e-5
SLC45A4,1.1160422216292823e-4
ERGIC1,3.9642894874663695e-6
SNX14,8.37400928397381e-6
RAB22A,8.721927046833181e-6
SCYL1,2.0923626776250268e-5
GRAMD1B,2.819388740487406e-5
ESYT2,2.8818128498999016e-5
SORCS2,1.0508434224044776e-5
WDR35,1.867575631305073e-5
MICAL3,2.586405423044037e-5
LRRC7,5.3266107446023244e-5
KIF17,4.028949783912533e-5
KCNT1,3.43590768560071e-5
ARHGAP21,3.42317860207625e-5
SYT13,4.243038008902916e-5
RELCH,5.8570837313098105e-6
VPS18,5.9077839430325316e-5
GRAMD1A,2.425452738699594e-5
CACHD1,7.06632071291459e-6
DENND1A,1.5092972116540937e-5
ANO8,1.2082513019787022e-5
GPR107,7.753138596412159e-6
RAB40C,4.1671242925416216e-6
TRAPPC1,2.644126379500169e-5
EPS15L1,6.459327070667609e-6
CACNG6,2.0127236705265715e-5
KCNK15,1.110679845246821e-5
TRAPPC11,3.068185487569854e-5
SLC22A23,4.192542415336961e-7
NAPB,5.545979726894431e-5
BLOC1S5,1.10503400093602e-4
ELMO2,3.309617957580852e-6
STEEP1,7.185137807413252e-6
MCUR1,1.689893309793902e-5
NECAB3,1.0176186775996567e-5
ANO3,5.7212924156552405e-5
TINAGL1,3.922887982604194e-6
LIN7B,3.811702458322133e-5
RBSN,2.0042422976703896e-5
C17orf75,1.3600887348463271e-5
ZMAT3,1.0028561607698369e-6
ARAP3,5.239189391968083e-6
VPS16,8.096094044729637e-5
CTAGE1,4.604395035056825e-6
MFSD1,1.910047695431694e-4
IFT22,1.2747023989150705e-5
SLC26A10P,2.6724755337652844e-5
SLC2A11,2.7783871626487104e-5
YIPF2,1.1824720511172373e-5
KXD1,3.173117309228011e-5
ASPSCR1,7.411864835142288e-6
TMEM109,1.4603538792527894e-5
MLPH,1.8240640300828324e-5
TRAPPC6A,2.1093083323554236e-5
APOO,4.446927911331621e-5
PLEKHF1,1.2620119147270205e-5
FYCO1,3.4347665253063494e-5
RIPOR1,6.56558163692342e-5
MAIP1,4.3415746039134465e-5
ATP13A3,1.2020421125897933e-4
CORO7,1.2772175542354642e-5
TANGO6,9.107457336853697e-7
SH3TC2,1.8900041569433146e-5
PLEKHF2,3.8103188886855348e-6
RTL10,1.0997956497833084e-5
CCDC51,9.740782602899402e-5
AAGAB,7.234575748690826e-7
TBC1D17,3.1347411885442756e-6
LMAN1L,5.996957730373276e-6
ZFAND1,5.6542973126240845e-5
ELMO3,1.5769200298923333e-6
MCTP1,1.4389003506560914e-5
CLMN,2.4589956452518817e-5
NIPAL2,8.17991291273745e-6
TMC5,3.651593160375144e-6
NHERF4,9.764160804871202e-5
SNX22,1.2191615549617578e-6
RABEP2,4.833578135447792e-6
ATP8B4,1.4758602439218084e-5
SLC35E1,1.1014259748098145e-6
SYNDIG1,1.8225327568364268e-5
DENND1C,3.3882919590147794e-6
TRAPPC13,1.764469571169213e-5
ARL14,1.787628728086314e-6
SLC66A2,5.537091627907224e-6
RUFY1,1.3615296065275671e-5
PHAF1,8.289287492042288e-6
KCNIP4,9.842923321695807e-6
STARD5,1.38463209374254e-5
APOL6,1.0854066436413442e-6
APOL3,2.441853211996261e-6
GJA9,8.290102182976705e-6
CLPTM1L,1.1197506380305483e-5
NIPA2,8.49457353087289e-6
SLCO5A1,7.342128639210281e-6
RTBDN,7.782496009646024e-5
RILP,2.6870417943184857e-5
TRAPPC9,1.532306377602799e-5
RBP5,1.2864024235483882e-5
SYT15,1.0947936162629226e-5
ESYT3,2.8393409119132927e-5
SNX25,6.287099672995977e-6
STARD3NL,4.554631656281677e-5
SLC4A11,1.8432657193611946e-4
SPNS1,2.7003485165552954e-5
FHIP1B,2.08684510373399e-5
SLC49A3,3.576489201422298e-7
SLC37A3,6.280612309134454e-6
YIPF4,9.277824751983518e-6
MFSD14CP,3.576489201422298e-7
HPS3,2.817183659765156e-5
ARFGAP2,3.523146183973381e-5
SLC12A8,2.599510839357077e-5
MFSD14B,3.576489201422298e-7
SLC9A7,4.8712284098170564e-5
PLEKHA8,8.934240767282791e-5
UNC119B,5.716429372294682e-6
MFSD9,3.307355966781991e-7
SFT2D3,4.6919308795988845e-7
TMEM87B,2.915563420483555e-6
SLC49A4,3.401663174958236e-5
SYTL1,8.571859975731194e-6
MFSD5,9.70735169118053e-5
TMEM241,1.8424295905981135e-4
REPS1,2.0585691743757534e-6
ABCC11,9.860016089861714e-5
DNAJC14,4.087742928879788e-6
STON2,3.203970112711403e-5
KCNK17,1.482540532130779e-5
SEC16B,2.6377465359827802e-5
AQP10,6.157241444999074e-5
DYNC2I2,2.1723987427584585e-5
RHOT2,1.971204258626949e-5
SYT8,4.5125736619814054e-5
KCNH7,8.417616471068525e-6
SYS1,1.0230483300653154e-5
SNX21,3.7856045069811744e-6
EXOC3L2,4.489347870588805e-6
FER1L5,5.205941211727659e-6
MCFD2,3.9340746346124356e-6
CCDC32,6.0437918293810144e-6
ATP6V1E2,1.5907728976759984e-5
STPG1,8.87951957382085e-6
AP5B1,1.577668481002233e-5
SCARF2,4.383835600561374e-6
SESTD1,3.342624870317217e-5
SYT12,6.618204471633374e-5
SMDT1,4.533080368099101e-5
MFSD4B,1.1847513999837498e-5
EXOC3L4,1.4777937926502726e-5
TIMD4,5.410957309724761e-5
IFT70A,1.9464999830981837e-5
BICDL1,2.5146947709349422e-5
OTOP2,3.711588473925492e-6
OLFM2,4.9586331858812026e-5
EGFEM1P,2.6652257021521514e-6
CADPS2,1.5242660362505562e-5
SYTL3,6.276124290715709e-6
SYTL5,5.4172806079494675e-6
ABCC12,3.3830843339567467e-6
CEP41,1.2644472976316471e-5
IFT43,1.637742539186447e-5
SCAMP4,2.2764020146246553e-6
SFT2D1,5.207056534868322e-7
TEX261,2.7097991739778805e-05
MFSD3,3.576489201422298e-7
SLC22A9,7.263972012313897e-5
PKD1L2,4.6588914129109045e-6
XKR4,2.657419315635961e-5
SORCS1,3.4573432765774933e-6
OSBPL11,1.8463677699800357e-5
C1QTNF5,4.614313702575086e-6
SLC26A9,3.163683114608642e-5
MARCHF3,2.2323052799349905e-6
FCHO2,1.192008274937911e-5
SLC5A11,5.788452288305164e-5
RBP7,1.272560027081141e-5
RAB39B,8.352245519161231e-6
GRIN3B,4.94494660203401e-5
SNAP47,2.1153702665976655e-05
AGAP1,1.2496672067465155e-5
BORCS5,1.6637984757831352e-4
SFXN4,2.0598879522815096e-6
ANO4,7.611496765934954e-5
TRAPPC6B,1.4714340419553237e-5
CLBA1,2.246567847340065e-5
NIPA1,8.52148685433692e-6
WHAMM,2.1673859212970833e-5
SNX20,3.877531175057596e-6
SLC5A10,2.2885748441922997e-4
TRAPPC5,7.262144298417486e-5
RINL,2.513414059152279e-6
LRRC38,4.521209912572985e-5
ATP6V1G3,3.770340338344948e-5
TPRG1L,2.1489606234842675e-5
OSCP1,6.36241249306214e-6
ARL8A,1.5350164815996693e-5
GOLT1A,5.097530002492643e-6
TANGO2,1.5282328438961986e-6
ICA1L,4.724526288167402e-7
KCNH8,6.640436114056773e-6
OCIAD2,7.434245317973462e-6
SLCO6A1,7.314596531171995e-6
STXBP5,1.4939539511154296e-4
SVOPL,3.576489201422298e-7
LETM2,5.058674982282949e-6
CBLN4,9.716510712904174e-6
RIMS4,2.0533405425816405e-5
TMEM37,3.562262563726883e-6
SLC34A3,2.5528161265700792e-5
RAB40A,3.457535781512548e-6
SYT9,4.6473348395184555e-5
BEST3,1.3772966351948971e-5
SLC22A31,3.702279914500221e-7
BICDL2,2.046203011686849e-5
TMED6,2.8612426255477565e-6
SLC47A2,3.45028672834946e-5
STARD6,3.908968835326076e-7
SLC25A52,6.701689293230333e-5
TMC4,1.5138573294386926e-5
ATP8B3,2.761218556758144e-5
SYT6,2.355590981102919e-5
SLC35F3,8.205523260302667e-6
MFSD4A,1.0595725643424671e-5
CNIH3,1.7709421396210863e-5
LCA5L,3.6523489512935426e-6
ENTHD1,7.0056568285571065e-6
IFT70B,2.338107588203508e-5
RAB6D,1.2824736081730014e-5
SLC23A3,2.0070058702738907e-5
SLC16A14,3.5980262910776084e-6
NIPAL1,8.3993751800793e-6
SCFD2,4.2565274604747467e-7
SLC25A48,8.145560028044143e-7
TMEM167A,8.278481351249364e-6
PRELID2,1.435250135167358e-5
SLC2A12,1.1250494787556754e-5
ABCA13,3.652249086163558e-5
ATP6V0E2,3.946262745093389e-5
SLC2A7,2.789674936245879e-5
FAM91A1,1.3589060544905296e-5
KCNU1,3.7954008470306388e-6
MAMDC4,4.393115820705007e-7
RASEF,2.1935269584575143e-6
SLC35G1,7.85732564422143e-6
SLC5A12,3.347012852624083e-5
DENND5B,7.104949929443937e-5
TMEM30B,4.2753885096719856e-5
TRPV3,7.144784256237375e-5
CNST,3.122908740426856e-5
SNX31,2.2807386140940055e-6
RHOV,6.709396929917612e-6
SLC5A9,4.913798551291149e-5
SLC51A,1.4452730771416241e-5
GABRR3,2.576127770937273e-5
DHRS7C,4.602964358156353e-5
TVP23C,1.1628948548551072e-6
ARHGAP27,4.787283672544042e-6
SLC16A13,3.186849449087858e-6
SPNS3,5.848888162074096e-7
RAB12,1.259043447445312e-5
SLC10A4,2.55979010285372e-5
TMEM184A,2.414521093608647e-6
TSNARE1,7.862262409447689e-6
LGI3,6.8056870772890326e-6
SLC25A43,6.777441856632122e-7
LRRC55,4.521209912572985e-5
SLC37A2,1.0297512311765201e-4
CYB561A3,1.9348697797644352e-5
FABP5P3,3.8004528799199372e-6
SLC16A9,6.665247394489208e-5
ARL5B,9.706681828229644e-6
MICU2,4.8603913285900175e-5
CALHM4,1.3785042288678484e-5
CCZ1B,1.2859787370039787e-5
TMED4,3.7997477848542682e-6
SLC35F1,2.183180137112862e-6
ATP6V0D2,5.7120651110767043e-5
ATP6V1C2,3.1027908915315035e-5
TMEM9,2.9166111896428533e-5
SLC25A30,3.6424464727332384e-6
WASHC2C,7.544560992133812e-5
SNX32,2.8027518796651285e-6
CALHM5,1.3811955612142515e-5
CNIH2,1.8758616808539407e-5
SLC41A1,5.755357984670859e-5
MPV17L,7.105021354067496e-5
CBARP,3.4244581897786845e-5
DYNLT2B,5.256257361176067e-5
ALS2CL,1.7711179481227981e-6
NALCN,3.700011712253815e-5
BEST4,3.2195021633714025e-5
RAB40AL,2.9765960366676018e-6
SLC25A45,7.876426793403837e-7
MYO1H,5.355708089684371e-6
KCNRG,2.710706047975714e-5
SLC25A47,1.2612310647778133e-4
GSDMA,8.253278620687347e-6
SLC13A5,1.7555759319348615e-4
SLC26A11,3.550957360271283e-5
SLC25A41,5.080269825977416e-5
SLC9C2,2.0609381047456336e-5
CYB561D1,2.861930570170489e-5
BTBD8,6.637633291425092e-5
UNC80,2.1187855264411413e-6
SLC9A9,2.9231032098890696e-5
YIPF7,1.0324571255057245e-5
XKR6,2.1760797679712483e-5
ATP11C,6.636510067915581e-5
TRARG1,2.1250618000900185e-5
RAB37,6.16565142333352e-6
SLCO1B7,1.6281254889027293e-5
SLC35E4,1.1014259748098145e-6
SLC35D3,7.69147009516381e-5
CTAGE6,4.604395035056825e-6
TMC3,3.4912914654166883e-6
SYCN,6.436073395098449e-6
KCNT2,8.351412869096273e-5
XKR7,2.1760797679712483e-5
SLC10A6,1.2166399450084615e-4
MTX3,1.6043992133794664e-5
SLC10A5,2.554887477845353e-5
MPC1L,4.109847527487603e-5
RAB41,1.2978260383724402e-5
OTOP3,3.735835100328696e-6
NIPAL4,8.228939162821124e-6
ZACN,1.2412834282456205e-5
ATP9B,1.0015123596138212e-5
SFT2D2,6.59129618159304e-7
AQP12A,9.381107790749014e-6
GJB7,8.290102182976705e-6
RAB15,8.114529606018292e-6
SLC22A25,4.355066724015988e-7
WASHC2A,1.8610217615711878e-5
SLC22A10,4.355066724015988e-7
GLTPD2,4.84825015464361e-5
PLSCR5,1.0840062876214704e-5
XKR9,1.67537435811271e-5
LRRC26,4.5449766572676035e-5
ARL5C,9.69548219973476e-6
SLC25A53,4.224199800402873e-5
DENND10,9.00893475383775e-6
MIR183,8.150066949490507e-6
MIR186,4.675964483581809e-5
MIR30D,2.1522124764757284e-5
STX19,1.7360076937838492e-5
SLC22A20P,4.7499906717342185e-7
UNC13C,8.853959070654679e-5
RNASEK,5.137881158191824e-5
LRRC52,4.525526767914905e-5
CTAGE15,4.604395035056825e-6
CYB5RL,1.4946617247553671e-5
RAP1BL,2.5890015578509556e-5
CTAGE9,4.604395035056825e-6
ARRDC5,5.626926528838724e-7
FABP9,7.347290456310926e-6
FABP12,3.8004528799199372e-6
AQP12B,9.408021114213045e-6
WASH6P,1.5693797977517167e-5
ZG16,7.493705982574266e-5
MIR33B,3.6704814593995345e-5
MIR613,1.347279971268107e-5
MIR92B,2.870767536034754e-5
ANXA8L1,4.2438210028414625e-6
NALF1,3.0038139018065566e-5
SLC15A5,1.458114948143993e-6
BORCS8,2.6287477329047566e-5
TVP23A,1.214407420382051e-6
MIR873,4.02973934941691e-5
MIR301B,1.675384688329264e-5
SLC9B1P1,1.5194909826836578e-6
TRAPPC3L,1.1056852192051632e-5
CTAGE4,4.604395035056825e-6
KIF28P,8.425245105484994e-6
KCNJ18,9.813606488644422e-6
CTAGE8,4.604395035056825e-6
WASHC1,5.213369768252895e-5
MTRNR2L5,4.632977521822997e-5
ARL17B,1.7637817166730063e-6
MRLN,5.1258886632272365e-5
AQP7B,5.885506118117059e-5
CRYZL2P-SEC16B,2.6377465359827802e-5
SLCO1B3-SLCO1B7,2.288856210795035e-5
CALB2,6.34229533453206e-5
CALCB,4.287603892264751e-5
DMXL1,2.0428887801250445e-5
GPR12,4.924268427376195e-6
HCRTR2,6.61532034060515e-5
MT1A,2.3102398379532474e-5
MT1B,2.30905715759745e-5
MT1E,2.30905715759745e-5
MT1F,2.30905715759745e-5
MT1H,2.30905715759745e-5
MT1M,2.30905715759745e-5
MT1X,3.392190646058331e-5
MT2A,5.277855102384921e-5
SCO1,2.361995514707221e-5
SCGN,1.1550092042738123e-5
IMMT,3.530073848820823e-5
DMXL2,2.550868765395126e-5
PRND,9.393289987511088e-6
BOLA1,8.665248753145572e-6
GLRX5,1.6790814575822274e-5
RMDN3,7.015813810494487e-6
C19orf12,3.8404864074935824e-6
VMA22,4.8453520398535874e-5
MT4,2.26027204319289e-5
FATE1,1.9692068407172648e-5
COX19,1.2547529973054407e-5
VMA12,5.6810681321533994e-5
KCTD7,2.2975465568441156e-5
SYPL2,1.4549904022377428e-5
MT1DP,2.2613920060423785e-5
BOLA3,8.887729167257415e-6
FRRS1,4.613313838020307e-6
GRID2IP,3.738459056160291e-5
BOLA2,1.6003850264361047e-5
MT1HL1,2.26027204319289e-5
BOLA2B,1.6003850264361047e-5
ANXA7,1.437070252871635e-5
TBC1D25,6.524612413217678e-6
DEPDC5,2.295676995155504e-5
RGS19,4.79046598838452e-6
TM9SF1,2.5534775432104065e-6
DEPP1,1.3072970928632936e-6
WDFY3,1.9014215708848652e-5
DNAJC16,1.7652531061842793e-5
TECPR1,9.020680281201107e-6
HSPB8,2.166772749037242e-5
RMC1,1.3695834583158127e-5
NRBF2,1.1745319682052685e-5
ZFYVE1,8.01349248292826e-5
DRAM1,1.3021449479467165e-6
SCOC,5.700370960586983e-6
RETREG2,4.222239675714984e-5
SBF2,3.690033524882558e-6
EVA1A,1.4877402939749558e-6
LIX1L,1.584452355179666e-6
TMEM74,2.1095436001265958e-5
RETREG3,4.7209707939746526e-5
LIX1,1.6359649207066098e-6
TAB3,7.671755225408854e-6
TMEM150B,2.2162463661180356e-6
NRBP2,5.013740024173506e-6
MTCL3,5.954791521431788e-7
ANXA5,3.0700528104537566e-5
BNIP2,7.358152575867328e-6
CAST,7.708533248550152e-5
CEACAM5,2.5039470664367034e-5
CGB3,1.414935040481857e-5
COL6A2,6.086754102568771e-6
COL6A3,7.161210034354398e-5
CLDN7,1.2702620820423813e-5
EMP1,5.125196724371169e-6
EMP3,4.95375976214187e-6
GML,7.797001558574033e-7
MARCKS,2.482070881304966e-5
PCDHGC3,3.059175246360721e-6
PMP22,1.633015261869352e-5
PPP2R2B,6.5784709943513e-6
RGL2,4.402510353701191e-5
TP53BP2,1.0008318096853892e-5
RASSF7,9.805261186475476e-7
API5,1.3704855654573438e-5
TNFRSF25,1.0259340687516985e-5
CRADD,1.0500246095580496e-5
TNFRSF6B,5.915484333017486e-7
TNFRSF10D,1.0347008532240818e-5
TNFRSF10C,1.5037570448372384e-5
UBE2M,4.1625254945896244e-5
PNMA2,7.257904118611561e-7
BLCAP,4.009261982345986e-6
NISCH,4.293440913152652e-6
PHLDA1,2.5889665910271476e-5
PPP1R13B,2.678375080126776e-6
PHLDA3,1.4170775861911533e-5
TNFAIP8,4.376369441628545e-6
HIGD1A,5.994868691904187e-6
FAM32A,4.919623914298106e-7
TCTN3,2.579596014410321e-6
BEX3,2.9200367697088033e-5
LYPD3,1.0506373292058322e-5
NDUFAF4,4.000650324303625e-6
PNMA3,8.932411275893855e-7
CDIP1,3.112293575299961e-5
TXNDC12,4.172788938411143e-5
EMC4,2.0029628799172247e-5
SHISA5,6.722887447726167e-6
PTRH2,2.5169133737518038e-5
STYXL1,6.292058636657497e-5
TMEM214,1.316642592551427e-6
OXR1,4.946837542122469e-5
UACA,5.575503187799012e-6
FAIM,5.201658725245238e-6
G2E3,1.3092958946759965e-6
PCDHGC5,2.056222553633332e-6
PCDHGC4,2.056222553633332e-6
DIABLO,9.17246599003523e-6
LGALS14,5.679523663563179e-7
CIAPIN1,1.0231350284838708e-5
TPT1P8,4.0093840522629234e-7
NAA35,2.3043479098991287e-5
TP53AIP1,4.3903243988593716e-7
PCGEM1,2.1995227522986235e-7
HS1BP3,8.251566820297587e-7
BCL2L14,2.898551612066316e-6
ARHGAP10,2.0756262404518277e-6
CAAP1,2.1995227522986235e-7
PLEKHO2,8.123906052680203e-6
ITM2C,1.8755440252753814e-5
ARMC10,4.647042560367099e-5
TM2D1,1.634221161485472e-6
TMEM117,1.6214266720669629e-6
NOA1,1.4216633100560142e-5
MIEN1,6.63188471160686e-6
PDCD2L,3.0098716970001037e-7
NAA38,2.2549153870597664e-5
CARD6,2.7146484075680616e-7
BEX2,3.7473145536055814e-6
RELT,3.236950949468819e-6
LGALS12,2.9308376348612896e-5
ITPRIP,9.329779186348694e-6
SHF,2.5355887740424567e-6
CGB7,1.6772248943786556e-6
BIRC8,8.919028334883963e-6
PNMA5,4.888348074227792e-7
TMEM219,3.0119812909785683e-7
TNFAIP8L1,1.9991148399119883e-6
VSTM2L,1.1712056642080236e-6
LGALS16,4.073185769080727e-5
BNIPL,8.690208332010648e-6
AIFM3,4.9498581135854775e-6
ZNF385B,2.3787829138590466e-6
GIMAP8,5.335086183150539e-6
PRUNE2,7.90443483086136e-7
RASSF6,5.159524687803653e-7
PTCRA,1.895476235733259e-5
HIGD2A,5.914188013493214e-6
DDIAS,1.776715682706298e-5
C3orf38,6.223393582883542e-7
C6orf120,2.6122973938530453e-6
USP17L8,3.191146487757927e-6
USP17L7,3.191146487757927e-6
SHC4,2.697714907682553e-6
MIR200A,7.505613079169888e-6
BLID,3.229339472439668e-7
BCL2L15,4.505966418405274e-7
MIR449A,4.323752409576195e-6
USP17L4,3.191146487757927e-6
LGALS7B,1.93829879938472e-6
FMR1-AS1,3.4975027512934416e-7
KLLN,4.7616956413134645e-7
MTRNR2L7,7.600022565740199e-6
TMEM238L,1.8229199900015025e-6
MTRNR2L1,7.600022565740199e-6
MTRNR2L2,7.600022565740199e-6
MTRNR2L3,7.600022565740199e-6
MTRNR2L4,7.600022565740199e-6
MTRNR2L6,7.600022565740199e-6
MTRNR2L8,7.600022565740199e-6
MTRNR2L9,7.600022565740199e-6
MTRNR2L10,7.600022565740199e-6
MTRNR2L11,7.600022565740199e-6
MTRNR2L13,7.600022565740199e-6
C8orf17,9.162918804950455e-7
MIR4516,2.751301103955715e-5
ANKS1A,9.7814915929281e-6
LSP1,6.884320921642447e-6
ARHGEF16,1.0572036868630986e-5
MACO1,1.1065841201474353e-5
PLEKHG5,5.4506508867509795e-6
CMTM1,1.1671991477053114e-6
CMTM5,4.3166574066867705e-6
CMTM2,1.1671991477053114e-6
CMTM8,7.157431867070864e-6
DEFB109B,9.690197672807427e-6
DEFB130B,9.690197672807427e-6
ERVH48-1,1.064213678534279e-6
SERPINC1,7.924625898605335e-6
DPYSL3,2.9310414457920978e-5
F13A1,1.7298046243094002e-5
F13B,6.8072000645401386e-6
GPX2,1.991583920401246e-5
GPX3,3.316522497899246e-5
GPX7,2.3163081557648162e-5
GRM3,6.734405182143736e-5
OMG,1.7636908091534e-6
P2RY11,5.9816894859320336e-5
PPL,7.4856427015826966e-6
PRB3,1.07315415581839e-6
PROS1,1.542615471153336e-5
PRRG1,2.3568346360021107e-6
PRRG2,2.3568346360021107e-6
PSG3,9.333410992813782e-7
PTPRCAP,2.53814186174303e-7
RASGRF2,5.486094931240351e-6
RNASE1,2.4919713310324185e-5
SPRR3,3.160061819774744e-6
TFPI,1.225678995391078e-5
RNF112,2.7478926570765033e-5
TFPI2,7.103654760716322e-6
ATRN,5.033853139752218e-6
AOC3,3.594979655112506e-5
HSPB3,1.080226410992485e-6
ANGPTL1,1.8626047492206268e-6
NREP,5.563333820309967e-6
NCR2,1.431812620178747e-6
ZNF432,1.2542834279362773e-6
SUSD6,3.17238318237567e-7
PROCR,3.678968545697584e-6
KPTN,3.572437127799154e-5
FICD,2.3533338506307168e-4
RASSF1,5.625892182371614e-6
MSRB2,4.319093500278824e-5
COTL1,9.621747249897047e-6
ANGPTL2,1.7284778291401558e-6
FGFR1OP2,4.461179536312022e-7
IL17C,1.026652981902759e-6
HAPSTR1,3.2700007580146253e-6
TBC1D7,4.651658246756211e-5
MIOS,3.895025227367527e-5
ARHGEF10L,1.7532010808081935e-5
ABCF3,1.7605144297176352e-6
LPAR5,4.778072894967147e-6
SCYL3,6.204833133758213e-6
CIP2A,2.7854775323992445e-5
IL22RA1,6.921700615013789e-5
FNDC4,1.4802008793223555e-6
VWA1,2.0258703269971465e-5
PRRG4,5.4919777703735345e-6
PRRG3,2.323522080887584e-6
ARMT1,1.7096715650391137e-4
PARP8,2.478820271579861e-5
WDR59,1.7228129718594212e-5
SPRING1,2.7579129447535103e-5
PYROXD1,1.6710311940089248e-6
EFHD1,6.0747144822504655e-5
YPEL3,4.511664513400732e-6
CHCHD6,3.062256589789103e-5
MORN4,8.16101805404545e-6
RNASE11,1.7213641888040327e-6
NLRP13,9.446710777747108e-7
NLRP8,9.446710777747108e-7
ARHGEF19,4.1523345047406505e-6
IL17RE,7.631471579313785e-6
PXDNL,2.0612480812244157e-5
BPIFA2,2.228468552393672e-6
TLDC2,3.2807792590403234e-7
SRXN1,2.8655763189110737e-5
DEFB129,6.26106103517344e-7
KICS2,2.1731700410261422e-5
ARMH4,1.7753847394094613e-5
RTN4RL1,2.3919533586247306e-5
TTC23L,1.0204374342995007e-6
SAXO1,3.109702050183332e-5
MLKL,3.976586386148523e-5
NLRP11,1.1396464909227002e-5
MSRB3,4.1871225145811445e-5
SFTA3,4.5053872561162405e-6
GPX6,6.462781139745444e-6
ANKS4B,3.2454057376597164e-5
METRNL,1.3435284922371367e-5
CD200R1L,2.6209349096472264e-6
RTN4RL2,6.243862954768353e-6
SERP2,2.845943554379677e-6
RNASE9,9.978635041960767e-7
IFIT1B,7.458393161430311e-7
RNASE13,9.978635041960767e-7
GPX8,7.146345534235927e-6
RNASE12,1.933875933924407e-6
MIR431,3.7638204912933736e-5
LYPD8,1.136538727629757e-6
SPAG11A,5.745935379904003e-7
MIR3909,2.177295129344229e-6
PIGBOS1,5.535836699581993e-6
TBC1D7-LOC100130357,4.651658246756211e-5
ACP2,8.606858136856015e-6
RND3,3.0307473196796053e-6
BCS1L,5.3065191019039136e-5
CAPG,3.1981474578931916e-5
CAPZA1,2.7076753574433963e-5
CAPZA2,2.4218092892095665e-5
CFL2,3.829429385200268e-5
CNN3,6.975538032324637e-6
CSRP2,8.698833047224007e-6
EPB41L1,2.987882527520581e-6
EPB41L2,3.8379851637920077e-5
FHL3,5.16905595946588e-6
FLII,2.6822342701111614e-5
FLNC,1.301005447125249e-5
KLC1,1.807512353897209e-5
KRT3,6.227010125583317e-6
KRT4,6.826702875784191e-6
KRT5,7.2458666099343e-5
KRT6B,8.947662805599665e-6
KRT7,6.246431061234169e-6
KRT10,1.6512626883445907e-5
KRT14,2.5353288028072146e-5
KRT15,4.325221085680544e-6
KRT31,3.617331991682016e-6
KRT32,3.1861666725506933e-6
KRT33A,2.9162153580636576e-6
KRT33B,3.8707120627690585e-6
KRT34,3.0670770570292916e-6
KRT35,3.08198391672627e-6
KRT81,6.107920510061916e-6
KRT82,6.0780777806036505e-6
KRT83,6.9064579089620906e-6
KRT85,6.107920510061916e-6
KRT86,6.107920510061916e-6
LORICRIN,6.835517752296386e-6
MYBPC1,1.557576057953242e-5
MYBPC2,1.124448108293878e-5
NEB,4.076529812111996e-5
NEFM,5.590707233002379e-5
NRAP,5.558051807182603e-5
PPP2R5D,1.3985944158458099e-5
PRPH,2.006387463462499e-5
RTN1,2.2953326373884446e-5
FSCN1,1.0566865569883006e-4
SPTAN1,2.4718573670727752e-5
SPTB,3.524446010090933e-5
TCHH,4.583280844352951e-6
GET1,2.4954130966251236e-5
CCDC6,1.3754537926294527e-6
TAGLN2,1.743163610307233e-6
PDLIM4,8.694143926478066e-5
KRT38,3.0622182970490897e-6
KRT37,3.0622182970490897e-6
KRT36,8.773073717224234e-6
PEX11B,2.4425658428910282e-5
PEX11A,4.216513645880745e-5
TMEM11,2.359667772511214e-6
TMSB4Y,4.6207758168515995e-6
INA,7.259896693385912e-5
TMSB10,2.7222200291090797e-6
EMC2,7.020167566047778e-5
PHACTR2,7.34815110043343e-6
STARD8,2.6944786663891084e-6
KIAA0586,3.1754522100291566e-6
DAZAP2,4.219772077870373e-5
ARHGEF17,1.3757854363611324e-6
UBAP2L,2.2243256088379042e-5
ARPC5,1.529082731475228e-5
ARPC4,1.0917397399093747e-5
ARPC1B,3.4673216163096515e-5
ARPC2,6.866316528131481e-5
MPHOSPH9,7.672640246031205e-6
EMC8,1.998323145613546e-5
TMEM147,3.9014164698283294e-5
VAT1,1.5618952758765043e-5
NEBL,3.6161501754492584e-5
ARPC1A,4.187384112705456e-5
ACTL7B,9.648944103559704e-7
TMSB15A,2.7222200291090797e-6
DSTN,3.1010612204873706e-5
LDB3,2.096227918684459e-5
SYNPO,1.0000025980902796e-4
MRAS,1.1348945170856912e-5
CEP162,4.423813735833636e-6
CNKSR2,2.6815174968643157e-5
DAAM1,2.4753256820640727e-5
GOLGA8A,4.341257569283366e-6
EMC1,1.9951668839265e-5
IQSEC2,3.917817881441226e-5
ARHGEF9,8.472777371698691e-6
CLUH,9.95882532624361e-6
TBC1D30,9.814631460964744e-6
MAU2,5.926831290849939e-5
SPECC1L,4.9403000025129764e-6
TMEM186,2.8233272820177227e-6
POC1A,2.089431901841869e-6
NDUFAF3,2.8329918508318737e-6
ATL3,3.664248962893845e-5
KRT23,2.913285952069423e-6
TOR1AIP1,1.6341998738428885e-5
PLEK2,1.0748438516414828e-5
SMC1B,2.126476475347317e-5
RND1,8.387802940606549e-6
PDLIM3,1.345503244913364e-5
CFAP263,2.6639082058271713e-6
PRICKLE4,1.3576887547075678e-5
RHOD,8.033361433762965e-6
FSCN3,5.006519335405495e-6
VILL,2.0796199178383333e-5
EMC9,1.9951668839265e-5
COX16,5.9666888918983255e-6
TMEM216,6.109182671875334e-6
COA4,6.7781748160991375e-6
TIMMDC1,2.893141023474501e-6
KRT76,1.1588039769315145e-5
NIP7,5.805992140114339e-6
TMEM138,1.1065451622476475e-6
HIGD1B,5.247036662528122e-6
RHOF,3.932758579555625e-6
CHCHD3,3.261648547411484e-5
TMEM70,4.685084703143447e-5
MSTO1,1.8342259511764435e-5
UQCC1,9.890943411516734e-6
TRAPPC14,1.1202890492389614e-5
FOXRED1,2.8763715992650935e-6
PPP1R9A,5.72337247776726e-6
ASAP3,7.351664238626449e-6
TMEM127,3.3317866973700127e-6
DNAJC11,2.3874308921089737e-5
COA1,7.507928989575478e-6
TTC17,1.793206552490362e-6
EMC3,1.9951668839265e-5
TMEM126B,4.0876322271253335e-6
GOLGA6B,4.329430765725391e-6
RAB5IF,2.369154039615235e-5
BAIAP2L1,1.8966325341905086e-5
EMC7,2.012554559542024e-5
ADCK1,3.9427900986134774e-5
LDAF1,6.6216613640217074e-6
LYRM2,2.449954706090259e-6
ODF2L,8.199109683014331e-6
CASKIN1,1.9032024090419204e-5
RANBP10,6.334928198938862e-7
LRFN1,2.034153806981831e-5
EPB41L4A,7.552194087190072e-7
ATL2,3.2133254782634625e-5
PDLIM2,2.2431666468162182e-5
ATPAF1,4.0328121549765964e-5
PLEKHG2,4.703450104631985e-6
REEP1,1.5922023520575357e-5
TMEM237,1.540740639211764e-5
MARCKSL1,1.7742622520603822e-6
CPLANE1,1.5193813046436533e-6
LRFN4,2.7402462391700293e-5
TMEM223,1.1505074266422384e-5
NDUFAF5,6.808465982958144e-5
CCDC28B,1.0298374630409173e-6
CHCHD7,2.053887346572414e-6
CENPO,5.445626255844991e-5
ARMH3,4.156773789055735e-6
SH3D21,7.170745343284322e-7
TXNDC15,4.2533891354916915e-6
ARHGAP28,1.167075170480043e-5
CAMKMT,6.93613468973403e-5
TCTN2,1.3381897256971561e-5
NAA25,3.6457985201620494e-5
BAIAP2L2,2.0029766772962518e-5
FHOD3,1.2976428197568007e-5
ARMC9,5.260280620430465e-6
NUBPL,2.836556594943415e-5
TRABD,5.2002341915113004e-5
THSD7B,4.214413498104142e-7
LIMD2,1.962219271364513e-6
TMEM177,2.0510824869474336e-5
B9D2,7.364461534079067e-6
CYRIA,4.20489694664074e-6
ARPC5L,1.231546581866582e-5
SH3BGRL3,1.9733489290164766e-6
AIF1L,6.5008696149257485e-6
TLN2,2.210700377001733e-5
ATAD3B,3.437074634914777e-6
MYH16,1.539469853117568e-6
ABLIM2,2.3893392115662582e-6
PYROXD2,6.394862136277458e-7
LRCH3,1.230586932475284e-5
CEP89,1.0807976598511215e-5
CORO6,9.522718428084321e-7
CGNL1,1.4121005104899343e-5
FRMD5,2.5397929472037137e-6
COX14,6.580662157167238e-6
FBF1,1.3006910109247241e-5
FHDC1,1.0275797708443647e-5
FCHSD1,1.5676595317621842e-5
FRMD7,1.9168706286548595e-5
CARMIL3,1.0195193272575586e-5
DMAC1,2.771814716490779e-6
ATPAF2,1.6568109497001243e-5
PEX11G,2.4107127119839657e-5
TBC1D31,1.8329152085956035e-6
TBCK,3.4345297717148344e-6
TJAP1,2.418409244599244e-6
LRRC4B,3.604604570346533e-5
CSMD2,2.3673099770442354e-5
RHPN1,8.1514373397424e-6
EVI5L,9.113536209587613e-6
LYSMD3,3.612606495419675e-6
PHACTR3,4.262552947552773e-6
COX20,5.9666888918983255e-6
ARAP2,3.30489677410378e-6
KRT74,1.8603180072302438e-5
HIGD2B,5.298549228055065e-6
TMEM170A,1.5241355729818729e-5
KRT40,2.913285952069423e-6
TTC39C,1.7076755594364512e-5
MICOS13,3.0564439760123235e-5
ERICH3,1.2186792331501339e-6
MYOM3,7.965997945796006e-6
PLEKHH2,1.1074353636571542e-5
SCLT1,3.248400128220896e-5
SPATA4,1.8901806747277026e-6
CLVS2,6.016397693196143e-6
CIBAR1,2.4820688514949945e-5
NDUFAF6,2.8518878840672047e-6
PTPDC1,2.1175593522645527e-6
APOOL,3.240915518002966e-5
KRT72,6.227010125583317e-6
BANF2,6.676461296128652e-7
KRT80,6.0780777806036505e-6
FAM161B,1.3419274133748926e-6
GARIN4,7.361335322993642e-7
HORMAD2,7.988553004025856e-6
SGO2,1.8547814083717684e-5
CLVS1,6.016397693196143e-6
TOR1AIP2,1.0824376497419035e-5
KANK4,6.6183125101541054e-6
C1QL2,3.2032442387190656e-5
KRT24,3.0622182970490897e-6
KRT78,6.227010125583317e-6
WDR90,1.3250330950901892e-6
TMEM17,7.300236415438857e-6
SAMD14,2.8040663501987394e-6
ATAD3C,1.2665591780961696e-6
HYLS1,1.7932923864710062e-6
TSGA10IP,3.853334216777581e-6
KANK3,6.518790909258673e-6
FRMD3,7.549343536982682e-7
CFAP184,2.2725253577904137e-6
TMEM80,2.3121425034934297e-6
GOLGA8IP,4.329430765725391e-6
NOMO2,1.9264120522331905e-5
UQCC4,9.782263429132432e-6
NDUFAF8,2.5778800022902045e-6
COX18,4.067660748749197e-5
FAM83H,1.6783141156670403e-5
TMSB15B,2.981998227553686e-6
KRT6C,6.227010125583317e-6
FAM149B1,1.7011518650416568e-6
KRT73,6.246431061234169e-6
KRT79,6.252577454382438e-6
CIBAR2,2.2905984970760857e-6
GOLGA6A,4.380943331252334e-6
ARHGAP40,4.863704307367861e-6
PFN3,6.7945812346858456e-06
KRT26,3.0622182970490897e-6
KRT77,7.061217764773808e-6
MIGA1,3.1789777401719275e-6
CATIP,1.811309064890432e-6
CC2D2B,9.04841746112501e-6
SMIM20,5.980139838334491e-6
C1QL3,1.8990715828387925e-5
KRT39,2.913285952069423e-6
SUMO1P1,1.8645220784527442e-5
ARL13A,2.239331414018078e-5
FAM174B,7.063380898141409e-7
IQSEC3,3.7328387832663905e-5
GOLGA8B,4.341257569283366e-6
SMIM22,7.4379939536863484e-6
MICOS10,3.0494626018666457e-5
UQCC5,1.88990356181864e-5
MIR335,3.1953736450483604e-6
HIGD1C,5.298549228055065e-6
GOLGA8N,4.329430765725391e-6
SDHAF1,2.0301998888357195e-5
EVPLL,1.1171123562751671e-6
RHPN2P1,7.921190538722584e-6
GOLGA8S,4.329430765725391e-6
GOLGA8J,4.329430765725391e-6
GOLGA8T,4.329430765725391e-6
GOLGA8K,4.329430765725391e-6
GOLGA6C,4.329430765725391e-6
GOLGA6D,4.329430765725391e-6
GOLGA8M,4.329430765725391e-6
GOLGA8Q,4.329430765725391e-6
GOLGA8O,4.380943331252334e-6
GOLGA8H,4.329430765725391e-6
UQCC6,1.3360650243662342e-5
TMEM242,1.6310444539486393e-5
GOLGA8CP,4.329430765725391e-6
PET100,6.365957591348412e-6
GOLGA8DP,4.380943331252334e-6
PET117,5.541803750443919e-6
IQCJ-SCHIP1,9.478914390105376e-6
GOLGA8R,4.329430765725391e-6
AQP5-AS1,2.692245683060035e-6
TMSB15C,2.981998227553686e-6
CRISP1,1.4120144494550506e-5
CAVIN2,7.317142823614614e-6
MTSS2,1.58976704090865e-5
DMKN,1.0178938170761048e-5
TLCD1,6.143031009054274e-6
DCST2,8.706129903447104e-6
LYZL4,1.5077539637898523e-5
LLCFC1,4.599145515272958e-6
FREY1,1.4489848555288196e-5
C16orf92,4.668588826219607e-6
SPACA6,6.846963619478019e-6
SPESP1,8.335163652917783e-6
GLIPR1L1,1.4450500949999212e-5
TMEM95,1.0073434472878081e-5
SPACA5,1.5051483286062273e-5
IZUMO1R,1.5447984325108465e-5
TLCD2,6.091518443527331e-6
SPACA5B,1.5051483286062273e-5
KIF3C,5.444269560847141e-6
DYNLT2,5.439748302406586e-6
DNAL4,3.2876229293978774e-6
KIF21B,5.510581389235623e-6
MEMO1,5.373180531555791e-7
GTSE1,1.5222360030992456e-6
KLC2,5.3473857698166065e-5
DYNLRB2,7.787190071031088e-6
DYNLRB1,9.010195399006349e-6
KLC4,3.2817694213476363e-6
KIF12,4.459323940601702e-6
DYNLL2,6.180350684449315e-5
DYNLT5,5.136680115782029e-6
DNAH12,1.2921120546140417e-5
KIF6,4.310391595622036e-6
DYNLT4,9.819846539943944e-6
KIF7,9.801378852068987e-6
DSG1,2.1089586055469078e-5
STRN,2.1131095975368066e-5
MPDZ,6.612478835290823e-6
CLDN8,9.74357372105039e-6
CLDN6,1.185329526331188e-5
CLDN9,9.77864134146049e-6
PATJ,1.396954769839299e-5
CLDN14,7.171456185614555e-6
CLDN20,7.130583209604428e-6
CLDN22,7.010237120348234e-6
OCEL1,4.9066237350803665e-6
CLDN23,7.010237120348234e-6
MPP7,2.6769722926571278e-5
FRMPD2,9.673404843917901e-6
CLDN25,4.643659858063297e-6
CLDN24,4.643659858063297e-6
CLDN34,4.643659858063297e-6
COL17A1,2.0650582401453053e-5
TRIP6,1.3826349946820707e-5
THSD1,3.767428590084131e-6
MAGEA5P,7.227287490023285e-7
PRCC,5.977554045853769e-7
TGM1,4.0470139123866884e-5
CGREF1,6.05502714745486e-7
NUDT6,3.153284420243627e-5
CIAO2B,2.612923976883622e-5
BTG4,7.170838484742712e-7
CENPQ,6.23355902049845e-5
YY1AP1,6.896191610830463e-6
PRR11,3.288918394089076e-7
SUSD2,5.4322743653883855e-6
CDK15,6.387516217905885e-6
CENPM,4.10877666756684e-6
CENPU,4.960252990171529e-6
DSN1,2.7333460388710263e-5
CABLES2,2.2870655760011545e-7
CIAO2A,1.6144396856398235e-5
TP53I13,1.239625400740781e-6
CENPL,4.1602892330937835e-6
CABLES1,5.391129409770452e-7
MRFAP1L2,2.0383064217387767e-7
REDIC1,6.117417869844338e-7
PRR19,5.797500620741415e-7
CDKL4,4.626359259005838e-6
TRNP1,7.249163542999179e-6
LOC100533997,7.227287490023285e-7
ABR,6.262721053494428e-6
AGRP,9.735584989131384e-5
AMBN,1.3138364560508946e-5
CA8,7.118763452303947e-6
CAPS,5.910186794835207e-7
SIGLEC6,3.32591243195254e-6
CHGB,1.4816506501377833e-6
CHRM4,3.4361152343803044e-5
COL4A5,2.967091147761584e-5
CORT,5.612721154663819e-6
CRHR2,7.42222175921818e-5
CSF2RA,7.843794243684884e-5
CSH1,1.902939202732894e-5
CSH2,1.7640158645206473e-5
CSHL1,1.7559446907180546e-5
CTNND1,5.8130037758605576e-5
DOCK3,5.748969111588324e-6
DOK1,3.822778460901721e-6
DRP2,2.3191681737912014e-6
DTNB,5.078207404312841e-6
GPC4,2.5313348032334695e-5
GPC5,4.466862781453518e-6
FMOD,2.297228088533565e-5
GAST,2.325882410184439e-6
GABBR1,1.3603243913481642e-4
GFRA2,2.118584737178802e-5
GH2,1.8954049699829418e-5
GNA15,1.9824466332279282e-5
GNG3,9.211978181504096e-6
GNG5,8.70702087160697e-6
GNG10,7.888291233899562e-6
GNG11,7.888291233899562e-6
GNGT2,1.0661095863264902e-5
GNRH2,5.2804349181112096e-5
CMKLR2,4.1594171575239187e-5
NPBWR1,1.5675670770249537e-5
NPBWR2,1.5310397448289975e-5
PRLHR,1.092190734215382e-5
GPR19,6.085381662620966e-7
GPR20,6.13652269210313e-7
GPR21,9.560731427742666e-6
GPR22,7.639109506965173e-7
LPAR4,1.9343872302294803e-5
GPR25,5.049836708075979e-7
GPR26,9.203555892985658e-7
GPR34,1.4202061768315537e-5
MLNR,1.814372057252314e-6
GPR39,5.546931988229755e-7
GPR42,5.049836708075979e-7
GRK6,2.053493990188762e-5
GRB14,7.072489660799593e-6
GUCA2A,1.8887028251029405e-5
GUCA2B,1.9752323384091335e-5
HPCAL1,4.65796738526489e-7
ERAS,3.482011244518792e-6
HTR1E,3.4433676136173783e-05
HTR1F,3.44224765076789e-5
HTR5A,2.9900374176842758e-5
HTR6,4.458928411624946e-5
IGFALS,3.117147173399647e-5
IL3RA,4.6913386583067176e-5
IL11RA,3.478473136385159e-5
INHBC,3.565295179662874e-6
INSL4,7.145235971361465e-5
ITGAE,5.21472150196581e-6
LIFR,9.675451457234426e-5
LTBP1,6.420370636901373e-5
LY6H,2.086080572032193e-5
MC2R,6.008960087106464e-5
MC5R,1.1143242241621048e-5
SCGB2A1,3.394086070041732e-6
SCGB2A2,3.394086070041732e-6
MLN,4.921296525149499e-5
MPZ,4.919367326909257e-6
MTCP1,2.2370363634908224e-6
MTNR1A,1.7680754383383676e-5
NPY6R,4.4304859310675975e-6
NRGN,6.198443054461266e-7
NUCB1,3.477409792861108e-6
NUCB2,3.471720982734154e-6
PCDH1,1.388585732699078e-6
PCP4,3.362782213445672e-5
PDE1C,1.972572437826612e-5
PDGFRL,2.1871530709686857e-5
PPP2R5A,2.2020423324257744e-5
PPP2R5E,1.0049530255161846e-5
NPY4R,2.286448729903163e-5
PRKAR2A,4.884987253716274e-5
THAP12,6.073392512069662e-7
PSPN,1.8513643742688533e-5
PSD,1.5144131852452052e-5
PVALB,2.0933016810225288e-5
RALGDS,2.1418107730182544e-6
RASA2,5.911801191383656e-6
RFNG,2.0679430393876927e-5
RGS3,1.942685211144438e-6
RGS10,1.158065223790932e-5
RGS12,4.0967540407485015e-6
RGS13,2.1081641517528874e-6
RLN1,1.7648287400275058e-6
RIT1,3.7163739221686313e-6
RRAD,3.590399013927781e-6
RSU1,3.0893293661522137e-6
SH3BP2,3.03516969484449e-6
SYPL1,3.4300020917008357e-6
TRHR,4.8883429688531575e-5
TSHB,6.400419392624137e-6
VIPR1,3.647327626711045e-5
VIPR2,3.6983986073778696e-5
CORO2A,1.399560777194073e-6
TCL1A,2.539154180173001e-6
MIA,1.4162795640381481e-6
LZTR1,8.127818953593762e-6
SPARCL1,4.805171819702268e-6
ANXA9,8.645471955334613e-6
IRS4,5.716512842548934e-6
CILP,1.4075729818449916e-5
RGS5,1.933020642330287e-6
ITGA10,4.548361814011563e-5
JRK,2.0565266902588357e-6
CTNNAL1,1.5980253175385963e-6
RGS11,4.082555581080038e-6
DLK1,2.5665402247748845e-6
SCEL,4.2861341624569645e-6
CCN5,1.971358797659178e-6
HCAR3,2.451839232054212e-5
CPNE3,1.1384521919731547e-5
MPZL1,9.048426613885133e-7
DOK2,6.4196148350876536e-6
ARHGEF1,2.135024119557908e-6
BMP15,1.931369293963692e-6
DLGAP2,1.2610264864885256e-5
DLGAP1,1.5878761042330484e-6
GPR50,1.3303000942135683e-5
TAAR2,7.658013604603692e-6
GPR52,1.2099198505215236e-5
GLP2R,2.59705972620673e-5
ITGBL1,5.354715425217305e-6
ARHGAP29,3.3094217910101457e-6
SH3BP5,3.321107971315446e-6
NRG2,5.892467331101234e-6
GABBR2,9.496075325691527e-5
TCL1B,2.2370363634908224e-6
RGS6,3.392442719819652e-6
RALGPS1,3.523262986325403e-5
PPP6R2,2.384141918588544e-6
GARRE1,1.870705448358615e-5
ADAMTSL2,3.620902904290992e-5
ARHGAP32,4.708295400730759e-6
RAPGEF5,3.999192615570233e-6
URB2,3.7841230945525412e-6
ARHGAP11A,2.640679412126975e-6
SRGAP3,2.0038741559643287e-6
DENND4B,1.041363420790355e-5
P2RY14,5.022973109220003e-5
INSL5,1.090898664216625e-5
GPC6,1.712687670848412e-5
FAM13A,1.241149607435234e-6
RASA4,1.0924909752246722e-5
RCAN2,1.1135201298607417e-5
CNKSR1,8.737016214587946e-7
EFS,1.3819971836042393e-6
IRAG1,1.286021996441915e-5
LRRN2,5.689728571219432e-7
FAM3C,7.611684119886856e-6
OLFM4,7.69106339448189e-6
RASL10A,2.5862872471100877e-6
FRS3,9.161979663432675e-6
DIAPH2-AS1,1.2683709777099546e-7
PROKR1,8.112394352675602e-6
GPR83,9.737459244514497e-6
RUNDC3A,1.4354925569440734e-5
GPR75,8.982905894179852e-6
ADAP1,1.3896401726050712e-5
RCAN3,2.3567311526760175e-5
INSL6,1.015858515973781e-6
WIF1,4.079588944558725e-6
AKAP10,1.4171568620455705e-6
RASSF8,1.7834966329793926e-7
GPR176,4.098213180589055e-6
NXPH4,1.7959085031964613e-6
NXPH3,7.813224225923469e-7
NXPH2,7.813224225923469e-7
GPR45,5.049836708075979e-7
GPR182,4.971369909065463e-7
PDAP1,1.2894670277118577e-6
DLGAP4,1.1539792411038158e-5
FRMPD1,1.4212351039446505e-6
ADGRL1,2.6700572518765003e-5
PPP6R1,2.291042548622257e-6
RGL1,1.3671202234769708e-6
MCF2L,7.4223679562933085e-6
ADGRL2,2.5146689694265494e-5
DOCK9,3.689488240221163e-6
PSD3,7.702102666296886e-6
ARHGEF12,2.2329614669753193e-6
RIMBP2,2.160823788455774e-6
ARHGAP45,5.982041661547746e-6
SEZ6L,1.7440552079721242e-5
PSD4,7.249227311983148e-6
LEMD3,2.334119138018118e-5
FAM89B,8.184530615842495e-6
LAMP5,1.7227685926377556e-5
SHC2,1.6999589165449063e-6
MOB4,9.156387100187252e-6
NEPRO,3.5942487013724613e-6
OLFML2B,1.6812023149567843e-6
CNRIP1,9.94643980103787e-5
PLEKHG3,6.441378617052022e-6
SUSD5,2.8101237888022947e-6
ATRNL1,2.3770210442459076e-6
RGS22,2.720205307206422e-6
PCDHB5,2.8286673572625037e-6
IL1RAPL2,4.7723057192555756e-5
SEZ6L2,1.7411152440813942e-5
GPR160,6.068368218945713e-7
DKK2,9.187729319384074e-6
CYTH4,7.1549215333640945e-6
SIGLEC9,3.806938196404363e-6
SIGLEC8,3.385968869000847e-6
GPR82,4.780703473435673e-7
OXGR1,4.780703473435673e-7
GPR78,9.472689127625965e-7
GPR162,5.049836708075979e-7
P2RY10,4.780703473435673e-7
CLEC2D,9.490618196889815e-7
STRN4,2.5543372570602403e-5
SCHIP1,5.841523752704626e-6
PILRA,4.074893064828112e-6
NXPH1,3.3117637124847915e-6
TAX1BP3,1.1872843098114344e-5
ARHGEF4,4.805984361502498e-6
ARHGEF3,4.692453646305311e-6
PDE11A,5.2230119321648346e-5
ASB3,6.432535054089038e-7
RAPGEFL1,1.4248991262814582e-6
CLEC1A,6.019676569092614e-7
GMIP,6.083888121398701e-6
FAM13B,1.241149607435234e-6
HPCAL4,2.3760435746636047e-6
RAPGEF6,1.420902993027857e-5
SHC3,4.762486537191178e-6
P2RY13,1.4331564560091478e-5
GPR84,2.8117397071481017e-5
GPR87,1.4202061768315537e-5
SNTG1,1.8798278404556335e-5
GPR85,6.075731391195083e-7
GNG2,2.9075063378212287e-5
DIRAS2,2.0103715658489328e-6
KCTD9,2.9106800346726404e-6
WBP1L,2.9586407352496892e-5
FAM83E,3.3915026526611845e-7
MS4A12,3.2243917566910075e-7
EPS8L1,1.6857584378565047e-5
COMMD4,3.888631562375318e-7
COMMD8,2.245165376486826e-6
ADISSP,3.00573611567582e-5
RALGPS2,1.3552934199189953e-6
PLEKHG6,4.527696196046802e-6
MOB1A,3.2739306531337675e-6
PPP6R3,2.0556938129374504e-6
TCP11L1,6.811537751586448e-7
LRRC59,3.1408204739867126e-6
GPRC5D,2.0188461159048863e-6
LRRC40,2.9973539873311405e-7
DOK4,5.273559328985149e-7
MBD5,3.470784563307034e-5
DEPDC1B,1.5725316883416888e-6
DOK5,8.459763661589707e-6
GPRC5C,2.140665798236091e-6
GNG12,8.271583481305365e-6
PCDHB14,2.8286673572625037e-6
PCDHB13,8.653430128337509e-6
PCDHB11,2.81746772876762e-6
PCDHB10,2.81746772876762e-6
PCDHB9,2.81746772876762e-6
PCDHB6,3.8195010070143584e-6
PCDHB4,2.81746772876762e-6
PCDHB3,2.8286673572625037e-6
PCDHB2,2.81746772876762e-6
MRAP,1.1841313605498204e-4
GKN1,2.52477185098177e-6
CABP5,2.2342348945963682e-6
AKIP1,1.9935598000005427e-6
TMEM9B,2.383970786066889e-6
FSTL5,2.462327706807606e-6
ANKS1B,5.225793935101539e-6
PMEPA1,1.6029090779953167e-5
OLFML3,3.564947392619174e-7
RGL3,1.7195671524593973e-6
RALGAPB,1.361109829757564e-5
CAMK1G,1.318876569198226e-5
RALGAPA2,4.242999079185599e-6
ARFGEF3,6.2615683922651205e-6
PLEKHG1,1.6419402107180225e-6
LRFN2,4.028043848916722e-6
ARHGAP31,2.4692455641923448e-6
SRGAP1,1.488357776134732e-6
KCTD16,5.07530300778023e-5
SIPA1L2,4.9428269169402847e-5
ARHGAP20,2.149830448105356e-6
DOCK6,2.153126452784784e-6
ARHGAP23,1.4014513023936895e-6
PLEKHA4,2.575301668741195e-5
PCDHB16,2.81746772876762e-6
SCUBE2,5.356958695681622e-7
PLEKHB1,3.1666394148684886e-6
MS4A7,7.73986919308914e-7
DLGAP3,9.257702340218545e-6
LY6G6D,1.8371774978807077e-5
ENPP5,2.463024080872168e-5
GNB4,1.0224064690234095e-5
RXFP1,1.3315829870127322e-4
AFAP1,3.779189948391595e-6
NPFFR1,3.0691724753097193e-6
ADGRL4,1.1967222257047276e-6
MS4A6A,7.73986919308914e-7
MS4A5,2.7092661014215695e-7
LMBR1,3.326056908926778e-6
ARHGAP9,3.815641460166775e-6
ZNF106,2.1561034287896818e-6
RGS18,1.8790965542348244e-6
GPR135,5.697016699071424e-6
GIGYF1,9.316687673941695e-7
TNS3,1.0247191280083795e-5
C12orf43,1.4784186538257986e-5
TTC23,2.8020089925902007e-6
DLK2,4.997284147336829e-6
RASL11B,6.841372714888807e-6
LYNX1,2.3284838167280257e-5
DBNDD1,3.064977457277208e-7
CAMKV,1.1952853814860192e-5
LRRC2,1.4531289101763112e-7
EPS8L3,1.4484808887782453e-5
FAT4,4.2475261825941876e-6
VEPH1,8.18801090173406e-6
ASB13,6.432535054089038e-7
SHCBP1,4.1421500381969124e-6
MOB3B,3.699655810797788e-6
CLMP,5.494332938720915e-6
DOK3,2.8555788066379837e-6
FRMD1,2.2724165857019567e-5
GPR157,8.663123754947687e-6
SIKE1,8.027655827426779e-6
TEDC2,3.2676182342814586e-6
TM2D3,3.4417647558299706e-5
PPP1R2C,3.1608509555947405e-6
GKAP1,7.157871326968068e-6
ARHGAP39,1.841358374120009e-6
SH3BP5L,2.462294080645514e-6
GPR63,7.255632952045784e-7
MOB2,1.8109787795558528e-6
CAB39L,3.1177975139439892e-6
TSPAN14,1.029595967676747e-5
TAAR8,7.658013604603692e-6
MS4A8,2.7092661014215695e-7
INHBE,1.8367141586392e-6
GPR61,3.096748102071125e-5
FGFBP2,6.393466814517174e-7
RASSF4,1.7834966329793926e-7
FRMD8P1,1.7255820398486226e-6
QRFPR,7.744086684262408e-6
LRRIQ1,3.99959292025989e-7
SYDE2,5.609129902380113e-6
PSD2,9.487571237173538e-6
GARNL3,5.246065900346013e-7
CAMKK1,3.4010334428842957e-6
CARD19,5.394327542663157e-6
BTBD10,3.5303024029356533e-6
TMEM101,1.1396304018774816e-6
ADGRA1,1.2190220049237514e-6
FAM120B,2.6922144623747917e-6
MCHR2,1.6752887920651147e-6
KISS1R,2.9234416975341366e-6
ADGRE3,2.9434127048105106e-6
RETNLB,1.1585493289321358e-6
MS4A14,3.2243917566910075e-7
TXNDC17,1.8835989608743816e-5
ADGRG7,9.663355563255755e-7
IGSF21,1.2723130412460038e-5
FAM83A,7.440193559743181e-6
ARHGAP19,1.3512064761067739e-6
RGS8,2.5103561647669606e-5
DISP2,5.977821034063188e-7
TMEM116,2.5434628202244765e-7
UCN2,2.819548044085629e-5
JPT2,6.446577361393975e-6
DEPDC7,2.234246978307476e-7
TMEM88,3.2817101868574355e-6
LMBRD2,1.7483065209714797e-6
ASB16,6.432535054089038e-7
SHKBP1,6.564674172328547e-6
GNG8,6.64691296931065e-5
PTH2,7.477426980300376e-7
PIK3IP1,1.4215814762922866e-5
FAM83F,3.3915026526611845e-7
DTX2,2.1963026844134804e-6
CGB1,1.0928112464997027e-6
CGB2,1.0928112464997027e-6
GNRHR2,3.1874220761154664e-5
KCTD12,2.1746251837953054e-6
DDIT4L,5.120523940074997e-7
LRRC58,1.4531289101763112e-7
MAS1L,5.934122649236758e-6
MRGPRD,5.079130768018322e-7
MRGPRE,4.780703473435673e-7
MRGPRF,8.65521751334164e-7
MRGPRX3,5.049836708075979e-7
MRGPRX4,4.780703473435673e-7
TAGAP,2.3879057961908788e-6
RLN3,1.1799185153405094e-6
GPR62,3.280452120576134e-5
C10orf71,1.2752198948053552e-5
DEPDC4,1.4531289101763112e-7
ABTB3,3.645638261354884e-6
LRR1,6.950153587605417e-7
LRRC28,1.4531289101763112e-7
GPR139,3.0748007162292328e-6
MOB3A,1.6033044581797057e-6
ASB17,5.917409398819601e-7
LRRC39,3.988641969447251e-6
EDARADD,3.43373005163017e-7
PROKR2,8.139307676139633e-6
FAM83C,3.3915026526611845e-7
GAB4,5.851862263386303e-6
C22orf39,8.310861568511708e-6
NMS,6.370136362356035e-6
LYPD6,1.590346346468963e-5
TMEM198,1.8905284585529514e-6
EVC2,1.7724608286962841e-6
SETD9,3.4896138256934765e-6
TAAR1,9.28776520999123e-6
ASB10,6.950153587605417e-7
ADGRG4,9.39422232861545e-7
PNCK,3.310581673437057e-6
ASB5,1.3380923789956079e-6
ASB6,6.432535054089038e-7
ASB7,6.432535054089038e-7
ASB8,6.432535054089038e-7
SAMD10,9.936529367687155e-7
NEURL2,1.3234652702622544e-6
ASB15,6.432535054089038e-7
ASB14,5.917409398819601e-7
NRG4,1.3783460935022513e-5
CBLN2,2.7949092978429348e-5
DIRAS1,2.0103715658489328e-6
MOB3C,1.6145040866745893e-6
DCDC2B,7.564951942490242e-7
SRARP,1.6783352868829688e-5
PPP1R1C,3.2886650769394132e-6
SHISA3,1.950483544385521e-6
RASGEF1B,2.0105206650961462e-6
ARHGAP36,7.160101674395445e-7
GPR180,5.622156107704585e-6
STOML3,8.054681409948424e-7
SAMD15,2.0308466448119763e-6
APCDD1L,2.602609740533345e-6
ADGRF3,9.173093062419017e-7
OXER1,1.5926472726085267e-4
GPR156,7.186210499978056e-5
PRICKLE2,2.66530348021954e-6
ADGRA3,7.6855500883838685e-07
FREM3,1.150453256419351e-6
OLFML2A,1.6812023149567843e-6
GPHA2,2.159102566795772e-5
DTX3,1.7599399299611545e-6
MUC20,4.9731679767974815e-6
CCDC125,7.677338077082975e-6
AMER3,3.037880385670655e-6
AMER2,6.12126634050919e-6
MS4A15,2.7092661014215695e-7
DOK6,4.4759391613225024e-7
LRRC63,1.4531289101763112e-7
RASGEF1A,6.192359787547993e-6
SPATA13,7.381954141247518e-6
ADGRG5,9.39422232861545e-7
ADGRF4,9.442226297059323e-7
GPC2,4.618504011984118e-6
ELAPOR2,1.440560100787368e-5
FAM83B,3.79903812120715e-5
ADGRF2P,9.173093062419017e-7
MS4A6E,7.73986919308914e-7
FNDC5,1.2594207614339869e-5
RALGAPA1,4.1699478543134876e-6
TCP11L2,8.399413314713709e-7
RASGEF1C,1.3064781292331677e-6
NPB,1.4761389679990653e-6
ARHGAP30,1.3673276322941098e-6
TAS2R41,5.049836708075979e-7
TAS2R45,4.780703473435673e-7
TAS2R19,5.049836708075979e-7
RGL4,1.4276447978498096e-6
OLFML1,2.503210041815715e-7
RASSF3,7.5816271723266255e-07
ADGRD1,1.2879997655997066e-6
MORN3,3.336905016155949e-6
GPR137C,4.137680233089419e-6
TEDC1,3.2676182342814586e-6
NPW,1.4761389679990653e-6
TMEM145,5.622156107704585e-6
SH2D6,4.027303402939666e-7
GPR150,7.116201954782228e-7
LURAP1L,1.0367204596889422e-6
P2RY8,1.4202061768315537e-5
VN1R5,1.3839251330677962e-5
C1QTNF9,1.6117855729524862e-6
LRRC30,1.4531289101763112e-7
RXFP4,1.1431270242354886e-5
BEX5,3.771820600497338e-7
VWA2,1.589291948890061e-5
MS4A10,3.2243917566910075e-7
GLDN,2.3197899444042478e-5
RSPO4,7.459779562745997e-6
ADGRD2,9.39422232861545e-7
GNG5B,7.452853843597956e-6
ANKDD1A,1.7834966329793926e-7
GPR142,5.344440810423261e-7
TAS2R42,4.780703473435673e-7
GPR141,4.723101898664183e-6
VWC2,3.0165075443320045e-5
KCP,3.996241195453273e-6
ENHO,2.946960085570016e-6
KCTD8,4.159545271508074e-6
MRGPRG,4.780703473435673e-7
GPR153,4.780703473435673e-7
SHISA2,6.121855939534185e-6
NOTCH2NLA,5.426889219624699e-6
SAMD5,3.5120171323193323e-7
GPR152,5.292302972108018e-7
DYTN,5.594709146697748e-7
PATE4,8.638916991217083e-6
GRAPL,2.094362120236375e-6
IL17REL,7.455490851818726e-6
ASB18,5.917409398819601e-7
DTHD1,1.2683709777099546e-7
RGS7BP,1.2560838939204209e-5
LRRD1,2.4238024194510333e-07
SAMD12,1.0451655022956594e-6
VWC2L,9.60212456427285e-6
MIR32,1.779308578268671e-6
TAFA1,1.1106927015260177e-5
CCNYL2,1.1123039184083785e-6
SLURP2,2.284797556592873e-5
PLEKHG7,1.1468756627904812e-6
CDNF,2.642448300034755e-6
MIR323A,1.921588411248184e-5
MIR376C,8.596259912489707e-6
LRRC18,1.9682545654457493e-7
C18orf32,1.711132253139324e-6
MS4A13,3.2243917566910075e-7
MIR490,4.2570458801301335e-6
FAM110C,4.575336555877063e-6
TMEM88B,1.6464007581390712e-6
PYY3,1.845740016296832e-5
FAM83G,1.807547576625557e-6
RASSF10,3.950301979997236e-6
INS-IGF2,1.0322502989958801e-06
MS4A18,2.7092661014215695e-7
DCDC2C,1.4242069404336754e-6
ANKDD1B,1.2683709777099546e-7
TMEM170B,1.697913323666015e-6
LRRC69,1.4531289101763112e-7
RASA4B,7.276573912956351e-6
MIR1260B,2.8280794032855153e-6
TPBGL,1.6464007581390712e-6
MYZAP,8.872503218154323e-6
NOTCH2NLC,3.494671912358673e-6
NPY4R2,2.1245860272543727e-5
NOTCH2NLB,5.377897614680841e-6
FBXW7-AS1,3.2499631265738204e-5
LOC102724428,7.951417783383172e-7
CCNYL1B,8.999907509132554e-7
CCNYL3,8.999907509132554e-7
GNG14,7.452853843597956e-6
LY6S,2.062621038418234e-5
P3R3URF,3.991458951273134e-7
TMDD1,2.2974703995953455e-7
CDH16,2.5918631951842747e-6
DPT,2.2782112111486684e-6
ECM2,2.4331509867795128e-5
FBLN2,1.248466151619813e-5
ICAM2,9.790085818968e-6
ICAM4,7.817522566298932e-7
ISLR,2.2629950245502863e-6
LAMC2,3.247422866412737e-5
LPP,3.0598967765256173e-6
LSAMP,4.8441702119867305e-6
MFAP4,3.4038969397043854e-5
NCAM2,1.0260953442001074e-5
NINJ2,4.345042107108199e-6
OMD,2.0450718222671497e-6
OPCML,1.9141132284054172e-6
CNTN3,3.692742146265626e-7
PCDH7,4.742592858631809e-6
PCDH9,3.2489316771947227e-6
VIT,7.126909754589978e-6
PSG2,2.299771290322733e-6
PSG5,2.2920468377089626e-6
PSG11,2.2920468377089626e-6
ZAN,4.175492211170187e-6
DGCR6,5.829243567207991e-7
PCDHGB4,1.9599792886628614e-6
SIGLEC5,5.714859389429216e-6
SGCE,2.3784306923418946e-5
CYTIP,8.502572483842757e-7
PCDHGA8,9.57026595935472e-7
PCDHA9,9.57026595935472e-7
TROAP,2.472186825344502e-7
EDIL3,2.559016444512431e-6
MPZL2,8.886707935384063e-7
MSLN,1.0525485792307665e-6
NID2,4.434608346429814e-6
LAMB4,9.827951342046845e-7
IGSF9B,1.3045355136031577e-6
PDZD2,1.1006731123974414e-6
SSPOP,1.1814635116930342e-6
ABI3BP,2.271968733015585e-6
EGFL6,3.0762205774811434e-6
SNED1,2.764793650509483e-6
PCDHGA12,1.1281412656964664e-6
SIGLEC7,3.266984467235299e-6
PCDH11X,8.772645791692074e-7
PCDHB1,9.57026595935472e-7
COL5A3,3.372849802551599e-5
NTM,1.9141132284054172e-6
CERCAM,7.357673438231469e-7
CDHR5,5.3448503017449004e-5
PCDH18,1.1633287814039403e-6
MXRA8,5.483159125959535e-5
VSIG10,1.1171868656898352e-6
PCDHB18P,9.57026595935472e-7
EPDR1,5.185279143594132e-5
VEZT,3.429216138101327e-5
PCDHGB7,9.57026595935472e-7
PCDHGB6,9.57026595935472e-7
PCDHGB5,1.1173282908939277e-6
PCDHGB3,9.57026595935472e-7
PCDHGB2,9.57026595935472e-7
PCDHGB1,1.8775054180936215e-6
PCDHGA11,9.57026595935472e-7
PCDHGA10,9.57026595935472e-7
PCDHGA9,1.0084776453517561e-6
PCDHGA7,9.57026595935472e-7
PCDHGA6,9.57026595935472e-7
PCDHGA5,9.57026595935472e-7
PCDHGA4,9.682262244303554e-7
PCDHGA2,9.57026595935472e-7
PCDHGA1,9.57026595935472e-7
PCDHB15,3.978039820890393e-6
PCDHB12,9.682262244303554e-7
PCDHB8,9.924728508335592e-7
PCDHB7,9.57026595935472e-7
PCDHAC1,9.57026595935472e-7
PCDHA13,9.57026595935472e-7
PCDHA12,9.57026595935472e-7
PCDHA11,9.57026595935472e-7
PCDHA8,9.57026595935472e-7
PCDHA7,1.95905987418221e-6
PCDHA6,9.70477542371638e-7
PCDHA5,9.57026595935472e-7
PCDHA4,9.924728508335592e-7
PCDHA3,9.57026595935472e-7
PCDHA2,1.0804802615564167e-6
PCDHA1,1.0730670106835483e-6
PCDH19,8.772645791692074e-7
PCDH10,1.4587630383674794e-6
IGDCC4,2.561238653481372e-7
CADM3,2.6247729069533754e-6
PCDH20,9.175160000906083e-7
LRFN3,2.4715384241649782e-5
CNTNAP3,5.249534042838561e-7
TMEM47,7.352100842532189e-7
KIRREL2,1.126819316777763e-5
SIGLEC12,3.2001827810004146e-6
MUC16,1.236777737797858e-6
SIGLEC11,3.480871675225461e-6
ELFN2,6.810128707580423e-6
CNTNAP5,1.8307291502193762e-7
FBLN7,5.380391174545817e-6
COL6A6,2.975071597361665e-6
EGFLAM,1.922968803950347e-5
COL26A1,5.0430402555463136e-5
PLEKHA7,4.79591042218755e-5
IGSF5,1.784613745524982e-6
CCDC80,9.305672554100394e-6
CBLL2,1.4129284838537994e-6
SPACA4,2.2674354059921244e-5
MPZL3,1.5166012589319087e-6
DENND6A,8.628492900726429e-6
CADM2,4.3332694300843585e-6
COL6A5,3.001984920825696e-6
PRTG,2.0452604884719464e-6
VSIG10L2,5.658329369237904e-7
AMIGO2,5.397933554429641e-6
AMIGO3,6.1718106156867625e-6
CDHR4,8.772645791692074e-7
MUC21,1.4504693764404906e-6
AMTN,3.483034023211656e-5
MSLNL,5.761830199173484e-7
STRCP1,1.4002151437424515e-5
CNTNAP3B,1.8307291502193762e-7
SIGLEC14,5.703659760934333e-6
FRMD4B,4.11895592685302e-6
CRB3,2.3115353262582606e-5
CD52,3.3291204964200308e-6
MOBP,2.0735569152235755e-5
MALL,8.263715943274689e-6
BCAS1,1.3136600888578107e-6
MARVELD1,6.171408989800637e-6
MAL2,9.875410755499375e-6
LGI4,1.2778546957232327e-5
ELAVL3,2.2192748290303803e-6
IGSF3,8.197296998384031e-6
SERF1A,2.597424515128474e-6
PSMG1,7.086820797428543e-5
JRKL,3.877460564107721e-7
VCY,3.527678819220845e-7
ITM2B,1.6128426870785673e-5
GPRIN2,6.24433563563653e-7
RBM19,3.5801177331256566e-6
LINC01587,1.061527594215561e-7
DPYSL4,7.150367517671348e-6
RBBP9,2.3317421745757997e-5
RAI2,4.153257066724596e-7
SCRG1,8.421507081485024e-7
IQCE,2.376653653009986e-6
CACYBP,8.837248874776233e-6
MYEF2,1.3055506498613506e-6
TMX2,5.905217365233909e-6
CEND1,2.273778604353495e-4
VCX2,3.012553163951407e-7
VCX3A,5.624575472367213e-7
BTBD1,4.5237750167185505e-6
C21orf91,6.762367364086827e-6
SNTG2,2.8256062283914315e-5
PLEKHA5,8.8812187543937e-6
LRRN3,3.602181993766964e-6
CRTAC1,6.855351515703632e-6
LGI2,2.3636913593100255e-6
DPPA4,6.701206968826708e-6
BTBD2,1.2861713594430023e-6
ADAP2,1.5866391391335503e-5
CA10,5.3536453396122135e-6
CRAMP1,4.883976388695636e-7
LRRN1,3.602181993766964e-6
ZSWIM6,2.2270509625090865e-5
POPDC3,5.7650308162171384e-6
MOSPD3,3.999103888144843e-7
CCDC14,7.627670401377671e-6
NRSN2,8.530282770498926e-7
CRISPLD2,8.573180065236084e-6
BTBD6,3.6173436927433504e-7
TRIM47,5.321922854596548e-6
ZNF804A,3.918361410423492e-5
IGSF8,4.297010698439873e-6
OPALIN,3.7949466698306103e-6
WDR89,3.901216455314481e-6
GPRIN1,2.052489626626399e-6
CSMD3,1.5789899107196427e-6
SMYD4,1.6450025875258494e-6
LRIG3,1.7066106316099918e-5
TMEM132E,4.029211850327739e-4
CYB5D2,2.0393378190180708e-6
NTN5,2.899439794037846e-7
RBM45,5.525327215597794e-7
NRSN1,1.6566807800050393e-6
KCTD11,2.151162631545489e-6
DPPA2,4.3519944390235677e-7
ODAPH,3.351931045279478e-5
LINGO2,3.848081540155145e-6
MDGA2,4.904906186053881e-6
FAM151B,2.1037190674097256e-6
LNX2,1.926150511410146e-6
VXN,4.925962963339016e-7
CCDC141,8.419050639911073e-6
C3orf70,2.624537145836176e-6
GPRIN3,5.729209980367092e-7
CCDC85C,2.830550726610527e-6
LINGO4,3.55066942824002e-6
SMIM45,1.9982709301360926e-6
LRRTM3,2.0756732285189124e-5
VCY1B,3.527678819220845e-7
LRRC10,7.538050220492151e-6
MIR219A1,5.517236934637355e-5
VCX3B,5.624575472367213e-7
LRRC24,3.806482262448166e-6
MIR18B,3.1697720155306716e-6
MIR511,2.498542502612968e-6
MIR518B,2.8766746451417816e-6
MIR509-1,1.3556978830188112e-5
SRGAP2B,2.3613162030129505e-6
LRTM2,3.3363047773533216e-6
MIR548C,1.3556978830188112e-5
SERF1B,2.597424515128474e-6
NBPF26,3.824284698851178e-7
PERCC1,3.33268773523895e-6
EDDM3A,1.0549542996535041e-4
XKRY,7.005616081963045e-7
LY6K,4.8558395610976595e-6
SPACA7,5.072303621673203e-5
SPINK13,5.573882608503488e-5
LCN6,7.559748435631914e-7
FAM170B,2.476746446932957e-5
TEX46,5.976516660077654e-7
OTOL1,2.5270036738465664e-5
MEST,1.0209411106952996e-6
TAGLN,7.759072951928339e-7
PRR14,4.331749133940419e-6
ANKRD33,1.9251330231956816e-6
PPFIBP2,2.0030460555459526e-6
PDZRN3,3.078857830410275e-6
PSG1,9.339656556244366e-7
PSG4,8.824530900974929e-7
PSG6,8.824530900974929e-7
PSG7,8.824530900974929e-7
PZP,3.934119077286761e-6
SFTPC,2.5419654809183667e-5
SFTPA2,6.632445855893818e-6
TMEM18,3.1214517768007537e-6
FBXL21P,8.943699448167903e-6
HEBP1,1.4456761515019667e-6
ENOX1,3.2662041515771974e-5
SUMO3,1.3857364710506271e-5
NHERF2,5.778138770264439e-5
PHYHIP,8.771322850647881e-7
FILIP1L,1.0890815879128218e-5
UNC50,2.538022073702692e-6
NBEA,9.371474250312915e-7
FILIP1,1.3777924987189146e-5
SCG3,1.3874327000556886e-5
CUTA,1.571765327505177e-6
ODR4,2.393467837187364e-7
TM9SF3,3.8847800996127903e-7
MPP4,1.892355324768412e-6
TMEM35A,1.4943666291160123e-5
NBEAL1,4.853887219936318e-7
NETO2,1.8487642258753746e-5
TSPAN10,5.367194339886326e-7
TNS4,8.498947774418753e-7
STK11IP,3.150596453059215e-6
CNPY4,3.848149502356145e-6
TSPAN33,1.1066049606644119e-5
AKAIN1,1.9739725509913193e-6
FHIP1A,5.52700620928246e-6
PDZK1P1,2.1652011729808943e-6
LNCPRESS1,1.5734875104299127e-5
ACTG2,1.606539053322666e-5
ADPRH,4.048149085054004e-5
CRYBG1,2.940930005927924e-7
AMELY,1.751649776435289e-5
MPPED1,1.6554875294815213e-7
CA3,2.1448341141796688e-5
CA12,1.5122757422733545e-5
CATR1,1.0450254946840783e-7
ENTPD6,8.876935851513074e-5
COL9A1,2.0218072371543205e-5
COL9A3,2.038299038269345e-5
CPN2,1.247316773484588e-6
CRIP2,8.043242218640824e-7
CSN1S1,7.611103815648127e-5
CST6,4.026466687710736e-6
DPH1,6.367349218332682e-5
DPH2,6.307446084064132e-5
ERV3-1,5.098998471820448e-8
FLG,2.0303581301158734e-5
GAGE1,1.0450254946840783e-7
GAGE4,1.0450254946840783e-7
GAGE7,1.0450254946840783e-7
GYPA,9.140618383789374e-6
HRES1,1.0450254946840783e-7
IVL,1.167978549691595e-4
KRTAP5-9,1.0772744515377757e-6
PRICKLE3,5.217943099372032e-7
AFF1,1.105105745687912e-5
NIT1,5.256167013169824e-5
NQO2,2.2432682073360175e-4
P4HA1,5.837497096360195e-5
PGGT1B,8.272015876877273e-5
PON2,6.075868397483344e-5
PRB1,1.5808210810668128e-7
PSMD5,2.972297596173428e-5
RARRES1,5.296684843964045e-6
S100A2,1.1159929591450247e-6
S100P,5.042663663405485e-6
TSPAN31,3.797796258422498e-7
SPRR1A,6.222149644137391e-6
SPRR1B,4.894797162369601e-6
SPRR2B,2.5401213600033814e-6
SPRR2D,2.5401213600033814e-6
SPRR2E,6.222149644137391e-6
SPRR2F,2.5401213600033814e-6
SPRR2G,2.5401213600033814e-6
SURF6,9.882678347341357e-6
TCF19,4.3832610906890476e-7
TM4SF4,1.1559062678048698e-6
TSPAN4,1.4182185184634476e-6
UPK1B,1.711500881759944e-5
UPK2,8.240928344935657e-7
PRRC2A,5.852067456915173e-7
ST7,7.719776165639803e-7
SNN,1.307875736258568e-6
PPFIA4,1.1442031151986908e-6
MATN4,1.3096055412629537e-5
TGM5,6.115255376381784e-6
TP53I11,3.190828341465707e-7
SDC3,1.8255651083364737e-5
FRMPD4,2.0824967934739456e-5
TMCC2,1.0048619486699583e-6
HELZ,7.512060342788369e-6
CRYZL1,2.3439834395382967e-5
UBA2,7.8375486901774e-5
NUBP2,3.0809262999707586e-5
TSPAN1,1.4700387407066604e-6
SERF2,1.2688135467764669e-6
DCAF7,3.252702064032143e-6
DSCR4,1.0450254946840783e-7
CNPY2,1.6606900769093443e-5
UBAC1,5.010037015829037e-6
LRRC41,6.299205942378287e-7
P3H3,5.5629568839473455e-5
C11orf58,1.0450254946840783e-7
STIP1,1.0362906480623613e-5
UPK1A,1.6983476720828723e-5
INMT,1.0280724927254375e-4
CA5B,5.622787096975513e-6
RNF44,1.1741080178474343e-6
ANKRD26,1.990115909966751e-6
DIP2C,1.0450254946840783e-7
HMGXB3,2.601130790739506e-7
AVL9,6.198442645532438e-7
COLGALT2,2.1684126627322585e-5
DCUN1D4,2.1196537774423247e-5
KAZN,4.699019567805077e-6
KIAA0930,1.3141587293243851e-7
KHNYN,2.7581730607460465e-6
TMEM131,2.2572995537043243e-6
FAM215A,1.0450254946840783e-7
RABGAP1,2.376573724482571e-6
QPCT,6.452602757462117e-5
GCA,3.4109383583427123e-6
ABTB2,8.70689817460265e-7
YIPF3,5.371128287105653e-7
MXRA5,1.2080743251647353e-6
DCAF4,2.4012272539767265e-6
TES,1.2222792440374666e-6
LINC01558,1.0450254946840783e-7
LCE2B,1.6543029650109568e-6
FBXO25,2.472780396258905e-6
FBXO24,1.1938900383024475e-6
PCOLCE2,3.909146691773893e-6
DISC2,1.7935283825780488e-7
NFU1,8.289556011540033e-6
AAMDC,1.6486073754512927e-6
C6orf15,8.412384312427557e-7
GNL2,1.7422751356270974e-6
DELEC1,2.161728919580316e-7
DCAF8,2.451411898003335e-6
SSUH2,1.477910475768669e-6
METTL9,5.039522956240476e-5
KCTD3,6.926294764964283e-7
ANKRD39,1.0450254946840783e-7
RNF181,1.941030392403954e-6
ARMCX1,3.3136851785321556e-6
POMP,4.107948535048218e-6
NOP16,1.4243146040037853e-6
ZC3HC1,5.6077980723470215e-6
METTL13,3.731964439737412e-6
DPH5,6.128224639361877e-5
YPEL5,4.987913486483198e-6
PALS2,6.68147776770713e-7
EMCN,2.463642656163988e-6
FBXO40,1.3072486378773863e-6
DCUN1D1,2.158736269661187e-5
SH3TC1,7.990330740549472e-8
PIMREG,4.501394915543471e-7
L1TD1,3.073022358926871e-6
ARL15,1.396120059180073e-6
QPCTL,6.101295254289752e-5
GDAP2,1.3502605867681386e-6
FBXL12,5.44643349246759e-7
TMEM104,1.538999269067436e-7
DCAF16,2.4012272539767265e-6
FOCAD,2.3718769202643334e-6
AIRIM,1.4166434353922104e-6
C1orf56,2.8900688898692944e-7
TMEM255A,3.4773764232889033e-7
PLEKHB2,3.1890409287742043e-6
NTAQ1,7.355998203319975e-5
TMEM39B,4.554963977099238e-7
ARMC1,1.0538990989960275e-5
CCDC198,9.978500271443961e-7
FAM86C1P,8.890891525855252e-7
DCUN1D2,2.1206091594680215e-5
P3H2,6.730611083765704e-5
CCDC25,6.304028046904362e-7
PCMTD2,3.573573619424083e-5
TMEM143,2.736165223417237e-7
TMA16,7.714450765498725e-6
MIS18BP1,7.809088531111617e-7
TBC1D2,2.6386553353861773e-6
KCNQ1DN,1.0450254946840783e-7
ERMARD,4.2858307424589316e-7
UBAP2,1.6006013466763969e-6
LINC00470,1.0450254946840783e-7
PNO1,2.325025997814712e-6
SH3GLB2,6.851537050351636e-7
TULP4,4.931307837198152e-7
LYRM4,4.6983723313268995e-5
APMAP,5.731157204937205e-5
ADAMTSL3,8.956838627450725e-7
NHSL1,8.43561289884807e-8
MARCHF4,1.9805022971884497e-6
NHSL3,1.358686945154245e-7
PHRF1,1.4118540419691307e-6
KIAA1586,7.075170713927508e-6
ANKRA2,1.46701284080053e-5
LINC00474,1.0450254946840783e-7
ABRACL,2.603454621867654e-7
ERVK-5,4.7921901462298704e-6
HPSE2,3.0020113045625524e-5
C14orf93,5.530420189541875e-7
C19orf33,3.546887685448406e-7
PJA1,1.38981290911216e-6
UNKL,6.819323148078275e-7
WDR13,2.270959308500399e-5
PARP12,2.2359947795743135e-5
TBC1D15,1.3006733830796736e-6
IQCH,1.0450254946840783e-7
COA7,4.3688683825700766e-6
KCTD14,6.191191732151896e-7
C1orf50,1.556624993356423e-7
CSTPP1,4.213412195968534e-6
DCAF10,2.4012272539767265e-6
RPAP3,1.5389991738075967e-5
FN3KRP,2.498110192702272e-5
COLGALT1,4.173346276084794e-5
C1orf115,3.906140061528542e-6
ISOC2,1.337303328957101e-6
KLHL36,2.2669193792745322e-6
GSTCD,3.537481473147987e-7
TLCD3A,6.428954664047915e-7
THSD4,5.863852295889543e-5
PCNX2,1.808132503707743e-7
DCAF17,2.489512003335226e-6
MYCT1,2.5494904446056226e-6
WDCP,4.777709096021385e-7
VWA7,1.5808210810668128e-7
SYNC,3.800600253211983e-6
GFOD2,9.947239282049728e-7
C6orf62,5.098998471820448e-8
ISCA1,3.365510309702786e-5
CDCA3,1.0486054835780787e-6
DOHH,7.414576695592358e-5
SELENOO,7.489540182331347e-5
CRISPLD1,7.203230501852894e-6
FSD1L,1.0450254946840783e-7
LRMDA,4.8928872750022166e-6
CTTNBP2,3.1235707574330475e-5
REG4,2.720547564079776e-5
FSCB,1.8870316378307068e-5
FBXO30,1.4052305511214868e-6
LOXL4,2.5954128739919996e-5
TMEM164,3.20885322326252e-5
METTL25,7.977963274170974e-7
PSMG3,5.7922041302116335e-6
HSDL2,2.083803944108479e-6
C15orf48,4.628016549880844e-6
HHIPL1,1.9426419680694e-7
FBN3,4.696222227558518e-6
CNFN,2.5798071219723495e-6
KRBA1,1.3141587293243851e-7
LCE3D,1.7574262863398366e-6
PRRC2B,1.7612011543682533e-7
TMEM276,1.808132503707743e-7
PLPP7,1.800643897631421e-5
ARHGEF39,1.2168691821329028e-6
MEDAG,1.6486073754512927e-6
ABHD13,1.5687387696321763e-5
FAM86B1,3.561494796682391e-6
KRTAP4-5,2.2033673591251167e-6
KRTAP4-3,2.151854793598173e-6
LRRCC1,7.619874322177395e-7
ZC3H12C,2.8078825887614235e-6
GTPBP10,2.047743657913598e-6
PAPLN,2.4704195719395057e-6
DPH6,8.543926315249148e-5
TMEM250,1.7012833360714862e-6
LMF2,6.341130808445004e-7
ANKRD40,1.3141587293243851e-7
COL23A1,4.058933690377791e-6
RPS19BP1,2.3505933266138326e-6
TMEM132C,1.538999269067436e-7
TMEM183A,1.6250294473089844e-6
DPH7,6.0384316560647185e-5
ADAMTSL1,9.545389077658776e-7
MARCHF9,2.4841911242412768e-6
MIR155HG,1.0002068484976355e-6
TMEM132B,1.538999269067436e-7
GPRASP2,3.674960660315073e-6
PCMTD1,4.0512760147032316e-5
LRRC56,3.746150514715651e-7
CYYR1,1.538999269067436e-7
CIB3,8.852019147314757e-7
COMTD1,3.400960223147089e-6
IKBIP,2.729313818819057e-6
METTL21EP,1.3278725610961032e-6
NAA30,4.679003565262521e-5
ISCA2,3.51081304741451e-5
ZG16B,2.7676549590205244e-6
OVCA2,8.436432190410793e-7
PODN,4.548671933626108e-6
FSAF1,2.315655956127147e-6
TMEM125,1.538999269067436e-7
KCTD18,6.433657996183934e-7
CPNE4,3.068706622780317e-6
ZPLD1,1.465839495204892e-5
TMEM174,3.309045854679094e-6
MUCL3,1.979148207481837e-7
MPLKIP,8.850453847279258e-7
LCN8,2.935074671971611e-7
MUC17,1.4710848355515494e-5
S100A16,2.0108755916365077e-6
UBE2F,4.827038531135479e-5
ASB12,1.537622392958467e-6
XRRA1,2.4724805308473653e-6
CPNE8,2.9297203168732305e-6
TMEM120B,3.6242944934938825e-6
TTC9B,1.0450254946840783e-7
TLCD4,6.207825397851482e-7
COPS9,1.9853741192689206e-5
WDSUB1,8.276101946938868e-7
LRRC34,3.797114221499415e-7
LMNTD1,1.0456835436495564e-6
MARCHF10,6.065530992660753e-7
SLFN5,6.384369001615009e-7
C18orf54,3.747775808734522e-7
SPRR4,1.855022129941644e-6
UGT3A2,1.9147752390346316e-4
COL22A1,3.746085998789822e-6
TMT1B,3.0341748255366806e-5
LCE4A,1.6543029650109568e-6
GKN2,6.776947785206756e-7
CEP112,4.3661009357332435e-6
VMA21,2.1732396540867614e-5
C6orf163,1.0450254946840783e-7
VWCE,1.137351396926024e-6
DLEU7,1.0450254946840783e-7
CTAGE3P,7.990330740549472e-8
ZNG1E,5.316592474491945e-5
CPNE2,2.9815064071606815e-6
RNF182,1.0290449555836308e-6
HOXA11-AS,3.072900517783331e-7
VSTM2A,8.509055881698958e-5
FBXO33,2.553571953832708e-6
NAALADL2,5.235093808149292e-7
LCE5A,1.6543029650109568e-6
COL24A1,3.772999322253853e-6
ADAM5,1.0450254946840783e-7
DSCR9,1.0450254946840783e-7
DSCR10,1.0450254946840783e-7
P4HA3,3.352911038966324e-5
HERC2P3,1.278451533526659e-6
BRICD5,3.1466743724525677e-7
RNF227,1.1629083893525507e-6
BOD1L2,1.5938632855895286e-6
TPRX1,1.2644537437384299e-5
SMIM24,1.538999269067436e-7
MIR23AHG,1.0002068484976355e-6
FBXW12,4.931307837198152e-7
TRIM42,1.2778606033894033e-6
KRTAP6-1,2.4337438933307905e-6
KRTAP6-2,2.4579905197339943e-6
KRTAP6-3,2.4337438933307905e-6
FAM151A,3.142016218651992e-7
S100A7A,1.2433629068771083e-6
ADAMTSL5,1.407909169951974e-5
ANKRD45,3.5672342581671e-6
DPPA5,4.5139595639901094e-7
COL28A1,2.6324349309821374e-5
NHSL2,1.358686945154245e-7
ERVFC1-1,4.335368440936414e-6
SELENOV,4.234168277178041e-6
LCE1A,1.7574262863398366e-6
LCE1B,1.6543029650109568e-6
LCE1C,1.630056338607753e-6
LCE1E,1.6543029650109568e-6
LCE1F,1.6543029650109568e-6
LCE2A,1.630056338607753e-6
LCE2C,1.6543029650109568e-6
LCE2D,1.630056338607753e-6
LCE3E,1.630056338607753e-6
FBXW10B,1.0450254946840783e-7
ANKRD30B,1.0450254946840783e-7
CYSRT1,4.761853997456951e-6
KCTD4,6.433657996183934e-7
FIBIN,4.568411695022162e-7
LIPT2,1.0780548613873985e-4
BTBD17,4.117220052124465e-6
KRTDAP,3.275150794249077e-6
HRNR,4.3458469095766717e-5
PLEKHM3,9.11869848506769e-7
PSMG4,3.7373148525769953e-6
AJM1,1.599719211366673e-6
HAPSTR2,9.3644242386662e-7
CSAG3,2.1031479338052127e-7
C1QTNF8,1.1519286336820294e-6
MIR137HG,1.0002068484976355e-6
MIRLET7BHG,1.0002068484976355e-6
RBIS,6.753948020693779e-7
RNF223,1.2658183315410903e-6
MIRLET7A2,1.0002068484976355e-6
MIRLET7A3,1.0002068484976355e-6
MIRLET7D,1.1763519252383545e-6
MIRLET7F2,1.0002068484976355e-6
MIR101-2,1.0002068484976355e-6
MIR103A2,1.0002068484976355e-6
MIR105-2,1.0002068484976355e-6
MIR1-2,1.0002068484976355e-6
MIR122,1.2006371556581992e-6
MIR124-1,1.2006371556581992e-6
MIR124-2,1.0002068484976355e-6
MIR124-3,1.0002068484976355e-6
MIR125B2,1.0701781901580083e-6
MIR129-2,1.0002068484976355e-6
MIR133A2,1.0002068484976355e-6
MIR135A2,1.0002068484976355e-6
MIR138-2,1.0002068484976355e-6
MIR139,1.8614543555771274e-6
MIR154,1.605823227306687e-6
MIR16-2,1.0701781901580083e-6
MIR181B2,1.0002068484976355e-6
MIR184,1.0002068484976355e-6
MIR188,1.2592132921675938e-6
MIR190A,1.0002068484976355e-6
MIR194-2,1.0002068484976355e-6
MIR196A2,1.0002068484976355e-6
MIR198,1.1599601422162553e-6
MIR199A2,1.0002068484976355e-6
MIR19B2,1.0002068484976355e-6
MIR181A1,1.0701781901580083e-6
MIR216A,1.0002068484976355e-6
MIR218-2,1.0002068484976355e-6
MIR219A2,1.0002068484976355e-6
MIR23B,1.1599601422162553e-6
MIR24-2,1.0701781901580083e-6
MIR26A2,1.0002068484976355e-6
MIR29B2,1.0002068484976355e-6
MIR301A,4.657032661953035e-6
MIR7-1,1.0002068484976355e-6
MIR7-2,1.0002068484976355e-6
MIR7-3,1.0002068484976355e-6
MIR9-2,1.0002068484976355e-6
MIR92A2,1.0002068484976355e-6
MIR9-3,1.0002068484976355e-6
MARCHF11,1.317184939300688e-6
AARD,1.447136386164028e-6
MIR330,1.605823227306687e-6
MIR331,1.0701781901580083e-6
MIR367,1.0002068484976355e-6
MIR369,1.0002068484976355e-6
MIR370,2.158383117903962e-6
MIR371A,1.2592132921675938e-6
MIR374A,9.495881295380136e-6
MIR196B,1.0002068484976355e-6
LCE6A,1.5785437730808091e-6
PPDPFL,8.43561289884807e-8
PAPPA-AS1,4.2858307424589316e-7
MIR381,1.0701781901580083e-6
MIR382,1.0002068484976355e-6
MIR384,3.2268995574882547e-6
MIR422A,8.66862771827365e-7
MIR425,1.6757945689670597e-6
ATXN7L3B,3.464085479588565e-7
MIR429,1.4448730787776617e-6
MIR450A1,1.0002068484976355e-6
MIR363,1.38269719857817e-6
MIR329-2,1.0002068484976355e-6
MIR323B,1.0701781901580083e-6
MIR452,1.0002068484976355e-6
MIR409,2.3312456345257057e-5
MIR412,6.535969133585424e-7
MIR376B,1.0002068484976355e-6
MIR489,1.0002068484976355e-6
MIR493,6.839614105599593e-6
MIR432,7.770808197691185e-7
MIR496,1.0002068484976355e-6
MIR193B,1.6988159506884281e-6
MIR519E,1.2592132921675938e-6
MIR520F,6.535969133585424e-7
MIR519C,7.317087201716588e-7
MIR526B,6.535969133585424e-7
MIR519B,1.2592132921675938e-6
MIR525,6.535969133585424e-7
MIR523,6.535969133585424e-7
MIR518F,7.317087201716588e-7
MIR526A1,1.3127258569177972e-6
MIR518C,1.3127258569177972e-6
MIR524,6.535969133585424e-7
MIR521-2,6.535969133585424e-7
MIR520D,2.0399812879467723e-6
MIR517B,6.535969133585424e-7
MIR516B2,6.535969133585424e-7
MIR526A2,6.535969133585424e-7
MIR518E,7.317087201716588e-7
MIR518A1,1.3127258569177972e-6
MIR518D,7.317087201716588e-7
MIR516B1,6.535969133585424e-7
MIR518A2,6.535969133585424e-7
MIR521-1,6.535969133585424e-7
MIR522,6.535969133585424e-7
MIR527,6.535969133585424e-7
MIR516A1,6.535969133585424e-7
MIR516A2,6.535969133585424e-7
MIR519A2,6.535969133585424e-7
MIR500A,1.0701781901580083e-6
MIR502,1.0701781901580083e-6
MIR450A2,1.0002068484976355e-6
MIR514A1,1.2592132921675938e-6
ZFAT-AS1,3.072900517783331e-7
MIR484,1.0701781901580083e-6
MIR487A,1.0002068484976355e-6
CBLN3,8.131397873139792e-6
MIR9-2HG,1.0002068484976355e-6
FAM86C2P,7.977963274170974e-7
S100A7L2,1.1922252381195135e-6
CIMIP7,1.0450254946840783e-7
RNF225,1.2658183315410903e-6
MINDY4B,6.96664736725901e-6
LL22NC03-63E9.3,6.535969133585424e-7
UCA1,1.7935283825780488e-7
FAM86B2,3.5884081201464215e-6
AFDN-DT,1.0450254946840783e-7
TMEM183BP,1.5735168817820405e-6
FER1L6,7.279018797054087e-7
MIR539,1.0002068484976355e-6
MIR376A2,1.0002068484976355e-6
MIR542,1.0002068484976355e-6
MIR449B,6.535969133585424e-7
MIR532,7.770808197691185e-7
MIR548A3,1.0002068484976355e-6
MIR548D2,1.0002068484976355e-6
MIR549A,6.535969133585424e-7
MIR550A1,1.0701781901580083e-6
MIR550A2,1.0002068484976355e-6
MIR551A,2.3865912230858656e-6
MIR551B,1.0002068484976355e-6
MIR552,1.605823227306687e-6
MIR553,1.0002068484976355e-6
MIR554,6.535969133585424e-7
MIR556,1.0002068484976355e-6
MIR557,6.535969133585424e-7
MIR558,1.0002068484976355e-6
MIR563,6.535969133585424e-7
MIR567,6.535969133585424e-7
MIR569,1.0002068484976355e-6
MIR572,1.605823227306687e-6
MIR574,7.770808197691185e-7
MIR575,1.0002068484976355e-6
MIR576,1.0701781901580083e-6
MIR577,1.0002068484976355e-6
MIR578,1.0002068484976355e-6
MIR580,1.0002068484976355e-6
MIR581,1.0002068484976355e-6
MIR582,1.605823227306687e-6
MIR583,6.535969133585424e-7
MIR584,1.0701781901580083e-6
MIR586,1.0002068484976355e-6
MIR588,1.8543215013367049e-6
MIR589,1.0701781901580083e-6
MIR592,1.0002068484976355e-6
MIR593,1.0002068484976355e-6
MIR595,6.535969133585424e-7
MIR597,6.535969133585424e-7
MIR599,6.535969133585424e-7
MIR600,1.0002068484976355e-6
MIR601,1.0002068484976355e-6
MIR604,1.0002068484976355e-6
MIR605,1.0002068484976355e-6
MIR607,1.605823227306687e-6
MIR609,1.0002068484976355e-6
MIR611,1.0002068484976355e-6
MIR612,1.0002068484976355e-6
MIR615,1.0002068484976355e-6
MIR616,6.535969133585424e-7
MIR618,1.0002068484976355e-6
MIR621,1.0002068484976355e-6
MIR624,1.0002068484976355e-6
MIR626,1.0002068484976355e-6
MIR628,1.0701781901580083e-6
MIR631,1.0002068484976355e-6
MIR632,1.0002068484976355e-6
MIR633,6.535969133585424e-7
MIR636,1.0701781901580083e-6
MIR639,1.2592132921675938e-6
MIR642A,1.0002068484976355e-6
MIR643,1.0002068484976355e-6
MIR644A,1.3766354097747446e-5
MIR648,1.0002068484976355e-6
MIR649,6.535969133585424e-7
MIR650,1.4448730787776617e-6
MIR651,6.535969133585424e-7
MIR652,7.770808197691185e-7
MIR653,1.0002068484976355e-6
MIR654,1.38269719857817e-6
MIR656,1.0002068484976355e-6
MIR660,7.770808197691185e-7
MIR661,1.605823227306687e-6
MIR662,6.535969133585424e-7
RNF208,2.0647682219561942e-06
MIR34BHG,6.535969133585424e-7
KRTAP4-8,2.151854793598173e-6
CARMN,1.0002068484976355e-6
METTL24,9.048884508055741e-7
CEMP1,1.0754152502693898e-5
MIR671,1.2006371556581992e-6
MIR668,6.535969133585424e-7
MIR767,1.2592132921675938e-6
MIR454,1.6757945689670597e-6
MIR769,1.7055366619148046e-6
MIR802,6.535969133585424e-7
MIR765,6.535969133585424e-7
MIR770,1.0002068484976355e-6
MIR300,1.0002068484976355e-6
MIR450B,1.0002068484976355e-6
MIR891B,6.535969133585424e-7
MIR875,6.535969133585424e-7
MIR876,1.605823227306687e-6
MIR147B,1.0002068484976355e-6
MIR744,1.0701781901580083e-6
MIR374B,1.5683569851882376e-6
MIR216B,1.0002068484976355e-6
MIR922,1.0002068484976355e-6
MIR924,6.535969133585424e-7
MIR934,1.0002068484976355e-6
MIR936,1.0002068484976355e-6
MIR938,1.0002068484976355e-6
MIR940,1.0002068484976355e-6
MIR942,1.0002068484976355e-6
MIR937,7.770808197691185e-7
MIR944,1.0002068484976355e-6
MIR891A,6.535969133585424e-7
MIR889,1.0701781901580083e-6
MIR887,1.0002068484976355e-6
MIR760,6.535969133585424e-7
MIR29B2CHG,1.0002068484976355e-6
MAPT-AS1,3.769488712396698e-7
KPLCE,1.97827704884591e-7
LRRC70,1.2910262498770232e-6
KRTAP4-9,2.151854793598173e-6
GKN3P,2.5388610648208495e-7
DPH3P1,1.1650203482758875e-5
MIR1225,6.535969133585424e-7
MANSC4,2.7006355861749857e-6
MIR1265,1.0002068484976355e-6
MIR1183,1.0002068484976355e-6
MIR1275,1.0002068484976355e-6
MIR1302-4,6.535969133585424e-7
MIR1287,1.0002068484976355e-6
MIR1912,1.0002068484976355e-6
MIR1302-5,6.535969133585424e-7
MIR1249,1.0701781901580083e-6
MIR1296,1.0701781901580083e-6
MIR1185-1,1.0002068484976355e-6
MIR1307,1.1763519252383545e-6
MIR1207,1.605823227306687e-6
MIR1825,1.0450254946840783e-7
MIR1306,1.0701781901580083e-6
MIR1283-2,6.535969133585424e-7
MIR1253,1.0002068484976355e-6
MIR1185-2,1.0002068484976355e-6
MIR1181,1.2592132921675938e-6
MIR1277,1.2592132921675938e-6
MIR1827,1.0002068484976355e-6
MIR1226,6.535969133585424e-7
MIR1197,1.0002068484976355e-6
MIR1180,1.0002068484976355e-6
MIR1283-1,6.535969133585424e-7
MIR1178,1.0002068484976355e-6
MIR1290,9.259533110304882e-7
MIR1302-2,6.535969133585424e-7
MIR1262,3.072900517783331e-7
MIR1237,1.0002068484976355e-6
MIR1208,1.0002068484976355e-6
MIR103B2,1.0002068484976355e-6
MIR1227,1.0002068484976355e-6
MIR548H3,1.0002068484976355e-6
MIR1251,1.0002068484976355e-6
FTX,3.165325149843717e-7
FAS-AS1,1.7935283825780488e-7
NCRUPAR,3.165325149843717e-7
ZEB2-AS1,3.165325149843717e-7
MIR548M,1.0002068484976355e-6
MIR548H2,1.0002068484976355e-6
MIR1255B1,6.535969133585424e-7
MIR663B,6.535969133585424e-7
MIR764,1.0002068484976355e-6
MIR548H4,1.0002068484976355e-6
MIR761,1.0002068484976355e-6
MIR449C,6.535969133585424e-7
NPPA-AS1,3.35852812224903e-7
MIR3180-3,6.535969133585424e-7
MIR3074,1.0002068484976355e-6
MIR3148,1.2592132921675938e-6
MIR3120,1.0002068484976355e-6
MIR3179-2,1.0002068484976355e-6
MIR500B,1.0002068484976355e-6
MIR3065,1.0002068484976355e-6
MIR3180-2,6.535969133585424e-7
MIR3173,2.163465194357349e-6
MIR3184,1.0002068484976355e-6
MIR374C,6.535969133585424e-7
MIR3619,1.4448730787776617e-6
MIR550B2,1.0002068484976355e-6
MIR642B,1.2006371556581992e-6
MIR3180-4,6.535969133585424e-7
MIR550B1,1.0002068484976355e-6
MIR676,1.0002068484976355e-6
MIR548AA2,1.0002068484976355e-6
MIR3661,1.4448730787776617e-6
MIR3180-5,6.535969133585424e-7
SIX3-AS1,1.7935283825780488e-7
MIR4686,1.2592132921675938e-6
MIR499B,1.0002068484976355e-6
MIR203B,1.0002068484976355e-6
MIR4500,1.8543215013367049e-6
MIR3529,1.0002068484976355e-6
MIR548AJ2,1.0002068484976355e-6
MIR451B,6.535969133585424e-7
MIR548X2,1.0002068484976355e-6
MIR219B,1.0002068484976355e-6
MIR550A3,1.0002068484976355e-6
MIR3591,1.0002068484976355e-6
MIR4632,9.109130704356455e-6
MIR5588,1.2592132921675938e-6
RNA45SN5,1.3646548847045428e-6
HOXA10-AS,1.0002068484976355e-6
LINC-ROR,2.4501206414162202e-5
PYURF,8.466309563886496e-7
USP17L23,2.8610736233901893e-6
CACNA2D1-AS1,6.535969133585424e-7
C21orf140,1.0450254946840783e-7
SPACA6-AS1,1.0002068484976355e-6
MIR486-2,1.0002068484976355e-6
MIR548AZ,1.0002068484976355e-6
MIR133A1HG,1.0002068484976355e-6
CSAG2,2.1031479338052127e-7
UPK3B,4.323129205865155e-7
MIR34AHG,6.535969133585424e-7
RNA45SN1,1.3646548847045428e-6
MIR3677HG,1.0002068484976355e-6
MIR3142HG,1.0002068484976355e-6
LINC01833,1.7935283825780488e-7
TALAM1,4.0525173116900847e-7
RNA45SN4,1.3646548847045428e-6
RNA45SN2,1.3646548847045428e-6
RNA45SN3,1.3646548847045428e-6
EEF1AKMT4,3.497115294977994e-6
ASDURF,4.5200012840755925e-6
RNF228,1.2658183315410903e-6
SMIM44,1.538999269067436e-7
C8orf90,1.0450254946840783e-7
LCE7A,1.5785437730808091e-6
SMIM46,1.538999269067436e-7
DNTTIP1,1.958080934876674e-6
KANSL1L,9.322769307240839e-6
GCC1,6.430660120082179e-6
HID1,3.567331676368537e-5
GOLGA1,1.2727165291683502e-6
GOLGA3,2.146794005657415e-6
WSCD2,1.979810404916651e-6
RNF24,5.273468886146799e-7
WSCD1,1.979810404916651e-6
PARM1,1.0119412121871193e-6
GOLIM4,3.354889630638657e-6
GASK1B,3.223722095303895e-7
MANEA,5.552465503115797e-5
MANEAL,7.49160829500349e-6
GIMAP1,1.1850707470987073e-6
TMEM130,3.959977016769766e-7
FBXO42,2.2236937407511786e-6
ZSWIM5,1.8412772587144602e-6
ZSWIM4,1.7713059170540871e-6
DCAF4L2,1.819566067300848e-6
DCAF12L1,1.871078632827792e-6
DCAF8L1,1.9333585000763907e-6
FBXO15,1.4683609179414022e-6
DCAF4L1,1.819566067300848e-6
DCAF12L2,1.819566067300848e-6
DCAF8L2,1.9333585000763907e-6
ZYG11A,1.57753086646468e-6
PPP2R2C,5.535834508799032e-6
SYCP2L,7.642449195652289e-6
CNPPD1,3.5352183843702883e-6
ARSD,7.021212423578871e-6
GALNS,8.154032299469587e-5
LAPTM4A,1.50245082010346e-6
CKAP4,8.07839615956886e-6
GLIPR1,2.672450988245233e-6
HEBP2,3.2859842472857276e-6
BRI3,2.7433828103776547e-6
TM6SF1,7.614585075430973e-7
GIMAP5,4.477458375691706e-6
VOPP1,1.4964555320321286e-6
ARSK,5.506771010616952e-5
TMEM192,1.3052991917133023e-6
TMEM179B,4.292933565411967e-6
TXNL1,5.528114087121859e-6
CENPB,2.355792067150954e-5
ZNF330,1.0426571803005274e-6
DCTN4,1.4668937280040469e-5
GPATCH11,1.2916241541444058e-6
H2BW1,2.327242810717694e-6
H2BC5,1.8518040318286613e-6
TMPO,4.87359105593799e-6
TRIM66,4.369839991164596e-7
HSFY1,6.085121766733237e-7
H2BC26,1.7133800671561893e-6
HSFY2,6.085121766733237e-7
H2BW2,1.5961920485807993e-6
H2BC19P,1.6318502706986192e-6
H3Y2,1.6919994433412468e-6
H3Y1,3.98666745211006e-6
H3-7,1.6919994433412468e-6
H2BC18,1.8518040318286613e-6
HSFX2,4.0459693313591756e-7
HSFX1,4.0459693313591756e-7
HSFX3,3.3820047345687424e-7
H2BK1,1.6318502706986192e-6
H2BN1,1.6318502706986192e-6
CEP104,1.191443438237237e-6
CEP95,7.771493372482254e-7
CKAP2L,1.0036960345536782e-6
RMDN2,3.495754802921561e-6
MZT2B,7.66017947832012e-6
MZT2A,7.66017947832012e-6
FAM184A,1.6854340379609181e-6
MEX3A,1.2120101398276347e-6
FLACC1,9.210522664319275e-6
RPTN,1.1806680679028726e-6
RSPH14,4.581820248696883e-6
RSPH3,1.4399637688104663e-5
DYDC1,4.581820248696883e-6
NFKBIE,6.709575239760386e-7
MBD6,4.1894725201331524e-6
CCDC137,7.018389032098742e-7
FOXL2NB,5.837308552569976e-7
KIAA1210,4.8851872387933665e-5
CFAP119,2.7214907776221343e-6
TMEM225,2.3033976620665938e-6
CIMIP4,1.398385658692568e-6
TEX22,6.477109820181902e-7
SPATA1,6.477109820181902e-7
ACTRT3,1.9740115390271488e-6
ANKRD37,1.936799688564868e-6
TLNRD1,2.6758459106224347e-6
AFAP1L1,3.785181465216814e-6
LAYN,3.338705902060506e-6
CD37,1.339789822020972e-6
CCDC181,3.631294206674195e-6
PPP1R42,4.73032388966035e-6
ALPP,1.3086107920150306e-5
ALPG,1.2718193258785388e-5
ARSF,6.973055185417308e-6
ART1,1.6611881515252863e-5
ART3,1.420078683995984e-5
BAGE,1.586046889154206e-7
CA1,3.798863096920192e-5
CA5A,5.366759768340279e-6
CA11,2.5266505115153374e-6
S100G,9.419503691465848e-6
CALML3,1.6888079270256883e-6
CALU,7.638730403145832e-6
MS4A3,1.5835975461019798e-6
CDR2,1.670557097010517e-7
CST5,2.996567691180271e-6
TEX28,1.6737992478396448e-7
DMWD,9.126303788414504e-6
MEGF6,2.790243181728138e-7
MEGF9,8.984499801713484e-7
EVI2A,2.6007423280040635e-7
MLANA,8.096455930778002e-6
GYPB,6.2303824283469005e-6
GYPC,8.583690431580486e-7
GYPE,1.250228688081824e-7
CD82,8.918965141679492e-7
LAD1,1.554954850248111e-6
VWA5A,2.694129154383499e-7
MFAP3,1.586046889154206e-7
MPP3,1.5223189023119847e-6
MSMB,2.3910647225398753e-7
MUC3A,1.3118364204329064e-5
MUC5AC,1.7485039108706402e-5
OCM2,2.7627571046356164e-7
SERPINA4,6.7075890850261115e-6
PLGLB2,1.070921233884768e-7
PLGLB1,1.070921233884768e-7
UBL3,3.3683712929358184e-7
PPP1R7,1.3323330582902293e-6
PRB4,1.070921233884768e-7
PRH1,1.7499647193751986e-7
PRH2,1.7499647193751986e-7
PXMP2,2.4210868510917627e-6
RCN2,6.360993926770707e-7
S100A3,1.0649082175354085e-6
S100A5,2.1807040245240584e-6
SH3BGR,6.644622274948204e-7
SHBG,1.093243296248604e-5
SNTB2,6.9196346139649246e-6
ITPRID2,7.887217403918068e-7
SSR4,2.129300685647293e-5
SURF2,5.344543801016437e-7
TECTB,6.499880338602729e-7
TGM4,6.293009120132196e-6
TSPAN7,1.765354343351262e-7
TNXA,2.5394287191076677e-7
CRISP2,1.2348390641057606e-7
ZNF185,6.936197700181819e-7
ZNF200,2.5897327081109996e-7
GATD3,1.8644444892326057e-7
GTPBP6,1.6274705823216994e-6
TMEM187,3.9908115623198894e-7
NOL4,3.529662172899253e-7
ASAP2,2.3269441895809102e-6
FCGBP,4.899773588661442e-7
SNURF,1.045115473903937e-6
P4HA2,3.2739860310562745e-5
PSTPIP2,1.587516395879548e-7
TCEAL1,2.694129154383499e-7
SPAG7,2.2325234496660533e-7
KIAA0040,1.0290994218853912e-7
BLTP2,5.825807887570235e-6
FAM131B,2.907935392532926e-7
SEC14L5,1.670557097010517e-7
SECISBP2L,1.2918347356812676e-5
MLEC,5.872554784374238e-6
KIAA0513,1.155431441741079e-7
TATDN2,6.39707959989353e-7
SFI1,9.146480319323242e-7
ARMCX2,9.885163376125154e-7
JAKMIP2,6.975358140643042e-7
MFAP3L,4.165071545586507e-7
RUSC2,7.547075517145549e-7
PPP1R26,3.212622791636073e-6
CEP170,6.096449103789139e-6
LRRC37A,1.0290994218853912e-7
AMMECR1,3.077707559069827e-7
CST8,2.878054988336691e-6
ABCF2,1.0114913357148975e-6
HHLA1,1.070921233884768e-7
TSPAN3,2.853245637666381e-7
ACTR1B,8.638343175097391e-6
PDZK1IP1,5.966190011433498e-7
LHFPL6,1.0290994218853912e-7
GPA33,4.036388155284664e-7
FBXW10,1.2736994773208348e-7
RABAC1,4.0057173617038634e-6
TGOLN2,5.477001157306122e-6
SCGB1D2,1.2348390641057606e-7
SCGB1D1,1.7499647193751986e-7
TSBP1,1.6701994250500676e-7
ENTREP3,2.2354410884531954e-6
PHTF1,5.42795703849997e-6
ARPP21,4.1540698952177364e-7
SPINT3,1.9723077510406046e-6
TSPAN9,5.23667370869446e-6
ANXA10,2.852734946801168e-6
NRM,1.5054602763623e-6
GPN1,1.5860251168824419e-6
DNAJC8,2.489004492670091e-6
COBLL1,2.35870249579549e-6
R3HDM2,2.4951516371712335e-7
POMZP3,5.505105188217631e-7
SLC4A1AP,4.265354644862259e-7
PCNX1,1.0290994218853912e-7
TTC39A,3.8565932962977665e-7
TBC1D9B,8.394159645785121e-7
VWA8,1.7422387077685174e-6
MCF2L2,6.260623422426986e-7
NPIPB3,3.7021018906967066e-7
GPATCH8,2.992246917325007e-7
MPRIP,1.3111735044274595e-6
FAM120A,3.0227747938793727e-7
TBC1D1,8.279114245972593e-7
RRP12,7.178703081399848e-7
SEL1L3,1.0290994218853912e-7
ANKRD28,2.907935392532926e-7
ANKRD12,2.392809737263488e-7
MTUS2,2.1312039093246014e-6
ANGEL1,8.524327265282638e-6
ENTREP2,1.0290994218853912e-7
FNBP4,2.694129154383499e-7
NPTXR,3.3191871314306314e-7
SYNGR4,2.5465355001346237e-6
ZNF346,3.1749383667726236e-6
CCNDBP1,3.369005549968378e-7
PYY2,1.070921233884768e-7
CA14,5.938842542911562e-6
TMEM245,1.0290994218853912e-7
TP53TG3,1.6730499752574574e-7
KIAA1549L,1.0290994218853912e-7
TBC1D22A,2.413728082642526e-6
YWHAH-AS1,1.0290994218853912e-7
NBPF14,1.155431441741079e-7
ABHD14A,1.835440314889626e-7
SUMF2,5.097127382977088e-7
PAMR1,2.6782468967793054e-7
TMEM158,3.3845229232779483e-7
TPGS2,1.0695284823576373e-6
PNISR,1.226149484258443e-6
C2CD2,1.8840056631994934e-7
SPATS2L,3.8834762894133305e-7
FAM169A,1.5054602763623e-6
CCDC9,2.5887469608498396e-6
NAT9,5.642686952721412e-5
GIMAP2,1.4488212156227714e-6
NARF,1.7316752155773776e-5
CHIC2,8.501263969376831e-7
TSPAN16,1.765354343351262e-7
STEAP1,1.4428936988457643e-6
CLUL1,3.0667529372717594e-6
PALD1,1.4346126700257276e-6
SPINK4,1.9992210745046354e-6
R3HCC1L,2.548495539928439e-6
C11orf54,7.18875461507291e-7
COMMD5,2.907935392532926e-7
FAM156A,2.1326399405107843e-6
ZBTB44,2.9463149292891986e-7
CCDC59,3.0966433635975076e-7
GTPBP8,8.944672356688573e-7
THYN1,2.0926374279572255e-7
C11orf21,1.155431441741079e-7
YPEL1,2.477736423162167e-7
CCDC106,2.907935392532926e-7
CECR9,1.070921233884768e-7
ZFTRAF1,5.908207140210877e-7
ISOC1,8.67279157682197e-7
GLOD4,6.096119892875712e-7
PI15,1.0472375829313928e-6
TXNDC11,4.291056550546324e-7
LACTB2,3.078382681268131e-6
COMMD2,1.670557097010517e-7
PHF11,6.517326123640843e-7
JPT1,8.362176443149222e-7
C3orf18,1.0290994218853912e-7
GPN3,1.1801659463184123e-6
TCEAL9,1.5775117726877875e-7
CCDC174,2.694129154383499e-7
TMEM69,2.472257796864324e-7
RASL12,2.7992483786044217e-6
THEM6,1.070921233884768e-7
MS4A4A,1.1028237730861244e-6
COMMD10,2.789667356953169e-7
PHF7,5.924292055635684e-7
LGSN,1.469248360299792e-7
NT5DC3,7.70406647370642e-6
ZFR,1.6680002270661739e-6
CHIC1,2.461895374248243e-7
C11orf24,3.548684614901221e-7
SMIM11,1.5442250771548292e-7
UNC93A,1.765354343351262e-7
GFOD1,3.23289814372521e-7
RBM27,5.337524686373052e-7
STAG3L1,1.5775117726877875e-7
PRR13,2.907935392532926e-7
ARMCX6,9.885163376125154e-7
OTULINL,2.967359179347177e-6
TMX3,1.4129627874003284e-5
FAM193B,5.126265085027392e-7
WDR5B,5.483342545212231e-6
UGT1A5,2.937613736883767e-6
MANSC1,2.6294179341370046e-7
FNDC8,2.0926374279572255e-7
GIPC2,3.5160403106271105e-7
SWT1,1.5775117726877875e-7
NXPE4,2.5394287191076677e-7
LRRC49,1.0180159168306934e-6
BIVM,3.518374222180605e-6
ARHGEF38,6.411488621487536e-7
TOR4A,3.296745384726833e-6
GPATCH4,3.529662172899253e-7
PPP1R14D,6.244408308284991e-6
ZCCHC2,6.519639727314632e-7
TEX10,4.740524194012624e-6
BLTP3A,9.089527941143805e-7
FAM120C,2.3831553522224007e-7
TMEM160,6.113295903776676e-7
C2orf42,2.694129154383499e-7
HCFC1R1,2.2745417016837316e-7
C1orf159,1.5442250771548292e-7
FAM118A,1.786691341186867e-7
FAM174C,1.382628558465016e-7
C14orf119,2.4978381800818e-7
TTC38,3.054554374377105e-7
MTNAP1,2.865484198883238e-6
PDPR,2.6092310112662116e-5
TMEM248,1.5442250771548292e-7
TMEM45A,1.5442250771548292e-7
TMEM51,1.5442250771548292e-7
WDR70,1.2005118986066142e-6
GPATCH2,5.17061290416655e-7
BSDC1,1.670557097010517e-7
EVA1B,1.5442250771548292e-7
RAVER2,2.478693554792071e-7
LRRC1,1.366387129683115e-7
DNAI7,6.175260392697339e-6
TMEM19,1.5442250771548292e-7
TMEM140,1.5442250771548292e-7
TMEM40,1.5442250771548292e-7
GIMAP4,8.386166580870949e-7
TMEM74B,1.0290994218853912e-7
FBXL8,1.788825132590273e-7
CDV3,1.587516395879548e-7
STAP2,6.702245767368517e-7
TBC1D22B,2.2760344298933844e-6
BCAS4,5.838421716412569e-6
URGCP,8.482812269012457e-7
GPATCH2L,2.0926374279572255e-7
NBPF1,1.670557097010517e-7
RABL6,1.0658057581882289e-6
FAM222B,3.077707559069827e-7
LRP2BP,1.670557097010517e-7
GLT8D1,7.876429978286952e-7
INKA2,3.2721016252356e-6
TMEM234,1.5442250771548292e-7
ATOSA,2.0926374279572255e-7
TMX4,3.845258874688544e-6
SERTAD4,2.0926374279572255e-7
ANKRD7,4.2422525270350604e-7
DNAJC12,1.670557097010517e-7
CLDND1,4.915686753276343e-7
NPDC1,1.765354343351262e-7
NDUFA4L2,4.322011715399398e-6
C15orf39,1.2736994773208348e-7
MAP3K7CL,2.3064436661066514e-7
SMCO4,1.5442250771548292e-7
CMC2,2.3795701445020438e-7
SDR39U1,3.0066590051172623e-7
C5orf15,1.0290994218853912e-7
C14orf132,1.0290994218853912e-7
CEACAM19,1.5442250771548292e-7
ADPRM,1.0947048532811249e-4
YAE1,2.1881756305268955e-7
ANKMY2,3.508984182122824e-7
LYRM1,4.884006868729462e-7
SMIM8,1.9571321415948858e-7
PHTF2,2.0549941050044947e-7
ASPHD2,8.028665458417414e-7
KIAA1191,3.179146551616059e-7
ACTR3B,1.1940788209051112e-6
DENND11,6.142355386847229e-7
SMAGP,4.864831326026589e-7
CYP20A1,2.025221103048349e-6
NMRAL1,3.8190352202982786e-7
LRTM1,1.5442250771548292e-7
CEP15,2.2410899587084034e-7
TMCC3,1.911139855568112e-6
PLEKHH1,1.7282245866186244e-7
PRR12,8.668802665074776e-7
NWD2,1.4772714397120448e-7
CASKIN2,1.155431441741079e-7
NUFIP2,1.5200459608953182e-6
TXNDC16,5.741805485515993e-7
KLHL14,2.8790900895758393e-6
UNC79,1.250228688081824e-7
TMEM181,4.9486049070918155e-6
PDZD4,2.7647835686083457e-7
FAM234B,4.0099024841908717e-7
COL20A1,1.3189479838895054e-6
KIAA1549,3.197548659290046e-6
KRTAP5-8,2.215564461962254e-6
MUC3B,7.221735402972339e-7
LY6G5B,4.696046385964992e-7
EVA1C,1.0138900643975298e-6
PBOV1,8.261217876010126e-7
TSKS,7.829329361174815e-7
CCDC90B,4.2605563787054673e-7
CCDC81,3.9521314988674375e-7
PKNOX2,3.2009798872801476e-6
SH2D4A,4.5957140748407377e-7
MANBAL,1.5442250771548292e-7
FAM200C,2.694129154383499e-7
FAM217B,2.907935392532926e-7
RBM26,2.992246917325007e-7
EDDM3B,1.586046889154206e-7
TOR3A,1.5575212827147599e-6
TMEM267,1.5442250771548292e-7
SUSD1,2.6364250847799286e-7
PCNX4,1.5442250771548292e-7
SPANXD,2.1881756305268955e-7
SPANXC,2.1881756305268955e-7
SMAP2,9.050768948743059e-7
RUSF1,1.5442250771548292e-7
S100PBP,1.069518048185401e-6
FNDC3B,1.9467392863688375e-7
MTHFSD,1.9610750212756924e-7
ETNPPL,7.092261857607526e-5
CDCP1,1.899863807712919e-7
SPATS2,2.079343056855448e-7
GRAMD2B,9.841322613304278e-7
GDAP1L1,1.8644444892326057e-7
TMEM106C,4.291056550546324e-7
SMIM2,1.5442250771548292e-7
INTS15,2.496982974401495e-6
ZFYVE21,6.821622434696876e-7
CCDC86,3.93643758171612e-7
SMIM7,1.0290994218853912e-7
C1orf116,3.705659000733542e-7
MEG8,1.5775117726877875e-7
TMEM185B,1.0290994218853912e-7
MFSD11,1.5442250771548292e-7
NOL12,1.5489536166699529e-6
TMEM243,1.5442250771548292e-7
LENG1,2.694129154383499e-7
C1orf35,1.5662337629045533e-6
CRELD2,6.701714664942656e-6
EFHD2,8.417342087947193e-7
TTPAL,1.1688619930756642e-6
FAM118B,9.396501627256533e-7
OGFRL1,2.4589549257143248e-5
ARSJ,6.986074014055552e-6
HSPBAP1,1.8363065532337174e-6
C3orf52,2.791249026470365e-7
ZMAT4,4.226307048740928e-7
OGFOD3,5.531876646410982e-6
MORC4,2.6754436534392832e-6
IGFLR1,3.007946072942213e-7
DIPK2B,1.070921233884768e-7
ZNF385D,4.834654951949891e-7
GRTP1,7.360979056985282e-7
CCDC82,1.5775117726877875e-7
SUGCT,5.857683161047027e-5
UGT2A3,2.3402431017896215e-6
HHIPL2,1.586046889154206e-7
ZMYM1,4.078964349122939e-7
QSER1,1.7690812805699444e-7
LONRF3,2.167652377164291e-7
FAM124B,3.077707559069827e-7
MFSD13A,1.765354343351262e-7
BAALC,1.8403324703692655e-6
PODNL1,7.942913334000325e-7
THNSL1,1.8644444892326057e-7
TCEAL4,2.0926374279572255e-7
PAQR6,7.485764743305701e-7
DENND2D,7.648866917009945e-7
DNAJC22,1.5442250771548292e-7
CPED1,1.9623064526422143e-7
PLEKHH3,2.026651881201274e-7
TMEM156,1.0290994218853912e-7
TMEM62,1.8855538773119652e-7
FBXL18,1.2736994773208348e-7
LRRTM4,7.454188363593888e-7
CCDC15,3.341467641028329e-7
PKD1L1-AS1,1.070921233884768e-7
CCDC33,8.67279157682197e-7
ABHD18,1.9989539535942626e-7
TMEM134,2.550146348685868e-7
TMEM254,1.5442250771548292e-7
SLC35F5,1.0290994218853912e-7
ATOSB,2.0926374279572255e-7
SPHKAP,1.1465102252318237e-6
PABPC1L,8.91731224141023e-6
BPIFB2,6.211722215162295e-7
LPAL2,1.586046889154206e-7
SLC35G2,2.0336292681762114e-6
LY6G6C,4.696046385964992e-7
LY6G5C,4.696046385964992e-7
TMEM121,1.5442250771548292e-7
KHDC1,2.0537626736379725e-7
ITFG1,2.853245637666381e-7
LRRC3,1.765354343351262e-7
COL21A1,2.7459291834427e-6
PPP1R14C,6.253677073521219e-6
TIGD6,2.337223364186592e-7
KRTAP1-3,2.7288471924621303e-6
KRTAP1-1,1.3684828507498564e-6
KRTAP9-9,1.3169702852229125e-6
KRTAP4-6,1.3169702852229125e-6
KRTAP2-1,1.3169702852229125e-6
HDHD3,3.5107263683715714e-7
GSG1,4.512185816742757e-7
CCDC70,1.765354343351262e-7
DRC3,1.8037846112597e-6
GLT8D2,7.876429978286952e-7
THAP2,3.868829180068385e-7
AKR1E2,5.6897863433711906e-5
AMMECR1L,1.5775117726877875e-7
SLC35G5,1.5442250771548292e-7
HSDL1,4.751377630125203e-7
CALN1,1.2619084779924612e-6
SH3BGRL2,1.1089834223994426e-6
KRTAP4-12,1.3684828507498564e-6
MRO,2.612022308415807e-7
TM2D2,1.5442250771548292e-7
KRTAP1-5,1.3684828507498564e-6
KRTAP3-1,1.4284080341583709e-06
KRTAP3-2,1.4284080341583709e-06
KRTAP9-2,1.3927294771530602e-6
KRTAP9-3,1.3927294771530602e-6
KRTAP9-8,1.3684828507498564e-6
KRTAP17-1,8.552001202499807e-7
FAM234A,3.18463006289735e-7
HDHD2,8.152152639023486e-7
TMEM222,4.5141470775302607e-7
TEX35,2.904465719573655e-7
FAM186B,6.437950170439718e-8
TKTL2,3.361728017736402e-5
C3orf20,1.763244749372797e-7
ANKRD20A1,1.250228688081824e-7
TBC1D3F,7.41109261940762e-7
TMEM191A,1.0290994218853912e-7
NBPF3,1.155431441741079e-7
SPATA31H1,2.961751419412506e-7
ZCCHC9,5.095621817295433e-7
FBXW9,1.788825132590273e-7
NICN1,6.443951659883223e-7
PRADC1,1.586046889154206e-7
C2orf88,2.934734622876602e-6
EFCAB2,2.4385966496143054e-6
CAPNS2,2.2122646947348973e-5
NUDT22,7.259062048434981e-5
CCDC77,3.434155293390609e-7
ACBD6,9.117874470348e-6
MCRIP2,1.1414343766044562e-6
PRAC1,2.392809737263488e-7
CYSTM1,1.763669290530656e-6
MSANTD4,2.0926374279572255e-7
FRMPD3,1.6330439142765852e-6
PHYHIPL,1.670557097010517e-7
ZMAT1,3.871844499760058e-7
GHDC,5.600440524269517e-6
LINC01547,1.9623064526422143e-7
TMEM185A,4.5141470775302607e-7
FAXC,1.248119094103359e-7
LYZL1,9.306197977964477e-6
COL25A1,4.478590794718824e-6
KRTAP4-4,1.3684828507498564e-6
FNDC1,1.070921233884768e-7
TNRC18,7.214840345581157e-7
C1orf198,1.2736994773208348e-7
LINGO1,2.1361600544101534e-6
PLXDC2,1.5442250771548292e-7
FAM136A,2.3795701445020438e-7
TMEM209,3.5981406067014616e-7
FIBCD1,6.562146633942749e-6
TIGD5,2.449219649135425e-7
ALKBH6,1.2336795858366376e-6
MIR22HG,3.466099351390932e-7
PPP1R16A,9.33721812828569e-6
PHYKPL,6.290964838754112e-6
TCEAL3,1.5775117726877875e-7
TMEM128,1.5442250771548292e-7
TMEM141,2.472257796864324e-7
CFAP300,5.063701096029706e-7
TMEM60,1.5442250771548292e-7
SMIM3,1.786691341186867e-7
KRTAP9-4,1.3684828507498564e-6
KRTAP4-1,1.3684828507498564e-6
KRTAP4-2,1.3927294771530602e-6
KRTAP3-3,1.4284080341583709e-06
KRTAP2-4,1.3684828507498564e-6
BAGE5,1.070921233884768e-7
BAGE4,1.070921233884768e-7
BAGE3,1.070921233884768e-7
KRT87P,1.3468130146811775e-6
SHISAL1,1.5442250771548292e-7
KRTAP4-16,1.3169702852229125e-6
DGCR6L,2.0926374279572255e-7
DNAJC5B,1.763244749372797e-7
TPD52L3,1.670557097010517e-7
FAM181A,1.155431441741079e-7
EMILIN3,1.0558757320540038e-05
WFDC8,1.9723077510406046e-6
ZSWIM1,3.5152622785818583e-7
KIAA2013,1.5442250771548292e-7
CCDC97,1.5775117726877875e-7
FAM110B,4.5610872080027984e-7
TMEM41A,1.5442250771548292e-7
TMEM263,1.0290994218853912e-7
CCDC126,1.1636088862470481e-7
TCEAL8,2.0926374279572255e-7
TIGD7,2.449219649135425e-7
IGFN1,1.6650606927474158e-6
NUP210L,8.710799031925942e-7
R3HDM4,2.1205271647172205e-7
LONRF1,2.285920412744047e-7
ACY3,1.1503381802357364e-5
NXPE3,1.586046889154206e-7
WDR20,8.386656175989606e-6
C11orf52,3.054554374377105e-7
MYOZ3,1.8384151902005506e-5
ZC3HAV1L,1.2736994773208348e-7
OXNAD1,3.179146551616059e-7
UBTD2,1.670557097010517e-7
RBM18,8.442357802224242e-7
FAM114A1,3.353135731922264e-7
TMEM169,1.0290994218853912e-7
CENPBD1P,2.337223364186592e-7
CCDC102A,1.1731510514949519e-6
TMEM44,3.0024170345224906e-6
RPS10P5,3.311114944355749e-6
LEMD1,1.5442250771548292e-7
MYL10,3.7020344726557323e-7
MRFAP1,3.4583009206864846e-7
CAMK2N2,3.525489136754407e-5
HSPB9,2.907935392532926e-7
PPP1R14A,6.256235111842967e-6
LIMS3,5.11834421236608e-7
CFAP36,3.0403482437229216e-6
IZUMO4,1.7120212370494444e-7
GOLM2,2.1142922788675666e-7
GLCCI1,1.670557097010517e-7
SMIM12,2.472257796864324e-7
TMEM54,1.5442250771548292e-7
LRRC37B,1.0290994218853912e-7
CCDC85A,5.727273958573927e-7
TMEM200A,1.5442250771548292e-7
LENG8,2.2013067974991639e-7
C1QTNF6,7.709235289162249e-7
C1QTNF7,6.78772553963978e-7
TMEM123,6.090084836544625e-7
SMIM19,1.5442250771548292e-7
RAB42,1.8835344680779378e-6
IQCD,8.62782117707686e-7
DHRS1,7.424955281704991e-5
LRRC3B,3.6878715860218153e-07
ZMYND19,3.0223289659119374e-7
GINM1,1.5442250771548292e-7
EXOC3-AS1,1.586046889154206e-7
TM4SF18,1.5442250771548292e-7
ART5,1.398234406058537e-5
SCGB3A2,2.50495694175909e-6
ANTXR2,9.69599486662853e-7
MUCL1,7.871370522603434e-7
FAM24A,1.070921233884768e-7
LYZL2,9.306197977964477e-6
NXPE1,1.586046889154206e-7
NXPE2,1.5442250771548292e-7
ARL14EP,6.860794034315553e-7
TMEM52B,3.1472420267393853e-7
TMEM132D,1.5442250771548292e-7
TEX29,1.5442250771548292e-7
TEX26,1.155431441741079e-7
TC2N,1.5775117726877875e-7
C15orf40,1.8644444892326057e-7
TMEM266,1.1477546429315658e-6
FSD2,1.4478425064567913e-6
C16orf46,2.392809737263488e-7
C16orf78,1.5775117726877875e-7
SPATA2L,1.670557097010517e-7
ANKS3,2.975235286195809e-7
CHCT1,1.155431441741079e-7
LSM12,2.0730713062245252e-7
CCDC43,1.788825132590273e-7
KRT222,8.937446798435525e-7
FAM210A,1.9571321415948858e-7
DIPK1C,3.775930895276886e-7
CLDND2,1.765354343351262e-7
RAVER1,2.5906898397409034e-7
PCP2,8.61414565615185e-7
IZUMO2,1.0290994218853912e-7
ALDH16A1,7.982248447301698e-6
LRRC25,3.5002160874701177e-7
NR2C2AP,2.694129154383499e-7
C19orf47,2.694129154383499e-7
C2CD4C,1.2736994773208348e-7
CCDC163,1.0290994218853912e-7
TDRD10,3.045676389149309e-6
AADACL3,7.515422813316679e-7
IFFO2,7.823069309080942e-7
TMCO2,2.1853250803195056e-7
TEDDM1,1.0290994218853912e-7
KLHDC7A,1.0290994218853912e-7
VWA5B1,1.070921233884768e-7
SPATA17,1.670557097010517e-7
TSACC,5.278159614251249e-7
C1orf162,1.0290994218853912e-7
TATDN3,6.179166278153585e-7
CIMIP1,2.7562156139778406e-7
SIRPD,1.3847381524434808e-7
C20orf141,1.5442250771548292e-7
BPIFB6,2.0559636188005082e-7
BPIFA3,2.0559636188005082e-7
SGSM1,1.3452790956922226e-6
EMID1,9.974465605747746e-7
PPP1R21,4.872216201526802e-7
FAM168B,5.842725421335113e-7
SPATA3,7.811180681311645e-8
LYPD6B,5.835163511944747e-6
CIMIP5,2.7562156139778406e-7
SLC66A3,1.0290994218853912e-7
MIX23,1.3713029490515357e-6
TMEM42,1.5442250771548292e-7
TMEM207,1.5442250771548292e-7
SNTN,1.043648255341873e-6
SYNPR,2.0634674887745918e-6
LSMEM2,1.5442250771548292e-7
PABPC4L,8.778888276737758e-6
FAM241A,2.6294179341370046e-7
UGT3A1,1.2924152177358156e-5
CAPSL,2.7627571046356164e-7
CCDC127,1.8644444892326057e-7
TMEM171,1.5442250771548292e-7
HINT3,1.3491700674724057e-5
TMEM270,1.0290994218853912e-7
TMEM139,1.5442250771548292e-7
SSMEM1,1.5442250771548292e-7
SSC4D,1.1636088862470481e-7
SPMIP4,6.676944150439412e-7
LYPD2,2.571100432316318e-7
TMEM71,2.472257796864324e-7
RALYL,3.3391096276295455e-7
C9orf57,1.5442250771548292e-7
DIPK1B,4.291056550546324e-7
PWWP3B,2.5394287191076677e-7
KRTAP13-1,1.4014947106943401e-6
RNF32,2.5414647106098216e-6
TCEAL2,1.5775117726877875e-7
ACTRT2,3.268800939691931e-7
NOL4L,2.907935392532926e-7
BRI3BP,1.0400289031394592e-6
SCP2D1,1.2736994773208348e-7
WFDC6,1.9992210745046354e-6
PABPC5,8.946817221644253e-6
RBBP8NL,1.7499647193751986e-7
R3HDML,9.167786174312021e-7
ITLN2,3.226229221125906e-6
SPMIP5,5.257910452538219e-7
MUC15,7.871370522603434e-7
ST13P5,2.1222628826027647e-7
GLIPR1L2,1.8426523717374787e-7
LINC00477,1.0290994218853912e-7
GLT1D1,3.8346505230182344e-7
TSPAN19,1.250228688081824e-7
ST13P4,3.72527983218732e-7
PRIMA1,2.3407175674136857e-7
MIPOL1,2.3351036919892634e-7
ISM2,1.586046889154206e-7
LYSMD4,1.0290994218853912e-7
FAM81A,6.408289298209431e-6
C15orf61,1.9989539535942626e-7
TMCO5A,1.5442250771548292e-7
LINC00052,1.0290994218853912e-7
VWA3A,1.070921233884768e-7
CMTM4,1.5442250771548292e-7
BEAN1,1.0290994218853912e-7
C16orf89,4.861466262028526e-7
TEPSIN,1.653907017462553e-6
CD300LD-AS1,1.070921233884768e-7
SLC35G3,1.0290994218853912e-7
DHRS13,2.478310948630502e-7
TRIM16L,1.670557097010517e-7
WIPF2,4.0718912389661585e-7
KRT10-AS1,1.0290994218853912e-7
SCGB1C1,1.070921233884768e-7
C18orf15,1.0290994218853912e-7
VSIG10L,2.2716911514763417e-7
ERVV-1,1.0290994218853912e-7
SMIM17,1.0290994218853912e-7
C19orf18,3.1472420267393853e-7
LYPD4,9.977337312733236e-7
IGFL2,2.0857619649982914e-7
FAM98C,6.203723867315225e-6
FAM187B,1.0290994218853912e-7
CILP2,2.5394287191076677e-7
PROSER3,3.9521314988674375e-7
C1orf52,2.984647078648675e-7
NBPF4,1.155431441741079e-7
FAM163A,1.5442250771548292e-7
KNCN,1.6879151888890214e-5
NBPF12,1.155431441741079e-7
SHISA4,1.5442250771548292e-7
C1orf210,6.475349687324895e-7
PRNT,1.070921233884768e-7
BPIFB4,3.991495169279646e-7
XKR3,1.250228688081824e-7
ZNG1B,8.982610357921728e-7
ANKAR,1.0290994218853912e-7
FBXO41,1.2736994773208348e-7
ARL6IP6,1.5054602763623e-6
WDR49,3.960411906551773e-7
CCDC12,5.473694524371062e-6
ZCWPW2,2.1251556077941828e-6
CMC1,4.043922101706444e-7
NCBP2AS2,2.3795701445020438e-7
TEX55,2.0926374279572255e-7
THAP6,3.4588500613251716e-7
IRX2-DT,1.586046889154206e-7
FAM81B,2.0926374279572255e-7
CCDC112,7.757290609693077e-7
GARIN3,9.179648249914065e-7
CCDC167,1.5442250771548292e-7
CLEC2L,3.1709963537583683e-7
TMEM213,1.0290994218853912e-7
AGR3,4.616482261638919e-6
PEBP4,3.054554374377105e-7
ANKRD46,1.5442250771548292e-7
LRATD2,1.9843740155692302e-7
FAM87A,1.0290994218853912e-7
TDH,5.598170248507238e-7
SBSPON,7.778995503779332e-7
BRD10,1.5775117726877875e-7
FMR1NB,1.0290994218853912e-7
AKAP14,9.306637621954053e-6
TCEAL6,1.5775117726877875e-7
CXorf38,2.3795701445020438e-7
PATE1,5.763571481092566e-6
REM2,3.0489049677311496e-6
EML5,1.0669656261414017e-6
CIMAP1C,2.2433502418880625e-7
ITPRIPL2,1.0290994218853912e-7
MFSD6L,1.0290994218853912e-7
TMEM92,2.786816806745779e-7
DENND2C,7.435060678860519e-7
FNDC7,1.070921233884768e-7
CYP4Z2P,2.014021474553466e-6
CCDC116,3.9521314988674375e-7
CABP7,1.2619084779924612e-6
LONRF2,2.167652377164291e-7
TEX44,1.670557097010517e-7
FAM171B,1.569959092074325e-7
TIGD2,2.337223364186592e-7
PRSS35,1.586046889154206e-7
TXLNB,1.4121975585152654e-6
TMEM252,1.5442250771548292e-7
ZCCHC12,3.767144585239519e-7
TMEM273,1.0290994218853912e-7
ACTL10,2.658137081852823e-7
PSORS1C2,1.586046889154206e-7
PPP1R18,6.760512145636867e-7
ZNF525,2.477736423162167e-7
CYS1,1.2282726815462923e-6
ANTXRL,3.759484280832839e-7
FAM24B,1.586046889154206e-7
MCEMP1,2.496446855323665e-6
FAM76A,3.939247624114994e-7
TMEM61,1.5442250771548292e-7
CDCP2,1.0290994218853912e-7
NBPF11,1.155431441741079e-7
PLD5,1.3928051268318085e-7
VWA3B,2.392809737263488e-7
CREG2,2.5763599159293867e-7
KRTCAP3,1.5442250771548292e-7
FAM237A,1.070921233884768e-7
TIGD1,2.449219649135425e-7
ZNF385C,3.767144585239519e-7
LYRM9,1.8644444892326057e-7
SPEM2,1.0290994218853912e-7
LRRC45,5.285001339012637e-7
RDM1,1.4953028544520785e-6
C4orf46,1.788825132590273e-7
TIGD4,2.449219649135425e-7
TMEM154,1.5442250771548292e-7
CMYA5,5.3301528528213914e-6
ADCK5,7.051504274184596e-7
TMEM268,1.765354343351262e-7
CCDC107,1.5442250771548292e-7
LINC00537,7.110579713460002e-7
SUSD3,1.765354343351262e-7
CT83,1.8913286912465004e-7
RTL3,3.6551483002906863e-7
TMEM31,1.5442250771548292e-7
SAMD9L,4.665054542067171e-7
PLAC9,1.586046889154206e-7
YPEL4,3.5122469588901855e-7
ZNF804B,2.477736423162167e-7
CABCOCO1,1.2253032705987652e-6
TMEM26,1.0290994218853912e-7
FAM241B,2.0886793921779962e-7
KCNJ5-AS1,1.586046889154206e-7
TMEM218,2.8489032663401207e-7
TLCD5,1.0290994218853912e-7
CBY2,2.9056703749910054e-7
GTSCR1,1.0290994218853912e-7
TIGD3,2.449219649135425e-7
CCDC89,2.1881756305268955e-7
ZNF22-AS1,1.070921233884768e-7
RPP38-DT,1.0290994218853912e-7
LRRN4CL,1.0290994218853912e-7
CES5A,8.763155358402974e-6
ZUP1,1.9840029255584483e-6
FAM162B,1.0290994218853912e-7
TMEM217,1.0290994218853912e-7
SMIM29,1.0290994218853912e-7
SMIM13,1.0290994218853912e-7
FAM200A,1.5442250771548292e-7
VWDE,2.4743578262047005e-7
SRRM3,3.142511512358769e-7
RSBN1L,8.465081524270977e-7
FAM185A,2.3795701445020438e-7
BEND7,3.411136595555305e-7
PXT1,8.67279157682197e-7
RSPH10B,6.642195426959126e-7
AKR7L,3.4169135340226776e-6
EPHX4,1.4204445529286129e-5
SERHL2,9.413620706072116e-7
TMEM244,1.0290994218853912e-7
TTC41P,1.155431441741079e-7
WDR27,2.694129154383499e-7
ANGPTL5,4.7305649493623093e-7
ASPHD1,7.262436943623332e-7
EHBP1L1,2.8394010314853214e-7
TTLL10,2.005980866461835e-5
TMEM256,3.341371788319605e-7
KRTAP15-1,8.552001202499807e-7
MORN5,8.661935839126725e-7
TMCO4,1.5442250771548292e-7
CFAP299,2.1881756305268955e-7
LRRC57,2.632116371469948e-7
MYADML2,1.763244749372797e-7
LHFPL7,1.0290994218853912e-7
OOSP1,1.070921233884768e-7
INAFM1,1.0290994218853912e-7
SMCO1,1.5442250771548292e-7
C19orf38,1.5442250771548292e-7
SYT14,3.00418876571844e-7
CDRT15L2,1.0290994218853912e-7
STEAP1B,3.575655952951192e-7
CCDC110,3.357941366044219e-7
LMNTD2,1.4815648199625497e-5
SERPINA11,1.2348390641057606e-7
TMEM151A,7.49741614721557e-7
TCERG1L,1.2632296821254978e-6
NUTM1,2.1881756305268955e-7
MAMDC2,2.7046292246355886e-7
C10orf67,2.3795701445020438e-7
SUN3,2.0149627876051627e-5
KLHL34,1.2348390641057606e-7
LY6G6F,4.0418637137977265e-6
HSPA12A,7.132581845973424e-7
MDS2,1.2348390641057606e-7
SPATA31F1,1.6701994250500676e-7
FDCSP,1.586046889154206e-7
SEC14L3,3.743490776241375e-7
PGBD3,2.6507710543983384e-7
SELENOH,2.8272482060398997e-7
JAKMIP3,6.975358140643042e-7
DRC12,5.306167360061744e-7
LINC00301,1.0290994218853912e-7
HARBI1,1.2303615453870865e-6
CD163L1,3.829785097121578e-7
B4GALNT3,2.9994993214323917e-5
SPRYD4,2.4762158326435534e-7
MUC19,7.356244867333997e-7
TMEM272,1.0290994218853912e-7
LINC02914,4.292778823757488e-7
CEP170B,5.638704976446162e-7
SAXO2,4.344327434430275e-6
GOLGA8G,8.282518181445742e-7
CES4A,7.557244625316055e-7
C16orf54,1.5442250771548292e-7
TMEM114,2.5269198387408024e-6
CLEC18C,2.425545154672321e-6
TMEM235,4.873942089698607e-7
VMO1,2.5394287191076677e-7
C17orf58,3.9170119995102223e-7
FAM171A2,1.0290994218853912e-7
C17orf78,1.0290994218853912e-7
CISD3,3.2545507086010453e-6
TMEM105,1.0290994218853912e-7
SMIM21,1.5442250771548292e-7
LYPD5,2.571100432316318e-7
NKPD1,1.0290994218853912e-7
SIGLECL1,1.5442250771548292e-7
SCGB2B2,1.586046889154206e-7
CIMAP1D,9.59885634927224e-7
C1orf185,1.0290994218853912e-7
NBPF15,1.155431441741079e-7
ANKRD34A,1.0706415374875917e-5
SIRPB2,1.250228688081824e-7
C20orf203,1.155431441741079e-7
KRTAP13-4,8.552001202499807e-7
SEC14L4,2.252470111605652e-7
DNAJC5G,1.248119094103359e-7
TCAIM,1.8644444892326057e-7
PRRT3,1.0290994218853912e-7
TPRG1,1.670557097010517e-7
ARL10,1.2910312650423921e-6
LINC03122,1.070921233884768e-7
SPATA31J1,1.5442250771548292e-7
CEP57L1,2.4420396656519065e-6
PPIL6,3.1914932599252307e-6
DCBLD1,2.164237971059801e-7
HCG22,1.070921233884768e-7
LSMEM1,1.5442250771548292e-7
TRIQK,3.775930895276886e-7
DPY19L4,2.816829733723273e-6
LCN12,6.32881132947563e-6
LCN1P1,1.7471496057752525e-7
POTED,1.250228688081824e-7
SERPINA9,2.0198702665207286e-6
KRTAP7-1,8.33819496435038e-7
KRTAP8-1,8.552001202499807e-7
KRTAP11-1,1.4284080341583709e-06
KRTAP19-1,8.552001202499807e-7
KRTAP13-2,1.4284080341583709e-06
KRTAP13-3,8.552001202499807e-7
KRTAP23-1,8.552001202499807e-7
KRTAP19-2,8.552001202499807e-7
KRTAP19-3,8.552001202499807e-7
KRTAP19-4,8.552001202499807e-7
KRTAP19-5,8.552001202499807e-7
KRTAP19-6,8.552001202499807e-7
KRTAP19-7,8.552001202499807e-7
KRTAP20-1,8.036875547230369e-7
KRTAP20-2,8.036875547230369e-7
KRTAP21-1,8.036875547230369e-7
KRTAP21-2,8.552001202499807e-7
KRTAP22-1,8.036875547230369e-7
KRTAP20-3,7.823069309080942e-7
LUZP2,1.070921233884768e-7
ANKRD42,9.520984598389402e-6
B4GALNT4,2.9994993214323917e-5
TMEM202,1.250228688081824e-7
C17orf67,1.586046889154206e-7
OXLD1,1.8644444892326057e-7
ARL16,1.231329588788123e-6
KRT17P5,1.070921233884768e-7
C1orf174,2.694129154383499e-7
TMEM240,3.752286898477478e-5
TMEM52,1.0290994218853912e-7
MROH2A,1.155431441741079e-7
C2orf74,1.5442250771548292e-7
APRG1,1.0290994218853912e-7
ARSI,6.8592817956758855e-6
ANKRD34B,1.0736344690833963e-5
CFAP144P1,1.304427440585959e-6
TMEM249,8.053951364131452e-6
PABPC1L2A,8.91731224141023e-6
TCEAL5,2.0926374279572255e-7
ZC3H12B,2.7702922176112486e-6
CA5BP1,5.0696586636138384e-6
LHFPL1,1.5442250771548292e-7
LRIT2,1.0290994218853912e-7
AKR1C8,2.470133504124533e-7
SMCO2,1.0290994218853912e-7
SLC35F4,1.0290994218853912e-7
LRRC9,1.155431441741079e-7
VSTM2B,1.0290994218853912e-7
AADACL4,7.515422813316679e-7
HNRNPCL1,3.29275339316372e-7
CCDC18,7.242164954423639e-7
NBPF7P,1.155431441741079e-7
TGM6,5.769907813984593e-6
LRRIQ4,1.155431441741079e-7
AADACL2,7.649932277678336e-7
PAQR9,7.373768458356868e-7
REELD1,1.0290994218853912e-7
FAM174A,1.5442250771548292e-7
KLRG2,3.1709963537583683e-7
CXorf66,1.5442250771548292e-7
ARSH,6.843899985981065e-6
SERINC2,2.632116371469948e-7
TMEM255B,1.5442250771548292e-7
CLEC18A,2.4367447831672045e-6
SHISAL2A,1.5442250771548292e-7
FTCDNL1,5.554450263231035e-6
C6orf58,3.054554374377105e-7
RGSL1,1.0290994218853912e-7
KRTAP12-2,8.552001202499807e-7
KRTAP12-1,1.3684828507498564e-6
KRTAP10-10,1.3684828507498564e-6
PRAC2,1.5775117726877875e-7
PTCHD3,1.9808102906612642e-6
NHLRC2,2.135508959159717e-6
CCDC172,1.7185251489740238e-6
TEX9,7.757290609693077e-7
LRRC37A3,1.0290994218853912e-7
CCDC178,6.483329357063178e-7
HSD11B1L,3.359081791218865e-7
TMEM205,1.5442250771548292e-7
SBSN,3.054554374377105e-7
IGFL1,2.0857619649982914e-7
TEX38,1.0290994218853912e-7
MROH7,1.5465463886860086e-7
STUM,1.5442250771548292e-7
SIMC1,1.354516642107096e-5
SPATC1,3.4370058435979994e-7
PTAR1,2.836611092326162e-5
CA13,6.2572996868834115e-6
KRTAP10-4,1.3684828507498564e-6
KRTAP10-6,1.3684828507498564e-6
KRTAP10-7,1.3927294771530602e-6
KRTAP10-9,1.3684828507498564e-6
KRTAP10-1,1.3169702852229125e-6
KRTAP10-11,1.3684828507498564e-6
KRTAP10-2,1.3169702852229125e-6
KRTAP10-5,1.3927294771530602e-6
KRTAP10-8,1.3927294771530602e-6
KRTAP10-3,1.3169702852229125e-6
KRTAP12-3,1.3927294771530602e-6
KRTAP12-4,8.552001202499807e-7
KRTAP10-12,1.3169702852229125e-6
KRTAP5-1,8.552001202499807e-7
KRTAP5-3,8.552001202499807e-7
KRTAP5-4,8.552001202499807e-7
KRTAP5-10,8.036875547230369e-7
SH2D4B,1.155431441741079e-7
GVINP1,8.482812269012457e-7
SPDYC,3.7961816502086874e-7
CCDC184,1.670557097010517e-7
TMEM233,1.765354343351262e-7
C1QTNF9B,7.302851194909217e-7
RTL1,1.0290994218853912e-7
TMEM179,1.0290994218853912e-7
TMEM220,1.5442250771548292e-7
RPRML,1.0290994218853912e-7
YPEL2,3.624243243839018e-7
C3P1,1.480795274015723e-6
IGFL3,2.0857619649982914e-7
TMEM238,1.0290994218853912e-7
SMIM1,3.6948045622700807e-7
TMEM82,1.0290994218853912e-7
CD164L2,2.7558917633212477e-7
LDLRAD1,1.5442250771548292e-7
DIPK1A,4.291056550546324e-7
LYSMD1,2.694129154383499e-7
C1orf53,1.8644444892326057e-7
TMEM81,1.0290994218853912e-7
SMIM26,1.5563188290522618e-6
KRTAP26-1,1.4284080341583709e-06
SMIM34,1.0290994218853912e-7
CCDC188,1.0290994218853912e-7
TMEM247,2.0549941050044947e-7
PLAC9P1,1.070921233884768e-7
RESP18,2.8496067899203186e-7
INKA1,3.1638709125426104e-6
TMEM212,1.0290994218853912e-7
SMIM32,1.0290994218853912e-7
PROB1,2.1790034991140616e-7
C5orf46,3.054554374377105e-7
ARHGEF37,6.142355386847229e-7
SFTA2,3.833133887754352e-7
FAM180A,1.070921233884768e-7
XKR5,1.250228688081824e-7
MROH5,1.155431441741079e-7
PTGES2-AS1,1.5442250771548292e-7
LCN15,1.6952280605030927e-7
SERPINA2,2.7758594024943016e-7
ANKRD34C,1.0706415374875917e-5
PTX4,1.9711458843591472e-7
ACP7,5.948752393089578e-6
PINLYP,7.408097655244412e-6
VSIG8,1.9467392863688375e-7
SPINT4,1.9723077510406046e-6
PTRHD1,1.1023271484614862e-5
LCN9,1.8591458907240853e-7
TMEM200B,1.0290994218853912e-7
SLC25A35,6.113295903776676e-7
CTXN2,1.0290994218853912e-7
FAM180B,1.586046889154206e-7
PCNX3,1.5442250771548292e-7
C11orf87,1.5442250771548292e-7
COLCA1,1.0290994218853912e-7
PATE2,1.2348390641057606e-7
SERTM1,2.0886793921779962e-7
C14orf180,1.765354343351262e-7
KNOP1,3.529662172899253e-7
VMAC,1.6855927158904302e-5
SH2D5,7.821384176082669e-7
NBPF9,1.155431441741079e-7
EML6,9.180332811617353e-7
C2orf66,1.070921233884768e-7
C3orf80,1.0290994218853912e-7
PRR27,2.5394287191076677e-7
ARLN,4.291056550546324e-7
MCCD1,2.3795701445020438e-7
CRIP3,2.167652377164291e-7
PRRT4,1.0290994218853912e-7
SERTM2,1.5735537369085582e-7
LDLRAD2,1.0290994218853912e-7
CFAP99,3.7749179208829785e-7
XKRX,1.250228688081824e-7
IGLON5,1.070921233884768e-7
IFITM10,1.250228688081824e-7
SPINK6,1.9723077510406046e-6
CTXN1,1.0290994218853912e-7
SCGB1D4,1.2348390641057606e-7
MIR128-2,3.466099351390932e-7
MIR153-2,3.466099351390932e-7
LOC408186,1.988699534062704e-6
SPINK14,1.9723077510406046e-6
FNDC9,1.5442250771548292e-7
TBC1D3B,7.141959384767314e-7
TBC1D3C,7.141959384767314e-7
C10orf105,1.0290994218853912e-7
CELF2-AS1,1.070921233884768e-7
LCN10,1.58323177555426e-7
DENND6B,1.0151549443894055e-6
C8orf82,1.8644444892326057e-7
KRTAP5-5,8.036875547230369e-7
MXRA7,5.035594334991606e-7
KRTAP5-2,8.552001202499807e-7
KRTAP5-6,8.552001202499807e-7
KRTAP5-7,8.552001202499807e-7
KRTAP5-11,8.552001202499807e-7
SMCO3,1.5442250771548292e-7
NPIPB4,1.0290994218853912e-7
NPIPB15,1.070921233884768e-7
NPIPB7,1.070921233884768e-7
NPIPB12,1.0290994218853912e-7
PSG8,1.070921233884768e-7
HNRNPCL2,3.29275339316372e-7
CIMAP1B,4.968162893460037e-7
TMEM89,2.1853250803195056e-7
CFAP96,1.805335914781387e-6
TMEM151B,1.0290994218853912e-7
STPG3,1.7282245866186244e-7
FRG2B,1.5775117726877875e-7
TSPAN11,1.250228688081824e-7
ZFAS1,1.6730499752574574e-7
PTCHD4,1.0290994218853912e-7
STAG3L3,1.5775117726877875e-7
STAG3L2,1.5775117726877875e-7
IGFL4,2.0857619649982914e-7
ZNG1C,9.094606642870559e-7
FRG2,1.5775117726877875e-7
KPRP,3.2735740465950726e-7
LRRC37A2,1.0290994218853912e-7
GIMAP6,7.965193735496079e-7
IGIP,1.070921233884768e-7
CLEC18B,3.5491165251504646e-6
EOLA2,1.8644444892326057e-7
PCOTH,1.670557097010517e-7
DPY19L2P1,3.4555410032211336e-7
GDF5-AS1,2.3795701445020438e-7
LINC00862,1.0290994218853912e-7
FAM72C,1.6946723226957042e-7
CLLU1,1.155431441741079e-7
MIR513A1,2.1326585846882272e-7
KLKP1,1.6730499752574574e-7
NPIPB13,1.0290994218853912e-7
CTXN3,1.5442250771548292e-7
SSBP3-AS1,1.070921233884768e-7
LINC02912,1.0290994218853912e-7
MROH6,1.155431441741079e-7
PRRT1B,1.0290994218853912e-7
CPSF4L,3.99990250584316e-6
FAM163B,1.5442250771548292e-7
SMIM5,1.5442250771548292e-7
C11orf97,1.6608394486906743e-6
SMIM15,1.0290994218853912e-7
TMEM72,1.5442250771548292e-7
TMEM253,1.0290994218853912e-7
SPINK9,1.9992210745046354e-6
SLC35G6,1.0290994218853912e-7
CCER2,1.070921233884768e-7
CCDC168,1.0290994218853912e-7
MS4A4E,1.0290994218853912e-7
KRTAP24-1,1.4014947106943401e-6
KRTAP27-1,1.4014947106943401e-6
TMPPE,2.3826491574657392e-7
RNF222,1.9293240723597704e-7
FNDC10,1.0290994218853912e-7
ZNG1F,8.982610357921728e-7
GSG1L2,1.250228688081824e-7
GLYCAM1,1.250228688081824e-7
ZCCHC18,2.477736423162167e-7
TMEM30CP,1.0290994218853912e-7
SMIM10,1.0290994218853912e-7
CDRT15P2,1.0290994218853912e-7
SMIM23,1.250228688081824e-7
LINGO3,3.172745930752378e-7
TMEM200C,1.0290994218853912e-7
TMEM191C,1.0290994218853912e-7
PABPC1L2B,8.91731224141023e-6
SLC35G4,1.0290994218853912e-7
SPINK8,1.9723077510406046e-6
ARIH2OS,1.0290994218853912e-7
SYNDIG1L,2.1142922788675666e-7
SH2D7,1.155431441741079e-7
HRCT1,1.0290994218853912e-7
HNRNPCL3,2.3831553522224007e-7
NBPF6,1.155431441741079e-7
KRTAP4-11,1.3684828507498564e-6
PRB2,1.586046889154206e-7
SCGB1C2,1.586046889154206e-7
TP53TG3C,1.6730499752574574e-7
TMEM236,1.5442250771548292e-7
FAM72B,2.2097979779651422e-7
ACTR3C,1.0944388790302253e-6
OCM,2.874753389584449e-7
TMEM78,1.0290994218853912e-7
MIR598,3.466099351390932e-7
MIR619,2.5394287191076677e-7
MIR658,2.1326585846882272e-7
ATXN8,1.5775117726877875e-7
SNURFL,3.939247624114994e-7
FAM156B,2.1326399405107843e-6
MUC5B,1.1355367330611546e-6
MROH1,1.155431441741079e-7
RSPH10B2,6.642195426959126e-7
TMEM191B,1.0290994218853912e-7
KRTAP1-4,1.3169702852229125e-6
CLEC19A,3.3248144507065777e-7
KRTAP19-8,8.036875547230369e-7
GOLGA6L7,8.282518181445742e-7
KRTAP9-1,1.3169702852229125e-6
C2orf92,1.0290994218853912e-7
CROCC2,6.293423961521045e-7
C1GALT1C1L,2.3424651343718708e-5
FAM72D,2.2097979779651422e-7
NBPF8,1.155431441741079e-7
NPIPB11,1.0290994218853912e-7
GASK1A,1.660050210909647e-6
TP53TG3D,1.6730499752574574e-7
TP53TG3B,1.6730499752574574e-7
PLIN4,6.587653251677073e-7
RAD51AP2,1.1589206723134097e-7
FAM72A,2.4978381800818e-7
TBC1D3,1.4548474956133118e-6
TBC1D3H,7.141959384767314e-7
NPIPB2,1.5775117726877875e-7
SEC14L6,1.155431441741079e-7
CIMIP2B,2.9375500162722516e-6
TMEM229A,1.0290994218853912e-7
TEX50,1.0290994218853912e-7
KRTAP2-3,1.3684828507498564e-6
ESRG,1.5775117726877875e-7
RNA5-8SN5,7.110579713460002e-7
DDTL,2.46088119690624e-5
MIR941-1,1.2348390641057606e-7
MIR921,2.1326585846882272e-7
MIR365B,3.466099351390932e-7
SNAR-A1,1.6730499752574574e-7
SNAR-A12,1.6730499752574574e-7
KHDC1L,1.9610750212756924e-7
SMIM27,1.0290994218853912e-7
SMIM10L1,1.8644444892326057e-7
TMEM269,1.0290994218853912e-7
SPATA31F3,1.0290994218853912e-7
TMEM262,6.293657018904452e-6
TMEM221,1.0290994218853912e-7
ERLN,3.775930895276886e-7
NEMP2,1.4539477108353562e-6
ARMCX4,1.5442250771548292e-7
KRTAP25-1,1.4014947106943401e-6
NPIPB5,1.0290994218853912e-7
NBPF10,1.9610750212756924e-7
GOLGA8F,8.282518181445742e-7
SHISAL2B,1.0290994218853912e-7
SMIM9,1.250228688081824e-7
UPK3BL1,1.0290994218853912e-7
KRTAP20-4,7.823069309080942e-7
RNA5S1,7.110579713460002e-7
RNA5S9,7.110579713460002e-7
PATE3,1.070921233884768e-7
SNAR-A3,1.6730499752574574e-7
SNAR-B2,1.6730499752574574e-7
SNAR-C2,1.6730499752574574e-7
SNAR-C4,1.6730499752574574e-7
SNAR-E,1.6730499752574574e-7
SNAR-C3,1.6730499752574574e-7
SNAR-G2,1.6730499752574574e-7
LINC01004,7.110579713460002e-7
ERVV-2,1.0290994218853912e-7
CMC4,1.3713029490515357e-6
NBPF20,1.155431441741079e-7
KRTAP22-2,7.823069309080942e-7
KRTAP21-3,8.036875547230369e-7
ERVMER34-1,1.3847381524434808e-7
LIMS4,5.011320825096944e-7
TMEM239,1.5442250771548292e-7
FRG2C,1.5775117726877875e-7
TMEM225B,1.5442250771548292e-7
MIR1468,1.2348390641057606e-7
MIR2113,2.1326585846882272e-7
MIR1234,2.5394287191076677e-7
MIR1203,2.1326585846882272e-7
MIR1238,2.5394287191076677e-7
MIR1260A,2.5394287191076677e-7
MIR1304,2.5394287191076677e-7
MIR1301,1.2348390641057606e-7
MIR1973,2.1326585846882272e-7
ANKRD61,2.1790034991140616e-7
MIR548O,1.2348390641057606e-7
MIR378C,2.1326585846882272e-7
MIR3158-1,1.2348390641057606e-7
MIR3156-2,2.5394287191076677e-7
MIR2861,2.5394287191076677e-7
MIR4324,2.1326585846882272e-7
MIR4257,2.1326585846882272e-7
MTRNR2L12,1.2899409061027359e-7
CCDC180,2.5394287191076677e-7
MIR3616,2.1326585846882272e-7
MIR3678,2.1326585846882272e-7
MIR3615,1.2348390641057606e-7
MIR3605,1.2348390641057606e-7
MIR3679,2.5394287191076677e-7
MIR3714,2.1326585846882272e-7
INAFM2,1.0290994218853912e-7
LASP1NB,1.0290994218853912e-7
LRRC3C,3.172745930752378e-7
KRTAP9-7,1.3169702852229125e-6
KRTAP16-1,1.4014947106943401e-6
CEBPZOS,3.7454307234360293e-7
SMIM31,1.0290994218853912e-7
TMEM210,1.0290994218853912e-7
TMEM35B,1.0290994218853912e-7
EDDM13,1.070921233884768e-7
MISFA,9.885163376125154e-7
SLFN12L,1.0290994218853912e-7
NBPF5P,1.155431441741079e-7
SMLR1,1.5442250771548292e-7
ERVK13-1,2.0954729427960997e-7
SMIM18,1.0290994218853912e-7
TMEM178B,1.0290994218853912e-7
KRTAP9-6,1.3169702852229125e-6
MUC22,1.0290994218853912e-7
SMIM35,1.0290994218853912e-7
FAM187A,1.0290994218853912e-7
KRTAP29-1,1.4014947106943401e-6
MIR1268B,2.5394287191076677e-7
MIR4787,2.1326585846882272e-7
MIR4741,2.1326585846882272e-7
MIR4505,2.5394287191076677e-7
MIR378D2,2.1326585846882272e-7
MIR3135B,2.5394287191076677e-7
MIR151B,2.2965764149092198e-7
MIR378I,2.1326585846882272e-7
MIR4433A,2.5394287191076677e-7
MIR4508,1.2348390641057606e-7
MIR4788,2.5394287191076677e-7
MIR4749,2.1326585846882272e-7
MIR4481,2.1326585846882272e-7
MIR4484,2.5394287191076677e-7
MIR4638,2.1326585846882272e-7
MIR4467,2.1326585846882272e-7
MIR4732,1.2348390641057606e-7
MIR4687,2.5394287191076677e-7
MIR4476,2.1326585846882272e-7
MIR4446,1.2348390641057606e-7
MIR2392,2.1326585846882272e-7
MIR378E,2.1326585846882272e-7
SPRY4-IT1,1.155431441741079e-7
TMCO5B,1.0290994218853912e-7
MIR5010,1.2348390641057606e-7
MIR5189,1.2348390641057606e-7
FSBP,2.936595418415537e-7
TMEM265,1.0290994218853912e-7
ERVPABLB-1,1.250228688081824e-7
LZTS1-AS1,7.110579713460002e-7
CTXND1,1.0290994218853912e-7
CTXND2,1.0290994218853912e-7
NBPF19,1.155431441741079e-7
HNRNPCL4,2.3831553522224007e-7
TBC1D3G,7.41109261940762e-7
TBC1D3K,7.141959384767314e-7
TBC1D3L,7.141959384767314e-7
TBC1D3D,7.141959384767314e-7
SMIM36,1.0290994218853912e-7
LY6L,1.9214653126852236e-7
LOC101929599,1.0290994218853912e-7
TEX51,1.0290994218853912e-7
MIR6069,2.5394287191076677e-7
MIR6089,2.5394287191076677e-7
MIR6125,2.5394287191076677e-7
MIR6126,2.5394287191076677e-7
MIR6511B1,1.2348390641057606e-7
MIR6737,2.5394287191076677e-7
MIR6797,2.5394287191076677e-7
MIR6800,2.5394287191076677e-7
MIR6819,2.5394287191076677e-7
MIR6821,2.5394287191076677e-7
MIR6511A3,1.2348390641057606e-7
MIR7706,1.2348390641057606e-7
MIR4433B,1.2348390641057606e-7
MIR7849,1.2348390641057606e-7
MIR7847,2.5394287191076677e-7
MIR1273H,1.2348390641057606e-7
MIR8069-1,2.5394287191076677e-7
MIR6515,2.5394287191076677e-7
MIR6813,2.5394287191076677e-7
MIR6889,2.5394287191076677e-7
MIR7975,2.5394287191076677e-7
LOC102723655,1.6730499752574574e-7
LOC102723713,1.6730499752574574e-7
TBC1D3E,7.141959384767314e-7
PTTG1IP2,1.0290994218853912e-7
LOC102724023,1.8644444892326057e-7
TP53TG3E,1.6730499752574574e-7
TP53TG3F,1.6730499752574574e-7
LINC00596,1.0290994218853912e-7
TBC1D3I,7.141959384767314e-7
ERVS71-1,1.250228688081824e-7
SMIM47,1.0290994218853912e-7
ERVFC1,1.250228688081824e-7
SCPPPQ1,1.070921233884768e-7
TMEM275,1.0290994218853912e-7
LRRC53,1.250228688081824e-7
LOC107983985,1.070921233884768e-7
UPK3BL2,1.0290994218853912e-7
SMIM38,1.0290994218853912e-7
FAM237B,1.070921233884768e-7
OOSP4B,1.070921233884768e-7
RNA28SN2,7.110579713460002e-7
SMIM28,1.0290994218853912e-7
CSNK2A2IP,1.5775117726877875e-7
SMIM33,1.0290994218853912e-7
PMIS2,1.5735537369085582e-7
TMEM271,1.0290994218853912e-7
SCYGR1,7.823069309080942e-7
SCYGR3,7.823069309080942e-7
SCYGR4,7.823069309080942e-7
SCYGR6,7.823069309080942e-7
SCYGR8,7.823069309080942e-7
SCYGR2,7.823069309080942e-7
SCYGR10,7.823069309080942e-7
SCYGR5,7.823069309080942e-7
SCYGR7,7.823069309080942e-7
OOSP3,1.070921233884768e-7
OOSP4A,1.070921233884768e-7
DERPC,3.56324314583878e-7
SMIM40,1.0290994218853912e-7
SMIM39,1.0290994218853912e-7
SCYGR9,7.823069309080942e-7
SMIM42,1.0290994218853912e-7
ZNF593OS,1.0290994218853912e-7
TMEM217B,1.0290994218853912e-7
POLGARF,3.425575258267894e-7
TXLNGY,1.2966544143411576e-6
MPPED2,3.0180856792106236e-5
KIAA0232,4.0752922239912476e-7
FAM114A2,1.6326751850482671e-7
GPN2,1.115786444614015e-6
RERGL,2.020300726645615e-6
HSPA12B,4.0752922239912476e-7
IRGQ,6.803490543124077e-7
ARL9,1.1045868161191318e-6
STKLD1,8.542542416362689e-7
SLFNL1,3.9632959390424146e-7
IDNK,4.866446609742772e-5
DNM1P34,1.1045868161191318e-6
GIMD1,6.691494258175246e-7
ERI2,7.19511801752806e-6
CIB4,3.830942194058291e-7
SHD,2.4109260792797258e-6
SHE,2.4109260792797258e-6
HDDC2,1.652635693818296e-5
ZNHIT2,1.0122209354232118e-7
CDR1,5.151256552694379e-8
GAGE2C,5.151256552694379e-8
GAGE5,5.151256552694379e-8
HSP90AA4P,1.98193555127346e-6
ZNF26,1.0122209354232118e-7
ZNF41,1.0122209354232118e-7
ZNF84,2.406329012021103e-7
ZNF157,9.002246504743791e-8
GPANK1,6.550116769782657e-8
PAGE1,5.151256552694379e-8
RTL8C,5.151256552694379e-8
XAGE2,5.151256552694379e-8
CCDC144A,2.4618111185205283e-5
KIAA0408,5.151256552694379e-8
EFCAB14,1.6073256628945376e-7
RWDD2B,5.151256552694379e-8
ANKRD13C-DT,5.151256552694379e-8
PLEKHA6,5.151256552694379e-8
CYP2G1P,1.9111115323649265e-6
TBC1D9,7.36506022389973e-7
ZCCHC14,5.476204570522385e-7
GSE1,5.151256552694379e-8
ZFR2,1.4187397143523462e-6
FBXO46,5.151256552694379e-8
R3HDM1,9.17639864483446e-8
TTC33,5.151256552694379e-8
WBP1,2.1325311462646563e-6
CCDC28A,5.151256552694379e-8
DNAAF9,5.151256552694379e-8
RTL8A,5.151256552694379e-8
SZRD1,5.151256552694379e-8
LINC00588,5.151256552694379e-8
MYEOV,5.151256552694379e-8
GAGE12I,5.151256552694379e-8
DEXI,5.151256552694379e-8
LGALSL,2.2538932168218097e-7
PDZRN4,1.0122209354232118e-7
ZC2HC1A,1.0122209354232118e-7
SS18L2,5.151256552694379e-8
DRICH1,5.151256552694379e-8
HGH1,5.151256552694379e-8
PBDC1,5.151256552694379e-8
ANKMY1,9.002246504743791e-8
KRCC1,5.151256552694379e-8
WT1-AS,5.151256552694379e-8
CRCT1,5.151256552694379e-8
KLHDC4,5.151256552694379e-8
ZCCHC10,2.1896328125517316e-7
DNAJC28,5.151256552694379e-8
CZIB,2.0497467908429036e-7
FBXO34,5.151256552694379e-8
REX1BD,5.151256552694379e-8
CRYBG2,2.1418969318729768e-7
FAM90A1,5.151256552694379e-8
C19orf73,5.151256552694379e-8
NKAPD1,7.57591919301476e-8
KLHDC8A,5.151256552694379e-8
LRRC20,5.151256552694379e-8
PRR34,5.151256552694379e-8
LRRC36,5.151256552694379e-8
PGCKA1,5.151256552694379e-8
KLHL26,5.151256552694379e-8
TBC1D19,6.160863931325797e-7
C5orf22,5.151256552694379e-8
PPP4R1L,5.151256552694379e-8
GOLGA2P5,5.151256552694379e-8
TTC27,5.151256552694379e-8
KBTBD4,5.151256552694379e-8
IQCC,5.151256552694379e-8
ZNF839,9.002246504743791e-8
UBFD1,3.249949966132396e-7
TEX13B,1.6769960246198144e-7
TEX13A,2.1740913047735884e-7
THAP10,1.0122209354232118e-7
FAM219B,5.151256552694379e-8
SPRYD7,5.151256552694379e-8
KIAA1143,5.151256552694379e-8
KIAA1328,5.151256552694379e-8
BAHCC1,1.2078887170974436e-7
LRCH2,5.151256552694379e-8
FBRSL1,8.056435795346133e-8
VAT1L,2.8493231979569205e-7
FHIP2A,5.151256552694379e-8
ANKRD36B,7.57591919301476e-8
C6orf47,5.151256552694379e-8
ZBED5,1.2568068716525785e-7
BPESC1,5.151256552694379e-8
ZFAND3,2.406329012021103e-7
FAM204A,5.151256552694379e-8
HEATR6,8.056435795346133e-8
ANKEF1,1.7193219478433705e-7
PCED1A,5.151256552694379e-8
ARMCX5,5.151256552694379e-8
RSRC2,9.17639864483446e-8
C8orf33,5.151256552694379e-8
RHPN1-AS1,5.151256552694379e-8
C7orf25,5.151256552694379e-8
FNDC11,5.151256552694379e-8
ERI3,1.3027388596883872e-7
WDR25,5.151256552694379e-8
CCDC121,5.151256552694379e-8
OGFOD2,5.440166332717325e-6
ZC2HC1C,1.0122209354232118e-7
ANKRD55,5.151256552694379e-8
ZBBX,9.002246504743791e-8
CCDC7,5.151256552694379e-8
DHRS12,1.0455688277431472e-7
EFCC1,1.6073256628945376e-7
PLEKHS1,5.151256552694379e-8
UBTD1,5.151256552694379e-8
TUBA4B,1.2415534506315152e-7
C3orf36,5.151256552694379e-8
PROSER1,5.151256552694379e-8
LRRC27,5.151256552694379e-8
PRR3,1.41473514463722e-7
C1orf21,5.151256552694379e-8
C11orf68,9.17639864483446e-8
FAM167A,5.151256552694379e-8
SYT16,2.3295518928139192e-7
USHBP1,7.099405082758964e-7
C4orf17,5.151256552694379e-8
C19orf44,5.151256552694379e-8
HAGHL,1.7307338141823632e-5
CMSS1,9.17639864483446e-8
LZIC,5.069515084713747e-7
DYDC2,5.151256552694379e-8
C22orf23,5.151256552694379e-8
DSCR8,5.151256552694379e-8
CAPS2,1.6073256628945376e-7
ANKRD36BP1,5.151256552694379e-8
VCF1,5.151256552694379e-8
PNMA6A,5.151256552694379e-8
C1orf94,5.151256552694379e-8
URB1-AS1,5.151256552694379e-8
KIAA1671,5.151256552694379e-8
EFCAB12,1.7193219478433705e-7
CCDC74A,5.151256552694379e-8
VCF2,5.151256552694379e-8
PAGE5,5.151256552694379e-8
MSANTD3,5.151256552694379e-8
CDKN2AIPNL,5.151256552694379e-8
BTF3L4,5.151256552694379e-8
CCDC74B,5.151256552694379e-8
PCED1B,5.151256552694379e-8
ANKRD44,5.151256552694379e-8
SNX29,3.689701128291259e-7
C1orf105,5.151256552694379e-8
MAPK1IP1L,5.151256552694379e-8
ZFAND4,1.937750505894071e-7
SERHL,5.873212207862671e-8
LENG9,9.002246504743791e-8
EPSTI1,5.151256552694379e-8
RWDD2A,5.151256552694379e-8
L3HYPDH,4.9711903024064635e-5
PHF21B,1.0122209354232118e-7
KLHDC7B,5.151256552694379e-8
KLHL32,5.151256552694379e-8
MRFAP1L1,7.57591919301476e-8
TSGA13,5.151256552694379e-8
FLYWCH2,8.056435795346133e-8
WDR31,5.151256552694379e-8
ZNF526,1.0122209354232118e-7
TGM7,5.6655642983053676e-6
PPP1R27,3.2321094550195385e-6
MSS51,1.0122209354232118e-7
BTBD16,5.151256552694379e-8
AGAP4,1.0900336829546812e-6
AGAP11,1.0900336829546812e-6
ANKRD26P1,5.151256552694379e-8
UBALD1,5.151256552694379e-8
WDR88,5.151256552694379e-8
ZNF428,1.0122209354232118e-7
GIPC3,5.151256552694379e-8
TCHHL1,1.3492943330211827e-7
KLHDC9,1.4664921049228043e-6
MAB21L3,5.151256552694379e-8
LRRIQ3,5.151256552694379e-8
C1orf216,5.151256552694379e-8
ZNF831,9.002246504743791e-8
SLX4IP,5.151256552694379e-8
CLHC1,5.151256552694379e-8
C2orf76,5.151256552694379e-8
TTC32,5.151256552694379e-8
CCDC148,5.151256552694379e-8
FAM43A,5.151256552694379e-8
C4orf33,5.151256552694379e-8
PACRGL,5.151256552694379e-8
ZNF474,1.0122209354232118e-7
C5orf24,5.151256552694379e-8
C6orf141,5.151256552694379e-8
SPANXN3,5.151256552694379e-8
BEND2,8.717078764476373e-8
FAM199X,5.151256552694379e-8
PAGE3,5.151256552694379e-8
C20orf96,5.151256552694379e-8
ZSWIM3,2.0497467908429036e-7
RIPOR3,5.151256552694379e-8
C12orf60,5.151256552694379e-8
PPP1R36,3.2321094550195385e-6
C15orf32,5.151256552694379e-8
SPATA8,5.151256552694379e-8
PRR35,5.151256552694379e-8
EFCAB3,1.7193219478433705e-7
C17orf50,5.151256552694379e-8
ANKRD29,5.151256552694379e-8
LINC00526,5.151256552694379e-8
C19orf25,5.151256552694379e-8
C1orf74,5.151256552694379e-8
ANKRD35,2.1298604141981083e-7
CCDC27,5.151256552694379e-8
LELP1,5.151256552694379e-8
CCDC17,5.151256552694379e-8
GTSF1L,1.0122209354232118e-7
NOL4L-DT,5.151256552694379e-8
C22orf15,5.151256552694379e-8
CDPF1,5.151256552694379e-8
C2orf15,9.17639864483446e-8
FAM117B,5.151256552694379e-8
TTC14,5.43015392029433e-8
MB21D2,7.722669220088183e-7
FAM218A,5.151256552694379e-8
SPMIP2,5.151256552694379e-8
ZC2HC1B,1.0122209354232118e-7
SAMD3,5.151256552694379e-8
METTL27,5.151256552694379e-8
NSUN5P1,1.7939708591071121e-6
FBXO16,5.151256552694379e-8
ERICH1,5.151256552694379e-8
C8orf48,5.151256552694379e-8
FAM120AOS,5.151256552694379e-8
KIAA1958,5.151256552694379e-8
TSTD2,5.151256552694379e-8
FAM47A,5.151256552694379e-8
PABIR2,6.1288651641108835e-6
PABIR3,6.155778487574914e-6
CCDC60,5.151256552694379e-8
CCDC185,5.151256552694379e-8
CCDC138,5.151256552694379e-8
FAM47B,5.151256552694379e-8
S100Z,9.12325943965494e-7
XAGE3,5.151256552694379e-8
PSORS1C1,5.151256552694379e-8
GARIN6,5.151256552694379e-8
CCER1,5.151256552694379e-8
LKAAEAR1,5.151256552694379e-8
THAP8,1.3688031566014113e-7
NIBAN3,5.151256552694379e-8
RWDD4,5.151256552694379e-8
FAM153B,5.151256552694379e-8
R3HCC1,5.43015392029433e-8
C8orf74,5.151256552694379e-8
ERICH5,5.151256552694379e-8
FAM219A,5.151256552694379e-8
PAGE2,5.151256552694379e-8
TEX47,5.151256552694379e-8
ZCCHC24,2.3402647151080793e-7
CCDC83,5.151256552694379e-8
FAM124A,5.151256552694379e-8
FAM13C,5.151256552694379e-8
NT5DC1,7.415141698633093e-6
SPATS1,5.151256552694379e-8
LRRC73,5.151256552694379e-8
LINC00518,5.151256552694379e-8
PXDC1,3.689701128291259e-7
PRR15,5.151256552694379e-8
ATXN7L1,5.151256552694379e-8
FAM217A,5.151256552694379e-8
ITPRID1,8.509229008925306e-8
CXorf58,5.151256552694379e-8
AKNAD1,5.151256552694379e-8
PHYHD1,1.770472937074987e-6
PROSER2,5.151256552694379e-8
NATD1,5.151256552694379e-8
CCDC197,5.151256552694379e-8
LYSMD2,5.151256552694379e-8
RNF214,5.272725816906799e-7
C9orf43,5.151256552694379e-8
FAM133B,8.056435795346133e-8
NSUN5P2,1.7939708591071121e-6
OFCC1,5.151256552694379e-8
POM121L4P,5.151256552694379e-8
PGBD2,1.0732592817105512e-7
KIRREL3-AS3,5.151256552694379e-8
TTC9C,5.151256552694379e-8
ANKRD52,5.151256552694379e-8
TMED8,5.151256552694379e-8
FAM177A1,5.151256552694379e-8
GOLGA6L2,5.151256552694379e-8
ZNF843,1.0122209354232118e-7
NHLRC4,5.151256552694379e-8
CDRT4,5.151256552694379e-8
LINC00482,5.151256552694379e-8
PPP1R37,2.9514205607944918e-6
RUSC1-AS1,5.151256552694379e-8
SNHG28,8.056435795346133e-8
NT5DC4,7.40394207013821e-6
CCDC150,5.151256552694379e-8
ERICH2,5.151256552694379e-8
PRR23E,5.151256552694379e-8
FAM153A,5.151256552694379e-8
KIAA0825,5.151256552694379e-8
CAGE1,5.151256552694379e-8
SPDYE1,2.1231316749512297e-7
FAM78A,5.151256552694379e-8
FAM133A,5.151256552694379e-8
RFESD,3.079305888172668e-6
PRR30,5.151256552694379e-8
CCDC158,5.151256552694379e-8
FAM221A,5.151256552694379e-8
SOWAHB,5.151256552694379e-8
ECT2L,4.98692394510615e-7
CENPVL3,3.548634746447754e-6
EP400P1,5.151256552694379e-8
FAM131C,5.151256552694379e-8
TBC1D26,5.891730696685491e-7
SPATA12,5.151256552694379e-8
HDDC3,9.640162218939201e-5
EFCAB5,1.6073256628945376e-7
SAXO5,5.151256552694379e-8
ZSWIM9,5.151256552694379e-8
SPATA21,1.6073256628945376e-7
RBM43,9.17639864483446e-8
NAT16,3.405870796622714e-7
CCDC9B,8.056435795346133e-8
C16orf87,5.151256552694379e-8
SPDYE4,2.1231316749512297e-7
LINC02875,5.151256552694379e-8
EFCAB8,1.6073256628945376e-7
C2orf68,5.151256552694379e-8
IQCF2,2.8587524317678294e-7
IQCF5,2.8587524317678294e-7
PRR23B,5.151256552694379e-8
BEND4,7.597115914988046e-8
ANXA2R,1.183142517618284e-7
BNIP5,5.151256552694379e-8
C9orf153,5.151256552694379e-8
CENPVL1,3.548634746447754e-6
VHLL,5.151256552694379e-8
FAM221B,5.151256552694379e-8
HEATR4,1.0455688277431472e-7
C10orf120,5.151256552694379e-8
TMEM132E-DT,5.151256552694379e-8
C1orf226,5.151256552694379e-8
CLEC20A,2.1418969318729768e-7
C20orf202,5.151256552694379e-8
ANKRD36C,4.294560706659323e-6
IQCF3,2.8587524317678294e-7
CCSER1,5.151256552694379e-8
SAPCD1,5.151256552694379e-8
LINC00242,5.151256552694379e-8
C9orf152,5.151256552694379e-8
LCNL1,5.123105416694919e-8
GRIFIN,2.1418969318729768e-7
CUEDC1,9.367145376854377e-7
LINC01561,5.151256552694379e-8
C16orf74,5.151256552694379e-8
CDRT15P3,5.151256552694379e-8
C10orf62,5.151256552694379e-8
AGAP6,1.0900336829546812e-6
C10orf55,7.57591919301476e-8
LINC02913,5.151256552694379e-8
GOLGA6L9,5.151256552694379e-8
IQCF6,2.8587524317678294e-7
PEX39,5.151256552694379e-8
SPDYE7P,2.1231316749512297e-7
SPDYE3,2.1231316749512297e-7
SPDYE2,2.1231316749512297e-7
CENPVL2,3.548634746447754e-6
RTL8B,5.151256552694379e-8
CT45A3,5.151256552694379e-8
SPDYE21,2.1231316749512297e-7
SPDYE5,2.1231316749512297e-7
PHOSPHO2,1.652635693818296e-5
SPANXN2,5.151256552694379e-8
TYMSOS,5.151256552694379e-8
CT45A1,5.151256552694379e-8
CCDC157,5.151256552694379e-8
FAM229B,5.151256552694379e-8
SPDYE14,2.1231316749512297e-7
AGAP9,1.0900336829546812e-6
FAM25A,5.151256552694379e-8
RNF224,9.002246504743791e-8
SPDYE10,2.1231316749512297e-7
GAGE2B,5.151256552694379e-8
COL25A1-DT,2.0776365276028988e-7
CEP170P1,7.57591919301476e-8
MPTX1,9.002246504743791e-8
XAGE1B,5.151256552694379e-8
FAM228A,5.151256552694379e-8
XAGE1A,5.151256552694379e-8
AGAP7P,1.0900336829546812e-6
PHLDB3,7.707989432606476e-8
SPDYE8,2.1231316749512297e-7
AGAP5,1.0900336829546812e-6
PRR20C,5.151256552694379e-8
PRR20D,7.57591919301476e-8
PRR20E,5.151256552694379e-8
GAGE2D,5.151256552694379e-8
GAGE12C,5.151256552694379e-8
GAGE12B,5.151256552694379e-8
GAGE12E,5.151256552694379e-8
GAGE2A,5.151256552694379e-8
SPDYE6,2.1231316749512297e-7
UMAD1,5.151256552694379e-8
ZNF726,1.0122209354232118e-7
SPDYE12,2.1231316749512297e-7
GAGE8,5.151256552694379e-8
TEX13C,2.0620950198247556e-7
CCDC152,5.151256552694379e-8
PRR32,5.151256552694379e-8
EFCAB10,1.6073256628945376e-7
DPEP2NB,5.151256552694379e-8
PRR23D1,5.151256552694379e-8
FAM27E3,5.151256552694379e-8
TEX13D,2.0620950198247556e-7
CLUHP3,5.151256552694379e-8
GAGE12D,5.151256552694379e-8
CXorf51B,5.151256552694379e-8
ERICH4,5.151256552694379e-8
ARHGEF33,4.98692394510615e-7
ZNF605,9.002246504743791e-8
SPDYE2B,2.1231316749512297e-7
CCDC179,5.151256552694379e-8
TEX48,5.151256552694379e-8
SPDYE18,2.1231316749512297e-7
ZNF475,9.002246504743791e-8
KIF25-AS1,5.151256552694379e-8
ZHX1-C8orf76,5.151256552694379e-8
SPEGNB,3.6924244464995084e-7
SPDYE11,5.817279959672268e-6
NPIPA7,5.151256552694379e-8
SPDYE16,2.1231316749512297e-7
CT45A10,7.57591919301476e-8
SPDYE17,2.1231316749512297e-7
GAGE10,5.151256552694379e-8
POTEB3,5.151256552694379e-8
POM121L15P,5.151256552694379e-8
SPDYE15,2.1231316749512297e-7
PMS2P11,1.8583079828960014e-7
