Gene_EntrezID,DE_Prior_Rank,gene_symbol
7503,1,XIST
8653,0.999947840600876,DDX3Y
9086,0.999869601502191,EIF1AY
8284,0.999869601502191,KDM5D
8287,0.999791362403505,USP9Y
246126,0.99971312330482,TXLNGY
1960,0.99971312330482,EGR3
1958,0.999634884206134,EGR1
1545,0.99958272480701,CYP1B1
3500,0.999504485708325,IGHG1
3429,0.999504485708325,IFI27
3576,0.999426246609639,CXCL8
2354,0.999374087210515,FOSB
378938,0.999321927811392,MALAT1
9383,0.999243688712706,TSIX
3043,0.999243688712706,HBB
7544,0.99916544961402,ZFY
5996,0.999113290214897,RGS1
10964,0.999061130815773,IFI44L
7057,0.998982891717087,THBS1
4057,0.998982891717087,LTF
2920,0.998904652618402,CXCL2
83869,0.998852493219278,TTTY14
1277,0.998800333820154,COL1A1
2353,0.998748174421031,FOS
3117,0.998696015021907,HLA-DQA1
7153,0.998643855622783,TOP2A
260436,0.99859169622366,FDCSP
6373,0.998513457124974,CXCL11
5743,0.998513457124974,PTGS2
3638,0.998409138326727,INSIG1
608,0.998409138326727,TNFRSF17
23764,0.998330899228041,MAFF
6374,0.998278739828917,CXCL5
5450,0.998200500730232,POU2AF1
4929,0.998200500730232,NR4A2
3223,0.998122261631546,HOXC6
6241,0.998070102232422,RRM2
4312,0.998017942833299,MMP1
1959,0.997965783434175,EGR2
3248,0.997913624035051,HPGD
91543,0.997835384936366,RSAD2
6279,0.997835384936366,S100A8
57016,0.99775714583768,AKR1B10
96610,0.997652827039432,BMS1P20
6364,0.997652827039432,CCL20
3045,0.997652827039432,HBD
100133941,0.997548508241185,CD24
6347,0.997496348842061,CCL2
9518,0.997444189442938,GDF15
10631,0.997365950344252,POSTN
2919,0.997365950344252,CXCL1
1281,0.997287711245566,COL3A1
7130,0.997209472146881,TNFAIP6
5166,0.997209472146881,PDK4
115908,0.997131233048195,CTHRC1
4321,0.997079073649072,MMP12
4680,0.997026914249948,CEACAM6
3627,0.996948675151262,CXCL10
3512,0.996948675151262,JCHAIN
22829,0.996870436052577,NLGN4Y
50486,0.996740037554767,G0S2
4283,0.996740037554767,CXCL9
1278,0.996740037554767,COL1A2
467,0.996740037554767,ATF3
645784,0.996609639056958,ANKRD36BP2
3725,0.996557479657834,JUN
23657,0.996479240559149,SLC7A11
9021,0.996479240559149,SOCS3
5806,0.996401001460463,PTX3
948,0.996348842061339,CD36
1116,0.996296682662216,CHI3L1
1462,0.996244523263092,VCAN
7852,0.996166284164406,CXCR4
7404,0.996166284164406,UTY
6696,0.996088045065721,SPP1
150094,0.996035885666597,SIK1
4256,0.995983726267473,MGP
4311,0.99593156686835,MME
969,0.995879407469226,CD69
6352,0.995827248070102,CCL5
8644,0.995775088670979,AKR1C3
1839,0.995722929271855,HBEGF
1843,0.995670769872731,DUSP1
7128,0.995618610473607,TNFAIP3
1301,0.995566451074484,COL11A1
118430,0.99551429167536,MUCL1
4493,0.995462132276236,MT1E
9314,0.995409972877112,KLF4
10561,0.995357813477989,IFI44
1646,0.995305654078865,AKR1C2
10202,0.995253494679741,DHRS2
2069,0.995201335280618,EREG
10563,0.995149175881494,CXCL13
441168,0.99509701648237,CALHM6
4969,0.994992697684123,OGN
3575,0.994992697684123,IL7R
212,0.994992697684123,ALAS2
2877,0.994888378885875,GPX2
6423,0.99481013978719,SFRP2
374,0.99481013978719,AREG
5055,0.994731900688504,SERPINB2
7474,0.99467974128938,WNT5A
7980,0.994627581890257,TFPI2
1846,0.994575422491133,DUSP4
54443,0.994471103692885,ANLN
760,0.994471103692885,CA2
330,0.994471103692885,BIRC3
55872,0.994366784894638,PBK
8870,0.994314625495514,IER3
597,0.994262466096391,BCL2A1
10351,0.994210306697267,ABCA8
6372,0.994158147298143,CXCL6
283120,0.994105987899019,H19
6280,0.994053828499896,S100A9
259282,0.99397558940121,BOD1L1
2921,0.99397558940121,CXCL3
27074,0.993871270602963,LAMP3
4070,0.993871270602963,TACSTD2
1848,0.993793031504277,DUSP6
118932,0.993740872105153,ANKRD22
259266,0.99368871270603,ASPM
3934,0.993636553306906,LCN2
3569,0.993584393907782,IL6
51237,0.993506154809097,MZB1
4603,0.993506154809097,MYBL1
100423062,0.993401836010849,IGLL5
2706,0.993401836010849,GJB2
1844,0.993323596912164,DUSP2
3434,0.99327143751304,IFIT1
6947,0.993219278113916,TCN1
3397,0.993167118714792,ID1
10875,0.993114959315669,FGL2
9547,0.993036720216983,CXCL14
1602,0.993036720216983,DACH1
125,0.992958481118298,ADH1B
8553,0.992880242019612,BHLHE40
4837,0.992880242019612,NNMT
3162,0.992802002920926,HMOX1
54855,0.992749843521803,TENT5C
8942,0.992671604423117,KYNU
3310,0.992671604423117,HSPA6
6283,0.992593365324431,S100A12
8013,0.992515126225746,NR4A3
6351,0.992515126225746,CCL4
10125,0.99243688712706,RASGRP1
8876,0.992358648028375,VNN1
5918,0.992358648028375,RARRES1
7145,0.992280408929689,TNS1
12,0.992228249530565,SERPINA3
2335,0.992176090131442,FN1
6095,0.992123930732318,RORA
1475,0.992071771333194,CSTA
133,0.992019611934071,ADM
10457,0.991967452534947,GPNMB
56892,0.991915293135823,TCIM
3213,0.991863133736699,HOXB3
590,0.991810974337576,BCHE
51338,0.991758814938452,MS4A4A
51363,0.991680575839766,CHST15
3304,0.991680575839766,HSPA1B
23213,0.991602336741081,SULF1
3880,0.991550177341957,KRT19
9768,0.991498017942833,PCLAF
586,0.99144585854371,BCAT1
4693,0.991393699144586,NDP
3553,0.991341539745462,IL1B
10874,0.991263300646777,NMU
3696,0.991263300646777,ITGB8
171024,0.991185061548091,SYNPO2
1191,0.991132902148967,CLU
27299,0.991080742749843,ADAMDEC1
4060,0.99102858335072,LUM
2823,0.990976423951596,GPM6A
3759,0.99089818485291,KCNJ2
2173,0.99089818485291,FABP7
240,0.990819945754225,ALOX5
4501,0.990767786355101,MT1X
25890,0.990689547256416,ABI3BP
1804,0.990689547256416,DPP6
306,0.99061130815773,ANXA3
9590,0.990559148758606,AKAP12
25975,0.990480909659921,EGFL6
10321,0.990480909659921,CRISP3
129607,0.990402670561235,CMPK2
5265,0.990350511162111,SERPINA1
387763,0.990272272063426,C11orf96
10537,0.990272272063426,UBD
143686,0.990167953265178,SESN3
4026,0.990167953265178,LPP
2167,0.990063634466931,FABP4
1879,0.990063634466931,EBF1
3200,0.989985395368245,HOXA3
256691,0.989933235969122,MAMDC2
3552,0.989881076569998,IL1A
6422,0.989828917170874,SFRP1
4069,0.98977675777175,LYZ
7035,0.989724598372627,TFPI
26585,0.989646359273941,GREM1
4939,0.989646359273941,OAS2
1675,0.989568120175256,CFD
10562,0.989515960776132,OLFM4
2619,0.989463801377008,GAS1
4318,0.989411641977884,MMP9
64332,0.989359482578761,NFKBIZ
9841,0.989307323179637,ZBTB24
51514,0.989229084080951,DTL
3479,0.989229084080951,IGF1
445347,0.989124765282704,TARP
51203,0.989124765282704,NUSAP1
9976,0.989046526184018,CLEC2B
3437,0.988994366784895,IFIT3
1359,0.988942207385771,CPA3
7538,0.988890047986647,ZFP36
10403,0.988837888587523,NDC80
3119,0.9887857291884,HLA-DQB1
3488,0.988733569789276,IGFBP5
30061,0.98865533069059,SLC40A1
5570,0.98865533069059,PKIB
1293,0.988577091591905,COL6A3
8614,0.988498852493219,STC2
960,0.988498852493219,CD44
2012,0.988420613394534,EMP1
3624,0.98836845399541,INHBA
8842,0.988316294596286,PROM1
94122,0.988264135197162,SYTL5
338758,0.988133736699353,ATP2B1-AS1
55790,0.988133736699353,CSGALNACT1
54541,0.988133736699353,DDIT4
8076,0.988133736699353,MFAP5
10643,0.988003338201544,IGF2BP3
83888,0.987925099102858,FGFBP2
5099,0.987925099102858,PCDH7
3491,0.987846860004173,CCN1
5552,0.987794700605049,SRGN
22836,0.987742541205925,RHOBTB3
7280,0.987690381806802,TUBB2A
3371,0.987638222407678,TNC
7850,0.987559983308992,IL1R2
2205,0.987559983308992,FCER1A
1287,0.987481744210307,COL4A5
80310,0.987377425412059,PDGFD
6622,0.987377425412059,SNCA
3486,0.987377425412059,IGFBP3
25878,0.987273106613812,MXRA5
9332,0.987220947214688,CD163
7412,0.987168787815564,VCAM1
11009,0.987116628416441,IL24
5270,0.987038389317755,SERPINE2
4233,0.987038389317755,MET
1805,0.986960150219069,DPT
57823,0.986855831420822,SLAMF7
7049,0.986855831420822,TGFBR3
2878,0.986855831420822,GPX3
63934,0.986751512622575,ZNF667
56253,0.986699353223451,CRTAM
6387,0.986647193824327,CXCL12
10409,0.986595034425203,BASP1
383,0.98654287502608,ARG1
155465,0.986490715626956,AGR3
91851,0.986438556227832,CHRDL1
643911,0.986360317129147,CRNDE
85477,0.986360317129147,SCIN
759,0.986282078030461,CA1
10628,0.986151679532652,TXNIP
10418,0.986151679532652,SPON1
9076,0.986151679532652,CLDN1
5997,0.986151679532652,RGS2
26577,0.985995201335281,PCOLCE2
10551,0.985995201335281,AGR2
3433,0.985890882537033,IFIT2
2643,0.985890882537033,GCH1
51313,0.985812643438348,GASK1B
3002,0.985734404339662,GZMB
481,0.985734404339662,ATP1B1
9934,0.985630085541415,P2RY14
7857,0.985630085541415,SCG2
3400,0.985551846442729,ID4
29968,0.985499687043605,PSAT1
54829,0.985447527644482,ASPN
54674,0.985395368245358,LRRN3
51316,0.985317129146672,PLAC8
6863,0.985317129146672,TAC1
1380,0.985212810348425,CR2
857,0.985212810348425,CAV1
3240,0.985134571249739,HP
9201,0.985082411850616,DCLK1
316,0.985030252451492,AOX1
2633,0.984952013352806,GBP1
1088,0.984952013352806,CEACAM8
4023,0.984847694554559,LPL
153,0.984847694554559,ADRB1
3202,0.984769455455873,HOXA5
29126,0.984717296056749,CD274
4609,0.984665136657626,MYC
891,0.984612977258502,CCNB1
983,0.984560817859378,CDK1
7298,0.984482578760693,TYMS
230,0.984482578760693,ALDOC
5266,0.984404339662007,PI3
5168,0.984326100563321,ENPP2
5054,0.984326100563321,SERPINE1
79682,0.984221781765074,CENPU
5999,0.984221781765074,RGS4
387914,0.984117462966827,SHISA2
94240,0.984117462966827,EPSTI1
5179,0.984039223868141,PENK
9787,0.983987064469017,DLGAP5
4938,0.983934905069894,OAS1
10112,0.98388274567077,KIF20A
474344,0.983830586271646,GIMAP6
114569,0.983752347172961,MAL2
84002,0.983752347172961,B3GNT5
29128,0.983674108074275,UHRF1
9452,0.983595868975589,ITM2A
6286,0.983595868975589,S100P
6690,0.98346547047778,SPINK1
3557,0.98346547047778,IL1RN
991,0.98346547047778,CDC20
8038,0.983361151679533,ADAM12
2537,0.983308992280409,IFI6
5327,0.983230753181723,PLAT
4753,0.983230753181723,NELL2
7045,0.983152514083038,TGFBI
7018,0.983100354683914,TF
634,0.98304819528479,CEACAM1
9935,0.982969956186105,MAFB
7124,0.982969956186105,TNF
28984,0.982891717087419,RGCC
3303,0.982839557688295,HSPA1A
6447,0.98276131858961,SCG5
216,0.98276131858961,ALDH1A1
762,0.982683079490924,CA4
710,0.982630920091801,SERPING1
84870,0.982578760692677,RSPO3
55165,0.982500521593991,CEP55
5079,0.982500521593991,PAX5
8436,0.982422282495306,CAVIN2
1906,0.982370123096182,EDN1
4886,0.982317963697058,NPY1R
57162,0.982265804297935,PELI1
9134,0.982161485499687,CCNE2
3953,0.982161485499687,LEPR
1326,0.982161485499687,MAP3K8
283209,0.98205716670144,PGM2L1
57619,0.981978927602754,SHROOM3
2697,0.981978927602754,GJA1
22822,0.981900688504068,PHLDA1
11130,0.981822449405383,ZWINT
6678,0.981822449405383,SPARC
10170,0.981718130607135,DHRS9
3815,0.981718130607135,KIT
1311,0.98163989150845,COMP
286133,0.981587732109326,SCARA5
1284,0.981535572710202,COL4A2
56937,0.981483413311079,PMEPA1
2289,0.981431253911955,FKBP5
8788,0.981379094512831,DLK1
360,0.981326935113707,AQP3
84624,0.981274775714584,FNDC1
83729,0.98122261631546,INHBE
1009,0.981170456916336,CDH11
4751,0.981118297517213,NEK2
57007,0.981040058418527,ACKR3
7552,0.981040058418527,ZNF711
8406,0.980961819319841,SRPX
4599,0.980909659920718,MX1
9687,0.980857500521594,GREB1
1282,0.98080534112247,COL4A1
80031,0.980753181723347,SEMA6D
51176,0.980674942624661,LEF1
11197,0.980674942624661,WIF1
6876,0.98059670352597506,TAGLN
64092,0.980544544126852,SAMSN1
9388,0.980466305028166,LIPG
213,0.980466305028166,ALB
10512,0.980361986229919,SEMA3C
4317,0.980361986229919,MMP8
5332,0.980283747131233,PLCB4
2151,0.98023158773210906,F2RL2
3598,0.980153348633424,IL13RA2
1236,0.980153348633424,CCR7
5366,0.980075109534738,PMAIP1
4897,0.980022950135614,NRCAM
387758,0.979892551637805,FIBIN
84525,0.979892551637805,HOPX
22797,0.979892551637805,TFEC
3899,0.979892551637805,AFF3
256764,0.979709993740872,WDR72
5734,0.979709993740872,PTGER4
4792,0.979709993740872,NFKBIA
9315,0.979605674942625,NREP
83540,0.979527435843939,NUF2
10578,0.979527435843939,GNLY
3122,0.979423117045692,HLA-DRA
1368,0.979423117045692,CPM
7031,0.979344877947006,TFF1
629,0.979292718547882,CFB
929,0.979240559148759,CD14
1831,0.979188399749635,TSC22D3
9636,0.979136240350511,ISG15
7123,0.979084080951387,CLEC3B
9834,0.979031921552264,FAM30A
3206,0.97897976215314,HOXA10
1910,0.978927602754016,EDNRB
10769,0.978875443354893,PLK2
3113,0.978823283955769,HLA-DPA1
57561,0.978771124556645,ARRDC3
8638,0.978718965157521,OASL
3977,0.978666805758398,LIFR
2192,0.978614646359274,FBLN1
1634,0.97856248696015,DCN
25840,0.978510327561027,METTL7A
3280,0.978458168161903,HES1
11254,0.978406008762779,SLC6A14
932,0.978353849363655,MS4A3
28959,0.978301689964532,TMEM176B
11067,0.978249530565408,DEPP1
6590,0.978197371166284,SLPI
4239,0.978093052368037,MFAP4
4208,0.978093052368037,MEF2C
131,0.978093052368037,ADH7
22834,0.977962653870227,ZNF652
9023,0.977962653870227,CH25H
928,0.977884414771542,CD9
64231,0.977832255372418,MS4A6A
5788,0.977754016273732,PTPRC
3383,0.977754016273732,ICAM1
55026,0.977675777175047,TMEM255A
199675,0.977623617775923,MCEMP1
11098,0.977571458376799,PRSS23
894,0.977519298977676,CCND2
9966,0.977467139578552,TNFSF15
8743,0.977414980179428,TNFSF10
8519,0.977336741080743,IFITM1
5274,0.977336741080743,SERPINI1
563,0.977258501982057,AZGP1
771,0.977206342582933,CA12
2296,0.97715418318381,FOXC1
6318,0.977102023784686,SERPINB4
10894,0.977023784686,LYVE1
6781,0.977023784686,STC1
1956,0.976919465887753,EGFR
931,0.976919465887753,MS4A1
5744,0.976841226789067,PTHLH
2202,0.976789067389944,EFEMP1
55638,0.97673690799082,SYBU
4494,0.976658668892134,MT1F
4147,0.976658668892134,MATN2
7305,0.976580429793449,TYROBP
6440,0.976528270394325,SFTPC
55959,0.976476110995201,SULF2
83604,0.976423951596078,TMEM47
3604,0.976371792196954,TNFRSF9
92737,0.976293553098268,DNER
80183,0.976293553098268,RUBCNL
91624,0.976189234300021,NEXN
4257,0.976189234300021,MGST1
54845,0.976110995201335,ESRP1
2635,0.976058835802212,GBP3
2824,0.976006676403088,GPM6B
3855,0.975954517003964,KRT7
155038,0.975850198205717,GIMAP8
10154,0.975850198205717,PLXNC1
7832,0.975850198205717,BTG2
51339,0.975719799707907,DACT1
1728,0.975719799707907,NQO1
10085,0.975641560609222,EDIL3
3490,0.975589401210098,IGFBP7
6424,0.975511162111412,SFRP4
1114,0.975511162111412,CHGB
5067,0.975432923012727,CNTN3
64919,0.975380763613603,BCL11B
151887,0.975302524514918,CCDC80
4616,0.975302524514918,GADD45B
4316,0.975224285416232,MMP7
57451,0.975146046317546,TENM2
1903,0.975146046317546,S1PR3
3001,0.975067807218861,GZMA
84267,0.975015647819737,C9orf64
6414,0.974963488420613,SELENOP
1300,0.97491132902149,COL10A1
83879,0.974859169622366,CDCA7
79979,0.97478093052368,TRMT2B
1524,0.97478093052368,CX3CR1
2634,0.974702691424995,GBP2
25907,0.974624452326309,TMEM158
6515,0.974624452326309,SLC2A3
1580,0.974546213227624,CYP4B1
79191,0.974467974128938,IRX3
55273,0.974467974128938,TMEM100
658,0.974389735030253,BMPR1B
257194,0.974285416232005,NEGR1
84707,0.974285416232005,BEX2
9760,0.974285416232005,TOX
650,0.974181097433758,BMP2
388,0.974128938034634,RHOB
800,0.97407677863551,CALD1
51348,0.973972459837263,KLRF1
4232,0.973972459837263,MEST
2123,0.973972459837263,EVI2A
8835,0.973868141039015,SOCS2
6518,0.973815981639891,SLC2A5
6648,0.973763822240768,SOD2
1824,0.973711662841644,DSC2
58475,0.97365950344252,MS4A7
53831,0.973607344043397,GPR84
7422,0.973555184644273,VEGFA
28231,0.973503025245149,SLCO4A1
23643,0.973424786146464,LY96
8840,0.973424786146464,CCN4
4199,0.973346547047778,ME1
730,0.973294387648654,C7
26298,0.973216148549969,EHF
7076,0.973216148549969,TIMP1
3426,0.973137909451283,CFI
159296,0.973085750052159,NKX2-3
9358,0.973007510953474,ITGBL1
3428,0.973007510953474,IFI16
7345,0.972929271854788,UCHL1
8613,0.972851032756103,PLPP3
4072,0.972851032756103,EPCAM
2669,0.972772793657417,GEM
2034,0.972720634258293,EPAS1
1117,0.97266847485917,CHI3L2
79993,0.972590235760484,ELOVL7
716,0.972590235760484,C1S
4082,0.972485916962237,MARCKS
1290,0.972485916962237,COL5A2
54843,0.972381598163989,SYTL2
6664,0.972381598163989,SOX11
100113407,0.972277279365742,TMEM170B
11013,0.972277279365742,TMSB15A
56603,0.972172960567494,CYP26B1
8671,0.972172960567494,SLC4A4
57126,0.972094721468809,CD177
53335,0.972042562069685,BCL11A
4314,0.971964322970999,MMP3
72,0.971964322970999,ACTG2
140597,0.971860004172752,TCEAL2
7903,0.971860004172752,ST8SIA4
9645,0.971781765074066,MICAL2
54504,0.971703525975381,CPVL
9133,0.971703525975381,CCNB2
730755,0.971573127477571,KRTAP2-3
718,0.971573127477571,C3
332,0.971573127477571,BIRC5
6036,0.9714166492802,RNASE2
3694,0.9714166492802,ITGB6
3399,0.9714166492802,ID3
6355,0.971312330481953,CCL8
1490,0.971260171082829,CCN2
633,0.971208011683705,BGN
285386,0.971155852284582,TPRG1
204962,0.971103692885458,SLC44A5
9120,0.971025453786772,SLC16A6
301,0.971025453786772,ANXA1
83857,0.970947214688087,TMTC1
1030,0.970895055288963,CDKN2B
10804,0.970790736490716,GJB6
3161,0.970790736490716,HMMR
1356,0.970790736490716,CP
1306,0.970686417692468,COL15A1
10221,0.970634258293344,TRIB1
7056,0.970556019194659,THBD
5577,0.970556019194659,PRKAR2B
57214,0.970477780095973,CEMIP
347902,0.970399540997288,AMIGO2
2568,0.970399540997288,GABRP
1316,0.970321301898602,KLF6
6039,0.970243062799917,RNASE6
4094,0.970243062799917,MAF
54809,0.970164823701231,SAMD9
3949,0.970112664302107,LDLR
114614,0.97000834550386,MIR155HG
7373,0.97000834550386,COL14A1
6504,0.97000834550386,SLAMF1
56521,0.969904026705612,DNAJC12
7272,0.969825787606927,TTK
1756,0.969825787606927,DMD
701,0.969747548508241,BUB1B
79931,0.969695389109117,TNIP3
23236,0.969643229709994,PLCB1
389136,0.969564990611308,VGLL3
7058,0.969564990611308,THBS2
22807,0.969486751512623,IKZF2
84803,0.969382432714375,GPAT3
9052,0.969382432714375,GPRC5A
1806,0.969382432714375,DPYD
6401,0.969278113916128,SELE
64116,0.969225954517004,SLC39A8
3772,0.96917379511788,KCNJ15
59345,0.969095556019195,GNB4
1647,0.969095556019195,GADD45A
5156,0.968965157521385,PDGFRA
4856,0.968965157521385,CCN3
2625,0.968965157521385,GATA3
7127,0.968860838723138,TNFAIP2
1285,0.968808679324014,COL4A3
55859,0.96875651992489,BEX1
8854,0.968704360525767,ALDH1A2
79801,0.968652201126643,SHCBP1
5328,0.968600041727519,PLAU
1048,0.968521802628834,CEACAM5
290,0.968521802628834,ANPEP
8320,0.968443563530148,EOMES
9833,0.968391404131024,MELK
89857,0.968313165032339,KLHL6
2152,0.968313165032339,F3
10673,0.968208846234091,TNFSF13B
6925,0.968208846234091,TCF4
55808,0.968104527435844,ST6GALNAC1
25984,0.968104527435844,KRT23
79838,0.968000208637597,TMC5
57393,0.968000208637597,CLTRN
158763,0.967921969538911,ARHGAP36
4915,0.967869810139787,NTRK2
10924,0.967817650740664,SMPDL3A
10911,0.967739411641978,UTS2
9241,0.967739411641978,NOG
9235,0.96763509284373,IL32
1669,0.96763509284373,DEFA4
79901,0.967556853745045,CYBRD1
1803,0.967504694345921,DPP4
890,0.967452534946797,CCNA2
8651,0.967400375547674,SOCS1
7069,0.96734821614855,THRSP
10123,0.967296056749426,ARL4C
56034,0.967217817650741,PDGFC
59,0.967217817650741,ACTA2
11213,0.967139578552055,IRAK3
10635,0.967035259753808,RAD51AP1
1063,0.967035259753808,CENPF
1043,0.967035259753808,CD52
7262,0.96693094095556,PHLDA2
3959,0.966878781556436,LGALS3BP
6662,0.966826622157313,SOX9
29760,0.966748383058627,BLNK
8549,0.966748383058627,LGR5
925,0.966670143959942,CD8A
80144,0.966617984560818,FRAS1
4973,0.966565825161694,OLR1
1268,0.96651366576257,CNR1
221687,0.966461506363447,RNF182
23347,0.966409346964323,SMCHD1
7941,0.966357187565199,PLA2G7
10398,0.966305028166076,MYL9
729230,0.966252868766952,CCR2
3689,0.966174629668266,ITGB2
2200,0.966174629668266,FBN1
341640,0.966070310870019,FREM2
5010,0.966070310870019,CLDN11
55450,0.965965992071771,CAMK2N1
1052,0.965965992071771,CEBPD
10974,0.965887752973086,ADIRF
23601,0.9658095138744,CLEC5A
4118,0.9658095138744,MAL
2791,0.965705195076153,GNG11
1390,0.965705195076153,CREM
23414,0.965626955977467,ZFPM2
100130476,0.965548716878782,WAKMAR2
144203,0.965548716878782,OVOS2
3485,0.965470477780096,IGFBP2
54205,0.965418318380972,CYCS
3037,0.965366158981849,HAS2
56670,0.965313999582725,SUCNR1
1001,0.965261840183601,CDH3
64581,0.965157521385354,CLEC7A
51299,0.965157521385354,NRN1
6275,0.965157521385354,S100A4
80760,0.965027122887544,ITIH5
54757,0.965027122887544,FAM20A
2982,0.964948883788859,GUCY1A1
116496,0.964896724389735,NIBAN1
85004,0.964844564990611,RERG
10135,0.964792405591488,NAMPT
4211,0.964740246192364,MEIS1
81610,0.964662007093678,FAM83D
4133,0.964662007093678,MAP2
84969,0.964557688295431,TOX2
9353,0.964557688295431,SLIT2
55635,0.964453369497183,DEPDC1
6751,0.964453369497183,SSTR1
60489,0.964349050698936,APOBEC3G
2690,0.964349050698936,GHR
2153,0.96427081160025,F5
6750,0.964192572501565,SST
1363,0.964192572501565,CPE
715,0.964114333402879,C1R
7103,0.964062174003755,TSPAN8
8857,0.96398393490507,FCGBP
7163,0.96398393490507,TPD52
23767,0.963905695806384,FLRT3
1303,0.963853536407261,COL12A1
2628,0.963801377008137,GATM
6383,0.963723137909451,SDC2
6229,0.963723137909451,RPS24
54102,0.963618819111204,CLIC6
7102,0.963618819111204,TSPAN7
6362,0.963540580012518,CCL18
1823,0.963488420613395,DSC1
9022,0.963436261214271,CLIC3
4085,0.963358022115585,MAD2L1
858,0.963358022115585,CAV2
51311,0.9632797830169,TLR8
58480,0.963201543918214,RHOU
5740,0.963201543918214,PTGIS
1058,0.963123304819528,CENPA
2258,0.963071145420405,FGF13
157638,0.962940746922595,LRATD2
6332,0.962940746922595,SCN7A
4084,0.962940746922595,MXD1
604,0.962940746922595,BCL6
54739,0.962810348424786,XAF1
9839,0.962758189025662,ZEB2
5105,0.962706029626539,PCK1
6252,0.962601710828291,RTN1
5069,0.962601710828291,PAPPA
3082,0.962601710828291,HGF
11010,0.962471312330482,GLIPR1
8530,0.962471312330482,CST7
81575,0.962366993532235,APOLD1
1029,0.962366993532235,CDKN2A
347,0.962288754433549,APOD
4319,0.962236595034425,MMP10
4332,0.962184435635301,MNDA
1033,0.962132276236178,CDKN3
8991,0.962001877738368,SELENBP1
5473,0.962001877738368,PPBP
3003,0.962001877738368,GZMK
862,0.962001877738368,RUNX1T1
999,0.961871479240559,CDH1
5208,0.961819319841435,PFKFB2
135114,0.961767160442312,HINT3
51191,0.961688921343626,HERC5
5284,0.961688921343626,PIGR
9370,0.961610682244941,ADIPOQ
94234,0.961506363446693,FOXQ1
55824,0.961506363446693,PAG1
287,0.961506363446693,ANK2
115207,0.961375964948884,KCTD12
154,0.961375964948884,ADRB2
3042,0.961297725850198,HBM
5272,0.961245566451075,SERPINB9
220,0.961193407051951,ALDH1A3
288,0.961141247652827,ANK3
3554,0.961089088253703,IL1R1
100506621,0.96103692885458,NA
4818,0.960958689755894,NKG7
1880,0.960958689755894,GPR183
3131,0.960880450657208,HLF
3659,0.960828291258085,IRF1
255488,0.960776131858961,RNF144B
182,0.960723972459837,JAG1
140733,0.960671813060714,MACROD2
64131,0.960593573962028,XYLT1
4885,0.960593573962028,NPTX2
2297,0.960515334863342,FOXD1
3669,0.960437095764657,ISG20
2521,0.960437095764657,FUS
5655,0.960358856665971,KLK10
80149,0.960306697266847,ZC3H12A
27324,0.9602023784686,TOX3
5764,0.9602023784686,PTN
1776,0.9602023784686,DNASE1L3
6563,0.960098059670353,SLC14A1
90161,0.959993740872105,HS6ST2
90102,0.959993740872105,PHLDB2
10687,0.959993740872105,PNMA2
6691,0.959889422073858,SPINK2
6653,0.959837262674734,SORL1
9414,0.95978510327561,TJP2
860,0.959732943876487,RUNX2
7436,0.959654704777801,VLDLR
6999,0.959654704777801,TDO2
93986,0.959550385979554,FOXP2
1690,0.959550385979554,COCH
9615,0.959472146880868,GDA
361,0.959419987481744,AQP4
2124,0.959341748383059,EVI2B
1847,0.959341748383059,DUSP5
9073,0.959263509284373,CLDN8
4688,0.959211349885249,NCF2
6711,0.959159190486126,SPTBN1
3866,0.959107031087002,KRT15
9619,0.959054871687878,ABCG1
23022,0.958976632589193,PALLD
2180,0.958976632589193,ACSL1
11096,0.958872313790945,ADAMTS5
9510,0.958872313790945,ADAMTS1
145741,0.958767994992698,C2CD4A
1520,0.958767994992698,CTSS
23136,0.95866367619445,EPB41L3
2355,0.95866367619445,FOSL2
24141,0.958585437095765,LAMP5
161291,0.958533277696641,TMEM30B
9126,0.958481118297517,SMC3
57405,0.958428958898394,SPC25
84417,0.958298560400584,ECRG4
57565,0.958298560400584,KLHL14
4128,0.958298560400584,MAOA
1592,0.958298560400584,CYP26A1
2719,0.958168161902775,GPC3
56884,0.958089922804089,FSTL5
366,0.958089922804089,AQP9
353514,0.957985604005842,LILRA5
1164,0.957985604005842,CKS2
7718,0.957907364907156,ZNF165
6474,0.957855205508032,SHOX2
23089,0.957803046108909,PEG10
5649,0.957750886709785,RELN
84958,0.957698727310661,SYTL1
260293,0.957620488211976,CYP4X1
26353,0.957620488211976,HSPB8
22795,0.95754224911329,NID2
1028,0.957490089714166,CDKN1C
55008,0.957437930315043,HERC6
10395,0.957385770915919,DLC1
5723,0.957333611516795,PSPH
284889,0.95725537241811,MIF-AS1
9928,0.95725537241811,KIF14
1832,0.957177133319424,DSP
3495,0.9571249739203,IGHD
114907,0.956994575422491,FBXO32
79365,0.956994575422491,BHLHE41
10855,0.956994575422491,HPSE
9289,0.956994575422491,ADGRG1
83468,0.956864176924682,GLT8D2
7138,0.956785937825996,TNNT1
7078,0.956785937825996,TIMP3
2204,0.956707698727311,FCAR
1601,0.956655539328187,DAB2
10529,0.956603379929063,NEBL
4747,0.956551220529939,NEFL
10580,0.956499061130816,SORBS1
83690,0.956446901731692,CRISPLD1
4320,0.956394742332568,MMP11
25797,0.956342582933445,QPCT
4940,0.956290423534321,OAS3
101929623,0.956238264135197,LINC01215
218,0.956186104736073,ALDH3A1
7704,0.956107865637388,ZBTB16
3832,0.956107865637388,KIF11
114800,0.95600354683914,CCDC85A
1021,0.95600354683914,CDK6
100128252,0.955925307740455,ZNF667-AS1
84189,0.955873148341331,SLITRK6
6819,0.955820988942207,SULT1C2
64065,0.955768829543084,PERP
196410,0.955690590444398,METTL7B
6503,0.955690590444398,SLA
25928,0.955586271646151,SOSTDC1
11075,0.955586271646151,STMN2
404266,0.955508032547465,HOXB-AS3
8204,0.955455873148341,NRIP1
22974,0.955377634049656,TPX2
1439,0.955377634049656,CSF2RB
84858,0.955273315251408,ZNF503
26137,0.955273315251408,ZBTB20
4121,0.955195076152723,MAN1A1
4811,0.955142916753599,NID1
200315,0.955064677654913,APOBEC3A
4883,0.955064677654913,NPR3
114882,0.954960358856666,OSBPL8
10288,0.954960358856666,LILRB2
713,0.95488211975798,C1QB
83481,0.954829960358857,EPPK1
639,0.954777800959733,PRDM1
2357,0.954699561861047,FPR1
2290,0.954699561861047,FOXG1
11126,0.954621322762362,CD160
25925,0.954569163363238,ZNF521
1404,0.954517003964114,HAPLN1
2150,0.954464844564991,F2RL1
1641,0.954386605466305,DCX
864,0.954386605466305,RUNX3
340542,0.954282286668058,BEX5
9638,0.954282286668058,FEZ1
10468,0.954204047569372,FST
64759,0.954099728771125,TNS3
6003,0.954099728771125,RGS13
2207,0.954099728771125,FCER1G
2273,0.953995409972877,FHL1
81849,0.95389109117463,ST6GALNAC5
1291,0.95389109117463,COL6A1
2,0.95389109117463,A2M
8140,0.95376069267682,SLC7A5
5865,0.95376069267682,RAB3B
284340,0.953682453578135,CXCL17
23224,0.953552055080325,SYNE2
9429,0.953552055080325,ABCG2
1577,0.953552055080325,CYP3A5
687,0.953552055080325,KLF9
11259,0.953369497183392,FILIP1L
4067,0.953369497183392,LYN
3294,0.953369497183392,HSD17B2
5551,0.953213018986021,PRF1
3087,0.953213018986021,HHEX
2487,0.953213018986021,FRZB
64151,0.953082620488212,NCAPG
5376,0.953082620488212,PMP22
11065,0.952978301689965,UBE2C
5320,0.952978301689965,PLA2G2A
56992,0.952900062591279,KIF15
4638,0.952847903192155,MYLK
5611,0.952795743793032,DNAJC3
6236,0.952743584393908,RRAD
158158,0.952691424994784,RASEF
7020,0.95263926559566,TFAP2A
3071,0.952587106196537,NCKAP1L
221662,0.952534946797413,RBM24
117156,0.952482787398289,SCGB3A2
477,0.952430627999165,ATP1A2
51050,0.95235238890048,PI15
5241,0.95235238890048,PGR
8490,0.952248070102232,RGS5
4744,0.952248070102232,NEFH
120224,0.952143751303985,TMEM45B
10178,0.952143751303985,TENM1
7077,0.952039432505738,TIMP2
1113,0.952039432505738,CHGA
8832,0.951961193407052,CD84
132671,0.951909034007928,SPATA18
6772,0.951856874608805,STAT1
6439,0.951804715209681,SFTPB
6319,0.951752555810557,SCD
22943,0.951700396411433,DKK1
596,0.95164823701231,BCL2
1378,0.951596077613186,CR1
7805,0.951543918214062,LAPTM5
5176,0.951491758814938,SERPINF1
54800,0.951439599415815,KLHL24
10521,0.951387440016691,DDX17
5268,0.951335280617567,SERPINB5
9750,0.951257041518882,RIPOR2
5121,0.951257041518882,PCP4
100302650,0.951178802420196,BABAM2-AS1
4674,0.951126643021072,NAP1L2
153579,0.951074483621949,BTNL9
118788,0.951022324222825,PIK3AP1
55500,0.950970164823701,ETNK1
2065,0.950918005424577,ERBB3
3290,0.950865846025454,HSD11B1
8324,0.950787606926768,FZD7
5239,0.950787606926768,PGM5
135228,0.950683288128521,CD109
827,0.950683288128521,CAPN6
241,0.950605049029835,ALOX5AP
144455,0.950552889630711,E2F7
113146,0.950474650532026,AHNAK2
84830,0.950474650532026,ADTRP
51762,0.95039641143334,RAB8B
55601,0.950318172334655,DDX60
9118,0.950318172334655,INA
5950,0.950239933235969,RBP4
83871,0.950161694137284,RAB34
8470,0.950161694137284,SORBS2
28513,0.950083455038598,CDH19
664,0.950031295639474,BNIP3
8851,0.94997913624035,CDK5R1
4246,0.949926976841227,SCGB2A1
11226,0.949874817442103,GALNT6
79733,0.949822658042979,E2F8
8654,0.949770498643856,PDE5A
54566,0.949718339244732,EPB41L4B
3655,0.949666179845608,ITGA6
660,0.949614020446484,BMX
152926,0.949561861047361,PPM1K
23336,0.949509701648237,SYNM
79887,0.949431462549551,PLBD1
7291,0.949431462549551,TWIST1
5275,0.949353223450866,SERPINB13
131578,0.94927498435218,LRRC15
2810,0.94927498435218,SFN
8091,0.949196745253495,HMGA2
79730,0.949118506154809,NSUN7
2999,0.949118506154809,GZMH
2938,0.949040267056124,GSTA1
196403,0.948962027957438,DTX3
8418,0.948962027957438,CMAHP
79094,0.94885770915919,CHAC1
4005,0.94885770915919,LMO2
23493,0.948779470060505,HEY2
27122,0.948727310661381,DKK3
5325,0.948675151262257,PLAGL1
147495,0.948622991863134,APCDD1
222171,0.948544752764448,PRR15
9079,0.948544752764448,LDB2
4345,0.948466513665763,CD200
1746,0.948414354266639,DLX2
4306,0.948362194867515,NR3C2
3489,0.948310035468391,IGFBP6
5874,0.948257876069268,RAB27B
58528,0.948179636970582,RRAGD
6790,0.948179636970582,AURKA
9447,0.948101397871897,AIM2
283897,0.948049238472773,C16orf54
10659,0.947997079073649,CELF2
115362,0.947944919674525,GBP5
1410,0.947892760275402,CRYAB
285016,0.947840600876278,ALKAL2
50515,0.947788441477154,CHST11
22936,0.947736282078031,ELL2
51655,0.947684122678907,RASD1
1272,0.947631963279783,CNTN1
5872,0.947579803880659,RAB13
23158,0.947501564781974,TBC1D9
671,0.947501564781974,BPI
5209,0.947423325683288,PFKFB3
8676,0.947371166284164,STX11
5350,0.947292927185479,PLN
3075,0.947292927185479,CFH
219972,0.947188608387231,MPEG1
6533,0.947188608387231,SLC6A6
249,0.947110369288546,ALPL
3099,0.947058209889422,HK2
8507,0.947006050490298,ENC1
29940,0.946927811391613,DSE
7441,0.946927811391613,VPREB1
6038,0.946849572292927,RNASE4
64699,0.946797412893803,TMPRSS3
253827,0.94674525349468,MSRB3
23645,0.946693094095556,PPP1R15A
79625,0.946588775297309,NDNF
54886,0.946588775297309,PLPPR1
2841,0.946588775297309,GPR18
64073,0.946458376799499,C19orf33
4131,0.946458376799499,MAP1B
29953,0.946380137700814,TRHDE
90865,0.946301898602128,IL33
55301,0.946301898602128,OLAH
2983,0.946223659503443,GUCY1B1
8347,0.946171500104319,H2BC4
1382,0.946119340705195,CRABP2
355,0.946067181306071,FAS
6857,0.946015021906948,SYT1
57575,0.945962862507824,PCDH10
3957,0.9459107031087,LGALS2
2043,0.945858543709576,EPHA4
4313,0.945806384310453,MMP2
11170,0.945754224911329,FAM107A
29802,0.945675985812643,VPREB3
2533,0.945675985812643,FYB1
6659,0.945597746713958,SOX4
56300,0.94549342791571,IL36G
29969,0.94549342791571,MDFIC
26999,0.94549342791571,CYFIP2
6542,0.945389109117463,SLC7A2
1894,0.945336949718339,ECT2
79689,0.945232630920092,STEAP4
9411,0.945232630920092,ARHGAP29
5178,0.945232630920092,PEG3
7546,0.945128312121844,ZIC2
5341,0.945076152722721,PLEK
51705,0.944997913624035,EMCN
10437,0.944997913624035,IFI30
26053,0.944893594825788,AUTS2
9055,0.944893594825788,PRC1
4692,0.944815355727102,NDN
694,0.944763196327978,BTG1
5733,0.944711036928855,PTGER3
8837,0.944632797830169,CFLAR
358,0.944632797830169,AQP1
10158,0.944554558731483,PDZK1IP1
51312,0.944424160233674,SLC25A37
3115,0.944424160233674,HLA-DPB1
2532,0.944424160233674,ACKR1
2219,0.944424160233674,FCN1
4068,0.944293761735865,SH2D1A
23462,0.944215522637179,HEY1
3932,0.944215522637179,LCK
10417,0.944111203838932,SPON2
3730,0.944111203838932,ANOS1
344887,0.944006885040684,NMRAL2P
9837,0.944006885040684,GINS1
4189,0.943902566242437,DNAJB9
2627,0.943902566242437,GATA6
55771,0.943798247444189,PRR11
3605,0.943798247444189,IL17A
85453,0.94366784894638,TSPYL5
1292,0.94366784894638,COL6A2
1264,0.94366784894638,CNN1
4071,0.943563530148133,TM4SF1
429,0.943511370749009,ASCL1
4015,0.943459211349885,LOX
10752,0.943354892551638,CHL1
6695,0.943354892551638,SPOCK1
5321,0.943354892551638,PLA2G4A
1829,0.94325057375339,DSG2
4907,0.943198414354267,NT5E
23189,0.943146254955143,KANK1
375295,0.943094095556019,LINC01116
79589,0.942989776757772,RNF128
11185,0.942989776757772,INMT
10205,0.942989776757772,MPZL2
26002,0.942859378259962,MOXD1
4675,0.942859378259962,NAP1L3
3872,0.942781139161277,KRT17
148808,0.942702900062591,MFSD4A
22998,0.942702900062591,LIMCH1
2891,0.942598581264344,GRIA2
1047,0.942598581264344,CLGN
9603,0.942494262466096,NFE2L3
914,0.942494262466096,CD2
55603,0.942363863968287,TENT5A
8404,0.942363863968287,SPARCL1
3484,0.942363863968287,IGFBP1
23180,0.94225954517004,RFTN1
3726,0.942207385770916,JUNB
83895,0.942155226371792,KRTAP1-5
3861,0.942076987273107,KRT14
699,0.942076987273107,BUB1
255394,0.941998748174421,TCP11L2
7169,0.941920509075735,TPM2
6363,0.941920509075735,CCL19
83872,0.94184226997705,HMCN1
5653,0.941790110577926,KLK6
1289,0.941737951178802,COL5A1
10186,0.941685791779679,LHFPL6
58494,0.941633632380555,JAM2
2195,0.941581472981431,FAT1
3820,0.941529313582308,KLRB1
2327,0.941451074483622,FMO2
714,0.941451074483622,C1QC
60675,0.941372835384936,PROK2
26157,0.941320675985813,GIMAP2
5142,0.941268516586689,PDE4B
817,0.941216357187565,CAMK2D
55076,0.941164197788442,TMEM45A
7175,0.941112038389318,TPR
353322,0.941059878990194,ANKRD37
80830,0.94100771959107,APOL6
5801,0.940955560191947,PTPRR
11082,0.940903400792823,ESM1
3854,0.940851241393699,KRT6B
387695,0.94072084289589,C10orf99
113730,0.94072084289589,KLHDC7B
50506,0.94072084289589,DUOX2
10149,0.94072084289589,ADGRG2
126,0.94059044439808,ADH1C
55789,0.940433966200709,DEPDC1B
26509,0.940433966200709,MYOF
8839,0.940433966200709,CCN5
1087,0.940433966200709,CEACAM7
834,0.940433966200709,CASP1
341,0.940277488003338,APOC1
51083,0.940199248904653,GAL
5101,0.940199248904653,PCDH9
4783,0.940121009805967,NFIL3
8277,0.940068850406843,TKTL1
219285,0.939964531608596,SAMD9L
143098,0.939964531608596,MPP7
6402,0.939964531608596,SELL
8829,0.939834133110787,NRP1
3656,0.939834133110787,IRAK2
347733,0.939729814312539,TUBB2B
338324,0.939729814312539,S100A7A
84898,0.939651575213854,PLXDC2
23362,0.93959941581473,PSD3
54331,0.939521176716044,GNG2
10346,0.939521176716044,TRIM22
128346,0.939442937617359,C1orf162
157869,0.939390778218235,SBSPON
29121,0.939312539119549,CLEC2D
6446,0.939312539119549,SGK1
5354,0.939208220321302,PLP1
3398,0.939208220321302,ID2
3108,0.939129981222616,HLA-DMA
56938,0.939077821823493,ARNTL2
8809,0.938973503025245,IL18R1
5136,0.938973503025245,PDE1A
4254,0.938973503025245,KITLG
1396,0.938869184226998,CRIP1
51458,0.938790945128312,RHCG
9308,0.938790945128312,CD83
6328,0.938712706029627,SCN3A
81848,0.938634466930941,SPRY4
3676,0.938634466930941,ITGA4
55388,0.938556227832255,MCM10
79674,0.93847798873357,VEPH1
3956,0.93847798873357,LGALS1
7431,0.938373669935322,VIM
941,0.938373669935322,CD80
10253,0.938295430836637,SPRY2
5396,0.938217191737951,PRRX1
3778,0.938217191737951,KCNMA1
338339,0.938138952639266,CLEC4D
727936,0.938034633841018,GXYLT2
399959,0.938034633841018,MIR100HG
9060,0.938034633841018,PAPSS2
56649,0.937852075944085,TMPRSS4
23705,0.937852075944085,CADM1
8424,0.937852075944085,BBOX1
5789,0.937852075944085,PTPRD
65055,0.937695597746714,REEP1
7227,0.937695597746714,TRPS1
64798,0.937565199248905,DEPTOR
64135,0.937565199248905,IFIH1
10225,0.937565199248905,CD96
79098,0.937460880450657,C1orf116
9355,0.937408721051534,LHX2
22915,0.93735656165241,MMRN1
11031,0.937304402253286,RAB31
57556,0.937252242854162,SEMA6A
117289,0.937200083455039,TAGAP
5493,0.937121844356353,PPL
5026,0.937121844356353,P2RX5
131566,0.936991445858544,DCBLD2
10653,0.936991445858544,SPINT2
2977,0.936991445858544,GUCY1A2
256236,0.936887127060296,NAPSB
83461,0.936808887961611,CDCA3
23108,0.936808887961611,RAP1GAP2
972,0.936730648862925,CD74
1036,0.936678489463801,CDO1
4773,0.936626330064678,NFATC2
10451,0.936574170665554,VAV3
5175,0.93652201126643,PECAM1
23345,0.936443772167745,SYNE1
10365,0.936443772167745,KLF2
54898,0.936365533069059,ELOVL2
10231,0.936313373669935,RCAN2
4629,0.936261214270812,MYH11
84281,0.936182975172126,C2orf88
6935,0.936182975172126,ZEB1
27075,0.93610473607344,TSPAN13
283131,0.936052576674317,NEAT1
5746,0.936000417275193,PTH2R
23768,0.935948257876069,FLRT2
64762,0.935843939077822,GAREM1
8115,0.935843939077822,TCL1A
7450,0.935843939077822,VWF
5021,0.935739620279574,OXTR
2122,0.935661381180889,MECOM
595,0.935661381180889,CCND1
23586,0.935557062382641,DDX58
3570,0.935557062382641,IL6R
1062,0.935478823283956,CENPE
185,0.935426663884832,AGTR1
54532,0.935374504485708,USP53
1909,0.935322345086585,EDNRA
11004,0.935270185687461,KIF2C
81606,0.935218026288337,LBH
64399,0.93511370749009,HHIP
4163,0.93511370749009,MCC
4100,0.93511370749009,MAGEA1
56967,0.935009388691842,C14orf132
4360,0.934957229292719,MRC1
4477,0.934905069893595,MSMB
284,0.934852910494471,ANGPT1
4582,0.934774671395786,MUC1
2321,0.934774671395786,FLT1
7351,0.9346964322971,UCP2
1992,0.934644272897976,SERPINB1
1842,0.934592113498853,ECM2
84293,0.934539954099729,PRXL2A
7070,0.934461715001043,THY1
1305,0.934461715001043,COL13A1
1123,0.934383475902358,CHN1
285313,0.934331316503234,IGSF10
9037,0.93427915710411,SEMA5A
25937,0.934226997704986,WWTR1
3158,0.934174838305863,HMGCS2
27253,0.934096599207177,PCDH17
6431,0.934096599207177,SRSF6
153572,0.934018360108492,IRX2
10397,0.933966200709368,NDRG1
84441,0.933914041310244,MAML2
3910,0.93386188191112,LAMA4
84962,0.933731483413311,AJUBA
3667,0.933731483413311,IRS1
1591,0.933731483413311,CYP24A1
1536,0.933731483413311,CYBB
7447,0.933601084915502,VSNL1
728,0.933548925516378,C5AR1
51327,0.933496766117254,AHSP
55022,0.933418527018569,PID1
8819,0.933418527018569,SAP30
55553,0.933314208220321,SOX6
10234,0.933314208220321,LRRC17
196051,0.933235969121636,PLPP4
85027,0.933131650323388,SMIM3
57482,0.933131650323388,CRACD
443,0.933131650323388,ASPA
257019,0.933027331525141,FRMD3
134111,0.932949092426455,UBE2QL1
9957,0.932949092426455,HS3ST1
3579,0.93287085332777,CXCR2
4063,0.932818693928646,LY9
84168,0.93274045482996,ANTXR1
56479,0.93274045482996,KCNQ5
8626,0.932662215731275,TP63
131873,0.932610056332151,COL6A6
57458,0.932505737533904,TMCC3
10630,0.932505737533904,PDPN
8972,0.932505737533904,MGAM
11314,0.932401418735656,CD300A
9734,0.932323179636971,HDAC9
1825,0.932323179636971,DSC3
4824,0.932244940538285,NKX3-1
57718,0.932166701439599,PPP4R4
10203,0.932166701439599,CALCRL
55540,0.932088462340914,IL17RB
1178,0.93203630294179,CLC
348,0.931984143542666,APOE
6521,0.931931984143543,SLC4A1
57221,0.931879824744419,ARFGEF3
214,0.931827665345295,ALCAM
7292,0.931775505946172,TNFSF4
25825,0.931723346547048,BACE2
220965,0.9316190277488,FAM13C
3958,0.9316190277488,LGALS3
1612,0.9316190277488,DAPK1
50852,0.931514708950553,TRAT1
197358,0.931410390152305,NLRC3
80157,0.931410390152305,CWH43
384,0.931410390152305,ARG2
729238,0.931306071354058,SFTPA2
64105,0.931253911954934,CENPK
164832,0.931201752555811,LONRF2
94274,0.931097433757563,PPP1R14A
55016,0.931097433757563,MARCHF1
3458,0.931097433757563,IFNG
1346,0.930993114959316,COX7A1
6707,0.930940955560192,SPRR3
79884,0.930888796161068,MAP9
1827,0.930836636761945,RCAN1
440823,0.930784477362821,MIAT
53405,0.930732317963697,CLIC5
139221,0.930680158564573,PWWP3B
85480,0.93062799916545,TSLP
3620,0.930575839766326,IDO1
93010,0.930523680367202,B3GNT7
55521,0.930419361568955,TRIM36
29923,0.930419361568955,HILPDA
1026,0.930419361568955,CDKN1A
9068,0.930315042770707,ANGPTL1
7545,0.930262883371584,ZIC1
5578,0.930184644272898,PRKCA
3702,0.930184644272898,ITK
5251,0.930106405174212,PHEX
5919,0.930054245775089,RARRES2
9180,0.930002086375965,OSMR
10970,0.929923847277279,CKAP4
10008,0.929923847277279,KCNE3
59277,0.929819528479032,NTN4
55504,0.929819528479032,TNFRSF19
253152,0.929715209680784,EPHX4
2359,0.929715209680784,FPR3
6337,0.929636970582099,SCNN1A
85461,0.929584811182975,TANC1
7804,0.929532651783851,LRP8
6614,0.929480492384728,SIGLEC1
2766,0.929428332985604,GMPR
1474,0.92937617358648,CST6
221692,0.929324014187357,PHACTR1
81831,0.929245775088671,NETO2
3773,0.929245775088671,KCNJ16
81553,0.929167535989985,CYRIA
114769,0.929063217191738,CARD16
57520,0.929063217191738,HECW2
2992,0.929063217191738,GYG1
2162,0.928958898393491,F13A1
23432,0.928880659294805,GPR161
4982,0.928880659294805,TNFRSF11B
10863,0.928776340496557,ADAM28
2149,0.928776340496557,F2R
59084,0.928619862299186,ENPP5
51454,0.928619862299186,GULP1
10979,0.928619862299186,FERMT2
2888,0.928619862299186,GRB14
219790,0.928437304402253,RTKN2
166824,0.928437304402253,RASSF6
7504,0.928437304402253,XK
3853,0.928332985604006,KRT6A
53637,0.928280826204882,S1PR5
56849,0.928202587106197,TCEAL7
6445,0.928202587106197,SGCG
7378,0.928124348007511,UPP1
3084,0.928072188608387,NRG1
1513,0.928020029209264,CTSK
94241,0.92796786981014,TP53INP1
222236,0.927915710411016,NAPEPLD
2038,0.927863551011892,EPB42
10586,0.927811391612769,MAB21L2
64094,0.927759232213645,SMOC2
54742,0.927680993114959,LY6K
6591,0.927680993114959,SNAI2
9595,0.927602754016274,CYTIP
26051,0.92755059461715,PPP1R16B
339479,0.927472355518464,BRINP3
256380,0.927472355518464,SCML4
9843,0.927394116419779,HEPH
27303,0.927315877321093,RBMS3
3781,0.927315877321093,KCNN2
27314,0.927237638222408,RAB30
3673,0.927185478823284,ITGA2
79071,0.927107239724598,ELOVL6
990,0.927107239724598,CDC6
4330,0.927029000625913,MN1
5924,0.926976841226789,RASGRF2
7042,0.926924681827665,TGFB2
64881,0.92684644272898,PCDH20
8564,0.92684644272898,KMO
151246,0.926768203630294,SGO2
6546,0.92671604423117,SLC8A1
10891,0.926663884832047,PPARGC1A
26996,0.926611725432923,GPR160
27123,0.926559566033799,DKK2
26018,0.926507406634676,LRIG1
2274,0.926455247235552,FHL2
115361,0.926377008136866,GBP4
5157,0.926377008136866,PDGFRL
8639,0.926298769038181,AOC3
3824,0.926246609639057,KLRD1
56729,0.926194450239933,RETN
9378,0.92614229084081,NRXN1
255743,0.925959732943876,NPNT
93663,0.925959732943876,ARHGAP18
57674,0.925959732943876,RNF213
8395,0.925959732943876,PIP5K1B
2867,0.925959732943876,FFAR2
1993,0.925959732943876,ELAVL2
22802,0.92572501564782,CLCA4
6304,0.92572501564782,SATB1
5742,0.92572501564782,PTGS1
3823,0.92559461715001,KLRC3
1193,0.92559461715001,CLIC2
29841,0.925516378051325,GRHL1
81035,0.925438138952639,COLEC12
3897,0.925438138952639,L1CAM
646,0.925359899853954,BNC1
26034,0.92530774045483,IPCEF1
1543,0.925255581055706,CYP1A1
9404,0.925203421656583,LPXN
400120,0.925151262257459,SERTM1
1466,0.925099102858335,CSRP2
1893,0.92502086375965,ECM1
1003,0.92502086375965,CDH5
644242,0.924864385562278,LINC00622
55084,0.924864385562278,SOBP
3157,0.924864385562278,HMGCS1
2042,0.924864385562278,EPHA3
85463,0.924733987064469,ZC3H12C
2744,0.924681827665345,GLS
146330,0.924551429167536,FBXL16
84952,0.924551429167536,CGNL1
54749,0.924551429167536,EPDR1
5979,0.924551429167536,RET
794,0.924421030669727,CALB2
64321,0.924368871270603,SOX17
116372,0.924316711871479,LYPD1
56944,0.924264552472356,OLFML3
140876,0.92418631337367,RIPOR3
10570,0.92418631337367,DPYSL4
9194,0.924108074274984,SLC16A7
147372,0.924029835176299,CCBE1
10107,0.924029835176299,TRIM10
26084,0.923951596077613,ARHGEF26
8601,0.92389943667849,RGS20
667,0.923847277279366,DST
23316,0.92376903818068,CUX2
8707,0.92376903818068,B3GALT2
10215,0.923690799081995,OLIG2
9788,0.923638639682871,MTSS1
55089,0.923586480283747,SLC38A4
150696,0.923534320884623,PROM2
9053,0.9234821614855,MAP7
56271,0.923403922386814,BEX4
2146,0.923403922386814,EZH2
7306,0.923325683288128,TYRP1
26872,0.923247444189443,STEAP1
10052,0.923247444189443,GJC1
4739,0.923169205090757,NEDD9
3642,0.923117045691634,INSM1
59269,0.923012726893386,HIVEP3
22918,0.923012726893386,CD93
1000,0.923012726893386,CDH2
253559,0.922856248696015,CADM2
9829,0.922856248696015,DNAJC6
3800,0.922856248696015,KIF5C
144165,0.922699770498644,PRICKLE1
6273,0.922699770498644,S100A2
1075,0.922699770498644,CTSC
56911,0.922595451700396,MAP3K7CL
114801,0.922491132902149,TMEM200A
3038,0.922491132902149,HAS3
1849,0.922491132902149,DUSP7
27242,0.922386814103902,TNFRSF21
8807,0.922308575005216,IL18RAP
2047,0.922308575005216,EPHB1
26751,0.92223033590653,SH3YL1
26289,0.922152096807845,AK5
4646,0.922152096807845,MYO6
6335,0.922073857709159,SCN9A
2857,0.922021698310035,GPR34
25849,0.921969538910912,PARM1
90293,0.921865220112664,KLHL13
23569,0.921865220112664,PADI4
8796,0.921865220112664,SCEL
5803,0.921734821614855,PTPRZ1
3176,0.921734821614855,HNMT
8714,0.921656582516169,ABCC3
4050,0.921604423117046,LTB
2191,0.921552263717922,FAP
10144,0.921500104318798,FAM13A
10439,0.921395785520551,OLFM1
9493,0.921395785520551,KIF23
6699,0.921395785520551,SPRR1B
10079,0.921265387022742,ATP9A
9071,0.921265387022742,CLDN10
122402,0.921187147924056,TDRD9
952,0.921134988524932,CD38
8836,0.921082829125809,GGH
7430,0.921030669726685,EZR
9509,0.920978510327561,ADAMTS2
6303,0.920926350928437,SAT1
55885,0.920848111829752,LMO3
10516,0.920848111829752,FBLN5
10647,0.920717713331942,SCGB1D2
7074,0.920717713331942,TIAM1
4589,0.920717713331942,MUC7
56999,0.920613394533695,ADAMTS9
51279,0.920561235134571,C1RL
117157,0.920482996035886,SH2D1B
64393,0.920482996035886,ZMAT3
83716,0.920378677237638,CRISPLD2
81030,0.920378677237638,ZBP1
29089,0.920274358439391,UBE2T
26050,0.920274358439391,SLITRK5
115019,0.920143959941581,SLC26A9
10644,0.920143959941581,IGF2BP2
5304,0.920143959941581,PIP
79148,0.920013561443772,MMP28
23554,0.920013561443772,TSPAN12
151473,0.919909242645525,SLC16A14
9536,0.919909242645525,PTGES
100820829,0.919804923847277,MYZAP
23037,0.919804923847277,PDZD2
654433,0.919726684748592,PAX8-AS1
50615,0.919648445649906,IL21R
6282,0.919648445649906,S100A11
29887,0.919570206551221,SNX10
28514,0.919518047152097,DLL1
84617,0.919465887752973,TUBB6
151011,0.919387648654287,SEPTIN10
8900,0.919387648654287,CCNA1
4481,0.919309409555602,MSR1
8516,0.919231170456916,ITGA8
1493,0.919231170456916,CTLA4
4585,0.919152931358231,MUC4
54360,0.919048612559983,CYTL1
7498,0.919048612559983,XDH
4110,0.919048612559983,MAGEA11
1514,0.918944293761736,CTSL
2730,0.918892134362612,GCLM
79875,0.918839974963488,THSD4
5608,0.918787815564365,MAP2K6
971,0.918735656165241,CD72
253012,0.918683496766117,HEPACAM2
57415,0.918605257667432,C3orf14
3306,0.918605257667432,HSPA2
1299,0.918527018568746,COL9A3
6444,0.918448779470061,SGCD
2887,0.918448779470061,GRB10
1809,0.918370540371375,DPYSL3
51776,0.918318380972251,MAP3K20
3909,0.918240141873566,LAMA3
3101,0.918240141873566,HK3
4017,0.91816190277488,LOXL2
1266,0.918109743375756,CNN3
144402,0.918031504277071,CPNE8
9034,0.918031504277071,CCRL2
116159,0.917927185478823,CYYR1
10278,0.917927185478823,EFS
55117,0.917822866680576,SLC6A15
10370,0.917822866680576,CITED2
3059,0.91774462758189,HCLS1
54097,0.917666388483205,FAM3B
29028,0.917666388483205,ATAD2
22837,0.917588149384519,COBLL1
9967,0.917535989985395,THRAP3
1836,0.917483830586272,SLC26A2
926,0.917431671187148,CD8B
3600,0.917379511788024,IL15
10962,0.917327352388901,MLLT11
25924,0.917249113290215,MYRIP
942,0.917249113290215,CD86
5569,0.917144794491968,PKIA
5008,0.917144794491968,OSM
203447,0.91704047569372,NRK
53826,0.91704047569372,FXYD6
65108,0.916936156895473,MARCKSL1
1604,0.916936156895473,CD55
3164,0.916831838097225,NR4A1
444,0.916831838097225,ASPH
7096,0.91675359899854,TLR1
57460,0.916649280200292,PPM1H
1999,0.916649280200292,ELF3
1124,0.916649280200292,CHN2
962,0.916544961402045,CD48
642273,0.916440642603797,FAM110C
8520,0.916440642603797,HAT1
4192,0.916440642603797,MDK
7779,0.91633632380555,SLC30A1
55605,0.916284164406426,KIF21A
51442,0.916232005007302,VGLL1
93082,0.916153765908617,NEURL3
6783,0.916153765908617,SULT1E1
148534,0.916023367410807,TLCD4
22902,0.916023367410807,RUFY3
5352,0.916023367410807,PLOD2
165,0.91591904861256,AEBP1
57633,0.915840809513874,LRRN1
5727,0.915840809513874,PTCH1
91947,0.915710411016065,ARRDC4
4781,0.915710411016065,NFIB
3929,0.915710411016065,LBP
4288,0.915606092217818,MKI67
51765,0.915553932818694,STK26
4193,0.91550177341957,MDM2
195814,0.915423534320885,SDR16C5
1767,0.915423534320885,DNAH5
57568,0.915319215522637,SIPA1L2
9955,0.915319215522637,HS3ST3A1
54997,0.915188817024828,TESC
9407,0.915188817024828,TMPRSS11D
5627,0.915188817024828,PROS1
339500,0.91508449822658,ZNF678
8976,0.915032338827457,WASL
2934,0.914980179428333,GSN
79966,0.914928020029209,SCD5
10800,0.914875860630086,CYSLTR1
57419,0.914823701230962,SLC24A3
114905,0.914771541831838,C1QTNF7
143662,0.914719382432714,MUC15
7168,0.914667223033591,TPM1
9848,0.914615063634467,MFAP3L
3216,0.914562904235343,HOXB6
1525,0.91451074483622,CXADR
149111,0.914432505737534,CNIH3
23024,0.914432505737534,PDZRN3
26524,0.914354266638848,LATS2
1051,0.914302107239725,CEBPB
83595,0.914249947840601,SOX7
7188,0.914197788441477,TRAF5
10082,0.91409346964323,GPC6
3384,0.91409346964323,ICAM2
1745,0.91409346964323,DLX1
23460,0.91396307114542,ABCA6
7099,0.91396307114542,TLR4
57628,0.913884832046735,DPP10
6091,0.913832672647611,ROBO1
152137,0.913780513248487,CCDC50
55816,0.913728353849364,DOK5
3937,0.91367619445024,LCP2
5348,0.913624035051116,FXYD1
55619,0.913571875651992,DOCK10
343450,0.913467556853745,KCNT2
151126,0.913467556853745,ZNF385B
3601,0.913467556853745,IL15RA
389421,0.913337158355936,LIN28B
55323,0.913337158355936,LARP6
638,0.91325891925725,BIK
6382,0.913180680158565,SDC1
627,0.913180680158565,BDNF
342035,0.913076361360317,GLDN
64651,0.913076361360317,CSRNP1
3860,0.912998122261632,KRT13
84057,0.912893803463384,MND1
11341,0.912893803463384,SCRG1
2026,0.912893803463384,ENO2
81615,0.912763404965575,TMEM163
79047,0.912763404965575,KCTD15
10788,0.912685165866889,IQGAP2
154075,0.912606926768204,SAMD3
57381,0.912606926768204,RHOJ
114548,0.912528687669518,NLRP3
80201,0.912476528270394,HKDC1
7456,0.912424368871271,WIPF1
19,0.912372209472147,ABCA1
9173,0.912320050073023,IL1RL1
54852,0.912241810974338,PAQR5
23231,0.912241810974338,SEL1L3
2908,0.912163571875652,NR3C1
51816,0.912085332776966,ADA2
7837,0.912085332776966,PXDN
51208,0.911981013978719,CLDN18
23284,0.911981013978719,ADGRL3
7164,0.911876695180472,TPD52L1
367,0.911876695180472,AR
18,0.911798456081786,ABAT
2263,0.911746296682662,FGFR2
359845,0.911694137283539,RFLNB
5880,0.911641977884415,RAC2
5125,0.911589818485291,PCSK5
84620,0.911537659086167,ST6GAL2
7033,0.911485499687044,TFF3
2261,0.91143334028792,FGFR3
117854,0.911329021489672,TRIM6
26471,0.911329021489672,NUPR1
4628,0.911329021489672,MYH10
4223,0.911224702691425,MEOX2
83999,0.911172543292301,KREMEN1
64388,0.911094304193616,GREM2
6698,0.911094304193616,SPRR1A
5579,0.91101606509493,PRKCB
3885,0.910963905695806,KRT34
79971,0.910885666597121,WLS
7010,0.910885666597121,TEK
5507,0.910781347798873,PPP1R3C
5468,0.910781347798873,PPARG
9331,0.910703108700188,B4GALT6
397,0.910650949301064,ARHGDIB
5567,0.91059878990194,PRKACB
139818,0.910520550803255,DOCK11
56925,0.910520550803255,LXN
27065,0.910442311704569,NSG1
57761,0.910337992906322,TRIB3
55350,0.910337992906322,VNN3P
6296,0.910337992906322,ACSM3
51704,0.910207594408512,GPRC5B
50863,0.910207594408512,NTM
256435,0.910051116211141,ST6GALNAC3
54756,0.910051116211141,IL17RD
51561,0.910051116211141,IL23A
9050,0.910051116211141,PSTPIP2
5360,0.909920717713332,PLTP
79789,0.909816398915084,CLMN
51554,0.909816398915084,ACKR4
7021,0.909816398915084,TFAP2B
1672,0.909712080116837,DEFB1
340719,0.909659920717713,NANOS1
54874,0.909581681619028,FNBP1L
4671,0.909581681619028,NAIP
4065,0.909503442520342,LY75
54602,0.909451283121218,NDFIP2
57586,0.909346964322971,SYT13
9245,0.909346964322971,GCNT3
4093,0.909346964322971,SMAD9
57535,0.909216565825162,ELAPOR1
3149,0.909216565825162,HMGB3
55711,0.909086167327352,FAR2
26085,0.909086167327352,KLK13
7107,0.909086167327352,GPR137B
118429,0.908981848529105,ANTXR2
25805,0.908929689129981,BAMBI
84648,0.908877529730857,LCE3D
10252,0.908825370331734,SPRY1
8660,0.90877321093261,IRS2
2247,0.908721051533486,FGF2
55612,0.908668892134363,FERMT1
113263,0.908590653035677,GLCCI1
8000,0.908590653035677,PSCA
793,0.908512413936991,CALB1
6507,0.908460254537868,SLC1A3
55,0.908408095138744,ACP3
51473,0.90835593573962,DCDC2
65983,0.908303776340497,GRAMD2B
5329,0.908251616941373,PLAUR
2952,0.908199457542249,GSTT1
645638,0.908147298143125,WFDC21P
1837,0.908095138744002,DTNA
5318,0.908042979344878,PKP2
57834,0.907990819945754,CYP4F11
54502,0.907912580847069,RBM47
8434,0.907912580847069,RECK
79974,0.907834341748383,CPED1
200931,0.907703943250574,SLC51A
79772,0.907703943250574,MCTP1
65986,0.907703943250574,ZBTB10
6000,0.907703943250574,RGS7
63976,0.907521385353641,PRDM16
57722,0.907521385353641,IGDCC4
25927,0.907521385353641,CNRIP1
51513,0.907390986855831,ETV7
9890,0.907390986855831,PLPPR4
7162,0.907312747757146,TPBG
64108,0.907260588358022,RTP4
139065,0.907156269559775,SLITRK4
1288,0.907156269559775,COL4A6
100,0.907156269559775,ADA
51232,0.907025871061965,CRIM1
10391,0.907025871061965,CORO2B
1056,0.90694763196328,CEL
912,0.906895472564156,CD1D
195828,0.90681723346547,ZNF367
79413,0.90681723346547,ZBED2
9123,0.906738994366785,SLC16A3
202,0.906686834967661,CRYBG1
3908,0.906634675568537,LAMA2
80117,0.906556436469852,ARL14
10777,0.906556436469852,ARPP21
28951,0.906478197371166,TRIB2
7039,0.906426037972043,TGFA
3606,0.906373878572919,IL18
256714,0.906269559774671,MAP7D2
116448,0.906269559774671,OLIG1
688,0.906269559774671,KLF5
83641,0.906139161276862,FAM107B
7499,0.906139161276862,XG
8754,0.906060922178176,ADAM9
58484,0.906008762779053,NLRC4
283383,0.905956603379929,ADGRD1
2014,0.905904443980805,EMP3
2313,0.905852284581682,FLI1
10100,0.905774045482996,TSPAN2
5737,0.905774045482996,PTGFR
79814,0.90569580638431,AGMAT
50507,0.905643646985187,NOX4
744,0.905591487586063,MPPED2
11005,0.905539328186939,SPINK5
3356,0.905487168787816,HTR2A
7356,0.90540892968913,SCGB1A1
2294,0.90540892968913,FOXF1
80055,0.905304610890883,PGAP1
6354,0.905304610890883,CCL7
154043,0.905226371792197,CNKSR3
2348,0.905174212393073,FOLR1
65059,0.905095973294388,RAPH1
6307,0.905095973294388,MSMO1
100507632,0.904965574796578,LINC00968
5502,0.904965574796578,PPP1R1A
1512,0.904965574796578,CTSH
59339,0.904861255998331,PLEKHA2
6272,0.904809096599207,SORT1
11343,0.904756937200083,MGLL
2651,0.904678698101398,GCNT2
1469,0.904678698101398,CST1
6285,0.904600459002712,S100B
6456,0.904548299603589,SH3GL2
1734,0.904496140204465,DIO2
148170,0.904443980805341,CDC42EP5
10261,0.904391821406217,IGSF6
284217,0.904313582307532,LAMA1
6505,0.904313582307532,SLC1A1
23468,0.904209263509284,CBX5
22843,0.904209263509284,PPM1E
54453,0.904131024410599,RIN2
4600,0.904078865011475,MX2
266977,0.904026705612351,ADGRF1
146456,0.903948466513666,TMED6
64167,0.903948466513666,ERAP2
25802,0.903844147715418,LMOD1
3487,0.903844147715418,IGFBP4
7915,0.903739828917171,ALDH5A1
820,0.903739828917171,CAMP
116039,0.903661589818485,OSR2
23266,0.9035833507198,ADGRL2
11030,0.9035833507198,RBPMS
387357,0.903505111621114,THEMIS
79805,0.903426872522429,VASH2
4016,0.903426872522429,LOXL1
9882,0.903348633423743,TBC1D4
5914,0.903296474024619,RARA
286827,0.903218234925934,TRIM59
11326,0.903218234925934,VSIG4
54463,0.903113916127686,RETREG1
136,0.903113916127686,ADORA2B
51621,0.903009597329439,KLF13
2099,0.903009597329439,ESR1
51474,0.902931358230753,LIMA1
388336,0.902879198831629,SHISA6
163351,0.902827039432506,GBP6
25817,0.902774880033382,TAFA5
1393,0.902722720634258,CRHBP
4001,0.902670561235135,LMNB1
22941,0.902566242436887,SHANK2
8349,0.902566242436887,H2BC21
2328,0.902566242436887,FMO3
2674,0.90246192363864,GFRA1
374918,0.902409764239516,IGFL1
3169,0.902357604840392,FOXA1
100190986,0.902253286042145,LOC100190986
2561,0.902253286042145,GABRB2
32,0.902253286042145,ACACB
51129,0.902096807844774,ANGPTL4
51088,0.902096807844774,KLHL5
9770,0.902096807844774,RASSF2
54103,0.901992489046526,GSAP
5920,0.901940329647402,PLAAT4
79695,0.901862090548717,GALNT12
940,0.901862090548717,CD28
84418,0.901731692050908,CYSTM1
7026,0.901731692050908,NR2F2
1991,0.901731692050908,ELANE
1901,0.90162737325266,S1PR1
9975,0.901523054454413,NR1D2
6506,0.901523054454413,SLC1A2
5787,0.901523054454413,PTPRB
4045,0.901418735656165,LSAMP
7060,0.901366576257042,THBS4
5004,0.901314416857918,ORM1
346389,0.901262257458794,MACC1
152573,0.901157938660547,SHISA3
55800,0.901157938660547,SCN3B
2113,0.901157938660547,ETS1
54210,0.901053619862299,TREM1
4602,0.901001460463175,MYB
138255,0.900949301064052,CFAP95
7570,0.900897141664928,ZNF22
3357,0.900844982265804,HTR2B
5243,0.900792822866681,ABCB1
340547,0.900740663467557,VSIG1
10602,0.900662424368871,CDC42EP3
1004,0.900662424368871,CDH6
29995,0.900558105570624,LMCD1
7851,0.900558105570624,MALL
57608,0.900453786772376,JCAD
9122,0.900453786772376,SLC16A4
2770,0.900375547673691,GNAI1
54482,0.900297308575005,TRMT13
3572,0.900297308575005,IL6ST
286144,0.900192989776758,TRIQK
5796,0.900192989776758,PTPRK
5650,0.900114750678072,KLK7
84034,0.900010431879825,EMILIN2
54873,0.900010431879825,PALMD
10371,0.900010431879825,SEMA3A
23166,0.899906113081577,STAB1
3753,0.899853953682454,KCNE1
84634,0.89980179428333,KISS1R
7052,0.899749634884206,TGM2
55214,0.899671395785521,P3H2
8061,0.899671395785521,FOSL1
5730,0.899593156686835,PTGDS
7185,0.899514917588149,TRAF1
1407,0.899514917588149,CRY1
2308,0.899436678489464,FOXO1
7025,0.899358439390778,NR2F1
781,0.899358439390778,CACNA2D1
11167,0.899254120592531,FSTL1
978,0.899254120592531,CDA
25893,0.899175881493845,TRIM58
3665,0.899123722094721,IRF7
266747,0.899071562695598,RGL4
93664,0.899019403296474,CADPS2
7068,0.89896724389735,THRB
5791,0.898915084498227,PTPRE
154661,0.898836845399541,RUNDC3B
83990,0.898836845399541,BRIP1
56952,0.898732526601294,PRTFDC1
9369,0.898732526601294,NRXN3
64595,0.898654287502608,TTTY15
26040,0.898602128103484,SETBP1
23650,0.898549968704361,TRIM29
389831,0.898497809305237,LOC389831
9319,0.898445649906113,TRIP13
81704,0.898367410807428,DOCK8
2752,0.898367410807428,GLUL
7053,0.89826309200918,TGM3
3321,0.89826309200918,IGSF3
4884,0.898184852910494,NPTX1
29909,0.898132693511371,GPR171
3976,0.898080534112247,LIF
51274,0.897976215314,KLF3
4212,0.897976215314,MEIS2
4170,0.897976215314,MCL1
731424,0.89784581681619,MIR3945HG
53346,0.89784581681619,TM6SF1
9365,0.897741498017943,KL
6441,0.897741498017943,SFTPD
2213,0.897663258919257,FCGR2B
54538,0.897585019820572,ROBO4
4162,0.897585019820572,MCAM
9214,0.897506780721886,FCMR
4129,0.897454621322762,MAOB
84171,0.897402461923639,LOXL4
116154,0.897324222824953,PHACTR3
5359,0.897324222824953,PLSCR1
116843,0.897245983726268,SLC18B1
100506776,0.897167744627582,TRG-AS1
400954,0.897167744627582,EML6
116844,0.897063425829334,LRG1
4791,0.897063425829334,NFKB2
440416,0.896985186730649,CCDC144NL-AS1
100287616,0.896933027331525,LOXL1-AS1
80114,0.896880867932401,BICC1
9517,0.896802628833716,SPTLC2
3983,0.896802628833716,ABLIM1
11199,0.89672438973503,ANXA10
144406,0.896646150636345,CFAP251
2786,0.896646150636345,GNG4
875,0.896567911537659,CBS
407026,0.896489672438973,MIR29C
10129,0.896489672438973,FRY
22866,0.896411433340288,CNKSR2
81578,0.896359273941164,COL21A1
157506,0.89630711454204,RDH10
10103,0.896254955142917,TSPAN1
64208,0.896176716044231,POPDC3
3728,0.896176716044231,JUP
4741,0.896098476945546,NEFM
1491,0.89604631754642206,CTH
100499467,0.895994158147298,LINC00673
9143,0.895915919048613,SYNGR3
9099,0.895915919048613,USP2
255231,0.895837679949927,MCOLN2
343990,0.895759440851241,CRACDL
5308,0.895759440851241,PITX2
100505633,0.895655122052994,LINC01133
55600,0.895655122052994,ITLN1
57509,0.895524723555185,MTUS1
7559,0.895524723555185,ZNF12
3593,0.895524723555185,IL12B
81031,0.895394325057375,SLC2A10
5729,0.895394325057375,PTGDR
6571,0.89531608595868994,SLC18A2
2295,0.895263926559566,FOXF2
147463,0.895211767160442,ANKRD29
375061,0.895159607761319,FAM89A
8993,0.895107448362195,PGLYRP1
966,0.895055288963071,CD59
546,0.895003129563947,ATRX
170689,0.894872731066138,ADAMTS15
55183,0.894872731066138,RIF1
7846,0.894872731066138,TUBA1A
6943,0.894872731066138,TCF21
8522,0.894690173169205,GAS7
712,0.894690173169205,C1QA
558,0.894690173169205,AXL
79083,0.894585854370958,MLPH
84518,0.894533694971834,CNFN
302,0.89448153557271,ANXA2
2774,0.894429376173587,GNAL
1515,0.894377216774463,CTSV
6926,0.894298977675777,TBX3
2244,0.894298977675777,FGB
83998,0.894220738577092,REG4
2115,0.894168579177968,ETV1
684,0.894090340079282,BST2
566,0.894090340079282,AZU1
944,0.894012100980597,TNFSF8
64123,0.893959941581473,ADGRL4
79785,0.893907782182349,RERGL
1073,0.893829543083664,CFL2
677,0.893829543083664,ZFP36L1
2066,0.893725224285416,ERBB4
205,0.893725224285416,AK4
9899,0.893594825787607,SV2B
8128,0.893594825787607,ST8SIA2
1759,0.893594825787607,DNM1
148811,0.893464427289798,PM20D1
7976,0.893464427289798,FZD3
479,0.893386188191112,ATP12A
112399,0.893334028791988,EGLN3
11095,0.893281869392865,ADAMTS8
130367,0.893177550594617,SGPP2
6330,0.893177550594617,SCN4B
5046,0.893177550594617,PCSK6
9749,0.893047152096808,PHACTR2
8334,0.893047152096808,H2AC6
56829,0.892916753598999,ZC3HAV1
24138,0.892916753598999,IFIT5
8618,0.892916753598999,CADPS
730249,0.892708116002504,ACOD1
221395,0.892708116002504,ADGRF5
89797,0.892708116002504,NAV2
9771,0.892708116002504,RAPGEF5
4013,0.892708116002504,VWA5A
84659,0.892551637805132,RNASE7
5522,0.892499478406009,PPP2R2C
974,0.892447319006885,CD79B
58189,0.892343000208638,WFDC1
6566,0.892343000208638,SLC16A1
4684,0.892343000208638,NCAM1
2114,0.89223868141039,ETS2
9783,0.892186522011266,RIMS3
91607,0.892134362612143,SLFN11
100288432,0.892056123513457,IL10RB-DT
23524,0.892056123513457,SRRM2
6775,0.89195180471521,STAT4
953,0.89195180471521,ENTPD1
5154,0.891873565616524,PDGFA
4086,0.8918214062174,SMAD1
440,0.891769246818277,ASNS
140738,0.891691007719591,TMEM37
27295,0.891691007719591,PDLIM3
2015,0.891612768620905,ADGRE1
53836,0.891560609221782,GPR87
283860,0.891482370123096,LINC00304
5420,0.891482370123096,PODXL
259232,0.891351971625287,NALCN
130271,0.891351971625287,PLEKHH2
22854,0.891351971625287,NTNG1
123872,0.891247652827039,DNAAF1
51361,0.891195493427916,HOOK1
81563,0.891065094930106,C1orf21
58472,0.891065094930106,SQOR
57121,0.891065094930106,LPAR5
23176,0.891065094930106,SEPTIN8
57088,0.890934696432297,PLSCR4
79817,0.890856457333612,MOB3B
2861,0.890856457333612,GPR37
128553,0.890726058835802,TSHZ2
27197,0.890726058835802,GPR82
915,0.890726058835802,CD3D
149628,0.890621740037555,PYHIN1
10332,0.890569580638431,CLEC4M
84649,0.890517421239307,DGAT2
92304,0.890465261840184,SCGB3A1
89795,0.89041310244106,NAV3
145447,0.890282703943251,ABHD12B
9586,0.890282703943251,CREB5
5654,0.890282703943251,HTRA1
196,0.890282703943251,AHR
6368,0.890152305445441,CCL23
84978,0.890074066346756,FRMD5
719,0.890074066346756,C3AR1
8685,0.88999582724807,MARCO
57493,0.889917588149384,HEG1
5698,0.889917588149384,PSMB9
79026,0.889839349050699,AHNAK
81539,0.889787189651575,SLC38A1
1230,0.889735030252451,CCR1
219348,0.889656791153766,PLAC9
2040,0.889656791153766,STOM
6702,0.88957855205508,SPRR2C
84333,0.889500312956395,PCGF5
395,0.889500312956395,ARHGAP6
8543,0.889422073857709,LMO4
9635,0.889369914458585,CLCA2
822,0.889317755059462,CAPG
6398,0.889265595660338,SECTM1
10161,0.889213436261214,LPAR6
116071,0.889135197162529,BATF2
4852,0.889135197162529,NPY
6654,0.889056958063843,SOS1
2591,0.889004798664719,GALNT3
116362,0.888952639265596,RBP7
23254,0.888900479866472,KAZN
23157,0.888822240767786,SEPTIN6
8630,0.888822240767786,HSD17B6
6320,0.888744001669101,CLEC11A
6367,0.888691842269977,CCL22
6513,0.888639682870853,SLC2A1
92421,0.88858752347173,CHMP4C
55034,0.888509284373044,MOCOS
1521,0.888509284373044,CTSW
144568,0.888431045274358,A2ML1
493869,0.888378885875235,GPX8
728392,0.888326726476111,LOC728392
51365,0.888248487377425,PLA1A
8821,0.888248487377425,INPP4B
123,0.88817024827874,PLIN2
7134,0.888092009180054,TNNC1
2869,0.888092009180054,GRK5
10699,0.887961610682245,CORIN
4090,0.887961610682245,SMAD5
3381,0.887961610682245,IBSP
117247,0.887805132484874,SLC16A10
6886,0.887805132484874,TAL1
3684,0.887805132484874,ITGAM
3914,0.887674733987064,LAMB3
602,0.887674733987064,BCL3
55704,0.887596494888379,CCDC88A
2013,0.887518255789693,EMP2
351,0.887518255789693,APP
7022,0.887440016691008,TFAP2C
100628315,0.887387857291884,DNM3OS
387882,0.88733569789276,C12orf75
50861,0.887283538493637,STMN3
23043,0.887231379094513,TNIK
23406,0.887179219695389,COTL1
23150,0.887100980596704,FRMD4B
7991,0.887100980596704,TUSC3
134147,0.887022741498018,CMBL
338773,0.886970582098894,TMEM119
3480,0.886918422699771,IGF1R
4651,0.886866263300647,MYO10
1153,0.886814103901523,CIRBP
2203,0.886761944502399,FBP1
221002,0.886683705403714,RASGEF1A
84612,0.886683705403714,PARD6B
22996,0.886605466305028,TTC39A
132299,0.886501147506781,OCIAD2
114794,0.886501147506781,ELFN2
55314,0.886501147506781,TMEM144
26046,0.886396828708533,LTN1
6476,0.88634466930941,SI
387066,0.886292509910286,SNHG5
29931,0.886240350511162,LINC00312
29091,0.886188191112038,STXBP6
122786,0.886109952013353,FRMD6
93035,0.886109952013353,PKHD1L1
23348,0.886031712914667,DOCK9
221091,0.885979553515543,LRRN4CL
114088,0.885901314416858,TRIM9
8826,0.885901314416858,IQGAP1
8710,0.885823075318172,SERPINB7
51523,0.885770915919049,CXXC5
100506211,0.885692676820363,MIR210HG
23057,0.885692676820363,NMNAT2
55840,0.885588358022116,EAF2
8291,0.885588358022116,DYSF
3912,0.88551011892343,LAMB1
3556,0.885457959524306,IL1RAP
1687,0.885405800125183,GSDME
2246,0.885353640726059,FGF1
4250,0.885301481326935,SCGB2A2
3017,0.885249321927811,H2BC5
100506013,0.885197162528688,APELA
79075,0.885145003129564,DSCC1
399972,0.88509284373044,GSEC
5087,0.885014604631755,PBX1
4487,0.885014604631755,MSX1
131034,0.884910285833507,CPNE4
130497,0.884910285833507,OSR1
116441,0.88480596703526,TM4SF18
55765,0.88480596703526,INAVA
85439,0.884701648237012,STON2
10763,0.884701648237012,NES
3760,0.884623409138327,KCNJ3
55215,0.884571249739203,FANCI
10486,0.884466930940956,CAP2
4281,0.884466930940956,MID1
2863,0.884466930940956,GPR39
168537,0.884362612142708,GIMAP7
55353,0.884310452743584,LAPTM4B
2731,0.884258293344461,GLDC
27286,0.884206133945337,SRPX2
137075,0.884153974546213,CLDN23
5226,0.88410181514709,PGD
113115,0.884049655747966,MTFR2
6004,0.88397141664928,RGS16
1948,0.88397141664928,EFNB2
51309,0.883867097851033,ARMCX1
3006,0.883867097851033,H1-2
653808,0.883788858752347,ZG16
2272,0.883736699353223,FHIT
9886,0.883632380554976,RHOBTB1
5583,0.883632380554976,PRKCH
1649,0.883632380554976,DDIT3
11001,0.883528061756729,SLC27A2
55784,0.883475902357605,MCTP2
7286,0.883423742958481,TUFT1
13,0.883371583559357,AADAC
51778,0.883319424160234,MYOZ2
54436,0.88326726476111,SH3TC1
3653,0.883215105361986,IPW
50804,0.883162945962862,MYEF2
9945,0.883110786563739,GFPT2
84159,0.883032547465053,ARID5B
828,0.883032547465053,CAPS
10611,0.882954308366368,PDLIM5
6624,0.882902148967244,FSCN1
4683,0.88284998956812,NBN
6657,0.882745670769873,SOX2
5797,0.882745670769873,PTPRM
4919,0.882745670769873,ROR1
6523,0.882641351971625,SLC5A1
57111,0.882589192572502,RAB25
170692,0.882537033173378,ADAMTS18
3718,0.882484873774254,JAK3
7079,0.88243271437513,TIMP4
54518,0.882380554976007,APBB1IP
9435,0.882328395576883,CHST2
127254,0.882276236177759,ERICH3
54206,0.882171917379512,ERRFI1
11346,0.882171917379512,SYNPO
8642,0.882171917379512,DCHS1
400043,0.882067598581264,LINC02381
6299,0.881989359482579,SALL1
4091,0.881989359482579,SMAD6
6860,0.881885040684331,SYT4
2305,0.881885040684331,FOXM1
6338,0.881806801585646,SCNN1B
9732,0.88172856248696,DOCK4
8572,0.88172856248696,PDLIM4
389432,0.881650323388275,SAMD5
6713,0.881598163989151,SQLE
2053,0.881546004590027,EPHX2
25845,0.881493845190903,PP7080
57801,0.88144168579178,HES4
3887,0.881389526392656,KRT81
913,0.881337366993532,CD1E
158471,0.881233048195285,PRUNE2
133746,0.881233048195285,JMY
51557,0.881233048195285,LGSN
84981,0.881102649697476,MIR22HG
8555,0.881102649697476,CDC14B
3777,0.88102441059879,KCNK3
64078,0.880946171500104,SLC28A3
4810,0.880946171500104,NHS
79745,0.880867932401419,CLIP4
132720,0.880815773002295,FAM241A
56243,0.880737533903609,KIAA1217
273,0.880737533903609,AMPH
144501,0.880633215105362,KRT80
3394,0.880633215105362,IRF8
83886,0.880554976006676,PRSS27
90632,0.880502816607553,LINC00473
51673,0.880450657208429,TPPP3
54769,0.880372418109743,DIRAS2
6652,0.880372418109743,SORD
27063,0.880294179011058,ANKRD1
57733,0.880215939912372,GBA3
10133,0.880215939912372,OPTN
107,0.880137700813687,ADCY1
85358,0.880085541414563,SHANK3
54941,0.880007302315877,RNF125
10320,0.880007302315877,IKZF1
1286,0.879929063217192,COL4A4
114818,0.879798664719382,KLHL29
83543,0.879798664719382,AIF1L
59353,0.879798664719382,TMEM35A
57580,0.879798664719382,PREX1
84735,0.879642186522011,CNDP1
26228,0.879642186522011,STAP1
79679,0.879563947423326,VTCN1
1942,0.879511788024202,EFNA1
163486,0.879407469225954,DENND1B
60468,0.879407469225954,BACH2
10209,0.879407469225954,EIF1
55686,0.879303150427707,MREG
80323,0.879250991028583,CCDC68
2729,0.87919883162946,GCLC
1755,0.879146672230336,DMBT1
441733,0.879094512831212,PRKXP1
5732,0.879042353432088,PTGER2
219699,0.878990194032965,UNC5B
390,0.878938034633841,RND3
389336,0.878885875234717,C5orf46
9077,0.878833715835594,DIRAS3
59350,0.878755476736908,RXFP1
5652,0.878755476736908,PRSS8
55466,0.878651157938661,DNAJA4
1154,0.878651157938661,CISH
11037,0.878572918839975,STON1
5212,0.878494679741289,VIT
3955,0.878494679741289,LFNG
11278,0.878416440642604,KLF12
652995,0.878338201543918,UCA1
2534,0.878338201543918,FYN
5618,0.878259962445233,PRLR
378805,0.878207803046109,LINC-PINT
768211,0.878155643646985,RELL1
54704,0.8780774045483,PDP1
51703,0.8780774045483,ACSL5
23261,0.877973085750052,CAMTA1
8082,0.877973085750052,SSPN
123036,0.877868766951805,TC2N
9465,0.877868766951805,AKAP7
100134259,0.877764448153557,LINC01119
112464,0.877764448153557,CAVIN3
2743,0.87766012935531,GLRB
150,0.87766012935531,ADRA2A
130340,0.877581890256624,AP1S3
57211,0.877529730857501,ADGRG6
8673,0.877477571458377,VAMP8
7051,0.877425412059253,TGM1
28234,0.877373252660129,SLCO1B3
54762,0.877295013561444,GRAMD1C
4327,0.877295013561444,MMP19
50859,0.877216774462758,SPOCK3
8600,0.877164615063634,TNFSF11
388650,0.877086375964949,DIPK1A
55359,0.877086375964949,STYK1
25836,0.877008136866263,NIPBL
3053,0.87695597746714,SERPIND1
26010,0.876877738368454,SPATS2L
8793,0.876877738368454,TNFRSF10D
51251,0.876799499269768,NT5C3A
55351,0.876747339870645,STK32B
56704,0.876695180471521,JPH1
23017,0.876643021072397,FAIM2
79153,0.876590861673273,GDPD3
121457,0.876512622574588,IKBIP
655,0.876512622574588,BMP7
9244,0.876434383475902,CRLF1
1364,0.876356144377217,CLDN4
911,0.876356144377217,CD1C
57554,0.876277905278531,LRRC7
29015,0.876225745879407,SLC43A3
407738,0.876173586480284,TAFA1
8496,0.87612142708116,PPFIBP1
55584,0.876069267682036,CHRNA9
284424,0.875991028583351,MIR7-3HG
170575,0.875991028583351,GIMAP1
84879,0.875860630085541,MFSD2A
3775,0.875860630085541,KCNK1
3217,0.875860630085541,HOXB7
57502,0.875730231587732,NLGN4X
901,0.875730231587732,CCNG2
5205,0.875651992489047,ATP8B1
29896,0.875599833089923,TRA2A
683,0.875547673690799,BST1
6583,0.875495514291675,SLC22A4
645687,0.875391195493428,LINC00520
619279,0.875391195493428,ZNF704
26049,0.875391195493428,FAM169A
79192,0.875260796995619,IRX1
8728,0.875260796995619,ADAM19
57134,0.875182557896933,MAN1C1
284119,0.875130398497809,CAVIN1
121551,0.875078239098686,BTBD11
27319,0.875026079699562,BHLHE22
55107,0.874973920300438,ANO1
221079,0.874869601502191,ARL5B
120114,0.874869601502191,FAT3
27165,0.874869601502191,GLS2
199,0.874739203004381,AIF1
94,0.874739203004381,ACVRL1
9480,0.874660963905696,ONECUT2
8820,0.87458272480701,HESX1
2745,0.87458272480701,GLRX
135932,0.874452326309201,TMEM139
93099,0.874452326309201,DMKN
4053,0.874452326309201,LTBP2
5896,0.874348007510953,RAG1
407975,0.87429584811183,MIR17HG
6663,0.874243688712706,SOX10
25801,0.874191529313582,GCA
7348,0.874139369914459,UPK1B
79930,0.874061130815773,DOK3
11169,0.874061130815773,WDHD1
55283,0.873956812017526,MCOLN3
3337,0.873956812017526,DNAJB1
5294,0.87387857291884,PIK3CG
55930,0.873826413519716,MYO5C
100505881,0.873748174421031,MAGI2-AS3
57447,0.873748174421031,NDRG2
64097,0.873669935322345,EPB41L4A
9891,0.873617775923221,NUAK1
6035,0.873565616524098,RNASE1
81611,0.873513457124974,ANP32E
259307,0.87346129772585,IL4I1
55366,0.873409138326727,LGR4
3683,0.873356978927603,ITGAL
91614,0.873278739828917,DEPDC7
8339,0.873278739828917,H2BC8
27086,0.873200500730232,FOXP1
5122,0.873148341331108,PCSK1
104,0.873096181931984,ADARB1
7098,0.87304402253286,TLR3
23327,0.872965783434175,NEDD4L
961,0.872965783434175,CD47
89932,0.872835384936366,PAPLN
87178,0.872835384936366,PNPT1
10232,0.872835384936366,MSLN
115265,0.872704986438556,DDIT4L
6277,0.872704986438556,S100A6
84553,0.872574587940747,FAXC
79983,0.872574587940747,POF1B
3587,0.872574587940747,IL10RA
84709,0.872470269142499,MGARP
79469,0.872365950344252,DLEU2L
9212,0.872365950344252,AURKB
4241,0.872365950344252,MELTF
1953,0.872261631546005,MEGF6
9815,0.872209472146881,GIT2
9910,0.872105153348633,RABGAP1L
5349,0.872105153348633,FXYD3
993,0.872105153348633,CDC25A
2304,0.872000834550386,FOXE1
114793,0.871948675151262,FMNL2
23250,0.871870436052577,ATP11A
4958,0.871870436052577,OMD
2535,0.871792196953891,FZD2
54477,0.871713957855206,PLEKHA5
10018,0.871713957855206,BCL2L11
56920,0.87163571875652,SEMA3G
131583,0.871583559357396,FAM43A
121512,0.871505320258711,FGD4
56975,0.871505320258711,FAM20C
23516,0.871427081160025,SLC39A14
55801,0.871374921760901,IL26
55723,0.871322762361778,ASF1B
394,0.871270602962654,ARHGAP5
57698,0.87121844356353,SHTN1
170302,0.871166284164406,ARX
63895,0.871088045065721,PIEZO2
8801,0.871088045065721,SUCLG2
374393,0.870983726267473,FAM111B
2494,0.870983726267473,NR5A2
7881,0.870905487168788,KCNAB1
79762,0.870853327769664,C1orf115
220213,0.87080116837054,OTUD1
6495,0.870749008971417,SIX1
83666,0.870670769872731,PARP9
2662,0.870670769872731,GDF10
55103,0.870592530774046,RALGPS2
3918,0.870540371374922,LAMC2
340152,0.870488211975798,ZC3H12D
283298,0.870436052576674,OLFML1
221895,0.870383893177551,JAZF1
100506658,0.870331733778427,OCLN
51334,0.870253494679741,PRR16
242,0.870253494679741,ALOX12B
115701,0.870123096181932,ALPK2
25891,0.870123096181932,PAMR1
9397,0.870123096181932,NMT2
84314,0.870018777383684,TMEM107
9444,0.869966617984561,QKI
3226,0.869914458585437,HOXC10
169200,0.86981013978719,TMEM64
83699,0.86981013978719,SH3BGRL2
58473,0.86981013978719,PLEKHB1
117248,0.869705820988942,GALNT15
79694,0.869575422491133,MANEA
57669,0.869575422491133,EPB41L5
54947,0.869575422491133,LPCAT2
4835,0.869575422491133,NQO2
8877,0.869445023993324,SPHK1
729359,0.8693928645942,PLIN4
387103,0.869340705195076,CENPW
10690,0.869288545795952,FUT9
9806,0.869236386396829,SPOCK2
963,0.869184226997705,CD53
79154,0.869132067598581,DHRS11
23251,0.869079908199458,MINAR1
80303,0.869027748800334,EFHD1
678,0.86897558940121,ZFP36L2
79605,0.868897350302524,PGBD5
4922,0.868897350302524,NTS
152330,0.868793031504277,CNTN4
23682,0.868793031504277,RAB38
57188,0.86868871270603,ADAMTSL3
51284,0.86868871270603,TLR7
25816,0.868610473607344,TNFAIP8
340533,0.868532234508658,NEXMIF
5873,0.868532234508658,RAB27A
54796,0.868427915710411,BNC2
3664,0.868427915710411,IRF6
84366,0.868323596912164,PRAC1
80177,0.868323596912164,MYCT1
125488,0.868219278113916,TTC39C
2201,0.868219278113916,FBN2
83667,0.868088879616107,SESN2
83394,0.868088879616107,PITPNM3
7802,0.868088879616107,DNALI1
5068,0.867984560817859,REG3A
7644,0.867906321719174,ZNF91
939,0.867906321719174,CD27
114884,0.867775923221365,OSBPL10
23242,0.867775923221365,COBL
5163,0.867775923221365,PDK1
4286,0.867671604423117,MITF
79987,0.867593365324431,SVEP1
336,0.867593365324431,APOA2
55365,0.867515126225746,TMEM176A
80328,0.867410807427498,ULBP2
27306,0.867410807427498,HPGDS
6920,0.867410807427498,TCEA3
6366,0.867306488629251,CCL21
5336,0.867254329230127,PLCG2
207107,0.86715001043188,SFTA1P
51280,0.86715001043188,GOLM1
10406,0.86715001043188,WFDC2
135112,0.866993532234509,NCOA7
9693,0.866993532234509,RAPGEF2
1365,0.866993532234509,CLDN3
120939,0.866889213436261,TMEM52B
83937,0.866837054037138,RASSF4
33,0.866784894638014,ACADL
54,0.86673273523889,ACP5
26112,0.866654496140205,CCDC69
669,0.866654496140205,BPGM
2044,0.866576257041519,EPHA5
83700,0.866524097642395,JAM3
57758,0.86644585854371,SCUBE2
23576,0.86644585854371,DDAH1
5244,0.866341539745462,ABCB4
4854,0.866341539745462,NOTCH3
1902,0.866263300646777,LPAR1
115761,0.866185061548091,ARL11
51512,0.866185061548091,GTSE1
120892,0.866080742749843,LRRK2
7040,0.866080742749843,TGFB1
56648,0.866002503651158,EIF5A2
1040,0.865950344252034,CDS1
9056,0.865872105153349,SLC7A7
8547,0.865872105153349,FCN3
2208,0.865793866054663,FCER2
253970,0.865741706655539,SFTA3
140606,0.865689547256416,SELENOM
100507421,0.86561130815773,TMEM178B
7075,0.86561130815773,TIE1
3992,0.865506989359483,FADS1
26,0.865506989359483,AOC1
3148,0.865428750260797,HMGB2
91752,0.865376590861673,ZNF804A
973,0.86532443146255,CD79A
5077,0.865272272063426,PAX3
168455,0.86519403296474,CCDC71L
64859,0.86519403296474,NABP1
10000,0.865089714166493,AKT3
343,0.865089714166493,AQP8
121506,0.865011475067807,ERP27
4879,0.864959315668683,NPPB
26525,0.86490715626956,IL36RN
26575,0.864828917170874,RGS17
5307,0.864828917170874,PITX1
57559,0.864698518673065,STAMBPL1
53353,0.864698518673065,LRP1B
51421,0.864698518673065,AMOTL2
2323,0.864594199874817,FLT3LG
2566,0.864542040475694,GABRG2
143903,0.864437721677446,LAYN
116984,0.864437721677446,ARAP2
6502,0.864437721677446,SKP2
753,0.864307323179637,LDLRAD4
430,0.864307323179637,ASCL2
217,0.864229084080951,ALDH2
3055,0.864176924681828,HCK
91526,0.864098685583142,ANKRD44
4155,0.864098685583142,MBP
9912,0.863968287085333,ARHGAP44
5947,0.863968287085333,RBP1
1152,0.863968287085333,CKB
220963,0.863863968287085,SLC16A9
55796,0.863811808887962,MBNL3
26253,0.863707490089714,CLEC4E
23671,0.863707490089714,TMEFF2
1791,0.863707490089714,DNTT
84824,0.863524932192781,FCRLA
80781,0.863524932192781,COL18A1
1740,0.863524932192781,DLG2
1510,0.863524932192781,CTSE
80736,0.863394533694972,SLC44A4
222487,0.863316294596286,ADGRG3
122060,0.863316294596286,SLAIN1
151651,0.863185896098477,EFHB
84072,0.863185896098477,HORMAD1
10655,0.863185896098477,DMRT2
145270,0.863081577300229,PRIMA1
9737,0.863029417901106,GPRASP1
3209,0.862977258501982,HOXA13
83852,0.862925099102858,SETDB2
64850,0.862872939703735,ETNPPL
11145,0.862820780304611,PLAAT3
23215,0.862768620905487,PRRC2C
163782,0.862716461506363,KANK4
57491,0.862638222407678,AHRR
51196,0.862638222407678,PLCE1
3034,0.862559983308992,HAL
8477,0.862507823909869,GPR65
57507,0.862455664510745,ZNF608
91768,0.862403505111621,CABLES1
2702,0.862351345712497,GJA5
157,0.862299186313374,GRK3
4353,0.86224702691425,MPO
53829,0.862194867515126,P2RY13
642477,0.862142708116002,NA
5126,0.862064469017317,PCSK2
4689,0.862064469017317,NCF4
57224,0.861986229918631,NHSL1
1031,0.861907990819946,CDKN2C
722,0.861907990819946,C4BPA
8483,0.861803672021698,CILP
4778,0.861803672021698,NFE2
51700,0.861699353223451,CYB5R2
10866,0.861699353223451,HCP5
8850,0.861595034425203,KAT2B
2070,0.861595034425203,EYA4
57569,0.861516795326518,ARHGAP20
91351,0.861464635927394,DDX60L
27232,0.861386396828709,GNMT
4103,0.861386396828709,MAGEA4
26278,0.861229918631337,SACS
9262,0.861229918631337,STK17B
8612,0.861229918631337,PLPP2
2268,0.861229918631337,FGR
51809,0.861073440433966,GALNT7
23508,0.861073440433966,TTC9
169792,0.860969121635719,GLIS3
3851,0.860969121635719,KRT4
4642,0.860864802837471,MYO1D
2352,0.860864802837471,FOLR3
79370,0.860786563738786,BCL2L14
284207,0.860734404339662,METRNL
7041,0.860682244940538,TGFB1I1
169044,0.860577926142291,COL22A1
81617,0.860577926142291,CAB39L
79822,0.860577926142291,ARHGAP28
151354,0.860473607344043,LRATD1
57484,0.86042144794492,RNF150
284366,0.860369288545796,KLK9
283537,0.860238890047987,SLC46A3
22806,0.860238890047987,IKZF3
5621,0.860238890047987,PRNP
861,0.860238890047987,RUNX1
84296,0.860108491550177,GINS4
124220,0.860030252451492,ZG16B
183,0.860030252451492,AGT
79812,0.859952013352806,MMRN2
26032,0.859899853953682,SUSD5
50848,0.859847694554559,F11R
6326,0.859769455455873,SCN2A
5738,0.859769455455873,PTGFRN
23127,0.859691216357188,COLGALT2
126969,0.859639056958064,SLC44A3
92241,0.85958689755894,RCSD1
1280,0.859534738159816,COL2A1
219654,0.859482578760693,ZCCHC24
260429,0.859378259962445,PRSS33
26033,0.859378259962445,ATRNL1
4008,0.859378259962445,LMO7
55536,0.859273941164198,CDCA7L
5930,0.859221781765074,RBBP6
80704,0.85916962236595,SLC19A3
8871,0.859117462966827,SYNJ2
57182,0.859065303567703,ANKRD50
84679,0.858987064469017,SLC9A7
8936,0.858987064469017,WASF1
29842,0.858908825370332,TFCP2L1
10396,0.858856665971208,ATP8A1
55062,0.858804506572084,WIPI1
121601,0.858700187773837,ANO4
57480,0.858700187773837,PLEKHG1
8988,0.858700187773837,HSPB3
131540,0.858595868975589,ZDHHC19
6480,0.858543709576466,ST6GAL1
23314,0.85846547047778,SATB2
10993,0.85846547047778,SDS
79718,0.858387231379095,TBL1XR1
57110,0.858308992280409,PLAAT1
491,0.858308992280409,ATP2B2
140688,0.858204673482161,NOL4L
5152,0.858204673482161,PDE9A
25939,0.858100354683914,SAMHD1
5629,0.858100354683914,PROX1
55534,0.858022115585228,MAML3
53905,0.857865637387857,DUOX1
10846,0.857865637387857,PDE10A
3236,0.857865637387857,HOXD10
1917,0.857865637387857,EEF1A2
1080,0.857865637387857,CFTR
5346,0.857683079490924,PLIN1
4061,0.857683079490924,LY6E
6385,0.857604840392239,SDC4
80205,0.857500521593991,CHD9
79054,0.857500521593991,TRPM8
2525,0.857500521593991,FUT3
917,0.857396202795744,CD3G
3945,0.85734404339662,LDHB
84708,0.857265804297935,LNX1
23086,0.857265804297935,EXPH5
1811,0.857187565199249,SLC26A3
130733,0.857083246401001,TMEM178A
51466,0.857083246401001,EVL
2009,0.857083246401001,EML1
54664,0.856952847903192,TMEM106B
6934,0.856952847903192,TCF7L2
128602,0.856848529104945,C20orf85
92370,0.856848529104945,PXYLP1
100506229,0.856665971208012,LINC01093
55303,0.856665971208012,GIMAP4
10544,0.856665971208012,PROCR
3070,0.856665971208012,HELLS
1950,0.856665971208012,EGF
8706,0.85650949301064,B3GALNT1
5792,0.856431253911955,PTPRF
4586,0.856431253911955,MUC5AC
23708,0.856353014813269,GSPT2
126393,0.856248696015022,HSPB6
7093,0.856248696015022,TLL2
6785,0.856248696015022,ELOVL4
25902,0.856144377216774,MTHFD1L
170371,0.856092217817651,TMEM273
160428,0.855987899019403,ALDH1L2
79870,0.855987899019403,BAALC
5100,0.855987899019403,PCDH8
2001,0.855883580221156,ELF5
22809,0.855831420822032,ATF5
23321,0.855779261422908,TRIM2
121355,0.855701022324223,GTSF1
79961,0.855701022324223,DENND2D
58476,0.85559670352597506,TP53INP2
796,0.85559670352597506,CALCA
6692,0.85551846442729,SPINT1
727910,0.855440225328604,TLCD2
6689,0.855440225328604,SPIB
2558,0.855361986229919,GABRA5
389206,0.855283747131233,BEND4
84188,0.855283747131233,FAR1
7112,0.855205508032547,TMPO
222584,0.855153348633424,FAM83B
84959,0.8551011892343,UBASH3B
55607,0.855022950135614,PPP1R9A
23397,0.855022950135614,NCAPH
7421,0.854892551637805,VDR
6196,0.854892551637805,RPS6KA2
5225,0.854892551637805,PGC
7048,0.854788232839558,TGFBR2
55355,0.85468391404131006,HJURP
3181,0.85468391404131006,HNRNPA2B1
652,0.85468391404131006,BMP4
128153,0.854579595243063,SPATA17
6812,0.854527435843939,STXBP1
160364,0.854475276444815,CLEC12A
146722,0.854423117045692,CD300LF
247,0.854370957646568,ALOX15B
100507008,0.854292718547882,LINC00844
88,0.854292718547882,ACTN2
23210,0.854188399749635,JMJD6
2596,0.854188399749635,GAP43
245973,0.854110160650949,ATP6V1C2
8910,0.854031921552264,SGCE
2681,0.854031921552264,GGTA1
7855,0.853901523054454,FZD5
7113,0.853901523054454,TMPRSS2
3791,0.853901523054454,KDR
11249,0.853797204256207,NXPH2
2199,0.853745044857083,FBLN2
1381,0.85369288545796,CRABP1
56122,0.853640726058836,PCDHB14
2045,0.853588566659712,EPHA7
57338,0.853536407260588,JPH3
26047,0.853484247861465,CNTNAP2
56172,0.853406008762779,ANKH
5967,0.853406008762779,REG1A
221303,0.853327769664094,FAM162B
345557,0.85327561026497,PLCXD3
27443,0.853223450865846,CECR2
4986,0.85314521176716,OPRK1
2571,0.85314521176716,GAD1
440279,0.853040892968913,UNC13C
11320,0.853040892968913,MGAT4A
5836,0.852962653870227,PYGL
2064,0.852910494471104,ERBB2
54810,0.85285833507198,GIPC2
79623,0.852806175672856,GALNT14
166929,0.852754016273732,SGMS2
1556,0.852701856874609,CYP2B7P
7267,0.852623617775923,TTC3
1102,0.852623617775923,RCBTB2
221833,0.852493219278114,SP8
7122,0.852493219278114,CLDN5
285,0.852493219278114,ANGPT2
2182,0.852388900479866,ACSL4
201651,0.852310661381181,AADACP1
3559,0.852310661381181,IL2RA
93649,0.852232422282495,MYOCD
157285,0.852102023784686,PRAG1
84466,0.852102023784686,MEGF10
57512,0.852102023784686,GPR158
29967,0.852102023784686,LRP12
1111,0.851971625286877,CHEK1
338328,0.851893386188191,GPIHBP1
3671,0.851893386188191,ISLR
22881,0.851815147089506,ANKRD6
344148,0.851762987690382,NCKAP5
83539,0.851710828291258,CHST9
132625,0.851658668892134,ZFP42
81706,0.851606509493011,PPP1R14C
5138,0.851554350093887,PDE2A
202309,0.851476110995201,GAPT
493,0.851476110995201,ATP2B4
3430,0.851397871896516,IFI35
64866,0.851345712497392,CDCP1
439949,0.851267473398706,PRKCQ-AS1
10402,0.851267473398706,ST3GAL6
7432,0.851163154600459,VIP
5118,0.851163154600459,PCOLCE
54549,0.851084915501773,SDK2
22949,0.850980596703526,PTGR1
6706,0.850980596703526,SPRR2G
2890,0.850980596703526,GRIA1
266812,0.850824118506155,NAP1L5
55024,0.850824118506155,BANK1
29951,0.850824118506155,PDZRN4
163404,0.850719799707907,PLPPR5
200734,0.850641560609222,SPRED2
5139,0.850641560609222,PDE3A
7091,0.850563321510536,TLE4
140862,0.850485082411851,ISM1
79652,0.850485082411851,TMEM204
51629,0.850380763613603,SLC25A39
7433,0.850380763613603,VIPR1
27040,0.850302524514918,LAT
308,0.850250365115794,ANXA5
65009,0.85019820571667,NDRG4
100506965,0.850119966617985,PWAR6
79630,0.850119966617985,C1orf54
83856,0.850015647819737,FSD1L
55332,0.850015647819737,DRAM1
4036,0.849937408721052,LRP2
2517,0.849885249321928,FUCA1
80150,0.849807010223242,ASRGL1
50856,0.849807010223242,CLEC4A
5261,0.849728771124557,PHKG2
401494,0.849650532025871,HACD4
8622,0.849650532025871,PDE8B
128218,0.849572292927186,TMEM125
54860,0.849520133528062,MS4A12
619568,0.849467974128938,SNORA4
27284,0.849363655330691,SULT1B1
10148,0.849363655330691,EBI3
3848,0.849363655330691,KRT1
63928,0.849181097433758,CHP2
9568,0.849181097433758,GABBR2
8325,0.849181097433758,FZD8
2266,0.849181097433758,FGG
57713,0.849050698935948,SFMBT2
4853,0.848998539536825,NOTCH2
50810,0.848920300438139,HDGFL3
2170,0.848920300438139,FABP3
388403,0.84878990194033,YPEL2
27346,0.84878990194033,TMEM97
8989,0.84878990194033,TRPA1
100289137,0.848633423742958,FAM95C
286499,0.848633423742958,FAM133A
56935,0.848633423742958,SMCO4
2168,0.848529104944711,FABP1
6281,0.848476945545587,S100A10
7490,0.848398706446902,WT1
7088,0.848398706446902,TLE1
115111,0.848294387648654,SLC26A7
1620,0.848294387648654,BRINP1
2624,0.848190068850407,GATA2
2217,0.848190068850407,FCGRT
8609,0.848111829751721,KLF7
100130733,0.848033590653036,LRRC70
5816,0.848033590653036,PVALB
79755,0.84795535155435,ZNF750
4081,0.847877112455665,MAB21L1
3785,0.847877112455665,KCNQ2
23743,0.847798873356979,BHMT2
6616,0.847746713957855,SNAP25
55228,0.847694554558731,PNMA8A
909,0.847642395159608,CD1A
3713,0.847590235760484,IVL
10105,0.847511996661798,PPIF
10098,0.847511996661798,TSPAN5
128488,0.847433757563113,WFDC12
347252,0.847355518464427,IGFBPL1
307,0.847355518464427,ANXA4
146894,0.84725119966618,CD300LG
84223,0.84725119966618,IQCG
4237,0.847172960567494,MFAP2
220042,0.847120801168371,DDIAS
3386,0.847068641769247,ICAM4
9450,0.847016482370123,LY86
100127983,0.846964322970999,C8orf88
55086,0.846886083872314,RADX
1718,0.846886083872314,DHCR24
57452,0.846781765074066,GALNT16
190,0.846781765074066,NR0B1
56675,0.846703525975381,NRIP3
162394,0.846651366576257,SLFN5
23179,0.846599207177133,RGL1
284422,0.846520968078448,SMIM24
79660,0.846520968078448,PPP1R3B
115350,0.846442728979762,FCRL1
23467,0.846390569580638,NPTXR
153643,0.846312330481953,FAM81B
54625,0.846312330481953,PARP14
92196,0.846234091383267,DAPL1
825,0.846181931984143,CAPN3
353189,0.84612977258502,SLCO4C1
27129,0.846051533486334,HSPB7
11174,0.846051533486334,ADAMTS6
11155,0.845973294387649,LDB3
3561,0.845921134988525,IL2RG
79170,0.845868975589401,PRR15L
6526,0.845816816190277,SLC5A3
55331,0.845738577091592,ACER3
9781,0.845738577091592,RNF144A
401097,0.845634258293344,C3orf80
10207,0.845634258293344,PATJ
3708,0.845556019194659,ITPR1
85379,0.845451700396411,KIAA1671
11118,0.845451700396411,BTN3A2
3852,0.845451700396411,KRT5
137835,0.845321301898602,TMEM71
84451,0.845321301898602,MAP3K21
115677,0.845243062799917,NOSTRIN
134265,0.845138744001669,AFAP1L1
84141,0.845138744001669,EVA1A
9805,0.845138744001669,SCRN1
286343,0.84500834550386,LURAP1L
8313,0.84500834550386,AXIN2
9200,0.844930106405174,HACD1
55244,0.84487794700605,SLC47A1
23312,0.844825787606927,DMXL2
22873,0.844773628207803,DZIP1
399,0.844721468808679,RHOH
2947,0.844669309409556,GSTM3
1908,0.844617150010432,EDN3
4130,0.844564990611308,MAP1A
83661,0.844486751512623,MS4A8
25960,0.844486751512623,ADGRA2
8318,0.844382432714375,CDC45
4645,0.844382432714375,MYO5B
56241,0.844252034216566,SUSD2
23704,0.844252034216566,KCNE4
3589,0.844252034216566,IL11
8744,0.844147715418318,TNFSF9
126669,0.844095556019195,SHE
23013,0.844043396620071,SPEN
5799,0.843965157521385,PTPRN2
4978,0.843965157521385,OPCML
100132891,0.843834759023576,MSC-AS1
6509,0.843834759023576,SLC1A4
3543,0.843834759023576,IGLL1
3566,0.843730440225329,IL4R
89848,0.843652201126643,FCHSD1
8905,0.843652201126643,AP1S2
85301,0.843521802628834,COL27A1
11228,0.843521802628834,RASSF8
1562,0.843521802628834,CYP2C18
2564,0.843417483830586,GABRE
4921,0.843365324431463,DDR2
169355,0.843313165032339,IDO2
7100,0.843261005633215,TLR5
79895,0.84318276653453,ATP8B4
27115,0.84318276653453,PDE7B
57530,0.843078447736282,CGN
6768,0.843078447736282,ST14
2281,0.843000208637597,FKBP1B
51752,0.842921969538911,ERAP1
10157,0.842921969538911,AASS
57216,0.842817650740664,VANGL2
55512,0.842817650740664,SMPD3
148203,0.842739411641978,ZNF738
200504,0.842687252242854,GKN2
57198,0.84263509284373,ATP8B2
55839,0.842556853745045,CENPN
53358,0.842556853745045,SHC3
11339,0.842478614646359,OIP5
1234,0.842426455247236,CCR5
439921,0.842322136448988,MXRA7
374443,0.842322136448988,LOC374443
9699,0.842322136448988,RIMS2
101927279,0.842165658251617,EP300-AS1
151556,0.842165658251617,GPR155
64805,0.842165658251617,P2RY12
30812,0.842035259753808,SOX8
11142,0.842035259753808,PKIG
201161,0.84193094095556,CENPV
57194,0.84193094095556,ATP10A
23363,0.841800542457751,OBSL1
2239,0.841800542457751,GPC4
1464,0.841800542457751,CSPG4
57699,0.841670143959942,CPNE5
23114,0.841670143959942,NFASC
4900,0.841591904861256,NRGN
727,0.84151366576257,C5
396,0.84151366576257,ARHGDIA
22891,0.841409346964323,ZNF365
1428,0.841409346964323,CRYM
199920,0.841331107865637,FYB2
8935,0.841252868766952,SKAP2
2078,0.841252868766952,ERG
57464,0.841122470269143,STRIP2
55240,0.841122470269143,STEAP3
3092,0.841122470269143,HIP1
114815,0.840992071771333,SORCS1
2581,0.840992071771333,GALC
11221,0.840913832672648,DUSP10
6907,0.840861673273524,TBL1X
286097,0.8408095138744,MICU3
9672,0.840757354475276,SDC3
55196,0.840705195076153,RESF1
23230,0.840653035677029,VPS13A
79783,0.840600876277905,SUGCT
3081,0.840548716878782,HGD
132430,0.840496557479658,PABPC4L
11015,0.840444398080534,KDELR3
29799,0.84039223868141,YPEL1
123264,0.840313999582725,SLC51B
1471,0.840313999582725,CST3
53342,0.840235760484039,IL17D
22874,0.840183601084916,PLEKHA6
84465,0.84010536198623,MEGF11
5104,0.84010536198623,SERPINA5
57402,0.840027122887544,S100A14
85415,0.839948883788859,RHPN2
23052,0.839948883788859,ENDOD1
152007,0.839844564990611,GLIPR2
23475,0.839844564990611,QPRT
201501,0.839714166492802,ZBTB7C
51659,0.839714166492802,GINS2
23677,0.839714166492802,SH3BP4
58191,0.839583767994993,CXCL16
55647,0.839583767994993,RAB20
11074,0.839505528896307,TRIM31
57495,0.839453369497183,NWD2
9075,0.83940121009806,CLDN2
22981,0.839349050698936,NINL
5587,0.839296891299812,PRKD1
10276,0.839218652201127,NET1
8416,0.839218652201127,ANXA9
84941,0.839140413102441,HSH2D
57630,0.839036094304194,SH3RF1
3670,0.839036094304194,ISL1
120,0.839036094304194,ADD3
23120,0.838931775505946,ATP10B
645323,0.838853536407261,LINC00461
152404,0.838853536407261,IGSF11
1366,0.838775297308575,CLDN7
3373,0.838723137909451,HYAL1
57552,0.838618819111204,NCEH1
7097,0.838618819111204,TLR2
5696,0.838618819111204,PSMB8
55532,0.838514500312956,SLC30A10
114134,0.838436261214271,SLC2A13
6676,0.838436261214271,SPAG4
9467,0.838358022115585,SH3BP5
84868,0.838227623617776,HAVCR2
55640,0.838227623617776,FLVCR2
5375,0.838227623617776,PMP2
4998,0.838227623617776,ORC1
80223,0.838071145420405,RAB11FIP1
9363,0.838071145420405,RAB33A
170261,0.837966826622157,ZCCHC12
8974,0.837966826622157,P4HA2
79804,0.837888587523472,HAND2-AS1
641700,0.837810348424786,ECSCR
138046,0.837810348424786,RALYL
30845,0.837732109326101,EHD3
83875,0.837575631128729,BCO2
81788,0.837575631128729,NUAK2
79056,0.837575631128729,PRRG4
55220,0.837575631128729,KLHDC8A
10257,0.837575631128729,ABCC4
84561,0.837366993532235,SLC12A8
5825,0.837366993532235,ABCD3
2119,0.837366993532235,ETV5
677811,0.837236595034425,SNORA28
283078,0.837236595034425,MKX
8365,0.83715835593574,H4C8
3046,0.837080116837054,HBE1
416,0.837080116837054,ARSF
10950,0.837001877738368,BTG3
4217,0.836949718339245,MAP3K5
7424,0.836871479240559,VEGFC
2641,0.836871479240559,GCG
55384,0.836793240141874,MEG3
22848,0.83674108074275,AAK1
6489,0.836688921343626,ST8SIA1
389903,0.836610682244941,CSAG3
132864,0.836610682244941,CPEB2
10007,0.836532443146255,GNPDA1
10938,0.836480283747131,EHD1
6581,0.836428124348008,SLC22A3
1644,0.836375964948884,DDC
154091,0.83632380554976,SLC2A12
56833,0.836271646150636,SLAMF8
58499,0.836193407051951,ZNF462
4038,0.836193407051951,LRP4
284415,0.836089088253703,VSTM1
9481,0.836089088253703,SLC25A27
7032,0.836010849155018,TFF2
100505839,0.835958689755894,SH3PXD2A-AS1
253738,0.83590653035677,EBF3
23683,0.835828291258085,PRKD3
654,0.835828291258085,BMP6
26064,0.835750052159399,RAI14
3156,0.835697892760275,HMGCR
23001,0.83561965366159,WDFY3
2006,0.83561965366159,ELN
6578,0.835541414562904,SLCO2A1
5646,0.83548925516378,PRSS3
375791,0.835411016065095,CYSRT1
1041,0.835411016065095,CDSN
135656,0.835306697266847,MUCL3
9643,0.835306697266847,MORF4L2
55655,0.835228458168162,NLRP2
3204,0.835176298769038,HOXA7
137994,0.835098059670353,LETM2
26960,0.835098059670353,NBEA
112609,0.834993740872105,MRAP2
9627,0.834993740872105,SNCAIP
83959,0.834889422073858,SLC4A11
57730,0.834889422073858,ANKRD36B
7482,0.834759023576048,WNT2B
6457,0.834759023576048,SH3GL3
3574,0.834759023576048,IL7
23532,0.834654704777801,PRAME
6715,0.834602545378677,SRD5A1
7453,0.834550385979554,WARS1
284825,0.83449822658043,LINC01697
64641,0.834419987481744,EBF2
874,0.834419987481744,CBR3
2886,0.834341748383059,GRB7
100507254,0.834237429584811,LINC01013
147381,0.834237429584811,CBLN2
8727,0.834237429584811,CTNNAL1
51302,0.834133110786564,CYP39A1
169611,0.834054871687878,OLFML2A
9208,0.834054871687878,LRRFIP1
3613,0.833976632589193,IMPA2
118491,0.833924473190069,CFAP70
3049,0.833846234091383,HBQ1
222,0.833846234091383,ALDH3B2
83876,0.833767994992698,MRO
7368,0.833715835593574,UGT8
55179,0.833637596494888,FAIM
4774,0.833637596494888,NFIA
2018,0.833533277696641,EMX2
1361,0.833533277696641,CPB2
94235,0.833455038597955,GNG8
5199,0.833350719799708,CFP
3679,0.833350719799708,ITGA7
2562,0.833350719799708,GABRB3
598,0.83324640100146,BCL2L1
65997,0.833194241602337,RASL11B
910,0.833142082203213,CD1B
10350,0.833089922804089,ABCA9
7754,0.833011683705404,ZNF204P
2893,0.833011683705404,GRIA4
167410,0.832933444606718,LIX1
79152,0.832855205508032,FA2H
9249,0.832855205508032,DHRS3
25912,0.832750886709785,C1orf43
8828,0.832750886709785,NRP2
55900,0.832672647611099,ZNF302
23452,0.832620488211976,ANGPTL2
79977,0.832516169413728,GRHL2
9971,0.832516169413728,NR1H4
2882,0.832516169413728,GPX7
55304,0.832385770915919,SPTLC3
25788,0.832385770915919,RAD54B
10610,0.832307531817233,ST6GALNAC2
64093,0.832203213018986,SMOC1
26191,0.832203213018986,PTPN22
2254,0.832203213018986,FGF9
134285,0.832046734821615,TMEM171
83853,0.832046734821615,ROPN1L
3267,0.832046734821615,AGFG1
5962,0.831916336323806,RDX
4267,0.831916336323806,CD99
64478,0.83183809722512,CSMD1
2260,0.831785937825996,FGFR1
340061,0.831733778426873,STING1
80008,0.831655539328187,TMEM156
79668,0.831655539328187,PARP8
5793,0.831577300229501,PTPRG
51200,0.831525140830378,CPA4
8853,0.831472981431254,ASAP2
254778,0.831394742332568,VXN
154141,0.831394742332568,MBOAT1
57118,0.831316503233883,CAMK1D
144811,0.831238264135197,LACC1
5648,0.831238264135197,MASP1
140689,0.831160025036512,CBLN4
5334,0.831081785937826,PLCL1
706,0.831081785937826,TSPO
103689912,0.830977467139579,TBX2-AS1
2139,0.830977467139579,EYA2
83935,0.830899228040893,NA
6890,0.830847068641769,TAP1
80342,0.830768829543084,TRAF3IP3
9764,0.830768829543084,KIAA0513
90634,0.830690590444398,N4BP2L1
3242,0.830638431045274,HPD
51599,0.830586271646151,LSR
9540,0.830534112247027,TP53I3
59271,0.830481952847903,EVA1C
140803,0.830377634049656,TRPM6
81493,0.830377634049656,SYNC
8462,0.830377634049656,KLF11
54933,0.830247235551846,RHBDL2
23446,0.830247235551846,SLC44A1
1436,0.830168996453161,CSF1R
101927482,0.830090757354475,HECW2-AS1
6491,0.830090757354475,STIL
84985,0.83001251825579,FAM83A
167681,0.829934279157104,PRSS35
57678,0.829934279157104,GPAM
163071,0.829856040058419,ZNF114
25945,0.829777800959733,NECTIN3
9499,0.829777800959733,MYOT
116535,0.829699561861047,MRGPRF
126231,0.829647402461924,ZNF573
55432,0.8295952430628,YOD1
203427,0.829543083663676,SLC25A43
11026,0.829490924264553,LILRA3
51266,0.829438764865429,CLEC1B
57205,0.829360525766743,ATP10D
23305,0.829360525766743,ACSL6
94015,0.829256206968496,TTYH2
10384,0.829256206968496,BTN3A3
1522,0.82917796786981,CTSZ
114327,0.829125808470686,EFHC1
139411,0.829073649071563,PTCHD1
10808,0.829021489672439,HSPH1
2264,0.828969330273315,FGFR4
283663,0.828917170874191,LINC00926
85458,0.828734612977258,DIXDC1
27445,0.828734612977258,PCLO
23328,0.828734612977258,SASH1
8740,0.828734612977258,TNFSF14
4857,0.828734612977258,NOVA1
309,0.828734612977258,ANXA6
5358,0.828552055080325,PLS3
57153,0.82847381598164,SLC44A2
55893,0.82847381598164,ZNF395
23171,0.828369497183392,GPD1L
4171,0.828369497183392,MCM2
57478,0.828291258084707,USP31
7462,0.828213018986021,LAT2
2331,0.828213018986021,FMOD
23405,0.828134779887336,DICER1
63982,0.82805654078865,ANO3
26031,0.82805654078865,OSBPL3
26271,0.827952221990403,FBXO5
11240,0.827952221990403,PADI2
2059,0.827873982891717,EPS8
29108,0.827821823492593,PYCARD
26022,0.82776966409347,TMEM98
89796,0.827717504694346,NAV1
668,0.827665345295222,FOXL2
147947,0.827613185896098,ZNF542P
23220,0.827534946797413,DTX4
5966,0.827534946797413,REL
92949,0.827430627999165,ADAMTSL1
84688,0.827430627999165,C9orf24
6891,0.82735238890048,TAP2
4054,0.827300229501356,LTBP3
7083,0.827248070102232,TK1
54885,0.827195910703109,TBC1D8B
22875,0.827091591904861,ENPP4
9455,0.827091591904861,HOMER2
2138,0.827091591904861,EYA1
100130155,0.826961193407052,MIR124-2HG
55329,0.826961193407052,MNS1
11211,0.826856874608805,FZD10
528,0.826856874608805,ATP6V1C1
51090,0.826778635510119,PLLP
10335,0.826700396411433,IRAG1
4430,0.826700396411433,MYO1B
3036,0.826622157312748,HAS1
84740,0.826569997913624,AFAP1-AS1
2028,0.8265178385145,ENPEP
7293,0.826465679115377,TNFRSF4
5228,0.826413519716253,PGF
140883,0.826361360317129,ZNF280B
4113,0.826309200918005,MAGEB2
64102,0.826257041518882,TNMD
9823,0.826204882119758,ARMCX2
51806,0.826152722720634,CALML5
65124,0.82610056332151,SOWAHC
30001,0.826022324222825,ERO1A
1012,0.826022324222825,CDH13
10733,0.825944085124139,PLK4
10053,0.825865846025454,AP1M2
4052,0.825865846025454,LTBP1
1008,0.825787606926768,CDH10
101927027,0.825709367828083,CHROMR
3755,0.825709367828083,KCNG1
50937,0.825631128729397,CDON
84930,0.825578969330273,MASTL
138311,0.82552680993115,DIPK1B
5080,0.825474650532026,PAX6
199786,0.82539641143334,NIBAN3
5317,0.82539641143334,PKP1
11156,0.825318172334655,PTP4A3
8412,0.825266012935531,BCAR3
2326,0.825213853536407,FMO1
10491,0.825135614437722,CRTAP
3021,0.825135614437722,H3-3B
1508,0.825057375339036,CTSB
9865,0.824953056540789,TRIL
998,0.824953056540789,CDC42
552,0.824953056540789,AVPR1A
23255,0.824796578343417,MTCL1
5795,0.824796578343417,PTPRJ
229,0.824796578343417,ALDOB
115330,0.824614020446484,GPR146
56159,0.824614020446484,TEX11
23584,0.824614020446484,VSIG2
8908,0.824614020446484,GYG2
55971,0.824483621948675,BAIAP2L1
200879,0.82440538284999,LIPH
153478,0.82440538284999,PLEKHG4B
115572,0.824327143751304,TENT5B
57475,0.82427498435218,PLEKHH1
51427,0.824222824953057,ZNF107
9185,0.824170665553933,REPS2
56924,0.824092426455247,PAK6
10742,0.824092426455247,RAI2
124975,0.824014187356562,GGT6
201895,0.823935948257876,SMIM14
30817,0.823935948257876,ADGRE2
146909,0.823831629459629,KIF18B
4092,0.823831629459629,SMAD7
2701,0.823753390360943,GJA4
8645,0.823701230961819,KCNK5
64761,0.823596912163572,PARP12
8767,0.823596912163572,RIPK2
2621,0.823596912163572,GAS6
55809,0.823466513665763,TRERF1
26227,0.823466513665763,PHGDH
8848,0.823362194867515,TSC22D1
5295,0.823362194867515,PIK3R1
9830,0.82328395576883,TRIM14
84251,0.823231796369706,SGIP1
57685,0.82315355727102,CACHD1
3586,0.82315355727102,IL10
7029,0.823075318172335,TFDP2
4613,0.822997079073649,MYCN
4329,0.822997079073649,ALDH6A1
29851,0.822918839974964,ICOS
57084,0.82286668057584,SLC17A6
11043,0.822814521176716,MID2
9659,0.822762361777592,PDE4DIP
164633,0.822710202378469,CABP7
84102,0.822658042979345,SLC41A2
5167,0.822579803880659,ENPP1
3109,0.822579803880659,HLA-DMB
2776,0.822501564781974,GNAQ
2037,0.82244940538285,EPB41L2
1594,0.822397245983726,CYP27B1
375449,0.822319006885041,MAST4
2555,0.822319006885041,GABRA2
8581,0.822214688086793,LY6D
4601,0.822214688086793,MXI1
10622,0.822084289588984,POLR3G
9915,0.822084289588984,ARNT2
1441,0.822084289588984,CSF3R
79366,0.821953891091175,HMGN5
9743,0.821953891091175,ARHGAP32
58504,0.821875651992489,ARHGAP22
150864,0.821797412893803,FAM117B
23553,0.821797412893803,HYAL4
6376,0.821719173795118,CX3CL1
5357,0.821667014395994,PLS1
79582,0.821588775297309,SPAG16
57604,0.821588775297309,TRMT9B
160335,0.821484456499061,TMTC2
54877,0.821484456499061,ZCCHC2
80336,0.821380137700814,PABPC1L
2237,0.821380137700814,FEN1
2892,0.821301898602128,GRIA3
23208,0.821223659503443,SYT11
3662,0.821223659503443,IRF4
54510,0.821145420404757,PCDH18
80341,0.821015021906948,BPIFB2
22871,0.821015021906948,NLGN1
3560,0.821015021906948,IL2RB
2358,0.821015021906948,FPR2
1511,0.820884623409138,CTSG
644943,0.820728145211767,RASSF10
140885,0.820728145211767,SIRPA
51186,0.820728145211767,TCEAL9
51062,0.820728145211767,ATL1
4214,0.820728145211767,MAP3K1
3475,0.820545587314834,IFRD1
2820,0.820545587314834,GPD2
118980,0.820441268516587,SFXN2
1977,0.820441268516587,EIF4E
100288911,0.820284790319216,CRIM1-DT
83643,0.820284790319216,CCDC3
51390,0.820284790319216,AIG1
10966,0.820284790319216,RAB40B
162073,0.820128312121844,ITPRIPL2
2819,0.820128312121844,GPD1
56977,0.820023993323597,STOX2
321,0.820023993323597,APBA2
388533,0.819893594825788,KRTDAP
9963,0.819893594825788,SLC23A1
9508,0.819893594825788,ADAMTS3
51555,0.81978927602754,PEX5L
80833,0.819684957229293,APOL3
56477,0.819684957229293,CCL28
23002,0.819684957229293,DAAM1
9516,0.819580638431045,LITAF
5368,0.819528479031921,PNOC
115123,0.819476319632798,MARCHF3
89790,0.819398080534112,SIGLEC10
10507,0.819398080534112,SEMA4D
9124,0.819319841435427,PDLIM1
81930,0.819267682036303,KIF18A
5347,0.819189442937617,PLK1
4222,0.819189442937617,MEOX1
143872,0.819111203838932,ARHGAP42
26230,0.819059044439808,TIAM2
100506311,0.819006885040684,HOTAIRM1
286319,0.818954725641561,TUSC1
9229,0.818902566242437,DLGAP1
51393,0.818850406843313,TRPV2
5553,0.818798247444189,PRG2
90523,0.818720008345504,MLIP
51267,0.818720008345504,CLEC1A
51296,0.818615689547256,SLC15A3
3716,0.818615689547256,JAK1
7844,0.818537450448571,RNF103
201799,0.818485291049447,TMEM154
10265,0.818433131650323,IRX5
10460,0.8183809722512,TACC3
91653,0.818328812852076,BOC
154215,0.818224494053828,NKAIN2
79839,0.818224494053828,CCDC102B
1379,0.818224494053828,CR1L
388228,0.818094095556019,SBK1
55740,0.818094095556019,ENAH
6585,0.81796369705821,SLIT1
2993,0.81796369705821,GYPA
768,0.81796369705821,CA9
644150,0.817859378259962,WIPF3
79799,0.817755059461715,UGT2A3
54892,0.817755059461715,NCAPG2
7277,0.817755059461715,TUBA4A
10040,0.817650740663468,TOM1L1
114804,0.817598581264344,RNF157
1949,0.81754642186522,EFNB3
7027,0.817494262466096,TFDP1
200958,0.817442103066973,MUC20
3170,0.817389943667849,FOXA2
8611,0.817311704569163,PLPP1
6511,0.817311704569163,SLC1A6
283659,0.817233465470478,PRTG
103344718,0.817181306071354,NA
128077,0.81712914667223,LIX1L
91464,0.817076987273107,ISX
92126,0.817024827873983,DSEL
128239,0.816972668474859,IQGAP3
2243,0.816920509075735,FGA
10268,0.816868349676612,RAMP3
8825,0.816790110577926,LIN7A
1730,0.816790110577926,DIAPH2
6005,0.816711871479241,RHAG
26256,0.816659712080117,CABYR
84848,0.816607552680993,MIR503HG
158401,0.816529313582308,SHOC1
57522,0.816529313582308,SRGAP1
57717,0.816398915084498,PCDHB16
6498,0.816398915084498,SKIL
1373,0.816398915084498,CPS1
3691,0.816294596286251,ITGB4
55422,0.816242436887127,ZNF331
4435,0.816190277488003,CITED1
55785,0.81613811808888,FGD6
27347,0.816085958689756,STK39
23090,0.81600771959107,ZNF423
9497,0.81600771959107,SLC4A7
1830,0.815929480492385,DSG3
10615,0.815877321093261,SPAG5
23302,0.815799081994575,WSCD1
5590,0.815799081994575,PRKCZ
23200,0.81572084289589,ATP11B
157313,0.815668683496766,CDCA2
222389,0.81559044439808,BEND7
2903,0.81559044439808,GRIN2A
3783,0.815512205299395,KCNN4
401093,0.815460045900271,MBNL1-AS1
100131187,0.815407886501147,TSTD1
9145,0.815355727102024,SYNGR1
54544,0.815277488003338,CRCT1
3012,0.815277488003338,H2AC8
26776,0.815199248904653,SNORA71B
91663,0.815147089505529,MYADM
8875,0.815068850406843,VNN2
3764,0.815068850406843,KCNJ8
57181,0.814990611308158,SLC39A10
490,0.814938451909034,ATP2B1
57161,0.814860212810348,PELI2
55326,0.814860212810348,AGPAT5
130576,0.814781973711663,LYPD6B
25999,0.814729814312539,CLIP3
885,0.814677654913415,CCK
5971,0.814625495514292,RELB
8309,0.814547256415606,ACOX2
2769,0.814547256415606,GNA15
8817,0.814469017316921,FGF18
25819,0.814416857917797,NOCT
2017,0.814338618819111,CTTN
624,0.814338618819111,BDKRB2
56943,0.814260379720426,ENY2
9620,0.81418214062174,CELSR1
3140,0.81418214062174,MR1
2650,0.814103901523054,GCNT1
23504,0.814025662424369,RIMBP2
2822,0.814025662424369,GPLD1
326624,0.81389526392656,RAB37
140706,0.81389526392656,CCM2L
3936,0.81389526392656,LCP1
54836,0.813790945128312,BSPRY
150468,0.813712706029627,CKAP2L
1717,0.813712706029627,DHCR7
81624,0.813582307531817,DIAPH3
8351,0.813582307531817,H3C4
1996,0.813582307531817,ELAVL4
10216,0.813425829334446,PRG4
10206,0.813425829334446,TRIM13
3787,0.813425829334446,KCNS1
92292,0.813321510536199,GLYATL1
6850,0.813269351137075,SYK
9900,0.813165032338827,SV2A
5549,0.813165032338827,PRELP
2620,0.813165032338827,GAS2
399947,0.813008554141456,C11orf87
54492,0.813008554141456,NEURL1B
489,0.813008554141456,ATP2A3
6556,0.812904235343209,SLC11A1
202374,0.812799916544961,STK32A
11069,0.812799916544961,RAPGEF4
412,0.812799916544961,STS
847,0.812695597746714,CAT
113,0.81264343834759,ADCY7
285533,0.812591278948466,RNF175
23228,0.812539119549343,PLCL2
256987,0.812486960150219,SERINC5
727897,0.812408721051534,MUC5B
887,0.812408721051534,CCKBR
55799,0.812304402253286,CACNA2D3
5641,0.812304402253286,LGMN
64407,0.812226163154601,RGS18
1812,0.812174003755477,DRD1
80217,0.812121844356353,CFAP43
55061,0.812069684957229,SUSD4
64757,0.812017525558106,MTARC1
5651,0.811965366158982,TMPRSS15
6651,0.811913206759858,SON
11012,0.811861047360734,KLK11
165215,0.811808887961611,FAM171B
10850,0.811756728562487,CCL27
9423,0.811704569163363,NTN1
108,0.811652409764239,ADCY2
160518,0.811600250365116,DENND5B
83648,0.811548090965992,FAM167A
51314,0.811469851867306,NME8
22999,0.811469851867306,RIMS1
146556,0.811365533069059,C16orf89
29070,0.811365533069059,CCDC113
54112,0.811287293970373,GPR88
150622,0.811209054871688,SILC1
23095,0.811209054871688,KIF1B
22885,0.811130815773002,ABLIM3
933,0.811078656373879,CD22
375033,0.811026496974755,PEAR1
64778,0.810974337575631,FNDC3B
919,0.810922178176507,CD247
26873,0.810870018777384,OPLAH
389376,0.81081785937826,SFTA2
153222,0.810739620279574,CREBRF
25959,0.810739620279574,KANK2
79819,0.810661381180889,DNAI4
10090,0.810583142082203,UST
4176,0.810583142082203,MCM7
340146,0.810504902983518,SLC35D3
79368,0.810452743584394,FCRL2
6262,0.81040058418527,RYR2
100505746,0.810322345086585,ITGB2-AS1
1401,0.810322345086585,CRP
2131,0.810244105987899,EXT1
29949,0.810191946588775,IL19
9572,0.810139787189652,NR1D1
57687,0.810061548090966,VAT1L
958,0.810061548090966,CD40
56667,0.809931149593157,MUC13
55843,0.809931149593157,ARHGAP15
10568,0.809931149593157,SLC34A2
11279,0.809826830794909,KLF8
51351,0.809774671395786,ZNF117
26154,0.8096964322971,ABCA12
9982,0.8096964322971,FGFBP1
84706,0.809592113498853,GPT2
8321,0.809592113498853,FZD1
653602,0.809487794700605,NA
81537,0.809487794700605,SGPP1
55970,0.80940955560192,GNG12
440465,0.809357396202796,BAIAP2-DT
221981,0.809305236803672,THSD7A
81029,0.809253077404548,WNT5B
4033,0.809200918005425,IRAG2
6641,0.809148758606301,SNTB1
3547,0.809096599207177,IGSF1
284013,0.809018360108492,VMO1
55079,0.809018360108492,FEZF2
116,0.808940121009806,ADCYAP1
221178,0.80886188191112,SPATA13
3133,0.80886188191112,HLA-E
7357,0.808783642812435,UGCG
112937,0.808731483413311,GLB1L3
56934,0.808679324014187,CA10
65982,0.808627164615064,ZSCAN18
387640,0.80857500521594,SKIDA1
1557,0.808522845816816,CYP2C19
26586,0.808470686417692,CKAP2
8795,0.808418527018569,TNFRSF10B
144571,0.808340287919883,A2M-AS1
5140,0.808340287919883,PDE3B
80004,0.808262048821198,ESRP2
8495,0.808209889422074,PPFIBP2
4821,0.808105570623826,NKX2-2
3592,0.808105570623826,IL12A
9,0.808105570623826,NAT1
1195,0.808001251825579,CLK1
7525,0.807949092426455,YES1
64788,0.807896933027332,LMF1
5457,0.807844773628208,POU4F1
90952,0.807792614229084,ESAM
23092,0.80774045482996,ARHGAP26
83992,0.807636136031713,CTTNBP2
60680,0.807636136031713,CELF5
5292,0.807636136031713,PIM1
54959,0.807505737533904,ODAM
3779,0.807505737533904,KCNMB1
50865,0.807401418735656,HEBP1
25903,0.807401418735656,OLFML2B
10461,0.807323179636971,MERTK
7473,0.807244940538285,WNT3
950,0.807244940538285,SCARB2
51575,0.807166701439599,ESF1
25818,0.807088462340914,KLK5
11178,0.807088462340914,LZTS1
386618,0.806984143542666,KCTD4
4134,0.806984143542666,MAP4
220108,0.806905904443981,FAM124A
286530,0.806801585645733,P2RY8
25953,0.806801585645733,PNKD
837,0.806801585645733,CASP4
100132288,0.806671187147924,TEKT4P2
6558,0.806671187147924,SLC12A2
89765,0.806592948049238,RSPH1
93273,0.806514708950553,LEMD1
4948,0.806514708950553,OCA2
256021,0.806384310452744,LINC01619
55502,0.806384310452744,HES6
54491,0.806384310452744,OTULINL
51804,0.806279991654496,SIX4
55013,0.806201752555811,MCUB
5783,0.806201752555811,PTPN13
6773,0.806097433757563,STAT2
783,0.806097433757563,CACNB2
55531,0.806019194658878,ELMOD1
58527,0.805967035259754,ABRACL
55701,0.805888796161068,ARHGEF40
1440,0.805888796161068,CSF3
30008,0.805784477362821,EFEMP2
6919,0.805784477362821,TCEA2
119391,0.805706238264135,GSTO2
400713,0.805654078865012,ZNF880
8537,0.805601919465888,BCAS1
10725,0.805549760066764,NFAT5
261729,0.805393281869393,STEAP2
145508,0.805393281869393,CEP128
3920,0.805393281869393,LAMP2
2048,0.805393281869393,EPHB2
463,0.805393281869393,ZFHX3
5800,0.80521072397246,PTPRO
5269,0.80521072397246,SERPINB6
25780,0.805132484873774,RASGRP3
23329,0.805080325474651,TBC1D30
79627,0.805002086375965,OGFRL1
54869,0.805002086375965,EPS8L1
9413,0.804923847277279,FAM189A2
50650,0.804871687878156,ARHGEF3
23286,0.804819528479032,WWC1
54897,0.804715209680784,CASZ1
9832,0.804715209680784,JAKMIP2
7071,0.804715209680784,KLF10
8605,0.804610890882537,PLA2G4C
80206,0.804558731483413,FHOD3
10923,0.80450657208429,SUB1
132332,0.804454412685166,SMIM43
8540,0.80437617358648,AGPS
5519,0.80437617358648,PPP2R1B
145226,0.804297934487795,RDH12
6532,0.804245775088671,SLC6A4
57082,0.804167535989985,KNL1
26499,0.804167535989985,PLEK2
6092,0.8040892968913,ROBO2
1134,0.804011057792614,CHRNA1
1122,0.804011057792614,CHML
84677,0.803932818693929,DSCR8
7037,0.803880659294805,TFRC
284454,0.803828499895681,MIR23AHG
401546,0.803776340496557,C9orf152
10019,0.803698101397872,SH2B3
3643,0.803698101397872,INSR
4137,0.803619862299186,MAPT
80896,0.803567702900063,NPL
23199,0.803515543500939,GSE1
25791,0.803437304402253,NGEF
22801,0.803437304402253,ITGA11
10553,0.803359065303568,HTATIP2
7054,0.803306905904444,TH
5588,0.80325474650532,PRKCQ
127845,0.803202587106197,GOLT1A
27134,0.803150427707073,TJP3
259217,0.803046108908825,HSPA12A
55660,0.803046108908825,PRPF40A
2644,0.803046108908825,GCHFR
57526,0.802915710411016,PCDH19
10249,0.802915710411016,GLYAT
170712,0.802837471312331,COX7B2
113791,0.802785311913207,PIK3IP1
3291,0.802733152514083,HSD11B2
163702,0.802680993114959,IFNLR1
9156,0.802628833715836,EXO1
1131,0.802576674316712,CHRM3
151827,0.802524514917588,LRRC34
122622,0.802472355518464,ADSS1
3309,0.802420196119341,HSPA5
672,0.802368036720217,BRCA1
152831,0.802315877321093,KLB
10492,0.802263717921969,SYNCRIP
79656,0.802211558522846,BEND5
133690,0.80213331942416,CAPSL
1294,0.80213331942416,COL7A1
22800,0.802029000625913,RRAS2
10051,0.802029000625913,SMC4
3674,0.801950761527227,ITGA2B
286527,0.801872522428542,TMSB15B
9535,0.801872522428542,GMFG
5090,0.801794283329856,PBX3
26052,0.801742123930732,DNM3
55247,0.801663884832047,NEIL3
4291,0.801663884832047,MLF1
283352,0.801559566033799,TMEM132D-AS1
4604,0.801559566033799,MYBPC1
128344,0.801481326935114,PIFO
5144,0.80142916753599,PDE4D
745,0.801377008136866,MYRF
23590,0.801324848737743,PDSS1
3423,0.801272689338619,IDS
11117,0.801220529939495,EMILIN1
135398,0.801168370540371,C6orf141
55227,0.801116211141248,LRRC1
7133,0.801064051742124,TNFRSF1B
25758,0.800959732943876,KIAA1549L
6565,0.800959732943876,SLC15A2
5819,0.800959732943876,NECTIN2
2549,0.800855414145629,GAB1
83657,0.800777175046943,DYNLRB2
55819,0.800777175046943,RNF130
122953,0.800646776549134,JDP2
84935,0.800646776549134,MEDAG
55636,0.800646776549134,CHD7
1392,0.800542457750887,CRH
199713,0.800464218652201,NLRP7
54842,0.800464218652201,MFSD6
810,0.800385979553516,CALML3
51477,0.800281660755268,ISYNA1
28232,0.800281660755268,SLCO3A1
23596,0.800281660755268,OPN3
203228,0.800177341957021,C9orf72
170392,0.800125182557897,OIT3
6490,0.800073023158773,PMEL
389084,0.80002086375965,SNORC
266675,0.799968704360526,BEST4
30011,0.799916544961402,SH3KBP1
7220,0.799864385562278,TRPC1
55917,0.799786146463593,CTTNBP2NL
30846,0.799786146463593,EHD2
27071,0.799707907364907,DAPP1
28965,0.799655747965783,SLC27A6
130574,0.799525349467974,LYPD6
5983,0.799525349467974,RFC3
4088,0.799525349467974,SMAD3
3964,0.799525349467974,LGALS8
1050,0.799394950970165,CEBPA
9457,0.799316711871479,FHL5
9051,0.799316711871479,PSTPIP1
7050,0.79918631337367,TGIF1
7044,0.79918631337367,LEFTY2
1523,0.79918631337367,CUX1
23190,0.799055914875861,UBXN4
10809,0.799055914875861,STARD10
29993,0.798977675777175,PACSIN1
79776,0.798925516378051,ZFHX4
140690,0.798873356978928,CTCFL
79740,0.798795117880242,ZBBX
3597,0.798795117880242,IL13RA1
148641,0.798690799081995,SLC35F3
3431,0.798690799081995,SP110
79746,0.798612559983309,ECHDC3
644246,0.798534320884623,KANSL1-AS1
567,0.798534320884623,B2M
113763,0.798456081785938,ZBED10P
286077,0.798377842687252,FAM83H
10413,0.798377842687252,YAP1
11183,0.798299603588567,MAP4K5
91612,0.798247444189443,CHURC1
388335,0.798195284790319,TMEM220
11040,0.798143125391195,PIM2
4478,0.798090965992072,MSN
951,0.798038806592948,CD37
84873,0.797960567494262,ADGRG7
36,0.797960567494262,ACADSB
2052,0.797882328395577,EPHX1
150763,0.797830168996453,GPAT2
54587,0.797751929897768,MXRA8
2526,0.797751929897768,FUT4
387597,0.79764761109952,ILDR2
3688,0.79764761109952,ITGB1
389023,0.797543292301273,DPP10-AS1
1183,0.797543292301273,CLCN4
284129,0.797438973503025,SLC26A11
11080,0.797438973503025,DNAJB4
55742,0.79736073440434,PARVA
10379,0.797308575005216,IRF9
25841,0.797256415606092,ABTB2
10797,0.797204256206968,MTHFD2
79899,0.797152096807845,PRR5L
347689,0.797073857709159,SOX2-OT
220296,0.797073857709159,HEPACAM
4644,0.796995618610474,MYO5A
6097,0.796917379511788,RORC
916,0.796917379511788,CD3E
3212,0.796839140413102,HOXB2
80315,0.796786981013979,CPEB4
1397,0.796734821614855,CRIP2
23075,0.796682662215731,SWAP70
1015,0.796630502816608,CDH17
122416,0.796578343417484,ANKRD9
64115,0.796500104318798,VSIR
5169,0.796500104318798,ENPP3
80832,0.796395785520551,APOL4
80155,0.796395785520551,NAA15
24147,0.796317546421865,FJX1
2312,0.796265387022742,FLG
158326,0.796187147924056,FREM1
23281,0.796187147924056,MTUS2
122773,0.796082829125809,KLHDC1
4925,0.796082829125809,NUCB2
11057,0.796004590027123,ABHD2
8323,0.795952430627999,FZD6
55243,0.795900271228875,KIRREL1
623,0.795848111829752,BDKRB1
84282,0.795769872731066,RNF135
54922,0.795769872731066,RASIP1
51435,0.795691633632381,SCARA3
54440,0.795639474233257,SASH3
79037,0.795561235134571,PVRIG
55777,0.795561235134571,MBD5
26059,0.795456916336324,ERC2
2030,0.795456916336324,SLC29A1
258010,0.795326517838514,SVIP
92840,0.795326517838514,REEP6
2813,0.795326517838514,GP2
2981,0.795222199040267,GUCA2B
5998,0.795170039641143,RGS3
55281,0.79511788024202,TMEM140
55691,0.795065720842896,FRMD4A
130399,0.79498748174421,ACVR1C
22895,0.79498748174421,RPH3A
25800,0.794909242645525,SLC39A6
115004,0.794831003546839,CGAS
5521,0.794831003546839,PPP2R2B
192666,0.794726684748592,KRT24
114757,0.794726684748592,CYGB
64943,0.794648445649906,NT5DC2
54880,0.794570206551221,BCOR
9246,0.794570206551221,UBE2L6
100506119,0.794465887752973,LINC01503
25932,0.794465887752973,CLIC4
23670,0.794361568954726,CEMIP2
23040,0.794361568954726,MYT1L
3784,0.79428332985604,KCNQ1
221184,0.794205090757354,CPNE2
9987,0.794205090757354,HNRNPDL
11138,0.794126851658669,TBC1D8
80318,0.794048612559983,GKAP1
816,0.794048612559983,CAMK2B
90993,0.793918214062174,CREB3L1
80853,0.793918214062174,KDM7A
7739,0.793918214062174,ZNF185
7171,0.793813895263927,TPM4
10045,0.793761735864803,SH2D3A
25831,0.793683496766117,HECTD1
1318,0.793683496766117,SLC31A2
54847,0.793605257667432,SIDT1
118427,0.793553098268308,OLFM3
493861,0.793448779470061,EID3
10815,0.793448779470061,CPLX1
4547,0.793448779470061,MTTP
4804,0.793344460671813,NGFR
116369,0.793292301272689,SLC26A8
27344,0.793214062174004,PCSK1N
5165,0.793214062174004,PDK3
115548,0.793083663676194,FCHO2
81551,0.793083663676194,STMN4
55769,0.793083663676194,ZNF83
90874,0.792927185478823,ZNF697
23531,0.792927185478823,MMD
4814,0.792927185478823,NINJ1
23564,0.792822866680576,DDAH2
2980,0.792770707281452,GUCA2A
60437,0.792692468182767,CDH26
54831,0.792692468182767,BEST2
201475,0.792562069684957,RAB12
55509,0.792562069684957,BATF3
2177,0.792562069684957,FANCD2
166336,0.79245775088671,PRICKLE2
4507,0.792405591487586,MTAP
64795,0.792353432088462,RMND5A
27333,0.792223033590653,GOLIM4
9456,0.792223033590653,HOMER1
7004,0.792223033590653,TEAD4
4097,0.792223033590653,MAFG
158038,0.792066555393282,LINGO2
116028,0.792066555393282,RMI2
129642,0.791988316294596,MBOAT2
11027,0.791936156895473,LILRA2
574414,0.791857917796787,PRR9
5446,0.791857917796787,PON3
85016,0.791701439599416,CFAP300
55342,0.791701439599416,STRBP
23237,0.791701439599416,ARC
1519,0.791701439599416,CTSO
101927166,0.791544961402045,LOC101927166
53833,0.791544961402045,IL20RB
122525,0.791440642603797,C14orf28
58516,0.791440642603797,SINHCAF
79572,0.791362403505112,ATP13A3
79774,0.791284164406426,GRTP1
920,0.791284164406426,CD4
23331,0.791179845608179,TTC28
23175,0.791179845608179,LPIN1
10060,0.791101606509493,ABCC9
148741,0.791049447110369,ANKRD35
728215,0.790945128312122,NALF1
29950,0.790945128312122,SERTAD1
26207,0.790945128312122,PITPNC1
50940,0.790814729814313,PDE11A
1071,0.790814729814313,CETP
50853,0.790736490715627,VILL
8633,0.790658251616941,UNC5C
5337,0.790658251616941,PLD1
965,0.790580012518256,CD58
54899,0.79050177341957,PXK
3231,0.79050177341957,HOXD1
7275,0.790397454621323,TUB
5159,0.790397454621323,PDGFRB
2104,0.790319215522637,ESRRG
89,0.790267056123513,ACTN3
9532,0.79021489672439,BAG2
11099,0.790162737325266,PTPN21
256949,0.79008449822658,KANK3
51760,0.79008449822658,SYT17
138151,0.790006259127895,NACC2
8445,0.789954099728771,DYRK2
92689,0.789849780930524,FAM114A1
81839,0.789849780930524,VANGL1
10656,0.789849780930524,KHDRBS3
389337,0.789745462132276,ARHGEF37
55286,0.789667223033591,C4orf19
3690,0.789667223033591,ITGB3
85352,0.789562904235343,SHISAL1
776,0.789562904235343,CACNA1D
80034,0.789484665136658,CSRNP3
5047,0.789432505737534,PAEP
23589,0.789354266638848,CARHSP1
1621,0.789354266638848,DBH
192668,0.789276027540163,CYS1
23306,0.789197788441477,NEMP1
9920,0.789197788441477,KBTBD11
63979,0.789119549342792,FIGNL1
3269,0.789067389943668,HRH1
11332,0.789015230544544,ACOT7
84668,0.78896307114542,FAM126A
85450,0.788884832046735,ITPRIP
6580,0.788884832046735,SLC22A1
388743,0.788780513248487,CAPN8
7111,0.788780513248487,TMOD1
338811,0.78867619445024,TAFA2
29775,0.78867619445024,CARD10
220136,0.788597955351554,CFAP53
53616,0.788545795952431,ADAM22
7750,0.788493636553307,ZMYM2
10194,0.788441477154183,TSHZ1
3283,0.788389317755059,HSD3B1
9840,0.788337158355936,TESPA1
152189,0.78825891925725,CMTM8
117583,0.78825891925725,PARD3B
26136,0.788154600459003,TES
6041,0.788154600459003,RNASEL
100507463,0.788024201961193,PSMB8-AS1
257106,0.788024201961193,ARHGAP30
30009,0.788024201961193,TBX21
79827,0.787919883162946,CLMP
55755,0.787867723763822,CDK5RAP2
2615,0.787815564364699,LRRC32
203413,0.787685165866889,CT83
56475,0.787685165866889,RPRM
9852,0.787685165866889,EPM2AIP1
5427,0.787685165866889,POLE2
256227,0.78755476736908,STEAP1B
55888,0.787502607969956,ZKSCAN7
6310,0.787424368871271,ATXN1
3198,0.787424368871271,HOXA1
9265,0.787346129772585,CYTH3
140767,0.787293970373461,NRSN1
80816,0.787241810974338,ASXL3
10900,0.787189651575214,RUNDC3A
27338,0.787059253077405,UBE2S
10810,0.787059253077405,WASF3
2950,0.787059253077405,GSTP1
1630,0.787059253077405,DCC
7086,0.786928854579595,TKT
84302,0.786876695180472,PGAP4
55975,0.786798456081786,KLHL7
5480,0.786798456081786,PPIC
127544,0.786694137283539,RNF19B
63027,0.786694137283539,SLC22A23
5592,0.786615898184853,PRKG1
4808,0.786563738785729,NHLH2
26579,0.786511579386605,MYEOV
824,0.786459419987482,CAPN2
3625,0.786407260588358,INHBB
284252,0.786329021489672,KCTD1
59338,0.786329021489672,PLEKHA1
84166,0.786250782390987,NLRC5
53832,0.786198622991863,IL20RA
23543,0.786120383893178,RBFOX2
23440,0.786120383893178,OTP
161742,0.786042144794492,SPRED1
400793,0.785989985395368,C1orf226
23507,0.785937825996245,LRRC8B
79921,0.785885666597121,TCEAL4
4000,0.785807427498435,LMNA
3995,0.785807427498435,FADS3
57562,0.785677029000626,CEP126
6322,0.785677029000626,SCML1
286,0.785677029000626,ANK1
91862,0.785572710202379,MARVELD3
79442,0.785494471103693,LRRC2
10124,0.785494471103693,ARL4A
357,0.785416232005007,SHROOM2
866,0.785364072605884,SERPINA6
135138,0.78531191320676,PACRG
11148,0.785233674108074,HHLA2
5774,0.785233674108074,PTPN3
729,0.785155435009389,C6
5408,0.785103275610265,PNLIPRP2
57822,0.785051116211141,GRHL3
90139,0.784946797412894,TSPAN18
55743,0.784946797412894,CHFR
27163,0.784946797412894,NAAA
23111,0.784842478614646,SPART
659,0.784790319215523,BMPR2
6854,0.784738159816399,SYN2
801,0.784686000417275,CALM1
23710,0.784633841018151,GABARAPL1
153769,0.784555601919466,SH3RF2
80325,0.784555601919466,ABTB1
9902,0.784451283121218,MRC2
177,0.784451283121218,AGER
8301,0.784373044022533,PICALM
203859,0.784320884623409,ANO5
158798,0.784268725224285,AKAP14
9653,0.7841904861256,HS2ST1
7104,0.7841904861256,TM4SF4
1794,0.784086167327352,DOCK2
1535,0.784086167327352,CYBA
2898,0.783981848529105,GRIK2
641,0.783981848529105,BLM
23253,0.783903609430419,ANKRD12
10150,0.783851450031296,MBNL2
89890,0.783799290632172,KBTBD6
5753,0.783747131233048,PTK6
6646,0.783642812434801,SOAT1
4242,0.783642812434801,MFNG
2330,0.783642812434801,FMO5
54509,0.783512413936991,RHOF
3707,0.783512413936991,ITPKB
64005,0.783434174838306,MYO1G
55023,0.78335593573962,PHIP
9759,0.78335593573962,HDAC4
121268,0.783251616941373,RHEBL1
6482,0.783251616941373,ST3GAL1
3931,0.783173377842687,LCAT
112616,0.78306905904444,CMTM7
80314,0.78306905904444,EPC1
2036,0.78306905904444,EPB41L1
116442,0.782938660546631,RAB39B
23129,0.782938660546631,PLXND1
4745,0.782860421447945,NELL1
29767,0.782782182349259,TMOD2
5214,0.782782182349259,PFKP
1555,0.782703943250574,CYP2B6
283,0.78265178385145,ANG
79868,0.782599624452326,ALG13
55190,0.782547465053203,NUDT11
841,0.782495305654079,CASP8
388722,0.782417066555393,C1orf53
57125,0.782417066555393,PLXDC1
374454,0.782338827456708,KRT77
494470,0.78223450865846,RNF165
3790,0.78223450865846,KCNS3
1828,0.78223450865846,DSG1
83593,0.782078030461089,RASSF5
79861,0.782078030461089,TUBAL3
53827,0.782078030461089,FXYD5
3005,0.78194763196328,H1-0
1750,0.78194763196328,DLX6
1808,0.781869392864594,DPYSL2
6340,0.78181723346547,SCNN1G
1296,0.781738994366785,COL8A2
577,0.781738994366785,ADGRB3
11182,0.781634675568537,SLC2A6
5530,0.781634675568537,PPP3CA
57817,0.781556436469852,HAMP
58495,0.781504277070728,OVOL2
23034,0.781426037972043,SAMD4A
9111,0.781426037972043,NMI
735,0.781347798873357,C9
55752,0.781269559774671,SEPTIN11
29116,0.781269559774671,MYLIP
64067,0.781165240976424,NPAS3
1496,0.781165240976424,CTNNA2
285382,0.781008762779053,C3orf70
60592,0.781008762779053,SCOC
9733,0.781008762779053,SART3
4300,0.781008762779053,MLLT3
11309,0.780878364281243,SLCO2B1
124540,0.78082620488212,MSI2
2935,0.780774045482996,GSPT1
23223,0.78069580638431,RRP12
2670,0.78069580638431,GFAP
85441,0.780617567285625,HELZ2
27022,0.780539328186939,FOXD3
9317,0.780539328186939,PTER
25992,0.780461089088254,SNED1
10826,0.780382849989568,FAXDC2
3358,0.780382849989568,HTR2C
22900,0.780278531191321,CARD8
3915,0.780278531191321,LAMC1
64359,0.780200292092635,NXN
57864,0.780148132693511,SLC46A2
9961,0.780069893594826,MVP
8492,0.780069893594826,PRSS12
84541,0.779965574796578,KBTBD8
5452,0.779965574796578,POU2F2
647024,0.779861255998331,C6orf132
57549,0.779861255998331,IGSF9
201625,0.779756937200083,DNAH12
79968,0.779756937200083,WDR76
127435,0.779652618401836,PODN
55313,0.779652618401836,CPPED1
28996,0.779522219904027,HIPK2
4953,0.779522219904027,ODC1
3952,0.779522219904027,LEP
272,0.779417901105779,AMPD3
8672,0.779339662007094,EIF4G3
2530,0.779339662007094,FUT8
55211,0.779261422908408,DPPA4
55075,0.779209263509284,UACA
54478,0.779157104110161,PIMREG
2849,0.779104944711037,GPR26
91584,0.779052785311913,PLXNA4
51438,0.77900062591279,MAGEC2
133121,0.778922386814104,ENPP6
10783,0.778922386814104,NEK6
767811,0.778844147715418,H2BW4P
401074,0.778791988316295,LINC00960
25859,0.778739828917171,PART1
84722,0.778687669518047,PSRC1
57178,0.778609430419362,ZMIZ1
22982,0.778609430419362,DIP2C
4784,0.778531191320676,NFIX
54101,0.778479031921552,RIPK4
158696,0.778426872522429,NA
80255,0.778374713123305,SLC35F5
10472,0.778322553724181,ZBTB18
594,0.778270394325057,BCKDHB
55556,0.778192155226372,ENOSF1
54596,0.778192155226372,L1TD1
494143,0.778113916127686,CHAC2
7707,0.778061756728562,ZNF148
78989,0.777983517629877,COLEC11
1438,0.777983517629877,CSF2RA
140462,0.777905278531191,ASB9
3695,0.777853119132068,ITGB7
8092,0.777774880033382,ALX1
2172,0.777774880033382,FABP6
8909,0.777696640934696,ENDOU
441094,0.777618401836011,NR2F1-AS1
220164,0.777618401836011,DOK6
63910,0.777540162737325,SLC17A9
347735,0.777488003338202,SERINC2
339541,0.777435843939078,ARMH1
55356,0.777383684539954,SLC22A15
728577,0.777305445441269,CNTNAP3B
10686,0.777305445441269,CLDN16
5928,0.777227206342583,RBBP4
27250,0.777122887544335,PDCD4
7170,0.777122887544335,TPM3
2267,0.777122887544335,FGL1
4815,0.777018568746088,NINJ2
389058,0.776940329647402,SP5
3985,0.776940329647402,LIMK2
55568,0.776862090548717,GALNT10
27033,0.776783851450031,ZBTB32
947,0.776783851450031,CD34
5581,0.776705612351346,PRKCE
55706,0.77662737325266,NDC1
2316,0.77662737325266,FLNA
285025,0.776549134153975,CCDC141
5563,0.776496974754851,PRKAA2
7108,0.776444815355727,TM7SF2
57494,0.776366576257042,RIMKLB
6782,0.776366576257042,HSPA13
27076,0.776236177759232,LYPD3
7448,0.776236177759232,VTN
839,0.776236177759232,CASP6
140576,0.776131858960985,S100A16
23035,0.776079699561861,PHLPP2
23036,0.776001460463175,ZNF292
5888,0.776001460463175,RAD51
6595,0.77592322136449,SMARCA2
84951,0.775844982265804,TNS4
2022,0.775844982265804,ENG
6777,0.775766743167119,STAT5B
388610,0.775714583767995,TRNP1
22808,0.775636344669309,MRAS
6405,0.775636344669309,SEMA3F
29094,0.775558105570624,LGALSL
11022,0.7755059461715,TDRKH
344838,0.775427707072814,PAQR9
9744,0.775427707072814,ACAP1
100130705,0.775297308575005,ATP6V1FNB
221061,0.775297308575005,FAM171A1
92610,0.775297308575005,TIFA
100507433,0.775166910077196,ZNF571-AS1
675,0.775166910077196,BRCA2
134548,0.775062591278948,SOWAHA
9531,0.775062591278948,BAG3
29803,0.774984352180263,REPIN1
761,0.774932192781139,CA3
2941,0.774880033382015,GSTA4
55966,0.77480179428333,AJAP1
23635,0.77480179428333,SSBP2
643733,0.774723555184644,CASP4LP
5355,0.774671395785521,PLP2
85329,0.774619236386397,LGALS12
399664,0.774567076987273,MEX3D
646962,0.774514917588149,HRCT1
3988,0.774436678489464,LIPA
2626,0.774436678489464,GATA4
10973,0.774332359691216,ASCC3
4224,0.774332359691216,MEP1A
9938,0.774254120592531,ARHGAP25
8792,0.774201961193407,TNFRSF11A
116832,0.77409764239516,RPL39L
22876,0.77409764239516,INPP5F
10046,0.77409764239516,MAMLD1
51429,0.773993323596912,SNX9
390916,0.773941164197788,NUDT19
9926,0.773862925099103,LPGAT1
7518,0.773862925099103,XRCC4
84918,0.773784686000417,LRP11
2589,0.773732526601294,GALNT1
154810,0.77368036720217,AMOTL1
4902,0.773628207803046,NRTN
1362,0.773576048403922,CPD
4277,0.773523889004799,MICB
51315,0.773471729605675,KRCC1
4610,0.773419570206551,MYCL
90853,0.773289171708742,SPOCD1
59352,0.773289171708742,LGR6
3709,0.773289171708742,ITPR2
2788,0.773289171708742,GNG7
5029,0.773132693511371,P2RY2
1840,0.773132693511371,DTX1
203111,0.773028374713123,ERICH5
152789,0.773028374713123,JAKMIP1
399717,0.772950135614438,GATA3-AS1
8317,0.772897976215314,CDC7
197257,0.77284581681619,LDHD
5311,0.772793657417067,PKD2
773,0.772741498017943,CACNA1A
152273,0.772689338618819,FGD5
22824,0.772637179219695,HSPA4L
53354,0.772585019820572,PANK1
53340,0.772532860421448,SPA17
8556,0.772480701022324,CDC14A
57626,0.772428541623201,KLHL1
113612,0.772376382224077,CYP2U1
51285,0.772272063425829,RASL12
25854,0.772272063425829,FAM149A
5218,0.772272063425829,CDK14
51201,0.77214166492802,ZDHHC2
4064,0.77214166492802,CD180
64764,0.772063425829334,CREB3L2
55423,0.772011266430211,SIRPG
5671,0.771959107031087,PSG3
9669,0.771906947631963,EIF5B
83698,0.77185478823284,CALN1
113130,0.771750469434592,CDCA5
1674,0.771750469434592,DES
1263,0.771750469434592,PLK3
399694,0.771646150636345,SHC4
6770,0.771567911537659,STAR
3218,0.771567911537659,HOXB8
9236,0.771489672438973,CCPG1
79666,0.771411433340288,PLEKHF2
3106,0.771411433340288,HLA-B
51330,0.771333194241602,TNFRSF12A
9175,0.771254955142917,MAP3K13
4194,0.771254955142917,MDM4
51449,0.771176716044231,PCYOX1
283927,0.771098476945546,NUDT7
27147,0.771098476945546,DENND2A
257177,0.77102023784686,CFAP126
56548,0.770941998748174,CHST7
9892,0.770941998748174,SNAP91
118611,0.770837679949927,C10orf90
54072,0.770837679949927,LINC00158
6716,0.770759440851241,SRD5A2
1618,0.770707281452118,DAZL
50964,0.770655122052994,SOST
125144,0.77060296265387,SNHG29
91461,0.770524723555185,PKDCC
2817,0.770524723555185,GPC1
29899,0.770446484456499,GPSM2
84152,0.770394325057375,PPP1R1B
83439,0.770290006259128,TCF7L1
56776,0.770290006259128,FMN2
9782,0.770290006259128,MATR3
5319,0.77018568746088,PLA2G1B
100505812,0.770107448362195,CARD8-AS1
145581,0.770107448362195,LRFN5
55320,0.769977049864386,MIS18BP1
10462,0.769977049864386,CLEC10A
9211,0.769977049864386,LGI1
10368,0.769872731066138,CACNG3
57468,0.769768412267891,SLC12A5
55363,0.769768412267891,HEMGN
26470,0.769768412267891,SEZ6L2
91304,0.769638013770081,TMEM259
64081,0.769638013770081,PBLD
1016,0.769559774671396,CDH18
348093,0.769507615272272,RBPMS2
101669762,0.769455455873148,BLACAT1
9260,0.769403296474025,PDLIM7
7223,0.769325057375339,TRPC4
5322,0.769325057375339,PLA2G5
57534,0.769246818276653,MIB1
64333,0.76919465887753,ARHGAP9
651746,0.769142499478406,ANKRD33B
374618,0.76906426037972,TEX9
9478,0.76906426037972,CABP1
26167,0.768986021281035,PCDHB5
1627,0.768933861881911,DBN1
84230,0.768855622783226,LRRC8C
10592,0.768855622783226,SMC2
116447,0.768751303984978,TOP1MT
56898,0.768751303984978,BDH2
79698,0.768646985186731,ZMAT4
6674,0.768646985186731,SPAG1
1733,0.768568746088045,DIO1
114132,0.76849050698936,SIGLEC11
9415,0.76849050698936,FADS2
57616,0.768412267890674,TSHZ3
6564,0.76836010849155,SLC15A1
284992,0.768281869392865,CCDC150
338,0.768281869392865,APOB
79784,0.768177550594617,MYH14
55205,0.768177550594617,ZNF532
55510,0.76807323179637,DDX43
5361,0.76807323179637,PLXNA1
66000,0.767994992697684,TMEM108
51676,0.767916753598999,ASB2
2262,0.767916753598999,GPC5
4175,0.767838514500313,MCM6
7294,0.767760275401627,TXK
2994,0.767760275401627,GYPB
79669,0.767629876903818,C3orf52
56288,0.767629876903818,PARD3
831,0.767629876903818,CAST
256586,0.767525558105571,LYSMD2
643837,0.767447319006885,LINC01128
116328,0.767447319006885,C8orf34
253782,0.767343000208638,CERS6
645,0.767343000208638,BLVRB
84937,0.767264761109952,ZNRF1
129804,0.767186522011266,FBLN7
5210,0.767186522011266,PFKFB4
1660,0.767082203213019,DHX9
1014,0.767082203213019,CDH16
160851,0.767003964114333,DGKH
149175,0.76695180471521,MANEAL
285172,0.766899645316086,FAM126B
84842,0.7668214062174,HPDL
9242,0.7668214062174,MSC
147798,0.766717087419153,TMC4
54457,0.766717087419153,TAF7L
7798,0.766638848320467,LUZP1
224,0.766586688921344,ALDH3A2
144100,0.766508449822658,PLEKHA7
65267,0.766508449822658,WNK3
5197,0.766404131024411,PF4V1
1308,0.766404131024411,COL17A1
132203,0.766325891925725,SNTN
8943,0.766273732526601,AP3D1
100506492,0.766221573127478,DSCAM-AS1
114880,0.766065094930106,OSBPL6
90362,0.766065094930106,FAM110B
29785,0.766065094930106,CYP2S1
10044,0.766065094930106,SH2D3C
2063,0.766065094930106,NR2F6
100128098,0.765882537033173,ST8SIA6-AS1
3898,0.765882537033173,LAD1
8932,0.765804297934488,MBD2
140730,0.765752138535364,RIMS4
642826,0.765673899436679,BMS1P2
84777,0.765673899436679,DLGAP1-AS2
2175,0.765595660337993,FANCA
9846,0.765543500938869,GAB2
51110,0.765439182140622,LACTB2
7325,0.765439182140622,UBE2E2
5954,0.765439182140622,RCN1
285704,0.765308783642812,RGMB
255480,0.765308783642812,TBX5-AS1
2560,0.765230544544127,GABRB1
377677,0.765100146046318,CA13
10267,0.765100146046318,RAMP1
3751,0.765100146046318,KCND2
2760,0.765100146046318,GM2A
114294,0.764969747548508,LACTB
2539,0.764917588149384,G6PD
79722,0.764839349050699,ANKRD55
1955,0.764839349050699,MEGF9
54517,0.764735030252451,PUS7
2196,0.764735030252451,FAT2
6357,0.764656791153766,CCL13
2687,0.764604631754642,GGT5
6242,0.764552472355518,RTKN
7940,0.764500312956395,LST1
7001,0.764422073857709,PRDX2
187,0.764422073857709,APLNR
51735,0.764343834759024,RAPGEF6
117283,0.764265595660338,IP6K3
995,0.764265595660338,CDC25C
80762,0.764187356561652,NDFIP1
89846,0.764135197162529,FGD3
5557,0.764056958063843,PRIM1
4293,0.764056958063843,MAP3K9
11262,0.763978718965158,SP140
170691,0.763926559566034,ADAMTS17
151516,0.76387440016691,ASPRV1
80014,0.763796161068224,WWC2
7402,0.763796161068224,UTRN
114805,0.763717921969539,GALNT13
7273,0.763665762570415,TTN
63971,0.76358752347173,KIF13A
2317,0.76358752347173,FLNB
253461,0.763509284373044,ZBTB38
84944,0.76345712497392,MAEL
153830,0.763404965574797,RNF145
85478,0.763352806175673,CCDC65
10404,0.763300646776549,CPQ
725,0.763248487377425,C4BPB
222166,0.763196327978302,MTURN
8794,0.763144168579178,TNFRSF10C
3234,0.763092009180054,HOXD8
92558,0.763013770081369,BICDL1
774,0.763013770081369,CACNA1B
50509,0.762935530982683,COL5A3
205717,0.762883371583559,USF3
4301,0.762831212184436,AFDN
10560,0.76275297308575,SLC19A2
5066,0.76275297308575,PAM
9774,0.762674733987064,BCLAF1
5794,0.762622574587941,PTPRH
220047,0.762570415188817,CCDC83
222643,0.762440016691008,UNC5CL
221336,0.762440016691008,BEND6
8997,0.762440016691008,KALRN
3769,0.762440016691008,KCNJ13
374897,0.762309618193198,SBSN
90249,0.762257458794075,UNC5A
1528,0.762205299394951,CYB5A
222008,0.762127060296265,VSTM2A
8111,0.762127060296265,GPR68
222223,0.762022741498018,ELAPOR2
1573,0.762022741498018,CYP2J2
401022,0.761918422699771,HAGLR
197259,0.761918422699771,MLKL
283455,0.761840183601085,KSR2
100507043,0.761709785103276,TUNAR
57538,0.761709785103276,ALPK3
23205,0.761709785103276,ACSBG1
3993,0.761709785103276,LLGL2
11198,0.761553306905904,SUPT16H
3635,0.761553306905904,INPP5D
221035,0.761422908408095,REEP3
84513,0.761422908408095,PLPP5
56126,0.761422908408095,PCDHB10
7366,0.761318589609848,UGT2B15
55786,0.7612142708116,ZNF415
7494,0.7612142708116,XBP1
3776,0.7612142708116,KCNK2
92293,0.761083872313791,TMEM132C
2194,0.761083872313791,FASN
339524,0.761005633215105,LINC01140
55287,0.760901314416858,TMEM40
9903,0.760901314416858,KLHL21
3833,0.760901314416858,KIFC1
163183,0.76079699561861,SYNE4
10097,0.760718756519925,ACTR2
5697,0.760718756519925,PYY
93953,0.760640517421239,GCNA
152078,0.760588358022116,SLC66A1L
6584,0.760536198622992,SLC22A5
5217,0.760484039223868,PFN2
7464,0.760431879824744,CORO2A
2707,0.760379720425621,GJB3
84632,0.760327561026497,AFAP1L2
51170,0.760275401627373,HSD17B11
6840,0.76022324222825,SVIL
4139,0.760171082829126,MARK1
64857,0.760066764030878,PLEKHG2
56256,0.760066764030878,SERTAD4
1434,0.760066764030878,CSE1L
221294,0.759962445232631,NT5DC1
140828,0.759884206133945,LINC00261
2161,0.759884206133945,F12
285175,0.75980596703526,UNC80
339390,0.759753807636136,CLEC4G
9231,0.759701648237012,DLG5
554202,0.759597329438765,MIR31HG
65062,0.759597329438765,TMEM237
2531,0.759597329438765,KDSR
6586,0.759493010640517,SLIT3
151636,0.75938869184227,DTX3L
25822,0.75938869184227,DNAJB5
3685,0.75938869184227,ITGAV
114900,0.759232213644899,C1QTNF4
54968,0.759232213644899,TMEM70
1432,0.759232213644899,MAPK14
3925,0.75910181514709,STMN1
323,0.75910181514709,APBB2
54407,0.759023576048404,SLC38A2
64411,0.758945336949718,ARAP3
7101,0.758945336949718,NR2E1
346171,0.758867097851033,ZFP57
55074,0.758710619653662,OXR1
54332,0.758710619653662,GDAP1
11202,0.758710619653662,KLK8
9747,0.758710619653662,TCAF1
1136,0.758710619653662,CHRNA3
113802,0.758528061756729,HENMT1
1800,0.758528061756729,DPEP1
160365,0.758423742958481,CLECL1
23301,0.758423742958481,EHBP1
81618,0.758319424160234,ITM2C
1606,0.758319424160234,DGKA
84059,0.758136866263301,ADGRV1
80216,0.758136866263301,ALPK1
51661,0.758136866263301,FKBP7
25837,0.758136866263301,RAB26
70,0.758136866263301,ACTC1
85465,0.757980388065929,SELENOI
6642,0.757928228666806,SNX1
10840,0.75784998956812,ALDH1L1
6342,0.75784998956812,SCP2
85414,0.757771750469435,SLC45A3
100507387,0.757667431671187,NA
130814,0.757667431671187,SLC66A3
5058,0.757667431671187,PAK1
344752,0.757510953473816,AADACL2
2187,0.757510953473816,FANCB
873,0.757510953473816,CBR1
354,0.757406634675569,KLK3
10223,0.757328395576883,GPA33
119,0.757328395576883,ADD2
127,0.757250156478197,ADH4
64084,0.757171917379512,CLSTN2
9263,0.757171917379512,STK17A
100996579,0.757041518881702,LINC01806
100129196,0.757041518881702,MATN1-AS1
114786,0.757041518881702,XKR4
100128822,0.756885040684331,LINC01003
10049,0.756885040684331,DNAJB6
5747,0.756885040684331,PTK2
419,0.756780721886084,ART3
6540,0.75672856248696,SLC6A13
5923,0.756676403087836,RASGRF1
8110,0.756624243688713,DPF3
54827,0.756572084289589,NXPE4
84206,0.756493845190903,MEX3B
5897,0.756493845190903,RAG2
117178,0.756415606092218,SSX2IP
57210,0.756363446693094,SLC45A4
10819,0.756285207594409,OR7E14P
1509,0.756285207594409,CTSD
1588,0.756206968495723,CYP19A1
10590,0.756154809096599,SCGN
140458,0.756102649697476,ASB5
317649,0.756050490298352,EIF4E3
4174,0.755998330899228,MCM5
239,0.755946171500104,ALOX12
5150,0.755894012100981,PDE7A
6249,0.755841852701857,CLIP1
257407,0.755789693302733,C2orf72
5412,0.755737533903609,UBL3
123041,0.755659294804924,SLC24A4
55732,0.755659294804924,C1orf112
6478,0.755554976006676,SIAH2
5414,0.755554976006676,SEPTIN4
9709,0.755476736907991,HERPUD1
729993,0.755424577508867,SHISA9
92291,0.755346338410182,CAPN13
90594,0.755346338410182,ZNF439
221393,0.755268099311496,ADGRF4
10785,0.755215939912372,WDR4
2948,0.755163780513249,GSTM4
221037,0.755111621114125,JMJD1C
387921,0.755033382015439,NHLRC3
9626,0.755033382015439,GUCA1C
84674,0.754955142916754,CARD6
9104,0.75490298351763,RGN
6404,0.754850824118506,SELPLG
282996,0.754798664719382,RBM20
643977,0.754746505320259,FLJ32255
114795,0.754694345921135,TMEM132B
4354,0.754642186522011,MPP1
4040,0.754590027122888,LRP6
63924,0.754511788024202,CIDEC
6779,0.754511788024202,STATH
9448,0.754407469225954,MAP4K4
5603,0.754407469225954,MAPK13
285489,0.754303150427707,DOK7
4605,0.754303150427707,MYBL2
157310,0.754224911329021,PEBP4
1244,0.754172751929898,ABCC2
11245,0.754120592530774,GPR176
83733,0.754016273732527,SLC25A18
11119,0.754016273732527,BTN3A1
10189,0.754016273732527,ALYREF
57144,0.753885875234717,PAK5
4325,0.753885875234717,MMP16
196996,0.75378155643647,GRAMD2A
6451,0.75378155643647,SH3BGRL
5305,0.753703317337784,PIP4K2A
7106,0.753651157938661,TSPAN4
80312,0.753598998539537,TET1
8228,0.753546839140413,PNPLA4
6675,0.753494679741289,UAP1
100505875,0.753442520342166,LINC01088
54507,0.753390360943042,ADAMTSL4
120425,0.753338201543918,JAML
127933,0.753286042144794,UHMK1
777,0.753233882745671,CACNA1E
121227,0.753181723346547,LRIG3
59272,0.753129563947423,ACE2
3241,0.7530774045483,HPCAL1
8776,0.753025245149176,MTMR1
728621,0.752973085750052,CCDC30
2638,0.752920926350928,GC
5991,0.752868766951805,RFX3
871,0.752816607552681,SERPINH1
4860,0.752712288754434,PNP
3107,0.752712288754434,HLA-C
2709,0.752712288754434,GJB5
730102,0.752581890256624,CRYZL2P
23541,0.752581890256624,SEC14L2
5141,0.752503651157939,PDE4A
1946,0.752451491758815,EFNA5
9683,0.752373252660129,N4BP1
115,0.752373252660129,ADCY9
8715,0.752295013561444,NOL4
200407,0.75224285416232,CREG2
114876,0.752190694763196,OSBPL1A
9473,0.752138535364073,THEMIS2
340481,0.752060296265387,ZDHHC21
2318,0.752060296265387,FLNC
201780,0.751982057166701,SLC10A4
54149,0.751903818068016,C21orf91
5915,0.751903818068016,RARB
166752,0.751799499269768,FREM3
4881,0.751799499269768,NPR1
8411,0.751721260171083,EEA1
139886,0.751669100771959,SPIN4
121214,0.751616941372835,SDR9C7
131177,0.75153870227415,FAM3D
23258,0.75153870227415,DENND5A
23026,0.751460463175464,MYO16
51617,0.75140830377634,NSG2
401548,0.751356144377217,SNX30
79832,0.751303984978093,QSER1
23401,0.751251825578969,FRAT2
101060264,0.751173586480284,FOXP4-AS1
4172,0.751173586480284,MCM3
51616,0.751095347381598,TAF9B
119467,0.751043187982474,CLRN3
56660,0.750991028583351,KCNK12
23325,0.750912789484665,WASHC4
9712,0.750912789484665,USP6NL
219527,0.750782390986856,LRRC55
54830,0.750782390986856,NUP62CL
51256,0.750782390986856,TBC1D7
245972,0.750625912789485,ATP6V0D2
10914,0.750625912789485,PAPOLA
580,0.750625912789485,BARD1
340277,0.750469434592113,FAM221A
4935,0.750469434592113,GPR143
1130,0.750469434592113,LYST
8864,0.750365115793866,PER2
1400,0.750312956394742,CRMP1
100507557,0.750260796995619,EPM2A-DT
6263,0.750208637596495,RYR3
1719,0.750156478197371,DHFR
152503,0.750104318798247,SH3D19
23066,0.750026079699562,CAND2
7328,0.750026079699562,UBE2H
91404,0.749947840600876,SESTD1
23428,0.749895681201753,SLC7A8
4772,0.749843521802629,NFATC1
100287569,0.749791362403505,LINC00173
87,0.749739203004381,ACTN1
114991,0.749687043605258,ZNF618
56963,0.749634884206134,RGMA
640,0.749556645107448,BLK
130,0.749556645107448,ADH6
285195,0.749478406008763,SLC9A9
57579,0.749426246609639,FAM135A
80228,0.749374087210515,ORAI2
949,0.749321927811392,SCARB1
54682,0.749269768412268,MANSC1
635,0.749217609013144,BHMT
2978,0.74916544961402,GUCA1A
677838,0.749061130815773,SNORA61
57574,0.749061130815773,MARCHF4
8578,0.749061130815773,SCARF1
55806,0.748904652618402,HR
25943,0.748904652618402,DNAAF9
10235,0.748904652618402,RASGRP2
5465,0.748800333820154,PPARA
51199,0.748748174421031,NIN
3827,0.748696015021907,KNG1
124460,0.748617775923221,SNX20
56164,0.748617775923221,STK31
387755,0.748513457124974,INSC
49860,0.748513457124974,CRNN
374378,0.748435218026288,GALNT18
54913,0.748330899228041,RPP25
51303,0.748330899228041,FKBP11
994,0.748330899228041,CDC25B
10740,0.748226580429793,RFPL1S
23350,0.74817442103067,U2SURP
168667,0.748122261631546,BMPER
27290,0.748070102232422,SPINK4
653483,0.747991863133737,AFDN-DT
10579,0.747991863133737,TACC2
5937,0.747913624035051,RBMS1
7358,0.747861464635927,UGDH
54919,0.747783225537242,DNAAF5
2206,0.747783225537242,MS4A2
1488,0.747704986438556,CTBP2
8780,0.747652827039432,RIOK3
654790,0.747548508241185,PCP4L1
200634,0.747548508241185,KRTCAP3
146845,0.747548508241185,CFAP52
7263,0.747418109743376,TST
3112,0.747418109743376,HLA-DOB
339862,0.747287711245566,BALR6
79782,0.747287711245566,LRRC31
8824,0.747287711245566,CES2
2055,0.747183392447319,CLN8
203100,0.747079073649072,HTRA4
55973,0.747079073649072,BCAP29
55143,0.747079073649072,CDCA8
400360,0.746948675151262,LINC02915
6617,0.746948675151262,SNAPC1
91319,0.746870436052577,DERL3
91057,0.746792196953891,CCDC34
5106,0.746792196953891,PCK2
3207,0.746713957855206,HOXA11
64127,0.74663571875652,NOD2
50617,0.74663571875652,ATP6V0A4
64172,0.746557479657834,OSGEPL1
5017,0.746505320258711,OVOL1
161198,0.746453160859587,CLEC14A
81832,0.746401001460463,NETO1
339855,0.746348842061339,KY
26011,0.746296682662216,TENM4
55357,0.746244523263092,TBC1D2
81552,0.746192363863968,VOPP1
259230,0.746140204464845,SGMS1
132204,0.746088045065721,SYNPR
140947,0.746035885666597,DCANP1
100506465,0.74593156686835,LINC01234
6990,0.74593156686835,DYNLT3
5445,0.74593156686835,PON2
54751,0.745827248070102,FBLIM1
400941,0.745775088670979,LINC00487
140469,0.745722929271855,MYO3B
8459,0.745670769872731,TPST2
150000,0.745592530774046,ABCC13
134553,0.745592530774046,C5orf24
113675,0.745488211975798,SDSL
55803,0.745488211975798,ADAP2
64283,0.745357813477989,ARHGEF28
10791,0.745357813477989,VAMP5
3097,0.745357813477989,HIVEP2
10388,0.745253494679741,SYCP2
4225,0.745175255581056,MEP1B
3757,0.745175255581056,KCNH2
51099,0.74509701648237,ABHD5
28978,0.745018777383684,TMEM14A
5724,0.745018777383684,PTAFR
83988,0.744940538284999,NCALD
9252,0.744888378885875,RPS6KA5
284161,0.744836219486751,GDPD1
100192378,0.744705820988942,ZFHX4-AS1
134957,0.744705820988942,STXBP5
84460,0.744705820988942,ZMAT1
26036,0.744705820988942,ZNF451
221188,0.744549342791571,ADGRG5
5288,0.744549342791571,PIK3C2G
6910,0.744471103692885,TBX5
165904,0.744418944293762,XIRP1
144577,0.744340705195076,KICS2
51276,0.744340705195076,ZNF571
57333,0.744236386396829,RCN3
23245,0.744236386396829,ASTN2
57103,0.744158147298143,TIGAR
2870,0.744105987899019,GRK6
2876,0.744053828499896,GPX1
6899,0.744001669100772,TBX1
11177,0.743949509701648,BAZ1A
10003,0.743897350302524,NAALAD2
440603,0.743819111203839,BCL2L15
6297,0.743819111203839,SALL2
83639,0.743740872105153,TEX101
5494,0.74368871270603,PPM1A
129293,0.743636553306906,TRABD2A
80063,0.74355831420822,ATF7IP2
26115,0.74355831420822,TANC2
768239,0.743453995409973,PSAPL1
838,0.743453995409973,CASP5
23225,0.743349676611725,NUP210
5203,0.743349676611725,PFDN4
6932,0.74327143751304,TCF7
10447,0.743219278113916,FAM3C
153768,0.743167118714792,PRELID2
100506548,0.743114959315669,NA
64168,0.743062799916545,NECAB1
133522,0.743010640517421,PPARGC1B
84689,0.742932401418736,MS4A14
197,0.742932401418736,AHSG
100505989,0.74285416232005,SMIM31
23135,0.742775923221365,KDM6B
22903,0.742775923221365,BTBD3
10184,0.742671604423117,LHFPL2
8999,0.742671604423117,CDKL2
401233,0.742515126225746,HTATSF1P2
83715,0.742515126225746,ESPN
81501,0.742515126225746,DCSTAMP
5573,0.742515126225746,PRKAR1A
257144,0.742358648028375,GCSAM
10981,0.742358648028375,RAB32
5968,0.742280408929689,REG1B
8745,0.742176090131442,ADAM23
6520,0.742176090131442,SLC3A2
685,0.742176090131442,BTC
151531,0.742071771333194,UPP2
57711,0.741993532234509,ZNF529
221,0.741993532234509,ALDH3B1
5889,0.741915293135823,RAD51C
898,0.741863133736699,CCNE1
6752,0.741810974337576,SSTR2
57600,0.741758814938452,FNIP2
51063,0.741706655539328,CALHM2
54884,0.741654496140205,RETSAT
3858,0.741524097642395,KRT10
3706,0.741524097642395,ITPKA
2737,0.741524097642395,GLI3
1149,0.741524097642395,CIDEA
54462,0.741341539745462,CCSER2
26270,0.741341539745462,FBXO6
6867,0.741341539745462,TACC1
348825,0.741237220947215,TPRXL
3459,0.741158981848529,IFNGR1
3312,0.741158981848529,HSPA8
388698,0.741080742749843,FLG2
91298,0.741002503651158,C12orf29
6789,0.741002503651158,STK4
11123,0.740924264552472,RCAN3
283316,0.740846025453787,CD163L1
112479,0.740846025453787,ERI2
84807,0.740767786355101,NFKBID
23544,0.740715626955977,SEZ6L
51133,0.740637387857292,KCTD3
7095,0.740637387857292,SEC62
26147,0.740559148758606,PHF19
84913,0.740506989359483,ATOH8
976,0.740454829960359,ADGRE5
132320,0.740402670561235,SCLT1
431707,0.740350511162111,LHX8
10236,0.740298351762988,HNRNPR
6594,0.740246192363864,SMARCA1
57413,0.74019403296474,TMIGD3
84867,0.740141873565617,PTPN5
100996492,0.740037554767369,CTXND1
220134,0.740037554767369,SKA1
4066,0.740037554767369,LYL1
166968,0.739933235969122,MIER3
93349,0.739881076569998,SP140L
22859,0.739828917170874,ADGRL1
11168,0.739750678072189,PSIP1
1298,0.739750678072189,COL9A2
730101,0.739672438973503,LOC730101
5817,0.739594199874817,PVR
4862,0.739594199874817,NPAS2
643763,0.739515960776132,NA
92745,0.739463801377008,SLC38A5
25894,0.739411641977884,PLEKHG4
79693,0.739359482578761,YRDC
92906,0.739307323179637,HNRNPLL
376267,0.739255163780513,RAB15
80333,0.739176924681828,KCNIP4
2922,0.739176924681828,GRP
51278,0.73907260588358,IER5
9254,0.73907260588358,CACNA2D2
51465,0.738994366784895,UBE2J1
930,0.738942207385771,CD19
58489,0.738863968287085,ABHD17C
56853,0.738863968287085,CELF4
55753,0.7387857291884,OGDHL
80127,0.738707490089714,BBOF1
10988,0.738707490089714,METAP2
8996,0.738629250991029,NOL3
343099,0.738524932192781,CCDC18
54795,0.738524932192781,TRPM4
1002,0.738524932192781,CDH4
399474,0.738420613394534,TMEM200B
337876,0.73836845399541,CHSY3
2529,0.738316294596286,FUT7
100289255,0.738264135197162,TMEM238L
2906,0.738211975798039,GRIN2D
5340,0.738159816398915,PLG
8322,0.738055497600668,FZD4
7082,0.738055497600668,TJP1
5074,0.738055497600668,PAWR
921,0.73795117880242,CD5
613212,0.737899019403296,CTXN3
6809,0.737820780304611,STX3
3026,0.737820780304611,HABP2
100506144,0.737742541205925,TMEM35B
1952,0.737690381806802,CELSR2
5172,0.737638222407678,SLC26A4
128866,0.737586063008554,CHMP4B
766,0.73753390360943,CA7
55890,0.737455664510745,GPRC5C
2956,0.737455664510745,MSH6
80309,0.737377425412059,SPHKAP
80723,0.737325266012936,SLC35G2
55529,0.737273106613812,PIP4P2
9796,0.737194867515126,PHYHIP
5019,0.737194867515126,OXCT1
6909,0.737116628416441,TBX2
6019,0.737064469017317,RLN2
401152,0.737012309618193,C4orf3
23097,0.736960150219069,CDK19
79940,0.736855831420822,LINC00472
56242,0.736855831420822,ZNF253
25900,0.736855831420822,IFFO1
440854,0.736751512622575,CAPN14
11076,0.736699353223451,TPPP
254427,0.736647193824327,PROSER2
101241892,0.736568954725642,NPTN-IT1
10605,0.736568954725642,PAIP1
23424,0.736490715626956,TDRD7
10050,0.736438556227832,SLC17A4
119587,0.736360317129147,CPXM2
7036,0.736360317129147,TFR2
153562,0.736229918631337,MARVELD2
147645,0.736229918631337,VSIG10L
116151,0.736229918631337,FAM210B
259173,0.736099520133528,ALS2CL
148523,0.736099520133528,CIART
1961,0.736021281034842,EGR4
55224,0.735969121635719,ETNK2
4154,0.735916962236595,MBNL1
25923,0.735864802837471,ATL3
100288413,0.735812643438348,ERVMER34-1
118471,0.735734404339662,PRAP1
9169,0.735734404339662,SCAF11
375612,0.735656165240976,LHFPL3
57228,0.735604005841853,SMAGP
574036,0.735551846442729,SERTAD4-AS1
23593,0.735473607344043,HEBP2
4173,0.735473607344043,MCM4
163882,0.735369288545796,CNST
2019,0.735369288545796,EN1
440944,0.735264969747549,THUMPD3-AS1
10606,0.735264969747549,PAICS
51179,0.735160650949301,HAO2
7849,0.735160650949301,PAX8
2949,0.735082411850616,GSTM5
5784,0.735030252451492,PTPN14
85363,0.734978093052368,TRIM5
80339,0.734925933653244,PNPLA3
1501,0.734873774254121,CTNND2
55010,0.734795535155435,PARPBP
1358,0.734795535155435,CPA2
274,0.734717296056749,BIN1
3111,0.734665136657626,HLA-DOA
85315,0.73458689755894,PAQR8
2157,0.73458689755894,F8
80321,0.734482578760693,CEP70
3134,0.734482578760693,HLA-F
85236,0.734378259962445,H2BC12
28982,0.734378259962445,FLVCR1
56901,0.734273941164198,NDUFA4L2
26508,0.734273941164198,HEYL
10279,0.734143542666388,PRSS16
10140,0.734143542666388,TOB1
4942,0.734143542666388,OAT
221749,0.733987064469017,PXDC1
157695,0.733987064469017,TDRP
50862,0.733987064469017,RNF141
8682,0.73388274567077,PEA15
219539,0.733830586271646,YPEL4
7062,0.733778426872522,TCHH
80237,0.733700187773837,ELL3
55057,0.733700187773837,CRYBG2
78990,0.733569789276028,OTUB2
9555,0.733569789276028,MACROH2A1
174,0.733569789276028,AFP
91523,0.733413311078656,PCED1B
56987,0.733413311078656,BBX
9767,0.733413311078656,JADE3
677766,0.733308992280409,SCARNA2
23533,0.733230753181723,PIK3R5
5663,0.733230753181723,PSEN1
116835,0.733126434383476,HSPA12B
7200,0.733126434383476,TRH
10814,0.733022115585228,CPLX2
7869,0.733022115585228,SEMA3B
5562,0.732943876486543,PRKAA1
200916,0.732891717087419,RPL22L1
728175,0.732839557688295,LINC02363
5514,0.732787398289172,PPP1R10
9674,0.732735238890048,KIAA0040
9306,0.732656999791362,SOCS6
3710,0.732656999791362,ITPR3
2896,0.732578760692677,GRN
130940,0.732526601293553,CCDC148
5095,0.732474441894429,PCCA
85460,0.732422282495306,ZNF518B
23012,0.732370123096182,STK38L
54763,0.732317963697058,ROPN1
400680,0.732265804297935,LINC00664
149428,0.732213644898811,BNIPL
57689,0.732135405800125,LRRC4C
922,0.732135405800125,CD5L
164312,0.732005007302316,LRRN4
26998,0.732005007302316,FETUB
622,0.732005007302316,BDH1
9997,0.731900688504068,SCO2
8899,0.731848529104945,PRPF4B
64409,0.731770290006259,GALNT17
1374,0.731770290006259,CPT1A
319,0.731692050907573,APOF
5454,0.73163989150845,POU3F2
160418,0.731483413311079,TMTC3
84101,0.731483413311079,USP44
29780,0.731483413311079,PARVB
10951,0.731483413311079,CBX1
462,0.731483413311079,SERPINC1
9515,0.731326935113707,STXBP5L
201725,0.731274775714584,C4orf46
6843,0.73122261631546,VAMP1
132724,0.731170456916336,TMPRSS11B
2710,0.731118297517213,GK
100505495,0.731066138118089,PCAT19
2495,0.731013978718965,FTH1
8542,0.730961819319841,APOL1
100131564,0.730909659920718,CCDC18-AS1
30815,0.730831420822032,ST6GALNAC6
1780,0.730831420822032,DYNC1I1
28962,0.730753181723347,OSTM1
25976,0.730701022324223,TIPARP
9630,0.730648862925099,GNA14
23630,0.730570623826413,KCNE5
23413,0.730570623826413,NCS1
80162,0.730492384727728,PGGHG
83719,0.730440225328604,YPEL3
64174,0.73038806592948,DPEP2
91775,0.730335906530357,NXPE3
137392,0.730283747131233,CIBAR1
55335,0.73023158773210906,NIPSNAP3B
84909,0.730153348633424,AOPEP
51741,0.730153348633424,WWOX
130589,0.730075109534738,GALM
55195,0.730022950135614,CCDC198
6525,0.729970790736491,SMTN
10535,0.729892551637805,RNASEH2A
5001,0.729892551637805,ORC5
64787,0.729788232839558,EPS8L2
10802,0.729788232839558,SEC24A
26239,0.729709993740872,LCE2B
6744,0.729657834341748,ITPRID2
220323,0.729605674942625,OAF
10746,0.729553515543501,MAP3K2
219287,0.729449196745254,AMER2
196441,0.729449196745254,ZFC3H1
5728,0.729449196745254,PTEN
25948,0.729344877947006,KBTBD2
3786,0.729292718547882,KCNQ3
27329,0.729240559148759,ANGPTL3
92270,0.729188399749635,ATP6AP1L
282997,0.729110160650949,PDCD4-AS1
57094,0.729110160650949,CPA6
149466,0.729031921552264,C1orf210
50999,0.72897976215314,TMED5
348938,0.728927602754016,NIPAL4
4782,0.728875443354893,NFIC
114299,0.728823283955769,NA
56261,0.728745044857083,GPCPD1
957,0.728745044857083,ENTPD5
1788,0.728666805758398,DNMT3A
54498,0.728588566659712,SMOX
1551,0.728588566659712,CYP3A7
23641,0.728510327561027,LDOC1
7813,0.728458168161903,EVI5
84216,0.728406008762779,TMEM117
4660,0.728353849363655,PPP1R12B
5015,0.72827561026497,OTX2
4046,0.72827561026497,LSP1
3142,0.728197371166284,HLX
5909,0.72814521176716,RAP1GAP
27178,0.728093052368037,IL37
5972,0.728040892968913,REN
55791,0.727962653870227,LRIF1
5925,0.727962653870227,RB1
23048,0.727884414771542,FNBP1
9162,0.727806175672856,DGKI
4255,0.727806175672856,MGMT
55615,0.727701856874609,PRR5
4887,0.727701856874609,NPY2R
54996,0.727623617775923,MTARC2
64423,0.727545378677238,INF2
4308,0.727545378677238,TRPM1
100381270,0.727467139578552,ZBED6
27289,0.727388900479866,RND1
1789,0.727388900479866,DNMT3B
285671,0.727310661381181,RNF180
54556,0.727232422282495,ING3
23621,0.727232422282495,BACE1
9863,0.72715418318381,MAGI2
56287,0.727102023784686,GKN1
11007,0.727049864385562,CCDC85B
57631,0.726997704986439,LRCH2
6001,0.726945545587315,RGS10
125113,0.726893386188191,KRT222
344558,0.726815147089506,SH3RF3
5264,0.726815147089506,PHYH
284611,0.72673690799082,FAM102B
440556,0.726658668892134,PRDM16-DT
55754,0.726658668892134,TMEM30A
83706,0.726580429793449,FERMT3
6853,0.726528270394325,SYN1
127733,0.726450031295639,UBXN10
8914,0.726450031295639,TIMELESS
1943,0.726371792196954,EFNA2
9956,0.72631963279783,HS3ST2
8874,0.726267473398706,ARHGEF7
10761,0.726215313999583,PLAC1
9962,0.726163154600459,SLC23A2
54979,0.726084915501773,PLAAT2
6813,0.726084915501773,STXBP2
27121,0.726006676403088,DKK4
51734,0.725954517003964,MSRB1
402778,0.725876277905279,IFITM10
5137,0.725876277905279,PDE1C
148327,0.725798038806593,CREB3L4
23194,0.725719799707907,FBXL7
7407,0.725719799707907,VARS1
22877,0.725641560609222,MLXIP
8659,0.725589401210098,ALDH4A1
60370,0.725537241810974,AVPI1
649446,0.725459002712289,DLGAP1-AS1
55632,0.725459002712289,G2E3
144809,0.725354683914041,FAM216B
56547,0.725354683914041,MMP26
84733,0.725250365115794,CBX2
63901,0.725250365115794,FAM111A
79644,0.725172126017108,SRD5A3
146227,0.725067807218861,BEAN1
94039,0.725067807218861,ZNF101
203,0.725067807218861,AK1
91316,0.72491132902149,GUSBP11
6037,0.72491132902149,RNASE3
2565,0.72491132902149,GABRG1
6258,0.724807010223242,RXRG
154664,0.724702691424995,ABCA13
10411,0.724702691424995,RAPGEF3
2554,0.724702691424995,GABRA1
4340,0.724598372626747,MOG
89766,0.724520133528062,UMODL1
5523,0.724520133528062,PPP2R3A
10745,0.724441894429376,PHTF1
283551,0.724389735030253,LINC01588
64577,0.724311495931567,ALDH8A1
51678,0.724311495931567,PALS2
29114,0.724233256832881,TAGLN3
57085,0.724181097433758,AGTRAP
5371,0.724128938034634,PML
11083,0.724050698935948,DIDO1
3171,0.724050698935948,FOXA3
201266,0.723946380137701,SLC39A11
56605,0.723946380137701,ERO1B
11223,0.723868141039015,MST1L
9459,0.723763822240768,ARHGEF6
8503,0.723763822240768,PIK3R3
350,0.723763822240768,APOH
338376,0.723633423742958,IFNE
25852,0.723633423742958,ARMC8
196264,0.723529104944711,MPZL3
83660,0.723529104944711,TLN2
5670,0.723450865846025,PSG2
6913,0.72337262674734,TBX15
3916,0.72337262674734,LAMP1
4285,0.723294387648654,MIPEP
84327,0.723242228249531,ZBED3
3960,0.723163989150845,LGALS4
335,0.723163989150845,APOA1
57061,0.723033590653036,HYMAI
9644,0.723033590653036,SH3PXD2A
3766,0.723033590653036,KCNJ10
55614,0.722903192155226,KIF16B
3717,0.722903192155226,JAK2
5028,0.722824953056541,P2RY1
284071,0.722772793657417,MEIOC
441108,0.72266847485917,IRF1-AS1
956,0.72266847485917,ENTPD3
923,0.72266847485917,CD6
79852,0.722564156060922,EPHX3
57544,0.722459837262675,TXNDC16
1558,0.722459837262675,CYP2C8
204,0.722459837262675,AK2
352999,0.722303359065304,C6orf58
80380,0.722303359065304,PDCD1LG2
8497,0.722303359065304,PPFIA4
51375,0.722199040267056,SNX7
135293,0.722146880867932,PM20D2
23119,0.722094721468809,HIC2
4842,0.722016482370123,NOS1
3678,0.722016482370123,ITGA5
100169890,0.721938243271438,PEG3-AS1
81786,0.721886083872314,TRIM7
89876,0.721781765074066,CFAP91
22990,0.721781765074066,PCNX1
2118,0.721781765074066,ETV4
10675,0.721625286876695,CSPG5
9495,0.721625286876695,AKAP5
414,0.721625286876695,ARSD
255738,0.7214166492802,PCSK9
151393,0.7214166492802,RMDN2
27018,0.7214166492802,BEX3
10513,0.7214166492802,APPBP2
7157,0.7214166492802,TP53
5273,0.721234091383267,SERPINB10
1638,0.721234091383267,DCT
79888,0.721155852284582,LPCAT1
10926,0.721103692885458,DBF4
460,0.721051533486334,ASTN1
29933,0.720973294387649,GPR132
23285,0.720973294387649,NA
84440,0.720895055288963,RAB11FIP4
284759,0.720816816190277,SIRPB2
145264,0.720816816190277,SERPINA12
9705,0.720738577091592,ST18
201164,0.720660337992906,PLD6
55294,0.720660337992906,FBXW7
3700,0.720582098894221,ITIH4
57688,0.720529939495097,ZSWIM6
400745,0.720451700396411,SH2D5
3727,0.720451700396411,JUND
57636,0.720373461297726,ARHGAP23
196047,0.72029522219904,EMX2OS
3316,0.72029522219904,HSPB2
26095,0.720216983100355,PTPN20
6493,0.720164823701231,SIM2
79962,0.720112664302107,DNAJC22
171586,0.720060504902984,ABHD3
4760,0.72000834550386,NEUROD1
3895,0.719956186104736,KTN1
5597,0.719904026705612,MAPK6
64856,0.719825787606927,VWA1
54542,0.719825787606927,RC3H2
5984,0.719747548508241,RFC4
970,0.719695389109117,CD70
266722,0.719643229709994,HS6ST3
117177,0.71959107031087,RAB3IP
53347,0.719512831212184,UBASH3A
1875,0.719512831212184,E2F5
116173,0.719382432714375,CMTM5
11052,0.719382432714375,CPSF6
9914,0.719382432714375,ATP2C2
231,0.719278113916128,AKR1B1
91010,0.719199874817442,FMNL3
5862,0.719199874817442,RAB2A
204851,0.719095556019195,HIPK1
5790,0.719095556019195,PTPRCAP
3250,0.719017316920509,HPR
359948,0.7188869184227,IRF2BP2
23530,0.7188869184227,NNT
23209,0.7188869184227,MLC1
1503,0.7188869184227,CTPS1
254295,0.718730440225329,PHYHD1
9324,0.718730440225329,HMGN3
6271,0.718652201126643,S100A1
27010,0.718573962027957,TPK1
101,0.718573962027957,ADAM8
127602,0.718495722929272,DNAH14
286753,0.718443563530148,TRARG1
200150,0.718391404131024,PLD5
206338,0.718287085332777,LVRN
54964,0.718287085332777,C1orf56
1983,0.718287085332777,EIF5
339456,0.71818276653453,TMEM52
151963,0.718130607135406,MB21D2
54438,0.71805236803672,GFOD1
8535,0.71805236803672,CBX4
5660,0.717948049238473,PSAP
3902,0.717948049238473,LAG3
133688,0.717869810139787,UGT3A1
64770,0.71776549134154,CCDC14
57863,0.71776549134154,CADM3
8491,0.71776549134154,MAP4K3
6519,0.717661172543292,SLC3A1
1118,0.717609013144169,CHIT1
112817,0.717556853745045,HOGA1
51747,0.717504694345921,LUC7L3
56913,0.717452534946797,C1GALT1
2762,0.717400375547674,GMDS
84056,0.717322136448988,KATNAL1
3818,0.717322136448988,KLKB1
6356,0.717217817650741,CCL11
975,0.717217817650741,CD81
7764,0.717139578552055,ZNF217
93589,0.717061339453369,CACNA2D4
9700,0.717061339453369,ESPL1
65266,0.716957020655122,WNK4
25994,0.716957020655122,HIGD1A
27334,0.716878781556436,P2RY10
8635,0.716826622157313,RNASET2
10260,0.716774462758189,DENND4A
8438,0.716722303359065,RAD54L
348094,0.71664406426038,ANKDD1A
54715,0.71664406426038,RBFOX1
120400,0.716539745462132,NXPE1
11187,0.716539745462132,PKP3
27125,0.716435426663885,AFF4
1969,0.716435426663885,EPHA2
79633,0.716357187565199,FAT4
54511,0.716252868766952,HMGCLL1
9844,0.716252868766952,ELMO1
5198,0.716252868766952,PFAS
51226,0.716148549968704,COPZ2
399761,0.716070310870019,BMS1P1
2160,0.716070310870019,F11
728606,0.715939912372209,PCAT18
27439,0.715939912372209,TMEM121B
3159,0.715939912372209,HMGA1
9205,0.715835593573962,ZMYM5
400966,0.715679115376591,RGPD1
23246,0.715679115376591,BOP1
7803,0.715679115376591,PTP4A1
6016,0.715679115376591,RIT1
1739,0.715679115376591,DLG1
9649,0.71552263717922,RALGPS1
6941,0.715470477780096,TCF19
54558,0.715418318380972,SPATA6
334,0.715366158981849,APLP2
63908,0.715287919883163,NAPB
23433,0.715287919883163,RHOQ
133396,0.715209680784477,IL31RA
128414,0.715157521385354,NKAIN4
199990,0.71510536198623,FAAP20
92483,0.715027122887544,LDHAL6B
5475,0.715027122887544,PPEF1
9947,0.714948883788859,MAGEC1
5699,0.714896724389735,PSMB10
79781,0.714844564990611,IQCA1
29103,0.714792405591488,DNAJC15
285440,0.714740246192364,CYP4V2
84515,0.71468808679324,MCM8
56961,0.714609847694555,SHD
9697,0.714609847694555,TRAM2
440836,0.714531608595869,ODF3B
29943,0.714427289797621,PADI1
23191,0.714427289797621,CYFIP1
10892,0.714427289797621,MALT1
136288,0.714296891299812,C7orf57
7468,0.714296891299812,NSD2
1465,0.714218652201127,CSRP1
79132,0.714140413102441,DHX58
767,0.714140413102441,CA8
254102,0.714062174003755,EHBP1L1
10326,0.714010014604632,SIRPB1
10718,0.713931775505946,NRG3
7512,0.713931775505946,XPNPEP2
4014,0.713827456707699,LORICRIN
1757,0.713827456707699,SARDH
79642,0.713749217609013,ARSJ
6261,0.713697058209889,RYR1
143279,0.713644898810766,HECTD2
81027,0.71356665971208,TUBB1
2673,0.71356665971208,GFPT1
100507650,0.713462340913833,RNF212B
1915,0.713462340913833,EEF1A1
64946,0.713384101815147,CENPH
408,0.713331942416023,ARRB1
23198,0.7132797830169,PSME4
286410,0.713201543918214,ATP11C
23046,0.713201543918214,KIF21B
222865,0.713097225119967,TMEM130
164284,0.713097225119967,APCDD1L
146713,0.713018986021281,RBFOX3
57018,0.712940746922595,CCNL1
29992,0.712940746922595,PILRA
59342,0.71286250782391,SCPEP1
57406,0.712784268725224,ABHD6
55349,0.712784268725224,CHDH
22882,0.712706029626539,ZHX2
4166,0.712653870227415,CHST6
83894,0.712549551429168,TTC29
83478,0.712549551429168,ARHGAP24
55862,0.712549551429168,ECHDC1
51046,0.71244523263092,ST8SIA3
4756,0.712314834133111,NEO1
2027,0.712314834133111,ENO3
1437,0.712314834133111,CSF2
270,0.712314834133111,AMPD1
51018,0.712184435635301,RRP15
55081,0.712080116837054,IFT57
7046,0.712080116837054,TGFBR1
2590,0.712080116837054,GALNT2
8425,0.711975798038807,LTBP4
202299,0.711923638639683,LINC01554
728264,0.711819319841435,CARMN
6139,0.711819319841435,RPL17
1307,0.711819319841435,COL16A1
140685,0.711688921343626,ZBTB46
127018,0.711688921343626,LYPLAL1
123016,0.711610682244941,TTC8
55337,0.711558522845817,SHFL
2257,0.711506363446693,FGF12
147920,0.711454204047569,IGFL2
6672,0.711402044648446,SP100
4626,0.711349885249322,MYH8
54431,0.711271646150636,DNAJC10
51733,0.711271646150636,UPB1
25803,0.711193407051951,SPDEF
340075,0.711115167953265,ARSI
222235,0.711115167953265,FBXL13
254887,0.71103692885458,ZDHHC23
79893,0.710984769455456,GGNBP2
83591,0.710932610056332,THAP2
7535,0.710880450657208,ZAP70
54805,0.710802211558523,CNNM2
10666,0.710802211558523,CD226
5091,0.710723972459837,PC
387751,0.710645733361152,GVINP1
924,0.710645733361152,CD7
64922,0.710567494262466,LRRC19
9545,0.710515334863342,RAB3D
85007,0.710463175464219,PHYKPL
2700,0.710384936365533,GJA3
1962,0.710384936365533,EHHADH
57650,0.710306697266847,CIP2A
7982,0.710254537867724,ST7
255798,0.7102023784686,SMCO1
29974,0.710124139369914,A1CF
3903,0.710124139369914,LAIR1
6470,0.710045900271229,SHMT1
84142,0.709993740872105,ABRAXAS1
8718,0.70991550177342,TNFRSF25
5686,0.70991550177342,PSMA5
6434,0.709837262674734,TRA2B
23603,0.709759023576048,CORO1C
8120,0.709759023576048,AP3B2
168544,0.709680784477363,ZNF467
387923,0.709628625078239,SERP2
1235,0.709576465679115,CCR6
770,0.709524306279992,CA11
23492,0.709446067181306,CBX7
23023,0.709446067181306,TMCC1
649,0.70936782808262,BMP1
94121,0.709289588983935,SYTL4
23474,0.709289588983935,ETHE1
146223,0.709211349885249,CMTM4
29106,0.709159190486126,SCG3
92747,0.70908095138744,BPIFB1
3382,0.70908095138744,ICA1
103352539,0.708976632589193,LINC01410
100131755,0.708976632589193,ARMCX4
1579,0.708898393490507,CYP4A11
100505806,0.708820154391821,SNHG18
8878,0.708820154391821,SQSTM1
647087,0.70866367619445,STMP1
81693,0.70866367619445,AMN
8444,0.70866367619445,DYRK3
1179,0.70866367619445,CLCA1
23365,0.708533277696641,ARHGEF12
79019,0.708402879198832,CENPM
27143,0.708402879198832,PALD1
25966,0.708402879198832,C2CD2
1027,0.708402879198832,CDKN1B
7225,0.708272480701022,TRPC6
51151,0.708194241602337,SLC45A2
2915,0.708194241602337,GRM5
6717,0.708116002503651,SRI
79683,0.708037763404966,ZDHHC14
22868,0.708037763404966,FASTKD2
23007,0.70795952430628,PLCH1
1749,0.707907364907156,DLX5
1297,0.707855205508032,COL9A1
441478,0.707803046108909,NRARP
80131,0.707672647611099,LRRC8E
23239,0.707672647611099,PHLPP1
5111,0.707672647611099,PCNA
867,0.707672647611099,CBL
255403,0.70754224911329,ZNF718
55630,0.707490089714166,SLC39A4
6496,0.707437930315043,SIX3
202333,0.707333611516795,CMYA5
23109,0.707333611516795,DDN
2907,0.707333611516795,GRINA
101060691,0.707177133319424,NUTM2B-AS1
10758,0.707177133319424,TRAF3IP2
173,0.707177133319424,AFM
84288,0.707046734821615,EFCAB2
79725,0.707046734821615,THAP9
51701,0.706916336323806,NLK
51195,0.706916336323806,RAPGEFL1
4148,0.706916336323806,MATN3
138065,0.706812017525558,RNF183
88455,0.706759858126434,ANKRD13A
7094,0.706707698727311,TLN1
29119,0.706655539328187,CTNNA3
79853,0.706603379929063,TM4SF20
84239,0.706551220529939,ATP13A4
3315,0.706499061130816,HSPB1
8777,0.706446901731692,MPDZ
10912,0.706394742332568,GADD45G
23376,0.706342582933445,UFL1
54900,0.706290423534321,LAX1
126820,0.706212184435635,DNAI3
26175,0.706212184435635,TMEM251
90861,0.706107865637388,JPT2
4240,0.706107865637388,MFGE8
171425,0.706029626538702,CLYBL
124961,0.705951387440017,ZFP3
4107,0.705951387440017,MAGEA8
57514,0.705873148341331,ARHGAP31
90506,0.705794909242646,LRRC46
51174,0.705794909242646,TUBD1
55161,0.705612351345713,TMEM33
10890,0.705612351345713,RAB10
10549,0.705612351345713,PRDX4
4635,0.705612351345713,MYL4
4619,0.705612351345713,MYH1
4828,0.705455873148341,NMB
51715,0.705325474650532,RAB23
10678,0.705325474650532,B3GNT2
8475,0.705325474650532,NA
2842,0.705325474650532,GPR19
440515,0.705116837054037,ZNF506
282618,0.705116837054037,IFNL1
55766,0.705116837054037,H2AJ
6820,0.705116837054037,SULT2B1
57471,0.704960358856666,ERMN
9948,0.704960358856666,WDR1
4583,0.70488211975798,MUC2
114904,0.704803880659295,C1QTNF6
50604,0.704803880659295,IL20
221935,0.704725641560609,SDK1
8458,0.704673482161486,TTF2
79400,0.704621322762362,NOX5
22987,0.704543083663676,SV2C
1006,0.704543083663676,CDH8
10842,0.704464844564991,PPP1R17
116519,0.704412685165867,APOA5
114899,0.704360525766743,C1QTNF3
797,0.704308366367619,CALCB
112885,0.704256206968496,PHF21B
89122,0.70417796786981,TRIM4
5276,0.70417796786981,SERPINI2
54970,0.704099728771125,TTC12
55897,0.704021489672439,MESP1
4112,0.704021489672439,MAGEB1
3418,0.703943250573753,IDH2
54801,0.703838931775506,HAUS6
29927,0.703838931775506,SEC61A1
7398,0.703838931775506,USP1
388796,0.703734612977258,SNHG17
284756,0.703656373878573,LINC02910
126282,0.703656373878573,TNFAIP8L1
54585,0.703525975380764,LZTFL1
3239,0.703525975380764,HOXD13
811,0.703525975380764,CALR
2220,0.703421656582516,FCN2
54474,0.703343417483831,KRT20
2995,0.703343417483831,GYPC
996,0.703265178385145,CDC27
1495,0.703213018986021,CTNNA1
283104,0.703160859586898,SBF2-AS1
144423,0.703108700187774,GLT1D1
8399,0.70305654078865,PLA2G10
84695,0.703004381389526,LOXL3
285735,0.702900062591279,LINC00326
6574,0.702900062591279,SLC20A1
3339,0.702900062591279,HSPG2
64098,0.70276966409347,PARVG
4974,0.70276966409347,OMG
84455,0.702691424994784,EFCAB7
158219,0.702613185896098,TTC39B
157724,0.702613185896098,SLC7A13
115294,0.702534946797413,PCMTD1
126308,0.702482787398289,MOB3A
643332,0.702404548299604,RNASE2CP
6014,0.702404548299604,RIT2
23654,0.702326309200918,PLXNB2
283431,0.702221990402671,GAS2L3
22823,0.702221990402671,MTF2
4117,0.702221990402671,MAK
54928,0.702117671604423,BPNT2
6737,0.702065512205299,TRIM21
81555,0.702013352806176,YIPF5
7782,0.701961193407052,SLC30A4
221150,0.701909034007928,SKA3
10095,0.701856874608805,ARPC1B
4049,0.701804715209681,LTA
1628,0.701726476110995,DBP
889,0.701726476110995,KRIT1
8187,0.70164823701231,ZNF239
5362,0.701596077613186,PLXNA2
28971,0.701543918214062,AAMDC
90627,0.701491758814938,STARD13
10661,0.701439599415815,KLF1
55589,0.701387440016691,BMP2K
189,0.701335280617567,AGXT
57168,0.701257041518882,ASPHD2
415,0.701257041518882,ARSL
51744,0.701178802420196,CD244
8569,0.701126643021072,MKNK1
79611,0.701022324222825,ACSS3
10197,0.701022324222825,PSME3
3417,0.701022324222825,IDH1
340273,0.700918005424577,ABCB5
284837,0.70081368662633,AATBC
160897,0.70081368662633,GPR180
84530,0.70081368662633,SRRM4
79908,0.700683288128521,BTNL8
55628,0.700683288128521,ZNF407
432,0.700605049029835,ASGR1
401115,0.700474650532026,C4orf48
11024,0.700474650532026,LILRA1
5534,0.700474650532026,PPP3R1
525,0.700474650532026,ATP6V1B1
666,0.700344252034217,BOK
55040,0.700292092635093,EPN3
253982,0.700239933235969,ASPHD1
6801,0.700187773836845,STRN
64327,0.70010953473816,LMBR1
1657,0.70010953473816,DMXL1
6596,0.700031295639474,HLTF
123920,0.69997913624035,CMTM3
10640,0.699874817442103,EXOC5
1128,0.699874817442103,CHRM1
845,0.699874817442103,CASQ2
2778,0.699770498643856,GNAS
10449,0.69969225954517,ACAA2
605,0.69969225954517,BCL7A
100505687,0.699614020446484,LINC00888
22846,0.699561861047361,VASH1
55728,0.699483621948675,N4BP2
23528,0.699483621948675,ZNF281
1852,0.699379303150428,DUSP9
1017,0.699379303150428,CDK2
374899,0.699248904652618,ZNF829
90522,0.699248904652618,YIF1B
7003,0.699248904652618,TEAD1
63827,0.699144585854371,BCAN
27092,0.699092426455247,CACNG4
56133,0.699040267056124,PCDHB2
8476,0.698988107657,CDC42BPA
338094,0.698909868558314,FAM151A
2250,0.698909868558314,FGF5
9735,0.698831629459629,KNTC1
100862680,0.698727310661381,LINC00507
91860,0.698727310661381,CALML4
9019,0.698727310661381,MPZL1
84255,0.698622991863134,SLC37A3
170850,0.698544752764448,KCNG3
85462,0.698544752764448,FHDC1
55783,0.698440433966201,CMTR2
51177,0.698440433966201,PLEKHO1
10732,0.698336115167953,TCFL5
8869,0.698336115167953,ST3GAL5
8364,0.698257876069268,H4C3
389860,0.698179636970582,PAGE2B
56990,0.698179636970582,CDC42SE2
3763,0.698101397871897,KCNJ6
54981,0.698049238472773,NMRK1
4542,0.697970999374087,MYO1F
2705,0.697970999374087,GJB1
143941,0.69786668057584,TTC36
57634,0.69786668057584,EP400
63935,0.697762361777592,PCIF1
637,0.697762361777592,BID
29097,0.697684122678907,CNIH4
84675,0.697605883580221,TRIM55
26272,0.697605883580221,FBXO4
1633,0.697527644481536,DCK
9715,0.69744940538285,FAM131B
863,0.69744940538285,CBFA2T3
100652781,0.697371166284164,SNX29P1
54988,0.697319006885041,ACSM5
1384,0.697266847485917,CRAT
55198,0.697214688086793,APPL2
10165,0.697162528687669,SLC25A13
57291,0.697110369288546,DANCR
79070,0.697058209889422,POGLUT2
283349,0.696953891091175,RASSF3
58488,0.696953891091175,PCTP
10735,0.696953891091175,STAG2
26090,0.696823492593365,ABHD12
9215,0.696823492593365,LARGE1
100874291,0.696640934696432,ALMS1-IT1
49854,0.696640934696432,ZBTB21
8804,0.696640934696432,CREG1
6403,0.696640934696432,SELP
5613,0.696640934696432,PRKX
8789,0.696484456499061,FBP2
84894,0.696406217400376,LINGO1
6718,0.696406217400376,AKR1D1
54962,0.69632797830169,TIPIN
84247,0.696275818902566,RTL6
5315,0.696223659503443,PKM
10026,0.696145420404757,PIGK
2051,0.696145420404757,EPHB6
84676,0.696015021906948,TRIM63
8336,0.696015021906948,H2AC17
3714,0.696015021906948,JAG2
57180,0.6959107031087,ACTR3B
100505573,0.695832464010015,INAFM2
8536,0.695832464010015,CAMK1
55120,0.695728145211767,FANCL
9666,0.695728145211767,DZIP3
255631,0.695649906113082,COL24A1
54621,0.695597746713958,VSIG10
54790,0.695519507615272,TET2
959,0.695519507615272,CD40LG
3456,0.695441268516587,IFNB1
1613,0.695389109117463,DAPK3
56899,0.695284790319216,ANKS1B
23029,0.695284790319216,RBM34
5782,0.695284790319216,PTPN12
3033,0.695180471520968,HADH
79956,0.695102232422283,ERMP1
643,0.695102232422283,CXCR5
8934,0.695023993323597,RAB29
48,0.694971833924473,ACO1
728192,0.694919674525349,LINC00460
26769,0.694867515126226,SNORD81
84552,0.69478927602754,PARD6G
8797,0.69478927602754,TNFRSF10A
145389,0.694711036928855,SLC38A6
60681,0.694658877529731,FKBP10
375287,0.694580638431045,RBM43
56894,0.694580638431045,AGPAT3
112574,0.694476319632798,SNX18
11051,0.694476319632798,NUDT21
100506388,0.694345921134988,RPH3AL-AS1
10613,0.694345921134988,ERLIN1
4151,0.694345921134988,MB
8773,0.694163363238055,SNAP23
6361,0.694163363238055,CCL17
6237,0.694163363238055,RRAS
3014,0.694163363238055,H2AX
7360,0.694032964740246,UGP2
440193,0.693928645941999,CCDC88C
9728,0.693928645941999,SECISBP2L
6461,0.693928645941999,SHB
653121,0.693772167744628,ZBTB8A
441151,0.693772167744628,TMEM151B
79925,0.693772167744628,SPEF2
25874,0.693641769246818,MPC2
5985,0.693641769246818,RFC5
7425,0.693563530148133,VGF
94025,0.693459211349885,MUC16
23178,0.693459211349885,PASK
4653,0.693459211349885,MYOC
9706,0.693354892551638,ULK2
57709,0.693276653452952,SLC7A14
7253,0.693276653452952,TSHR
1435,0.693198414354267,CSF1
388115,0.693146254955143,CCDC9B
64785,0.693041936156895,GINS3
54910,0.693041936156895,SEMA4C
1112,0.693041936156895,FOXN3
91373,0.692885457959524,UAP1L1
51571,0.692885457959524,CYRIB
51440,0.692885457959524,HPCAL4
868,0.692781139161277,CBLB
10963,0.692728979762153,STIP1
246777,0.692624660963906,SPESP1
222663,0.692624660963906,SCUBE3
64420,0.692624660963906,SUSD1
51495,0.692520342165658,HACD3
7257,0.692468182766535,TSNAX
57396,0.692389943667849,CLK4
25934,0.692389943667849,NIPSNAP3A
150084,0.692311704569163,IGSF5
91452,0.69225954517004,ACBD5
102,0.692207385770916,ADAM10
91120,0.692155226371792,ZNF682
84248,0.692103066972668,FYTTD1
10020,0.692050907573545,GNE
27345,0.691998748174421,KCNMB4
25941,0.691946588775297,TPGS2
55681,0.691868349676612,SCYL2
1571,0.691868349676612,CYP2E1
203328,0.691790110577926,SUSD3
84662,0.691711871479241,GLIS2
1032,0.691711871479241,CDKN2D
1163,0.691633632380555,CKS1B
116135,0.691555393281869,LRRC3B
10864,0.691555393281869,SLC22A7
6892,0.691477154183184,TAPBP
56341,0.691398915084498,PRMT8
7465,0.691398915084498,WEE1
151050,0.691242436887127,KANSL1L
57542,0.691242436887127,KLHL42
27145,0.691242436887127,FILIP1
7461,0.691242436887127,CLIP2
100287482,0.691112038389318,SMKR1
129049,0.69100771959107,SGSM1
55269,0.69100771959107,PSPC1
54821,0.69100771959107,ERCC6L
6567,0.690903400792823,SLC16A2
51000,0.690851241393699,SLC35B3
25957,0.690773002295014,PNISR
10873,0.690773002295014,ME3
131096,0.690668683496766,KCNH8
5911,0.690668683496766,RAP2A
5939,0.69059044439808,RBMS2
5324,0.690538284998957,PLAG1
9436,0.690486125599833,NCR2
348654,0.690433966200709,GEN1
10443,0.690381806801586,N4BP2L2
56130,0.690329647402462,PCDHB6
374491,0.690277488003338,TPTE2P6
4018,0.690225328604214,LPA
128876,0.690147089505529,FAM83C
80005,0.690147089505529,DOCK5
374946,0.690042770707281,DRAXIN
9818,0.690042770707281,NUP58
100505702,0.689964531608596,LINC01094
80210,0.68988629250991,ARMC9
1643,0.68988629250991,DDB2
200942,0.689781973711663,KLHDC8B
56154,0.689781973711663,TEX15
1595,0.689703734612977,CYP51A1
8632,0.689651575213854,DNAH17
9462,0.68959941581473,RASAL2
84319,0.689547256415606,CMSS1
9498,0.689495097016482,SLC4A8
92565,0.689390778218235,FANK1
2913,0.689390778218235,GRM3
1995,0.689390778218235,ELAVL3
23338,0.689260379720426,JADE2
10071,0.689260379720426,MUC12
113251,0.689156060922178,LARP4
22861,0.689156060922178,NLRP1
29984,0.689077821823493,RHOD
222161,0.688973503025245,DKFZP586I1420
115209,0.688973503025245,OMA1
5063,0.688973503025245,PAK3
283600,0.688869184226998,SLC25A47
10455,0.688817024827874,ECI2
178,0.68876486542875,AGL
55106,0.688712706029627,SLFN12
93550,0.688634466930941,ZFAND4
64854,0.688634466930941,USP46
11275,0.688556227832255,KLHL2
3329,0.68847798873357,HSPD1
1200,0.68847798873357,TPP1
644353,0.688399749634884,ZCCHC18
157567,0.688347590235761,ANKRD46
7786,0.688269351137075,MAP3K12
4634,0.688269351137075,MYL3
55620,0.688191112038389,STAP2
1241,0.688138952639266,LTB4R
114897,0.688086793240142,C1QTNF1
10942,0.688008554141456,PRSS21
4323,0.688008554141456,MMP14
117245,0.687852075944085,PLAAT5
84133,0.687852075944085,ZNRF3
5775,0.687852075944085,PTPN4
320,0.687852075944085,APBA1
4664,0.687695597746714,NAB1
2775,0.687695597746714,GNAO1
389792,0.687565199248905,IER5L
163051,0.687565199248905,ZNF709
7301,0.687565199248905,TYRO3
9256,0.687434800751095,TSPOAP1
6645,0.687434800751095,SNTB2
284359,0.687330481952848,IZUMO1
26232,0.687330481952848,FBXO2
10057,0.687252242854162,ABCC5
140609,0.687174003755477,NEK7
81855,0.687174003755477,SFXN3
64843,0.687069684957229,ISL2
55088,0.687069684957229,CCDC186
63876,0.686965366158982,PKNOX2
22925,0.686965366158982,PLA2R1
169981,0.686808887961611,SPIN3
65110,0.686808887961611,UPF3A
57587,0.686808887961611,CFAP97
10283,0.686808887961611,CWC27
27294,0.686678489463801,DHDH
340156,0.686626330064678,MYLK4
5002,0.686574170665554,SLC22A18
9849,0.68652201126643,ZNF518A
2998,0.686469851867306,GYS2
147015,0.686417692468183,DHRS13
57030,0.686365533069059,SLC17A7
84883,0.686261214270812,AIFM2
2181,0.686261214270812,ACSL3
780,0.686261214270812,DDR1
11214,0.68610473607344,AKAP13
5992,0.68610473607344,RFX4
5591,0.68610473607344,PRKDC
7024,0.686000417275193,TFCP2
55715,0.685922178176507,DOK4
23443,0.685922178176507,SLC35A3
57664,0.685843939077822,PLEKHA4
83416,0.685791779678698,FCRL5
10625,0.685739620279574,IVNS1ABP
4920,0.685687460880451,ROR2
116987,0.685635301481327,AGAP1
79989,0.685583142082203,TTC26
5187,0.685530982683079,PER1
114990,0.685452743584394,VASN
5891,0.685452743584394,MOK
101928100,0.685348424786146,KLRK1-AS1
79890,0.685348424786146,RIN3
56204,0.685218026288337,FAM214A
55857,0.685218026288337,KIZ
2259,0.685218026288337,FGF14
11179,0.68511370749009,ZNF277
9939,0.685061548090966,RBM8A
3737,0.685009388691842,KCNA2
10068,0.684957229292719,IL18BP
51520,0.684905069893595,LARS1
368,0.684852910494471,ABCC6
79707,0.684774671395786,NOL9
3273,0.684774671395786,HRG
256536,0.6846964322971,TCERG1L
27332,0.684644272897976,ZNF638
3675,0.684592113498853,ITGA3
1807,0.684539954099729,DPYS
7678,0.684487794700605,ZNF124
54512,0.684435635301481,EXOSC4
23604,0.684383475902358,DAPK2
2538,0.684305236803672,G6PC1
1559,0.684305236803672,CYP2C9
10721,0.684226997704986,POLQ
54825,0.684174838305863,CDHR2
1593,0.684122678906739,CYP27A1
55055,0.684070519507615,ZWILCH
101929497,0.68399228040893,LINC02712
2785,0.68399228040893,GNG3
11189,0.683914041310244,CELF3
5798,0.68386188191112,PTPRN
5034,0.683809722511997,P4HB
79767,0.683757563112873,ELMO3
23765,0.683679324014187,IL17RA
6541,0.683679324014187,SLC7A1
145837,0.683548925516378,DRAIC
57524,0.683548925516378,CASKIN1
28986,0.683548925516378,MAGEH1
1540,0.683444606718131,CYLD
152518,0.683392447319007,NFXL1
151176,0.683340287919883,ERFE
653,0.683288128520759,BMP5
8778,0.683235969121636,SIGLEC5
9322,0.68315773002295,TRIP10
534,0.68315773002295,ATP6V1G2
728927,0.683079490924265,ZNF736
140890,0.682975172126017,SREK1
8970,0.682975172126017,H2BC11
8895,0.682975172126017,CPNE3
27032,0.682844773628208,ATP2C1
23762,0.682844773628208,OSBP2
127943,0.68274045482996,FCRLB
64711,0.68274045482996,HS3ST6
84283,0.682636136031713,TMEM79
752,0.682636136031713,FMNL1
64284,0.682531817233465,RAB17
11000,0.682531817233465,SLC27A3
54209,0.68245357813478,TREM2
79933,0.682349259336532,SYNPO2L
54879,0.682349259336532,ST7L
9182,0.682349259336532,RASSF9
83987,0.682218860838723,CCDC8
3445,0.682218860838723,IFNA8
10771,0.682140621740038,ZMYND11
4790,0.682088462340914,NFKB1
684959,0.682010223242228,SNORA25
10753,0.682010223242228,CAPN9
81892,0.681879824744419,SLIRP
54020,0.681879824744419,SLC37A1
3746,0.681879824744419,KCNC1
4661,0.681775505946172,MYT1
4893,0.681723346547048,NRAS
7594,0.681671187147924,ZNF43
121274,0.6816190277488,ZNF641
27293,0.681566868349677,SMPDL3B
8925,0.681488629250991,HERC1
2847,0.681488629250991,MCHR1
126638,0.681384310452744,RPTN
55278,0.681384310452744,QRSL1
101926960,0.681279991654496,LINC02996
100507410,0.681279991654496,C1QTNF1-AS1
5053,0.681201752555811,PAH
340024,0.681149593156687,SLC6A19
157378,0.681097433757563,TMEM65
152579,0.681045274358439,SCFD2
5711,0.680993114959316,PSMD5
55328,0.680940955560192,RNLS
114799,0.680862716461506,ESCO1
10458,0.680862716461506,BAIAP2
51719,0.680758397663259,CAB39
9468,0.680758397663259,PCYT1B
94120,0.680680158564573,SYTL3
55608,0.680601919465888,ANKRD10
10903,0.680601919465888,MTMR11
7216,0.680523680367202,TRO
26273,0.680471520968079,FBXO3
7363,0.680393281869393,UGT2B4
6658,0.680393281869393,SOX3
6450,0.680262883371584,SH3BGR
4803,0.680262883371584,NGF
387,0.680262883371584,RHOA
80212,0.680106405174212,CCDC92
10382,0.680106405174212,TUBB4A
435,0.680106405174212,ASL
2632,0.680002086375965,GBE1
50649,0.679949926976841,ARHGEF4
81554,0.679897767577717,RCC1L
22821,0.679819528479032,RASA3
9419,0.679819528479032,CRIPT
57157,0.679741289380346,PHTF2
57523,0.679689129981223,NYNRIN
10152,0.679636970582099,ABI2
159989,0.679558731483413,DEUP1
84897,0.679558731483413,TBRG1
10022,0.679480492384728,INSL5
1636,0.679428332985604,ACE
51412,0.67937617358648,ACTL6B
146857,0.679324014187357,SLFN13
3660,0.679271854788233,IRF2
139170,0.679219695389109,DCAF12L1
387263,0.679141456290424,C6orf120
83659,0.679141456290424,TEKT1
101928865,0.679037137492176,LINC02728
80267,0.679037137492176,EDEM3
22995,0.678932818693929,CEP152
6804,0.678932818693929,STX1A
58530,0.678854579595243,LY6G6D
100124700,0.678802420196119,HOTAIR
55814,0.678724181097434,BDP1
6334,0.678724181097434,SCN8A
6720,0.678619862299186,SREBF1
5287,0.678619862299186,PIK3C2B
1534,0.678541623200501,CYB561
60481,0.678463384101815,ELOVL5
665,0.678463384101815,BNIP3L
1870,0.67838514500313,E2F2
54165,0.678306905904444,DCUN1D1
3192,0.678306905904444,HNRNPU
55916,0.678228666805758,NXT2
155066,0.678150427707073,ATP6V0E2
6745,0.678150427707073,SSR1
38,0.678072188608387,ACAT1
100288637,0.678020029209264,LOC100288637
102723167,0.67796786981014,MIR133A1HG
84651,0.677915710411016,SPINK7
90333,0.677785311913207,ZNF468
64747,0.677785311913207,MFSD1
10299,0.677785311913207,MARCHF6
2110,0.677785311913207,ETFDH
151194,0.677628833715836,METTL21A
7627,0.677628833715836,ZNF75A
116966,0.67755059461715,WDR17
91937,0.677472355518464,TIMD4
57584,0.677472355518464,ARHGAP21
58155,0.677394116419779,PTBP2
8382,0.677341957020655,NME5
221806,0.677263717921969,VWDE
84910,0.677263717921969,TMEM87B
138649,0.677159399123722,ANKRD19P
757,0.677159399123722,TMEM50B
285590,0.677029000625913,SH3PXD2B
155435,0.677029000625913,RBM33
91107,0.677029000625913,TRIM47
5820,0.676924681827665,PVT1
286205,0.676872522428542,SCAI
100499466,0.676820363029418,LINC00674
4624,0.676768203630294,MYH6
56896,0.67671604423117,DPYSL5
573,0.676663884832047,BAG1
84900,0.676611725432923,RNFT2
222255,0.676507406634676,ATXN7L1
92211,0.676507406634676,CDHR1
57152,0.676507406634676,SLURP1
252995,0.676377008136866,FNDC5
1446,0.676377008136866,CSN1S1
23263,0.676298769038181,MCF2L
25804,0.676246609639057,LSM4
29886,0.67614229084081,SNX8
5293,0.67614229084081,PIK3CD
3609,0.67614229084081,ILF3
192670,0.676011892343,AGO4
79843,0.676011892343,FAM124B
91694,0.675933653244315,LONRF1
8863,0.675855414145629,PER3
7781,0.675855414145629,SLC30A3
7905,0.675777175046943,REEP5
55937,0.67572501564782,APOM
80705,0.675672856248696,TSGA10
9469,0.675620696849572,CHST3
10672,0.675568537450449,GNA13
91975,0.675490298351763,ZNF300
1854,0.675490298351763,DUT
399949,0.675412059253077,HOATZ
221656,0.675359899853954,KDM1B
28983,0.67530774045483,TMPRSS11E
23423,0.675229501356144,TMED3
8499,0.675229501356144,PPFIA2
125058,0.675151262257459,TBC1D16
11244,0.675073023158773,ZHX1
6327,0.675073023158773,SCN2B
171546,0.674994784060088,SPTSSA
10857,0.674916544961402,PGRMC1
409,0.674916544961402,ARRB2
100128893,0.674838305862716,GATA6-AS1
3687,0.674786146463593,ITGAX
140886,0.674707907364907,PABPC5
126353,0.674707907364907,MISP
54361,0.674629668266222,WNT4
4436,0.674577508867098,MSH2
1057,0.674525349467974,CELP
23382,0.67447319006885,AHCYL2
9562,0.674421030669727,MINPP1
117,0.674368871270603,ADCYAP1R1
3663,0.674316711871479,IRF5
100093630,0.674264552472356,SNHG8
440712,0.674160233674108,RHEX
199704,0.674160233674108,ZNF585A
6160,0.674160233674108,RPL31
10609,0.674055914875861,P3H4
143888,0.673977675777175,POGLUT3
51384,0.673977675777175,WNT16
54414,0.673847277279366,SIAE
10799,0.673847277279366,RPP40
10,0.673847277279366,NAT2
26127,0.673742958481118,FGFR1OP2
6309,0.673690799081995,SC5D
51268,0.673638639682871,PIPOX
54935,0.673586480283747,DUSP23
284406,0.6734821614855,ZFP82
169834,0.6734821614855,ZNF883
147138,0.6734821614855,TMC8
51187,0.673377842687252,RSL24D1
9218,0.673325683288128,VAPA
8814,0.673273523889005,CDKL1
9043,0.673221364489881,SPAG9
66008,0.673143125391195,TRAK2
4486,0.673143125391195,MST1R
254956,0.673012726893386,MORN5
56062,0.673012726893386,KLHL4
5858,0.673012726893386,PZP
9379,0.672908408095139,NRXN2
55002,0.672856248696015,TMCO3
10681,0.672804089296891,GNB5
59307,0.672751929897768,SIGIRR
8502,0.672699770498644,PKP4
23500,0.67264761109952,DAAM2
9451,0.672595451700396,EIF2AK3
11231,0.672517212601711,SEC63
5829,0.672517212601711,PXN
23085,0.672438973503025,ERC1
9918,0.672386814103902,NCAPD2
27177,0.672308575005216,IL36B
10481,0.672308575005216,HOXB13
128872,0.672204256206968,HMGB3P1
79624,0.672204256206968,ARMT1
54464,0.672126017108283,XRN1
80349,0.672073857709159,WDR61
3577,0.672021698310035,CXCR1
728411,0.671969538910912,GUSBP1
147923,0.671891299812226,ZNF420
51646,0.671891299812226,YPEL5
26153,0.671786981013979,KIF26A
571,0.671786981013979,BACH1
84275,0.671708741915293,SLC25A33
8803,0.671656582516169,SUCLA2
58517,0.671604423117046,RBM25
6856,0.67152618401836,SYPL1
3251,0.67152618401836,HPRT1
130827,0.671369705820989,TMEM182
85377,0.671369705820989,MICALL1
81889,0.671369705820989,FAHD1
2035,0.671369705820989,EPB41
79918,0.671213227623618,SETD6
4153,0.671213227623618,MBL2
151242,0.67110890882537,PPP1R1C
3146,0.67110890882537,HMGB1
11039,0.671030669726685,GUSBP14
65084,0.670900271228875,TMEM135
57571,0.670900271228875,CARNS1
57124,0.670900271228875,CD248
39,0.670900271228875,ACAT2
91156,0.670717713331942,IGFN1
79180,0.670717713331942,EFHD2
10217,0.670717713331942,CTDSPL
57488,0.670613394533695,ESYT2
400830,0.670535155435009,DEFB132
56890,0.670535155435009,MDM1
221472,0.6704047569372,FGD2
22921,0.6704047569372,MSRB2
3761,0.6704047569372,KCNJ4
64344,0.670274358439391,HIF3A
2058,0.670274358439391,EPRS1
10024,0.670196119340705,TROAP
79949,0.670143959941581,PLEKHS1
79739,0.670013561443772,TTLL7
54733,0.670013561443772,SLC35F2
8631,0.670013561443772,SKAP1
5471,0.670013561443772,PPAT
10767,0.669883162945963,HBS1L
284904,0.669831003546839,SEC14L4
285780,0.669752764448154,LY86-AS1
9723,0.669752764448154,SEMA3E
57724,0.669674525349468,EPG5
4685,0.669622365950344,NCAM2
10501,0.669570206551221,SEMA6B
386597,0.669518047152097,GRASLND
140,0.669465887752973,ADORA3
23753,0.669413728353849,SDF2L1
222546,0.669361568954726,RFX6
100652772,0.669309409555602,NNT-AS1
646576,0.669257250156478,HHIP-AS1
114770,0.669179011057793,PGLYRP2
57223,0.669179011057793,PPP4R3B
10164,0.669100771959107,CHST4
80821,0.669048612559983,DDHD1
116461,0.668970373461298,TSEN15
79158,0.668970373461298,GNPTAB
63974,0.668839974963488,NEUROD6
57379,0.668839974963488,AICDA
55924,0.668839974963488,INKA2
80258,0.668735656165241,EFHC2
56155,0.668683496766117,TEX14
196740,0.668631337366994,VSTM4
138009,0.668553098268308,DCAF4L2
4062,0.668553098268308,LY6H
7139,0.668474859169622,TNNT2
51105,0.668370540371375,PHF20L1
10312,0.668370540371375,TCIRG1
7204,0.668370540371375,TRIO
23471,0.668266221573127,TRAM1
23366,0.668187982474442,KIAA0895
7072,0.668187982474442,TIA1
89866,0.668057583976633,SEC16B
23607,0.668057583976633,CD2AP
2911,0.668057583976633,GRM1
150568,0.667953265178385,LINC01102
116443,0.667901105779261,GRIN3A
57185,0.667848946380138,NIPAL3
51015,0.667770707281452,ISOC1
186,0.667770707281452,AGTR2
79850,0.667692468182767,TLCD3A
119032,0.667614229084081,BORCS7
5277,0.667614229084081,PIGA
1670,0.667535989985395,DEFA5
8303,0.667483830586272,SNN
27300,0.667431671187148,ZNF544
1160,0.667379511788024,CKMT2
100505738,0.667327352388901,MIR4458HG
57786,0.667275192989777,RBAK
7114,0.667196953891091,TMSB4X
2120,0.667196953891091,ETV6
6284,0.667118714792406,S100A13
158830,0.667066555393282,CXorf65
220930,0.667014395994158,ZEB1-AS1
401265,0.666962236595034,KLHL31
51247,0.666883997496349,PAIP2
5500,0.666883997496349,PPP1CB
23074,0.666805758397663,UHRF1BP1L
8195,0.666727519298978,MKKS
109,0.666727519298978,ADCY3
138050,0.666649280200292,HGSNAT
319089,0.666544961402045,TTC6
54536,0.666544961402045,EXOC6
5236,0.666544961402045,PGM1
10663,0.666440642603797,CXCR6
340554,0.666362403505112,ZC3H12B
84856,0.666362403505112,LINC00839
6693,0.666284164406426,SPN
23461,0.666232005007302,ABCA5
157627,0.666127686209055,MIR124-1HG
26269,0.666127686209055,FBXO8
1389,0.666127686209055,CREBL2
10142,0.666023367410807,AKAP9
161835,0.66591904861256,FSIP1
79145,0.66591904861256,CHCHD7
55236,0.66591904861256,UBA6
342979,0.665788650114751,PALM3
139322,0.665788650114751,APOOL
161357,0.665710411016065,MDGA2
5027,0.665606092217818,P2RX7
2188,0.665606092217818,FANCF
1138,0.665606092217818,CHRNA5
119548,0.66550177341957,PNLIPRP3
7414,0.665449614020446,VCL
8573,0.665397454621323,CASK
644,0.665345295222199,BLVRA
116238,0.665240976423952,TLCD1
23371,0.665240976423952,TNS2
2868,0.665240976423952,GRK4
11227,0.665110577926142,GALNT5
4258,0.665110577926142,MGST2
124152,0.665032338827457,IQCK
29068,0.664954099728771,ZBTB44
27000,0.664954099728771,DNAJC2
124935,0.664849780930524,SLC43A2
176,0.664849780930524,ACAN
342898,0.664719382432714,SYCN
285381,0.664719382432714,DPH3
55118,0.664719382432714,CRTAC1
22904,0.664615063634467,SBNO2
83538,0.664536824535781,ODAD4
547,0.664536824535781,KIF1A
57655,0.664432505737534,GRAMD1A
55876,0.664432505737534,GSDMB
84527,0.664328186939286,ZNF559
81620,0.664328186939286,CDT1
54806,0.664223868141039,AHI1
5108,0.664223868141039,PCM1
151613,0.664145629042353,TTC14
3782,0.66409346964323,KCNN3
7205,0.664041310244106,TRIP6
25917,0.663989150844982,THUMPD3
55259,0.663936991445858,DNAI7
100505938,0.663858752347173,ICA1-AS1
387119,0.663858752347173,CEP85L
283392,0.663754433548925,TRHDE-AS1
81873,0.663754433548925,ARPC5L
100507428,0.663650114750678,LINC00458
28999,0.663650114750678,KLF15
6694,0.663571875651992,SPP2
6228,0.663519716252869,RPS23
27179,0.663467556853745,IL36A
8766,0.663415397454621,RAB11A
100190939,0.663363238055498,TPT1-AS1
91056,0.663311078656374,AP5B1
23526,0.663232839557688,ARHGAP45
4719,0.663232839557688,NDUFS1
81691,0.663128520759441,REXO5
54876,0.663128520759441,DCAF16
23464,0.663050281660755,GCAT
8514,0.662998122261632,KCNAB2
152485,0.662919883162946,ZNF827
56246,0.662919883162946,MRAP
11045,0.662815564364699,UPK1A
3849,0.662815564364699,KRT2
117145,0.662685165866889,THEM4
4888,0.662685165866889,NPY6R
3632,0.662685165866889,INPP5A
23439,0.662580847068642,ATP1B4
8995,0.662502607969956,TNFSF18
1671,0.662502607969956,DEFA6
11160,0.662424368871271,ERLIN2
81607,0.662372209472147,NECTIN4
11064,0.662320050073023,CNTRL
101929520,0.662267890673899,LINC00993
140578,0.662189651575214,CHODL
5532,0.662189651575214,PPP3CB
64328,0.662059253077405,XPO4
5899,0.662059253077405,RALB
5339,0.662059253077405,PLEC
8526,0.661954934279157,DGKE
92521,0.661902774880033,SPECC1
5778,0.66185061548091,PTPN7
167153,0.661746296682662,TENT2
51097,0.661746296682662,SCCPDH
2322,0.661746296682662,FLT3
55544,0.661615898184853,RBM38
9671,0.661615898184853,WSCD2
54753,0.661537659086167,ZNF853
10324,0.661485499687044,KLHL41
653583,0.661329021489672,PHLDB3
145567,0.661329021489672,TTC7B
91074,0.661329021489672,ANKRD30A
51101,0.661329021489672,ZC2HC1A
5194,0.661329021489672,PEX13
29901,0.661120383893178,SAC3D1
10600,0.661120383893178,USP16
8515,0.661120383893178,ITGA10
83451,0.66101606509493,ABHD11
64902,0.660937825996245,AGXT2
3237,0.660937825996245,HOXD11
148756,0.660833507197997,OVAAL
9258,0.660833507197997,MFHAS1
23272,0.660755268099312,TASOR
4135,0.660703108700188,MAP6
55020,0.660624869601502,TTC38
6375,0.660624869601502,XCL1
6638,0.660546630502817,SNRPN
399665,0.660494471103693,FAM102A
51065,0.660442311704569,RPS27L
51260,0.660390152305445,PBDC1
84519,0.660337992906322,ACRBP
100049716,0.660259753807636,NINJ2-AS1
79184,0.660259753807636,BRCC3
6875,0.660155435009389,TAF4B
34,0.660155435009389,ACADM
165631,0.660051116211141,PARP15
1731,0.660051116211141,SEPTIN1
5255,0.659972877112456,PHKA1
158521,0.65989463801377,FMR1NB
10620,0.65989463801377,ARID3B
29766,0.659764239515961,TMOD3
10766,0.659764239515961,TOB2
2677,0.659764239515961,GGCX
7105,0.659659920717713,TSPAN6
79657,0.659555601919466,RPAP3
10793,0.659555601919466,ZNF273
311,0.659555601919466,ANXA11
1833,0.659451283121218,EPYC
100499177,0.659399123722095,THAP9-AS1
57486,0.659346964322971,NLN
8712,0.659268725224285,PAGE1
4588,0.659268725224285,MUC6
5407,0.659164406426038,PNLIPRP1
1429,0.659164406426038,CRYZ
9368,0.659086167327352,SLC9A3R1
150726,0.659007928228667,FBXO41
5625,0.659007928228667,PRODH
8929,0.658929689129981,PHOX2B
2828,0.658877529730857,GPR4
7639,0.658799290632172,ZNF85
1548,0.658799290632172,CYP2A6
64089,0.658721051533486,SNX16
6597,0.658642812434801,SMARCA4
1994,0.658642812434801,ELAVL1
128434,0.658538493636553,VSTM2L
29902,0.658538493636553,FAM216A
4615,0.658460254537868,MYD88
5926,0.658408095138744,ARID4A
84725,0.65835593573962,PLEKHA8
10410,0.658303776340497,IFITM3
120103,0.658251616941373,SLC36A4
3741,0.658173377842687,KCNA5
3699,0.658173377842687,ITIH3
7429,0.65806905904444,VIL1
4659,0.65806905904444,PPP1R12A
25833,0.657990819945754,POU2F3
9530,0.657938660546631,BAG4
10426,0.657886501147507,TUBGCP3
9412,0.657808262048821,MED21
9197,0.657808262048821,SLC33A1
440145,0.657677863551012,MZT1
146712,0.657677863551012,B3GNTL1
55908,0.657677863551012,ANGPTL8
7472,0.657573544752764,WNT2
79896,0.657495305654079,THNSL1
23064,0.657495305654079,SETX
162967,0.657417066555393,ZNF320
83401,0.65736490715627,ELOVL3
90427,0.657312747757146,BMF
2593,0.657260588358022,GAMT
134510,0.657182349259336,UBLCP1
1965,0.657182349259336,EIF2S1
54875,0.657104110160651,CNTLN
57644,0.657051950761527,MYH7B
9398,0.656999791362403,CD101
93594,0.65694763196328,TBC1D31
100141515,0.656869392864594,C17orf99
125115,0.656869392864594,KRT40
162461,0.656712914667223,TMEM92
30848,0.656712914667223,CTAG2
3814,0.656712914667223,KISS1
3363,0.656712914667223,HTR7
9801,0.656582516169414,MRPL19
100652770,0.65653035677029,DSG2-AS1
100996511,0.656426037972043,LINC01355
85360,0.656426037972043,SYDE1
5756,0.656426037972043,TWF1
3816,0.656321719173795,KLK1
130872,0.65624348007511,AHSA2P
51155,0.65624348007511,JPT1
5965,0.656165240976424,RECQL
84953,0.6561130815773,NA
95681,0.656060922178176,CEP41
5617,0.656008762779053,PRL
100507584,0.655904443980805,LINC01016
375387,0.655904443980805,NRROS
27190,0.655904443980805,IL17B
9592,0.655800125182558,IER2
433,0.655747965783434,ASGR2
84815,0.655669726684749,MGC12916
250,0.655669726684749,ALPP
3067,0.655591487586063,HDC
645431,0.655539328186939,FUT8-AS1
284367,0.655461089088254,SIGLEC17P
55268,0.655461089088254,ECHDC2
84181,0.655382849989568,CHD6
80824,0.655304610890883,DUSP16
312,0.655304610890883,ANXA13
100128590,0.655200292092635,SLC8A1-AS1
92597,0.655200292092635,MOB1B
166614,0.65512205299395,DCLK2
342908,0.655043813895264,ZNF404
84984,0.655043813895264,CEP19
646450,0.654965574796578,ARIH2OS
10062,0.654913415397455,NR1H3
6224,0.654861255998331,RPS20
84290,0.654809096599207,CAPNS2
56895,0.654756937200083,AGPAT4
729970,0.65470477780096,CNN3-DT
149483,0.654600459002712,CCDC17
8450,0.654600459002712,CUL4B
6453,0.654600459002712,ITSN1
1456,0.654496140204465,CSNK1G3
30844,0.654417901105779,EHD4
163,0.654417901105779,AP2B1
3693,0.654339662007094,ITGB5
9454,0.65428750260797,HOMER3
146779,0.654209263509284,EFCAB3
55213,0.654209263509284,RCBTB1
4643,0.654131024410599,MYO1E
100506190,0.654052785311913,LINC00963
79027,0.654052785311913,ZNF655
81793,0.653948466513666,TLR10
6660,0.653948466513666,SOX5
10984,0.65387022741498,KCNQ1OT1
6769,0.653818068015857,STAC
401190,0.653739828917171,RGS7BP
3738,0.653739828917171,KCNA3
9135,0.653661589818485,RABEP1
339324,0.653609430419362,ZNF260
7318,0.653531191320676,UBA7
5721,0.653531191320676,PSME2
205428,0.65345295222199,DIPK2A
201456,0.653400792822867,FBXO15
54583,0.653296474024619,EGLN1
9270,0.653296474024619,ITGB1BP1
6428,0.653296474024619,SRSF3
2319,0.653192155226372,FLOT2
80343,0.653139995827248,SEL1L2
10637,0.653061756728562,LEFTY1
7307,0.653061756728562,U2AF1
6788,0.652983517629877,STK3
29080,0.652931358230753,CCDC59
283208,0.652853119132068,P4HA3
1069,0.652853119132068,CETN2
5025,0.652774880033382,P2RX4
219902,0.652722720634258,TLCD5
5644,0.652670561235135,PRSS1
56907,0.652618401836011,SPIRE1
10959,0.652566242436887,TMED2
10247,0.652514083037763,RIDA
55166,0.65246192363864,CENPQ
6916,0.652409764239516,TBXAS1
79673,0.65233152514083,ZNF329
64215,0.65233152514083,DNAJC1
55646,0.652201126643021,LYAR
6665,0.652201126643021,SOX15
6240,0.652201126643021,RRM1
10564,0.652096807844774,ARFGEF2
284348,0.652018568746088,LYPD5
1215,0.652018568746088,CMA1
90737,0.651940329647402,PAGE5
257000,0.651836010849155,TINCR
23649,0.651836010849155,POLA2
3172,0.651836010849155,HNF4A
401505,0.651731692050908,TOMM5
112770,0.651679532651784,GLMP
57666,0.65162737325266,FBRSL1
80271,0.651496974754851,ITPKC
28977,0.651496974754851,MRPL42
24142,0.651496974754851,NAA80
427,0.651496974754851,ASAH1
695,0.651366576257042,BTK
10424,0.651314416857918,PGRMC2
9581,0.651262257458794,PREPL
1763,0.65121009805967,DNA2
124857,0.651131858960985,WFIKKN2
58538,0.651131858960985,MPP4
6656,0.651001460463175,SOX1
304,0.651001460463175,ANXA2P2
86,0.651001460463175,ACTL6A
51056,0.650871061965366,LAP3
26119,0.650871061965366,LDLRAP1
150381,0.650766743167119,PRR34-AS1
51053,0.650766743167119,GMNN
5861,0.650688504068433,RAB1A
342527,0.650636344669309,SMTNL2
11072,0.650584185270186,DUSP14
2135,0.650532025871062,EXTL2
51693,0.650479866471938,TRAPPC2L
162466,0.650427707072814,PHOSPHO1
10243,0.650375547673691,GPHN
121256,0.650297308575005,TMEM132D
117195,0.650297308575005,MRGPRX3
23310,0.65021906947632,NCAPD3
7296,0.650166910077196,TXNRD1
51071,0.65008867097851,DERA
3817,0.65008867097851,KLK2
9360,0.650010431879825,PPIG
50807,0.649958272480701,ASAP1
101928687,0.649827873982892,LNCAROD
100129271,0.649827873982892,C1orf68
23624,0.649827873982892,CBLC
2256,0.649827873982892,FGF11
148189,0.649671395785521,LINC00662
11201,0.649671395785521,POLI
202018,0.649567076987273,TAPT1
90488,0.649567076987273,TMEM263
23196,0.649488837888588,FAM120A
84658,0.649436678489464,ADGRE3
2799,0.64938451909034,GNS
55841,0.649332359691216,WWC3
10083,0.649280200292093,USH1C
100240735,0.649201961193407,LOC100240735
11014,0.649201961193407,KDELR2
4041,0.649123722094721,LRP5
5879,0.649071562695598,RAC1
81621,0.649019403296474,KAZALD1
55454,0.648941164197788,CSGALNACT2
7443,0.648941164197788,VRK1
128611,0.648810765699979,ZNF831
84955,0.648810765699979,NUDCD1
10428,0.648810765699979,CFDP1
84888,0.648706446901732,SPPL2A
167227,0.648602128103484,DCP2
65981,0.648602128103484,CAPRIN2
7706,0.648602128103484,TRIM25
51560,0.648497809305237,RAB6B
5777,0.648445649906113,PTPN6
133584,0.648367410807428,EGFLAM
55720,0.648367410807428,TSR1
10642,0.648289171708742,IGF2BP1
79684,0.648210932610056,MSANTD2
1544,0.648210932610056,CYP1A2
286223,0.648106613811809,NA
3745,0.648106613811809,KCNB1
3128,0.648028374713123,HLA-DRB6
92344,0.647950135614438,GORAB
7326,0.647950135614438,UBE2G1
81285,0.647819737116628,OR51E2
30010,0.647819737116628,NXPH1
9096,0.647819737116628,TBX18
25886,0.647689338618819,POC1A
4928,0.647689338618819,NUP98
90624,0.647611099520134,LYRM7
166647,0.647532860421448,ADGRA3
10087,0.647532860421448,CERT1
26037,0.647428541623201,SIPA1L1
9780,0.647428541623201,PIEZO1
653190,0.647350302524515,ABCC6P1
1371,0.647298143125391,CPOX
728695,0.647245983726268,SPANXB1
9172,0.647193824327144,MYOM2
50632,0.64714166492802,CALY
6443,0.647089505528896,SGCB
83862,0.647037346129773,TMEM120A
10848,0.646985186730649,PPP1R13L
10160,0.646933027331525,FARP1
204219,0.646880867932401,CERS3
6397,0.646828708533278,SEC14L1
6239,0.646750469434592,RREB1
382,0.646750469434592,ARF6
56994,0.646672230335906,CHPT1
29904,0.646620070936783,EEF2K
201134,0.646567911537659,CEP112
339804,0.646489672438973,C2orf74
10435,0.646489672438973,CDC42EP2
121441,0.646411433340288,NEDD1
57646,0.646359273941164,USP28
9170,0.64630711454204,LPAR2
83737,0.64622887544335506,ITCH
8927,0.64622887544335506,BSN
84186,0.646098476945546,ZCCHC7
26249,0.646098476945546,KLHL3
3797,0.646098476945546,KIF3C
130120,0.645968078447736,REG3G
10345,0.645968078447736,TRDN
2077,0.645889839349051,ERF
54069,0.645811600250365,MIS18A
5900,0.645811600250365,RALGDS
64848,0.64573336115168,YTHDC2
126014,0.645629042353432,OSCAR
55170,0.645629042353432,PRMT6
4833,0.645629042353432,NME4
166012,0.645524723555185,CHST13
4673,0.645472564156061,NAP1L1
10859,0.645420404756937,LILRB1
8467,0.645368245357813,SMARCA5
26020,0.64531608595868994,LRP10
84174,0.645237846860004,SLA2
501,0.645237846860004,ALDH7A1
121260,0.645081368662633,SLC15A4
79667,0.645081368662633,KLF3-AS1
79645,0.645081368662633,CLXN
6157,0.645081368662633,RPL27A
56245,0.644950970164824,C21orf62
492311,0.644846651366576,IGIP
3603,0.644846651366576,IL16
2005,0.644846651366576,ELK4
25769,0.644742332568329,SLC24A2
56986,0.644664093469643,DTWD1
54813,0.644664093469643,KLHL28
100874032,0.644585854370958,PRRT3-AS1
89778,0.644533694971834,SERPINB11
114798,0.644455455873148,SLITRK1
22890,0.644455455873148,ZBTB1
100506834,0.644325057375339,GAS1RR
90459,0.644325057375339,ERI1
8513,0.644325057375339,LIPF
400258,0.644220738577092,C14orf180
28992,0.644168579177968,MACROD1
643155,0.644116419778844,SMIM15
59082,0.644012100980597,CARD18
51566,0.644012100980597,ARMCX3
9341,0.644012100980597,VAMP3
55180,0.643907782182349,LINS1
138162,0.643803463384102,PIERCE1
80270,0.643803463384102,HSD3B7
8784,0.643803463384102,TNFRSF18
65244,0.643699144585854,SPATS2
2826,0.643646985186731,CCR10
5586,0.643594825787607,PKN2
51136,0.643516586688921,RNFT1
4141,0.643516586688921,MARS1
223082,0.643412267890674,ZNRF2
11163,0.643412267890674,NUDT4
54014,0.643334028791988,BRWD1
23243,0.643281869392865,ANKRD28
9908,0.643229709993741,G3BP2
64386,0.643151470895055,MMP25
8763,0.643151470895055,CD164
7276,0.64307323179637,TTR
9334,0.642968912998122,B4GALT5
3482,0.642968912998122,IGF2R
2852,0.642968912998122,GPER1
55082,0.642864594199875,ARGLU1
5151,0.642812434800751,PDE8A
91283,0.642734195702065,MSANTD3
538,0.642734195702065,ATP7A
50619,0.64265595660338,DEF6
54435,0.642603797204256,HCG4
55617,0.642551637805132,TASP1
27440,0.642499478406009,HDHD5
26287,0.642447319006885,ANKRD2
80018,0.642369079908199,NAA25
7696,0.642369079908199,ZNF137P
9522,0.642290840809514,SCAMP1
80184,0.64223868141039,CEP290
254531,0.642160442311705,LPCAT4
55576,0.642160442311705,STAB2
10114,0.642082203213019,HIPK3
3320,0.642030043813895,HSP90AA1
23648,0.641977884414772,SSBP3
64860,0.641873565616524,ARMCX5
54505,0.641873565616524,DHX29
2582,0.641873565616524,GALE
8028,0.641769246818277,MLLT10
146225,0.641664928020029,CMTM2
10879,0.641664928020029,SMR3B
5601,0.641664928020029,MAPK9
171177,0.641560609221782,RHOV
55437,0.641482370123096,STRADB
10528,0.641482370123096,NOP56
171019,0.641378051324849,ADAMTS19
53344,0.641378051324849,CHIC1
6274,0.641299812226163,S100A3
80173,0.641247652827039,IFT74
100506844,0.641195493427916,GIHCG
100507600,0.641091174629668,LCT-AS1
133383,0.641091174629668,SETD9
7283,0.641091174629668,TUBG1
6547,0.640986855831421,SLC8A3
2041,0.640934696432297,EPHA1
55344,0.640856457333612,PLCXD1
51228,0.640856457333612,GLTP
5935,0.640752138535364,RBM3
3842,0.640752138535364,TNPO1
3292,0.640673899436679,HSD17B1
3991,0.640621740037555,LIPE
81558,0.640543500938869,FAM117A
2184,0.640543500938869,FAH
147670,0.640439182140622,SMIM17
54329,0.640439182140622,GPR85
799,0.640360943041936,CALCR
56997,0.640308783642812,COQ8A
161253,0.640256624243689,REM2
147991,0.640204464844565,DPY19L3
259,0.640152305445441,AMBP
9686,0.640100146046318,VGLL4
64921,0.63999582724807,CASD1
8574,0.63999582724807,AKR7A2
6741,0.63999582724807,SSB
64771,0.639865428750261,ILRUN
54865,0.639865428750261,GPATCH4
9228,0.639787189651575,DLGAP2
23299,0.639735030252451,BICD2
23244,0.639682870853328,PDS5A
1240,0.639630711454204,CMKLR1
5657,0.63957855205508,PRTN3
57690,0.639526392655957,TNRC6C
339745,0.639474233256833,SPOPL
27342,0.639395994158147,RABGEF1
5594,0.639395994158147,MAPK1
126823,0.639265595660338,KLHDC9
85440,0.639265595660338,DOCK7
23421,0.639265595660338,ITGB3BP
9589,0.639161276862091,WTAP
253190,0.639083037763405,SERHL2
3080,0.639083037763405,CFHR2
10927,0.639004798664719,SPIN1
55869,0.638952639265596,HDAC8
100129550,0.638848320467348,LINC02035
285800,0.638848320467348,PRR18
4665,0.638848320467348,NAB2
51751,0.638744001669101,HIGD1B
6649,0.638691842269977,SOD3
10558,0.63858752347173,SPTLC1
6760,0.63858752347173,SS18
58,0.63858752347173,ACTA1
23456,0.638483204673482,ABCB10
8482,0.638431045274358,SEMA7A
57035,0.638352806175673,RSRP1
6620,0.638352806175673,SNCB
374900,0.638274567076987,ZNF568
124637,0.638196327978302,CYB5D1
11006,0.638196327978302,LILRB4
23349,0.638118088879616,PHF24
10048,0.638065929480492,RANBP9
114787,0.637987690381807,GPRIN1
472,0.637987690381807,ATM
124976,0.637909451283121,SPNS2
79441,0.637831212184436,HAUS3
4867,0.637831212184436,NPHP1
64236,0.637726893386188,PDLIM2
899,0.637726893386188,CCNF
92162,0.637648654287503,TMEM88
64397,0.637596494888379,ZNF106
646113,0.637518255789693,LINC00643
81698,0.637518255789693,LINC00597
220359,0.637440016691008,TIGD3
100127888,0.637361777592322,SLCO4A1-AS1
374403,0.637361777592322,TBC1D10C
221468,0.637257458794075,TMEM217
79844,0.637257458794075,ZDHHC11
83594,0.637179219695389,NUDT12
261726,0.637100980596704,TIPRL
64754,0.637100980596704,SMYD3
79095,0.637022741498018,BBLN
27240,0.636970582098894,SIT1
11257,0.636918422699771,TP53TG1
7089,0.636840183601085,TLE2
92,0.636840183601085,ACVR2A
6013,0.636761944502399,RLN1
3416,0.636709785103276,IDE
145978,0.636657625704152,LINC00052
55151,0.636605466305028,TMEM38B
220202,0.636553306905904,ATOH7
9618,0.636501147506781,TRAF4
10772,0.636448988107657,SRSF10
65251,0.636396828708533,ZNF649
9871,0.63634466930941,SEC24D
10723,0.636292509910286,SLC12A7
6778,0.636240350511162,STAT6
219844,0.636162111412477,HYLS1
3843,0.636162111412477,IPO5
10408,0.636057792614229,MYCNOS
636,0.636057792614229,BICD1
284273,0.635979553515543,PTGR3
191,0.63592739411642,AHCY
1173,0.635875234717296,AP2M1
66004,0.635823075318172,LYNX1
10092,0.635770915919049,ARPC5
349565,0.635718756519925,NMNAT3
27351,0.635666597120801,DESI1
51166,0.635614437721677,AADAT
5330,0.635562278322554,PLCB2
79953,0.635457959524306,SYNDIG1
9702,0.635457959524306,CEP57
3950,0.635457959524306,LECT2
113835,0.635353640726059,ZNF257
55132,0.635301481326935,LARP1B
57453,0.63522324222825,DSCAML1
8566,0.63522324222825,PDXK
55653,0.635145003129564,BCAS4
140465,0.635040684331317,MYL6B
58511,0.635040684331317,DNASE2B
6323,0.635040684331317,SCN1A
126364,0.634910285833507,LRRC25
80071,0.634910285833507,CCDC15
253943,0.634832046734822,YTHDF3
9153,0.634779887335698,SLC28A2
7942,0.634727727936574,TFEB
115352,0.63467556853745,FCRL3
146802,0.634597329438765,SLC47A2
3284,0.634597329438765,HSD3B2
3098,0.634493010640517,HK1
1795,0.634493010640517,DOCK3
65125,0.63438869184227,WNK1
57105,0.63438869184227,CYSLTR2
90673,0.634284373044023,PPP1R3E
54557,0.634284373044023,SGTB
30811,0.634180054245775,HUNK
23062,0.634180054245775,GGA2
641518,0.634049655747966,LEF1-AS1
83742,0.634049655747966,MARVELD1
1072,0.634049655747966,CFL1
221074,0.633945336949718,SLC39A12
100506753,0.633867097851033,MAILR
63898,0.633867097851033,SH2D4A
9047,0.633762779052785,SH2D2A
9032,0.633762779052785,TM4SF5
29965,0.6336845399541,CDIP1
84698,0.633632380554976,CAPS2
122618,0.63355414145629,PLD4
4891,0.63355414145629,SLC11A2
162681,0.633449822658043,C18orf54
150244,0.633449822658043,ZDHHC8P1
282679,0.633319424160234,AQP11
55319,0.633319424160234,TMA16
9147,0.633319424160234,NEMF
51131,0.633189025662424,PHF11
9824,0.633189025662424,ARHGAP11A
4528,0.633110786563739,MTIF2
840,0.633058627164615,CASP7
11184,0.633006467765491,MAP4K1
92235,0.632954308366368,STYXL2
1054,0.632902148967244,CEBPG
80209,0.63284998956812,PROSER1
200403,0.632771750469435,VWA3B
54832,0.632771750469435,VPS13C
9859,0.632693511370749,CEP170
27164,0.632641351971625,SALL3
26156,0.632589192572502,RSL1D1
389812,0.632510953473816,LCN15
3135,0.632510953473816,HLA-G
140628,0.63243271437513,GATA5
147339,0.632354475276445,C18orf25
6604,0.632354475276445,SMARCD3
83483,0.632276236177759,PLVAP
170591,0.632224076778635,S100Z
26045,0.63214583767995,LRRTM2
5033,0.63214583767995,P4HA1
23049,0.632041518881702,SMG1
10061,0.632041518881702,ABCF2
27036,0.631937200083455,SIGLEC7
488,0.631937200083455,ATP2A2
63977,0.631832881285208,PRDM15
51263,0.631832881285208,MRPL30
79720,0.631754642186522,VPS37B
22929,0.631702482787398,SEPHS1
1978,0.631650323388275,EIF4EBP1
127707,0.631598163989151,KLHDC7A
57496,0.631519924890465,MRTFB
56265,0.631519924890465,CPXM1
79628,0.63144168579178,SH3TC2
91179,0.631389526392656,SCARF2
256979,0.631337366993532,SUN3
387723,0.631233048195285,C10orf143
56146,0.631233048195285,PCDHA2
9921,0.631233048195285,RNF10
2764,0.631128729397037,GMFB
23642,0.631076569997914,SNHG1
84919,0.63102441059879,PPP1R15B
133619,0.630946171500104,PRRC1
1964,0.630946171500104,EIF1AX
440829,0.630841852701857,SHISA8
26268,0.630841852701857,FBXO9
163081,0.630763613603171,ZNF567
123099,0.630659294804924,DEGS2
10434,0.630659294804924,LYPLA1
10166,0.630659294804924,SLC25A15
10309,0.630528896307115,CCNO
1826,0.630528896307115,DSCAM
54677,0.630424577508867,CROT
9420,0.630424577508867,CYP7B1
5271,0.630346338410182,SERPINB8
55530,0.630268099311496,SVOP
30835,0.630268099311496,CD209
7466,0.63018986021281,WFS1
162972,0.630085541414563,ZNF550
146771,0.630085541414563,TCAM1P
118738,0.630085541414563,ZNF488
11237,0.629981222616316,RNF24
58508,0.629929063217192,KMT2C
165186,0.629824744418944,TOGARAM2
84986,0.629824744418944,ARHGAP19
5145,0.629824744418944,PDE6A
51645,0.629694345921135,PPIL1
2845,0.629694345921135,GPR22
28970,0.629616106822449,C11orf54
375748,0.629563947423326,ERCC6L2
5230,0.62948570832464,PGK1
210,0.62948570832464,ALAD
84968,0.629381389526393,PNMA6A
23426,0.629381389526393,GRIP1
55003,0.629303150427707,PAK1IP1
57705,0.629224911329021,WDFY4
10287,0.629224911329021,RGS19
126695,0.629146672230336,KDF1
286002,0.629042353432088,SLC26A4-AS1
126917,0.629042353432088,IFFO2
10949,0.629042353432088,HNRNPA0
5610,0.628938034633841,EIF2AK2
91646,0.628859795535155,TDRD12
3831,0.628859795535155,KLC1
114879,0.62878155643647,OSBPL5
84671,0.628703317337784,ZNF347
54816,0.628703317337784,ZNF280D
10787,0.628625078239099,NCKAP1
103695435,0.628546839140413,BBOX1-AS1
80765,0.628546839140413,STARD5
55591,0.628442520342166,VEZT
2840,0.628442520342166,GPR17
54738,0.62836428124348,FEV
284352,0.628286042144794,PPP1R37
9421,0.628286042144794,HAND1
57732,0.628181723346547,ZFYVE28
23140,0.628181723346547,ZZEF1
54741,0.628103484247861,LEPROT
101927391,0.627973085750052,MIOS-DT
30819,0.627973085750052,KCNIP2
6251,0.627973085750052,RSU1
1635,0.627973085750052,DCTD
64114,0.627842687252243,TMBIM1
84058,0.627790527853119,WDR54
55714,0.627712288754434,TENM3
7374,0.627712288754434,UNG
55284,0.627634049655748,UBE2W
51087,0.627555810557062,YBX2
5411,0.627555810557062,PNN
114908,0.627451491758815,TMEM123
9576,0.627451491758815,SPAG6
401207,0.627347172960568,C5orf63
115106,0.627347172960568,HAUS1
4678,0.627268933861882,NASP
54908,0.627190694763196,SPDL1
3749,0.627190694763196,KCNC4
387837,0.627086375964949,CLEC12B
91133,0.627086375964949,L3MBTL4
3090,0.627008136866263,HIC1
123722,0.626929897767578,FSD2
9446,0.626929897767578,GSTO1
339766,0.62682557896933,MROH2A
6915,0.62682557896933,TBXA2R
284018,0.626721260171083,C17orf58
50805,0.626721260171083,IRX4
25911,0.626616941372835,DPCD
5378,0.626616941372835,PMS1
55266,0.62653870227415,TMEM19
9240,0.626486542875026,PNMA1
7179,0.626434383475902,TPTE
51181,0.626356144377217,DCXR
8292,0.626356144377217,COLQ
78991,0.626277905278531,PCYOX1L
6256,0.626225745879407,RXRA
202052,0.626147506780722,DNAJC18
55276,0.626147506780722,PGM2
90843,0.626069267682036,TCEAL8
55503,0.625991028583351,TRPV6
54822,0.625991028583351,TRPM7
81544,0.625912789484665,GDPD5
3588,0.625860630085541,IL10RB
340419,0.625782390986856,RSPO2
200424,0.625782390986856,TET3
23161,0.62570415188817,SNX13
84078,0.625599833089923,KBTBD7
64781,0.625599833089923,CERK
7984,0.625599833089923,ARHGEF5
55501,0.625495514291675,CHST12
79848,0.625443354892552,CSPP1
6400,0.625391195493428,SEL1L
102659288,0.625312956394742,LINC02888
79172,0.625312956394742,CENPO
6733,0.625208637596495,SRPK2
375,0.625208637596495,ARF1
9639,0.625104318798247,ARHGEF10
7371,0.625104318798247,UCK2
100861555,0.625026079699562,LINC00565
3454,0.624973920300438,IFNAR1
100130776,0.624895681201753,AGAP2-AS1
286336,0.624895681201753,FAM78A
29986,0.624817442103067,SLC39A2
1209,0.624739203004381,CLPTM1
642,0.624739203004381,BLMH
151195,0.62458272480701,CCNYL1
7403,0.62458272480701,KDM6A
4124,0.62458272480701,MAN2A1
2572,0.62458272480701,GAD2
9991,0.624452326309201,PTBP3
29065,0.624348007510953,ASAP1-IT1
4109,0.624348007510953,MAGEA10
1070,0.624348007510953,CETN3
100507533,0.624217609013144,SOX21-AS1
23392,0.624217609013144,ECPAS
414260,0.624113290214897,LINC00619
5802,0.624113290214897,PTPRS
54972,0.624035051116211,TMEM132A
80856,0.623956812017526,LNPK
54777,0.623956812017526,CFAP46
2395,0.62387857291884,FXN
10036,0.623826413519716,CHAF1A
339535,0.623748174421031,LINC01139
2519,0.623748174421031,FUCA2
8407,0.623669935322345,TAGLN2
55071,0.623617775923221,C9orf40
100499489,0.623539536824536,LINC03027
84376,0.623539536824536,HOOK3
7136,0.62346129772585,TNNI2
4152,0.623409138326727,MBD1
100507203,0.623330899228041,SMLR1
79659,0.623330899228041,DYNC2H1
79583,0.623226580429793,TMEM231
2805,0.623226580429793,GOT1
9652,0.623148341331108,TTC37
114926,0.623096181931984,SMIM19
643008,0.623017942833299,SMIM5
23418,0.623017942833299,CRB1
83956,0.622939703734613,RACGAP1P1
64285,0.622861464635927,RHBDF1
57045,0.622861464635927,TWSG1
146057,0.622783225537242,TTBK2
11060,0.622731066138118,WWP2
26468,0.622678906738994,LHX6
900,0.622626747339871,CCNG1
116150,0.622548508241185,NUS1
51635,0.622548508241185,DHRS7
170680,0.622444189442938,PSORS1C2
8473,0.622444189442938,OGT
147906,0.62233987064469,DACT3
23333,0.62233987064469,DPY19L1
221711,0.622235551846443,SYCP2L
79647,0.622235551846443,AKIRIN1
57222,0.622157312747757,ERGIC1
93081,0.622079073649072,TEX30
57577,0.622079073649072,CCDC191
619208,0.622000834550386,FAM229B
146198,0.6219225954517,ZFP90
9678,0.6219225954517,PHF14
51114,0.621818276653453,ZDHHC9
9501,0.621818276653453,RPH3AL
159090,0.621740037554767,PABIR2
246175,0.62163571875652,CNOT6L
10198,0.62163571875652,MPHOSPH9
1741,0.62163571875652,DLG3
100170841,0.621531399958272,EPOP
10497,0.621479240559149,UNC13B
6714,0.621427081160025,SRC
80311,0.621374921760901,KLHL15
51761,0.621322762361778,ATP8A2
348980,0.621270602962654,HCN1
56474,0.62121844356353,CTPS2
79038,0.621166284164406,ZFYVE21
54841,0.621114124765283,BIVM
2185,0.621061965366159,PTK2B
497189,0.621009805967035,TIFAB
542767,0.620879407469226,PCOTH
200772,0.620879407469226,UICLM
144245,0.620879407469226,ALG10B
1476,0.620879407469226,CSTB
23217,0.620749008971417,ZFR2
83938,0.620644690173169,LRMDA
57481,0.620644690173169,KIAA1210
9394,0.620644690173169,HS6ST1
400027,0.620540371374922,LINC00938
10480,0.620488211975798,EIF3M
5527,0.620436052576674,PPP2R5C
85464,0.620357813477989,SSH2
10893,0.620357813477989,MMP24
25853,0.620279574379303,DCAF12
147700,0.620175255581056,KLC3
54495,0.620175255581056,TMX3
51567,0.620175255581056,TDP2
55821,0.620044857083246,ALLC
8608,0.620044857083246,RDH16
11107,0.619966617984561,PRDM5
11149,0.619888378885875,BVES
156,0.619888378885875,GRK2
101926978,0.61981013978719,LINC01111
84259,0.619731900688504,DCUN1D5
23435,0.619731900688504,TARDBP
21,0.619653661589818,ABCA3
200162,0.619575422491133,SPAG17
64855,0.619575422491133,NIBAN2
79574,0.619471103692885,EPS8L3
10636,0.619471103692885,RGS14
100131138,0.6193928645942,LINC01405
1655,0.619340705195076,DDX5
11329,0.619210306697267,STK38
10318,0.619210306697267,TNIP1
4259,0.619210306697267,MGST3
1184,0.619210306697267,CLCN5
390963,0.619053828499896,ZNF818P
55105,0.619053828499896,GPATCH2
161145,0.618923430002086,TMEM229B
63933,0.618923430002086,MCUR1
2020,0.618923430002086,EN2
1506,0.618819111203839,CTRL
8560,0.618740872105153,DEGS1
5630,0.618740872105153,PRPH
11212,0.618636553306906,PLPBP
4200,0.618636553306906,ME2
91746,0.61855831420822,YTHDC1
222256,0.618480075109535,CDHR3
117154,0.618480075109535,DACH2
128,0.618401836010849,ADH5
1369,0.618349676611725,CPN1
54931,0.618297517212602,TRMT10C
8731,0.618193198414354,RNMT
5990,0.618193198414354,RFX2
267,0.618193198414354,AMFR
2717,0.618088879616107,GLA
57537,0.618010640517421,SORCS2
581,0.618010640517421,BAX
5921,0.617932401418736,RASA1
152559,0.61785416232005,PAQR3
56000,0.61785416232005,NXF3
23551,0.617775923221365,RASD2
200765,0.617723763822241,TIGD1
153339,0.61756728562487,TMEM167A
89853,0.61756728562487,MVB12B
7150,0.61756728562487,TOP1
5980,0.61756728562487,REV3L
2000,0.61756728562487,ELF4
200933,0.617384727727937,FBXO45
9221,0.617384727727937,NOLC1
83417,0.617306488629251,FCRL4
4926,0.617228249530565,NUMA1
4794,0.617228249530565,NFKBIE
158228,0.61715001043188,FAM201A
2280,0.617097851032756,FKBP1A
254170,0.617045691633632,FBXO33
2524,0.616993532234509,FUT2
55812,0.616915293135823,SPATA7
25942,0.616915293135823,SIN3A
7534,0.616810974337576,YWHAZ
3083,0.616810974337576,HGFAC
5933,0.61673273523889,RBL1
404203,0.616680575839766,SPINK6
100131096,0.616628416440643,NA
400916,0.616576257041519,CHCHD10
53841,0.616524097642395,CDHR5
57146,0.616471938243271,LDAF1
27330,0.616419778844148,RPS6KA6
256302,0.616341539745462,NATD1
10475,0.616341539745462,TRIM38
51738,0.616263300646777,GHRL
79661,0.616185061548091,NEIL1
8521,0.616185061548091,GCM1
11252,0.616080742749843,PACSIN2
1010,0.616080742749843,CDH12
23025,0.616002503651158,UNC13A
339803,0.615924264552472,C2orf74-DT
6655,0.615924264552472,SOS2
157983,0.615846025453787,DOCK8-AS1
1912,0.615793866054663,PHC2
79919,0.615715626955977,MAB21L4
7769,0.615715626955977,ZNF226
1081,0.615637387857292,CGA
1662,0.615585228458168,DDX10
7752,0.615533069059044,ZNF200
286148,0.615480909659921,DPY19L4
285203,0.615428750260797,EOGT
56889,0.615376590861673,TM9SF3
3187,0.61532443146255,HNRNPH1
29941,0.615272272063426,PKN3
85028,0.61519403296474,SNHG12
65975,0.61519403296474,STK33
1174,0.615115793866055,AP1S1
5885,0.615063634466931,RAD21
1101,0.614985395368245,CHAD
523,0.614985395368245,ATP6V1A
126549,0.61490715626956,ANKLE1
51111,0.614854996870436,KMT5B
9655,0.614802837471312,SOCS5
54857,0.614698518673065,GDPD2
51768,0.614698518673065,TM7SF3
11025,0.614698518673065,LILRB3
51029,0.614594199874817,DESI2
8437,0.614542040475694,RASAL1
8615,0.61448988107657,USO1
654466,0.614411641977884,FGF7P3
23229,0.614411641977884,ARHGEF9
100130691,0.614333402879199,LOC100130691
87769,0.614255163780513,GGACT
3215,0.614255163780513,HOXB5
203068,0.614150844982266,TUBB
148418,0.614150844982266,SAMD13
126410,0.614020446484457,CYP4F22
3249,0.614020446484457,HPN
333,0.614020446484457,APLP1
29948,0.613916127686209,OSGIN1
283742,0.613863968287085,FAM98B
23587,0.613811808887962,ELP5
9046,0.613759649488838,DOK2
10518,0.613707490089714,CIB2
80176,0.61365533069059,SPSB1
56100,0.613577091591905,PCDHGB6
27012,0.613577091591905,KCNV1
682,0.613498852493219,BSG
63826,0.613420613394534,SRR
60485,0.613420613394534,SAV1
22898,0.613342374295848,DENND3
84889,0.613238055497601,SLC7A3
57465,0.613238055497601,TBC1D24
3460,0.613238055497601,IFNGR2
388503,0.613133736699353,C3P1
6346,0.613081577300229,CCL1
200058,0.613029417901106,NA
221322,0.61295117880242,TBC1D32
112476,0.61295117880242,PRRT2
641649,0.612872939703735,TMEM91
157570,0.612794700605049,ESCO2
64799,0.612794700605049,IQCH
400451,0.612690381806802,FAM174B
54894,0.612690381806802,RNF43
3419,0.612612142708116,IDH3A
6102,0.612559983308992,RP2
4826,0.612481744210307,NNAT
3177,0.612481744210307,SLC29A2
1968,0.612403505111621,EIF2S3
283219,0.612325266012936,KCTD21
81602,0.612325266012936,CDADC1
6885,0.61224702691425,MAP3K7
151648,0.612142708116002,SGO1
3845,0.612142708116002,KRAS
3004,0.612142708116002,GZMM
3913,0.612038389317755,LAMB2
79742,0.611934070519508,DIPK2B
9717,0.611934070519508,SEC14L5
6007,0.611934070519508,RHD
23300,0.61182975172126,ATMIN
100506325,0.611777592322136,SP2-AS1
2649,0.611725432923013,NR6A1
80345,0.611673273523889,ZSCAN16
729852,0.611568954725642,UMAD1
119392,0.611568954725642,SFR1
79723,0.611568954725642,SUV39H2
57175,0.611464635927394,CORO1B
401081,0.61141247652827,C3orf85
4179,0.611360317129147,CD46
285708,0.611308157730023,LINC00491
92181,0.611255998330899,UBTD2
389114,0.611203838931776,ZNF662
55964,0.611151679532652,SEPTIN3
127003,0.611099520133528,CFAP276
6764,0.611047360734404,DENND2B
148213,0.610995201335281,ZNF681
54470,0.610943041936157,ARMCX6
2975,0.610890882537033,GTF3C1
90381,0.610812643438348,TICRR
10331,0.610812643438348,B3GNT3
84106,0.6107083246401,PRAM1
83891,0.6107083246401,SNX25
9074,0.610630085541415,CLDN6
134466,0.610577926142291,ZNF300P1
64750,0.610525766743167,SMURF2
101928781,0.610473607344043,TMEM26-AS1
57728,0.610395368245358,WDR19
5580,0.610395368245358,PRKCD
80863,0.610317129146672,PRRT1
152002,0.610264969747549,XXYLT1
152195,0.610186730648863,NUDT16L2P
91662,0.610186730648863,NLRP12
80221,0.610108491550177,ACSF2
3375,0.610056332151054,IAPP
160760,0.61000417275193,PPTC7
80110,0.609952013352806,ZNF614
6774,0.609899853953682,STAT3
3184,0.609847694554559,HNRNPD
5558,0.609795535155435,PRIM2
5447,0.609743375756311,POR
84263,0.609665136657626,HSDL2
55757,0.609665136657626,UGGT2
5204,0.60958689755894,PFDN5
219333,0.609456499061131,USP12
51148,0.609456499061131,CERCAM
43849,0.609456499061131,KLK12
23594,0.609456499061131,ORC6
56157,0.60930002086376,TEX13A
5978,0.60930002086376,REST
27341,0.609221781765074,RRP7A
6301,0.60916962236595,SARS1
166378,0.609091383267265,SPATA5
4144,0.609091383267265,MAT2A
1314,0.609013144168579,COPA
10858,0.608960984769455,CYP46A1
2271,0.608908825370332,FH
2232,0.608856665971208,FDXR
168850,0.608778426872522,ZNF800
55958,0.608778426872522,KLHL9
93233,0.608674108074275,ODAD1
10776,0.608674108074275,ARPP19
8994,0.608595868975589,LIMD1
51163,0.608543709576466,DBR1
148423,0.60846547047778,C1orf52
56902,0.60846547047778,PNO1
29980,0.608361151679533,DONSON
8800,0.608361151679533,PEX11A
80777,0.608282912580847,CYB5B
23137,0.608230753181723,SMC5
26091,0.6081785937826,HERC4
440288,0.608100354683914,UBL7-DT
10023,0.608100354683914,FRAT1
6573,0.608022115585228,SLC19A1
285343,0.607969956186105,TCAIM
348235,0.607917796786981,SKA2
10004,0.607865637387857,NAALADL1
84911,0.607813477988734,ZNF382
100130967,0.60776131858961,LINC02901
389161,0.607709159190486,ANKUB1
57167,0.607656999791362,SALL4
54626,0.607604840392239,HES2
10230,0.607552680993115,NBR2
8548,0.607500521593991,BLZF1
2158,0.607448362194868,F9
4035,0.607396202795744,LRP1
401320,0.60734404339662,GARS1-DT
5768,0.607291883997496,QSOX1
10163,0.607239724598373,WASF2
57560,0.607161485499687,IFT80
6117,0.607161485499687,RPA1
1412,0.607083246401001,CRYBA2
175,0.607031087001878,AGA
27,0.606978927602754,ABL2
646903,0.606900688504068,LOC646903
92017,0.606900688504068,SNX29
57648,0.606822449405383,KIAA1522
152816,0.606744210306697,ODAPH
6776,0.606744210306697,STAT5A
57659,0.606665971208012,ZBTB4
254240,0.606587732109326,BPIFC
57348,0.606587732109326,TTYH1
55032,0.606483413311079,SLC35A5
1317,0.606483413311079,SLC31A1
163255,0.606405174212393,ZNF540
8674,0.606353014813269,VAMP4
64968,0.606300855414146,MRPS6
64849,0.60622261631546,SLC13A3
7295,0.60622261631546,TXN
286006,0.606118297517213,LSMEM1
2444,0.606118297517213,FRK
100289635,0.606040058418527,ZNF605
657,0.605987899019403,BMPR1A
55197,0.60593573962028,RPRD1A
84437,0.605857500521594,MSANTD4
23545,0.605857500521594,ATP6V0A2
10929,0.605779261422908,SRSF8
492,0.605727102023785,ATP2B3
23065,0.605648862925099,EMC1
10333,0.605648862925099,TLR6
10308,0.605570623826413,ZNF267
388507,0.605466305028166,ZNF788P
57091,0.605466305028166,CASS4
51411,0.605466305028166,BIN2
9015,0.605361986229919,TAF1A
9836,0.605283747131233,LCMT2
2117,0.605283747131233,ETV3
3698,0.605205508032547,ITIH2
29957,0.605127268933862,SLC25A24
389,0.605127268933862,RHOC
9585,0.60504902983517606,KIF20B
3631,0.604996870436053,INPP4A
246778,0.60486647193824306,IL27
56950,0.60486647193824306,SMYD2
11042,0.60486647193824306,GUSBP15
8805,0.60486647193824306,TRIM24
644873,0.60468391404131006,SLC12A2-DT
153733,0.60468391404131006,CCDC112
2618,0.60468391404131006,GART
3930,0.604553515543501,LBR
1019,0.604553515543501,CDK4
28968,0.604423117045692,SLC6A16
6559,0.604423117045692,SLC12A3
2491,0.604423117045692,CENPI
100506710,0.604292718547882,EBLN3P
253039,0.604292718547882,CUTALP
54675,0.604214479449197,CRLS1
126129,0.604162320050073,CPT1C
120376,0.604084080951387,COLCA2
23555,0.604084080951387,TSPAN15
221718,0.604005841852702,LINC00518
23232,0.603901523054454,TBC1D12
8328,0.603901523054454,GFI1B
466,0.603901523054454,ATF1
101927720,0.603797204256207,ZNF793-AS1
151121,0.603718965157521,LINC01854
10485,0.603718965157521,MIR9-1HG
100506581,0.603614646359274,C16orf95
2834,0.603614646359274,PRLHR
196527,0.603484247861465,ANO6
91151,0.603484247861465,TIGD7
11141,0.603484247861465,IL1RAPL1
791114,0.603353849363655,PWRN1
84628,0.603353849363655,NTNG2
5565,0.60327561026497,PRKAB2
727957,0.603171291466722,MROH1
85445,0.603171291466722,CNTNAP4
51310,0.603171291466722,SLC22A17
728485,0.603040892968913,LOC728485
6887,0.603040892968913,TAL2
81796,0.602910494471104,SLCO5A1
9255,0.602910494471104,AIMP1
6900,0.602910494471104,CNTN2
51573,0.602806175672856,GDE1
2230,0.602754016273732,FDX1
113828,0.602701856874609,FAM83F
219681,0.602649697475485,ARMC3
9543,0.602571458376799,IGDCC3
3768,0.602571458376799,KCNJ12
93100,0.602493219278114,NAPRT
100996301,0.602388900479866,FOXD3-AS1
94134,0.602388900479866,ARHGAP12
6142,0.602388900479866,RPL18A
64714,0.602258501982057,PDIA2
2683,0.602258501982057,B4GALT1
1583,0.602180262883372,CYP11A1
400629,0.602128103484248,TEX19
10906,0.602075944085124,TRAFD1
51322,0.601971625286877,WAC
1473,0.601971625286877,CST5
478,0.601971625286877,ATP1A3
5364,0.601867306488629,PLXNB1
81894,0.601789067389944,SLC25A28
80854,0.601789067389944,SETD7
10436,0.601710828291258,EMG1
3911,0.601658668892134,LAMA5
79711,0.601580429793449,IPO4
5602,0.601580429793449,MAPK10
29946,0.601502190694763,SERTAD3
51171,0.601450031295639,HSD17B14
401588,0.601371792196954,ZNF674-AS1
22986,0.601371792196954,SORCS3
100996702,0.601267473398706,LINC01356
200894,0.601267473398706,ARL13B
6793,0.601189234300021,STK10
9985,0.601137074900897,REC8
284612,0.601058835802212,SYPL2
56651,0.601058835802212,LINC00470
100506243,0.600980596703526,KRBOX1
283481,0.60090235760484,FGF14-AS2
11103,0.60090235760484,KRR1
10841,0.600824118506155,FTCD
100874068,0.600771959107031,GRTP1-AS1
729085,0.600693720008346,GASK1A
148362,0.600693720008346,BROX
3799,0.60061548090966,KIF5B
115992,0.600537241810974,RNF166
10143,0.600537241810974,CLEC3A
392465,0.600380763613603,GLOD5
79088,0.600380763613603,ZNF426
23404,0.600380763613603,EXOSC2
8534,0.600380763613603,CHST1
390595,0.60019820571667,UBAP1L
54863,0.60019820571667,TOR4A
11112,0.60019820571667,HIBADH
9601,0.600067807218861,PDIA4
1312,0.600067807218861,COMT
7533,0.599989568120175,YWHAH
339983,0.599937408721052,NAT8L
3590,0.599885249321928,IL11RA
100506314,0.599807010223242,GPRC5D-AS1
4734,0.599807010223242,NEDD4
968,0.599728771124557,CD68
342892,0.599676611725433,ZNF850
57602,0.599624452326309,USP36
23259,0.599572292927186,DDHD2
84221,0.599520133528062,SPATC1L
284408,0.599441894429376,ZNF790-AS1
51691,0.599441894429376,LSM8
92140,0.599311495931567,MTDH
55225,0.599311495931567,RAVER2
90,0.599311495931567,ACVR1
341947,0.599181097433758,COX8C
134430,0.599181097433758,WDR36
117159,0.599050698935948,DCD
23484,0.599050698935948,LEPROTL1
23031,0.599050698935948,MAST3
9514,0.598920300438139,GAL3ST1
813,0.598920300438139,CALU
54680,0.598815981639891,ZNHIT6
765,0.598815981639891,CA6
100131998,0.598685583142082,RRN3P3
5134,0.598685583142082,PDCD2
3892,0.598685583142082,KRT86
57706,0.598555184644273,DENND1A
98,0.598555184644273,ACYP2
63926,0.598450865846025,ANKEF1
55153,0.598450865846025,SDAD1
64111,0.59837262674734,NPVF
64224,0.598294387648654,HERPUD2
4648,0.598294387648654,MYO7B
60559,0.598216148549969,SPCS3
5771,0.598137909451283,PTPN2
821,0.598137909451283,CANX
92312,0.598059670352598,MEX3A
79140,0.597981431253912,CCDC28B
9223,0.597981431253912,MAGI1
3174,0.597903192155226,HNF4G
255167,0.597851032756103,LINC01018
57380,0.597798873356979,MRS2
10393,0.597746713957855,ANAPC10
127281,0.597694554558731,PRXL2B
55186,0.597642395159608,SLC25A36
219855,0.597564156060922,SLC37A2
11113,0.597564156060922,CIT
113452,0.597485916962237,TMEM54
441054,0.597407677863551,C4orf47
2550,0.597407677863551,GABBR1
10998,0.597329438764865,SLC27A5
79632,0.59725119966618,FAM184A
1486,0.59725119966618,CTBS
945,0.597172960567494,CD33
7780,0.597120801168371,SLC30A2
23008,0.597068641769247,KLHDC10
100128977,0.597016482370123,MAPT-AS1
125228,0.596938243271438,FAM210A
132,0.596938243271438,ADK
22858,0.59683392447319,CILK1
2057,0.59683392447319,EPOR
10096,0.596755685374505,ACTR3
55000,0.596677446275819,TUG1
9061,0.596677446275819,PAPSS1
440335,0.596573127477571,SMIM22
55255,0.596573127477571,WDR41
10555,0.596468808679324,AGPAT2
8460,0.596468808679324,TPST1
100507436,0.596364489881077,MICA
144193,0.596364489881077,AMDHD1
148823,0.596286250782391,GCSAML
101928307,0.596181931984143,ADGRB3-DT
5584,0.596181931984143,PRKCI
2917,0.596181931984143,GRM7
80740,0.596077613185896,LY6G6C
3796,0.596025453786772,KIF2A
4758,0.595947214688087,NEU1
363,0.595947214688087,AQP6
83940,0.595868975589401,TATDN1
389741,0.595816816190277,GLIDR
5286,0.595738577091592,PIK3C2A
4851,0.595738577091592,NOTCH1
63950,0.595634258293344,DMRTA2
56647,0.595634258293344,BCCIP
3595,0.595556019194659,IL12RB2
246,0.595503859795535,ALOX15
404672,0.595451700396411,GTF2H5
51340,0.595399540997288,CRNKL1
51527,0.595321301898602,GSKIP
10319,0.595321301898602,LAMC3
2242,0.595243062799917,FES
79710,0.595190903400793,MORC4
9529,0.595138744001669,BAG5
653390,0.59500834550386,RRN3P2
401562,0.59500834550386,LCNL1
253260,0.59500834550386,RICTOR
2767,0.59500834550386,GNA11
8838,0.59487794700605,CCN6
100505894,0.594825787606927,TMEM161B-DT
11260,0.594747548508241,XPOT
1376,0.594747548508241,CPT2
26301,0.594669309409556,GBGT1
100505592,0.59459107031087,GAPLINC
60312,0.59459107031087,AFAP1
10272,0.594512831212184,FSTL3
9958,0.594434592113499,USP15
8898,0.594434592113499,MTMR2
51388,0.594330273315251,NIP7
51091,0.594330273315251,SEPSECS
147744,0.594252034216566,TMEM190
100126784,0.59417379511788,NAV2-AS6
23547,0.59417379511788,LILRA4
9424,0.594095556019195,KCNK6
55719,0.594017316920509,SLF2
54578,0.594017316920509,UGT1A6
80218,0.593939077821824,NAA50
7019,0.5938869184227,TFAM
23741,0.593834759023576,EID1
55333,0.593782599624452,SYNJ2BP
55251,0.593704360525767,PCMTD2
5994,0.593704360525767,RFXAP
57590,0.593626121427081,WDFY1
89886,0.593547882328396,SLAMF9
717,0.593547882328396,C2
148898,0.59346964322971,ZNF436-AS1
642987,0.593417483830586,TMEM232
84140,0.593365324431463,FAM161A
284443,0.593313165032339,ZNF493
84250,0.593234925933653,SLF1
9402,0.593234925933653,GRAP2
80709,0.593130607135406,AKNA
80231,0.593130607135406,TASL
142678,0.593026288337158,MIB2
26750,0.593026288337158,RPS6KC1
55825,0.592948049238473,PECR
55449,0.592869810139787,DHRS4-AS1
10576,0.592869810139787,CCT2
100130449,0.592739411641978,GPC1-AS1
164781,0.592739411641978,DAW1
162963,0.592739411641978,ZNF610
339977,0.592609013144169,LRRC66
93517,0.592609013144169,SDR42E1
26994,0.592530774045483,RNF11
50616,0.592478614646359,IL22
4905,0.592426455247236,NSF
8200,0.592374295848112,GDF5
54849,0.592322136448988,DEF8
8847,0.592243897350302,DLEU2
7477,0.592243897350302,WNT7B
57101,0.592139578552055,ANO2
4750,0.592139578552055,NEK1
389203,0.592061339453369,SMIM20
9881,0.592009180054246,TRANK1
3720,0.591957020655122,JARID2
55526,0.591904861255998,DHTKD1
126295,0.591852701856875,ZNF57
11264,0.591800542457751,PXMP4
23676,0.591748383058627,SMPX
165055,0.591670143959942,CCDC138
8463,0.591670143959942,TEAD2
64421,0.591565825161694,DCLRE1C
54826,0.591565825161694,GIN1
440590,0.591487586063009,ZYG11A
10330,0.591435426663885,CNPY2
51491,0.591383267264761,NOP16
79754,0.591331107865637,ASB13
3225,0.591278948466514,HOXC9
169026,0.59122678906739,SLC30A8
1911,0.591174629668266,PHC1
2039,0.591122470269143,DMTN
29123,0.591070310870019,ANKRD11
55425,0.590992071771333,GPALPP1
6426,0.590992071771333,SRSF1
84545,0.590861673273524,MRPL43
4882,0.590861673273524,NPR2
1737,0.590861673273524,DLAT
8941,0.590757354475276,CDK5R2
51032,0.590679115376591,CELA2B
2098,0.590679115376591,ESD
26512,0.590600876277905,INTS6
6497,0.59052263717922,SKI
733,0.59052263717922,C8G
55582,0.590418318380972,KIF27
1232,0.590418318380972,CCR3
63939,0.590340079282287,FAM217B
2557,0.590287919883163,GABRA4
220972,0.590235760484039,MARCHF8
123283,0.590157521385354,TARS3
23469,0.590157521385354,PHF3
10010,0.590079282286668,TANK
84131,0.590027122887544,CEP78
6599,0.589948883788859,SMARCC1
6059,0.589948883788859,ABCE1
128272,0.589844564990611,ARHGEF19
7137,0.589844564990611,TNNI3
10146,0.589740246192364,G3BP1
7080,0.589740246192364,NKX2-1
56940,0.589662007093678,DUSP22
27090,0.589609847694555,ST6GALNAC4
729013,0.589505528896307,ZBED5-AS1
133686,0.589505528896307,NADK2
6822,0.589505528896307,SULT2A1
5805,0.58940121009806,PTS
9121,0.589322970999374,SLC16A5
7259,0.589322970999374,TSPYL1
172,0.589244731900688,AFG3L1P
23527,0.589192572501565,ACAP2
10116,0.589114333402879,FEM1B
9476,0.589114333402879,NAPSA
80775,0.589036094304194,TMEM177
58513,0.58898393490507,EPS15L1
143689,0.588905695806384,PIWIL4
9637,0.588905695806384,FEZ2
51626,0.588827456707699,DYNC2LI1
64175,0.588775297308575,P3H1
23770,0.588723137909451,FKBP8
646736,0.588618819111204,LOC646736
3881,0.588618819111204,KRT31
3442,0.588618819111204,IFNA5
220382,0.588514500312956,FAM181B
22948,0.588462340913833,CCT5
57212,0.588410181514709,TP73-AS1
91807,0.588331942416023,MYLK3
24146,0.588331942416023,CLDN15
64864,0.588253703317338,RFX7
11046,0.588201543918214,SLC35D2
23598,0.588123304819528,PATZ1
8202,0.588123304819528,NCOA3
375743,0.588045065720843,PTAR1
94031,0.587966826622157,HTRA3
3263,0.587966826622157,HPX
29994,0.58786250782391,BAZ2B
26035,0.58786250782391,GLCE
5143,0.587784268725224,PDE4C
162993,0.587732109326101,ZNF846
96764,0.587679949926977,TGS1
60436,0.587627790527853,TGIF2
283848,0.587575631128729,CES4A
1158,0.587523471729606,CKM
78997,0.587471312330482,GDAP1L1
643749,0.587393073231796,TRAF3IP2-AS1
9969,0.587393073231796,MED13
196374,0.587314834133111,KRT78
400238,0.587262674733987,LINC00642
80352,0.587210515334863,RNF39
79923,0.58715835593574,NANOG
81542,0.587080116837054,TMX1
51066,0.587080116837054,SSUH2
404037,0.587001877738368,HAPLN4
4924,0.586923638639683,NUCB1
4820,0.586923638639683,NKTR
253635,0.586819319841435,GPATCH11
5932,0.586819319841435,RBBP8
60487,0.58674108074275,TRMT11
285989,0.586662841644064,ZNF789
154807,0.586662841644064,VKORC1L1
23322,0.586584602545379,RPGRIP1L
53822,0.586532443146255,FXYD7
28998,0.586480283747131,MRPL13
64318,0.586402044648446,NOC3L
5224,0.586402044648446,PGAM2
23359,0.586297725850198,FAM189A1
11127,0.586297725850198,KIF3A
642852,0.586167327352389,LINC00205
219995,0.586167327352389,MS4A15
64446,0.586167327352389,DNAI2
5827,0.586063008554142,PXMP2
10559,0.586010849155018,SLC35A1
84791,0.585958689755894,LINC00467
388588,0.585854370957647,SMIM1
54681,0.585854370957647,P4HTM
7416,0.585854370957647,VDAC1
10765,0.585750052159399,KDM5B
60496,0.585697892760275,AASDHPPT
63940,0.585645733361152,GPSM3
79670,0.585567494262466,TUT7
8607,0.585567494262466,RUVBL1
100129792,0.585463175464219,CCDC152
96459,0.585463175464219,FNIP1
55506,0.585358856665971,MACROH2A2
411,0.585358856665971,ARSB
259197,0.585254537867724,NCR3
79000,0.585254537867724,AUNIP
84938,0.585176298769038,ATG4C
8867,0.585124139369914,SYNJ1
7321,0.585071979970791,UBE2D1
64080,0.585019820571667,RBKS
10141,0.584967661172543,LINC01587
54033,0.58491550177342,RBM11
23506,0.584837262674734,BICRAL
4336,0.584837262674734,MOBP
170954,0.584759023576048,PPP1R18
57139,0.584680784477363,RGL3
55110,0.584680784477363,MAGOHB
8379,0.584602545378677,MAD1L1
285464,0.584550385979554,NA
90390,0.584419987481744,MED30
79685,0.584419987481744,SAP30L
53942,0.584419987481744,CNTN5
29062,0.584419987481744,WDR91
81579,0.584237429584811,PLA2G12A
64784,0.584237429584811,CRTC3
6406,0.584237429584811,SEMG1
163131,0.584133110786564,ZNF780B
148281,0.58408095138744,SYT6
51084,0.584028791988316,CRYL1
401237,0.583976632589193,CASC15
4698,0.583924473190069,NDUFA5
5927,0.583872313790945,KDM5A
89927,0.583820154391821,BMERB1
29058,0.583741915293136,TMEM230
5081,0.583741915293136,PAX7
84988,0.583637596494888,PPP1R16A
420,0.583637596494888,ART4
59285,0.583559357396203,CACNG6
3166,0.583507197997079,HMX1
53820,0.583455038597955,RIPPLY3
100507577,0.583402879198832,NA
10238,0.583350719799708,DCAF7
92154,0.583272480701022,MTSS2
7699,0.583272480701022,ZNF140
148266,0.583194241602337,ZNF569
9213,0.583142082203213,XPR1
3137,0.583089922804089,HLA-J
93166,0.583011683705404,PRDM6
81846,0.583011683705404,SBF2
51100,0.582907364907156,SH3GLB1
1584,0.582907364907156,CYP11B1
401052,0.582829125808471,NA
6688,0.582776966409347,SPI1
22865,0.582724807010223,SLITRK3
256356,0.582672647611099,GK5
79960,0.582594408512414,JADE1
8501,0.582594408512414,SLC43A1
66002,0.582490089714166,CYP4F12
51010,0.582490089714166,EXOSC3
51319,0.582359691216357,RSRC1
27030,0.582359691216357,MLH3
9144,0.582359691216357,SYNGR2
11215,0.58225537241811,AKAP11
123096,0.582203213018986,SLC25A29
64756,0.582151053619862,ATPAF1
80143,0.582098894220739,SIKE1
5031,0.582046734821615,P2RY6
29088,0.581994575422491,MRPL15
54828,0.581942416023367,BCAS3
10344,0.581890256624244,CCL26
151534,0.581812017525558,LBX2-AS1
23271,0.581812017525558,CAMSAP2
284695,0.581733778426873,ZNF326
115290,0.581655539328187,FBXO17
29117,0.581655539328187,BRD7
79727,0.581525140830378,LIN28A
27141,0.581525140830378,CIDEB
3467,0.581525140830378,IFNW1
10211,0.58142082203213,FLOT1
23154,0.581368662633006,NCDN
79621,0.581316503233883,RNASEH2B
92912,0.581238264135197,UBE2Q2
2189,0.581238264135197,FANCG
22856,0.581160025036512,CHSY1
24145,0.581081785937826,PANX1
4838,0.581081785937826,NODAL
55802,0.580977467139579,DCP1A
8417,0.580977467139579,STX7
9489,0.580899228040893,PGS1
57343,0.580794909242646,ZNF304
3596,0.580794909242646,IL13
1119,0.580794909242646,CHKA
7030,0.580690590444398,TFE3
4055,0.580638431045274,LTBR
6579,0.580560191946589,SLCO1A2
3567,0.580560191946589,IL5
64240,0.580481952847903,ABCG5
3736,0.580429793448779,KCNA1
115749,0.580377634049656,C12orf56
57615,0.58029939495097,ZNF492
3568,0.58029939495097,IL5RA
140612,0.580195076152723,ZFP28
1039,0.580195076152723,CDR2
84266,0.580116837054037,ALKBH7
166815,0.580064677654913,TIGD2
401491,0.58001251825579,VLDLR-AS1
1997,0.579960358856666,ELF1
100505865,0.579908199457542,LINC00920
101927204,0.579829960358857,FAM111A-DT
253832,0.579829960358857,ZDHHC20
131870,0.579725641560609,NUDT16
9980,0.579725641560609,DOP1B
285548,0.5795952430628,LINC01096
25996,0.5795952430628,REXO2
291,0.5795952430628,SLC25A4
143379,0.579490924264553,C10orf82
131076,0.579438764865429,MIX23
5092,0.579386605466305,PCBD1
114885,0.579334446067181,OSBPL11
10861,0.579282286668058,SLC26A1
124923,0.579230127268934,RSKR
57403,0.57917796786981,RAB22A
8504,0.579125808470686,PEX3
10329,0.579073649071563,RXYLT1
388341,0.579021489672439,LRRC75A
162655,0.578917170874191,ZNF519
55870,0.578917170874191,ASH1L
6183,0.578917170874191,MRPS12
90411,0.578812852075944,MCFD2
22862,0.57876069267682,FNDC3A
26279,0.578708533277697,PLA2G2D
317761,0.578630294179011,C14orf39
151888,0.578630294179011,BTLA
100289410,0.578552055080325,MCF2L-AS1
631,0.578499895681202,BFSP1
7975,0.578447736282078,MAFK
79641,0.578369497183392,ROGDI
55293,0.578369497183392,UEVLD
284900,0.578291258084707,TTC28-AS1
84899,0.578239098685583,TMTC4
1360,0.578186939286459,CPB1
6529,0.578134779887336,SLC6A1
170960,0.578082620488212,ZNF721
57611,0.578030461089088,ISLR2
157739,0.577926142290841,TDH
119504,0.577926142290841,ANAPC16
90806,0.577926142290841,ANGEL2
57136,0.577821823492593,APMAP
10990,0.57776966409347,LILRB5
400410,0.57763926559566,ST20
285972,0.57763926559566,LINC00996
81929,0.57763926559566,SEH1L
2803,0.57763926559566,GOLGA4
25981,0.577508867097851,DNAH1
202915,0.577456707698727,TMEM184A
286151,0.577404548299604,FBXO43
100506233,0.577300229501356,RAB30-DT
729582,0.577300229501356,DIRC3
55718,0.577300229501356,POLR3E
100506779,0.577195910703109,TSPOAP1-AS1
84945,0.577143751303985,ABHD13
5537,0.577091591904861,PPP6C
26578,0.577013352806176,OSTF1
3795,0.577013352806176,KHK
5898,0.57693511370749,RALA
57096,0.576882954308366,RPGRIP1
81622,0.576830794909243,UNC93B1
93627,0.576778635510119,TBCK
374864,0.576674316711872,CCDC178
83692,0.576674316711872,CD99L2
53981,0.576674316711872,CPSF2
22798,0.576569997913624,LAMB4
375484,0.5765178385145,SIMC1
10682,0.576413519716253,EBP
6197,0.576413519716253,RPS6KA3
844,0.576413519716253,CASQ1
7799,0.576283121218444,PRDM2
5216,0.576283121218444,PFN1
200844,0.576152722720634,CFAP20DC
8702,0.576152722720634,B4GALT4
2569,0.576152722720634,GABRR1
159195,0.576022324222825,USP54
8975,0.576022324222825,USP13
60598,0.575918005424577,KCNK15
7090,0.575918005424577,TLE3
9500,0.575839766325892,MAGED1
57821,0.575735447527644,CCDC181
56681,0.575735447527644,SAR1A
896,0.575735447527644,CCND3
79651,0.575605049029835,RHBDF2
5257,0.575605049029835,PHKB
26225,0.57552680993115,ARL5A
4690,0.575474650532026,NCK1
159091,0.575422491132902,PABIR3
8913,0.575370331733778,CACNA1G
55858,0.575292092635093,TMEM165
10982,0.575292092635093,MAPRE2
55164,0.575187773836845,SHQ1
11124,0.575187773836845,FAF1
4728,0.575083455038598,NDUFS8
238,0.575083455038598,ALK
285761,0.57497913624035,DCBLD1
23186,0.57497913624035,RCOR1
56129,0.574900897141665,PCDHB7
11078,0.574848737742541,TRIOBP
7771,0.574770498643856,ZNF112
345,0.574770498643856,APOC3
283229,0.574614020446484,CRACR2B
83442,0.574614020446484,SH3BGRL3
80725,0.574614020446484,SRCIN1
23580,0.574614020446484,CDC42EP4
64170,0.574483621948675,CARD9
83903,0.574431462549551,HASPIN
149647,0.574379303150428,GARIN4
4752,0.574327143751304,NEK3
126272,0.57427498435218,EID2B
7409,0.574222824953057,VAV1
10734,0.574170665553933,STAG3
285368,0.574092426455247,PRRT3
10059,0.574092426455247,DNM1L
54328,0.573988107657,GPR173
10910,0.573988107657,SUGT1
9927,0.573909868558314,MFN2
57462,0.573831629459629,MYORG
9758,0.573831629459629,FRMPD4
254428,0.573701230961819,SLC41A1
84647,0.573701230961819,PLA2G12B
27042,0.573701230961819,UTP25
10383,0.573596912163572,TUBB4B
51209,0.573544752764448,RAB9B
150572,0.573492593365324,SMYD1
84623,0.573440433966201,KIRREL3
8153,0.573362194867515,RND2
7556,0.573362194867515,ZNF10
143282,0.57328395576883,FGFBP3
284029,0.573231796369706,LINC00324
4168,0.573179636970582,MCF2
57156,0.573101397871897,TMEM63C
5725,0.573101397871897,PTBP1
140809,0.573023158773211,SRXN1
7173,0.572944919674525,TPO
6936,0.572944919674525,GCFC2
285286,0.572840600876278,LINC00877
6549,0.572840600876278,SLC9A2
283212,0.572762361777592,KLHL35
26355,0.572710202378469,FAM162A
100134229,0.572658042979345,KDM7A-DT
80215,0.572579803880659,RUNX1-IT1
79912,0.572579803880659,PYROXD1
166979,0.572501564781974,CDC20B
196383,0.572397245983726,RILPL2
2694,0.572397245983726,CBLIF
29,0.572397245983726,ABR
29034,0.572266847485917,CPS1-IT1
26258,0.572266847485917,BLOC1S6
168374,0.572188608387231,ZNF92
153396,0.572110369288546,TMEM161B
5213,0.572110369288546,PFKM
23731,0.57203213018986,TMEM245
55033,0.571979970790736,FKBP14
3628,0.571927811391613,INPP1
26260,0.571849572292927,FBXO25
5509,0.571849572292927,PPP1R3D
643866,0.571771333194242,CBLN3
257218,0.571719173795118,SHPRH
89978,0.571667014395994,DPH6
345778,0.571588775297309,MTX3
27180,0.571588775297309,SIGLEC9
293,0.571484456499061,SLC25A6
43,0.571484456499061,ACHE
729438,0.571406217400376,CASTOR2
4716,0.571354058001252,NDUFB10
146956,0.571249739203004,EME1
54346,0.571249739203004,UNC93A
2676,0.571249739203004,GFRA3
10111,0.571145420404757,RAD50
2918,0.571093261005633,GRM8
9563,0.571041101606509,H6PD
100996385,0.570962862507824,LOC100996385
348110,0.570962862507824,ARPIN
51663,0.570884623409138,ZFR
64221,0.570832464010015,ROBO3
6512,0.570780304610891,SLC1A7
84172,0.570728145211767,POLR1B
27067,0.570675985812643,STAU2
92806,0.57062382641352,CENPBD1P
163590,0.570571667014396,TOR1AIP2
149708,0.570519507615272,WFDC5
24,0.570467348216149,ABCA4
284996,0.570389109117463,RNF149
27034,0.570389109117463,ACAD8
7727,0.570310870018777,ZNF174
374868,0.570232630920092,ATP9B
6487,0.570232630920092,ST3GAL3
8648,0.570154391821406,NCOA1
83734,0.570102232422283,ATG10
1203,0.570050073023159,CLN5
11322,0.569997913624035,TMC6
23788,0.569945754224911,MTCH2
6391,0.569893594825788,SDHC
60674,0.569841435426664,GAS5
653319,0.56978927602754,KIAA0895L
55856,0.569737116628416,ACOT13
22917,0.569658877529731,ZP1
9422,0.569658877529731,ZNF264
4504,0.569580638431045,MT3
84905,0.569476319632798,ZNF341
8439,0.569476319632798,NSMAF
6324,0.569476319632798,SCN1B
54434,0.569293761735865,SSH1
7439,0.569293761735865,BEST1
6898,0.569293761735865,TAT
6415,0.569293761735865,SELENOW
79603,0.569163363238055,CERS4
147040,0.569111203838932,KCTD11
93058,0.569032964740246,COQ10A
726,0.569032964740246,CAPN5
84457,0.568928645941999,PHYHIPL
84279,0.568928645941999,PRADC1
29982,0.568850406843313,NRBF2
162282,0.568798247444189,ANKFN1
55018,0.568746088045066,ANKRD40CL
728730,0.568693928645942,MAP4K3-DT
143684,0.568641769246818,FAM76B
25830,0.568589609847695,SULT4A1
100505933,0.568537450448571,ADD3-AS1
55737,0.568485291049447,VPS35
10266,0.568433131650323,RAMP2
403341,0.5683809722512,ZBTB34
79677,0.568328812852076,SMC6
284440,0.568172334654705,LINC00663
283869,0.568172334654705,NPW
84929,0.568172334654705,FIBCD1
54764,0.568172334654705,ZRANB1
23262,0.568172334654705,PPIP5K2
147429,0.568015856457334,AQP4-AS1
6821,0.56796369705821,SUOX
55835,0.567911537659086,CENPJ
414777,0.567833298560401,HCG18
4669,0.567833298560401,NAGLU
50640,0.567728979762153,PNPLA8
23151,0.567728979762153,GRAMD4
8933,0.567650740663468,RTL8C
80305,0.567494262466096,TRABD
79866,0.567494262466096,BORA
9792,0.567494262466096,SERTAD2
9762,0.567494262466096,LZTS3
5367,0.567494262466096,PMCH
3594,0.567311704569163,IL12RB1
51,0.567311704569163,ACOX1
339400,0.567233465470478,FLG-AS1
84734,0.567155226371792,FAM167B
64218,0.567155226371792,SEMA4A
10219,0.567076987273107,KLRG1
6198,0.567024827873983,RPS6KB1
6938,0.566972668474859,TCF12
221078,0.566868349676612,NSUN6
140679,0.566868349676612,SLC32A1
55092,0.566868349676612,TMEM51
101929344,0.566764030878364,LINC01198
133308,0.566659712080117,SLC9B2
54058,0.566659712080117,C21orf58
10314,0.566659712080117,LANCL1
58477,0.566555393281869,SRPRB
91147,0.566477154183184,TMEM67
27283,0.566477154183184,TINAG
768096,0.566372835384936,HAR1A
51377,0.566372835384936,UCHL5
84310,0.566294596286251,C7orf50
80122,0.566190277488003,MAP3K19
55037,0.566190277488003,PTCD3
7547,0.566190277488003,ZIC3
134728,0.566085958689756,IRAK1BP1
356,0.566033799290632,FASLG
5881,0.565981639891508,RAC3
55345,0.565929480492385,ZGRF1
9990,0.565825161694137,SLC12A6
9364,0.565825161694137,RAB28
4482,0.565825161694137,MSRA
162979,0.565694763196328,ZNF296
576,0.565694763196328,ADGRB2
80757,0.565616524097642,TMEM121
402665,0.565538284998957,IGLON5
1020,0.565538284998957,CDK5
79864,0.565460045900271,JHY
57459,0.565407886501147,GATAD2B
6302,0.565355727102024,TSPAN31
55146,0.565277488003338,ZDHHC4
27031,0.565277488003338,NPHP3
8930,0.565199248904653,MBD4
83447,0.565121009805967,SLC25A31
54923,0.565121009805967,LIME1
23077,0.565042770707281,MYCBP2
10645,0.564990611308158,CAMKK2
642587,0.564912372209472,MIR205HG
1654,0.564912372209472,DDX3X
3680,0.564834133110787,ITGA9
56882,0.564755894012101,CDC42SE1
5606,0.564755894012101,MAP2K3
104564224,0.564677654913415,LUNAR1
284654,0.564625495514292,RSPO1
55173,0.564547256415606,MRPS10
2329,0.564547256415606,FMO4
26275,0.564469017316921,HIBCH
136227,0.564416857917797,COL26A1
9992,0.564338618819111,KCNE2
495,0.564338618819111,ATP4A
26060,0.564260379720426,APPL1
23436,0.564208220321302,CELA3B
388591,0.564156060922178,RNF207
9960,0.564077821823493,USP3
6257,0.564077821823493,RXRB
101929450,0.563869184226998,LINC02099
245934,0.563869184226998,DEFB121
55312,0.563869184226998,RFK
10683,0.563869184226998,DLL3
5064,0.563869184226998,PALM
483,0.563869184226998,ATP1B3
57506,0.563660546630503,MAVS
54768,0.563660546630503,HYDIN
55080,0.563582307531817,TAPBPL
1192,0.563530148132694,CLIC1
54619,0.56347798873357,CCNJ
8790,0.563425829334446,FPGT
84767,0.563347590235761,TRIM51
58503,0.563347590235761,OPRPN
113277,0.563243271437513,TMEM106A
9333,0.563243271437513,TGM5
54851,0.563165032338827,ANKRD49
55212,0.563086793240142,BBS7
6928,0.563086793240142,HNF1B
57037,0.562982474441894,ANKMY2
3558,0.562982474441894,IL2
57643,0.562878155643647,ZSWIM5
7697,0.562878155643647,ZNF138
150368,0.562799916544961,PHETA2
101060091,0.562721677446276,ACTR3-AS1
219736,0.562721677446276,STOX1
5631,0.56264343834759,PRPS1
1582,0.562591278948466,CYP8B1
7791,0.562539119549343,ZYX
285672,0.562434800751095,SREK1IP1
79834,0.562434800751095,PEAK1
23181,0.562434800751095,DIP2A
10584,0.562304402253286,COLEC10
1121,0.562304402253286,CHM
155368,0.562226163154601,METTL27
140461,0.562147924055915,ASB8
9662,0.562147924055915,CEP135
266655,0.562069684957229,BRD3OS
643072,0.562017525558106,BAZ2B-AS1
100419583,0.56193928645942,LOC100419583
1479,0.56193928645942,CSTF3
81931,0.561861047360734,ZNF93
145788,0.561782808262049,PIERCE2
8087,0.561782808262049,FXR1
7084,0.561678489463801,TK2
808,0.561678489463801,CALM3
84340,0.561548090965992,GFM2
3362,0.561548090965992,HTR6
2334,0.561548090965992,AFF2
56033,0.561417692468183,BARX1
9362,0.561417692468183,CPNE6
79796,0.561287293970373,ALG9
51360,0.561287293970373,MBTPS2
10286,0.561287293970373,BCAS2
63967,0.561156895472564,CLSPN
4122,0.561156895472564,MAN2A2
10380,0.561078656373879,BPNT1
151790,0.561000417275193,WDR49
2125,0.561000417275193,EVPL
11218,0.560922178176507,DDX20
85476,0.560870018777384,GFM1
93,0.56081785937826,ACVR2B
56731,0.560765699979136,SLC2A4RG
94239,0.560687460880451,H2AZ2
22901,0.560687460880451,ARSG
6906,0.560557062382641,SERPINA7
1656,0.560557062382641,DDX6
406,0.560557062382641,ARNTL
23658,0.560452743584394,LSM5
151258,0.56040058418527,SLC38A11
1735,0.560348424786146,DIO3
158376,0.560296265387023,SPAAR
22911,0.560244105987899,WDR47
225,0.560191946588775,ABCD2
28957,0.560139787189652,MRPS28
441024,0.560087627790528,MTHFD2L
2781,0.560035468391404,GNAZ
112942,0.55998330899228,CFAP36
195827,0.559852910494471,PRXL2C
79982,0.559852910494471,DNAJB14
9266,0.559852910494471,CYTH2
5463,0.559852910494471,POU6F1
57795,0.559722511996662,BRINP2
166,0.559670352597538,TLE5
23389,0.559592113498853,MED13L
6632,0.559592113498853,SNRPD1
25798,0.559513874400167,BRI3
122553,0.559435635301481,TRAPPC6B
79006,0.559435635301481,METRN
57477,0.559331316503234,SHROOM4
8938,0.559331316503234,BAIAP3
7705,0.559253077404548,ZNF146
23268,0.559174838305863,DNMBP
10172,0.559174838305863,ZNF256
166863,0.559096599207177,RBM46
79135,0.559044439808053,APOO
55147,0.558966200709368,RBM23
10228,0.558966200709368,STX6
80319,0.55886188191112,CXXC4
57001,0.55886188191112,SDHAF3
221830,0.558705403713749,POLR1F
170622,0.558705403713749,COMMD6
81573,0.558705403713749,ANKRD13C
11061,0.558705403713749,CNMD
90990,0.558522845816816,KIFC2
79581,0.558522845816816,SLC52A2
25962,0.558522845816816,VIRMA
57639,0.558392447319007,CCDC146
9949,0.558392447319007,AMMECR1
151525,0.558314208220321,WDSUB1
79161,0.558235969121636,TMEM243
23279,0.558235969121636,NUP160
23560,0.55815773002295,GTPBP4
137735,0.558079490924265,ABRA
27316,0.558079490924265,RBMX
146540,0.558001251825579,ZNF785
100130933,0.557949092426455,SMIM6
10242,0.557896933027332,KCNMB2
401145,0.557818693928646,CCSER1
80129,0.557818693928646,CCDC170
9779,0.557714375130398,TBC1D5
7551,0.557714375130398,ZNF3
23030,0.557583976632589,KDM4B
9058,0.557583976632589,SLC13A2
4076,0.557583976632589,CAPRIN1
54442,0.55745357813478,KCTD5
833,0.55745357813478,CARS1
123263,0.557349259336532,MTFMT
55056,0.557349259336532,GABPB1-IT1
114836,0.557271020237847,SLAMF6
4322,0.557218860838723,MMP13
201163,0.557166701439599,FLCN
7132,0.557114542040476,TNFRSF1A
201176,0.557062382641352,ARHGAP27
199720,0.557010223242228,GGN
54503,0.556958063843105,ZDHHC13
51397,0.556905904443981,COMMD10
11236,0.556853745044857,RNF139
64793,0.556775505946172,CEP85
3652,0.556775505946172,IPP
6483,0.556671187147924,ST3GAL2
5238,0.556671187147924,PGM3
27159,0.556566868349677,CHIA
2665,0.556566868349677,GDI2
166379,0.556462549551429,BBS12
41,0.556462549551429,ASIC1
202243,0.556358230753182,CCDC125
26074,0.556358230753182,CFAP61
79872,0.556279991654496,CBLL1
255031,0.556227832255372,LINC00957
340206,0.556149593156687,TREML3P
1258,0.556149593156687,CNGB1
4077,0.556045274358439,NBR1
379,0.556045274358439,ARL4D
55609,0.555967035259754,ZNF280C
5910,0.55591487586063,RAP1GDS1
133022,0.555836636761945,TRAM1L1
25850,0.555836636761945,ZNF345
9994,0.555758397663259,CASP8AP2
60526,0.555706238264135,LDAH
51534,0.555654078865012,VTA1
405753,0.555575839766326,DUOXA2
80714,0.555575839766326,PBX4
283149,0.55549760066764,BCL9L
10212,0.555445441268517,DDX39A
1265,0.555393281869393,CNN2
339761,0.555315042770707,CYP27C1
8858,0.555315042770707,PROZ
56904,0.55521072397246,SH3GLB2
6510,0.55521072397246,SLC1A5
253018,0.555132484873774,HCG27
56311,0.555080325474651,ANKRD7
145438,0.555028166075527,FRMD6-AS1
196500,0.554949926976841,PIANP
25879,0.554949926976841,DCAF13
57662,0.554819528479032,CAMSAP3
11135,0.554819528479032,CDC42EP1
6670,0.554819528479032,SP3
9267,0.554689129981223,CYTH1
2132,0.554689129981223,EXT2
4056,0.554610890882537,LTC4S
64895,0.554558731483413,PAPOLG
9020,0.55450657208429,MAP3K14
54716,0.554428332985604,SLC6A20
54534,0.554428332985604,MRPL50
6671,0.554350093886918,SP4
11033,0.554297934487795,ADAP1
340351,0.554245775088671,AGBL3
9604,0.554193615689547,RNF14
60482,0.554141456290424,SLC5A7
7428,0.554063217191738,VHL
475,0.554063217191738,ATOX1
55851,0.553984978093052,PSENEN
6643,0.553932818693929,SNX2
9970,0.553880659294805,NR1I3
63920,0.553750260796996,ZBED8
9445,0.553750260796996,ITM2B
2155,0.553750260796996,F7
313,0.553750260796996,AOAH
285513,0.553593782599624,GPRIN3
84300,0.553593782599624,UQCC2
4846,0.553515543500939,NOS3
5422,0.553463384101815,POLA1
51068,0.553411224702691,NMD3
54914,0.553359065303568,FOCAD
5533,0.553306905904444,PPP3CC
79841,0.55325474650532,AGBL2
9439,0.553202587106197,MED23
1581,0.553150427707073,CYP7A1
440028,0.553072188608387,LINC02709
89781,0.553072188608387,HPS4
57824,0.55296786981014,HMHB1
9911,0.55296786981014,TMCC2
100131827,0.552863551011892,ZNF717
7562,0.552863551011892,ZNF708
84448,0.552759232213645,ABLIM2
83953,0.552759232213645,FCAMR
79415,0.552654913415397,CYBC1
775,0.552654913415397,CACNA1C
60494,0.55255059461715,CCDC81
732,0.55255059461715,C8B
11162,0.552446275818903,NUDT6
1781,0.552446275818903,DYNC1I2
100507487,0.552289797621531,LINC02615
79012,0.552289797621531,CAMKV
53834,0.552289797621531,FGFRL1
3298,0.552289797621531,HSF2
122769,0.552107239724598,LRR1
55667,0.552107239724598,DENND4C
55282,0.552107239724598,LRRC36
115817,0.551976841226789,DHRS1
3385,0.551976841226789,ICAM3
221756,0.55184644272898,SERPINB9P1
55844,0.55184644272898,PPP2R2D
23148,0.55184644272898,NACAD
2773,0.551742123930732,GNAI3
101928896,0.551689964531609,LOC101928896
10093,0.551637805132485,ARPC4
11136,0.551585645733361,SLC7A9
401397,0.551507406634676,SMIM30
23270,0.551507406634676,TSPYL4
10282,0.55142916753599,BET1
401466,0.551350928437304,RBIS
90355,0.551350928437304,MACIR
9951,0.551246609639057,HS3ST4
2553,0.551246609639057,GABPB1
100507412,0.551168370540371,LOC100507412
55096,0.551116211141248,EBLN2
84134,0.551037972042562,TOMM40L
80381,0.551037972042562,CD276
64288,0.550959732943876,ZSCAN31
211,0.550907573544753,ALAS1
100288152,0.550829334446067,SLC9A3-AS1
158880,0.550829334446067,USP51
80351,0.55072501564782,TNKS2
30837,0.55072501564782,SOCS7
404093,0.550646776549134,CUEDC1
84961,0.550568537450449,FBXL20
26953,0.550568537450449,RANBP6
79634,0.550490298351763,SCRN3
650655,0.550438138952639,ABCA17P
7873,0.550385979553516,MANF
128338,0.55030774045483,DRAM2
84886,0.55030774045483,C1orf198
81844,0.550229501356144,TRIM56
55194,0.550125182557897,EVA1B
4522,0.550125182557897,MTHFD1
403,0.550125182557897,ARL3
407032,0.549942624660964,MIR30C2
84146,0.549942624660964,ZNF644
79750,0.549942624660964,ZNF385D
10193,0.549942624660964,RNF41
51537,0.549786146463593,MTFP1
2736,0.549786146463593,GLI2
153129,0.549681827665345,SLC38A9
8658,0.549681827665345,TNKS
54665,0.549577508867098,RSBN1
8493,0.549577508867098,PPM1D
4343,0.54947319006885,MOV10
2686,0.54947319006885,GGT7
54989,0.549368871270603,ZNF770
7334,0.549368871270603,UBE2N
729234,0.549264552472356,FAHD2CP
56650,0.549264552472356,CLDND1
9318,0.54918631337367,COPS2
55207,0.549134153974546,ARL8B
134,0.549081994575423,ADORA1
57707,0.549029835176299,MEAK7
55848,0.548951596077613,PLGRKT
2049,0.548951596077613,EPHB3
55031,0.548821197579804,USP47
29072,0.548821197579804,SETD2
27231,0.548821197579804,NMRK2
252884,0.548690799081995,ZNF396
23218,0.548690799081995,NBEAL2
150350,0.548612559983309,ENTHD1
124565,0.548560400584185,SLC38A10
114823,0.5484821614855,LENG8
2165,0.5484821614855,F13B
266553,0.548403922386814,OFCC1
91137,0.548325683288128,SLC25A46
84000,0.548325683288128,TMPRSS13
283463,0.548247444189443,MUC19
122481,0.548195284790319,AK7
100506108,0.548117045691634,SIX3-AS1
390205,0.548117045691634,LRRC10B
54437,0.548038806592948,SEMA5B
79101,0.547934487794701,TAF1D
10484,0.547934487794701,SEC23A
5867,0.547934487794701,RAB4A
145173,0.547830168996453,B3GLCT
113235,0.547751929897768,SLC46A1
64710,0.547751929897768,NUCKS1
114792,0.547673690799082,KLHL32
10464,0.547621531399958,PIBF1
222553,0.547569372000835,SLC35F1
123606,0.547517212601711,NIPA1
6609,0.547465053202587,SMPD1
26263,0.547412893803463,FBXO22
117581,0.547334654704778,TWIST2
6799,0.547334654704778,SULT1A2
84619,0.54723033590653,ZGPAT
11251,0.54723033590653,PTGDR2
57693,0.547152096807845,ZNF317
4059,0.547099937408721,BCAM
4299,0.547047778009597,AFF1
166785,0.546995618610474,MMAA
3658,0.54694345921135,IREB2
10536,0.546839140413102,P3H3
7586,0.546839140413102,ZKSCAN1
5781,0.546839140413102,PTPN11
55854,0.546734821614855,ZC3H15
80006,0.546682662215731,TRAPPC13
266917,0.546578343417484,D21S2088E
157680,0.546578343417484,VPS13B
23313,0.546578343417484,KIAA0930
148479,0.546474024619236,PHF13
101929224,0.546421865220113,DDX59-AS1
285848,0.546369705820989,PNPLA1
10077,0.546317546421865,TSPAN32
26503,0.546265387022742,SLC17A5
116236,0.546134988524932,ABHD15
83597,0.546134988524932,RTP3
10058,0.546134988524932,ABCB6
7444,0.546134988524932,VRK2
8218,0.546004590027123,CLTCL1
256957,0.545952430627999,HEATR9
254251,0.545900271228875,LCORL
55130,0.54582203213019,ODAD2
10538,0.54582203213019,BATF
100506421,0.545717713331942,PANTR1
55364,0.545717713331942,IMPACT
400618,0.545639474233257,SOX9-AS1
55127,0.545587314834133,HEATR1
4735,0.545535155435009,SEPTIN2
54986,0.545482996035886,ULK4
23240,0.545430836636762,TMEM131L
93474,0.545378677237638,ZNF670
3293,0.545326517838514,HSD17B3
2523,0.545274358439391,FUT1
9057,0.545222199040267,SLC7A6
80017,0.54511788024202,DGLUCY
10479,0.54511788024202,SLC9A6
7110,0.54511788024202,TMF1
171392,0.54498748174421,ZNF675
2872,0.54498748174421,MKNK2
80119,0.544883162945963,PIF1
57692,0.544883162945963,MAGEE1
3275,0.544804923847277,PRMT2
440275,0.544752764448154,EIF2AK4
9474,0.54470060504903,ATG5
93183,0.544622365950344,PIGM
9506,0.544622365950344,PAGE4
64343,0.544544126851659,AZI2
6767,0.544491967452535,ST13
221710,0.544387648654287,SMIM13
80012,0.544387648654287,PHC3
23597,0.544387648654287,ACOT9
1105,0.54428332985604,CHD1
104472717,0.544231170456916,LINC01224
3232,0.544179011057793,HOXD3
259283,0.544100771959107,MDS2
7485,0.544100771959107,GET1
57089,0.544022532860421,ENTPD7
51380,0.543970373461298,CSAD
84627,0.543892134362612,ZNF469
29087,0.543892134362612,THYN1
79109,0.543761735864803,MAPKAP1
23283,0.543761735864803,CSTF2T
3074,0.543761735864803,HEXB
93129,0.543605257667432,ORAI3
6710,0.543605257667432,SPTB
3998,0.543605257667432,LMAN1
83854,0.543500938869184,ANGPTL6
92691,0.543448779470061,TMEM169
5476,0.543396620070937,CTSA
92092,0.543344460671813,ZC3HAV1L
389906,0.543266221573127,LOC389906
114044,0.543266221573127,MCM3AP-AS1
148,0.543187982474442,ADRA1A
26007,0.543135823075318,TKFC
132884,0.543083663676194,EVC2
55692,0.543005424577509,LUC7L
55629,0.543005424577509,PNRC2
3990,0.542927185478823,LIPC
51257,0.542796786981014,MARCHF2
51175,0.542796786981014,TUBE1
25884,0.542796786981014,CHRDL2
9069,0.542796786981014,CLDN12
57515,0.542666388483205,SERINC1
100506696,0.542588149384519,PCAT6
8856,0.542588149384519,NR1I2
10440,0.542509910285834,TIMM17A
93377,0.54245775088671,OPALIN
348751,0.542379511788024,FTCDNL1
8739,0.542379511788024,HRK
50652,0.542301272689339,PCA3
23451,0.542249113290215,SF3B1
5050,0.542196953891091,PAFAH1B3
22931,0.542144794491968,RAB18
56985,0.542066555393282,ADPRM
8775,0.542066555393282,NAPA
52,0.541988316294596,ACP1
150737,0.541910077195911,TTC30B
11020,0.541910077195911,IFT27
201931,0.541779678698101,TMEM192
201191,0.541779678698101,SAMD14
10737,0.541779678698101,RFPL3S
9184,0.541675359899854,BUB3
522,0.54162320050073,ATP5PF
51132,0.541571041101606,RLIM
26038,0.541518881702483,CHD5
11325,0.541440642603797,DDX42
4990,0.541440642603797,SIX6
51306,0.54133632380555,FAM13B
10633,0.54133632380555,RASL10A
80010,0.541258084706864,RMI1
84253,0.54120592530774,GARNL3
57695,0.541101606509493,USP37
5903,0.541101606509493,RANBP2
4608,0.541101606509493,MYBPH
51141,0.540997287711246,INSIG2
56946,0.540945128312122,EMSY
56980,0.540892968912998,PRDM10
5351,0.540840809513874,PLOD1
157574,0.540762570415189,FBXO16
55700,0.540762570415189,MAP7D1
4037,0.540684331316503,LRP3
55322,0.540606092217818,C5orf22
6103,0.540606092217818,RPGR
26238,0.54050177341957,LINC01558
10786,0.54050177341957,SLC17A3
57489,0.540423534320885,ODF2L
27327,0.540345295222199,TNRC6A
23078,0.540345295222199,VWA8
28966,0.540267056123513,SNX24
100506783,0.540162737325266,HOXD-AS2
22924,0.540162737325266,MAPRE3
10527,0.540162737325266,IPO7
6421,0.540058418527019,SFPQ
79705,0.540006259127895,LRRK1
440073,0.539928020029209,IQSEC3
8985,0.539928020029209,PLOD3
57189,0.539823701230962,DENND11
11116,0.539823701230962,CEP43
64579,0.539719382432714,NDST4
8453,0.539719382432714,CUL2
493812,0.539615063634467,HCG11
84132,0.539615063634467,USP42
386758,0.53951074483622,ZNF582-DT
84795,0.53951074483622,PYROXD2
132160,0.539432505737534,PPM1M
84912,0.539328186939286,SLC35B4
25896,0.539328186939286,INTS7
7580,0.539328186939286,ZNF32
124,0.539223868141039,ADH1A
441061,0.539171708741915,MARCHF11
252839,0.53909346964323,TMEM9
5444,0.53909346964323,PON1
79828,0.53896307114542,METTL8
55902,0.53896307114542,ACSS2
23566,0.53896307114542,LPAR3
100506392,0.538806592948049,SLC16A1-AS1
152006,0.538806592948049,RNF38
149840,0.538806592948049,SHLD1
285512,0.538650114750678,FAM13A-AS1
51668,0.538650114750678,HSPB11
2350,0.538650114750678,FOLR2
84064,0.538545795952431,HDHD2
150372,0.538493636553307,NFAM1
6635,0.538441477154183,SNRPE
23476,0.538363238055498,BRD4
5717,0.538363238055498,PSMD11
5281,0.538284998956812,PIGF
283403,0.538206759858126,LINC02874
51005,0.538206759858126,AMDHD2
54982,0.538128520759441,CLN6
27241,0.538076361360317,BBS9
375444,0.538024201961193,C5orf34
143471,0.53797204256207,PSMA8
6759,0.537919883162946,SSX4
9187,0.537867723763822,SLC24A1
80746,0.537789484665137,TSEN2
10525,0.537789484665137,HYOU1
100128927,0.537711245566451,ZBTB42
353132,0.537580847068642,LCE1B
29098,0.537580847068642,RANGRF
26330,0.537580847068642,GAPDHS
23076,0.537580847068642,RRP1B
284111,0.537372209472147,SLC13A5
257062,0.537372209472147,CATSPERD
92285,0.537372209472147,ZNF585B
23287,0.537372209472147,AGTPBP1
81888,0.537215731274776,HYI
56655,0.537215731274776,POLE4
10954,0.537111412476528,PDIA5
6866,0.537111412476528,TAC3
55102,0.537033173377843,ATG2B
54496,0.536981013978719,PRMT7
6195,0.536928854579595,RPS6KA1
79780,0.536876695180472,CCDC82
57492,0.536824535781348,ARID1B
89958,0.536772376382224,SAPCD2
84650,0.5367202169831,EBPL
55793,0.536668057583977,MINDY1
84836,0.536615898184853,ABHD14B
145853,0.536563738785729,C15orf61
285154,0.536459419987482,CYP1B1-AS1
83896,0.536459419987482,KRTAP3-1
23612,0.536459419987482,PHLDA3
552889,0.536355101189234,ATXN7L3B
145873,0.536276862090549,MESP2
79778,0.536276862090549,MICALL2
54965,0.536198622991863,PIGX
102723775,0.536068224494054,LINC01315
139628,0.536068224494054,FOXR2
51373,0.536068224494054,MRPS17
1106,0.536068224494054,CHD2
163732,0.535937825996245,CITED4
344405,0.535833507197997,PRORSD1P
27128,0.535833507197997,CYTH4
9125,0.535833507197997,CNOT9
1109,0.53572918839975,AKR1C4
152,0.535677029000626,ADRA2C
540,0.535624869601502,ATP7B
3840,0.535572710202379,KPNA4
143884,0.535494471103693,CWF19L2
57679,0.535494471103693,ALS2
7716,0.535416232005007,VEZF1
440503,0.535364072605884,PLIN5
579,0.53531191320676,NKX3-2
26135,0.535207594408512,SERBP1
26099,0.535207594408512,SZRD1
22894,0.535207594408512,DIS3
599,0.535103275610265,BCL2L2
387895,0.535051116211141,LINC00944
63929,0.534998956812017,XPNPEP3
80095,0.534946797412894,ZNF606
51444,0.53489463801377,RNF138
51095,0.534842478614646,TRNT1
134218,0.534790319215523,DNAJC21
57670,0.534712080116837,KIAA1549
6897,0.534712080116837,TARS1
9538,0.534633841018151,EI24
375346,0.534581681619028,STIMATE
23047,0.534529522219904,PDS5B
148014,0.534451283121218,TTC9B
84804,0.534451283121218,MFSD9
60677,0.534373044022533,CELF6
6253,0.534320884623409,RTN2
205251,0.534216565825162,MTLN
9188,0.534216565825162,DDX21
8883,0.534216565825162,NAE1
167838,0.534086167327352,TXLNB
79092,0.534086167327352,CARD14
102724316,0.533955768829543,SVIL-AS1
57414,0.533955768829543,RHBDD2
22838,0.533955768829543,RNF44
64506,0.533851450031296,CPEB1
5813,0.533799290632172,PURA
3077,0.533747131233048,HFE
84343,0.533668892134363,HPS3
8226,0.533668892134363,PUDP
57504,0.533538493636553,MTA3
9631,0.533538493636553,NUP155
7532,0.533538493636553,YWHAG
64792,0.533382015439182,IFT22
5912,0.533382015439182,RAP2B
5745,0.533382015439182,PTH1R
29922,0.533277696640935,NME7
85413,0.533225537241811,SLC22A16
100132815,0.533173377842687,IPO5P1
100505576,0.533121218443564,LINC00672
10591,0.533016899645316,DNPH1
8420,0.533016899645316,SNHG3
1385,0.533016899645316,CREB1
2556,0.532912580847069,GABRA3
9542,0.532860421447945,NRG2
55237,0.532808262048821,VRTN
345462,0.532730022950136,ZNF879
11147,0.532730022950136,HHLA3
130355,0.532599624452326,C2orf76
51027,0.532599624452326,BOLA1
5170,0.532599624452326,PDPK1
729083,0.532443146254955,CCDC13-AS2
326625,0.532443146254955,MMAB
55300,0.532443146254955,PI4K2B
157753,0.532286668057584,TMEM74
9922,0.532286668057584,IQSEC1
6588,0.532286668057584,SLN
79174,0.532156269559775,CRELD2
708,0.532156269559775,C1QBP
84915,0.532025871061965,FAM222A
7840,0.532025871061965,ALMS1
1727,0.532025871061965,CYB5R3
148229,0.531895472564156,ATP8B3
27254,0.531895472564156,CSDC2
728081,0.531765074066347,LINC00290
26521,0.531765074066347,TIMM8B
5097,0.531765074066347,PCDH1
79699,0.531660755268099,ZYG11B
158809,0.531608595868976,MAGEB6
7381,0.531556436469852,UQCRB
84467,0.531504277070728,FBN3
51347,0.531452117671604,TAOK3
170506,0.531347798873357,DHX36
64147,0.531347798873357,KIF9
2159,0.531347798873357,F10
55914,0.531165240976424,ERBIN
27068,0.531165240976424,PPA2
10017,0.531165240976424,BCL2L10
7776,0.531165240976424,ZNF236
79015,0.531034842478615,LINC01260
347475,0.530956603379929,CCDC160
25861,0.530956603379929,WHRN
126731,0.530878364281243,CCSAP
64129,0.53082620488212,TINAGL1
388630,0.530774045482996,TRABD2B
9821,0.53069580638431,RB1CC1
1629,0.53069580638431,DBT
57192,0.530565407886501,MCOLN1
51714,0.530565407886501,SELENOT
362,0.530565407886501,AQP5
51471,0.530435009388692,NAT8B
5864,0.530435009388692,RAB3A
401551,0.530278531191321,WDR38
9048,0.530278531191321,ARTN
5520,0.530278531191321,PPP2R2A
4647,0.530278531191321,MYO7A
148753,0.53012205299395,FAM163A
5464,0.53012205299395,PPA1
146760,0.530017734195702,RTN4RL1
63931,0.530017734195702,MRPS14
10362,0.529939495097016,HMG20B
85320,0.529861255998331,ABCC11
65061,0.529861255998331,CDK15
55610,0.529783016899645,VPS50
10136,0.529730857500522,CELA3A
731,0.529678698101398,C8A
5345,0.529600459002712,SERPINF2
473,0.529600459002712,RERE
404216,0.529522219904027,LINC01561
729678,0.529470060504903,LINC00847
53918,0.529417901105779,PELO
29883,0.529365741706656,CNOT7
643314,0.529313582307532,NA
51433,0.529261422908408,ANAPC5
23429,0.529209263509284,RYBP
23177,0.529131024410599,CEP68
4591,0.529131024410599,TRIM37
50511,0.529026705612351,SYCP3
9690,0.529026705612351,UBE3C
23548,0.528948466513666,TTC33
79874,0.528896307114542,RABEP2
170394,0.528818068015857,PWWP2B
9026,0.528818068015857,HIP1R
2899,0.528739828917171,GRIK3
121599,0.528687669518047,SPIC
352954,0.528609430419362,CASTOR3
116986,0.528609430419362,AGAP2
1777,0.528531191320676,DNASE2
9569,0.528479031921552,GTF2IRD1
55277,0.528400792822867,FGGY
8342,0.528400792822867,H2BC14
55122,0.528296474024619,AKIRIN2
4641,0.528296474024619,MYO1C
157922,0.528192155226372,CAMSAP1
6464,0.528192155226372,SHC1
151188,0.528061756728562,ARL6IP6
8348,0.528061756728562,H2BC17
1499,0.528061756728562,CTNNB1
80774,0.527905278531191,LIMD2
51706,0.527905278531191,CYB5R1
3221,0.527905278531191,HOXC4
171023,0.527722720634258,ASXL1
9425,0.527722720634258,CDYL
6300,0.527722720634258,MAPK12
5982,0.527722720634258,RFC2
3608,0.527592322136449,ILF2
101927811,0.527540162737325,ITGB8-AS1
5023,0.527488003338202,P2RX1
125981,0.527357604840392,ACER1
89944,0.527357604840392,GLB1L2
11317,0.527357604840392,RBPJL
835,0.527357604840392,CASP2
4253,0.527227206342583,MIA2
373861,0.527148967243897,H1-9P
2315,0.527148967243897,MLANA
64418,0.527070728145212,TMEM168
339290,0.526966409346964,LINC00667
284723,0.526966409346964,SLC25A34
120227,0.526966409346964,CYP2R1
145864,0.526836010849155,HAPLN3
9745,0.526836010849155,ZNF536
54954,0.526757771750469,FAM120C
285084,0.526679532651784,LINC01305
6539,0.526679532651784,SLC6A12
84458,0.526575213853536,LCOR
57186,0.526575213853536,RALGAPA2
90233,0.526496974754851,ZNF551
29118,0.526444815355727,DDX25
134492,0.526366576257042,NUDCD2
7337,0.526366576257042,UBE3A
7625,0.526288337158356,ZNF74
54993,0.526236177759232,ZSCAN2
5599,0.526184018360109,MAPK8
90417,0.526131858960985,KNSTRN
377,0.526079699561861,ARF3
65243,0.526001460463175,ZFP69B
2675,0.526001460463175,GFRA2
285550,0.52592322136449,FAM200B
79622,0.525844982265804,SNRNP25
6557,0.525844982265804,SLC12A1
100507389,0.525740663467557,LOC100507389
6472,0.525740663467557,SHMT2
100505483,0.525610264969747,PRKAG2-AS1
400506,0.525610264969747,KNOP1
84196,0.525610264969747,USP48
23786,0.525479866471938,BCL2L13
5479,0.525479866471938,PPIB
64430,0.525401627373253,PCNX4
4143,0.525349467974129,MAT1A
7728,0.525297308575005,ZNF175
56131,0.525245149175881,PCDHB4
152815,0.525140830377634,THAP6
10935,0.525140830377634,PRDX3
1212,0.525140830377634,CLTB
4287,0.525036511579387,ATXN3
8208,0.524958272480701,CHAF1B
8030,0.524958272480701,CCDC6
154214,0.524853953682454,RNF217
7372,0.524853953682454,UMPS
101928710,0.524775714583768,SCAT1
84973,0.524723555184644,SNHG7
259236,0.524671395785521,TMIE
115584,0.524540997287711,SLC5A11
5905,0.524540997287711,RANGAP1
4047,0.524540997287711,LSS
2793,0.524540997287711,GNGT2
340895,0.524332359691216,MALRD1
85407,0.524332359691216,NKD1
23071,0.524332359691216,ERP44
5887,0.524332359691216,RAD23B
54820,0.524123722094721,NDE1
25978,0.524123722094721,CHMP2B
6238,0.524123722094721,RRBP1
2584,0.524123722094721,GALK1
84324,0.523993323596912,SARNP
6119,0.523941164197788,RPA3
158248,0.523836845399541,TTC16
79663,0.523836845399541,HSPBAP1
8786,0.523836845399541,RGS11
89782,0.52368036720217,LMLN
7181,0.52368036720217,NR2C1
3359,0.52368036720217,HTR3A
80758,0.523576048403922,PRR7
283991,0.523523889004799,UBALD2
7775,0.523471729605675,ZNF232
345630,0.523341331107866,FBLL1
84306,0.523341331107866,PDCD2L
57545,0.523341331107866,CC2D2A
4216,0.523341331107866,MAP3K4
23174,0.523210932610056,ZCCHC14
145282,0.523132693511371,MIPOL1
51522,0.523132693511371,TMEM14C
91,0.523054454412685,ACVR1B
114898,0.522950135614438,C1QTNF2
3096,0.522950135614438,HIVEP1
818,0.522950135614438,CAMK2G
25842,0.52284581681619,ASF1A
55787,0.522767577717505,TXLNG
2186,0.522767577717505,BPTF
26061,0.522689338618819,HACL1
54815,0.522637179219695,GATAD2A
113246,0.52255894012101,C12orf57
54212,0.52255894012101,SNTG1
91703,0.522480701022324,ACY3
260425,0.522428541623201,MAGI3
149420,0.522350302524515,PDIK1L
56886,0.522350302524515,UGGT1
400709,0.522272063425829,SIGLEC16
9847,0.522219904026706,C2CD5
64220,0.522167744627582,STRA6
55005,0.522115585228458,RMND1
5451,0.522063425829334,POU2F1
89777,0.522011266430211,SERPINB12
400456,0.521933027331525,LETR1
3440,0.521933027331525,IFNA2
56906,0.521802628833716,THAP10
29085,0.521802628833716,PHPT1
8220,0.521802628833716,ESS2
27161,0.521698310035468,AGO2
482,0.521646150636345,ATP1B2
54737,0.521593991237221,MPHOSPH8
28985,0.521515752138535,MCTS1
4771,0.521515752138535,NF2
59348,0.521411433340288,ZNF350
6122,0.521411433340288,RPL3
9107,0.521333194241602,MTMR6
3326,0.521281034842479,HSP90AB1
51020,0.52122887544335506,HDDC2
85455,0.521176716044231,DISP2
23216,0.521098476945546,TBC1D1
6419,0.521098476945546,SETMAR
23185,0.52102023784686,LARP4B
84939,0.520941998748174,PWWP3A
3732,0.520941998748174,CD82
132946,0.52086375964948906,ARL9
51742,0.520811600250365,ARID4B
5009,0.520759440851241,OTC
7410,0.520707281452118,VAV2
64853,0.520655122052994,AIDA
143425,0.52060296265387,SYT9
200010,0.520550803254746,SLC5A9
51167,0.520472564156061,CYB5R4
10888,0.520472564156061,GPR83
84307,0.520368245357813,ZNF397
28969,0.520368245357813,BZW2
80818,0.520290006259128,ZNF436
705,0.520237846860004,BYSL
10394,0.52018568746088,PRG3
7014,0.52013352806175694,TERF2
81603,0.520081368662633,TRIM8
27233,0.519977049864386,SULT1C4
8440,0.519977049864386,NCK2
2563,0.519977049864386,GABRD
57120,0.519872731066138,GOPC
3981,0.519794491967453,LIG4
2792,0.519794491967453,GNGT1
101927416,0.519690173169205,SRGAP3-AS2
50489,0.519690173169205,CD207
149371,0.51961193407052,EXOC8
158586,0.519559774671396,ZXDB
9132,0.519507615272272,KCNQ4
9367,0.519455455873148,RAB9A
134637,0.519298977675777,ADAT2
84816,0.519298977675777,RTN4IP1
64282,0.519298977675777,TENT4B
57613,0.519298977675777,FAM234B
1981,0.519298977675777,EIF4G1
282973,0.519116419778844,JAKMIP3
5575,0.519116419778844,PRKAR1B
27077,0.519012100980597,B9D1
5754,0.519012100980597,PTK7
10550,0.518933861881911,ARL6IP5
253143,0.518881702482787,PRR14L
9901,0.518803463384102,SRGAP3
8452,0.518803463384102,CUL3
9064,0.518699144585854,MAP3K6
5934,0.518699144585854,RBL2
154743,0.518568746088045,BMT2
51371,0.518568746088045,POMP
2821,0.518568746088045,GPI
388585,0.518438347590236,HES5
51450,0.518438347590236,PRRX2
84502,0.51836010849155,JPH4
8532,0.518307949092427,CPZ
401124,0.518229709993741,DTHD1
145376,0.518229709993741,PPP1R36
91050,0.518125391195493,CCDC149
6683,0.518125391195493,SPAST
113622,0.518021072397246,ADPRHL1
54839,0.518021072397246,LRRC49
51026,0.51794283329856,GOLT1B
55347,0.517890673899437,ABHD10
9857,0.517838514500313,CEP350
84061,0.517786355101189,MAGT1
200132,0.517708116002504,DYNLT5
55749,0.517708116002504,CCAR1
6734,0.517603797204256,SRPRA
3563,0.517603797204256,IL3RA
8647,0.517525558105571,ABCB11
150465,0.517447319006885,TTL
93426,0.517447319006885,SYCE1
84187,0.517369079908199,TMEM164
139231,0.517264761109952,FAM199X
5624,0.517264761109952,PROC
3208,0.517264761109952,HPCA
79156,0.517108282912581,PLEKHF1
9721,0.517108282912581,GPRIN2
4799,0.517108282912581,NFX1
114821,0.516977884414772,ZBED9
815,0.516977884414772,CAMK2A
51605,0.516873565616524,TRMT6
943,0.516873565616524,TNFRSF8
90407,0.516795326517839,TMEM41A
115273,0.516717087419153,RAB42
84520,0.516717087419153,GON7
93622,0.516612768620905,LOC93622
84687,0.516612768620905,PPP1R9B
403313,0.516508449822658,PLPP6
199964,0.516508449822658,TMEM61
84916,0.516430210723972,UTP4
84225,0.516299812226163,ZMYND15
55837,0.516299812226163,EAPP
23130,0.516299812226163,ATG2A
7673,0.516299812226163,ZNF222
167691,0.516169413728354,LCA5
389073,0.51611725432923,C2orf80
101928370,0.516012935530983,S1PR1-DT
100129461,0.516012935530983,LYRM4-AS1
6731,0.516012935530983,SRP72
57563,0.515882537033173,KLHL8
4703,0.515882537033173,NEB
100506860,0.515778218234926,LINC00513
8760,0.515778218234926,CDS2
64072,0.515673899436679,CDH23
8139,0.515673899436679,GAN
10736,0.515595660337993,SIX2
56255,0.515517421239307,TMX4
51611,0.515517421239307,DPH5
4289,0.515439182140622,MKLN1
84135,0.515387022741498,UTP15
1810,0.515334863342374,DR1
4967,0.515282703943251,OGDH
10493,0.515230544544127,VAT1
89891,0.515178385145003,DYNC2I2
8725,0.515126225745879,URI1
10608,0.515074066346756,MXD4
51385,0.51499582724807,ZNF589
676,0.51499582724807,BRDT
3859,0.514917588149384,KRT12
56654,0.514865428750261,NPDC1
55573,0.514813269351137,CDV3
4780,0.514761109952013,NFE2L2
1768,0.51470895055289,DNAH6
11219,0.514656791153766,TREX2
258,0.514604631754642,AMBN
6360,0.514552472355518,CCL16
790952,0.514500312956395,ESRG
197135,0.514448153557271,PATL2
102606465,0.514395994158147,DPH5-DT
9027,0.514343834759024,NAT8
1345,0.5142916753599,COX6C
125150,0.514213436261214,ZSWIM7
54545,0.514213436261214,MTMR12
84258,0.514135197162529,SYT3
57620,0.514083037763405,STIM2
85293,0.514030878364281,KRTAP3-3
64376,0.513978718965158,IKZF5
4855,0.513926559566034,NOTCH4
987,0.51387440016691,LRBA
25901,0.513822240767786,CCDC28A
255877,0.513744001669101,BCL6B
64432,0.513744001669101,MRPS25
219749,0.513613603171291,ZNF25
149076,0.513613603171291,ZNF362
4832,0.513613603171291,NME3
255967,0.51345712497392,PAN3
80035,0.51345712497392,ANP32A-IT1
4916,0.51345712497392,NTRK3
4352,0.513326726476111,MPL
219,0.513326726476111,ALDH1B1
199223,0.513248487377425,TTC21A
10795,0.513196327978302,ZNF268
51259,0.513144168579178,TMEM216
338785,0.513039849780931,KRT79
8723,0.513039849780931,SNX4
324,0.513039849780931,APC
79007,0.512935530982683,DBNDD1
64422,0.512857291883998,ATG3
11193,0.512857291883998,WBP4
57673,0.51275297308575,BEND3
10618,0.51275297308575,TGOLN2
283489,0.512674733987064,CHAMP1
207063,0.512570415188817,DHRSX
54039,0.512570415188817,PCBP3
7543,0.512570415188817,ZFX
101928618,0.51246609639057,LOC101928618
55680,0.512413936991446,RUFY2
101926963,0.512309618193198,PRKAR1B-AS1
23112,0.512309618193198,TNRC6B
4145,0.512309618193198,MATK
51128,0.512205299394951,SAR1B
101927668,0.512074900897142,LOC101927668
220988,0.512074900897142,HNRNPA3
55334,0.512074900897142,SLC39A9
4249,0.512074900897142,MGAT5
26166,0.511944502399332,RGS22
140807,0.511892343000209,KRT72
2029,0.511840183601085,ENSA
10634,0.511735864802838,GAS2L1
9136,0.511735864802838,RRP9
7871,0.511735864802838,SLMAP
80124,0.511605466305028,VCPIP1
1821,0.511605466305028,DRP2
642946,0.511527227206343,FLVCR1-DT
57158,0.511475067807219,JPH2
10657,0.511396828708533,KHDRBS1
9819,0.511396828708533,TSC22D2
51702,0.511318589609848,PADI3
55435,0.5112142708116,AP1AR
51109,0.5112142708116,RDH11
9663,0.5112142708116,LPIN2
219670,0.511109952013353,ENKUR
100996490,0.510953473815982,LINC01206
440132,0.510953473815982,LINC00545
23344,0.510953473815982,ESYT1
6514,0.510953473815982,SLC2A2
1182,0.510953473815982,CLCN3
54858,0.51079699561861,PGPEP1
56169,0.510744836219487,GSDMC
8506,0.510692676820363,CNTNAP1
646023,0.510614437721677,ADORA2A-AS1
203197,0.510614437721677,TMEM268
101928846,0.51051011892343,HIPK1-AS1
1454,0.51051011892343,CSNK1E
10801,0.510379720425621,SEPTIN9
8759,0.510379720425621,ADAM1A
3120,0.510379720425621,HLA-DQB2
201633,0.510275401627373,TIGIT
344595,0.510171082829126,DUBR
55554,0.510171082829126,KLK15
51193,0.510171082829126,ZNF639
92667,0.510066764030878,MGME1
285758,0.510014604631755,MROCKI
26150,0.509962445232631,RIBC2
55508,0.509910285833507,SLC35E3
51156,0.509753807636136,SERPINA10
6201,0.509753807636136,RPS7
5876,0.509753807636136,RABGGTB
5731,0.509753807636136,PTGER1
3183,0.509753807636136,HNRNPC
79600,0.509571249739203,TCTN1
1871,0.509571249739203,E2F3
339512,0.509466930940956,CCDC190
22849,0.509466930940956,CPEB3
101928068,0.509362612142708,LOC101928068
414328,0.509362612142708,IDNK
65056,0.509284373044023,GPBP1
644538,0.509180054245775,SMIM10
136306,0.509180054245775,SVOPL
57467,0.509180054245775,HHATL
10256,0.509049655747966,CNKSR1
2846,0.509049655747966,LPAR4
51649,0.508919257250157,MRPS23
9149,0.508919257250157,DYRK1B
8085,0.508919257250157,KMT2D
8887,0.508814938451909,TAX1BP1
55129,0.508762779052785,ANO10
84669,0.508710619653662,USP32
80307,0.508632380554976,FER1L4
5076,0.508632380554976,PAX2
84444,0.50855414145629,DOT1L
285148,0.508475902357605,IAH1
7703,0.508475902357605,PCGF2
399979,0.508397663258919,SNX19
4640,0.508345503859795,MYO1A
285943,0.508293344460672,HOXA-AS2
7994,0.508241185061548,KAT6A
11230,0.508189025662424,PRAF2
111,0.508136866263301,ADCY5
338440,0.508084706864177,ANO9
84940,0.508006467765491,CORO6
905,0.508006467765491,CCNT2
286122,0.507928228666806,LINC02904
728568,0.507876069267682,C12orf73
10412,0.507797830168996,NSA2
1586,0.507797830168996,CYP17A1
388714,0.507719591070311,FMO6P
5834,0.507667431671187,PYGB
832,0.507615272272063,CAPZB
11081,0.507537033173378,KERA
4160,0.507537033173378,MC4R
5469,0.50743271437513,MED1
3839,0.50743271437513,KPNA3
9209,0.507354475276445,LRRFIP2
373,0.507302315877321,TRIM23
10422,0.507250156478197,UBAC1
11154,0.507197997079074,AP4S1
10509,0.50714583767995,SEMA4B
5902,0.507093678280826,RANBP1
6948,0.507015439182141,TCN2
2235,0.507015439182141,FECH
55327,0.506937200083455,LIN7C
8722,0.506885040684331,CTSF
144363,0.506806801585646,ETFRF1
10089,0.506806801585646,KCNK7
84329,0.50672856248696,HVCN1
83850,0.506676403087836,ESYT3
1945,0.506624243688713,EFNA4
6877,0.506546004590027,TAF5
2248,0.506546004590027,FGF3
135295,0.506467765491342,SRSF12
22906,0.506415606092218,TRAK1
54799,0.506363446693094,MBTD1
2072,0.50631128729397,ERCC4
23480,0.506259127894847,SEC61G
123811,0.506206968495723,CEP20
94032,0.506128729397037,CAMK2N2
4361,0.506128729397037,MRE11
199777,0.50602441059879,ZNF626
8669,0.50602441059879,EIF3J
22872,0.505946171500104,SEC31A
22803,0.505867932401419,XRN2
1353,0.505867932401419,COX11
83463,0.505789693302733,MXD3
254896,0.505633215105362,LOC254896
221302,0.505633215105362,ZUP1
130013,0.505633215105362,ACMSD
11059,0.505633215105362,WWP1
5814,0.505633215105362,PURB
735301,0.505476736907991,SNHG9
253512,0.505424577508867,SLC25A30
55339,0.505346338410182,WDR33
27087,0.505346338410182,B3GAT1
30850,0.505268099311496,CDR2L
347273,0.505215939912372,CAVIN4
55616,0.505163780513249,ASAP3
3229,0.505111621114125,HOXC13
57804,0.505007302315877,POLD4
25913,0.505007302315877,POT1
23167,0.505007302315877,EFR3A
83989,0.504876903818068,FAM172A
5429,0.504876903818068,POLH
80232,0.504798664719382,WDR26
140686,0.504746505320259,WFDC3
51291,0.504694345921135,GMIP
55631,0.504642186522011,LRRC40
51016,0.504590027122888,EMC9
100996539,0.504511788024202,ITPR1-DT
29958,0.504511788024202,DMGDH
27236,0.504433548925516,ARFIP1
100506126,0.504381389526393,LINC00867
22841,0.504303150427707,RAB11FIP2
7299,0.504303150427707,TYR
400579,0.50419883162946,LINC02076
58986,0.50419883162946,PGAP6
115948,0.504094512831212,ODAD3
4801,0.504094512831212,NFYB
2936,0.504016273732527,GSR
6569,0.503964114333403,SLC34A1
340252,0.503859795535155,ZNF680
84891,0.503859795535155,ZSCAN10
64207,0.503859795535155,IRF2BPL
7539,0.503755476736908,ZFP37
203286,0.503677237638222,ANKS6
6049,0.503677237638222,RNF6
283726,0.503572918839975,SAXO2
158293,0.503572918839975,FAM120AOS
51633,0.503468600041728,OTUD6B
10075,0.503468600041728,HUWE1
6554,0.503390360943042,SLC10A1
3975,0.503338201543918,LHX1
57539,0.503259962445233,WDR35
26092,0.503259962445233,TOR1AIP1
65078,0.503155643646985,RTN4R
686,0.503155643646985,BTD
121536,0.503051324848738,AEBP2
6314,0.503051324848738,ATXN7
140823,0.502920926350928,ROMO1
9575,0.502920926350928,CLOCK
400,0.502920926350928,ARL1
78996,0.502790527853119,CYREN
4914,0.502790527853119,NTRK1
93974,0.502712288754434,ATP5IF1
137695,0.502634049655748,TMEM68
84779,0.502634049655748,NAA11
83755,0.502529730857501,KRTAP4-12
9896,0.502529730857501,FIG4
84245,0.502451491758815,MRI1
51366,0.502373252660129,UBR5
4968,0.502373252660129,OGG1
11016,0.502268933861882,ATF7
10603,0.502268933861882,SH2B2
57532,0.502190694763196,NUFIP2
100131733,0.502112455664511,USP30-AS1
1758,0.502112455664511,DMP1
10714,0.502034216565825,POLD3
57683,0.501982057166701,ZDBF2
79085,0.501903818068016,SLC25A23
4215,0.501903818068016,MAP3K3
79690,0.501747339870645,GAL3ST4
64780,0.501747339870645,MICAL1
57513,0.501747339870645,CASKIN2
56981,0.501747339870645,PRDM11
79958,0.501564781973712,DENND1C
26030,0.501564781973712,PLEKHG3
10945,0.501564781973712,KDELR1
79609,0.501460463175464,VCPKMT
154007,0.501382224076779,SNRNP48
331,0.501382224076779,XIAP
79846,0.501277905278531,CFAP69
1944,0.501277905278531,EFNA3
26054,0.501199666179846,SENP6
10381,0.501147506780722,TUBB3
56121,0.501069267682036,PCDHB15
5693,0.501069267682036,PSMB5
29035,0.500964948883789,C16orf72
26027,0.500964948883789,ACOT11
147945,0.500886709785103,NLRP4
25792,0.50083455038598,CIZ1
27244,0.500782390986856,SESN1
9711,0.500730231587732,RUBCN
54930,0.500625912789485,HAUS4
53917,0.500625912789485,RAB24
8065,0.500625912789485,CUL5
51115,0.500495514291675,RMDN1
5051,0.500495514291675,PAFAH2
56891,0.50041727519299,LGALS14
101927746,0.500339036094304,EMSLR
4909,0.500339036094304,NTF4
100507419,0.500208637596495,MMP25-AS1
202151,0.500208637596495,RANBP3L
139135,0.500208637596495,PASD1
388581,0.500104318798247,C1QTNF12
64398,0.500052159399124,PALS1
10781,0.5,ZNF266
9401,0.499947840600876,RECQL4
254528,0.499895681201753,MEIOB
5229,0.499843521802629,PGGT1B
10768,0.499791362403505,AHCYL1
402415,0.499739203004381,XKRX
92797,0.499608804506572,HELB
80817,0.499608804506572,CEP44
55679,0.499608804506572,LIMS2
23556,0.499608804506572,PIGN
55209,0.499478406008763,SETD5
387104,0.499400166910077,SOGA3
51138,0.499400166910077,COPS4
80003,0.499269768412268,PCNX2
51337,0.499269768412268,THEM6
6794,0.499269768412268,STK11
977,0.49916544961402,CD151
8237,0.499087210515335,USP11
4927,0.499087210515335,NUP88
9472,0.498982891717087,AKAP6
8894,0.498982891717087,EIF2S2
4976,0.498904652618402,OPA1
283174,0.498852493219278,NA
25987,0.498774254120593,TSKU
1267,0.498774254120593,CNP
100506555,0.498696015021907,NECTIN3-AS1
153364,0.498617775923221,MBLAC2
23383,0.498617775923221,MAU2
10667,0.498539536824536,FARS2
84817,0.498435218026288,TXNDC17
10813,0.498435218026288,UTP14A
401,0.498435218026288,PHOX2A
27336,0.498330899228041,HTATSF1
8550,0.498278739828917,MAPKAPK5
550643,0.498200500730232,NBDY
11277,0.498200500730232,TREX1
56301,0.498122261631546,SLC7A10
729967,0.498070102232422,MORN2
85300,0.498017942833299,ATCAY
2021,0.497965783434175,ENDOG
145474,0.497887544335489,LOC145474
10928,0.497887544335489,RALBP1
84268,0.497809305236804,RPAIN
26780,0.49775714583768,SNORA68
80178,0.497678906738994,TEDC2
4149,0.497678906738994,MAX
25759,0.497600667640309,SHC2
113201,0.497522428541623,GOLM2
9227,0.497522428541623,LRAT
8928,0.497444189442938,FOXH1
167359,0.497392030043814,NIM1K
81627,0.497287711245566,TRMT1L
79144,0.497287711245566,PPDPF
65250,0.497287711245566,CPLANE1
57446,0.497183392447319,NDRG3
6667,0.497131233048195,SP1
9373,0.497079073649072,PLAA
9573,0.497026914249948,GDF3
113402,0.496974754850824,SFT2D1
123803,0.496870436052577,NTAN1
90134,0.496870436052577,KCNH7
81857,0.496870436052577,MED25
9366,0.496766117254329,RAB9BP1
285605,0.496713957855206,DTWD2
284307,0.496661798456082,ZIK1
9128,0.496609639056958,PRPF4
57226,0.496505320258711,LYRM2
23193,0.496505320258711,GANAB
1370,0.496505320258711,CPN2
4696,0.496374921760901,NDUFA3
1845,0.496374921760901,DUSP3
158358,0.496244523263092,KIAA2026
23219,0.496244523263092,FBXO28
8787,0.496244523263092,RGS9
55068,0.496088045065721,ENOX1
2833,0.496088045065721,CXCR3
846,0.496088045065721,CASR
285965,0.495957646567912,EPHA1-AS1
6836,0.495957646567912,SURF4
60509,0.495879407469226,AGBL5
55204,0.495827248070102,GOLPH3L
7247,0.495775088670979,TSN
163859,0.495722929271855,SDE2
97,0.495670769872731,ACYP1
65264,0.495618610473607,UBE2Z
131368,0.495566451074484,ZPLD1
64786,0.495488211975798,TBC1D15
2979,0.495488211975798,GUCA1B
101928770,0.495383893177551,LINC01526
84666,0.495383893177551,RETNLB
80235,0.495279574379303,PIGZ
3276,0.495279574379303,PRMT1
11234,0.495201335280618,HPS5
85442,0.49509701648237,KNDC1
54834,0.49509701648237,GDAP2
9491,0.49509701648237,PSMF1
253959,0.494966617984561,RALGAPA1
148738,0.494966617984561,HJV
100289019,0.494862299186313,SLC25A25-AS1
79626,0.494862299186313,TNFAIP8L2
100507398,0.494784060087628,INTS6-AS1
101927992,0.494653661589818,LINC01213
246213,0.494653661589818,SLC17A8
22979,0.494653661589818,EFR3B
10138,0.494653661589818,YAF2
9878,0.494523263092009,TOX4
148398,0.494471103692885,SAMD11
130951,0.494418944293762,M1AP
4775,0.494366784894638,NFATC3
100506302,0.494262466096391,RBM33-DT
100128750,0.494262466096391,RBPMS-AS1
340348,0.494262466096391,TSPAN33
23351,0.494132067598581,KHNYN
2060,0.494132067598581,EPS15
90024,0.494053828499896,FLJ20021
57511,0.493949509701648,COG6
26548,0.493949509701648,ITGB1BP2
4150,0.493949509701648,MAZ
118663,0.493845190903401,BTBD16
29966,0.493793031504277,STRN3
58157,0.493714792405591,NGB
57106,0.493714792405591,NAT14
55296,0.493636553306906,TBC1D19
55911,0.493584393907782,APOBR
3235,0.493532234508658,HOXD9
84775,0.493480075109535,ZNF607
10514,0.493427915710411,MYBBP1A
201299,0.493375756311287,RDM1
27436,0.493323596912164,EML4
4058,0.49327143751304,LTK
131450,0.493167118714792,CD200R1
7013,0.493167118714792,TERF1
734,0.493167118714792,OSGIN2
114785,0.493036720216983,MBD6
4889,0.493036720216983,NPY5R
89874,0.492958481118298,SLC25A21
83695,0.492906321719174,RHNO1
64924,0.49285416232005,SLC30A5
10084,0.492802002920926,PQBP1
84100,0.492749843521803,ARL6
65080,0.492645524723555,MRPL44
51014,0.492645524723555,TMED7
23588,0.492645524723555,KLHDC2
100129195,0.492541205925308,ZSCAN16-AS1
2103,0.492489046526184,ESRRB
54985,0.49243688712706,HCFC1R1
10420,0.492332568328813,TESK2
5638,0.492332568328813,PRRG1
141,0.492332568328813,ADPRH
4606,0.492228249530565,MYBPC2
283554,0.49215001043188,GPR137C
23353,0.49215001043188,SUN1
10055,0.492045691633632,SAE1
4205,0.492045691633632,MEF2A
51382,0.491915293135823,ATP6V1D
10882,0.491915293135823,C1QL1
9622,0.491915293135823,KLK4
8721,0.491784894638014,EDF1
8662,0.491784894638014,EIF3B
153090,0.491654496140204,DAB2IP
92369,0.491654496140204,SPSB4
11276,0.491654496140204,SYNRG
57508,0.491550177341957,INTS2
56061,0.491498017942833,UBFD1
27131,0.49144585854371,SNX5
83985,0.491393699144586,SPNS1
54207,0.491263300646777,KCNK10
30813,0.491263300646777,VSX1
10130,0.491263300646777,PDIA6
9570,0.491263300646777,GOSR2
220002,0.491132902148967,CYB561A3
131408,0.491080742749844,FAM131A
57337,0.49102858335072,SENP7
400931,0.490924264552472,MIRLET7BHG
359787,0.490924264552472,DPPA3
51290,0.490924264552472,ERGIC2
130535,0.490819945754225,KCTD18
414918,0.490767786355101,DENND6B
30836,0.490689547256416,DNTTIP2
3009,0.490689547256416,H1-5
9703,0.490585228458168,KIAA0100
471,0.490585228458168,ATIC
9856,0.490506989359483,KIAA0319
84542,0.490402670561235,SANBR
3313,0.490402670561235,HSPA9
2108,0.490402670561235,ETFA
1259,0.490298351762988,CNGA1
25827,0.490246192363864,FBXL2
23632,0.49019403296474,CA14
100289092,0.490011475067807,ATP2A1-AS1
116842,0.490011475067807,LEAP2
85459,0.490011475067807,CEP295
79697,0.490011475067807,RIOX1
64744,0.490011475067807,SMAP2
5048,0.490011475067807,PAFAH1B1
92999,0.489750678072189,ZBTB47
55829,0.489750678072189,SELENOS
51318,0.489750678072189,MRPL35
2147,0.489750678072189,F2
254050,0.489568120175256,LRRC43
222068,0.489568120175256,TMED4
10565,0.489568120175256,ARFGEF1
100128191,0.489307323179637,TMPO-AS1
378825,0.489307323179637,PICSAR
92305,0.489307323179637,TMEM129
55770,0.489307323179637,EXOC2
55713,0.489307323179637,ZNF334
26056,0.489307323179637,RAB11FIP5
10886,0.489307323179637,NPFFR2
3091,0.489098685583142,HIF1A
94104,0.489046526184018,PAXBP1
90637,0.488942207385771,ZFAND2A
79269,0.488942207385771,DCAF10
55729,0.488942207385771,ATF7IP
352909,0.488837888587523,DNAAF3
338557,0.488733569789276,FFAR4
112487,0.488733569789276,DTD2
10838,0.488733569789276,ZNF275
51264,0.488629250991029,MRPL27
1762,0.488577091591905,DMWD
7092,0.488524932192781,TLL1
55206,0.488472772793657,SBNO1
345757,0.488394533694972,FAM174A
30818,0.488394533694972,KCNIP3
148304,0.488290214896724,C1orf74
25898,0.488290214896724,RCHY1
85365,0.488185896098477,ALG2
6747,0.488185896098477,SSR3
89910,0.488107656999791,UBE3B
8358,0.488055497600668,H3C2
90525,0.488003338201544,SHF
101927851,0.487925099102858,LNCATV
55604,0.487925099102858,CARMIL1
55920,0.487820780304611,RCC2
54906,0.487820780304611,TASOR2
56180,0.487742541205925,MOSPD1
90499,0.487690381806802,FAM95A
79607,0.487638222407678,FAM118B
55279,0.487586063008554,ZNF654
8241,0.48753390360943,RBM10
84432,0.487481744210307,PROK1
340602,0.487429584811183,EZHIP
11333,0.487377425412059,PDAP1
7087,0.487325266012936,ICAM5
54520,0.487273106613812,CCDC93
127703,0.487194867515126,C1orf216
63978,0.487194867515126,PRDM14
91977,0.487116628416441,MYOZ3
100131067,0.487064469017317,CKMT2-AS1
7332,0.487012309618193,UBE2L3
51012,0.486960150219069,PRELID3B
140710,0.486907990819946,SOGA1
129401,0.48682975172126,NUP35
23457,0.48682975172126,ABCB9
57154,0.486751512622575,SMURF1
101927275,0.486673273523889,NDUFV2-AS1
3024,0.486673273523889,H1-1
79991,0.486595034425203,STN1
1951,0.48654287502608,CELSR3
5901,0.486464635927394,RAN
5442,0.486464635927394,POLRMT
375190,0.486386396828709,FAM228B
100132074,0.486308157730023,FOXO6
200895,0.486308157730023,DHFR2
84904,0.486203838931775,ARHGEF39
1576,0.486203838931775,CYP3A4
79944,0.486099520133528,L2HGDH
79836,0.486099520133528,LONRF3
84299,0.486021281034842,MIEN1
84570,0.485943041936157,COL25A1
5207,0.485943041936157,PFKFB1
8816,0.485864802837471,DCAF5
11077,0.485812643438348,HSF2BP
92342,0.4857083246401,METTL18
55750,0.4857083246401,AGK
9168,0.4857083246401,TMSB10
7597,0.485604005841853,ZBTB25
51002,0.485551846442729,TPRKB
64149,0.485473607344043,C17orf75
51439,0.485473607344043,FAM8A1
100507642,0.485395368245358,LINC03014
57097,0.485343208846234,PARP11
124925,0.485264969747549,SEZ6
51773,0.485264969747549,RSF1
101927667,0.485134571249739,LINC01535
122704,0.485134571249739,MRPL52
57050,0.485134571249739,UTP3
338645,0.485030252451492,LUZP2
393,0.484978093052368,ARHGAP4
51601,0.484925933653244,LIPT1
339778,0.484795535155435,FAM166C
57596,0.484795535155435,BEGAIN
54891,0.484795535155435,INO80D
11056,0.484795535155435,DDX52
5409,0.484665136657626,PNMT
391712,0.484612977258502,TRIM61
100506649,0.484534738159816,PXN-AS1
55239,0.484534738159816,OGFOD1
29763,0.484456499061131,PACSIN3
137872,0.484378259962445,ADHFE1
51533,0.484378259962445,PHF7
153469,0.48430002086376,JAKMIP2-AS1
134549,0.484221781765074,SHROOM1
164,0.484221781765074,AP1G1
81671,0.484143542666388,VMP1
79570,0.484065303567703,NKAIN1
3455,0.484065303567703,IFNAR2
55586,0.483960984769455,MIOX
10806,0.483960984769455,SDCCAG8
84295,0.48388274567077,PHF6
283999,0.483830586271646,TMEM235
90768,0.483752347172961,TENM3-AS1
57232,0.483752347172961,ZNF630
80146,0.483674108074275,UXS1
147699,0.483595868975589,PPM1N
4234,0.483595868975589,METTL1
285627,0.483517629876904,LINC01845
130752,0.483413311078656,MDH1B
64839,0.483413311078656,FBXL17
6369,0.483413311078656,CCL24
57407,0.483308992280409,NMRAL1
729522,0.483230753181723,AACSP1
162417,0.483230753181723,NAGS
85449,0.483126434383476,KIAA1755
9578,0.483126434383476,CDC42BPB
101927623,0.483022115585228,LOC101927623
152100,0.483022115585228,CMC1
1841,0.482943876486543,DTYMK
152185,0.482891717087419,SPICE1
79133,0.482787398289172,NDUFAF5
26974,0.482787398289172,ZNF285
112,0.482787398289172,ADCY6
79729,0.482683079490924,SH3D21
6929,0.482604840392239,TCF3
2542,0.482604840392239,SLC37A4
339559,0.482526601293553,ZFP69
92579,0.482474441894429,G6PC3
9761,0.482422282495306,MLEC
5297,0.482370123096182,PI4KA
3340,0.482317963697058,NDST1
375790,0.482265804297934,AGRN
150967,0.482187565199249,LINC01963
90203,0.482187565199249,SNX21
79665,0.482109326100563,DHX40
1736,0.48205716670144,DKC1
1742,0.482005007302316,DLG4
2825,0.481952847903192,CMKLR2
28512,0.481900688504068,NKIRAS1
51526,0.481848529104945,OSER1
7561,0.481744210306697,ZNF14
6227,0.481744210306697,RPS21
988,0.481744210306697,CDC5L
440982,0.481561652409764,LOC440982
130162,0.481561652409764,CLHC1
27181,0.481561652409764,SIGLEC8
6749,0.481561652409764,SSRP1
57642,0.481405174212393,COL20A1
9526,0.481405174212393,MPDU1
57498,0.481300855414146,KIDINS220
54363,0.481300855414146,HAO1
165918,0.481118297517213,RNF168
137682,0.481118297517213,NDUFAF6
132789,0.481118297517213,GNPDA2
83758,0.481118297517213,RBP5
3295,0.481118297517213,HSD17B4
4521,0.480961819319841,NUDT1
1786,0.480909659920718,DNMT1
5993,0.480857500521594,RFX5
91522,0.48080534112247,COL23A1
339448,0.480753181723347,C1orf174
103352670,0.480674942624661,LINC01419
83464,0.480674942624661,APH1B
60560,0.480596703525975,NAA35
257397,0.480544544126852,TAB3
51426,0.480492384727728,POLK
440026,0.480440225328604,TMEM41B
81790,0.480361986229919,RNF170
2288,0.480361986229919,FKBP4
55256,0.480283747131233,ADI1
1607,0.480231587732109,DGKB
55705,0.480179428332986,IPO9
91608,0.4801011892343,RASL10B
8884,0.4801011892343,SLC5A6
117144,0.480022950135614,CATSPER1
221264,0.479970790736491,AK9
8798,0.479892551637805,DYRK4
405,0.479892551637805,ARNT
159963,0.47981431253912,SLC5A12
124491,0.479736073440434,TMEM170A
63036,0.479736073440434,CELA2A
9597,0.479657834341748,SMAD5-AS1
283335,0.479605674942625,TNS2-AS1
91734,0.479553515543501,IDI2
100507477,0.479475276444815,LINC02941
1793,0.479475276444815,DOCK1
4622,0.47939703734613,MYH4
23116,0.479344877947006,TOGARAM1
83592,0.479240559148759,AKR1E2
55272,0.479240559148759,IMP3
27019,0.479240559148759,DNAI1
55159,0.479110160650949,RFWD3
6046,0.479110160650949,BRD2
126068,0.479031921552264,ZNF441
118425,0.47897976215314,PCAT4
5356,0.478927602754016,PLRG1
130507,0.478849363655331,UBR3
79959,0.478849363655331,CEP76
54890,0.478771124556645,ALKBH5
6742,0.478718965157521,SSBP1
400550,0.478640726058836,FENDRR
7694,0.478640726058836,ZNF135
64061,0.47856248696015,TSPYL2
10204,0.478484247861465,NUTF2
6568,0.478484247861465,SLC17A1
4763,0.478406008762779,NF1
286367,0.478327769664093,NA
80022,0.478327769664093,MYO15B
677769,0.478223450865846,SCARNA17
51320,0.478223450865846,MEX3C
348995,0.47814521176716,NUP43
4710,0.478093052368037,NDUFB4
124093,0.478040892968913,CCDC78
8243,0.477962653870227,SMC1A
2720,0.477962653870227,GLB1
64396,0.477832255372418,GMCL2
51124,0.477832255372418,IER3IP1
4074,0.477832255372418,M6PR
283635,0.477701856874609,FAM177A1
29929,0.477701856874609,ALG6
84622,0.477623617775923,ZNF594
136895,0.477519298977676,C7orf31
79134,0.477519298977676,TMEM185B
23529,0.477519298977676,CLCF1
28981,0.477388900479866,IFT81
1820,0.477388900479866,ARID3A
49855,0.477310661381181,SCAPER
10016,0.477258501982057,PDCD6
266629,0.477180262883372,SEC14L3
1907,0.477180262883372,EDN2
545,0.477102023784686,ATR
1773,0.477049864385562,DNASE1
285362,0.476971625286877,SUMF1
5037,0.476971625286877,PEBP1
200845,0.476867306488629,KCTD6
139324,0.476867306488629,HDX
10376,0.476789067389944,TUBA1B
7637,0.47673690799082,ZNF84
114915,0.476658668892134,EPB41L4A-AS1
57763,0.476658668892134,ANKRA2
7762,0.476580429793449,ZNF215
22916,0.476502190694763,NCBP2
6844,0.476502190694763,VAMP2
6949,0.476423951596078,TCOF1
199731,0.476371792196954,CADM4
78986,0.476293553098268,DUSP26
10747,0.476293553098268,MASP2
159686,0.476163154600459,CFAP58
79086,0.476163154600459,SMIM7
3010,0.476163154600459,H1-6
441161,0.476058835802212,OOEP
7748,0.476006676403088,ZNF195
80256,0.475954517003964,FAM214B
200576,0.47590235760484,PIKFYVE
130026,0.475850198205717,ICA1L
8508,0.475798038806593,NIPSNAP1
84629,0.475693720008345,TNRC18
65065,0.475693720008345,NBEAL1
1420,0.475693720008345,CRYGC
8886,0.475589401210098,DDX18
284578,0.475537241810974,MFSD4A-AS1
203522,0.475485082411851,INTS6L
5871,0.475432923012727,MAP4K2
54918,0.475380763613603,CMTM6
145407,0.475328604214479,ARMH4
1774,0.475276444815356,DNASE1L1
407040,0.475224285416232,MIR34A
256309,0.475172126017108,CCDC110
78988,0.475119966617985,MRPL57
11222,0.475067807218861,MRPL3
154197,0.474989568120175,PNLDC1
5538,0.474989568120175,PPT1
90167,0.47491132902149,FRMD7
25790,0.474859169622366,CFAP45
347744,0.474807010223242,C6orf52
7884,0.474754850824119,SLBP
100268168,0.474676611725433,RPL26L1-AS1
5718,0.474676611725433,PSMD12
6726,0.474598372626747,SRP9
10669,0.474546213227624,CGREF1
81689,0.4744940538285,ISCA1
729830,0.474415814729814,FHIP1A
60558,0.474415814729814,GUF1
285527,0.474337575631129,FRYL
284023,0.474259336532443,RNF227
65018,0.474259336532443,PINK1
4923,0.474181097433758,NTSR1
57572,0.474128938034634,DOCK6
8125,0.474050698935948,ANP32A
6940,0.474050698935948,ZNF354A
51205,0.473972459837263,ACP6
92482,0.473868141039015,BBIP1
26013,0.473868141039015,L3MBTL1
6543,0.473868141039015,SLC8A2
1463,0.473763822240768,NCAN
27292,0.473711662841644,DIMT1
145482,0.473555184644273,PTGR2
85479,0.473555184644273,DNAJC5B
81619,0.473555184644273,TSPAN14
55759,0.473555184644273,WDR12
2140,0.473555184644273,EYA3
10459,0.473398706446902,MAD2L2
58485,0.473320467348216,TRAPPC1
9965,0.473320467348216,FGF19
57325,0.473216148549969,KAT14
9338,0.473216148549969,TCEAL1
55217,0.473111829751721,TMLHE
585,0.473111829751721,BBS4
162962,0.473033590653036,ZNF836
57798,0.472981431253912,GATAD1
23780,0.472929271854788,APOL2
9580,0.472877112455664,SOX13
441601,0.472824953056541,SEPTIN7P11
80790,0.472772793657417,CMIP
171484,0.472694554558731,FAM9C
79837,0.472694554558731,PIP4K2C
3219,0.472616315460046,HOXB9
9525,0.47253807636136,VPS4B
1896,0.47253807636136,EDA
5147,0.472459837262675,PDE6D
256130,0.472355518464427,TMEM196
91433,0.472355518464427,RCCD1
6386,0.472355518464427,SDCBP
101926913,0.472225119966618,ERICH2-DT
2300,0.472225119966618,FOXL1
85409,0.472120801168371,NKD2
5504,0.472120801168371,PPP1R2
11316,0.472016482370123,COPE
2801,0.472016482370123,GOLGA2
201294,0.471938243271438,UNC13D
100505616,0.471886083872314,SNHG21
100130275,0.471781765074066,TFAP2A-AS1
94103,0.471781765074066,ORMDL3
56941,0.471781765074066,HMCES
9874,0.471677446275819,TLK1
10301,0.471625286876695,DLEU1
54714,0.47154704777801,CNGB3
23324,0.47154704777801,MAN2B2
830,0.471468808679324,CAPZA2
376940,0.471390569580638,ZC3H6
56099,0.471390569580638,PCDHGB7
5828,0.471312330481953,PEX2
4715,0.471234091383267,NDUFB9
4534,0.471234091383267,MTM1
148867,0.471103692885458,SLC30A7
11186,0.471103692885458,RASSF1
5441,0.471103692885458,POLR2L
6758,0.470999374087211,SSX5
3182,0.470947214688087,HNRNPAB
6452,0.470895055288963,SH3BP2
549,0.470842895889839,AUH
275,0.470790736490716,AMT
729614,0.47071249739203,SPEN-AS1
63897,0.47071249739203,HEATR6
55036,0.470608178593783,CCDC40
7475,0.470608178593783,WNT6
7355,0.470529939495097,SLC35A2
100507602,0.470477780095973,TRIM52-AS1
23387,0.47042562069685,SIK3
27152,0.470373461297726,INTU
91687,0.470321301898602,CENPL
5970,0.470243062799917,RELA
5612,0.470243062799917,THAP12
1723,0.470164823701231,DHODH
3214,0.470112664302107,HOXB4
79648,0.470060504902984,MCPH1
349136,0.469904026705612,WDR86
84312,0.469904026705612,BRMS1L
79084,0.469904026705612,WDR77
54726,0.469904026705612,OTUD4
6991,0.469904026705612,DYNLT2
57691,0.469747548508241,KIAA1586
728855,0.469695389109117,LINC00623
57553,0.469643229709994,MICAL3
9100,0.46959107031087,USP10
55599,0.469538910911746,RNPC3
389434,0.469460671813061,IYD
57727,0.469460671813061,NCOA5
23276,0.469382432714375,KLHL18
375323,0.469252034216566,LHFPL4
84085,0.469252034216566,FBXO30
9718,0.469252034216566,ECE2
3705,0.469252034216566,ITPK1
29915,0.469095556019195,HCFC2
29104,0.469095556019195,N6AMT1
23409,0.469017316920509,SIRT4
101927069,0.468912998122262,LOC101927069
57217,0.468912998122262,TTC7A
3884,0.468912998122262,KRT33B
55907,0.468808679324014,CMAS
730091,0.468704360525767,LINC00886
80036,0.468704360525767,TRPM3
23368,0.468704360525767,PPP1R13B
10716,0.468600041727519,TBR1
55577,0.468547882328396,NAGK
23395,0.46846964322971,LARS2
892,0.46846964322971,CCNC
144404,0.468391404131024,TMEM120B
100507217,0.46833924473190103,CHASERR
158584,0.468287085332777,FAAH2
389072,0.468234925933653,PLEKHM3
81608,0.46818276653453,FIP1L1
7005,0.468130607135406,TEAD3
254048,0.468000208637597,UBN2
51297,0.468000208637597,BPIFA1
23122,0.468000208637597,CLASP2
8649,0.468000208637597,LAMTOR3
221476,0.467869810139787,PI16
84719,0.46776549134154,LINC00260
26747,0.46776549134154,NUFIP1
10110,0.46776549134154,SGK2
22926,0.467661172543292,ATF6
84203,0.467556853745045,TXNDC2
8971,0.467556853745045,H1-10
5959,0.467556853745045,RDH5
9658,0.467426455247236,ZNF516
5075,0.467426455247236,PAX1
785,0.46734821614855,CACNB4
8089,0.467269977049864,YEATS4
1409,0.467269977049864,CRYAA
23212,0.467191737951179,RRS1
59344,0.467113498852493,ALOXE3
55160,0.467113498852493,ARHGEF10L
64062,0.467035259753808,RBM26
3191,0.466983100354684,HNRNPL
84928,0.46693094095556,TMEM209
10137,0.466878781556436,RBM12
56254,0.466800542457751,RNF20
6993,0.466800542457751,DYNLT1
23390,0.466696223659503,ZDHHC17
6494,0.466696223659503,SIPA1
57589,0.466617984560818,RIC1
9953,0.466565825161694,HS3ST3B1
27230,0.466487586063009,SERP1
2067,0.466487586063009,ERCC1
55361,0.466409346964323,PI4K2A
10400,0.466357187565199,PEMT
83596,0.466278948466514,BCL2L12
5128,0.466278948466514,CDK17
51651,0.466174629668266,PTRH2
10750,0.466174629668266,GRAP
100874323,0.466096390569581,HOXA10-AS
134266,0.466044231170457,GRPEL2
93643,0.465992071771333,TJAP1
55758,0.465913832672648,RCOR3
1954,0.465913832672648,MEGF8
653238,0.465835593573962,GTF2H2B
100500854,0.465757354475276,MIR3671
55203,0.465757354475276,LGI2
81569,0.465653035677029,ACTL8
5495,0.465653035677029,PPM1B
123720,0.465574796578343,WHAMM
55764,0.46552263717922,IFT122
10969,0.465470477780096,EBNA1BP2
4849,0.465418318380972,CNOT3
285958,0.465366158981849,SNHG15
6259,0.465313999582725,RYK
170384,0.465261840183601,FUT11
1982,0.465209680784477,EIF4G2
1796,0.465131441685792,DOK1
758,0.465131441685792,MPPED1
90527,0.465053202587106,DUOXA1
113510,0.465001043187982,HELQ
51528,0.464948883788859,JKAMP
282809,0.464896724389735,POC1B
79738,0.464844564990611,BBS10
10884,0.464766325891926,MRPS30
9261,0.464766325891926,MAPKAPK2
9689,0.46468808679324,BZW1
284370,0.464635927394116,ZNF615
202051,0.464583767994993,SPATA24
3835,0.464531608595869,KIF22
23011,0.464479449196745,RAB21
157381,0.46440121009806,LINC00964
64789,0.46440121009806,EXO5
54976,0.464322970999374,C20orf27
284716,0.464218652201127,RIMKLA
255520,0.464218652201127,ELMOD2
160,0.464218652201127,AP2A1
2668,0.464114333402879,GDNF
11330,0.464036094304194,CTRC
1357,0.464036094304194,CPA1
5818,0.463957855205508,NECTIN1
100873979,0.463905695806384,RBMS3-AS3
100500850,0.463827456707699,MIR3682
64417,0.463827456707699,TMEM267
26291,0.463723137909451,FGF21
8655,0.463723137909451,DYNLL1
23082,0.463644898810766,PPRC1
206358,0.463592739411642,SLC36A1
147183,0.463540580012518,KRT25
27235,0.463488420613395,COQ2
51535,0.463436261214271,PPHLN1
51422,0.463331942416023,PRKAG2
5832,0.463331942416023,ALDH18A1
5173,0.463331942416023,PDYN
157773,0.463201543918214,C8orf48
10957,0.463201543918214,PNRC1
203547,0.463071145420405,VMA21
54861,0.463071145420405,SNRK
23303,0.463071145420405,KIF13B
23063,0.462940746922595,WAPL
4988,0.462940746922595,OPRM1
11342,0.46286250782391,RNF13
139105,0.462810348424786,BEND2
131544,0.462758189025662,CRYBG3
9350,0.462706029626539,CER1
147694,0.462627790527853,ZNF548
49856,0.462627790527853,WRAP73
51142,0.462497392030044,CHCHD2
10269,0.462497392030044,ZMPSTE24
4282,0.462497392030044,MIF
285759,0.462393073231796,LINC02880
3697,0.462340913832673,ITIH1
51696,0.462262674733987,HECA
2166,0.462262674733987,FAAH
53828,0.46215835593574,FXYD4
8487,0.46215835593574,GEMIN2
64800,0.462080116837054,EFCAB6
7222,0.46202795743793,TRPC3
81851,0.461975798038807,KRTAP1-1
9437,0.461923638639683,NCR1
123775,0.461871479240559,C16orf46
144132,0.46174108074275,DNHD1
121643,0.46174108074275,FOXN4
4807,0.46174108074275,NHLH1
2734,0.46174108074275,GLG1
390940,0.461584602545379,PINLYP
29079,0.461584602545379,MED4
124872,0.461506363446693,B4GALNT2
653857,0.461454204047569,ACTR3C
9537,0.461402044648446,TP53I11
144715,0.461349885249322,RAD9B
375704,0.461245566451075,ENHO
219854,0.461245566451075,TMEM218
7626,0.461245566451075,ZNF75D
9219,0.461141247652827,MTA2
51182,0.461089088253703,HSPA14
570,0.46103692885458,BAAT
57606,0.460984769455456,SLAIN2
147184,0.460880450657208,KRT10-AS1
58498,0.460880450657208,MYL7
11019,0.460880450657208,LIAS
10569,0.460776131858961,SLU7
1605,0.460723972459837,DAG1
92714,0.460645733361152,ARRDC1
64434,0.460645733361152,NOM1
2733,0.460567494262466,GLE1
283375,0.460489255163781,SLC39A5
55063,0.460489255163781,ZCWPW1
164395,0.460411016065095,TTLL9
91828,0.460332776966409,EXOC3L4
5052,0.460332776966409,PRDX1
201305,0.460254537867724,SPNS3
8742,0.4602023784686,TNFSF12
26248,0.460150219069476,OR2K2
83890,0.460071979970791,SPATA9
26164,0.460071979970791,MTG2
200728,0.459967661172543,TMEM17
9202,0.459967661172543,ZMYM4
57576,0.459863342374296,KIF17
26224,0.459863342374296,FBXL3
63970,0.459759023576048,TP53AIP1
4238,0.459759023576048,MFAP3
1468,0.459680784477363,SLC25A10
2004,0.459628625078239,ELK3
493856,0.459550385979553,CISD2
6732,0.459550385979553,SRPK1
146850,0.459472146880868,PIK3R6
55733,0.459393907782182,HHAT
5190,0.459393907782182,PEX6
80032,0.459315668683497,ZNF556
286676,0.459237429584811,ILDR1
4324,0.459237429584811,MMP15
51019,0.459133110786564,WASHC3
3422,0.459133110786564,IDI1
126375,0.459002712288754,ZNF792
55652,0.459002712288754,SLC48A1
5098,0.459002712288754,PCDHGC3
51592,0.458872313790945,TRIM33
3305,0.458872313790945,HSPA1L
84765,0.458741915293136,ZNF577
51104,0.458741915293136,ABHD17B
10190,0.458741915293136,TXNDC9
9940,0.458637596494888,DLEC1
51686,0.458585437095765,OAZ3
10246,0.458533277696641,SLC17A2
387486,0.458455038597955,LINC00320
3167,0.458455038597955,HMX2
2023,0.45837679949927,ENO1
353116,0.458298560400584,RILPL1
23646,0.458298560400584,PLD3
128710,0.458168161902775,SLX4IP
79664,0.458168161902775,ICE2
9427,0.458168161902775,ECEL1
89894,0.458011683705404,TMEM116
84328,0.458011683705404,LZIC
8698,0.458011683705404,S1PR4
125704,0.457881285207594,DIPK1C
1798,0.457881285207594,DPAGT1
51277,0.457750886709785,DNAJC27
51107,0.457750886709785,APH1A
1608,0.457750886709785,DGKG
6917,0.457620488211976,TCEA1
3093,0.457620488211976,UBE2K
90592,0.45754224911329,ZNF700
57697,0.457490089714166,FANCM
84336,0.457411850615481,TMEM101
2889,0.457411850615481,RAPGEF1
730051,0.457333611516795,ZNF814
23169,0.45725537241811,SLC35D1
8165,0.45725537241811,AKAP1
81932,0.457177133319424,HDHD3
54676,0.457072814521177,GTPBP2
10128,0.457072814521177,LRPPRC
784,0.457072814521177,CACNB3
65979,0.456968495722929,PHACTR4
201595,0.456864176924682,STT3B
51118,0.456864176924682,UTP11
30820,0.456864176924682,KCNIP1
91300,0.456733778426873,R3HDM4
10749,0.456733778426873,KIF1C
196385,0.456603379929063,DNAH10
55745,0.456603379929063,AP5M1
50809,0.456603379929063,HP1BP3
767579,0.456472981431254,SNORD114-3
7866,0.456472981431254,IFRD2
374887,0.456368662633006,YJEFN3
55904,0.456368662633006,KMT2E
284098,0.456290423534321,PIGW
222658,0.456238264135197,KCTD20
85456,0.456160025036512,TNKS1BP1
9348,0.456160025036512,NDST3
1386,0.456081785937826,ATF2
57026,0.456029626538702,PDXP
64222,0.455951387440017,TOR3A
51808,0.455951387440017,PHAX
7772,0.455873148341331,ZNF229
257358,0.455794909242646,LINC01366
8879,0.455794909242646,SGPL1
58487,0.455690590444398,CREBZF
3044,0.455690590444398,HBBP1
285282,0.455534112247027,RABL3
79713,0.455534112247027,IGFLR1
4776,0.455534112247027,NFATC4
4552,0.455534112247027,MTRR
89849,0.455377634049656,ATG16L2
51755,0.455377634049656,CDK12
10175,0.45529939495097,CNIH1
2050,0.455247235551846,EPHB4
28987,0.455195076152723,NOB1
286451,0.455142916753599,YIPF6
9751,0.455038597955352,SNPH
5860,0.455038597955352,QDPR
5690,0.455038597955352,PSMB2
51122,0.454934279157104,COMMD2
908,0.45488211975798,CCT6A
55137,0.454829960358857,FIGN
57003,0.454777800959733,CCDC47
342184,0.454621322762362,FMN1
168451,0.454621322762362,THAP5
137209,0.454621322762362,ZNF572
65083,0.454621322762362,NOL6
4864,0.454621322762362,NPC1
80169,0.454438764865429,CTC1
55252,0.454438764865429,ASXL2
11041,0.454360525766743,B4GAT1
23549,0.454282286668058,DNPEP
1208,0.454282286668058,CLPS
64180,0.454204047569372,DPEP3
3978,0.454151888170248,LIG1
84749,0.454073649071563,USP30
79882,0.454073649071563,ZC3H14
6869,0.453995409972877,TACR1
142940,0.453917170874192,TRUB1
83931,0.453917170874192,STK40
27106,0.453838931775506,ARRDC2
10226,0.453786772376382,PLIN3
408263,0.453682453578135,FNDC9
59274,0.453682453578135,TLNRD1
3615,0.453682453578135,IMPDH2
101929120,0.453525975380764,BRINP3-DT
400242,0.453525975380764,DICER1-AS1
170589,0.453525975380764,GPHA2
51594,0.453421656582516,NBAS
285973,0.453369497183392,ATG9B
5110,0.453317337784269,PCMT1
100506012,0.453265178385145,PPP5D1P
92346,0.453160859586898,C1orf105
64783,0.453160859586898,RBM15
967,0.453160859586898,CD63
220001,0.45305654078865,VWCE
55346,0.453004381389526,TCP11L1
554235,0.452952221990403,ASPDH
317662,0.452847903192155,FAM149B1
80301,0.452847903192155,PLEKHO2
64844,0.452847903192155,MARCHF7
23318,0.452743584393908,TUT4
83752,0.452691424994784,LONP2
8732,0.452613185896099,RNGTT
1678,0.452613185896099,TIMM8A
10652,0.452534946797413,YKT6
56852,0.452482787398289,RAD18
126328,0.452430627999165,NDUFA11
79876,0.452378468600042,UBA5
51042,0.452326309200918,ZNF593
64087,0.452248070102232,MCCC2
11161,0.452248070102232,ERG28
23411,0.452143751303985,SIRT1
7574,0.452143751303985,ZNF26
51161,0.452065512205299,C3orf18
57614,0.452013352806176,RELCH
100507634,0.451961193407052,LOC100507634
79016,0.451882954308366,DDA1
3110,0.451882954308366,MNX1
84864,0.451778635510119,RIOX2
10556,0.451778635510119,RPP30
100506866,0.451674316711871,TTN-AS1
2897,0.451674316711871,GRIK1
51162,0.451569997913624,EGFL7
1747,0.451569997913624,DLX3
340526,0.451491758814938,RTL5
139341,0.451413519716253,FUNDC1
80067,0.451413519716253,DCAF17
55311,0.451335280617567,ZNF444
57799,0.451283121218444,RAB40C
339263,0.45123096181932,LINC02693
29113,0.451178802420196,C6orf15
55669,0.451100563321511,MFN1
7923,0.451100563321511,HSD17B8
8289,0.451022324222825,ARID1A
379025,0.450970164823701,PSMA3-AS1
63969,0.450865846025454,NA
55565,0.450865846025454,ZNF821
29789,0.450865846025454,OLA1
8354,0.450735447527644,H3C11
2830,0.450735447527644,GPR6
100506542,0.450657208428959,LINC01082
100506497,0.450578969330273,CPVL-AS2
129790,0.450578969330273,NA
286042,0.450500730231588,FAM86B3P
8621,0.450448570832464,CDK13
146664,0.450370331733778,MGAT5B
9828,0.450370331733778,ARHGEF17
7745,0.450292092635093,ZKSCAN8
114881,0.450213853536407,OSBPL7
79022,0.450213853536407,TMEM106C
1639,0.450135614437722,DCTN1
284801,0.450083455038598,MIR663AHG
282566,0.450005215939912,LINC00515
133874,0.450005215939912,C5orf58
6787,0.449926976841227,NEK4
22944,0.449848737742541,KIN
9113,0.449848737742541,LATS1
11034,0.449770498643856,DSTN
57122,0.449718339244732,NUP107
100506365,0.449666179845608,OTUD6B-AS1
91833,0.449614020446484,WDR20
65998,0.449561861047361,ZFTA
157697,0.449509701648237,ERICH1
55717,0.449431462549551,WDR11
1610,0.449431462549551,DAO
7408,0.449353223450866,VASP
148789,0.449301064051742,B3GALNT2
205327,0.449248904652618,C2orf69
115703,0.449196745253495,ARHGAP33
200539,0.449118506154809,ANKRD23
29781,0.449118506154809,NCAPH2
10762,0.449040267056123,NUP50
171483,0.448962027957438,FAM9B
51134,0.448962027957438,CEP83
196394,0.44885770915919,AMN1
25929,0.44885770915919,GEMIN5
100129034,0.448779470060505,LOC100129034
5955,0.448727310661381,RCN2
650794,0.448675151262257,MIPEPP3
56956,0.44857083246401,LHX9
29893,0.44857083246401,PSMC3IP
8737,0.44857083246401,RIPK1
4957,0.448466513665763,ODF2
149775,0.448414354266639,GNAS-AS1
26234,0.448362194867515,FBXL5
90025,0.448310035468391,UBE3D
64375,0.448257876069268,IKZF4
170482,0.44815355727102,CLEC4C
79139,0.44815355727102,DERL1
51542,0.44815355727102,VPS54
58526,0.448049238472773,MID1IP1
388969,0.447997079073649,C2orf68
100129387,0.447918839974964,GABPB1-AS1
147525,0.447918839974964,LINC00526
10001,0.44784060087627803,MED6
7481,0.447788441477154,WNT11
148979,0.44773628207803,GLIS1
102157402,0.44765804297934497,AK6
29761,0.44765804297934497,USP25
23165,0.447579803880659,NUP205
10495,0.447501564781974,ENOX2
5973,0.447501564781974,RENBP
65263,0.447397245983726,PYCR3
7043,0.447397245983726,TGFB3
100506930,0.447319006885041,LINC00665
54567,0.447240767786355,DLL4
51074,0.447240767786355,APIP
57132,0.447136448988108,CHMP1B
27153,0.447136448988108,ZNF777
84700,0.447058209889422,MYO18B
5184,0.447006050490298,PEPD
11335,0.446953891091175,CBX3
25914,0.446901731692051,RTTN
85451,0.446797412893803,UNK
7596,0.446797412893803,ZNF45
3682,0.446797412893803,ITGAE
129080,0.446640934696432,EMID1
115196,0.446640934696432,ZNF554
2735,0.446640934696432,GLI1
83480,0.446536615898185,PUS3
100506733,0.446484456499061,FAM170B-AS1
200298,0.446406217400376,LINC00528
8604,0.446406217400376,SLC25A12
730094,0.446301898602128,MOSMO
23143,0.446301898602128,LRCH1
126259,0.446197579803881,TMIGD2
55505,0.446197579803881,NOP10
155382,0.446119340705195,VPS37D
2932,0.446067181306071,GSK3B
79858,0.445988942207386,NEK11
51430,0.445988942207386,SUCO
55297,0.445884623409138,CCDC91
29952,0.445884623409138,DPP7
26281,0.445780304610891,FGF20
9342,0.445780304610891,SNAP29
162239,0.445702065512205,ZFP1
5365,0.445649906113082,PLXNB3
114780,0.445597746713958,PKD1L2
192134,0.445519507615272,B3GNT6
26255,0.445519507615272,PTTG3P
53630,0.445441268516587,BCO1
205564,0.445389109117463,SENP5
56905,0.445284790319216,C15orf39
55722,0.445284790319216,CEP72
1652,0.445284790319216,DDT
728279,0.445180471520968,KRTAP2-2
151254,0.445102232422282,C2CD6
6708,0.445102232422282,SPTA1
79183,0.444997913624035,TTPAL
314,0.444997913624035,AOC2
196743,0.444919674525349,PAOX
63917,0.444841435426664,GALNT11
2637,0.444841435426664,GBX2
10069,0.444763196327978,RWDD2B
286333,0.444711036928855,FAM225A
8209,0.444658877529731,GATD3
389289,0.444580638431045,ANXA2R
58510,0.444580638431045,PRODH2
594855,0.444476319632798,CPLX3
10715,0.444476319632798,CERS1
404217,0.444398080534112,CTXN1
160622,0.444293761735865,TAMALIN
29937,0.444293761735865,NENF
2902,0.444293761735865,GRIN1
8454,0.444189442937617,CUL1
100505474,0.444137283538494,LINC01539
2631,0.44408512413937,NIPSNAP2
256471,0.444032964740246,MFSD8
28227,0.443980805341122,PPP2R3B
954,0.443928645941999,ENTPD2
389362,0.443850406843313,PSMG4
5600,0.443850406843313,MAPK11
130132,0.443693928645942,RFTN2
84693,0.443693928645942,MCEE
79957,0.443693928645942,PAQR6
56983,0.443693928645942,POGLUT1
55748,0.443537450448571,CNDP2
5314,0.443537450448571,PKHD1
23360,0.443407051950762,FNBP4
10369,0.443407051950762,CACNG2
9605,0.443407051950762,VPS9D1
55906,0.443302733152514,ZC4H2
56005,0.443224494053829,MYDGF
8332,0.443224494053829,H2AC16
60684,0.443146254955143,TRAPPC11
415117,0.443068015856457,STX19
25782,0.443068015856457,RAB3GAP2
100652740,0.44296369705821,PYCARD-AS1
25864,0.44296369705821,ABHD14A
260434,0.442859378259962,PYDC1
2222,0.442859378259962,FDFT1
151306,0.442781139161277,GPBAR1
83897,0.442676820363029,KRTAP3-2
57326,0.442676820363029,PBXIP1
55248,0.442676820363029,PACC1
10865,0.442572501564782,ARID5A
2965,0.442520342165658,GTF2H1
388566,0.442468182766535,ZNF470
6882,0.442416023367411,TAF11
11062,0.442363863968287,DUS4L
153163,0.442285624869601,MGC32805
8021,0.442285624869601,NUP214
317671,0.442181306071354,RFESD
55065,0.442181306071354,SLC52A1
5831,0.442103066972668,PYCR1
5310,0.442050907573545,PKD1
10153,0.441972668474859,CEBPZ
398,0.441972668474859,ARHGDIG
55289,0.441894429376174,ACOXL
64858,0.441816190277488,DCLRE1B
64225,0.441816190277488,ATL2
729991,0.441711871479241,BORCS8
57531,0.441711871479241,HACE1
51379,0.441633632380555,CRLF3
57597,0.441555393281869,BAHCC1
55270,0.441555393281869,NUDT15
283248,0.441451074483622,RCOR2
81533,0.441451074483622,ITFG1
100507218,0.441372835384936,RNF157-AS1
84885,0.441268516586689,ZDHHC12
23562,0.441268516586689,CLDN14
7690,0.441268516586689,ZNF131
113655,0.441085958689756,MFSD3
64978,0.441085958689756,MRPL38
1024,0.441085958689756,CDK8
226,0.441085958689756,ALDOA
79048,0.440955560191947,SECISBP2
5634,0.440903400792823,PRPS2
55520,0.440825161694137,ELAC1
23184,0.440825161694137,MESD
81034,0.440668683496766,SLC25A32
26716,0.440668683496766,OR2H1
11063,0.440668683496766,SOX30
10870,0.440668683496766,HCST
51003,0.440512205299395,MED31
25771,0.440512205299395,TBC1D22A
81669,0.440407886501147,CCNL2
79731,0.440407886501147,NARS2
6615,0.440329647402462,SNAI1
199857,0.440277488003338,ALG14
26086,0.440225328604214,GPSM1
5129,0.440173169205091,CDK18
55341,0.440121009805967,LSG1
85865,0.440042770707281,GTPBP10
84798,0.440042770707281,C19orf48
100506115,0.439912372209472,PELATON
53904,0.439912372209472,MYO3A
50814,0.439912372209472,NSDHL
54798,0.439808053411225,DCHS2
91392,0.439703734612977,ZNF502
51304,0.439703734612977,ZDHHC3
10849,0.439703734612977,POLR1G
93323,0.439547256415606,HAUS8
79023,0.439547256415606,NUP37
55968,0.439547256415606,NSFL1C
369,0.439442937617359,ARAF
10519,0.439390778218235,CIB1
84639,0.439286459419988,IL1F10
54797,0.439286459419988,MED18
8692,0.439286459419988,HYAL2
55167,0.439156060922178,MSL2
1487,0.439156060922178,CTBP1
254394,0.439051742123931,MCM9
55274,0.439051742123931,PHF10
150590,0.438921343626121,C2orf15
9110,0.438921343626121,MTMR4
6500,0.438921343626121,SKP1
6344,0.438790945128312,SCTR
1813,0.438790945128312,DRD2
219738,0.438686626330065,FAM241B
9941,0.438686626330065,EXOG
10280,0.438608387231379,SIGMAR1
283404,0.438504068433132,LINC00592
51728,0.438504068433132,POLR3K
2838,0.438504068433132,GPR15
8518,0.438373669935322,ELP1
2984,0.438373669935322,GUCY2C
101928298,0.438295430836637,LINC02670
5424,0.438243271437513,POLD1
8634,0.438191112038389,RTCA
23142,0.438112872939704,DCUN1D4
10915,0.438112872939704,TCERG1
84547,0.438034633841018,PGBD1
55172,0.437982474441894,DNAAF2
10651,0.437930315042771,MTX2
93210,0.437799916544961,PGAP3
55258,0.437799916544961,THNSL2
27101,0.437799916544961,CACYBP
5810,0.437799916544961,RAD1
54916,0.43764343834759,TMEM260
5664,0.43764343834759,PSEN2
79811,0.437565199248905,SLTM
94097,0.437513039849781,SFXN5
84269,0.437434800751095,CHCHD5
10971,0.437434800751095,YWHAQ
55379,0.437330481952848,LRRC59
10038,0.437330481952848,PARP2
3195,0.437252242854162,TLX1
9399,0.437200083455039,STOML1
84305,0.437095764656791,PYM1
57473,0.437095764656791,ZNF512B
54939,0.437095764656791,COMMD4
55352,0.436991445858544,COPRS
9044,0.436913206759858,BTAF1
8862,0.436913206759858,APLN
10920,0.436834967661173,COPS8
128977,0.436756728562487,C22orf39
84878,0.436756728562487,ZBTB45
119559,0.436678489463801,SFXN4
8764,0.436626330064678,TNFRSF14
9204,0.436574170665554,ZMYM6
8623,0.436495931566868,ASMTL
7180,0.436495931566868,CRISP2
55095,0.436417692468183,SAMD4B
343035,0.436365533069059,RD3
51081,0.436313373669935,MRPS7
100507246,0.43623513457125,SNHG16
64112,0.43623513457125,MOAP1
91408,0.436130815773002,BTF3L4
9466,0.436130815773002,IL27RA
1188,0.436052576674317,CLCNKB
29881,0.436000417275193,NPC1L1
79791,0.435948257876069,FBXO31
57591,0.435896098476946,MRTFA
4337,0.435843939077822,MOCS1
254439,0.435765699979136,C11orf86
79072,0.435765699979136,FASTKD3
23155,0.435687460880451,CLCC1
26108,0.435635301481327,PYGO1
10281,0.435583142082203,DSCR4
91181,0.435504902983518,NUP210L
2307,0.435504902983518,FOXS1
171558,0.43540058418527,PTCRA
122809,0.43540058418527,SOCS4
439990,0.435322345086585,LINC00857
29122,0.435244105987899,PRSS50
4952,0.435244105987899,OCRL
196513,0.43511370749009,DCP1B
23059,0.43511370749009,CLUAP1
6623,0.43511370749009,SNCG
391,0.435009388691842,RHOG
79567,0.434931149593157,RIPOR1
2302,0.434931149593157,FOXJ1
65117,0.434826830794909,RSRC2
5870,0.434826830794909,RAB6A
4004,0.434748591696224,LMO1
101928418,0.4346964322971,MYOCD-AS1
1013,0.434644272897976,CDH15
23550,0.434566033799291,PSD4
6002,0.434566033799291,RGS12
84256,0.434461715001043,FLYWCH1
83882,0.434461715001043,TSPAN10
114803,0.434383475902358,MYSM1
643529,0.434331316503234,LINC00865
7913,0.43427915710411,DEK
126859,0.434226997704986,AXDND1
283377,0.434148758606301,SPRYD4
126306,0.434148758606301,JSRP1
100506409,0.434070519507615,ELOVL2-AS1
317719,0.43399228040893,KLHL10
26689,0.43399228040893,OR4D1
285367,0.433887961610682,RPUSD3
84548,0.433887961610682,TMEM185A
29109,0.433783642812435,FHOD1
1059,0.433783642812435,CENPB
84517,0.433705403713749,ACTRT3
283130,0.433653244314625,SLC25A45
2587,0.433601084915502,GALR1
59340,0.433522845816816,HRH4
9813,0.433522845816816,EFCAB14
84162,0.433366367619445,KIAA1109
55781,0.433366367619445,RIOK2
9766,0.433366367619445,SUSD6
4869,0.433366367619445,NPM1
123355,0.433209889422074,LRRC28
10086,0.433209889422074,HHLA1
1676,0.433131650323388,DFFA
3640,0.433079490924265,INSL3
64847,0.433001251825579,SPATA20
22897,0.433001251825579,CEP164
23101,0.43287085332777,MCF2L2
9628,0.43287085332777,RGS6
1666,0.43287085332777,DECR1
84861,0.432766534529522,KLHL22
9654,0.432714375130399,TTLL4
79090,0.432636136031713,TRAPPC6A
1611,0.432636136031713,DAP
201965,0.432531817233465,RWDD4
65258,0.432531817233465,MPPE1
10277,0.432427498435218,UBE4B
4594,0.432427498435218,MMUT
153020,0.432323179636971,RASGEF1B
10567,0.432323179636971,RABAC1
9725,0.432218860838723,TMEM63A
9140,0.432218860838723,ATG12
256126,0.432114542040476,SYCE2
150946,0.432114542040476,GAREM2
55559,0.43203630294179,HAUS7
114825,0.431984143542666,PWWP2A
2796,0.431931984143543,GNRH1
342371,0.431879824744419,ATXN1L
6697,0.431827665345295,SPR
7391,0.43174942624661,USF1
5188,0.43174942624661,GATB
203238,0.431671187147924,CCDC171
388962,0.431540788650115,BOLA3
9858,0.431540788650115,PPP1R26
9534,0.431540788650115,ZNF254
8123,0.431540788650115,PWAR5
10054,0.431384310452744,UBA2
7126,0.431384310452744,TNFAIP1
139378,0.431201752555811,ADGRG4
5440,0.431201752555811,POLR2K
1761,0.431201752555811,DMRT1
1186,0.431201752555811,CLCN7
37,0.431201752555811,ACADVL
10955,0.431019194658878,SERINC3
7773,0.431019194658878,ZNF230
85015,0.430888796161068,USP45
64753,0.430888796161068,CCDC136
1022,0.430888796161068,CDK7
222484,0.430706238264135,LNX2
143503,0.430706238264135,OR51E1
84812,0.430706238264135,PLCD4
487,0.430706238264135,ATP2A1
65220,0.43049760066764,NADK
54780,0.43049760066764,NSMCE4A
26071,0.43049760066764,RTL8A
1665,0.43049760066764,DHX15
127495,0.430367202169831,LRRC39
164656,0.430288963071145,TMPRSS6
116113,0.430288963071145,FOXP4
79865,0.43021072397246,TREML2
55093,0.430132484873774,NTAQ1
9142,0.430132484873774,NA
100422737,0.430028166075527,LINC02532
4185,0.430028166075527,ADAM11
10360,0.429923847277279,NPM3
7125,0.429923847277279,TNNC2
64981,0.429845608178594,MRPL34
3008,0.42979344877947,H1-4
375057,0.429741289380346,STUM
116285,0.429689129981223,ACSM1
124842,0.429610890882537,TMEM132E
7867,0.429610890882537,MAPKAPK3
113174,0.429454412685166,SAAL1
10419,0.429454412685166,PRMT5
8419,0.429454412685166,BFSP2
1,0.429454412685166,A1BG
56606,0.429297934487795,SLC2A9
9117,0.429297934487795,SEC22C
253769,0.429193615689547,WDR27
2551,0.429193615689547,GABPA
79068,0.429115376590862,FTO
83642,0.429063217191738,SELENOO
151647,0.42895889839349,TAFA4
6723,0.42895889839349,SRM
5289,0.42895889839349,PIK3C3
127700,0.428802420196119,OSCP1
51552,0.428802420196119,RAB14
10526,0.428802420196119,IPO8
78999,0.428698101397872,LRFN4
100506124,0.428567702900063,LOC100506124
51666,0.428567702900063,ASB4
8019,0.428567702900063,BRD3
1427,0.428567702900063,CRYGS
101929693,0.428437304402253,RARA-AS1
55788,0.42838514500313,LMBRD1
3308,0.428332985604006,HSPA4
100505879,0.428280826204882,KIF25-AS1
9148,0.428228666805758,NEURL1
221883,0.428124348007511,HOXA11-AS
9665,0.428124348007511,MARF1
7581,0.428124348007511,ZNF33A
55567,0.428020029209264,DNAH3
51293,0.427941790110578,CD320
25851,0.427941790110578,TECPR1
9282,0.427863551011892,MED14
57102,0.427785311913207,C12orf4
6884,0.427785311913207,TAF13
157777,0.427680993114959,MCMDC2
124626,0.427680993114959,ZPBP2
10188,0.427602754016274,TNK2
153443,0.42752451491758803,SRFBP1
7187,0.42752451491758803,TRAF3
80862,0.427420196119341,ZNRD1ASP
79807,0.427420196119341,GSTCD
10572,0.427315877321093,SIVA1
9946,0.427315877321093,CRYZL1
7770,0.427211558522846,ZNF227
4188,0.427211558522846,MDFI
389332,0.42713331942416,SMIM32
645974,0.427081160025036,PABPC1L2B
84243,0.427029000625913,ZDHHC18
2512,0.426976841226789,FTL
64216,0.426872522428542,TFB2M
23335,0.426872522428542,WDR7
161,0.426872522428542,AP2A2
55142,0.426742123930732,HAUS2
51305,0.426742123930732,KCNK9
283234,0.426663884832047,CCDC88B
8822,0.426585645733361,FGF17
7264,0.426585645733361,GFUS
136371,0.426481326935114,ASB10
22850,0.426481326935114,ADNP2
80263,0.426350928437304,TRIM45
51070,0.426350928437304,NOSIP
26952,0.426350928437304,SMR3A
51496,0.426220529939495,CTDSPL2
6888,0.426220529939495,TALDO1
100272217,0.426116211141248,LOC100272217
51275,0.426116211141248,MAPKAPK5-AS1
100507501,0.426011892343,LINC01569
5948,0.426011892343,RBP2
147111,0.425881493845191,NOTUM
55128,0.425881493845191,TRIM68
22938,0.425881493845191,SNW1
59343,0.425777175046943,SENP2
9567,0.42572501564782,GTPBP1
3050,0.425672856248696,HBZ
284656,0.425568537450449,EPHA10
129531,0.425568537450449,MITD1
55611,0.425568537450449,OTUB1
90507,0.425385979553516,SCRN2
84332,0.425385979553516,DYDC2
26065,0.425385979553516,LSM14A
325,0.425385979553516,APCS
201973,0.425229501356144,PRIMPOL
55676,0.425229501356144,SLC30A6
50700,0.425151262257459,RDH8
23241,0.425099102858335,PACS2
645591,0.424994784060088,LHFPL3-AS1
56132,0.424994784060088,PCDHB3
6530,0.424994784060088,SLC6A2
23522,0.424864385562278,KAT6B
4947,0.424864385562278,OAZ2
102724312,0.424707907364907,LINC01770
55884,0.424707907364907,WSB2
51602,0.424707907364907,NOP58
865,0.424707907364907,CBFB
221154,0.424577508867098,MICU2
6120,0.424525349467974,RPE
124446,0.424421030669727,TMEM219
66035,0.424421030669727,SLC2A11
10539,0.424421030669727,GLRX3
10159,0.424316711871479,ATP6AP2
84335,0.424264552472356,AKT1S1
85001,0.424212393073232,MGC16275
23370,0.424160233674108,ARHGEF18
8431,0.424108074274984,NR0B2
84433,0.424055914875861,CARD11
64232,0.424003755476737,MS4A5
10695,0.423951596077613,CNPY3
89872,0.423873356978928,AQP10
5267,0.423873356978928,SERPINA4
132158,0.423795117880242,GLYCTK
154467,0.423742958481118,CCDC167
1355,0.423690799081995,COX15
55892,0.423638639682871,MYNN
4363,0.423586480283747,ABCC1
83943,0.423508241185062,IMMP2L
55083,0.423508241185062,KIF26B
256076,0.423430002086376,COL6A5
730112,0.423325683288129,FAM166B
23308,0.423325683288129,ICOSLG
6096,0.423325683288129,RORB
90141,0.423221364489881,EFCAB11
728978,0.423169205090757,UNC5B-AS1
152742,0.423117045691634,LINC01085
151295,0.423038806592948,SLC23A3
9584,0.423038806592948,RBM39
23005,0.422960567494262,MAPKBP1
10352,0.422908408095139,WARS2
285593,0.422804089296891,LINC02995
4633,0.422804089296891,MYL2
1889,0.422804089296891,ECE1
392617,0.422699770498644,ELFN1
85495,0.422621531399958,RPPH1
6508,0.422621531399958,SLC4A3
23633,0.422543292301273,KPNA6
113878,0.422491132902149,DTX2
375056,0.422438973503025,MIA3
80273,0.422386814103901,GRPEL1
79917,0.422334654704778,MAGIX
80820,0.422282495305654,EEPD1
84447,0.42223033590653,SYVN1
140290,0.422178176507407,TCP10L
619190,0.422047778009597,FDPSP2
374819,0.422047778009597,LRRC37A3
51805,0.422047778009597,COQ3
51301,0.422047778009597,GCNT4
9410,0.421917379511788,SNRNP40
404550,0.421839140413102,C16orf74
6712,0.421839140413102,SPTBN2
7008,0.421760901314417,TEF
285954,0.421708741915293,INHBA-AS1
26775,0.421656582516169,SNORA72
51043,0.421604423117046,ZBTB7B
130612,0.421552263717922,TMEM198
10499,0.421500104318798,NCOA2
340168,0.421447944919675,DPPA5
113026,0.421369705820989,PLCD3
64002,0.421369705820989,PCGEM1
57409,0.421291466722303,MIF4GD
149699,0.42123930732318,GTSF1L
90550,0.421187147924056,MCU
10748,0.42110890882537,KLRA1P
9736,0.42110890882537,USP34
2588,0.421030669726685,GALNS
6815,0.420978510327561,STYX
153642,0.420900271228875,ARSK
64801,0.420900271228875,ARV1
55773,0.42082203213019,TBC1D23
79885,0.420769872731066,HDAC11
26777,0.420717713331942,SNORA71A
84869,0.420665553932819,CBR4
10930,0.420613394533695,APOBEC2
55001,0.420535155435009,TTC22
4048,0.420535155435009,LTA4H
7638,0.420456916336324,ZNF221
101927870,0.420378677237638,SLC26A5-AS1
100506527,0.420378677237638,LINC01007
100996583,0.420222199040267,LOC100996583
79187,0.420222199040267,FSD1
26043,0.420222199040267,UBXN7
11120,0.420222199040267,BTN2A1
55775,0.420091800542458,TDP1
54529,0.41998748174421,ASNSD1
8528,0.41998748174421,DDO
4297,0.41998748174421,KMT2A
7965,0.419883162945963,AIMP2
221421,0.419831003546839,RSPH9
10099,0.419778844147715,TSPAN3
645676,0.41970060504903,ASH1L-AS1
8509,0.41970060504903,NDST2
57570,0.419622365950344,TRMT5
147686,0.419544126851659,ZNF418
90268,0.419544126851659,OTULIN
339665,0.419465887752973,SLC35E4
84265,0.419387648654288,POLR3GL
10196,0.419387648654288,PRMT3
10241,0.41928332985604,CALCOCO2
5333,0.41928332985604,PLCD1
100271722,0.419205090757354,LINC00899
79159,0.419100771959107,NOL12
7015,0.419100771959107,TERT
3886,0.419100771959107,KRT35
692227,0.418944293761736,SNORD104
374986,0.418944293761736,MIGA1
9804,0.418944293761736,TOMM20
10213,0.418839974963488,PSMD14
6855,0.418787815564365,SYP
100505538,0.418683496766117,RBM26-AS1
221400,0.418683496766117,TDRD6
10006,0.418683496766117,ABI1
56127,0.418553098268308,PCDHB9
23221,0.418553098268308,RHOBTB2
150684,0.41844877947006,COMMD1
3300,0.41844877947006,DNAJB2
85457,0.418344460671813,CIPC
79829,0.418344460671813,NAA40
83259,0.418266221573127,PCDH11Y
7763,0.418214062174004,ZFAND5
492307,0.41816190277488,PPDPFL
93343,0.418083663676194,MVB12A
29911,0.418083663676194,HOOK2
387978,0.417953265178385,LINC01551
116449,0.417953265178385,CLNK
51092,0.417953265178385,SIDT2
9321,0.417822866680576,TRIP11
7011,0.417822866680576,TEP1
54460,0.417718547882328,MRPS21
10724,0.417718547882328,OGA
340205,0.417614229084081,TREML1
50487,0.417614229084081,PLA2G3
114796,0.417535989985395,PSMG3-AS1
256643,0.417483830586272,BCLAF3
4338,0.417431671187148,MOCS2
100507392,0.4173273523889,SENCR
266743,0.4173273523889,NPAS4
84809,0.4173273523889,CROCCP2
54187,0.417223033590653,NANS
84678,0.417144794491967,KDM2B
25809,0.417144794491967,TTLL1
92255,0.417014395994158,LMBRD2
9777,0.417014395994158,TM9SF4
836,0.417014395994158,CASP3
51593,0.416910077195911,SRRT
64841,0.416857917796787,GNPNAT1
283989,0.416805758397663,TSEN54
55972,0.41675359899854,SLC25A40
79017,0.416701439599416,GGCT
196294,0.41662320050073,IMMP1L
26220,0.41662320050073,DGCR5
374286,0.416544961402045,FBXW10B
153684,0.416492802002921,ANXA2R-AS1
94101,0.416440642603797,ORMDL1
645249,0.416362403505112,MNX1-AS1
8799,0.416362403505112,PEX11B
101410538,0.416258084706864,MMP24OS
26012,0.416258084706864,NSMF
80700,0.416179845608179,UBXN6
388327,0.416101606509493,C17orf100
89870,0.416101606509493,TRIM15
51207,0.415997287711246,DUSP13
1632,0.415997287711246,ECI1
90784,0.41591904861256,NA
100507316,0.415840809513874,MINCR
51726,0.415840809513874,DNAJB11
51248,0.415762570415189,PDZD11
8448,0.415684331316503,DOC2A
3712,0.415684331316503,IVD
116254,0.415606092217818,GINM1
80204,0.41550177341957,FBXO11
51582,0.41550177341957,AZIN1
1748,0.41550177341957,DLX4
8761,0.415397454621323,PABPC4
92359,0.415293135823075,CRB3
64412,0.415293135823075,GZF1
9793,0.415293135823075,CKAP5
84818,0.415162737325266,IL17RC
58524,0.415162737325266,DMRT3
100130958,0.415032338827457,SYCE1L
79752,0.415032338827457,ZFAND1
9862,0.415032338827457,MED24
113230,0.414928020029209,MISP3
9641,0.414875860630086,IKBKE
219988,0.414823701230962,PATL1
129881,0.414771541831838,CFAP210
64746,0.414615063634467,ACBD3
64241,0.414615063634467,ABCG8
57472,0.414615063634467,CNOT6
9650,0.414615063634467,MTFR1
2740,0.414615063634467,GLP1R
80759,0.414458585437096,KHDC1
5701,0.414406426037972,PSMC2
78994,0.414328186939286,PRR14
29894,0.414328186939286,CPSF1
3352,0.414249947840601,HTR1D
493911,0.414197788441477,PHOSPHO2
153241,0.414119549342792,CEP120
84966,0.414119549342792,IGSF21
23517,0.414041310244106,MTREX
84068,0.41396307114542,SLC10A7
54940,0.41396307114542,OCIAD1
8539,0.413884832046735,API5
23518,0.413832672647611,R3HDM1
25865,0.413780513248487,PRKD2
116068,0.413728353849364,LYSMD3
22835,0.413650114750678,ZFP30
1775,0.413650114750678,DNASE1L2
163786,0.413571875651992,SASS6
387509,0.413467556853745,GPR153
8968,0.413467556853745,H3C7
271,0.413467556853745,AMPD2
57476,0.413311078656374,GRAMD1B
51367,0.413311078656374,POP5
9731,0.413311078656374,CEP104
79612,0.413206759858126,NAA16
128387,0.413102441059879,TATDN3
84164,0.413102441059879,ASCC2
4796,0.413102441059879,TONSL
221477,0.41297204256207,C6orf89
80741,0.41297204256207,LY6G5C
7161,0.412893803463384,TP73
91683,0.412815564364699,SYT12
84191,0.412815564364699,CIAO2A
5884,0.412737325266013,RAD17
144453,0.412659086167327,BEST3
79616,0.412659086167327,CCNJL
54551,0.41255476736908,MAGEL2
9802,0.41255476736908,DAZAP2
25979,0.412476528270394,DHRS7B
10290,0.412424368871271,SPEG
149603,0.412293970373461,RNF187
84450,0.412293970373461,ZNF512
64766,0.412293970373461,S100PBP
55852,0.412293970373461,TEX2
154313,0.41213749217609,CFAP206
55156,0.41213749217609,ARMC1
114971,0.412007093678281,PTPMT1
57715,0.412007093678281,SEMA4G
2543,0.412007093678281,GAGE1
149951,0.411876695180472,COMMD7
5669,0.411876695180472,PSG1
64132,0.411798456081786,XYLT2
389677,0.411694137283538,RBM12B
254827,0.411694137283538,NAALADL2
11196,0.411694137283538,SEC23IP
101929622,0.411563738785729,LOC101929622
58490,0.411563738785729,RPRD1B
51144,0.411485499687044,HSD17B12
7274,0.41143334028792,TTPA
101410535,0.411355101189234,LAMTOR5-AS1
54932,0.411355101189234,EXD3
54944,0.411276862090549,LINC01521
8629,0.411224702691425,JRK
100293516,0.411120383893178,ZNF587B
139716,0.411120383893178,GAB3
8562,0.411120383893178,DENR
9088,0.41101606509493,PKMYT1
9063,0.410963905695806,PIAS2
25814,0.410911746296683,ATXN10
102723166,0.410859586897559,STAM-DT
282969,0.410807427498435,FUOM
100287177,0.41072918839975,EML2-AS1
23265,0.41072918839975,EXOC7
54952,0.410650949301064,TRNAU1AP
55193,0.410572710202378,PBRM1
51660,0.410572710202378,MPC1
10818,0.410494471103693,FRS2
30012,0.410442311704569,TLX3
100506082,0.410364072605884,LINC02749
27237,0.410364072605884,ARHGEF16
283871,0.410285833507198,PGP
23141,0.410233674108074,ANKLE2
126668,0.410155435009389,TDRD10
10607,0.410155435009389,TBL3
642597,0.410077195910703,AKAIN1
11311,0.410025036511579,VPS45
9181,0.409972877112456,ARHGEF2
58478,0.409920717713332,ENOPH1
101929464,0.409842478614646,PHC2-AS1
94086,0.409842478614646,HSPB9
147727,0.409764239515961,ILF3-DT
84902,0.409712080116837,CEP89
169693,0.409659920717713,TMEM252
57835,0.40960776131859,SLC4A5
146691,0.409529522219904,TOM1L2
3888,0.409529522219904,KRT82
84557,0.409425203421657,MAP1LC3A
79414,0.409425203421657,LRFN3
386724,0.409346964322971,AMIGO3
414919,0.409294804923847,C8orf82
440498,0.409216565825162,HSBP1L1
129563,0.409216565825162,DIS3L2
23051,0.409112247026914,ZHX3
8812,0.409112247026914,CCNK
253430,0.409034007928229,IPMK
8029,0.408981848529105,CUBN
83786,0.408877529730858,FRMD8
55201,0.408877529730858,MAP1S
5936,0.408877529730858,RBM4
4627,0.40877321093261,MYH9
56995,0.408668892134363,TULP4
51082,0.408668892134363,POLR1D
8650,0.408668892134363,NUMB
57826,0.408564573336115,RAP2C
57456,0.408512413936991,KIAA1143
100287015,0.408408095138744,MCPH1-DT
63891,0.408408095138744,RNF123
57541,0.408408095138744,ZNF398
421,0.408303776340497,ARVCF
148254,0.408225537241811,ZNF555
127262,0.408225537241811,TPRG1L
283459,0.408121218443564,GATC
3030,0.408121218443564,HADHA
23039,0.408016899645316,XPO7
10327,0.408016899645316,AKR1A1
6050,0.407938660546631,RNH1
121391,0.407860421447945,KRT74
8273,0.407860421447945,SLC10A3
100505549,0.407730022950136,ATP8B1-AS1
148268,0.407730022950136,ZNF570
22976,0.407730022950136,PAXIP1
54107,0.407625704151888,POLE3
56971,0.407573544752764,CEACAM19
79080,0.407495305654079,CCDC86
7159,0.407495305654079,TP53BP2
100131814,0.40739098685583103,AHI1-DT
158866,0.40739098685583103,ZDHHC15
81853,0.407312747757146,TMEM14B
729177,0.40723450865846,NBAT1
10554,0.40723450865846,AGPAT1
768206,0.407156269559775,PRCD
3338,0.407078030461089,DNAJC4
2926,0.407078030461089,GRSF1
51364,0.406999791362403,ZMYND10
10174,0.40694763196328,SORBS3
51028,0.406895472564156,VPS36
388272,0.40681723346547,C16orf87
8705,0.40681723346547,B3GALT4
644139,0.406738994366785,PIRT
1349,0.406686834967661,COX7B
101928649,0.406634675568537,CTC-338M12.4
4670,0.406582516169414,HNRNPM
3938,0.40653035677029,LCT
54904,0.406478197371166,NSD3
57092,0.406426037972043,PCNP
58985,0.406347798873357,IL22RA1
55511,0.406347798873357,SAGE1
85437,0.40624348007511,ZCRB1
65990,0.40624348007511,ANTKMT
199953,0.406165240976424,TMEM201
51185,0.4061130815773,CRBN
22899,0.406060922178177,ARHGEF15
140460,0.405930523680367,ASB7
58486,0.405930523680367,ZBED5
2815,0.405930523680367,GP9
1147,0.405930523680367,CHUK
1453,0.405800125182558,CSNK1D
84524,0.405721886083872,ZC3H8
56203,0.405721886083872,LMOD3
9647,0.405643646985187,PPM1F
55049,0.405565407886501,REX1BD
5684,0.405565407886501,PSMA3
80264,0.405461089088254,ZNF430
1778,0.405461089088254,DYNC1H1
22927,0.405382849989568,HABP4
54887,0.405330690590444,UHRF1BP1
4358,0.405278531191321,MPV17
339751,0.405200292092635,MAP3K20-AS1
9861,0.405200292092635,PSMD6
84033,0.405095973294388,OBSCN
23307,0.405095973294388,FKBP15
732253,0.405017734195702,TDRG1
11101,0.404965574796578,ATE1
118490,0.404887335697893,MSS51
10933,0.404887335697893,MORF4L1
283310,0.404783016899645,OTOGL
27202,0.404783016899645,C5AR2
23513,0.404678698101398,SCRIB
9972,0.404678698101398,NUP153
55846,0.40457437930315,ITFG2
5739,0.40457437930315,PTGIR
101927597,0.404496140204465,NCK1-DT
63874,0.404443980805341,ABHD4
284361,0.404365741706656,EMC10
6988,0.404365741706656,TCTA
6904,0.404261422908408,TBCD
4650,0.404261422908408,MYO9B
342574,0.404183183809723,KRT27
85290,0.404131024410599,KRTAP4-3
3549,0.404078865011475,IHH
55746,0.404026705612351,NUP133
55853,0.403974546213228,IDI2-AS1
2806,0.403922386814104,GOT2
5316,0.40387022741498,PKNOX1
7434,0.403818068015856,VIPR2
161436,0.403739828917171,EML5
79847,0.403739828917171,MFSD13A
148252,0.403661589818485,DIRAS1
11283,0.4035833507198,CYP4F8
10471,0.4035833507198,PFDN6
55149,0.403505111621114,MTPAP
6418,0.403426872522429,SET
6158,0.403426872522429,RPL28
10616,0.403348633423743,RBCK1
780776,0.403296474024619,TVP23A
101928388,0.403244314625496,PLA2G4E-AS1
644656,0.403192155226372,LOC644656
22928,0.403139995827248,SEPHS2
63892,0.403087836428124,THADA
22832,0.403035677029001,CEP162
23164,0.402905278531191,MPRIP
7347,0.402905278531191,UCHL3
6880,0.402905278531191,TAF9
3281,0.402905278531191,HSBP1
79155,0.402722720634258,TNIP2
3233,0.402722720634258,HOXD4
359,0.402722720634258,AQP2
100506725,0.402618401836011,LINC03013
724102,0.402566242436887,SNHG4
1869,0.402514083037763,E2F1
58515,0.40246192363864,SELENOK
100507274,0.402409764239516,LINC01210
5245,0.402357604840392,PHB1
100144597,0.402305445441269,LINC01056
1622,0.402253286042145,DBI
54546,0.402148967243897,RNF186
3904,0.402148967243897,LAIR2
3364,0.402148967243897,HUS1
54765,0.40204464844565,TRIM44
56672,0.401940329647402,AKIP1
23431,0.401940329647402,AP4E1
5306,0.401940329647402,PITPNA
84925,0.401836010849155,SLC49A4
64776,0.401783851450031,C11orf1
8624,0.401731692050908,PSMG1
652968,0.401601293553098,CASTOR1
112950,0.401601293553098,MED8
10063,0.401601293553098,COX17
4351,0.401601293553098,MPI
126792,0.401470895055289,B3GALT6
6738,0.401418735656165,RO60
100507424,0.401366576257042,NA
55112,0.401288337158356,DYNC2I1
6601,0.401288337158356,SMARCC2
9351,0.401157938660547,SLC9A3R2
9166,0.401157938660547,EBAG9
5662,0.401157938660547,PSD
8315,0.401053619862299,BRAP
100505761,0.400949301064052,C10orf95-AS1
84532,0.400949301064052,ACSS1
8269,0.400949301064052,TMEM187
116985,0.400818902566242,ARAP1
54454,0.400818902566242,ATAD2B
64777,0.400740663467557,RMND5B
23072,0.400662424368871,HECW1
5510,0.400662424368871,PPP1R7
339416,0.400558105570624,ANKRD45
55187,0.400558105570624,VPS13D
23499,0.400479866471938,MACF1
23098,0.400427707072814,SARM1
140834,0.400375547673691,LINC01620
54499,0.400297308575005,TMCO1
10587,0.400297308575005,TXNRD2
55779,0.400192989776758,CFAP44
814,0.400192989776758,CAMK4
100130357,0.400062591278948,LOC100130357
65989,0.400062591278948,DLK2
1783,0.400062591278948,DYNC1LI2
101927972,0.399880033382015,FARS2-AS1
221914,0.399880033382015,GPC2
29090,0.399880033382015,TIMM21
23582,0.399880033382015,CCNDBP1
10401,0.399749634884206,PIAS3
100506274,0.399697475485082,LOC100506274
90135,0.399619236386397,BTBD6
63875,0.399619236386397,MRPL17
5716,0.399540997287711,PSMD10
50808,0.399462758189026,AK3
23613,0.399462758189026,ZMYND8
353355,0.399358439390778,ZNF233
2100,0.399358439390778,ESR2
442075,0.399254120592531,EMC3-AS1
5290,0.399254120592531,PIK3CA
6248,0.399175881493845,RSC1A1
57700,0.39909764239516,FHIP2A
23608,0.39909764239516,MKRN1
6736,0.399019403296474,SRY
643201,0.39896724389735,LOC643201
140453,0.398889004798665,MUC17
8034,0.398889004798665,SLC25A16
100130417,0.398732526601294,LINC02593
342926,0.398732526601294,ZNF677
6484,0.398732526601294,ST3GAL4
1482,0.398732526601294,NKX2-5
51727,0.398602128103484,CMPK1
79137,0.398523889004799,RETREG2
27146,0.398523889004799,FAM184B
57820,0.398367410807427,CCNB1IP1
22907,0.398367410807427,DHX30
8924,0.398367410807427,HERC2
4584,0.398367410807427,MUC3A
642475,0.398184852910494,MROH6
85313,0.398184852910494,PPIL4
84289,0.398184852910494,ING5
8559,0.398080534112247,PRPF18
55794,0.398002295013561,DDX28
5458,0.398002295013561,POU4F2
27287,0.397924055914876,VENTX
57708,0.397871896515752,MIER1
90799,0.397741498017943,CEP95
80023,0.397741498017943,NRSN2
55827,0.397741498017943,DCAF6
4717,0.397741498017943,NDUFC1
65977,0.39755894012101,PLEKHA3
51079,0.39755894012101,NDUFA13
4524,0.39755894012101,MTHFR
415116,0.397454621322762,PIM3
100506599,0.397376382224077,PPP1R26-AS1
8360,0.397376382224077,H4C4
3612,0.397272063425829,IMPA1
1140,0.397272063425829,CHRNB1
54554,0.39714166492802,WDR5B
10171,0.39714166492802,RCL1
1892,0.39714166492802,ECHS1
155051,0.397037346129773,CRYGN
55222,0.396959107031087,LRRC20
6448,0.396959107031087,SGSH
6137,0.396880867932401,RPL13
85013,0.396776549134154,TMEM128
84294,0.396776549134154,UTP23
4904,0.396776549134154,YBX1
54967,0.396672230335907,CT55
92106,0.396620070936783,OXNAD1
643836,0.396567911537659,ZFP62
57528,0.396515752138535,KCTD16
1327,0.396463592739412,COX4I1
26958,0.396411433340288,COPG2
84661,0.396359273941164,DPY30
7979,0.396281034842479,SEM1
554,0.396281034842479,AVPR2
7517,0.396176716044231,XRCC3
5116,0.396176716044231,PCNT
220082,0.396098476945546,CBY2
493753,0.395968078447736,COA5
139189,0.395968078447736,DGKK
29855,0.395968078447736,UBN1
8525,0.395968078447736,DGKZ
148156,0.395837679949927,ZNF558
6432,0.395759440851241,SRSF7
4636,0.395759440851241,MYL5
374654,0.395655122052994,KIF7
10916,0.395655122052994,MAGED2
114784,0.395576882954308,CSMD2
23759,0.395524723555185,PPIL2
100506054,0.395446484456499,RNASEH1-DT
4704,0.395446484456499,NDUFA9
25897,0.395368245357813,RNF19A
84236,0.395290006259128,RHBDD1
51077,0.395290006259128,FCF1
79831,0.39518568746088,KDM8
1939,0.39518568746088,EIF2D
154881,0.395081368662633,KCTD7
55109,0.395081368662633,AGGF1
3792,0.395003129563947,KEL
57578,0.394950970164824,UNC79
9866,0.3948988107657,TRIM66
283050,0.394846651366576,ZMIZ1-AS1
55246,0.394794491967453,CCDC25
145773,0.394716252868767,FAM81A
65268,0.394716252868767,WNK2
441295,0.394638013770081,OR2A9P
360023,0.394559774671396,ZBTB41
4908,0.394559774671396,NTF3
83930,0.394455455873148,STARD3NL
4731,0.394455455873148,NDUFV3
135250,0.394377216774463,RAET1E
6561,0.394325057375339,SLC13A1
80313,0.394220738577092,LRRC27
1850,0.394220738577092,DUSP8
1459,0.394220738577092,CSNK2A2
64926,0.394090340079282,RASAL3
51399,0.394090340079282,TRAPPC4
2746,0.394012100980597,GLUD1
23466,0.393881702482787,CBX6
11093,0.393881702482787,ADAMTS13
392,0.393881702482787,ARHGAP1
215,0.393881702482787,ABCD1
254228,0.393725224285416,CALHM5
84793,0.393725224285416,FOXD2-AS1
83450,0.393620905487169,DRC3
26058,0.393620905487169,GIGYF2
100505912,0.39349050698936,LOC100505912
440119,0.39349050698936,FZD10-AS1
2967,0.39349050698936,GTF2H3
25963,0.393386188191112,TMEM87A
54708,0.393334028791988,MARCHF5
83697,0.393281869392865,SLC4A9
112840,0.393229709993741,WDR89
6748,0.393177550594617,SSR4
79018,0.39307323179637,GID4
10300,0.39307323179637,KATNB1
8911,0.39307323179637,CACNA1I
574407,0.392968912998122,OBSCN-AS1
151300,0.392890673899437,LINC00608
10483,0.392890673899437,SEC23B
3376,0.392812434800751,IARS1
54896,0.392760275401627,SLC66A1
116541,0.392682036302942,MRPL54
9895,0.392682036302942,TECPR2
140838,0.392525558105571,NANP
123876,0.392525558105571,ACSM2A
84970,0.392525558105571,C1orf94
2016,0.392525558105571,EMX1
115752,0.392369079908199,DIS3L
6883,0.392369079908199,TAF12
25885,0.39223868141039,POLR1A
9094,0.39223868141039,UNC119
317,0.39223868141039,APAF1
89822,0.392108282912581,KCNK17
10233,0.392108282912581,LRRC23
8694,0.392003964114333,DGAT1
4618,0.392003964114333,MYF6
1452,0.391925725015648,CSNK1A1
219771,0.391847485916962,CCNY
140691,0.391847485916962,TRIM69
146542,0.391769246818277,ZNF688
26576,0.391717087419153,SRPK3
401647,0.391638848320467,GOLGA7B
2639,0.391638848320467,GCDH
57466,0.39153452952222,SCAF4
53938,0.39153452952222,PPIL3
53838,0.391430210723972,C11orf24
6182,0.391430210723972,MRPL12
124739,0.391351971625287,USP43
9617,0.391299812226163,MTRF1
93587,0.391247652827039,TRMT10A
81609,0.391195493427916,SNX27
9453,0.391143334028792,GGPS1
23099,0.391091174629668,ZBTB43
6636,0.391039015230545,SNRPF
129684,0.390986855831421,CNTNAP5
284323,0.390882537033173,ZNF780A
27148,0.390882537033173,STK36
8227,0.390882537033173,AKAP17A
57617,0.390778218234926,VPS18
168391,0.39069997913624,GALNTL5
10626,0.39069997913624,TRIM16
100287765,0.390543500938869,LINC00630
284076,0.390543500938869,TTLL6
51603,0.390543500938869,METTL13
10425,0.390543500938869,ARIH2
11188,0.390387022741498,NISCH
9154,0.390387022741498,SLC28A1
60386,0.390308783642812,SLC25A19
54819,0.390256624243689,ZCCHC10
348378,0.390178385145003,SHISAL2A
54793,0.390178385145003,KCTD9
2339,0.390100146046318,FNTA
10897,0.390047986647194,YIF1A
100132707,0.389969747548508,PAXIP1-AS2
80254,0.389969747548508,CEP63
9778,0.389891508449823,KIAA0232
29110,0.389787189651575,TBK1
25858,0.389787189651575,CATSPERZ
24148,0.389787189651575,PRPF6
51400,0.389656791153766,PPME1
23162,0.389656791153766,MAPK8IP3
163778,0.389500312956395,SPRR4
79810,0.389500312956395,PTCD2
79443,0.389500312956395,FYCO1
496,0.389500312956395,ATP4B
121838,0.389369914458585,NRAD1
441204,0.3892916753599,LINC02981
663,0.3892916753599,BNIP2
387856,0.389187356561652,CCDC184
3619,0.389187356561652,INCENP
339327,0.389083037763405,ZNF546
29988,0.389083037763405,SLC2A8
84814,0.388978718965158,PLPP7
8906,0.388978718965158,AP1G2
100506100,0.388900479866472,ZDHHC12-DT
7476,0.388848320467348,WNT7A
285888,0.388744001669101,CNPY1
225689,0.388744001669101,MAPK15
843,0.388744001669101,CASP10
170690,0.388639682870853,ADAMTS16
8099,0.388561443772168,CDK2AP1
2617,0.388561443772168,GARS1
205860,0.388483204673482,TRIML2
8263,0.388431045274358,F8A1
80326,0.388378885875235,WNT10A
55699,0.388326726476111,IARS2
146434,0.388274567076987,ZNF597
23160,0.388222407677864,WDR43
161394,0.388144168579178,SAMD15
81570,0.388144168579178,CLPB
285220,0.388039849780931,EPHA6
6666,0.388039849780931,SOX12
497258,0.387961610682245,BDNF-AS
100505776,0.387909451283121,LINC01541
8242,0.387857291883997,KDM5C
64342,0.387779052785312,HS1BP3
3104,0.387779052785312,ZBTB48
100216546,0.387648654287503,LINC01004
112724,0.387648654287503,RDH13
84063,0.387648654287503,KIRREL2
374470,0.387544335489255,C12orf42
119395,0.38746609639057,CALHM3
22889,0.38746609639057,KHDC4
27097,0.387387857291884,TAF5L
170463,0.387309618193198,SSBP4
83855,0.387309618193198,KLF16
79929,0.387205299394951,MAP6D1
7172,0.387205299394951,TPMT
11044,0.387127060296265,TENT4A
100506622,0.387074900897142,LINC00540
374877,0.386970582098894,TEX45
23625,0.386970582098894,FAM89B
6709,0.386970582098894,SPTAN1
1653,0.386866263300647,DDX1
55664,0.386814103901523,CDC37L1
83892,0.386735864802837,KCTD10
79618,0.386735864802837,HMBOX1
101927342,0.38663154600459,LOC101927342
158056,0.38663154600459,MAMDC4
10614,0.386553306905904,HEXIM1
84837,0.386475067807219,ARHGAP5-AS1
2969,0.386475067807219,GTF2I
102724814,0.386370749008971,AP1G2-AS1
1084,0.386370749008971,CEACAM3
6536,0.386266430210724,SLC6A9
47,0.386266430210724,ACLY
27102,0.386188191112038,EIF2AK1
9376,0.386136031712915,SLC22A8
30,0.386083872313791,ACAA1
29801,0.386031712914667,ZDHHC8
89845,0.385979553515544,ABCC10
54535,0.38592739411642,CCHCR1
643650,0.385875234717296,LINC00842
4724,0.385823075318172,NDUFS4
26511,0.385718756519925,CHIC2
23032,0.385718756519925,USP33
9114,0.385718756519925,ATP6V0D1
57555,0.385562278322554,NLGN2
51335,0.385562278322554,NGRN
20,0.385562278322554,ABCA2
6905,0.385457959524306,TBCE
118812,0.385301481326935,MORN4
55219,0.385301481326935,MACO1
8675,0.385301481326935,STX16
6427,0.385301481326935,SRSF2
5453,0.385301481326935,POU3F1
57546,0.385145003129564,PDP2
55507,0.38509284373044,GPRC5D
57621,0.385040684331316,ZBTB2
51106,0.384962445232631,TFB1M
1176,0.384962445232631,AP3S1
8288,0.384884206133945,EPX
158405,0.384753807636136,KIAA1958
84954,0.384753807636136,MPND
83732,0.384753807636136,RIOK1
55176,0.384753807636136,SEC61A2
83939,0.384623409138327,EIF2A
23673,0.384545170039641,STX12
22905,0.384545170039641,EPN2
606495,0.384466930940956,CYB5RL
9611,0.384414771541832,NCOR1
219731,0.384310452743584,PROSER2-AS1
10498,0.384310452743584,CARM1
6570,0.384310452743584,SLC18A1
100170765,0.384180054245775,ERICH4
401024,0.384180054245775,FSIP2
56984,0.38410181514709,PSMG2
94107,0.384049655747966,TMEM203
29942,0.38397141664928,PURG
4126,0.38397141664928,MANBA
51230,0.383893177550595,PHF20
282974,0.383736699353223,STK32C
148103,0.383736699353223,ZNF599
23761,0.383736699353223,PISD
6927,0.383736699353223,HNF1A
1388,0.383736699353223,ATF6B
29920,0.383580221155852,PYCR2
139596,0.383501982057167,UPRT
112703,0.383501982057167,GARIN5A
388135,0.383423742958481,INSYN1
390616,0.383319424160234,ANKRD34C
246243,0.383319424160234,RNASEH1
1104,0.383319424160234,RCC1
79842,0.383162945962862,ZBTB3
2879,0.383162945962862,GPX4
1537,0.383162945962862,CYC1
56998,0.383032547465053,CTNNBIP1
23380,0.383032547465053,SRGAP2
946,0.382954308366368,SIGLEC6
123228,0.382902148967244,SENP8
100505715,0.38284998956812,LOC100505715
116379,0.382797830168996,IL22RA2
285401,0.382745670769873,LINC00698
407042,0.382667431671187,MIR34C
80208,0.382667431671187,SPG11
101928784,0.38256311287294,RORA-AS1
8736,0.38256311287294,MYOM1
92249,0.382406634675569,LINC01278
23563,0.382406634675569,CHST5
10218,0.382406634675569,ANGPTL7
9656,0.382406634675569,MDC1
100129973,0.382276236177759,CERNA1
115509,0.382197997079074,ZNF689
50943,0.382197997079074,FOXP3
4302,0.382119757980388,MLLT6
51754,0.382015439182141,TMEM8B
29985,0.382015439182141,SLC39A3
2107,0.382015439182141,ETF1
101927051,0.381832881285208,PDXP-DT
124044,0.381832881285208,SPATA2L
57002,0.381832881285208,YAE1
9066,0.381832881285208,SYT7
221416,0.381650323388275,C6orf223
51292,0.381650323388275,GMPR2
6873,0.381650323388275,TAF2
220992,0.381519924890465,ZNF485
27166,0.381519924890465,PRELID1
127428,0.381389526392656,TCEANC2
126868,0.381389526392656,MAB21L3
5296,0.381389526392656,PIK3R2
53371,0.381285207594409,NUP54
373156,0.381180888796161,GSTK1
333929,0.381180888796161,SNAI3
201254,0.381180888796161,CENPX
25983,0.381050490298352,NGDN
6576,0.381050490298352,SLC25A1
221545,0.380972251199666,C6orf136
58529,0.380920091800542,MYOZ1
64400,0.380867932401419,AKTIP
440173,0.380815773002295,LINC02893
121273,0.380763613603171,C12orf54
57529,0.380685374504486,RTL9
55558,0.380685374504486,PLXNA3
9406,0.380581055706238,ZRANB2
9131,0.380581055706238,AIFM1
90835,0.380502816607553,CFAP119
253128,0.380398497809305,LINC00612
149041,0.380398497809305,RC3H1
27350,0.380398497809305,APOBEC3C
79696,0.380294179011058,ZC2HC1C
11282,0.380215939912372,MGAT4B
11132,0.380215939912372,CAPN10
51157,0.380137700813687,ZNF580
90326,0.380085541414563,THAP3
29095,0.380033382015439,ORMDL2
84826,0.379981222616315,SFT2D3
338657,0.379929063217192,CENATAC
100885775,0.379876903818068,BANCR
84890,0.379798664719382,ADO
84640,0.379798664719382,USP38
284390,0.379720425620697,ZNF763
4087,0.379668266221573,SMAD2
729082,0.379563947423326,OIP5-AS1
317762,0.379563947423326,CCDC85C
27198,0.379563947423326,HCAR1
55831,0.379459628625078,EMC3
7541,0.379407469225955,ZBTB14
414243,0.379329230127269,LINC00595
140735,0.379329230127269,DYNLL2
100272228,0.37919883162946,EOLA2-DT
284836,0.37919883162946,LINC00319
57099,0.37919883162946,AVEN
399948,0.378990194032965,COLCA1
9722,0.378990194032965,NOS1AP
8785,0.378990194032965,MATN4
8546,0.378990194032965,AP3B1
5683,0.378990194032965,PSMA2
6341,0.378833715835594,SCO1
51116,0.37878155643647,MRPS2
1107,0.378729397037346,CHD3
353,0.378677237638222,APRT
55592,0.378625078239099,GOLGA2P5
10943,0.378520759440851,MSL3
10039,0.378520759440851,PARP3
9330,0.378520759440851,GTF3C3
414235,0.378416440642604,DIP2C-AS1
100309464,0.378312121844356,OTX2-AS1
387644,0.378312121844356,FAM238C
91801,0.378312121844356,ALKBH8
283518,0.378207803046109,KCNRG
3801,0.378155643646985,KIFC3
152206,0.378103484247861,CCDC13
101929239,0.378051324848738,PACRG-AS2
54978,0.377999165449614,SLC35F6
641467,0.377920926350928,TSC22D1-AS1
56339,0.377920926350928,METTL3
8001,0.377842687252243,GLRA3
163589,0.377764448153557,TDRD5
5003,0.377764448153557,SLC22A18AS
122830,0.377686209054872,NAA30
54951,0.377634049655748,COMMD8
51574,0.377529730857501,LARP7
8664,0.377529730857501,EIF3D
7323,0.377529730857501,UBE2D3
79792,0.377399332359691,GSDMD
54468,0.377399332359691,MIOS
11073,0.377321093261006,TOPBP1
100316868,0.377268933861882,HOTTIP
100506994,0.377216774462758,PTPRG-AS1
91893,0.377164615063634,FDXACB1
29956,0.377112455664511,CERS2
100292680,0.377034216565825,LINC00942
376497,0.377034216565825,SLC27A1
100507194,0.376929897767578,LINC02525
255104,0.376929897767578,TMCO4
120379,0.376851658668892,PIH1D2
23195,0.376799499269768,MDN1
3268,0.376747339870645,AGFG2
91949,0.376669100771959,COG7
1477,0.376669100771959,CSTF1
57519,0.376590861673274,STARD9
57805,0.37653870227415,CCAR2
729296,0.376434383475902,LOC729296
285613,0.376434383475902,RELL2
80179,0.376434383475902,MYO19
84699,0.376330064677655,CREB3L3
219833,0.376251825578969,KCNJ5-AS1
57020,0.376251825578969,VPS35L
57017,0.376173586480284,COQ9
65265,0.376095347381598,C8orf33
26515,0.376095347381598,TIMM10B
138948,0.376017108282913,DBH-AS1
319101,0.375912789484665,KRT73
81491,0.375912789484665,GPR63
8073,0.375912789484665,PTP4A2
333926,0.375808470686418,PPM1J
84975,0.375730231587732,MFSD5
79830,0.375730231587732,ZMYM1
55017,0.375651992489047,C14orf119
27072,0.375573753390361,VPS41
23581,0.375573753390361,CASP14
101926888,0.375495514291675,RALY-AS1
92979,0.375391195493428,MARCHF9
23291,0.375391195493428,FBXW11
2875,0.375391195493428,GPT
54807,0.37528687669518,ZNF586
647309,0.375208637596495,GMNC
5837,0.375208637596495,PYGM
84153,0.375130398497809,RNASEH2C
60412,0.375052159399124,EXOC4
7155,0.375052159399124,TOP2B
55275,0.374973920300438,VPS53
100128071,0.374895681201753,FAM229A
283129,0.374895681201753,MAJIN
113179,0.374817442103067,ADAT3
343637,0.37471312330482,RSPO4
27035,0.37471312330482,NOX1
2747,0.37471312330482,GLUD2
116092,0.374608804506572,DNTTIP1
10856,0.374556645107448,RUVBL2
124801,0.374504485708325,LSM12
5373,0.374452326309201,PMM2
8352,0.374400166910077,H3C3
10444,0.374348007510953,ZER1
4210,0.37429584811183,MEFV
124411,0.374217609013144,KRBOX5
5096,0.374217609013144,PCCB
163227,0.374139369914459,ZNF100
51008,0.374087210515335,ASCC1
10991,0.374035051116211,SLC38A3
103091865,0.373930732317964,BRWD1-AS2
51321,0.373930732317964,AMZ2
11146,0.373930732317964,GLMN
79744,0.373826413519716,ZNF419
55069,0.373722094721469,TMEM248
27109,0.373722094721469,DMAC2L
9753,0.373722094721469,ZSCAN12
80000,0.37359169622366,GREB1L
8161,0.37359169622366,COIL
153328,0.37346129772585,SLC25A48
8527,0.37346129772585,DGKD
5439,0.37346129772585,POLR2J
121665,0.373356978927603,SPPL3
4863,0.373304819528479,NPAT
84190,0.373252660129355,METTL25
101929122,0.373148341331108,FNDC1-AS1
112849,0.373148341331108,L3HYPDH
9312,0.373148341331108,KCNB2
340596,0.37304402253286,LHFPL1
149685,0.372913624035051,ADIG
84823,0.372913624035051,LMNB2
10902,0.372913624035051,BRD8
10240,0.372913624035051,MRPS31
79053,0.37275714583768,ALG8
54467,0.37275714583768,ANKIB1
116255,0.372678906738994,MOGAT1
55035,0.372626747339871,NOL8
2771,0.372574587940747,GNAI2
9811,0.372496348842061,CTIF
7324,0.372496348842061,UBE2E1
284439,0.372392030043814,SLC25A42
3516,0.372392030043814,RBPJ
79849,0.372313790945128,PDZD3
3798,0.372261631546005,KIF5A
9825,0.372209472146881,SPATA2
80020,0.372157312747757,FOXRED2
23288,0.37205299394951,IQCE
4686,0.37205299394951,NCBP1
1302,0.37205299394951,COL11A2
83986,0.3719225954517,FAM234A
55726,0.3719225954517,INTS13
374291,0.371844356353015,NDUFS7
100132341,0.371740037554767,CLUHP3
54901,0.371740037554767,CDKAL1
25926,0.371740037554767,NOL11
100289230,0.371609639056958,LOC100289230
158960,0.371609639056958,ATP6AP1-DT
58491,0.371531399958273,ZNF71
85285,0.371479240559149,KRTAP4-1
23408,0.371427081160025,SIRT5
22920,0.371374921760901,KIFAP3
541565,0.371296682662216,C8orf58
53373,0.371296682662216,TPCN1
440993,0.37121844356353,MIR570HG
134359,0.371166284164406,POC5
124599,0.371088045065721,CD300LB
9820,0.371088045065721,CUL7
51024,0.370957646567912,FIS1
8545,0.370957646567912,CGGBP1
3996,0.370957646567912,LLGL1
155060,0.37080116837054,LOC155060
142689,0.37080116837054,ASB12
55174,0.37080116837054,INTS10
31,0.370696849572293,ACACA
54413,0.370644690173169,NLGN3
80789,0.370566451074484,INTS5
11181,0.370566451074484,TREH
126298,0.370462132276236,IRGQ
27069,0.370462132276236,GHITM
100126793,0.370357813477989,GHRLOS
8050,0.370357813477989,PDHX
389641,0.370279574379303,TNFRSF10A-DT
1769,0.370227414980179,DNAH8
84932,0.370123096181932,RAB2B
7528,0.370123096181932,YY1
6605,0.370123096181932,SMARCE1
201627,0.369992697684123,DENND6A
55014,0.369992697684123,STX17
4697,0.369914458585437,NDUFA4
400657,0.369836219486751,ZNF407-AS1
292,0.369836219486751,SLC25A5
79719,0.36967974128938,AAGAB
11318,0.36967974128938,GPR182
10531,0.36967974128938,PITRM1
9812,0.36967974128938,DELE1
146512,0.369549342791571,FLJ30679
5127,0.369497183392447,CDK16
23132,0.369445023993324,RAD54L2
54961,0.369366784894638,SSH3
5529,0.369366784894638,PPP2R5E
5593,0.369288545795952,PRKG2
8100,0.369236386396829,IFT88
27020,0.369158147298143,NPTN
23118,0.369158147298143,TAB2
100316904,0.369079908199458,SAP25
80324,0.36897558940121,PUS1
55847,0.36897558940121,CISD1
16,0.36897558940121,AARS1
9294,0.368845190903401,S1PR2
2693,0.368845190903401,GHSR
90246,0.368740872105153,LOC90246
10254,0.368740872105153,STAM2
221120,0.368662633006468,ALKBH3
254268,0.368584393907782,AKNAD1
84080,0.368584393907782,ENKD1
728591,0.368453995409973,CCDC169
25796,0.368453995409973,PGLS
11144,0.368453995409973,DMC1
93190,0.368323596912164,CFAP107
54960,0.368323596912164,GEMIN8
80320,0.368219278113916,SP6
55693,0.368219278113916,KDM4D
29944,0.368088879616107,PNMA3
4355,0.368088879616107,MPP2
4292,0.368088879616107,MLH1
57828,0.367984560817859,CATSPERG
387338,0.367906321719174,NSUN4
7738,0.367906321719174,ZNF184
102724927,0.367749843521803,LINC02861
56888,0.367749843521803,KCMF1
7993,0.367749843521803,UBXN8
4191,0.367749843521803,MDH2
283876,0.367593365324431,LINC00921
55709,0.367593365324431,KBTBD4
84976,0.367489046526184,DISP1
79726,0.367489046526184,WDR59
54622,0.367410807427498,ARL15
54550,0.367358648028375,NECAB2
80007,0.367280408929689,C10orf88
55343,0.367280408929689,SLC35C1
284309,0.367176090131442,ZNF776
169166,0.367176090131442,SNX31
643338,0.367019611934071,C15orf62
80308,0.367019611934071,FLAD1
53345,0.367019611934071,TM6SF2
4248,0.367019611934071,MGAT3
81571,0.366863133736699,MIR600HG
5824,0.366863133736699,PEX19
201229,0.36673273523889,LYRM9
23053,0.36673273523889,ZSWIM8
8178,0.36673273523889,ELL
79364,0.366602336741081,ZXDC
8481,0.366602336741081,OFD1
101927934,0.366524097642395,LINC01843
100137047,0.36644585854371,JMJD7
3836,0.36644585854371,KPNA1
2954,0.366367619445024,GSTZ1
441631,0.366289380346338,TSPAN11
79058,0.366289380346338,ASPSCR1
57187,0.366185061548091,THOC2
26123,0.366185061548091,TCTN3
101928222,0.366106822449405,WDR35-DT
4841,0.366054663050282,NONO
9924,0.366002503651158,PAN2
90480,0.365872105153349,GADD45GIP1
54732,0.365872105153349,TMED9
10476,0.365872105153349,ATP5PD
337,0.365872105153349,APOA4
10487,0.365741706655539,CAP1
9724,0.365663467556854,UTP14C
651,0.365663467556854,BMP3
28973,0.365559148758606,MRPS18B
6159,0.365559148758606,RPL29
286437,0.365428750260797,LOC286437
9583,0.365428750260797,ENTPD4
40,0.365428750260797,ASIC2
25998,0.36532443146255,IBTK
1770,0.365272272063426,DNAH9
10677,0.365220112664302,AVIL
57169,0.365141873565617,ZNFX1
1448,0.365141873565617,CSN3
90693,0.365063634466931,CCDC126
203062,0.365011475067807,TSNARE1
54494,0.364933235969122,C11orf71
10919,0.364933235969122,EHMT2
6901,0.364828917170874,TAFAZZIN
3029,0.364828917170874,HAGH
79586,0.364724598372627,CHPF
9607,0.364724598372627,CARTPT
83714,0.364620279574379,NRIP2
56993,0.364620279574379,TOMM22
349667,0.364542040475694,RTN4RL2
339,0.36448988107657,APOBEC1
1060,0.364437721677446,CENPC
51343,0.364333402879199,FZR1
26526,0.364333402879199,TSPAN16
9356,0.364333402879199,SLC22A6
55070,0.364229084080951,DET1
340578,0.364176924681828,DCAF12L2
1822,0.364124765282704,ATN1
29979,0.364046526184018,UBQLN1
9400,0.364046526184018,RECQL5
124989,0.363968287085333,EFCAB13
148581,0.363916127686209,UBE2U
55028,0.363837888587523,C17orf80
23463,0.363837888587523,ICMT
7329,0.363759649488838,UBE2I
8915,0.363707490089714,BCL10
127124,0.36365533069059,ATP6V1G3
6955,0.363603171291467,TRA
2583,0.363551011892343,B4GALNT1
55805,0.363472772793657,LRP2BP
55230,0.363472772793657,USP40
4931,0.363394533694972,NVL
101927406,0.363342374295848,LINC01821
27085,0.363290214896724,MTBP
101927074,0.363238055497601,LINC00682
100288181,0.363185896098477,LNCOC1
3483,0.363107656999791,IGFALS
2794,0.363107656999791,GNL1
728489,0.363029417901106,DNLZ
149986,0.362977258501982,LSM14B
642633,0.362925099102858,FAM230B
79816,0.362846860004173,TLE6
9904,0.362846860004173,RBM19
84326,0.362768620905487,METTL26
90324,0.362716461506363,CCDC97
29071,0.36266430210724,C1GALT1C1
100507290,0.362612142708116,ZNF865
101805491,0.362559983308992,LINC02583
6874,0.362507823909869,TAF4
284749,0.362455664510745,LINC00494
83638,0.362403505111621,C11orf68
7322,0.362351345712497,UBE2D2
51501,0.362299186313374,HIKESHI
112495,0.36224702691425,GTF3C6
100131825,0.362194867515126,CADM3-AS1
2923,0.362142708116003,PDIA3
101928551,0.362090548716879,LOC101928551
23020,0.362038389317755,SNRNP200
100506769,0.361934070519508,C10orf71-AS1
79573,0.361934070519508,TTC13
5969,0.361934070519508,REG1CP
342667,0.36182975172126,STAC2
9217,0.361777592322136,VAPB
57150,0.361725432923013,SMIM8
55208,0.361673273523889,DCUN1D2
222537,0.361621114124765,HS3ST5
7555,0.361568954725642,CNBP
1609,0.361516795326518,DGKQ
79675,0.361438556227832,FASTKD1
6894,0.361438556227832,TARBP1
127253,0.361334237429585,TYW3
126789,0.361334237429585,PUSL1
100128782,0.361255998330899,ERCC6L2-AS1
84128,0.361177759232214,WDR75
5981,0.361177759232214,RFC1
10728,0.361099520133528,PTGES3
3551,0.361047360734404,IKBKB
100233209,0.360969121635719,PCED1B-AS1
84684,0.360969121635719,INSM2
100131434,0.360890882537033,EOLA1-DT
101927151,0.360812643438348,LINC02987
27229,0.360812643438348,TUBGCP4
80199,0.360682244940538,FUZ
10694,0.360682244940538,CCT8
2804,0.360682244940538,GOLGB1
9203,0.360525766743167,ZMYM3
7514,0.360525766743167,XPO1
1261,0.360525766743167,CNGA3
100507495,0.360395368245358,SDCBP2-AS1
3018,0.360395368245358,H2BC3
144348,0.360317129146672,ZNF664
8326,0.360264969747549,FZD9
1350,0.360212810348425,COX7C
91689,0.360160650949301,SMDT1
135892,0.360108491550177,TRIM50
284106,0.360056332151054,CISD3
79077,0.359978093052368,DCTPP1
3939,0.359978093052368,LDHA
58500,0.359899853953682,ZNF250
26959,0.359821614854997,HBP1
1175,0.359821614854997,AP2S1
115024,0.359717296056749,NT5C3B
6868,0.359717296056749,ADAM17
6138,0.359639056958064,RPL15
84665,0.359560817859378,MYPN
10220,0.359560817859378,GDF11
142,0.359482578760693,PARP1
79969,0.359378259962445,ATAT1
9738,0.359378259962445,CCP110
5406,0.359378259962445,PNLIP
83881,0.359273941164198,MIXL1
442194,0.359221781765074,OR10C1
5036,0.35916962236595,PA2G4
55768,0.359039223868141,NGLY1
26048,0.359039223868141,ZNF500
6548,0.359039223868141,SLC9A1
1855,0.359039223868141,DVL1
10385,0.358908825370332,BTN2A2
2275,0.358856665971208,FHL3
3565,0.358804506572084,IL4
10311,0.358726267473399,VPS26C
5291,0.358726267473399,PIK3CB
4913,0.358648028374713,NTHL1
10867,0.358595868975589,TSPAN9
54958,0.358543709576466,TMEM160
284485,0.35846547047778,RIIAD1
25876,0.35846547047778,SPEF1
79915,0.358361151679533,ATAD5
8500,0.358361151679533,PPFIA1
81,0.358282912580847,ACTN4
112755,0.358230753181723,STX1B
374860,0.358100354683914,ANKRD30B
84215,0.358100354683914,ZNF541
57179,0.358100354683914,KIAA1191
3748,0.358100354683914,KCNC3
100288730,0.357943876486543,PAN3-AS1
9710,0.357943876486543,GARRE1
4357,0.357865637387857,MPST
101928673,0.357735238890048,PRDX6-AS1
57000,0.357735238890048,GSN-AS1
26223,0.357735238890048,FBXL21P
7643,0.357735238890048,ZNF90
1738,0.357604840392239,DLD
101927814,0.357526601293553,LOC101927814
5770,0.357526601293553,PTPN1
81566,0.357396202795744,CSRNP2
58497,0.357396202795744,PRUNE1
53407,0.357396202795744,STX18
84249,0.357265804297934,PSD2
25778,0.357265804297934,DSTYK
55157,0.357187565199249,DARS2
661,0.357135405800125,POLR3D
100505683,0.357083246401001,LINC01431
200205,0.357031087001878,IBA57
27107,0.356978927602754,ZBTB11
670,0.35692676820363,BPHL
79947,0.356874608804507,DHDDS
788,0.356822449405383,SLC25A20
125965,0.356770290006259,COX6B2
902,0.356718130607135,CCNH
26190,0.35663989150845,FBXW2
10427,0.35663989150845,SEC24B
3927,0.356561652409764,LASP1
57142,0.356431253911955,RTN4
26993,0.356431253911955,AKAP8L
10948,0.356431253911955,STARD3
8575,0.356431253911955,PRKRA
56666,0.356300855414146,PANX2
116085,0.356196536615898,SLC22A12
83449,0.356196536615898,PMFBP1
80059,0.356196536615898,LRRTM4
23394,0.356092217817651,ADNP
125061,0.355987899019403,AFMID
57605,0.355987899019403,PITPNM2
5000,0.355987899019403,ORC4
101927295,0.355883580221156,LINC01360
255119,0.355779261422908,CFAP299
138307,0.355779261422908,LCN8
9371,0.355779261422908,KIF3B
10009,0.355674942624661,ZBTB33
63948,0.355622783225537,DMRTB1
442721,0.355570623826414,LMOD2
64101,0.355492384727728,LRRC4
51710,0.355492384727728,ZNF44
8888,0.355414145629042,MCM3AP
10743,0.355361986229919,RAI1
101927115,0.355309826830795,LINC01933
101928304,0.355205508032547,LINC03002
84217,0.355205508032547,ZMYND12
63905,0.355205508032547,MANBAL
5155,0.3551011892343,PDGFB
9440,0.355049029835176,MED17
518,0.354996870436053,ATP5MC3
59336,0.354944711036929,PRDM13
3066,0.354892551637805,HDAC2
8464,0.354840392238681,SUPT3H
149345,0.354736073440434,SHISA4
118881,0.354736073440434,COMTD1
53919,0.354736073440434,SLCO1C1
221955,0.354605674942625,DAGLB
147968,0.354605674942625,CAPN12
284369,0.354475276444815,SIGLECL1
124790,0.354475276444815,HEXIM2
7380,0.354475276444815,UPK3A
158067,0.354370957646568,AK8
63923,0.354292718547882,TNN
22954,0.354292718547882,TRIM32
55038,0.354214479449197,CDCA4
4247,0.354162320050073,MGAT2
165545,0.354058001251826,DQX1
158801,0.354058001251826,NKAPP1
26240,0.354058001251826,FAM50B
29765,0.353953682453578,TMOD4
93653,0.353901523054454,ST7-AS1
117166,0.353823283955769,WFIKKN1
80013,0.353823283955769,MINDY3
80726,0.353745044857083,IQCN
79065,0.35369288545796,ATG9A
199692,0.353614646359274,ZNF627
79980,0.353614646359274,DSN1
93380,0.353510327561027,MMGT1
56919,0.353510327561027,DHX33
388780,0.353379929063217,LOC388780
25946,0.353379929063217,ZNF385A
7691,0.353379929063217,ZNF132
221443,0.35327561026497,OARD1
100507099,0.353197371166284,FRY-AS1
148223,0.353197371166284,C19orf25
7571,0.353119132067599,ZNF23
9651,0.353066972668475,PLCH2
135154,0.353014813269351,SDHAF4
387032,0.352936574170666,ZKSCAN4
5893,0.352936574170666,RAD52
6611,0.35285833507198,SMS
115727,0.352754016273733,RASGRP4
90288,0.352754016273733,EFCAB12
79635,0.352754016273733,CCDC121
9646,0.352649697475485,CTR9
27252,0.352571458376799,KLHL20
3581,0.352571458376799,IL9R
55288,0.352493219278114,RHOT1
79813,0.35244105987899,EHMT1
6390,0.352388900479866,SDHB
317648,0.352336741080743,NOP14-AS1
50488,0.352284581681619,MINK1
150365,0.352232422282495,MEI1
4190,0.352180262883372,MDH1
56848,0.352102023784686,SPHK2
23138,0.352102023784686,N4BP3
92609,0.351997704986439,TIMM50
80727,0.351997704986439,TTYH3
162494,0.351919465887753,RHBDL3
29125,0.351841226789067,C11orf21
9868,0.351841226789067,TOMM70
101927715,0.351762987690382,LINC01029
347730,0.351632589192573,LRRTM1
219743,0.351632589192573,TYSND1
81623,0.351632589192573,DEFB126
57595,0.351632589192573,PDZD4
26098,0.351502190694763,EDRF1
100129654,0.351450031295639,TCF24
7593,0.351397871896516,MZF1
120071,0.351345712497392,LARGE2
79802,0.351293553098268,HHIPL2
55621,0.351215313999583,TRMT1
27112,0.351215313999583,NALF2
7516,0.351137074900897,XRCC2
90338,0.351084915501773,ZNF160
3654,0.35103275610265,IRAK1
26821,0.350980596703526,SNORA74A
84926,0.350928437304402,SPRYD3
9816,0.350876277905279,URB2
10868,0.350824118506155,USP20
285547,0.350719799707907,LINC01097
90187,0.350719799707907,EMILIN3
55734,0.350719799707907,ZFP64
221491,0.350563321510536,SMIM29
65999,0.350563321510536,LRRC61
64838,0.350563321510536,FNDC4
4089,0.350459002712289,SMAD4
11068,0.350406843313165,CYB561D2
4892,0.350354683914041,NRAP
10438,0.350302524514918,C1D
9372,0.350250365115794,ZFYVE9
57716,0.35019820571667,PRX
9119,0.350146046317546,KRT75
6009,0.350093886918423,RHEB
5709,0.350041727519299,PSMD3
64960,0.349963488420613,MRPS15
6861,0.349963488420613,SYT5
8270,0.349859169622366,LAGE3
2798,0.349859169622366,GNRHR
340107,0.34978093052368,LINC02239
65109,0.349728771124557,UPF3B
54540,0.349650532025871,FAM193B
10658,0.349650532025871,CELF1
285268,0.349572292927186,ZNF621
257044,0.3494940538285,CATSPERE
6331,0.3494940538285,SCN5A
83479,0.349363655330691,DDX59
80745,0.349363655330691,THUMPD2
3703,0.349363655330691,STT3A
92104,0.349207177133319,TTC30A
26469,0.349207177133319,PTPN18
10623,0.349207177133319,POLR3C
4437,0.349102858335072,MSH3
4793,0.349050698935948,NFKBIB
101929212,0.348972459837263,SMIM2-AS1
285237,0.348972459837263,C3orf38
7827,0.348894220738577,NPHS2
51569,0.348815981639892,UFM1
8131,0.348815981639892,NPRL3
27175,0.348737742541206,TUBG2
116444,0.34865950344252,GRIN3B
113451,0.34865950344252,AZIN2
50628,0.348555184644273,GEMIN4
2658,0.348555184644273,GDF2
27098,0.348476945545587,CLUL1
147011,0.348398706446902,PROCA1
55039,0.348398706446902,TRMT12
23269,0.348320467348216,MGA
51524,0.348268307949092,TMEM138
284001,0.348190068850407,CCDC57
54957,0.348190068850407,TXNL4B
192683,0.348033590653036,SCAMP5
81631,0.348033590653036,MAP1LC3B
80298,0.348033590653036,MTERF2
80174,0.348033590653036,DBF4B
100507384,0.347798873356979,LOC100507384
59283,0.347798873356979,CACNG8
57501,0.347798873356979,CFAP92
11140,0.347798873356979,CDC37
6633,0.347798873356979,SNRPD2
130106,0.347642395159608,CIB4
1876,0.347590235760484,E2F6
144608,0.34753807636136,C12orf60
9361,0.347485916962237,LONP1
5516,0.347433757563113,PPP2CB
494115,0.347329438764865,RBMXL1
256281,0.347329438764865,NUDT14
92960,0.347329438764865,PEX11G
353500,0.347225119966618,BMP8A
647946,0.347172960567494,MIR924HG
100506791,0.347120801168371,LINC01511
6833,0.347068641769247,ABCC8
157657,0.346964322970999,CFAP418
140902,0.346964322970999,R3HDML
26206,0.346964322970999,SPAG8
5089,0.346860004172752,PBX2
284294,0.346755685374504,LINC01924
145258,0.346755685374504,GSC
2245,0.346755685374504,FGD1
51460,0.346599207177133,SFMBT1
6329,0.346599207177133,SCN4A
2548,0.346599207177133,GAA
100506840,0.346468808679324,IQCF4P
55811,0.346468808679324,ADCY10
223,0.346390569580638,ALDH9A1
51154,0.346338410181515,MRTO4
79258,0.346286250782391,MMEL1
104326055,0.346234091383267,APOA1-AS
100507524,0.346155852284582,ARHGEF26-AS1
140775,0.346155852284582,SMCR8
50717,0.346051533486334,DCAF8
5193,0.346051533486334,PEX12
124936,0.345895055288963,CYB5D2
23659,0.345895055288963,PLA2G15
10953,0.345895055288963,TOMM34
4548,0.345895055288963,MTR
29102,0.345764656791154,DROSHA
7411,0.34571249739203,VBP1
283987,0.345608178593783,HID1
50651,0.345608178593783,SLC45A1
26267,0.345608178593783,FBXO10
54734,0.345503859795535,RAB39A
80731,0.345451700396411,THSD7B
6051,0.345399540997288,RNPEP
64077,0.345347381598164,LHPP
2672,0.34529522219904,GFI1
51562,0.345243062799917,MBIP
55140,0.345190903400793,ELP3
83983,0.345138744001669,TSSK6
6555,0.345086584602545,SLC10A2
26145,0.345034425203422,IRF2BP1
10463,0.344982265804298,SLC30A9
91544,0.344930106405174,UBXN11
84365,0.344851867306489,NIFK
11180,0.344851867306489,WDR6
7203,0.344773628207803,CCT3
7385,0.344721468808679,UQCRC2
6531,0.344643229709994,SLC6A3
4946,0.344643229709994,OAZ1
26063,0.344564990611308,DECR2
23172,0.344486751512623,ABRAXAS2
9550,0.344486751512623,ATP6V1G1
140545,0.344408512413937,RNF32
6392,0.344356353014813,SDHD
129880,0.344278113916128,BBS5
158,0.344278113916128,ADSL
80332,0.344199874817442,ADAM33
23187,0.344147715418318,PHLDB1
54980,0.344095556019195,C2orf42
374407,0.344017316920509,DNAJB13
7369,0.344017316920509,UMOD
6010,0.343939077821823,RHO
90957,0.343834759023576,DHX57
2987,0.343834759023576,GUK1
997,0.343834759023576,CDC34
197131,0.343678280826205,UBR1
51250,0.343678280826205,MTRES1
6835,0.343678280826205,SURF2
54475,0.343547882328396,NLE1
51143,0.343547882328396,DYNC1LI1
10913,0.34346964322971,EDAR
255043,0.343417483830586,TMEM86B
117143,0.343313165032339,TADA1
55651,0.343313165032339,NHP2
23481,0.343313165032339,PES1
262,0.343208846234091,AMD1
60682,0.34315668683496803,SMAP1
84875,0.343104527435844,PARP10
127255,0.34305236803672,LRRIQ3
10782,0.343000208637597,ZNF274
57819,0.342921969538911,LSM2
2925,0.342921969538911,GRPR
2783,0.342843730440225,GNB2
79066,0.342713331942416,METTL16
56267,0.342713331942416,KYAT3
55257,0.342713331942416,MRGBP
7589,0.342713331942416,ZSCAN21
79176,0.342556853745045,FBXL15
9623,0.342556853745045,TCL1B
23096,0.342452534946797,IQSEC2
8661,0.342452534946797,EIF3A
162998,0.342374295848112,OR7D2
83787,0.342322136448988,ARMC10
56674,0.342269977049864,TMEM9B
57583,0.342217817650741,TMEM181
23139,0.342165658251617,MAST2
150962,0.342113498852493,PUS10
51368,0.342061339453369,TEX264
25938,0.342009180054246,HEATR5A
23583,0.341957020655122,SMUG1
55064,0.341904861255998,SPATA6L
440957,0.341852701856875,SMIM4
100507117,0.341800542457751,ASAP1-IT2
388394,0.341722303359065,RPRML
90226,0.341722303359065,UCN2
8538,0.34164406426038,BARX2
4713,0.341591904861256,NDUFB7
389895,0.34151366576257,LOC389895
55191,0.34151366576257,NADSYN1
81577,0.341435426663885,GFOD2
81688,0.341357187565199,C6orf62
10200,0.341357187565199,MPHOSPH6
200558,0.341278948466514,APLF
27094,0.341200709367828,KCNMB3
10522,0.341200709367828,DEAF1
51076,0.341122470269142,CUTC
55832,0.341070310870019,CAND1
84254,0.341018151470895,CAMKK1
57336,0.340965992071771,ZNF287
135458,0.340913832672648,HUS1B
116225,0.340861673273524,ZMYND19
133558,0.3408095138744,MROH2B
55623,0.340757354475276,THUMPD1
51085,0.340705195076153,MLXIPL
399818,0.340653035677029,EEF1AKMT2
100859930,0.340574796578343,HEIH
149233,0.340574796578343,IL23R
101928988,0.340470477780096,LOC101928988
613,0.340470477780096,BCR
441951,0.34039223868141,ZFAS1
55663,0.340340079282287,ZNF446
337878,0.340261840183601,KRTAP7-1
23201,0.340261840183601,FAM168A
7006,0.340183601084916,TEC
51246,0.340131441685792,SHISA5
2303,0.340079282286668,FOXC2
494513,0.339948883788859,PJVK
375341,0.339948883788859,C3orf62
28960,0.339948883788859,DCPS
305,0.339948883788859,ANXA2P3
221442,0.339818485291049,ADCY10P1
442213,0.339766325891926,PTCHD4
11345,0.339714166492802,GABARAPL2
374973,0.339662007093678,TEX38
146439,0.339609847694555,BICDL2
220388,0.339557688295431,CCDC89
84850,0.339505528896307,GLIS3-AS1
7587,0.339453369497183,ZNF37A
84105,0.33940121009806,PCBD2
100874195,0.339322970999374,DIAPH3-AS1
55321,0.339322970999374,TMEM74B
284306,0.339192572501565,ZNF547
126326,0.339192572501565,GIPC3
51112,0.339192572501565,TRAPPC12
155006,0.339088253703317,TMEM213
22847,0.339010014604632,ZNF507
10693,0.339010014604632,CCT6B
22919,0.338931775505946,MAPRE1
26507,0.338853536407261,CNNM1
10025,0.338853536407261,MED16
5148,0.338775297308575,PDE6G
6640,0.338697058209889,SNTA1
2074,0.338697058209889,ERCC6
284739,0.338592739411642,C20orf204
284615,0.338592739411642,ANKRD34A
9377,0.338514500312956,COX5A
10446,0.338462340913833,LRRN2
84108,0.338410181514709,PCGF6
100874194,0.338305862716462,CLDN10-AS1
6018,0.338305862716462,RLF
6017,0.338305862716462,RLBP1
55233,0.338201543918214,MOB1A
284297,0.338071145420405,SSC5D
29800,0.338071145420405,ZDHHC1
10575,0.338071145420405,CCT4
7419,0.338071145420405,VDAC3
9657,0.337940746922595,IQCB1
90075,0.337888587523472,ZNF30
347853,0.337810348424786,TBX10
84934,0.337810348424786,RITA1
113278,0.337732109326101,SLC52A3
2002,0.337679949926977,ELK1
53944,0.337601710828291,CSNK1G1
11164,0.337601710828291,NUDT5
80852,0.337523471729606,GRIP2
84516,0.337471312330482,DCTN5
55218,0.337419152931358,EXD2
83637,0.337366993532234,ZMIZ2
57147,0.337288754433549,SCYL3
8312,0.337288754433549,AXIN1
55744,0.337184435635301,COA1
8677,0.337184435635301,STX10
26057,0.337080116837054,ANKRD17
9337,0.337080116837054,CNOT8
29895,0.336949718339245,MYLPF
7542,0.336949718339245,ZFPL1
4800,0.336949718339245,NFYA
100507291,0.336819319841435,COPB2-DT
374569,0.336819319841435,ASPG
148645,0.336715001043188,ICMT-DT
2130,0.336715001043188,EWSR1
79591,0.336610682244941,ARMH3
51559,0.336610682244941,NT5DC3
131920,0.336506363446693,TMEM207
6276,0.336506363446693,S100A5
4012,0.336428124348008,LNPEP
10162,0.336375964948884,LPCAT3
10336,0.33632380554976,PCGF3
84991,0.336245566451075,RBM17
58190,0.336245566451075,CTDSP1
10466,0.336141247652827,COG5
10214,0.336141247652827,SSX3
5689,0.336063008554141,PSMB1
203259,0.335958689755894,FAM219A
64976,0.335958689755894,MRPL40
10589,0.335958689755894,DRAP1
9196,0.335854370957647,KCNAB3
254128,0.335750052159399,NIFK-AS1
91754,0.335750052159399,NEK9
5636,0.335750052159399,PRPSAP2
388951,0.33561965366159,TSPYL6
1979,0.33561965366159,EIF4EBP2
10274,0.335515334863342,STAG1
7314,0.335515334863342,UBB
22844,0.335437095764657,FRMPD1
53336,0.335332776966409,CPXCR1
10885,0.335332776966409,WDR3
4625,0.335332776966409,MYH7
11280,0.335228458168162,SCN11A
11238,0.335176298769038,CA5B
84901,0.335098059670353,NFATC2IP
51657,0.335098059670353,STYXL1
134145,0.334993740872105,ATPSCKMT
84549,0.334993740872105,MAK16
10284,0.33491550177342,SAP18
90850,0.334811182975172,ZNF598
55634,0.334811182975172,KRBOX4
303,0.334811182975172,ANXA2P1
100507475,0.334680784477363,IDH1-AS1
54539,0.334680784477363,NDUFB11
414236,0.334550385979553,C10orf55
145483,0.334550385979553,FAM161B
3891,0.334550385979553,KRT85
9024,0.334446067181306,BRSK2
114783,0.334341748383059,LMTK3
5160,0.334341748383059,PDHA1
4817,0.334341748383059,NIT1
7710,0.334237429584811,ZNF154
8724,0.334185270185687,SNX3
84456,0.334107031087002,L3MBTL3
4779,0.334107031087002,NFE2L1
79886,0.334002712288754,CAAP1
6996,0.334002712288754,TDG
9855,0.333924473190069,FARP2
85366,0.333872313790945,MYLK2
79763,0.333820154391821,ISOC2
51650,0.333767994992698,MRPS33
23473,0.333689755894012,CAPN7
5707,0.333689755894012,PSMD1
4843,0.333611516795327,NOS2
54471,0.333559357396203,MIEF1
23358,0.333507197997079,USP24
5313,0.333455038597955,PKLR
222950,0.333402879198832,NYAP1
91368,0.333324640100146,CDKN2AIPNL
1891,0.333324640100146,ECH1
101928505,0.333194241602337,LOC101928505
84924,0.333194241602337,ZNF566
84792,0.333194241602337,FAM220A
5164,0.333089922804089,PDK2
84501,0.333037763404966,SPIRE2
58483,0.332985604005842,LINC00474
10297,0.332933444606718,APC2
100505975,0.332881285207594,ENO1-AS1
100505967,0.332829125808471,LINC00645
7140,0.332776966409347,TNNT3
729515,0.3326726476111,TMEM242
51253,0.3326726476111,MRPL37
25820,0.3326726476111,ARIH1
54663,0.332568328812852,WDR74
84224,0.332437930315043,NBPF3
25956,0.332437930315043,SEC31B
7709,0.332437930315043,ZBTB17
3758,0.332437930315043,KCNJ1
26100,0.332307531817233,WIPI2
100859921,0.33225537241811,LINC00536
1005,0.332203213018986,CDH7
374882,0.332151053619862,TMEM205
7733,0.332098894220739,ZNF180
101060200,0.331968495722929,ZNF891
84876,0.331968495722929,ORAI1
79800,0.331968495722929,CARF
8295,0.331968495722929,TRRAP
23595,0.331812017525558,ORC3
7109,0.331812017525558,TRAPPC10
516,0.331733778426873,ATP5MC1
196446,0.331681619027749,MYRFL
151742,0.331629459628625,PPM1L
8367,0.331525140830378,H4C5
3361,0.331525140830378,HTR5A
2314,0.331525140830378,FLII
100506380,0.331394742332568,RNF32-DT
729420,0.331394742332568,LMO7DN
254173,0.331316503233883,TTLL10
79856,0.331264343834759,SNX22
7047,0.331212184435635,TGM4
55703,0.331160025036512,POLR3B
26519,0.331107865637388,TIMM10
55624,0.331055706238264,POMGNT1
222962,0.33100354683914,SLC29A4
116988,0.330951387440017,AGAP3
257240,0.330873148341331,KLHL34
63922,0.330873148341331,CHTF18
4708,0.330794909242646,NDUFB2
60625,0.33071667014396,DHX35
8717,0.33071667014396,TRADD
25961,0.330638431045274,NUDT13
8443,0.330586271646151,GNPAT
118987,0.330534112247027,PDZD8
51057,0.330455873148341,WDPCP
25862,0.330455873148341,USP49
55052,0.330377634049656,MRPL20
101928837,0.330247235551846,TSKU-AS1
259240,0.330247235551846,WFDC9
26502,0.330247235551846,NARF
10917,0.330247235551846,BTNL3
220064,0.330090757354475,LTO1
204474,0.330090757354475,PDILT
9112,0.33001251825579,MTA1
3360,0.329960358856666,HTR4
11104,0.329908199457542,KATNA1
100505811,0.329777800959733,LINC02148
23354,0.329777800959733,HAUS5
22853,0.329777800959733,LMTK2
9917,0.329777800959733,FAM20B
101929153,0.329647402461924,LINC02114
7143,0.3295952430628,TNR
60490,0.329543083663676,PPCDC
125111,0.329464844564991,GJD3
64066,0.329464844564991,MMP27
94160,0.329386605466305,ABCC12
54859,0.329334446067181,ELP6
754,0.329282286668058,PTTG1IP
400620,0.329230127268934,LINC02092
100507300,0.32917796786981,ALKBH3-AS1
100507057,0.329125808470686,MELTF-AS1
142679,0.329073649071563,DUSP19
101929074,0.329021489672439,PIK3CD-AS2
23512,0.328943250573753,SUZ12
7182,0.328943250573753,NR2C2
283197,0.328865011475068,LINC00301
127294,0.328786772376382,MYOM3
81556,0.328786772376382,INTS14
375196,0.328708533277697,LOC375196
1489,0.328656373878573,CTF1
348807,0.328525975380764,CFAP100
284459,0.328525975380764,ZNF875
55684,0.328525975380764,RABL6
8479,0.328525975380764,HIRIP3
51585,0.328343417483831,PCF11
2623,0.328343417483831,GATA1
1185,0.328343417483831,CLCN6
283933,0.328239098685583,ZNF843
23019,0.328186939286459,CNOT1
23125,0.328134779887336,CAMTA2
85452,0.328082620488212,CFAP74
56922,0.328030461089088,MCCC1
79760,0.327978301689965,GEMIN7
79948,0.327926142290841,PLPPR3
125476,0.327873982891717,INO80C
346157,0.327821823492593,ZNF391
8189,0.32776966409347,SYMPK
3141,0.327717504694346,HLCS
115704,0.327665345295222,EVI5L
23102,0.327587106196537,TBC1D2B
10363,0.327587106196537,HMG20A
375035,0.327508867097851,SFT2D2
11011,0.327456707698727,TLK2
79649,0.327404548299604,MAP7D3
6827,0.327326309200918,SUPT4H1
6345,0.327326309200918,SRL
100379661,0.327221990402671,GRIK1-AS2
6233,0.327221990402671,RPS27A
339894,0.327091591904861,LINC00880
27348,0.327091591904861,TOR1B
10871,0.327091591904861,CD300C
9183,0.326961193407052,ZW10
2901,0.326961193407052,GRIK5
100506433,0.326856874608805,LINC00648
100126791,0.326856874608805,EGOT
60676,0.326726476110995,PAPPA2
57704,0.326726476110995,GBA2
50484,0.326726476110995,RRM2B
9253,0.326622157312748,NUMBL
219931,0.3265178385145,TPCN2
116064,0.3265178385145,LRRC58
869,0.3265178385145,CBLN1
339260,0.326361360317129,LOC339260
123879,0.326361360317129,DCUN1D3
50854,0.326361360317129,SNHG32
9141,0.32623096181932,PDCD5
7135,0.32623096181932,TNNI1
285498,0.326126643021072,RNF212
83723,0.326126643021072,TLCD3B
7417,0.326048403922387,VDAC2
5467,0.325996244523263,PPARD
57010,0.325918005424577,CABP4
7454,0.325918005424577,WAS
51634,0.32581368662633,RBMX2
25895,0.32581368662633,EEF1AKMT3
5434,0.325709367828083,POLR2E
4729,0.325709367828083,NDUFV2
147912,0.325605049029835,SIX5
8939,0.325605049029835,FUBP3
79585,0.32552680993115,CORO7
101927599,0.325474650532026,ZNF529-AS1
3073,0.325422491132902,HEXA
27133,0.325370331733778,KCNH5
129285,0.325318172334655,PPP1R21
55325,0.325266012935531,UFSP2
146754,0.325187773836845,DNAH2
10294,0.325187773836845,DNAJA2
131616,0.32510953473816,TMEM42
64840,0.325031295639474,PORCN
7809,0.325031295639474,BSND
55048,0.324953056540789,VPS37C
11321,0.324900897141665,GPN1
51149,0.324848737742541,MRNIP
3265,0.324796578343417,HRAS
115426,0.324744418944294,UHRF2
400566,0.32469225954517,C17orf97
10632,0.324640100146046,ATP5MG
402055,0.324587940746923,SRRD
51227,0.324535781347799,PIGP
7569,0.324483621948675,ZNF182
246330,0.324431462549551,PELI3
63973,0.324379303150428,NEUROG2
100287932,0.324327143751304,TIMM23
79143,0.32427498435218,MBOAT7
64150,0.324222824953057,DIO3OS
5763,0.324144585854371,PTMS
2909,0.324144585854371,ARHGAP35
84656,0.324066346755685,GLYR1
64121,0.324014187356562,RRAGC
7038,0.323962027957438,TG
57128,0.323909868558314,LYRM4
100129662,0.323831629459629,FGF13-AS1
5426,0.323831629459629,POLE
26009,0.323753390360943,ZZZ3
100874205,0.323701230961819,ATP11A-AS1
80724,0.323622991863134,ACAD10
2068,0.323622991863134,ERCC2
64405,0.323544752764448,CDH22
201516,0.323492593365324,ZSCAN4
152877,0.323414354266639,FAM53A
5531,0.323414354266639,PPP4C
29843,0.323336115167953,SENP1
83866,0.32328395576883,TTTY11
100862704,0.323231796369706,RB1-DT
100885781,0.323127477571458,LINC00348
51021,0.323127477571458,MRPS16
2585,0.323127477571458,GALK2
55015,0.32302315877321103,PRPF39
342918,0.322970999374087,C19orf81
440078,0.322892760275402,FAM66C
54881,0.322892760275402,TEX10
374907,0.322788441477154,B3GNT8
6134,0.322788441477154,RPL10
56949,0.322710202378469,XAB2
283160,0.32265804297934497,OR8D2
122664,0.322605883580221,TPPP2
83448,0.322553724181097,PUS7L
55250,0.322501564781974,ELP2
29066,0.32244940538285,ZC3H7A
151278,0.322397245983726,CCDC140
55006,0.322292927185479,TRMT61B
54902,0.322292927185479,TTC19
5576,0.322292927185479,PRKAR2A
284346,0.32216252868767,ZNF575
27199,0.32216252868767,OXGR1
51031,0.322084289588984,GLOD4
92675,0.32203213018986,DTD1
23769,0.321979970790736,FLRT1
80128,0.321927811391613,TRIM46
2782,0.321875651992489,GNB1
100630918,0.321823492593365,PARTICL
29889,0.321771333194242,GNL2
51510,0.321693094095556,CHMP5
8402,0.321693094095556,SLC25A11
283152,0.321588775297309,CCDC153
84752,0.321588775297309,B3GNT9
22794,0.321510536198623,CASC3
3064,0.321458376799499,HTT
10199,0.321406217400376,MPHOSPH10
5437,0.321354058001252,POLR2H
51447,0.321275818902566,IP6K2
5535,0.321275818902566,PPP3R2
92799,0.321171500104319,SHKBP1
23214,0.321171500104319,XPO6
10939,0.321093261005633,AFG3L2
5598,0.32104110160651,MAPK7
3633,0.320988942207386,INPP5B
10803,0.320936782808262,CCR9
100505641,0.320884623409138,FGD5-AS1
248,0.320832464010015,ALPI
23014,0.320780304610891,FBXO21
118672,0.320702065512205,PSTK
80152,0.320702065512205,CENPT
64145,0.32062382641352,RBSN
10629,0.320571667014396,TAF6L
5878,0.320519507615272,RAB5C
3754,0.320441268516587,KCNF1
438,0.320441268516587,ASMT
50626,0.320363029417901,CYHR1
100507062,0.320284790319216,PSMD6-AS2
10944,0.320284790319216,C11orf58
5987,0.32020655122053,TRIM27
1315,0.320154391821406,COPB1
7978,0.320102232422282,MTERF1
23379,0.320050073023159,ICE1
101928847,0.319919674525349,LOC101928847
84681,0.319919674525349,HINT2
9730,0.319919674525349,DCAF1
6469,0.319919674525349,SHH
284402,0.319763196327978,SCGB2B2
124454,0.319763196327978,EARS2
10585,0.319658877529731,POMT1
7389,0.319658877529731,UROD
9189,0.319580638431045,ZBED1
1859,0.319528479031922,DYRK1A
4677,0.319476319632798,NARS1
54345,0.319424160233674,SOX18
84967,0.319345921134988,LSM10
80135,0.319345921134988,RPF1
144110,0.319267682036303,TMEM86A
130557,0.319215522637179,ZNF513
92345,0.319163363238055,NAF1
9354,0.31908512413937,UBE4A
904,0.31908512413937,CCNT1
55299,0.319006885040684,BRIX1
164045,0.318928645941999,HFM1
93556,0.318928645941999,EGFEM1P
51150,0.318850406843313,SDF4
140825,0.318772167744628,NEURL2
56165,0.318772167744628,TDRD1
5868,0.318693928645942,RAB5A
729956,0.318641769246818,SHISA7
140467,0.318589609847695,ZNF358
3344,0.318537450448571,FOXN2
81550,0.318485291049447,TDRD3
283464,0.318433131650323,GXYLT1
80243,0.3183809722512,PREX2
26118,0.318328812852076,WSB1
101927167,0.318276653452952,GATA2-AS1
7067,0.318224494053829,THRA
101928378,0.318172334654705,PTOV1-AS2
25940,0.318120175255581,FAM98A
79587,0.318068015856457,CARS2
79339,0.318015856457334,OR51B4
728882,0.317937617358648,FAM182B
51282,0.317937617358648,SCAND1
170082,0.317859378259962,TCEANC
399821,0.317807218860839,EDRF1-DT
84124,0.317755059461715,ZNF394
27089,0.317702900062591,UQCRQ
10741,0.317650740663468,RBBP9
101927953,0.317598581264344,EPIST
8480,0.317494262466096,RAE1
3052,0.317494262466096,HCCS
28,0.317494262466096,ABO
79815,0.317389943667849,NIPAL2
146177,0.317285624869601,VWA3A
23417,0.317285624869601,MLYCD
5833,0.317285624869601,PCYT2
1760,0.317181306071354,DMPK
643641,0.31712914667223,ZNF862
150159,0.317050907573545,SLC9B1
26286,0.317050907573545,ARFGAP3
140699,0.316946588775297,MROH8
57731,0.316946588775297,SPTBN4
60561,0.316868349676612,RINT1
285753,0.316764030878364,CEP57L1
10467,0.316764030878364,ZNHIT1
4714,0.316764030878364,NDUFB8
55254,0.316633632380555,TMEM39A
51184,0.316633632380555,GPN3
8408,0.316555393281869,ULK1
50939,0.316503233882746,IMPG2
51434,0.316451074483622,ANAPC7
58496,0.316398915084498,LY6G5B
115110,0.316346755685375,TNFRSF14-AS1
150677,0.316242436887127,OTOS
9533,0.316242436887127,POLR1C
6524,0.316242436887127,SLC5A2
55905,0.316112038389318,RNF114
55315,0.316112038389318,SLC29A3
9625,0.316033799290632,AATK
26019,0.315981639891508,UPF2
10179,0.315929480492385,RBM7
51022,0.315877321093261,GLRX2
9853,0.315825161694137,RUSC2
84881,0.315773002295014,RPUSD4
5886,0.31572084289589,RAD23A
285830,0.315642603797204,HLA-F-AS1
3735,0.315642603797204,KARS1
55818,0.315538284998957,KDM3A
1180,0.315538284998957,CLCN1
54514,0.315433966200709,DDX4
11021,0.315433966200709,RAB35
23483,0.315355727102024,TGDS
10229,0.3153035677029,COQ7
25799,0.315251408303776,ZNF324
55915,0.315173169205091,LANCL2
55152,0.315173169205091,DALRD3
165082,0.315068850406843,ADGRF3
26254,0.315068850406843,OPTC
55200,0.314990611308158,PLEKHG6
9789,0.314938451909034,SPCS2
130916,0.31488629250991,MTERF4
79894,0.314834133110787,ZNF672
84726,0.314781973711663,PRRC2B
100507537,0.314729814312539,STRIT1
252983,0.314677654913415,STXBP4
56181,0.314625495514292,MTFR1L
100507050,0.314547256415606,TPBGL
7746,0.314547256415606,ZSCAN9
728294,0.314442937617359,D2HGDH
1398,0.314442937617359,CRK
9557,0.314364698518673,CHD1L
126433,0.314286459419988,FBXO27
9001,0.314286459419988,HAP1
79747,0.31418214062174,ADGB
51067,0.31418214062174,YARS2
25824,0.314103901523054,PRDX5
10566,0.313999582724807,AKAP3
9913,0.313999582724807,SUPT7L
6627,0.313999582724807,SNRPA1
401474,0.313869184226998,SAMD12
8646,0.313869184226998,CHRD
51374,0.31376486542875,ATRAID
51308,0.31376486542875,REEP2
101928607,0.313634466930941,TRPM2-AS
100506680,0.313634466930941,SACS-AS1
51222,0.313634466930941,ZNF219
55654,0.313530148132694,TMEM127
80227,0.31347798873357,PAAF1
112483,0.313425829334446,SAT2
100996597,0.313373669935322,LINC00690
7059,0.313321510536199,THBS3
64091,0.313243271437513,POPDC2
6626,0.313243271437513,SNRPA
10072,0.313165032338827,DPP3
339669,0.313112872939704,TEX33
90321,0.313034633841018,ZNF766
64863,0.313034633841018,METTL4
55100,0.312956394742333,WDR70
92856,0.312904235343209,IMP4
2287,0.312852075944085,FKBP3
29925,0.312799916544961,GMPPB
650669,0.312721677446276,GAS6-AS1
2121,0.312721677446276,EVC
126123,0.31264343834759,IZUMO2
124056,0.312591278948466,NOXO1
79736,0.312539119549343,TEFM
727800,0.312486960150219,RNF208
10552,0.312408721051534,ARPC1A
10432,0.312408721051534,RBM14
64975,0.312330481952848,MRPL41
442028,0.3122261631546,LOC442028
158787,0.3122261631546,RIBC1
5202,0.3122261631546,PFDN2
121053,0.312095764656791,NOPCHAP1
56957,0.312095764656791,OTUD7B
283643,0.311913206759858,TEDC1
84645,0.311913206759858,C22orf23
81847,0.311913206759858,RNF146
23042,0.311913206759858,PDXDC1
1161,0.311913206759858,ERCC8
124997,0.311756728562487,WDR81
11092,0.311678489463801,SPACA9
5691,0.311678489463801,PSMB3
170961,0.311600250365116,ANKRD24
100506457,0.311548090965992,MIR3681HG
2843,0.311495931566868,GPR20
51239,0.311443772167745,ANKRD39
84759,0.311391612768621,PCGF1
55135,0.311339453369497,WRAP53
79188,0.311287293970373,TMEM43
223117,0.31123513457125,SEMA3D
84154,0.311182975172126,RPF2
5191,0.311130815773002,PEX7
1044,0.311078656373879,CDX1
100528062,0.310974337575631,ARMCX5-GPRASP2
199870,0.310974337575631,FAM76A
51244,0.310974337575631,CCDC174
2091,0.310870018777384,FBL
2178,0.31081785937826,FANCE
643988,0.310739620279574,FNDC10
222698,0.310739620279574,NKAPL
283345,0.310661381180889,RPL13P5
57095,0.310609221781765,PITHD1
375757,0.310557062382641,SWI5
51300,0.310504902983518,TIMMDC1
284661,0.310452743584394,LINC01777
729683,0.310374504485708,LOC729683
158399,0.310374504485708,ZNF483
6442,0.310296265387023,SGCA
9704,0.310218026288337,DHX34
105,0.310218026288337,ADARB2
79631,0.31011370749009,EFL1
26128,0.31011370749009,KIFBP
114827,0.310035468391404,FHAD1
128061,0.309931149593157,C1orf131
9826,0.309931149593157,ARHGEF11
4868,0.309931149593157,NPHS1
2286,0.309774671395786,FKBP2
1716,0.309774671395786,DGUOK
826,0.309774671395786,CAPNS1
54472,0.309670352597538,TOLLIP
22863,0.309618193198414,ATG14
84271,0.309539954099729,POLDIP3
2692,0.309539954099729,GHRHR
441355,0.309461715001043,MIR2052HG
100289187,0.309383475902358,TMEM225B
79820,0.309383475902358,CATSPERB
91252,0.30927915710411,SLC39A13
84950,0.30927915710411,PRPF38A
28972,0.309200918005425,SPCS1
9277,0.309148758606301,WDR46
100505741,0.30899228040893,SPATA1
401262,0.30899228040893,CRIP3
112858,0.30899228040893,TP53RK
84083,0.30899228040893,ZRANB3
10489,0.30899228040893,LRRC41
85481,0.308835802211559,PSKH2
84727,0.308783642812435,SPSB2
10627,0.308731483413311,MYL12A
8881,0.308679324014187,CDC16
54802,0.308627164615064,TRIT1
101927164,0.30857500521594,LOC101927164
199746,0.308470686417692,U2AF1L4
51123,0.308470686417692,ZNF706
322,0.308470686417692,APBB1
100101467,0.308366367619445,ZSCAN30
104310353,0.308288128520759,LINC01399
64745,0.308288128520759,METTL17
91574,0.308183809722512,MTRFR
79142,0.308183809722512,PHF23
100130889,0.308105570623826,PSORS1C3
284338,0.308053411224703,PRR19
51272,0.308001251825579,BET1L
144233,0.307923012726893,BCDIN3D
57647,0.307923012726893,DHX37
4878,0.307844773628208,NPPA
138639,0.307792614229084,PTPDC1
134701,0.30774045482996,RIPPLY2
23294,0.307688295430837,ANKS1A
79927,0.307636136031713,FAM110D
101928651,0.307531817233465,LOC101928651
57720,0.307531817233465,GPR107
55285,0.307531817233465,RBM41
89792,0.307401418735656,GAL3ST3
2128,0.307401418735656,EVX1
54838,0.307323179636971,WBP1L
25777,0.307271020237847,SUN2
35,0.307218860838723,ACADS
9016,0.307166701439599,SLC25A14
53349,0.307114542040476,ZFYVE1
150135,0.307062382641352,LINC00479
65985,0.306984143542666,AACS
55974,0.306984143542666,SLC50A1
23235,0.306905904443981,SIK2
101928516,0.306827665345295,LOC101928516
64782,0.306827665345295,AEN
100885848,0.30674942624661,PTGES3L
646626,0.306671187147924,BCL10-AS1
11258,0.306671187147924,DCTN3
127540,0.306592948049238,HMGB4
26130,0.306540788650115,GAPVD1
80344,0.306488629250991,DCAF11
101927043,0.306436469851867,EPCAM-DT
81037,0.30633215105362,CLPTM1L
57658,0.30633215105362,CALCOCO1
23107,0.30633215105362,MRPS27
29107,0.306227832255372,NXT1
8048,0.306175672856249,CSRP3
7755,0.306123513457125,ZNF205
102724094,0.306019194658878,MUC12-AS1
201477,0.306019194658878,DLGAP1-AS3
196296,0.306019194658878,NA
100506195,0.305888796161068,LARGE-AS1
5688,0.305888796161068,PSMA7
10106,0.305810557062383,CTDSP2
221937,0.305732317963697,FOXK1
7789,0.305732317963697,ZXDA
9879,0.305654078865012,DDX46
7508,0.305601919465888,XPC
26097,0.305549760066764,CHTOP
1457,0.30549760066764,CSNK2A1
59335,0.305445441268517,PRDM12
9870,0.305393281869393,AREL1
100505984,0.305288963071145,LINC02478
51684,0.305288963071145,SUFU
9564,0.305288963071145,BCAR1
63941,0.305184644272898,NECAB3
79973,0.305132484873774,ZNF442
83889,0.305080325474651,WDR87
128646,0.305002086375965,SIRPD
208,0.305002086375965,AKT2
2642,0.304923847277279,GCGR
23637,0.304845608178594,RABGAP1
6455,0.304845608178594,SH3GL1
11079,0.304767369079908,RER1
64760,0.304715209680784,FHIP2B
56262,0.304636970582099,LRRC8A
55145,0.304636970582099,THAP1
8818,0.304558731483413,DPM2
56652,0.304480492384728,TWNK
54856,0.304480492384728,GON4L
5192,0.304402253286042,PEX10
84691,0.304324014187357,GARIN1B
10595,0.304324014187357,ERN2
83548,0.304219695389109,COG3
7174,0.304219695389109,TPP2
8907,0.304141456290424,AP1M1
80145,0.3040892968913,THOC7
90019,0.304037137492176,SYT8
8882,0.303984978093052,ZPR1
255783,0.303932818693929,INAFM1
22908,0.303880659294805,SACM1L
124583,0.303802420196119,CANT1
54812,0.303802420196119,AFTPH
54883,0.303724181097434,CWC25
83636,0.30367202169831,C19orf12
763,0.303619862299186,CA5A
26121,0.303567702900063,PRPF31
84631,0.303489463801377,SLITRK2
22983,0.303489463801377,MAST1
64816,0.30338514500313,CYP3A43
64374,0.30338514500313,SIL1
10076,0.303306905904444,PTPRU
84316,0.30325474650532,NAA38
8552,0.303202587106197,INE1
65008,0.303072188608387,MRPL1
51455,0.303072188608387,REV1
25821,0.303072188608387,MTO1
8451,0.303072188608387,CUL4A
100287216,0.302915710411016,SH3RF3-AS1
59341,0.302915710411016,TRPV4
100506046,0.302811391612769,GAS5-AS1
83982,0.302811391612769,IFI27L2
389123,0.30270707281452103,IQCF2
266727,0.30270707281452103,MDGA1
100507459,0.302576674316712,NRSN2-AS1
10520,0.302576674316712,ZNF211
5906,0.302576674316712,RAP1A
25888,0.302472355518464,ZNF473
54955,0.302394116419779,C1orf109
8405,0.302394116419779,SPOP
91272,0.302315877321093,BOD1
79074,0.30226371792197,C2orf49
93624,0.302211558522846,TADA2B
23503,0.302159399123722,ZFYVE26
126205,0.302107239724598,NLRP8
100506403,0.302002920926351,LOC100506403
254559,0.302002920926351,MIR9-3HG
7226,0.302002920926351,TRPM2
54552,0.301872522428542,GNL3L
378,0.301872522428542,ARF4
55697,0.301794283329856,VAC14
339476,0.30171604423117,ERVMER61-1
4125,0.30171604423117,MAN2B1
8697,0.301637805132485,CDC23
283694,0.301533486334237,OR4N4
84896,0.301533486334237,ATAD1
10845,0.301533486334237,CLPX
7384,0.30142916753599,UQCRC1
728769,0.301377008136866,SCAMP1-AS1
64431,0.301324848737743,ACTR6
9527,0.301272689338619,GOSR1
7766,0.301194450239933,ZNF223
2592,0.301194450239933,GALT
6728,0.301116211141248,SRP19
204801,0.301037972042562,NLRP11
9754,0.301037972042562,STARD8
219578,0.300933653244315,ZNF804B
28988,0.300933653244315,DBNL
9694,0.300829334446067,EMC2
143,0.300829334446067,PARP4
115650,0.300751095347382,TNFRSF13C
60343,0.300672856248696,FAM3A
2800,0.300672856248696,GOLGA1
29945,0.30059461715001,ANAPC4
554174,0.300516378051325,NA
64748,0.300516378051325,PLPPR2
400761,0.300412059253077,LRRC8C-DT
203076,0.300412059253077,C8orf74
114043,0.30030774045483,TSPEAR-AS2
84946,0.30030774045483,LTV1
26146,0.300229501356144,TRAF3IP1
6795,0.300177341957021,AURKC
441178,0.300099102858335,LINC02487
219557,0.300099102858335,TEX47
54994,0.300020863759649,GID8
197407,0.29989046526184,ZNF48
54497,0.29989046526184,HEATR5B
26354,0.29989046526184,GNL3
9931,0.29989046526184,HELZ
57332,0.299760066764031,CBX8
57703,0.299707907364907,CWC22
64763,0.299655747965783,ZNF574
259287,0.299577508867098,TAS2R41
79577,0.299577508867098,CDC73
51286,0.299499269768412,CEND1
100128881,0.299447110369289,VPS9D1-AS1
23334,0.299394950970165,SZT2
647323,0.299342791571041,LINC02026
352961,0.299212393073232,HCG26
113189,0.299212393073232,CHST14
84614,0.299212393073232,ZBTB37
22909,0.299212393073232,FAN1
55643,0.299055914875861,BTBD2
9470,0.299055914875861,EIF4E2
113220,0.298951596077613,KIF12
79412,0.298951596077613,KREMEN2
150297,0.298873356978928,C22orf42
9488,0.298821197579804,PIGB
6575,0.29876903818068,SLC20A2
28990,0.298690799081995,ASTE1
10650,0.298690799081995,PRELID3A
79786,0.298586480283747,KLHL36
1729,0.298586480283747,DIAPH1
4850,0.298508241185062,CNOT4
476,0.298456081785938,ATP1A1
23341,0.298403922386814,DNAJC16
10423,0.29835176298769,CDIPT
283875,0.298299603588567,GREP1
2324,0.298247444189443,FLT4
51271,0.298195284790319,UBAP1
23033,0.298117045691634,DOP1A
5883,0.298117045691634,RAD9A
51759,0.298038806592948,C9orf78
79646,0.297960567494262,PANK3
26504,0.297960567494262,CNNM4
245806,0.297882328395577,VGLL2
1998,0.297830168996453,ELF2
387694,0.297778009597329,SH2D4B
285346,0.297725850198206,ZNF852
26985,0.29764761109952,AP3M1
2811,0.29764761109952,GP1BA
285877,0.297569372000835,POM121L12
4440,0.297517212601711,MSI1
134288,0.297465053202587,TMEM174
23317,0.297412893803463,DNAJC13
54487,0.29736073440434,DGCR8
9276,0.297308575005216,COPB2
29115,0.297256415606092,SAP30BP
728743,0.297152096807845,LOC728743
55830,0.297152096807845,GLT8D1
6668,0.297152096807845,SP2
79639,0.297021698310035,TMEM53
9765,0.297021698310035,ZFYVE16
57449,0.296865220112664,PLEKHG5
51126,0.296865220112664,NAA20
25806,0.296865220112664,VAX2
8239,0.296865220112664,USP9X
25972,0.296708741915293,UNC50
6433,0.296708741915293,SFSWAP
54522,0.296630502816608,ANKRD16
349075,0.296578343417484,ZNF713
124045,0.29652618401836,SPATA33
85403,0.296395785520551,EAF1
57159,0.296395785520551,TRIM54
4043,0.296395785520551,LRPAP1
1038,0.296395785520551,CDR1
51517,0.296265387022742,NCKIPSD
51639,0.296187147924056,SF3B6
5539,0.296187147924056,PPY
80028,0.29610890882537,FBXL18
100507462,0.296030669726685,CCDC28A-AS1
6123,0.296030669726685,RPL3L
100506668,0.295952430627999,NRAV
22845,0.295900271228875,DOLK
79691,0.295769872731066,QTRT2
56947,0.295769872731066,MFF
29880,0.295769872731066,ALG5
27255,0.295769872731066,CNTN6
10043,0.295639474233257,TOM1
166348,0.295587314834133,KBTBD12
130888,0.295535155435009,FBXO36
54969,0.295482996035886,HPF1
100169989,0.295430836636762,DBIL5P2
282890,0.295352597538076,ZNF311
8808,0.295352597538076,IL1RL2
28958,0.295274358439391,COA3
85371,0.295222199040267,KIAA1656
85446,0.295170039641143,ZFHX2
147081,0.295091800542458,LINC02210
64773,0.295091800542458,PCED1A
8720,0.295013561443772,MBTPS1
157769,0.294909242645525,FAM91A1
116143,0.294909242645525,DNAAF10
3425,0.294909242645525,IDUA
6814,0.294804923847277,STXBP3
196528,0.294752764448154,ARID2
54998,0.29470060504903,AURKAIP1
57567,0.294648445649906,ZNF319
55860,0.294596286250782,ACTR10
132001,0.294544126851659,TAMM41
85395,0.294491967452535,SLX9
121340,0.294439808053411,SP7
162989,0.294387648654288,DEDD2
23398,0.294335489255164,PPWD1
8260,0.29428332985604,NAA10
6628,0.294231170456916,SNRPB
83544,0.294179011057793,DNAL1
401577,0.294126851658669,CD99P1
387885,0.294074692259545,CFAP73
81789,0.294022532860421,TIGD6
100506679,0.293944293761736,TTLL1-AS1
246122,0.293944293761736,TTTY7
101927813,0.293839974963488,HMMR-AS1
137886,0.293839974963488,UBXN2B
23105,0.293761735864803,FSTL4
9685,0.293709576465679,CLINT1
51204,0.293657417066555,TACO1
55527,0.293605257667432,FEM1A
9326,0.293553098268308,ZNHIT3
9909,0.293500938869184,DENND4B
388419,0.293422699770499,BTBD17
3837,0.293422699770499,KPNB1
84060,0.293344460671813,RBM48
389043,0.293266221573127,LINC01120
7401,0.293266221573127,CLRN1
51362,0.293187982474442,CDC40
101928201,0.293109743375756,LOC101928201
126299,0.293109743375756,ZNF428
440087,0.293031504277071,SMCO3
103752554,0.292927185478823,MYCNUT
253980,0.292927185478823,KCTD13
147685,0.292927185478823,C19orf18
100289373,0.292796786981014,UBAC2-AS1
329,0.292796786981014,BIRC2
192111,0.292718547882328,PGAM5
149684,0.292666388483205,LOC149684
143570,0.292614229084081,XRRA1
2134,0.292562069684957,EXTL1
8774,0.292509910285834,NAPG
641638,0.29245775088671,SNHG6
79768,0.292405591487586,KATNBL1
2974,0.292353432088462,GUCY1B2
9541,0.292301272689339,CIR1
2299,0.292249113290215,FOXI1
347918,0.292196953891091,EP400P1
114041,0.292118714792406,B3GALT5-AS1
85002,0.292118714792406,FAM86B1
84847,0.29204047569372,LINC00525
283576,0.291936156895473,ZDHHC22
57551,0.291936156895473,TAOK1
56996,0.291936156895473,SLC12A9
9138,0.291831838097225,ARHGEF1
5890,0.291779678698101,RAD51B
79833,0.291701439599416,GEMIN6
3641,0.291701439599416,INSL4
115557,0.29162320050073,ARHGEF25
3222,0.291571041101607,HOXC5
112752,0.291518881702483,IFT43
150771,0.291466722303359,ITPRIPL1
146849,0.291414562904235,CCDC42
5449,0.291362403505112,POU1F1
124535,0.291284164406426,HSF5
55552,0.291284164406426,ZNF823
2739,0.29120592530774,GLO1
26297,0.291153765908617,SERGEF
79598,0.291101606509493,CEP97
6603,0.291049447110369,SMARCD2
55472,0.290971208011684,RBM12B-AS1
27151,0.290971208011684,CPAMD8
51249,0.290892968912998,TMEM69
80835,0.290762570415189,TAS1R1
55633,0.290762570415189,TBC1D22B
23609,0.290762570415189,MKRN2
1143,0.290762570415189,CHRNB4
646268,0.29063217191738,LINC01704
157807,0.290553932818694,CLVS1
2488,0.290553932818694,FSHB
348487,0.290475693720008,FAM131C
84240,0.290423534320885,ZCCHC9
5326,0.290371374921761,PLAGL2
27291,0.290319215522637,R3HCC1L
140831,0.290267056123513,ZSWIM3
29796,0.29021489672439,UQCR10
81494,0.290162737325266,CFHR5
101929760,0.290110577926142,PIK3IP1-DT
54963,0.290032338827457,UCKL1
5547,0.290032338827457,PRCP
125170,0.289954099728771,MIEF2
30062,0.289901940329647,RAX
100129722,0.289823701230962,STPG3-AS1
27132,0.289823701230962,CPNE7
647589,0.289745462132276,ANHX
2516,0.289693302733153,NR5A1
254065,0.289562904235343,BRWD3
126321,0.289562904235343,MFSD12
81502,0.289562904235343,HM13
4668,0.289562904235343,NAGA
132321,0.289406426037972,C4orf33
80317,0.289406426037972,ZKSCAN3
22953,0.289328186939286,P2RX2
100128126,0.289276027540163,STAU2-AS1
400073,0.289223868141039,C12orf76
30968,0.289171708741915,STOML2
127731,0.289119549342792,VWA5B1
8815,0.289041310244106,BANF1
6150,0.289041310244106,MRPL23
118924,0.28896307114542,FRA10AC1
84074,0.288884832046735,QRICH2
7761,0.288884832046735,ZNF214
56912,0.288806592948049,IFT46
4209,0.288754433548925,MEF2D
149473,0.288702274149802,CCDC24
653140,0.288650114750678,FAM228A
101929315,0.288597955351554,ADAM7-AS2
339929,0.288545795952431,LPP-AS2
64130,0.288493636553307,LIN7B
146395,0.288441477154183,GSG1L
126567,0.288389317755059,C2CD4C
79871,0.288337158355936,RPAP2
6810,0.288284998956812,STX4
163933,0.288232839557688,FAM43B
126374,0.288154600459003,WTIP
79873,0.288154600459003,NUDT18
84284,0.288050281660755,NTPCR
8455,0.288050281660755,ATRN
79728,0.287945962862508,PALB2
23386,0.287945962862508,NUDCD3
197335,0.28784164406426,WDR90
57609,0.28784164406426,DIP2B
92129,0.287763404965575,RIPPLY1
149461,0.287633006467766,CLDN19
126075,0.287633006467766,CCDC159
85014,0.287633006467766,TMEM141
9814,0.287633006467766,SFI1
26160,0.287502607969956,IFT172
11216,0.287450448570832,AKAP10
54620,0.287398289171709,FBXL19
57469,0.287293970373461,PNMA8B
57172,0.287293970373461,CAMK1G
4637,0.287293970373461,MYL6
29074,0.287189651575214,MRPL18
10670,0.28713749217609,RRAGA
7349,0.287085332776966,UCN
58533,0.287033173377843,SNX6
51643,0.286981013978719,TMBIM4
54581,0.286928854579595,SCAND2P
22852,0.286876695180472,ANKRD26
8329,0.286824535781348,H2AC13
220074,0.286772376382224,LRTOMT
201255,0.2867202169831,LRRC45
202559,0.286668057583977,KHDRBS2
79025,0.286589818485291,FNDC11
54093,0.286589818485291,SETD4
55997,0.286485499687044,CFC1
3015,0.286485499687044,H2AZ1
197258,0.286407260588358,FCSK
115353,0.286355101189234,LRRC42
116224,0.286302941790111,PABIR1
5702,0.286250782390987,PSMC3
245911,0.286198622991863,DEFB108B
339483,0.286146463592739,MTMR9LP
101928052,0.286094304193616,LOC101928052
201283,0.286042144794492,AMZ2P1
84957,0.285989985395368,RELT
8738,0.285911746296683,CRADD
3257,0.285911746296683,HPS1
123688,0.285807427498435,HYKK
80823,0.285807427498435,BHLHB9
203523,0.28572918839975,ZNF449
346653,0.285624869601502,GARIN1A
114781,0.285624869601502,BTBD9
2193,0.285624869601502,FARSA
100129794,0.285520550803255,SLC25A21-AS1
147179,0.285468391404131,WIPF2
100302691,0.285416232005007,LINC00184
6560,0.285364072605884,SLC12A4
388552,0.285259753807636,BLOC1S3
54766,0.285259753807636,BTG4
7529,0.285259753807636,YWHAB
101928697,0.285155435009389,LOC101928697
129025,0.285103275610265,ZNF280A
2597,0.285051116211141,GAPDH
10316,0.284946797412894,NMUR1
4702,0.284946797412894,NDUFA8
3094,0.284946797412894,HINT1
101926996,0.284764239515961,RUNDC3A-AS1
84233,0.284764239515961,TMEM126A
7553,0.284764239515961,ZNF7
7288,0.284764239515961,TULP2
171482,0.284633841018151,FAM9A
122046,0.284581681619028,TEX26
100996286,0.28447736282078,LINC02273
167465,0.28447736282078,ZNF366
79770,0.28447736282078,TXNDC15
1787,0.284373044022533,TRDMT1
84318,0.284320884623409,CCDC77
85025,0.284268725224285,TMEM60
79758,0.284216565825162,DHRS12
100506713,0.284164406426038,ALOX12-AS1
55245,0.284112247026914,UQCC1
193629,0.284060087627791,LINC00189
54480,0.283981848529105,CHPF2
2997,0.283981848529105,GYS1
24140,0.283903609430419,FTSJ1
100129128,0.283825370331734,KHDC1L
143187,0.283825370331734,VTI1A
23275,0.283721051533486,POFUT2
10180,0.283721051533486,RBM6
257236,0.283642812434801,CCDC96
253558,0.283590653035677,LCLAT1
51096,0.283538493636553,UTP18
55139,0.283460254537868,ANKZF1
24149,0.283460254537868,ZNF318
3621,0.283382015439182,ING1
115286,0.283303776340497,SLC25A26
84274,0.283303776340497,COQ5
102724105,0.283173377842687,ZNF528-AS1
80306,0.283173377842687,MED28
2905,0.283173377842687,GRIN2C
79447,0.283042979344878,PAGR1
10390,0.283042979344878,CEPT1
101593348,0.282964740246192,LOC101593348
101928140,0.282860421447945,PTPRK-AS1
253017,0.282860421447945,TECRL
81033,0.282860421447945,KCNH6
89953,0.282756102649697,KLC4
171568,0.28265178385145,POLR3H
79990,0.28265178385145,PLEKHH3
57654,0.28265178385145,UVSSA
1585,0.282547465053203,CYP11B2
283314,0.282495305654079,C1RL-AS1
84989,0.282443146254955,JMJD1C-AS1
284382,0.28239098685583103,ACTL9
9477,0.282312747757146,MED20
5423,0.282312747757146,POLB
101926975,0.282182349259337,LINC01844
100996570,0.282182349259337,NFIA-AS2
3000,0.282182349259337,GUCY2D
104355146,0.282078030461089,LINC00396
92935,0.281999791362403,MARS2
6522,0.281999791362403,SLC4A2
10534,0.281921552263718,ZNRD2
134353,0.281869392864594,LSM11
85569,0.281765074066347,GALP
8359,0.281765074066347,H4C1
4350,0.281765074066347,MPG
79701,0.281660755268099,OGFOD3
27309,0.281608595868976,ZNF330
9898,0.281556436469852,UBAP2L
220929,0.281478197371166,ZNF438
10293,0.281478197371166,TRAIP
101928537,0.281399958272481,LINC01494
79877,0.281347798873357,DCAKD
23647,0.281295639474233,ARFIP2
220906,0.281165240976424,WAC-AS1
25875,0.281165240976424,LETMD1
10541,0.281165240976424,ANP32B
5525,0.281165240976424,PPP2R5A
55833,0.281008762779053,UBAP2
4722,0.281008762779053,NDUFS3
54903,0.280930523680367,MKS1
4597,0.280878364281243,MVD
646282,0.28082620488212,AZGP1P1
64940,0.280774045482996,STAG3L4
57038,0.280721886083872,RARS2
9854,0.280669726684749,C2CD2L
51493,0.280591487586063,RTCB
29960,0.280591487586063,MRM2
54516,0.280513248487377,MTRF1L
30000,0.280461089088254,TNPO2
163087,0.28040892968913,ZNF383
5158,0.280356770290006,PDE6B
8310,0.280304610890883,ACOX3
100287114,0.280252451491759,LINC00421
91748,0.280200292092635,MIDEAS
503693,0.280122052993949,LOH12CR2
7486,0.280122052993949,WRN
51499,0.280017734195702,TRIAP1
4711,0.280017734195702,NDUFB5
26148,0.279913415397455,NA
5162,0.279913415397455,PDHB
11331,0.279730857500522,PHB2
6871,0.279730857500522,TADA2A
6230,0.279730857500522,RPS25
6218,0.279730857500522,RPS17
6209,0.279730857500522,RPS15
498,0.27957437930315,ATP5F1A
131118,0.279522219904027,DNAJC19
51073,0.279443980805341,MRPL4
517,0.279443980805341,ATP5MC2
328,0.279365741706656,APEX1
129787,0.279261422908408,TMEM18
23192,0.279261422908408,ATG4B
11171,0.279261422908408,STRAP
25,0.279157104110161,ABL1
84908,0.279078865011475,FAM136A
51690,0.279078865011475,LSM7
79001,0.279000625912789,VKORC1
1938,0.278948466513666,EEF2
203102,0.278896307114542,ADAM32
56942,0.278791988316295,CMC2
51332,0.278791988316295,SPTBN5
23093,0.278791988316295,TTLL5
5260,0.278687669518047,PHKG1
101927907,0.278635510118923,LRRTM4-AS1
101928559,0.2785833507198,LINC01467
7221,0.278505111621114,TRPC2
4515,0.278505111621114,MTCP1
8022,0.278426872522429,LHX3
80304,0.278374713123305,WDCP
161753,0.278322553724181,ODF3L1
101929147,0.278244314625496,WARS2-AS1
55690,0.278244314625496,PACS1
50508,0.27816607552681,NOX3
55650,0.278087836428124,PIGV
26073,0.278087836428124,POLDIP2
285429,0.277957437930315,DCAF4L1
91419,0.277957437930315,ATP23
7579,0.277957437930315,ZSCAN20
646074,0.277853119132068,POM121L10P
341880,0.277800959732944,SLC35F4
8844,0.27774880033382,KSR1
93611,0.277696640934696,FBXO44
27239,0.277644481535573,GPR162
100861523,0.277592322136449,RPS6KA2-AS1
405754,0.277514083037763,ERVFRD-1
4580,0.277514083037763,MTX1
10825,0.277435843939078,NEU3
221786,0.277383684539954,FAM200A
84660,0.27733152514083,CCDC62
548645,0.277279365741707,DNAJC25
55776,0.277227206342583,SAYSD1
51637,0.277148967243897,RTRAF
9984,0.277148967243897,THOC1
151056,0.27704464844565,PLB1
56954,0.27704464844565,NIT2
7732,0.276966409346964,RNF112
100505920,0.276836010849155,LINC02036
202781,0.276836010849155,PAXIP1-DT
161725,0.276836010849155,OTUD7A
115399,0.276836010849155,LRRC56
5694,0.276705612351346,PSMB6
27245,0.276653452952222,AHDC1
348645,0.276575213853536,MIR3667HG
51069,0.276575213853536,MRPL2
54465,0.276470895055289,ETAA1
10482,0.276470895055289,NXF1
54700,0.276366576257042,RRN3
3636,0.276366576257042,INPPL1
100048912,0.276288337158356,CDKN2B-AS1
23309,0.276236177759232,SIN3B
9080,0.276131858960985,CLDN9
7336,0.276131858960985,UBE2V2
610,0.276131858960985,HCN2
140766,0.276027540162737,ADAMTS14
79596,0.275975380763614,OBI1
123169,0.275897141664928,LEO1
27258,0.275897141664928,LSM3
54555,0.275818902566242,DDX49
6687,0.275766743167119,SPG7
101927612,0.275714583767995,RNF139-DT
9014,0.275662424368871,TAF1B
3028,0.275610264969748,HSD17B10
441459,0.275479866471938,ANKRD18B
11070,0.275479866471938,TMEM115
8557,0.275479866471938,TCAP
2957,0.275479866471938,GTF2A1
4520,0.275349467974129,MTF1
254013,0.275271228875443,ETFBKMT
114987,0.275271228875443,WDR31
132241,0.275192989776758,RPL32P3
9344,0.275140830377634,TAOK2
399726,0.27508867097851,MIR1915HG
23197,0.275036511579387,FAF2
55471,0.274984352180263,NDUFAF7
55133,0.274932192781139,SRBD1
401264,0.274853953682454,TRAM2-AS1
6430,0.274853953682454,SRSF5
55665,0.274775714583768,URGCP
55596,0.274697475485082,ZCCHC8
51270,0.274697475485082,TFDP3
85364,0.274619236386397,ZCCHC3
79906,0.274567076987273,MORN1
81875,0.274514917588149,ISG20L2
132949,0.274436678489464,AASDH
54785,0.274436678489464,BORCS6
8703,0.274358439390778,B4GALT3
160419,0.274228040892969,C12orf50
124773,0.274228040892969,C17orf64
84692,0.274228040892969,CCDC54
5620,0.274228040892969,PRM2
283596,0.274045482996036,SNHG10
55012,0.274045482996036,PPP2R3C
51231,0.274045482996036,VRK3
254359,0.273915084498227,ZDHHC24
30834,0.273915084498227,POLR1H
84285,0.273836845399541,EIF1AD
84304,0.273758606300855,NUDT22
79891,0.273758606300855,ZNF671
3623,0.27368036720217,INHA
280636,0.273602128103484,SELENOH
93034,0.273602128103484,NT5C1B
348013,0.273497809305237,TMEM255B
246176,0.273497809305237,GAS2L2
642636,0.273419570206551,RAD21L1
340267,0.273367410807427,COL28A1
64063,0.273315251408304,PRSS22
152098,0.27326309200918,ZCWPW2
4245,0.273210932610056,MGAT1
645644,0.273106613811809,FLJ42627
127396,0.273106613811809,ZNF684
6608,0.273106613811809,SMO
23204,0.273002295013561,ARL6IP1
146206,0.272950135614438,CARMIL2
5582,0.272897976215314,PRKCG
29903,0.272819737116628,CCDC106
27124,0.272819737116628,INPP5J
100506272,0.272689338618819,LINC02492
100128554,0.272689338618819,LINC02347
89887,0.272689338618819,ZNF628
126119,0.272585019820572,JOSD2
389320,0.272480701022324,TEX43
285755,0.272480701022324,PPIL6
1068,0.272480701022324,CETN1
8751,0.272376382224077,ADAM15
79050,0.272298143125391,NOC4L
23617,0.272298143125391,TSSK2
100506795,0.272193824327144,LINC01354
148109,0.272193824327144,FAM187B
219899,0.272115585228458,TBCEL
83941,0.272037346129773,TM2D1
2145,0.272037346129773,EZH1
161502,0.271933027331525,CFAP161
25834,0.271933027331525,MGAT4C
51506,0.27185478823284,UFC1
9612,0.271776549134154,NCOR2
2109,0.271776549134154,ETFB
221409,0.271698310035468,SPATS1
414301,0.271646150636345,DDI1
27013,0.271567911537659,CNPPD1
1861,0.271567911537659,TOR1A
93109,0.271489672438973,TMEM44
100506681,0.27143751303985,JARID2-AS1
4261,0.271385353640726,CIITA
25763,0.27130711454204,H2AP
5372,0.27130711454204,PMM1
158427,0.271124556645107,TSTD2
65005,0.271124556645107,MRPL9
26003,0.271124556645107,GORASP2
11137,0.271124556645107,PWP1
6146,0.271124556645107,RPL22
5433,0.270968078447736,POLR2D
3681,0.270915919048613,ITGAD
168002,0.270863759649489,DACT2
10947,0.270811600250365,AP3M2
137868,0.27073336115168,SGCZ
5252,0.27073336115168,PHF1
136242,0.270629042353432,PRSS37
9554,0.270629042353432,SEC22B
256472,0.270550803254747,TMEM151A
127829,0.270498643855623,ARL8A
84435,0.270446484456499,ADGRA1
989,0.270394325057375,SEPTIN7
440356,0.27031608595869,CDIPTOSP
283194,0.27031608595869,LOC283194
2990,0.270237846860004,GUSB
51213,0.27018568746088,LUZP4
11232,0.270133528061757,POLG2
84270,0.270029209263509,CARD19
54953,0.270029209263509,ODR4
7289,0.270029209263509,TULP3
4762,0.269924890465262,NEUROG1
25974,0.269872731066138,MMACHC
93134,0.269820571667014,ZNF561
101928303,0.269742332568329,ZPLD2P
84859,0.269742332568329,LRCH3
130502,0.269638013770081,TTC32
51764,0.269638013770081,GNG13
79096,0.269559774671396,CSTPP1
4236,0.269507615272272,MFAP1
84446,0.269455455873148,BRSK1
80712,0.269403296474025,ESX1
55795,0.269351137074901,PCID2
10302,0.269298977675777,SNAPC5
163747,0.269246818276653,LEXM
5929,0.26919465887753,RBBP5
79177,0.269116419778844,ZNF576
5478,0.269116419778844,PPIA
200081,0.269012100980597,TXLNA
84852,0.269012100980597,ATP1A1-AS1
415056,0.268907782182349,CNTFR-AS1
146310,0.268907782182349,RNF151
114883,0.268803463384102,OSBPL9
10617,0.268803463384102,STAMBP
51202,0.268725224285416,DDX47
7812,0.268673064886293,CSDE1
29081,0.268594825787607,METTL5
9325,0.268594825787607,TRIP4
140894,0.268464427289798,CNBD2
79905,0.268464427289798,TMC7
8625,0.268464427289798,RFXANK
10548,0.26836010849155,TM9SF1
283638,0.268281869392865,CEP170B
1155,0.268281869392865,TBCB
2054,0.268203630294179,STX2
4917,0.268151470895055,NTN3
112802,0.26807323179637,KRT71
8433,0.26807323179637,UTF1
389541,0.26794283329856,LAMTOR4
80213,0.26794283329856,TM2D3
10109,0.26794283329856,ARPC2
7158,0.267838514500313,TP53BP1
84680,0.267786355101189,ACCS
3054,0.267734195702066,HCFC1
494558,0.26765595660338,CFAP95-DT
26094,0.26765595660338,DCAF4
285962,0.267551637805132,WEE2-AS1
5604,0.267551637805132,MAP2K1
115416,0.267473398706447,MALSU1
10780,0.267395159607761,ZNF234
6847,0.267395159607761,SYCP1
147872,0.267316920509076,KASH5
115708,0.267264761109952,TRMT61A
9210,0.267212601710828,BMP15
5916,0.267160442311705,RARG
133015,0.267082203213019,PACRGL
4798,0.267082203213019,NFRKB
91603,0.267003964114333,ZNF830
83900,0.266925725015648,KRTAP9-3
10328,0.266925725015648,EMC8
101927641,0.266847485916962,LINC01877
339229,0.266795326517838,OXLD1
23352,0.266743167118715,UBR4
619343,0.266664928020029,NA
10671,0.266664928020029,DCTN6
254122,0.266586688921344,SNX32
118421,0.26653452952222,LINC00161
2900,0.266482370123096,GRIK4
83743,0.266325891925725,GRWD1
28956,0.266325891925725,LAMTOR2
25839,0.266325891925725,COG4
11253,0.266325891925725,MAN1B1
6834,0.266325891925725,SURF1
200420,0.266169413728354,ALMS1P1
55260,0.26611725432923,TMEM143
201514,0.266065094930106,ZNF584
118,0.266012935530983,ADD1
60491,0.265934696432297,NIF3L1
7405,0.265934696432297,UVRAG
126133,0.265856457333612,ALDH16A1
124817,0.265778218234926,CNTD1
1819,0.265778218234926,DRG2
51168,0.26569997913624,MYO15A
23567,0.265647819737117,ZNF346
93408,0.265595660337993,MYL10
53632,0.265543500938869,PRKAG3
112939,0.265491341539745,NACC1
80772,0.265439182140622,CPTP
219402,0.265387022741498,MTIF3
54106,0.265334863342374,TLR9
6945,0.265282703943251,MLX
101929592,0.265230544544127,ST3GAL3-AS1
84231,0.265178385145003,TRAF7
134860,0.265100146046318,TAAR9
11153,0.265100146046318,FICD
163688,0.264969747548508,CALML6
26476,0.264969747548508,OR10J1
5961,0.264969747548508,PRPH2
729440,0.264839349050699,CCDC61
644997,0.264839349050699,PIK3CD-AS1
791115,0.26470895055289,PWRN2
201140,0.26470895055289,DHRS7C
4620,0.26470895055289,MYH2
64324,0.264604631754642,NSD1
125988,0.264526392655957,MICOS13
23304,0.264526392655957,UBR2
84874,0.264422073857709,ZNF514
4204,0.264422073857709,MECP2
8396,0.2642916753599,PIP4K2B
5499,0.2642916753599,PPP1CA
3065,0.2642916753599,HDAC1
57622,0.264187356561652,LRFN1
9528,0.264135197162529,TMEM59
337867,0.264083037763405,UBAC2
81614,0.263978718965158,NIPA2
51147,0.263978718965158,ING4
1802,0.263978718965158,DPH2
26610,0.26387440016691,ELP4
9482,0.263822240767786,STX8
8802,0.263770081368663,SUCLG1
572,0.263717921969539,BAD
90273,0.263639682870853,CEACAM21
3297,0.263639682870853,HSF1
101929019,0.263561443772168,LINC02270
90379,0.26345712497392,DCAF15
8945,0.26345712497392,BTRC
1659,0.26345712497392,DHX8
26995,0.263352806175673,TRUB2
10014,0.263300646776549,HDAC5
201626,0.263248487377425,PDE12
23511,0.263196327978302,NUP188
255626,0.263118088879616,H2BC1
10775,0.263118088879616,POP4
648987,0.263013770081369,ANXA2R-OT1
92595,0.263013770081369,ZNF764
26005,0.262935530982683,C2CD3
128637,0.262857291883997,TBC1D20
79741,0.262857291883997,CCDC7
22839,0.262779052785312,DLGAP4
4839,0.262726893386188,NOP2
100506476,0.262674733987064,MIDEAS-AS1
83746,0.26246609639057,L3MBTL2
56931,0.26246609639057,DUS3L
55662,0.26246609639057,HIF1AN
25921,0.26246609639057,ZDHHC5
10169,0.26246609639057,SERF2
9943,0.26246609639057,OXSR1
3007,0.26246609639057,H1-3
9587,0.262257458794075,MAD2L1BP
286826,0.262179219695389,LIN9
3841,0.262179219695389,KPNA5
54927,0.262100980596704,CHCHD3
132989,0.26204882119758,C4orf36
3743,0.261944502399332,KCNA7
782,0.261944502399332,CACNB1
779,0.261944502399332,CACNA1S
251,0.261840183601085,ALPG
100507567,0.261788024201961,RAB11B-AS1
64802,0.261735864802837,NMNAT1
101927111,0.261683705403714,SUCLG2-DT
2241,0.26163154600459,FER
376693,0.261448988107657,RPS10P7
51497,0.261448988107657,NELFCD
26528,0.261448988107657,DAZAP1
7511,0.261448988107657,XPNPEP1
6612,0.261448988107657,SUMO3
5682,0.261448988107657,PSMA1
171169,0.261266430210724,SPACA4
126006,0.2612142708116,PCP2
400684,0.261162111412477,DPY19L3-DT
7270,0.261083872313791,TTF1
1262,0.261083872313791,CNGA4
23505,0.261005633215105,TMEM131
2963,0.260953473815982,GTF2F2
64743,0.260901314416858,WDR13
93487,0.260770915919049,MAPK1IP1L
57649,0.260770915919049,PHF12
10011,0.260770915919049,SRA1
4836,0.260770915919049,NMT1
9464,0.260640517421239,HAND2
84334,0.260588358022116,COA8
58492,0.260536198622992,ZNF77
8711,0.260484039223868,TNK1
284788,0.260431879824744,LOC284788
101929125,0.260379720425621,LINC01730
7287,0.260327561026497,TULP1
57107,0.260249321927811,PDSS2
1329,0.260249321927811,COX5B
55735,0.260014604631755,DNAJC11
51619,0.260014604631755,UBE2D4
30833,0.260014604631755,NT5C
25828,0.260014604631755,TXN2
8834,0.260014604631755,TMEM11
1743,0.260014604631755,DLST
1025,0.260014604631755,CDK9
57479,0.259779887335698,PRR12
56006,0.259779887335698,SMG9
100288797,0.259701648237012,TMEM239
83640,0.259623409138327,RAMAC
4218,0.259623409138327,RAB8A
22887,0.259545170039641,FOXJ3
64834,0.259493010640517,ELOVL1
51206,0.259440851241394,GP6
100652856,0.259336532443146,LINC00408
54778,0.259336532443146,RNF111
823,0.259336532443146,CAPN1
2567,0.259232213644899,GABRG3
116228,0.259127894846651,COX20
50636,0.259127894846651,ANO7
5786,0.259127894846651,PTPRA
348801,0.25897141664928,LNP1
83443,0.25897141664928,SF3B5
55308,0.25897141664928,DDX19A
100379174,0.258867097851033,MACROD2-AS1
118472,0.258814938451909,ZNF511
85444,0.258736699353223,LRRCC1
80763,0.258736699353223,SPX
91647,0.258632380554976,ATPAF2
79228,0.258632380554976,THOC6
440101,0.25855414145629,FLJ12825
84750,0.258501982057167,FUT10
11248,0.258449822658043,NXPH3
10291,0.258371583559357,SF3A1
3607,0.258371583559357,FOXK2
100506907,0.258293344460672,CFAP100-DT
375616,0.258241185061548,KCP
2332,0.258189025662424,FMR1
101926890,0.258136866263301,DAB1-AS1
7319,0.258084706864177,UBE2A
26083,0.257980388065929,TBC1D29P
11100,0.257980388065929,HNRNPUL1
5564,0.257980388065929,PRKAB1
1399,0.257876069267682,CRKL
593,0.257823909868558,BCKDHA
125950,0.257745670769873,RAVER1
66036,0.257745670769873,MTMR9
8558,0.257667431671187,CDK10
114819,0.257589192572502,CROCCP3
6780,0.257589192572502,STAU1
256815,0.257484873774254,C10orf67
7390,0.257484873774254,UROS
642924,0.257406634675569,CIBAR1-DT
6830,0.257354475276445,SUPT6H
64582,0.257302315877321,GPR135
583,0.257250156478197,BBS2
90864,0.257067598581264,SPSB3
64794,0.257067598581264,DDX31
23277,0.257067598581264,CLUH
7760,0.257067598581264,ZNF213
7392,0.257067598581264,USF2
5189,0.257067598581264,PEX1
374786,0.256832881285208,EFCAB5
151658,0.256832881285208,LINC00635
50840,0.256832881285208,TAS2R14
282991,0.256676403087836,BLOC1S2
51475,0.256676403087836,CABP2
6582,0.256676403087836,SLC22A2
150082,0.256546004590027,LCA5L
149643,0.256546004590027,SPATA45
83696,0.25644168579178,TRAPPC9
1838,0.25644168579178,DTNB
9513,0.256363446693094,FXR2
284358,0.256285207594409,MAMSTR
4654,0.256285207594409,MYOD1
245802,0.256154809096599,MS4A6E
200197,0.256154809096599,TMEM51-AS1
129530,0.256154809096599,LYG1
100129482,0.25602441059879,ZNF37BP
219347,0.25602441059879,TMEM254-AS1
282966,0.255946171500104,C10orf53
2622,0.255894012100981,GAS8
100133205,0.255841852701857,LINC00240
101927422,0.255789693302733,GNA14-AS1
79692,0.255737533903609,ZNF322
100505681,0.255685374504486,NAPA-AS1
55175,0.255633215105362,KLHL11
27120,0.255554976006676,DKKL1
2859,0.255554976006676,GPR35
54929,0.255476736907991,TMEM161A
116138,0.255372418109743,KLHDC3
29082,0.255372418109743,CHMP4A
513,0.255372418109743,ATP5F1D
255512,0.255268099311496,TOLLIP-DT
9524,0.255215939912372,TECR
57148,0.255007302315877,RALGAPB
51072,0.255007302315877,MEMO1
23534,0.255007302315877,TNPO3
22930,0.255007302315877,RAB3GAP1
10121,0.255007302315877,ACTR1A
9887,0.255007302315877,SMG7
9391,0.255007302315877,CIAO1
23498,0.254798664719382,HAAO
161882,0.254694345921135,ZFPM1
79147,0.254694345921135,FKRP
10811,0.254694345921135,NOXA1
79970,0.254563947423326,ZNF767P
60495,0.254563947423326,HPSE2
140881,0.25448570832464,DEFB129
80086,0.254433548925516,TUBA4B
64708,0.254355309826831,COPS7B
58531,0.254355309826831,PRM3
284365,0.254250991028583,LINC01869
245,0.254250991028583,ALOX12P2
285370,0.254172751929898,LINC00606
64403,0.254094512831212,CDH24
553,0.254094512831212,AVPR1B
4632,0.254016273732527,MYL1
55148,0.253964114333403,UBR7
3611,0.253911954934279,ILK
100421577,0.253859795535155,FAM21EP
80164,0.253807636136032,PRR36
25915,0.253755476736908,NDUFAF3
414899,0.253703317337784,BLID
90871,0.253625078239099,DMAC1
2912,0.253625078239099,GRM2
11340,0.253546839140413,EXOSC8
728819,0.253494679741289,C1GALT1C1L
8992,0.253442520342166,ATP6V0E1
29954,0.25336428124348,POMT2
1387,0.25336428124348,CREBBP
114771,0.253286042144794,PGLYRP3
100996279,0.253207803046109,LINC00269
400955,0.253207803046109,LINC01122
54521,0.253103484247861,WDR44
10313,0.253103484247861,RTN3
283089,0.253025245149176,WDR11-DT
56344,0.252973085750052,CABP5
84103,0.252894846651367,C4orf17
2169,0.252894846651367,FABP2
153218,0.252816607552681,SPINK13
79857,0.252764448153557,FLJ13224
57448,0.252712288754434,BIRC6
84079,0.252634049655748,ANKRD27
55291,0.252634049655748,PPP6R3
8027,0.252555810557062,STAM
2101,0.252503651157939,ESRRA
102724009,0.252451491758815,KIF1C-AS1
883,0.252399332359691,KYAT1
101927523,0.252347172960567,LINC02620
1408,0.252295013561444,CRY2
57119,0.25224285416232,EPPIN
5335,0.252190694763196,PLCG1
79029,0.252086375964949,SPATA5L1
8813,0.252086375964949,DPM1
2959,0.252086375964949,GTF2B
100506755,0.25195597746714,MIR497HG
50512,0.25195597746714,PODXL2
255082,0.251851658668892,CASC2
133923,0.251851658668892,ZNF474
11176,0.251773419570207,BAZ2A
196475,0.251721260171083,RMST
100289678,0.251669100771959,ZNF783
101928616,0.251564781973712,LINC00354
9374,0.251564781973712,PPT2
3739,0.251564781973712,KCNA4
2996,0.251460463175464,GYPE
79935,0.25140830377634,CCNP
56171,0.251356144377217,DNAH7
101927574,0.251303984978093,LINC01186
55216,0.251199666179846,NKAPD1
28316,0.251199666179846,CDH20
11054,0.251199666179846,OGFR
9381,0.251095347381598,OTOF
644186,0.250991028583351,SYCE3
140456,0.250991028583351,ASB11
5425,0.250991028583351,POLD2
55863,0.250886709785103,TMEM126B
6425,0.25083455038598,SFRP5
4761,0.250782390986856,NEUROD2
27160,0.25070415188817,INGX
23087,0.25070415188817,TRIM35
57599,0.250625912789485,WDR48
9673,0.250547673690799,SLC25A44
6136,0.250547673690799,RPL12
3834,0.250469434592114,KIF25
57104,0.250391195493428,PNPLA2
4899,0.250391195493428,NRF1
10147,0.250312956394742,SUGP2
60672,0.250234717296057,MIIP
9463,0.250234717296057,PICK1
254187,0.250156478197371,TSGA10IP
137492,0.250052159399124,VPS37A
90956,0.250052159399124,ADCK2
6477,0.250052159399124,SIAH1
22818,0.249921760901314,COPZ1
5685,0.249921760901314,PSMA4
541472,0.249765282703943,IL6-AS1
23384,0.249765282703943,SPECC1L
23060,0.249765282703943,ZNF609
10994,0.249765282703943,ILVBL
142891,0.24958272480701,SAMD8
57184,0.24958272480701,FAM219B
51294,0.24958272480701,PCDH12
93436,0.249426246609639,ARMC6
83656,0.249426246609639,FAM167A-AS1
8690,0.249426246609639,JRKL
112611,0.249321927811392,RWDD2A
5715,0.249269768412268,PSMD9
116931,0.249217609013144,MED12L
90410,0.24916544961402,IFT20
81871,0.249113290214897,KRTAP4-6
27095,0.249061130815773,TRAPPC3
55659,0.249008971416649,ZNF416
85416,0.248956812017526,ZIC5
3224,0.24887857291884,HOXC8
410,0.24887857291884,ARSA
23639,0.248800333820154,DNAAF11
1857,0.248748174421031,DVL3
201181,0.248696015021907,ZNF385C
10168,0.248643855622783,ZNF197
128178,0.24859169622366,EDARADD
83861,0.248539536824536,RSPH3
79703,0.248487377425412,C11orf80
643160,0.248435218026288,CYMP
101927798,0.248383058627165,LOC101927798
158035,0.248304819528479,LINC00032
7423,0.248304819528479,VEGFB
102467079,0.24817442103067,LINC02180
339221,0.24817442103067,ENPP7
57115,0.24817442103067,PGLYRP4
100009676,0.24804402253286,ZBTB11-AS1
401321,0.24804402253286,LINC00997
113419,0.247965783434175,TEX261
9925,0.247913624035051,ZBTB5
2696,0.247861464635927,GIPR
221424,0.247809305236804,LRRC73
9441,0.24775714583768,MED26
79149,0.247704986438556,ZSCAN5A
283450,0.247652827039433,HECTD4
51001,0.247600667640309,MTERF3
339298,0.247496348842061,LOC339298
132112,0.247496348842061,RTP1
79981,0.247496348842061,FRMD1
6462,0.247392030043814,SHBG
283416,0.24733987064469,LINC01465
10389,0.247287711245566,SCML2
152756,0.247235551846443,FAM218A
100631378,0.247157312747757,WDR87BP
9108,0.247157312747757,MTMR7
9889,0.247079073649072,ZBED4
11255,0.247026914249948,HRH3
169270,0.246948675151262,ZNF596
90485,0.246948675151262,ZNF835
1144,0.246870436052577,CHRND
101559451,0.246818276653453,PELP1-DT
79717,0.246766117254329,PPCS
116123,0.246713957855206,FMO9P
154092,0.246661798456082,LINC01010
404744,0.246583559357396,NPSR1-AS1
6135,0.246583559357396,RPL11
387521,0.246505320258711,PEDS1
161823,0.246453160859587,ADAL
7224,0.246401001460463,TRPC5
219537,0.246348842061339,SMTNL1
1207,0.246296682662216,CLNS1A
54925,0.246192363863968,ZSCAN32
23627,0.246192363863968,PRND
689,0.246192363863968,BTF3
155061,0.246088045065721,ZNF746
10880,0.246035885666597,ACTL7B
144717,0.245983726267473,PHETA1
10961,0.24593156686835,ERP29
6207,0.24580116837054,RPS13
6194,0.24580116837054,RPS6
6169,0.24580116837054,RPL38
3646,0.24580116837054,EIF3E
8665,0.245618610473607,EIF3F
4736,0.245618610473607,RPL10A
4706,0.245618610473607,NDUFAB1
9380,0.245462132276236,GRHPR
2971,0.245462132276236,GTF3A
103,0.245462132276236,ADAR
57645,0.245357813477989,POGK
65991,0.245279574379303,FUNDC2
1933,0.245279574379303,EEF1B2
100507466,0.245175255581056,DPH6-DT
2660,0.245175255581056,MSTN
11315,0.24509701648237,PARK7
8708,0.245044857083246,B3GALT1
101928283,0.244992697684123,LOC101928283
79823,0.244914458585437,CAMKMT
9906,0.244914458585437,SLC35E2A
114609,0.244784060087628,TIRAP
64927,0.244784060087628,TTC23
2011,0.244784060087628,MARK2
101929384,0.24467974128938,SLC6A12-AS1
2033,0.244627581890257,EP300
151760,0.244549342791571,LOC151760
79042,0.244549342791571,TSEN34
8904,0.244471103692885,CPNE1
100129858,0.2443928645942,SCOC-AS1
149465,0.2443928645942,CFAP57
160140,0.244314625495514,C11orf65
4809,0.244262466096391,SNU13
134526,0.244184226997705,ACOT12
10599,0.244184226997705,SLCO1B1
644844,0.244079908199458,PHGR1
79650,0.244079908199458,USB1
150290,0.244001669100772,DUSP18
23054,0.243923430002086,NCOA6
9775,0.243923430002086,EIF4A3
4099,0.243845190903401,MAG
100130581,0.243766951804715,LINC00910
114038,0.243766951804715,LINC00313
57610,0.24368871270603,RANBP10
23211,0.243636553306906,ZC3H4
101927489,0.24355831420822,TCERG1L-AS1
55727,0.24355831420822,BTBD7
100506428,0.243453995409973,CBR3-AS1
644962,0.243453995409973,TNRC18P1
29092,0.243375756311287,LINC00339
286023,0.243323596912164,FLJ40288
7633,0.24327143751304,ZNF79
100852408,0.243193198414354,EGFLAM-AS4
257101,0.243193198414354,ZNF683
80737,0.243088879616107,VWA7
4999,0.243088879616107,ORC2
28991,0.243010640517421,COMMD5
100128361,0.242932401418736,LOC100128361
539,0.242932401418736,ATP5PO
161931,0.242828082620488,ADAD2
7455,0.242828082620488,ZAN
100132354,0.242723763822241,LINC01512
2864,0.242723763822241,FFAR1
23616,0.242645524723555,SH3BP1
55163,0.24256728562487,PNPO
26226,0.24256728562487,FBXW4P1
3069,0.242489046526184,HDLBP
84536,0.24243688712706,LINC01547
286207,0.242358648028375,CFAP157
150142,0.242358648028375,ZNF295-AS1
60506,0.242254329230127,NYX
23542,0.242254329230127,MAPK8IP2
163175,0.24215001043188,LGI4
54878,0.24215001043188,DPP8
399876,0.242071771333194,NAV2-AS4
181,0.242019611934071,AGRP
83694,0.241967452534947,RPS6KL1
27091,0.241915293135823,CACNG5
192286,0.241837054037137,HIGD2A
2779,0.241837054037137,GNAT1
162083,0.24173273523889,C16orf82
56,0.24173273523889,ACRV1
344905,0.241654496140204,ATP13A5
337970,0.241602336741081,KRTAP19-3
266,0.241550177341957,AMELY
79654,0.241498017942833,HECTD3
100507391,0.24144585854371,LINC01968
3846,0.241393699144586,KRTAP5-9
27247,0.241341539745462,NFU1
148022,0.241289380346338,TICAM1
23623,0.241237220947215,RUSC1
128229,0.241185061548091,TSACC
7352,0.241132902148967,UCP3
84464,0.241080742749844,SLX4
286359,0.241002503651158,LOC286359
285796,0.241002503651158,PACRG-AS1
79009,0.240898184852911,DDX50
53343,0.240898184852911,NUDT9
55114,0.240819945754225,ARHGAP17
219621,0.240767786355101,CABCOCO1
191585,0.240689547256416,PLAC4
10295,0.240689547256416,BCKDK
1677,0.24061130815773,DFFB
146279,0.240559148758606,TEKT5
79671,0.240506989359483,NLRX1
341032,0.240428750260797,C11orf53
57547,0.240428750260797,ZNF624
7753,0.24032443146255,ZNF202
4326,0.24032443146255,MMP17
100874182,0.240220112664302,LINC00424
221143,0.240220112664302,EEF1AKMT1
100507257,0.240089714166493,MEG9
221223,0.240089714166493,CES5A
23131,0.240089714166493,GPATCH8
256646,0.239985395368245,NUTM1
55181,0.239933235969122,SMG8
3742,0.239881076569998,KCNA6
219970,0.239802837471312,GLYATL2
145942,0.239802837471312,TMCO5A
51298,0.239724598372627,THEG
5498,0.239672438973503,PPOX
8541,0.239620279574379,PPFIA3
51665,0.239568120175256,ASB1
4221,0.239515960776132,MEN1
7166,0.239463801377008,TPH1
57190,0.239385562278323,SELENON
407,0.239385562278323,ARR3
9937,0.239307323179637,DCLRE1A
9390,0.239255163780513,SLC22A13
206412,0.239150844982266,C6orf163
162387,0.239150844982266,MFSD6L
64718,0.239150844982266,UNKL
340591,0.239020446484457,CA5BP1
80230,0.239020446484457,RUFY1
101927828,0.238942207385771,OVOL1-AS1
441476,0.238890047986647,STPG3
53947,0.238837888587523,A4GALT
79446,0.2387857291884,WDR25
54872,0.238681410390152,PIGG
5595,0.238681410390152,MAPK3
537,0.238681410390152,ATP6AP1
26173,0.238577091591905,INTS1
79658,0.238524932192781,ARHGAP10
55144,0.238472772793657,LRRC8D
100498859,0.238394533694972,LINC00881
26517,0.238394533694972,TIMM13
9274,0.238316294596286,BCL7C
64772,0.238238055497601,ENGASE
4726,0.238238055497601,NDUFS6
8567,0.238159816398915,MADD
3948,0.238107656999791,LDHC
23552,0.238055497600668,CDK20
84996,0.237977258501982,URB1-AS1
10712,0.237977258501982,FAM189B
152110,0.237872939703735,NEK10
3201,0.237872939703735,HOXA4
51075,0.237794700605049,TMX2
644660,0.237716461506363,RAD21-AS1
8372,0.237716461506363,HYAL3
9748,0.237638222407678,SLK
100131496,0.237586063008554,LOC100131496
90113,0.23753390360943,VWA5B2
10827,0.237481744210307,FAM114A2
55124,0.237429584811183,PIWIL2
144699,0.237377425412059,FBXL14
729799,0.237273106613812,SEC14L1P1
200312,0.237273106613812,RNF215
582,0.237273106613812,BBS1
65072,0.237116628416441,CFLAR-AS1
57862,0.237116628416441,ZNF410
54758,0.237116628416441,KLHDC4
89882,0.237012309618193,TPD52L3
79160,0.236934070519508,LINC01711
10002,0.236934070519508,NR2E3
254158,0.236855831420822,CXorf58
790955,0.236803672021698,UQCC3
56951,0.236751512622575,C5orf15
55671,0.236673273523889,PPP4R3A
5639,0.236673273523889,PRRG2
100507297,0.236595034425203,TMEM44-AS1
127687,0.23654287502608,C1orf122
79714,0.236490715626956,CCDC51
2862,0.236438556227832,MLNR
374655,0.236360317129147,ZNF710
55707,0.236360317129147,NECAP2
80021,0.236282078030461,TMEM62
200373,0.236203838931776,CFAP221
136332,0.236203838931776,LRGUK
282763,0.236099520133528,OR51B5
78992,0.236099520133528,YIPF2
128989,0.235995201335281,TANGO2
1445,0.235995201335281,CSK
200261,0.235890882537033,LINC00656
5692,0.235890882537033,PSMB4
100507468,0.235786563738786,CT66
23133,0.235786563738786,PHF8
101927021,0.2357083246401,ZFAND2A-DT
103611081,0.235656165240976,NA
84277,0.235604005841853,DNAJC30
54662,0.235525766743167,TBC1D13
5931,0.235525766743167,RBBP7
3980,0.235447527644482,LIG3
338799,0.235395368245358,LINC01089
51233,0.235317129146672,DRICH1
4157,0.235317129146672,MC1R
100125288,0.235108491550177,ZGLP1
79998,0.235108491550177,ANKRD53
64901,0.235108491550177,RANBP17
51265,0.235108491550177,CDKL3
1947,0.235108491550177,EFNB1
673,0.235108491550177,BRAF
327657,0.234925933653244,SERPINA9
284403,0.234873774254121,WDR62
11190,0.234821614854997,CEP250
7737,0.234769455455873,RNF113A
100132352,0.234691216357188,FRG1HP
255061,0.234691216357188,TAC4
89801,0.23458689755894,PPP1R3F
51333,0.23458689755894,ZNF771
441150,0.234508658460255,C6orf226
152940,0.234456499061131,C4orf45
26015,0.234404339662007,RPAP1
3238,0.234352180262883,HOXD12
203260,0.234247861464636,CCDC107
80851,0.234247861464636,SH3BP5L
51058,0.234247861464636,ZNF691
55367,0.234143542666388,PIDD1
101928001,0.234091383267265,PRKCA-AS1
63943,0.234039223868141,FKBPL
84081,0.233960984769455,NSRP1
81928,0.233960984769455,CABLES2
100506686,0.23388274567077,IQCH-AS1
23094,0.233804506572084,SIPA1L3
8940,0.233804506572084,TOP3B
9679,0.233726267473399,FAM53B
101928535,0.233674108074275,LOC101928535
196541,0.233621948675151,METTL21C
196074,0.233491550177342,METTL15
118460,0.233491550177342,EXOSC6
5830,0.233491550177342,PEX5
5566,0.233491550177342,PRKACA
90423,0.233335071979971,ATP6V1E2
9139,0.233335071979971,CBFA2T2
100128124,0.233230753181723,HGC6.3
54995,0.233230753181723,OXSM
55267,0.233152514083038,PRR34
5585,0.233100354683914,PKN1
101929335,0.23304819528479,ADAMTS9-AS1
353324,0.232996035885667,SPATA12
148113,0.232943876486543,CILP2
23367,0.232839557688295,LARP1
10985,0.232839557688295,GCN1
1650,0.232839557688295,DDOST
388662,0.232735238890048,SLC6A17
101927914,0.232683079490924,LOC101927914
101929549,0.232604840392239,GAU1
54866,0.232604840392239,PPP1R14D
2837,0.232526601293553,UTS2R
79724,0.232474441894429,ZNF768
150538,0.232396202795744,SATB2-AS1
150209,0.232396202795744,AIFM3
10500,0.232317963697058,SEMA6C
57663,0.232239724598373,USP29
23568,0.232239724598373,ARL2BP
653677,0.232161485499687,SEC1P
286046,0.232109326100563,XKR6
653160,0.23205716670144,GPR199P
10755,0.232005007302316,GIPC1
100329135,0.23192676820363,TRPC5OS
7566,0.23192676820363,ZNF18
9880,0.231848529104945,ZBTB39
57510,0.231796369705821,XPO5
9867,0.231744210306697,PJA2
55280,0.231692050907574,CWF19L1
9290,0.23163989150845,GPR55
728613,0.231587732109326,PDCD6P1
100507399,0.231535572710202,NA
283899,0.231405174212393,INO80E
84276,0.231405174212393,NICN1
83607,0.231405174212393,AMMECR1L
8576,0.231405174212393,STK16
390980,0.231144377216774,ZNF805
58509,0.231144377216774,CACTIN
55668,0.231144377216774,GPATCH2L
55585,0.231144377216774,UBE2Q1
10717,0.231144377216774,AP4B1
4607,0.231144377216774,MYBPC3
10237,0.230961819319841,SLC35B1
374355,0.230909659920718,CCDC172
10015,0.230857500521594,PDCD6IP
9692,0.23080534112247,PRORP
124602,0.230753181723347,KIF19
92335,0.230701022324223,STRADA
10399,0.230648862925099,RACK1
101929512,0.230570623826414,PSMD14-DT
662,0.230570623826414,BNIP1
1141,0.230492384727728,CHRNB2
84073,0.230440225328604,MYCBPAP
10126,0.23038806592948,DNAL4
101752400,0.230335906530357,CAPN10-DT
283507,0.230283747131233,SUGT1P3
643783,0.230231587732109,USP46-DT
26505,0.230179428332986,CNNM3
163126,0.230127268933862,EID2
4025,0.230049029835176,LPO
2780,0.230049029835176,GNAT2
158833,0.229944711036929,AWAT1
83902,0.229944711036929,KRTAP17-1
102800310,0.229866471938243,HAGLROS
144097,0.229631754642187,SPINDOC
80153,0.229631754642187,EDC3
51667,0.229631754642187,NUB1
27343,0.229631754642187,POLL
23113,0.229631754642187,CUL9
22864,0.229631754642187,R3HDM2
8045,0.229631754642187,RASSF7
842,0.229631754642187,CASP9
5589,0.22939703734613,PRKCSH
65094,0.229344877947006,JMJD4
113178,0.229292718547882,SCAMP4
126206,0.229240559148759,NLRP5
158135,0.229188399749635,TTLL11
83440,0.229136240350511,ADPGK
790,0.229084080951387,CAD
11017,0.229005841852702,SNRNP27
10139,0.229005841852702,ARFRP1
80331,0.228901523054454,DNAJC5
55622,0.228901523054454,TTC27
101928555,0.228771124556645,LINC01537
83541,0.228771124556645,FAM110A
9054,0.228771124556645,NFS1
63894,0.228666805758398,VIPAS39
387893,0.228614646359274,KMT5A
4987,0.22856248696015,OPRL1
55515,0.228510327561026,ASIC4
84298,0.228458168161903,LLPH
91039,0.228353849363655,DPP9
80024,0.228353849363655,SLC8B1
55234,0.228353849363655,SMU1
283237,0.228249530565408,TTC9C
3692,0.228197371166284,EIF6
91869,0.22814521176716,RFT1
219927,0.228093052368037,MRPL21
286053,0.227988733569789,NSMCE2
55066,0.227988733569789,PDPR
51317,0.227988733569789,PHF21A
7743,0.22785833507198,ZNF189
5331,0.22785833507198,PLCB3
79892,0.227780095973294,MCMBP
118461,0.227649697475485,C10orf71
116729,0.227649697475485,PPP1R27
24139,0.227649697475485,EML2
859,0.227649697475485,CAV3
257364,0.227519298977676,SNX33
400960,0.227414980179428,PCBP1-AS1
203054,0.227414980179428,ADCK5
25936,0.227414980179428,NSL1
53615,0.227310661381181,MBD3
100506299,0.227232422282495,ID2-AS1
23636,0.227232422282495,NUP62
143384,0.22715418318381,CACUL1
79709,0.227075944085124,COLGALT1
55683,0.227075944085124,KANSL3
60678,0.226971625286877,EEFSEC
3421,0.226971625286877,IDH3G
59349,0.226867306488629,KLHL12
9049,0.226867306488629,AIP
285193,0.226789067389944,DUSP28
101927944,0.226710828291258,FAM53B-AS1
29959,0.226710828291258,NRBP1
286101,0.226606509493011,ZNF252P
84720,0.226606509493011,PIGO
255275,0.226450031295639,MYADML2
246329,0.226450031295639,STAC3
51725,0.226450031295639,FBXO40
3270,0.226450031295639,HRC
140732,0.22631963279783,SUN5
9238,0.226267473398706,TBRG4
55171,0.226189234300021,TBCCD1
8880,0.226189234300021,FUBP1
10488,0.226110995201335,CREB3
79465,0.226058835802212,ULBP3
54971,0.226006676403088,BANP
374875,0.22590235760484,HSD11B1L
92659,0.22590235760484,MAFG-DT
56964,0.22590235760484,WDR93
79680,0.225798038806593,RTL10
220979,0.225745879407469,ZNF22-AS1
84287,0.225641560609222,ZDHHC16
54553,0.225641560609222,MIR4453HG
51255,0.225641560609222,RNF181
8897,0.225537241810974,MTMR3
441549,0.225485082411851,CDNF
8435,0.225432923012727,SOAT2
2968,0.225380763613603,GTF2H4
100169752,0.225224285416232,TEX36-AS1
165721,0.225224285416232,DNAJB8
140873,0.225224285416232,C20orf173
89869,0.225224285416232,PLCZ1
84690,0.225224285416232,SPATA22
26039,0.225067807218861,SS18L1
55613,0.224989568120175,MTMR8
29075,0.224989568120175,LINC00652
80115,0.22491132902149,BAIAP2L2
51125,0.224859169622366,GOLGA7
10013,0.224807010223242,HDAC6
401431,0.224728771124557,ATP6V0E2-AS1
4901,0.224728771124557,NRL
192669,0.224650532025871,AGO3
51479,0.224598372626747,ANKFY1
51146,0.224546213227624,A4GNT
9695,0.2244940538285,EDEM1
142685,0.224441894429376,ASB15
645191,0.224337575631129,LINGO3
317781,0.224337575631129,DDX51
7266,0.224337575631129,DNAJC7
8533,0.224233256832881,COPS3
54991,0.224155017734196,C1orf159
10778,0.224155017734196,ZNF271P
56929,0.22407677863551,FEM1C
6045,0.224024619236386,RNF2
54508,0.223972459837263,EPB41L4A-DT
101927040,0.22392030043813901,LOC101927040
145820,0.223842061339453,LINC00924
127343,0.223842061339453,DMBX1
101929093,0.223711662841644,LINC01350
339487,0.223711662841644,ZBTB8OS
57231,0.223711662841644,SNX14
255027,0.223607344043397,MPV17L
90834,0.223555184644273,NA
7376,0.223476945545587,NR1H2
1455,0.223476945545587,CSNK1G2
10905,0.223398706446902,MAN1A2
51326,0.223346547047778,ARL17A
163154,0.223294387648654,PRR22
84948,0.223216148549969,TIGD5
78995,0.223216148549969,HROB
123207,0.223059670352598,C15orf40
91289,0.223059670352598,LMF2
8193,0.223059670352598,DPF1
6923,0.223059670352598,ELOB
101928273,0.222877112455665,LOC101928273
101927495,0.222877112455665,LOC101927495
284274,0.222877112455665,SMIM21
9087,0.222772793657417,TMSB4Y
149773,0.222720634258293,APCDD1L-DT
101927117,0.22266847485917,PLCG1-AS1
283045,0.222616315460046,LOC283045
400710,0.222564156060922,ZNF473CR
256710,0.222511996661798,GLIPR1L1
101060004,0.222433757563113,LINC01523
196968,0.222433757563113,DNM1P46
140901,0.222355518464427,STK35
128861,0.222303359065304,BPIFA3
1137,0.22225119966618,CHRNA4
11273,0.222172960567494,ATXN2L
10102,0.222172960567494,TSFM
4598,0.222094721468809,MVK
100505622,0.222042562069685,POU2F2-AS1
122258,0.221990402670561,SPACA7
881,0.221938243271438,CCIN
63877,0.221860004172752,FAM204A
60492,0.221860004172752,CCDC90B
79039,0.221781765074066,DDX54
7167,0.221729605674943,TPI1
375189,0.221677446275819,PFN4
503569,0.221625286876695,RGMB-AS1
8468,0.221573127477571,FKBP6
9746,0.221520968078448,CLSTN3
100132356,0.221468808679324,LOC100132356
164380,0.221390569580638,CST13P
57047,0.221390569580638,PLSCR2
338872,0.221312330481953,C1QTNF9
100507564,0.221234091383267,MAGOH-DT
146853,0.221234091383267,C17orf50
728537,0.221155852284582,C2orf92
51409,0.221103692885458,HEMK1
100505942,0.221051533486334,LOC100505942
55561,0.220999374087211,CDC42BPG
100505890,0.220947214688087,SORCS3-AS1
101927305,0.220816816190277,SNHG27
728448,0.220816816190277,PPIEL
158800,0.220816816190277,RHOXF1
3355,0.220816816190277,HTR1F
85417,0.220686417692468,CCNB3
114049,0.220634258293344,BUD23
51720,0.220582098894221,UIMC1
441025,0.220529939495097,LINC02483
84643,0.22042562069685,KIF2B
54221,0.22042562069685,SNTG2
5393,0.22042562069685,EXOSC9
100505841,0.220321301898602,LOC100505841
102723742,0.220269142499478,LINC01500
153918,0.220190903400793,ZC2HC1B
50618,0.220190903400793,ITSN2
285740,0.220112664302107,PHACTR2-AS1
27339,0.220060504902984,PRPF19
7741,0.22000834550386,ZSCAN26
8224,0.219930106405174,SYN3
2895,0.219930106405174,GRID2
84193,0.219825787606927,SETD3
83445,0.219825787606927,GSG1
221481,0.219747548508241,ARMC12
84109,0.219695389109117,QRFPR
345611,0.21959107031087,IRGM
283150,0.21959107031087,FOXR1
169522,0.21959107031087,KCNV2
373863,0.219460671813061,DND1
132612,0.219460671813061,ADAD1
54456,0.219356353014813,MOV10L1
167,0.219356353014813,CRISP1
101928790,0.219278113916128,PEX5L-AS2
3973,0.219225954517004,LHCGR
92922,0.21917379511788,CCDC102A
440131,0.219121635718757,LINC00544
165140,0.218443563530148,OXER1
112869,0.218443563530148,SGF29
83858,0.218443563530148,ATAD3B
81545,0.218443563530148,FBXO38
80142,0.218443563530148,PTGES2
60685,0.218443563530148,ZFAND3
55421,0.218443563530148,NCBP3
54788,0.218443563530148,DNAJB12
51548,0.218443563530148,SIRT6
51108,0.218443563530148,METTL9
27158,0.218443563530148,NDOR1
26088,0.218443563530148,GGA1
22993,0.218443563530148,HMGXB3
22888,0.218443563530148,UBOX5
11094,0.218443563530148,CACFD1
10907,0.218443563530148,TXNL4A
10298,0.218443563530148,PAK4
9776,0.218443563530148,ATG13
9556,0.218443563530148,ATP5MJ
9520,0.218443563530148,NPEPPS
9296,0.218443563530148,ATP6V1F
7342,0.218443563530148,UBP1
6921,0.218443563530148,ELOC
1615,0.218443563530148,DARS1
746,0.218443563530148,TMEM258
4009,0.21776549134154,LMX1A
152024,0.217687252242854,LINC00691
142910,0.217687252242854,LIPJ
100507377,0.217609013144169,LINC02882
9873,0.217556853745045,FCHSD2
344018,0.217504694345921,FIGLA
129446,0.217426455247236,XIRP2
7957,0.217426455247236,EPM2A
100874253,0.217322136448988,LINC00853
201798,0.217322136448988,TIGD4
168975,0.217243897350303,CNBD1
90987,0.217165658251617,ZNF251
79100,0.217165658251617,LINC00626
388531,0.217087419152931,RGS9BP
101929198,0.217035259753808,ATP13A4-AS1
92591,0.216957020655122,ASB16
2972,0.216957020655122,BRF1
440574,0.216878781556436,MICOS10
100130992,0.216826622157313,LOC100130992
643180,0.216774462758189,CCT6P3
9320,0.216722303359065,TRIP12
23293,0.216670143959942,SMG6
256933,0.216617984560818,NPB
90353,0.216539745462132,CTU1
64598,0.216539745462132,MOSPD3
51172,0.216461506363447,NAGPA
6100,0.216409346964323,RP9
285311,0.216357187565199,C3orf56
11166,0.216305028166076,SOX21
124402,0.216252868766952,UBALD1
10056,0.216200709367828,FARSB
100130557,0.216122470269142,NFYC-AS1
26520,0.216122470269142,TIMM9
285331,0.216044231170457,CCDC66
9045,0.215992071771333,RPL14
138716,0.215913832672648,RPP25L
25873,0.215913832672648,RPL36
100144602,0.215835593573962,EPHA5-AS1
79672,0.215783434174838,FN3KRP
9885,0.215705195076153,OSBPL2
2137,0.215705195076153,EXTL3
51386,0.215626955977467,EIF3L
5706,0.215574796578343,PSMC6
150678,0.215444398080534,COPS9
55009,0.215444398080534,FAM174C
29100,0.215444398080534,TMEM208
9757,0.215444398080534,KMT2B
5680,0.215313999582725,PSG11
56914,0.215261840183601,OTOR
27315,0.215209680784477,PGAP2
1198,0.215131441685792,CLK3
535,0.215131441685792,ATP6V0A1
728431,0.214322970999374,ZC3H12A-DT
257160,0.214322970999374,RNF214
163050,0.214322970999374,ZNF564
128439,0.214322970999374,SNHG11
122961,0.214322970999374,ISCA2
114826,0.214322970999374,SMYD4
84993,0.214322970999374,UBL7
84317,0.214322970999374,CCDC115
80194,0.214322970999374,TMEM134
79954,0.214322970999374,NOL10
79932,0.214322970999374,KIAA0319L
79629,0.214322970999374,OCEL1
79089,0.214322970999374,TMUB2
79004,0.214322970999374,CUEDC2
51160,0.214322970999374,VPS28
29099,0.214322970999374,COMMD9
27430,0.214322970999374,MAT2B
27005,0.214322970999374,USP21
23523,0.214322970999374,CABIN1
23061,0.214322970999374,TBC1D9B
10452,0.214322970999374,TOMM40
10367,0.214322970999374,MICU1
9973,0.214322970999374,CCS
7918,0.214322970999374,GPANK1
7692,0.214322970999374,ZNF133
7016,0.214322970999374,TESK1
6619,0.214322970999374,SNAPC3
5986,0.214322970999374,RFNG
5607,0.214322970999374,MAP2K5
339287,0.212653870227415,MSL1
64979,0.212653870227415,MRPL36
64682,0.212653870227415,ANAPC1
57418,0.212653870227415,WDR18
56910,0.212653870227415,STARD7
56897,0.212653870227415,WRNIP1
56683,0.212653870227415,CFAP298
54893,0.212653870227415,MTMR10
54840,0.212653870227415,APTX
51441,0.212653870227415,YTHDF2
27246,0.212653870227415,RNF115
27243,0.212653870227415,CHMP2A
25813,0.212653870227415,SAMM50
23173,0.212653870227415,METAP1
23016,0.212653870227415,EXOSC7
22796,0.212653870227415,COG2
10921,0.212653870227415,RNPS1
10450,0.212653870227415,PPIE
9791,0.212653870227415,PTDSS1
9392,0.212653870227415,TGFBRAP1
9097,0.212653870227415,USP14
8667,0.212653870227415,EIF3H
7320,0.212653870227415,UBE2B
6234,0.212653870227415,RPS28
6223,0.212653870227415,RPS19
6217,0.212653870227415,RPS16
6202,0.212653870227415,RPS8
6191,0.212653870227415,RPS4X
6185,0.212653870227415,RPN2
6152,0.212653870227415,RPL24
6124,0.212653870227415,RPL4
5859,0.212653870227415,QARS1
4723,0.212653870227415,NDUFV1
2079,0.212653870227415,ERH
1937,0.212653870227415,EEF1G
129138,0.211662841644064,ANKRD54
84320,0.211662841644064,ACBD6
80776,0.211662841644064,B9D2
340371,0.210776131858961,NRBP2
124245,0.210776131858961,ZC3H18
92259,0.210776131858961,MRPS36
79913,0.210776131858961,ACTR5
79613,0.210776131858961,TANGO6
60313,0.210776131858961,GPBP1L1
56926,0.210776131858961,NCLN
54921,0.210776131858961,CHTF8
54707,0.210776131858961,GPN2
54617,0.210776131858961,INO80
29928,0.210776131858961,TIMM22
29101,0.210776131858961,SSU72
26284,0.210776131858961,ERAL1
11338,0.210776131858961,U2AF2
11334,0.210776131858961,TUSC2
10713,0.210776131858961,USP39
10469,0.210776131858961,TIMM44
10262,0.210776131858961,SF3B4
9409,0.210776131858961,PEX16
8498,0.210776131858961,RANBP3
8314,0.210776131858961,BAP1
8148,0.210776131858961,TAF15
7756,0.210776131858961,ZNF207
6924,0.210776131858961,ELOA
6631,0.210776131858961,SNRPC
6598,0.210776131858961,SMARCB1
5704,0.210776131858961,PSMC4
5049,0.210776131858961,PAFAH1B2
4676,0.210776131858961,NAP1L4
3185,0.210776131858961,HNRNPF
1616,0.210776131858961,DAXX
256364,0.209602545378677,EML3
121642,0.209602545378677,ALKBH2
83955,0.209602545378677,NACA4P
55298,0.209602545378677,RNF121
51504,0.209602545378677,TRMT112
51398,0.209602545378677,WDR83OS
51234,0.209602545378677,EMC4
27434,0.209602545378677,POLM
23152,0.209602545378677,CIC
10421,0.209602545378677,CD2BP2
9150,0.209602545378677,CTDP1
9070,0.209602545378677,ASH2L
5524,0.209602545378677,PTPA
5256,0.209602545378677,PHKA2
8678,0.209211349885249,BECN1
84936,0.208741915293136,ZFYVE19
84498,0.208741915293136,FAM120B
84065,0.208741915293136,TMEM222
55761,0.208741915293136,TTC17
54458,0.208741915293136,PRR13
28952,0.208741915293136,CCDC22
23315,0.208741915293136,SLC9A8
11152,0.208741915293136,WDR45
11108,0.208741915293136,PRDM4
10980,0.208741915293136,COPS6
8409,0.208741915293136,UXT
7693,0.208741915293136,ZNF134
5432,0.208741915293136,POLR2C
5093,0.208741915293136,PCBP1
4694,0.208741915293136,NDUFA1
3622,0.208741915293136,ING2
1497,0.208741915293136,CTNS
55677,0.20824640100146,IWS1
51608,0.20824640100146,GET4
100128731,0.207881285207594,OST4
79602,0.207881285207594,ADIPOR2
55813,0.207881285207594,UTP6
55763,0.207881285207594,EXOC1
55656,0.207881285207594,INTS8
51164,0.207881285207594,DCTN4
10473,0.207881285207594,HMGN4
9559,0.207881285207594,VPS26A
9519,0.207881285207594,TBPL1
6881,0.207881285207594,TAF10
5501,0.207881285207594,PPP1CC
3189,0.207881285207594,HNRNPH3
54439,0.207464010014605,RBM27
51236,0.207464010014605,HGH1
27349,0.207464010014605,MCAT
587,0.207464010014605,BCAT2
57623,0.207333611516795,ZFAT
94056,0.207020655122053,SYAP1
84445,0.207020655122053,LZTS2
57410,0.207020655122053,SCYL1
28989,0.207020655122053,NTMT1
23557,0.207020655122053,SNAPIN
23369,0.207020655122053,PUM2
23252,0.207020655122053,OTUD3
10807,0.207020655122053,ENTR1
10573,0.207020655122053,MRPL28
9988,0.207020655122053,DMTF1
5863,0.207020655122053,RGL2
138241,0.206681619027749,C9orf85
23396,0.206681619027749,PIP5K1C
84811,0.206603379929063,BUD13
83707,0.206446901731692,TRPT1
9553,0.206446901731692,MRPL33
5908,0.206446901731692,RAP1B
4709,0.206446901731692,NDUFB3
372,0.206446901731692,ARCN1
200186,0.206055706238264,CRTC2
55131,0.206055706238264,RBM28
54948,0.206055706238264,MRPL16
26574,0.206055706238264,AATF
9343,0.206055706238264,EFTUD2
9101,0.206055706238264,USP8
7415,0.206055706238264,VCP
5877,0.206055706238264,RABIF
4943,0.206055706238264,TBC1D25
1460,0.206055706238264,CSNK2B
80025,0.205690590444398,PANK2
9670,0.205690590444398,IPO13
159,0.205690590444398,ADSS2
50,0.205690590444398,ACO2
197370,0.205560191946589,NSMCE1
10250,0.205508032547465,SRRM1
55696,0.205325474650532,RBM22
55588,0.205325474650532,MED29
27248,0.205325474650532,ERLEC1
10730,0.205325474650532,YME1L1
9352,0.205325474650532,TXNL1
8446,0.205325474650532,DUSP11
80233,0.205116837054037,FAAP100
10999,0.205116837054037,SLC27A4
130074,0.20501251825579,FAM168B
7073,0.20501251825579,TIAL1
222194,0.204934279157104,RSBN1L
90809,0.204803880659295,PIP4P1
90313,0.204803880659295,TP53I13
9588,0.204803880659295,PRDX6
53,0.204803880659295,ACP2
255252,0.204621322762362,LRRC57
165324,0.204621322762362,UBXN2A
7879,0.204621322762362,RAB7A
83759,0.204282286668058,RBM4B
57062,0.204282286668058,DDX24
54543,0.204282286668058,TOMM7
54386,0.204282286668058,TERF2IP
51669,0.204282286668058,SARAF
51188,0.204282286668058,SS18L2
25949,0.204282286668058,SYF2
9698,0.204282286668058,PUM1
7375,0.204282286668058,USP4
3301,0.204282286668058,DNAJA1
374395,0.203812852075944,TMEM179B
79175,0.203812852075944,ZNF343
55731,0.203812852075944,FAM222B
23787,0.203812852075944,MTCH1
10726,0.203812852075944,NUDC
3420,0.203812852075944,IDH3B
2885,0.203812852075944,GRB2
1108,0.203812852075944,CHD4
153527,0.203395576882954,ZMAT2
84062,0.203395576882954,DTNBP1
55625,0.203395576882954,ZDHHC7
22934,0.203395576882954,RPIA
10987,0.203395576882954,COPS5
10094,0.203395576882954,ARPC3
515,0.203395576882954,ATP5PB
439,0.203395576882954,GET3
60493,0.203134779887336,FASTKD5
8772,0.203134779887336,FADD
284184,0.202873982891717,NDUFAF8
51094,0.202873982891717,ADIPOR1
25793,0.202873982891717,FBXO7
23070,0.202873982891717,CMTR1
10285,0.202873982891717,SMNDC1
9039,0.202873982891717,UBA3
2664,0.202873982891717,GDI1
1974,0.202873982891717,EIF4A2
339123,0.202508867097851,JMJD8
80764,0.202508867097851,THAP7
57470,0.202508867097851,LRRC47
55004,0.202508867097851,LAMTOR1
54915,0.202508867097851,YTHDF1
25920,0.202508867097851,NELFB
25829,0.202248070102232,TMEM184B
8428,0.202248070102232,STK24
5250,0.202248070102232,SLC25A3
5094,0.202248070102232,PCBP2
128308,0.202065512205299,MRPL55
79091,0.202065512205299,METTL22
7260,0.202065512205299,EIPR1
200185,0.201856874608804,KRTCAP2
51103,0.201856874608804,NDUFAF1
22827,0.201856874608804,PUF60
10908,0.201856874608804,PNPLA6
8570,0.201856874608804,KHSRP
64326,0.20164823701231,COP1
55116,0.20164823701231,TMEM39B
11157,0.20164823701231,LSM6
286204,0.201543918214062,CRB2
63914,0.201491758814938,LINC01590
11128,0.201439599415815,POLR3A
116115,0.201387440016691,ZNF526
100190938,0.201309200918005,RAMP2-AS1
221458,0.201309200918005,KIF6
102060282,0.20123096181932,RASSF1-AS1
57677,0.201178802420196,ZFP14
78987,0.201126643021072,CRELD1
101927249,0.201022324222825,PDZRN3-AS1
55751,0.201022324222825,TMEM184C
51642,0.201022324222825,MRPL48
2255,0.200918005424578,FGF10
54868,0.200865846025454,TMEM104
4010,0.20081368662633,LMX1B
125875,0.200761527227206,CLDND2
387707,0.200709367828083,CC2D2B
79992,0.200657208428959,AGPAT4-IT1
26231,0.200605049029835,LRRC29
5133,0.200552889630711,PDCD1
100506207,0.200448570832464,LOC100506207
11105,0.200448570832464,PRDM7
11035,0.200448570832464,RIPK3
27285,0.200344252034217,TEKT2
389119,0.200292092635093,INKA1
280664,0.200213853536407,WFDC10B
57684,0.200213853536407,ZBTB26
123591,0.200135614437722,TMEM266
79369,0.200083455038598,B3GNT4
122616,0.200005215939912,CLBA1
4829,0.200005215939912,NMBR
100128288,0.199926976841227,LOC100128288
162333,0.199874817442103,MARCHF10
101927244,0.199770498643856,LINC01788
100506343,0.199770498643856,INKA2-AS1
346606,0.199770498643856,MOGAT3
146,0.199666179845608,ADRA1D
284521,0.199614020446484,OR2L13
392307,0.19940538284999,FAM221B
389170,0.19940538284999,LEKR1
153657,0.19940538284999,TTC23L
139212,0.19940538284999,DNAAF6
56163,0.19940538284999,RNF17
27156,0.19940538284999,RSPH14
6954,0.19940538284999,TCP11
101928973,0.199144585854371,LINC01732
129831,0.199144585854371,RBM45
51716,0.199144585854371,CES1P1
26496,0.199040267056124,OR10A3
755,0.198988107657,CFAP410
100505835,0.198909868558314,LINC01532
100132618,0.198909868558314,ZRANB2-AS1
84657,0.198779470060505,LINC00852
9719,0.198779470060505,ADAMTSL2
5616,0.198779470060505,PRKY
85021,0.198649071562696,REPS1
79854,0.198649071562696,LINC00115
100507527,0.19857083246401,THEG5
100533184,0.198518673064886,ARHGAP19-SLIT1
8833,0.198466513665763,GMPS
100379224,0.198414354266639,ZNF225-AS1
83851,0.198362194867515,SYT16
9755,0.198310035468391,TBKBP1
284998,0.198231796369706,LINC01114
2928,0.198231796369706,GSC2
100130519,0.19815355727102,TMEM221
8704,0.198101397871897,B4GALT2
388963,0.198049238472773,C2orf81
100505696,0.197997079073649,SH3BP5-AS1
7629,0.197944919674525,ZNF76
79003,0.197840600876278,MIS12
64965,0.197840600876278,MRPS9
54148,0.197840600876278,MRPL39
26152,0.19773628207803,ZNF337
100533106,0.197658042979345,ZHX1-C8orf76
114789,0.197658042979345,SLC25A25
337882,0.197579803880659,KRTAP19-1
283629,0.19744940538285,TSSK4
147719,0.19744940538285,LYPD4
26261,0.19744940538285,FBXO24
9310,0.19744940538285,ZNF235
28954,0.197292927185479,REM1
2056,0.197292927185479,EPO
91782,0.197214688086793,CHMP7
158747,0.19716252868767,MOSPD2
100128511,0.19703213018986,NEBL-AS1
254042,0.19703213018986,METAP1D
165829,0.19703213018986,GPR156
162968,0.19703213018986,ZNF497
349114,0.196875651992489,LINC00265
23274,0.196875651992489,CLEC16A
65010,0.196797412893803,SLC26A6
55739,0.19674525349468,NAXD
90120,0.19661485499687,TMEM250
80072,0.19661485499687,HEXA-AS1
9681,0.19661485499687,DEPDC5
6101,0.19661485499687,RP1
283521,0.196458376799499,TMEM272
1045,0.196458376799499,CDX2
80742,0.196380137700814,PRR3
10073,0.19632797830169,SNUPN
3626,0.196275818902566,INHBC
283483,0.196145420404757,LINC00551
245812,0.196145420404757,CNPY4
158257,0.196145420404757,LINC02603
9942,0.196145420404757,XYLB
4649,0.196015021906948,MYO9A
283687,0.195962862507824,ST20-AS1
100129361,0.195832464010015,SMIM10L1
245937,0.195832464010015,DEFB124
145957,0.195832464010015,NRG4
85378,0.195832464010015,TUBGCP6
644890,0.195702065512205,MEIG1
286464,0.19562382641352,CFAP47
80125,0.19562382641352,CCDC33
121793,0.195545587314834,TEX29
92749,0.19549342791571,DRC1
30849,0.195441268516587,PIK3R4
170425,0.195389109117463,LINC00858
100873930,0.195336949718339,DLG3-AS1
101928020,0.195284790319216,KANSL1L-AS1
90668,0.195232630920092,CARMIL3
9633,0.195180471520968,TESMIN
100507240,0.195102232422283,VWA8-AS1
255101,0.195102232422283,CFAP65
439931,0.195023993323597,THAP7-AS1
140680,0.194945754224911,C20orf96
26266,0.194945754224911,SLC13A4
146429,0.194867515126226,SLC22A31
440952,0.194763196327978,EIF1B-AS1
414927,0.194763196327978,MGC34796
284276,0.194763196327978,LINC00908
4956,0.194658877529731,ODF1
127841,0.194606718130607,LINC00628
221584,0.194554558731483,ZSCAN12P1
375759,0.194476319632798,C9orf50
90060,0.194476319632798,CCDC120
58158,0.194398080534112,NEUROD4
84229,0.194345921134989,DRC7
56953,0.194293761735865,NT5M
100506603,0.194215522637179,VASH1-AS1
8602,0.194215522637179,NOP14
338651,0.194137283538494,KRTAP5-AS1
375775,0.19408512413937,PNPLA7
100652853,0.194006885040684,LINC01023
140687,0.194006885040684,GCNT7
154865,0.193928645941999,IQUB
83605,0.193876486542875,CCM2
259215,0.193824327143751,LY6G6F
642345,0.193772167744628,MIR4500HG
54629,0.193720008345504,MINDY2
100506675,0.193589609847695,LINC03031
137362,0.193589609847695,GOT1L1
84226,0.193589609847695,C2orf16
83873,0.193589609847695,GPR61
50944,0.193459211349885,SHANK1
56834,0.193407051950762,GPR137
50855,0.193354892551638,PARD6A
55125,0.193302733152514,CEP192
338817,0.19325057375339,LINC01252
150275,0.193172334654705,CCDC117
57696,0.193172334654705,DDX55
100874309,0.19296369705821,EPN2-IT1
400794,0.19296369705821,LRRC52-AS1
340094,0.19296369705821,LINC01020
286059,0.19296369705821,LOC286059
145501,0.19296369705821,ISM2
26251,0.19296369705821,KCNG2
641977,0.192781139161277,SEPTIN7P2
100188953,0.192728979762153,LINC00092
100506730,0.192676820363029,LOC100506730
196883,0.192572501564782,ADCY4
169714,0.192572501564782,QSOX2
9933,0.192572501564782,PUM3
2046,0.192468182766535,EPHA8
163115,0.192389943667849,ZNF781
50514,0.192389943667849,DELEC1
101927273,0.192181306071354,LINC01416
101927248,0.192181306071354,LINC00391
100652824,0.192181306071354,KIAA2012
129852,0.192181306071354,C2orf73
10612,0.192181306071354,TRIM3
10117,0.192181306071354,ENAM
101928162,0.191816190277488,LINC02366
100507206,0.191816190277488,LINC00943
285103,0.191816190277488,MED15P9
222826,0.191816190277488,FAM217A
123970,0.191816190277488,C16orf78
113177,0.191816190277488,IZUMO4
84076,0.191816190277488,TKTL2
7141,0.191816190277488,TNP1
246119,0.191581472981431,TTTY10
79024,0.191529313582308,SMIM2
100128946,0.191477154183184,LINC01310
154790,0.19142499478406,CLEC2L
100133985,0.191320675985813,LINC01816
347365,0.191320675985813,ITIH6
27039,0.191320675985813,PKD2L2
9502,0.191216357187565,XAGE2
10847,0.191164197788441,SRCAP
64837,0.191112038389318,KLC2
5443,0.191059878990194,POMC
151835,0.19100771959107,CPNE9
8074,0.190955560191947,FGF23
101929488,0.190877321093261,LOC101929488
646982,0.190877321093261,LINC00598
9496,0.190799081994575,TBX4
1414,0.190746922595452,CRYBB1
120526,0.190694763196328,DNAJC24
150160,0.190642603797204,CCT8L2
8086,0.190590444398081,AAAS
164127,0.190486125599833,CCDC185
120065,0.190486125599833,OR5P2
50834,0.190486125599833,TAS2R1
101929181,0.190355727102024,LINC01647
414196,0.190355727102024,CELF2-AS1
10940,0.190277488003338,POP1
91012,0.190199248904653,CERS5
79863,0.190199248904653,RBFA
729220,0.190094930106405,FLJ45513
127833,0.190094930106405,SYT2
285126,0.19001669100772,DNAJC5G
84618,0.189938451909034,NT5C1A
59351,0.189938451909034,PBOV1
728723,0.189808053411225,ZBED3-AS1
222642,0.189808053411225,TSPO2
11281,0.189808053411225,POU6F2
23149,0.189703734612977,FCHO1
126520,0.189651575213854,PLK5
101927722,0.189573336115168,LINC01644
440602,0.189573336115168,CYMP-AS1
10131,0.189495097016482,TRAP1
283587,0.189442937617359,LINC01146
101928002,0.189286459419987,LOC101928002
100240728,0.189286459419987,LOC100240728
161497,0.189286459419987,STRC
9742,0.189286459419987,IFT140
1395,0.189286459419987,CRHR2
5922,0.189129981222616,RASA2
7142,0.189077821823493,TNP2
6621,0.189025662424369,SNAPC4
29914,0.188973503025245,UBIAD1
100506451,0.18889526392656,RASSF8-AS1
84179,0.18889526392656,SLC49A3
7567,0.188817024827874,ZNF19
342357,0.18876486542875,ZKSCAN2
80739,0.188712706029627,MPIG6B
221391,0.188660546630503,OPN5
6416,0.188608387231379,MAP2K4
100271832,0.188556227832255,NA
83482,0.188504068433132,SCRT1
202865,0.188373669935322,C7orf33
157927,0.188373669935322,LINC02907
93668,0.188373669935322,HPYR1
8330,0.188373669935322,H2AC15
223075,0.188217191737951,ITPRID1
196415,0.188217191737951,LINC02909
347344,0.188112872939704,ZNF81
5149,0.188112872939704,PDE6H
102682016,0.187930315042771,LINC01159
101927272,0.187930315042771,LOC101927272
100505518,0.187930315042771,EDNRB-AS1
727699,0.187930315042771,LINC00163
400958,0.187930315042771,LINC02245
728637,0.1877738368454,MEIKIN
100128285,0.187695597746714,DNM1P35
91875,0.187695597746714,TTC5
353135,0.187591278948466,LCE1E
149998,0.187591278948466,LIPI
101926943,0.187513039849781,GTF2I-AS1
23509,0.187434800751095,POFUT1
6650,0.187434800751095,CAPN15
64319,0.18735656165241,FBRS
9311,0.187304402253286,ASIC3
79879,0.187252242854162,CCDC134
222659,0.187200083455039,PXT1
65260,0.187121844356353,COA7
5303,0.187121844356353,PIN4
101929144,0.187017525558106,LINC01858
6290,0.187017525558106,SAA3P
100507201,0.186913206759858,LINC01815
100216545,0.186913206759858,KMT2E-AS1
8368,0.186808887961611,H4C13
8366,0.186808887961611,H4C2
58512,0.186730648862925,DLGAP3
54808,0.186678489463801,DYM
101928099,0.186626330064678,PCAT7
94030,0.186574170665554,LRRC4B
81792,0.18652201126643,ADAMTS12
64428,0.186417692468183,CIAO3
11337,0.186417692468183,GABARAP
8174,0.186417692468183,MADCAM1
116840,0.186287293970373,CNTROB
55954,0.186287293970373,ZMAT5
101929681,0.185713540580013,LINC02064
101927586,0.185713540580013,LINC01271
100133461,0.185713540580013,LINC02171
374768,0.185713540580013,SPEM1
284912,0.185713540580013,LOC284912
284379,0.185713540580013,LOC284379
283358,0.185713540580013,B4GALNT3
143678,0.185713540580013,C11orf94
131965,0.185713540580013,METTL6
126402,0.185713540580013,CCDC105
79751,0.185713540580013,SLC25A22
79748,0.185713540580013,LMAN1L
57165,0.185713540580013,GJC2
56156,0.185713540580013,TEX13B
29850,0.185713540580013,TRPM5
9283,0.185713540580013,GPR37L1
9177,0.185713540580013,HTR3B
7148,0.185713540580013,TNXB
3651,0.185713540580013,PDX1
2797,0.185713540580013,GNRH2
84844,0.185165866889213,PHF5A
100306951,0.185087627790528,PITPNA-AS1
8701,0.185087627790528,DNAH11
66005,0.185009388691842,CHID1
143879,0.184957229292719,KBTBD3
440894,0.184905069893595,LINC01123
27340,0.184852910494471,UTP20
11102,0.184800751095347,RPP14
80778,0.184748591696224,ZNF34
8350,0.1846964322971,H3C1
152225,0.184618193198414,LINC02085
10474,0.184618193198414,TADA3
114822,0.184539954099729,RHPN1
100874239,0.184461715001043,ARHGAP26-AS1
64210,0.184461715001043,MMS19
161142,0.184357396202796,GARIN2
116828,0.184357396202796,N4BP2L2-IT2
65003,0.184253077404548,MRPL11
7343,0.184253077404548,UBTF
84636,0.184174838305863,GPR174
26262,0.184122678906739,TSPAN17
1478,0.184070519507615,CSTF2
283624,0.18399228040893,LINC00641
9905,0.18399228040893,SGSM2
2253,0.183914041310244,FGF8
29934,0.18386188191112,SNX12
100526820,0.183783642812435,CAHM
402682,0.183783642812435,UFSP1
100506161,0.183601084915502,TAF1A-AS1
90342,0.183601084915502,FER1L5
79946,0.183601084915502,C10orf95
54476,0.183601084915502,RNF216
9271,0.183601084915502,PIWIL1
7290,0.183444606718131,HIRA
64983,0.183366367619445,MRPL32
3396,0.183366367619445,MRPL58
339344,0.182714375130399,MYPOP
286262,0.182714375130399,TPRN
144108,0.182714375130399,SPTY2D1
126003,0.182714375130399,TRAPPC5
114932,0.182714375130399,MRFAP1L1
90332,0.182714375130399,EXOC3L2
84922,0.182714375130399,FIZ1
83874,0.182714375130399,TBC1D10A
81605,0.182714375130399,URM1
55362,0.182714375130399,TMEM63B
30827,0.182714375130399,CXXC1
26133,0.182714375130399,TRPC4AP
23264,0.182714375130399,ZC3H7B
11097,0.182714375130399,NUP42
10101,0.182714375130399,NUBP2
9810,0.182714375130399,RNF40
8505,0.182714375130399,PARG
7916,0.182714375130399,PRRC2A
5866,0.182714375130399,RAB3IL1
5546,0.182714375130399,PRCC
5431,0.182714375130399,POLR2B
2931,0.182714375130399,GSK3A
162,0.182714375130399,AP1B1
257396,0.182088462340914,MOCS2-DT
9095,0.18203630294179,TBX19
100289509,0.181827665345295,KCNIP2-AS1
100132464,0.181827665345295,FAM99B
221785,0.181827665345295,ZSCAN25
153745,0.181827665345295,GARIN3
117285,0.181827665345295,DEFB118
3145,0.181827665345295,HMBS
1103,0.181827665345295,CHAT
114788,0.1816190277488,CSMD3
220004,0.181566868349677,PPP1R32
2249,0.181514708950553,FGF4
54606,0.181462549551429,DDX56
23732,0.181410390152305,FRRS1L
100132476,0.181358230753182,KRTAP4-7
146723,0.181306071354058,CD300LD-AS1
7066,0.181253911954934,THPO
103344929,0.181045274358439,BGLT3
170626,0.181045274358439,XAGE3
142680,0.181045274358439,SLC34A3
84173,0.181045274358439,ELMOD3
8643,0.181045274358439,PTCH2
8484,0.181045274358439,GALR3
4861,0.181045274358439,NPAS1
84866,0.180836636761945,TMEM25
374354,0.180784477362821,NHLRC2
101929064,0.180732317963697,MAPK10-AS1
11270,0.180680158564573,NRM
285636,0.18062799916545,RIMOC1
51378,0.180419361568955,ANGPT4
23514,0.180419361568955,SPIDR
7248,0.180419361568955,TSC1
6184,0.180419361568955,RPN1
2835,0.180419361568955,GPR12
2636,0.180419361568955,GBX1
1394,0.180419361568955,CRHR1
202500,0.180080325474651,TCTE1
160777,0.180080325474651,CCDC60
158055,0.180080325474651,C9orf163
56928,0.180080325474651,SPPL2B
56673,0.180080325474651,C11orf16
8831,0.180080325474651,SYNGAP1
55119,0.179871687878156,PRPF38B
22985,0.179871687878156,ACIN1
100507629,0.179663050281661,LINC00658
83446,0.179663050281661,CCDC70
26233,0.179663050281661,FBXL6
25774,0.179663050281661,GSTT4
10881,0.179663050281661,ACTL7A
1538,0.179663050281661,CYLC1
22933,0.179480492384728,SIRT2
100287902,0.179271854788233,LGALS8-AS1
100133991,0.179271854788233,MAP3K14-AS1
155185,0.179271854788233,AMZ1
135644,0.179271854788233,TRIM40
8912,0.179271854788233,CACNA1H
3762,0.179271854788233,KCNJ5
575,0.179271854788233,ADGRB1
79102,0.178984978093052,RNF26
64779,0.178984978093052,MTHFSD
64064,0.178984978093052,OXCT2
3954,0.178984978093052,LETM1
22992,0.178854579595243,KDM2A
474,0.178802420196119,ATOH1
29124,0.178698101397872,LGALS13
5083,0.178698101397872,PAX9
268,0.178698101397872,AMH
115560,0.178567702900063,ZNF501
8811,0.178567702900063,GALR2
120534,0.178489463801377,ARL14EP
404201,0.173143125391196,WDFY3-AS2
339231,0.173143125391196,ARL16
283267,0.173143125391196,LINC00294
246184,0.173143125391196,CDC26
151903,0.173143125391196,CCDC12
150291,0.173143125391196,MORC2-AS1
146050,0.173143125391196,ZSCAN29
140459,0.173143125391196,ASB6
137964,0.173143125391196,GPAT4
126208,0.173143125391196,ZNF787
124995,0.173143125391196,MRPL10
124512,0.173143125391196,METTL23
116540,0.173143125391196,MRPL53
115939,0.173143125391196,TSR3
114034,0.173143125391196,TOE1
112812,0.173143125391196,FDX2
92399,0.173143125391196,MRRF
92105,0.173143125391196,INTS4
91966,0.173143125391196,EOLA1
91369,0.173143125391196,ANKRD40
90780,0.173143125391196,PYGO2
90231,0.173143125391196,KIAA2013
90196,0.173143125391196,SYS1
90121,0.173143125391196,TSR2
85019,0.173143125391196,TMEM241
84987,0.173143125391196,COX14
84148,0.173143125391196,KAT8
83658,0.173143125391196,DYNLRB1
81876,0.173143125391196,RAB1B
81572,0.173143125391196,PDRG1
80335,0.173143125391196,WDR82
80262,0.173143125391196,PHAF1
80207,0.173143125391196,OPA3
80198,0.173143125391196,MUS81
80011,0.173143125391196,PSME3IP1
79903,0.173143125391196,NAA60
79735,0.173143125391196,TBC1D17
79676,0.173143125391196,OGFOD2
79595,0.173143125391196,SAP130
79571,0.173143125391196,GCC1
79157,0.173143125391196,MFSD11
79078,0.173143125391196,C1orf50
65996,0.173143125391196,CENPBD2P
65993,0.173143125391196,MRPS34
64689,0.173143125391196,GORASP1
63925,0.173143125391196,ZNF335
63906,0.173143125391196,GPATCH3
60528,0.173143125391196,ELAC2
59286,0.173143125391196,UBL5
57130,0.173143125391196,ATP13A1
56945,0.173143125391196,MRPS22
56851,0.173143125391196,EMC7
56616,0.173143125391196,DIABLO
56478,0.173143125391196,EIF4ENIF1
56270,0.173143125391196,WDR45B
55922,0.173143125391196,NKRF
55702,0.173143125391196,YJU2
55666,0.173143125391196,NPLOC4
55661,0.173143125391196,DDX27
55658,0.173143125391196,RNF126
55572,0.173143125391196,FOXRED1
55229,0.173143125391196,PANK4
55111,0.173143125391196,PLEKHJ1
55101,0.173143125391196,DMAC2
55094,0.173143125391196,GPATCH1
54987,0.173143125391196,CZIB
54926,0.173143125391196,UBE2R2
54776,0.173143125391196,PPP1R12C
54108,0.173143125391196,CHRAC1
51699,0.173143125391196,VPS29
51654,0.173143125391196,CDK5RAP1
51547,0.173143125391196,SIRT7
51531,0.173143125391196,TRMO
51507,0.173143125391196,RTF2
51329,0.173143125391196,ARL6IP4
51295,0.173143125391196,ECSIT
51078,0.173143125391196,THAP4
51009,0.173143125391196,DERL2
51004,0.173143125391196,COQ6
29926,0.173143125391196,GMPPA
29919,0.173143125391196,RMC1
29882,0.173143125391196,ANAPC2
29083,0.173143125391196,GTPBP8
28964,0.173143125391196,GIT1
28511,0.173143125391196,NKIRAS2
27335,0.173143125391196,EIF3K
27257,0.173143125391196,LSM1
27249,0.173143125391196,MMADHC
26608,0.173143125391196,TBL2
26523,0.173143125391196,AGO1
26277,0.173143125391196,TINF2
26122,0.173143125391196,EPC2
26017,0.173143125391196,FAM32A
26000,0.173143125391196,TBC1D10B
25980,0.173143125391196,AAR2
25977,0.173143125391196,NECAP1
25847,0.173143125391196,ANAPC13
24144,0.173143125391196,TFIP11
23760,0.173143125391196,PITPNB
23510,0.173143125391196,KCTD2
23478,0.173143125391196,SEC11A
23400,0.173143125391196,ATP13A2
23399,0.173143125391196,CTDNEP1
23385,0.173143125391196,NCSTN
23332,0.173143125391196,CLASP1
23170,0.173143125391196,TTLL12
23144,0.173143125391196,ZC3H3
23038,0.173143125391196,WDTC1
22980,0.173143125391196,TCF25
22978,0.173143125391196,NT5C2
22950,0.173143125391196,SLC4A1AP
22826,0.173143125391196,DNAJC8
11129,0.173143125391196,CLASRP
11018,0.173143125391196,TMED1
10992,0.173143125391196,SF3B2
10983,0.173143125391196,CCNI
10975,0.173143125391196,UQCR11
10594,0.173143125391196,PRPF8
10542,0.173143125391196,LAMTOR5
10524,0.173143125391196,KAT5
10445,0.173143125391196,MCRS1
10289,0.173143125391196,EIF1B
10273,0.173143125391196,STUB1
10270,0.173143125391196,AKAP8
10248,0.173143125391196,POP7
10245,0.173143125391196,TIMM17B
10078,0.173143125391196,TSSC4
10066,0.173143125391196,SCAMP2
10042,0.173143125391196,HMGXB4
9869,0.173143125391196,SETDB1
9851,0.173143125391196,KIAA0753
9807,0.173143125391196,IP6K1
9741,0.173143125391196,LAPTM4A
9577,0.173143125391196,BABAM2
9552,0.173143125391196,SPAG7
9512,0.173143125391196,PMPCB
9375,0.173143125391196,TM9SF2
9167,0.173143125391196,COX7A2L
9127,0.173143125391196,P2RX6
9092,0.173143125391196,SART1
8891,0.173143125391196,EIF2B3
8890,0.173143125391196,EIF2B4
8733,0.173143125391196,GPAA1
8427,0.173143125391196,ZNF282
8192,0.173143125391196,CLPP
8175,0.173143125391196,SF3A2
8079,0.173143125391196,MLF2
8031,0.173143125391196,NCOA4
7917,0.173143125391196,BAG6
7702,0.173143125391196,ZNF143
7564,0.173143125391196,ZNF16
7536,0.173143125391196,SF1
7520,0.173143125391196,XRCC5
7469,0.173143125391196,NELFA
7386,0.173143125391196,UQCRFS1
7353,0.173143125391196,UFD1
7317,0.173143125391196,UBA1
7311,0.173143125391196,UBA52
7251,0.173143125391196,TSG101
7178,0.173143125391196,TPT1
7165,0.173143125391196,TPD52L2
6992,0.173143125391196,PPP1R11
6878,0.173143125391196,TAF6
6838,0.173143125391196,SURF6
6727,0.173143125391196,SRP14
6634,0.173143125391196,SNRPD3
6629,0.173143125391196,SNRPB2
6613,0.173143125391196,SUMO2
6449,0.173143125391196,SGTA
6293,0.173143125391196,VPS52
6167,0.173143125391196,RPL37
6156,0.173143125391196,RPL30
6147,0.173143125391196,RPL23A
6047,0.173143125391196,RNF4
5976,0.173143125391196,UPF1
5719,0.173143125391196,PSMD13
5713,0.173143125391196,PSMD7
5700,0.173143125391196,PSMC1
5695,0.173143125391196,PSMB7
5687,0.173143125391196,PSMA6
5515,0.173143125391196,PPP2CA
5511,0.173143125391196,PPP1R8
5436,0.173143125391196,POLR2G
5082,0.173143125391196,PDCL
4898,0.173143125391196,NRDC
4848,0.173143125391196,CNOT2
4733,0.173143125391196,DRG1
4700,0.173143125391196,NDUFA6
4335,0.173143125391196,MNT
4298,0.173143125391196,MLLT1
4201,0.173143125391196,MEA1
3163,0.173143125391196,HMOX2
2962,0.173143125391196,GTF2F1
2787,0.173143125391196,GNG5
2547,0.173143125391196,XRCC6
2197,0.173143125391196,FAU
1936,0.173143125391196,EEF1D
1603,0.173143125391196,DAD1
1347,0.173143125391196,COX7A2
1340,0.173143125391196,COX6B1
829,0.173143125391196,CAPZA1
521,0.173143125391196,ATP5ME
506,0.173143125391196,ATP5F1B
71,0.173143125391196,ACTG1
100505918,0.167614229084081,LOC100505918
440757,0.167614229084081,LINC00851
374387,0.167614229084081,LINC02716
135935,0.167614229084081,NOBOX
83863,0.167614229084081,TTTY5
65012,0.167614229084081,SLC26A10
56143,0.167614229084081,PCDHA5
6753,0.167614229084081,SSTR3
102724699,0.167275192989777,LINC02043
402779,0.167275192989777,CSMD2-AS1
255193,0.167275192989777,CSNK1G2-AS1
130560,0.167275192989777,SPATA3
26070,0.167275192989777,MYRF-AS1
100499194,0.167066555393282,LINC02992
79943,0.167066555393282,ZNF696
10021,0.167066555393282,HCN4
201158,0.166883997496349,TVP23C
84667,0.166883997496349,HES7
84630,0.166883997496349,TTBK1
6939,0.166883997496349,TCF15
124359,0.166727519298978,CDYL2
3351,0.166727519298978,HTR1B
286128,0.166649280200292,ZFP41
124401,0.166597120801168,ANKS3
80161,0.166544961402045,ASMTL-AS1
51127,0.166492802002921,TRIM17
149499,0.166440642603797,LRRC71
26984,0.166388483204673,SEC22A
100862662,0.166258084706864,ALDH1L1-AS2
83849,0.166258084706864,SYT15
81794,0.166258084706864,ADAMTS10
1421,0.166258084706864,CRYGD
55867,0.166127686209055,SLC22A11
342977,0.165971208011684,NANOS3
255057,0.165971208011684,CBARP
129807,0.165971208011684,NEU4
124590,0.165971208011684,USH1G
85291,0.165971208011684,KRTAP4-2
93429,0.165762570415189,LOC93429
84947,0.165762570415189,SERAC1
1271,0.165762570415189,CNTFR
2527,0.165658251616941,FUT5
114571,0.165580012518256,SLC22A9
2784,0.165580012518256,GNB3
388284,0.165475693720008,C16orf86
23415,0.165475693720008,KCNH4
400128,0.165371374921761,TUSC8
5892,0.165371374921761,RAD51D
83452,0.165267056123513,RAB33B
3299,0.165267056123513,HSF4
56751,0.165162737325266,BARHL1
9798,0.165162737325266,IST1
79825,0.165032338827457,EFCC1
55238,0.165032338827457,SLC38A7
25770,0.165032338827457,C22orf31
285971,0.164901940329647,ZNF775
29924,0.164901940329647,EPN1
56269,0.164771541831838,IRGC
6865,0.164771541831838,TACR2
2520,0.164771541831838,GAST
388886,0.164667223033591,LRRC75B
26235,0.164615063634467,FBXL4
100533182,0.164536824535781,SEC24B-AS1
54531,0.164536824535781,MIER2
645027,0.163884832046735,EVPLL
440699,0.163884832046735,LRRC52
399473,0.163884832046735,SPRED3
283932,0.163884832046735,FBXL19-AS1
90586,0.163884832046735,AOC4P
79955,0.163884832046735,PDZD7
79798,0.163884832046735,ARMC5
79057,0.163884832046735,PRRG3
55762,0.163884832046735,ZNF701
55626,0.163884832046735,AMBRA1
55051,0.163884832046735,NRDE2
51023,0.163884832046735,MRPS18C
25807,0.163884832046735,RHBDD3
23041,0.163884832046735,MON2
9610,0.163884832046735,RIN1
9031,0.163884832046735,BAZ1B
6618,0.163884832046735,SNAPC2
6553,0.163884832046735,SLC9A5
6094,0.163884832046735,ROM1
5989,0.163884832046735,RFX1
3508,0.163884832046735,IGHMBP2
2850,0.163884832046735,GPR27
2671,0.163884832046735,GFER
84364,0.163128520759441,ARFGAP2
79939,0.163128520759441,SLC35E1
64755,0.163128520759441,RUSF1
57461,0.163128520759441,ISY1
56965,0.163128520759441,PARP6
6396,0.163128520759441,SEC13
79922,0.162919883162946,MRM1
55231,0.162919883162946,CCDC87
57505,0.16284164406426,AARS2
25823,0.162789484665137,TPSG1
152992,0.162737325266013,TRMT44
643355,0.162685165866889,LINC01750
84272,0.162633006467765,YIPF4
284185,0.16255476736908,LINC00482
3645,0.16255476736908,INSRR
161247,0.162346129772585,FITM1
146862,0.162346129772585,UNC45B
131377,0.162346129772585,KLHL40
5913,0.162346129772585,RAPSN
1339,0.162346129772585,COX6A2
786,0.162346129772585,CACNG1
100506215,0.162163571875652,PAXBP1-AS1
64410,0.162111412476528,KLHL25
11224,0.162033173377843,RPL35
6193,0.162033173377843,RPS5
10081,0.161954934279157,PDCD7
23410,0.161902774880033,SIRT3
100189589,0.161824535781348,DCTN1-AS1
23546,0.161824535781348,SYNGR4
3704,0.161746296682662,ITPA
64949,0.161694137283538,MRPS26
51307,0.161641977884415,FAM53C
7341,0.161589818485291,SUMO1
57455,0.161537659086167,REXO1
100294720,0.161485499687044,NHEG1
64426,0.16143334028792,SUDS3
23373,0.161381180888796,CRTC1
203414,0.161302941790111,LINC01560
146433,0.161302941790111,IL34
7442,0.161224702691425,TRPV1
79230,0.161172543292301,ZNF557
115098,0.161042144794492,CCDC124
9609,0.161042144794492,RAB36
3550,0.161042144794492,IK
468,0.161042144794492,ATF4
130617,0.160650949301064,ZFAND2B
112936,0.160650949301064,VPS26B
57140,0.160650949301064,RNPEPL1
55780,0.160650949301064,ERMARD
51606,0.160650949301064,ATP6V1H
51093,0.160650949301064,METTL25B
50485,0.160650949301064,SMARCAL1
10005,0.160650949301064,ACOT8
9382,0.160650949301064,COG1
6837,0.160650949301064,MED22
5635,0.160650949301064,PRPSAP1
65988,0.16031191320676,ZNF747
9278,0.16031191320676,ZBTB22
147007,0.160077195910703,TMEM199
81887,0.160077195910703,LAS1L
55168,0.160077195910703,MRPS18A
54974,0.160077195910703,THG1L
54973,0.160077195910703,INTS11
8729,0.160077195910703,GBF1
5714,0.160077195910703,PSMD8
100188893,0.159503442520342,TOMM6
391356,0.159503442520342,PTRHD1
84273,0.159503442520342,NOA1
55967,0.159503442520342,NDUFA12
55011,0.159503442520342,PIH1D1
51692,0.159503442520342,CPSF3
51596,0.159503442520342,CUTA
10430,0.159503442520342,TMEM147
6133,0.159503442520342,RPL9
6132,0.159503442520342,RPL8
4725,0.159503442520342,NDUFS5
2768,0.159503442520342,GNA12
1975,0.159503442520342,EIF4B
1642,0.159503442520342,DDB1
509,0.159503442520342,ATP5F1C
57827,0.158955768829543,C6orf47
7458,0.158955768829543,EIF4H
7316,0.158955768829543,UBC
5435,0.158955768829543,POLR2F
4712,0.158955768829543,NDUFB6
805,0.158955768829543,CALM2
57794,0.158721051533486,SUGP1
23381,0.158721051533486,SMG5
10956,0.158721051533486,OS9
145845,0.158616732735239,LOC145845
100128640,0.158329856040058,ACVR2B-AS1
286076,0.158329856040058,LINC02878
169841,0.158329856040058,ZNF169
114042,0.158329856040058,LINC00334
57335,0.158329856040058,ZNF286A
51529,0.158329856040058,ANAPC11
9025,0.158329856040058,RNF8
3984,0.158329856040058,LIMK1
2802,0.158329856040058,GOLGA3
747,0.158329856040058,DAGLA
54867,0.157990819945754,TMEM214
10181,0.157990819945754,RBM5
3068,0.157990819945754,HDGF
51035,0.157808262048821,UBXN1
25973,0.157808262048821,PARS2
25880,0.157808262048821,TMEM186
10307,0.157808262048821,APBB3
116841,0.15765178385145,SNAP47
11267,0.15765178385145,SNF8
90007,0.157573544752764,MIDN
6786,0.157495305654079,STIM1
2937,0.157495305654079,GSS
79002,0.157182349259337,TRIR
64645,0.157182349259337,MFSD14A
56252,0.157182349259337,YLPM1
53339,0.157182349259337,BTBD1
22878,0.157182349259337,TRAPPC8
22828,0.157182349259337,SCAF8
10342,0.157182349259337,TFG
9877,0.157182349259337,ZC3H11A
9295,0.157182349259337,SRSF11
6203,0.157182349259337,RPS9
148413,0.15681723346547,MRPL20-AS1
84522,0.15681723346547,JAGN1
23168,0.15681723346547,RTF1
9950,0.15681723346547,GOLGA5
79753,0.156608595868976,SNIP1
55578,0.156608595868976,SUPT20H
23585,0.156608595868976,TMEM50A
4296,0.156608595868976,MAP3K11
56160,0.156399958272481,NSMCE3
55716,0.156399958272481,LMBR1L
23067,0.156399958272481,SETD1B
9675,0.156399958272481,TTI1
553115,0.156191320675986,PEF1
339230,0.156191320675986,CCDC137
51647,0.156191320675986,CIAO2B
27429,0.156191320675986,HTRA2
84514,0.156034842478615,GHDC
55177,0.156034842478615,RMDN3
27154,0.155930523680367,BRPF3
9897,0.155930523680367,WASHC5
6903,0.155852284581682,TBCC
10952,0.155774045482996,SEC61B
1431,0.155774045482996,CS
90826,0.155669726684749,PRMT9
81856,0.155669726684749,ZNF611
57171,0.155565407886501,DOLPP1
7515,0.155565407886501,XRCC1
55738,0.155382849989568,ARFGAP1
54946,0.155382849989568,SLC41A3
22879,0.155382849989568,MON1B
5550,0.155382849989568,PREP
4123,0.155382849989568,MAN2C1
64429,0.155200292092635,ZDHHC6
8986,0.155200292092635,RPS6KA4
283788,0.155043813895264,LOC283788
51530,0.155043813895264,ZC3HC1
11143,0.155043813895264,KAT7
533,0.155043813895264,ATP6V0B
118487,0.154887335697893,CHCHD1
29916,0.154887335697893,SNX11
284325,0.154652618401836,C19orf54
157247,0.154652618401836,NA
93621,0.154652618401836,MRFAP1
10533,0.154652618401836,ATG7
9328,0.154652618401836,GTF3C5
8216,0.154652618401836,LZTR1
1211,0.154652618401836,CLTA
51218,0.154339662007094,GLRX5
23028,0.154339662007094,KDM1A
2356,0.154339662007094,FPGS
1785,0.154339662007094,DNM2
310,0.154339662007094,ANXA7
100527964,0.154157104110161,LHX4-AS1
284260,0.154157104110161,LINC00907
255374,0.153765908616733,MBLAC1
163033,0.153765908616733,ZNF579
79576,0.153765908616733,NKAP
79020,0.153765908616733,C7orf25
57129,0.153765908616733,MRPL47
55571,0.153765908616733,CNOT11
25970,0.153765908616733,SH2B1
23592,0.153765908616733,LEMD3
10621,0.153765908616733,POLR3F
7572,0.153765908616733,ZNF24
6832,0.153765908616733,SUPV3L1
5605,0.153765908616733,MAP2K2
527,0.153765908616733,ATP6V0C
474354,0.153400792822867,LRRC18
60385,0.153348633423743,TSKS
100505718,0.153270394325057,LINC01592
197187,0.153270394325057,SNAI3-AS1
199221,0.153113916127686,DZIP1L
92340,0.153113916127686,PRR29
55815,0.153113916127686,TSNAXIP1
23247,0.153113916127686,KATNIP
124751,0.152905278531191,KRBA2
23248,0.152905278531191,RPRD2
9786,0.152905278531191,KIAA0586
9677,0.152905278531191,PPIP5K1
101928578,0.152670561235135,RAP2C-AS1
101410533,0.152670561235135,YTHDF3-DT
200035,0.152670561235135,NUDT17
118426,0.152670561235135,BORCS5
90678,0.152670561235135,LRSAM1
100505768,0.152435843939078,LINC01364
402573,0.152435843939078,SPACDR
338579,0.152435843939078,ANKRD30BP3
196477,0.152435843939078,CCER1
84838,0.152305445441269,ZNF496
150223,0.151914249947841,YDJC
138199,0.151914249947841,CARNMT1
84260,0.151914249947841,TCHP
51013,0.151914249947841,EXOSC1
29063,0.151914249947841,ZCCHC4
27304,0.151914249947841,MOCS3
9616,0.151914249947841,RNF7
9191,0.151914249947841,DEDD
7156,0.151914249947841,TOP3A
6294,0.151914249947841,SAFB
6208,0.151914249947841,RPS14
5528,0.151914249947841,PPP2R5D
2976,0.151914249947841,GTF3C2
741,0.151914249947841,ZNHIT2
201292,0.151496974754851,TRIM65
9923,0.151496974754851,ZBTB40
100286844,0.151392655956603,BCDIN3D-AS1
10392,0.151392655956603,NOD1
79862,0.151314416857918,ZNF669
219938,0.151236177759232,SPATA19
133491,0.151236177759232,C5orf47
90639,0.151131858960985,COX19
9013,0.151131858960985,TAF1C
55602,0.151053619862299,CDKN2AIP
199800,0.150975380763614,ADM5
2695,0.150975380763614,GIP
342945,0.150792822866681,ZSCAN22
124930,0.150792822866681,ANKRD13B
91355,0.150792822866681,LRP5L
63035,0.150792822866681,BCORL1
55290,0.150792822866681,BRF2
326340,0.150610264969748,ZAR1
246312,0.150610264969748,C21orf91-OT1
140739,0.1505059461715,UBE2F
7584,0.1505059461715,ZNF35
7023,0.150427707072815,TFAP4
337879,0.150349467974129,KRTAP8-1
2738,0.150349467974129,GLI4
147808,0.150245149175881,ZNF784
79712,0.150245149175881,GTDC1
64969,0.150114750678072,MRPS5
55007,0.150114750678072,FAM118A
23660,0.150114750678072,ZKSCAN5
7252,0.150010431879825,TSHB
283337,0.149932192781139,ZNF740
55223,0.149932192781139,TRIM62
92400,0.149853953682454,RBM18
2894,0.14980179428333,GRID1
114791,0.149723555184644,TUBGCP5
5130,0.149723555184644,PCYT1A
146923,0.149619236386397,RUNDC1
51341,0.149619236386397,ZBTB7A
646658,0.149436678489464,SYNDIG1L
116983,0.149436678489464,ACAP3
79867,0.149436678489464,TCTN2
29906,0.149436678489464,ST8SIA5
25871,0.149436678489464,NEPRO
348180,0.149201961193407,CTU2
129685,0.149201961193407,TAF8
84769,0.149201961193407,MPV17L2
1129,0.149201961193407,CHRM2
100506655,0.149019403296474,LCMT1-AS2
55593,0.149019403296474,OTUD5
7932,0.149019403296474,OR2H2
100506724,0.148889004798665,LINC00901
200172,0.148889004798665,SLFNL1
101928571,0.148810765699979,ZNF649-AS1
317760,0.148732526601294,ADAM20P1
29935,0.148732526601294,RPA4
100132735,0.148628207803046,FILNC1
29797,0.148628207803046,POM121L8P
80222,0.148523889004799,TARS2
7922,0.148523889004799,SLC39A7
731789,0.148419570206551,FAM238B
389124,0.148419570206551,IQCF5
128821,0.148341331107866,CST9L
57787,0.14826309200918,MARK4
54584,0.14826309200918,GNB1L
245711,0.148184852910494,SPDYA
100874241,0.148132693511371,STARD13-AS
100507006,0.148080534112247,LOC100507006
574432,0.148028374713123,IBA57-DT
7186,0.147976215314,TRAF2
55760,0.147924055914876,DHX32
91942,0.147871896515752,NDUFAF2
283571,0.147819737116628,PROX2
81872,0.147767577717505,KRTAP2-1
9989,0.147689338618819,PPP4R1
1201,0.147689338618819,CLN3
136051,0.147611099520134,ZNF786
84286,0.147298143125391,TMEM175
81858,0.147298143125391,SHARPIN
51763,0.147298143125391,INPP5K
11344,0.147298143125391,TWF2
10540,0.147298143125391,DCTN2
9772,0.147298143125391,TMEM94
8726,0.147298143125391,EED
7249,0.147298143125391,TSC2
5875,0.147298143125391,RABGGTA
955,0.147298143125391,ENTPD6
526,0.147298143125391,ATP6V1B2
27185,0.146985186730649,DISC1
283514,0.146933027331525,SIAH3
81565,0.146672230335907,NDEL1
60488,0.146672230335907,MRPS35
55957,0.146672230335907,LIN37
51614,0.146672230335907,ERGIC3
10989,0.146672230335907,IMMT
10574,0.146672230335907,CCT7
6730,0.146672230335907,SRP68
4691,0.146672230335907,NCL
1967,0.146672230335907,EIF2B1
65095,0.146411433340288,KRI1
91978,0.146359273941164,TPGS1
122509,0.14630711454204,IFI27L1
7695,0.146254955142917,ZNF136
51545,0.146176716044231,ZNF581
381,0.146176716044231,ARF5
27043,0.146098476945546,PELP1
83549,0.145837679949927,UCK1
65057,0.145837679949927,ACD
63916,0.145837679949927,ELMO2
58525,0.145837679949927,WIZ
23163,0.145837679949927,GGA3
11319,0.145837679949927,ECD
9688,0.145837679949927,NUP93
5536,0.145837679949927,PPP5C
2873,0.145837679949927,GPS1
100289341,0.145576882954308,MAN1B1-DT
51428,0.145472564156061,DDX41
9842,0.145472564156061,PLEKHM1
1797,0.145472564156061,DXO
374739,0.145368245357813,TEPP
129303,0.14531608595869,TMEM150A
23361,0.145263926559566,ZNF629
339965,0.145159607761319,CCDC158
257169,0.145159607761319,C9orf43
132851,0.145159607761319,SPATA4
84337,0.144977049864386,ELOF1
64320,0.144977049864386,RNF25
27173,0.144977049864386,SLC39A1
10922,0.144977049864386,FASTK
440184,0.144820571667014,CCDC196
22913,0.144820571667014,RALY
136647,0.144716252868767,MPLKIP
79178,0.144716252868767,THTPA
79794,0.14461193407052,SPRING1
8225,0.14461193407052,GTPBP6
1337,0.144533694971834,COX6A1
400084,0.144377216774463,LINC00939
148932,0.144377216774463,MOB3C
80829,0.144377216774463,ZFP91
64419,0.144377216774463,MTMR14
4331,0.144377216774463,MNAT1
90378,0.14419465887753,SAMD1
5045,0.14419465887753,FURIN
6647,0.144116419778844,SOD1
55090,0.143986021281035,MED9
26589,0.143986021281035,MRPL46
23081,0.143986021281035,KDM4C
3155,0.143986021281035,HMGCL
5283,0.143855622783226,PIGH
374659,0.143751303984978,HDDC3
159013,0.143751303984978,CXorf38
10347,0.143751303984978,ABCA7
100507135,0.143568746088045,SPART-AS1
83877,0.143568746088045,TM2D2
28976,0.143568746088045,ACAD9
10557,0.143568746088045,RPP38
79797,0.143412267890674,ZNF408
51324,0.143412267890674,SPG21
8861,0.143334028791988,LDB1
100505854,0.143125391195493,APTR
90701,0.143125391195493,SEC11C
51389,0.143125391195493,RWDD1
27037,0.143125391195493,TRMT2A
25989,0.143125391195493,ULK3
25988,0.143125391195493,HINFP
9817,0.143125391195493,KEAP1
29999,0.142916753598999,FSCN3
9486,0.142864594199875,CHST10
84071,0.142786355101189,ARMC2
51281,0.142786355101189,ANKMY1
285521,0.142708116002504,COX18
8565,0.14265595660338,YARS1
23438,0.142603797204256,HARS2
100505783,0.142525558105571,OSER1-DT
55316,0.142525558105571,RSAD1
158046,0.142447319006885,NXNL2
441046,0.142369079908199,GUSBP5
339829,0.142369079908199,CCDC39
115827,0.142290840809514,RAB3C
285349,0.14223868141039,ZNF660
9159,0.142186522011266,PCSK7
29947,0.142134362612143,DNMT3L
2646,0.142082203213019,GCKR
283214,0.141925725015648,DGAT2-DT
94137,0.141925725015648,RP1L1
64211,0.141925725015648,LHX5
7484,0.141925725015648,WNT9B
2691,0.141925725015648,GHRH
100170229,0.141743167118715,SRRM5
140856,0.141743167118715,SCP2D1
57404,0.141664928020029,CYP20A1
56260,0.141560609221782,C8orf44
9130,0.141560609221782,FAM50A
6839,0.141560609221782,SUV39H1
100289361,0.141351971625287,LOC100289361
439933,0.141351971625287,LOC439933
57117,0.141351971625287,INTS12
9479,0.141351971625287,MAPK8IP1
6755,0.141351971625287,SSTR5
25789,0.141195493427916,TMEM59L
50813,0.141143334028792,COPS7A
284648,0.141039015230545,LINC01686
64110,0.141039015230545,MAGEF1
10210,0.141039015230545,TOPORS
79064,0.140934696432297,TMEM223
400891,0.140882537033173,LRRC74B
63932,0.14083037763405,STEEP1
283867,0.140726058835802,LINC00922
170825,0.140726058835802,GSX2
4115,0.140726058835802,MAGEB4
147741,0.140595660337993,ZNF560
57209,0.140595660337993,ZNF248
283981,0.140517421239307,LINC00685
338323,0.140439182140622,NLRP14
54854,0.140439182140622,FAM83E
55184,0.140360943041936,DZANK1
101928999,0.140308783642812,IQCF5-AS1
124222,0.140230544544127,PAQR4
84529,0.140230544544127,CDIN1
101927220,0.140152305445441,DEPDC1-AS1
353174,0.140074066346756,ZACN
57143,0.140074066346756,ADCK1
9929,0.139969747548508,JOSD1
3906,0.139969747548508,LALBA
26189,0.139891508449823,OR1A2
284958,0.139839349050699,NT5DC4
80329,0.139787189651575,ULBP1
101929586,0.139735030252451,LOC101929586
497259,0.139682870853328,C18orf61
81890,0.139604631754642,QTRT1
64219,0.139604631754642,PJA1
117286,0.139526392655957,CIB3
79568,0.139474233256833,MAIP1
101927550,0.139422073857709,LOC101927550
79087,0.139343834759024,ALG12
55741,0.139343834759024,EDEM2
644809,0.139239515960776,PAK6-AS1
4621,0.139239515960776,MYH3
57053,0.139161276862091,CHRNA10
100132386,0.139083037763405,KRTAP4-9
11122,0.139083037763405,PTPRT
642864,0.138744001669101,SPATA42
440900,0.138744001669101,LINC01191
285194,0.138744001669101,TUSC7
283847,0.138744001669101,TERB1
221191,0.138744001669101,PRSS54
161829,0.138744001669101,EXD1
140836,0.138744001669101,BANF2
125972,0.138744001669101,CALR3
83893,0.138744001669101,SPATA16
5161,0.138744001669101,PDHA2
2712,0.138744001669101,GK2
103344931,0.138431045274358,LOC103344931
56128,0.138378885875235,PCDHB8
101928797,0.138326726476111,LOC101928797
284114,0.138248487377425,TMEM102
283143,0.138248487377425,LINC00900
100132116,0.138144168579178,ACTA2-AS1
339488,0.138144168579178,TFAP2E
101928995,0.137857291883998,LINC01649
101928663,0.137857291883998,LOC101928663
101928446,0.137857291883998,LOC101928446
400581,0.137857291883998,GRAPL
344454,0.137857291883998,AOX2P
168507,0.137857291883998,PKD1L1
140846,0.137857291883998,FAM83C-AS1
117531,0.137857291883998,TMC1
114814,0.137857291883998,GNRHR2
353274,0.137596494888379,ZNF445
140880,0.137544335489255,CST11
23450,0.137492176090131,SF3B3
257068,0.137440016691008,PLCXD2
7507,0.137387857291884,XPA
10322,0.13733569789276,SMYD5
80224,0.137283538493637,NUBPL
101929504,0.13704882119758,LINC02544
100616668,0.13704882119758,TPTE2P5
100132273,0.13704882119758,NDUFA6-DT
134121,0.13704882119758,C5orf49
127795,0.13704882119758,C1orf87
127670,0.13704882119758,TEDDM1
83741,0.13704882119758,TFAP2D
50674,0.13704882119758,NEUROG3
731157,0.136814103901523,LOC731157
5822,0.136761944502399,PWP2
132243,0.136709785103276,H1-8
101928324,0.13663154600459,DHDDS-AS1
10744,0.13663154600459,PTTG2
1237,0.136553306905904,CCR8
114625,0.136501147506781,ERMAP
59067,0.136448988107657,IL21
652276,0.136396828708533,LOC652276
10244,0.13634466930941,RABEPK
91661,0.136188191112038,ZNF765
29093,0.136188191112038,MRPL22
22870,0.136188191112038,PPP6R1
8078,0.136188191112038,USP5
5211,0.136188191112038,PFKL
101929082,0.136005633215105,LINC01333
26692,0.136005633215105,OR2W1
84569,0.135901314416858,LYZL1
80070,0.135901314416858,ADAMTS20
101927017,0.135770915919049,LINC01180
64600,0.135770915919049,PLA2G2F
23742,0.135770915919049,NPAP1
102800314,0.135588358022116,MIR7515HG
101928333,0.135588358022116,GRM8-AS1
101928043,0.135588358022116,LINC01635
285456,0.135588358022116,RPL34-DT
340357,0.135353640726059,LINC03019
283693,0.135353640726059,ACTG1P17
134829,0.135353640726059,CLVS2
127579,0.135353640726059,DCST2
54084,0.135353640726059,TSPEAR
284385,0.135197162528688,ZNF561-AS1
104355292,0.134779887335698,LINC01525
101929662,0.134779887335698,LOC101929662
101927096,0.134779887335698,CLMAT3
101927007,0.134779887335698,LINC01365
340069,0.134779887335698,FAM170A
284451,0.134779887335698,ODF3L2
219770,0.134779887335698,GJD4
200523,0.134779887335698,TEX37
146378,0.134779887335698,C16orf92
91450,0.134779887335698,LOC91450
84069,0.134779887335698,PLEKHN1
57710,0.134779887335698,KIAA1614
27296,0.134779887335698,TP53TG5
1269,0.134779887335698,CNR2
417,0.134779887335698,ART1
100128788,0.134362612142708,SRRM2-AS1
101929116,0.134284373044023,LOC101929116
10251,0.134284373044023,SPRY3
101927396,0.134180054245775,LINC01514
5456,0.134180054245775,POU3F4
401585,0.134101815147089,LINC02595
100996342,0.133997496348842,LINC01664
160287,0.133997496348842,LDHAL6A
1133,0.133997496348842,CHRM5
100874014,0.133867097851033,NAV2-AS2
100506826,0.133867097851033,MYLK-AS1
101928886,0.133788858752347,LINC01864
10317,0.133736699353223,B3GALT5
283025,0.133658460254538,LINC01553
124912,0.133658460254538,SPACA3
101927478,0.13355414145629,NUP133-DT
80099,0.13355414145629,PKD1L1-AS1
285768,0.133449822658043,LINC01622
267012,0.133449822658043,DAOA
6006,0.133371583559357,RHCE
131669,0.133319424160234,UROC1
80868,0.13326726476111,HCG4B
254263,0.133215105361986,CNIH2
101928009,0.133162945962863,LOC101928009
100874187,0.133110786563739,LINC00559
104413891,0.133058627164615,SAPCD1-AS1
11047,0.133006467765491,ADRM1
84311,0.132954308366368,MRPL45
9860,0.132902148967244,LRIG2
221044,0.13284998956812,UCMA
497049,0.132693511370749,FLJ25758
341567,0.132693511370749,H1-7
161514,0.132693511370749,TBC1D21
57151,0.132693511370749,LYZL6
54752,0.132693511370749,FNDC8
83546,0.132537033173378,RTBDN
92822,0.132458794074692,ZNF276
50839,0.132458794074692,TAS2R10
84626,0.132380554976007,KRBA1
360205,0.13214583767995,PRAC2
339210,0.13214583767995,C17orf67
138724,0.13214583767995,C9orf131
84197,0.13214583767995,POMK
26659,0.13214583767995,OR7A5
5957,0.13214583767995,RCVRN
5545,0.13214583767995,PRB4
155,0.13214583767995,ADRB3
79173,0.131911120383893,BRME1
84851,0.131858960984769,TRIM52
57019,0.131780721886084,CIAPIN1
9443,0.131780721886084,MED7
10325,0.131702482787398,RRAGB
65123,0.131624243688713,INTS3
8398,0.131624243688713,PLA2G6
101927020,0.131546004590027,LOC101927020
153770,0.131467765491342,PLAC8L1
64693,0.131467765491342,CTAGE1
56158,0.131389526392656,TEX12
101927581,0.131206968495723,CCDC182
100287814,0.131206968495723,LINC00582
388948,0.131206968495723,LINC01118
81492,0.131206968495723,RSPH6A
26285,0.131206968495723,CLDN17
4858,0.131206968495723,NOVA2
8361,0.13102441059879,H4C6
100506368,0.130685374504486,FZD4-DT
100129460,0.130685374504486,DPY19L1P1
728012,0.130685374504486,MCHR2-AS1
286411,0.130685374504486,LINC00632
162515,0.130685374504486,SLC16A11
160728,0.130685374504486,SLC5A8
149069,0.130685374504486,DCDC2B
146562,0.130685374504486,DNAAF8
56676,0.130685374504486,ASCL3
23416,0.130685374504486,KCNH3
4116,0.130685374504486,MAGOH
2961,0.130685374504486,GTF2E2
100874362,0.13032025871062,HOXB-AS1
1419,0.13032025871062,CRYGB
3199,0.130242019611934,HOXA2
654434,0.130111621114125,SNHG20
145497,0.130111621114125,LRRC74A
136853,0.130111621114125,SSC4D
7483,0.130111621114125,WNT9A
441461,0.129981222616315,STX17-DT
101929441,0.129798664719382,ERLNC1
101928200,0.129798664719382,MRGPRF-AS1
100131213,0.129798664719382,ZNF503-AS2
284948,0.129798664719382,SH2D6
148709,0.129798664719382,ACTG1P25
778,0.129798664719382,CACNA1F
283849,0.129563947423326,EXOC3L1
9389,0.129563947423326,SLC22A14
4342,0.129563947423326,MOS
101927125,0.129277070728145,ELFN1-AS1
100652929,0.129277070728145,LINC02078
100130855,0.129277070728145,USP3-AS1
338963,0.129277070728145,LOC338963
126204,0.129277070728145,NLRP13
10407,0.129277070728145,SPAG11B
4992,0.129277070728145,OR1F1
2914,0.129277070728145,GRM4
339201,0.128885875234717,ASB16-AS1
84839,0.128885875234717,RAX2
84070,0.128885875234717,FAM186B
83933,0.128885875234717,HDAC10
64377,0.128885875234717,CHST8
2595,0.128885875234717,GANC
269,0.128885875234717,AMHR2
148345,0.128598998539537,C1orf127
80019,0.128598998539537,UBTD1
10773,0.128598998539537,ZBTB6
3614,0.128598998539537,IMPDH1
339822,0.128416440642604,LINC01115
285352,0.128416440642604,KIF9-AS1
152641,0.128416440642604,WWC2-AS2
541468,0.128286042144794,LURAP1
7549,0.128286042144794,ZNF2
117532,0.128207803046109,TMC2
151,0.128155643646985,ADRA2B
151171,0.128025245149176,LINC01107
26740,0.128025245149176,OR1J2
23145,0.128025245149176,SSPOP
1146,0.128025245149176,CHRNG
100506125,0.125104318798247,ADCY6-DT
100131801,0.125104318798247,PET100
441212,0.125104318798247,RP9P
388753,0.125104318798247,COA6
347862,0.125104318798247,GATD1
221092,0.125104318798247,HNRNPUL2
219541,0.125104318798247,MED19
199745,0.125104318798247,THAP8
196463,0.125104318798247,PLBD2
147965,0.125104318798247,FAM98C
118813,0.125104318798247,ZFYVE27
103910,0.125104318798247,MYL12B
90933,0.125104318798247,TRIM41
90416,0.125104318798247,CCDC32
89970,0.125104318798247,RSPRY1
84971,0.125104318798247,ATG4D
84872,0.125104318798247,ZC3H10
84833,0.125104318798247,ATP5MK
84219,0.125104318798247,WDR24
81576,0.125104318798247,YJU2B
81490,0.125104318798247,PTDSS2
80347,0.125104318798247,COASY
80219,0.125104318798247,COQ10B
79803,0.125104318798247,HPS6
79594,0.125104318798247,MUL1
79036,0.125104318798247,KXD1
79034,0.125104318798247,INTS15
64599,0.125104318798247,GIGYF1
64425,0.125104318798247,POLR1E
64083,0.125104318798247,GOLPH3
60673,0.125104318798247,ATG101
60626,0.125104318798247,RIC8A
60314,0.125104318798247,MYG1
58506,0.125104318798247,SCAF1
57213,0.125104318798247,SPRYD7
57176,0.125104318798247,VARS2
56970,0.125104318798247,ATXN7L3
56927,0.125104318798247,GPR108
56658,0.125104318798247,TRIM39
55898,0.125104318798247,UNC45A
55850,0.125104318798247,USE1
55845,0.125104318798247,BRK1
55689,0.125104318798247,YEATS2
55486,0.125104318798247,PARL
55324,0.125104318798247,ABCF3
55317,0.125104318798247,AP5S1
55295,0.125104318798247,KLHL26
54059,0.125104318798247,YBEY
53635,0.125104318798247,PTOV1
51780,0.125104318798247,KDM3B
51490,0.125104318798247,SPOUT1
51372,0.125104318798247,TMA7
51121,0.125104318798247,RPL26L1
51061,0.125104318798247,TXNDC11
51006,0.125104318798247,SLC35C2
29890,0.125104318798247,RBM15B
29888,0.125104318798247,STRN4
29844,0.125104318798247,TFPT
29086,0.125104318798247,BABAM1
28974,0.125104318798247,C19orf53
26151,0.125104318798247,NAT9
23640,0.125104318798247,HSPBP1
23491,0.125104318798247,CES3
23479,0.125104318798247,ISCU
23403,0.125104318798247,FBXO46
23256,0.125104318798247,SCFD1
23207,0.125104318798247,PLEKHM2
22937,0.125104318798247,SCAP
11235,0.125104318798247,PDCD10
10899,0.125104318798247,JTB
10478,0.125104318798247,SLC25A17
9978,0.125104318798247,RBX1
9968,0.125104318798247,MED12
9919,0.125104318798247,SEC16A
9784,0.125104318798247,SNX17
9727,0.125104318798247,RAB11FIP3
9640,0.125104318798247,ZNF592
9275,0.125104318798247,BCL7B
9158,0.125104318798247,FIBP
8554,0.125104318798247,PIAS1
7936,0.125104318798247,NELFE
7818,0.125104318798247,DAP3
7701,0.125104318798247,ZNF142
7297,0.125104318798247,TYK2
7189,0.125104318798247,TRAF6
7009,0.125104318798247,TMBIM6
6902,0.125104318798247,TBCA
6721,0.125104318798247,SREBF2
6429,0.125104318798247,SRSF4
6205,0.125104318798247,RPS11
6168,0.125104318798247,RPL37A
6166,0.125104318798247,RPL36AL
5298,0.125104318798247,PI4KB
5253,0.125104318798247,PHF2
5195,0.125104318798247,PEX14
5062,0.125104318798247,PAK2
5018,0.125104318798247,OXA1L
5007,0.125104318798247,OSBP
4707,0.125104318798247,NDUFB1
4140,0.125104318798247,MARK3
3190,0.125104318798247,HNRNPK
3032,0.125104318798247,HADHB
2580,0.125104318798247,GAK
2483,0.125104318798247,FRG1
1725,0.125104318798247,DHPS
819,0.125104318798247,CAMLG
738,0.125104318798247,VPS51
550,0.125104318798247,AUP1
116969,0.122261631546005,ART5
115861,0.122183392447319,NXNL1
55698,0.122183392447319,RADIL
285834,0.122026914249948,HCG22
80167,0.122026914249948,ABHD18
54760,0.122026914249948,PCSK4
5949,0.122026914249948,RBP3
158314,0.121870436052577,LINC00475
83693,0.121870436052577,HSDL1
84808,0.121766117254329,PERM1
4656,0.121766117254329,MYOG
205147,0.121687878155644,AMER3
100506175,0.121583559357396,RIPOR3-AS1
283373,0.121583559357396,ANKRD52
84436,0.121583559357396,ZNF528
146325,0.121453160859587,PRR35
8512,0.121453160859587,MBL1P
83932,0.121270602962654,SPRTN
79734,0.121270602962654,KCTD17
9033,0.121270602962654,PKD2L1
6572,0.121270602962654,SLC18A3
2831,0.121270602962654,NPBWR1
101929340,0.121035885666597,ESAM-AS1
101927703,0.121035885666597,FOXCUT
170572,0.121035885666597,HTR3C
8341,0.121035885666597,H2BC15
101929495,0.118871270602963,LINC01339
101929406,0.118871270602963,LINC01648
101928778,0.118871270602963,LINC01741
101928682,0.118871270602963,LOC101928682
101928134,0.118871270602963,RYR3-DT
100996263,0.118871270602963,TENT5C-DT
100873985,0.118871270602963,MED14OS
100506443,0.118871270602963,ITPKB-IT1
100505515,0.118871270602963,LINC01723
100287098,0.118871270602963,TONSL-AS1
100286938,0.118871270602963,VPS13A-AS1
100144604,0.118871270602963,LINC00930
100130522,0.118871270602963,PARD6G-AS1
100129716,0.118871270602963,ARRDC3-AS1
100128292,0.118871270602963,DLG5-AS1
390790,0.118871270602963,ARL5C
390705,0.118871270602963,LOC390705
390064,0.118871270602963,OR51I2
390063,0.118871270602963,OR51I1
388695,0.118871270602963,LYSMD1
353149,0.118871270602963,TBC1D26
347736,0.118871270602963,NME9
339666,0.118871270602963,LOC339666
339168,0.118871270602963,TMEM95
284805,0.118871270602963,C20orf203
284186,0.118871270602963,TMEM105
284131,0.118871270602963,ENDOV
283948,0.118871270602963,NHLRC4
283738,0.118871270602963,NTRK3-AS1
283601,0.118871270602963,LINC00523
283579,0.118871270602963,C14orf178
283303,0.118871270602963,MRGPRG-AS1
283177,0.118871270602963,B3GAT1-DT
283140,0.118871270602963,LINC02762
259234,0.118871270602963,DSCR10
256158,0.118871270602963,HMCN2
221122,0.118871270602963,LINC02685
197322,0.118871270602963,ACSF3
165100,0.118871270602963,TEX44
149373,0.118871270602963,TRIM67-AS1
148046,0.118871270602963,CIRBP-AS1
147746,0.118871270602963,HIPK4
132228,0.118871270602963,LSMEM2
128653,0.118871270602963,C20orf141
126661,0.118871270602963,CCDC163
126370,0.118871270602963,OR1I1
124783,0.118871270602963,SPATA32
118442,0.118871270602963,GPR62
115795,0.118871270602963,FANCD2OS
113091,0.118871270602963,PTH2
93650,0.118871270602963,ACP4
81543,0.118871270602963,LRRC3
80975,0.118871270602963,TMPRSS5
80831,0.118871270602963,APOL5
80111,0.118871270602963,C3orf36
80054,0.118871270602963,CEBPA-DT
79444,0.118871270602963,BIRC7
64769,0.118871270602963,MEAF6
64096,0.118871270602963,GFRA4
60484,0.118871270602963,HAPLN2
57540,0.118871270602963,DISP3
57127,0.118871270602963,RHBG
55539,0.118871270602963,KCNQ1DN
51052,0.118871270602963,PRLH
50846,0.118871270602963,DHH
26093,0.118871270602963,CCDC9
10361,0.118871270602963,NPM2
9230,0.118871270602963,RAB11B
8392,0.118871270602963,OR3A3
6975,0.118871270602963,TECTB
4295,0.118871270602963,MLN
4158,0.118871270602963,MC2R
3788,0.118871270602963,KCNS2
3211,0.118871270602963,HOXB1
2844,0.118871270602963,GPR21
2251,0.118871270602963,FGF6
1238,0.118871270602963,ACKR2
1135,0.118871270602963,CHRNA2
326,0.118871270602963,AIRE
162427,0.116706655539328,RETREG3
84964,0.116706655539328,ALKBH6
51604,0.116706655539328,PIGT
3661,0.116706655539328,IRF3
51117,0.116550177341957,COQ4
11066,0.116550177341957,SNRNP35
103091864,0.116471938243271,SNHG22
221908,0.116341539745462,PPP1R35
29777,0.116341539745462,ABT1
5481,0.116341539745462,PPID
5279,0.116341539745462,PIGC
115950,0.116211141247653,ZNF653
56948,0.115950344252034,SDR39U1
55226,0.115950344252034,NAT10
11266,0.115950344252034,DUSP12
10465,0.115950344252034,PPIH
9093,0.115950344252034,DNAJA3
7327,0.115950344252034,UBE2G2
6950,0.115950344252034,TCP1
6188,0.115950344252034,RPS3
5394,0.115950344252034,EXOSC10
101928205,0.114646359273941,LINC02097
101928165,0.114646359273941,CASC17
101927150,0.114646359273941,L3MBTL4-AS1
100133311,0.114646359273941,HOXA-AS3
100129250,0.114646359273941,SMIM27
100129175,0.114646359273941,LOC100129175
440104,0.114646359273941,TMEM198B
283673,0.114646359273941,EWSAT1
283171,0.114646359273941,LINC02873
267002,0.114646359273941,PGBD2
261734,0.114646359273941,NPHP4
222183,0.114646359273941,SRRM3
146705,0.114646359273941,TEPSIN
129450,0.114646359273941,TYW5
125893,0.114646359273941,ZNF816
113444,0.114646359273941,SMIM12
113000,0.114646359273941,RPUSD1
84461,0.114646359273941,NEURL4
83844,0.114646359273941,USP26
79818,0.114646359273941,ZNF552
57657,0.114646359273941,HCN3
55670,0.114646359273941,PEX26
27352,0.114646359273941,SGSM3
27297,0.114646359273941,CRCP
22989,0.114646359273941,MYH15
10844,0.114646359273941,TUBGCP2
10824,0.114646359273941,DIAPH2-AS1
9701,0.114646359273941,PPP6R2
9682,0.114646359273941,KDM4A
9667,0.114646359273941,SAFB2
7592,0.114646359273941,ZNF41
6722,0.114646359273941,SRF
5526,0.114646359273941,PPP2R5B
5430,0.114646359273941,POLR2A
4705,0.114646359273941,NDUFA10
4695,0.114646359273941,NDUFA2
4359,0.114646359273941,MPZ
3196,0.114646359273941,TLX2
1877,0.114646359273941,E4F1
1874,0.114646359273941,E2F4
1856,0.114646359273941,DVL2
348262,0.113498852493219,MCRIP1
10067,0.113498852493219,SCAMP3
6942,0.113498852493219,TCF20
23774,0.11336845399541,BRD1
8896,0.11336845399541,BUD31
5438,0.113264135197163,POLR2I
4701,0.113264135197163,NDUFA7
400569,0.113003338201544,MED11
80895,0.113003338201544,ILKAP
55108,0.113003338201544,BSDC1
29978,0.113003338201544,UBQLN2
29105,0.113003338201544,CFAP20
9790,0.113003338201544,BMS1
8666,0.113003338201544,EIF3G
3035,0.113003338201544,HARS1
79902,0.112690381806802,NUP85
64928,0.112690381806802,MRPL14
9716,0.112690381806802,AQR
8568,0.112690381806802,RRP1
55909,0.11253390360943,BIN3
54934,0.11253390360943,KANSL2
55810,0.112403505111621,FOXJ2
10978,0.112403505111621,CLP1
10208,0.112403505111621,USPL1
90441,0.112220947214688,ZNF622
64963,0.112220947214688,MRPS11
10127,0.112220947214688,ZNF263
740,0.112220947214688,MRPL49
101929715,0.110943041936157,ODC1-DT
101929684,0.110943041936157,LINC01520
101929631,0.110943041936157,LINC01653
101929472,0.110943041936157,CTD-2350J17.1
101928661,0.110943041936157,ADGB-DT
101928306,0.110943041936157,LOC101928306
101927849,0.110943041936157,LINC02355
101927502,0.110943041936157,TLE1-DT
100885778,0.110943041936157,NALCN-AS1
100628307,0.110943041936157,DIO2-AS1
100507547,0.110943041936157,LOC100507547
100506406,0.110943041936157,LOC100506406
100133308,0.110943041936157,RSU1P2
100130264,0.110943041936157,SLC24A3-AS1
648691,0.110943041936157,LL22NC03-63E9.3
643246,0.110943041936157,MAP1LC3B2
442186,0.110943041936157,OR2J3
400831,0.110943041936157,C20orf202
375607,0.110943041936157,NAT16
338694,0.110943041936157,LOC338694
317703,0.110943041936157,VN1R4
285941,0.110943041936157,LINC02860
284933,0.110943041936157,LOC284933
284312,0.110943041936157,ZSCAN1
256006,0.110943041936157,ANKRD31
222545,0.110943041936157,GPRC6A
221946,0.110943041936157,LOC221946
158160,0.110943041936157,HSD17B7P2
158131,0.110943041936157,OR1Q1
153910,0.110943041936157,LOC153910
151174,0.110943041936157,LINC02610
148696,0.110943041936157,LOC148696
140564,0.110943041936157,APOBEC3D
59284,0.110943041936157,CACNG7
55027,0.110943041936157,HEATR3
26707,0.110943041936157,OR2J2
25775,0.110943041936157,YWHAH-AS1
8756,0.110943041936157,ADAM7
8747,0.110943041936157,ADAM21
7783,0.110943041936157,ZP2
6247,0.110943041936157,RS1
4146,0.110943041936157,MATN1
2832,0.110943041936157,NPBWR2
2741,0.110943041936157,GLRA1
1418,0.110943041936157,CRYGA
101928276,0.109143542666388,LINC01227
101927081,0.109143542666388,MIR4307HG
100506540,0.109143542666388,SPTY2D1OS
100505624,0.109143542666388,GTF3C2-AS1
100505545,0.109143542666388,LINC01095
732275,0.109143542666388,LINC00917
643677,0.109143542666388,CCDC168
404220,0.109143542666388,C6orf201
402381,0.109143542666388,SOHLH1
342538,0.109143542666388,NACA2
285961,0.109143542666388,SEPTIN7P9
284680,0.109143542666388,SPATA46
200159,0.109143542666388,C1orf100
168433,0.109143542666388,RNF133
149018,0.109143542666388,LELP1
135927,0.109143542666388,LLCFC1
132141,0.109143542666388,IQCF1
131375,0.109143542666388,LYZL4
128864,0.109143542666388,C20orf144
127391,0.109143542666388,TMCO2
81626,0.109143542666388,SHCBP1L
80108,0.109143542666388,ZFP2
11086,0.109143542666388,ADAM29
8748,0.109143542666388,ADAM20
101928461,0.108126434383476,MAP3K5-AS1
100128139,0.108126434383476,LINC01233
646168,0.108126434383476,LRRC77P
641384,0.108126434383476,LINC02912
401312,0.108126434383476,LOC401312
319103,0.108126434383476,SNORD8
154089,0.108126434383476,LINC01312
128025,0.108126434383476,WDR64
84066,0.108126434383476,TEX35
56955,0.108126434383476,MEPE
29930,0.108126434383476,PCDHB1
10692,0.108126434383476,RRH
7686,0.108126434383476,MKRN7P
2492,0.108126434383476,FSHR
1527,0.108126434383476,TEX28
102724511,0.107396202795744,LOC102724511
100885798,0.107396202795744,LINC00210
100874167,0.107396202795744,LINC00423
100131117,0.107396202795744,ZBTB20-AS1
148870,0.107396202795744,CCDC27
93654,0.107396202795744,ST7-AS2
84789,0.107396202795744,MGC2889
51224,0.107396202795744,ELOA2
9248,0.107396202795744,GPR50
8456,0.107396202795744,FOXN1
5455,0.107396202795744,POU3F3
3354,0.107396202795744,HTR1E
2880,0.107396202795744,GPX5
101929172,0.106796369705821,LOC101929172
387316,0.106796369705821,VN1R10P
283254,0.106796369705821,HARBI1
140850,0.106796369705821,DEFB127
84766,0.106796369705821,CRACR2A
60686,0.106796369705821,C14orf93
26188,0.106796369705821,OR1C1
4303,0.106796369705821,FOXO4
4142,0.106796369705821,MAS1
1814,0.106796369705821,DRD3
101929052,0.105909659920718,LINC00836
101928943,0.105909659920718,MADD-AS1
101928227,0.105909659920718,LINC02345
101927433,0.105909659920718,LINC01255
100507140,0.105909659920718,LINC01792
100131691,0.105909659920718,MZF1-AS1
100131017,0.105909659920718,ZNF316
728095,0.105909659920718,SLIT3-AS1
403314,0.105909659920718,APOBEC4
389177,0.105909659920718,TMEM212
388381,0.105909659920718,C17orf98
285045,0.105909659920718,LINC00486
284069,0.105909659920718,FAM171A2
89885,0.105909659920718,FATE1
84261,0.105909659920718,FBXW9
83598,0.105909659920718,LRRC2-AS1
64122,0.105909659920718,FN3K
57592,0.105909659920718,ZNF687
54862,0.105909659920718,CC2D1A
23357,0.105909659920718,ANGEL1
23080,0.105909659920718,AVL9
6610,0.105909659920718,SMPD2
5071,0.105909659920718,PRKN
1572,0.105909659920718,CYP2F1
100852409,0.105127268933862,NEGR1-IT1
100506071,0.105127268933862,LOC100506071
100144596,0.105127268933862,LINC00029
90070,0.105127268933862,LACRT
56302,0.105127268933862,TRPV5
23538,0.105127268933862,OR52A1
101929123,0.104736073440434,LINC02493
101928323,0.104736073440434,ZBTB47-AS1
100507362,0.104736073440434,LINC01015
100129961,0.104736073440434,CCNT2-AS1
643714,0.104736073440434,CASC16
353299,0.104736073440434,RGSL1
80094,0.104736073440434,BIN3-IT1
79608,0.104736073440434,RIC3
10151,0.104736073440434,HNRNPA3P1
102800317,0.104449196745253,TPTEP2-CSNK1E
100302740,0.104449196745253,FAS-AS1
101927653,0.10426663884832,LINC02388
116179,0.10426663884832,TGM7
50831,0.10426663884832,TAS2R3
10047,0.10426663884832,CST8
4617,0.10426663884832,MYF5
100506237,0.103953682453578,NKX2-1-AS1
100129935,0.103953682453578,LOC100129935
401172,0.103953682453578,LINC02145
147664,0.103953682453578,ERVV-1
92283,0.103953682453578,ZNF461
56135,0.103953682453578,PCDHAC1
23326,0.103953682453578,USP22
728039,0.103458168161903,SSR4P1
647219,0.103458168161903,ASCL5
376412,0.103458168161903,RNF126P1
197196,0.103458168161903,LINC00311
162514,0.103458168161903,TRPV3
91149,0.103458168161903,RAPGEF4-AS1
56923,0.103458168161903,NMUR2
51807,0.103458168161903,TUBA8
10895,0.103458168161903,PPBPP2
10255,0.103458168161903,HCG9
3350,0.103458168161903,HTR1A
578,0.103458168161903,BAK1
101928513,0.103040892968913,CATIP-AS1
101928191,0.103040892968913,LOC101928191
93973,0.103040892968913,ACTR8
64768,0.103040892968913,IPPK
100507388,0.102571458376799,PARM1-AS1
751071,0.102571458376799,CSKMT
399909,0.102571458376799,PCNX3
340074,0.102571458376799,SLC25A48-AS1
317701,0.102571458376799,VN1R2
284086,0.102571458376799,NEK8
255130,0.102571458376799,IGFBP7-AS1
91442,0.102571458376799,FAAP24
85406,0.102571458376799,DNAJC14
23495,0.102571458376799,TNFRSF13B
22984,0.102571458376799,PDCD11
22820,0.102571458376799,COPG1
7768,0.102571458376799,ZNF225
2958,0.102571458376799,GTF2A2
283856,0.102023784686,GNAO1-DT
56098,0.102023784686,PCDHGC4
54937,0.102023784686,SOHLH2
26103,0.102023784686,LRIT1
9293,0.102023784686,GPR52
3752,0.102023784686,KCND3
1600,0.102023784686,DAB1
92014,0.101815147089506,SLC25A51
285000,0.10173690799082,LINC02946
283777,0.10173690799082,FAM169B
399671,0.101658668892134,HEATR4
100507058,0.101580429793449,LINC00845
340544,0.101580429793449,MORF4L2-AS1
102724323,0.101423951596078,LOC102724323
441072,0.101423951596078,IL6ST-DT
144920,0.101423951596078,LINC00343
23629,0.101423951596078,BRD7P3
100506585,0.101267473398706,PTPRN2-AS1
26529,0.101267473398706,OR12D2
100128164,0.101110995201335,LOC100128164
136259,0.101110995201335,KLF14
126147,0.101110995201335,NTN5
2116,0.101110995201335,ETV2
101928069,0.100850198205717,DPP3-DT
101927770,0.100850198205717,LOC101927770
100129845,0.100850198205717,PCOLCE-AS1
147948,0.100850198205717,ZNF582
89884,0.100850198205717,LHX4
1406,0.100850198205717,CRX
101928604,0.100667640308784,ZBTB46-AS1
101927049,0.100485082411851,PLCE1-AS2
100506436,0.100485082411851,SPAG5-AS1
338864,0.100485082411851,LINC00347
259285,0.100485082411851,TAS2R39
64100,0.100485082411851,ELSPBP1
1815,0.100485082411851,DRD4
101928844,0.100172126017108,LOC101928844
100507423,0.100172126017108,MKNK1-AS1
400500,0.100172126017108,BCAR4
387638,0.100172126017108,NA
80069,0.100172126017108,LINC00574
6370,0.100172126017108,CCL25
101929486,0.0999634884206134,LINC01722
1310,0.0999634884206134,COL19A1
101928335,0.0998591696223659,LOC101928335
57191,0.0998591696223659,VN1R1
100507086,0.0995201335280618,DLG1-AS1
100132167,0.0995201335280618,NA
100129617,0.0995201335280618,LOC100129617
643365,0.0995201335280618,LINC00452
414332,0.0995201335280618,LCN10
132014,0.0995201335280618,IL17RE
91749,0.0995201335280618,MFSD4B
57113,0.0995201335280618,TRPC7
6550,0.0995201335280618,SLC9A3
795,0.0995201335280618,S100G
696,0.0995201335280618,BTN1A1
6517,0.0991810974337576,SLC2A4
3767,0.0991810974337576,KCNJ11
102723165,0.0988681410390152,LINC01169
100507331,0.0988681410390152,ZSWIM8-AS1
388182,0.0988681410390152,SPATA41
154442,0.0988681410390152,BVES-AS1
138428,0.0988681410390152,PTRH1
63893,0.0988681410390152,UBE2O
50833,0.0988681410390152,TAS2R16
7399,0.0988681410390152,USH2A
5153,0.0988681410390152,PDE1B
114,0.0988681410390152,ADCY8
100507267,0.0985551846442729,LINC01187
100129597,0.0985551846442729,LINC00462
101929176,0.0978771124556645,ADAMTS16-DT
101927224,0.0978771124556645,LINC01049
101926915,0.0978771124556645,LOC101926915
100506462,0.0978771124556645,SRD5A3-AS1
100240734,0.0978771124556645,LOC100240734
647107,0.0978771124556645,LINC01192
644096,0.0978771124556645,SDHAF1
643711,0.0978771124556645,PAFAH1B2P2
378828,0.0978771124556645,LINC00317
162540,0.0978771124556645,SPPL2C
116337,0.0978771124556645,PANX3
92070,0.0978771124556645,CTBP1-DT
90204,0.0978771124556645,ZSWIM1
84717,0.0978771124556645,HDGFL2
83547,0.0978771124556645,RILP
80039,0.0978771124556645,FAM106A
79934,0.0978771124556645,COQ8B
79643,0.0978771124556645,CHMP6
57829,0.0978771124556645,ZP4
57408,0.0978771124556645,LRTM1
10523,0.0978771124556645,CHERP
7757,0.0978771124556645,ZNF208
5338,0.0978771124556645,PLD2
2742,0.0978771124556645,GLRA2
388789,0.0958428958898394,SMIM26
284004,0.0958428958898394,HEXD
283951,0.0958428958898394,C16orf91
203069,0.0958428958898394,R3HCC1
131474,0.0958428958898394,CHCHD4
118424,0.0958428958898394,UBE2J2
90580,0.0958428958898394,TIMM29
85369,0.0958428958898394,STRIP1
84313,0.0958428958898394,VPS25
84262,0.0958428958898394,PSMG3
84232,0.0958428958898394,MAF1
84138,0.0958428958898394,SLC7A6OS
83608,0.0958428958898394,C18orf21
81562,0.0958428958898394,LMAN2L
80196,0.0958428958898394,RNF34
79171,0.0958428958898394,RBM42
79033,0.0958428958898394,ERI3
58493,0.0958428958898394,INIP
57521,0.0958428958898394,RPTOR
56915,0.0958428958898394,EXOSC5
56063,0.0958428958898394,TMEM234
55756,0.0958428958898394,INTS9
55644,0.0958428958898394,OSGEP
55178,0.0958428958898394,MRM3
54784,0.0958428958898394,ALKBH4
54344,0.0958428958898394,DPM3
51564,0.0958428958898394,HDAC7
51538,0.0958428958898394,ZCCHC17
26276,0.0958428958898394,VPS33B
26205,0.0958428958898394,GMEB2
25904,0.0958428958898394,CNOT10
23515,0.0958428958898394,MORC3
23339,0.0958428958898394,VPS39
22955,0.0958428958898394,SCMH1
22884,0.0958428958898394,WDR37
10668,0.0958428958898394,CGRRF1
10664,0.0958428958898394,CTCF
10654,0.0958428958898394,PMVK
10490,0.0958428958898394,VTI1B
10456,0.0958428958898394,HAX1
9894,0.0958428958898394,TELO2
9129,0.0958428958898394,PRPF3
8683,0.0958428958898394,SRSF9
8517,0.0958428958898394,IKBKG
7920,0.0958428958898394,ABHD16A
7064,0.0958428958898394,THOP1
6811,0.0958428958898394,STX5
6729,0.0958428958898394,SRP54
6118,0.0958428958898394,RPA2
5681,0.0958428958898394,PSKH1
4720,0.0958428958898394,NDUFS2
4682,0.0958428958898394,NUBP1
3476,0.0958428958898394,IGBP1
2176,0.0958428958898394,FANCC
399670,0.0940955560191947,RPL13AP17
374920,0.0940955560191947,ZSWIM9
339105,0.0940955560191947,PRSS53
257203,0.0940955560191947,DSCR9
254099,0.0940955560191947,LINC01342
169436,0.0940955560191947,STKLD1
84705,0.0940955560191947,GTPBP3
84264,0.0940955560191947,HAGHL
56145,0.0940955560191947,PCDHA3
54920,0.0940955560191947,DUS2
51588,0.0940955560191947,PIAS4
51214,0.0940955560191947,IGF2-AS
6528,0.0940955560191947,SLC5A5
84893,0.0937043605257668,FBH1
55657,0.0937043605257668,ZNF692
201853,0.0936261214270812,LINC00504
51060,0.0935739620279574,TXNDC12
101927821,0.09346964322971,LINC01425
100505659,0.09346964322971,LINC00967
3933,0.09346964322971,LCN1
1233,0.0933653244314625,CCR4
101928700,0.0933131650323388,CNTNAP2-AS1
115201,0.0932349259336532,ATG4A
29998,0.0932349259336532,BICRA
125206,0.0931306071354058,SLC5A10
2010,0.0931306071354058,EMD
100507098,0.0930262883371584,ADAMTS9-AS2
79411,0.0930262883371584,GLB1L
101928167,0.092895889839349,LINC01917
348793,0.092895889839349,WDR53
283491,0.092895889839349,OR7E156P
139728,0.0927654913415397,PNCK
4595,0.0927654913415397,MUTYH
101927359,0.0926611725432923,PCDH10-DT
440738,0.0926611725432923,MAP1LC3C
147929,0.0925829334446067,ZNF565
84892,0.0924525349467974,POMGNT2
80185,0.0924525349467974,TTI2
51225,0.0924525349467974,ABI3
27301,0.0924525349467974,APEX2
145783,0.0921917379511788,LOC145783
81629,0.0921917379511788,TSSK3
65980,0.0921917379511788,BRD9
54461,0.0921917379511788,FBXW5
51503,0.0921917379511788,CWC15
11284,0.0921917379511788,PNKP
92170,0.0919570206551221,MTG1
54949,0.0919570206551221,SDHAF2
7841,0.0919570206551221,MOGS
11055,0.0918527018568746,ZPBP
246734,0.0918005424577509,NA
347688,0.0917223033590653,TUBB8
113746,0.0917223033590653,ODF3
57369,0.0916440642603797,GJD2
117246,0.0915136657625704,FTSJ3
56893,0.0915136657625704,UBQLN4
8036,0.0915136657625704,SHOC2
617,0.0915136657625704,BCS1L
55374,0.0913832672647611,TMCO6
79777,0.0913311078656374,ACBD4
1213,0.0912789484665137,CLTC
23626,0.0912267890673899,SPO11
57533,0.0911224702691425,TBC1D14
54623,0.0911224702691425,PAF1
10195,0.0911224702691425,ALG3
399512,0.090653035677029,SLC25A35
348932,0.090653035677029,SLC6A18
84923,0.090653035677029,FAM104A
84309,0.090653035677029,NUDT16L1
83606,0.090653035677029,GUCD1
56257,0.090653035677029,MEPCE
55041,0.090653035677029,PLEKHB2
54823,0.090653035677029,SWT1
27130,0.090653035677029,INVS
10904,0.090653035677029,BLCAP
10454,0.090653035677029,TAB1
7284,0.090653035677029,TUFM
6879,0.090653035677029,TAF7
6845,0.090653035677029,VAMP7
1352,0.090653035677029,COX10
283385,0.0902357604840392,MORN3
161424,0.0901575213853536,NOP9
57558,0.0901575213853536,USP35
728024,0.0900271228875443,LOC728024
285419,0.0900271228875443,LINC01091
283480,0.0900271228875443,FGF14-IT1
642757,0.089896724389735,TBC1D22A-AS1
9884,0.089896724389735,LRRC37A
728116,0.0897924055914876,ZBTB8B
3750,0.0897924055914876,KCND1
645513,0.089714166492802,SEPTIN7P14
441869,0.0896359273941164,ANKRD65
63951,0.0896359273941164,DMRTA1
146861,0.0894794491967452,SLC35G3
79575,0.0894794491967452,ABHD8
26493,0.0894794491967452,OR8B8
7471,0.0894794491967452,WNT1
55778,0.0893229709993741,ZNF839
30832,0.0893229709993741,ZNF354C
100507266,0.0891925725015648,STX18-AS1
79759,0.0891925725015648,ZNF668
57057,0.0891925725015648,TBX20
83473,0.0890882537033173,KATNAL2
414157,0.0890360943041936,C10orf62
101929582,0.0888013770081369,LINC01241
246269,0.0888013770081369,AFG1L
199699,0.0888013770081369,DAND5
139285,0.0888013770081369,AMER1
55210,0.0888013770081369,ATAD3A
8846,0.0888013770081369,ALKBH1
4802,0.0888013770081369,NFYC
4356,0.0888013770081369,MPP3
404281,0.0885145003129564,YY2
128486,0.0885145003129564,FITM2
54938,0.0885145003129564,SARS2
55721,0.0883841018151471,IQCC
50614,0.0883841018151471,GALNT9
116412,0.0882797830168996,ZNF837
50835,0.0882797830168996,TAS2R9
5609,0.0882015439182141,MAP2K7
114131,0.0881493845190903,UCN3
100132911,0.0880450657208429,DPH3P1
147949,0.0880450657208429,ZNF583
9028,0.0880450657208429,RHBDL1
9684,0.0879407469225955,LRRC14
389856,0.087836428124348,USP27X
6872,0.087836428124348,TAF1
3770,0.087836428124348,KCNJ14
283578,0.0877060296265387,TMED8
139599,0.0877060296265387,MAGEE2
100506022,0.0874973920300438,LINC02606
400798,0.0874973920300438,C1orf220
387496,0.0874973920300438,RASL11A
57594,0.0874973920300438,HOMEZ
56916,0.0874973920300438,SMARCAD1
56052,0.0874973920300438,ALG1
26229,0.0872626747339871,B3GAT3
8335,0.0872626747339871,H2AC4
8170,0.0872626747339871,SLC14A2
101928689,0.0870540371374922,LINC01424
147657,0.0870540371374922,ZNF480
147650,0.0870540371374922,SPACA6
146336,0.0870540371374922,SSTR5-AS1
9752,0.0870540371374922,PCDHA9
390927,0.086897558940121,ZNF793
4161,0.0868453995409973,MC5R
140700,0.0867932401418736,SAMD10
128869,0.086715001043188,PIGU
22869,0.086715001043188,ZNF510
100130894,0.0865846025453787,VAC14-AS1
27079,0.0865846025453787,RPUSD2
5016,0.0865846025453787,OVGP1
100507250,0.0864802837471312,LOC100507250
388815,0.0863759649488838,MIR99AHG
284677,0.0863759649488838,SNHG28
91370,0.0863759649488838,LIF-AS2
101928017,0.0862455664510745,NA
113691,0.0862455664510745,TUBA3FP
101928376,0.0861151679532652,IL12A-AS1
100131211,0.0861151679532652,NEMP2
554206,0.0861151679532652,LOC554206
22883,0.0860108491550177,CLSTN1
10641,0.085958689755894,NPRL2
252969,0.0858804506572084,NEIL2
9875,0.0858804506572084,URB1
170487,0.085776131858961,ACTL10
93979,0.085776131858961,CPA5
128853,0.0856978927602754,DUSP15
283232,0.084837262674734,TMEM80
171017,0.084837262674734,ZNF384
128240,0.084837262674734,NAXE
92002,0.084837262674734,CCNQ
83590,0.084837262674734,TMUB1
83460,0.084837262674734,EMC6
80148,0.084837262674734,SLC66A2
64118,0.084837262674734,DUS1L
57149,0.084837262674734,LYRM1
56259,0.084837262674734,CTNNBL1
55249,0.084837262674734,YY1AP1
55182,0.084837262674734,RNF220
54888,0.084837262674734,NSUN2
54870,0.084837262674734,QRICH1
51406,0.084837262674734,NOL7
27238,0.084837262674734,GPKOW
27183,0.084837262674734,VPS4A
26001,0.084837262674734,RNF167
25855,0.084837262674734,BRMS1
25844,0.084837262674734,YIPF3
23558,0.084837262674734,WBP2
11091,0.084837262674734,WDR5
10898,0.084837262674734,CPSF4
10598,0.084837262674734,AHSA1
10296,0.084837262674734,MAEA
9632,0.084837262674734,SEC24C
9146,0.084837262674734,HGS
8841,0.084837262674734,HDAC3
8449,0.084837262674734,DHX16
6908,0.084837262674734,TBP
6388,0.084837262674734,SDF2
6015,0.084837262674734,RING1
90529,0.0839766325891926,STPG1
286257,0.0839244731900688,PAXX
197021,0.0838723137909451,LCTL
124221,0.083794074692259607,PRSS30P
7480,0.083794074692259607,WNT10B
198437,0.0836897558940121,LKAAEAR1
1415,0.0836897558940121,CRYBB2
285622,0.0835854370957647,NBPF22P
10155,0.0835854370957647,TRIM28
136541,0.0835071979970791,PRSS58
11336,0.0834550385979553,EXOC3
283297,0.0833767994992698,OR10A4
327,0.0833767994992698,APEH
374969,0.0831681619027749,SVBP
94005,0.0831681619027749,PIGS
55929,0.0831681619027749,DMAP1
55823,0.0831681619027749,VPS11
25776,0.0831681619027749,CBY1
5073,0.0831681619027749,PARN
3857,0.0829856040058419,KRT9
84616,0.0829073649071563,KRTAP4-4
7767,0.0829073649071563,ZNF224
57680,0.0828030461089088,CHD8
25766,0.0828030461089088,PRPF40B
642394,0.0826987273106614,ADARB2-AS1
284339,0.0826987273106614,TMEM145
441666,0.0826204882119758,LOC441666
2218,0.0825683288128521,FKTN
9546,0.0825161694137284,APBA3
200014,0.0824379303150428,CC2D1B
132660,0.0824379303150428,LIN54
222229,0.0823075318172335,LRWD1
154796,0.0823075318172335,AMOT
22880,0.0823075318172335,MORC2
65992,0.082020655122053,DDRGK1
55030,0.082020655122053,FBXO34
54977,0.082020655122053,SLC25A38
27044,0.082020655122053,SND1
23234,0.082020655122053,DNAJC9
6181,0.082020655122053,RPLP2
6155,0.082020655122053,RPL27
6141,0.082020655122053,RPL18
113829,0.0817859378259962,SLC35A4
79035,0.0816555393281869,NABP2
55330,0.0816555393281869,BLOC1S4
2874,0.0816555393281869,GPS2
207,0.0816555393281869,AKT1
79590,0.0814729814312539,MRPL24
51287,0.0814729814312539,COA4
23203,0.0814729814312539,PMPCA
150274,0.0813686626330065,HSCB
146059,0.0812904235343209,CDAN1
51283,0.0812904235343209,BFAR
94081,0.0811600250365116,SFXN1
57215,0.0811600250365116,THAP11
51451,0.0811600250365116,LCMT1
84942,0.0809774671395786,WDR73
64427,0.0809774671395786,TTC31
8603,0.0809774671395786,FAM193A
2960,0.0809774671395786,GTF2E1
64601,0.0807427498435218,VPS16
54432,0.0807427498435218,YIPF1
27127,0.0807427498435218,SMC1B
6399,0.0807427498435218,TRAPPC2
5869,0.0807427498435218,RAB5B
23536,0.0805862716461506,ADAT1
101927067,0.0805341122470269,LINC01607
55687,0.0804819528479032,TRMU
79073,0.0804297934487795,TMEM109
115825,0.0803515543500939,WDFY2
55188,0.0803515543500939,RIC8B
147323,0.0802733152514083,STARD6
124808,0.080142916753599,CCDC43
54433,0.080142916753599,GAR1
25870,0.080142916753599,SUMF2
5894,0.080142916753599,RAF1
57060,0.0799342791571041,PCBP4
10134,0.0799342791571041,BCAP31
5977,0.0799342791571041,DPF2
5571,0.0799342791571041,PRKAG1
254225,0.0798038806592948,RNF169
101929762,0.075083455038598,LOC101929762
101929694,0.075083455038598,LINC02042
101929657,0.075083455038598,LOC101929657
101929651,0.075083455038598,LINC01398
101929584,0.075083455038598,LINC02443
101929529,0.075083455038598,GSTCD-AS1
101929505,0.075083455038598,LINC02150
101929247,0.075083455038598,LINC01231
101929148,0.075083455038598,LOC101929148
101928894,0.075083455038598,LOC101928894
101928708,0.075083455038598,LOC101928708
101928525,0.075083455038598,LOC101928525
101928483,0.075083455038598,NALT1
101928476,0.075083455038598,LINC01676
101928435,0.075083455038598,LINC01700
101928401,0.075083455038598,LOC101928401
101927884,0.075083455038598,EVA1A-AS
101927808,0.075083455038598,CLSTN2-AS1
101927774,0.075083455038598,LINC00824
101927766,0.075083455038598,LINC01847
101927682,0.075083455038598,CD81-AS1
101927640,0.075083455038598,LAMA4-AS1
101927274,0.075083455038598,LINC02071
100996694,0.075083455038598,LINC02502
100996671,0.075083455038598,LOC100996671
100874107,0.075083455038598,MTUS2-AS1
100861573,0.075083455038598,LINC00572
100507530,0.075083455038598,MCPH1-AS1
100507470,0.075083455038598,GRID1-AS1
100507443,0.075083455038598,LOC100507443
100507299,0.075083455038598,SMC5-DT
100507156,0.075083455038598,LOC100507156
100506757,0.075083455038598,LINC00629
100506275,0.075083455038598,KRBOX1-AS1
100506142,0.075083455038598,RHOQ-AS1
100506068,0.075083455038598,DACT3-AS1
100303728,0.075083455038598,SLC25A5-AS1
100288122,0.075083455038598,LDLRAD4-AS1
100287227,0.075083455038598,TIPARP-AS1
100131561,0.075083455038598,FKSG29
100131366,0.075083455038598,LINC00605
100130717,0.075083455038598,HDHD5-AS1
100130700,0.075083455038598,TP53TG3HP
100130452,0.075083455038598,LOC100130452
100128496,0.075083455038598,SCP2D1-AS1
100093698,0.075083455038598,GS1-600G8.3
644903,0.075083455038598,GCC2-AS1
643210,0.075083455038598,NA
641365,0.075083455038598,LINC00616
619455,0.075083455038598,SPANXA2-OT1
497634,0.075083455038598,LINC00293
442191,0.075083455038598,OR14J1
440956,0.075083455038598,IQCF6
414245,0.075083455038598,DNAJC9-AS1
401324,0.075083455038598,LOC401324
400655,0.075083455038598,LINC02864
400236,0.075083455038598,FOXN3-AS1
399967,0.075083455038598,PATE2
390874,0.075083455038598,ONECUT3
390066,0.075083455038598,OR52D1
390059,0.075083455038598,OR51M1
389874,0.075083455038598,ZCCHC13
388939,0.075083455038598,PCARE
375686,0.075083455038598,SPATC1
339568,0.075083455038598,LINC01734
339539,0.075083455038598,LOC339539
339451,0.075083455038598,KLHL17
338692,0.075083455038598,ANKRD13D
338322,0.075083455038598,NLRP10
338321,0.075083455038598,NLRP9
286177,0.075083455038598,LOC286177
285908,0.075083455038598,LINC00174
285696,0.075083455038598,BASP1-AS1
285598,0.075083455038598,ARL10
285555,0.075083455038598,STPG2
285267,0.075083455038598,ZNF619
284865,0.075083455038598,LINC02891
284798,0.075083455038598,LOC284798
283914,0.075083455038598,LINC01566
283902,0.075083455038598,HCCAT5
283585,0.075083455038598,LINC01148
256329,0.075083455038598,LMNTD2
255926,0.075083455038598,ADAM5
245932,0.075083455038598,DEFB119
221527,0.075083455038598,ZBTB12
219525,0.075083455038598,OR5AK4P
203430,0.075083455038598,RTL3
203245,0.075083455038598,NAIF1
170370,0.075083455038598,FAM170B
166793,0.075083455038598,ZBTB49
164237,0.075083455038598,WFDC13
164091,0.075083455038598,PAQR7
161176,0.075083455038598,SYNE3
159162,0.075083455038598,RBMY2FP
151987,0.075083455038598,PPP4R2
151484,0.075083455038598,GCSIR
150577,0.075083455038598,LINC01104
149830,0.075083455038598,PRNT
148824,0.075083455038598,GCSAML-AS1
148137,0.075083455038598,PROSER3
144817,0.075083455038598,LINC00330
144776,0.075083455038598,LINC00410
139081,0.075083455038598,MAGEC3
128209,0.075083455038598,KLF17
127002,0.075083455038598,ATXN7L2
126248,0.075083455038598,WDR88
125336,0.075083455038598,LOXHD1
120935,0.075083455038598,CCDC38
120066,0.075083455038598,OR5P3
117196,0.075083455038598,MRGPRX4
114790,0.075083455038598,STK11IP
92552,0.075083455038598,ATXN3L
90649,0.075083455038598,ZNF486
84895,0.075083455038598,MIGA2
84701,0.075083455038598,COX4I2
84694,0.075083455038598,GJA10
84449,0.075083455038598,ZNF333
84075,0.075083455038598,FSCB
83942,0.075083455038598,TSSK1B
83884,0.075083455038598,SLC25A2
83878,0.075083455038598,USHBP1
83868,0.075083455038598,TTTY13
81697,0.075083455038598,OR2B2
81318,0.075083455038598,OR4A5
79363,0.075083455038598,CPLANE2
78998,0.075083455038598,RHPN1-AS1
57818,0.075083455038598,G6PC2
57719,0.075083455038598,ANO8
56101,0.075083455038598,PCDHGB5
54089,0.075083455038598,LINC00112
54067,0.075083455038598,C21orf62-AS1
54065,0.075083455038598,SMIM11
51098,0.075083455038598,IFT52
50837,0.075083455038598,TAS2R7
50836,0.075083455038598,TAS2R8
50801,0.075083455038598,KCNK4
27004,0.075083455038598,TCL6
26532,0.075083455038598,OR10H3
26082,0.075083455038598,LINC02249
22973,0.075083455038598,LAMB2P1
10876,0.075083455038598,EDDM3A
10869,0.075083455038598,USP19
10817,0.075083455038598,FRS3
10794,0.075083455038598,ZNF460
9986,0.075083455038598,RCE1
9507,0.075083455038598,ADAMTS4
9288,0.075083455038598,TAAR3P
9152,0.075083455038598,SLC6A5
9038,0.075083455038598,TAAR5
8859,0.075083455038598,STK19
8356,0.075083455038598,H3C12
6754,0.075083455038598,SSTR4
6315,0.075083455038598,ATXN8OS
6199,0.075083455038598,RPS6KB2
5826,0.075083455038598,ABCD4
5726,0.075083455038598,TAS2R38
5544,0.075083455038598,PRB3
5078,0.075083455038598,PAX4
4985,0.075083455038598,OPRD1
4543,0.075083455038598,MTNR1A
4438,0.075083455038598,MSH4
4114,0.075083455038598,MAGEB3
3765,0.075083455038598,KCNJ9
3747,0.075083455038598,KCNC2
3744,0.075083455038598,KCNA10
3274,0.075083455038598,HRH2
3227,0.075083455038598,HOXC11
3203,0.075083455038598,HOXA6
2986,0.075083455038598,GUCY2F
2645,0.075083455038598,GCK
2630,0.075083455038598,GBAP1
2301,0.075083455038598,FOXE3
1417,0.075083455038598,CRYBB3
1053,0.075083455038598,CEBPE
750,0.075083455038598,GAS8-AS1
711,0.075083455038598,ERC2-IT1
680,0.075083455038598,BRS3
434,0.075083455038598,ASIP
265,0.075083455038598,AMELX
257,0.075083455038598,ALX3
255919,0.0692937617358648,CNEP1R1
221927,0.0692937617358648,BRAT1
171220,0.0692937617358648,DSTNP2
145748,0.0692937617358648,LYSMD4
126074,0.0692937617358648,SWSAP1
91445,0.0692937617358648,RNF185
89941,0.0692937617358648,RHOT2
84572,0.0692937617358648,GNPTG
84292,0.0692937617358648,WDR83
81559,0.0692937617358648,TRIM11
81532,0.0692937617358648,MOB2
80279,0.0692937617358648,CDK5RAP3
79840,0.0692937617358648,NHEJ1
79637,0.0692937617358648,ARMC7
64223,0.0692937617358648,MLST8
57661,0.0692937617358648,PHRF1
57109,0.0692937617358648,REXO4
56900,0.0692937617358648,TMEM167B
56850,0.0692937617358648,GRIPAP1
54850,0.0692937617358648,FBXL12
23644,0.0692937617358648,EDC4
23378,0.0692937617358648,RRP8
10494,0.0692937617358648,STK25
10227,0.0692937617358648,MFSD10
9794,0.0692937617358648,MAML1
9600,0.0692937617358648,PITPNM1
9403,0.0692937617358648,SELENOF
8636,0.0692937617358648,SSNA1
8563,0.0692937617358648,THOC5
8266,0.0692937617358648,UBL4A
7988,0.0692937617358648,ZNF212
6602,0.0692937617358648,SMARCD1
6499,0.0692937617358648,SKIV2L
6311,0.0692937617358648,ATXN2
5780,0.0692937617358648,PTPN9
5720,0.0692937617358648,PSME1
5708,0.0692937617358648,PSMD2
4795,0.0692937617358648,NFKBIL1
2071,0.0692937617358648,ERCC3
1351,0.0692937617358648,COX8A
529,0.0692937617358648,ATP6V1E1
23,0.0692937617358648,ABCF1
101929897,0.0659034007928229,IKBKB-DT
101929478,0.0659034007928229,LINGO1-AS2
101929076,0.0659034007928229,LOC101929076
101927526,0.0659034007928229,LINC01656
101927143,0.0659034007928229,LOC101927143
101927129,0.0659034007928229,LINC01580
100533178,0.0659034007928229,PRORY
100506470,0.0659034007928229,LINC01718
100506371,0.0659034007928229,LINC02091
100506271,0.0659034007928229,LOC100506271
100133612,0.0659034007928229,LINC01134
100131303,0.0659034007928229,DPEP2NB
100129827,0.0659034007928229,IRAG1-AS1
100128025,0.0659034007928229,WWTR1-AS1
728361,0.0659034007928229,OVOL3
654429,0.0659034007928229,LRTM2
644714,0.0659034007928229,LIMD1-AS1
494514,0.0659034007928229,TYMSOS
388906,0.0659034007928229,OGFRP1
388407,0.0659034007928229,LINC02875
388387,0.0659034007928229,LINC00671
386678,0.0659034007928229,KRTAP10-11
343641,0.0659034007928229,TGM6
339807,0.0659034007928229,LINC02579
339768,0.0659034007928229,ESPNL
286234,0.0659034007928229,SPATA31E1
286075,0.0659034007928229,ZNF707
285315,0.0659034007928229,C3orf33
284551,0.0659034007928229,LINC01226
284395,0.0659034007928229,VSTM2B-DT
256369,0.0659034007928229,CCDC197
255654,0.0659034007928229,LINC01743
255189,0.0659034007928229,PLA2G4F
253724,0.0659034007928229,TTC41P
246744,0.0659034007928229,STH
221938,0.0659034007928229,MMD2
207147,0.0659034007928229,PRSS59P
203190,0.0659034007928229,LGI3
160762,0.0659034007928229,CCDC63
158062,0.0659034007928229,LCN6
157556,0.0659034007928229,BAALC-AS2
149095,0.0659034007928229,DCST1
149086,0.0659034007928229,LDC1P
148066,0.0659034007928229,ZNRF4
147646,0.0659034007928229,C19orf84
146852,0.0659034007928229,ODF4
146547,0.0659034007928229,PRSS36
140258,0.0659034007928229,KRTAP13-1
127534,0.0659034007928229,GJB4
126526,0.0659034007928229,C19orf47
124404,0.0659034007928229,SEPTIN12
114758,0.0659034007928229,CSPG4P1Y
94233,0.0659034007928229,OPN4
84167,0.0659034007928229,C19orf44
83550,0.0659034007928229,GPR101
81628,0.0659034007928229,TSC22D4
80274,0.0659034007928229,SCUBE1
79924,0.0659034007928229,ADM2
64900,0.0659034007928229,LPIN3
64593,0.0659034007928229,RBMY3AP
64137,0.0659034007928229,ABCG4
64106,0.0659034007928229,NPFFR1
57701,0.0659034007928229,NCKAP5L
57474,0.0659034007928229,ZNF490
56656,0.0659034007928229,OR2S2
51059,0.0659034007928229,FAM135B
43847,0.0659034007928229,KLK14
27201,0.0659034007928229,GPR78
27189,0.0659034007928229,IL17C
26658,0.0659034007928229,OR7C2
26077,0.0659034007928229,GNAO1-AS1
23615,0.0659034007928229,PYY2
23539,0.0659034007928229,SLC16A8
23434,0.0659034007928229,LINC01565
6538,0.0659034007928229,SLC6A11
6534,0.0659034007928229,SLC6A7
5995,0.0659034007928229,RGR
5623,0.0659034007928229,PSPN
5309,0.0659034007928229,PITX3
5020,0.0659034007928229,OXT
4759,0.0659034007928229,NEU2
4294,0.0659034007928229,MAP3K10
3889,0.0659034007928229,KRT83
2865,0.0659034007928229,FFAR3
2854,0.0659034007928229,GPR32
2703,0.0659034007928229,GJA8
2570,0.0659034007928229,GABRR2
49,0.0659034007928229,ACR
104472718,0.0618871270602963,LINC00508
102723448,0.0618871270602963,LINC01986
101929717,0.0618871270602963,LINC02044
101929528,0.0618871270602963,LOC101929528
101929297,0.0618871270602963,LOC101929297
101928909,0.0618871270602963,TTC7B-AS1
101928491,0.0618871270602963,LOC101928491
101928022,0.0618871270602963,LINC01214
101927901,0.0618871270602963,LINC02421
101927787,0.0618871270602963,LOC101927787
101927438,0.0618871270602963,LINC01800
101927018,0.0618871270602963,LOC101927018
100861554,0.0618871270602963,LINC00563
100507351,0.0618871270602963,LOC100507351
100507064,0.0618871270602963,TEX26-AS1
100505758,0.0618871270602963,PRMT5-AS1
100505666,0.0618871270602963,DCST1-AS1
100288123,0.0618871270602963,LOC100288123
100270679,0.0618871270602963,LINC01432
100130950,0.0618871270602963,ZNF594-DT
728084,0.0618871270602963,LINC02458
693207,0.0618871270602963,MIR622
643923,0.0618871270602963,NA
574538,0.0618871270602963,LOC574538
442184,0.0618871270602963,OR2B3
439916,0.0618871270602963,LINC00615
401288,0.0618871270602963,LINC00242
400548,0.0618871270602963,LINC02139
390058,0.0618871270602963,OR51B6
353497,0.0618871270602963,POLN
349408,0.0618871270602963,TLR8-AS1
339976,0.0618871270602963,TRIML1
286256,0.0618871270602963,LCN12
285847,0.0618871270602963,LOC285847
285692,0.0618871270602963,LINC02112
255330,0.0618871270602963,NUP210P1
222894,0.0618871270602963,FERD3L
222234,0.0618871270602963,FAM185A
200959,0.0618871270602963,GABRR3
200316,0.0618871270602963,APOBEC3F
160065,0.0618871270602963,PATE1
154872,0.0618871270602963,C7orf77
152065,0.0618871270602963,C3orf22
151477,0.0618871270602963,LINC00471
149954,0.0618871270602963,BPIFB4
148231,0.0618871270602963,LINC00905
142686,0.0618871270602963,ASB14
135948,0.0618871270602963,OR2F2
134187,0.0618871270602963,POU5F2
128674,0.0618871270602963,PROKR2
122945,0.0618871270602963,NOXRED1
113540,0.0618871270602963,CMTM1
85509,0.0618871270602963,MBD3L1
84443,0.0618871270602963,FRMPD3
83795,0.0618871270602963,KCNK16
80834,0.0618871270602963,TAS1R2
79136,0.0618871270602963,LY6G6E
55891,0.0618871270602963,LENEP
26648,0.0618871270602963,OR7E24
26222,0.0618871270602963,NA
8383,0.0618871270602963,OR1A1
6527,0.0618871270602963,SLC5A4
4994,0.0618871270602963,OR3A1
4593,0.0618871270602963,MUSK
4159,0.0618871270602963,MC3R
1145,0.0618871270602963,CHRNE
101927123,0.0597225119966618,LINC02016
100506714,0.0597225119966618,NUP50-DT
646600,0.0597225119966618,IGF2BP2-AS1
401282,0.0597225119966618,DKFZp451B082
147660,0.0597225119966618,ZNF578
126536,0.0597225119966618,LINC00661
91750,0.0597225119966618,LIN52
84315,0.0597225119966618,MON1A
84126,0.0597225119966618,ATRIP
83475,0.0597225119966618,DOHH
79845,0.0597225119966618,RNF122
55072,0.0597225119966618,RNF31
54943,0.0597225119966618,DNAJC28
23729,0.0597225119966618,SHPK
23091,0.0597225119966618,ZC3H13
10936,0.0597225119966618,GPR75
1181,0.0597225119966618,CLCN2
101928869,0.0583402879198832,GABRG3-AS1
101927659,0.0583402879198832,SMAD1-AS2
100505619,0.0583402879198832,LINC00919
100131454,0.0583402879198832,DBIL5P
729121,0.0583402879198832,RGPD4-AS1
440117,0.0583402879198832,LINC02372
401067,0.0583402879198832,IQCF3
347732,0.0583402879198832,CATSPER3
338661,0.0583402879198832,TMEM225
284649,0.0583402879198832,SMG7-AS1
284257,0.0583402879198832,BOD1L2
283677,0.0583402879198832,REC114
283471,0.0583402879198832,TMPRSS12
259308,0.0583402879198832,FAM205A
255762,0.0583402879198832,PDZD9
196472,0.0583402879198832,GARIN6
157855,0.0583402879198832,KCNU1
145946,0.0583402879198832,SPATA8
140625,0.0583402879198832,ACTRT2
136263,0.0583402879198832,SSMEM1
133482,0.0583402879198832,SLCO6A1
131831,0.0583402879198832,ERICH6
127247,0.0583402879198832,ASB17
84696,0.0583402879198832,ABHD1
66037,0.0583402879198832,BOLL
63946,0.0583402879198832,DMRTC2
56903,0.0583402879198832,PAPOLB
54586,0.0583402879198832,EQTN
50613,0.0583402879198832,UBQLN3
23619,0.0583402879198832,ZIM2
11085,0.0583402879198832,ADAM30
6677,0.0583402879198832,SPAM1
5619,0.0583402879198832,PRM1
5232,0.0583402879198832,PGK2
2661,0.0583402879198832,GDF9
1539,0.0583402879198832,CYLC2
101929229,0.0566711871479241,PINX1-DT
101929025,0.0566711871479241,LINC01516
101928937,0.0566711871479241,LOC101928937
101928135,0.0566711871479241,LOC101928135
101927843,0.0566711871479241,LINC01687
101927735,0.0566711871479241,TMEM132D-AS2
101927195,0.0566711871479241,LINC00382
101927157,0.0566711871479241,LOC101927157
100874110,0.0566711871479241,GLYCTK-AS1
100874018,0.0566711871479241,EPN2-AS1
100507244,0.0566711871479241,MAMDC2-AS1
100506526,0.0566711871479241,C5orf64-AS1
100505929,0.0566711871479241,LINC01549
100505658,0.0566711871479241,DIAPH1-AS1
503519,0.0566711871479241,LINC00929
390561,0.0566711871479241,HERC2P10
388882,0.0566711871479241,FAM230I
285819,0.0566711871479241,LOC285819
285766,0.0566711871479241,LOC285766
283547,0.0566711871479241,LINC00639
221301,0.0566711871479241,CALHM4
150709,0.0566711871479241,ANKAR
144742,0.0566711871479241,LINC00934
89883,0.0566711871479241,OR6W1P
26497,0.0566711871479241,OR10D3
23519,0.0566711871479241,ANP32D
10691,0.0566711871479241,GMEB1
7007,0.0566711871479241,TECTA
102724368,0.0554454412685166,LINC02585
101927320,0.0554454412685166,ERICH3-AS1
613126,0.0554454412685166,CYP51A1-AS1
414319,0.0554454412685166,LINC00587
220980,0.0554454412685166,TMEM72-AS1
146513,0.0554454412685166,LINC02135
116349,0.0554454412685166,EXOC3-AS1
114984,0.0554454412685166,FLYWCH2
94059,0.0554454412685166,LENG9
92973,0.0554454412685166,NA
84176,0.0554454412685166,MYH16
26664,0.0554454412685166,OR7C1
26531,0.0554454412685166,OR11A1
23430,0.0554454412685166,TPSD1
8823,0.0554454412685166,FGF16
8340,0.0554454412685166,H2BC13
7350,0.0554454412685166,UCP1
3756,0.0554454412685166,KCNH1
551,0.0554454412685166,AVP
101928857,0.0547152096807845,TERLR1
101928565,0.0547152096807845,LOC101928565
101928449,0.0547152096807845,LINC02426
101927380,0.0547152096807845,CARNMT1-AS1
101927176,0.0547152096807845,LINC01069
402160,0.0547152096807845,CFAP99
388942,0.0547152096807845,LINC01913
283592,0.0547152096807845,FAM181A-AS1
26212,0.0547152096807845,OR2B6
101929524,0.0539849780930524,RETREG1-AS1
101929081,0.0539849780930524,CTD-2194D22.4
101928751,0.0539849780930524,LINC01657
101928243,0.0539849780930524,DARS1-AS1
101927379,0.0539849780930524,LINC02201
100192386,0.0539849780930524,FLJ16779
100131816,0.0539849780930524,UBE2DNL
503538,0.0539849780930524,A1BG-AS1
339834,0.0539849780930524,IHO1
253962,0.0539849780930524,CACNA1G-AS1
253868,0.0539849780930524,CRMA
253044,0.0539849780930524,LINGO1-AS1
121278,0.0539849780930524,TPH2
116511,0.0539849780930524,MAS1L
57497,0.0539849780930524,LRFN2
56142,0.0539849780930524,PCDHA6
55150,0.0539849780930524,C19orf73
9726,0.0539849780930524,ZNF646
8749,0.0539849780930524,ADAM18
729178,0.0532547465053203,STXBP5-AS1
152578,0.0532547465053203,LINC01618
150383,0.0532547465053203,CDPF1
144486,0.0532547465053203,CEP83-DT
27433,0.0532547465053203,TOR2A
26494,0.0532547465053203,OR8G1
9091,0.0532547465053203,PIGQ
8973,0.0532547465053203,CHRNA6
8620,0.0532547465053203,NPFF
102546226,0.0523419570206551,LINC02060
101928834,0.0523419570206551,LOC101928834
101928597,0.0523419570206551,ZNF84-DT
101927797,0.0523419570206551,MIR548XHG
101927131,0.0523419570206551,LOC101927131
101926903,0.0523419570206551,LSAMP-AS1
100506475,0.0523419570206551,EGFLAM-AS2
100288079,0.0523419570206551,GS1-279B7.1
731779,0.0523419570206551,LINC01300
647288,0.0523419570206551,CTAGE11P
389715,0.0523419570206551,FAM205BP
339505,0.0523419570206551,LINC01141
339345,0.0523419570206551,NANOS2
286190,0.0523419570206551,LACTB2-AS1
143630,0.0523419570206551,UBQLNL
128854,0.0523419570206551,TSPY26P
122042,0.0523419570206551,RXFP2
84539,0.0523419570206551,MCHR2
81797,0.0523419570206551,OR12D3
11172,0.0523419570206551,INSL6
6911,0.0523419570206551,TBX6
5626,0.0523419570206551,PROP1
5301,0.0523419570206551,PIN1P1
3060,0.0523419570206551,HCRT
2679,0.0523419570206551,GGT3P
2306,0.0523419570206551,FOXD2
101928269,0.0511944502399332,LOC101928269
101927869,0.0511944502399332,LINC01689
101927651,0.0511944502399332,LINC01927
101927565,0.0511944502399332,LINC01267
100996634,0.0511944502399332,NA
651430,0.0511944502399332,FLJ38576
645355,0.0511944502399332,MIR3976HG
284576,0.0511944502399332,LEMD1-AS1
170679,0.0511944502399332,PSORS1C1
168090,0.0511944502399332,C6orf118
161003,0.0511944502399332,STOML3
160492,0.0511944502399332,LMNTD1
150147,0.0511944502399332,UMODL1-AS1
149134,0.0511944502399332,LINC01341
115811,0.0511944502399332,IQCD
84641,0.0511944502399332,MFSD14B
80728,0.0511944502399332,ARHGAP39
54627,0.0511944502399332,MAP10
101930071,0.050490298351763,LOC101930071
100506790,0.050490298351763,LOC100506790
100129603,0.050490298351763,LOC100129603
440072,0.050490298351763,PRDM10-DT
170685,0.050490298351763,NUDT10
150384,0.050490298351763,GTSE1-DT
148145,0.050490298351763,LINC00906
56936,0.050490298351763,CCDC177
50832,0.050490298351763,TAS2R4
101927769,0.0499947840600876,LOC101927769
100289495,0.0499947840600876,LOC100289495
100131347,0.0499947840600876,RDM1P5
440867,0.0499947840600876,NA
401014,0.0499947840600876,TEX41
283033,0.0499947840600876,LINC00841
60401,0.0499947840600876,EDA2R
26257,0.0499947840600876,NKX2-8
7711,0.0499947840600876,ZNF155
6492,0.0499947840600876,SIM1
101929034,0.0494992697684123,LINC02116
100506049,0.0494992697684123,LRRC72
100505964,0.0494992697684123,LINC01304
642776,0.0494992697684123,DANT2
414926,0.0494992697684123,LINC00593
286114,0.0494992697684123,LINC02153
285668,0.0494992697684123,C5orf64
23746,0.0494992697684123,AIPL1
7479,0.0494992697684123,WNT8B
101929645,0.0489515960776132,LOC101929645
100874063,0.0489515960776132,CLYBL-AS2
100505978,0.0489515960776132,LOC100505978
100130418,0.0489515960776132,CECR7
128408,0.0489515960776132,BHLHE23
83744,0.0489515960776132,ZNF484
54848,0.0489515960776132,ARHGEF38
29018,0.0489515960776132,FOXN3-AS2
26245,0.0489515960776132,OR2M4
25794,0.0489515960776132,FSCN2
5540,0.0489515960776132,NPY4R
4284,0.0489515960776132,MIP
101929284,0.0485604005841853,LINC02199
51802,0.0485604005841853,ASIC5
26219,0.0485604005841853,OR1J4
441009,0.0482735238890048,CPEB2-DT
337880,0.0482735238890048,KRTAP11-1
91695,0.0482735238890048,RRP7BP
85289,0.0482735238890048,KRTAP4-5
54143,0.0482735238890048,LINC00308
23520,0.0482735238890048,ANP32C
7201,0.0482735238890048,TRHR
3882,0.0482735238890048,KRT32
100422212,0.0479084080951387,LOC100422212
339442,0.0479084080951387,LINC01343
255411,0.0479084080951387,TEX49
9797,0.0479084080951387,TATDN2
6339,0.0479084080951387,SCNN1D
6098,0.0479084080951387,ROS1
392459,0.0476476110995201,CXXC1P1
284418,0.0476476110995201,GARIN5B
10896,0.0476476110995201,NA
3175,0.0476476110995201,ONECUT1
101926962,0.0473868141039015,ADGRF5-AS1
100652999,0.0473868141039015,LOC100652999
100505826,0.0473868141039015,STK4-DT
128817,0.0473868141039015,CSTL1
27442,0.0473868141039015,CECR3
10343,0.0473868141039015,PKDREJ
100507540,0.0470738577091592,LINC01504
100507506,0.0470738577091592,ECI2-DT
286467,0.0470738577091592,FIRRE
284757,0.0470738577091592,MIR646HG
80350,0.0470738577091592,LPAL2
7621,0.0470738577091592,ZNF70
345222,0.0468912998122262,MSANTD1
101929680,0.0466044231170457,SCN1A-AS1
100996455,0.0466044231170457,LINC02724
100130331,0.0466044231170457,LOC100130331
441208,0.0466044231170457,ZNRF2P1
348808,0.0466044231170457,NPHP3-AS1
286184,0.0466044231170457,LINC01289
283688,0.0466044231170457,LINC00927
219409,0.0466044231170457,GSX1
3982,0.0466044231170457,LIM2
1587,0.0466044231170457,ADAM3A
102724612,0.0461610682244941,LOC102724612
101929517,0.0461610682244941,ETS1-AS1
101928443,0.0461610682244941,LINC02753
403150,0.0461610682244941,FOSL2-AS1
90050,0.0461610682244941,FAM181A
10201,0.0461610682244941,NME6
9329,0.0461610682244941,GTF3C4
100874243,0.0458220321301899,PRICKLE2-AS3
348120,0.0458220321301899,LINC01193
284099,0.0458220321301899,C17orf78
130749,0.0458220321301899,CPO
6295,0.0458220321301899,SAG
5470,0.0458220321301899,PPEF2
101927468,0.0454047569372001,LOC101927468
641364,0.0454047569372001,SLC7A11-AS1
339874,0.0454047569372001,NUDT16-DT
283731,0.0454047569372001,LOC283731
140683,0.0454047569372001,BPIFA2
114036,0.0454047569372001,LINC00310
55262,0.0454047569372001,TRAPPC14
30814,0.0454047569372001,PLA2G2E
1447,0.0454047569372001,CSN2
1046,0.0454047569372001,CDX4
100874074,0.0450918005424578,DLEU7-AS1
100101938,0.0450918005424578,ANKRD26P3
101929268,0.0442833298560401,LOC101929268
101929225,0.0442833298560401,MCM8-AS1
101927592,0.0442833298560401,LINC02405
101055625,0.0442833298560401,OVCH1-AS1
100996485,0.0442833298560401,PITX1-AS1
554279,0.0442833298560401,LINC00862
550113,0.0442833298560401,LOC550113
400643,0.0442833298560401,LINC00668
389932,0.0442833298560401,AKR1C6P
388558,0.0442833298560401,ZNF808
341405,0.0442833298560401,ANKRD33
340037,0.0442833298560401,PRR7-AS1
317705,0.0442833298560401,VN1R5
197320,0.0442833298560401,ZNF778
165530,0.0442833298560401,CLEC4F
161779,0.0442833298560401,PGBD4
150356,0.0442833298560401,CHADL
140678,0.0442833298560401,MLLT10P1
93145,0.0442833298560401,OLFM2
81833,0.0442833298560401,SPACA1
65082,0.0442833298560401,VPS33A
63899,0.0442833298560401,NSUN3
27302,0.0442833298560401,BMP10
27099,0.0442833298560401,SND1-IT1
26333,0.0442833298560401,OR7A17
11285,0.0442833298560401,B4GALT7
9907,0.0442833298560401,AP5Z1
3443,0.0442833298560401,IFNA6
2689,0.0442833298560401,GH2
137902,0.0435009388691842,PXDNL
81616,0.0434487794700605,ACSBG2
221823,0.0433966200709368,PRPS1L1
100147773,0.0432923012726893,TMCO1-AS1
2515,0.0432923012726893,ADAM2
1411,0.0432923012726893,CRYBA1
84820,0.0431879824744419,POLR2J4
400604,0.0431358230753182,TOB1-AS1
11194,0.0430315042770707,ABCB8
9696,0.0430315042770707,CROCC
9340,0.0430315042770707,GLP2R
101930452,0.0428750260796996,LINC02367
286554,0.0428750260796996,BCORP1
51350,0.0428750260796996,KRT76
285463,0.0427446275818903,CTBP1-AS
171389,0.0427446275818903,NLRP6
51135,0.0426663884832047,IRAK4
170062,0.042614229084081,FAM47B
85443,0.0425620696849572,DCLK3
143501,0.0425099102858335,C11orf40
101926987,0.0424316711871479,DLGAP4-AS1
83655,0.0424316711871479,LINC00208
611,0.0423534320884623,OPN1SW
148930,0.0422491132902149,KNCN
84077,0.0422491132902149,C3orf20
56134,0.0422491132902149,PCDHAC2
161635,0.0421447944919675,CSNK1A1P1
100873954,0.0420926350928437,SNRK-AS1
90665,0.04204047569372,TBL1Y
724087,0.0419622365950344,LINC01545
439940,0.0419622365950344,NA
101929121,0.0418839974963488,LINC00437
284613,0.041284164406426,CYB561D1
284058,0.041284164406426,KANSL1
133957,0.041284164406426,CCDC127
91582,0.041284164406426,RPS19BP1
80346,0.041284164406426,REEP4
79869,0.041284164406426,CPSF7
79788,0.041284164406426,ZNF665
57721,0.041284164406426,METTL14
56623,0.041284164406426,INPP5E
54956,0.041284164406426,PARP16
54936,0.041284164406426,ADPRS
54455,0.041284164406426,FBXO42
23295,0.041284164406426,MGRN1
23126,0.041284164406426,POGZ
10946,0.041284164406426,SF3A3
9416,0.041284164406426,DDX23
8892,0.041284164406426,EIF2B2
7265,0.041284164406426,TTC1
6468,0.041284164406426,FBXW4
5705,0.041284164406426,PSMC5
5518,0.041284164406426,PPP2R1A
5119,0.041284164406426,CHMP1A
104502416,0.0334341748383059,FOXP1-AS1
103581031,0.0334341748383059,CASC23
102724508,0.0334341748383059,EFCAB13-DT
102723831,0.0334341748383059,LOC102723831
102723809,0.0334341748383059,HSPA2-AS1
102723701,0.0334341748383059,LOC102723701
102546294,0.0334341748383059,FBXO38-DT
101978719,0.0334341748383059,LINC00970
101929705,0.0334341748383059,SCIRT
101929550,0.0334341748383059,LOC101929550
101929423,0.0334341748383059,MEF2C-AS1
101929265,0.0334341748383059,LINC01428
101929164,0.0334341748383059,LINC01859
101929154,0.0334341748383059,LOC101929154
101929110,0.0334341748383059,CASC18
101929084,0.0334341748383059,LINC02401
101929083,0.0334341748383059,CASC6
101928989,0.0334341748383059,MIR4300HG
101928978,0.0334341748383059,LINC02994
101928823,0.0334341748383059,LINC02763
101928795,0.0334341748383059,LINC01448
101928730,0.0334341748383059,LOC101928730
101928694,0.0334341748383059,LIPC-AS1
101928590,0.0334341748383059,GPM6A-DT
101928580,0.0334341748383059,P4HA3-AS1
101928420,0.0334341748383059,LINC01490
101928371,0.0334341748383059,LOC101928371
101928314,0.0334341748383059,GALNTL6-AS1
101928280,0.0334341748383059,LINC02549
101928259,0.0334341748383059,PHKA1-AS1
101928158,0.0334341748383059,LAMA5-AS1
101928104,0.0334341748383059,LINC01482
101928079,0.0334341748383059,SLC44A3-AS1
101928012,0.0334341748383059,LOC101928012
101927950,0.0334341748383059,LOC101927950
101927900,0.0334341748383059,LINC01477
101927768,0.0334341748383059,HDAC2-AS2
101927701,0.0334341748383059,LINC01812
101927604,0.0334341748383059,LOC101927604
101927543,0.0334341748383059,LOC101927543
101927539,0.0334341748383059,LOC101927539
101927528,0.0334341748383059,LINC01204
101927460,0.0334341748383059,LINC02240
101927450,0.0334341748383059,LOC101927450
101927449,0.0334341748383059,LINC01282
101927411,0.0334341748383059,LINC01782
101927410,0.0334341748383059,LOC101927410
101927348,0.0334341748383059,LINC02186
101927257,0.0334341748383059,MRTFA-AS1
101927211,0.0334341748383059,ZNF451-AS1
101927193,0.0334341748383059,CHL1-AS1
101927159,0.0334341748383059,LOC101927159
101927084,0.0334341748383059,LINC01359
101927075,0.0334341748383059,FGF10-AS1
101926942,0.0334341748383059,LINC02653
101926906,0.0334341748383059,SLC16A12-AS1
101669764,0.0334341748383059,CMKLR2-AS
101060544,0.0334341748383059,LINC01563
100996654,0.0334341748383059,SEC61G-DT
100996590,0.0334341748383059,LINC01505
100996295,0.0334341748383059,DNAH17-AS1
100874433,0.0334341748383059,IQCJ-SCHIP1-AS1
100873964,0.0334341748383059,LINC00280
100873942,0.0334341748383059,PHEX-AS1
100861548,0.0334341748383059,PINK1-AS
100533789,0.0334341748383059,LRRC37A8P
100507435,0.0334341748383059,DLGAP2-AS1
100507283,0.0334341748383059,MSANTD2-AS1
100507173,0.0334341748383059,LINC01012
100507143,0.0334341748383059,LINC00708
100507066,0.0334341748383059,CLIP1-AS1
100507059,0.0334341748383059,LINC00703
100506898,0.0334341748383059,MAGOH2P
100506895,0.0334341748383059,LUARIS
100506677,0.0334341748383059,AA06
100506122,0.0334341748383059,LINC02431
100506070,0.0334341748383059,RBFADN
100505716,0.0334341748383059,LOC100505716
100505601,0.0334341748383059,PARD3-DT
100505583,0.0334341748383059,LINC00838
100505536,0.0334341748383059,ISM1-AS1
100505478,0.0334341748383059,TEX48
100500824,0.0334341748383059,MIR3650
100288198,0.0334341748383059,HMGN3-AS1
100192379,0.0334341748383059,PP12613
100144748,0.0334341748383059,KLLN
100144603,0.0334341748383059,CHKB-DT
100134368,0.0334341748383059,LOC100134368
100132677,0.0334341748383059,BSN-DT
100132078,0.0334341748383059,LOC100132078
100131655,0.0334341748383059,ZNF236-DT
100129726,0.0334341748383059,LINC01126
100128993,0.0334341748383059,LOC100128993
752014,0.0334341748383059,CEMP1
730227,0.0334341748383059,BTG2-DT
729658,0.0334341748383059,PACRG-AS3
729506,0.0334341748383059,LINC02226
728450,0.0334341748383059,LINC00687
723809,0.0334341748383059,LHFPL3-AS2
677819,0.0334341748383059,SNORA37
654841,0.0334341748383059,MFF-DT
646522,0.0334341748383059,LINC02743
642976,0.0334341748383059,GRIK1-AS1
619434,0.0334341748383059,LINC00051
553103,0.0334341748383059,MIR3936HG
503542,0.0334341748383059,SPRN
442421,0.0334341748383059,PTGER4P2-CDK2AP2P2
441394,0.0334341748383059,SUGT1P1
440730,0.0334341748383059,TRIM67
440508,0.0334341748383059,CLEC4GP1
440300,0.0334341748383059,LOC440300
439941,0.0334341748383059,FER1L6-AS1
400752,0.0334341748383059,LINC01144
390892,0.0334341748383059,OR7A10
388569,0.0334341748383059,ZNF324B
387718,0.0334341748383059,TEX36
378832,0.0334341748383059,COL18A1-AS1
348761,0.0334341748383059,SPATA3-AS1
340390,0.0334341748383059,WDR97
339975,0.0334341748383059,LOC339975
339883,0.0334341748383059,APRG1
339789,0.0334341748383059,LINC00299
339779,0.0334341748383059,PRR30
339166,0.0334341748383059,LOC339166
338862,0.0334341748383059,LINC00550
338809,0.0334341748383059,NA
338588,0.0334341748383059,LINC00705
287015,0.0334341748383059,TRIM42
286436,0.0334341748383059,H2BW2
286183,0.0334341748383059,NKAIN3
286135,0.0334341748383059,LINC02209
286083,0.0334341748383059,LOC286083
285492,0.0334341748383059,LINC00955
285375,0.0334341748383059,LINC00620
285205,0.0334341748383059,LINC00636
285051,0.0334341748383059,STPG4
285033,0.0334341748383059,STARD7-AS1
284751,0.0334341748383059,LINC01270
284688,0.0334341748383059,LINC01142
284632,0.0334341748383059,LINC02800
284427,0.0334341748383059,SLC25A41
284080,0.0334341748383059,PICART1
283870,0.0334341748383059,BRICD5
283761,0.0334341748383059,LINC00928
283692,0.0334341748383059,CPEB1-AS1
283446,0.0334341748383059,MYO1H
283238,0.0334341748383059,SLC22A24
283165,0.0334341748383059,KIRREL3-AS3
283159,0.0334341748383059,OR8D1
283011,0.0334341748383059,FLJ37201
282775,0.0334341748383059,OR5J2
259239,0.0334341748383059,WFDC11
257629,0.0334341748383059,ANKS4B
257313,0.0334341748383059,UTS2B
255220,0.0334341748383059,TXNDC8
255025,0.0334341748383059,LINC00879
254028,0.0334341748383059,RNASE11-AS1
245936,0.0334341748383059,DEFB123
220070,0.0334341748383059,SHANK2-AS3
219793,0.0334341748383059,TBATA
203074,0.0334341748383059,PRSS55
201617,0.0334341748383059,LINC00870
199899,0.0334341748383059,LINC00466
196913,0.0334341748383059,LINC01599
196872,0.0334341748383059,LINC00638
170393,0.0334341748383059,LINC02870
168741,0.0334341748383059,PER3P1
162517,0.0334341748383059,FBXO39
160298,0.0334341748383059,C11orf42
158572,0.0334341748383059,USP27X-DT
158506,0.0334341748383059,CBLL2
154288,0.0334341748383059,KHDC3L
147807,0.0334341748383059,ZNF524
146212,0.0334341748383059,KCTD19
145858,0.0334341748383059,C15orf32
140875,0.0334341748383059,LINC00028
140711,0.0334341748383059,TLDC2
135946,0.0334341748383059,OR6B1
132200,0.0334341748383059,C3orf49
128954,0.0334341748383059,GAB4
128859,0.0334341748383059,BPIFB6
128822,0.0334341748383059,CST9
128497,0.0334341748383059,SPATA25
122876,0.0334341748383059,GPHB5
119385,0.0334341748383059,AGAP11
118670,0.0334341748383059,FAM24A
117579,0.0334341748383059,RLN3
117194,0.0334341748383059,MRGPRX2
116933,0.0334341748383059,CLRN1-AS1
94026,0.0334341748383059,POM121L2
91948,0.0334341748383059,LINC00923
90589,0.0334341748383059,ZNF625
90199,0.0334341748383059,WFDC8
90011,0.0334341748383059,KIR3DX1
85397,0.0334341748383059,RGS8
85282,0.0334341748383059,NA
84931,0.0334341748383059,LINC01101
84865,0.0334341748383059,CCDC142
84107,0.0334341748383059,ZIC4
83867,0.0334341748383059,TTTY12
83860,0.0334341748383059,TAF3
83551,0.0334341748383059,TAAR8
81854,0.0334341748383059,ZNF205-AS1
81696,0.0334341748383059,OR5V1
79345,0.0334341748383059,OR51B2
79166,0.0334341748383059,LILRP2
64852,0.0334341748383059,TUT1
64806,0.0334341748383059,IL25
57624,0.0334341748383059,NYAP2
57582,0.0334341748383059,KCNT1
56918,0.0334341748383059,C2orf83
56659,0.0334341748383059,KCNK13
56244,0.0334341748383059,BTNL2
56139,0.0334341748383059,PCDHA10
56107,0.0334341748383059,PCDHGA9
55879,0.0334341748383059,GABRQ
55370,0.0334341748383059,PPP4R1L
54905,0.0334341748383059,CYP2W1
54814,0.0334341748383059,QPCTL
51198,0.0334341748383059,CDKN2A-DT
49861,0.0334341748383059,CLDN20
27023,0.0334341748383059,FOXB1
26492,0.0334341748383059,OR8G2P
26343,0.0334341748383059,OR5E1P
26290,0.0334341748383059,GALNT8
26280,0.0334341748383059,IL1RAPL2
26211,0.0334341748383059,OR2F1
25930,0.0334341748383059,PTPN23
25787,0.0334341748383059,NA
25786,0.0334341748383059,DGCR11
23766,0.0334341748383059,GABARAPL3
23591,0.0334341748383059,FAM215A
11250,0.0334341748383059,GPR45
11247,0.0334341748383059,NXPH4
11133,0.0334341748383059,KPTN
10816,0.0334341748383059,SPINT3
10798,0.0334341748383059,OR5I1
9883,0.0334341748383059,POM121
9739,0.0334341748383059,SETD1A
9487,0.0334341748383059,PIGL
9179,0.0334341748383059,AP4M1
8916,0.0334341748383059,HERC3
8755,0.0334341748383059,ADAM6
8687,0.0334341748383059,KRT38
8587,0.0334341748383059,OR7E2P
8471,0.0334341748383059,IRS4
8403,0.0334341748383059,SOX14
8390,0.0334341748383059,OR1G1
8290,0.0334341748383059,H3-4
7379,0.0334341748383059,UPK2
6895,0.0334341748383059,TARBP2
6792,0.0334341748383059,CDKL5
6725,0.0334341748383059,SRMS
6011,0.0334341748383059,GRK1
5596,0.0334341748383059,MAPK4
5568,0.0334341748383059,PRKACG
5030,0.0334341748383059,P2RY4
5013,0.0334341748383059,OTX1
4993,0.0334341748383059,OR2C1
4975,0.0334341748383059,OMP
4825,0.0334341748383059,NKX6-1
4718,0.0334341748383059,NDUFC2
4544,0.0334341748383059,MTNR1B
4007,0.0334341748383059,PRICKLE3
3850,0.0334341748383059,KRT3
3062,0.0334341748383059,HCRTR2
2916,0.0334341748383059,GRM6
2904,0.0334341748383059,GRIN2B
2853,0.0334341748383059,GPR31
2829,0.0334341748383059,XCR1
2814,0.0334341748383059,GP5
2475,0.0334341748383059,MTOR
2081,0.0334341748383059,ERN1
1990,0.0334341748383059,CELA1
1416,0.0334341748383059,CRYBB2P1
1142,0.0334341748383059,CHRNB3
1132,0.0334341748383059,CHRM4
1089,0.0334341748383059,CEACAM4
480,0.0334341748383059,ATP1A4
400617,0.026079699561861,KCNJ2-AS1
140893,0.026079699561861,RBBP8NL
84787,0.026079699561861,KMT5C
1553,0.0259753807636136,CYP2A13
100505782,0.025897141664928,LOC100505782
84560,0.025897141664928,MT4
100874198,0.0256885040684331,SHANK2-AS1
100505540,0.0256885040684331,SLIT1-AS1
284100,0.0256885040684331,YWHAEP7
85026,0.0256885040684331,ARRDC1-AS1
63904,0.0256885040684331,DUSP21
27113,0.0256885040684331,BBC3
401612,0.0254537867723764,SLC25A53
149563,0.0254537867723764,SRARP
80168,0.0254537867723764,MOGAT2
284083,0.0253494679741289,NA
158297,0.0252712288754434,SAXO1
83887,0.0252712288754434,TTLL2
100132057,0.0251147506780722,PDE4DIPP6
164684,0.0251147506780722,WBP2NL
57536,0.0251147506780722,KIAA1328
10505,0.0251147506780722,SEMA4F
286103,0.0249843521802629,ZNF252P-AS1
100996307,0.0248800333820154,LIPE-AS1
197003,0.0248800333820154,MGC15885
140801,0.0248800333820154,RPL10L
401398,0.0246453160859587,POT1-AS1
339788,0.0246453160859587,LINC00298
79883,0.0246453160859587,PODNL1
79165,0.0246453160859587,LENG1
57585,0.0246453160859587,CRAMP1
7862,0.0246453160859587,BRPF1
100652768,0.0244366784894638,LOC100652768
100130872,0.0244366784894638,LOC100130872
196993,0.0243584393907782,CT62
60529,0.0242541205925308,ALX4
55054,0.0242541205925308,ATG16L1
22994,0.0242541205925308,CEP131
283284,0.0241498017942833,IGSF22
9993,0.0240976423951596,DGCR2
221496,0.0236282078030461,LEMD2
152217,0.0236282078030461,NCBP2AS2
126382,0.0236282078030461,NR2C2AP
84280,0.0236282078030461,BTBD10
64897,0.0236282078030461,C12orf43
51258,0.0236282078030461,MRPL51
51102,0.0236282078030461,MECR
10120,0.0236282078030461,ACTR1B
10113,0.0236282078030461,PREB
9785,0.0236282078030461,DHX38
8893,0.0236282078030461,EIF2B5
7726,0.0236282078030461,TRIM26
6944,0.0236282078030461,VPS72
6746,0.0236282078030461,SSR2
6625,0.0236282078030461,SNRNP70
5300,0.0236282078030461,PIN1
2648,0.0236282078030461,KAT2A
23355,0.0231587732109326,VPS8
100506963,0.0229501356144377,ELOA-AS1
647310,0.0229501356144377,TEX22
645212,0.0229501356144377,EIF3J-DT
57593,0.0229501356144377,EBF4
54984,0.0229501356144377,PINX1
7874,0.0229501356144377,USP7
5428,0.0229501356144377,POLG
88745,0.0226632589192572,RRP36
84246,0.0226632589192572,MED10
318,0.0226632589192572,NUDT2
22,0.0226632589192572,ABCB7
219293,0.0225067807218861,ATAD3C
8852,0.0225067807218861,AKAP4
653641,0.0223763822240768,GOLGA6C
26259,0.0223763822240768,FBXW8
5383,0.0223763822240768,PMS2P5
155054,0.0222720634258293,ZNF425
375690,0.0222199040267056,WASH5P
284349,0.0221677446275819,ZNF283
286828,0.0221155852284582,CSN1S2AP
101928646,0.0220634258293344,ARNTL2-AS1
345895,0.0220112664302107,RSPH4A
84796,0.021959107031087,NA
100128176,0.0219069476319633,UST-AS1
81850,0.0218547882328396,KRTAP1-3
100507605,0.0218026288337158,LINC00837
81870,0.0217504694345921,KRTAP9-9
158434,0.0216983100354684,LOC158434
101929162,0.0215418318380972,PRDM4-AS1
100130460,0.0215418318380972,CAND1.11
652972,0.0215418318380972,LRRC37A5P
388011,0.0215418318380972,LINC01550
339593,0.0215418318380972,LOC339593
100874051,0.0213331942416023,LZTS1-AS1
222611,0.0213331942416023,ADGRF2
2765,0.0213331942416023,GML
203562,0.0211506363446693,TMEM31
152405,0.0211506363446693,TEX55
150280,0.0211506363446693,HORMAD2
117155,0.0211506363446693,CATSPER2
101928460,0.0209680784477363,LINC01756
285224,0.0209680784477363,DNAJB8-AS1
5024,0.0209680784477363,P2RX3
100499171,0.0208637596494888,LINC00276
101927286,0.0207594408512414,LINC02254
100874251,0.0207594408512414,KIRREL3-AS2
7634,0.0207594408512414,ZNF80
619207,0.020655122052994,SCART1
4991,0.0206029626538702,OR1D2
645832,0.0205508032547465,SEBOX
399806,0.0204725641560609,LBX1-AS1
163259,0.0204725641560609,DENND2C
317716,0.0203682453578135,BPIFA4P
56969,0.0203682453578135,RPL23AP32
3617,0.0202900062591279,IMPG1
5506,0.0202378468600042,PPP1R3A
338069,0.0201856874608804,ST7-OT4
283080,0.0201335280617567,C10orf126
100505893,0.0200552889630711,SLIT2-IT1
134864,0.0200552889630711,TAAR1
112744,0.0199770498643856,IL17F
100359394,0.0199248904652618,LINC00102
731223,0.0198727310661381,LINC01220
3578,0.0198205716670144,IL9
284067,0.0197423325683288,CFAP97D1
85438,0.0197423325683288,CABS1
100507431,0.0196380137700814,LINC02551
220115,0.0196380137700814,TPTE2P3
93661,0.0195597746713958,CAPZA3
102724386,0.0195076152722721,LINC01393
139420,0.0194554558731483,PPP4R3C
729059,0.0193772167744628,TEX46
64518,0.0193772167744628,TEKT3
645090,0.0192989776757772,NA
144535,0.0192468182766535,CFAP54
285878,0.0191946588775297,VSTM2A-OT1
401497,0.019142499478406,LINC01242
101927196,0.0190642603797204,FSIP2-AS2
23620,0.0190642603797204,NTSR2
101929454,0.0189860212810348,LINC02149
641372,0.0188817024827874,ACOT6
56123,0.0188817024827874,PCDHB13
5459,0.0188817024827874,POU4F3
378925,0.01877738368454,RNF148
85009,0.0186991445858544,MGC16025
3890,0.0186991445858544,KRT84
7652,0.0186209054871688,ZNF99
374987,0.0185426663884832,NEXN-AS1
65217,0.0185426663884832,PCDH15
100507171,0.0184644272897976,BOLA3-DT
143241,0.0184122678906739,DYDC1
147687,0.0183340287919883,ZNF417
120863,0.0183340287919883,DEPDC4
101929607,0.0182297099937409,LINC01990
2559,0.0182297099937409,GABRA6
100506025,0.0181514708950553,CRPPA-AS1
149047,0.0180993114959316,MGC27382
101927547,0.018021072397246,ANKRD44-IT1
200232,0.018021072397246,FAM209A
319085,0.0179428332985604,ITPK1-AS1
338739,0.0178645941998748,CSTF3-DT
6545,0.0178645941998748,SLC7A4
101929467,0.0177341957020655,LURAP1L-AS1
100862679,0.0177341957020655,NAALADL2-AS3
167826,0.0177341957020655,OLIG3
100861541,0.0176298769038181,DOCK9-DT
100130987,0.0175255581055706,LOC100130987
147837,0.0175255581055706,ZNF563
130540,0.0175255581055706,FLACC1
60467,0.0174212393073232,BPESC1
221241,0.0173169205090757,LINC00305
56105,0.0173169205090757,PCDHGA11
9629,0.0173169205090757,CLCA3P
101927709,0.0171082829125808,LOC101927709
119369,0.0171082829125808,NUDT9P1
84503,0.0171082829125808,ZNF527
56832,0.0171082829125808,IFNK
5132,0.0171082829125808,PDC
100861552,0.016899645316086,LINC00558
202459,0.016899645316086,OSTCP1
27136,0.016899645316086,MORC1
101927446,0.0167431671187148,LOC101927446
245935,0.0167431671187148,DEFB122
80316,0.0167431671187148,PPP1R2C
100506083,0.0165606092217818,DDX19A-DT
100132101,0.0165606092217818,HERC2P7
219990,0.0165606092217818,OOSP2
163479,0.0165606092217818,FNDC7
116437,0.0164302107239725,LINC01257
642280,0.0163780513248487,ZNF876P
101927616,0.016325891925725,LINC02375
101928496,0.0162215731274776,LINC01492
158381,0.0162215731274776,ATP8B5P
9313,0.0162215731274776,MMP20
641515,0.0161172543292301,MGAT4EP
101928035,0.0160390152305445,PSMD7-DT
6121,0.0160390152305445,RPE65
100294362,0.015960776131859,RNF213-AS1
643037,0.0157260588358022,C11orf97
641339,0.0157260588358022,ZNF674
403312,0.0157260588358022,LOC403312
196951,0.0157260588358022,FAM227B
152118,0.0157260588358022,LINC02877
150992,0.0157260588358022,LINC00309
5146,0.0157260588358022,PDE6C
1413,0.0157260588358022,CRYBA4
401134,0.0154913415397455,LINC02232
101929526,0.0151262257458794,DTD1-AS1
101929378,0.0151262257458794,LINC01876
101927876,0.0151262257458794,LINC01654
101927282,0.0151262257458794,LINC02466
100507534,0.0151262257458794,LINC02192
440307,0.0151262257458794,TTLL13
282980,0.0151262257458794,LINC00700
151649,0.0151262257458794,PP2D1
126069,0.0151262257458794,ZNF491
84983,0.0151262257458794,FAM222A-AS1
11131,0.0151262257458794,CAPN11
9287,0.0151262257458794,TAAR2
3228,0.0151262257458794,HOXC12
100506385,0.0147350302524515,LINC01426
64184,0.0147350302524515,EDDM3B
152586,0.0146046317546422,MGAT4D
85294,0.0146046317546422,KRTAP2-4
55998,0.0146046317546422,NXF5
3562,0.0145003129563947,IL3
132954,0.0143959941581473,PDCL2
26538,0.0143959941581473,OR10H2
3347,0.0143959941581473,HTN3
26138,0.014265595660338,LINC00588
10648,0.014265595660338,SCGB1D1
285600,0.0141873565616524,KIAA0825
54661,0.0141351971625287,PCDHB17P
101929718,0.0139265595660338,LOC101929718
101927310,0.0139265595660338,LOC101927310
642426,0.0139265595660338,LINC02297
154822,0.0139265595660338,LINC00689
57573,0.0139265595660338,ZNF471
8369,0.0139265595660338,H4C7
1007,0.0139265595660338,CDH9
50945,0.0136918422699771,TBX22
147,0.0136918422699771,ADRA1B
100505878,0.0136136031712915,LINC02059
56097,0.0135614437721677,PCDHGC5
9808,0.013509284373044,KIAA0087
101929372,0.0132484873774254,LOC101929372
100506858,0.0132484873774254,LOC100506858
100505547,0.0132484873774254,LINC01208
100132987,0.0132484873774254,LINC00856
283888,0.0132484873774254,IL21R-AS1
164592,0.0132484873774254,CCDC116
150379,0.0132484873774254,PNPLA5
6305,0.0132484873774254,SBF1
3780,0.0132484873774254,KCNN1
100874143,0.0129876903818068,LINC00358
255426,0.0129355309826831,RASGEF1C
136991,0.0128833715835594,ASZ1
100130744,0.0128312121844356,LOC100130744
101927003,0.0127268933861882,PKIA-AS1
388323,0.0127268933861882,GLTPD2
6093,0.0127268933861882,ROCK1
80133,0.0126225745879407,MROH9
201243,0.0125443354892552,SPEM2
135886,0.0125443354892552,TMEM270
101929319,0.0124400166910077,LOC101929319
10665,0.0124400166910077,TSBP1
100506765,0.0123617775923221,IGSF11-AS1
100506660,0.0123096181931984,DDX11-AS1
101059948,0.0122313790945128,LOC101059948
339622,0.0122313790945128,LINC01692
101927990,0.0121009805967035,TRDN-AS1
101927219,0.0121009805967035,HNF4A-AS1
677779,0.0121009805967035,LINC00488
100505676,0.0119966617984561,RRS1-DT
101927704,0.0119445023993324,MIR3663HG
101929279,0.0113185896098477,LOC101929279
101929260,0.0113185896098477,LINC01920
101928748,0.0113185896098477,LOC101928748
101927815,0.0113185896098477,LINC03021
101927058,0.0113185896098477,LINC02402
100996280,0.0113185896098477,LINC00911
100507034,0.0113185896098477,PITRM1-AS1
100506874,0.0113185896098477,LINC00933
100506469,0.0113185896098477,TMEM147-AS1
100130613,0.0113185896098477,PRR32
353219,0.0113185896098477,KAAG1
285577,0.0113185896098477,LINC01019
284930,0.0113185896098477,EPIC1
140771,0.0113185896098477,SMCR5
121952,0.0113185896098477,METTL21EP
54429,0.0113185896098477,TAS2R5
54088,0.0113185896098477,LINC00113
7478,0.0113185896098477,WNT8A
6870,0.0113185896098477,TACR3
6862,0.0113185896098477,TBXT
6336,0.0113185896098477,SCN10A
2848,0.0113185896098477,GPR25
2827,0.0113185896098477,GPR3
101927948,0.010692676820363,LOC101927948
286514,0.0106405174212393,MAGEB18
101929730,0.0105622783225537,LINC01352
284835,0.0105622783225537,LINC00323
102724201,0.0104058001251826,TBX18-AS1
554201,0.0104058001251826,CCDC148-AS1
5741,0.0104058001251826,PTH
1720,0.0104058001251826,DHFRP3
101928386,0.0102754016273733,LOC101928386
169966,0.0101450031295639,TENT5D
145645,0.0101450031295639,TERB2
122651,0.0101450031295639,RNASE11
84654,0.0101450031295639,SPZ1
346007,0.00998852493219278,EYS
4880,0.00998852493219278,NPPC
168448,0.00988420613394534,CDC14C
6343,0.00988420613394534,SCT
56106,0.00980596703525975,PCDHGA10
259286,0.00970164823701231,TAS2R40
139538,0.00970164823701231,VENTXP1
15,0.00970164823701231,AANAT
284950,0.00959732943876486,LOC284950
245938,0.00951909034007928,DEFB125
3061,0.00951909034007928,HCRTR1
100506697,0.00941477154183184,LINC00327
10660,0.00941477154183184,LBX1
101929210,0.00915397454621323,SMARCAD1-DT
101928940,0.00915397454621323,LOC101928940
101927066,0.00915397454621323,LOC101927066
101926892,0.00915397454621323,LINC03020
100996251,0.00915397454621323,LRIG2-DT
606553,0.00915397454621323,LINC02905
285326,0.00915397454621323,LINC00692
5988,0.00915397454621323,RFPL1
93185,0.00863238055497601,IGSF8
84067,0.00863238055497601,FHIP1B
79169,0.00863238055497601,C1orf35
54942,0.00863238055497601,ABITRAM
25906,0.00863238055497601,ANAPC15
22893,0.00863238055497601,BAHD1
10960,0.00863238055497601,LMAN2
8872,0.00863238055497601,CDC123
6829,0.00863238055497601,SUPT5H
5496,0.00863238055497601,PPM1G
5201,0.00863238055497601,PFDN1
14,0.00863238055497601,AAMP
256051,0.00829334446067181,ZNF549
100129917,0.00824118506154809,PCGF3-AS1
388567,0.00818902566242437,ZNF749
101928773,0.00792822866680576,LINC01449
101927455,0.00792822866680576,TMEM108-AS1
100134713,0.00792822866680576,NDUFB2-AS1
285966,0.00792822866680576,TCAF2
259249,0.00792822866680576,MRGPRX1
131601,0.00792822866680576,TPRA1
92715,0.00792822866680576,DPH7
7554,0.00792822866680576,ZNF8
607,0.00792822866680576,BCL9
101929473,0.00735447527644482,LOC101929473
101928739,0.00735447527644482,PIK3CA-DT
101927839,0.00735447527644482,LOC101927839
101927152,0.00735447527644482,SAMMSON
100506742,0.00735447527644482,CASP12
100506050,0.00735447527644482,LINC01005
100130964,0.00735447527644482,LOC100130964
138240,0.00735447527644482,C9orf57
118856,0.00735447527644482,MMP21
116093,0.00735447527644482,DIRC1
51289,0.00735447527644482,RXFP3
9247,0.00735447527644482,GCM2
8689,0.00735447527644482,KRT36
101929570,0.00678072188608387,KCNH7-AS1
101928539,0.00678072188608387,LINC02225
101927124,0.00678072188608387,HEATR5A-DT
101927112,0.00678072188608387,LINC01581
151112,0.00678072188608387,ZSWIM2
144360,0.00678072188608387,LINC00477
140832,0.00678072188608387,WFDC10A
26062,0.00678072188608387,HYAL6P
6407,0.00678072188608387,SEMG2
101927829,0.00644168579177968,LOC101927829
100506413,0.00644168579177968,DOCK4-AS1
150353,0.00644168579177968,DNAJB7
114026,0.00644168579177968,ZIM3
101928495,0.00618088879616107,LOC101928495
101928107,0.00618088879616107,LOC101928107
101927314,0.00618088879616107,LOC101927314
254312,0.00618088879616107,LINC00710
168400,0.00618088879616107,DDX53
4184,0.00618088879616107,SMCP
101927358,0.00592009180054246,LOC101927358
284525,0.00592009180054246,SLC9C2
220416,0.00592009180054246,LRRC63
690,0.00592009180054246,BTF3P11
101928190,0.00568537450448571,LINC01487
101927587,0.00568537450448571,LINC01725
338707,0.00568537450448571,B4GALNT4
140701,0.00568537450448571,ABHD16B
7955,0.00568537450448571,RNF217-AS1
101927588,0.00539849780930524,LOC101927588
440704,0.00539849780930524,LINC01720
285093,0.00539849780930524,RTP5
246705,0.00539849780930524,LINC00314
56978,0.00539849780930524,PRDM8
3346,0.00539849780930524,HTN1
101929690,0.00505946171500104,LINC01583
100874375,0.00505946171500104,NALF1-IT1
100506172,0.00505946171500104,LINC01568
100506127,0.00505946171500104,GVQW3
400654,0.00505946171500104,LINC01538
286370,0.00505946171500104,MIR4290HG
6458,0.00505946171500104,SH3GL1P1
102723927,0.00396411433340288,LINC01238
102723661,0.00396411433340288,LINC02790
101929591,0.00396411433340288,KIZ-AS1
101929557,0.00396411433340288,LINC01395
101929413,0.00396411433340288,LOC101929413
101929241,0.00396411433340288,LINC02325
101928851,0.00396411433340288,LINC02380
101928731,0.00396411433340288,CRADD-AS1
101928684,0.00396411433340288,LINC01209
101928417,0.00396411433340288,LOC101928417
101927650,0.00396411433340288,LINC02126
100874021,0.00396411433340288,MAGI2-AS2
100270804,0.00396411433340288,LCDR
100132077,0.00396411433340288,LOC100132077
100128239,0.00396411433340288,LINC02731
729723,0.00396411433340288,DNAJC27-AS1
619351,0.00396411433340288,LINC00589
439927,0.00396411433340288,LINC01555
255022,0.00396411433340288,CALHM1
254773,0.00396411433340288,LYG2
222662,0.00396411433340288,LHFPL5
221504,0.00396411433340288,ZBTB9
197350,0.00396411433340288,CASP16P
150197,0.00396411433340288,LINC00896
84303,0.00396411433340288,CHCHD6
79640,0.00396411433340288,C22orf46
55192,0.00396411433340288,DNAJC17
54811,0.00396411433340288,ZNF562
27006,0.00396411433340288,FGF22
26184,0.00396411433340288,OR1F2P
8688,0.00396411433340288,KRT37
8590,0.00396411433340288,OR6A2
4995,0.00396411433340288,OR3A2
3805,0.00396411433340288,KIR2DL4
886,0.00396411433340288,CCKAR
102800447,0.00229501356144377,LINC01828
102723704,0.00229501356144377,LOC102723704
101954204,0.00229501356144377,LINC00644
101928961,0.00229501356144377,LOC101928961
101928809,0.00229501356144377,SDAD1-AS1
101928622,0.00229501356144377,LOC101928622
101928519,0.00229501356144377,LOC101928519
101927360,0.00229501356144377,LINC01103
101927237,0.00229501356144377,LOC101927237
101926944,0.00229501356144377,LOC101926944
100874012,0.00229501356144377,NAV2-AS5
650662,0.00229501356144377,NA
642938,0.00229501356144377,INSYN2A
414300,0.00229501356144377,LOC414300
414201,0.00229501356144377,ZNF32-AS3
340017,0.00229501356144377,LINC02433
286442,0.00229501356144377,LINC01281
285889,0.00229501356144377,LOC285889
285501,0.00229501356144377,LINC01098
283432,0.00229501356144377,LINC00485
266919,0.00229501356144377,LINC00307
259296,0.00229501356144377,TAS2R50
253639,0.00229501356144377,ZNF620
222696,0.00229501356144377,ZSCAN23
222029,0.00229501356144377,DKFZp434L192
149620,0.00229501356144377,CHIAP2
121006,0.00229501356144377,FAM186A
93164,0.00229501356144377,HTR7P1
8735,0.00229501356144377,MYH13
101060019,0.00148654287502608,LINC01799
283038,0.00148654287502608,LOC283038
101929407,0.00130398497809305,PTPRD-AS1
101927034,0.00130398497809305,ROR1-AS1
100129427,0.00130398497809305,DDC-AS1
645158,0.00130398497809305,CBX3P2
53940,0.00130398497809305,FTHL17
100506495,0.00114750678072189,LIFR-AS1
101926928,0.00104318798247444,CRAT37
346562,0.00104318798247444,GNAT3
338004,0.00104318798247444,LINC00226
101927657,8.6063008554141e-4,LOC101927657
100652857,8.6063008554141e-4,TMCO5B
730092,8.6063008554141e-4,RRN3P1
50838,8.6063008554141e-4,TAS2R13
101929312,6.7807218860838e-4,LINC01706
101928211,6.7807218860838e-4,LOC101928211
253573,6.7807218860838e-4,LINC02052
101927498,4.4335489255163e-4,LINC01361
100129620,4.4335489255163e-4,PLPPR5-AS1
401463,4.4335489255163e-4,BHLHE22-AS1
285782,4.4335489255163e-4,CAGE1
283461,4.4335489255163e-4,C12orf40
282706,4.4335489255163e-4,DAOA-AS1
101928861,1.5647819737116e-4,LOC101928861
101927292,1.5647819737116e-4,LINC02395
100652791,1.5647819737116e-4,GS1-24F4.2
284697,1.5647819737116e-4,BTBD8
157273,1.5647819737116e-4,LOC157273
