,gene_symbol,UMAP 0,UMAP 1
0,A1CF,2.8315005,2.5465732
1,A4GALT,6.559547,-2.4844558
2,AAAS,5.3726463,2.2653754
3,AACS,5.0490756,-0.89122283
4,AADAT,7.6563835,3.2161386
5,AAGAB,4.528312,3.8219593
6,AAK1,7.7412677,3.935388
7,AAMDC,3.7800913,3.313893
8,AAMP,6.277108,6.005876
9,AANAT,5.870347,-0.82918775
10,AAR2,6.2848926,2.2821634
11,AARD,6.5281463,-1.6411122
12,AARS1,6.048278,2.161949
13,AARS2,7.045666,-2.8658788
14,AASS,6.427704,-0.4655655
15,AATF,0.35055634,-0.33483052
16,AATK,6.7280574,-2.781894
17,ABAT,6.3248544,-2.2322054
18,ABCA1,0.9891319,3.5497887
19,ABCA12,1.3407196,-0.69473755
20,ABCA13,5.0072126,0.83063215
21,ABCA2,4.831307,0.60997725
22,ABCA4,9.359138,4.3698087
23,ABCA5,1.1426743,2.4464815
24,ABCA6,0.6377293,2.1386018
25,ABCA7,6.59443,2.3329093
26,ABCA8,2.8017244,1.216693
27,ABCA9,8.149972,3.259263
28,ABCB1,5.946417,3.938755
29,ABCB11,4.269324,2.848998
30,ABCB4,2.834469,3.4366944
31,ABCB6,5.615771,1.6493964
32,ABCB7,6.5502477,-1.9897927
33,ABCB8,6.015674,-2.3800478
34,ABCB9,4.534126,-0.95451856
35,ABCC1,8.317657,1.1990738
36,ABCC3,9.0686245,2.018099
37,ABCC4,7.406269,1.8541363
38,ABCC5,4.8558908,3.4983425
39,ABCC6,8.292208,1.1493405
40,ABCC8,5.5557146,1.2247604
41,ABCC9,0.98707014,3.928716
42,ABCD3,4.7236414,-1.5574394
43,ABCE1,8.3014965,4.073555
44,ABCF1,8.966627,4.2066555
45,ABCF2,8.150787,4.4457893
46,ABCF3,8.197302,3.9797802
47,ABCG1,4.97247,-0.97899187
48,ABCG2,8.545311,1.6603001
49,ABCG8,6.09427,-0.200488
50,ABHD10,6.5189376,-0.92536855
51,ABHD11,6.8638973,-2.8102694
52,ABHD12B,0.68549436,2.8416135
53,ABHD13,6.099433,2.3958347
54,ABHD14A,4.906316,-1.0900712
55,ABHD14B,0.669788,-0.08353778
56,ABHD15,4.0501575,2.758379
57,ABHD16B,0.12174085,2.3148494
58,ABHD17A,6.5115724,1.08905
59,ABHD18,2.2748578,5.401246
60,ABHD2,6.604306,2.9579935
61,ABHD3,6.0168214,1.5462532
62,ABHD4,2.0148907,1.5105044
63,ABHD5,5.5364246,1.9516304
64,ABHD6,4.727555,0.76717776
65,ABHD8,0.5578408,2.4348922
66,ABI1,7.9843974,2.2315726
67,ABI2,4.0259886,2.1735702
68,ABITRAM,3.744956,2.6059878
69,ABL1,0.1551449,2.9602284
70,ABL2,0.7703398,2.5703964
71,ABLIM1,8.032874,-0.68352556
72,ABLIM2,6.0901275,-1.9898598
73,ABLIM3,8.305884,1.2728499
74,ABR,8.791501,3.7920341
75,ABRACL,3.5579014,3.090978
76,ABRAXAS1,1.0686041,1.005777
77,ABRAXAS2,2.9389083,1.2510192
78,ABT1,4.9119735,-1.2024728
79,ABTB1,6.3172174,1.9935704
80,ABTB2,1.4063228,3.060773
81,ABTB3,1.0731678,2.351039
82,ACAA1,5.6899943,-0.39786837
83,ACAA2,7.0586324,-2.9885721
84,ACACA,7.852676,3.3368595
85,ACAD9,6.8312454,-2.679109
86,ACADM,6.877757,-2.2227511
87,ACADS,6.559283,-2.1773229
88,ACADSB,6.795412,-2.4643958
89,ACADVL,5.8848176,-2.3217294
90,ACAP1,4.1125374,-0.41633552
91,ACAP2,4.3112974,0.5078428
92,ACAP3,3.2815995,1.7816747
93,ACAT1,7.222517,-3.5645506
94,ACAT2,4.997286,3.0623333
95,ACBD3,3.9035985,-0.6434989
96,ACBD4,2.8822045,2.895213
97,ACBD5,4.794065,-1.1493822
98,ACBD6,3.9242508,3.7058432
99,ACBD7,6.1443114,0.06976209
100,ACCS,4.318141,0.051037453
101,ACCSL,6.863734,2.4869714
102,ACD,1.2284213,1.6102912
103,ACE,5.2027726,-0.68402606
104,ACHE,5.8710527,-0.62943923
105,ACIN1,2.9058015,4.343372
106,ACKR2,2.8000553,1.9360487
107,ACKR3,7.711461,2.0809069
108,ACKR4,6.7129073,-1.2478567
109,ACLY,6.0941277,3.1572762
110,ACMSD,6.0960016,2.0466266
111,ACO1,6.4079604,2.0985754
112,ACO2,7.1955185,-3.5189025
113,ACOD1,5.8953843,-2.226625
114,ACOT11,6.207532,2.0599287
115,ACOT12,7.874656,-0.49061888
116,ACOT13,3.2609437,1.190791
117,ACOT7,6.363928,1.9540402
118,ACOT8,6.7780657,-1.4543248
119,ACOT9,6.0098076,3.439305
120,ACOX1,3.4849663,0.77554715
121,ACOX2,5.984347,-0.19340694
122,ACOX3,4.9427075,-1.3333333
123,ACOXL,6.4464374,2.4851642
124,ACP1,4.1108375,3.5915604
125,ACP5,8.36148,3.1960843
126,ACRBP,4.320876,2.4472342
127,ACSBG1,4.8790555,-0.85378325
128,ACSBG2,6.0964746,2.5127318
129,ACSF2,3.0427878,2.1629238
130,ACSF3,4.009779,1.2654922
131,ACSL1,6.0881705,-1.5489017
132,ACSL3,0.15580533,-1.1164927
133,ACSL4,4.499777,0.46409193
134,ACSL5,5.9501286,-2.5129297
135,ACSM5,4.4184413,-0.4187403
136,ACSS3,6.832304,-1.9393917
137,ACTA2,9.217258,1.6184697
138,ACTL6A,3.2038436,4.049162
139,ACTL6B,-0.19509988,-0.9625594
140,ACTL8,6.7617016,1.8510369
141,ACTN1,9.077436,1.5232468
142,ACTR10,3.653908,0.97543913
143,ACTR2,6.6459513,1.7987673
144,ACTR6,6.535308,2.2639325
145,ACTR8,2.351079,1.2612716
146,ACTRT3,2.8065205,3.111552
147,ACVR1,1.2116841,-0.58141756
148,ACVR1B,6.773071,1.721565
149,ACVR2A,7.1457653,0.8642386
150,ACYP1,5.7370043,2.6941922
151,ACYP2,0.5056247,3.6018012
152,ADA,7.4201417,4.3836207
153,ADAL,3.0619047,3.14615
154,ADAM10,6.3158264,2.5385783
155,ADAM12,6.791935,3.874358
156,ADAM15,2.953151,0.7995908
157,ADAM17,5.6411276,-0.37259018
158,ADAM19,4.242321,-1.3188806
159,ADAM22,5.0394516,1.7866372
160,ADAM28,5.225036,2.8019168
161,ADAM32,4.931768,-1.0653781
162,ADAM33,7.1447754,2.7544425
163,ADAM9,6.144697,1.1379803
164,ADAMTS1,3.2258422,0.1656204
165,ADAMTS12,0.023236055,-1.0549687
166,ADAMTS13,5.0205083,-1.1384084
167,ADAMTS15,6.349071,1.0632399
168,ADAMTS16,8.29679,0.94138134
169,ADAMTS17,0.03273336,3.868751
170,ADAMTS18,6.2285786,5.521838
171,ADAMTS19,5.544165,-0.2244846
172,ADAMTS2,7.927296,1.7962428
173,ADAMTS3,5.359762,0.04143345
174,ADAMTS4,-0.56787425,1.6949878
175,ADAMTS5,1.9282463,4.0854864
176,ADAMTS7,4.7012014,0.46020386
177,ADAMTS9,8.32367,-0.7357484
178,ADAMTSL1,5.3852577,-0.50909245
179,ADAMTSL2,5.348677,0.46434277
180,ADAMTSL3,4.464554,-1.2843626
181,ADAMTSL4,8.162316,3.6571934
182,ADAMTSL5,6.0476437,0.8307679
183,ADAP1,6.271418,2.2563932
184,ADAR,-0.27825242,3.5270414
185,ADARB1,2.9098065,1.6828346
186,ADAT1,1.0685207,2.025101
187,ADAT2,4.4364758,1.3576251
188,ADAT3,1.0558658,3.971765
189,ADCK1,1.2126818,1.758277
190,ADCK2,6.78588,1.3400612
191,ADCK5,7.696022,2.713388
192,ADCY1,5.7949257,-1.1499512
193,ADCY5,5.3255844,-1.073814
194,ADCY6,3.9388223,-0.17300496
195,ADCY7,5.36546,0.7906671
196,ADCY9,8.605826,3.2005649
197,ADCYAP1R1,5.6243486,-0.00024603508
198,ADD1,7.7717648,2.5033278
199,ADD2,4.3004646,4.281265
200,ADD3,6.2325344,3.9303358
201,ADGB,2.0954201,2.0459845
202,ADGRA2,7.725292,1.6084934
203,ADGRB2,6.675416,3.3576005
204,ADGRD1,4.9765,3.4363341
205,ADGRE2,8.554783,3.25678
206,ADGRE5,6.3034673,2.0927513
207,ADGRF3,3.7832417,-0.22804478
208,ADGRF4,6.616768,-2.248535
209,ADGRG2,6.479151,2.0267382
210,ADGRG5,2.6983569,5.009792
211,ADGRG7,6.1672688,3.8455706
212,ADGRL2,8.334786,1.7138199
213,ADGRV1,5.657404,-0.100643106
214,ADH4,3.1792264,3.3005097
215,ADH7,7.695755,3.1072772
216,ADI1,4.1363034,1.2135638
217,ADIRF,5.867722,0.8225061
218,ADK,4.7702913,3.7421746
219,ADNP,-0.16033977,4.2964506
220,ADNP2,7.0811253,-1.8151078
221,ADORA1,8.576835,0.7168595
222,ADORA2B,8.266659,3.1507077
223,ADPGK,5.039312,0.21038349
224,ADPRH,1.767531,5.85488
225,ADPRHL1,6.9853034,3.7652617
226,ADPRM,0.2477997,2.2471886
227,ADPRS,0.7905771,3.0675602
228,ADRA1A,6.06331,0.9581757
229,ADRA1B,8.398549,0.86289173
230,ADRA2B,6.37819,1.6571771
231,ADRB2,7.9635963,3.6709669
232,ADRM1,5.630429,4.1579866
233,ADSL,7.3121524,3.9167728
234,ADSS2,6.074055,2.4255512
235,ADTRP,0.4517603,-0.99721384
236,AEBP1,3.8359592,1.0768135
237,AEBP2,1.6977773,0.8486901
238,AEN,0.8727364,2.1883445
239,AFAP1,8.242912,2.3239868
240,AFAP1L2,6.8823295,3.4585214
241,AFDN,8.819524,1.8987747
242,AFF1,6.0082617,-2.0123029
243,AFF3,3.2305062,4.3413754
244,AFF4,0.8517755,3.8352644
245,AFG3L2,6.31114,-2.3905754
246,AFM,7.7824435,2.114559
247,AFMID,6.8108306,-2.6032465
248,AFP,4.151604,-0.15321282
249,AFTPH,5.9488335,2.1689823
250,AGAP2,3.7441697,3.120978
251,AGBL3,5.5524077,2.289167
252,AGBL5,6.567562,3.4771519
253,AGER,0.6579495,-0.76959366
254,AGFG1,6.1788206,0.7254313
255,AGFG2,6.0489807,2.4016173
256,AGK,6.9915657,-2.8236227
257,AGL,1.8156862,1.6002833
258,AGMO,4.395985,-0.37977797
259,AGO3,2.600352,2.829945
260,AGPAT1,6.5669403,-1.4428203
261,AGPAT4,4.9838295,0.38713416
262,AGPAT5,6.7144876,-2.5891688
263,AGPS,6.326227,0.19448058
264,AGR2,8.462712,-0.34773427
265,AGR3,6.7414,1.4317528
266,AGRN,6.850373,1.5971148
267,AGTPBP1,1.4305556,-0.5209299
268,AGTR1,5.520771,0.5799219
269,AGTRAP,4.503729,0.7387006
270,AGXT,6.282873,2.742794
271,AHCTF1,1.7396616,5.965124
272,AHCY,6.38485,3.6666496
273,AHCYL1,7.9911494,3.9132571
274,AHCYL2,4.107985,2.7675397
275,AHDC1,1.3203052,1.8547006
276,AHI1,4.3429217,1.1083429
277,AHNAK,7.9187856,4.3395753
278,AHNAK2,7.6786227,2.5161126
279,AHR,8.496459,-0.5295955
280,AHRR,0.086189896,2.4451368
281,AHSA1,6.751846,4.4101963
282,AHSG,5.780384,0.2268882
283,AIDA,6.170007,5.763076
284,AIF1,7.28633,1.2869563
285,AIFM1,5.1366606,-0.25564197
286,AIFM2,6.049123,0.59529245
287,AIFM3,5.876579,-1.6143655
288,AIG1,4.859916,-0.48028573
289,AIM2,6.6206894,-1.9239317
290,AIMP1,8.139497,3.2267563
291,AIMP2,8.598274,3.2676904
292,AIP,6.5376124,2.1936831
293,AIPL1,1.9648125,2.2048092
294,AJM1,4.045795,-0.5959429
295,AJUBA,3.9972525,1.0180572
296,AK1,6.3481417,3.1222997
297,AK2,7.2344284,-3.3948612
298,AK3,7.0445347,-2.4629757
299,AK5,6.5136957,1.383166
300,AK6,3.98341,4.1115727
301,AK9,-0.2567882,4.1325564
302,AKAP1,7.0005174,-3.1856604
303,AKAP10,7.9682345,3.8771954
304,AKAP11,7.0029387,3.8962352
305,AKAP12,8.125922,2.537974
306,AKAP13,6.8630514,1.376151
307,AKAP17A,1.634007,1.5221957
308,AKAP5,2.878973,2.476282
309,AKAP7,3.4814777,0.6562106
310,AKAP8,-0.12246504,4.1766596
311,AKAP8L,-1.3085549,3.6212335
312,AKAP9,5.15532,0.5771452
313,AKIP1,1.757165,2.255265
314,AKIRIN1,1.9731061,4.7458916
315,AKIRIN2,0.13566716,2.3199475
316,AKNA,1.5589612,3.1394076
317,AKNAD1,7.114554,3.4780242
318,AKR1A1,5.0794272,2.8104732
319,AKR1B1,4.4461,3.4694693
320,AKR1C1,7.833274,3.4917085
321,AKR1D1,2.0842047,2.1047707
322,AKR1E2,2.7578633,3.4894485
323,AKR7A2,5.499499,2.4314575
324,AKT1,5.8708215,5.593367
325,AKT1S1,6.8281026,2.0186782
326,AKT2,5.590898,3.5687935
327,AKT3,6.028142,1.2196798
328,ALAD,6.3858013,1.6824473
329,ALAS1,6.2074366,-2.2225864
330,ALB,6.8676376,-0.17952308
331,ALCAM,5.8241024,1.5249746
332,ALDH18A1,7.1059966,-2.8552783
333,ALDH1A1,7.8616996,4.5161757
334,ALDH1A3,1.5079926,2.319757
335,ALDH1B1,7.2393284,-2.3144996
336,ALDH1L1,7.637448,3.2927468
337,ALDH1L2,6.220226,-2.641603
338,ALDH3A1,7.29629,3.7755334
339,ALDH3A2,6.7312207,2.2956862
340,ALDH4A1,6.9002047,1.4755075
341,ALDH5A1,7.040781,-2.7513304
342,ALDH6A1,7.010496,-2.6135375
343,ALDH7A1,6.258241,-0.6260523
344,ALDH8A1,1.099403,1.8406736
345,ALDH9A1,6.261467,2.083624
346,ALDOA,7.838727,3.6895378
347,ALDOC,2.2721744,2.5474343
348,ALG12,7.977903,3.0570412
349,ALG13,6.9184036,1.9190688
350,ALG14,1.0260922,0.9291165
351,ALG2,5.359856,2.7404642
352,ALG5,7.861635,2.6967285
353,ALG6,8.015147,-0.29432756
354,ALG8,2.5014288,4.0401845
355,ALK,5.0641494,-0.27619117
356,ALKBH1,3.1497931,1.1024086
357,ALKBH2,1.064173,3.0269232
358,ALKBH3,5.762389,-1.9463543
359,ALKBH5,2.7904341,3.3698964
360,ALKBH6,2.1652424,1.3608425
361,ALKBH7,3.4474173,-0.15782188
362,ALKBH8,1.7146977,2.7267478
363,ALMS1,4.4900074,2.8105574
364,ALOX12,6.0370936,2.0682225
365,ALOX12B,6.7325277,1.6606714
366,ALOX15B,5.1543345,2.2783482
367,ALOX5,1.3157938,1.1589656
368,ALOXE3,6.3099456,0.9823704
369,ALPK1,6.1187973,5.3545084
370,ALPK2,6.7307816,1.7295904
371,ALPK3,-1.2755548,4.202354
372,ALPL,6.611828,2.1379566
373,ALS2,6.2288465,0.5100781
374,ALX1,1.5477577,3.9006996
375,ALX3,-0.27718234,-1.0167041
376,ALX4,2.7865543,3.0098717
377,ALYREF,-0.6536399,3.12527
378,AMACR,7.914328,2.4315112
379,AMBN,0.83017546,3.767327
380,AMBP,5.248734,-0.107801326
381,AMBRA1,5.072918,-1.3055152
382,AMD1,2.6591249,1.8401251
383,AMDHD1,6.560525,1.8009472
384,AMDHD2,1.4886184,-0.48855865
385,AMER1,4.7545996,0.110787444
386,AMER2,7.207836,2.2642639
387,AMER3,2.7070005,0.977782
388,AMFR,8.154507,-0.25778446
389,AMH,5.403023,-0.087291025
390,AMHR2,5.7108445,0.4905895
391,AMIGO1,8.138579,0.98349833
392,AMIGO2,5.241453,2.1077924
393,AMMECR1,2.5039067,2.0827763
394,AMMECR1L,2.9233005,1.5235898
395,AMN1,5.260811,-0.2448696
396,AMOT,2.8494425,2.0736275
397,AMOTL1,6.6034775,1.4683484
398,AMOTL2,8.055697,1.1564734
399,AMPD2,8.054982,3.2185478
400,AMPD3,1.9265126,5.525448
401,AMPH,7.7251654,3.356432
402,AMT,6.359781,-2.0637956
403,AMZ2,2.481472,1.5986284
404,ANAPC1,6.340316,2.154192
405,ANAPC10,0.3026388,2.8488379
406,ANAPC11,0.25791198,3.4806647
407,ANAPC13,4.8473525,-0.9318563
408,ANAPC15,1.9121207,2.4839454
409,ANAPC16,7.033755,2.568851
410,ANAPC2,-0.34577444,4.2410903
411,ANAPC5,3.2336128,2.9283516
412,ANAPC7,4.5252914,3.9249113
413,ANG,1.3759748,-0.5224924
414,ANGEL1,1.9079677,2.2930315
415,ANGEL2,1.8813117,2.3030157
416,ANGPTL2,5.99224,0.04564135
417,ANGPTL4,1.0482895,3.3010745
418,ANGPTL8,3.5654802,0.511142
419,ANK2,8.738093,1.3741536
420,ANK3,9.016293,1.6369557
421,ANKAR,3.7330198,2.506997
422,ANKDD1A,1.7315071,1.4270515
423,ANKEF1,7.434195,3.8846488
424,ANKFN1,1.1646323,3.8953311
425,ANKFY1,5.1770887,-0.6830568
426,ANKH,8.58717,3.427834
427,ANKIB1,6.821373,3.0271802
428,ANKLE1,6.2332134,2.375588
429,ANKLE2,6.7591133,2.9266124
430,ANKMY1,3.0046792,2.9216197
431,ANKMY2,6.9828196,3.9658432
432,ANKRA2,8.835674,1.7234513
433,ANKRD1,0.3190973,-0.42403528
434,ANKRD10,0.42924783,3.981561
435,ANKRD11,2.9712737,3.268913
436,ANKRD12,2.297803,4.1792307
437,ANKRD13A,6.5088882,3.9608312
438,ANKRD13B,6.8896513,0.6091591
439,ANKRD13D,0.8484427,3.306684
440,ANKRD16,6.2843223,-1.1806054
441,ANKRD17,-0.79921556,2.5811455
442,ANKRD2,4.7670736,-0.3969563
443,ANKRD20A1,2.343077,3.4448156
444,ANKRD22,2.1218727,1.2978404
445,ANKRD23,3.1158915,3.626397
446,ANKRD24,6.310036,5.372229
447,ANKRD26,4.880446,0.6184831
448,ANKRD27,6.376855,0.43512815
449,ANKRD29,-0.5438882,3.7175634
450,ANKRD30B,3.2921567,0.6335374
451,ANKRD30BL,6.231463,1.431873
452,ANKRD31,2.3885176,1.7645291
453,ANKRD33B,7.2809753,-3.6097875
454,ANKRD34A,6.550077,1.4234798
455,ANKRD34B,5.920474,-1.9395971
456,ANKRD34C,6.5378466,-2.7925005
457,ANKRD35,4.362898,3.144437
458,ANKRD37,3.6241329,1.3780662
459,ANKRD39,1.7896893,2.6314223
460,ANKRD40,4.5124025,0.98991245
461,ANKRD42,3.2374275,2.8523672
462,ANKRD44,6.1661253,-2.4540954
463,ANKRD45,7.5413413,2.489642
464,ANKRD46,6.6888785,-1.2352664
465,ANKRD49,0.851439,3.613164
466,ANKRD50,5.9963593,2.8468432
467,ANKRD52,6.1071453,-2.1502173
468,ANKRD54,6.104279,5.8184114
469,ANKRD55,-0.5540537,1.7015587
470,ANKRD6,4.6297545,-0.7572073
471,ANKRD61,2.24903,2.0907116
472,ANKRD62,1.8875179,3.9921148
473,ANKRD63,6.649623,-2.2216656
474,ANKRD65,2.51868,1.3049198
475,ANKRD7,1.2154937,1.9420719
476,ANKS1A,3.9914227,4.3266845
477,ANKS1B,3.7153804,3.7159245
478,ANKS3,2.889122,4.0025268
479,ANKS4B,3.7680042,3.1002853
480,ANKS6,2.585779,1.6183594
481,ANKZF1,3.1570106,4.232475
482,ANLN,-0.006248012,3.82987
483,ANO1,8.917893,1.7627059
484,ANO10,8.451126,0.8748919
485,ANO2,6.9459605,4.100231
486,ANO6,7.3511257,1.9886527
487,ANO9,5.273098,-0.34043136
488,ANP32B,1.2955877,1.2236001
489,ANPEP,2.7354288,0.37520313
490,ANTKMT,7.4356575,1.7938159
491,ANTXR1,5.41129,2.322854
492,ANXA1,7.375972,4.1291704
493,ANXA10,5.636872,1.9408131
494,ANXA11,2.980132,3.6778295
495,ANXA13,5.516117,2.120363
496,ANXA2,5.065625,-0.13294609
497,ANXA2R,3.864963,2.556935
498,ANXA3,7.0831833,2.4153788
499,ANXA4,7.9022174,3.7106807
500,ANXA5,3.0460129,0.98950696
501,ANXA6,7.105224,2.2076087
502,ANXA9,7.4440966,3.1317773
503,AOAH,5.881479,0.51736975
504,AOC3,6.27798,2.256471
505,AOPEP,3.5657048,2.2380793
506,AP1AR,4.503411,0.5752248
507,AP1B1,6.685329,0.44364807
508,AP1G1,5.972566,0.8110165
509,AP1M2,3.7018595,1.0681409
510,AP1S3,4.715025,-0.1297317
511,AP2A1,7.7713523,0.8492743
512,AP2A2,7.397235,0.7975702
513,AP2B1,7.5042906,0.71304053
514,AP2M1,8.24784,1.3190235
515,AP3B1,1.9861635,2.6328237
516,AP3B2,4.193979,1.7264509
517,AP3D1,9.022438,3.9143581
518,AP4B1,6.0255804,0.55097514
519,AP4S1,6.009726,-0.7918375
520,AP5B1,2.1067564,1.117923
521,AP5S1,4.6486487,2.589928
522,AP5Z1,-0.59066,2.9646373
523,APAF1,2.847032,4.1245008
524,APBA1,4.5750747,0.119518995
525,APBA2,5.7960176,1.545064
526,APBA3,5.8991995,2.5289319
527,APBB1,6.8260365,3.2725475
528,APBB1IP,4.7382708,2.62641
529,APBB2,6.8795557,-3.059998
530,APBB3,5.100269,1.4285084
531,APC,8.188096,1.0926163
532,APC2,7.5916853,2.6064901
533,APCDD1L,6.7483153,-2.4540634
534,APEH,6.4369802,1.5483415
535,APEX1,1.3415062,3.6702108
536,APEX2,0.4085732,-0.31486824
537,API5,-0.22661297,3.1841476
538,APIP,2.847985,3.5972779
539,APLF,-0.81016165,3.4695997
540,APLP1,5.974882,3.6367538
541,APLP2,5.166941,0.61128056
542,APMAP,8.65338,1.5086744
543,APOA1,5.313784,-1.1279359
544,APOA4,6.891885,1.9296134
545,APOB,5.764003,-0.16744718
546,APOBEC2,0.32888415,2.7790477
547,APOBEC3C,7.1428537,-0.024900448
548,APOBEC3H,2.744335,2.3935466
549,APOC3,1.721624,2.4234004
550,APOD,7.8926506,2.0869174
551,APOE,4.5675416,-1.4912577
552,APOH,3.6179447,-0.043668974
553,APOL4,4.31459,-1.5438745
554,APOL6,2.3731604,2.7728195
555,APOLD1,3.7797987,3.8754878
556,APOM,4.506327,0.032628376
557,APOO,7.135831,-2.050392
558,APOOL,6.3597193,-2.2130623
559,APP,5.445178,0.90800005
560,APPBP2,2.3748827,1.6249392
561,APPL1,8.45931,1.9807774
562,APPL2,6.0903707,1.5525124
563,APRT,4.10654,3.3238404
564,APTX,-0.2728739,4.098978
565,AQP10,7.0316525,1.5022771
566,AQP11,8.137867,2.5940082
567,AQP3,8.971959,1.5716767
568,AQP4,2.7287285,0.35716355
569,AQP5,6.028875,3.2192123
570,AQR,0.9578664,2.0853715
571,AR,9.37725,4.3689213
572,ARAF,3.7418947,2.203551
573,ARAP1,6.031121,3.066125
574,ARAP2,8.540053,1.7821326
575,ARC,7.980201,3.7554135
576,ARCN1,5.732294,0.8332652
577,AREG,6.396139,-1.7012056
578,ARF1,6.8218064,3.5059268
579,ARF6,4.772437,2.7517743
580,ARFGAP1,6.106086,0.81677604
581,ARFGAP2,6.028303,0.8497971
582,ARFGAP3,5.935981,1.4715781
583,ARFGEF1,4.2819085,0.85244614
584,ARFGEF2,5.293069,0.060128335
585,ARFIP1,4.2819576,1.1034395
586,ARFIP2,4.693913,0.691681
587,ARFRP1,5.077229,-0.034770846
588,ARG2,5.8680086,-1.6570007
589,ARGLU1,0.18389836,3.992994
590,ARHGAP1,5.3823895,0.81947774
591,ARHGAP10,2.1858494,5.216926
592,ARHGAP11A,8.839916,3.437476
593,ARHGAP15,6.917137,2.8180015
594,ARHGAP17,8.196558,3.8951013
595,ARHGAP18,6.360613,4.1092377
596,ARHGAP19,7.8552303,2.7687628
597,ARHGAP20,6.298795,-1.7923131
598,ARHGAP21,8.403271,1.8006341
599,ARHGAP22,5.475518,3.957093
600,ARHGAP23,4.0695987,2.9176311
601,ARHGAP24,6.7257595,1.4987733
602,ARHGAP25,1.5880786,4.7295065
603,ARHGAP26,7.351273,2.3162315
604,ARHGAP27,2.5200908,3.9810207
605,ARHGAP28,4.2985086,3.4072104
606,ARHGAP29,3.1976075,3.971465
607,ARHGAP30,6.292822,0.5464119
608,ARHGAP32,4.254018,1.5065658
609,ARHGAP33,8.930085,2.186074
610,ARHGAP35,2.7250223,0.22912006
611,ARHGAP36,2.1514473,3.1927783
612,ARHGAP39,8.008514,3.6821804
613,ARHGAP4,6.231074,2.4332998
614,ARHGAP40,7.7897425,2.6429856
615,ARHGAP42,3.3490434,3.4923577
616,ARHGAP45,8.478843,1.5657163
617,ARHGAP5,8.253984,-0.2532376
618,ARHGAP6,7.109261,3.8020344
619,ARHGAP9,7.99217,2.9158192
620,ARHGDIA,7.8982606,3.7316093
621,ARHGDIB,5.080964,2.1009421
622,ARHGDIG,7.7384973,3.1286922
623,ARHGEF1,8.037197,3.7874444
624,ARHGEF10,0.3350457,4.544998
625,ARHGEF10L,5.2328815,-0.46530882
626,ARHGEF11,4.3255663,3.2626824
627,ARHGEF12,6.515218,3.5690186
628,ARHGEF15,7.878305,2.0166824
629,ARHGEF17,6.4890084,1.986244
630,ARHGEF18,6.9676695,2.3008654
631,ARHGEF19,1.4809304,1.2078214
632,ARHGEF26,5.18802,4.0543146
633,ARHGEF28,6.1544576,5.788447
634,ARHGEF3,6.4430513,1.9439036
635,ARHGEF33,5.4801397,0.8532177
636,ARHGEF37,6.724731,1.647566
637,ARHGEF38,2.3440397,1.7144403
638,ARHGEF40,6.0337567,3.7811868
639,ARHGEF5,6.000212,3.59528
640,ARHGEF6,8.059905,3.819597
641,ARHGEF9,8.430432,3.2469103
642,ARID1A,-0.07910606,3.7560878
643,ARID1B,0.44040644,3.5140626
644,ARID2,1.3606567,2.1261194
645,ARID3A,0.7858724,3.8904321
646,ARID3B,-0.0088528395,3.8130317
647,ARID4A,2.2844558,3.7501175
648,ARID4B,6.1191907,-1.986643
649,ARID5A,0.6185348,3.3380883
650,ARID5B,6.183723,2.3824704
651,ARIH1,0.116068505,3.5877085
652,ARIH2,1.0078223,2.1336637
653,ARL1,4.589931,-0.4205183
654,ARL11,6.4484973,0.48449048
655,ARL13A,8.130449,2.1841128
656,ARL13B,6.2918262,6.018872
657,ARL14EP,5.29589,2.9362867
658,ARL15,5.731254,1.2270347
659,ARL17A,1.0948259,2.6891375
660,ARL2,2.4739072,3.9255006
661,ARL2BP,2.8312824,3.0652869
662,ARL3,3.1117013,2.2987921
663,ARL4A,3.295352,2.6736174
664,ARL4C,7.0248775,2.4962177
665,ARL4D,5.2583933,-0.38676348
666,ARL6,6.460433,3.5786037
667,ARL6IP4,5.685527,-2.6381063
668,ARL6IP5,7.9979777,-0.28083864
669,ARL6IP6,1.9076253,5.5884905
670,ARL9,7.7302585,2.869422
671,ARMC1,6.6043954,-2.1607203
672,ARMC10,7.001541,-2.9226701
673,ARMC12,3.6834679,2.3186042
674,ARMC2,2.1683679,0.7477503
675,ARMC5,3.484257,2.7086627
676,ARMC6,6.6959896,3.00911
677,ARMC7,6.4128723,0.39395353
678,ARMC8,3.3815823,4.124576
679,ARMCX1,6.052294,-1.4425515
680,ARMCX2,6.927752,-2.9637356
681,ARMCX3,2.3837268,2.686567
682,ARMCX4,2.9065592,1.9775901
683,ARMCX5,3.7773685,3.097278
684,ARMCX6,5.0856156,1.8007418
685,ARMH1,4.343211,-0.4448603
686,ARMH3,5.4213886,-0.37229967
687,ARMH4,7.711582,3.380047
688,ARMT1,2.5584779,3.8384702
689,ARNT,2.1627543,2.8724077
690,ARNT2,2.0953624,1.2596841
691,ARPC1B,8.069654,3.2740302
692,ARPC2,2.2273903,1.579091
693,ARPC3,-0.11774557,4.0130186
694,ARPC5,6.6121297,1.293899
695,ARPP21,1.2704178,-0.4926426
696,ARR3,4.1772413,0.38274255
697,ARRB1,-0.21858884,3.0717852
698,ARRB2,7.431539,1.4310832
699,ARRDC2,1.6714054,1.6258377
700,ARRDC4,8.908394,1.9814597
701,ARSA,4.2615895,0.89378744
702,ARSB,4.24729,-0.04524371
703,ARSD,4.8892646,-0.678195
704,ARSF,5.61246,2.7936883
705,ARSI,4.5779843,0.0052800886
706,ARSJ,8.425705,1.167943
707,ARSK,4.6215196,1.7146038
708,ARSL,4.851108,-0.5380607
709,ART4,4.784947,0.49625918
710,ARV1,4.8288198,-0.6430311
711,ARVCF,8.415372,1.232994
712,AS3MT,6.405721,-1.9677125
713,ASAP1,5.187033,2.1498141
714,ASAP2,8.151027,3.6009257
715,ASAP3,2.3761454,2.749622
716,ASB1,3.0047016,2.092872
717,ASB13,4.1722035,1.1963279
718,ASB16,8.6509495,1.3095138
719,ASB18,6.4466186,-2.470719
720,ASB2,0.58774316,-0.16980867
721,ASB5,9.122996,1.5435979
722,ASB7,5.4545913,1.343665
723,ASCC1,2.0719802,1.2417594
724,ASCC2,5.5653243,2.7481568
725,ASCC3,7.140619,2.7282145
726,ASCL1,3.125559,3.4852042
727,ASF1A,0.30839455,3.6679764
728,ASF1B,1.0322521,2.4457972
729,ASGR1,6.998935,0.89278686
730,ASGR2,1.1447154,2.073223
731,ASH1L,3.8914337,0.14761455
732,ASH2L,1.0720628,2.9091933
733,ASIC1,6.0186586,1.8908515
734,ASIC3,5.4240375,-0.20501065
735,ASIC4,5.319719,0.42027792
736,ASIP,5.217595,-0.6401934
737,ASL,7.0364156,2.6830945
738,ASMTL,6.4784827,3.0545063
739,ASNS,7.5478067,3.9835265
740,ASPA,8.652985,3.3748527
741,ASPDH,3.9453666,3.559885
742,ASPH,8.513976,-0.5769742
743,ASPM,7.0937304,3.4804184
744,ASPN,1.7958698,2.120927
745,ASPRV1,5.445692,0.28712082
746,ASPSCR1,3.7978184,3.8559496
747,ASRGL1,6.4169044,6.582468
748,ASS1,5.5481453,2.5637164
749,ASTE1,8.2172365,-0.821613
750,ASTN1,4.313108,-0.7840085
751,ASTN2,7.1419716,3.6253302
752,ASXL1,0.28248495,0.20322438
753,ASXL2,2.7719312,2.0911303
754,ASZ1,6.6661267,3.6359491
755,ATAD1,0.6554233,-1.0489281
756,ATAD2,-0.38551515,4.0056853
757,ATAD2B,1.0785577,2.9920163
758,ATAD5,3.3826466,3.5910482
759,ATAT1,6.5931325,1.4627552
760,ATE1,2.3976827,1.7314354
761,ATF1,-0.49753818,3.2397482
762,ATF2,0.123709,3.4307816
763,ATF3,0.06488431,-0.00779532
764,ATF4,0.012736412,3.254133
765,ATF5,2.0926297,2.911789
766,ATF6B,0.5373328,0.614099
767,ATF7IP,1.4200535,3.2286327
768,ATG10,2.1324928,1.0575315
769,ATG12,2.8679748,2.6227717
770,ATG13,7.1481447,2.8882089
771,ATG16L1,6.5385003,2.5837307
772,ATG16L2,0.9024841,2.0963585
773,ATG2A,5.902245,2.3116934
774,ATG3,7.6734586,4.4590707
775,ATG4A,6.498969,6.53283
776,ATG4B,4.118147,3.64417
777,ATG4C,4.052494,3.475707
778,ATG4D,6.030144,-2.2336257
779,ATG5,7.657182,2.4102817
780,ATG7,6.308809,3.2415833
781,ATG9A,5.210034,-0.09811769
782,ATIC,6.621863,3.5413816
783,ATL2,7.8614902,0.18569651
784,ATL3,6.433346,2.407519
785,ATM,1.8523047,1.7693489
786,ATMIN,3.5016062,0.1832703
787,ATN1,-0.12705302,3.6347656
788,ATOH1,2.8491886,1.8126998
789,ATOH8,0.47706708,2.2258086
790,ATOSA,1.2159144,1.3717142
791,ATOSB,1.9564378,2.5821166
792,ATOX1,2.6288571,3.1097426
793,ATP10D,4.9712853,3.7017646
794,ATP11A,6.147121,-0.89157456
795,ATP11B,4.473326,0.9638219
796,ATP12A,6.360515,1.3237507
797,ATP13A1,4.518498,0.6028932
798,ATP13A3,0.582223,-0.85595876
799,ATP13A5,7.024354,4.4290648
800,ATP1B3,8.347355,1.6807016
801,ATP23,8.103991,1.8616971
802,ATP2A1,8.597764,-0.70610255
803,ATP2B1,7.7809677,2.0590808
804,ATP2B4,8.884023,2.135802
805,ATP2C1,4.7045074,0.7092878
806,ATP2C2,6.841886,2.2134905
807,ATP4B,4.792194,2.1470814
808,ATP5F1A,6.649942,-1.9136903
809,ATP5F1B,7.0110908,-1.923826
810,ATP5IF1,7.257771,-3.5737484
811,ATP5ME,7.2489896,-3.5875797
812,ATP5MF,7.2110753,-3.486187
813,ATP5MJ,7.10149,-3.1652555
814,ATP5MK,6.914752,-2.858311
815,ATP5PB,6.2305937,-2.2237823
816,ATP5PD,6.4681993,-2.6576219
817,ATP5PF,6.937031,-1.9525439
818,ATP5PO,7.234722,-3.41039
819,ATP6V0A1,4.7545204,0.6195538
820,ATP6V0A2,7.2218623,2.5884578
821,ATP6V0A4,7.424573,2.1659524
822,ATP6V0B,6.608084,1.3477256
823,ATP6V0C,6.751166,0.47098425
824,ATP6V0D2,5.467237,-0.69183666
825,ATP6V1A,4.882551,2.466436
826,ATP6V1B1,1.9474889,5.3265843
827,ATP6V1B2,6.920302,-2.0811226
828,ATP6V1C1,3.3709676,4.3843074
829,ATP6V1C2,6.7957053,-2.4815965
830,ATP6V1D,5.883921,2.2642322
831,ATP6V1G1,0.6575272,1.9368236
832,ATP6V1H,8.555697,1.6083959
833,ATP7A,4.612102,-0.2292723
834,ATP7B,4.542864,0.10845904
835,ATP8A1,8.583203,3.2560866
836,ATP8A2,5.8242507,3.451514
837,ATP8B1,6.6383405,2.4893322
838,ATP8B2,7.572474,2.5163522
839,ATP8B4,2.9750416,3.3573895
840,ATPAF1,6.301488,-1.0836556
841,ATPAF2,8.413485,3.2262397
842,ATPSCKMT,0.7602128,-0.41031963
843,ATR,1.5186979,2.604208
844,ATRIP,0.9293555,3.892873
845,ATRN,5.9986897,1.9090025
846,ATRNL1,5.8928885,-1.6472282
847,ATRX,-0.9293081,2.704816
848,ATXN1,3.0105765,3.632411
849,ATXN10,7.227023,3.4106348
850,ATXN1L,0.37017298,3.6272345
851,ATXN2,9.091982,4.114849
852,ATXN2L,9.103171,4.167943
853,ATXN3,0.9550717,1.1363689
854,ATXN7,3.7676964,3.8699224
855,ATXN7L1,5.573745,2.8676004
856,ATXN7L2,0.52042687,-0.83555526
857,ATXN7L3,-0.578682,1.7064816
858,ATXN7L3B,1.3822094,4.312846
859,AUNIP,5.5235147,-0.26190808
860,AUP1,8.303963,-0.60366434
861,AURKA,1.1773646,3.1315794
862,AURKAIP1,5.8780847,-2.349726
863,AURKB,0.7605007,2.985568
864,AUTS2,1.876923,3.5199108
865,AVEN,8.846876,2.2932642
866,AVL9,7.887597,-0.55143064
867,AVPI1,3.558089,1.818039
868,AXIN1,0.029439397,-0.7724878
869,AXIN2,6.607275,3.8079062
870,AXL,7.490811,4.0632367
871,AZGP1,1.9706255,2.2800505
872,AZIN1,4.374875,-0.30669257
873,AZIN2,7.359969,2.9601068
874,AZU1,5.2951326,-0.2969213
875,B2M,8.162663,2.262091
876,B3GALNT1,6.4445386,1.1506944
877,B3GALNT2,5.3874674,0.4799761
878,B3GALT2,7.7968063,4.440521
879,B3GAT1,5.1419396,-0.46661964
880,B3GNT2,6.1584496,0.004331672
881,B3GNT4,6.535207,-2.3814144
882,B3GNT5,2.1459117,-0.2563221
883,B3GNT7,5.191705,0.91305417
884,B3GNT9,0.56813866,-0.8577276
885,B3GNTL1,1.2388113,-0.39636627
886,B4GALNT3,4.5290446,0.96295756
887,B4GALNT4,3.5571353,3.6953871
888,B4GALT1,4.342208,0.048143916
889,B4GALT2,2.744496,1.2654
890,B4GALT3,6.0878043,1.5546453
891,B4GALT4,4.2247667,-0.613185
892,B4GALT5,4.949615,-0.6327255
893,BAALC,3.8060155,3.0634205
894,BAAT,8.839099,3.5171554
895,BABAM1,2.3598566,1.8613535
896,BABAM2,6.4829597,1.286853
897,BACE1,9.022101,2.2442245
898,BACH1,0.048222452,3.923143
899,BACH2,2.5922163,2.161586
900,BAD,6.892971,-2.1009624
901,BAG1,2.8648903,3.7127075
902,BAG2,6.632635,1.8531986
903,BAG3,6.8209176,4.4038277
904,BAG5,5.006906,3.0032752
905,BAG6,3.5843332,3.9735615
906,BAHCC1,0.35667127,-0.53465956
907,BAHD1,1.9586452,1.6235402
908,BAIAP2,8.17322,2.2367537
909,BAIAP2L1,8.029574,2.4040315
910,BAMBI,4.7516065,-0.3920728
911,BANF1,3.3095653,3.0557203
912,BANK1,4.4909782,4.21173
913,BANP,0.64837265,3.3024065
914,BAP1,3.148005,3.7118852
915,BARD1,-0.60416734,1.7408122
916,BARX1,0.26425332,3.0795314
917,BARX2,4.9581814,2.916554
918,BASP1,8.936053,1.5653783
919,BATF,0.76389676,1.8746206
920,BATF2,-0.09832403,-1.080952
921,BATF3,0.45947367,-0.79254776
922,BAZ1B,0.64163136,2.9820316
923,BAZ2A,0.30925536,3.9974265
924,BAZ2B,2.5451224,3.736008
925,BBC3,6.7333493,1.0462929
926,BBLN,6.2661633,5.740788
927,BBOF1,2.5779498,3.3575351
928,BBOX1,6.986202,1.0962169
929,BBS2,5.135335,0.16139278
930,BBS4,8.48909,3.0392313
931,BBX,2.3214378,3.946779
932,BCAM,0.39788258,-0.99328536
933,BCAP31,8.595234,-0.7373047
934,BCAR1,8.114263,4.0721173
935,BCAR3,7.24331,2.6487315
936,BCAS1,7.1956153,-3.3340917
937,BCAS2,-0.13215485,1.9139086
938,BCAS3,1.3422201,-0.4356704
939,BCAS4,6.8798265,3.6468165
940,BCAT2,5.36537,1.7581769
941,BCCIP,3.3495233,2.93484
942,BCDIN3D,5.8007536,2.7154934
943,BCKDHB,6.2033067,-2.9015768
944,BCKDK,7.103908,-3.0056307
945,BCL11A,0.28102967,1.9969515
946,BCL11B,0.6032329,3.839241
947,BCL2,6.055811,-1.8273122
948,BCL2L1,6.6709504,-1.799856
949,BCL2L11,6.859671,-1.7863629
950,BCL2L12,7.3307843,1.0916173
951,BCL2L13,6.819033,-1.8156307
952,BCL2L14,6.588944,0.35434175
953,BCL3,2.9120767,4.403761
954,BCL6,3.0381718,2.6784158
955,BCL6B,2.4507406,3.645381
956,BCL7A,0.6395289,4.1022162
957,BCL7B,0.115672745,2.973755
958,BCL7C,0.23395582,3.5738862
959,BCL9,-0.97379184,3.139018
960,BCL9L,-0.061905257,3.5353084
961,BCLAF1,-1.2273782,3.5775611
962,BCLAF3,0.37308514,2.8490326
963,BCO1,4.230585,2.994055
964,BCOR,2.429403,3.3955917
965,BCORL1,3.4078455,3.9456441
966,BCR,5.1026726,3.6197636
967,BDH1,6.103149,-2.4503033
968,BDH2,8.620343,3.328526
969,BDKRB2,6.084534,0.58176905
970,BDP1,2.4055862,3.1054263
971,BEAN1,1.3242868,3.4060404
972,BECN1,7.593995,3.198825
973,BEGAIN,2.539606,3.5225317
974,BEND3,0.49181044,1.9683102
975,BEND4,0.6521914,-0.55029523
976,BEND5,2.9182503,3.1801767
977,BEND6,5.7986135,4.2197394
978,BEND7,0.62037504,-0.14873515
979,BET1L,4.071712,0.8672119
980,BEX3,7.5924625,-0.5549031
981,BEX4,3.7207491,3.1366174
982,BFSP1,8.170705,2.0420458
983,BFSP2,7.154104,1.8093238
984,BGN,7.751447,-0.38939488
985,BHLHA15,4.1996994,1.4546648
986,BHLHE22,1.0533755,2.6743174
987,BHLHE40,2.7952926,1.7748082
988,BHLHE41,2.202246,1.5573182
989,BHMT,7.806192,3.7459044
990,BICC1,6.5318737,1.7445136
991,BICD1,5.7322335,0.8972404
992,BICD2,7.698239,3.2759283
993,BICDL1,3.9473815,3.9914336
994,BICDL2,8.100869,4.35305
995,BICRA,-0.8158232,4.1826854
996,BICRAL,1.9864564,3.4468784
997,BID,5.863676,2.9109511
998,BIN1,6.791795,2.2639756
999,BIN2,7.7348385,3.6946933
1000,BIRC2,6.625257,2.6222703
1001,BIRC3,5.3774347,1.0175986
1002,BIRC5,4.146944,0.07846504
1003,BIRC6,5.7935934,0.6037224
1004,BIRC7,4.0600696,1.7529722
1005,BLCAP,0.46296847,-0.68642396
1006,BLK,-0.591708,3.6617222
1007,BLM,2.793925,3.2567713
1008,BLMH,4.4397182,2.9428182
1009,BLNK,7.090846,3.3398314
1010,BLOC1S3,4.148536,0.08308868
1011,BLOC1S4,7.8161335,-0.7184979
1012,BLOC1S5,5.3577538,-0.15052453
1013,BLTP1,2.2558794,2.925023
1014,BLTP2,2.9973578,2.7713675
1015,BLTP3A,2.227843,5.189099
1016,BLTP3B,4.6181383,2.7218685
1017,BLVRA,6.584893,3.0437007
1018,BLVRB,6.9970274,4.143814
1019,BLZF1,4.1812077,0.91575557
1020,BMAL1,4.003098,2.012784
1021,BMAL2,0.84721226,-0.42380396
1022,BMERB1,6.490513,3.3064647
1023,BMF,-0.24488527,3.5634882
1024,BMP2,5.2730374,-0.102115564
1025,BMP2K,2.6292245,2.815902
1026,BMP6,6.508963,-1.8085216
1027,BMP7,1.8474883,0.77737683
1028,BMPR1A,5.611967,1.5292054
1029,BMPR2,4.284939,2.891959
1030,BMS1,0.10946081,0.05058317
1031,BMT2,6.7215514,2.0405962
1032,BMX,5.534434,3.7830656
1033,BNC1,-0.326956,2.8624535
1034,BNC2,2.0855658,1.71009
1035,BNIP1,8.133738,-0.3277325
1036,BNIP2,5.5035434,0.7640568
1037,BNIP3L,5.8397045,-1.7356471
1038,BNIP5,6.750982,3.232616
1039,BNIPL,5.804897,2.620393
1040,BOC,3.6125894,3.6850622
1041,BOD1L1,-0.038839713,3.3264127
1042,BOLA2B,2.718834,2.1812277
1043,BOLA3,6.6691055,0.67407787
1044,BOP1,-0.21946496,-0.4983339
1045,BORA,1.2474666,0.20509043
1046,BORCS5,5.0835466,2.0729654
1047,BORCS6,5.299201,0.40645576
1048,BORCS7,7.643504,2.950735
1049,BORCS8,4.0851192,0.91313165
1050,BPGM,0.13324995,-0.866053
1051,BPHL,7.0069547,-2.8922718
1052,BPIFB2,4.6120796,-1.4227163
1053,BPIFB4,6.0995793,1.205248
1054,BPNT1,-0.60011286,2.9845326
1055,BPNT2,2.4630163,2.8342333
1056,BPTF,1.3938876,2.2299154
1057,BRAF,8.200654,3.615616
1058,BRAP,6.54401,1.4636962
1059,BRAT1,1.9450853,3.9245677
1060,BRCA1,1.3678622,1.6645342
1061,BRCA2,3.70629,3.4173214
1062,BRCC3,3.0278015,3.6525083
1063,BRD1,-0.61795026,1.7056898
1064,BRD2,0.81897414,3.8218575
1065,BRD3,-0.32146922,3.285787
1066,BRD4,-1.3679835,3.841171
1067,BRD7,5.341826,3.840298
1068,BRD8,0.5551503,3.3632145
1069,BRD9,0.43216822,3.6606216
1070,BRF1,-0.22105539,3.24621
1071,BRF2,0.38386473,-1.0216081
1072,BRI3BP,1.1105334,3.864525
1073,BRICD5,8.620536,1.2207122
1074,BRINP1,6.364015,6.3499446
1075,BRIP1,1.567393,4.922203
1076,BRIX1,0.0895338,-0.8525993
1077,BRK1,3.1826766,2.985265
1078,BRME1,-0.7594048,3.671606
1079,BRMS1,3.3824801,0.26945025
1080,BRMS1L,3.7616103,3.7448826
1081,BROX,4.6741195,2.5993407
1082,BRPF1,7.862981,4.273471
1083,BRPF3,2.008546,2.6074638
1084,BRSK1,0.6676085,3.436407
1085,BRSK2,4.162845,0.28237483
1086,BRWD1,1.2309409,-0.1516278
1087,BRWD3,3.3623118,3.4744868
1088,BSDC1,4.642521,1.4479486
1089,BSG,3.6503603,-0.171363
1090,BSPRY,3.0034263,2.7587295
1091,BST2,5.054696,-1.1007999
1092,BTAF1,2.5017402,1.25211
1093,BTBD1,3.2867687,0.57285994
1094,BTBD10,-0.013219148,0.32920697
1095,BTBD16,0.44593552,-0.6985037
1096,BTBD18,4.390085,3.7943227
1097,BTBD19,6.708041,0.7448999
1098,BTBD3,6.2115035,0.09487334
1099,BTBD6,1.6713676,2.8821933
1100,BTBD7,8.765577,1.269537
1101,BTBD8,1.0125316,2.0201058
1102,BTBD9,2.5140827,2.4873545
1103,BTF3,9.567161,4.505305
1104,BTF3L4,3.9107401,4.1940227
1105,BTG1,3.1556158,3.0428035
1106,BTG2,3.061762,1.7385067
1107,BTG4,6.502638,1.3261945
1108,BTK,8.209647,3.8666008
1109,BTN2A1,7.6003833,2.3856912
1110,BTN2A2,6.5727453,-2.1124156
1111,BTN3A1,7.0383515,-2.2774556
1112,BTNL9,1.9705324,5.475387
1113,BTRC,4.5408587,3.2488854
1114,BUB1,3.132135,2.8339698
1115,BUB1B,7.3366585,2.2915854
1116,BUB3,-0.8880067,4.2772503
1117,BUD13,-0.21194081,3.6132898
1118,BUD23,1.3404169,3.7171192
1119,BUD31,5.6231995,5.5568023
1120,BVES,8.515314,0.89772135
1121,BYSL,0.21275453,-0.3377488
1122,BZW1,4.308222,-1.5399579
1123,BZW2,9.043097,2.235429
1124,C10orf62,6.255745,3.4449818
1125,C10orf67,6.2185717,5.913595
1126,C10orf71,0.8671099,3.9291368
1127,C10orf82,6.879031,-2.3355436
1128,C10orf90,7.3860373,3.9925468
1129,C11orf1,1.1670859,1.7662327
1130,C11orf16,6.0006585,2.2200081
1131,C11orf21,2.481909,2.8322618
1132,C11orf24,2.7159624,2.1330001
1133,C11orf42,8.52078,1.8261203
1134,C11orf52,8.121841,1.3870703
1135,C11orf54,1.6359334,1.9196709
1136,C11orf58,8.555362,-0.5735064
1137,C11orf68,1.0261747,3.9277773
1138,C11orf71,0.6138928,3.8578024
1139,C11orf80,4.988251,1.0963606
1140,C11orf91,8.056691,0.7352062
1141,C11orf96,3.5726624,2.493666
1142,C12orf29,4.1052475,-0.5553116
1143,C12orf4,2.6250856,1.1226875
1144,C12orf40,4.3275614,0.6752261
1145,C12orf43,0.41889125,-0.94119555
1146,C12orf57,-0.6180925,1.8340622
1147,C12orf60,7.6091137,3.1159751
1148,C12orf71,5.0736456,2.135441
1149,C12orf73,6.523678,-1.9374181
1150,C12orf75,8.849183,1.3999281
1151,C14orf119,7.1867924,-1.4140189
1152,C14orf28,6.132066,2.5529962
1153,C14orf39,0.14876018,0.122101195
1154,C14orf93,2.8633304,4.090013
1155,C15orf39,7.0913763,3.014577
1156,C15orf40,4.013919,1.505959
1157,C15orf61,5.5755653,2.9569552
1158,C16orf46,4.237147,3.5276778
1159,C16orf74,8.848802,2.3783662
1160,C16orf87,-0.38526076,3.822624
1161,C16orf95,6.9638467,1.1641015
1162,C16orf96,6.203764,1.2610304
1163,C17orf100,3.1450603,3.3052182
1164,C17orf107,1.0358578,1.7487667
1165,C17orf50,0.18173221,2.1793737
1166,C17orf58,6.8063555,1.824855
1167,C17orf75,7.4775634,3.0783167
1168,C17orf80,6.6274214,-1.4675714
1169,C17orf97,1.1343884,-0.51207507
1170,C17orf98,6.4560814,2.197675
1171,C18orf21,0.9504642,-0.7278973
1172,C18orf25,3.63934,3.9015324
1173,C18orf32,3.0032437,1.0050882
1174,C18orf54,0.21251653,2.594634
1175,C18orf63,7.224748,-3.3755958
1176,C19orf12,7.3852096,1.2431769
1177,C19orf18,3.755968,-0.293774
1178,C19orf25,1.2759662,1.6369064
1179,C19orf33,5.6568837,4.27747
1180,C19orf38,7.672833,4.4145546
1181,C19orf44,1.3169091,1.089488
1182,C19orf47,1.7647287,2.2991197
1183,C19orf53,-0.100092165,-0.66022974
1184,C19orf54,5.9102497,1.8987535
1185,C19orf67,5.6417313,3.4901626
1186,C19orf73,3.6884062,2.4571767
1187,C19orf81,4.6553445,0.009101636
1188,C19orf84,4.859522,-1.0692867
1189,C1D,-0.25372723,-0.59688103
1190,C1GALT1,5.4785337,2.7186687
1191,C1GALT1C1,4.44913,-1.3066357
1192,C1QBP,8.648204,2.0128908
1193,C1QTNF1,3.5266497,3.2552433
1194,C1QTNF12,5.8593764,-0.26943398
1195,C1QTNF2,4.9760895,1.5341086
1196,C1QTNF3,6.7083864,-1.6321294
1197,C1QTNF4,4.4065595,0.98087054
1198,C1QTNF6,2.3861556,1.643435
1199,C1QTNF7,5.5698223,-0.45529738
1200,C1R,5.3631506,3.1783555
1201,C1S,1.0571613,2.2902782
1202,C1orf100,2.7228994,2.9937065
1203,C1orf105,4.106003,0.6953499
1204,C1orf109,4.8084126,2.9497104
1205,C1orf112,6.3026395,-2.042179
1206,C1orf116,5.0572095,2.8850715
1207,C1orf127,-0.12124108,1.6921241
1208,C1orf141,3.8986926,1.2476528
1209,C1orf146,4.5263333,0.98018533
1210,C1orf159,5.9466953,-1.6867934
1211,C1orf162,2.543837,3.1260595
1212,C1orf174,1.6898355,4.021766
1213,C1orf198,7.9298973,0.13473377
1214,C1orf21,5.0924,3.5625882
1215,C1orf210,-0.47495684,-1.1231635
1216,C1orf216,4.538781,2.9688365
1217,C1orf35,6.3553557,3.9582522
1218,C1orf43,6.7706676,-1.6742738
1219,C1orf52,-0.17031029,3.7182765
1220,C1orf53,4.3874207,0.45905322
1221,C1orf54,7.4115915,3.1754773
1222,C1orf68,8.303966,1.0428712
1223,C1orf74,7.341733,1.5072001
1224,C1orf94,2.2750514,3.7863548
1225,C20orf173,1.7665422,3.3037438
1226,C20orf27,3.9847999,2.7153819
1227,C20orf96,3.3403313,0.5056545
1228,C21orf58,1.864592,1.8699316
1229,C21orf91,6.439415,6.604375
1230,C22orf23,5.2613997,-0.19921556
1231,C22orf31,5.8973613,4.063587
1232,C22orf39,7.9241915,2.8816116
1233,C2CD2,2.742956,2.6459804
1234,C2CD2L,4.6716456,0.3443209
1235,C2CD3,1.698021,1.9192334
1236,C2CD4A,-0.0050519574,0.5993185
1237,C2CD4C,6.6439195,0.99297285
1238,C2CD5,6.947932,1.8698823
1239,C2orf16,-0.81732404,2.5238774
1240,C2orf42,2.1406934,1.6476098
1241,C2orf49,0.5990934,3.5877895
1242,C2orf50,5.50533,1.4287626
1243,C2orf66,6.287528,3.88935
1244,C2orf68,1.6835121,5.2803626
1245,C2orf72,2.3519485,1.7678553
1246,C2orf73,4.145539,3.3462706
1247,C2orf74,2.8759632,1.2923161
1248,C2orf76,5.0262156,2.1507277
1249,C2orf78,0.8405722,4.6059847
1250,C2orf80,4.238829,0.6922693
1251,C2orf81,0.29708874,-0.7409674
1252,C3orf14,7.1277413,3.458986
1253,C3orf18,6.0966077,2.7908108
1254,C3orf20,5.435657,3.3962743
1255,C3orf38,6.9396663,3.240723
1256,C3orf49,5.7263937,1.8300468
1257,C3orf52,2.3052793,2.9062297
1258,C3orf56,3.2820294,2.9206414
1259,C3orf62,-0.8307462,2.970145
1260,C3orf70,5.6842046,0.2996365
1261,C4BPB,3.9588103,1.2272372
1262,C4orf19,8.764975,1.6013501
1263,C4orf3,8.300845,-0.3417238
1264,C4orf33,3.7953665,0.2194394
1265,C4orf46,5.974125,0.9390705
1266,C4orf47,4.836802,-0.24011461
1267,C4orf48,6.9165397,0.92180884
1268,C4orf54,6.173144,1.3205699
1269,C5AR1,4.111499,0.30283302
1270,C5orf15,3.6046426,0.43272334
1271,C5orf22,1.8989714,5.3623037
1272,C5orf24,0.58058447,3.672873
1273,C5orf46,-0.551289,1.6038083
1274,C5orf58,6.6582036,3.5181422
1275,C5orf63,7.140472,-3.3883502
1276,C6orf118,6.848767,-1.910933
1277,C6orf132,5.8516564,1.8896831
1278,C6orf141,1.689779,6.0823603
1279,C6orf163,0.98481786,2.1399457
1280,C6orf226,-1.2453756,3.4212868
1281,C6orf47,8.070673,-0.33255738
1282,C6orf52,-0.5578768,1.6850517
1283,C6orf62,7.356109,2.5329459
1284,C7orf25,2.3731506,1.6229861
1285,C7orf31,5.79577,-2.1158354
1286,C7orf50,0.13136357,0.24382354
1287,C8orf33,3.042934,2.1768212
1288,C8orf34,1.0038892,1.6557816
1289,C8orf48,6.863294,2.1376421
1290,C8orf58,2.7173822,0.8595736
1291,C8orf74,1.1417966,2.7999892
1292,C8orf82,1.6564854,1.3783761
1293,C9orf131,6.819763,-2.6140192
1294,C9orf152,2.8096046,3.8729246
1295,C9orf153,5.6990914,2.2543113
1296,C9orf24,0.25474954,2.146765
1297,C9orf40,5.210553,3.6607933
1298,C9orf43,7.7239604,2.5515049
1299,C9orf64,4.293106,0.65190226
1300,C9orf72,5.7619357,0.2718763
1301,C9orf78,0.8137447,3.8255498
1302,C9orf85,3.9859583,2.0151784
1303,CA10,6.463915,-2.7471316
1304,CA11,6.3959975,6.493013
1305,CA13,0.5603559,-0.109076075
1306,CA14,8.056749,1.825978
1307,CA4,8.473325,3.2366722
1308,CA5B,4.061739,-0.0010605579
1309,CA7,8.268896,3.9850006
1310,CA9,7.7041078,1.5764014
1311,CAAP1,8.707488,0.7218909
1312,CAB39,1.2462587,-0.5086139
1313,CAB39L,5.0274644,-1.3390456
1314,CABCOCO1,3.0966427,2.4868195
1315,CABIN1,4.227127,3.9585295
1316,CABLES1,1.3752736,3.7155614
1317,CABLES2,0.02912822,-1.0473098
1318,CABYR,4.334907,3.9642587
1319,CACFD1,0.99781245,2.125224
1320,CACHD1,2.752332,1.4371256
1321,CACNA1A,8.255841,2.9451988
1322,CACNA1B,5.9152217,-0.9737286
1323,CACNA1D,1.8441674,5.6657023
1324,CACNA1E,7.8902407,3.132231
1325,CACNA1H,1.8155723,3.1294186
1326,CACNA1I,5.5690804,2.397286
1327,CACNA2D2,5.213431,-0.09226997
1328,CACNA2D3,2.4773018,3.175212
1329,CACNB3,4.7622204,-0.5340991
1330,CACNG4,7.103441,0.64630574
1331,CACNG6,1.2923033,-0.71619654
1332,CACTIN,4.333615,3.9232178
1333,CACUL1,0.89254904,1.8487484
1334,CACYBP,6.621522,4.3625073
1335,CAD,7.355004,2.3781824
1336,CADM1,7.9197,0.7930425
1337,CADM4,2.0905337,5.3264623
1338,CADPS,3.5114787,0.7171382
1339,CADPS2,3.2429085,2.6347396
1340,CALB1,5.5018635,-0.62421834
1341,CALB2,6.246195,1.4365914
1342,CALCOCO1,6.8536315,1.8003821
1343,CALCOCO2,6.5048466,1.5716051
1344,CALCR,4.9583035,0.81869453
1345,CALCRL,7.736252,1.2213296
1346,CALD1,8.775093,2.1590278
1347,CALHM2,6.197949,-2.0056353
1348,CALHM4,9.0461235,4.0205145
1349,CALHM5,5.6741767,1.3666346
1350,CALM1,5.530736,0.7690787
1351,CALML4,4.1919007,1.0677385
1352,CALML5,7.1164346,4.077011
1353,CALN1,5.2969,-0.054031238
1354,CALR,8.545224,-0.5410663
1355,CALU,8.500679,-0.7165377
1356,CAMK1,6.841398,0.9276657
1357,CAMK1D,6.167681,2.0729053
1358,CAMK2G,6.6383953,3.7551215
1359,CAMK4,2.4949996,4.033155
1360,CAMKK1,8.334655,4.420761
1361,CAMKK2,8.891624,3.9816027
1362,CAMKMT,0.6951596,1.6408657
1363,CAMKV,2.4892392,2.652473
1364,CAMLG,4.419895,-0.51655877
1365,CAMSAP1,8.0089035,3.3881314
1366,CAMSAP2,6.807157,2.2600467
1367,CAMTA1,7.2347107,2.8146744
1368,CAMTA2,1.9448172,2.9341795
1369,CAND1,4.1938224,1.947688
1370,CAND2,6.32595,2.2617795
1371,CANT1,3.4568982,0.4952519
1372,CANX,8.567066,-0.74565274
1373,CAP1,6.7565436,1.6392407
1374,CAP2,6.247072,4.21706
1375,CAPG,-0.029163621,3.6966572
1376,CAPN1,6.8487587,3.600774
1377,CAPN10,7.0371466,-1.8383173
1378,CAPN12,2.7139,2.597422
1379,CAPN13,3.3149588,4.3655825
1380,CAPN15,0.89453024,1.7361035
1381,CAPN2,6.6863484,2.9120946
1382,CAPN5,1.6816809,2.45015
1383,CAPN6,5.381944,0.67148185
1384,CAPN7,7.0373645,2.7374663
1385,CAPN8,2.071798,4.6879907
1386,CAPN9,4.6850157,0.59774756
1387,CAPNS1,4.6387405,3.5205703
1388,CAPNS2,7.198031,1.7363664
1389,CAPRIN1,8.322933,4.124621
1390,CAPRIN2,5.652708,4.1357546
1391,CAPS,8.5752735,3.1784587
1392,CAPS2,0.02203813,-0.9990254
1393,CAPSL,6.366192,6.514289
1394,CAPZA2,7.09241,2.5747166
1395,CAPZB,3.2344654,3.903932
1396,CARD10,5.5674076,1.8230652
1397,CARD14,6.0230637,1.7023139
1398,CARD16,6.222714,-1.5253422
1399,CARD19,7.0402417,-3.1925776
1400,CARD8,2.6273642,2.7385933
1401,CARF,6.4150076,1.7963985
1402,CARM1,2.417893,2.1589415
1403,CARMIL1,6.75784,3.794931
1404,CARS1,7.9537888,4.261542
1405,CARS2,5.8307204,-2.6796603
1406,CASC3,2.0787878,5.635551
1407,CASD1,2.951681,1.5254003
1408,CASK,4.334611,3.193132
1409,CASKIN1,5.7189236,0.14942895
1410,CASKIN2,8.773199,1.46304
1411,CASP1,5.767404,2.7368333
1412,CASP10,4.9726224,0.14100645
1413,CASP14,6.766524,2.100177
1414,CASP2,7.2216754,1.3503923
1415,CASP3,5.7878804,-2.1476138
1416,CASP4,6.288176,3.791458
1417,CASP6,5.0308666,2.894438
1418,CASP8,6.072588,3.4624221
1419,CASP8AP2,0.83847475,-0.80632937
1420,CASP9,6.2515116,-2.6154017
1421,CASQ1,5.885876,-2.0899985
1422,CAST,7.5313516,4.285219
1423,CASZ1,2.797959,2.8724873
1424,CAT,5.5060234,-0.53024215
1425,CATSPERB,2.757998,0.9567084
1426,CATSPERG,1.3976594,-0.47243476
1427,CATSPERZ,3.8588827,3.4044347
1428,CAV1,4.773219,-0.5895918
1429,CAV2,8.70362,0.74622875
1430,CAV3,8.704771,0.9268322
1431,CAVIN1,8.692554,0.74357
1432,CAVIN2,8.45407,1.1101159
1433,CAVIN3,8.521445,0.97600675
1434,CAVIN4,4.7936473,1.9043776
1435,CBARP,1.7323254,2.8678913
1436,CBFA2T2,-0.5639143,2.9186022
1437,CBFA2T3,1.3505794,1.08466
1438,CBFB,7.0268183,3.4237761
1439,CBL,7.8354373,2.9611216
1440,CBLB,6.367062,2.4926233
1441,CBLC,1.5905948,1.0793985
1442,CBLL1,0.4791302,2.9346402
1443,CBLN3,1.2666736,2.365153
1444,CBR1,3.6097493,2.9047089
1445,CBR3,4.794708,3.0827737
1446,CBS,4.2163434,-0.37957373
1447,CBX1,0.3071095,4.263164
1448,CBX2,0.87954134,2.0109034
1449,CBX3,0.33909884,3.5010972
1450,CBX4,1.107863,2.553669
1451,CBX5,1.3466202,3.8786519
1452,CBX6,1.3407027,3.783822
1453,CBX7,3.7065983,2.3476849
1454,CBX8,0.51663876,2.60836
1455,CBY2,8.218514,1.7015681
1456,CBY3,0.073717035,4.207036
1457,CC2D1A,6.656673,3.1124024
1458,CC2D1B,2.3142276,2.7215717
1459,CC2D2B,0.18171969,-1.0911314
1460,CCAR1,1.1504825,3.674901
1461,CCAR2,-1.2935935,3.8217351
1462,CCBE1,7.1760907,2.2087512
1463,CCDC102A,2.528929,2.5556626
1464,CCDC103,7.585667,2.639615
1465,CCDC106,3.079591,2.7113166
1466,CCDC107,4.295285,3.078249
1467,CCDC110,4.7473383,4.394677
1468,CCDC112,4.97988,3.7250514
1469,CCDC115,7.8982916,2.152085
1470,CCDC117,5.540024,5.373097
1471,CCDC12,-0.71594405,3.5004015
1472,CCDC120,6.313609,-1.4306006
1473,CCDC121,6.7398257,2.9739153
1474,CCDC122,3.5188427,1.2063229
1475,CCDC124,7.8496923,4.5060787
1476,CCDC125,1.9748807,5.2011337
1477,CCDC126,4.794285,0.684988
1478,CCDC127,1.3353575,1.611996
1479,CCDC134,7.672606,0.04017941
1480,CCDC136,6.2583604,2.1431682
1481,CCDC137,-0.07178712,-0.9609761
1482,CCDC138,3.6342387,2.959398
1483,CCDC14,5.062156,-0.220393
1484,CCDC141,1.2589624,3.5597205
1485,CCDC144A,7.309513,1.6950119
1486,CCDC148,1.2030547,1.4249854
1487,CCDC149,0.6997334,-0.5643725
1488,CCDC15,8.652824,2.6329446
1489,CCDC150,1.6920787,1.449787
1490,CCDC152,3.1810975,4.4206204
1491,CCDC153,6.716867,3.1892931
1492,CCDC154,7.1056676,3.6531084
1493,CCDC159,2.933328,2.4657896
1494,CCDC167,7.506004,2.1962202
1495,CCDC168,1.1446067,-0.5586627
1496,CCDC169,1.2796588,2.7307768
1497,CCDC170,4.7451344,-0.069815196
1498,CCDC171,0.29375425,3.739621
1499,CCDC174,-0.29602084,3.1193173
1500,CCDC175,3.0734951,3.23345
1501,CCDC18,2.5680244,2.8739057
1502,CCDC181,-0.42910868,1.6617955
1503,CCDC184,6.164395,0.1447153
1504,CCDC186,5.09665,0.33833084
1505,CCDC188,-0.9423059,3.0965343
1506,CCDC190,6.150321,2.9502213
1507,CCDC191,7.047503,-3.1516538
1508,CCDC198,5.790901,3.1346114
1509,CCDC22,7.009444,3.9004695
1510,CCDC24,7.2393684,2.587545
1511,CCDC25,4.203192,0.8189814
1512,CCDC27,4.365592,1.4231431
1513,CCDC28A,5.308826,2.4214034
1514,CCDC3,3.0961077,2.7365403
1515,CCDC32,3.501218,3.404015
1516,CCDC34,1.8200699,5.849204
1517,CCDC40,6.4299264,6.6248693
1518,CCDC43,6.582705,3.4441001
1519,CCDC47,8.5443325,-0.5671375
1520,CCDC50,6.6442513,3.984948
1521,CCDC51,5.9514475,-2.3964233
1522,CCDC57,6.18398,5.796454
1523,CCDC59,0.6646592,-0.1768957
1524,CCDC6,6.7899,2.4252589
1525,CCDC61,0.7923458,2.2136188
1526,CCDC62,7.302264,4.160139
1527,CCDC63,2.0223405,1.667762
1528,CCDC65,5.9135456,0.4579052
1529,CCDC66,5.117448,2.7061381
1530,CCDC68,6.1919775,1.043855
1531,CCDC69,8.606053,2.6574683
1532,CCDC7,1.2800219,-0.5048115
1533,CCDC71,2.001008,5.4812207
1534,CCDC71L,6.419745,1.4962769
1535,CCDC77,1.891748,5.7660937
1536,CCDC8,6.0177794,3.8593264
1537,CCDC82,0.7828609,3.773662
1538,CCDC83,1.5713109,2.880699
1539,CCDC85C,2.3661745,2.389557
1540,CCDC86,0.122032374,0.044712186
1541,CCDC88B,2.1353302,3.570291
1542,CCDC88C,7.949805,0.95461726
1543,CCDC89,8.253271,1.1147466
1544,CCDC9,6.644345,1.7027882
1545,CCDC90B,6.3842664,-1.3503319
1546,CCDC91,1.8286165,3.5295649
1547,CCDC92,1.1634816,3.6146214
1548,CCDC93,5.5835547,0.231701
1549,CCDC97,5.0702558,4.1352715
1550,CCDC9B,4.0895367,3.8783245
1551,CCHCR1,8.8165655,3.3305848
1552,CCKAR,2.6236303,3.702886
1553,CCKBR,8.027228,1.5155184
1554,CCL15,5.868449,1.6213416
1555,CCL2,4.9229274,-0.030382147
1556,CCM2,6.864643,-2.0454733
1557,CCM2L,-1.4108047,3.8427093
1558,CCN2,4.478702,0.5770507
1559,CCN3,7.139009,1.892447
1560,CCN4,8.577976,3.6648827
1561,CCN5,7.8351264,3.7223673
1562,CCN6,6.2738085,-1.4944462
1563,CCNA1,1.6646103,3.3500335
1564,CCNA2,1.0536153,3.9548762
1565,CCNB1,7.436021,3.0656664
1566,CCNB2,5.641619,1.7325518
1567,CCNB3,2.8769388,2.1421423
1568,CCNC,1.241925,2.7349088
1569,CCND1,1.178189,3.450667
1570,CCND2,2.7805371,1.2207744
1571,CCND3,0.92439765,1.6597015
1572,CCNDBP1,0.8410388,4.1432343
1573,CCNE1,1.0312595,1.346834
1574,CCNF,6.855914,0.8687376
1575,CCNG1,-1.4097613,3.8635597
1576,CCNG2,5.0475245,3.687178
1577,CCNH,3.0340931,3.4929073
1578,CCNI,4.327,0.53997946
1579,CCNI2,4.299754,1.0998178
1580,CCNJ,4.267425,0.45478168
1581,CCNJL,-0.57023966,1.7388507
1582,CCNK,-0.5919325,2.907945
1583,CCNL1,1.8698227,2.0704157
1584,CCNL2,0.9833275,3.402753
1585,CCNO,2.2561102,1.4511712
1586,CCNQ,2.5165346,1.0018426
1587,CCNT1,0.847143,4.1716013
1588,CCNT2,5.403191,3.995797
1589,CCNY,-0.047191277,4.182674
1590,CCNYL1,8.573239,1.7338676
1591,CCP110,5.5154476,2.770669
1592,CCPG1,4.3057065,0.7779753
1593,CCR10,6.7720265,-1.295738
1594,CCR2,7.6309004,3.2198195
1595,CCR3,7.3595877,3.860132
1596,CCR4,7.663102,2.5791209
1597,CCR7,7.159815,-3.3331869
1598,CCR9,7.8628516,3.7337782
1599,CCSER2,4.781055,3.6881442
1600,CCT2,7.647117,4.4038734
1601,CCT3,6.4635143,3.7140908
1602,CCT4,5.9364033,3.0470326
1603,CCT7,7.8670216,3.5623722
1604,CCT8,6.1722674,2.2012944
1605,CD101,6.688908,-1.4590104
1606,CD109,7.1911783,1.7131112
1607,CD14,4.5248995,-0.4849006
1608,CD163,7.7772317,3.8641272
1609,CD163L1,5.573688,2.855759
1610,CD164L2,6.832902,2.609746
1611,CD180,5.6458883,2.4609504
1612,CD1B,6.7591662,1.9387496
1613,CD1C,7.6425896,-0.0013390013
1614,CD1D,7.4179125,3.0275626
1615,CD1E,5.631,-1.083319
1616,CD2,3.196564,3.329533
1617,CD200R1,8.181829,1.5954301
1618,CD207,6.0252023,2.053419
1619,CD226,1.7272317,1.8609295
1620,CD24,6.267172,0.2425237
1621,CD248,8.934296,2.146632
1622,CD27,5.060772,0.030475875
1623,CD274,8.4335375,1.7969712
1624,CD276,7.321161,1.789867
1625,CD2AP,8.071904,4.018833
1626,CD2BP2,-0.6845881,3.7517552
1627,CD300A,7.330255,1.582944
1628,CD300C,5.6071143,-0.8329446
1629,CD300LB,6.0004325,1.684697
1630,CD320,8.133847,-0.26865193
1631,CD33,1.1918979,3.9572
1632,CD34,5.4611773,2.5493667
1633,CD36,5.210179,-0.16131838
1634,CD37,6.9618645,1.1883938
1635,CD38,8.299897,2.4186463
1636,CD3D,7.0330305,1.2221711
1637,CD3E,8.537803,-0.5414273
1638,CD3G,6.5053005,2.8510365
1639,CD4,7.2901015,1.2190367
1640,CD40LG,5.926979,2.7124536
1641,CD44,8.73098,2.1152382
1642,CD46,8.952772,2.0596373
1643,CD47,8.76297,2.1862779
1644,CD48,7.5255375,4.063225
1645,CD63,5.0191803,-0.16493584
1646,CD68,6.972184,-2.2363813
1647,CD70,2.2023273,1.6428764
1648,CD72,3.6423066,3.2732599
1649,CD74,4.7085333,-0.24455865
1650,CD81,6.456476,1.6245154
1651,CD82,4.1508417,-0.33297688
1652,CD83,2.902744,3.9597511
1653,CD84,5.7249064,0.20486364
1654,CD86,4.1726656,0.058407158
1655,CD8A,8.2115,2.8395371
1656,CD8B,7.167141,2.570939
1657,CD9,7.396113,1.238905
1658,CD93,7.5569377,2.0130866
1659,CD99,5.0202613,-0.03821784
1660,CD99L2,9.051069,1.5497502
1661,CDA,1.596221,2.9777246
1662,CDADC1,0.6060205,2.6626143
1663,CDAN1,6.964851,3.7394254
1664,CDC123,4.1989856,1.9115876
1665,CDC14A,5.348956,4.223899
1666,CDC14B,2.0953546,3.40367
1667,CDC20,3.967133,2.7293894
1668,CDC25A,1.23327,2.6392887
1669,CDC25B,5.3568006,0.41667625
1670,CDC25C,-0.6490532,1.7335652
1671,CDC26,0.17261332,4.483685
1672,CDC27,2.200359,2.5679204
1673,CDC34,3.1161456,3.0413754
1674,CDC37,6.829047,4.309049
1675,CDC37L1,8.690723,3.5006776
1676,CDC40,0.21476662,3.7431576
1677,CDC42,6.4412565,6.49466
1678,CDC42BPA,6.9379463,2.334379
1679,CDC42BPG,6.6212883,1.9472939
1680,CDC42EP1,8.822445,1.9278452
1681,CDC42EP2,6.201077,5.8689175
1682,CDC42EP3,8.414382,1.2984103
1683,CDC42EP4,8.7574625,2.0364127
1684,CDC42SE1,8.362168,1.18673
1685,CDC45,1.8354236,3.3916185
1686,CDC5L,-0.82657677,4.2976933
1687,CDC6,6.247557,1.2121298
1688,CDC7,1.2214668,2.4362578
1689,CDC73,0.7049336,3.8437495
1690,CDCA2,2.7489088,2.3307853
1691,CDCA3,3.2566273,1.8328124
1692,CDCA4,3.0518873,3.8983839
1693,CDCA5,1.3887849,3.9114757
1694,CDCA7,3.7996674,4.404402
1695,CDCA7L,1.8303816,2.739072
1696,CDCA8,0.28785157,-0.19755195
1697,CDH1,8.616016,1.3043766
1698,CDH10,2.8576865,1.9213945
1699,CDH12,5.63673,0.031429425
1700,CDH13,8.8162365,1.7965033
1701,CDH15,6.8850217,0.76352054
1702,CDH17,8.925655,1.6082355
1703,CDH2,7.306697,1.4533558
1704,CDH24,5.481698,0.47654933
1705,CDH26,6.5091324,3.7630296
1706,CDH3,5.7537675,1.3398889
1707,CDH4,8.458126,2.5300407
1708,CDH5,1.9812577,5.558241
1709,CDH6,8.45823,1.0734549
1710,CDH8,7.813957,1.3379977
1711,CDH9,5.3811636,0.28812167
1712,CDHR1,4.3421307,0.71158946
1713,CDIN1,-0.18600334,2.18591
1714,CDIP1,2.655764,1.2361943
1715,CDIPT,5.3661556,0.54491544
1716,CDK1,4.501641,3.354995
1717,CDK11A,3.481761,4.390133
1718,CDK12,0.27379382,3.9247959
1719,CDK13,1.1024826,2.6901739
1720,CDK14,2.7419407,2.3250191
1721,CDK15,2.010831,1.1417254
1722,CDK16,7.4006753,4.1269093
1723,CDK17,3.1679194,3.1583393
1724,CDK18,8.034829,1.6313523
1725,CDK19,2.719011,3.5026119
1726,CDK2,2.1252754,3.9370244
1727,CDK20,0.19179064,2.2567172
1728,CDK2AP1,2.1180272,1.3496835
1729,CDK2AP2,0.06603086,3.022021
1730,CDK3,9.319903,4.146373
1731,CDK4,2.1479754,3.619909
1732,CDK5,3.7754793,3.0497808
1733,CDK5R1,2.769381,1.1129559
1734,CDK5RAP1,6.6762686,-1.363561
1735,CDK5RAP2,5.694879,0.78485394
1736,CDK5RAP3,7.0982113,0.0071300296
1737,CDK6,2.114255,2.9880524
1738,CDK7,3.9162836,4.0046105
1739,CDK8,-0.08763185,2.758574
1740,CDK9,1.9623592,3.8973024
1741,CDKL1,2.9801373,1.9768335
1742,CDKL2,2.6166346,1.8954815
1743,CDKL3,1.4127246,2.8654075
1744,CDKL5,1.3778552,3.20154
1745,CDKN1A,0.59821373,2.615182
1746,CDKN1B,1.2538149,3.838323
1747,CDKN1C,1.3800404,4.193299
1748,CDKN2A,1.8937359,2.8336563
1749,CDKN2AIP,1.681823,2.5072312
1750,CDKN2B,0.4668724,2.599836
1751,CDKN2C,3.4763744,4.0951643
1752,CDKN2D,3.0075924,1.5120987
1753,CDKN3,6.7052402,2.9948256
1754,CDO1,1.7255374,2.4846153
1755,CDPF1,5.9152007,2.755008
1756,CDR2,1.5562565,3.6028445
1757,CDR2L,9.108947,3.930111
1758,CDRT15,8.8249235,1.3933218
1759,CDRT4,4.777763,0.42589223
1760,CDS2,8.245748,-0.48600045
1761,CDT1,0.70452344,3.9965565
1762,CDV3,8.479153,4.1287317
1763,CDX2,5.3670363,1.5430608
1764,CDX4,0.48040304,2.5028183
1765,CDYL,-1.2260058,3.5244915
1766,CEACAM18,4.8790092,2.6587858
1767,CEACAM19,0.6174204,-1.0257406
1768,CEACAM5,3.0762537,1.5283982
1769,CEACAM7,6.6254983,2.5814283
1770,CEBPA,3.1668367,0.7322003
1771,CEBPB,-1.0062103,3.8628929
1772,CEBPD,-0.19897506,2.71831
1773,CEBPE,2.796438,3.1246471
1774,CEBPG,-0.6669655,4.1935196
1775,CEBPZ,2.4513905,1.2306973
1776,CEBPZOS,0.43887457,2.8275537
1777,CECR2,-0.5664213,3.297768
1778,CELF1,1.1220274,4.282587
1779,CELF2,0.63230765,3.5421207
1780,CELF3,1.1429651,4.0521965
1781,CELF4,-0.4503667,2.3279512
1782,CELSR1,8.349727,1.0999969
1783,CELSR2,8.295464,3.1168776
1784,CEMIP,1.0424106,-0.15860295
1785,CEMIP2,7.6736555,2.1165237
1786,CEMP1,0.073391095,2.3046467
1787,CENATAC,1.3653444,3.9611034
1788,CEND1,6.5235085,-1.1877986
1789,CENPA,0.67874044,2.6688247
1790,CENPB,0.87602687,1.0271572
1791,CENPC,2.9437695,1.1149879
1792,CENPE,6.4415092,6.6225667
1793,CENPF,2.2886896,5.0890727
1794,CENPH,-0.026226025,-0.68996626
1795,CENPI,2.6205406,1.7648677
1796,CENPJ,3.5747511,3.3029232
1797,CENPN,0.58180267,2.0248444
1798,CENPO,2.3678994,3.7413883
1799,CENPP,0.3209889,3.8161426
1800,CENPQ,1.610466,3.6848915
1801,CENPT,0.9664716,1.083034
1802,CENPU,2.1581748,2.6131213
1803,CENPV,1.0485585,3.891607
1804,CENPW,1.0010661,1.9545699
1805,CEP112,1.8764536,3.109902
1806,CEP128,5.1428823,1.4541663
1807,CEP131,1.9442698,4.8142185
1808,CEP152,2.8992543,1.6724858
1809,CEP162,4.971786,4.0399475
1810,CEP164,3.1591668,1.2446798
1811,CEP170,7.2770586,2.461948
1812,CEP170B,6.291982,5.6348505
1813,CEP19,2.5695567,0.46118078
1814,CEP192,6.602684,1.4621577
1815,CEP20,3.703322,1.7625284
1816,CEP250,5.236193,-0.30124816
1817,CEP290,5.1647725,-0.34151807
1818,CEP295,7.369512,3.2687204
1819,CEP295NL,5.4561625,-0.74168134
1820,CEP350,5.310934,-0.17802528
1821,CEP55,7.756159,3.8055081
1822,CEP57,5.310709,1.1604404
1823,CEP57L1,8.0142565,3.6117156
1824,CEP63,8.172103,2.9225252
1825,CEP68,3.1786413,1.7220911
1826,CEP70,5.7673755,4.161176
1827,CEP72,5.7127666,2.5833902
1828,CEP85,1.3753117,-0.8148377
1829,CEP89,5.9287424,2.2362807
1830,CEP95,6.742465,3.1707964
1831,CEP97,6.713333,2.2663484
1832,CERCAM,0.09377698,0.2868983
1833,CERK,4.4872503,-0.5519912
1834,CERKL,3.7573998,3.6344342
1835,CERS1,9.426288,4.452333
1836,CERS2,8.272342,-0.46718827
1837,CERS3,2.55716,1.9756367
1838,CERS4,3.9921327,2.5151184
1839,CERS5,1.9113691,5.333028
1840,CERT1,4.1595893,1.4231443
1841,CES1,8.453834,-0.3582106
1842,CES2,6.0089293,1.3702023
1843,CES3,5.4510365,2.4266462
1844,CES4A,6.4047036,-1.7188059
1845,CETN2,6.0474916,0.2605512
1846,CETN3,6.8339624,0.52914447
1847,CFAP107,6.334538,2.546538
1848,CFAP119,7.890063,3.154878
1849,CFAP141,4.7396173,3.1783297
1850,CFAP157,7.754371,2.7723167
1851,CFAP20,1.9899199,1.5335659
1852,CFAP206,2.2554893,3.907096
1853,CFAP20DC,4.509945,0.46813184
1854,CFAP251,7.486406,2.0436387
1855,CFAP299,6.8380857,3.0759397
1856,CFAP300,3.9754808,0.363723
1857,CFAP36,3.0601106,3.5605557
1858,CFAP410,6.363387,-1.2373302
1859,CFAP418,7.9674697,3.5299706
1860,CFAP45,1.1990644,2.0227501
1861,CFAP52,6.1491814,6.0181875
1862,CFAP53,4.868814,2.8708436
1863,CFAP54,6.384285,6.164084
1864,CFAP57,6.7927346,2.2105553
1865,CFAP58,6.342505,1.2567227
1866,CFAP65,7.201267,2.2182221
1867,CFAP73,1.0025537,-0.09915796
1868,CFAP77,8.1691065,3.5705945
1869,CFAP97,0.35883185,-0.80527693
1870,CFAP97D1,7.7512617,2.8591757
1871,CFAP99,6.5021763,6.5982475
1872,CFDP1,1.4151571,4.0430007
1873,CFL2,6.2375298,4.231574
1874,CFLAR,6.1679525,3.3690822
1875,CFP,6.2924886,1.3613026
1876,CGAS,2.077462,3.0448513
1877,CGGBP1,0.19100975,2.4710474
1878,CGN,8.274709,2.0909116
1879,CGNL1,8.018331,1.1177117
1880,CGREF1,4.590105,1.0440235
1881,CGRRF1,1.1627235,4.0513287
1882,CHAC1,6.557412,-1.3338014
1883,CHAC2,9.301229,4.260461
1884,CHAF1A,4.1696005,3.9494293
1885,CHAF1B,-0.30779806,3.8461604
1886,CHAMP1,0.35854685,4.379692
1887,CHCHD1,3.9587991,3.282598
1888,CHCHD10,7.00734,-3.198754
1889,CHCHD2,7.164283,-3.217516
1890,CHCHD3,7.1627917,-3.3481588
1891,CHCHD4,6.3792033,-1.5889925
1892,CHCHD5,6.8686543,-1.647781
1893,CHCHD6,6.5078373,-2.03689
1894,CHCHD7,5.140582,-0.1489702
1895,CHCT1,1.0371976,3.4265935
1896,CHD1,0.03571276,4.12977
1897,CHD1L,1.822965,3.6727881
1898,CHD2,0.41648448,3.4614937
1899,CHD3,0.0024969329,0.38042432
1900,CHD4,0.29368025,4.305237
1901,CHD5,1.4962305,3.6745274
1902,CHD6,1.1178664,2.646013
1903,CHD7,0.2577642,3.1239495
1904,CHD8,3.0825856,3.7987437
1905,CHD9,2.0868866,2.581251
1906,CHEK1,1.6495615,4.120826
1907,CHEK2,-0.23955682,3.861713
1908,CHFR,6.4460225,6.6044207
1909,CHGA,4.4762526,-1.5648443
1910,CHGB,4.1238093,-0.76176095
1911,CHI3L1,4.176614,0.24561644
1912,CHIC1,3.5334272,0.85780245
1913,CHIC2,7.989421,1.4871587
1914,CHID1,0.6264362,3.548655
1915,CHKA,6.174131,2.1607544
1916,CHKB,6.5409775,1.7838578
1917,CHM,8.320568,-0.38331446
1918,CHML,3.406873,1.4619927
1919,CHMP1A,5.480132,2.884673
1920,CHMP1B,0.6797539,2.1919518
1921,CHMP2A,8.287778,-0.2279465
1922,CHMP2B,7.0193872,1.442492
1923,CHMP4C,8.223316,1.1293476
1924,CHMP5,6.7198324,4.2906876
1925,CHMP7,2.2136917,3.6936038
1926,CHN1,6.7977853,1.3594133
1927,CHN2,1.591815,4.60943
1928,CHODL,5.9619374,2.0836852
1929,CHORDC1,7.183719,2.9511504
1930,CHP1,5.852952,1.6819245
1931,CHP2,2.0875309,1.7164513
1932,CHPF,6.289607,2.7572248
1933,CHPF2,3.972084,2.8374932
1934,CHPT1,5.0353594,-0.8595418
1935,CHRAC1,0.6256947,2.0277107
1936,CHRDL2,5.207723,0.67627496
1937,CHRM3,8.403008,1.186859
1938,CHRM4,4.067482,0.5023733
1939,CHRNA1,8.533122,0.93090147
1940,CHRNA2,4.749917,4.0436764
1941,CHRNA3,6.08071,3.6094444
1942,CHRNA5,8.108637,2.4952495
1943,CHRNB4,6.669927,0.43936574
1944,CHRND,7.674315,2.526335
1945,CHST10,8.772447,3.3172276
1946,CHST11,4.267369,0.8894987
1947,CHST12,6.0398016,0.9539766
1948,CHST13,6.3095574,1.3252095
1949,CHST14,4.50606,-0.3648385
1950,CHST15,4.0641456,2.0762308
1951,CHST2,3.1334324,1.2378943
1952,CHST3,6.745653,1.2939814
1953,CHST7,2.8788464,1.1420093
1954,CHTF18,0.37045482,3.3479927
1955,CHTOP,-0.8023147,3.0209591
1956,CHUK,1.8733916,3.5186186
1957,CHURC1,6.1977096,3.3426147
1958,CIAO1,3.8250806,3.9422855
1959,CIAO2A,3.2817962,2.8690777
1960,CIAO2B,5.992982,3.7509425
1961,CIAO3,7.334445,2.7246351
1962,CIAPIN1,6.314533,-2.0844975
1963,CIART,2.7332883,2.1336055
1964,CIB1,3.8606057,3.7366257
1965,CIB3,6.840066,1.3501353
1966,CIBAR1,6.539401,-2.0500343
1967,CIC,0.2716948,2.842645
1968,CIDEB,4.4021997,0.18250827
1969,CIITA,3.478238,2.9989526
1970,CILK1,0.2005437,-1.0258204
1971,CIP2A,7.532097,3.3635418
1972,CIPC,3.5530329,4.064108
1973,CIR1,1.6462739,2.2895446
1974,CIRBP,-0.31284085,2.9834065
1975,CISD1,6.401013,-1.7617495
1976,CISD2,7.9727974,-0.24069287
1977,CISH,6.170742,5.7079644
1978,CIT,8.777921,4.034485
1979,CITED2,2.7375717,3.5634596
1980,CITED4,8.715567,0.73927623
1981,CIZ1,0.030348608,2.9578135
1982,CKAP2,6.077,1.6743076
1983,CKAP2L,6.347992,4.953691
1984,CKAP5,7.1076236,4.194693
1985,CKB,6.662864,4.359187
1986,CKLF,5.2748218,-1.0948894
1987,CLASP2,6.4479537,0.6645155
1988,CLASRP,1.8023208,2.69096
1989,CLBA1,3.630402,3.5757656
1990,CLCA2,5.1841745,2.0285902
1991,CLCA4,4.44582,2.188635
1992,CLCC1,8.40988,-0.666882
1993,CLCF1,3.2663035,0.37081292
1994,CLCN2,7.128066,1.4237564
1995,CLCN3,5.390018,1.4813944
1996,CLCN4,5.1196036,-0.53509694
1997,CLCN5,7.2961397,3.4778495
1998,CLCN6,7.1295075,3.4232519
1999,CLDN11,6.2053256,0.7529611
2000,CLDN14,3.641889,0.5140795
2001,CLDN18,8.174947,1.0985485
2002,CLDN19,8.435176,1.196578
2003,CLDN2,3.1509762,2.3677962
2004,CLDN20,4.486867,2.2317722
2005,CLDN23,8.631305,1.204496
2006,CLDN3,8.407303,0.86804044
2007,CLDN4,2.7583768,0.35217732
2008,CLDN7,4.8231797,-0.7283253
2009,CLDN9,4.786646,-0.9139177
2010,CLDND1,2.577786,3.9774687
2011,CLDND2,2.5224078,1.3330153
2012,CLEC11A,4.830892,0.21010137
2013,CLEC14A,6.152819,0.41135943
2014,CLEC16A,0.7087924,3.4559166
2015,CLEC2A,7.1001644,1.9286078
2016,CLEC2D,4.0734477,0.5663866
2017,CLEC4F,6.5883174,3.5398831
2018,CLEC5A,7.273358,1.4809512
2019,CLGN,8.609799,-0.78591
2020,CLHC1,0.6118691,-0.87665147
2021,CLIC1,5.494586,2.2983396
2022,CLIC2,6.559398,2.2066996
2023,CLIC3,0.94812804,1.0812719
2024,CLIC4,7.1609244,3.985011
2025,CLIC5,5.7073674,4.001575
2026,CLINT1,4.1392035,0.896642
2027,CLIP1,7.1047444,1.444175
2028,CLIP4,5.076788,-0.69849133
2029,CLK1,1.7267462,5.9533606
2030,CLK2,-0.3119688,3.3300004
2031,CLK3,1.0986038,4.148258
2032,CLK4,9.271843,1.5840703
2033,CLMN,2.740869,0.8133216
2034,CLN6,3.3234217,-0.23023747
2035,CLNK,4.8242607,-0.32484
2036,CLNS1A,7.2734656,4.019661
2037,CLOCK,2.192742,3.97308
2038,CLP1,0.9636649,2.852755
2039,CLPP,6.7490253,-3.1772106
2040,CLPSL2,5.081402,-0.7493752
2041,CLPTM1,8.540756,-0.53885454
2042,CLPTM1L,8.349268,-0.6649961
2043,CLPX,6.1747746,-2.1350584
2044,CLSPN,3.5547693,1.2146878
2045,CLSTN2,5.4499593,0.16532095
2046,CLTA,6.475167,0.7215573
2047,CLTB,7.789582,2.4588149
2048,CLTC,6.777942,0.5866379
2049,CLTCL1,4.884292,0.03944468
2050,CLTRN,7.557023,3.03467
2051,CLU,6.604917,0.5875897
2052,CLUAP1,4.3554387,2.4252214
2053,CLUH,5.9479904,-1.3326378
2054,CLUL1,6.728132,2.7301037
2055,CLXN,2.894263,3.487305
2056,CMA1,7.1697474,2.4797509
2057,CMAS,8.52927,3.7803397
2058,CMC2,6.645293,-2.5219145
2059,CMC4,6.6711054,-2.0770853
2060,CMIP,3.6034741,3.2525
2061,CMKLR2,7.348374,1.727165
2062,CMPK1,0.074414775,4.077613
2063,CMPK2,6.100078,-2.0158029
2064,CMSS1,0.36703053,-0.49380928
2065,CMTM1,0.8748481,3.3395922
2066,CMTM3,2.0753536,1.0033822
2067,CMTM4,5.5578356,0.7330908
2068,CMTM5,5.737515,0.025292864
2069,CMTM6,6.7259884,0.7297841
2070,CMTM7,6.471321,0.29751533
2071,CMTM8,2.754796,0.2778606
2072,CMTR1,1.61922,3.2851372
2073,CMTR2,5.408791,0.99095374
2074,CMYA5,4.577323,3.9608357
2075,CNBP,3.256992,3.4734561
2076,CNDP2,3.8219085,3.6328046
2077,CNEP1R1,7.2084565,1.408272
2078,CNFN,6.440982,6.538988
2079,CNGA1,4.9563804,2.340305
2080,CNGA4,4.142496,3.4534578
2081,CNGB1,8.263524,4.0979614
2082,CNIH1,8.556556,0.72072214
2083,CNKSR1,8.213417,3.1529224
2084,CNKSR2,9.146349,2.049843
2085,CNKSR3,6.456827,2.1264296
2086,CNN1,5.226172,1.5423739
2087,CNN2,8.529744,1.5480804
2088,CNN3,9.050619,2.2041147
2089,CNNM1,6.8816295,2.7453449
2090,CNNM2,5.138741,0.14009017
2091,CNNM3,6.978882,2.8144855
2092,CNNM4,9.169748,1.7245722
2093,CNOT1,7.166109,2.2762778
2094,CNOT10,4.017871,2.8867967
2095,CNOT11,1.1674818,3.921492
2096,CNOT2,5.4327335,4.188929
2097,CNOT3,6.8049335,3.9234123
2098,CNOT6,6.279482,1.8770584
2099,CNOT6L,6.0646043,1.441132
2100,CNOT7,2.100547,0.8761618
2101,CNOT9,3.5340846,1.3284569
2102,CNP,7.3392367,2.4903016
2103,CNPY2,7.824611,-0.11323264
2104,CNPY4,4.683915,-0.9375276
2105,CNR1,7.725039,1.9637412
2106,CNRIP1,6.8884153,2.095865
2107,CNST,4.8963423,-0.95560783
2108,CNTD1,2.5781527,1.3926688
2109,CNTF,5.7489786,1.2248303
2110,CNTLN,4.4525967,3.6726105
2111,CNTNAP1,1.2392315,2.3190556
2112,CNTNAP5,-0.053555824,-0.663558
2113,CNTRL,6.038394,1.937409
2114,CNTROB,8.112398,2.9283586
2115,COA1,6.9905906,-1.6941651
2116,COA3,6.6781645,-2.3259778
2117,COA4,2.9305222,2.7015674
2118,COA5,6.7027693,-1.9815872
2119,COA6,6.416696,-2.8446
2120,COA7,5.9115047,-2.2383814
2121,COBL,4.204816,2.9099793
2122,COBLL1,8.85169,1.4089248
2123,COCH,5.728871,-0.40883842
2124,COG2,5.6316285,0.53839856
2125,COG3,5.218464,3.7540865
2126,COG4,5.516453,1.2628828
2127,COG5,3.947639,-0.13412449
2128,COG6,0.45000908,2.8441558
2129,COG7,5.1591134,0.14805523
2130,COG8,4.9355574,-0.11211444
2131,COIL,0.7965728,0.982499
2132,COL10A1,7.96472,-0.4643505
2133,COL11A1,7.9798956,-0.7653505
2134,COL12A1,5.968127,1.0738612
2135,COL14A1,4.776809,-0.45183045
2136,COL15A1,7.999538,-0.7034857
2137,COL16A1,4.4292865,0.21538882
2138,COL17A1,4.4486723,-0.041098274
2139,COL18A1,4.3446546,0.24433944
2140,COL1A1,7.877464,-0.790402
2141,COL1A2,7.995277,-0.61878467
2142,COL20A1,5.4365883,0.24649781
2143,COL21A1,3.3514159,1.4946189
2144,COL22A1,8.20335,3.883296
2145,COL25A1,6.748804,1.3149871
2146,COL26A1,4.062822,-0.59451383
2147,COL28A1,8.470018,3.9991214
2148,COL2A1,0.18858647,2.35616
2149,COL3A1,8.004847,-0.5403042
2150,COL4A2,4.983719,-0.7738568
2151,COL4A3,7.885586,-0.8231569
2152,COL4A5,7.4985394,2.6935062
2153,COL4A6,8.393151,-0.8239605
2154,COL5A1,7.995927,-0.71453434
2155,COL5A3,7.639081,4.2414436
2156,COL6A1,6.745793,1.5083367
2157,COL6A2,6.12922,1.7065952
2158,COL6A3,8.130201,-0.78640556
2159,COL7A1,7.937814,-0.75918216
2160,COL8A1,5.2012124,0.14428851
2161,COL8A2,6.5049644,1.6623266
2162,COL9A2,4.0947924,-0.89530706
2163,COL9A3,1.1649632,2.6782424
2164,COLEC12,5.7520766,1.0754277
2165,COLGALT1,7.761739,-0.7956589
2166,COLGALT2,0.9636865,2.3832939
2167,COLQ,7.7376595,2.4894679
2168,COMMD1,1.9993943,2.6284795
2169,COMMD10,1.531829,0.7274635
2170,COMMD2,5.395526,-0.19359434
2171,COMMD4,6.673176,0.7132604
2172,COMMD5,5.0281706,2.085986
2173,COMMD8,6.346041,2.814528
2174,COMMD9,2.5350628,3.3904428
2175,COMP,5.0028715,-0.297932
2176,COMT,5.8709855,1.5658995
2177,COMTD1,6.781616,1.4516865
2178,COPA,5.8555603,4.2431836
2179,COPB1,5.5841265,1.243456
2180,COPB2,7.926504,-0.1664878
2181,COPE,4.508379,1.5404191
2182,COPG1,3.7165766,1.0342914
2183,COPRS,2.4232378,3.791156
2184,COPS2,6.31678,5.7207217
2185,COPS3,5.180385,3.257693
2186,COPS4,1.0296208,2.1066148
2187,COPS5,2.5772185,1.6214415
2188,COPS6,-1.1693501,3.8658512
2189,COPS7A,2.4527447,3.3278172
2190,COPS7B,2.9234755,2.6946428
2191,COPS8,3.2657979,3.66753
2192,COPS9,2.5815861,3.1520064
2193,COQ10A,8.20563,-0.28421018
2194,COQ10B,7.550006,3.0887368
2195,COQ2,6.285077,5.72775
2196,COQ3,5.6797123,-2.5189764
2197,COQ4,6.045157,-1.0649729
2198,COQ5,0.6673567,-1.0545304
2199,COQ7,5.5957065,3.630215
2200,COQ8A,6.1163583,-1.9209152
2201,COQ8B,7.090789,-2.8780024
2202,COQ9,7.380439,1.6871201
2203,CORIN,4.3434696,3.0741322
2204,CORO1A,7.580769,2.1525836
2205,CORO1B,7.7330327,3.9439702
2206,CORO2A,7.721069,2.8517292
2207,CORO2B,8.733672,1.9411869
2208,CORO6,5.3252745,0.015666844
2209,COTL1,7.054809,1.8546195
2210,COX10,6.459086,-1.2068541
2211,COX14,6.7257276,-2.7222297
2212,COX15,6.0967216,-1.8464885
2213,COX17,7.192016,-3.3547304
2214,COX19,7.290035,2.0213215
2215,COX20,7.0575542,-2.2615097
2216,COX4I1,5.9516788,-2.4694965
2217,COX5B,7.2421923,-3.560693
2218,COX6B1,7.099339,-3.2491179
2219,COX6B2,4.197834,3.6587307
2220,COX6C,6.881739,-2.0173686
2221,COX7A2L,6.885316,-2.682779
2222,CPA2,4.040094,0.82287544
2223,CPA3,4.4335694,2.1141627
2224,CPA4,4.9186883,3.060856
2225,CPA5,1.8244283,2.9009464
2226,CPAMD8,8.653926,1.2883612
2227,CPD,6.4657393,1.9566528
2228,CPE,4.661612,1.2348846
2229,CPEB1,7.33646,3.4249249
2230,CPEB2,8.116532,3.5520315
2231,CPEB3,3.6347563,2.5105429
2232,CPEB4,4.283896,0.9787387
2233,CPED1,2.0747929,2.5135922
2234,CPLANE1,5.631704,2.5246742
2235,CPLANE2,0.86278695,3.9235203
2236,CPM,4.905204,-0.44439685
2237,CPNE1,1.6639941,4.888114
2238,CPNE2,5.851473,2.2371557
2239,CPNE3,4.002583,3.2119029
2240,CPNE4,4.0218143,3.479475
2241,CPNE5,8.040682,3.6359084
2242,CPNE6,5.225192,0.5568535
2243,CPNE9,8.23052,3.5369835
2244,CPOX,6.7691097,-1.5577831
2245,CPPED1,7.2235947,2.719883
2246,CPQ,5.845321,0.731822
2247,CPS1,-0.30847728,-1.0721931
2248,CPSF1,1.9479266,2.6542013
2249,CPSF2,2.1378832,2.5117917
2250,CPSF4,0.219797,3.2263086
2251,CPSF6,-1.0338398,3.9404976
2252,CPSF7,2.4232888,4.148776
2253,CPT1A,6.1526003,-1.331635
2254,CPT1C,5.836911,-0.056867145
2255,CPT2,5.8050795,-2.5699
2256,CPTP,6.338657,2.5292082
2257,CPVL,8.484224,-0.56445575
2258,CPZ,7.839992,2.819291
2259,CRABP2,5.641405,3.1308684
2260,CRACD,3.0734205,4.2819796
2261,CRACDL,6.295333,6.2033405
2262,CRADD,6.283167,3.4138966
2263,CRAMP1,2.2412963,3.5800686
2264,CRAT,4.4145603,1.6320189
2265,CRB1,4.981009,-0.7231245
2266,CRB3,2.3586056,1.3742522
2267,CRCP,2.7990472,2.5556982
2268,CREB1,0.77694815,4.122272
2269,CREB3,6.761434,0.4446694
2270,CREB3L1,3.7080152,3.8272095
2271,CREB3L2,3.2590728,2.5277848
2272,CREB3L4,1.3388717,4.81376
2273,CREB5,0.45637855,3.6600258
2274,CREBBP,-0.45471635,3.362701
2275,CREBL2,6.1747713,-1.8416268
2276,CREBRF,1.2596041,1.2282381
2277,CREBZF,6.438636,-2.861856
2278,CREG1,6.3828754,6.378701
2279,CRELD1,9.540248,4.4884114
2280,CREM,1.3184239,2.6392553
2281,CRHR2,7.313263,2.118647
2282,CRIP1,3.9907186,4.227828
2283,CRIP2,1.0711609,-0.30997905
2284,CRIP3,-0.11362295,1.7466578
2285,CRIPT,-0.008551484,0.18857917
2286,CRISPLD2,5.2676487,-0.757633
2287,CRK,8.652448,0.79009306
2288,CRKL,3.9380822,3.5337322
2289,CRLF2,7.6765823,3.980863
2290,CRLF3,6.8341656,3.6913373
2291,CRMP1,7.2310214,2.0728853
2292,CROCC,7.9978766,2.2316248
2293,CROT,6.6594434,1.664937
2294,CRP,1.8129727,3.2588682
2295,CRPPA,0.4901467,-0.35585898
2296,CRTAP,7.6099563,-0.04834871
2297,CRTC1,3.716336,2.7677712
2298,CRTC2,0.6014136,2.928769
2299,CRTC3,3.4051948,3.7501247
2300,CRY1,5.965802,5.856292
2301,CRY2,2.6171644,3.456638
2302,CRYAA,6.29554,3.925795
2303,CRYAB,3.4214418,0.3103249
2304,CRYBB2,2.1430056,3.0276258
2305,CRYBB3,6.278978,5.737593
2306,CRYBG1,6.2704115,5.3018465
2307,CRYBG2,0.162995,2.636668
2308,CRYBG3,7.7062907,4.336737
2309,CRYGS,7.8958354,3.0438826
2310,CRYL1,1.6050818,0.043352418
2311,CRYM,7.8097606,2.939728
2312,CRYZ,8.182103,3.2091978
2313,CRYZL1,3.6628187,3.6900418
2314,CS,7.243944,-3.5713727
2315,CSAD,8.335693,1.0681309
2316,CSDC2,2.5819445,1.9413882
2317,CSDE1,8.108351,4.489033
2318,CSE1L,3.276711,4.4531755
2319,CSF1,7.5559716,2.4335902
2320,CSF1R,5.6313868,0.5852009
2321,CSF2,5.919893,-0.15960076
2322,CSF2RB,4.5924993,-0.30361363
2323,CSGALNACT1,6.231432,2.9319024
2324,CSGALNACT2,8.382724,-0.75269675
2325,CSK,7.772715,2.9775348
2326,CSMD1,4.67849,-0.0597864
2327,CSMD3,5.706565,2.7820895
2328,CSNK1D,1.0096447,1.163854
2329,CSNK1E,3.828654,2.7033072
2330,CSNK1G1,6.833229,2.9480064
2331,CSNK1G2,5.0890656,-0.89813375
2332,CSNK2A1,0.37209257,2.87287
2333,CSPG4,8.163024,1.6088266
2334,CSPG5,2.8650608,1.7277344
2335,CSPP1,2.725233,0.3518914
2336,CSRNP1,2.8655262,1.9770424
2337,CSRNP2,2.3256972,2.1522443
2338,CSRNP3,0.47572124,-0.69981956
2339,CSRP3,6.1404037,2.2151196
2340,CST3,4.9159565,0.578433
2341,CST6,7.4296536,1.8966993
2342,CSTA,3.112855,3.5110095
2343,CSTB,5.5366426,2.1289446
2344,CSTF1,0.09106601,4.017529
2345,CSTF2,-0.85332793,4.273707
2346,CSTF2T,1.2415245,2.5875773
2347,CSTF3,-0.3153039,2.885984
2348,CSTPP1,3.0763443,3.0429018
2349,CT55,3.5729668,0.27592793
2350,CTAG2,2.1301532,1.033695
2351,CTBP1,-1.2470171,3.8292446
2352,CTBP2,0.20719509,4.058413
2353,CTBS,6.8028407,2.0774946
2354,CTC1,3.3966215,2.7935557
2355,CTCF,-0.48898634,4.1963673
2356,CTCFL,3.5098329,3.6489997
2357,CTDNEP1,5.4503284,-0.41082853
2358,CTDP1,1.1566873,3.6522179
2359,CTDSP1,2.6789856,0.42173135
2360,CTDSP2,2.5131958,2.6435225
2361,CTDSPL,3.883244,1.8683195
2362,CTDSPL2,1.9889863,4.2503304
2363,CTHRC1,1.913774,5.262413
2364,CTIF,5.7476797,1.5765015
2365,CTNNA1,8.935544,1.5236944
2366,CTNNB1,9.109544,2.095935
2367,CTNNBIP1,5.9944363,4.022126
2368,CTNNBL1,3.1593604,3.2080123
2369,CTNND1,8.786484,1.9930278
2370,CTNND2,3.8152666,2.2167761
2371,CTNS,3.5577793,0.71973747
2372,CTPS1,7.830238,3.4413311
2373,CTPS2,8.379939,2.954086
2374,CTR9,0.1571349,2.263873
2375,CTSA,5.1536937,-0.043929398
2376,CTSB,4.250694,-0.33190674
2377,CTSC,4.337226,-1.374324
2378,CTSE,7.0537777,0.7350699
2379,CTSF,7.3240376,2.7200334
2380,CTSH,5.780123,2.882548
2381,CTSK,4.3779097,0.9154326
2382,CTSL,4.348738,0.7617694
2383,CTSS,5.941378,2.3468745
2384,CTSV,7.1920342,1.9294353
2385,CTSZ,4.423667,-1.4475757
2386,CTTN,8.25633,4.175313
2387,CTTNBP2,6.8867383,2.6179714
2388,CTTNBP2NL,7.6291494,3.4612365
2389,CTU2,6.3397093,-0.50241315
2390,CTXN1,0.7762788,3.125563
2391,CUEDC1,6.5892725,3.0030792
2392,CUEDC2,3.610718,3.3667238
2393,CUL1,1.7525568,1.5698248
2394,CUL2,0.13743484,2.8701663
2395,CUL4B,0.48917612,4.312877
2396,CUL5,4.3084736,1.1668427
2397,CUL9,5.416853,-0.14915954
2398,CUTA,9.237111,1.5729152
2399,CUTC,3.3043542,2.002333
2400,CUX1,3.6719196,0.83952343
2401,CWC15,5.820381,-2.698188
2402,CWC22,2.9778738,3.9133213
2403,CWC25,-0.6015699,2.9575236
2404,CWC27,0.75325406,2.4283109
2405,CWF19L1,3.3997462,1.0721692
2406,CWF19L2,3.2577243,3.2074184
2407,CWH43,6.2701464,3.389349
2408,CX3CL1,8.08407,1.7399824
2409,CX3CR1,7.101483,1.3071623
2410,CXADR,8.43303,1.8057288
2411,CXCL16,5.302522,1.2986448
2412,CXCL5,5.046337,-0.6053895
2413,CXCL8,4.3003116,-0.30878377
2414,CXCR2,5.720539,2.6158206
2415,CXXC1,1.8167579,1.265248
2416,CXXC4,3.3226466,2.152049
2417,CXXC5,0.9464679,3.4277513
2418,CXorf38,6.218919,2.6694877
2419,CXorf58,1.608479,2.9805212
2420,CYB561A3,1.5007955,-0.46200323
2421,CYB5A,6.5743012,1.1266204
2422,CYB5B,7.8717213,0.1476578
2423,CYB5D1,0.55798733,-0.6148023
2424,CYB5D2,6.2851377,2.6705437
2425,CYB5R1,6.6863804,-1.7056631
2426,CYB5R2,3.9334311,0.7014208
2427,CYB5R3,8.15705,-0.4668652
2428,CYB5RL,2.444487,1.9940047
2429,CYBC1,7.892962,2.507817
2430,CYBRD1,9.028344,1.9336828
2431,CYC1,6.840301,-2.0872285
2432,CYCS,6.9663634,-2.5218601
2433,CYFIP2,7.797812,-0.3325647
2434,CYGB,1.362859,1.5294328
2435,CYLD,0.68847173,2.0653105
2436,CYP17A1,3.2359576,1.285346
2437,CYP19A1,6.516276,-1.7004448
2438,CYP1B1,7.054319,-2.4398518
2439,CYP20A1,8.913123,1.4465376
2440,CYP24A1,6.8327723,-2.6819007
2441,CYP26B1,5.843043,2.9027922
2442,CYP27A1,6.7252383,-1.5368575
2443,CYP27C1,4.8986187,-0.5631425
2444,CYP2B6,2.0212688,5.5205855
2445,CYP2D6,6.212971,0.6807736
2446,CYP2E1,6.1563377,-1.4341774
2447,CYP2S1,1.7755512,1.292755
2448,CYP2U1,3.8731647,-0.00263208
2449,CYP4B1,7.3104796,0.6555487
2450,CYP4V2,-0.3855561,1.8040143
2451,CYRIA,2.5984747,3.09565
2452,CYRIB,1.850843,3.6827574
2453,CYSRT1,0.3062448,2.8897302
2454,CYTH2,5.960603,2.1973264
2455,CYTH3,5.8981314,3.9413927
2456,CYTH4,6.0129647,1.843483
2457,CYTIP,5.724651,4.184639
2458,CYTL1,6.673637,3.824006
2459,CYYR1,2.072946,1.3614758
2460,CZIB,6.2495914,5.427871
2461,D2HGDH,6.0646496,0.7238946
2462,DAAM1,7.330335,2.5218484
2463,DAAM2,3.4975069,2.7355115
2464,DAB1,5.2174306,-0.99478596
2465,DAB2,6.2847266,1.98214
2466,DACH1,0.6212995,2.7376444
2467,DACH2,2.549709,2.2262447
2468,DACT1,2.8830273,2.5684164
2469,DACT3,4.114798,-0.10689509
2470,DAD1,6.200801,-0.9944301
2471,DAG1,2.7304099,2.4283571
2472,DAGLB,5.181753,2.6140456
2473,DALRD3,2.6795833,4.0753584
2474,DAND5,6.1447387,-1.4832885
2475,DAP,6.2579556,-0.68969125
2476,DAP3,1.6056557,3.951776
2477,DAPK1,5.8985267,0.82979107
2478,DAPK2,3.4046664,0.7107169
2479,DAPK3,5.466988,2.533542
2480,DAPL1,5.560929,0.103706464
2481,DARS1,8.315756,4.069497
2482,DARS2,5.9941235,-2.3629253
2483,DAW1,2.2968092,3.385347
2484,DAXX,1.2260762,3.879088
2485,DAZAP1,3.609992,3.3112288
2486,DAZAP2,-0.29195735,2.575997
2487,DBF4,2.436758,4.083632
2488,DBF4B,3.0268452,2.1163502
2489,DBH,5.890125,0.32365188
2490,DBN1,9.223305,2.0226536
2491,DBNDD1,3.0115805,2.8830864
2492,DBNDD2,5.186865,3.3898416
2493,DBNL,5.8777122,3.1928587
2494,DBR1,-0.65717816,4.1744304
2495,DBT,6.331908,-0.4194645
2496,DBX2,1.7804621,5.8246055
2497,DCAF1,0.7016416,1.8582827
2498,DCAF10,3.1032977,0.14342833
2499,DCAF11,2.1395366,2.9189656
2500,DCAF13,2.654923,2.784739
2501,DCAF15,6.2397532,-1.5805184
2502,DCAF16,7.114485,3.6398075
2503,DCAF17,3.0990481,3.547486
2504,DCAF4,-0.3799256,3.582374
2505,DCAF5,7.270656,-3.5787861
2506,DCAF6,5.13619,2.2324405
2507,DCAF7,2.6518636,1.9710653
2508,DCAF8,4.476529,3.499788
2509,DCAKD,1.422549,1.1670216
2510,DCANP1,2.3681867,2.7212722
2511,DCBLD1,6.0752034,-0.018073495
2512,DCBLD2,8.255537,2.1129465
2513,DCC,3.5797799,0.131687
2514,DCDC2,7.4343452,3.9263167
2515,DCHS1,6.9533997,2.8070095
2516,DCHS2,8.744305,0.7688034
2517,DCK,2.422528,1.2541257
2518,DCLK1,2.7441738,3.3365448
2519,DCLK3,7.271549,3.8579047
2520,DCLRE1A,0.031611763,3.7425883
2521,DCLRE1B,2.2372124,4.0470514
2522,DCLRE1C,0.7181211,3.5526257
2523,DCP1A,4.4358816,-1.2359662
2524,DCP1B,8.425494,3.239363
2525,DCP2,0.6267411,3.8781254
2526,DCPS,0.95128417,3.0089564
2527,DCT,4.403633,-1.5461575
2528,DCTD,3.6395707,3.2696772
2529,DCTN1,6.2790604,5.825525
2530,DCTN2,7.3211665,2.1125398
2531,DCTN3,7.0356307,2.174511
2532,DCTN4,2.9534633,1.6479279
2533,DCTN5,2.6716342,1.8551083
2534,DCTN6,6.2858205,1.9233586
2535,DCTPP1,5.916298,3.5417037
2536,DCUN1D1,2.2981024,2.0855527
2537,DCUN1D2,7.9205165,2.247375
2538,DCUN1D3,2.0970347,2.9385982
2539,DCUN1D4,2.6202672,1.380786
2540,DCUN1D5,-0.052205622,0.4837104
2541,DCX,7.0424795,2.569579
2542,DCXR,6.27381,5.878845
2543,DDA1,2.3151073,4.049833
2544,DDAH1,7.032721,4.4303446
2545,DDAH2,7.1414304,-3.3557737
2546,DDB1,0.5379145,2.7997599
2547,DDB2,0.6152219,3.7957542
2548,DDC,8.369799,1.1093541
2549,DDHD2,6.0182123,2.16744
2550,DDI2,5.4399137,3.607629
2551,DDIAS,8.000236,4.0009623
2552,DDIT3,1.7349697,3.3890996
2553,DDIT4,5.806452,1.9297351
2554,DDIT4L,8.770716,1.8552089
2555,DDN,2.041119,1.4308625
2556,DDO,6.3261323,1.9427277
2557,DDOST,8.023387,-0.52768093
2558,DDR1,8.411983,1.0590799
2559,DDR2,8.244125,2.2732522
2560,DDRGK1,8.3536625,-0.48085457
2561,DDT,6.8703213,-1.9667434
2562,DDX1,3.7102022,4.374036
2563,DDX10,0.47360405,-0.7498606
2564,DDX11,0.7148011,3.7421122
2565,DDX17,-1.2501924,3.7882357
2566,DDX18,-0.5153524,-1.0876554
2567,DDX20,5.190979,3.487467
2568,DDX21,-0.3560001,-0.84336257
2569,DDX23,0.09189709,0.12888037
2570,DDX24,5.8988056,4.0149508
2571,DDX25,2.7655911,2.4530578
2572,DDX27,0.37148726,-1.1212769
2573,DDX28,6.277255,-1.1890237
2574,DDX31,0.4715625,-0.91856134
2575,DDX39B,-1.2253474,3.4696054
2576,DDX4,6.5577297,4.4531627
2577,DDX41,0.07726959,0.28413656
2578,DDX42,-0.3997612,3.732979
2579,DDX46,-0.80901533,3.0268106
2580,DDX47,-0.26358646,-0.82226557
2581,DDX49,7.09809,-3.3866649
2582,DDX5,-0.10150376,3.581189
2583,DDX50,0.07220248,-0.8060225
2584,DDX51,1.3996345,0.07581445
2585,DDX52,-1.2332113,4.2265034
2586,DDX53,4.1056576,2.6642985
2587,DDX54,4.061007,0.31067744
2588,DDX55,0.9016677,-0.14433947
2589,DDX56,0.9371424,-0.64270395
2590,DDX59,8.419704,1.817876
2591,DDX6,8.749018,3.402777
2592,DDX60,6.7560153,1.5579404
2593,DDX60L,7.044075,3.3938975
2594,DEAF1,2.9088688,3.744919
2595,DECR1,7.1881027,1.9790426
2596,DECR2,6.3999553,0.36301023
2597,DEDD,1.5952319,3.0987024
2598,DEDD2,2.715828,0.80556524
2599,DEF6,2.1999462,3.5196066
2600,DEF8,2.8269126,4.002745
2601,DEFA5,5.348596,-0.61096245
2602,DEGS1,7.0799656,-2.725899
2603,DEGS2,1.2552716,-0.0792345
2604,DEK,0.18280417,4.1485705
2605,DELE1,0.34602657,3.351979
2606,DENND10,5.1142673,-0.610785
2607,DENND11,4.803592,0.72981006
2608,DENND1A,6.091429,1.6689333
2609,DENND1B,6.612594,3.7936854
2610,DENND1C,7.0617127,1.4335436
2611,DENND2B,-0.33938286,3.8343194
2612,DENND2C,0.53996205,2.659456
2613,DENND2D,3.225975,3.2865963
2614,DENND3,7.7797647,1.1647608
2615,DENND4A,-0.0291248,-0.104066305
2616,DENND4B,2.1809192,1.4480355
2617,DENND4C,6.643997,1.8730186
2618,DENND5A,4.4697876,0.38148195
2619,DENND5B,6.3807216,6.3422823
2620,DENND6A,4.860666,0.76236236
2621,DENND6B,5.3835235,3.4671175
2622,DENR,7.610276,2.9804142
2623,DEPDC1,-0.20219423,3.1282024
2624,DEPDC1B,4.441842,2.2577133
2625,DEPDC4,6.4618526,6.671161
2626,DEPDC7,0.7137745,-0.106351085
2627,DEPP1,6.440904,-2.3070538
2628,DEPTOR,6.241058,-2.364165
2629,DERA,1.0476714,1.6937684
2630,DERL1,8.4891405,-0.6481693
2631,DERL2,7.9389596,-0.27252242
2632,DERL3,4.3544936,-1.3345668
2633,DERPC,1.1562796,3.7841775
2634,DES,7.535497,0.48827106
2635,DESI1,7.808811,3.7440183
2636,DESI2,3.2252758,-0.055866595
2637,DEXI,3.5153053,3.394718
2638,DFFA,6.8821793,3.4311404
2639,DFFB,1.2077821,-0.328152
2640,DGAT1,7.948935,-0.66777486
2641,DGAT2,6.9350386,0.7338493
2642,DGCR8,2.0501106,1.6959606
2643,DGKA,3.8570476,0.9373261
2644,DGKD,6.741845,-1.264432
2645,DGKE,2.6801274,3.2675624
2646,DGKG,8.683651,0.71136415
2647,DGKH,8.555753,1.3630916
2648,DGKQ,6.7285757,1.3053952
2649,DGKZ,3.8849087,3.7259321
2650,DGLUCY,6.736508,2.2642193
2651,DHCR7,8.186814,-0.082051285
2652,DHDDS,8.458128,1.7156335
2653,DHDH,8.639052,1.4255611
2654,DHODH,2.7191095,1.672946
2655,DHPS,5.8969126,3.9549248
2656,DHRS1,3.8746336,3.5063086
2657,DHRS11,7.0473948,1.524246
2658,DHRS12,0.6260012,3.7026975
2659,DHRS13,6.080996,1.720396
2660,DHRS2,5.911158,-1.5493059
2661,DHRS3,6.223,-1.6530796
2662,DHRS4,6.3794184,-0.29164997
2663,DHRS7,5.8754797,-2.3710759
2664,DHRS7B,7.6924024,2.500558
2665,DHRSX,6.668534,1.505804
2666,DHTKD1,7.2645297,-3.5106983
2667,DHX15,-1.183085,4.2170563
2668,DHX16,0.23250924,4.326127
2669,DHX29,7.36459,2.3682804
2670,DHX30,6.9209437,-1.4380056
2671,DHX33,0.54126245,-0.34770855
2672,DHX34,1.442522,2.1046848
2673,DHX35,2.7039554,0.33445594
2674,DHX36,2.4221246,1.5530044
2675,DHX37,1.7222139,6.0388484
2676,DHX38,0.96896666,3.614232
2677,DHX40,0.4813262,2.6755006
2678,DHX57,6.2771215,5.673738
2679,DHX58,4.969652,1.333064
2680,DHX8,3.5190492,4.0341964
2681,DHX9,-1.1442454,4.21922
2682,DIABLO,6.584289,-2.3961344
2683,DIAPH1,8.192764,4.525281
2684,DIAPH2,4.9530473,0.6842804
2685,DIAPH3,7.299598,4.034398
2686,DICER1,7.1542196,1.6490842
2687,DIDO1,1.5781145,3.6365263
2688,DIMT1,1.2876843,-0.1228683
2689,DIO2,4.2673955,3.429009
2690,DIO3,4.735481,-0.25431845
2691,DIP2A,1.0937835,1.7248311
2692,DIP2B,7.4271984,2.6885235
2693,DIP2C,3.8919752,3.8505862
2694,DIPK1A,7.70997,2.6455984
2695,DIPK1B,0.5341785,1.9567678
2696,DIRAS1,8.682158,0.7480248
2697,DIRAS3,6.509387,2.3953726
2698,DIS3,5.454948,5.372759
2699,DIS3L,7.3632555,2.887966
2700,DISC1,7.0753274,3.6524167
2701,DISP1,2.4731405,0.8684502
2702,DISP2,1.596572,3.2600203
2703,DISP3,7.806805,-0.62124866
2704,DIXDC1,5.7659574,1.3840536
2705,DKC1,-0.3206959,-0.8349761
2706,DKK2,5.267676,1.0055647
2707,DKK3,5.9339585,-0.24627447
2708,DKKL1,5.158253,0.37384373
2709,DLAT,6.551599,-1.9300784
2710,DLC1,6.589835,2.0852242
2711,DLD,6.3898816,-2.4672036
2712,DLEC1,5.8756084,1.8755714
2713,DLG1,4.62157,-0.8374013
2714,DLG2,8.745987,1.3849332
2715,DLG3,0.39409092,-0.41797063
2716,DLG5,6.5238748,2.1949322
2717,DLGAP1,8.652882,3.4561412
2718,DLGAP3,8.210605,-0.26604894
2719,DLGAP4,2.9537284,2.9619665
2720,DLGAP5,7.497413,4.110347
2721,DLK1,4.7743654,0.020023182
2722,DLK2,-0.18767881,3.8913455
2723,DLL1,7.5173416,4.050356
2724,DLL3,1.6868286,4.2228775
2725,DLST,2.361567,3.7052858
2726,DLX1,1.1874171,4.3485355
2727,DLX2,-0.5538368,1.9150319
2728,DLX3,3.0768142,1.8480194
2729,DLX4,2.4072402,3.6918952
2730,DLX5,1.0031599,3.3978908
2731,DLX6,2.626446,0.18146005
2732,DMAC2,6.1484575,-1.8569566
2733,DMAC2L,0.047682058,4.010696
2734,DMAP1,4.6243725,3.7992418
2735,DMBT1,3.649287,1.4919212
2736,DMC1,2.7356062,1.4596567
2737,DMGDH,5.3838887,-0.30341324
2738,DMKN,4.7349176,3.582199
2739,DMPK,5.8712616,2.2526028
2740,DMRT2,2.140463,1.7774261
2741,DMRTA1,5.303036,-0.62019455
2742,DMRTA2,6.0640697,-2.5605989
2743,DMTF1,1.5100646,2.1222863
2744,DMWD,8.944829,1.5828664
2745,DMXL1,0.5942969,-0.2569912
2746,DNA2,6.2811217,-2.0119755
2747,DNAAF1,7.8078628,3.7010844
2748,DNAAF10,0.59961206,2.9154649
2749,DNAAF2,6.62191,2.1068456
2750,DNAAF3,6.8957257,-2.3050988
2751,DNAAF4,7.791272,3.7545047
2752,DNAAF5,3.8495467,3.2598348
2753,DNAAF8,-0.5667404,1.7804629
2754,DNAAF9,7.879084,3.2544546
2755,DNAH12,7.2980685,2.2974794
2756,DNAH14,5.218908,0.06689282
2757,DNAH17,4.197725,3.9723656
2758,DNAH2,6.4795146,6.6192293
2759,DNAH6,6.7156,3.974812
2760,DNAH7,7.1002097,2.9914825
2761,DNAI7,6.4137807,1.853146
2762,DNAJA1,7.4701037,4.502996
2763,DNAJA2,6.496219,2.4106631
2764,DNAJA3,6.2576537,-1.6089537
2765,DNAJA4,7.1296973,4.1256824
2766,DNAJB1,0.95424956,3.8143353
2767,DNAJB12,8.515656,-0.5814201
2768,DNAJB13,7.8261595,2.9907253
2769,DNAJB2,1.7224789,5.9843764
2770,DNAJB4,3.6918163,3.9999738
2771,DNAJB5,2.4979799,2.4126844
2772,DNAJB6,0.16730706,3.5116763
2773,DNAJB9,6.2038145,2.4268804
2774,DNAJC1,5.9167495,2.6743526
2775,DNAJC11,5.8920383,-1.6908426
2776,DNAJC13,6.2062936,1.8687412
2777,DNAJC16,6.2391696,2.5385518
2778,DNAJC17,1.9983196,3.7885096
2779,DNAJC18,5.61914,0.73418397
2780,DNAJC2,7.0518465,4.1607103
2781,DNAJC21,5.7478456,4.3303394
2782,DNAJC22,6.513807,0.70918393
2783,DNAJC24,5.4596066,2.1789951
2784,DNAJC25,3.2263632,2.4910383
2785,DNAJC27,7.902323,-0.307963
2786,DNAJC28,2.5915365,2.160198
2787,DNAJC3,7.8884215,-0.18047054
2788,DNAJC5,5.9291725,1.084415
2789,DNAJC6,6.7537217,3.994244
2790,DNAJC7,3.77049,3.096095
2791,DNAJC8,0.22857217,4.2103996
2792,DNAJC9,4.329253,4.5194016
2793,DNAL1,1.783383,1.8241823
2794,DNAL4,3.3345602,2.8781052
2795,DNASE1,5.211694,-0.6703096
2796,DNASE1L2,6.135509,-1.3368331
2797,DND1,2.1637585,2.2642725
2798,DNHD1,1.7004514,2.6302173
2799,DNLZ,6.996995,-2.7855213
2800,DNM1L,7.0730743,2.0637321
2801,DNM2,6.137124,1.2946765
2802,DNM3,4.3467097,0.5043608
2803,DNMBP,5.8045545,2.1594856
2804,DNMT1,2.4878986,3.3637874
2805,DNMT3A,-1.2740256,4.0150113
2806,DNMT3B,1.2353551,1.7830375
2807,DNMT3L,1.6745276,1.7060899
2808,DNPEP,6.368702,2.3593102
2809,DNPH1,1.2384721,3.2270474
2810,DNTT,2.632203,3.4793155
2811,DNTTIP1,0.22695152,0.4173566
2812,DNTTIP2,0.028795915,-0.6246472
2813,DOC2A,0.54517865,1.8033428
2814,DOCK1,2.1328936,2.0310442
2815,DOCK10,4.844486,3.6019497
2816,DOCK3,7.4831886,3.233366
2817,DOCK4,1.4574959,-0.5658751
2818,DOCK5,7.563762,2.379751
2819,DOCK6,6.4659405,2.6242356
2820,DOCK8,7.354048,3.9676642
2821,DOHH,8.686152,3.3173423
2822,DOK1,5.209451,2.2932198
2823,DOK2,6.1423125,3.3559837
2824,DOK3,6.2578316,3.2094703
2825,DOK4,8.005759,2.9694772
2826,DOK5,8.360834,1.6979613
2827,DOK6,8.231929,2.3044999
2828,DOK7,2.4363604,1.4992915
2829,DOLK,1.1752527,-0.28910112
2830,DOLPP1,6.9144225,0.8403908
2831,DONSON,4.009272,3.4517999
2832,DOP1A,2.8849647,2.1064622
2833,DOP1B,1.0891753,3.7564723
2834,DOT1L,1.1849104,3.5605674
2835,DPCD,-0.5143133,1.6718588
2836,DPEP1,2.9613967,0.11288005
2837,DPF1,3.3625464,2.3012903
2838,DPF2,0.45495862,3.8589733
2839,DPF3,1.2110251,1.6400061
2840,DPH1,1.0094268,2.4352512
2841,DPH2,1.9225204,1.1184198
2842,DPH3,2.4029791,2.2960598
2843,DPH5,3.9823492,-0.14741051
2844,DPH6,-0.07812289,-0.6888665
2845,DPH7,2.420126,0.72308725
2846,DPP3,5.0765314,-0.72714186
2847,DPP7,5.017986,0.5895396
2848,DPP8,6.270528,3.2004027
2849,DPP9,6.2236104,2.0062702
2850,DPPA2,0.5373442,3.7840102
2851,DPPA4,0.6487074,-0.016118307
2852,DPPA5,7.077712,1.3531419
2853,DPT,4.8990226,-0.8666547
2854,DPY19L1,3.3516521,-0.14368364
2855,DPY19L2,6.7192216,-3.141189
2856,DPY19L3,6.2495947,6.0908237
2857,DPY19L4,4.98215,0.67855656
2858,DPY30,-0.74098724,4.096999
2859,DPYSL2,6.945669,3.867074
2860,DPYSL3,6.6278434,3.1539845
2861,DPYSL4,6.482421,-2.9469001
2862,DPYSL5,2.2870672,2.9732816
2863,DQX1,1.5071268,-0.34537658
2864,DR1,-1.1621116,4.201904
2865,DRAM2,6.0263515,-0.21517694
2866,DRAP1,7.3757167,4.2604747
2867,DRD1,6.6699395,3.7313633
2868,DRD4,6.8502183,2.0951402
2869,DRG1,3.1453962,2.9171836
2870,DRG2,5.6986046,2.6615071
2871,DRGX,1.6316277,0.16618334
2872,DRICH1,0.066933066,3.745606
2873,DROSHA,2.7171066,3.9864
2874,DRP2,3.9833026,3.112562
2875,DSC2,8.379998,3.714446
2876,DSC3,8.475406,1.0057826
2877,DSCAM,5.1285734,0.35668948
2878,DSCC1,1.4618943,2.826862
2879,DSEL,8.802057,1.3507686
2880,DSG2,8.194598,0.9017857
2881,DSN1,2.1143348,3.3468695
2882,DSP,5.514282,-0.54777914
2883,DST,5.5829864,5.4792604
2884,DTD2,5.777027,-0.077725
2885,DTL,3.5241625,4.1202264
2886,DTNA,8.21784,1.0365496
2887,DTNB,6.302101,-1.8391379
2888,DTNBP1,6.43365,6.5387316
2889,DTWD1,0.35430586,0.32445523
2890,DTWD2,6.988796,1.9365233
2891,DTX1,4.4820194,2.746148
2892,DTX2,1.7687165,5.9145594
2893,DTX3,4.1134267,1.8268428
2894,DTX3L,2.7648427,2.7664843
2895,DTX4,4.78831,-0.010043283
2896,DTYMK,7.1014504,-3.026361
2897,DUS1L,8.477687,2.5008914
2898,DUS2,6.1297126,1.3358555
2899,DUS3L,2.5871243,2.9447236
2900,DUSP1,0.989215,-0.6333349
2901,DUSP10,3.035377,3.1203022
2902,DUSP11,0.83903456,0.15740068
2903,DUSP12,2.3946545,0.97211635
2904,DUSP14,3.417138,4.237012
2905,DUSP15,5.3967447,-0.32648605
2906,DUSP16,2.4573896,1.647405
2907,DUSP18,1.545135,2.1808043
2908,DUSP19,2.4360666,2.5323927
2909,DUSP2,1.763595,5.865523
2910,DUSP22,2.368486,3.2311983
2911,DUSP23,2.1406267,1.0999553
2912,DUSP26,1.7355633,1.3654842
2913,DUSP28,1.7259854,1.6611973
2914,DUSP3,4.056574,3.6245542
2915,DUSP4,0.24936867,3.1786237
2916,DUSP6,4.4246125,3.7490337
2917,DUSP8,6.5144224,1.2814958
2918,DUSP9,6.5641704,2.564192
2919,DUT,0.35178095,3.937301
2920,DUX4,0.7033202,-0.10137675
2921,DVL2,-0.60058004,3.6445909
2922,DVL3,7.00361,1.4194169
2923,DXO,5.1058235,2.777837
2924,DYM,6.301186,0.39715174
2925,DYNC1H1,4.9365788,2.2670152
2926,DYNC1I2,7.8454394,3.6555574
2927,DYNC1LI1,7.244529,4.585483
2928,DYNC1LI2,7.1645393,2.399654
2929,DYNC2H1,6.156255,-2.466215
2930,DYNC2I1,6.0803285,3.2761307
2931,DYNC2I2,6.021912,2.4117315
2932,DYNC2LI1,6.5926104,1.7434667
2933,DYNLT1,3.3335428,2.8632388
2934,DYNLT2B,6.2465134,5.6116786
2935,DYNLT4,6.3339763,1.2640595
2936,DYRK1A,5.769868,1.8028145
2937,DYRK1B,4.265262,-1.4440228
2938,DYRK2,2.1226923,2.1207795
2939,DYRK3,2.4719498,1.3727281
2940,DYRK4,4.935841,0.3077618
2941,DYSF,8.798879,1.4612595
2942,DZANK1,-0.533531,-1.0579959
2943,DZIP1,2.2039874,2.9473505
2944,DZIP1L,6.1222343,5.959222
2945,DZIP3,4.9896975,0.4680298
2946,E2F1,2.158052,2.1608808
2947,E2F3,1.9847809,3.2684484
2948,E2F4,1.1725127,2.7257018
2949,E2F5,2.4751232,1.2808467
2950,E2F6,1.6480855,1.8196567
2951,E2F7,-0.5006057,2.3197637
2952,E2F8,3.1482978,0.86682886
2953,E4F1,0.68737483,3.6422448
2954,EAF1,0.05447103,3.2677965
2955,EAPP,0.50892395,2.505025
2956,EARS2,7.0051465,-2.6432798
2957,EBAG9,5.896879,-0.35820717
2958,EBF2,0.850688,1.7084106
2959,EBLN2,1.9735465,1.5472449
2960,EBNA1BP2,-0.1552466,-0.9129765
2961,EBPL,8.335382,-0.5262421
2962,ECD,3.5938828,4.092748
2963,ECEL1,1.9916874,4.5855846
2964,ECH1,7.018699,-2.9179559
2965,ECHDC1,5.1826534,-0.39437982
2966,ECHDC2,6.7863398,-2.6862357
2967,ECHS1,6.998304,-2.4057536
2968,ECI1,7.0706553,-2.6330004
2969,ECI2,5.1565266,-1.2131426
2970,ECM1,5.427563,1.901007
2971,ECM2,7.365287,3.7917583
2972,ECPAS,0.732761,2.0407107
2973,ECSCR,4.8142653,3.4858665
2974,ECSIT,4.896823,3.5521321
2975,ECT2,3.9580064,3.7582262
2976,EDA,4.972599,-0.6547463
2977,EDA2R,8.30106,0.88001496
2978,EDARADD,3.4475253,2.7731333
2979,EDC3,4.779975,-0.67968714
2980,EDC4,4.317567,-1.3116752
2981,EDEM1,3.1559708,0.097748056
2982,EDEM3,8.274342,-0.34468716
2983,EDF1,5.6842575,4.275536
2984,EDIL3,9.21806,2.0383205
2985,EDN1,4.1057897,1.1360767
2986,EDN2,7.3298845,1.2560296
2987,EDNRA,7.121195,3.3800585
2988,EDNRB,7.6796017,2.562254
2989,EDRF1,3.454687,4.2396784
2990,EEA1,5.3004174,-0.48249036
2991,EED,3.4144993,4.3635163
2992,EEF1A2,8.318491,4.4219513
2993,EEF1AKMT1,7.9354396,4.339877
2994,EEF1AKMT2,3.1791964,2.0022435
2995,EEF1AKMT3,5.0164375,0.7352008
2996,EEF1B2,8.810375,4.2995586
2997,EEF1D,4.902703,2.2263126
2998,EEF1E1,3.0521796,3.768559
2999,EEF1G,6.5495076,1.5204009
3000,EEF2,8.012625,3.9206927
3001,EEF2K,2.8048606,0.28450534
3002,EEFSEC,2.603312,1.7453398
3003,EEPD1,1.2927252,2.6745458
3004,EFCAB11,6.654496,1.0129617
3005,EFCAB12,1.3484039,3.8920102
3006,EFCAB13,2.98788,2.57514
3007,EFCAB14,5.4318776,0.84281594
3008,EFCAB2,7.586442,2.7178328
3009,EFCAB6,2.1959825,3.7330408
3010,EFCAB7,6.2485766,0.6533458
3011,EFEMP1,6.145385,-1.6589261
3012,EFHB,5.8641706,-0.99559546
3013,EFHC2,2.5811338,3.745315
3014,EFHD1,5.0167303,0.51670194
3015,EFHD2,6.2490644,1.8766725
3016,EFL1,8.428054,3.03894
3017,EFNA2,6.3691916,5.8323135
3018,EFNA5,6.56777,0.27830032
3019,EFNB1,8.730946,4.1519775
3020,EFNB2,3.2996309,3.5748959
3021,EFR3A,7.237259,1.2512429
3022,EFR3B,8.098437,2.0444806
3023,EFS,4.5738344,3.935316
3024,EFTUD2,4.124014,3.4629145
3025,EGFL8,4.4144106,-0.42597187
3026,EGFR,7.304976,4.0697656
3027,EGLN1,6.2227416,-1.0720186
3028,EGLN2,2.844554,0.34924337
3029,EGLN3,8.083327,3.6606183
3030,EGR1,0.055818107,3.0536036
3031,EGR2,1.7478534,2.3609173
3032,EGR3,1.0571905,3.907394
3033,EHBP1,6.9444647,3.4874556
3034,EHBP1L1,7.7855477,1.5901662
3035,EHD1,8.236984,1.4252121
3036,EHD2,6.2575994,5.793133
3037,EHF,1.1462237,3.6423402
3038,EHMT1,-0.91878295,3.7730978
3039,EHMT2,-1.2294447,3.5732603
3040,EI24,8.228727,-0.12142989
3041,EID1,3.2344441,3.3145216
3042,EID2,1.3266064,2.2870543
3043,EID3,0.51257044,1.9105481
3044,EIF1AD,4.6758823,0.9513931
3045,EIF2A,6.0895963,0.6189825
3046,EIF2AK1,2.3981726,2.3819687
3047,EIF2AK2,8.8087635,4.164868
3048,EIF2AK4,6.11305,2.1815567
3049,EIF2B1,7.6557217,3.3196752
3050,EIF2B2,8.495291,1.8992379
3051,EIF2B3,7.6292377,2.5942512
3052,EIF2B4,8.815088,3.9748032
3053,EIF2B5,7.7166286,3.201982
3054,EIF2D,6.1080785,2.6722462
3055,EIF2S1,6.4375434,2.8605793
3056,EIF2S2,6.3406076,3.1001186
3057,EIF3A,4.7803845,2.9001067
3058,EIF3B,5.7088523,3.7405248
3059,EIF3C,8.828021,3.4030187
3060,EIF3D,8.895129,4.1403575
3061,EIF3E,8.918905,4.268314
3062,EIF3G,9.529514,4.489522
3063,EIF3H,8.759958,4.2555594
3064,EIF3I,6.8135834,1.4576849
3065,EIF3J,8.337129,4.4188128
3066,EIF3K,8.540422,3.2829292
3067,EIF3L,0.79607797,-0.24445291
3068,EIF3M,6.280572,3.390586
3069,EIF4A3,0.8350422,2.7503254
3070,EIF4B,8.851043,3.452077
3071,EIF4E,8.9928465,3.9691825
3072,EIF4E2,6.9021645,-1.8359637
3073,EIF4E3,0.74234635,0.90671813
3074,EIF4EBP1,3.9331853,3.0593417
3075,EIF4EBP2,6.1758857,-2.7056003
3076,EIF4ENIF1,4.6647506,-0.7999269
3077,EIF4G1,9.512301,4.4656596
3078,EIF4G2,7.6085076,2.8102517
3079,EIF4G3,7.955391,3.0951886
3080,EIF4H,6.4975934,4.3482175
3081,EIF5,8.013201,2.741627
3082,EIF5A,7.533296,3.9236667
3083,EIF5A2,5.2169294,-0.21359836
3084,EIF5B,8.445053,4.404766
3085,EIF6,1.3925531,2.5161498
3086,EIPR1,2.671607,3.9031594
3087,ELAC1,2.8084033,2.4868662
3088,ELAC2,1.1628959,2.8402522
3089,ELAPOR1,8.055037,1.1296345
3090,ELAPOR2,6.0885143,2.3133318
3091,ELAVL1,2.5270534,3.2570262
3092,ELAVL2,2.318322,2.059274
3093,ELAVL4,4.7266283,3.2004309
3094,ELF1,-0.7685033,2.5878382
3095,ELF2,1.5987678,3.0730982
3096,ELF3,0.005718116,2.9954815
3097,ELF4,3.3984728,3.0083055
3098,ELF5,2.179872,0.56922084
3099,ELFN1,2.7041636,1.0523554
3100,ELFN2,0.80296534,3.3981023
3101,ELK1,0.77635914,2.418484
3102,ELK3,0.8594277,3.4256442
3103,ELK4,2.1721902,3.1712062
3104,ELL,2.8190508,3.5001602
3105,ELL2,-0.57818633,3.268679
3106,ELL3,2.52252,2.374824
3107,ELMO2,4.8829064,-0.18751086
3108,ELMO3,8.186995,0.93144315
3109,ELMOD1,4.2851152,3.497844
3110,ELMOD2,6.510745,2.4058244
3111,ELN,5.192052,-0.19085145
3112,ELOA,1.9785792,2.829536
3113,ELOA2,2.6579134,2.7832422
3114,ELOC,8.3533125,1.0583802
3115,ELOF1,9.199659,4.173083
3116,ELOVL1,7.756195,-0.3211579
3117,ELOVL3,6.969896,2.9355888
3118,ELOVL5,8.453106,-0.51808697
3119,ELP1,6.7877417,2.8685083
3120,ELP2,5.00959,2.6083653
3121,ELP3,7.3680573,1.5886254
3122,ELP4,1.250214,2.222103
3123,ELP5,3.24006,2.023774
3124,ELP6,3.6726499,2.6380289
3125,EMC6,2.6334407,1.1619895
3126,EMC8,6.845668,-1.8776764
3127,EMD,1.7775667,5.9561644
3128,EME1,0.032485764,3.0730722
3129,EMG1,-1.1270131,4.148935
3130,EMILIN3,5.509735,0.6738026
3131,EML2,4.6624584,-0.518592
3132,EML4,6.476849,6.531469
3133,EML6,6.13565,-2.2494998
3134,EMP1,5.2418747,-0.08600881
3135,EMP2,1.2979846,2.7302012
3136,EMP3,7.947439,1.4835821
3137,EMSY,-0.034671545,2.5658705
3138,EMX1,0.37024698,-0.91709644
3139,EMX2,1.5989012,0.87786233
3140,EN1,-0.31602734,-0.6593065
3141,EN2,1.3950531,1.3331391
3142,ENAH,8.996905,2.1341846
3143,ENC1,7.881348,2.9631257
3144,ENDOD1,2.374749,5.3910413
3145,ENG,8.871019,2.077414
3146,ENGASE,6.770121,1.5800072
3147,ENKD1,7.5703287,2.2601035
3148,ENO1,6.937729,4.5113974
3149,ENO3,7.569019,4.4377213
3150,ENO4,6.6893497,-2.8460546
3151,ENOPH1,-1.1375079,3.738093
3152,ENOX1,8.060889,1.4940722
3153,ENOX2,7.2049575,3.0548651
3154,ENPP2,3.627425,1.8054315
3155,ENPP5,4.4155045,2.2450595
3156,ENPP6,5.7262826,-0.23364791
3157,ENSA,2.6886446,3.8882697
3158,ENSG00000144785,2.2024012,0.9075028
3159,ENSG00000187186,1.5234592,-0.52639425
3160,ENSG00000198211,6.3198366,6.003959
3161,ENSG00000255835,1.7692578,2.9934428
3162,ENSG00000272822,0.28999245,4.041632
3163,ENSG00000283886,2.127378,1.8452735
3164,ENTPD1,6.343905,6.1722374
3165,ENTPD4,6.326001,-0.25660026
3166,ENTPD6,5.1487193,-0.2707233
3167,ENTPD7,1.6340728,2.8426886
3168,ENTPD8,3.0407383,2.7628198
3169,ENTREP2,2.0102305,1.3498396
3170,ENTREP3,3.1055832,2.0311556
3171,ENY2,5.9671555,-2.573442
3172,EOGT,2.3108919,4.2636395
3173,EOMES,5.8665733,-2.106007
3174,EP300,1.582467,4.1785474
3175,EP400,-0.2553505,3.0542045
3176,EPAS1,2.9411197,3.4937415
3177,EPB41,8.108554,2.4270375
3178,EPB41L1,8.971162,1.5978392
3179,EPB41L2,8.770808,2.201131
3180,EPB41L3,9.117133,2.0785608
3181,EPB41L4A,5.639401,3.9616716
3182,EPB41L4B,7.2761297,1.7665826
3183,EPB41L5,7.773467,2.511806
3184,EPB42,5.55188,3.213586
3185,EPC1,2.1201077,1.0744706
3186,EPC2,3.0815108,2.895368
3187,EPCAM,7.9490685,0.948101
3188,EPG5,-0.21482117,2.9330354
3189,EPGN,2.7866309,1.8294412
3190,EPHA2,8.427091,2.2594252
3191,EPHA3,5.8172836,3.870605
3192,EPHA6,0.9143503,2.4244823
3193,EPHB1,6.8606334,3.9612126
3194,EPHB2,8.863939,1.6595875
3195,EPHB6,-1.4192324,3.8476548
3196,EPHX2,6.2077327,0.9851928
3197,EPHX3,-1.4585052,3.8458571
3198,EPHX4,6.666976,0.6765634
3199,EPM2A,2.3690417,1.7307676
3200,EPN1,7.591563,3.4555633
3201,EPN2,5.964938,0.7866797
3202,EPN3,7.8209605,0.937454
3203,EPOP,1.9107565,1.496644
3204,EPOR,2.791627,2.610798
3205,EPPK1,7.591299,0.82987833
3206,EPRS1,8.937444,4.318871
3207,EPS15,7.6651216,2.2391593
3208,EPS15L1,7.1701217,0.71199536
3209,EPS8,8.393427,1.3436459
3210,EPS8L1,5.261245,2.2949789
3211,EPS8L2,7.6355214,2.9713717
3212,EPS8L3,7.357977,0.6627276
3213,EQTN,8.114487,2.2807863
3214,ERAL1,6.801112,-1.6001854
3215,ERAP1,4.6110363,3.751
3216,ERAP2,4.345499,0.5688287
3217,ERBB2,4.438413,3.0841634
3218,ERBB3,9.197131,1.9729826
3219,ERBIN,9.067053,2.0725553
3220,ERC1,7.527026,2.409939
3221,ERCC1,1.1646599,2.787409
3222,ERCC2,3.318692,3.1847563
3223,ERCC3,1.8403909,2.6359978
3224,ERCC4,1.3165643,2.4767694
3225,ERCC6,0.853261,2.5100338
3226,ERCC6L,6.0871034,4.021598
3227,ERCC6L2,2.7915447,1.5667409
3228,ERCC8,2.4519355,3.0750022
3229,EREG,7.4033766,0.88030314
3230,ERF,3.5235658,2.7979467
3231,ERG,3.5578096,4.087366
3232,ERGIC1,2.2173522,2.4998567
3233,ERGIC2,0.57054126,-0.9685489
3234,ERH,-0.3827945,3.8470027
3235,ERI1,6.2511306,5.7541804
3236,ERI2,3.020994,1.8520104
3237,ERI3,5.894515,2.7661684
3238,ERICH1,1.3753985,1.1635197
3239,ERICH2,0.41740742,-0.83153
3240,ERICH4,3.8021939,3.15704
3241,ERICH5,6.1203127,3.6446126
3242,ERLIN1,8.407641,-0.67250013
3243,ERLIN2,8.005775,0.04249658
3244,ERMAP,6.222368,-1.2501248
3245,ERMARD,7.002814,1.0045561
3246,ERMN,7.9529414,2.7189407
3247,ERN2,6.8017697,2.8386517
3248,ERP29,5.9667716,5.9819336
3249,ERRFI1,6.302083,3.4710588
3250,ERV3-1,4.5959682,-1.1228375
3251,ERVFRD-1,4.6980047,2.8553243
3252,ERVMER34-1,1.454163,2.5523045
3253,ESAM,6.0676494,0.2901991
3254,ESCO2,3.5348864,0.77350956
3255,ESD,4.431418,0.80211943
3256,ESF1,0.39995798,-0.03369935
3257,ESPL1,5.3219447,-0.50089157
3258,ESPN,5.2529716,-1.1140709
3259,ESR1,5.519651,2.2028356
3260,ESR2,0.85553855,4.09145
3261,ESRP1,0.93191546,2.7167356
3262,ESRP2,1.0921062,4.1296353
3263,ESRRA,6.337591,6.4656353
3264,ESRRB,6.5124907,1.122585
3265,ESRRG,2.7900372,0.41037872
3266,ESS2,-0.37976304,4.183003
3267,ESX1,0.52857196,3.7879777
3268,ESYT1,8.503145,-0.49861723
3269,ESYT2,7.5803905,2.1898508
3270,ETAA1,3.158481,3.9479043
3271,ETFA,7.2244787,-3.3733478
3272,ETFB,7.0784454,-2.9507413
3273,ETHE1,6.9968486,-2.5725672
3274,ETNK1,5.171915,4.015297
3275,ETNPPL,-0.62272584,3.3917494
3276,ETS1,0.43573365,4.031086
3277,ETS2,3.9087706,2.845641
3278,ETV1,1.0741485,1.3991039
3279,ETV3,1.9679664,3.154115
3280,ETV4,0.021330278,-0.46254817
3281,ETV5,-0.2475991,3.9626002
3282,ETV6,5.684999,4.167162
3283,ETV7,1.7863854,1.9958589
3284,EVA1A,5.970206,1.7601821
3285,EVA1B,5.8768806,2.2743344
3286,EVC2,6.0594463,5.7979126
3287,EVI2B,8.549814,1.5970293
3288,EVI5,4.819536,1.286886
3289,EVI5L,3.0071185,1.030345
3290,EVL,6.5218496,0.25908804
3291,EVPL,7.5706472,0.58739525
3292,EVPLL,2.4485507,1.8233984
3293,EVX1,1.0971992,1.7687224
3294,EWSR1,-1.5236536,4.3538136
3295,EXD2,6.7726293,-3.1188908
3296,EXD3,8.646152,1.6055903
3297,EXO1,1.959581,3.7106235
3298,EXO5,4.3111115,3.407623
3299,EXOC1,6.2757826,6.0263495
3300,EXOC2,5.406709,-0.7439447
3301,EXOC3,2.3322117,1.4161868
3302,EXOC3L1,7.7904277,3.1496928
3303,EXOC3L2,5.1328807,1.339122
3304,EXOC4,0.724293,-0.75749695
3305,EXOC6,1.3805543,3.8254364
3306,EXOC6B,2.8961964,3.9483163
3307,EXOC7,7.303412,4.0138655
3308,EXOC8,7.929825,-0.22421414
3309,EXOG,5.955227,-2.0063546
3310,EXOSC1,2.233234,0.85431087
3311,EXOSC10,0.6881975,-0.50285923
3312,EXOSC2,1.5784446,1.9271988
3313,EXOSC3,1.0606867,2.9623816
3314,EXOSC4,4.5014663,-0.98524135
3315,EXOSC5,0.04565942,-0.78336823
3316,EXOSC7,-0.31873658,1.6273875
3317,EXOSC8,5.232723,0.75138134
3318,EXOSC9,1.0638596,-0.059459943
3319,EXT2,4.6298246,0.5539923
3320,EXTL1,3.302467,-0.1406831
3321,EXTL2,3.1693032,2.9990292
3322,EYA1,-0.251194,3.687022
3323,EYA2,7.975782,3.2426648
3324,EYA3,0.6713463,2.7556176
3325,EYA4,1.4269651,2.3015127
3326,EZH1,2.3066602,2.7540042
3327,EZH2,0.8701215,3.8365946
3328,EZHIP,0.2801783,4.2103896
3329,EZR,9.2095995,2.0534952
3330,F11,6.2183604,0.16061413
3331,F11R,6.3951077,6.471313
3332,F2RL1,4.560208,0.8185635
3333,F2RL3,7.8954797,3.6659977
3334,F3,5.135622,0.022809757
3335,F5,3.887529,1.3469942
3336,F7,7.12737,-2.9214442
3337,FA2H,1.968016,5.281933
3338,FAAH,7.5307636,2.6561494
3339,FAAP100,3.0225306,3.1738663
3340,FAAP20,0.72526884,3.226419
3341,FAAP24,2.7070007,3.031762
3342,FABP1,5.830641,4.2026277
3343,FABP2,7.165553,1.4209236
3344,FABP3,4.4570265,0.1997104
3345,FABP5,7.500132,2.269076
3346,FABP7,1.2330451,1.4077194
3347,FADD,5.778242,4.060281
3348,FADS2,8.354284,1.8201418
3349,FADS3,2.522028,0.37357762
3350,FAF1,1.2468106,1.0621216
3351,FAF2,7.0945477,-0.33164462
3352,FAH,5.762378,3.4987
3353,FAHD1,6.284393,-2.4327886
3354,FAIM,6.7670813,3.4157436
3355,FAIM2,7.093256,-0.05087031
3356,FAM102A,6.9990044,1.7919979
3357,FAM102B,1.2690061,-0.60026944
3358,FAM104A,3.601518,3.7781818
3359,FAM107A,-0.62351584,1.6679556
3360,FAM107B,1.779252,2.3635256
3361,FAM110A,2.4237838,2.447076
3362,FAM110B,6.3699665,1.8660425
3363,FAM111A,0.35237747,-0.36538893
3364,FAM111B,3.3503418,3.9708452
3365,FAM114A1,6.9125624,1.6329507
3366,FAM114A2,7.6478186,-0.24911876
3367,FAM117A,3.6305416,2.9284437
3368,FAM117B,1.4644008,2.917203
3369,FAM118A,5.463856,1.3834022
3370,FAM120A,8.749962,3.4079537
3371,FAM120B,4.1649184,4.164856
3372,FAM120C,2.0084407,5.401829
3373,FAM124A,2.940838,3.6113822
3374,FAM124B,2.5729375,2.5108938
3375,FAM131A,0.17223015,-0.44613653
3376,FAM131B,3.473166,3.348585
3377,FAM131C,6.97974,1.0778877
3378,FAM135A,3.028364,1.9439143
3379,FAM135B,1.7972522,5.877501
3380,FAM136A,6.061211,-2.3600464
3381,FAM13A,6.6549277,2.1954932
3382,FAM13B,-0.24582121,2.9748418
3383,FAM13C,4.2141423,4.097183
3384,FAM149A,7.764633,-0.3971573
3385,FAM149B1,1.2807244,1.165286
3386,FAM151B,6.870565,2.3292954
3387,FAM161B,4.266141,3.7715082
3388,FAM162A,7.197198,-2.2884421
3389,FAM163B,5.2818637,3.0428638
3390,FAM166C,1.8195114,5.7844
3391,FAM167A,6.9894514,-1.7636904
3392,FAM167B,8.977587,1.9938706
3393,FAM168A,2.4560313,1.7911807
3394,FAM169A,5.071145,1.0778661
3395,FAM171A1,8.828941,1.5796114
3396,FAM171B,0.41233802,3.4369435
3397,FAM172A,3.0538795,3.6847782
3398,FAM174A,5.735292,0.565618
3399,FAM174B,6.811196,0.29790714
3400,FAM174C,3.1804745,3.1971455
3401,FAM177A1,4.7941527,-1.0793028
3402,FAM178B,1.23089,1.4741894
3403,FAM180A,1.0143317,2.943278
3404,FAM181B,6.9840665,-2.9943814
3405,FAM184A,4.4996915,1.3038088
3406,FAM185A,6.073999,0.45722094
3407,FAM186A,1.907316,1.607987
3408,FAM193A,7.1300607,0.9729365
3409,FAM193B,0.5058531,0.22535639
3410,FAM199X,4.254198,0.9327243
3411,FAM204A,0.8573907,1.4176263
3412,FAM205A,7.5270305,4.019643
3413,FAM209A,5.851585,1.891059
3414,FAM20B,3.7519593,-0.36459792
3415,FAM20C,3.2878046,1.9380858
3416,FAM210A,5.8702784,-2.4153166
3417,FAM210B,8.644535,2.5070038
3418,FAM216A,9.091267,1.4960321
3419,FAM217B,0.99098057,3.0462158
3420,FAM219A,4.0992427,0.9747348
3421,FAM219B,1.7672867,4.011515
3422,FAM220A,5.859929,0.45471105
3423,FAM221A,6.7550826,3.579748
3424,FAM222A,4.2719274,0.5659067
3425,FAM222B,2.9075618,2.7809625
3426,FAM227A,1.6729879,3.3422604
3427,FAM227B,0.28202996,1.5777949
3428,FAM228A,2.0846727,2.9479027
3429,FAM228B,4.2315907,0.19455636
3430,FAM229B,2.519212,1.6847727
3431,FAM234A,3.0015852,0.754828
3432,FAM234B,8.169712,-0.8084787
3433,FAM240C,-0.4394611,2.894145
3434,FAM241A,5.253314,0.4431438
3435,FAM241B,3.7250335,3.2438076
3436,FAM32A,-0.17800279,-0.034189854
3437,FAM3A,0.50399405,-0.19031218
3438,FAM3B,4.9560347,-0.12096244
3439,FAM3C,3.9679804,-0.14555714
3440,FAM43A,5.8433623,-0.12664105
3441,FAM43B,6.7282968,0.70479757
3442,FAM50A,0.19328226,4.513418
3443,FAM50B,0.9433381,3.538502
3444,FAM53A,4.9564314,3.0252604
3445,FAM53B,7.117552,2.5179088
3446,FAM76A,3.7270336,0.7527247
3447,FAM76B,1.2878411,2.3737338
3448,FAM78A,4.8937073,-0.27335978
3449,FAM78B,5.0506396,-0.35459313
3450,FAM81A,4.5674844,2.6131814
3451,FAM83A,3.616285,2.683497
3452,FAM83D,6.1739016,1.1575953
3453,FAM83E,6.353578,1.9339164
3454,FAM83F,6.7817817,-2.9955602
3455,FAM83G,6.8380775,1.7376316
3456,FAM83H,9.075835,4.0538445
3457,FAM89A,4.2189236,1.8427535
3458,FAM8A1,5.433355,0.08639179
3459,FAM90A27P,8.569654,3.338647
3460,FAM91A1,6.1012044,5.8565164
3461,FAM98A,4.811365,-1.4372871
3462,FAM98B,-0.45467776,4.3003545
3463,FAM98C,2.902717,2.4895892
3464,FAM9B,0.4003428,4.2065144
3465,FAN1,2.6061637,1.7300054
3466,FANCA,1.9285973,2.7295856
3467,FANCC,1.8714306,1.5211449
3468,FANCD2,3.2297215,3.9659197
3469,FANCD2OS,5.7963266,0.2624151
3470,FANCE,0.43617713,3.8372662
3471,FANCF,2.186733,1.2264441
3472,FANCG,6.111381,1.7588669
3473,FANCI,2.7911966,2.3381617
3474,FANCL,5.131517,1.6096373
3475,FANCM,1.9130678,1.9017683
3476,FANK1,1.6581527,2.6918674
3477,FAR1,4.571421,0.10604915
3478,FAR2,7.01327,-2.4424448
3479,FARP1,8.317619,3.129699
3480,FARP2,6.4915767,0.8767317
3481,FARSA,7.794361,3.5740068
3482,FARSB,3.1561036,3.3506112
3483,FAS,5.685903,3.3948493
3484,FASN,8.118149,4.5216165
3485,FASTK,6.227749,-2.4231892
3486,FASTKD2,6.7290454,-2.3020754
3487,FASTKD3,5.946591,-2.7130194
3488,FAT2,5.1745462,0.58432835
3489,FAT3,3.5851145,2.130358
3490,FAT4,8.034655,3.5266562
3491,FAU,9.016743,4.0563745
3492,FAXC,2.400626,3.6949801
3493,FBF1,6.106864,-0.80212045
3494,FBL,0.471575,-0.88748115
3495,FBLIM1,8.43383,0.9377811
3496,FBLN1,7.003785,1.7953467
3497,FBLN2,6.878728,1.1660165
3498,FBLN5,7.148194,2.192604
3499,FBLN7,7.6412954,1.9023774
3500,FBN1,3.8609579,1.0171077
3501,FBP1,6.3233767,-1.3951529
3502,FBP2,7.1946864,1.7636833
3503,FBRS,1.5321357,2.802345
3504,FBRSL1,4.125106,4.2750344
3505,FBXL12,6.732606,-3.1084304
3506,FBXL17,0.34254807,3.7311893
3507,FBXL18,5.516473,3.4269187
3508,FBXL19,-0.38315457,3.4772723
3509,FBXL2,0.7296767,0.05937029
3510,FBXL20,6.447678,6.6135635
3511,FBXL22,8.746012,3.3384392
3512,FBXL3,2.6170285,0.40007752
3513,FBXL4,-0.6156088,2.9418755
3514,FBXL6,0.35645086,3.1330338
3515,FBXL8,5.231103,-0.29622844
3516,FBXO10,5.4788594,1.7601962
3517,FBXO11,2.0304637,2.229353
3518,FBXO16,5.4333644,4.21344
3519,FBXO2,4.3986125,3.518496
3520,FBXO21,6.0804286,-1.8517629
3521,FBXO27,1.6656075,1.6246893
3522,FBXO28,1.4803435,2.4362733
3523,FBXO3,4.8280606,3.7385447
3524,FBXO30,6.3574657,6.309641
3525,FBXO31,2.0137112,1.475997
3526,FBXO32,4.297142,3.328033
3527,FBXO33,1.0990098,3.3646092
3528,FBXO34,0.37454194,2.7917747
3529,FBXO36,1.3987416,1.533334
3530,FBXO38,5.322565,3.9625251
3531,FBXO4,1.643863,2.5630646
3532,FBXO41,3.298275,2.3185716
3533,FBXO42,-0.084043734,2.9098248
3534,FBXO44,-0.800904,4.236909
3535,FBXO45,6.644175,1.3671408
3536,FBXO46,3.1363685,3.5091274
3537,FBXO48,-0.5454107,1.833389
3538,FBXO5,2.0965211,3.8263927
3539,FBXO7,2.861452,3.850721
3540,FBXO8,1.8602455,3.5712721
3541,FBXO9,4.858792,1.727466
3542,FBXW10B,0.24506664,-0.43981743
3543,FBXW11,6.6706924,3.931553
3544,FBXW12,6.070276,2.3165777
3545,FBXW2,1.8403165,2.9829752
3546,FBXW4,4.552932,0.32851583
3547,FBXW5,6.29423,-1.8809756
3548,FBXW7,4.7302656,-1.1674658
3549,FBXW8,5.330933,-0.24812002
3550,FBXW9,7.3084836,1.6285315
3551,FCAR,9.112681,1.877644
3552,FCF1,-0.65383136,2.933723
3553,FCGBP,5.662661,1.9381801
3554,FCGR1A,7.0631037,1.2481704
3555,FCHO1,1.4573531,3.9553971
3556,FCHO2,7.4714828,2.020572
3557,FCHSD1,3.8325891,2.4298623
3558,FCHSD2,8.809933,1.6947256
3559,FCMR,7.497215,2.3245475
3560,FCRLB,6.924394,3.125618
3561,FCSK,6.311603,0.29294243
3562,FDFT1,8.137889,-0.49476403
3563,FDPS,4.461363,3.5054562
3564,FDX1,6.8595777,-2.0705578
3565,FDXACB1,4.693899,2.5256972
3566,FDXR,7.2623143,-3.5650187
3567,FEM1A,4.43894,0.7140935
3568,FEM1B,2.0715592,2.9930038
3569,FEM1C,1.1720104,4.0855293
3570,FEN1,0.20194548,4.277683
3571,FER,6.336216,2.5059144
3572,FERMT2,5.4106836,1.5299488
3573,FERMT3,1.3944228,1.9708962
3574,FES,3.359151,3.0890653
3575,FETUB,5.438883,-0.49896735
3576,FEV,-0.7123485,1.8360786
3577,FEZ1,6.2807016,5.736342
3578,FEZ2,1.3450528,-0.5592417
3579,FEZF1,6.845563,1.9290446
3580,FFAR1,5.7422633,4.3399906
3581,FFAR4,7.6108494,1.3836399
3582,FGA,8.460538,-0.60789686
3583,FGB,4.397317,1.9676814
3584,FGD1,6.606844,2.729182
3585,FGD3,4.7365522,2.977828
3586,FGD4,9.115799,1.7201147
3587,FGD5,8.402316,0.91685295
3588,FGD6,4.547732,-1.5279222
3589,FGF1,1.7691286,2.773138
3590,FGF11,4.7329297,-0.023616035
3591,FGF12,3.9381528,3.2632864
3592,FGF13,8.103671,3.026832
3593,FGF14,0.3531967,-1.0694433
3594,FGF2,1.8971081,3.5239263
3595,FGF7,0.7799159,1.8803482
3596,FGFR1OP2,6.3025794,-2.3551922
3597,FGFR2,8.495577,0.9272249
3598,FGFR3,7.0257792,1.3550932
3599,FGFRL1,4.5741177,-0.6165073
3600,FGG,7.9928403,-0.5505001
3601,FGGY,-0.3273543,2.8979723
3602,FGR,8.93772,1.5423169
3603,FH,6.6275964,-1.9028729
3604,FHIP1A,7.137143,2.0494282
3605,FHIP1B,7.2703934,-3.5692914
3606,FHIP2A,3.7154248,3.4442074
3607,FHIP2B,3.876937,3.2753503
3608,FHIT,7.029926,3.3567805
3609,FHL1,6.478149,2.2275858
3610,FHL2,8.655533,1.8962573
3611,FHL3,1.441711,1.5761112
3612,FHOD1,7.1551642,2.6951673
3613,FIBCD1,6.0950303,5.3184686
3614,FIBP,0.11742924,1.6139978
3615,FICD,-0.5350217,2.3998432
3616,FIG4,4.6260176,-0.0305819
3617,FILIP1,8.90223,2.1131175
3618,FILIP1L,8.705286,0.6759217
3619,FIP1L1,-1.3462243,3.7655292
3620,FIS1,6.9312325,-2.3288884
3621,FIZ1,0.6468827,2.326627
3622,FJX1,6.2838597,5.6590476
3623,FKBP10,5.9307084,-2.4286823
3624,FKBP11,6.6316934,1.6552908
3625,FKBP14,5.461735,4.30657
3626,FKBP15,1.1170036,-0.44735107
3627,FKBP1B,5.2045355,0.7659647
3628,FKBP2,8.275067,1.172579
3629,FKBP3,8.134313,3.9446003
3630,FKBP4,6.7088118,4.448369
3631,FKBP5,0.72147334,3.3601663
3632,FKBP6,6.459432,-1.1767846
3633,FKBP7,8.228829,-0.7502056
3634,FKBP8,8.52992,-0.68137157
3635,FKBP9,4.389696,1.0723678
3636,FKBPL,2.2188683,2.7205336
3637,FKRP,3.269253,1.8967068
3638,FLACC1,7.579293,1.8673292
3639,FLAD1,7.9409623,-0.06191855
3640,FLCN,7.812141,2.8661256
3641,FLG,3.431763,0.34270033
3642,FLI1,5.823488,1.9413198
3643,FLII,4.452659,3.4869912
3644,FLNA,9.042832,2.2550838
3645,FLNB,8.366799,1.948386
3646,FLNC,8.178071,4.518901
3647,FLOT1,5.4450207,0.3732216
3648,FLOT2,8.582828,1.5358133
3649,FLRT3,8.617323,1.4871541
3650,FLT1,8.671125,0.788922
3651,FLT3,7.1771965,2.6498492
3652,FLT4,3.7818751,3.2693164
3653,FLVCR1,8.339434,1.3256184
3654,FLYWCH1,4.8529325,3.6149707
3655,FLYWCH2,0.70478165,2.9564116
3656,FMC1,7.250309,-3.4761074
3657,FMN1,2.748302,0.5649281
3658,FMN2,6.6787744,3.8664331
3659,FMNL1,6.9640536,1.8743814
3660,FMNL2,5.822917,2.1201203
3661,FMNL3,7.7477627,2.1842184
3662,FMO4,5.2762685,-0.06816693
3663,FMO5,5.782961,1.820955
3664,FMR1,8.781687,3.3501468
3665,FN3K,4.74286,-0.5828608
3666,FN3KRP,0.28912416,2.0285873
3667,FNBP1,6.6947317,2.0801692
3668,FNBP1L,5.7803907,-0.43211108
3669,FNBP4,0.1985818,2.7534533
3670,FNDC1,-0.4018445,1.7441378
3671,FNDC11,0.1523064,2.969207
3672,FNDC3A,4.2663064,1.5990705
3673,FNDC3B,8.30701,-0.5112767
3674,FNDC4,2.5782652,2.324588
3675,FNDC7,9.154044,1.6930512
3676,FNDC8,8.358287,3.2492895
3677,FNIP2,5.5086994,1.6781807
3678,FNTA,7.031028,1.48388
3679,FNTB,6.2352095,2.6403444
3680,FOCAD,7.0716796,-2.531348
3681,FOS,0.46228275,3.3246682
3682,FOSB,2.7204945,1.2479504
3683,FOSL1,0.59459496,2.8173962
3684,FOSL2,1.2789047,4.115862
3685,FOXA1,0.6013813,4.2685437
3686,FOXA2,1.2171234,2.9321382
3687,FOXA3,-0.5520552,2.892014
3688,FOXB1,5.8511267,-2.6890438
3689,FOXC1,1.4788665,4.0744843
3690,FOXC2,2.1592202,3.2843666
3691,FOXD4L1,3.6499987,3.003712
3692,FOXF1,2.20727,1.9758235
3693,FOXF2,3.2340338,1.2061628
3694,FOXI1,0.57842195,-0.94236934
3695,FOXJ2,-0.81791997,4.314812
3696,FOXJ3,2.2318857,3.2539046
3697,FOXK1,-0.28856325,3.3968613
3698,FOXK2,0.6530028,4.0745745
3699,FOXL2,3.3109858,2.5027988
3700,FOXL2NB,0.56170124,-1.0446286
3701,FOXM1,1.027473,-0.08437641
3702,FOXN2,2.907864,2.0885863
3703,FOXN3,8.816906,1.6882237
3704,FOXN4,6.505711,-1.8950208
3705,FOXO1,4.537975,4.0231667
3706,FOXO3,1.3497667,2.7652888
3707,FOXO4,3.6173248,3.4729216
3708,FOXP1,2.724066,4.0678782
3709,FOXP2,-0.5100414,3.526784
3710,FOXP3,1.5030495,3.8037968
3711,FOXP4,0.33395183,3.8261166
3712,FOXQ1,1.4278235,3.0174243
3713,FOXR1,4.038928,4.352707
3714,FOXR2,-0.025158321,2.49656
3715,FOXRED1,6.1231103,-2.0879624
3716,FOXS1,6.483156,3.2107365
3717,FPR1,4.3311534,0.762872
3718,FRAT1,4.43137,-1.4667109
3719,FRAT2,1.8527567,4.4386725
3720,FREM2,6.527328,0.5258411
3721,FRK,1.6372153,1.8353684
3722,FRMD1,9.1313715,1.4346262
3723,FRMD3,4.066827,0.8616385
3724,FRMD4A,4.151496,0.76691437
3725,FRMD4B,4.221351,1.2701477
3726,FRMD6,6.5903664,-3.130736
3727,FRMD7,6.0426226,3.410444
3728,FRMD8,4.8120103,3.4347706
3729,FRS2,7.6483145,2.1617908
3730,FRYL,6.3341208,2.8165092
3731,FSBP,1.5756903,0.77419287
3732,FSCN1,7.199007,4.0728097
3733,FSD1L,5.1072745,2.1249228
3734,FSD2,8.482956,3.333547
3735,FSIP1,0.58976,2.8858936
3736,FSIP2,6.2970977,6.1669035
3737,FST,5.0325475,0.04440342
3738,FSTL1,7.0342336,1.984631
3739,FSTL3,2.8202512,1.5332662
3740,FSTL4,7.197968,-2.3534994
3741,FTCD,7.1145854,3.0615323
3742,FTCDNL1,5.380253,-0.38321057
3743,FTL,6.859173,1.3494313
3744,FTO,6.843288,1.7045722
3745,FTSJ1,6.316073,1.7590795
3746,FTSJ3,-0.5273076,-1.1180087
3747,FUBP1,-1.4834249,4.290252
3748,FUBP3,3.6396544,4.343459
3749,FUCA1,6.3399963,1.0113825
3750,FURIN,5.9474177,0.50767463
3751,FUS,-0.7713647,4.420618
3752,FUT10,8.061984,-0.682008
3753,FUT11,1.7649139,5.808596
3754,FUT2,7.0764475,2.440781
3755,FUT4,4.8487706,-0.55438125
3756,FUT6,4.933962,-0.60253215
3757,FUT7,4.927878,-0.17867048
3758,FUT8,4.5255065,1.6285601
3759,FUT9,6.813387,4.20067
3760,FUZ,5.9414606,1.8626987
3761,FXN,7.077699,1.3611188
3762,FXR1,9.2835245,4.144788
3763,FXR2,9.183401,4.080888
3764,FXYD1,2.5363228,3.2401702
3765,FXYD2,7.1498027,-2.5027585
3766,FXYD4,5.729563,1.7261797
3767,FXYD5,8.485128,-0.6941887
3768,FXYD6,4.3922195,3.612701
3769,FXYD6-FXYD2,1.9104968,5.5544987
3770,FYB1,8.559655,1.5047047
3771,FYCO1,5.6229815,0.89089864
3772,FYN,7.991541,1.7697147
3773,FYTTD1,0.87392443,1.882752
3774,FZD1,6.506163,2.8510492
3775,FZD10,1.3428828,2.4935791
3776,FZD2,1.8613708,2.1789875
3777,FZD3,3.2840354,0.41358486
3778,FZD4,7.0315037,3.5493844
3779,FZD6,6.8794484,3.3643994
3780,FZD7,3.9519222,-0.22256981
3781,FZD8,7.82778,3.7877831
3782,FZR1,1.8764918,5.5150757
3783,G2E3,6.2275014,1.5924813
3784,G3BP1,9.586566,4.39561
3785,G3BP2,8.893842,4.1997666
3786,G6PC3,8.237733,-0.38969183
3787,G6PD,7.8295474,3.2890375
3788,GAA,5.0222273,-0.65445536
3789,GAB1,7.9465265,2.4835088
3790,GAB2,7.463228,1.0428647
3791,GAB3,3.0639281,3.201782
3792,GABARAPL2,4.115679,2.8594186
3793,GABBR1,3.5444303,1.8222615
3794,GABPA,1.07156,3.1018195
3795,GABPB1,-0.46082723,3.1224782
3796,GABPB2,2.1175582,2.3944461
3797,GABRA5,5.927161,4.0176125
3798,GABRD,5.422394,0.5371645
3799,GABRG1,6.7282524,4.3511276
3800,GABRG3,6.281277,6.0031095
3801,GAD1,6.3271933,3.3408287
3802,GADD45A,1.8800771,1.581908
3803,GADD45B,2.7916248,2.7469964
3804,GADD45GIP1,6.857264,-2.6808987
3805,GADL1,7.3706098,3.9640872
3806,GAK,5.953511,0.71513456
3807,GAL,4.502638,0.6423666
3808,GAL3ST1,1.0131701,2.2785003
3809,GAL3ST4,1.9253925,4.0850735
3810,GALE,5.4115176,2.0550761
3811,GALK1,5.995726,4.0152054
3812,GALK2,3.5328417,2.4667916
3813,GALM,1.4545132,1.737719
3814,GALNS,6.265921,0.83716327
3815,GALNT10,8.865083,1.7957648
3816,GALNT12,3.790279,2.878428
3817,GALNT14,3.5155141,0.55800635
3818,GALNT15,5.9173193,1.983007
3819,GALNT16,5.3638415,2.3054872
3820,GALNT17,2.0077856,1.9243332
3821,GALNT18,6.391157,0.58712554
3822,GALNT2,3.8150144,-0.8506218
3823,GALNT3,3.7685587,-0.24749278
3824,GALNT5,4.9189973,0.7045626
3825,GALNT6,2.9200256,1.8795459
3826,GALNT7,3.934267,-0.4684346
3827,GALNT8,4.764239,-1.0090842
3828,GALNT9,4.727167,-0.74444914
3829,GALR1,5.587299,0.5854268
3830,GALT,7.1862583,2.5462766
3831,GAN,6.152024,5.2817764
3832,GANAB,8.528472,-0.58795995
3833,GANC,8.463302,3.0280442
3834,GAP43,7.7789207,2.9927452
3835,GAPDH,7.4772735,4.2142296
3836,GAPDHS,2.27037,1.5554698
3837,GAPT,6.059551,1.4073001
3838,GAPVD1,7.2492785,3.8893962
3839,GAR1,-1.3262498,4.296366
3840,GAREM1,3.3175104,3.6842334
3841,GAREM2,8.18944,3.259
3842,GARIN1A,2.0814443,2.229382
3843,GARIN1B,3.6565406,2.5413656
3844,GARIN4,-0.66057307,1.7409787
3845,GARIN5A,-0.57088655,-1.0906063
3846,GARNL3,5.1482515,-1.1089525
3847,GARRE1,1.559686,3.602678
3848,GARS1,7.5980062,2.3298566
3849,GART,6.729869,3.9117846
3850,GAS1,1.7306317,3.3035357
3851,GAS2,1.3773487,-0.1344277
3852,GAS2L1,7.6371665,1.9083976
3853,GAS6,6.8328567,2.1135924
3854,GAS7,8.906556,1.5977097
3855,GAS8,7.9757295,3.8969488
3856,GASK1A,6.82468,0.52156943
3857,GASK1B,2.0194864,3.375224
3858,GATA1,-0.6022675,4.0448785
3859,GATA2,1.3843892,3.6934774
3860,GATA3,-1.170237,3.954552
3861,GATA4,4.344734,-1.6113354
3862,GATA5,2.6458383,1.4553192
3863,GATA6,-0.48619053,4.1146765
3864,GATAD1,1.5311269,2.8599744
3865,GATAD2A,0.042045828,4.018259
3866,GATAD2B,0.81531304,3.2616405
3867,GATB,6.1506243,-1.8509629
3868,GATD1,1.5625726,2.5849845
3869,GATD3,6.242932,-1.7836087
3870,GATM,6.900927,-1.6576045
3871,GBA2,3.757288,2.9030209
3872,GBE1,6.884903,3.8376467
3873,GBF1,6.699458,0.6262203
3874,GBP2,2.9847329,2.7737129
3875,GBP4,6.8628726,-2.5494623
3876,GBX2,1.299598,3.538513
3877,GCA,7.0891595,3.0786104
3878,GCAT,1.4877014,1.298586
3879,GCC1,4.914659,0.08111218
3880,GCC2,4.2981987,1.7680202
3881,GCDH,7.1605325,-3.5034118
3882,GCFC2,2.2460086,2.491591
3883,GCG,8.350011,-0.77827156
3884,GCGR,3.849536,-0.02338364
3885,GCH1,0.62685204,4.4739065
3886,GCHFR,2.6652486,1.4680263
3887,GCK,5.957286,1.8582832
3888,GCKR,1.8068058,3.5808556
3889,GCLC,1.4239929,-0.06492098
3890,GCLM,6.1583443,3.8767643
3891,GCM1,4.3178062,-1.3366894
3892,GCN1,8.460383,4.2483687
3893,GCNA,1.2512878,2.7807016
3894,GCNT1,1.8741778,2.163958
3895,GCNT2,4.2941613,0.8054828
3896,GCNT3,5.565183,0.31725022
3897,GCNT4,1.5931355,1.5018063
3898,GCNT7,6.552415,0.9768036
3899,GCSAML,6.840012,2.7841077
3900,GDA,1.9875168,1.6663457
3901,GDAP1,6.6199036,-1.7405156
3902,GDAP1L1,7.133617,1.2723334
3903,GDAP2,8.642085,-0.7100424
3904,GDE1,3.1009982,2.7165082
3905,GDF10,4.0984144,0.15006715
3906,GDF11,2.0534077,1.7337344
3907,GDF15,4.3309536,-0.7807888
3908,GDF6,2.363598,1.5346867
3909,GDF7,5.461717,-0.8313413
3910,GDF9,6.197616,1.4970808
3911,GDNF,3.1639671,0.875986
3912,GDPD3,3.5283163,2.8354878
3913,GDPD5,3.7725253,-0.2606416
3914,GDPGP1,4.7712965,0.46952802
3915,GEMIN2,0.70904917,1.3999276
3916,GEMIN4,8.515831,3.5113273
3917,GEMIN5,5.6255937,3.05645
3918,GEMIN6,1.8873073,1.2591784
3919,GEMIN7,5.2802854,3.384772
3920,GEMIN8,2.905145,3.1988497
3921,GEN1,1.0175626,1.9588704
3922,GET3,1.3880945,0.17999473
3923,GET4,5.610464,4.172165
3924,GFAP,6.8000364,-0.12773196
3925,GFER,7.137626,1.2717885
3926,GFI1B,4.8582864,4.153213
3927,GFM1,6.3062897,-2.3993542
3928,GFM2,5.8526783,-1.7453667
3929,GFOD1,5.3729143,4.1560154
3930,GFOD2,3.0411701,2.8082087
3931,GFPT1,2.6136572,2.6790361
3932,GFPT2,4.903091,-0.72523403
3933,GFRA1,3.9961674,0.42786342
3934,GFRA2,7.1061087,1.9477494
3935,GFRA3,7.2473564,4.015827
3936,GFRAL,8.686559,1.8989922
3937,GFUS,5.893338,2.7665675
3938,GGA1,4.024979,1.8276618
3939,GGA2,4.970637,-0.2064691
3940,GGA3,4.273512,0.7003691
3941,GGN,4.381831,0.9627648
3942,GGNBP2,7.717119,0.3303254
3943,GGPS1,5.7542276,2.0253246
3944,GGT1,4.906681,0.054703265
3945,GGT5,-0.59705603,-1.1480576
3946,GGT7,3.4306602,1.424303
3947,GGTA1,6.0927386,3.587696
3948,GHITM,7.1854377,-2.5913625
3949,GHR,6.6784916,2.9399786
3950,GID4,6.3591347,2.3744414
3951,GID8,0.47847012,2.7916696
3952,GIGYF1,6.244455,5.587852
3953,GIGYF2,8.985447,3.8252683
3954,GIMAP2,1.3534157,2.967889
3955,GIMAP4,6.9990344,2.3836315
3956,GIMAP7,4.195696,1.0105997
3957,GIN1,2.6711802,0.97444314
3958,GINM1,7.4965405,2.2561364
3959,GINS1,-1.1455016,3.8977888
3960,GINS2,-0.30596107,3.417385
3961,GINS3,0.5181374,2.6732419
3962,GINS4,0.95829225,3.7425954
3963,GIPC1,8.412261,1.2110467
3964,GIPC2,2.4787886,4.083301
3965,GIPC3,0.32263356,3.2667098
3966,GIPR,5.633285,0.14090821
3967,GIT1,7.5551734,2.4271994
3968,GIT2,6.413525,5.877334
3969,GJA1,4.4615602,0.2972093
3970,GJB2,6.5485845,-1.7809793
3971,GJB3,8.340296,1.1467687
3972,GJB4,4.0646024,3.339681
3973,GJB6,4.2958,-1.580894
3974,GJB7,6.4149194,1.9726568
3975,GJC1,3.7063673,2.26257
3976,GJC2,8.34515,3.4704425
3977,GK5,5.2915745,4.160885
3978,GKAP1,6.0848055,2.362478
3979,GLB1,4.516842,-0.15942886
3980,GLB1L2,2.0543578,1.3311578
3981,GLCCI1,0.8492306,-0.65173745
3982,GLCE,6.9579663,-1.9248265
3983,GLDC,6.3790536,-1.6830556
3984,GLDN,6.4365363,1.5133893
3985,GLE1,1.2697976,-0.4002373
3986,GLG1,7.88688,-1.0317777
3987,GLI1,3.9249132,4.136073
3988,GLI2,0.6344112,0.25956348
3989,GLI3,1.202083,2.6427355
3990,GLI4,1.961336,0.98309034
3991,GLIPR1L2,5.314265,0.4837044
3992,GLIPR2,6.35593,6.083178
3993,GLIS1,2.2457633,3.3562396
3994,GLIS2,2.210709,1.0294927
3995,GLIS3,0.031761587,3.3029761
3996,GLMN,4.0346165,3.8350744
3997,GLO1,5.896741,4.152909
3998,GLOD4,6.3326297,3.6166773
3999,GLOD5,6.784594,-1.7484509
4000,GLP2R,6.43484,1.7789803
4001,GLRX,7.5018816,3.4793832
4002,GLRX2,2.624161,1.5994633
4003,GLRX5,6.9613476,-2.7282808
4004,GLS,6.076504,-1.2746552
4005,GLT1D1,6.3657765,2.6536825
4006,GLT8D1,4.232238,0.36555082
4007,GLT8D2,4.4568686,0.69169915
4008,GLTP,5.5923476,-0.32481804
4009,GLTPD2,4.844577,-1.5539293
4010,GLUL,6.0376883,1.5313737
4011,GLYATL2,6.7015266,-2.0932114
4012,GLYCTK,6.039206,2.1821542
4013,GLYR1,1.4267648,3.4646285
4014,GM2A,5.852124,1.2474318
4015,GMEB1,0.10221871,3.5844398
4016,GMEB2,0.42196268,2.5428488
4017,GMIP,4.3199825,3.4875464
4018,GMNN,2.9444685,3.4363885
4019,GMPPA,0.5972382,3.0971506
4020,GMPR2,-0.07251289,2.5081666
4021,GMPS,5.3901997,0.96941245
4022,GNA12,7.8862863,3.8484025
4023,GNA13,8.779751,3.952982
4024,GNAI2,4.2814956,2.9891264
4025,GNAL,3.6793847,3.2207167
4026,GNAQ,3.535682,3.4556572
4027,GNAS,3.7180395,2.7983637
4028,GNAZ,2.8728309,0.7613097
4029,GNB1L,6.542157,1.5352674
4030,GNB2,9.1073065,2.0670533
4031,GNB4,9.185088,2.0845945
4032,GNB5,3.1460943,3.0768418
4033,GNE,6.712873,2.2240248
4034,GNG12,6.7350845,-1.8830267
4035,GNG2,8.613445,0.7196812
4036,GNL1,4.776107,-0.76029134
4037,GNL2,0.16149658,-0.8260836
4038,GNL3,-0.4206948,-1.1018842
4039,GNL3L,1.2338549,-0.14307342
4040,GNMT,8.242,4.529674
4041,GNPTAB,3.0197182,0.08143613
4042,GNPTG,8.18257,-0.7997158
4043,GOLGA1,3.9969094,-0.43896458
4044,GOLGA2,3.7902353,-0.25303286
4045,GOLGA3,4.3250566,0.9214975
4046,GOLGA4,3.8062332,0.80700165
4047,GOLGA5,3.7950723,-0.28106347
4048,GOLGB1,3.79705,-0.80240804
4049,GOLIM4,3.7440991,-0.37039635
4050,GOLM1,3.842479,-0.33685967
4051,GOLM2,3.801853,-0.26662415
4052,GOLPH3,4.2715044,1.0606424
4053,GOLPH3L,6.036118,2.2388303
4054,GOLT1B,3.647569,0.99194884
4055,GON4L,0.9791699,1.7185009
4056,GON7,2.795859,4.080656
4057,GOPC,4.027824,-0.14541644
4058,GORAB,4.317189,1.6051981
4059,GORASP1,3.7715423,-0.8457632
4060,GORASP2,3.9462798,-0.40405455
4061,GOSR2,2.648696,2.4985712
4062,GP5,6.776193,-1.8213528
4063,GP6,5.962963,-0.028769888
4064,GP9,6.012286,1.4985017
4065,GPAA1,6.747376,2.9173398
4066,GPALPP1,-0.2736826,-0.7342245
4067,GPAM,6.0924044,-2.7430809
4068,GPANK1,8.481253,-0.71563405
4069,GPAT2,4.2971654,-1.3389581
4070,GPATCH1,7.3196754,3.933206
4071,GPATCH11,0.101086356,3.783422
4072,GPATCH2,1.6461127,2.805701
4073,GPATCH2L,1.6352766,4.49398
4074,GPATCH3,3.1615999,3.9199908
4075,GPATCH4,0.18265209,-0.67673904
4076,GPATCH8,1.6756269,2.8445513
4077,GPBP1,6.7030473,2.8234086
4078,GPBP1L1,4.3580923,3.5357738
4079,GPC1,6.2485733,3.9647608
4080,GPC3,8.907957,1.2619281
4081,GPC4,4.41045,4.3584776
4082,GPC5,2.484686,4.01679
4083,GPC6,6.0821614,0.7769117
4084,GPCPD1,1.8465087,2.7001693
4085,GPD2,6.969747,0.81703687
4086,GPER1,1.3117588,-0.006547453
4087,GPHA2,5.4098997,0.3214681
4088,GPHN,5.207333,0.035037246
4089,GPI,6.671884,4.3770685
4090,GPKOW,-0.9001603,4.3000836
4091,GPN1,4.849253,3.949134
4092,GPN3,3.1466918,3.0986373
4093,GPR107,3.5890758,0.9244676
4094,GPR108,5.4278493,0.39241844
4095,GPR137,0.33529925,0.9573016
4096,GPR137C,4.3393555,-0.42508006
4097,GPR142,7.934105,2.7381637
4098,GPR148,8.407498,3.7200894
4099,GPR155,5.0629134,3.1455407
4100,GPR156,9.153465,1.6733891
4101,GPR157,7.045026,2.7049417
4102,GPR160,6.929877,0.814354
4103,GPR161,0.85656375,1.8337809
4104,GPR162,5.505547,1.6823256
4105,GPR17,7.715939,-0.38365173
4106,GPR173,7.1867595,2.8652315
4107,GPR174,4.687899,2.081587
4108,GPR180,4.0957875,-0.5470586
4109,GPR20,7.8866463,0.020203587
4110,GPR27,4.639371,3.8974254
4111,GPR34,6.839931,2.930248
4112,GPR37,2.0814347,5.5418925
4113,GPR37L1,3.5591755,3.373018
4114,GPR50,8.606334,1.4651618
4115,GPR63,5.1410136,3.177609
4116,GPR65,5.349393,-0.9837242
4117,GPR87,6.1933455,-2.7514036
4118,GPRASP1,7.242597,1.7590624
4119,GPRASP2,6.129918,3.6414025
4120,GPRC5A,5.607356,0.49214134
4121,GPRC5B,5.5762563,-1.8688349
4122,GPRC5C,8.6625,1.2681103
4123,GPRIN1,9.065379,1.5130134
4124,GPRIN2,7.649298,4.4275837
4125,GPRIN3,0.06430996,-0.13827033
4126,GPS1,3.6829233,2.5321887
4127,GPS2,-0.62186664,3.5355508
4128,GPSM1,4.0909743,0.72697866
4129,GPSM2,7.201725,4.058251
4130,GPT2,6.273477,-2.1236613
4131,GPX1,6.859123,1.8064978
4132,GPX2,6.5960417,3.4860423
4133,GPX4,5.532378,5.365873
4134,GPX8,8.1491995,4.457901
4135,GRAMD1A,7.8434715,2.5618598
4136,GRAMD1B,7.481747,3.295672
4137,GRAMD1C,7.5739565,2.6047323
4138,GRAMD2A,0.7502966,-0.19924387
4139,GRAMD2B,5.592476,1.5144044
4140,GRAP2,3.9429958,3.024794
4141,GRB10,5.0412936,0.64500797
4142,GRB14,3.6107965,2.4701424
4143,GRB2,2.7545958,0.27909935
4144,GRB7,8.349415,4.4241304
4145,GREB1,6.4949856,-1.8110211
4146,GREB1L,5.761714,-1.5989285
4147,GRHL1,0.87095255,3.313599
4148,GRHL2,-0.92800415,3.7492783
4149,GRHL3,-0.3798345,3.3013802
4150,GRHPR,6.1771884,3.6821904
4151,GRIA4,8.792021,1.2523376
4152,GRID2IP,8.099568,2.4280872
4153,GRIK1,7.126209,3.2998252
4154,GRIK5,1.2006825,2.1793697
4155,GRIN2A,8.136306,-0.74582595
4156,GRINA,1.5088345,-0.5155552
4157,GRIP2,8.58644,3.3350527
4158,GRIPAP1,5.569092,1.4557325
4159,GRK2,7.371927,2.0987961
4160,GRK3,1.4446217,3.5714788
4161,GRK4,7.317012,4.0448008
4162,GRK5,3.1291144,4.7844577
4163,GRK6,7.114886,-2.8502104
4164,GRK7,4.915627,1.2596018
4165,GRM1,4.4201417,-0.91319054
4166,GRM7,6.705305,1.260037
4167,GRN,4.898016,0.8519938
4168,GRPEL1,6.7578707,-3.1483595
4169,GRPEL2,7.0945754,-2.957249
4170,GRPR,2.965696,2.4608052
4171,GRSF1,7.195943,-2.590465
4172,GRWD1,0.7558764,-0.025316145
4173,GSAP,6.785206,0.46818927
4174,GSC,-0.6986411,2.7576337
4175,GSDMA,3.1306825,2.5201027
4176,GSDMB,3.0682404,4.0184565
4177,GSDMC,4.949415,-0.72081155
4178,GSDMD,1.842198,1.1760259
4179,GSDME,6.8793235,2.1326892
4180,GSE1,6.1112742,-2.454171
4181,GSK3B,2.7911232,2.756662
4182,GSKIP,4.431892,-0.46745828
4183,GSN,9.276302,1.619191
4184,GSPT1,8.227171,4.534546
4185,GSPT2,7.376104,1.9925565
4186,GSR,6.8281627,3.5525067
4187,GSS,2.3765793,1.2794741
4188,GSTCD,2.8123708,2.3980772
4189,GSTK1,5.6155796,-0.8909917
4190,GSTM2,6.2869697,1.6141673
4191,GSTM3,9.54289,4.468577
4192,GSTP1,6.094708,2.4162037
4193,GSTZ1,4.9504995,2.9994586
4194,GSX1,4.2146964,1.1493442
4195,GTDC1,7.1186275,1.8413402
4196,GTF2A1,1.5883445,3.746378
4197,GTF2A2,1.146088,3.9664502
4198,GTF2B,-0.22486968,4.0815806
4199,GTF2E1,0.29381925,3.8682053
4200,GTF2E2,1.9269533,3.6907713
4201,GTF2F1,0.4837173,4.324282
4202,GTF2F2,5.557802,5.4637322
4203,GTF2H1,-0.58499664,3.0480628
4204,GTF2H3,0.056074213,2.8392546
4205,GTF2H4,-0.012844079,2.1006694
4206,GTF2I,-1.0897485,4.0466022
4207,GTF2IRD1,3.987089,2.58556
4208,GTF3A,1.5752944,2.2216468
4209,GTF3C1,1.6550142,2.4004343
4210,GTF3C2,2.2210145,0.8225489
4211,GTF3C3,1.7360096,5.994848
4212,GTF3C4,-0.65922236,4.192264
4213,GTF3C5,-0.15750754,3.2954507
4214,GTF3C6,0.49821424,4.1573315
4215,GTPBP1,6.5663037,2.735371
4216,GTPBP2,6.313272,1.2348653
4217,GTPBP3,6.820028,-3.0302851
4218,GTPBP4,0.7396468,-0.120844476
4219,GTPBP6,5.9827843,-2.7749338
4220,GTPBP8,7.2222433,-3.5181031
4221,GTSE1,8.108926,2.5036058
4222,GTSF1,2.9975238,3.0133631
4223,GTSF1L,3.2848501,0.655567
4224,GUCA1C,8.7152605,1.2558368
4225,GUCD1,2.1246939,2.8523593
4226,GUCY1A1,0.6409769,1.8405187
4227,GUCY1B1,8.186838,4.2134404
4228,GUCY2C,4.2795987,-1.4685333
4229,GUF1,5.986109,-2.7860193
4230,GUK1,5.7376747,3.7581556
4231,GULP1,7.053448,0.5568745
4232,GUSB,5.285892,-0.5001817
4233,GVQW3,3.085818,2.0155382
4234,GXYLT1,8.068483,-0.26511386
4235,GXYLT2,-0.069385596,3.6881752
4236,GYG1,5.332717,-0.95084107
4237,GYG2,1.4738479,-0.4948094
4238,GYPA,4.1763864,3.504231
4239,GYPC,8.975935,1.5392792
4240,GYS1,6.3603573,6.254741
4241,GZF1,0.4414957,0.20149913
4242,GZMK,6.060981,-2.380245
4243,H1-0,0.48243135,4.443304
4244,H1-1,1.9775174,0.7826265
4245,H1-10,0.053859733,0.12019919
4246,H1-2,-0.55335975,4.560045
4247,H1-4,0.6029663,4.5399036
4248,H1-5,-0.43474716,4.522563
4249,H2AC21,-1.4829434,4.300378
4250,H2AC8,-1.3713807,4.308106
4251,H2AX,-1.2673798,4.1972346
4252,H2AZ1,-0.19829042,4.6163793
4253,H3-3A,-0.42211658,4.579489
4254,H3-3B,-1.5530225,4.3720403
4255,H3-4,-1.4964132,4.441392
4256,H4C16,-1.4057678,4.334367
4257,H6PD,7.7857428,3.3107736
4258,HABP4,2.1544366,5.6261797
4259,HACD3,8.006327,-0.32076684
4260,HACE1,8.512477,-0.5144746
4261,HACL1,1.0801368,1.1952531
4262,HADH,6.2653637,-2.0931098
4263,HADHA,7.071102,-3.1081884
4264,HADHB,6.769599,-2.4571393
4265,HAL,6.3222766,5.213392
4266,HAND1,0.25282052,4.259
4267,HAND2,0.6487077,3.8386464
4268,HAO1,3.3874454,2.3637903
4269,HAO2,7.9186096,3.646135
4270,HAP1,8.285599,3.6741345
4271,HAPLN1,6.2057595,0.008165768
4272,HAPLN3,7.6566505,2.5794735
4273,HAPSTR1,1.6684467,2.2419782
4274,HARBI1,7.1808753,3.613778
4275,HARS1,8.148268,3.8314686
4276,HARS2,5.99758,-1.0106544
4277,HAS1,8.780681,0.73056895
4278,HAS2,2.4776304,3.9844127
4279,HAS3,6.42765,6.5627923
4280,HASPIN,1.582958,2.5917094
4281,HAT1,0.18550591,3.276852
4282,HAUS1,7.0406218,2.627385
4283,HAUS2,4.8248825,3.139567
4284,HAUS3,6.245036,5.6149
4285,HAUS6,6.1987634,3.243697
4286,HAUS7,8.070555,2.1109822
4287,HAVCR1,4.85118,-0.619245
4288,HAX1,7.0171995,-2.2312012
4289,HBP1,-0.5362219,3.1546142
4290,HBQ1,5.9992537,-0.31710956
4291,HBS1L,7.271453,2.5387146
4292,HBZ,6.233548,2.2086673
4293,HCCS,6.8716764,-3.0150614
4294,HCFC1,-0.34694293,2.9708924
4295,HCFC1R1,0.44742996,2.8664167
4296,HCFC2,2.7067513,3.5270982
4297,HCK,7.139677,1.4823021
4298,HCLS1,8.192518,3.620496
4299,HCST,7.1813054,1.2304819
4300,HDAC1,-0.30169117,3.9812744
4301,HDAC10,3.454215,2.4383032
4302,HDAC2,-1.0028496,4.3277154
4303,HDAC3,2.4059107,2.6681993
4304,HDAC4,3.9375563,3.957684
4305,HDAC5,3.7039046,3.987417
4306,HDAC6,6.3605976,3.300769
4307,HDAC7,5.8932257,2.524243
4308,HDAC9,-1.1432457,4.146321
4309,HDC,2.386959,0.8014899
4310,HDDC2,0.399569,0.2114506
4311,HDDC3,5.16617,3.2958415
4312,HDGF,-0.8171833,4.4676676
4313,HDGFL1,0.25166306,-0.42344758
4314,HDGFL2,0.6191127,4.443253
4315,HDGFL3,1.6931429,1.946398
4316,HDHD2,4.326839,-1.4893446
4317,HDHD3,0.36439854,-1.0645365
4318,HDHD5,7.061801,-3.1950986
4319,HDLBP,7.9751244,-0.36069745
4320,HDX,7.9439025,4.5793533
4321,HEATR1,0.69317156,-0.9619091
4322,HEATR3,1.6469378,2.9570339
4323,HEATR4,5.5967054,2.0682764
4324,HEATR5B,6.6226935,0.79878765
4325,HEATR6,6.915068,-1.978627
4326,HEBP1,5.4805226,2.42635
4327,HECA,8.778175,3.3531024
4328,HECTD1,2.460129,1.7842274
4329,HECTD2,2.336965,2.6539469
4330,HECTD4,3.4988923,0.3164172
4331,HECW1,1.3674377,-0.5881237
4332,HEG1,6.1031456,0.59700453
4333,HELB,2.00825,3.9553366
4334,HELLS,5.7181478,-2.5588565
4335,HELQ,-0.8811565,3.3137994
4336,HELZ,0.6193851,-0.7517596
4337,HEMGN,-0.32437763,4.264743
4338,HENMT1,8.380162,1.7814064
4339,HEPACAM,5.3059597,-0.9680651
4340,HEPACAM2,3.281546,2.0047102
4341,HEPN1,5.254985,-0.14657381
4342,HERC2,6.6026134,2.3825455
4343,HERC3,6.8362107,1.1408355
4344,HERC4,1.3932127,-0.48836607
4345,HERC6,5.9840584,2.9001946
4346,HERPUD1,7.7274914,4.5072656
4347,HERPUD2,0.24695668,-0.8888717
4348,HES1,1.2346154,1.0795292
4349,HES3,1.9743632,5.098069
4350,HES4,2.808306,2.3078022
4351,HES5,2.7540097,3.7685165
4352,HES6,2.701441,0.6686384
4353,HES7,-0.23361713,3.0207584
4354,HESX1,-0.5353649,2.4453008
4355,HEXA,6.481816,0.29351288
4356,HEXD,6.9671187,-2.6173956
4357,HEXIM1,0.7755572,4.2359557
4358,HEXIM2,1.9000405,3.716526
4359,HEY1,3.3878987,4.1043086
4360,HEY2,1.9073484,2.5942395
4361,HEYL,7.011654,-2.1382692
4362,HFE,4.380607,3.1246164
4363,HFM1,4.6001945,-1.1290374
4364,HGD,6.39305,1.6916406
4365,HGH1,4.4186025,3.5066168
4366,HGS,6.370294,1.4773204
4367,HHAT,3.784622,-0.23776649
4368,HHEX,2.243746,3.554343
4369,HHIP,2.0358427,3.2525694
4370,HHIPL2,6.720783,-1.5185127
4371,HIBCH,6.9791965,-2.9053097
4372,HIC2,1.5773017,3.5246727
4373,HID1,5.86678,0.33499354
4374,HIF1A,3.0509155,3.7330034
4375,HIF1AN,2.7465928,2.4126618
4376,HIF3A,5.139948,3.879431
4377,HIGD1A,5.907992,-2.26732
4378,HIGD1B,6.2642636,0.9056846
4379,HIKESHI,-0.6347274,2.4567666
4380,HILPDA,3.1402168,1.350062
4381,HINT1,6.923551,4.5630226
4382,HINT2,6.838094,-2.8220546
4383,HINT3,6.4333267,-1.1634144
4384,HIP1,7.045081,0.8296171
4385,HIP1R,7.166937,2.606869
4386,HIPK1,2.9398663,2.2355103
4387,HIPK2,1.5339819,4.598971
4388,HIPK3,7.7454543,3.6153638
4389,HIRA,2.0391338,2.748361
4390,HIRIP3,-0.5674653,4.197179
4391,HIVEP1,3.3967757,2.550185
4392,HIVEP2,0.8926768,1.5601001
4393,HIVEP3,0.75165987,4.0073676
4394,HJURP,5.7412124,-1.6771809
4395,HK1,6.996805,-2.4244483
4396,HK2,7.058643,1.2871448
4397,HKDC1,7.081788,-2.4551854
4398,HLA-A,7.599529,1.7479378
4399,HLA-DMA,5.028807,-1.0958558
4400,HLA-DMB,5.169673,-0.6271888
4401,HLA-DPA1,4.2912908,-1.585149
4402,HLA-DPB1,0.6581575,3.9464414
4403,HLA-DQB1,6.505548,1.0822577
4404,HLA-E,6.321299,0.17740725
4405,HLCS,6.3533945,1.9495753
4406,HLF,1.1636976,1.7682918
4407,HLTF,1.1809868,1.1984932
4408,HLX,3.973066,3.364467
4409,HM13,8.597823,-0.5698567
4410,HMBOX1,3.1917298,3.6041367
4411,HMBS,4.5525384,0.41177186
4412,HMCES,1.735579,3.7001138
4413,HMCN1,5.9351587,1.1588379
4414,HMCN2,6.1309395,-1.1022393
4415,HMG20A,0.6827355,4.207908
4416,HMG20B,0.44076765,2.694851
4417,HMGA1,2.4233458,3.6573577
4418,HMGA2,-1.3311918,4.2110105
4419,HMGB1,-0.7954777,3.626959
4420,HMGB2,-0.6123334,4.357419
4421,HMGB3,-0.45833603,4.19346
4422,HMGCS1,4.437784,3.4809294
4423,HMGCS2,6.4963503,-2.8908222
4424,HMGN1,-0.5787048,4.223915
4425,HMGN2,-1.106307,4.2535543
4426,HMGN3,1.4549255,3.0763147
4427,HMGN5,0.501255,4.506926
4428,HMGXB3,0.12346333,-0.8598613
4429,HMGXB4,1.7876292,3.3759768
4430,HMMR,6.1424394,1.6412404
4431,HMOX1,6.985725,3.548037
4432,HMOX2,6.489082,1.6160262
4433,HMX3,1.8828379,3.0452616
4434,HNF1A,0.031662438,3.9095643
4435,HNF1B,-0.13686469,3.4125433
4436,HNF4A,-1.2222522,4.0432625
4437,HNF4G,2.8393078,3.05941
4438,HNMT,3.453457,2.7473307
4439,HNRNPA0,-1.1194882,3.97128
4440,HNRNPA1,0.067947984,3.0222545
4441,HNRNPA2B1,-1.2532786,3.7819154
4442,HNRNPA3,-1.5390661,4.362594
4443,HNRNPAB,0.19424164,4.1912565
4444,HNRNPC,-1.4106451,3.838119
4445,HNRNPD,-1.3213753,4.3261623
4446,HNRNPDL,-1.4615362,3.845766
4447,HNRNPF,-0.55338484,2.9653754
4448,HNRNPH3,0.20186117,2.5766516
4449,HNRNPK,-1.0079522,4.25326
4450,HNRNPL,-1.545836,4.37101
4451,HNRNPLL,5.7629776,-2.5159893
4452,HNRNPM,-1.5848161,4.397944
4453,HNRNPR,-1.1676152,4.0022554
4454,HNRNPU,-1.4581677,4.3170733
4455,HNRNPUL1,-1.1523358,3.9850304
4456,HNRNPUL2,-1.1821458,3.8801677
4457,HOMER1,6.7681594,3.183735
4458,HOMER2,7.037586,1.7918638
4459,HOMER3,7.148745,2.2254424
4460,HOMEZ,0.33461082,-0.15606438
4461,HOOK2,7.197347,2.2368245
4462,HOOK3,6.4056025,3.3470235
4463,HOPX,5.329425,3.229046
4464,HORMAD1,0.46087116,2.8903863
4465,HORMAD2,3.6229472,4.3255982
4466,HOXA10,0.7693264,4.3445034
4467,HOXA11,1.3115253,1.8186965
4468,HOXA13,0.8582607,4.0184736
4469,HOXA2,2.63104,2.3910356
4470,HOXA3,0.7346909,3.0264702
4471,HOXA4,0.51801336,1.7107476
4472,HOXA6,1.3855108,1.7412586
4473,HOXA7,3.0813906,2.1947722
4474,HOXA9,-0.7693537,3.5161839
4475,HOXB1,1.754674,2.700144
4476,HOXB13,-0.70912135,3.4835799
4477,HOXB2,2.317552,4.1567025
4478,HOXB3,0.5534536,3.3013792
4479,HOXB4,1.6462301,2.198926
4480,HOXB5,1.8335307,2.562288
4481,HOXB6,3.7244632,-0.106552385
4482,HOXB7,3.3857281,2.769153
4483,HOXB8,0.42369664,2.4875252
4484,HOXB9,0.51930857,3.4746888
4485,HOXC10,3.5507677,2.6765263
4486,HOXC11,3.1066537,2.7819061
4487,HOXC4,1.6150565,2.6584013
4488,HOXC5,1.6255057,2.4873006
4489,HOXC6,2.8356516,3.820961
4490,HOXC8,5.952766,5.826125
4491,HOXC9,-0.15240186,2.7134879
4492,HOXD1,0.11129763,3.6528735
4493,HOXD10,2.7530155,2.7289472
4494,HOXD11,2.6218386,0.3081083
4495,HOXD13,0.96590763,1.660722
4496,HOXD3,1.9892843,2.2385437
4497,HOXD4,1.0275772,1.5825909
4498,HOXD9,2.985761,2.4431207
4499,HP1BP3,-0.7036763,2.3133755
4500,HPD,-0.34444827,1.7989957
4501,HPDL,6.12019,-2.0779467
4502,HPF1,6.225229,5.5467067
4503,HPGD,6.3122125,2.3365135
4504,HPGDS,3.4287653,3.3011873
4505,HPRT1,7.436464,2.2775052
4506,HPS3,5.709255,-0.17700213
4507,HPS4,3.1312206,0.005262929
4508,HPS5,6.0839443,1.5217957
4509,HPSE,1.0529261,2.6098888
4510,HR,2.1110394,1.781089
4511,HRAS,3.7721784,3.8410912
4512,HRCT1,2.6097777,2.957722
4513,HRH1,8.026048,2.1934385
4514,HRNR,6.2814236,-1.3672943
4515,HROB,4.6041474,3.2892299
4516,HS1BP3,0.970876,-0.59487444
4517,HS2ST1,6.4317193,-2.1120143
4518,HS3ST1,6.6193566,0.74433035
4519,HS3ST3A1,6.4056907,6.700965
4520,HS3ST3B1,7.185024,2.7356954
4521,HS6ST1,1.8992568,2.6097584
4522,HS6ST2,4.218266,1.1947923
4523,HS6ST3,1.8344764,5.8511863
4524,HSBP1,-0.18325803,-1.1288025
4525,HSBP1L1,2.1794994,1.6035249
4526,HSCB,6.040675,-2.0216217
4527,HSD11B1L,3.665255,1.5016301
4528,HSD11B2,3.522739,0.7882296
4529,HSD17B1,6.769342,2.2048097
4530,HSD17B11,2.494608,1.390799
4531,HSD17B13,4.4756436,0.5728775
4532,HSD17B2,8.473739,-0.30130357
4533,HSD17B3,5.1395965,-0.5394123
4534,HSD17B4,5.149256,-1.1009899
4535,HSD17B6,0.47132972,3.530409
4536,HSD3B7,5.3773956,-0.3688792
4537,HSDL1,6.556891,-1.8333443
4538,HSDL2,6.7221837,-1.8865441
4539,HSF1,1.4380149,3.759521
4540,HSF2,1.6035802,1.9784124
4541,HSF2BP,2.324754,3.625892
4542,HSF4,-1.0085766,1.7574005
4543,HSF5,1.9299092,2.3195012
4544,HSH2D,7.241612,2.1368818
4545,HSP90AA1,6.683819,3.0557218
4546,HSP90AB1,7.4683614,4.619071
4547,HSP90B1,8.538908,-0.73747045
4548,HSPA12A,6.7144485,0.6747806
4549,HSPA12B,3.0126572,3.4301167
4550,HSPA1A,2.8115969,1.8411043
4551,HSPA1B,6.8214393,2.7935135
4552,HSPA4,5.59297,4.249448
4553,HSPA4L,7.3469605,2.9362962
4554,HSPA5,9.174684,4.0814977
4555,HSPA9,7.2185035,-3.5106637
4556,HSPB1,8.210141,4.554429
4557,HSPB11,4.4039593,4.276925
4558,HSPB2,3.012702,2.0242345
4559,HSPB3,-0.95284474,1.8631234
4560,HSPB6,7.1092567,1.6393797
4561,HSPB7,-0.8149662,3.2194042
4562,HSPB8,6.4196973,3.964713
4563,HSPB9,1.4104245,2.8733084
4564,HSPBAP1,6.20611,-2.1087499
4565,HSPBP1,6.354587,1.6832837
4566,HSPD1,7.132385,-3.2390676
4567,HSPG2,5.108288,3.7884703
4568,HSPH1,6.133893,4.3044624
4569,HTATIP2,5.5533605,1.4618815
4570,HTATSF1,-0.16282313,4.3587894
4571,HTD2,6.2060537,-1.5356239
4572,HTR1B,7.1299567,1.9753944
4573,HTR2B,0.6346431,1.9870523
4574,HTR7,4.78691,2.5596664
4575,HTRA1,8.858266,1.8630861
4576,HTRA2,6.557061,-1.8956238
4577,HTRA3,4.233637,-0.5521089
4578,HTT,2.4229307,3.4561837
4579,HUNK,6.57166,3.9265304
4580,HUS1,2.358447,3.435975
4581,HUS1B,2.2489572,3.0115478
4582,HUWE1,5.636706,4.2691994
4583,HYCC1,7.9394975,2.0503824
4584,HYCC2,1.5762128,2.1412423
4585,HYDIN,5.4998045,-0.15594673
4586,HYI,7.306749,2.4771771
4587,HYKK,3.0521479,2.6638658
4588,HYLS1,7.117604,4.0130467
4589,HYPK,5.7496185,5.735484
4590,IAH1,0.87606364,2.4534993
4591,IAPP,3.3389242,0.45724186
4592,IARS1,6.0055046,0.91301507
4593,IARS2,6.934958,-1.6558013
4594,IBA57,6.1835093,-1.3760324
4595,IBTK,-0.95678544,4.0661354
4596,ICA1,7.658656,2.0311365
4597,ICA1L,7.192683,-3.4022522
4598,ICAM1,5.2858286,2.4552433
4599,ICAM2,6.7792845,0.9781039
4600,ICAM3,6.182823,-2.4141865
4601,ICE1,0.99420834,2.1095457
4602,ICE2,1.8274907,2.4309928
4603,ICOS,8.09821,1.195116
4604,ICOSLG,6.1273212,2.0795996
4605,ID1,1.9221212,1.7214205
4606,ID2,2.9424534,3.9779134
4607,ID3,5.853042,-2.7218177
4608,ID4,0.6596111,3.5649886
4609,IDH1,6.711289,1.381564
4610,IDH2,6.7341714,-3.0976505
4611,IDH3A,6.9405947,-2.0333831
4612,IDH3B,6.825284,-2.0049205
4613,IDH3G,0.6650028,-1.1025194
4614,IDI2,4.0941424,0.046680942
4615,IDNK,6.7943716,-1.2303754
4616,IDO1,6.1967707,-1.7864459
4617,IDO2,6.2113643,2.642497
4618,IDUA,4.74246,1.2945379
4619,IER2,0.91717964,1.6636772
4620,IER3IP1,7.686419,-0.17417158
4621,IER5,1.1178746,3.6437519
4622,IER5L,1.7828935,2.519308
4623,IFFO2,4.040761,2.5810905
4624,IFI16,-0.6701233,4.319819
4625,IFI27L2,6.5982223,1.5869751
4626,IFI30,6.6036973,-0.7308663
4627,IFI35,3.4875057,2.7150774
4628,IFI44,1.4163501,2.8049443
4629,IFI44L,0.88832146,1.4659508
4630,IFI6,6.4352875,-2.9691024
4631,IFIT1,5.668902,1.7184366
4632,IFIT2,5.5676737,-0.7143796
4633,IFIT3,7.2193265,0.61954725
4634,IFIT5,6.591293,2.9397464
4635,IFITM1,8.844657,1.3873411
4636,IFITM2,3.073075,1.2162968
4637,IFITM5,7.5499306,2.5949728
4638,IFNGR1,6.3820295,3.911125
4639,IFNGR2,1.3241318,2.1810155
4640,IFNLR1,5.366153,1.726394
4641,IFRD1,7.8434567,2.3805337
4642,IFRD2,4.092755,2.5384617
4643,IFT122,7.344465,3.7255468
4644,IFT20,6.3569508,6.3507605
4645,IFT22,6.346982,6.2494674
4646,IFT43,6.244842,5.5623336
4647,IFT46,7.11221,0.83986354
4648,IFT52,6.3210034,5.498326
4649,IFT57,3.9577868,-0.007774941
4650,IFT81,6.1269712,0.7792895
4651,IFTAP,6.284786,3.576235
4652,IGDCC3,2.8786,0.9295744
4653,IGDCC4,0.7457761,3.5372703
4654,IGF2,4.3678536,0.34525892
4655,IGF2BP1,8.870542,4.0946617
4656,IGF2BP2,8.632261,3.3578427
4657,IGF2BP3,8.301546,4.122703
4658,IGF2R,4.924534,0.31303725
4659,IGFBP1,4.806608,-0.38499674
4660,IGFBP2,8.299643,-0.5829711
4661,IGFBP3,3.7159367,3.001073
4662,IGFBP5,5.0639606,-1.0955628
4663,IGFBP7,3.3513548,0.067364745
4664,IGFBPL1,3.2736816,1.0984821
4665,IGFL2,3.7778585,2.7369587
4666,IGFL4,6.7495723,0.6505957
4667,IGFLR1,3.8424664,2.7440827
4668,IGFN1,3.6468458,2.1278489
4669,IGHMBP2,2.0497186,0.8208443
4670,IGIP,5.0010767,-0.24071635
4671,IGLL1,7.8667397,-0.7398839
4672,IGSF1,7.0127316,2.473953
4673,IGSF10,2.6114848,1.3349171
4674,IGSF11,2.5159404,3.2587707
4675,IGSF22,7.1098356,-2.826137
4676,IGSF23,-0.29641742,2.712502
4677,IGSF3,1.7025788,3.1566176
4678,IGSF5,4.7802796,0.3063969
4679,IGSF8,6.223337,0.2228483
4680,IGSF9B,3.416947,0.8114141
4681,IHO1,0.5145457,2.5395179
4682,IK,-0.6373131,3.5550892
4683,IKBIP,8.123102,-0.73604923
4684,IKBKB,7.50131,2.3221953
4685,IKBKE,7.4059153,2.907879
4686,IKBKG,6.9221444,1.8969198
4687,IKZF1,3.475223,4.188474
4688,IKZF2,-1.2810755,3.634725
4689,IKZF3,1.4773465,2.6366384
4690,IKZF4,0.6045898,3.6488285
4691,IKZF5,3.6507268,3.3500998
4692,IL10RA,7.245623,1.4445809
4693,IL10RB,8.223633,3.104522
4694,IL11RA,6.5474744,0.3939091
4695,IL12RB1,8.30751,3.96709
4696,IL12RB2,7.8466206,4.3902683
4697,IL13RA2,4.2128525,1.9966221
4698,IL15,2.9054062,3.0621676
4699,IL15RA,7.8935738,3.8999066
4700,IL16,3.511252,3.1974258
4701,IL17RA,4.1110673,2.8711846
4702,IL17RB,3.4657648,2.4129176
4703,IL17RD,5.899632,-2.3782492
4704,IL18,4.0560756,1.5508525
4705,IL18BP,5.6284723,2.365834
4706,IL18R1,6.9906034,-2.2463858
4707,IL1R1,3.6999767,2.943108
4708,IL1RAP,6.6696424,1.9691138
4709,IL1RL1,8.321678,2.4312134
4710,IL1RN,1.6177752,3.37393
4711,IL20RA,7.984988,2.6915345
4712,IL20RB,4.6597667,-0.04388304
4713,IL21R,7.8109846,2.0468738
4714,IL23A,6.4270716,1.7775341
4715,IL26,5.484278,0.373304
4716,IL27RA,3.4645708,0.50564486
4717,IL2RG,4.1030726,3.6841989
4718,IL31RA,6.507763,2.9850912
4719,IL33,0.44973165,2.2118924
4720,IL36G,7.577434,4.060567
4721,IL37,3.9813523,2.20753
4722,IL4I1,4.3823557,2.8721354
4723,IL4R,4.5998416,3.829532
4724,IL6,3.3203871,1.0429375
4725,IL6ST,8.256201,1.7646555
4726,IL7R,8.434515,1.5055822
4727,ILDR2,7.804865,1.1530304
4728,ILF2,2.7003658,4.2976174
4729,ILF3,0.59716517,4.43697
4730,ILK,6.0026355,3.4882278
4731,ILRUN,-0.28874603,1.7561781
4732,ILVBL,4.866844,0.38869923
4733,IMMP1L,6.172531,-1.9563593
4734,IMMP2L,6.44024,-2.5780811
4735,IMMT,7.170711,-2.6108944
4736,IMP3,2.3286448,1.8313975
4737,IMP4,0.6262789,-0.77547973
4738,IMPA2,1.0549341,3.8838456
4739,IMPACT,1.9536902,2.9441345
4740,IMPDH2,8.176985,3.8340547
4741,INA,6.728121,-0.4042332
4742,INAVA,2.5326347,2.8025048
4743,INCA1,2.4915602,1.0648426
4744,INCENP,7.426958,2.3792145
4745,INF2,7.985307,0.043994974
4746,ING1,2.1751933,4.074302
4747,ING2,0.8958232,4.119793
4748,ING3,2.403396,3.699185
4749,ING4,3.3903303,3.793548
4750,INHA,5.9340076,0.45365682
4751,INHBB,3.5740404,0.9965121
4752,INHBC,6.781253,3.7310762
4753,INHBE,4.9257765,-1.2640796
4754,INIP,0.17127287,3.5529664
4755,INKA1,3.4643202,2.0709407
4756,INKA2,2.3723485,1.8053513
4757,INMT,4.913272,-0.8640599
4758,INO80,2.221986,3.8621182
4759,INO80B,0.8859546,2.5173278
4760,INO80C,-0.036979496,-0.89061725
4761,INO80E,-0.3748385,4.548428
4762,INPP1,5.8697658,1.6030676
4763,INPP4A,1.9276997,5.497481
4764,INPP4B,4.8912673,0.22269337
4765,INPP5A,5.70148,3.139936
4766,INPP5B,6.283427,5.490894
4767,INPP5D,7.2034287,1.695432
4768,INPP5E,4.9847345,1.097626
4769,INPP5F,4.062171,-0.051128253
4770,INPP5J,8.701588,3.8757672
4771,INPPL1,6.4692125,3.5115585
4772,INSIG1,4.458305,-0.97808486
4773,INSL4,6.4486923,0.2976901
4774,INSM2,2.2108727,1.9872211
4775,INSR,8.699526,0.6748006
4776,INSYN1,5.8296833,4.084075
4777,INTS1,1.1150758,2.7161653
4778,INTS10,8.52924,3.9985006
4779,INTS11,6.85799,3.1455
4780,INTS12,4.9126706,4.270786
4781,INTS13,1.2077471,3.4675364
4782,INTS14,1.382597,4.7544374
4783,INTS15,2.743201,3.463807
4784,INTS3,0.15957692,0.15683012
4785,INTS4,0.40711817,-0.8391195
4786,INTS5,3.002348,2.4682992
4787,INTS6,1.6829085,3.962957
4788,INTS6L,6.8904457,-1.9882203
4789,INTS7,2.6762474,1.1418762
4790,INTS8,-1.0139258,3.5120487
4791,INTS9,1.7846588,3.608399
4792,INTU,6.1116705,2.6860695
4793,INVS,7.679698,3.179483
4794,IP6K1,0.57371897,-0.26900187
4795,IP6K2,1.4807775,-0.047621604
4796,IP6K3,2.8414464,3.2554488
4797,IPMK,0.9011962,2.8883164
4798,IPO11,1.7653556,1.3018298
4799,IPO4,8.019307,4.0900245
4800,IPO5,3.3823316,3.8470678
4801,IPO7,3.9727762,4.17861
4802,IPO8,1.8620496,3.112309
4803,IPO9,6.7785683,2.5266848
4804,IPPK,6.792172,1.6915458
4805,IQCA1,0.46442986,3.653515
4806,IQCB1,6.014351,5.9379797
4807,IQCC,4.889552,-0.63107944
4808,IQCD,1.3186432,0.9605049
4809,IQCE,3.261376,2.6257818
4810,IQCG,7.7090955,1.8646797
4811,IQCH,7.5182962,3.0436695
4812,IQCK,-0.31815392,1.923739
4813,IQGAP1,9.038466,1.6301601
4814,IQGAP2,8.18502,1.1595961
4815,IQGAP3,-0.070353925,-0.8001399
4816,IQSEC1,0.89856297,-0.78274685
4817,IQSEC2,5.1391907,-0.68425983
4818,IQSEC3,3.967907,3.9270887
4819,IQUB,3.0809693,2.7013257
4820,IRAG1,6.9040475,3.3121712
4821,IRAG2,8.531235,-0.40524432
4822,IRAK1,6.613452,2.4070623
4823,IRAK1BP1,6.1182103,-1.6743435
4824,IRAK2,4.7835813,-0.41466692
4825,IRAK3,4.7190127,-0.5390304
4826,IRAK4,6.3185344,6.1614714
4827,IREB2,6.721535,0.8902031
4828,IRF1,1.1857575,2.1539023
4829,IRF2,2.3688712,3.8773482
4830,IRF2BP1,-0.14231977,3.2328367
4831,IRF2BP2,-0.40666777,3.5682151
4832,IRF2BPL,-1.211891,3.87713
4833,IRF3,7.7454195,3.332914
4834,IRF4,2.2619858,3.340915
4835,IRF7,1.8974311,2.491615
4836,IRF8,0.8407729,2.1540673
4837,IRF9,8.342672,3.6525164
4838,IRGQ,5.5229187,-0.6134927
4839,IRS1,5.427706,3.7520976
4840,IRS2,6.8602204,1.0897142
4841,IRX1,4.672782,-0.76909566
4842,IRX2,2.4073193,3.9137068
4843,IRX3,2.9245076,3.6249874
4844,IRX4,3.039727,1.9865663
4845,IRX5,3.8944807,3.4521074
4846,IRX6,5.7607985,-2.1534116
4847,ISCU,6.4832363,-1.5557196
4848,ISG20L2,0.88689244,3.5471475
4849,ISL1,2.6198335,3.7617297
4850,ISL2,5.653582,-0.5794272
4851,ISLR,7.1018662,1.8861566
4852,ISM2,2.1310945,2.7150002
4853,ISOC1,6.1066847,3.8224902
4854,ISOC2,6.951343,-1.7550203
4855,IST1,6.6287847,-1.4214648
4856,ISX,-1.4110659,3.8461626
4857,ISYNA1,3.283559,4.2088704
4858,ITCH,1.0561554,1.8234808
4859,ITFG1,6.0096135,1.2427777
4860,ITFG2,4.2129507,0.11335336
4861,ITGA1,8.008248,-0.64235115
4862,ITGA10,7.9132047,-0.6180297
4863,ITGA2,2.4502323,2.0733764
4864,ITGA2B,7.1308227,3.9490874
4865,ITGA3,8.733467,2.0049326
4866,ITGA4,7.9184065,1.8074458
4867,ITGA7,5.885321,-0.14734547
4868,ITGA8,6.8488216,3.8718224
4869,ITGA9,6.3843436,0.921238
4870,ITGAV,6.6494465,1.9593022
4871,ITGAX,6.3195014,0.96016324
4872,ITGB1,8.716816,2.070902
4873,ITGB1BP1,3.3327703,3.106973
4874,ITGB1BP2,6.292757,2.1300206
4875,ITGB2,7.6334147,2.635086
4876,ITGB3,5.8938923,4.195826
4877,ITGB3BP,2.232893,2.419328
4878,ITGB4,6.0974236,3.989746
4879,ITGB5,6.7151785,3.380024
4880,ITGB6,8.860062,1.653741
4881,ITGB7,6.054358,3.19671
4882,ITGB8,6.7435055,4.0607233
4883,ITIH1,8.425029,1.0751961
4884,ITIH2,5.4408627,-0.3110708
4885,ITIH4,4.6113515,-0.6240773
4886,ITIH5,3.9953818,-0.3830617
4887,ITK,8.134577,3.9050052
4888,ITM2A,4.002037,0.13981046
4889,ITM2B,4.5871987,0.57546586
4890,ITPA,5.308046,2.2527034
4891,ITPK1,6.2250504,-1.9453909
4892,ITPKA,6.6895328,2.4547489
4893,ITPKB,1.8741851,2.622749
4894,ITPKC,0.97599584,4.063923
4895,ITPR1,6.4014378,-0.12280486
4896,ITPR2,8.091426,-0.3864314
4897,ITPR3,5.0466623,-0.71479374
4898,ITPRID1,1.8552493,2.3284826
4899,ITPRID2,6.4061155,4.1168647
4900,ITPRIP,7.16268,-3.178896
4901,ITPRIPL2,6.2372184,0.34539658
4902,ITSN1,8.59814,2.482892
4903,ITSN2,7.6804633,2.3909385
4904,IVD,6.181948,-1.9844693
4905,IVL,7.1224747,2.004796
4906,IVNS1ABP,7.9021015,2.7839642
4907,IWS1,1.6836699,3.6980972
4908,IYD,5.457283,2.1237006
4909,JADE1,1.936225,3.1071556
4910,JADE2,0.25129262,2.5260937
4911,JADE3,0.20844324,0.16494924
4912,JAG1,5.3956532,1.3702301
4913,JAG2,5.1813455,-0.60055333
4914,JAGN1,4.3572145,0.66912216
4915,JAK2,0.19501868,3.8416085
4916,JAK3,5.8105793,2.6724076
4917,JAKMIP2,4.4890895,1.3660038
4918,JAM2,7.5195155,1.1984979
4919,JAM3,4.434743,0.40733773
4920,JAML,7.6685047,3.3560414
4921,JARID2,6.144418,-2.3906949
4922,JAZF1,2.5638225,3.947998
4923,JCAD,7.3482766,1.2400467
4924,JDP2,-0.8436674,1.9403405
4925,JHY,1.9545866,2.664803
4926,JKAMP,3.1172724,1.8253264
4927,JMJD1C,1.0854489,3.8610237
4928,JMJD4,8.683592,0.73664
4929,JMJD6,0.57734835,4.1780767
4930,JMY,2.620959,3.7524436
4931,JPH1,1.7261006,3.8136973
4932,JPH3,2.7995813,3.938876
4933,JPH4,6.669754,3.1357257
4934,JPT1,7.3175807,4.0160284
4935,JPT2,6.987964,4.385614
4936,JRK,2.2401156,3.6736581
4937,JRKL,2.3700447,1.6657587
4938,JSRP1,8.550555,-0.6010412
4939,JTB,5.255714,-1.2462537
4940,JUN,-1.0664771,4.125228
4941,JUNB,-0.9739599,4.3817525
4942,JUND,0.013662735,3.4272985
4943,JUP,8.753442,1.6801963
4944,KALRN,2.4987216,2.6328554
4945,KANK1,8.385587,0.93522745
4946,KANK2,2.5107214,4.219298
4947,KANK3,4.843822,2.6983252
4948,KANK4,6.3608413,3.0306032
4949,KANSL1,1.6772263,2.3128831
4950,KANSL1L,5.413778,1.6956618
4951,KANSL2,7.313492,4.0743203
4952,KANSL3,2.1588583,2.8631425
4953,KARS1,8.135322,3.2906957
4954,KAT2B,2.792385,3.3485796
4955,KAT5,2.0872312,4.0533876
4956,KAT6A,1.926468,1.8745686
4957,KAT6B,-0.79494625,4.281785
4958,KAT7,0.88707775,3.9135761
4959,KAT8,0.48162737,2.4009688
4960,KATNA1,1.8120362,2.4317155
4961,KATNAL1,3.0604475,2.1590414
4962,KATNAL2,2.8046887,1.9818008
4963,KATNB1,7.611507,3.9770563
4964,KATNBL1,1.9806228,2.2759953
4965,KATNIP,0.995108,2.824807
4966,KAZN,6.6655617,3.8799083
4967,KBTBD11,5.934553,0.85142803
4968,KBTBD2,0.390556,-0.43877903
4969,KBTBD4,2.6001172,2.1407666
4970,KCMF1,7.7170596,3.812921
4971,KCNA6,7.326566,1.8737763
4972,KCNA7,7.1628485,0.5935734
4973,KCNAB1,4.2230787,2.39266
4974,KCNAB3,7.147266,-2.485578
4975,KCNB2,1.290135,-0.64848167
4976,KCNC1,1.9594544,5.424486
4977,KCNC4,8.988452,3.96726
4978,KCND1,1.252419,3.5917716
4979,KCNE3,8.033573,4.075257
4980,KCNE4,6.356682,6.3520236
4981,KCNF1,3.8535943,0.43702465
4982,KCNG1,6.9273763,1.3359772
4983,KCNG3,2.9824722,1.2999258
4984,KCNG4,3.579258,2.5014253
4985,KCNH1,6.2567244,0.70582175
4986,KCNH5,6.1527963,2.428086
4987,KCNH8,4.770392,2.3215995
4988,KCNJ13,1.7318138,6.0139427
4989,KCNJ15,6.0437937,-0.7186552
4990,KCNJ16,5.478668,-0.0014034347
4991,KCNJ3,6.869489,-2.1697202
4992,KCNK1,5.972554,1.9520459
4993,KCNK13,3.6567261,3.1633556
4994,KCNK17,4.9312377,3.5915515
4995,KCNK5,2.3459244,1.14614
4996,KCNK6,6.323509,3.1887965
4997,KCNK7,7.587109,2.1670702
4998,KCNK9,7.017674,2.9383948
4999,KCNMB3,2.4229841,1.519323
5000,KCNMB4,7.7628345,0.4316667
5001,KCNN1,7.795177,3.2327554
5002,KCNN2,4.6607013,3.6967437
5003,KCNN3,6.6331105,3.5668576
5004,KCNN4,4.953566,0.8565869
5005,KCNQ1,7.0031505,1.4247063
5006,KCNQ2,8.369328,-0.31195438
5007,KCNQ5,4.7619014,-0.6391478
5008,KCNRG,4.3146644,-1.4088911
5009,KCNS3,7.505286,1.2740152
5010,KCNT2,5.8205585,-0.10397983
5011,KCNU1,6.7884073,4.1612983
5012,KCNV1,6.4722996,3.6268158
5013,KCTD1,1.8056182,1.8879101
5014,KCTD10,3.0556545,2.7786038
5015,KCTD11,-0.60685617,3.4711869
5016,KCTD12,6.164424,-1.4329376
5017,KCTD13,1.1141406,2.5504932
5018,KCTD14,3.1182466,3.568245
5019,KCTD15,1.8900367,3.7386508
5020,KCTD18,6.947885,-2.8001447
5021,KCTD20,8.195462,-0.1052987
5022,KCTD21,9.314189,4.09572
5023,KCTD3,6.2711215,3.0170786
5024,KCTD4,4.9438868,1.092241
5025,KCTD6,6.8143196,-2.8135457
5026,KCTD8,5.1797776,-0.3927718
5027,KCTD9,3.2936714,3.8461716
5028,KDELR1,5.768934,1.0770048
5029,KDELR3,6.4777484,0.3582042
5030,KDF1,7.7051005,3.3662996
5031,KDM1A,2.4693859,2.6024387
5032,KDM1B,2.0971363,1.6444162
5033,KDM2A,-0.03944,3.7148094
5034,KDM2B,1.3607469,0.7915351
5035,KDM3A,2.5662427,1.5486326
5036,KDM3B,0.65366465,3.3803144
5037,KDM4A,0.32818636,-0.7088731
5038,KDM4B,1.6228434,2.6320539
5039,KDM4C,1.7702132,3.4105923
5040,KDM4D,-0.09750637,3.0510466
5041,KDM5A,2.593892,3.2610495
5042,KDM5B,1.0616143,2.629116
5043,KDM5C,3.537612,4.021585
5044,KDM5D,-0.61157346,-1.1539963
5045,KDM6B,-0.89082503,1.8621713
5046,KDM7A,1.6706185,3.0492167
5047,KDM8,3.0681567,1.5713142
5048,KDR,4.636343,0.14964977
5049,KEAP1,2.7749932,2.1662493
5050,KEL,6.1388917,3.5937386
5051,KHDC4,1.2048784,4.05922
5052,KHDRBS1,-1.5362594,4.3565106
5053,KHDRBS3,0.5510522,2.9582403
5054,KHK,5.439142,2.0092769
5055,KHNYN,4.5883904,2.8652344
5056,KHSRP,-1.2162066,3.9581418
5057,KIAA0040,-0.7072358,3.854424
5058,KIAA0232,6.079258,2.1215076
5059,KIAA0319,4.675906,-0.094384335
5060,KIAA0319L,3.9345775,-0.678828
5061,KIAA0408,2.6644197,2.0450861
5062,KIAA0513,5.754814,2.137412
5063,KIAA0586,0.7138713,4.332468
5064,KIAA0753,6.090473,1.749963
5065,KIAA0930,1.7488244,5.9440455
5066,KIAA1143,-0.46015027,3.9859426
5067,KIAA1191,2.4312968,4.208983
5068,KIAA1210,4.3454146,0.5137803
5069,KIAA1217,4.2209096,3.2492473
5070,KIAA1328,3.4710207,3.5087833
5071,KIAA1522,8.96989,1.6247783
5072,KIAA1549,2.0512059,5.2906103
5073,KIAA1549L,1.4774898,3.5485013
5074,KIAA1586,1.7586263,5.76383
5075,KIAA1614,1.9687454,5.4366193
5076,KIAA1671,6.3357015,6.320367
5077,KIAA1755,0.24355964,-0.9314279
5078,KIAA1958,7.9283333,4.0268345
5079,KIAA2013,6.0039124,2.4593396
5080,KIAA2026,5.6294985,2.7966824
5081,KICS2,6.1549816,5.5143585
5082,KIDINS220,2.9115891,2.133579
5083,KIF11,8.261854,3.5706835
5084,KIF12,6.4451942,1.196847
5085,KIF14,8.81735,3.4109516
5086,KIF16B,6.6939626,-2.008421
5087,KIF17,5.4472857,4.108162
5088,KIF18A,6.406273,6.5260506
5089,KIF18B,7.6197486,1.6512525
5090,KIF19,9.020586,2.0947526
5091,KIF1A,8.082469,3.5427244
5092,KIF1B,6.7841473,3.197695
5093,KIF20A,0.4077465,4.0859027
5094,KIF20B,2.157011,3.2634945
5095,KIF21A,8.012148,3.454072
5096,KIF21B,7.28038,1.350074
5097,KIF22,0.87351865,2.7388096
5098,KIF23,1.0697134,3.657815
5099,KIF26A,5.0291185,3.9952066
5100,KIF26B,6.3233213,6.24961
5101,KIF2A,3.1440835,3.852918
5102,KIF2B,6.2460647,5.869863
5103,KIF2C,3.1829257,3.959907
5104,KIF3A,4.296209,2.9618466
5105,KIF3B,7.956832,2.549281
5106,KIF3C,0.41651338,4.334828
5107,KIF5A,4.4132648,3.5652413
5108,KIF5B,7.3542075,2.5243373
5109,KIF5C,3.012148,-0.014895396
5110,KIF6,3.0805922,1.4740921
5111,KIFAP3,6.3210125,6.420322
5112,KIFC1,5.5965686,1.8505485
5113,KIFC2,3.9729369,4.0114512
5114,KIN,0.825408,3.7390773
5115,KIRREL2,6.020081,1.9239144
5116,KISS1,3.2590399,1.4174346
5117,KISS1R,6.1821475,0.2998403
5118,KIT,0.9111496,-0.80110294
5119,KITLG,6.53374,0.35320264
5120,KLC2,6.7615094,3.7621322
5121,KLC3,2.1864016,0.75026673
5122,KLC4,6.7904634,-2.064735
5123,KLF1,0.7584232,2.7895725
5124,KLF11,1.9041476,3.4087284
5125,KLF12,3.442018,3.8718727
5126,KLF15,1.6908891,3.115011
5127,KLF16,-0.4339626,2.7918828
5128,KLF2,1.2064795,1.8559669
5129,KLF3,0.0074051763,3.3219085
5130,KLF4,2.201749,2.9956043
5131,KLF5,2.3986654,2.4396055
5132,KLF6,5.792721,4.2451506
5133,KLF7,2.4700391,2.6779437
5134,KLF8,1.0901436,3.1857207
5135,KLF9,4.836515,4.157163
5136,KLHDC1,6.13821,1.821169
5137,KLHDC10,1.7579337,4.233329
5138,KLHDC2,1.7585363,5.9199867
5139,KLHDC3,2.1452124,2.4227128
5140,KLHDC4,1.0906028,-0.35593224
5141,KLHDC7A,-0.08290497,1.8159144
5142,KLHDC7B,5.816046,-0.2840703
5143,KLHDC8B,6.836674,1.2579153
5144,KLHDC9,-0.541016,-1.085091
5145,KLHL11,1.8716339,4.8506575
5146,KLHL12,5.121415,-0.040413488
5147,KLHL14,7.8228683,1.8419418
5148,KLHL15,4.024741,-0.39502463
5149,KLHL17,0.6208082,2.054396
5150,KLHL18,1.7509489,5.3704586
5151,KLHL2,3.211509,1.973907
5152,KLHL20,6.0972934,2.050101
5153,KLHL21,3.509685,0.27919722
5154,KLHL22,6.2198925,0.8465627
5155,KLHL23,2.5280938,0.60683477
5156,KLHL25,5.362514,2.7261345
5157,KLHL28,6.010091,2.5179353
5158,KLHL29,6.8161583,-2.4024904
5159,KLHL30,4.961914,-0.2040415
5160,KLHL35,1.3273616,2.4784675
5161,KLHL36,6.5663724,2.4678686
5162,KLHL38,3.0973437,3.251399
5163,KLHL4,6.254437,5.7392125
5164,KLHL41,7.354961,3.671816
5165,KLHL6,6.5964937,2.9259753
5166,KLHL7,3.8083916,2.8010058
5167,KLHL8,1.4796033,2.3227904
5168,KLK6,5.5223145,5.5061817
5169,KLK7,2.1755924,2.8210356
5170,KLK8,4.3341255,-1.4966038
5171,KLLN,0.5225616,1.8396423
5172,KLRB1,4.225927,3.1337602
5173,KLRC3,6.0197988,0.07592274
5174,KLRF1,8.164975,3.6327472
5175,KLRG1,5.0764,-0.4380163
5176,KLRG2,2.134447,1.1851547
5177,KLRK1,7.977301,1.2726277
5178,KMT2A,3.2407782,3.3617756
5179,KMT2B,2.434236,4.209753
5180,KMT2C,1.2860882,4.052121
5181,KMT2D,6.4792113,4.0250053
5182,KMT2E,2.1668684,3.8526473
5183,KMT5A,1.7655467,2.6706264
5184,KMT5B,1.2715359,1.0834147
5185,KMT5C,0.45535994,4.1401653
5186,KNDC1,7.6254063,2.91107
5187,KNL1,1.5584055,3.6255639
5188,KNOP1,0.1890934,-0.7921278
5189,KNSTRN,6.951679,3.1833262
5190,KNTC1,7.1938963,3.957274
5191,KPNA1,4.2579994,3.806999
5192,KPNA2,5.0050364,3.374758
5193,KPNA3,4.3036346,3.4535315
5194,KPNA4,0.48800078,2.1733057
5195,KPNA5,6.223182,5.5701647
5196,KPNA6,4.9291663,3.1096828
5197,KPNB1,6.2971864,2.6151383
5198,KPTN,5.249063,4.134625
5199,KRBA1,2.5410924,1.9650412
5200,KRBA2,1.950474,1.8813484
5201,KRBOX5,2.9129658,1.3362489
5202,KRCC1,8.000521,-0.546033
5203,KREMEN1,3.718935,4.2751775
5204,KREMEN2,2.0118837,-0.3072094
5205,KRI1,0.013281536,-1.0566772
5206,KRR1,0.9128202,-0.6555299
5207,KRT13,7.5115066,0.70815724
5208,KRT14,7.5501914,0.53364456
5209,KRT15,7.5168324,0.549241
5210,KRT17,7.1030574,0.34313753
5211,KRT18,6.6907816,0.6387204
5212,KRT19,7.644783,0.64209604
5213,KRT20,6.915629,0.45518062
5214,KRT222,4.4194994,-1.5329971
5215,KRT23,6.8567033,1.541566
5216,KRT24,7.64147,0.97792643
5217,KRT25,4.236434,0.17250326
5218,KRT34,2.5981903,1.6643599
5219,KRT35,5.2777085,0.3186504
5220,KRT4,2.5391767,3.734445
5221,KRT5,5.1072726,-0.23497318
5222,KRT7,7.5268,0.73363537
5223,KRT74,0.80789137,-0.74217325
5224,KRT75,8.085019,3.0748098
5225,KRT77,7.769481,4.395167
5226,KRT8,7.620535,0.72303283
5227,KRT80,8.026633,1.2784183
5228,KRT86,8.292164,3.353217
5229,KRTAP25-1,2.2999825,5.405393
5230,KRTCAP3,5.949989,3.0885212
5231,KSR1,6.3062167,1.7761246
5232,KTI12,1.9181565,1.8822145
5233,KTN1,8.417034,-0.7375185
5234,KXD1,6.201811,0.9096802
5235,KY,1.4910636,1.1192049
5236,KYAT3,6.386552,2.5432682
5237,KYNU,4.874863,2.9185662
5238,L1CAM,-0.02275714,3.725192
5239,L1TD1,4.7548122,-0.78563064
5240,L2HGDH,7.0372605,-3.1513662
5241,L3HYPDH,3.0695918,1.3299675
5242,L3MBTL2,3.1256127,3.6510322
5243,L3MBTL3,0.54603505,0.15162198
5244,L3MBTL4,2.9099004,0.85673124
5245,LACTB,6.7493215,-1.6663121
5246,LACTB2,6.2647347,2.5494366
5247,LACTBL1,4.2295713,1.9659423
5248,LAD1,8.819154,1.954335
5249,LAGE3,0.7653861,2.4219372
5250,LAIR1,8.289927,2.941207
5251,LAMA3,8.071178,-0.44454598
5252,LAMA4,8.487218,4.1106095
5253,LAMA5,5.27982,0.20833842
5254,LAMB2,5.500974,1.7605045
5255,LAMB3,6.775247,0.4150982
5256,LAMC1,7.508424,2.0918012
5257,LAMC2,7.763986,-0.10615354
5258,LAMP2,4.7942314,1.8421062
5259,LAMP3,3.4555044,0.35551777
5260,LAMP5,6.9532495,1.5101885
5261,LAMTOR1,5.421884,0.38716218
5262,LAMTOR2,2.8372867,3.3568566
5263,LAMTOR4,4.175553,-0.5896738
5264,LAMTOR5,6.1377015,2.2743392
5265,LANCL1,6.3681264,6.2137213
5266,LANCL2,6.4632688,1.536242
5267,LANCL3,7.2122188,-3.4294536
5268,LAP3,5.7686033,2.7073133
5269,LAPTM4A,5.262883,1.3795301
5270,LAPTM4B,5.4148827,-0.30652595
5271,LAPTM5,7.544401,2.3580089
5272,LARP1,5.693074,4.3401265
5273,LARP1B,8.563428,3.4487062
5274,LARP4,9.207681,4.2994213
5275,LARP4B,8.932328,4.0621214
5276,LARP6,6.441354,6.581844
5277,LARP7,5.143307,3.2997987
5278,LARS1,7.0687537,1.6713238
5279,LARS2,6.0609326,-1.9830369
5280,LAS1L,4.0563083,3.1735175
5281,LASP1,8.04045,3.8172255
5282,LAT,8.271843,1.4545156
5283,LAT2,8.836354,1.6963478
5284,LATS2,5.232599,2.470415
5285,LAX1,6.611557,2.227713
5286,LAYN,7.047124,1.77247
5287,LBH,6.494238,0.25237045
5288,LBHD1,3.232271,2.9713593
5289,LBR,1.6892254,6.107672
5290,LBX1,3.3156564,3.0885696
5291,LBX2,3.9362803,0.070076324
5292,LCA5,1.7557267,-0.24360125
5293,LCA5L,6.334858,3.9988258
5294,LCAT,2.1047523,1.4454739
5295,LCK,5.9378934,0.82349706
5296,LCLAT1,7.8116245,-0.10186307
5297,LCMT1,3.9441547,3.4366882
5298,LCMT2,6.756649,2.2189062
5299,LCN2,5.583792,-0.44685793
5300,LCOR,0.9867885,2.5382857
5301,LCORL,-0.016909828,3.6757686
5302,LCP1,7.5589037,0.9632969
5303,LCTL,8.180662,1.5967947
5304,LDAF1,5.2844834,-0.9769301
5305,LDB1,2.3707757,2.776645
5306,LDB2,1.9339978,2.845664
5307,LDHA,7.6714854,3.9465582
5308,LDHAL6B,6.505647,1.8009677
5309,LDHB,7.135622,4.350664
5310,LDHD,7.234821,1.376887
5311,LDLRAD1,0.19280264,3.2529974
5312,LDLRAD3,6.425174,0.3870573
5313,LDLRAD4,5.7642846,-0.11488295
5314,LDLRAP1,6.424556,6.623851
5315,LDOC1,0.2936829,0.22935836
5316,LECT2,6.031896,-1.200077
5317,LEF1,0.6846699,3.85859
5318,LEKR1,0.9053335,0.88741374
5319,LEMD1,7.823,3.447468
5320,LEMD2,1.6959879,6.034285
5321,LEMD3,1.7202814,6.0286703
5322,LENG1,6.133454,4.2378206
5323,LENG8,0.9849475,3.5693603
5324,LENG9,-0.43869913,-1.021947
5325,LEO1,-0.57580507,3.8981223
5326,LEP,7.976974,1.1367991
5327,LEPROT,3.2276886,0.35538304
5328,LETM1,6.6718783,-3.0635588
5329,LETM2,3.863884,3.2689688
5330,LETMD1,5.8841014,-1.9420954
5331,LEUTX,0.5648388,1.7111489
5332,LFNG,6.126265,-2.3972597
5333,LGALS1,6.7624097,4.359998
5334,LGALS12,7.03742,1.2946001
5335,LGALS13,0.35846668,3.9384794
5336,LGALS14,0.91080123,1.7103549
5337,LGALS2,6.0605197,-2.0284057
5338,LGALS3,5.532971,2.9719799
5339,LGALS4,5.583185,1.0420202
5340,LGALS8,8.951744,1.5774744
5341,LGALSL,0.5749394,4.2178802
5342,LGI2,4.09709,0.376503
5343,LGI4,5.006989,0.80258304
5344,LGMN,2.3162992,1.5219349
5345,LGR4,5.7662253,0.8481151
5346,LGR5,1.2484528,1.4374231
5347,LGR6,4.338976,3.299671
5348,LGSN,2.6587842,1.2279351
5349,LHCGR,6.7493176,3.6488965
5350,LHFPL2,8.64252,0.7715872
5351,LHFPL3,5.7425733,2.2563171
5352,LHFPL4,3.768299,-0.293008
5353,LHFPL5,4.430247,-0.19182573
5354,LHFPL6,0.34130198,-1.0807116
5355,LHPP,-0.20126072,1.738912
5356,LHX1,1.6369698,3.521763
5357,LHX2,-0.3696935,2.8535352
5358,LHX4,1.8578831,2.786662
5359,LHX5,8.534646,3.4200861
5360,LHX6,4.9388857,-0.37115917
5361,LHX8,3.0581098,1.5422479
5362,LHX9,2.3339775,1.9816841
5363,LIAS,2.7398486,2.4668565
5364,LIF,7.5074825,2.7029622
5365,LIG1,0.11085068,2.9841006
5366,LIG3,1.8759363,4.3578053
5367,LIG4,2.004955,3.900786
5368,LIMA1,9.092154,2.136733
5369,LIMCH1,9.244045,1.8044201
5370,LIMD1,2.9749613,3.442047
5371,LIMD2,2.6440558,1.7589061
5372,LIMK1,8.499301,3.3759768
5373,LIMK2,2.7390745,3.9012916
5374,LIMS2,8.726651,1.5246242
5375,LIN28A,7.2284117,3.4094715
5376,LIN28B,0.7272255,-0.13329457
5377,LIN37,2.1938171,2.133641
5378,LIN52,-0.5068585,2.862693
5379,LIN9,0.42245784,4.4163036
5380,LINGO1,8.117264,2.819989
5381,LINGO3,6.1026435,-1.6700876
5382,LINGO4,4.587006,0.94844854
5383,LINS1,2.609884,1.9816358
5384,LIPA,1.5339652,-0.14211088
5385,LIPE,6.8137155,0.8369735
5386,LIPI,2.6850927,2.0092225
5387,LIPJ,6.29622,3.7830029
5388,LIPM,7.49966,3.2361004
5389,LITAF,4.0628915,1.0653826
5390,LIX1,7.1588564,2.5548265
5391,LIX1L,6.917894,1.0320652
5392,LKAAEAR1,2.11708,0.8861026
5393,LLGL2,9.141299,4.138991
5394,LLPH,-0.42996567,-1.0467697
5395,LMAN1,8.02518,-0.7735481
5396,LMAN2,6.1965966,-1.1217674
5397,LMBR1,8.108985,-0.42312232
5398,LMBRD1,4.5913835,0.06468005
5399,LMBRD2,3.9251833,2.8954668
5400,LMCD1,8.019607,2.5328352
5401,LMF2,5.325648,-0.2827149
5402,LMLN,6.4703608,1.1575009
5403,LMNA,0.055460468,2.9377515
5404,LMNB1,1.7062607,6.0648913
5405,LMNB2,1.7358328,5.944669
5406,LMNTD1,2.3120663,1.1715038
5407,LMNTD2,5.499605,0.3267702
5408,LMO2,2.053118,1.233878
5409,LMO4,0.49717373,3.67405
5410,LMO7,8.693764,1.8887041
5411,LMOD1,6.388827,2.7611604
5412,LMOD2,6.9441943,1.8745835
5413,LMTK2,3.6315396,3.1580017
5414,LMTK3,0.2875713,2.80509
5415,LMX1A,3.6218495,1.3072165
5416,LMX1B,1.1856796,1.9140397
5417,LNP1,5.3595033,2.0619807
5418,LNPK,8.290784,-0.5316223
5419,LNX1,7.026396,0.6982006
5420,LNX2,6.5711117,-1.5520308
5421,LONP1,6.3003817,-2.3667057
5422,LONRF1,7.360205,4.086504
5423,LONRF2,3.3652747,0.16501169
5424,LONRF3,1.9985666,3.9515326
5425,LOX,6.6363974,3.1981435
5426,LOXHD1,8.196984,1.7249072
5427,LOXL1,7.6652813,1.7681426
5428,LOXL2,1.3723117,1.4641101
5429,LOXL4,5.241205,-0.48039472
5430,LPAR3,7.1409235,1.2279081
5431,LPAR4,8.048527,1.901973
5432,LPCAT1,8.335183,-0.37100786
5433,LPCAT2,8.162631,-0.3829101
5434,LPIN1,8.321061,4.178007
5435,LPIN2,7.349252,3.0844984
5436,LPIN3,8.0070505,3.181249
5437,LPL,4.803549,0.015931178
5438,LPP,7.8434544,2.6446166
5439,LPXN,8.894881,1.218302
5440,LRAT,5.7057247,1.3371878
5441,LRATD1,1.5062251,2.9975367
5442,LRATD2,5.6613674,-0.43290997
5443,LRBA,5.6167407,1.236521
5444,LRCH1,7.8870864,2.053208
5445,LRCH2,7.659261,2.1742914
5446,LRCH3,5.3469286,2.1447475
5447,LRCH4,3.7056603,2.1199467
5448,LRFN2,6.2318673,0.31311914
5449,LRG1,3.8949149,-0.96435714
5450,LRIF1,2.345197,0.44615296
5451,LRIG1,8.111301,3.6047688
5452,LRIG2,3.9069533,0.8106601
5453,LRIG3,8.819465,3.9976835
5454,LRIT3,4.034229,3.2608354
5455,LRMDA,2.7611632,3.5812538
5456,LRP1,4.308289,0.4988737
5457,LRP10,0.39369297,2.556546
5458,LRP11,8.52049,0.7785461
5459,LRP12,6.1340513,1.8140436
5460,LRP1B,4.008938,-0.6976459
5461,LRP2,7.225274,-2.646242
5462,LRP3,4.8733373,0.11599633
5463,LRP4,6.117959,-2.324022
5464,LRPAP1,8.561458,-0.59308845
5465,LRPPRC,7.230791,-3.545968
5466,LRR1,1.9934168,5.3899016
5467,LRRC1,7.02606,1.2729547
5468,LRRC10B,-0.89414054,3.752201
5469,LRRC14,2.5784583,2.457049
5470,LRRC14B,6.554548,2.8520539
5471,LRRC15,5.035074,-0.70403624
5472,LRRC17,2.9859295,1.6549286
5473,LRRC18,7.2538447,1.2305536
5474,LRRC2,2.841166,3.6626766
5475,LRRC20,3.356045,4.0813246
5476,LRRC23,0.5561812,-0.7495186
5477,LRRC24,6.327571,1.7014513
5478,LRRC25,7.4232755,4.0930614
5479,LRRC26,8.410578,1.2300515
5480,LRRC27,3.431355,0.8314141
5481,LRRC28,3.0838573,0.29174605
5482,LRRC31,2.5914485,2.682951
5483,LRRC32,3.245229,0.4160198
5484,LRRC34,6.4278874,6.5230455
5485,LRRC36,7.0854244,-2.9258373
5486,LRRC37B,6.560052,3.230891
5487,LRRC4,4.354285,-0.1916414
5488,LRRC40,0.3110002,-1.0667379
5489,LRRC41,-0.79476064,3.794996
5490,LRRC42,2.0686007,2.7587047
5491,LRRC43,3.9132562,0.1299727
5492,LRRC45,7.587112,4.4691367
5493,LRRC46,9.090163,3.966941
5494,LRRC47,0.82661545,-0.8172349
5495,LRRC4C,7.0482745,1.1111348
5496,LRRC57,6.79828,-1.4750367
5497,LRRC58,2.881612,3.2079313
5498,LRRC59,8.598479,-0.78727484
5499,LRRC61,1.0302795,3.1095548
5500,LRRC63,4.5122347,1.0411766
5501,LRRC69,8.34129,1.5878227
5502,LRRC7,7.549127,4.099766
5503,LRRC73,9.14238,3.9702878
5504,LRRC75A,-0.48654166,3.203739
5505,LRRC75B,1.974191,2.1586442
5506,LRRC8C,5.4033284,0.9379733
5507,LRRC9,3.77416,2.3513606
5508,LRRCC1,4.486857,-0.24326235
5509,LRRFIP1,7.964213,4.3891106
5510,LRRFIP2,9.161893,1.6571751
5511,LRRIQ3,6.6114955,3.875736
5512,LRRIQ4,6.950468,-1.9137353
5513,LRRK1,5.5157104,0.5925617
5514,LRRK2,3.2023904,1.3783829
5515,LRRN2,5.921982,2.5475206
5516,LRRN3,4.5656314,1.8773962
5517,LRRN4,0.30176672,-0.60780674
5518,LRRN4CL,-1.2356508,3.7807963
5519,LRRTM1,4.073914,-0.01412014
5520,LRSAM1,6.8524513,1.7424456
5521,LRTM2,8.403004,3.5272017
5522,LRWD1,0.35383978,-0.36531094
5523,LSAMP,7.193958,1.5693594
5524,LSG1,6.3010902,3.8406482
5525,LSM1,7.6096025,2.972932
5526,LSM10,1.3990228,1.1474061
5527,LSM11,0.7841588,2.7025294
5528,LSM12,6.4385457,1.5689559
5529,LSM14A,4.636123,-0.98630524
5530,LSM14B,4.584259,-0.9999968
5531,LSM2,0.6192717,2.461561
5532,LSM3,0.3604692,1.6672127
5533,LSM4,6.5580816,0.2779832
5534,LSM6,5.419771,1.3468841
5535,LSM7,1.116973,-0.32936057
5536,LSM8,3.0838428,2.3382545
5537,LSMEM1,6.0279098,2.140263
5538,LSMEM2,7.8331413,4.1401258
5539,LSR,8.953734,1.6318828
5540,LST1,6.8503685,1.2773073
5541,LTA4H,5.1882467,0.09862026
5542,LTB,4.394816,-0.6624692
5543,LTB4R2,8.689399,3.9021838
5544,LTBP2,0.3262061,4.112548
5545,LTBR,4.815478,-0.06320072
5546,LTC4S,4.2206025,1.8903679
5547,LTK,5.36195,0.095699064
5548,LTN1,6.3884687,1.9994783
5549,LTO1,0.99766994,3.577295
5550,LTV1,5.5730004,3.5624104
5551,LUC7L,-0.19297709,3.9792397
5552,LUC7L3,-0.6878595,3.9476278
5553,LURAP1,7.3100286,1.8092133
5554,LURAP1L,-0.17484663,-0.8516013
5555,LUZP1,8.4037075,1.9459944
5556,LUZP2,6.217243,3.943165
5557,LXN,5.342639,3.8948681
5558,LY6K,6.901742,4.305103
5559,LY75,4.079093,-0.6514336
5560,LY9,7.3390636,3.5427835
5561,LY96,4.8674526,-0.8884668
5562,LYAR,0.09090906,-0.6495635
5563,LYL1,1.6144502,1.9634634
5564,LYN,7.983624,1.9729521
5565,LYPD1,2.5088503,1.5218453
5566,LYPD3,5.230742,-1.2042754
5567,LYPD5,3.0504615,3.412993
5568,LYPD6,6.9408116,1.5188094
5569,LYPLAL1,6.1932306,2.3459334
5570,LYRM1,0.00011582917,2.9848733
5571,LYRM2,6.5595617,1.9194362
5572,LYRM4,2.1828582,0.58683187
5573,LYSMD1,2.1818004,1.5414648
5574,LYSMD2,6.7069163,-1.6013827
5575,LYSMD3,8.886478,3.5665367
5576,LYSMD4,7.8717875,1.9118438
5577,LYST,1.618481,3.4520967
5578,LYZ,2.3868291,1.015271
5579,LZIC,6.365344,1.1230698
5580,LZTFL1,7.5219293,2.1598334
5581,LZTR1,2.138501,1.8516777
5582,LZTS1,7.117692,3.5467267
5583,LZTS2,7.1632085,3.406543
5584,LZTS3,6.4978848,0.6743579
5585,M1AP,0.8985878,-1.1699951
5586,MAB21L3,3.5560012,2.6039164
5587,MAB21L4,4.1650467,0.7355022
5588,MACC1,7.2375903,-3.4377115
5589,MACF1,9.195408,1.8738791
5590,MACO1,8.026496,-0.35697672
5591,MACROD1,1.399344,2.1261787
5592,MACROD2,0.18025315,0.12919009
5593,MACROH2A1,0.45232582,4.443076
5594,MACROH2A2,0.51998186,2.6595953
5595,MAD1L1,1.9373101,5.485239
5596,MAD2L1,3.5072412,2.2635672
5597,MAD2L1BP,1.6092607,5.235501
5598,MAD2L2,0.5510097,1.9932846
5599,MADD,7.803483,3.8802454
5600,MAEA,0.68536675,1.7940841
5601,MAF,1.6223663,2.9641335
5602,MAF1,2.6456666,3.3256376
5603,MAFB,2.0924573,2.6679587
5604,MAFF,4.874567,2.262331
5605,MAFK,1.0625695,2.2544518
5606,MAGEA1,8.47026,3.2257574
5607,MAGEA10,6.5598493,1.1984023
5608,MAGEA11,3.432834,2.8276649
5609,MAGEA4,-0.3438941,1.735025
5610,MAGEB16,2.2772593,0.83639115
5611,MAGEB17,0.75226676,2.6024854
5612,MAGEB2,8.52289,3.7397764
5613,MAGEC1,5.7058277,-0.13679773
5614,MAGEC2,-0.7548153,3.8763645
5615,MAGED1,8.589202,4.030719
5616,MAGED2,5.941986,4.3302174
5617,MAGEE1,6.276303,5.269281
5618,MAGEF1,2.795284,1.403392
5619,MAGEH1,-0.61405003,-1.1580228
5620,MAGI1,8.173598,1.0767266
5621,MAGI3,8.124588,0.7495648
5622,MAGIX,2.3853083,0.7637188
5623,MAGOH,2.9994743,1.397697
5624,MAIP1,7.139666,-3.238143
5625,MAK16,0.87867475,-0.79221004
5626,MAL,4.879986,-0.2766549
5627,MALRD1,3.4279282,0.361311
5628,MALSU1,6.661724,-2.1637337
5629,MALT1,6.2027535,1.4783113
5630,MAMDC2,0.61002713,2.5964532
5631,MAMDC4,1.5277834,2.5900323
5632,MAML1,1.2739744,2.8021567
5633,MAML2,1.8676252,1.6344544
5634,MAML3,-0.73966,1.9076408
5635,MAMLD1,0.28031313,3.330522
5636,MAMSTR,-0.4123332,1.673425
5637,MAN1A1,4.2326903,-0.63531166
5638,MAN1A2,4.1765304,0.062260084
5639,MAN1B1,4.7632594,-0.73867685
5640,MAN1C1,1.1027184,3.6027992
5641,MAN2A1,5.06484,0.32530546
5642,MAN2A2,3.3844366,0.22260661
5643,MAN2B1,0.9147982,3.4126732
5644,MAN2C1,2.0510576,2.6847012
5645,MANBA,5.6113296,0.31813866
5646,MANBAL,6.676834,-2.3601089
5647,MANEA,4.6894236,0.73895967
5648,MANEAL,3.956988,-0.49820822
5649,MANF,8.022299,-0.29630563
5650,MANSC1,6.077801,1.1852494
5651,MAOA,6.82125,-2.3184495
5652,MAP1A,7.4216337,3.8266788
5653,MAP1B,8.277488,4.570884
5654,MAP1LC3C,5.04292,-0.654305
5655,MAP1S,6.8089976,3.295412
5656,MAP2,8.048948,3.7013557
5657,MAP2K1,7.783756,2.8194854
5658,MAP2K2,7.8471866,3.0598857
5659,MAP2K3,2.238676,3.9240608
5660,MAP2K4,2.4934075,2.530057
5661,MAP2K5,6.4022303,6.48333
5662,MAP2K6,5.7497373,-1.4917772
5663,MAP2K7,6.7206864,3.534521
5664,MAP3K1,6.3008614,5.7084303
5665,MAP3K10,8.19277,1.8623887
5666,MAP3K11,6.56375,3.4105494
5667,MAP3K12,3.1699214,2.3429887
5668,MAP3K13,2.9221892,1.2447627
5669,MAP3K14,4.595384,0.70338553
5670,MAP3K15,5.579138,-0.15557207
5671,MAP3K19,6.9028845,1.4566306
5672,MAP3K2,3.6922607,4.016583
5673,MAP3K20,6.318358,1.5575265
5674,MAP3K21,7.834441,2.1397743
5675,MAP3K3,1.9070394,1.4539373
5676,MAP3K4,6.1641035,3.42069
5677,MAP3K5,6.4367943,3.7000015
5678,MAP3K6,3.9228032,3.6298587
5679,MAP3K7,7.102966,2.8865643
5680,MAP3K7CL,1.9444661,1.2199862
5681,MAP3K8,7.4815855,2.3474874
5682,MAP3K9,0.63721573,1.4347084
5683,MAP4,8.202992,4.6171813
5684,MAP4K1,8.216675,2.221123
5685,MAP4K2,6.134857,2.298579
5686,MAP4K3,3.064522,1.1670218
5687,MAP4K5,6.704531,1.9679118
5688,MAP6,7.5618515,4.100003
5689,MAP6D1,6.2544513,-0.907063
5690,MAP7,7.3340554,2.4775097
5691,MAP7D2,1.2263339,3.614176
5692,MAP7D3,5.7515984,3.6656055
5693,MAPK1,0.7139739,0.030447626
5694,MAPK10,-1.231737,3.7375557
5695,MAPK11,8.704438,3.6265595
5696,MAPK12,1.724217,2.9316654
5697,MAPK13,0.8938678,-0.4779485
5698,MAPK14,3.2414005,3.2116168
5699,MAPK15,3.3150403,1.8843293
5700,MAPK1IP1L,3.9572668,2.8810022
5701,MAPK3,1.9965088,2.4962473
5702,MAPK4,3.6500106,0.41524982
5703,MAPK6,6.9205256,2.4968128
5704,MAPK7,2.7554784,2.9879074
5705,MAPK8IP1,5.757501,2.3141124
5706,MAPK8IP3,4.887494,-0.7007829
5707,MAPK9,7.1884713,4.115965
5708,MAPKAP1,2.5799136,2.7686775
5709,MAPKAPK2,1.1762627,1.9410125
5710,MAPKAPK3,0.28736138,4.099469
5711,MAPKAPK5,2.5656185,2.9691625
5712,MAPKBP1,0.4783466,-0.6376602
5713,MAPRE1,6.4828873,4.172872
5714,MAPT,4.038686,3.9459646
5715,MARCHF1,6.763104,-1.4478691
5716,MARCHF10,7.71956,2.3108597
5717,MARCHF2,9.549432,4.543997
5718,MARCHF3,7.136493,1.0996063
5719,MARCHF5,6.3073106,-2.2406561
5720,MARCHF6,8.491568,-0.5305426
5721,MARCHF7,6.101609,2.683604
5722,MARCKS,7.601952,2.1713924
5723,MARCKSL1,7.687913,2.0113091
5724,MARCO,4.2697635,0.4799361
5725,MARF1,5.3769736,1.2503016
5726,MARK2,5.937339,3.7380657
5727,MARK4,6.8667364,2.8532631
5728,MARS1,8.295403,3.207197
5729,MARVELD2,8.207957,1.2032608
5730,MARVELD3,5.425644,-1.006134
5731,MAS1L,5.161351,2.717992
5732,MASP1,5.509957,1.8295134
5733,MASP2,4.691061,-0.21100244
5734,MAST1,6.1289682,0.09578576
5735,MAST2,6.836933,1.486198
5736,MAST3,-0.62218267,1.6817926
5737,MAST4,3.1994596,2.5389936
5738,MASTL,1.4426198,2.5736196
5739,MAT2A,3.082412,2.7669244
5740,MAT2B,7.829556,1.6704426
5741,MATCAP1,2.246194,1.0477358
5742,MATCAP2,3.7721648,3.1534185
5743,MATK,6.048228,5.509582
5744,MATN3,6.2437615,0.54687846
5745,MATR3,-1.2224591,3.9405615
5746,MAU2,0.90215987,3.7314315
5747,MAVS,7.082964,-3.2590535
5748,MAX,0.51546633,4.4842615
5749,MAZ,0.58467704,2.1465135
5750,MB21D2,6.7530518,1.1763929
5751,MBD1,0.5236102,3.6410582
5752,MBD2,0.8765677,2.637061
5753,MBD3,0.6223,1.7438009
5754,MBD4,-0.40877172,1.7402729
5755,MBD5,2.3027308,1.2888223
5756,MBD6,1.476557,2.5542157
5757,MBIP,6.1856585,2.402806
5758,MBLAC2,4.3214636,-0.45211893
5759,MBNL1,1.0713717,4.2266035
5760,MBNL2,1.4351526,1.3620672
5761,MBNL3,2.5734155,2.89468
5762,MBOAT2,5.4565597,1.8822579
5763,MBOAT4,5.3105974,-0.16976106
5764,MBOAT7,8.488084,-0.12781118
5765,MBP,8.912561,1.92542
5766,MBTD1,3.5824983,3.21783
5767,MBTPS2,6.4655237,-1.3593374
5768,MC5R,6.833928,2.7884371
5769,MCAM,8.605972,1.4801626
5770,MCAT,6.053867,-0.39231142
5771,MCC,2.2345562,3.6191945
5772,MCCC1,6.909696,-2.611137
5773,MCCC2,7.153705,-3.0965967
5774,MCEE,0.45795837,-0.5686538
5775,MCEMP1,8.930312,1.4947292
5776,MCF2,8.233726,4.0899086
5777,MCF2L2,6.3885846,3.2898955
5778,MCIDAS,3.1103518,2.3501043
5779,MCL1,6.235191,-1.0890865
5780,MCM10,-0.00901801,3.4514594
5781,MCM2,1.2315241,2.8829749
5782,MCM3,-1.0695695,3.7641299
5783,MCM3AP,5.431573,2.4000595
5784,MCM4,-0.9900467,4.3051186
5785,MCM5,-0.3568343,3.34323
5786,MCM6,-0.4745238,4.2855425
5787,MCM7,-0.67459244,3.110301
5788,MCM9,0.14515454,3.052207
5789,MCMBP,2.3589082,4.0206714
5790,MCMDC2,7.901855,0.8563224
5791,MCOLN1,3.6715238,0.20954488
5792,MCOLN3,6.083661,3.1444318
5793,MCRIP1,6.7889266,3.0128138
5794,MCRS1,0.98624283,3.976434
5795,MCTP1,3.9836633,-0.14551651
5796,MCTP2,4.635459,2.8392236
5797,MCU,6.340575,-1.130371
5798,MCUB,6.024379,-1.8523787
5799,MDC1,0.48200956,3.4345899
5800,MDFI,0.49238864,3.8966231
5801,MDFIC,4.042323,1.0689509
5802,MDGA1,5.6911225,1.4132429
5803,MDH1,7.210691,2.3839536
5804,MDH2,7.2032337,-3.250954
5805,MDK,4.37426,-0.5291184
5806,MDM1,6.892093,1.9052
5807,MDM2,5.15473,1.4970682
5808,MDM4,1.0995666,3.9343762
5809,MDN1,6.008195,3.9727752
5810,ME1,0.2214801,3.225834
5811,ME2,6.9501595,-2.0051582
5812,MEA1,2.948372,0.3757722
5813,MEAF6,1.1290705,1.5426449
5814,MEAK7,5.2639203,3.329001
5815,MECOM,0.09660942,3.915219
5816,MECP2,-0.51879007,4.328992
5817,MECR,6.9904037,-2.601695
5818,MED1,1.7228459,1.5391897
5819,MED10,2.982155,2.3933308
5820,MED11,1.821951,1.0751104
5821,MED12,1.0393698,3.9797914
5822,MED12L,0.2343277,-0.9836839
5823,MED13,1.1113155,3.9635768
5824,MED13L,2.0859601,1.4981554
5825,MED14,0.25426295,3.0109398
5826,MED15,0.88198656,2.73837
5827,MED16,3.1230867,-0.3119237
5828,MED18,0.37851873,2.8326347
5829,MED19,0.9870409,1.020029
5830,MED21,3.441618,3.2389052
5831,MED22,-0.09152097,2.46391
5832,MED23,2.6867068,1.5873384
5833,MED25,0.6157303,3.9946058
5834,MED26,1.6313902,3.5403562
5835,MED27,2.615242,3.1928048
5836,MED28,1.1541724,3.5707805
5837,MED29,1.0239395,2.5862813
5838,MED30,-0.8544335,3.6535094
5839,MED31,2.3027453,0.460665
5840,MED4,1.9017057,3.0733018
5841,MED6,1.205584,3.871793
5842,MED7,2.55337,0.18776578
5843,MED8,2.1968277,2.6152744
5844,MED9,1.1325947,1.9952788
5845,MEF2A,1.3603705,3.0239167
5846,MEF2C,-0.18397363,3.3051918
5847,MEF2D,1.1276519,3.6053956
5848,MEFV,3.2150106,3.9708045
5849,MEGF10,5.1848826,0.12781131
5850,MEGF6,6.4115696,6.4147444
5851,MEGF9,3.2355883,2.684974
5852,MEIOC,8.023487,2.0297859
5853,MEIOSIN,1.1225222,2.2566783
5854,MEIS1,1.6379535,2.774631
5855,MEIS2,2.1916966,4.329281
5856,MEIS3,-1.0395242,3.7751918
5857,MEMO1,4.7348504,-0.88541657
5858,MEN1,3.2866023,3.1848361
5859,MEOX1,3.92171,2.6336904
5860,MEPCE,0.31258956,3.5071433
5861,MERTK,6.201075,1.4894326
5862,MESD,8.072734,-0.59388363
5863,MESP1,2.0518258,2.1938243
5864,MEST,5.4207325,1.1243889
5865,MET,7.4648886,2.17808
5866,METAP1,7.042729,3.1637292
5867,METAP1D,6.1651125,0.87406766
5868,METAP2,7.9796405,4.4082174
5869,METRN,2.019462,5.4096885
5870,METTL1,-0.033772152,3.7812266
5871,METTL13,8.047005,3.2998233
5872,METTL14,0.6569324,4.120502
5873,METTL16,3.2759573,2.718653
5874,METTL17,0.05152786,3.123556
5875,METTL18,1.566949,1.6883318
5876,METTL21A,3.343137,3.3919811
5877,METTL22,0.8243711,1.9246376
5878,METTL23,8.3391285,0.8441891
5879,METTL25,6.8145633,-1.8036169
5880,METTL25B,1.1772419,-0.6569628
5881,METTL26,4.7502666,0.07143082
5882,METTL27,6.1990423,-1.3705103
5883,METTL3,3.3792956,2.7802827
5884,METTL4,6.5042686,-1.8928156
5885,METTL5,0.74665827,-0.9455012
5886,METTL6,6.0099735,1.2727132
5887,METTL7A,5.9294515,-0.31292486
5888,METTL7B,6.358802,6.3106217
5889,METTL8,6.132068,1.8494896
5890,METTL9,1.5270791,2.1512363
5891,MEX3A,7.336245,1.6698035
5892,MEX3B,2.529492,3.047702
5893,MEX3C,8.653917,0.70731026
5894,MFAP1,-0.72346866,3.4003441
5895,MFAP3,3.4169595,0.8937278
5896,MFAP3L,0.45602828,3.854742
5897,MFAP4,6.799593,1.6244091
5898,MFF,7.007665,-3.0608137
5899,MFGE8,5.954167,2.0813265
5900,MFHAS1,1.6990327,1.4098828
5901,MFN1,6.1465597,-0.97941566
5902,MFN2,6.751526,-0.82246727
5903,MFNG,5.0769215,-0.4251276
5904,MFSD1,6.7484818,3.1517222
5905,MFSD10,1.7603317,5.4762306
5906,MFSD13A,2.4738197,1.7755091
5907,MFSD14B,5.195654,2.7883544
5908,MFSD2A,8.735136,4.186059
5909,MFSD3,2.776779,0.3376531
5910,MFSD6,3.5940628,2.675886
5911,MFSD8,1.0765111,3.505367
5912,MFSD9,-0.48895273,-1.0838429
5913,MGA,1.5502129,2.3020604
5914,MGAM2,6.1974974,-1.1747617
5915,MGARP,6.210539,-2.1509144
5916,MGAT2,4.726976,-0.41273227
5917,MGAT4A,4.311114,-0.8164665
5918,MGAT4B,1.4566205,3.3492472
5919,MGAT4C,5.7028904,3.552509
5920,MGAT5B,-0.6191363,2.4804685
5921,MGLL,5.2129264,-0.19980077
5922,MGME1,7.177112,-2.2200298
5923,MGMT,2.0055704,3.117666
5924,MGRN1,5.0198655,-0.6587014
5925,MGST1,7.024083,-1.6829557
5926,MGST2,6.902413,1.1426917
5927,MGST3,1.5057878,1.6809431
5928,MIA2,7.843449,-0.084951855
5929,MIA3,7.9830737,-0.74639416
5930,MIB1,7.839744,2.3670082
5931,MICAL2,7.627798,2.1081507
5932,MICAL3,6.486392,3.7076817
5933,MICALL1,7.8177156,2.4498532
5934,MICB,4.431245,0.39604878
5935,MICOS10,7.174795,-2.5624063
5936,MICOS13,6.2247944,-2.7643518
5937,MICU1,6.1954145,-1.5140711
5938,MICU2,1.606053,2.2314525
5939,MID1,5.4441037,1.2343062
5940,MIDEAS,0.52327675,3.3877597
5941,MIDN,1.5559916,1.8656719
5942,MIEF1,6.5554543,-1.3020942
5943,MIEN1,6.21743,3.947979
5944,MIER1,0.30736408,4.043535
5945,MIER2,6.21672,-1.9039582
5946,MIER3,0.17662054,3.6066298
5947,MIF,6.275122,4.313007
5948,MIF4GD,1.3893347,-0.5213227
5949,MIGA1,6.9693036,-2.1451428
5950,MIGA2,5.9588137,1.4071195
5951,MIIP,3.495585,3.1983833
5952,MINAR1,3.9109488,0.03629781
5953,MINDY1,2.3224843,2.4231277
5954,MINDY2,0.9256001,3.8392625
5955,MINDY3,1.7104985,5.7782187
5956,MINDY4,6.7443423,0.79301745
5957,MIOS,3.426432,3.375014
5958,MIPEP,6.6609135,-2.0990264
5959,MIPOL1,7.9360676,3.874815
5960,MIS18A,5.197155,1.9978236
5961,MIS18BP1,5.8189983,1.9701899
5962,MISP,9.226656,1.6706902
5963,MITD1,5.0944757,0.20509519
5964,MIX23,6.4360266,-2.251541
5965,MIXL1,3.703472,3.5216901
5966,MKI67,-0.013317199,-0.501812
5967,MKKS,3.1472468,0.5027672
5968,MKLN1,7.2932158,3.836368
5969,MKNK1,2.4701974,1.5619739
5970,MKNK2,3.9968438,2.512943
5971,MKRN1,3.1310146,4.6491303
5972,MKRN2,6.8989596,2.4079828
5973,MKRN2OS,6.585118,0.6270915
5974,MKRN3,7.159378,2.701069
5975,MKX,-0.11666747,4.0000763
5976,MLC1,6.2060847,1.5541608
5977,MLF1,3.7451868,2.7475002
5978,MLF2,2.832025,1.5026749
5979,MLH1,-0.514995,3.1631534
5980,MLH3,2.2832177,2.480509
5981,MLIP,3.2090783,4.0506887
5982,MLKL,7.5743866,2.0481107
5983,MLLT1,0.31415185,4.152825
5984,MLLT10,2.116952,3.1756935
5985,MLLT11,6.507044,3.2515433
5986,MLLT3,3.3530543,3.8901803
5987,MLLT6,1.6226056,3.5441985
5988,MLNR,7.2883987,2.1906695
5989,MLST8,3.475948,3.2332115
5990,MLX,2.025583,5.3603563
5991,MLXIPL,1.154802,2.362081
5992,MMAA,8.693243,3.30003
5993,MMAB,7.204649,-3.3857718
5994,MMACHC,2.7917244,2.4303024
5995,MMD,5.6845007,-0.89974594
5996,MMP1,6.2764006,-0.26824048
5997,MMP10,7.5680823,1.7699364
5998,MMP11,5.8377495,0.9115189
5999,MMP14,6.3943567,1.5228282
6000,MMP15,7.4733386,3.8493207
6001,MMP16,7.058245,2.4280672
6002,MMP19,7.3657794,2.1088529
6003,MMP2,5.7760577,-0.12976007
6004,MMP24,5.683214,2.9637847
6005,MMP25,7.4704237,4.088472
6006,MMP3,5.1193976,-0.33500874
6007,MMP7,4.2158494,1.9234914
6008,MMP8,5.5221844,1.6331652
6009,MMP9,6.995958,1.9040926
6010,MMRN1,6.915347,3.6967204
6011,MMRN2,6.2371874,0.24261935
6012,MMS19,3.3368847,2.6919596
6013,MMS22L,1.9140223,3.7789447
6014,MMUT,6.9040217,2.5796406
6015,MN1,2.0352416,2.1766245
6016,MNAT1,1.2871089,3.181814
6017,MNDA,0.499299,3.6569726
6018,MNS1,3.4813113,3.298226
6019,MNT,0.4215012,2.557807
6020,MNX1,1.2896025,3.259408
6021,MOAP1,3.4416375,2.2709765
6022,MOB2,0.7196074,-0.6242515
6023,MOBP,4.36654,-0.531736
6024,MOCOS,6.4210024,-1.8111018
6025,MOCS1,6.6209297,2.3625996
6026,MOCS2,2.8699458,3.033316
6027,MOGAT1,7.529966,2.2133994
6028,MOGS,8.508831,-0.48798752
6029,MOK,8.491412,-0.7522935
6030,MON1A,7.6476684,2.075772
6031,MON1B,8.560395,3.3736327
6032,MON2,1.2019131,3.9492705
6033,MORC2,2.275779,3.2224073
6034,MORC3,1.0308812,2.1958277
6035,MORC4,0.57914925,3.0044808
6036,MORF4L1,-1.3427085,3.6824944
6037,MORF4L2,0.17487116,4.22418
6038,MORN1,5.880397,-2.0018082
6039,MORN2,1.0928636,2.6340826
6040,MORN3,0.9272798,4.2389636
6041,MOSPD1,3.6800008,1.1080518
6042,MOSPD2,7.9114857,-0.057664614
6043,MOSPD3,5.5936713,2.6270227
6044,MOV10,7.6313033,2.472342
6045,MOXD1,6.657423,0.9282806
6046,MPC1,6.7582064,-1.5866377
6047,MPDU1,8.09699,-0.26290914
6048,MPG,2.8544307,2.614746
6049,MPHOSPH10,0.5298933,-0.7707105
6050,MPHOSPH6,5.6157255,5.538946
6051,MPHOSPH8,2.485844,3.8171067
6052,MPHOSPH9,5.4952803,3.2888677
6053,MPI,7.172291,1.8797563
6054,MPIG6B,4.87697,0.48389438
6055,MPL,6.865715,3.9431515
6056,MPLKIP,3.464328,1.2939612
6057,MPND,0.06351983,-0.8380673
6058,MPO,4.2698483,-1.3161824
6059,MPP1,8.945068,1.5446001
6060,MPP3,4.2948213,3.4417212
6061,MPP4,6.892198,2.4352016
6062,MPP7,2.9736862,0.8778513
6063,MPPE1,4.277326,0.82193404
6064,MPPED2,3.342625,0.7071123
6065,MPRIP,8.74075,1.8927048
6066,MPST,6.754897,-1.7733649
6067,MPV17L,5.242644,-0.64768803
6068,MPZL1,8.614867,1.3222417
6069,MPZL2,8.855215,1.4158803
6070,MPZL3,4.4066944,0.32967868
6071,MR1,6.4416237,3.944075
6072,MRAP,8.221205,3.1448472
6073,MRAS,5.4436345,0.6755374
6074,MRE11,0.8323313,3.4572432
6075,MREG,5.139935,0.50168514
6076,MRFAP1,1.0888875,3.868019
6077,MRGBP,1.5998095,3.4876883
6078,MRGPRF,8.790862,1.099541
6079,MRI1,5.534175,3.5073829
6080,MRM1,6.9624796,-2.154988
6081,MRM3,6.356631,-1.330515
6082,MRNIP,7.0996656,3.977563
6083,MROH1,2.873048,2.148548
6084,MROH2A,8.719845,3.2894018
6085,MROH6,2.7552624,1.7963711
6086,MROH8,2.5031826,2.3696153
6087,MRPL1,6.368422,-1.8987145
6088,MRPL10,6.0550385,-2.6076488
6089,MRPL11,6.7658706,-1.6089271
6090,MRPL14,6.84209,-1.5335181
6091,MRPL15,4.5538726,1.5002872
6092,MRPL19,7.106325,-2.989524
6093,MRPL2,6.210401,-2.6203668
6094,MRPL20,6.324139,-1.4922062
6095,MRPL21,6.1970725,-2.514093
6096,MRPL22,7.1275053,-2.8654885
6097,MRPL28,6.695512,-2.6314461
6098,MRPL36,6.108726,-1.3853146
6099,MRPL37,6.569433,-1.6371372
6100,MRPL38,6.2225933,-1.6080022
6101,MRPL39,3.5614178,0.2893758
6102,MRPL40,6.847443,-3.148257
6103,MRPL41,6.5118318,-2.1719737
6104,MRPL42,6.462292,3.690143
6105,MRPL43,3.4697294,2.4684467
6106,MRPL44,5.943264,-1.4219775
6107,MRPL45,7.078699,-2.7192533
6108,MRPL46,6.1616645,-2.196615
6109,MRPL47,6.945337,-2.754091
6110,MRPL48,5.934134,-1.0159085
6111,MRPL50,6.333034,-2.0429642
6112,MRPL51,6.0375495,-1.5334624
6113,MRPL52,6.8794217,-2.5351079
6114,MRPL53,6.756403,-1.3537828
6115,MRPL54,6.790371,-1.6360877
6116,MRPL57,6.9910564,-2.9287698
6117,MRPL58,6.1783752,-2.1236117
6118,MRPL9,7.027614,-1.9751356
6119,MRPS10,7.1912036,1.5534977
6120,MRPS11,6.2922697,-2.0146961
6121,MRPS14,6.6213713,-3.0922275
6122,MRPS15,6.1550126,-2.0203402
6123,MRPS16,7.1401787,1.4098549
6124,MRPS18B,6.4347873,-2.4016647
6125,MRPS2,6.705171,-2.8013854
6126,MRPS21,5.95342,-1.345768
6127,MRPS22,6.6482115,-3.1162627
6128,MRPS23,6.166122,-2.207657
6129,MRPS25,7.1506286,-2.966809
6130,MRPS26,6.3147964,-2.5906103
6131,MRPS27,6.9305043,-2.5609276
6132,MRPS28,7.096195,-2.9860387
6133,MRPS31,6.998359,-3.2008917
6134,MRPS34,6.058084,-1.4345883
6135,MRPS35,6.5946865,2.3176801
6136,MRPS36,6.917012,-2.9237092
6137,MRPS5,6.2298284,-0.92962843
6138,MRPS6,7.323105,1.8326747
6139,MRPS7,6.433708,-1.3437152
6140,MRPS9,6.25848,-1.6790547
6141,MRRF,6.410898,6.3626647
6142,MRTFA,1.558323,2.8699288
6143,MRTFB,-0.867328,4.167261
6144,MRTO4,1.2085297,4.865942
6145,MS4A1,1.0353105,1.8289168
6146,MS4A12,6.6304874,3.4365194
6147,MS4A14,2.7408144,3.3372426
6148,MS4A15,6.985474,2.0523088
6149,MS4A3,0.6823164,2.3385754
6150,MSANTD1,1.7389206,2.4812884
6151,MSANTD2,2.5929024,2.5002015
6152,MSANTD3,-0.6633617,2.7109385
6153,MSANTD4,2.9441092,2.2829545
6154,MSC,3.128494,0.811887
6155,MSH2,0.7105804,2.3478098
6156,MSH3,2.6764193,0.6729217
6157,MSH4,1.7259156,2.63003
6158,MSH5,3.2064927,0.75690824
6159,MSH6,1.5519226,4.0596
6160,MSI1,4.7083173,3.4724948
6161,MSI2,8.412701,3.2686913
6162,MSL1,0.9195406,3.3616955
6163,MSL2,4.6696496,2.8842578
6164,MSL3,2.0537055,2.2305546
6165,MSLN,7.517023,4.0935445
6166,MSMO1,6.7059083,1.5968558
6167,MSMP,4.880523,-0.18877894
6168,MSN,9.131506,2.1099024
6169,MSRA,2.996451,2.801163
6170,MSRB1,1.522013,1.093972
6171,MSS51,4.351939,-1.5059792
6172,MST1,5.503837,1.1652129
6173,MST1R,4.9755507,2.6397789
6174,MSTO1,6.8241754,3.0630856
6175,MSX1,0.34008306,2.4317336
6176,MSX2,-0.70059747,3.0403745
6177,MT-CO1,6.9491663,-2.8002367
6178,MT-CYB,6.246865,-2.1016161
6179,MT-ND3,6.3735843,0.41415882
6180,MT-ND4,1.0147566,1.2824454
6181,MT-ND4L,6.785518,1.5030963
6182,MT1E,1.9423786,1.9367325
6183,MTA1,0.6809821,3.0426707
6184,MTA2,0.3285534,4.0515275
6185,MTA3,1.6747409,4.08892
6186,MTAP,5.455767,3.411097
6187,MTARC1,6.35565,-1.0409261
6188,MTBP,1.8915212,3.604865
6189,MTCH2,2.9277909,0.17389326
6190,MTCP1,2.9236383,3.188334
6191,MTDH,8.387295,-0.6994949
6192,MTERF1,6.582358,-1.4758203
6193,MTERF3,6.5209265,-1.5984956
6194,MTERF4,6.380452,-0.59019464
6195,MTF1,1.5639771,1.5771947
6196,MTF2,0.902671,4.0001903
6197,MTFMT,2.6696005,3.0057673
6198,MTFP1,6.136586,1.0678663
6199,MTFR1,6.181709,-1.3950721
6200,MTFR1L,7.056683,-2.5971386
6201,MTFR2,6.251931,-0.76920027
6202,MTG1,6.2719,-2.0161622
6203,MTHFD1,7.738715,4.3342967
6204,MTHFD1L,7.02392,-2.8429718
6205,MTHFD2,6.0533543,-0.82034945
6206,MTHFR,8.294222,0.96771777
6207,MTHFS,7.985631,4.2799315
6208,MTHFSD,3.5010185,2.5635667
6209,MTIF2,6.2599854,-2.231559
6210,MTIF3,6.082292,-2.047447
6211,MTM1,8.68804,1.4130149
6212,MTMR1,6.527367,1.3536884
6213,MTMR10,1.9828382,3.3582964
6214,MTMR11,3.4624884,0.24611087
6215,MTMR2,5.1933446,0.102255695
6216,MTMR3,3.0324795,3.6419754
6217,MTMR7,3.095178,2.9315908
6218,MTMR9,4.8618846,1.0809574
6219,MTO1,3.2565422,2.4851499
6220,MTOR,5.8129973,1.4278991
6221,MTPAP,6.61564,-2.727367
6222,MTPN,7.273109,4.053766
6223,MTR,6.713319,2.0145261
6224,MTREX,0.7891382,2.4787085
6225,MTRFR,7.9641485,-0.62271583
6226,MTRR,4.2428355,3.6353688
6227,MTSS1,8.355573,4.235218
6228,MTSS2,8.293367,1.0274026
6229,MTTP,8.4976015,3.4562526
6230,MTURN,7.3776097,2.8937664
6231,MTUS1,6.256594,5.8277426
6232,MTUS2,5.3634095,1.4990942
6233,MTX1,6.2968493,-2.2953758
6234,MTX2,6.2879663,-1.6385511
6235,MTX3,6.340364,-1.5676032
6236,MUC1,9.119097,1.5495869
6237,MUC20,5.3981724,3.881159
6238,MUC3A,7.589006,3.0532792
6239,MUC5AC,5.095489,-1.079934
6240,MUC5B,4.1294756,-0.74109286
6241,MUL1,4.189871,3.3043723
6242,MUS81,-0.20906761,-0.692726
6243,MUTYH,2.7198043,2.099762
6244,MVB12A,3.5699558,0.006985628
6245,MVB12B,4.200639,0.19684845
6246,MVD,7.0205026,2.566736
6247,MVK,5.429741,0.11114228
6248,MVP,6.8550086,1.1562191
6249,MX1,2.4750128,5.2662086
6250,MXD1,4.6733165,2.5416431
6251,MXD3,0.5971507,1.9641492
6252,MXD4,9.071958,3.9804995
6253,MXI1,1.7455541,2.7259698
6254,MXRA5,6.5741177,-2.0106544
6255,MXRA7,8.555666,-0.59149885
6256,MXRA8,0.608329,-0.4841198
6257,MYADM,-0.33225656,1.6614828
6258,MYB,3.920575,3.3570395
6259,MYBBP1A,0.6393977,-0.91672426
6260,MYBL1,2.8853962,2.2884533
6261,MYBL2,4.8340864,3.9033153
6262,MYBPH,6.0635495,-2.8033946
6263,MYBPHL,4.8855085,-1.0776623
6264,MYC,0.9846808,3.8624387
6265,MYCBP2,2.6323335,3.5800085
6266,MYCBPAP,3.367052,0.37118578
6267,MYCL,2.8794606,0.24719507
6268,MYCN,0.453477,-0.16762859
6269,MYCT1,-0.6703678,4.120605
6270,MYD88,6.7657256,1.9619207
6271,MYEF2,0.8375596,3.5165398
6272,MYEOV,1.0790554,3.6380608
6273,MYF5,2.5110934,2.1704783
6274,MYF6,3.0901976,3.044757
6275,MYG1,2.1050212,1.6025455
6276,MYH10,7.6554174,1.0486524
6277,MYH11,2.1629295,1.2188766
6278,MYH14,0.15683672,2.1680217
6279,MYH15,6.5118327,1.3259999
6280,MYH9,8.81183,2.051954
6281,MYL3,6.0639505,-2.469751
6282,MYL4,9.009714,1.9961176
6283,MYL5,0.6421164,-0.5029798
6284,MYLK,8.702484,2.2588599
6285,MYLK2,8.41464,-0.8018309
6286,MYLK3,0.724735,3.9572475
6287,MYLK4,5.071521,0.875282
6288,MYMX,6.4733944,-1.2639798
6289,MYNN,0.4354943,1.8181336
6290,MYO10,6.9730864,4.2026277
6291,MYO15B,6.3229566,3.128187
6292,MYO16,4.9841332,-0.28428158
6293,MYO18B,2.6306603,2.1486282
6294,MYO19,6.5062428,-1.0296316
6295,MYO1A,1.5178442,2.7084777
6296,MYO1B,9.035419,1.9662069
6297,MYO1C,8.84308,1.3956822
6298,MYO1D,5.5516973,-0.32904172
6299,MYO1E,4.5313935,4.4082966
6300,MYO1F,6.2414794,2.3741605
6301,MYO1G,4.3998084,3.2266881
6302,MYO3A,8.479619,0.9148389
6303,MYO5A,5.5644965,1.377805
6304,MYO5B,7.5568852,1.2535869
6305,MYO5C,8.5132065,3.9240286
6306,MYO6,2.9417148,1.7570479
6307,MYO9A,8.679626,0.7602446
6308,MYO9B,7.928736,3.647691
6309,MYOCD,1.9050012,1.3272108
6310,MYOD1,0.53321195,3.2075574
6311,MYOF,5.8725977,1.3020251
6312,MYOG,1.2860072,1.8920425
6313,MYOM2,6.804945,-2.9036002
6314,MYOM3,4.897646,-0.12488111
6315,MYORG,7.1533866,-2.3239875
6316,MYOZ2,4.8476977,0.25219518
6317,MYPN,1.8923563,3.2979681
6318,MYPOP,0.24083395,3.6240368
6319,MYRF,2.352414,2.8380504
6320,MYRFL,-0.09353207,-1.1013305
6321,MYRIP,4.2189264,1.3809915
6322,MYSM1,0.7361149,0.071737126
6323,MYT1,4.2561116,2.6975353
6324,MYT1L,4.4211254,-1.3776048
6325,MZB1,4.497889,1.0431695
6326,MZF1,2.3156796,0.99373007
6327,N4BP1,1.1436964,-0.14370237
6328,N4BP2,2.164009,1.5418391
6329,N4BP2L1,7.550764,3.804091
6330,N4BP2L2,0.21592404,3.919976
6331,N4BP3,1.1295375,2.1755295
6332,N6AMT1,8.321797,1.1061054
6333,NAA10,8.99109,4.193035
6334,NAA11,5.054431,2.7350016
6335,NAA15,6.1195164,5.4935446
6336,NAA16,6.76024,1.3789455
6337,NAA20,8.881201,3.9713418
6338,NAA25,5.452022,1.399477
6339,NAA30,7.9058356,2.9988453
6340,NAA35,3.936262,3.4811392
6341,NAA38,2.5397196,2.5169258
6342,NAA40,2.6776054,2.8553743
6343,NAA50,1.3165977,-0.43721318
6344,NAA60,8.357911,1.8772745
6345,NAALAD2,0.9454886,1.6597722
6346,NAALADL1,7.4813123,2.5677922
6347,NAALADL2,2.3842585,2.1170967
6348,NAB1,3.5083346,1.3009472
6349,NAB2,3.8038733,3.4300911
6350,NABP1,1.7361339,1.6864684
6351,NABP2,1.2656324,2.894249
6352,NACAD,6.0608892,2.442888
6353,NACC1,1.1490871,4.115106
6354,NACC2,0.6339894,-0.97161084
6355,NADK,3.7242928,3.0275528
6356,NADK2,4.862882,1.6229148
6357,NADSYN1,6.270458,0.86246985
6358,NAE1,5.6435056,5.4872293
6359,NAF1,2.419349,3.6185412
6360,NAGK,5.39533,2.8749502
6361,NAGS,6.772761,-1.4443642
6362,NAIF1,2.0463886,1.3380464
6363,NAMPT,-0.57358843,1.6727511
6364,NANOS1,5.517991,4.232107
6365,NANOS3,0.16865548,2.2840483
6366,NANP,7.901386,-0.2928895
6367,NANS,2.7388065,4.4665055
6368,NAP1L1,6.4360085,6.523145
6369,NAP1L2,8.115461,4.4275694
6370,NAP1L3,5.143278,-1.4599036
6371,NAP1L4,5.1950088,-0.60436916
6372,NAP1L5,1.3373475,3.409309
6373,NAPEPLD,7.032573,1.6672661
6374,NAPG,7.248456,4.277623
6375,NAPRT,4.371241,1.0603555
6376,NARF,0.75066435,1.752061
6377,NARS1,7.9049315,3.638793
6378,NARS2,5.0776467,3.5367792
6379,NASP,-1.0833056,4.220551
6380,NAT10,0.07829971,-1.0255158
6381,NAT14,6.9778504,-2.937197
6382,NAT16,1.2119144,1.1066377
6383,NAT8L,6.6088104,0.80665624
6384,NAT9,-1.321031,4.158998
6385,NAV1,7.5206156,3.2882068
6386,NAV2,1.3572582,3.5250602
6387,NAV3,5.67634,4.2948127
6388,NAXE,2.638148,2.7166173
6389,NBAS,5.5749993,1.7817818
6390,NBEA,4.68559,1.3010409
6391,NBEAL1,2.6441119,2.7144544
6392,NBN,0.55047387,3.127045
6393,NBR1,2.6289644,0.86867213
6394,NCAM1,7.338277,1.9184774
6395,NCAM2,8.574594,2.179937
6396,NCAPD2,4.878729,3.1228821
6397,NCAPD3,0.5060237,3.7776577
6398,NCAPG2,0.12414994,3.2700377
6399,NCAPH,5.90017,2.639755
6400,NCAPH2,0.4390641,3.3539064
6401,NCBP1,6.326247,1.9176046
6402,NCBP2,0.66179764,3.790439
6403,NCBP3,0.48117554,2.8025496
6404,NCCRP1,6.805721,1.4216075
6405,NCDN,6.8144283,1.126917
6406,NCEH1,7.9043975,3.8062925
6407,NCF2,6.2421765,1.7966657
6408,NCF4,6.504137,1.6694232
6409,NCK1,7.4984756,2.4067929
6410,NCKAP1,6.5839577,1.463931
6411,NCKAP1L,8.164387,3.8220375
6412,NCKAP5,0.8343903,-0.7809951
6413,NCKIPSD,8.277325,1.5921186
6414,NCL,-0.04595403,-0.30160227
6415,NCLN,4.1287713,1.1793059
6416,NCOA1,2.328961,3.8122783
6417,NCOA2,0.47638202,3.8289535
6418,NCOA3,2.7474358,4.130037
6419,NCOA4,0.8875384,-0.6565783
6420,NCOA5,8.586343,1.569749
6421,NCOA6,1.9104548,3.802629
6422,NCOA7,2.7369685,1.732159
6423,NCOR1,3.9544427,3.992114
6424,NCOR2,-0.788103,4.3451004
6425,NCS1,7.797732,2.2499056
6426,NCSTN,6.5171275,0.4742471
6427,NDC1,5.470839,2.342289
6428,NDC80,2.39592,3.5922415
6429,NDFIP2,3.9636025,0.53988856
6430,NDN,2.872885,2.460593
6431,NDNF,5.494044,-0.8183984
6432,NDOR1,4.630906,2.9077637
6433,NDP,1.3595358,-0.03171721
6434,NDRG1,6.3739877,5.3744736
6435,NDRG2,3.9018202,3.4474664
6436,NDRG3,6.6064796,3.3583043
6437,NDRG4,5.951426,2.1512945
6438,NDST2,7.6250134,2.4111066
6439,NDUFA1,8.41671,3.2818027
6440,NDUFA10,5.819537,-1.0612622
6441,NDUFA12,7.0812163,-2.1997755
6442,NDUFA13,6.8488393,-1.8928502
6443,NDUFA7,7.1376987,-2.781108
6444,NDUFA8,7.0156693,-2.5766692
6445,NDUFAB1,6.1280694,-2.5705945
6446,NDUFAF1,5.3002214,0.16516608
6447,NDUFAF2,7.052047,-3.1679828
6448,NDUFAF4,6.5828404,-2.1892312
6449,NDUFAF8,6.5981436,-1.8432591
6450,NDUFB1,5.9863167,-2.7065732
6451,NDUFB11,6.4595423,-2.44232
6452,NDUFB2,5.6580157,-2.597052
6453,NDUFB4,6.0878186,-2.2824585
6454,NDUFB5,6.372454,-2.9696364
6455,NDUFB6,6.108371,-2.3975267
6456,NDUFB8,6.4272614,-0.29318577
6457,NDUFB9,6.2863207,-1.3052517
6458,NDUFC1,6.5542455,-1.9435412
6459,NDUFS1,6.851788,-2.5391195
6460,NDUFS2,6.270754,-2.7874627
6461,NDUFS3,6.021199,-2.128569
6462,NDUFS4,6.2296085,-2.433887
6463,NDUFS8,7.0488753,-2.2184432
6464,NDUFV1,6.688385,3.0157282
6465,NDUFV2,6.0443115,-1.6277101
6466,NDUFV3,6.746208,-2.2017083
6467,NECAB1,3.709855,3.7473767
6468,NECAB3,4.571265,-0.6301999
6469,NECAP1,6.9421906,1.6463876
6470,NECAP2,6.8824105,1.9818306
6471,NECTIN2,-0.57491696,-1.1012914
6472,NECTIN3,5.793741,1.7783328
6473,NECTIN4,6.8030257,2.9194431
6474,NEDD1,1.9812422,3.7872393
6475,NEDD4,6.251362,2.2993026
6476,NEDD8,4.0916414,3.3147478
6477,NEDD9,5.4984493,3.8306053
6478,NEFL,3.7989159,3.2632158
6479,NEFM,7.2477098,0.17191163
6480,NEGR1,5.957224,1.8163326
6481,NEIL1,0.08532673,3.6752815
6482,NEIL2,1.9761019,2.9614499
6483,NEIL3,2.6232111,2.1708958
6484,NEK1,6.4863205,1.5401112
6485,NEK10,2.9965656,2.221634
6486,NEK11,1.9024819,4.071882
6487,NEK2,2.024659,1.2983867
6488,NEK3,6.345229,6.3971877
6489,NEK4,6.7126875,2.7639825
6490,NEK5,-0.5736897,4.260428
6491,NEK6,5.96994,2.6297007
6492,NEK7,1.0545789,2.12993
6493,NEK8,6.1420455,5.934455
6494,NELFA,1.0706122,4.1518655
6495,NELFB,0.8515854,4.0448203
6496,NELFCD,2.704473,1.1946998
6497,NELFE,-0.6278921,4.1266418
6498,NELL2,4.440303,-1.5873065
6499,NEMF,5.4405556,3.348207
6500,NEMP1,1.9874909,1.9174306
6501,NEMP2,1.9418498,3.0984755
6502,NEO1,4.1799746,2.7825837
6503,NEPRO,0.15605886,0.18380238
6504,NES,7.4837947,0.48591715
6505,NET1,2.3691733,3.9585125
6506,NETO1,4.8112774,0.20465708
6507,NETO2,4.431587,0.64152753
6508,NEU1,4.879164,1.1948769
6509,NEU3,3.1258736,2.619018
6510,NEURL1B,7.7103868,-0.29887405
6511,NEURL2,5.364667,-0.22740898
6512,NEUROG1,1.3543198,1.850992
6513,NEUROG3,0.95739156,2.061807
6514,NEXMIF,2.7292235,4.1908255
6515,NEXN,9.14033,1.5399724
6516,NF1,4.9150686,4.3583665
6517,NF2,6.698366,3.7215197
6518,NFAM1,5.781113,1.9632332
6519,NFAT5,2.67228,3.5984564
6520,NFATC1,1.1436703,1.0631143
6521,NFATC2,4.469697,3.296188
6522,NFATC2IP,1.9894264,3.0631244
6523,NFATC3,4.9636135,3.721452
6524,NFATC4,3.1025627,3.2366803
6525,NFE2,0.25977346,3.6333678
6526,NFE2L1,3.0022807,2.8517523
6527,NFE2L2,5.512981,3.7099037
6528,NFE2L3,3.4154577,0.9860881
6529,NFIA,1.7264874,3.462409
6530,NFIB,1.0598896,3.6786199
6531,NFIC,-0.36429694,4.05563
6532,NFIL3,-0.43011984,-0.95982695
6533,NFIX,0.53562486,4.0727963
6534,NFKB1,3.848769,2.8667843
6535,NFKB2,6.0403113,3.5011885
6536,NFKBIA,6.909991,2.9439979
6537,NFKBIB,6.6391244,2.7024925
6538,NFKBID,7.844795,2.843101
6539,NFKBIE,1.3200499,-0.40369743
6540,NFKBIL1,-0.5188771,3.218751
6541,NFKBIZ,1.0543183,3.9559872
6542,NFRKB,1.257662,2.7748723
6543,NFS1,5.8569613,-1.6487246
6544,NFU1,8.748888,4.0534663
6545,NFX1,4.1811633,3.6081333
6546,NFXL1,6.0934467,1.6991814
6547,NFYA,-0.10071175,4.198462
6548,NFYB,-0.5932344,3.2838452
6549,NFYC,-0.4580766,3.0330586
6550,NGDN,6.2629304,-2.9866781
6551,NGEF,3.7641602,2.4285789
6552,NGFR,3.1202273,2.963103
6553,NGRN,5.9428062,-2.2446203
6554,NHEJ1,-0.027442764,0.39487365
6555,NHLH1,3.8050954,-0.24745181
6556,NHLH2,1.5402086,2.95205
6557,NHLRC1,2.6439128,3.073669
6558,NHLRC2,1.519854,1.9956466
6559,NHLRC4,6.470369,-2.1389124
6560,NHS,3.435008,0.8634637
6561,NHSL1,1.8023553,5.896128
6562,NHSL2,8.435666,1.6281532
6563,NIBAN1,8.240893,2.5994918
6564,NIBAN2,4.9144983,3.557723
6565,NIBAN3,2.2069337,2.4674459
6566,NICN1,0.50105304,2.841362
6567,NID1,6.3231874,0.7218872
6568,NID2,7.2632446,3.5700667
6569,NIF3L1,5.2922564,-0.7918744
6570,NIFK,-0.17297032,-0.86105585
6571,NIM1K,7.59104,2.2980528
6572,NIN,0.20675147,-0.5839552
6573,NINJ2,8.046878,-0.47289792
6574,NINL,5.4778495,-0.3132308
6575,NIP7,0.8532117,1.6276363
6576,NIPA2,4.3674326,-0.4811483
6577,NIPAL1,4.137836,0.63068545
6578,NIPAL3,2.098747,3.9243615
6579,NIPBL,2.5921984,2.9064755
6580,NIPSNAP2,7.2719264,-3.6308715
6581,NISCH,3.8150804,3.5852582
6582,NIT1,6.2550263,-0.90553933
6583,NIT2,7.106654,2.2468975
6584,NKAIN2,5.6725163,-0.3682938
6585,NKAP,0.42144468,4.4807425
6586,NKAPD1,5.567509,2.3327715
6587,NKAPL,3.7499008,1.1140028
6588,NKD1,0.3628056,-1.056325
6589,NKG7,5.00043,-0.44490895
6590,NKIRAS1,6.860174,2.6048605
6591,NKIRAS2,0.9672437,-0.47790954
6592,NKRF,0.76946485,-0.26349628
6593,NKTR,5.6853123,4.157457
6594,NKX2-1,5.192802,-0.29111043
6595,NKX2-3,1.2061936,-0.14875129
6596,NKX2-4,2.098129,1.1468909
6597,NKX2-5,3.03041,0.9186735
6598,NKX2-6,1.7804021,5.7384734
6599,NKX2-8,3.0316098,2.4925501
6600,NKX3-1,6.1871343,1.3973567
6601,NKX3-2,2.5442402,2.1465895
6602,NKX6-1,2.3042202,1.7315652
6603,NLE1,2.358755,1.669559
6604,NLGN1,7.017535,2.687337
6605,NLGN2,7.0785728,-3.2431808
6606,NLGN3,4.5244527,1.8140593
6607,NLK,2.521999,1.9256754
6608,NLN,6.168188,-0.8497916
6609,NLRC3,7.0004272,2.729152
6610,NLRC4,5.7423263,0.73956496
6611,NLRC5,6.8004146,1.4299634
6612,NLRP1,3.7199686,3.1292348
6613,NLRP10,2.411031,3.694906
6614,NLRP11,6.666894,1.1165905
6615,NLRP14,7.385818,3.280829
6616,NLRP2,6.9082546,3.4555953
6617,NLRP4,7.0880737,-2.2185996
6618,NLRP5,4.0742292,0.34656647
6619,NLRP7,4.5869966,-0.18731505
6620,NLRX1,7.013416,-2.1039438
6621,NMB,8.700624,0.7216555
6622,NMBR,6.2180204,0.9397724
6623,NMD3,2.2375784,3.6945586
6624,NME1,6.4642954,3.7792811
6625,NME2,7.624418,4.117571
6626,NME3,1.7677054,2.988523
6627,NME4,7.2008476,-3.3338814
6628,NME5,0.41169637,3.5845954
6629,NME6,6.2552114,-0.18646596
6630,NME7,2.8304255,1.6129318
6631,NME8,7.615829,4.088601
6632,NME9,6.751025,3.080777
6633,NMI,3.2419686,2.3007894
6634,NMNAT1,-0.7870132,3.0218742
6635,NMNAT2,4.8118978,0.2917144
6636,NMNAT3,7.054816,-2.2696786
6637,NMRAL1,2.5384643,0.7772454
6638,NMRK1,3.9332628,2.3484972
6639,NMRK2,4.051978,3.8489454
6640,NMT1,7.9631934,3.6942074
6641,NMT2,6.723282,3.482338
6642,NMUR2,8.287057,2.5059211
6643,NNMT,5.1936,3.068688
6644,NNT,5.854816,-1.8383228
6645,NOA1,6.154092,-0.9160206
6646,NOB1,8.034308,3.5654576
6647,NOC2L,-0.39859807,-1.0323292
6648,NOC3L,-0.19008869,-0.86355203
6649,NOC4L,0.46485826,-0.7556376
6650,NOCT,2.4681573,1.6917201
6651,NOD1,7.1637,-2.5512636
6652,NOD2,7.0074477,2.6532185
6653,NOL10,-0.13908048,-0.9606612
6654,NOL11,1.8889537,-0.2663292
6655,NOL12,-0.028465908,-0.30491105
6656,NOL3,3.8555312,3.9586263
6657,NOL4,2.462065,0.8484101
6658,NOL4L,1.0993761,4.05575
6659,NOL6,0.97994363,0.67099714
6660,NOL7,0.65360886,-1.0081106
6661,NOL8,-0.08027243,-0.8912239
6662,NOL9,1.3811572,-0.5130721
6663,NOLC1,-0.4451531,-1.0209519
6664,NOM1,0.6612031,-0.85314417
6665,NOMO1,8.165972,-0.7805747
6666,NONO,-1.3839254,4.3185773
6667,NOP10,1.2887923,1.0967933
6668,NOP14,0.29406822,-0.179526
6669,NOP16,0.15524605,-0.759976
6670,NOP2,0.99566346,-0.41357407
6671,NOP53,0.62622094,-0.88682765
6672,NOP56,-0.46836734,-1.1389145
6673,NOP58,0.2132692,-0.46027586
6674,NOP9,0.6635202,-0.1275946
6675,NOPCHAP1,1.4318105,4.9891505
6676,NOS1,6.765995,4.0630083
6677,NOS1AP,3.5100641,0.89107054
6678,NOSIP,-0.28443322,3.9324894
6679,NOSTRIN,6.85429,0.7766596
6680,NOTCH1,2.786526,2.7121243
6681,NOTCH2,4.523716,3.3893902
6682,NOTCH3,4.409404,3.7088723
6683,NOTO,2.0410943,2.1754956
6684,NOTUM,5.521222,-0.38907117
6685,NOVA1,0.5967143,-0.2581897
6686,NOVA2,3.8104205,0.4597119
6687,NOX3,6.1013107,0.29227284
6688,NOXA1,5.005991,-0.9103283
6689,NOXRED1,4.5528092,0.43557724
6690,NPAP1,2.603393,4.309654
6691,NPAS1,-0.25212902,3.7618237
6692,NPAS2,1.2267662,3.3464646
6693,NPAS3,-0.36916825,4.001456
6694,NPAT,-0.40686485,2.21398
6695,NPC1,0.44325766,3.5773325
6696,NPDC1,2.1368058,2.637751
6697,NPEPL1,2.6290588,2.8277884
6698,NPEPPS,7.217641,1.4645256
6699,NPFFR2,8.696181,1.9745197
6700,NPHP4,3.6279278,2.4868822
6701,NPL,4.352883,0.49414125
6702,NPLOC4,3.313828,2.6747887
6703,NPM1,-0.80014116,4.391922
6704,NPM2,0.17894925,0.96297985
6705,NPM3,0.97246313,-0.6477401
6706,NPNT,5.8483515,-1.7031763
6707,NPPB,8.743531,3.961415
6708,NPR1,0.81343395,-0.7251901
6709,NPR3,8.55412,3.326377
6710,NPRL3,6.2611985,1.6064063
6711,NPTN,8.413712,1.043141
6712,NPTX1,6.2498226,-1.7681788
6713,NPTX2,8.863673,1.6571028
6714,NPTXR,5.150747,2.6587186
6715,NPY,4.520332,-0.7766952
6716,NQO1,7.4598784,3.9688354
6717,NQO2,5.0229945,3.0671911
6718,NR0B1,1.502036,2.8612196
6719,NR0B2,2.8488262,1.1822444
6720,NR1D1,2.5176432,1.0109941
6721,NR1D2,0.52733785,2.2025692
6722,NR1H2,0.80749387,3.7890594
6723,NR1H3,3.3709183,1.785269
6724,NR1H4,1.5734833,3.554756
6725,NR1I2,0.3883077,4.0261583
6726,NR1I3,2.137145,1.5526657
6727,NR2C1,2.390192,3.5661886
6728,NR2C2,0.7140001,3.4650874
6729,NR2C2AP,1.4086796,2.9537644
6730,NR2E1,2.2262745,1.6792367
6731,NR2F1,2.4049065,4.159592
6732,NR2F6,3.2964354,3.179305
6733,NR3C1,4.36347,3.6031997
6734,NR3C2,2.0110807,1.79685
6735,NR4A1,0.9708602,2.0655239
6736,NR4A2,-0.5706057,2.9712245
6737,NR5A1,1.1121775,1.8556167
6738,NR5A2,-0.64658445,1.8254038
6739,NR6A1,2.3695962,2.8691053
6740,NRAP,8.145714,3.6583614
6741,NRARP,8.450204,3.463516
6742,NRAS,7.541052,2.3922117
6743,NRBF2,3.9724236,3.7528524
6744,NRBP1,7.6350303,3.980266
6745,NRBP2,6.7597203,3.081471
6746,NRCAM,2.4283576,2.5295186
6747,NRDC,0.10822699,3.4164696
6748,NRDE2,4.116668,1.448585
6749,NREP,4.51689,0.99420345
6750,NRF1,3.533396,2.7230434
6751,NRG1,-0.45938417,3.669379
6752,NRG2,0.22601484,2.811565
6753,NRG3,6.685428,-2.827892
6754,NRIP1,1.2684774,-0.23502992
6755,NRIP2,4.8598022,3.565017
6756,NRIP3,6.262016,5.565448
6757,NRK,4.654912,3.9644887
6758,NRL,4.170898,2.883801
6759,NRM,1.9272792,5.3271594
6760,NRP1,6.9294076,-1.8349386
6761,NRP2,5.5558043,3.5411239
6762,NRSN1,8.125859,2.5016677
6763,NRSN2,3.3055472,1.0274106
6764,NRTN,4.440642,-0.5723811
6765,NRXN1,8.522867,2.2191477
6766,NSA2,-0.12890442,2.795062
6767,NSD1,4.601391,3.9480085
6768,NSD2,0.21328326,3.7171695
6769,NSD3,6.5804987,-3.1047013
6770,NSDHL,7.972534,-0.52182734
6771,NSF,6.756957,1.954785
6772,NSFL1C,6.4686236,4.428138
6773,NSG2,5.5724025,0.7773777
6774,NSL1,0.29100907,2.1481986
6775,NSMAF,0.23848608,-0.7466192
6776,NSMCE1,1.9053148,3.1536865
6777,NSMCE2,0.98381007,1.6885636
6778,NSMCE4A,0.5215254,2.5847669
6779,NSMF,1.9674821,0.92970586
6780,NSRP1,0.9716204,4.0678477
6781,NSUN2,0.40166694,4.206288
6782,NSUN5,0.58414173,-0.04216947
6783,NSUN6,3.9034948,-0.22674428
6784,NSUN7,5.448958,0.07425508
6785,NT5C,6.7011533,1.5808212
6786,NT5C3A,5.5754986,4.2784295
6787,NT5DC1,2.695134,3.4698925
6788,NT5DC3,6.7940974,-0.8417914
6789,NT5E,6.7716327,3.7272754
6790,NTAN1,3.190266,2.3339164
6791,NTAQ1,1.9703995,2.4700809
6792,NTF3,5.0900364,-0.9611448
6793,NTF4,4.0415416,-0.21692923
6794,NTMT1,3.2331212,3.536748
6795,NTN1,6.3137255,3.7945244
6796,NTNG1,8.293723,1.6154338
6797,NTNG2,4.894702,0.08692492
6798,NTPCR,8.1732235,3.4368672
6799,NTRK1,6.748595,1.1545382
6800,NTRK2,3.1396704,2.0659382
6801,NTRK3,0.6644966,-0.3327933
6802,NTS,4.821207,-0.8271366
6803,NTSR1,8.339205,1.2131832
6804,NUAK1,5.655927,5.54451
6805,NUAK2,3.4477766,3.49263
6806,NUB1,2.7082467,3.9779425
6807,NUBP1,7.377006,3.3412304
6808,NUBP2,3.8340719,3.1695924
6809,NUBPL,6.110655,-1.9629278
6810,NUCB1,4.0383554,-0.6594025
6811,NUCB2,5.343034,0.47233912
6812,NUCKS1,0.523965,4.113044
6813,NUDC,7.771911,3.7262993
6814,NUDCD1,3.2594259,2.569183
6815,NUDCD2,6.262827,5.8723307
6816,NUDCD3,6.1510324,4.1051383
6817,NUDT1,7.388461,2.3234446
6818,NUDT14,6.2630825,5.889122
6819,NUDT15,0.41852874,3.03169
6820,NUDT16,0.88759166,-0.117594525
6821,NUDT17,2.2553897,0.9669346
6822,NUDT18,3.9543715,1.1546886
6823,NUDT19,6.763584,1.6609483
6824,NUDT2,1.4779177,1.559173
6825,NUDT21,3.4503248,2.9066303
6826,NUDT22,1.0061469,2.587646
6827,NUDT5,3.3685093,1.0586213
6828,NUDT7,3.4515967,0.7821709
6829,NUDT8,1.2187014,-0.5969777
6830,NUDT9,6.125969,-1.9247293
6831,NUF2,3.2213337,2.4871657
6832,NUFIP1,0.3866089,3.742226
6833,NUFIP2,3.505093,3.045964
6834,NUMA1,-1.1344209,3.9382813
6835,NUMB,8.173862,1.2944037
6836,NUP107,2.2232215,3.2770827
6837,NUP133,1.936635,5.5042553
6838,NUP153,1.8311017,5.7722306
6839,NUP155,1.7478734,5.9384546
6840,NUP188,0.2810651,3.747206
6841,NUP210L,6.6112385,1.8297354
6842,NUP35,2.0014942,5.2600064
6843,NUP37,2.7072923,2.6173425
6844,NUP42,2.869218,2.727018
6845,NUP43,3.3302548,3.326207
6846,NUP50,0.88248205,4.5851007
6847,NUP54,-1.5341426,4.386135
6848,NUP62,1.910822,5.45063
6849,NUP85,1.8665731,1.4861847
6850,NUP88,-0.9829255,3.92537
6851,NUPR1,1.5295101,2.3449419
6852,NUS1,8.666962,0.7177071
6853,NVL,0.41498342,-0.74508935
6854,NWD1,1.4644508,-0.59161025
6855,NXF1,-0.6564135,3.6650217
6856,NXF3,-0.98801225,3.6302035
6857,NXN,7.038039,1.725445
6858,NXNL2,7.6053486,2.7871819
6859,NXPE3,3.1323512,0.9299837
6860,NXPH3,6.1009603,0.69233096
6861,NXT1,2.5185506,2.574467
6862,NXT2,2.8122091,1.4480996
6863,NYAP1,6.7108264,0.46617875
6864,NYAP2,7.131668,-2.325384
6865,NYNRIN,4.105685,0.9307956
6866,OAF,2.0410516,1.1295681
6867,OARD1,1.3277578,0.047088314
6868,OAS1,3.4452827,3.6762285
6869,OAS2,3.640124,0.7023026
6870,OAS3,7.174554,3.6560068
6871,OASL,2.8990912,3.9292233
6872,OAT,6.0739923,-1.97527
6873,OAZ1,5.0336957,0.70157266
6874,OAZ2,4.9507747,0.4482374
6875,OAZ3,2.2978709,3.4991148
6876,OBI1,2.531072,3.2319725
6877,OBSCN,7.082581,4.1212273
6878,OBSL1,3.3470924,2.1866646
6879,OCA2,6.769749,2.1728218
6880,OCEL1,4.06195,-0.043598697
6881,OCIAD1,7.0407515,-2.6680596
6882,OCIAD2,7.27483,-2.9937747
6883,OCLN,8.885783,2.0331657
6884,OCRL,6.477761,2.7406657
6885,ODAD4,3.3465912,1.6835482
6886,ODAM,0.31172597,2.6582277
6887,ODC1,7.336471,4.227574
6888,ODF2,6.374527,0.5960592
6889,ODF3L2,0.20638429,-0.7338654
6890,ODR4,2.8732805,3.336984
6891,OFD1,6.4368844,6.606025
6892,OGA,6.7297006,3.0784028
6893,OGDH,7.0786457,-2.5877032
6894,OGDHL,0.026470497,-1.0654726
6895,OGFOD1,1.1876976,3.486093
6896,OGFOD2,0.34485036,3.9797733
6897,OGFOD3,1.9323974,1.3925346
6898,OGFR,1.649931,4.093633
6899,OGFRL1,3.3866632,1.4914349
6900,OGG1,1.802409,2.9585881
6901,OGN,2.7526019,0.38543287
6902,OGT,2.039186,3.6109185
6903,OIP5,1.3213153,2.832462
6904,OLA1,7.789785,3.450097
6905,OLFM1,0.86393213,-0.525604
6906,OLFM2,1.0924729,2.3656256
6907,OLFM3,4.355388,0.736347
6908,OLFM4,5.1433134,2.567442
6909,OLFML2A,2.2856183,2.4592237
6910,OLFML2B,6.1122036,0.23667611
6911,OLFML3,4.2833934,-0.15399806
6912,OLIG2,2.6505036,4.1323304
6913,OLR1,4.1428185,3.1687727
6914,OMA1,6.049387,-1.9628162
6915,OMD,7.8391385,-0.778333
6916,ONECUT2,4.4664598,3.0243628
6917,ONECUT3,5.0391736,-0.027190093
6918,OPA1,5.9021673,-2.1841571
6919,OPA3,5.1794543,3.535056
6920,OPHN1,5.0633698,3.9511724
6921,OPLAH,0.6048207,-1.012686
6922,OPN1SW,2.0426624,1.891159
6923,OPN3,1.7383004,2.4420295
6924,OPRK1,3.7402968,2.6744907
6925,OPTN,6.4004245,2.100559
6926,OR10P1,5.2707853,0.8781251
6927,OR2C3,7.0910053,1.5707821
6928,OR6C6,6.946281,3.6996133
6929,ORAI2,0.7603447,1.6963431
6930,ORAI3,4.0076528,3.3366148
6931,ORC1,0.80235445,2.5079894
6932,ORC2,0.0016680757,4.265607
6933,ORC3,0.2355624,3.564096
6934,ORC4,0.32621157,-0.0077920714
6935,ORC5,2.5284362,3.4067693
6936,ORC6,1.3067459,3.9466891
6937,OS9,8.473425,-0.4712588
6938,OSBP,4.1128883,0.8198534
6939,OSBP2,7.161515,2.045338
6940,OSBPL11,1.2279367,3.7756598
6941,OSBPL1A,4.01041,2.5528603
6942,OSBPL2,6.5302534,1.5393968
6943,OSBPL3,6.694144,2.6079638
6944,OSBPL5,5.1054564,-1.1298816
6945,OSBPL6,5.508649,0.9647347
6946,OSBPL7,3.6332471,3.9373605
6947,OSBPL8,5.835869,2.4022346
6948,OSBPL9,5.1946783,1.3021914
6949,OSCAR,4.569336,3.8460205
6950,OSCP1,0.62575245,-0.6243388
6951,OSER1,0.20060557,-0.57469946
6952,OSGEP,3.2839563,2.537572
6953,OSGEPL1,6.673476,-1.6983329
6954,OSGIN1,3.4169104,2.8661675
6955,OSGIN2,1.1343957,-0.43184316
6956,OSMR,0.010742366,-0.89258075
6957,OSR2,8.983407,1.5062884
6958,OSTF1,6.680572,1.5913483
6959,OSTM1,8.121567,3.5147314
6960,OTC,4.5754466,0.48109984
6961,OTOGL,7.217465,1.8500223
6962,OTOP2,8.760423,1.4628291
6963,OTP,1.1930703,2.3717122
6964,OTUB1,7.039904,3.7310796
6965,OTUD1,6.3267407,1.1221906
6966,OTUD3,5.9053774,1.8967425
6967,OTUD4,8.308348,3.53312
6968,OTUD5,8.711908,3.9939818
6969,OTUD6A,7.1216636,2.0524886
6970,OTUD6B,5.937396,2.4880676
6971,OTUD7A,8.55824,3.1615403
6972,OTUD7B,6.16642,5.9204187
6973,OTULIN,6.7202506,-1.9562649
6974,OTULINL,8.6681,3.254854
6975,OTX1,1.1915549,4.158106
6976,OTX2,1.1623511,4.0579147
6977,OVCA2,2.7444284,2.8068318
6978,OVGP1,4.9958396,0.09128883
6979,OVOL1,2.5784674,1.1666539
6980,OVOL2,3.7721696,2.951038
6981,OVOL3,2.522987,2.8696597
6982,OXA1L,6.48909,-2.2282515
6983,OXCT1,6.7372394,-3.174811
6984,OXGR1,8.709241,1.2913649
6985,OXLD1,6.682402,1.306069
6986,OXNAD1,1.5049086,1.7671696
6987,OXR1,4.020454,1.2559831
6988,OXSM,6.8086834,1.7055019
6989,OXSR1,7.3986278,4.3298583
6990,P2RX1,6.901445,1.4392468
6991,P2RX5,6.554231,2.0356605
6992,P2RX6,1.2601745,-0.70561147
6993,P2RY2,6.8506804,2.0655608
6994,P3H1,4.912466,0.48277894
6995,P3H2,3.128453,2.290616
6996,P3H3,6.8446593,2.2388036
6997,P3H4,8.092855,-0.7652912
6998,P4HA1,8.009828,-0.7050773
6999,P4HA2,8.0560665,-0.768648
7000,P4HB,8.586631,-0.78408176
7001,P4HTM,6.0824966,2.278662
7002,PA2G4,6.751235,2.422833
7003,PAAF1,2.6186109,3.551469
7004,PABIR1,-1.4317005,3.8313224
7005,PABIR2,0.27142227,3.7556877
7006,PABIR3,1.3146733,3.8075237
7007,PABPC1,9.554508,4.491135
7008,PABPC1L,6.79085,2.3519056
7009,PABPC4,9.522331,4.466106
7010,PACRGL,-1.0786965,3.3322043
7011,PACS1,7.4563236,4.0503397
7012,PACS2,4.811956,2.3368165
7013,PACSIN1,3.686439,2.2910762
7014,PACSIN2,6.47115,3.346526
7015,PACSIN3,5.1293464,2.2393446
7016,PADI1,8.575061,3.5631666
7017,PADI3,5.6289363,3.6315422
7018,PAF1,0.78931046,3.8417637
7019,PAFAH1B1,5.4516144,2.5092354
7020,PAFAH1B2,7.1199436,3.9257934
7021,PAFAH1B3,7.39826,0.4233708
7022,PAG1,8.09031,1.7006392
7023,PAGE1,5.5014634,1.8306923
7024,PAGE3,-0.61045,2.1432362
7025,PAGE4,5.361629,-0.6930612
7026,PAGE5,6.37543,-2.9510324
7027,PAH,6.954076,2.9090345
7028,PAICS,5.5846896,2.6815681
7029,PAIP1,8.205141,4.4287305
7030,PAIP2,5.480234,-0.30827728
7031,PAIP2B,8.004192,3.5014622
7032,PAK1,6.489142,3.2167187
7033,PAK1IP1,1.6256579,-0.15688854
7034,PAK2,3.8683703,2.0760052
7035,PAK3,5.7960706,-0.38220018
7036,PAK4,8.232676,1.9788537
7037,PAK5,1.8940519,4.7601933
7038,PAK6,1.8672503,2.0993779
7039,PALB2,-0.6328453,2.9178169
7040,PALLD,8.877928,2.0398617
7041,PALM,4.4762387,3.3738954
7042,PALM2AKAP2,8.85796,1.6359838
7043,PALM3,2.8755653,3.5116208
7044,PALMD,7.640875,3.2057364
7045,PALS1,1.9808711,3.2288685
7046,PAM,7.1144056,0.11348229
7047,PANK2,6.074348,0.94581294
7048,PANK3,4.183485,-0.6091505
7049,PANK4,7.094667,1.1194654
7050,PANX1,8.082829,1.9995117
7051,PANX2,7.83356,3.1999736
7052,PAOX,4.074943,2.743024
7053,PAPOLA,-0.62714636,4.3171787
7054,PAPOLB,2.4782288,2.8560698
7055,PAPOLG,1.2711948,3.3426015
7056,PAPPA2,7.438916,1.4337068
7057,PAPSS1,-0.045291338,-0.14144705
7058,PAPSS2,6.276345,-2.016602
7059,PAQR4,4.4945707,0.4217815
7060,PAQR5,6.209824,0.07091786
7061,PAQR7,8.861619,3.567284
7062,PAQR8,7.313541,3.4943025
7063,PARD3,7.869761,2.0878835
7064,PARD3B,8.714544,1.5133241
7065,PARD6A,8.220191,1.1571484
7066,PARD6B,7.577632,2.6420045
7067,PARD6G,8.738762,1.3621536
7068,PARG,3.9395516,3.5644627
7069,PARK7,5.991763,4.1742177
7070,PARM1,4.0059786,3.592914
7071,PARN,0.15724254,4.4492035
7072,PARP1,0.24189188,4.2159944
7073,PARP10,0.53949976,-0.9047096
7074,PARP11,2.8855956,2.1389127
7075,PARP12,1.9673756,2.810678
7076,PARP14,5.9056015,2.7034783
7077,PARP2,-0.30581832,3.7379053
7078,PARP3,1.9013833,2.040143
7079,PARP4,5.8877378,2.0312653
7080,PARP6,8.574858,1.3931845
7081,PARP8,3.3000932,2.875197
7082,PARP9,4.4818096,2.6007452
7083,PARPBP,-0.85864645,3.7359948
7084,PARS2,5.821929,-1.807874
7085,PARVA,7.6470513,2.9240973
7086,PARVB,8.279668,2.4551585
7087,PASD1,2.1404483,2.221609
7088,PASK,6.804346,2.0148506
7089,PATJ,7.059923,0.8462613
7090,PATL1,5.5370255,0.7262641
7091,PATZ1,-0.58702755,2.7064276
7092,PAWR,8.267929,2.5110202
7093,PAX2,1.1001368,2.2925425
7094,PAX3,-0.30665317,2.3409202
7095,PAX5,3.3245075,0.45012045
7096,PAX6,0.96176916,4.267119
7097,PAX8,0.57109815,2.488655
7098,PAX9,0.42605093,-0.060859635
7099,PAXBP1,2.4039514,3.9092495
7100,PAXIP1,1.8372096,3.867896
7101,PAXX,1.3080353,3.8593986
7102,PBDC1,0.92385274,-0.047526713
7103,PBK,6.4914074,4.344018
7104,PBLD,5.3584023,-0.39855123
7105,PBOV1,3.0452902,2.7321563
7106,PBRM1,0.0827796,3.4446363
7107,PBX1,-0.3079097,3.7502623
7108,PBX2,-0.92088085,3.726288
7109,PBX4,5.2806654,0.90758806
7110,PBXIP1,2.38809,3.024867
7111,PC,6.6481023,-1.780051
7112,PCBD1,2.3432927,1.8286682
7113,PCBD2,9.132763,1.6065937
7114,PCBP1,2.4471786,3.2892308
7115,PCBP2,4.3717036,4.0870175
7116,PCBP3,2.6039524,3.6057472
7117,PCBP4,9.115931,4.0374274
7118,PCCA,4.6637907,-0.06776333
7119,PCDH1,2.4050481,3.363413
7120,PCDH10,4.259935,0.87856966
7121,PCDH17,7.204688,1.7551734
7122,PCDH18,6.210338,2.7185075
7123,PCDH19,8.211755,3.4818792
7124,PCDH7,8.238526,1.1510317
7125,PCDH9,-0.09110952,2.4100373
7126,PCDHA1,7.7501354,1.9948641
7127,PCDHA11,4.4967294,0.28992602
7128,PCDHA12,8.19058,4.0557656
7129,PCDHA4,3.95427,3.5669246
7130,PCDHA5,7.525371,4.3494477
7131,PCDHA6,5.237764,-0.8505068
7132,PCDHAC1,-0.004751913,0.3193916
7133,PCDHAC2,1.3847599,2.428291
7134,PCDHB1,2.9250906,3.8745852
7135,PCDHB14,3.1630173,0.6729348
7136,PCDHB15,5.9347086,-0.33437628
7137,PCDHB16,6.6175423,1.8558471
7138,PCDHB2,2.1859493,1.1311122
7139,PCDHB3,4.857244,-0.6202069
7140,PCDHB4,6.6957064,3.7469373
7141,PCDHB5,6.586607,0.74530447
7142,PCDHB6,0.12774031,3.0399637
7143,PCDHGA2,3.5721729,3.1281881
7144,PCDHGB1,2.5373144,0.71378917
7145,PCDHGB2,4.706667,1.080749
7146,PCDHGB3,4.1955476,2.6290681
7147,PCDHGC3,7.782429,1.9713075
7148,PCED1A,3.207467,2.633333
7149,PCED1B,5.2759547,-0.50788647
7150,PCF11,6.078788,-2.4448214
7151,PCGF1,0.25438684,3.1458259
7152,PCGF2,0.8164867,2.9514856
7153,PCGF3,0.40276283,3.7191525
7154,PCGF5,1.4157546,2.698325
7155,PCID2,0.16477269,-0.074679
7156,PCIF1,1.3031319,4.092951
7157,PCK2,7.2779846,-3.612433
7158,PCLAF,2.8818624,0.31946567
7159,PCLO,5.597098,4.1264653
7160,PCM1,5.4583507,1.7780973
7161,PCMT1,6.9537435,3.9870849
7162,PCMTD1,8.861245,1.7440212
7163,PCMTD2,5.305088,-1.3272885
7164,PCNA,0.63548565,2.4216895
7165,PCNP,1.2580296,3.5310514
7166,PCNT,7.231266,2.4654136
7167,PCNX1,0.3919733,1.7190986
7168,PCNX2,8.137704,-0.75678587
7169,PCNX3,6.4378543,1.6096065
7170,PCNX4,6.375363,1.5017817
7171,PCOLCE,2.6582713,2.14291
7172,PCOLCE2,2.1615047,3.5772414
7173,PCP2,0.019605907,1.7740531
7174,PCP4,0.5304642,4.062191
7175,PCP4L1,5.7681217,-2.383456
7176,PCSK1N,4.869121,-0.64062786
7177,PCSK2,0.63055617,2.4682395
7178,PCSK5,4.492491,-0.77358955
7179,PCTP,-1.1761888,4.210005
7180,PCYOX1L,2.677119,3.2537265
7181,PCYT1A,1.9138454,1.9472266
7182,PCYT2,4.7415705,1.869622
7183,PDAP1,7.9786716,4.50275
7184,PDCD11,0.38091376,-0.7320244
7185,PDCD1LG2,6.460506,-1.5708698
7186,PDCD2,3.741083,2.5508142
7187,PDCD2L,6.6374207,-1.7663721
7188,PDCD4,1.9919686,2.075016
7189,PDCD5,5.783817,2.8249896
7190,PDCD6,6.0534105,2.279935
7191,PDCD6IP,5.646094,1.301193
7192,PDCD7,5.117845,2.1005828
7193,PDCL,5.639493,1.9682679
7194,PDCL2,6.455841,6.624943
7195,PDCL3,7.0298653,3.4619663
7196,PDE1A,1.1458046,1.9345907
7197,PDE1C,6.9111223,-1.1796381
7198,PDE2A,6.5929418,4.0751395
7199,PDE3A,7.5406995,4.0872064
7200,PDE3B,7.7090716,0.38906932
7201,PDE4A,8.778239,1.2904311
7202,PDE4B,5.5564265,0.31626913
7203,PDE4D,7.1794443,4.4401774
7204,PDE4DIP,3.9669294,-0.29510713
7205,PDE5A,6.8132796,2.2348166
7206,PDE6B,6.9834847,0.9601509
7207,PDE7B,0.24482118,3.707771
7208,PDE8A,5.5035386,0.39512634
7209,PDE8B,3.739984,3.61436
7210,PDE9A,6.227469,3.0495245
7211,PDF,6.2250357,-2.1875656
7212,PDGFA,3.8559155,-0.26841855
7213,PDGFB,3.4548674,0.53297645
7214,PDGFC,7.6481037,2.0981624
7215,PDGFD,5.462074,0.35026193
7216,PDGFRA,2.745893,3.7166965
7217,PDGFRB,6.706948,1.5803435
7218,PDGFRL,0.5093016,-0.68359125
7219,PDHB,5.9782133,-2.722312
7220,PDHX,5.135312,3.7174351
7221,PDIA3,8.482068,-0.673866
7222,PDIA4,8.493747,-0.74721634
7223,PDIA5,3.5727658,0.85591704
7224,PDIA6,8.456638,-0.45988894
7225,PDIK1L,-0.105235726,3.4131024
7226,PDK2,1.6519634,4.05986
7227,PDK3,6.426404,-2.3896475
7228,PDLIM1,8.113857,1.3100059
7229,PDLIM2,8.14851,1.8978955
7230,PDLIM3,6.877167,3.7781303
7231,PDLIM4,7.062222,1.6334889
7232,PDLIM5,8.368195,2.1398635
7233,PDLIM7,9.164559,1.6869627
7234,PDP1,3.8542433,3.4715257
7235,PDP2,7.0672145,-2.805505
7236,PDPK1,6.8149824,2.5739698
7237,PDPN,8.123054,1.5404814
7238,PDPR,6.5249953,-1.6238981
7239,PDRG1,8.992702,1.299603
7240,PDS5A,-0.65607476,4.2280903
7241,PDS5B,-0.7628264,4.062978
7242,PDSS1,5.2218337,-0.13602337
7243,PDSS2,8.489011,3.1805396
7244,PDX1,1.8090836,1.5282865
7245,PDXDC1,3.9747179,-0.5892259
7246,PDXK,1.6912371,2.3320591
7247,PDZD2,7.160324,3.4197884
7248,PDZD7,1.5069469,1.6095774
7249,PDZD8,0.9250592,-0.7507028
7250,PDZK1,2.6423454,3.101316
7251,PDZK1IP1,2.736558,2.6312482
7252,PDZRN3,4.873179,2.6288605
7253,PDZRN4,6.4788027,-1.1756107
7254,PEA15,6.0609207,-1.2675084
7255,PEAK1,8.438003,1.2778815
7256,PEAK3,7.9967484,-0.73289156
7257,PEAR1,2.655118,1.6175029
7258,PEBP1,7.3118463,3.7989504
7259,PECAM1,1.2629162,-0.56106883
7260,PECR,5.3073225,-0.9679428
7261,PEDS1,8.425205,3.7134926
7262,PEF1,3.4341247,4.1885357
7263,PEG10,7.8400774,2.8723025
7264,PEG3,-0.880024,3.727948
7265,PELI3,3.1428463,1.1909573
7266,PELO,0.2360069,-0.56229794
7267,PELP1,-0.5244143,2.8349366
7268,PEMT,6.5417247,-1.0463312
7269,PENK,1.7230718,1.1997662
7270,PEPD,1.5403255,0.9233035
7271,PER1,5.6119766,3.1191776
7272,PER2,2.7233708,2.6781642
7273,PER3,9.146016,4.0470085
7274,PES1,0.33574098,-0.7836672
7275,PET100,6.1672096,-2.4269776
7276,PEX1,5.9377413,-0.78006756
7277,PEX11B,6.3019214,1.3534173
7278,PEX13,5.662837,-0.5255361
7279,PEX14,5.187268,-1.1802421
7280,PEX19,5.242977,1.8061593
7281,PEX2,4.4834013,0.25444487
7282,PEX3,2.395413,2.4235306
7283,PEX5,6.1350846,0.83073497
7284,PEX6,0.6689341,2.280806
7285,PEX7,0.011056555,2.940904
7286,PFAS,4.8756824,-0.32718685
7287,PFDN1,6.3258376,3.000287
7288,PFDN2,8.106873,3.5752575
7289,PFDN5,5.432623,0.8381472
7290,PFDN6,3.8094661,1.3715286
7291,PFKFB2,2.685302,1.7629509
7292,PFKFB3,1.2225193,1.7330337
7293,PFKFB4,1.1371702,-0.37736917
7294,PFKL,0.6155196,-0.94925004
7295,PFKM,8.07496,-0.23113856
7296,PFKP,8.105292,4.2721033
7297,PFN1,8.533557,3.9144495
7298,PFN3,6.2999253,2.8776975
7299,PGAM2,1.479845,3.6989348
7300,PGAM5,6.9302254,-2.9602408
7301,PGAP2,6.440623,6.4309745
7302,PGAP3,6.6216736,2.3005056
7303,PGAP4,7.31689,2.3232913
7304,PGAP6,1.9725122,1.2346001
7305,PGBD1,2.5922778,2.9496932
7306,PGBD2,4.445987,0.02740954
7307,PGBD4,1.0044849,2.1672
7308,PGBD5,1.9770613,0.55278295
7309,PGC,-0.89865565,3.9167442
7310,PGD,6.1984773,1.9947859
7311,PGF,3.4348757,3.74041
7312,PGGHG,7.362838,2.0929484
7313,PGGT1B,5.7529483,3.7021065
7314,PGLS,0.9870826,2.2843578
7315,PGLYRP1,3.3774312,0.46496367
7316,PGLYRP2,8.209067,0.83164406
7317,PGLYRP4,7.514517,1.0356271
7318,PGM2,7.437737,0.41811848
7319,PGM2L1,6.81791,-2.568866
7320,PGM3,4.0816913,2.5742242
7321,PGP,2.6040337,1.3712274
7322,PGPEP1,3.9188673,1.8015499
7323,PGRMC1,8.20582,-0.50194675
7324,PGRMC2,6.0533643,2.6700294
7325,PHACTR1,5.2182183,1.896443
7326,PHACTR2,5.2166586,1.9725052
7327,PHACTR3,1.2034923,3.710611
7328,PHACTR4,7.848164,3.1174028
7329,PHAF1,3.5330396,4.109081
7330,PHAX,-0.44910175,3.8935485
7331,PHB1,6.887809,-2.2168126
7332,PHB2,7.2089806,-3.4253283
7333,PHC1,1.5654618,3.1356232
7334,PHC2,2.2536263,2.7983508
7335,PHC3,0.87403744,2.4350216
7336,PHF1,2.3128817,0.7611997
7337,PHF10,-0.14436132,3.8507507
7338,PHF11,2.7204454,4.999423
7339,PHF12,-0.080268614,3.7011714
7340,PHF14,4.952055,-1.1304672
7341,PHF2,0.38602707,-0.2777715
7342,PHF20,1.9170896,4.200992
7343,PHF20L1,4.427476,4.2731156
7344,PHF21A,0.651161,2.4145203
7345,PHF21B,1.9306898,2.6410563
7346,PHF23,2.1344752,4.1300573
7347,PHF3,-1.0573145,3.7873645
7348,PHF5A,0.12032326,2.333174
7349,PHF6,-0.013254097,0.1791559
7350,PHF7,3.7693706,1.1164218
7351,PHF8,1.6230083,5.2477283
7352,PHGDH,6.7844305,4.4068685
7353,PHGR1,4.597882,-0.7058728
7354,PHIP,1.108897,4.063362
7355,PHKA1,6.341012,1.6348782
7356,PHKA2,2.8653824,3.173729
7357,PHKB,3.9242733,-0.029070353
7358,PHKG2,7.6906757,2.6473653
7359,PHLDA1,1.024863,-0.11303403
7360,PHLDA2,5.174404,-0.16112973
7361,PHLDB1,6.786662,3.0976007
7362,PHLDB2,7.419952,2.2067018
7363,PHLDB3,3.892356,3.3558693
7364,PHLPP2,6.1054215,2.023143
7365,PHOSPHO1,8.79438,1.4796386
7366,PHOSPHO2,3.7296877,0.99974835
7367,PHOX2A,-0.36581284,3.9488184
7368,PHOX2B,0.02292046,3.391949
7369,PHPT1,6.268946,3.7061396
7370,PHTF1,2.4578335,0.5091541
7371,PHTF2,3.8289356,3.1018014
7372,PHYHD1,-0.26209626,1.7950038
7373,PHYHIP,6.8105354,-2.2944589
7374,PHYHIPL,7.961521,3.6346009
7375,PHYKPL,5.7381835,-0.57856274
7376,PI15,5.7031784,-0.020878943
7377,PI3,7.4686985,3.4308307
7378,PI4K2B,8.662884,4.2005167
7379,PI4KA,0.46113124,2.582271
7380,PI4KB,5.4988346,0.72317564
7381,PIANP,0.25604022,4.016075
7382,PIAS1,6.297786,5.643351
7383,PIAS2,-0.69563776,3.790028
7384,PIAS3,0.055127904,3.1758447
7385,PIAS4,1.9561036,3.1336195
7386,PIBF1,4.9136405,-0.52029175
7387,PICALM,7.234674,0.75710803
7388,PICK1,7.042098,0.89168924
7389,PID1,6.0449038,1.9069319
7390,PIDD1,6.813166,1.0108196
7391,PIERCE1,2.8328078,2.4683185
7392,PIERCE2,1.457534,2.6629167
7393,PIEZO2,5.2413898,3.2341435
7394,PIF1,-1.0748504,3.724104
7395,PIFO,3.0654402,0.97745395
7396,PIGB,7.6260295,3.8954556
7397,PIGL,1.7613806,3.2618837
7398,PIGN,7.2569,3.2290936
7399,PIGO,0.3569025,-0.39265978
7400,PIGP,3.990215,-0.44756782
7401,PIGQ,4.2098074,0.5429389
7402,PIGU,0.8848142,2.6787374
7403,PIGV,7.0314846,2.747973
7404,PIGW,7.7558846,2.0777302
7405,PIGX,6.2388253,3.4283488
7406,PIH1D1,7.9543285,3.723625
7407,PIH1D2,2.9950798,2.7095346
7408,PIK3AP1,4.586717,3.9613264
7409,PIK3C2A,1.5336632,2.5714142
7410,PIK3C2B,2.314424,5.2643766
7411,PIK3C2G,7.5894084,4.0590363
7412,PIK3CA,8.940211,3.6679611
7413,PIK3CB,0.7331756,1.962406
7414,PIK3CD,5.218255,2.3268106
7415,PIK3CG,7.998381,1.3012241
7416,PIK3R1,7.1277504,2.138351
7417,PIK3R3,4.808516,-1.2486335
7418,PIK3R4,6.3272963,6.0658326
7419,PIK3R5,6.9622903,2.583205
7420,PIK3R6,4.0046744,1.4105366
7421,PILRB,7.141032,-3.4517071
7422,PIM1,5.5144367,1.5805085
7423,PIM2,5.4595933,2.9426687
7424,PIM3,8.169694,3.2277396
7425,PIMREG,2.3672388,3.2378829
7426,PIN1,3.4517143,4.066659
7427,PIN4,0.50371474,-0.16392487
7428,PINLYP,6.2618113,5.7723703
7429,PINX1,0.39899507,0.06590155
7430,PIP4K2A,5.377219,1.7111714
7431,PIP4K2B,2.9335692,4.0293546
7432,PIP4K2C,5.9968147,3.1664505
7433,PIP5K1A,6.7995663,3.4336588
7434,PIP5K1B,0.06877166,3.8670692
7435,PIP5K1C,4.172876,2.9518044
7436,PIP5KL1,5.812477,-0.37070036
7437,PIR,4.122658,4.1926894
7438,PIRT,7.0071445,3.5225341
7439,PISD,6.3265066,1.6189913
7440,PITPNC1,2.3158252,2.4222834
7441,PITPNM1,5.3021574,2.1318927
7442,PITPNM2,7.067996,-1.5604101
7443,PITPNM3,8.657157,1.9618288
7444,PITRM1,6.8414726,-2.1445687
7445,PITX1,0.50353533,-0.24604735
7446,PITX2,0.8485264,2.0438142
7447,PIWIL3,4.6970286,-0.94269174
7448,PIWIL4,2.9431155,1.5414741
7449,PJA1,0.007560948,0.20278709
7450,PJA2,7.0740232,0.3109422
7451,PKD2,6.116014,2.4712796
7452,PKD2L1,8.2790785,3.607519
7453,PKD2L2,8.807015,2.2410462
7454,PKIG,4.355039,3.4869945
7455,PKLR,6.53247,2.8755808
7456,PKM,8.01198,3.3128731
7457,PKMYT1,4.434566,0.84042567
7458,PKN1,7.710164,2.1940162
7459,PKN2,4.5172234,3.2123363
7460,PKN3,3.1924193,-0.019437311
7461,PKNOX1,1.3394784,3.9719796
7462,PKNOX2,1.8619742,1.694229
7463,PKP1,2.534582,3.050042
7464,PKP2,8.9724455,1.559798
7465,PKP3,7.5893564,1.7322632
7466,PKP4,8.362841,1.1063441
7467,PLA1A,0.26569846,1.8297671
7468,PLA2G15,3.8373756,0.07954645
7469,PLA2G3,7.873792,-0.051464476
7470,PLA2G4A,6.343583,2.8485463
7471,PLA2G4C,8.671907,3.5454519
7472,PLA2G4D,7.473939,2.3825386
7473,PLA2G4E,6.43724,0.6563431
7474,PLA2G4F,2.8010037,1.0407966
7475,PLA2G6,6.2916727,5.7438903
7476,PLA2R1,7.1727233,1.6979902
7477,PLAA,6.0862546,3.6531265
7478,PLAAT1,8.851744,1.708662
7479,PLAAT3,7.2606983,-3.5892594
7480,PLAAT5,6.032928,3.810571
7481,PLAC1,6.305324,0.5508054
7482,PLAC8,5.994095,0.8073045
7483,PLAC8L1,1.8407425,1.6512265
7484,PLAG1,4.0597343,4.1264005
7485,PLAGL1,-0.8364308,2.3526356
7486,PLAGL2,2.7931173,3.4615877
7487,PLAT,8.714473,1.3016965
7488,PLAU,4.90321,0.15810774
7489,PLAUR,6.8661885,4.2954063
7490,PLCB1,7.792923,1.901097
7491,PLCB2,7.546389,4.1035714
7492,PLCB3,1.242908,3.5849674
7493,PLCB4,6.0717363,5.84005
7494,PLCD1,6.422277,6.5341706
7495,PLCD3,9.037722,1.9964669
7496,PLCD4,6.615684,3.8340414
7497,PLCE1,7.6978164,2.3471918
7498,PLCG1,7.940043,3.6716616
7499,PLCG2,4.486953,1.3123293
7500,PLCH1,5.1477733,0.78428537
7501,PLCXD1,6.684414,-1.752552
7502,PLCXD2,0.8593839,1.3880885
7503,PLCXD3,6.169542,0.9978663
7504,PLD1,7.762859,2.155584
7505,PLD3,6.6158876,3.8915057
7506,PLD5,7.211053,-3.2680755
7507,PLEC,8.043795,3.9951317
7508,PLEK,0.89486456,-0.59761035
7509,PLEK2,4.6165495,-0.24726675
7510,PLEKHA1,2.7365327,1.519479
7511,PLEKHA2,2.4340522,2.9687536
7512,PLEKHA3,4.3950486,0.6811131
7513,PLEKHA4,7.075994,3.2314196
7514,PLEKHA5,4.246538,3.405832
7515,PLEKHA6,8.135561,0.8536598
7516,PLEKHA7,5.4617405,2.4788086
7517,PLEKHA8,4.3195786,0.70391357
7518,PLEKHG1,2.0070662,2.7674763
7519,PLEKHG2,3.3031728,2.2866442
7520,PLEKHG3,6.455503,3.663749
7521,PLEKHG4,8.266207,1.001474
7522,PLEKHG4B,-0.90342134,3.908074
7523,PLEKHG5,2.286485,1.6998136
7524,PLEKHG6,8.231984,0.87762135
7525,PLEKHG7,5.2201424,1.1176965
7526,PLEKHH1,4.7537766,1.9905238
7527,PLEKHH2,6.0117455,2.2648022
7528,PLEKHH3,4.2694836,0.495085
7529,PLEKHJ1,6.168837,-2.124726
7530,PLEKHM1,4.834821,0.8454627
7531,PLEKHM3,7.983265,-0.19602358
7532,PLEKHN1,-0.49822953,1.7510548
7533,PLEKHO1,7.0107355,-2.9682655
7534,PLEKHO2,5.362162,3.7724175
7535,PLEKHS1,3.0869424,0.13512868
7536,PLGRKT,6.647822,-3.0275197
7537,PLIN1,4.7787275,-1.2082388
7538,PLIN2,5.046838,-0.65679985
7539,PLIN3,5.5211873,-0.38159406
7540,PLIN4,8.203634,4.160109
7541,PLIN5,5.3768287,-0.48840258
7542,PLK2,6.293232,-1.917891
7543,PLK4,6.660133,2.2007155
7544,PLOD1,4.037177,0.937562
7545,PLOD2,1.2994001,-0.7175481
7546,PLPBP,6.626397,2.4276707
7547,PLPP1,7.467782,3.0711944
7548,PLPP2,8.087013,1.0418636
7549,PLPP3,5.821143,1.0438015
7550,PLPP4,-0.45441127,-1.0157477
7551,PLPP5,5.536139,-0.5374011
7552,PLPP6,4.8300424,1.4879434
7553,PLPP7,5.801553,0.5876882
7554,PLPPR1,-0.16031876,3.6639187
7555,PLPPR2,-0.5638116,3.8717964
7556,PLPPR3,4.490689,1.8942293
7557,PLPPR5,8.025137,3.976665
7558,PLRG1,-1.0014104,3.552945
7559,PLS3,7.667695,2.807715
7560,PLSCR1,8.925384,1.6945338
7561,PLSCR2,3.8557892,3.4981318
7562,PLSCR3,6.3308587,1.5794533
7563,PLSCR4,0.8844636,2.058338
7564,PLVAP,6.5446854,1.8457996
7565,PLXDC2,1.1317446,2.9803886
7566,PLXNA1,3.1181805,3.9467797
7567,PLXNA3,5.6932464,1.5752181
7568,PLXNA4,5.761234,3.5072632
7569,PLXNC1,6.883991,-2.2083712
7570,PM20D2,0.37883624,2.7388213
7571,PMAIP1,6.5052595,-0.5587613
7572,PMEL,8.562968,-0.4664375
7573,PMEPA1,7.0808496,-2.9692907
7574,PMFBP1,8.20906,-0.8440412
7575,PML,0.9926385,0.98685646
7576,PMM1,7.4784646,2.7980855
7577,PMM2,3.9649398,3.3147278
7578,PMPCA,7.086857,-2.9127219
7579,PMPCB,6.9822607,-2.8844879
7580,PMS1,1.8515925,3.1152785
7581,PMS2,2.3371928,4.0425754
7582,PNCK,7.4257345,3.1220663
7583,PNISR,4.3469024,3.988896
7584,PNKD,6.793613,-1.8818076
7585,PNKP,0.12836164,-0.3065913
7586,PNMA1,6.471812,1.5298222
7587,PNMA6A,6.442531,-2.0243523
7588,PNMA8A,0.48319957,3.0005653
7589,PNN,-0.7920851,2.5650094
7590,PNO1,-0.25050533,-0.5374497
7591,PNP,7.4919724,2.4677927
7592,PNPLA2,2.9159968,1.0961663
7593,PNPLA3,1.5885175,-0.5875044
7594,PNPLA6,6.949758,1.363732
7595,PNPLA7,7.83535,3.3582773
7596,PNPLA8,4.3782387,3.1769648
7597,PNPO,3.2576706,2.6887162
7598,PNPT1,6.8352966,-1.6983489
7599,PNRC1,1.0257928,1.2061294
7600,PNRC2,3.1680353,3.9088514
7601,POC5,0.8642096,4.076319
7602,PODXL,5.9465013,1.4389313
7603,PODXL2,5.3038654,0.1357303
7604,POF1B,5.0118217,0.36227918
7605,POFUT1,3.291344,-0.15394469
7606,POGK,0.9967787,3.5110002
7607,POGLUT1,8.327325,-0.41211325
7608,POGLUT2,2.0306427,2.2611952
7609,POGLUT3,1.050265,1.748375
7610,POGZ,0.7850444,4.439259
7611,POLA1,3.414585,4.1954865
7612,POLA2,1.331584,3.90819
7613,POLB,5.482663,0.35604128
7614,POLD1,3.921279,3.7655625
7615,POLD2,1.1223044,3.8585043
7616,POLD3,0.9114058,4.066494
7617,POLDIP2,6.997977,-2.8700938
7618,POLDIP3,-0.44108725,3.0783048
7619,POLE,3.4773648,3.101748
7620,POLE2,3.1758523,1.1567061
7621,POLE3,1.8077879,3.4840066
7622,POLE4,4.5584974,2.412132
7623,POLG,6.409768,-1.2360734
7624,POLG2,6.526016,-2.4499547
7625,POLH,4.655919,3.2500062
7626,POLI,-0.32493773,1.6826631
7627,POLK,1.0303661,1.9016782
7628,POLL,1.2085487,1.7022321
7629,POLM,1.954994,2.813066
7630,POLN,1.3102633,2.21292
7631,POLQ,2.5414648,4.0111794
7632,POLR1A,0.7530847,-0.13903043
7633,POLR1B,5.8293967,2.0532475
7634,POLR1C,1.1745291,2.125868
7635,POLR1D,3.5232637,0.86115754
7636,POLR1E,-0.26475334,-0.59489775
7637,POLR1F,0.85245335,-0.07607712
7638,POLR1G,0.107447736,0.032085873
7639,POLR1H,0.16490793,-0.04129299
7640,POLR2A,1.1409284,4.121128
7641,POLR2B,2.4161935,4.2057076
7642,POLR2C,2.380684,3.4961898
7643,POLR2D,1.3660709,3.671945
7644,POLR2E,0.3045799,2.2398834
7645,POLR2F,0.46363288,3.2953196
7646,POLR2G,1.1634241,2.6247103
7647,POLR2H,1.9812838,2.388896
7648,POLR2I,2.435278,2.9539192
7649,POLR2K,5.671147,-2.1436682
7650,POLR2L,2.9104419,1.2982806
7651,POLR3A,1.8940755,3.912855
7652,POLR3B,-0.52877206,1.6768707
7653,POLR3C,1.8769569,3.0997534
7654,POLR3D,1.8342941,3.1283667
7655,POLR3E,-1.1000422,3.9324803
7656,POLR3F,1.22686,1.2601169
7657,POLR3G,2.8398113,3.4299188
7658,POLR3H,3.7090614,2.8548284
7659,POLR3K,2.2573445,2.8583648
7660,POLRMT,6.905387,-1.9647231
7661,POM121,2.1358268,5.294229
7662,POMP,-0.62907845,1.6565614
7663,POMT1,5.6187267,-0.18375343
7664,POMT2,2.2384274,2.610598
7665,POP1,0.43531463,-0.08543303
7666,POP4,0.8758675,3.8178418
7667,POP5,1.072732,1.8280696
7668,POP7,2.806717,0.49652225
7669,POPDC3,8.781346,3.4381537
7670,POR,2.4737496,3.283677
7671,PORCN,8.75061,3.2813177
7672,POSTN,4.3934846,0.6333636
7673,POT1,1.1084507,1.8902107
7674,POU1F1,4.7347493,3.195707
7675,POU2AF2,1.6127037,1.633473
7676,POU2F1,0.88317174,3.600528
7677,POU2F2,2.5100262,1.3247682
7678,POU2F3,2.8170538,3.69047
7679,POU3F1,0.06302769,2.9865708
7680,POU3F2,1.1487759,1.6339178
7681,POU3F3,1.6686811,1.5996046
7682,POU3F4,5.2709746,-0.23404956
7683,POU4F3,-0.545455,3.5975544
7684,POU5F1,3.0638964,3.0260901
7685,POU5F2,-0.6841705,3.416761
7686,POU6F1,7.952933,1.4880401
7687,PP2D1,0.2817977,4.013601
7688,PPA1,5.3054776,-0.1650789
7689,PPA2,6.567483,-2.7548325
7690,PPARA,2.7240353,1.3085251
7691,PPARG,3.2802947,0.20755029
7692,PPARGC1A,7.0016117,2.9823055
7693,PPARGC1B,3.3558593,3.7444947
7694,PPAT,3.9574184,0.10179818
7695,PPCDC,5.477193,0.15360695
7696,PPCS,3.2269912,0.0064833187
7697,PPDPF,6.111077,6.096444
7698,PPEF1,8.847888,1.857418
7699,PPFIA1,8.073975,3.9649558
7700,PPFIA3,6.5764503,1.190477
7701,PPFIBP1,8.283354,2.518339
7702,PPFIBP2,6.9364815,-2.952838
7703,PPHLN1,1.9193087,3.796804
7704,PPIB,6.28285,2.4672332
7705,PPID,5.2128243,2.9916692
7706,PPIE,0.7181373,3.7365117
7707,PPIF,7.044222,-2.856197
7708,PPIG,3.3388765,3.3308554
7709,PPIL1,0.66657734,-0.7177803
7710,PPIL2,0.27876148,3.3865862
7711,PPIL3,2.270568,2.2437816
7712,PPIL4,0.73890656,4.1144867
7713,PPIL6,4.471933,-1.012653
7714,PPIP5K1,5.1168675,2.8243105
7715,PPIP5K2,5.16354,1.4460171
7716,PPL,5.3388915,3.930923
7717,PPM1A,6.7280846,2.2650485
7718,PPM1B,5.810197,1.9632953
7719,PPM1D,1.623642,2.7856815
7720,PPM1E,0.40806615,-0.6994152
7721,PPM1F,3.9166272,3.5897412
7722,PPM1G,-1.1939692,4.20698
7723,PPM1H,1.4771558,3.1543822
7724,PPM1J,2.5959797,1.8703077
7725,PPM1K,6.8014483,-2.0590968
7726,PPM1L,6.0917892,4.2050066
7727,PPM1M,2.955481,0.065838166
7728,PPM1N,4.302827,-1.4829276
7729,PPME1,1.4265821,3.9288352
7730,PPOX,6.364642,0.19959076
7731,PPP1CA,5.1528964,3.9003596
7732,PPP1CB,3.5798132,4.0409446
7733,PPP1CC,6.4494576,1.9064307
7734,PPP1R10,-0.79326206,3.2552576
7735,PPP1R11,5.081153,-1.1299686
7736,PPP1R12A,8.180035,2.6639771
7737,PPP1R12B,8.970853,2.1317239
7738,PPP1R13B,5.3688273,3.976778
7739,PPP1R13L,8.130684,3.99466
7740,PPP1R14A,-1.4222822,4.000785
7741,PPP1R15A,4.6984353,0.53798103
7742,PPP1R15B,4.3156195,0.5200266
7743,PPP1R16A,7.4876194,2.2123888
7744,PPP1R16B,6.786433,3.9594738
7745,PPP1R18,9.153858,2.0593991
7746,PPP1R1C,0.48657256,3.5687194
7747,PPP1R21,3.119083,0.9595436
7748,PPP1R26,2.1258073,3.42744
7749,PPP1R27,6.4966836,4.426295
7750,PPP1R35,0.9402296,1.6754849
7751,PPP1R37,8.439676,4.0315094
7752,PPP1R3B,6.073237,2.871283
7753,PPP1R3D,6.5707765,-1.6915307
7754,PPP1R3E,6.415788,6.2302203
7755,PPP1R3F,3.110774,1.7365376
7756,PPP1R7,0.7774584,-0.606527
7757,PPP1R8,0.04842364,3.7752228
7758,PPP1R9A,8.665118,1.3051856
7759,PPP2CB,2.819916,2.4219453
7760,PPP2R1A,6.5710435,2.9301133
7761,PPP2R1B,7.860472,4.37434
7762,PPP2R2C,8.659287,3.2941146
7763,PPP2R3A,4.344726,0.33075505
7764,PPP2R3B,2.121237,1.9610491
7765,PPP2R3C,4.1283627,1.547318
7766,PPP2R5A,6.4322195,1.5502831
7767,PPP2R5C,4.153479,2.989046
7768,PPP2R5D,3.2785017,3.9107776
7769,PPP2R5E,8.018739,3.8768227
7770,PPP4C,3.967085,4.13694
7771,PPP4R1,0.023567658,3.8079855
7772,PPP4R2,-1.2691,3.6607811
7773,PPP4R3A,-0.30181178,2.7918851
7774,PPP4R3B,-0.3863515,4.0814624
7775,PPP4R4,6.841514,2.0136163
7776,PPP5C,6.4271297,1.564459
7777,PPP6R1,7.8676085,3.2586086
7778,PPP6R2,7.5102158,2.7945342
7779,PPP6R3,6.098133,4.127666
7780,PPRC1,-0.35366768,3.899725
7781,PPT1,5.7275834,0.013488521
7782,PPT2,4.6299534,0.1928235
7783,PPTC7,7.1985645,3.6164157
7784,PPWD1,2.738571,1.979317
7785,PQBP1,2.772394,4.409295
7786,PRAC1,3.6006033,0.2465936
7787,PRAF2,5.819233,-2.185811
7788,PRAG1,0.98162514,-0.60835147
7789,PRAM1,5.315436,0.017250003
7790,PRAME,1.4173864,2.4426951
7791,PRAMEF12,-0.14868858,3.7571976
7792,PRC1,6.5043063,3.8139627
7793,PRCC,-1.1312003,3.6038465
7794,PRCP,4.0527062,-0.6420825
7795,PRDM1,0.3362149,-0.5045731
7796,PRDM10,2.0046065,3.8691993
7797,PRDM12,2.4348087,1.9295382
7798,PRDM13,2.4487824,2.36821
7799,PRDM14,2.9840338,0.9982108
7800,PRDM15,2.7778404,0.21493272
7801,PRDM16,1.3862727,3.346825
7802,PRDM2,3.7497184,0.7161685
7803,PRDM4,0.7097237,2.1488574
7804,PRDM5,0.046220023,-0.3019717
7805,PRDM6,1.5353138,2.2676363
7806,PRDM7,-0.7978688,1.915326
7807,PRDM8,2.7607496,0.19516182
7808,PRDX1,6.841165,-3.0389702
7809,PRDX2,6.41723,1.0743906
7810,PRDX3,6.0682254,0.8547412
7811,PRDX4,8.375599,-0.55281955
7812,PRDX5,6.1124425,-1.5886614
7813,PRDX6,7.1789494,4.6138296
7814,PREB,8.202737,-0.75342363
7815,PRELID1,6.322725,-2.196747
7816,PRELID2,0.23622994,2.249476
7817,PRELID3B,0.7567413,2.291393
7818,PRELP,6.4424624,2.5411236
7819,PREP,7.756362,2.4732873
7820,PREX1,6.204353,0.54372185
7821,PREX2,7.9463964,-0.3291727
7822,PRF1,7.8607144,-0.8210054
7823,PRICKLE1,1.0639783,2.395597
7824,PRICKLE2,3.990885,-0.07767744
7825,PRICKLE4,3.4410703,2.231026
7826,PRIM2,1.8239678,3.7912683
7827,PRIMA1,7.6578937,3.5796494
7828,PRIMPOL,4.96353,2.2434914
7829,PRKAA1,3.09212,3.256184
7830,PRKAA2,4.3903675,3.0046823
7831,PRKAB1,6.2339125,3.414413
7832,PRKAB2,2.9356036,4.1882653
7833,PRKAG1,5.922253,3.2518256
7834,PRKAG2,1.8471434,3.3883283
7835,PRKAR1A,7.2503676,2.0856483
7836,PRKAR2B,6.239182,-1.9651687
7837,PRKCA,6.2417216,2.2134097
7838,PRKCB,1.943581,2.0779412
7839,PRKCD,6.223077,2.6277637
7840,PRKCE,7.0461626,0.33039317
7841,PRKCH,6.5541987,2.176499
7842,PRKCI,7.4999886,3.8013546
7843,PRKCQ,4.579953,-0.1438459
7844,PRKCSH,8.467551,-0.6670812
7845,PRKCZ,7.245183,2.326988
7846,PRKD1,5.7841945,2.9082072
7847,PRKD2,3.3863897,3.7731388
7848,PRKD3,5.736361,3.3059266
7849,PRKDC,-1.1818918,4.215124
7850,PRKG1,5.949325,2.6759083
7851,PRKN,1.0500454,2.7903688
7852,PRKRA,7.935153,3.5147393
7853,PRKRIP1,5.179391,3.8794978
7854,PRKX,1.5444139,2.7348368
7855,PRM1,3.2949321,2.5672796
7856,PRMT1,-0.36096647,4.5490723
7857,PRMT2,3.2754476,2.6705995
7858,PRMT5,4.146261,2.7935603
7859,PRMT6,0.5682262,0.51406264
7860,PRMT7,-0.04403627,2.8823154
7861,PRMT9,6.143502,5.4201727
7862,PRNP,5.6780477,1.8710861
7863,PROB1,-0.39690506,2.6819465
7864,PROCA1,2.073963,5.6796813
7865,PRODH,4.124098,1.2288821
7866,PRODH2,3.2492166,3.3034062
7867,PROM2,4.524957,2.786521
7868,PRORP,6.116713,-2.1999984
7869,PROSER1,1.1564968,3.8660371
7870,PROSER2,8.413008,2.9126484
7871,PROSER3,3.8246129,-0.323438
7872,PROX1,3.287161,3.9016569
7873,PRPF18,3.5369623,3.166501
7874,PRPF19,-0.79559493,3.3833432
7875,PRPF3,-0.54856163,3.6625462
7876,PRPF31,1.7737412,1.7651582
7877,PRPF38A,1.4439888,1.6890299
7878,PRPF39,2.4658756,2.0105982
7879,PRPF4,-0.53977096,3.1710036
7880,PRPF40A,-0.5416707,2.0512586
7881,PRPF40B,3.2214298,3.0595226
7882,PRPF4B,0.10595239,2.6562412
7883,PRPF6,0.9654842,4.201216
7884,PRPF8,1.0023214,3.2259731
7885,PRPS2,3.0918815,0.2448325
7886,PRPSAP1,7.7670693,3.05186
7887,PRPSAP2,4.245236,3.9995983
7888,PRR11,7.8919144,-0.3338678
7889,PRR12,8.407403,3.6614163
7890,PRR13,2.5821774,2.2586894
7891,PRR14,0.44912937,2.3634036
7892,PRR14L,0.80287766,2.1226397
7893,PRR15,4.6648827,-0.046463475
7894,PRR15L,8.396365,3.2289386
7895,PRR16,2.6446369,1.7143401
7896,PRR19,2.881561,0.09099405
7897,PRR22,2.2804663,2.7399094
7898,PRR29,0.14734279,-0.90853727
7899,PRR3,3.583293,3.8839974
7900,PRR32,5.4200263,3.3827505
7901,PRR35,1.2340287,-0.5338539
7902,PRR36,4.5700088,1.1975421
7903,PRR5L,6.6297855,2.7490885
7904,PRR7,5.339343,4.229913
7905,PRR9,5.2981243,3.271345
7906,PRRC1,8.576439,0.66564184
7907,PRRC2A,7.2382703,3.0016506
7908,PRRC2B,7.73441,3.5501907
7909,PRRC2C,8.947275,4.177299
7910,PRRG1,3.5959728,2.5474036
7911,PRRG2,0.31094483,0.31241104
7912,PRRG4,4.839794,-0.05941231
7913,PRRT2,3.294912,0.64930385
7914,PRRT3,5.562882,3.7187443
7915,PRRT4,1.9534185,3.7537618
7916,PRRX1,2.4030495,3.9552157
7917,PRRX2,0.22501922,2.6259832
7918,PRSS21,6.786544,1.4327855
7919,PRSS22,2.3984363,2.6450372
7920,PRSS27,5.147155,1.247894
7921,PRTFDC1,1.6123985,3.7641537
7922,PRTG,6.815631,2.2270334
7923,PRTN3,6.4082837,1.2939278
7924,PRUNE1,7.3070445,2.542767
7925,PRUNE2,6.576337,0.6011948
7926,PRX,7.7960615,1.9200014
7927,PRXL2B,5.50213,3.6702785
7928,PSAP,7.248611,-2.0366921
7929,PSAPL1,6.2139516,0.29767442
7930,PSAT1,8.2270775,3.518416
7931,PSCA,4.3463364,2.9332528
7932,PSD,3.304377,4.2226124
7933,PSD2,8.4666,4.099803
7934,PSD3,1.0168264,2.0384395
7935,PSEN1,8.192855,1.0725425
7936,PSIP1,-0.70519656,4.3242397
7937,PSKH1,-0.390026,1.5708506
7938,PSKH2,1.1301471,1.9017993
7939,PSMA1,1.0968648,2.7828863
7940,PSMA4,6.7953186,3.018871
7941,PSMA5,8.362266,3.7626197
7942,PSMA6,2.5512075,3.117187
7943,PSMA8,5.731715,0.64502233
7944,PSMB1,2.489265,0.74423045
7945,PSMB10,6.4584556,3.317347
7946,PSMB2,1.9540256,2.16399
7947,PSMB4,5.923346,-2.4117045
7948,PSMB5,2.6458018,0.4758476
7949,PSMB6,5.8365865,-1.754391
7950,PSMB7,3.3059497,2.979787
7951,PSMB8,6.2152205,5.478962
7952,PSMB9,5.2002163,2.3353379
7953,PSMC1,3.5316007,3.8398812
7954,PSMC2,7.752173,2.6800559
7955,PSMC3,5.852438,3.165271
7956,PSMC3IP,2.2513545,3.5091
7957,PSMC4,3.2206905,2.6482036
7958,PSMC5,6.90565,3.2671738
7959,PSMC6,5.528576,3.6842105
7960,PSMD1,3.8587935,3.1791978
7961,PSMD10,7.138169,4.2650237
7962,PSMD11,2.9766488,1.9536508
7963,PSMD12,6.235876,5.622101
7964,PSMD13,3.2687886,3.821571
7965,PSMD14,2.0925107,2.358615
7966,PSMD3,3.7731204,2.9460077
7967,PSMD4,3.8478818,3.84957
7968,PSMD5,6.3166337,3.8202734
7969,PSMD7,1.0567822,2.039115
7970,PSMD8,5.79381,3.6790712
7971,PSMD9,7.701209,3.7965367
7972,PSME1,6.3750186,3.1435955
7973,PSME2,1.4214351,1.564121
7974,PSME3,0.36524802,4.2327623
7975,PSME3IP1,-0.25538236,3.3808348
7976,PSME4,-0.3684064,3.0656683
7977,PSMF1,7.8129005,3.7804828
7978,PSMG1,4.9487987,1.3101097
7979,PSMG2,0.7599352,2.0845397
7980,PSMG4,6.078859,-2.601892
7981,PSORS1C1,-0.31560862,3.522813
7982,PSPC1,-0.9002401,3.9736705
7983,PSPH,8.612179,3.5313952
7984,PSRC1,8.89069,4.0860677
7985,PSTK,8.867106,1.8368074
7986,PSTPIP1,7.1368136,1.4660834
7987,PSTPIP2,7.091252,3.9369338
7988,PTAFR,4.421488,2.4521909
7989,PTAR1,5.9165125,1.3068556
7990,PTBP1,-0.6879926,4.438429
7991,PTBP2,0.746039,2.3490136
7992,PTBP3,0.60977215,3.1775355
7993,PTCD3,6.84322,-2.0300767
7994,PTCH1,4.5904555,0.27770352
7995,PTCH2,7.370553,3.5568023
7996,PTCHD4,7.5295296,3.317175
7997,PTDSS1,8.26417,-0.5366596
7998,PTEN,4.7536902,2.4687717
7999,PTER,3.8997593,2.6915858
8000,PTF1A,-1.1565983,3.7206798
8001,PTGDR,5.710463,2.9247005
8002,PTGES,8.534327,-0.569767
8003,PTGES3,6.5784035,4.2954373
8004,PTGIS,5.3873453,0.111052245
8005,PTGR2,5.069803,-1.097493
8006,PTGR3,3.8650916,1.1463276
8007,PTGS1,4.459188,0.5056532
8008,PTHLH,5.2514687,3.1906664
8009,PTK2,6.606081,0.59384173
8010,PTK2B,6.6659536,2.7463183
8011,PTK6,1.8890586,2.9590192
8012,PTMA,2.5700443,2.9650145
8013,PTMS,-0.24701099,-0.24204005
8014,PTN,8.275236,-0.8382267
8015,PTOV1,1.076998,1.7604771
8016,PTPA,1.6364136,2.9693232
8017,PTPDC1,0.7604089,3.8477259
8018,PTPMT1,6.9010124,-3.0363083
8019,PTPN1,8.57378,-0.7127017
8020,PTPN11,4.863353,4.2035584
8021,PTPN12,7.3245773,4.1624403
8022,PTPN13,3.0898767,3.4036195
8023,PTPN14,2.5844455,0.5794705
8024,PTPN18,7.1550155,-3.253967
8025,PTPN2,0.5222699,4.1710114
8026,PTPN20,5.6689997,0.36939523
8027,PTPN21,5.802989,1.757506
8028,PTPN22,1.9567055,3.63709
8029,PTPN23,1.6997228,3.1372354
8030,PTPN4,2.248832,4.0683703
8031,PTPN5,6.2435155,-0.8386372
8032,PTPN6,2.7815266,3.3701043
8033,PTPN7,7.1625156,1.9517474
8034,PTPN9,5.8969336,0.8671846
8035,PTPRA,4.4467583,2.2170708
8036,PTPRB,8.322385,0.9863107
8037,PTPRC,2.425352,1.6027659
8038,PTPRCAP,8.90446,1.5929991
8039,PTPRD,4.389485,0.24460259
8040,PTPRE,5.5981874,1.1989912
8041,PTPRF,5.271597,1.2723097
8042,PTPRG,7.577503,3.7868812
8043,PTPRH,4.197674,3.9937236
8044,PTPRK,8.165829,0.80576164
8045,PTPRM,7.918695,2.6478496
8046,PTPRN,7.0746813,2.4590337
8047,PTPRN2,4.7963357,0.6716338
8048,PTPRQ,3.6942384,1.0527611
8049,PTPRR,8.21084,1.0753536
8050,PTPRS,7.9383225,1.4038649
8051,PTPRZ1,6.5518265,1.9197664
8052,PTRH2,8.195427,-0.7658916
8053,PTRHD1,0.20436694,3.1751323
8054,PTS,5.498025,1.5284749
8055,PTTG1IP,1.6375238,1.9801251
8056,PTX3,7.8134055,2.616882
8057,PUDP,3.5586877,2.6046846
8058,PUF60,0.52449864,2.662443
8059,PUM1,8.564711,3.8138368
8060,PUM2,8.122229,3.5255015
8061,PUM3,0.47266898,-0.7677238
8062,PURB,1.3928705,2.3266191
8063,PURG,4.478721,4.3419313
8064,PUS1,6.142466,-2.293143
8065,PUS10,6.012181,-2.3842485
8066,PUS3,3.2664158,0.3497668
8067,PUS7,1.8887565,1.8150207
8068,PUS7L,-0.46903402,1.6822481
8069,PUSL1,3.988356,0.2753247
8070,PVALB,1.3668078,4.0788374
8071,PVR,1.560302,3.5094786
8072,PWP1,0.4338779,-0.7096803
8073,PWP2,0.6652504,-0.5932911
8074,PWWP2A,0.6491824,3.7547066
8075,PWWP2B,-0.7269747,3.2983625
8076,PWWP3A,2.2890918,2.2750752
8077,PXDC1,8.502484,1.0342263
8078,PXDNL,4.232648,2.7649586
8079,PXK,6.6066165,3.3765383
8080,PXMP4,6.220354,-1.8235502
8081,PXN,8.699198,1.6391655
8082,PXT1,5.2451425,-0.82471764
8083,PYCARD,5.218033,2.7995212
8084,PYCR2,7.230683,-3.499944
8085,PYCR3,6.2024126,3.5952291
8086,PYDC2,3.2466087,2.437257
8087,PYGB,5.8983445,2.5470598
8088,PYGL,6.2052035,3.3946013
8089,PYGO1,3.2585914,3.3711889
8090,PYGO2,4.6985826,4.292404
8091,PYHIN1,0.3269681,-0.45590776
8092,PYM1,7.0096292,4.078032
8093,PYROXD1,-0.7989685,1.8157421
8094,PYROXD2,6.5866227,-1.7418771
8095,PYURF,0.06179767,3.878405
8096,QARS1,7.4132366,1.9245663
8097,QDPR,6.6206474,-1.5072759
8098,QKI,-0.11806114,3.8934455
8099,QPCT,7.8303704,2.8382263
8100,QPCTL,4.401221,0.9373942
8101,QPRT,3.3363485,0.68024886
8102,QRICH2,1.8537292,5.7908354
8103,QRSL1,4.0390935,0.7790665
8104,QSER1,2.5514057,3.53291
8105,QSOX1,5.1716504,0.34518018
8106,QSOX2,3.5594983,1.0276946
8107,QTRT1,6.20438,-1.0536159
8108,QTRT2,6.104204,3.1090267
8109,R3HCC1,8.608816,3.4284017
8110,R3HCC1L,0.080233745,3.7686207
8111,R3HDM1,5.2337885,3.065866
8112,R3HDM2,1.2112604,2.7342286
8113,R3HDM4,4.11675,4.0417027
8114,RAB11A,5.462482,-0.26670617
8115,RAB11B,5.250207,2.1053505
8116,RAB11FIP1,5.5313478,-0.25869784
8117,RAB11FIP2,4.77011,-1.1139745
8118,RAB11FIP3,5.7994113,1.3469483
8119,RAB11FIP5,5.6386557,0.5855927
8120,RAB12,4.302356,0.98155063
8121,RAB13,7.095882,2.2162619
8122,RAB14,5.869675,0.018621283
8123,RAB15,5.6131697,1.4087465
8124,RAB1A,6.176824,-1.9408954
8125,RAB1B,5.155961,0.6415098
8126,RAB20,4.88907,-0.948769
8127,RAB23,7.562601,2.0362387
8128,RAB24,8.70179,3.6275024
8129,RAB25,6.2305274,3.5588076
8130,RAB26,7.8034143,3.2485876
8131,RAB27B,6.191262,2.914629
8132,RAB29,2.131302,5.2560563
8133,RAB30,5.0520763,-0.2864215
8134,RAB32,5.6975865,1.4498338
8135,RAB33A,4.322293,-1.2913312
8136,RAB36,3.98545,0.17934188
8137,RAB38,5.743806,-2.339098
8138,RAB3A,1.8963232,3.5558796
8139,RAB3B,8.018162,0.74111325
8140,RAB3C,8.774583,4.042281
8141,RAB3D,6.0348635,0.45109957
8142,RAB3GAP1,2.9321978,4.22558
8143,RAB3GAP2,8.429218,1.9101207
8144,RAB3IL1,6.436807,1.8129456
8145,RAB3IP,7.638076,0.8982982
8146,RAB41,5.4569864,2.2721946
8147,RAB42,6.6279173,2.497298
8148,RAB43,7.1680617,3.5452278
8149,RAB44,4.737461,0.878734
8150,RAB5A,2.5516894,1.4956725
8151,RAB5B,5.144647,-0.53010267
8152,RAB5C,6.7602887,0.43977818
8153,RAB7A,5.042131,0.6744077
8154,RAB8A,4.3333197,4.470102
8155,RAB9A,2.268675,2.433191
8156,RABEP1,6.7218423,1.5392011
8157,RABEP2,6.5069637,1.9590838
8158,RABEPK,5.312395,0.4385299
8159,RABGAP1,8.211005,3.9699209
8160,RABGEF1,5.828486,1.9393103
8161,RABGGTB,5.400081,-0.50688964
8162,RABL3,6.5039797,-1.0514151
8163,RABL6,6.308539,2.5746293
8164,RAC1,2.8717885,3.3827095
8165,RACGAP1,-0.22824042,3.1204102
8166,RACK1,2.1354194,1.9540613
8167,RAD1,2.248801,3.3502524
8168,RAD17,2.258719,4.2970557
8169,RAD18,0.55434626,3.568928
8170,RAD21,-0.560915,4.144434
8171,RAD23A,2.0725324,3.3568044
8172,RAD23B,3.7553122,4.023607
8173,RAD50,1.0149417,1.1154042
8174,RAD51,0.8033216,-0.8134254
8175,RAD51AP1,2.011901,3.6029732
8176,RAD51AP2,3.7313266,3.4377308
8177,RAD51B,1.4259888,1.3882649
8178,RAD51C,3.8284528,3.4748373
8179,RAD52,0.25340873,2.6494431
8180,RAD54B,4.8985324,2.885876
8181,RAD54L,-0.37194103,2.894996
8182,RAD54L2,1.8887712,3.6010046
8183,RAD9A,1.544763,2.8384917
8184,RADIL,1.8160555,5.839436
8185,RADX,-0.410828,1.619847
8186,RAE1,0.10594457,-0.5823286
8187,RAET1E,8.05688,1.9698454
8188,RAET1G,4.2547574,-1.4468898
8189,RAF1,7.2950726,3.1757612
8190,RAG1,4.4434342,-0.36721665
8191,RAG2,1.5878409,1.7946491
8192,RAI1,0.11870665,3.5589533
8193,RAI14,4.540804,3.1556058
8194,RAI2,6.7753434,3.9998553
8195,RALA,8.534349,1.6560656
8196,RALBP1,6.0284786,4.065756
8197,RALGAPA1,6.2719917,-0.119748786
8198,RALGAPA2,7.641714,3.3378727
8199,RALGAPB,2.5244296,3.132498
8200,RALGPS2,3.3552456,1.8183779
8201,RALY,-1.1967392,4.0028687
8202,RALYL,-0.75612617,3.1707375
8203,RAMP1,1.9537606,5.2992687
8204,RAMP2,5.3485804,0.45392156
8205,RAMP3,7.4790096,3.4101717
8206,RAN,-0.12015731,4.135397
8207,RANBP1,8.074059,3.9609168
8208,RANBP17,1.9941576,4.7029595
8209,RANBP2,2.0479846,5.696172
8210,RANBP3,0.8071856,3.2929626
8211,RANBP3L,0.73303,3.2663193
8212,RANBP6,4.7001996,-0.39350268
8213,RANBP9,2.9664733,3.6285617
8214,RANGAP1,2.1225014,5.649527
8215,RANGRF,2.0730658,2.1358378
8216,RAP1GAP,5.5024633,2.3409822
8217,RAP1GAP2,2.5741773,5.2573442
8218,RAP1GDS1,6.779386,1.7796806
8219,RAPGEF1,5.3015704,-0.41011238
8220,RAPGEF2,8.901911,4.2704544
8221,RAPGEF3,6.8535237,2.105918
8222,RAPGEF4,8.657556,1.2452536
8223,RAPGEF5,1.4531325,3.2035508
8224,RAPGEFL1,6.1924057,5.774879
8225,RAPH1,7.7337646,2.4019325
8226,RAPSN,6.634263,1.4533834
8227,RARA,1.9366393,3.0603852
8228,RARB,1.6449816,3.9349198
8229,RARG,-1.2419788,3.891183
8230,RARRES1,4.913992,0.5833395
8231,RARS1,7.1482153,4.242546
8232,RARS2,5.679439,-0.016979415
8233,RASA2,5.4230947,-0.5798664
8234,RASAL1,7.5319567,4.0571504
8235,RASAL2,8.700429,2.0067544
8236,RASAL3,4.044303,4.0160756
8237,RASD1,3.380517,3.8585417
8238,RASD2,6.4608355,3.1005147
8239,RASEF,6.3775535,6.352475
8240,RASGEF1A,4.5143986,0.4117177
8241,RASGEF1B,0.9052938,3.4124858
8242,RASGEF1C,6.3201723,-2.7481928
8243,RASGRF1,4.2649937,0.48243767
8244,RASGRF2,8.636307,3.8444562
8245,RASGRP1,6.7544723,2.6342518
8246,RASGRP2,5.7994,2.432725
8247,RASGRP3,5.4267683,3.3677475
8248,RASGRP4,3.3175595,2.769498
8249,RASL10B,3.672817,1.6501443
8250,RASL11A,0.48719627,1.2770003
8251,RASL11B,2.503152,0.61705846
8252,RASSF10,6.7805605,2.7086046
8253,RASSF2,3.2429967,3.8534608
8254,RASSF3,7.3639865,3.56899
8255,RASSF4,0.9820606,0.06208831
8256,RASSF6,3.9628618,1.3171928
8257,RASSF7,6.475255,1.4959729
8258,RASSF8,6.8311934,-1.617063
8259,RAVER1,-0.9975183,3.8964953
8260,RAVER2,-1.0237408,3.743305
8261,RAX2,-0.29460037,1.8668916
8262,RB1,0.23441255,2.5926976
8263,RB1CC1,5.2836924,2.1613023
8264,RBAK,0.6918226,4.215937
8265,RBBP4,2.762445,2.9062355
8266,RBBP5,0.03753995,0.65930384
8267,RBBP6,-0.2620819,2.811946
8268,RBBP7,-0.9982599,4.287858
8269,RBBP8,1.9888164,3.8858979
8270,RBBP8NL,0.88712966,3.6063075
8271,RBBP9,3.0158346,3.260155
8272,RBFA,6.3045754,-2.0304236
8273,RBFOX1,0.7130498,3.4076765
8274,RBFOX2,0.28668797,4.0929275
8275,RBFOX3,2.3453012,1.9451976
8276,RBIS,0.15582389,0.11990239
8277,RBKS,6.6290464,1.7831931
8278,RBL1,1.8570826,2.778128
8279,RBL2,2.1748452,3.5628316
8280,RBM10,0.97951835,4.184373
8281,RBM11,0.42875418,3.138438
8282,RBM12,-1.0343246,4.1126294
8283,RBM12B,0.36446476,2.449902
8284,RBM14,0.5788854,4.352478
8285,RBM15,-0.23466548,3.135505
8286,RBM15B,-0.5734525,3.6422446
8287,RBM17,-0.90341604,3.420916
8288,RBM18,2.470588,2.9292693
8289,RBM19,-0.16724965,-0.8301768
8290,RBM20,4.9140897,0.6958567
8291,RBM22,0.3611713,3.3614988
8292,RBM23,5.36173,1.6380564
8293,RBM24,2.1685717,3.3474898
8294,RBM25,-1.1624825,3.2934208
8295,RBM26,-0.46593705,3.0382361
8296,RBM28,0.45837274,-1.0559882
8297,RBM3,0.7881004,4.2887073
8298,RBM33,1.2850524,3.9470053
8299,RBM34,-0.13353728,-0.9309004
8300,RBM38,2.9417334,4.49009
8301,RBM39,5.5267205,5.377824
8302,RBM41,5.40418,3.580179
8303,RBM42,2.7490008,2.4092765
8304,RBM43,0.67788,1.6429777
8305,RBM45,-1.2397702,4.141101
8306,RBM46,5.8404846,2.128051
8307,RBM47,5.1437073,3.4174001
8308,RBM48,0.6264205,2.8528965
8309,RBM5,0.809179,3.3451834
8310,RBM6,-1.005012,3.1767602
8311,RBM7,1.5352824,4.0069494
8312,RBM8A,-0.9214778,3.1318583
8313,RBMS1,9.078145,3.981896
8314,RBMS2,5.6684713,4.327043
8315,RBMS3,6.735776,1.8622837
8316,RBMX2,1.7165601,6.0027804
8317,RBP1,4.3519435,3.7297404
8318,RBP2,4.388896,0.0870915
8319,RBP5,5.915857,1.8185153
8320,RBP7,8.336608,3.7507155
8321,RBPJ,-0.4448489,3.7709246
8322,RBPMS,3.078928,1.4950131
8323,RBSN,4.7674913,0.378132
8324,RBX1,1.4377584,3.3082187
8325,RC3H1,6.7316394,3.4221652
8326,RC3H2,5.6605325,0.64073825
8327,RCAN1,6.1745095,0.45997912
8328,RCAN2,6.304992,-3.0408998
8329,RCAN3,0.89444953,3.9771838
8330,RCBTB1,0.39504358,2.2212088
8331,RCBTB2,4.8847046,1.5805863
8332,RCC1,-0.13558215,3.8507042
8333,RCC1L,2.796194,3.6035106
8334,RCCD1,7.8290744,3.1687846
8335,RCHY1,6.6424913,1.7835912
8336,RCL1,-0.72176325,2.7928884
8337,RCN2,8.558081,-0.7386734
8338,RCN3,8.343268,-0.56004417
8339,RCOR1,0.5516273,2.8326843
8340,RCOR2,0.22535466,2.1841288
8341,RCOR3,4.9871173,3.569721
8342,RCSD1,8.211167,4.0120745
8343,RDH10,3.2140927,0.53292644
8344,RDH13,6.788088,-1.227113
8345,RDH14,2.7789469,2.1939359
8346,RDH5,6.267179,0.6425577
8347,RDH8,1.0641705,3.593899
8348,RDM1,0.90920645,-0.34421933
8349,RDX,8.419218,1.2264903
8350,REC8,0.8819758,3.57667
8351,RECK,8.141778,1.8086299
8352,RECQL,-0.61847574,4.257441
8353,RECQL4,0.15155134,3.326928
8354,RECQL5,2.1618724,3.7007012
8355,REEP2,7.0906715,0.9053642
8356,REEP4,8.442234,-0.45453948
8357,REEP5,8.507656,-0.3046648
8358,REEP6,5.4866366,-0.13164614
8359,RELA,7.657317,3.2531197
8360,RELB,3.369788,3.5933135
8361,RELCH,5.4201984,2.90295
8362,RELL1,6.555764,2.6029396
8363,RELL2,5.369019,-0.701239
8364,RELN,5.081,0.44588023
8365,RELT,1.0088179,2.2183182
8366,REPIN1,0.60541993,4.607562
8367,REPS1,7.425526,3.4304035
8368,RER1,3.972889,0.15460624
8369,RERE,3.5964963,2.2863183
8370,RERG,3.92034,3.2438912
8371,RERGL,1.4612505,3.4348168
8372,RESF1,0.407517,-0.8270164
8373,REST,5.6209292,4.2003455
8374,RET,5.813354,2.010344
8375,RETNLB,8.445189,-0.25862178
8376,RETREG1,9.32984,4.3598495
8377,RETREG2,7.8189116,0.15850824
8378,RETREG3,2.8072512,5.110896
8379,RETSAT,6.068185,1.510334
8380,REV1,0.40475854,-0.9821375
8381,REV3L,-0.4156206,2.8514388
8382,REX1BD,8.632719,0.75175434
8383,REXO1,1.768516,4.189525
8384,REXO2,6.2339354,-1.698269
8385,REXO4,0.026449675,0.124564
8386,REXO5,1.8041648,5.884195
8387,RFC1,-0.13720332,3.7226171
8388,RFC2,1.1320175,4.1574044
8389,RFC3,3.1648126,1.3391095
8390,RFC4,0.7322277,4.4159155
8391,RFC5,2.8927393,3.6351037
8392,RFESD,1.8726678,4.1572666
8393,RFFL,5.392979,0.7086809
8394,RFK,3.7959998,-0.80712295
8395,RFLNA,5.209262,0.2493117
8396,RFLNB,8.776066,2.2551098
8397,RFNG,3.0420797,2.6584785
8398,RFT1,4.6615925,-0.05040834
8399,RFTN2,7.257092,3.134436
8400,RFWD3,0.89042836,2.6893437
8401,RFX1,0.5557133,2.9455564
8402,RFX2,2.654689,3.1795235
8403,RFX3,2.402422,3.3440626
8404,RFX4,0.40276146,2.191087
8405,RFX5,0.9107023,2.7045138
8406,RFX7,1.2956688,4.8720407
8407,RFX8,0.9739458,1.728407
8408,RFXANK,3.3719273,4.1109757
8409,RFXAP,-0.55684495,1.6620541
8410,RGCC,0.70557797,1.8001868
8411,RGL1,5.0268636,3.1304774
8412,RGL2,3.383707,2.5990388
8413,RGL3,1.7424324,3.224204
8414,RGL4,5.9081025,0.5301252
8415,RGMA,2.355935,3.7277014
8416,RGMB,0.8505116,2.0359588
8417,RGN,8.053366,3.5070922
8418,RGP1,6.815946,2.37199
8419,RGR,5.4059176,1.1164001
8420,RGS10,1.7245563,3.36866
8421,RGS12,1.9600881,2.1613607
8422,RGS14,1.238259,3.1818898
8423,RGS16,6.387428,1.5145293
8424,RGS17,7.2675304,1.3404049
8425,RGS18,4.0163774,0.11381226
8426,RGS19,8.480938,0.9237345
8427,RGS2,8.265168,3.2634192
8428,RGS22,6.910512,0.6758716
8429,RGS3,7.922605,1.5174754
8430,RGS4,5.9884024,2.4643905
8431,RGS5,6.315258,3.3607457
8432,RGS6,0.28014824,-0.5244084
8433,RGS7,6.779138,4.3257585
8434,RGS7BP,7.1125803,2.019259
8435,RGS9,1.3511581,1.8754772
8436,RGS9BP,7.7522416,3.81731
8437,RHAG,7.0636168,0.84264106
8438,RHBDD1,7.717502,-0.43031132
8439,RHBDD2,3.764044,-0.1373699
8440,RHBDD3,6.349731,6.1203065
8441,RHBDF1,5.1877584,-1.023706
8442,RHBDL1,1.8837724,2.4624624
8443,RHBG,1.7019902,1.2283989
8444,RHEBL1,0.7490612,0.20310351
8445,RHEX,5.3302226,1.011169
8446,RHOA,6.3422356,3.513122
8447,RHOBTB1,2.3005705,2.751022
8448,RHOBTB2,2.8879282,0.12654762
8449,RHOBTB3,5.2951574,-0.60168636
8450,RHOF,3.906881,1.1883781
8451,RHOH,5.7970514,0.42133608
8452,RHOJ,4.5900435,4.285474
8453,RHOQ,4.633092,-1.1418725
8454,RHOT2,6.2476797,-1.8896158
8455,RHOXF1,0.24135645,3.1643605
8456,RHPN1,2.1397657,1.8228649
8457,RIBC1,1.9244633,2.4689338
8458,RIC8A,5.843472,2.4863594
8459,RIC8B,8.526088,1.4054476
8460,RICTOR,7.12746,-3.028006
8461,RIF1,0.65344155,3.745817
8462,RIIAD1,6.7507377,2.571207
8463,RILPL1,4.7222285,3.562892
8464,RILPL2,6.9394474,1.621082
8465,RIMBP2,2.5500586,1.8791275
8466,RIMKLA,-0.52230227,-1.033554
8467,RIMKLB,1.9377067,2.251854
8468,RIMOC1,3.6128848,3.5915215
8469,RIMS2,6.1738896,1.6579642
8470,RIMS3,6.2377677,-2.6077106
8471,RIMS4,1.9290973,3.834786
8472,RIN2,6.242078,5.3948417
8473,RING1,3.4447632,4.451371
8474,RINL,3.2029567,2.0084422
8475,RINT1,3.910208,-0.2757745
8476,RIOK1,7.150105,2.8867757
8477,RIOK2,7.398957,2.919451
8478,RIOK3,7.292244,3.9381251
8479,RIOX1,-0.4285895,-1.1288615
8480,RIOX2,0.006385157,0.25922933
8481,RIPK1,6.827883,3.6362364
8482,RIPK2,6.0242743,2.1624656
8483,RIPOR1,5.664203,1.3747735
8484,RIPOR3,0.30099237,3.952533
8485,RIT2,3.3460531,2.6431906
8486,RITA1,-0.6228126,3.1112144
8487,RLBP1,4.5976377,2.8928978
8488,RLF,0.6584289,2.2583647
8489,RLIM,2.4901602,2.6827526
8490,RMC1,1.6199194,1.4931393
8491,RMDN1,4.302851,2.7148612
8492,RMDN2,5.9952426,2.573733
8493,RMDN3,6.9680996,-2.3166568
8494,RMI1,-0.4318293,2.8303537
8495,RMI2,3.6415343,3.36627
8496,RMND1,7.279578,-3.6363738
8497,RMND5A,0.8539074,2.1047344
8498,RNASE1,1.3013304,3.789612
8499,RNASEH1,5.6618323,-2.2733214
8500,RNASEH2A,4.691823,2.954978
8501,RNASEH2B,0.92174256,3.613919
8502,RNASEH2C,2.7666485,1.4079108
8503,RNASEL,6.7587924,3.4663517
8504,RND1,5.54253,0.4909005
8505,RNF10,1.1715672,2.725848
8506,RNF111,8.436118,2.2150395
8507,RNF112,3.5563564,3.1628983
8508,RNF113A,2.2598317,3.9022782
8509,RNF114,6.9011536,4.3851495
8510,RNF115,6.918459,-2.590122
8511,RNF121,3.6095748,0.72699463
8512,RNF123,6.562754,2.7270992
8513,RNF125,5.6608205,1.1692063
8514,RNF126,4.304122,4.1634717
8515,RNF13,3.3942654,4.0992365
8516,RNF135,3.3309388,-0.04677847
8517,RNF138,6.7647843,-2.2091546
8518,RNF14,2.3081822,3.4789493
8519,RNF141,6.104328,5.860674
8520,RNF144A,5.5529904,-0.13809273
8521,RNF144B,0.65508723,-0.93944204
8522,RNF145,6.6322927,3.9820652
8523,RNF146,6.3475165,3.4620707
8524,RNF148,6.1164465,3.7384021
8525,RNF149,5.943947,2.4481242
8526,RNF151,7.328403,3.2799416
8527,RNF157,4.179552,0.62951654
8528,RNF165,1.4469799,2.1151342
8529,RNF166,4.2556567,3.50515
8530,RNF167,6.8665338,1.2267773
8531,RNF168,2.886437,4.401177
8532,RNF169,2.0266466,3.6146529
8533,RNF180,6.2574344,1.7927896
8534,RNF181,2.871171,2.1584673
8535,RNF182,4.8385973,0.7388142
8536,RNF187,2.8993025,3.1775396
8537,RNF19B,9.150795,4.206464
8538,RNF2,-0.21745709,3.54963
8539,RNF20,1.0816107,3.8220732
8540,RNF207,9.003511,3.8658273
8541,RNF208,0.4702539,2.5638177
8542,RNF213,6.3019376,2.6865792
8543,RNF214,7.7272058,2.8495898
8544,RNF215,6.425023,6.3995795
8545,RNF216,4.865186,2.9189544
8546,RNF220,1.3690404,3.914527
8547,RNF224,3.4475129,0.6803523
8548,RNF24,3.9679592,-0.19589137
8549,RNF25,7.2088366,1.9006921
8550,RNF26,1.0285246,3.8169777
8551,RNF31,5.4898,1.9316256
8552,RNF32,4.497265,2.081305
8553,RNF34,-0.718037,2.7686133
8554,RNF38,-0.73967475,4.0958242
8555,RNF39,5.571399,0.6858763
8556,RNF4,2.3115005,2.669927
8557,RNF40,0.06676749,3.9837515
8558,RNF41,1.257864,1.6981487
8559,RNF44,0.8671254,4.2668633
8560,RNF5,7.7937512,0.10976484
8561,RNF6,1.740181,5.896217
8562,RNF7,2.8370874,2.3692756
8563,RNF8,4.2239475,2.3463244
8564,RNFT1,0.4331839,-1.0778508
8565,RNFT2,3.0730653,2.5453253
8566,RNGTT,2.756595,1.9833161
8567,RNH1,6.67067,4.436428
8568,RNMT,0.6932574,4.419855
8569,RNPC3,1.0886405,2.6506877
8570,RNPEP,3.8389359,0.047251265
8571,RNPEPL1,1.8506479,2.1718462
8572,RNPS1,2.7660365,0.28678942
8573,RO60,6.0392156,1.7602079
8574,ROBO1,8.145021,2.2025473
8575,ROBO2,8.754387,1.6614997
8576,ROBO3,7.043311,0.5197955
8577,ROBO4,7.5064716,1.3565954
8578,ROCK2,7.4133263,1.7348422
8579,ROM1,8.291402,2.4615252
8580,RORA,0.27485272,-1.0066408
8581,RORB,0.78616726,1.7902955
8582,RORC,2.688132,0.18545634
8583,ROS1,4.881152,-1.2690672
8584,RP2,4.6050625,4.028452
8585,RP9,2.8104072,3.366115
8586,RPA1,0.5980422,4.1915274
8587,RPA2,-0.83862543,4.301553
8588,RPA4,-0.10171694,3.7551064
8589,RPAIN,0.28610396,-0.12649053
8590,RPAP1,3.2748263,4.451463
8591,RPAP2,8.784339,4.035512
8592,RPAP3,7.441203,3.1791017
8593,RPF1,-0.16656403,-0.92810553
8594,RPF2,0.39547232,-0.32851657
8595,RPGR,4.3032627,0.13097323
8596,RPGRIP1L,7.772839,4.454584
8597,RPIA,8.719496,0.71488297
8598,RPL10,9.43936,4.441145
8599,RPL10A,8.910808,4.201846
8600,RPL12,3.8488855,-0.3967142
8601,RPL13,9.500758,4.475261
8602,RPL13A,8.68556,3.2381215
8603,RPL14,9.57637,4.4214334
8604,RPL18,9.062412,4.0866475
8605,RPL18A,0.14834973,-0.22106391
8606,RPL19,9.150812,4.143833
8607,RPL21,9.13589,4.0190153
8608,RPL22L1,0.33708498,-0.64295256
8609,RPL23,8.782682,3.4065957
8610,RPL23A,1.436212,-0.5343544
8611,RPL24,9.480311,4.467647
8612,RPL27,-0.008123806,0.2629197
8613,RPL27A,9.083368,4.1289115
8614,RPL28,8.917498,4.0519705
8615,RPL29,9.491938,4.4825706
8616,RPL3,1.3344826,-0.048284452
8617,RPL30,9.579908,4.410798
8618,RPL32,6.112379,-0.5917006
8619,RPL34,9.256742,4.2703724
8620,RPL35,9.585166,4.4117703
8621,RPL36,7.3370714,3.074141
8622,RPL37A,9.476224,4.475121
8623,RPL38,9.269818,4.2299275
8624,RPL3L,4.251067,3.351547
8625,RPL4,8.971083,3.935107
8626,RPL41,9.311335,4.33707
8627,RPL5,9.145283,4.1718063
8628,RPL7,9.31112,4.383457
8629,RPL7A,0.84928197,-0.8838849
8630,RPL7L1,3.028278,-0.2622544
8631,RPL8,9.5113125,4.493879
8632,RPL9,9.585894,4.4171205
8633,RPLP0,6.2200336,1.9873623
8634,RPLP1,9.512617,4.3560953
8635,RPLP2,5.7827597,2.6289337
8636,RPN1,6.4080453,2.507652
8637,RPN2,7.998481,-0.7052568
8638,RPP14,6.522363,3.7524545
8639,RPP25,1.4399372,3.5318577
8640,RPP25L,1.8332796,2.5789948
8641,RPP30,0.2823543,0.23585021
8642,RPP38,0.09763809,-0.8942872
8643,RPP40,1.1265216,2.1487827
8644,RPRD1A,3.6304572,0.113105066
8645,RPRD1B,0.57676184,4.2226515
8646,RPRD2,1.9812831,3.7796562
8647,RPS11,9.012049,4.106151
8648,RPS12,8.702488,3.272496
8649,RPS13,6.9370556,1.2789099
8650,RPS14,8.97173,4.036772
8651,RPS15,9.4428425,4.4381285
8652,RPS16,9.286083,4.382877
8653,RPS18,7.4614983,2.9597037
8654,RPS19,1.2452337,1.1476469
8655,RPS19BP1,1.2025185,-0.5103337
8656,RPS2,8.796755,3.350516
8657,RPS20,9.585801,4.420189
8658,RPS21,9.034859,3.845912
8659,RPS23,9.256739,4.2624736
8660,RPS24,9.292424,4.274283
8661,RPS25,8.970806,4.1067624
8662,RPS26,8.62816,3.2248394
8663,RPS27A,9.056855,4.124596
8664,RPS28,6.391645,1.0740107
8665,RPS29,8.874042,3.859653
8666,RPS3,9.380639,4.3765326
8667,RPS3A,1.2596937,-0.6312771
8668,RPS5,8.515486,4.08295
8669,RPS6,9.542859,4.4823794
8670,RPS6KA1,5.22346,2.7863135
8671,RPS6KA2,1.9778596,4.063109
8672,RPS6KA3,6.6658173,4.432178
8673,RPS6KA4,2.2360709,3.4905849
8674,RPS6KA5,1.0390533,3.3932686
8675,RPS6KA6,5.9763694,-2.4187427
8676,RPS6KB1,-1.1828952,3.9142728
8677,RPS6KB2,9.549837,4.493882
8678,RPS6KC1,5.078111,-0.5577305
8679,RPS6KL1,1.8258867,2.4312198
8680,RPS7,8.509268,3.9030495
8681,RPS8,9.470562,4.4395204
8682,RPSA,7.955973,3.6084273
8683,RPTOR,4.5628023,2.545849
8684,RPUSD1,4.9453373,1.4506602
8685,RPUSD2,6.0576863,5.899406
8686,RPUSD3,5.8060026,-2.0599003
8687,RPUSD4,3.4048033,0.40034273
8688,RRAD,5.872409,4.1145988
8689,RRAGC,2.9390888,4.2837195
8690,RRAGD,0.004450285,3.4610875
8691,RRAS,5.277309,-1.0144566
8692,RRAS2,6.0298204,3.9672775
8693,RRBP1,8.05213,-0.75121105
8694,RREB1,0.8658136,1.4781861
8695,RRM1,7.4703865,3.045873
8696,RRM2,7.0422363,3.214343
8697,RRM2B,3.6719089,2.7887874
8698,RRN3,-0.49611694,-1.0464076
8699,RRP1,0.51380605,-0.28821677
8700,RRP12,1.3736932,-0.49800298
8701,RRP15,0.66100043,-0.571322
8702,RRP1B,0.016844707,-0.7592772
8703,RRP36,0.6175453,0.116993055
8704,RRP7A,2.468036,3.5098503
8705,RRP8,1.1428678,-0.13771123
8706,RRP9,0.8027415,3.242774
8707,RRS1,0.08852947,-0.9190464
8708,RSAD1,7.0081615,-2.3608122
8709,RSAD2,8.744093,3.7471552
8710,RSBN1,0.8450415,3.2561712
8711,RSBN1L,2.0824795,3.3349063
8712,RSC1A1,0.7574653,3.7203314
8713,RSF1,0.4667721,3.7158277
8714,RSL1D1,-0.51356876,-1.1398349
8715,RSL24D1,0.16748947,0.0897315
8716,RSPH1,3.23937,0.57046556
8717,RSPH14,0.47342482,-1.071398
8718,RSPH3,7.275424,3.1048245
8719,RSPO1,5.349712,-1.0881822
8720,RSRC1,-0.18900195,3.487912
8721,RSRC2,0.8464242,3.2349832
8722,RSRP1,1.0156367,1.5874027
8723,RSU1,4.8860765,-0.6582635
8724,RTBDN,7.919357,-0.4057937
8725,RTCA,1.696544,2.0049472
8726,RTCB,3.6445003,3.4155686
8727,RTEL1,1.7911837,2.9782262
8728,RTF1,1.6945317,3.398026
8729,RTF2,-0.015356054,0.5497828
8730,RTKN,5.91064,-1.8063047
8731,RTKN2,5.662001,-2.4209764
8732,RTL1,7.4362583,1.8161244
8733,RTL3,4.938311,4.3233657
8734,RTL4,2.6212254,3.9645152
8735,RTL5,1.942154,2.5454087
8736,RTL6,3.1322546,3.1870928
8737,RTN1,7.876705,-0.12710609
8738,RTN2,4.566227,-1.014935
8739,RTN3,7.8835063,-0.25087762
8740,RTN4,7.9299498,-0.1956614
8741,RTN4R,9.295487,1.566378
8742,RTN4RL1,5.7813244,3.685115
8743,RTP3,6.163736,-1.5730858
8744,RTP4,1.5130925,0.9093824
8745,RTRAF,1.0069729,4.2004447
8746,RTTN,7.2386994,2.2975125
8747,RUBCN,3.5490086,3.120267
8748,RUBCNL,2.9045465,0.235052
8749,RUFY1,6.02917,2.074943
8750,RUFY2,-1.1799814,3.7341306
8751,RUFY3,6.8042073,1.7275159
8752,RUNDC1,3.930264,3.883472
8753,RUNDC3A,5.599293,0.07181283
8754,RUNDC3B,7.4549932,3.294805
8755,RUNX1,1.3684342,3.7595634
8756,RUNX1T1,0.9064019,4.0509357
8757,RUNX2,1.6883501,3.0612853
8758,RUNX3,1.4650152,3.2449346
8759,RUSC1,7.9415216,3.3452709
8760,RUSF1,4.060626,1.4248594
8761,RUVBL1,5.1902027,3.61684
8762,RUVBL2,5.8197646,4.153201
8763,RWDD2A,3.588435,0.4322332
8764,RWDD4,6.418485,-0.12145805
8765,RXRA,3.3802319,1.4558715
8766,RXRB,1.6239197,1.9810556
8767,RXRG,1.0556481,4.18429
8768,RXYLT1,4.2634625,0.89868706
8769,RYBP,0.723277,4.362468
8770,RYK,5.248405,0.25906786
8771,RYR1,5.0597744,0.36112335
8772,RYR2,2.7290854,1.6883092
8773,RYR3,4.61043,-1.6336775
8774,S100A1,3.5512874,3.6671462
8775,S100A10,6.9598837,-2.915862
8776,S100A11,4.874285,3.5382679
8777,S100A13,5.726784,4.304715
8778,S100A14,7.625465,4.308048
8779,S100A16,7.4654613,3.0573888
8780,S100A2,6.0890217,4.1240005
8781,S100A3,6.6295123,1.707199
8782,S100A4,3.3583174,4.0713177
8783,S100A5,1.7209638,3.1077712
8784,S100A6,7.235717,4.0128784
8785,S100A8,6.011821,2.3079643
8786,S100A9,5.7359343,3.9704006
8787,S100B,4.9244356,2.444438
8788,S100G,6.749462,2.4082668
8789,S100P,2.0669386,1.8487858
8790,S100PBP,1.2502247,3.2419324
8791,S100Z,6.646448,4.42261
8792,S1PR1,2.77273,1.4002137
8793,S1PR2,3.9735858,-0.4206255
8794,S1PR4,7.038121,-2.7841973
8795,SAAL1,1.2599976,3.919967
8796,SAC3D1,7.1917057,3.0456004
8797,SACM1L,3.8866687,2.6386068
8798,SAE1,2.3501642,3.4562452
8799,SAFB,-0.9098521,4.0730534
8800,SAFB2,-1.1682844,3.975098
8801,SAGE1,0.72680426,3.7049952
8802,SALL1,3.7465742,4.2339244
8803,SALL2,4.1514883,-1.3111148
8804,SALL4,1.6554487,1.2682816
8805,SAMD1,7.3745,1.5312859
8806,SAMD10,-0.5712266,3.814063
8807,SAMD11,0.94435745,3.3654397
8808,SAMD12,6.4239135,1.5230528
8809,SAMD13,7.2342935,-3.5850644
8810,SAMD14,0.81029487,4.2698817
8811,SAMD15,-0.1292573,4.218713
8812,SAMD4A,8.088647,0.9046204
8813,SAMD4B,7.794005,2.8673644
8814,SAMD5,4.298585,-1.5187639
8815,SAMD8,7.866976,-0.13343875
8816,SAMD9,5.5986075,2.569827
8817,SAMD9L,6.426392,-0.32130012
8818,SAMHD1,3.477788,4.3203483
8819,SAMM50,7.1404896,-3.293527
8820,SAMSN1,8.080507,2.5997303
8821,SANBR,0.82432765,0.4987675
8822,SAP130,2.5544806,2.7664735
8823,SAP18,1.0502458,2.4878554
8824,SAP25,1.9438936,1.1101424
8825,SAP30,-0.44830045,2.8860817
8826,SAP30BP,-0.45961857,2.8302746
8827,SAP30L,0.1904272,3.3509238
8828,SAPCD1,5.189775,0.0031642837
8829,SAPCD2,5.400921,3.5074046
8830,SAR1A,8.485254,-0.5191274
8831,SARAF,7.970333,-0.15796271
8832,SARDH,6.3695903,-2.2462938
8833,SARM1,5.2307982,-0.71588284
8834,SARS1,8.127976,4.4117703
8835,SART1,-0.28485236,3.0644279
8836,SART3,1.7872976,1.546123
8837,SASH1,3.2385278,4.437707
8838,SASH3,7.399643,3.4316761
8839,SATB1,2.3169155,3.499444
8840,SATB2,0.19185682,3.45329
8841,SATL1,3.3137577,3.7208831
8842,SAV1,7.4467163,2.8063731
8843,SAXO2,2.4687037,2.6606057
8844,SAYSD1,7.1607246,1.1740818
8845,SBDS,6.315799,3.4166946
8846,SBF1,5.1994696,-0.2998962
8847,SBF2,2.382804,3.0355241
8848,SBK3,6.142257,-1.8058586
8849,SBNO1,-1.2663169,4.1113067
8850,SBSN,5.071235,-0.42393795
8851,SBSPON,5.056091,2.1274154
8852,SC5D,-1.2173524,3.6070063
8853,SCAF1,5.357225,4.239177
8854,SCAF11,0.52021015,4.134971
8855,SCAF4,-0.1766695,3.8891137
8856,SCAF8,-1.1263621,3.820005
8857,SCAI,1.7502948,5.300214
8858,SCAMP1,3.026498,1.1656489
8859,SCAMP2,5.417502,0.56607616
8860,SCAMP3,6.4106402,0.02157499
8861,SCAMP4,5.4721785,1.4297589
8862,SCAND1,-0.58064324,2.7555838
8863,SCAPER,3.9992983,4.1496997
8864,SCARA3,7.776415,-0.47825307
8865,SCARB1,5.030609,-0.22237924
8866,SCARB2,6.1507945,1.4670612
8867,SCARF1,4.3286405,1.6361877
8868,SCARF2,3.5964155,3.289978
8869,SCCPDH,6.831861,-1.9065301
8870,SCD,8.455122,-0.5084868
8871,SCEL,8.389398,1.8807285
8872,SCFD2,1.4582293,1.3775475
8873,SCG2,5.1704874,-0.23298343
8874,SCG3,4.5794744,-0.4940971
8875,SCGB2A1,4.815462,1.1299305
8876,SCGN,6.193472,2.5951204
8877,SCHIP1,4.1021914,2.7429552
8878,SCIN,7.4102774,3.8034983
8879,SCLT1,5.691508,2.0016074
8880,SCLY,5.353556,-0.14909421
8881,SCMH1,1.5058855,2.7258916
8882,SCML1,0.39836702,2.371994
8883,SCML2,5.8194118,3.015951
8884,SCML4,2.1046429,3.9557695
8885,SCN1A,3.0766184,2.4931362
8886,SCN3B,5.725947,0.91713905
8887,SCN4A,4.7558203,0.8743997
8888,SCN5A,0.78746754,-0.27555624
8889,SCN7A,4.294774,3.9115837
8890,SCN8A,8.198076,1.413151
8891,SCN9A,4.99257,-0.7851032
8892,SCNM1,1.0770683,3.767684
8893,SCNN1D,9.312004,1.7050637
8894,SCNN1G,6.916611,4.283739
8895,SCO2,6.094984,-0.9504926
8896,SCOC,2.4107754,2.4340706
8897,SCP2,5.169063,-1.072496
8898,SCPEP1,4.184826,-0.1441146
8899,SCRIB,8.792721,2.1792412
8900,SCRN1,7.514154,3.1761775
8901,SCRN2,0.89796245,3.8078625
8902,SCRN3,5.974502,1.3841656
8903,SCRT1,2.401151,1.3307563
8904,SCRT2,0.5823939,4.0591016
8905,SCUBE3,6.5719237,0.60872084
8906,SCYL1,6.768409,2.1709478
8907,SCYL3,6.0239964,0.7277794
8908,SDAD1,0.18870613,-0.4910137
8909,SDC1,8.086587,1.9785707
8910,SDC2,7.622142,3.9123554
8911,SDC3,6.5427756,-2.95557
8912,SDC4,6.8836684,1.9033687
8913,SDCBP,4.0349455,3.923053
8914,SDCBP2,1.5665572,1.0560478
8915,SDCCAG8,5.0730376,2.0952883
8916,SDE2,5.549343,4.1816044
8917,SDF2,5.262364,-0.23362446
8918,SDF4,3.7987258,-0.7948858
8919,SDHA,7.014676,-2.7782173
8920,SDHAF1,6.062333,-1.3246578
8921,SDHAF2,7.1155896,1.236603
8922,SDHAF3,7.1992984,-3.4034157
8923,SDHAF4,6.152622,-2.281438
8924,SDHB,5.962218,1.4654126
8925,SDK1,5.9148655,3.598411
8926,SDR39U1,4.810338,2.1152897
8927,SDS,6.7676234,2.5598392
8928,SDSL,7.2868533,2.972142
8929,SEC13,1.2363511,4.041931
8930,SEC14L1,3.6924686,3.3347168
8931,SEC14L2,2.860736,1.8512704
8932,SEC14L4,5.449277,-0.29495963
8933,SEC14L5,7.061007,2.5492747
8934,SEC14L6,-1.2530115,3.696426
8935,SEC16A,7.9444847,3.1299386
8936,SEC16B,6.9209037,3.963625
8937,SEC22A,5.2534814,3.1314564
8938,SEC22C,3.3719335,1.046239
8939,SEC23A,4.322348,0.8685011
8940,SEC23B,5.3973794,1.3678677
8941,SEC23IP,5.6724167,0.028723367
8942,SEC24A,5.216731,0.35292318
8943,SEC24B,4.7182593,-0.96076703
8944,SEC24C,4.859367,-0.30389407
8945,SEC24D,5.101297,2.1006541
8946,SEC31A,5.919038,2.6434653
8947,SEC31B,4.6856194,2.8275955
8948,SEC61A1,8.344666,-0.40301633
8949,SEC61B,8.612378,-0.6633213
8950,SEC62,8.564412,-0.736207
8951,SEC63,8.453212,-0.5286599
8952,SECISBP2,2.5918255,1.8533355
8953,SECISBP2L,0.71117216,4.323231
8954,SEL1L3,6.5907617,-1.921431
8955,SELENBP1,0.64265937,-0.8854915
8956,SELENOH,0.25360754,0.8814661
8957,SELENOK,2.9832938,3.192338
8958,SELENOM,4.0472383,3.4004085
8959,SELENON,8.144468,2.9348397
8960,SELENOO,6.1618056,-1.6981714
8961,SELENOP,1.9705663,4.6499
8962,SELENOS,8.060304,-0.39913452
8963,SELL,7.2163897,2.158201
8964,SELPLG,4.2147107,0.88359016
8965,SEM1,2.4962535,1.2919035
8966,SEMA3A,3.721677,-0.17554481
8967,SEMA3C,4.682354,1.5819193
8968,SEMA3D,5.1377363,0.06938964
8969,SEMA3E,3.268686,1.8573893
8970,SEMA4B,3.2101316,0.94668186
8971,SEMA4G,5.649707,-0.020207101
8972,SEMA5B,8.2321205,3.6668324
8973,SEMA6A,2.3034945,1.8168774
8974,SEMA6D,5.924623,2.436133
8975,SEMA7A,2.8134072,0.3241263
8976,SENP1,2.5475042,3.462203
8977,SENP2,9.231301,4.090326
8978,SENP3,0.1383418,0.08838334
8979,SENP6,1.4335383,2.0060997
8980,SENP7,3.0881653,4.1743903
8981,SENP8,2.5941124,1.8751179
8982,SEPHS1,1.2401204,4.127757
8983,SEPHS2,0.9504272,4.179179
8984,SEPSECS,5.463519,0.10249881
8985,SEPTIN1,9.004005,1.3886821
8986,SEPTIN10,9.180267,1.6157892
8987,SEPTIN12,6.2862997,6.318355
8988,SEPTIN2,8.705504,1.6727765
8989,SEPTIN3,4.3641076,3.4119375
8990,SEPTIN4,-0.60205203,2.7572443
8991,SEPTIN5,4.0887384,3.5102706
8992,SEPTIN7,8.855373,1.7488354
8993,SEPTIN8,5.523632,2.3429887
8994,SEPTIN9,9.234186,1.6131953
8995,SERBP1,9.530977,4.4971814
8996,SERF2,1.4054024,1.6353828
8997,SERGEF,2.7515728,2.177669
8998,SERINC1,8.577156,3.4151664
8999,SERINC2,5.0336857,4.127067
9000,SERINC5,7.157914,1.8510481
9001,SERPINA1,3.9859643,-0.2963442
9002,SERPINA10,3.8745508,2.469865
9003,SERPINA4,5.8013186,1.0917011
9004,SERPINB1,6.741636,0.45934653
9005,SERPINB10,2.9863236,1.2232023
9006,SERPINB13,2.7909744,3.9298813
9007,SERPINB3,6.6458197,1.640823
9008,SERPINB5,5.387248,-0.56109846
9009,SERPINB6,5.407585,1.915196
9010,SERPINB7,6.9602885,1.5837429
9011,SERPINB8,3.8143647,2.9642453
9012,SERPINB9,3.263146,3.6628966
9013,SERPIND1,3.8906295,1.785528
9014,SERPINE2,3.7868865,-0.32040566
9015,SERPINF2,4.464283,1.1385123
9016,SERPINH1,8.361671,-0.6582508
9017,SERPINI1,6.742617,2.1164982
9018,SERTAD1,3.0262659,4.2390614
9019,SERTAD2,3.712717,4.2396894
9020,SERTAD3,-0.59776306,-1.1776582
9021,SERTAD4,2.4266522,3.8550797
9022,SERTM1,4.3427186,-1.4668229
9023,SESN1,0.7126951,0.8477881
9024,SESN2,5.588005,3.0307894
9025,SESN3,3.8384616,3.521239
9026,SESTD1,7.158735,0.32511193
9027,SETBP1,0.91361135,2.503409
9028,SETD1A,1.1467443,2.6882954
9029,SETD1B,1.8341668,2.8324585
9030,SETD2,3.8760571,4.2386417
9031,SETD3,7.1195045,-1.9722773
9032,SETD4,-0.8795898,3.0317605
9033,SETD5,0.23442487,3.9151917
9034,SETD6,2.147794,2.4309757
9035,SETD7,0.28908804,-0.88839185
9036,SETD9,0.365288,2.976713
9037,SETDB1,0.84310687,2.489155
9038,SETDB2,1.8697917,2.023999
9039,SETMAR,0.03484074,-1.069757
9040,SETX,2.8204367,0.35119578
9041,SEZ6L,5.2377486,0.017582344
9042,SF1,0.45372492,3.2325995
9043,SF3A1,-1.2585791,3.4940698
9044,SF3A2,-1.2358565,3.550174
9045,SF3A3,-0.31527764,3.775301
9046,SF3B1,-0.9870779,3.1273499
9047,SF3B2,-1.2343466,3.5412817
9048,SF3B3,0.31754193,0.06169406
9049,SF3B4,-0.9120765,3.4746935
9050,SF3B5,-0.5063317,3.0098479
9051,SF3B6,-0.6723865,3.3355012
9052,SFMBT1,1.4506615,4.07989
9053,SFMBT2,3.057116,0.95676184
9054,SFN,6.626756,2.1105833
9055,SFPQ,-1.5708195,4.37698
9056,SFR1,0.13229911,-0.58452123
9057,SFRP2,7.0900645,0.3107359
9058,SFSWAP,4.554115,4.128508
9059,SFT2D1,1.383704,2.6257362
9060,SFXN1,7.1986055,-2.4794195
9061,SFXN2,5.881744,-1.7336836
9062,SFXN3,6.751425,-2.5406983
9063,SFXN4,6.1095247,-1.906984
9064,SFXN5,5.8217244,-2.6903718
9065,SGCB,6.0846562,-0.73239046
9066,SGCE,2.1226373,3.7514489
9067,SGF29,0.18990314,-0.85561985
9068,SGIP1,6.6863766,-2.085064
9069,SGK1,2.2056615,2.3504827
9070,SGK2,1.5609466,2.2506797
9071,SGMS1,3.0473368,4.278126
9072,SGMS2,4.0056815,0.97906476
9073,SGO1,1.6764638,3.257332
9074,SGO2,0.7288682,2.6608846
9075,SGPL1,8.245292,-0.41319656
9076,SGPP1,1.4776524,2.035216
9077,SGSM2,3.5355487,3.8807583
9078,SGSM3,4.8708653,-0.47902527
9079,SGTA,-1.1948181,3.9185052
9080,SGTB,1.6537483,1.1125468
9081,SH2B1,4.4688287,1.787899
9082,SH2B2,6.2907376,0.82268405
9083,SH2B3,2.7439573,2.5988278
9084,SH2D1A,9.064583,4.1422877
9085,SH2D3A,6.296462,6.411941
9086,SH2D3C,6.757157,2.822994
9087,SH2D4A,6.0326085,2.7649384
9088,SH2D5,6.90755,2.816714
9089,SH2D7,0.16902032,-0.6115524
9090,SH3BGR,7.5319524,4.0543613
9091,SH3BGRL,5.0049944,0.56434107
9092,SH3BGRL2,-0.7551649,3.8834655
9093,SH3BGRL3,1.0462614,0.9559214
9094,SH3BP2,4.3188562,0.102642454
9095,SH3BP5,2.7671878,1.9506613
9096,SH3BP5L,3.0918179,2.10209
9097,SH3D19,3.5541103,2.6497512
9098,SH3D21,5.1246843,4.033795
9099,SH3GL1,8.114589,3.9506435
9100,SH3GL2,6.297743,5.8727036
9101,SH3GL3,6.6848726,0.7288767
9102,SH3GLB1,7.8311787,3.4310617
9103,SH3GLB2,6.02891,3.5762448
9104,SH3KBP1,7.934856,3.2992356
9105,SH3PXD2B,7.090023,3.789294
9106,SH3RF1,5.381435,-0.72411984
9107,SH3RF2,2.5365214,2.6369514
9108,SH3RF3,1.0095855,2.117427
9109,SH3TC1,-0.3070525,-0.75251645
9110,SH3TC2,3.0100253,1.4345853
9111,SH3YL1,0.5136226,2.3297448
9112,SHANK1,8.456661,1.8892777
9113,SHANK2,1.0727754,2.6935651
9114,SHANK3,8.338914,1.2816077
9115,SHARPIN,7.7059436,3.5599146
9116,SHB,6.4724846,3.1680908
9117,SHC1,6.326271,2.098205
9118,SHC2,5.2214556,3.0027795
9119,SHC3,2.9713452,3.1881769
9120,SHC4,6.8074884,0.72827667
9121,SHCBP1,6.1203074,5.5326433
9122,SHD,6.4820275,2.3654227
9123,SHE,2.7201874,4.1659317
9124,SHF,1.897578,0.95091516
9125,SHFL,2.909702,2.3845026
9126,SHISA2,1.3542863,3.0303288
9127,SHISA3,8.580652,4.096815
9128,SHISA6,3.9805672,4.146255
9129,SHISA7,7.655407,2.491449
9130,SHISA9,8.335631,3.1213562
9131,SHISAL1,4.255266,-0.45723867
9132,SHKBP1,2.9802854,1.8441312
9133,SHLD1,7.9859633,-0.7186523
9134,SHLD2,4.264592,3.2770808
9135,SHLD3,0.56247175,4.193563
9136,SHMT1,5.5838127,3.2697086
9137,SHMT2,6.3638787,6.2002254
9138,SHOC1,0.6593243,3.1781743
9139,SHOC2,3.2609797,3.639664
9140,SHOX,1.1979363,4.074183
9141,SHPK,1.8870459,2.6334088
9142,SHPRH,2.2902946,5.31665
9143,SHQ1,1.2577477,2.1824353
9144,SHROOM1,4.460762,1.8733757
9145,SHROOM2,6.700278,3.300863
9146,SHROOM4,5.2742085,-0.16801162
9147,SHTN1,7.6081448,3.2778378
9148,SIAH1,6.313521,-2.405258
9149,SIAH2,1.687012,1.6782727
9150,SIAH3,6.2475495,-2.7597718
9151,SIGIRR,4.702163,2.580612
9152,SIGLEC10,6.981218,2.6160393
9153,SIGLEC11,3.916716,0.5670909
9154,SIGLEC14,5.098649,0.9126019
9155,SIGLEC15,3.7321386,-0.39829007
9156,SIGLEC6,5.8335676,3.0216331
9157,SIGLEC7,6.9706783,1.6599872
9158,SIGLEC8,9.092012,4.130006
9159,SIK1,2.077115,2.5689342
9160,SIK2,3.5773356,3.596932
9161,SIKE1,9.200129,1.6014993
9162,SIM1,5.3275795,1.6369711
9163,SIM2,-0.7091609,4.0413547
9164,SIMC1,2.1331937,1.0987043
9165,SIN3A,-1.1763369,3.5865076
9166,SIN3B,4.831362,3.8727427
9167,SINHCAF,3.5145357,2.892881
9168,SIPA1,1.4208347,-0.29649863
9169,SIPA1L1,8.475282,1.6117092
9170,SIPA1L2,1.685434,5.4450903
9171,SIPA1L3,4.684554,4.0376134
9172,SIRPB1,4.788635,-0.52095467
9173,SIRPB2,2.516275,0.8778778
9174,SIRT1,-0.25500855,3.8151836
9175,SIRT2,1.2532035,-0.4235885
9176,SIRT5,6.299317,-1.6684438
9177,SIRT6,1.3747399,3.0032303
9178,SIRT7,0.06931237,1.7125549
9179,SIVA1,2.2649806,1.2544518
9180,SIX1,2.391806,2.9209535
9181,SIX2,1.89185,5.6273746
9182,SIX3,2.1658006,1.8138279
9183,SIX4,0.747522,3.4140882
9184,SIX5,4.707752,1.1622251
9185,SIX6,0.45367086,3.5579288
9186,SKA1,6.4412203,6.6396623
9187,SKA3,6.2011676,1.7706175
9188,SKAP1,4.3385363,3.6848722
9189,SKAP2,3.388715,3.9429052
9190,SKI,-0.5883813,3.1304412
9191,SKIC2,3.2749279,2.8211012
9192,SKIC3,2.268744,4.2559566
9193,SKIC8,4.042862,3.8561664
9194,SKIDA1,3.7442608,2.4971166
9195,SKIL,1.1720656,1.6816134
9196,SKP2,2.5073562,2.698475
9197,SLA,2.0198464,5.4420953
9198,SLA2,2.946668,2.1659057
9199,SLAIN2,7.013378,3.2216828
9200,SLAMF6,6.8209,2.791724
9201,SLAMF7,4.9665823,-0.9648562
9202,SLBP,0.026669336,0.27355078
9203,SLC10A3,5.741631,1.4235412
9204,SLC10A5,8.924712,2.055797
9205,SLC11A1,6.7930436,-1.9724028
9206,SLC11A2,6.228817,-2.828053
9207,SLC12A1,3.2635858,2.0761838
9208,SLC12A2,6.6142726,0.72239923
9209,SLC12A4,5.810736,1.5847781
9210,SLC12A6,7.305388,1.7403104
9211,SLC12A7,9.5838,4.5265245
9212,SLC12A8,0.3130134,3.3408904
9213,SLC13A3,4.8725934,0.10016532
9214,SLC13A5,3.424104,1.366744
9215,SLC14A1,8.987942,1.5290564
9216,SLC15A1,2.6290228,2.5880618
9217,SLC15A3,5.1339297,-0.7092729
9218,SLC16A1,9.066233,2.065614
9219,SLC16A10,6.7811384,0.657756
9220,SLC16A13,6.4727683,2.031116
9221,SLC16A14,8.376103,-0.40165862
9222,SLC16A2,8.434343,1.7472755
9223,SLC16A3,9.144651,1.9717976
9224,SLC16A4,6.2791085,5.733161
9225,SLC16A6,5.47806,0.5820481
9226,SLC16A7,6.181389,3.5618095
9227,SLC16A8,8.062791,0.77906406
9228,SLC16A9,2.1031764,1.2132298
9229,SLC17A1,4.2446413,0.6223395
9230,SLC17A5,7.2293887,3.326196
9231,SLC17A8,8.431368,-0.7424173
9232,SLC17A9,1.1493032,1.3049314
9233,SLC18A2,5.4189878,-0.28104192
9234,SLC18B1,6.199438,2.069533
9235,SLC19A1,8.488759,1.6059264
9236,SLC19A2,6.3446007,2.2534187
9237,SLC19A3,3.7522795,3.6925786
9238,SLC1A3,6.0473595,-1.7747006
9239,SLC1A4,5.078252,0.33296484
9240,SLC1A5,9.130897,2.0798566
9241,SLC1A6,7.4125147,3.3667345
9242,SLC20A1,7.5845437,3.7881703
9243,SLC22A16,3.3718333,0.7794793
9244,SLC22A23,5.222363,3.2314596
9245,SLC22A3,6.3285866,1.3368225
9246,SLC22A4,6.196221,-1.0053247
9247,SLC22A5,6.188351,-2.0207596
9248,SLC23A2,6.094759,0.034514673
9249,SLC23A3,1.9619668,1.673749
9250,SLC24A1,6.456399,6.6155114
9251,SLC24A2,6.6612883,3.8646677
9252,SLC24A3,5.3099837,0.5294074
9253,SLC24A4,6.6026464,3.497905
9254,SLC25A12,-0.2759384,1.6969744
9255,SLC25A13,7.2163115,-2.5401714
9256,SLC25A14,6.385078,-2.7056448
9257,SLC25A16,6.2653193,-1.2426461
9258,SLC25A17,4.873682,-1.086678
9259,SLC25A18,5.8668456,-2.411607
9260,SLC25A19,6.245683,-1.5801516
9261,SLC25A20,6.8946104,-1.4334092
9262,SLC25A22,6.252535,-2.215841
9263,SLC25A23,6.289134,0.7117728
9264,SLC25A24,6.916178,-2.383889
9265,SLC25A25,6.4850597,-1.0183529
9266,SLC25A26,6.2465577,-2.5736756
9267,SLC25A27,6.586768,-1.8681049
9268,SLC25A3,2.2827013,1.3737692
9269,SLC25A30,0.4455578,2.6493433
9270,SLC25A31,7.099258,-2.3280249
9271,SLC25A34,6.5998144,-2.1062295
9272,SLC25A35,4.2272677,1.0219882
9273,SLC25A36,6.384292,-0.86974746
9274,SLC25A37,6.042324,1.366115
9275,SLC25A42,6.138869,-2.5553534
9276,SLC25A43,5.3935046,0.1424402
9277,SLC25A44,6.1511803,-2.2292335
9278,SLC25A45,7.151418,2.0160394
9279,SLC25A46,7.104654,-2.7724252
9280,SLC25A48,8.751324,0.77723956
9281,SLC26A1,6.4333644,6.6236663
9282,SLC26A11,5.205434,0.8694524
9283,SLC26A2,4.2722735,-0.43520752
9284,SLC26A6,8.304687,3.7016213
9285,SLC26A9,8.100538,0.72336036
9286,SLC27A1,7.430924,1.3940241
9287,SLC27A3,8.183423,-0.25069457
9288,SLC27A4,6.29336,2.0916855
9289,SLC27A6,1.1431035,1.7225857
9290,SLC28A1,5.0199285,3.5274217
9291,SLC28A2,4.4626527,-0.37623212
9292,SLC29A3,5.2635837,0.1306371
9293,SLC29A4,6.4903603,6.4653745
9294,SLC2A1,9.045008,1.5585475
9295,SLC2A10,6.487675,-1.4874202
9296,SLC2A11,8.112416,0.8176607
9297,SLC2A12,8.466955,1.4953005
9298,SLC2A13,1.9445118,5.3295226
9299,SLC2A2,8.340984,1.1475221
9300,SLC2A4RG,-0.21344024,1.7623456
9301,SLC2A5,7.345535,2.2664506
9302,SLC2A8,5.2639565,-0.18026002
9303,SLC30A1,8.941471,1.9002059
9304,SLC30A2,6.253991,1.450741
9305,SLC30A3,2.8874114,2.4468052
9306,SLC30A5,2.1427197,1.3137906
9307,SLC30A6,3.9040086,-0.27002198
9308,SLC30A7,4.451195,0.7949952
9309,SLC30A8,6.15719,-0.91787916
9310,SLC31A2,7.5395865,2.465516
9311,SLC32A1,5.0611362,2.1889467
9312,SLC33A1,7.694982,2.1792529
9313,SLC34A1,4.2888336,3.2584448
9314,SLC34A2,3.4714558,3.4321067
9315,SLC35A2,3.933299,-0.046087872
9316,SLC35A4,1.8483274,1.7619573
9317,SLC35A5,4.837821,-0.04394978
9318,SLC35B1,6.3818793,3.892853
9319,SLC35B2,6.334682,0.40915543
9320,SLC35C1,4.8182664,-0.059420988
9321,SLC35C2,4.0417285,0.5157203
9322,SLC35D2,4.6352267,-0.40104187
9323,SLC35D3,5.5824976,-0.23058018
9324,SLC35E1,4.033131,-0.4812129
9325,SLC35E2B,0.53520685,1.7323449
9326,SLC35E4,5.873361,-0.5288623
9327,SLC35F1,2.6528862,1.9201341
9328,SLC35F2,5.4197206,-0.044221874
9329,SLC35F3,4.4008145,0.80300826
9330,SLC35F5,8.619004,2.0345955
9331,SLC35F6,3.9236002,1.1448504
9332,SLC35G2,6.8562083,1.3801826
9333,SLC36A4,7.4200573,2.4735312
9334,SLC37A4,7.213347,-3.2549813
9335,SLC38A10,4.244689,0.4153982
9336,SLC38A2,6.100559,3.689653
9337,SLC38A3,6.312486,5.6653423
9338,SLC38A5,4.0367036,0.12365626
9339,SLC38A6,6.24189,5.719764
9340,SLC38A7,5.227965,3.8864844
9341,SLC38A9,5.809155,-0.7985305
9342,SLC39A10,3.3937945,3.3556712
9343,SLC39A11,1.4192437,1.3596991
9344,SLC39A14,8.111225,-0.1813448
9345,SLC39A2,8.146171,2.810435
9346,SLC39A3,7.0481434,-2.0419793
9347,SLC39A5,3.9087148,-0.9954861
9348,SLC39A6,4.903447,3.636164
9349,SLC39A7,8.591514,-0.6128358
9350,SLC39A9,8.323119,-0.81145537
9351,SLC3A1,3.9463272,0.5987881
9352,SLC3A2,3.698482,2.5566788
9353,SLC40A1,6.4788775,2.451397
9354,SLC41A1,6.210569,-2.427364
9355,SLC41A3,7.956375,4.072863
9356,SLC43A1,6.4093785,1.312003
9357,SLC43A3,4.856531,2.9236834
9358,SLC44A1,6.063658,-2.3984425
9359,SLC44A2,8.629737,1.191485
9360,SLC44A5,5.306772,-0.3081115
9361,SLC45A3,7.300194,1.141173
9362,SLC45A4,8.445863,2.551325
9363,SLC46A1,8.392917,4.545055
9364,SLC46A3,7.3214116,4.098984
9365,SLC48A1,5.1982822,0.05699924
9366,SLC49A4,6.647318,-1.0045599
9367,SLC4A11,2.5596468,1.7145754
9368,SLC4A1AP,0.30567575,3.2036386
9369,SLC4A2,5.6475654,4.078786
9370,SLC4A3,-1.220152,3.83431
9371,SLC4A7,7.0735545,2.531235
9372,SLC4A8,4.902539,3.3685946
9373,SLC4A9,6.646926,4.3346376
9374,SLC51B,6.234021,-2.692343
9375,SLC5A1,2.9271958,5.0032296
9376,SLC5A11,0.9408823,1.7284198
9377,SLC5A12,3.4649847,2.860335
9378,SLC5A3,8.106076,3.0594828
9379,SLC5A6,8.716013,1.3086578
9380,SLC5A7,8.057022,1.1981096
9381,SLC5A9,8.60149,1.3388606
9382,SLC66A1,5.0728,-0.6138816
9383,SLC66A2,1.0069709,3.4484172
9384,SLC66A3,6.520787,0.30377328
9385,SLC6A11,2.0878637,0.76449835
9386,SLC6A12,5.643164,0.5912258
9387,SLC6A13,6.0117936,-1.7646271
9388,SLC6A14,5.524176,-1.1614541
9389,SLC6A15,0.47715425,-0.9300166
9390,SLC6A16,4.3817296,0.13887939
9391,SLC6A17,6.996899,-2.7787077
9392,SLC6A2,7.6239996,1.9134555
9393,SLC6A3,5.6727757,1.3831232
9394,SLC6A4,5.6655383,0.040840037
9395,SLC6A6,7.639042,1.7473696
9396,SLC6A7,7.100005,1.4019731
9397,SLC6A9,3.932927,0.85413575
9398,SLC7A10,0.99046093,-0.36106396
9399,SLC7A11,4.7896338,-0.6937325
9400,SLC7A14,5.5449915,3.1795495
9401,SLC7A2,8.3935995,1.3470902
9402,SLC7A4,3.1906774,1.8546755
9403,SLC7A5,8.169357,4.4217567
9404,SLC7A6,6.0037084,2.719247
9405,SLC7A6OS,1.2990062,3.74491
9406,SLC8A1,5.4627814,3.9939091
9407,SLC9A1,5.895971,3.8000786
9408,SLC9A2,8.584508,1.7212865
9409,SLC9A3,7.7543054,2.5624022
9410,SLC9A3R1,8.170332,2.3501093
9411,SLC9A3R2,8.535415,2.0401173
9412,SLC9A4,4.2841496,2.8825445
9413,SLC9A5,7.1661305,1.9105563
9414,SLC9A6,4.693767,0.48901102
9415,SLC9A7,6.8459435,0.5147076
9416,SLC9B1,5.0409284,-0.39588672
9417,SLC9B2,3.8060951,2.9415066
9418,SLC9C2,8.25472,3.5900688
9419,SLCO1A2,8.943524,1.6763259
9420,SLCO1B1,4.0503874,2.3105497
9421,SLCO1B3,7.5348973,2.3565743
9422,SLCO4A1,3.5252254,2.0403688
9423,SLCO4C1,1.2022319,4.1451454
9424,SLCO5A1,6.4484067,2.2140617
9425,SLF1,1.0689763,1.7321781
9426,SLF2,3.5226445,1.0379422
9427,SLFN11,1.5240074,3.193881
9428,SLFN13,3.3449035,0.2557464
9429,SLFN5,1.8945074,2.5224624
9430,SLFNL1,9.016842,4.079419
9431,SLIRP,6.3235393,-2.5420415
9432,SLIT1,8.086378,1.4265457
9433,SLIT3,8.303075,1.5580934
9434,SLITRK3,7.0834265,-2.6381464
9435,SLITRK5,4.870688,0.28658238
9436,SLITRK6,8.947789,1.6297992
9437,SLK,6.5077653,1.8824002
9438,SLMAP,7.8918266,-0.2270111
9439,SLN,6.4688973,6.590306
9440,SLPI,5.012672,0.51321805
9441,SLTM,-1.1479176,3.8349378
9442,SLU7,1.1573161,2.6928487
9443,SLX4,3.5024016,2.3614056
9444,SLX4IP,5.7295527,1.1915029
9445,SLX9,-0.0019667288,-0.31586975
9446,SMAD1,4.676765,4.058443
9447,SMAD2,1.3666149,-0.16893056
9448,SMAD3,3.3878973,3.5176232
9449,SMAD4,3.7509975,3.8207283
9450,SMAD5,1.6687862,3.5890028
9451,SMAD6,1.0654663,3.8858662
9452,SMAD7,2.1756659,2.7532196
9453,SMAD9,4.464293,3.7084036
9454,SMAGP,7.651687,2.272193
9455,SMAP1,8.060415,3.8988285
9456,SMAP2,8.076632,-0.52488357
9457,SMARCA1,-0.5210532,4.0153503
9458,SMARCA2,0.56567115,4.334039
9459,SMARCA4,-0.016725224,0.3487563
9460,SMARCA5,-0.8398117,4.338983
9461,SMARCAD1,-0.8932541,4.343608
9462,SMARCAL1,0.32000485,3.4709806
9463,SMARCB1,0.017245302,3.1589952
9464,SMARCC1,-1.0952635,4.0861993
9465,SMARCC2,-1.1774135,4.0148196
9466,SMARCD1,0.6800903,3.3539891
9467,SMARCD2,1.4409826,2.026958
9468,SMARCD3,1.0200838,2.3633482
9469,SMARCE1,0.4152116,4.522908
9470,SMC1A,1.9559218,1.7464455
9471,SMC1B,3.13606,2.851697
9472,SMC2,0.24696992,3.9557416
9473,SMC3,0.6054251,3.516484
9474,SMC4,3.3943934,3.4324563
9475,SMC5,-0.9396706,1.8392314
9476,SMC6,1.7096922,2.8593652
9477,SMCHD1,3.2103055,4.1359024
9478,SMCO1,6.110654,-1.6035651
9479,SMCO3,8.531125,1.619443
9480,SMCR8,1.4921767,4.132687
9481,SMDT1,5.896214,-2.6998942
9482,SMG1,1.3757464,3.2567194
9483,SMG5,4.7662773,-0.67316306
9484,SMG6,1.1300794,-0.51404774
9485,SMG7,8.192169,3.402723
9486,SMG8,2.579078,3.1488578
9487,SMG9,6.907858,-1.9793167
9488,SMIM11,5.7180066,-0.4420632
9489,SMIM12,6.9889536,-3.1786559
9490,SMIM13,2.044507,5.2127595
9491,SMIM17,5.2237473,-0.20650041
9492,SMIM18,1.6520826,1.9419516
9493,SMIM19,-0.0049098097,2.6381984
9494,SMIM2,1.3553234,1.1695867
9495,SMIM20,3.5190578,3.0576434
9496,SMIM22,3.8736753,2.7052002
9497,SMIM24,2.2656019,1.8259914
9498,SMIM26,2.2887683,3.8992364
9499,SMIM3,5.3734365,0.14942181
9500,SMIM4,5.9227295,-2.4105167
9501,SMIM5,5.386176,-1.0979427
9502,SMIM6,-0.76584876,2.537633
9503,SMIM7,4.2079935,0.5996821
9504,SMIM8,8.416756,0.7697639
9505,SMKR1,0.19269396,-1.069773
9506,SMN1,8.727298,3.4427276
9507,SMNDC1,0.8354331,3.5611598
9508,SMOC1,2.7502847,3.5199108
9509,SMOX,1.6577418,5.1259303
9510,SMPD2,7.6675415,2.0911345
9511,SMPD3,8.420208,3.5840392
9512,SMPD4,1.9681717,5.475857
9513,SMPDL3A,5.6403685,-2.240764
9514,SMPDL3B,5.2203913,1.4054726
9515,SMPX,8.008654,2.8096626
9516,SMS,2.8317575,0.903744
9517,SMTN,-0.17291217,3.8370428
9518,SMTNL2,-0.53894174,2.8903816
9519,SMU1,6.1713862,0.7948784
9520,SMUG1,0.97800773,-0.038382895
9521,SMURF1,3.1053631,1.0236686
9522,SMURF2,-0.31445825,2.0573359
9523,SMYD2,6.554155,1.7868651
9524,SMYD3,3.461974,2.8153868
9525,SMYD4,5.0668554,1.1601923
9526,SMYD5,6.983317,-1.3573794
9527,SNAI1,0.5478342,4.191506
9528,SNAI2,-0.19459896,2.680851
9529,SNAI3,2.0128133,1.9518374
9530,SNAP23,7.202633,3.0277557
9531,SNAP25,7.6794996,3.3045125
9532,SNAP29,6.971368,1.8354225
9533,SNAP47,6.9064956,2.1666465
9534,SNAP91,7.908785,2.8258877
9535,SNAPC1,0.6481174,-0.13382143
9536,SNAPC2,3.1303596,1.9189959
9537,SNAPC3,1.8856333,1.1443619
9538,SNAPC4,0.61587495,2.5270088
9539,SNAPC5,1.2574346,3.8755949
9540,SNAPIN,5.316291,0.57371765
9541,SNCAIP,3.5698862,1.6273898
9542,SNCG,5.1689234,0.79489166
9543,SND1,8.015359,2.9706843
9544,SNF8,5.4860673,2.9364758
9545,SNIP1,3.211901,3.4082768
9546,SNN,6.0581594,0.5037888
9547,SNORC,-0.014931421,3.5261376
9548,SNPH,6.7279673,-0.9696567
9549,SNRK,2.5347388,2.450681
9550,SNRNP200,-0.8117349,4.030827
9551,SNRNP25,2.856577,3.900799
9552,SNRNP27,2.8251562,4.1758513
9553,SNRNP35,-0.1777358,-0.9381281
9554,SNRNP40,0.8789027,2.4338543
9555,SNRNP48,4.050506,4.3209357
9556,SNRNP70,2.5708132,2.214293
9557,SNRPA,-1.0685068,3.5370257
9558,SNRPA1,1.6439458,1.852304
9559,SNRPB,-0.63504434,3.026272
9560,SNRPB2,-0.95645183,3.3909767
9561,SNRPC,-1.0394336,3.6714253
9562,SNRPD2,8.046126,3.7027268
9563,SNRPD3,3.9649882,3.4596453
9564,SNRPG,2.171741,0.77054507
9565,SNTB2,7.5865126,2.0032134
9566,SNTG2,5.918708,3.6337628
9567,SNUPN,5.2333145,4.2220206
9568,SNURF,-0.5545317,1.7330707
9569,SNW1,0.45376927,3.7480278
9570,SNX1,5.104428,-0.45775113
9571,SNX10,6.0316854,5.7929807
9572,SNX11,7.5712104,3.4339492
9573,SNX14,6.8445272,1.2574424
9574,SNX15,1.2002707,-0.76132065
9575,SNX16,6.9717607,2.025811
9576,SNX17,5.1096754,0.5260349
9577,SNX18,5.703693,2.6629145
9578,SNX19,6.8831773,-2.3672829
9579,SNX2,5.3739667,0.061957236
9580,SNX20,0.40711084,3.3943622
9581,SNX21,6.6937466,0.51708263
9582,SNX22,5.0163026,3.4966207
9583,SNX24,4.892538,-0.16663398
9584,SNX25,6.7774773,-1.004182
9585,SNX27,5.4393673,-0.18205161
9586,SNX29,5.310648,0.21790834
9587,SNX30,2.474762,1.8891263
9588,SNX31,3.9663393,2.3215246
9589,SNX32,7.650067,1.8166412
9590,SNX5,6.1275864,0.9718543
9591,SNX6,4.188909,-0.67853165
9592,SNX7,4.2966166,0.19426312
9593,SNX8,4.7641077,0.76997864
9594,SNX9,8.013607,3.756413
9595,SOAT1,8.59393,-0.66858935
9596,SOBP,1.851426,3.0363111
9597,SOCS1,1.9652008,2.5970266
9598,SOCS2,8.349191,-0.36261898
9599,SOCS3,7.2175775,2.0021636
9600,SOCS4,3.4007125,3.7483304
9601,SOCS5,3.908852,2.9678783
9602,SOCS6,4.009822,3.9143784
9603,SOCS7,5.9614325,1.8895369
9604,SOD1,4.923453,3.0860465
9605,SOD2,7.580637,0.59049684
9606,SOGA1,6.4167514,0.91604114
9607,SOGA3,2.6640928,2.529851
9608,SOHLH1,-0.8485103,1.8387114
9609,SON,-0.95080894,1.8233706
9610,SORBS1,8.190278,2.4189262
9611,SORBS3,7.4925017,2.5539577
9612,SORCS1,7.533113,2.2200837
9613,SORCS2,5.8099113,2.4335902
9614,SORD,6.6038775,4.149871
9615,SORT1,6.5363574,1.5724089
9616,SOS1,5.7431445,2.9154809
9617,SOS2,2.6776445,1.3007851
9618,SOSTDC1,0.50853425,-0.81208485
9619,SOWAHB,-0.5874982,-1.1394501
9620,SOWAHC,8.097667,3.5147245
9621,SOX10,-0.6685844,3.2620568
9622,SOX11,0.41141248,3.8103297
9623,SOX12,0.35091135,2.3626583
9624,SOX13,1.1156082,1.7201866
9625,SOX15,-0.6338631,4.368487
9626,SOX17,3.282466,3.9097621
9627,SOX18,2.9370854,0.2770388
9628,SOX2,0.82476044,2.371734
9629,SOX21,3.3071835,0.4475834
9630,SOX3,2.0010421,3.2056656
9631,SOX30,3.431542,2.4884408
9632,SOX4,5.9236045,-2.637715
9633,SOX5,0.11172742,3.5606825
9634,SOX6,-0.56147504,3.9078965
9635,SOX8,0.4463279,3.5556
9636,SOX9,0.81382644,3.291998
9637,SP1,0.73056716,4.245321
9638,SP100,0.039419826,0.30637053
9639,SP110,3.1713781,3.216189
9640,SP140,1.5391804,1.2409359
9641,SP140L,2.4477146,0.34587336
9642,SP2,0.8301631,3.397412
9643,SP3,0.75267935,2.2925758
9644,SP4,3.856599,2.8253405
9645,SP5,-0.35380587,-1.0462279
9646,SP6,0.3395687,3.6797605
9647,SP8,2.8780239,0.74572384
9648,SP9,6.5521297,-2.1615896
9649,SPA17,5.0042176,0.7154223
9650,SPACA9,7.252328,-3.60445
9651,SPACDR,5.013548,-0.26387537
9652,SPAG1,6.3498497,2.6439266
9653,SPAG16,6.9659286,2.1928895
9654,SPAG5,7.0856037,1.1750747
9655,SPAG7,0.69369054,3.729011
9656,SPAG9,7.978956,3.8661096
9657,SPANXN4,7.480464,4.0908637
9658,SPARC,4.9592,0.7926921
9659,SPART,7.35774,4.05146
9660,SPAST,2.7100995,3.0179684
9661,SPATA1,7.485947,2.6952703
9662,SPATA12,3.7535653,2.9681175
9663,SPATA13,3.4876714,3.243576
9664,SPATA17,1.0510917,-0.5191565
9665,SPATA18,2.5964706,2.391798
9666,SPATA2,0.12369396,-0.4336515
9667,SPATA20,0.7384374,3.473945
9668,SPATA21,7.0377293,1.1594085
9669,SPATA24,3.7528574,3.28403
9670,SPATA25,3.8485246,-0.2827937
9671,SPATA2L,6.6215115,-1.9883562
9672,SPATA33,0.74876195,2.434441
9673,SPATA45,3.3578653,3.428831
9674,SPATA5,6.9476876,2.1109385
9675,SPATA5L1,1.4963558,3.3591046
9676,SPATA6,3.869707,-0.17160346
9677,SPATA7,8.748914,3.273624
9678,SPATA9,6.2202125,-1.5901786
9679,SPATC1L,7.78917,2.5987628
9680,SPATS1,2.1028526,1.068491
9681,SPATS2,7.2374134,2.5718043
9682,SPATS2L,8.948474,4.0117354
9683,SPC24,0.051298566,0.18134855
9684,SPC25,6.898194,2.0415773
9685,SPCS1,3.982851,-0.55615693
9686,SPCS2,5.36915,-0.25145105
9687,SPDEF,0.47621128,3.75068
9688,SPDL1,8.885041,4.219174
9689,SPDYA,1.7556053,3.0661707
9690,SPECC1,2.3679998,3.7439902
9691,SPECC1L,8.895929,1.8886786
9692,SPEG,5.697937,-0.42447326
9693,SPEM2,3.9232578,-0.21154033
9694,SPEN,0.7860357,3.740117
9695,SPESP1,2.5476854,3.0019715
9696,SPG11,6.813503,3.6123705
9697,SPG21,6.129097,2.618828
9698,SPHK1,7.257432,1.7277416
9699,SPHK2,-0.029998317,3.1257277
9700,SPI1,3.0712016,3.8951857
9701,SPICE1,6.5369363,1.2136201
9702,SPIDR,0.5861626,3.748278
9703,SPIN1,-0.25670683,4.2687907
9704,SPIN3,2.833118,3.1201518
9705,SPIN4,4.6836157,2.122847
9706,SPINDOC,-0.5987399,2.28568
9707,SPINK13,4.7250676,3.858698
9708,SPINK4,3.518981,0.10821738
9709,SPINK5,6.2022686,-1.1138023
9710,SPINK9,1.229711,2.831053
9711,SPINT1,7.7733274,3.2548437
9712,SPINT2,2.7631311,0.7655124
9713,SPIRE1,4.8441315,3.6126559
9714,SPIRE2,1.7935534,3.768803
9715,SPN,9.058503,1.5399286
9716,SPNS1,4.834844,-0.08358503
9717,SPOCD1,4.828486,2.6871574
9718,SPOCK1,4.353477,0.24660619
9719,SPON2,5.7815294,-0.4351211
9720,SPOPL,4.788299,-0.90597177
9721,SPP1,4.457406,-0.38910303
9722,SPPL2A,6.126265,0.27902818
9723,SPPL2B,3.7841766,3.8340242
9724,SPPL3,7.9463377,1.9650851
9725,SPR,4.0914526,3.9151278
9726,SPRED1,1.3647801,1.6432415
9727,SPRED2,3.325024,3.5926952
9728,SPRED3,3.42998,4.016011
9729,SPRR4,4.00071,4.4228272
9730,SPRTN,1.7905322,1.8322424
9731,SPRY1,4.360854,1.8959773
9732,SPRY2,8.326488,1.1788495
9733,SPRY3,9.59346,4.535406
9734,SPRY4,4.832446,-0.070140705
9735,SPRYD3,8.0708475,1.9204104
9736,SPRYD4,1.5087396,2.4994202
9737,SPRYD7,5.1055584,1.2827535
9738,SPSB3,6.4515147,-1.3409312
9739,SPSB4,0.33989176,3.3548663
9740,SPTAN1,6.15187,5.4037623
9741,SPTB,6.453975,2.7297316
9742,SPTBN1,6.9944715,-1.442673
9743,SPTBN2,7.8617663,2.2078457
9744,SPTBN4,1.3771812,-0.18272899
9745,SPTLC1,8.401912,-0.38560987
9746,SPTLC2,7.11488,1.1223314
9747,SPTLC3,6.4536285,6.604565
9748,SPTY2D1,1.0069602,0.14841537
9749,SQLE,6.2984757,2.2097752
9750,SQOR,6.5195794,-1.8994939
9751,SQSTM1,7.497551,2.089054
9752,SRA1,4.065818,4.468884
9753,SRARP,-0.61311895,2.8764813
9754,SRBD1,6.8851585,-1.5510055
9755,SRC,7.5151396,1.9597651
9756,SRCAP,1.8760352,3.2046952
9757,SRCIN1,8.153468,0.8289897
9758,SRD5A3,7.522625,1.9628198
9759,SREBF1,5.4874573,2.0095296
9760,SREBF2,2.932397,2.6554506
9761,SREK1,-1.294404,3.5579658
9762,SREK1IP1,-0.3466692,-1.0143927
9763,SRF,0.8788914,3.2429662
9764,SRFBP1,0.29964787,-0.80754036
9765,SRGN,6.1062627,-0.23925807
9766,SRI,6.3311405,3.775899
9767,SRM,1.8993572,2.07831
9768,SRMS,7.7793174,3.432951
9769,SRP14,0.21376155,-0.06818081
9770,SRP19,6.1429033,2.11091
9771,SRP54,7.5387077,1.8368026
9772,SRP68,7.809561,-0.0036446464
9773,SRPK1,5.3132315,2.864663
9774,SRPK2,5.6211066,4.2698646
9775,SRPRB,7.883295,2.0127468
9776,SRR,5.3539314,0.16624519
9777,SRRD,6.202185,2.1970587
9778,SRRM1,-0.76957476,2.887586
9779,SRRM2,-0.9730981,1.8355517
9780,SRRM3,7.792579,4.4318614
9781,SRRM5,3.0067713,1.2776477
9782,SRRT,-1.0273368,3.594826
9783,SRSF1,-1.1109567,4.143181
9784,SRSF10,-0.70956135,4.130476
9785,SRSF11,-0.88980544,4.300919
9786,SRSF3,-0.39480263,4.5057206
9787,SRSF4,-0.79634255,2.9787805
9788,SRSF5,2.038867,1.1915022
9789,SRSF6,-0.35050502,4.428279
9790,SRSF7,-0.6186727,3.1094093
9791,SRSF9,5.7199554,-2.5979633
9792,SS18,0.35796097,2.3605187
9793,SS18L1,3.5925806,2.9850152
9794,SS18L2,1.3543246,-0.82352257
9795,SSB,1.5760849,3.5650067
9796,SSBP1,6.935338,-2.9829488
9797,SSBP2,0.9973274,2.1229398
9798,SSC5D,3.1031554,4.510625
9799,SSH1,7.1725054,0.9414193
9800,SSH3,5.9095373,3.0743139
9801,SSPN,1.9685214,5.479719
9802,SSR1,8.2518215,-0.67667073
9803,SSR4,5.3083305,0.620167
9804,SSRP1,4.5345097,2.7231307
9805,SSTR1,6.1642504,-2.1617062
9806,SSTR2,5.940097,1.9270262
9807,SSTR5,8.74807,1.3392957
9808,SSU72,5.195411,2.4415395
9809,SSX2IP,8.568093,1.2230849
9810,ST13,7.6134887,4.6047945
9811,ST14,1.7338933,1.2361794
9812,ST3GAL2,8.105449,-0.8609977
9813,ST3GAL5,4.81478,-0.7090936
9814,ST6GAL2,0.024987394,-0.35609573
9815,ST6GALNAC1,1.5358664,3.4239
9816,ST6GALNAC3,0.44538483,2.6645074
9817,ST6GALNAC4,1.617977,1.3078098
9818,ST6GALNAC5,5.721826,-1.0743763
9819,ST6GALNAC6,6.3471465,1.7831253
9820,ST7,0.12280018,3.0241795
9821,ST7L,4.3522534,0.068452045
9822,ST8SIA2,4.009549,1.4679517
9823,ST8SIA3,4.535095,-0.27545443
9824,ST8SIA4,3.8842163,-0.14653076
9825,ST8SIA5,4.557419,2.1926107
9826,ST8SIA6,8.476521,-0.48675278
9827,STAB1,6.794057,3.7825687
9828,STAB2,7.426942,1.7746711
9829,STAC,6.6235414,3.9762762
9830,STAC2,6.602611,0.71415204
9831,STAC3,1.8868359,2.4443219
9832,STAG1,0.22465798,3.6740444
9833,STAG2,0.029512385,-0.08539001
9834,STAG3,0.49650657,-0.008738849
9835,STAM,6.144314,0.9325514
9836,STAM2,5.434064,2.8988779
9837,STAMBP,4.2707157,4.3927636
9838,STAMBPL1,8.39178,1.9134898
9839,STAP1,6.587116,-1.6770084
9840,STARD10,6.599004,1.8831991
9841,STARD13,4.6483026,1.690004
9842,STARD3,2.0438673,2.8682866
9843,STARD3NL,4.5503397,1.0124533
9844,STARD4,9.093996,1.6055082
9845,STARD5,5.7827644,2.2724788
9846,STARD7,6.637986,0.49883875
9847,STAT1,5.359871,2.8205209
9848,STAT2,7.6267405,2.403297
9849,STAT3,5.7331624,3.8363812
9850,STAT5A,6.1014094,2.6629028
9851,STAT5B,8.519807,3.2952487
9852,STAT6,5.9288735,3.4756174
9853,STAU1,7.79433,3.0001059
9854,STAU2,2.6188538,4.2195344
9855,STBD1,8.072984,-0.43616605
9856,STC2,8.545336,-0.53656083
9857,STEAP2,5.385819,0.9456572
9858,STEAP3,7.6332035,3.573981
9859,STEAP4,4.719296,1.8262812
9860,STEEP1,0.07715319,4.057584
9861,STH,2.222656,3.4813113
9862,STIL,3.3058784,3.6220407
9863,STIM1,8.258363,-0.48084953
9864,STING1,5.3529153,2.6251805
9865,STIP1,7.563323,4.585478
9866,STK10,4.461174,4.440243
9867,STK11,2.4856958,3.9514594
9868,STK11IP,4.709168,0.504312
9869,STK16,5.7326856,2.4080534
9870,STK17A,4.1671596,4.1686115
9871,STK17B,2.4901142,1.5077443
9872,STK19,1.3909793,1.6124811
9873,STK24,7.263803,2.9829347
9874,STK26,3.9561777,4.1000247
9875,STK3,5.4619646,-0.5293277
9876,STK32A,4.3227315,-1.5289608
9877,STK32B,2.9190266,4.506832
9878,STK33,1.7119702,2.6438403
9879,STK35,2.027717,1.1693698
9880,STK36,6.4120927,1.5611099
9881,STK39,2.762311,1.3393815
9882,STK4,3.5250783,2.8535438
9883,STK40,3.0780194,3.0419278
9884,STMN1,8.030123,4.270057
9885,STMN2,6.28916,0.46058363
9886,STMN3,5.921992,0.8900768
9887,STMN4,4.611656,0.14058922
9888,STMND1,8.512291,1.3189037
9889,STMP1,6.732413,-2.3811958
9890,STN1,1.7321727,2.1492386
9891,STOM,7.243403,1.9178956
9892,STOML1,6.8284297,1.1949058
9893,STOML2,7.0796328,4.569249
9894,STOML3,2.2166388,1.1707958
9895,STON2,1.3574839,-0.5557643
9896,STOX1,3.1211221,3.4456844
9897,STOX2,3.9739985,3.0867305
9898,STPG1,1.5214804,2.4349227
9899,STPG2,2.4600055,2.4150822
9900,STPG3,5.3037868,-1.1125427
9901,STPG4,3.9011948,3.743203
9902,STRA8,6.221171,3.421012
9903,STRADA,6.216856,3.3971105
9904,STRADB,1.289632,1.179966
9905,STRAP,8.050745,4.0669293
9906,STRIP1,7.7129383,2.344603
9907,STRIP2,7.2337356,1.4983237
9908,STRN,6.511353,3.5664275
9909,STRN3,6.629474,3.1753116
9910,STRN4,7.093393,3.9317975
9911,STT3B,8.086397,-0.5374227
9912,STUB1,5.534686,3.7371523
9913,STUM,6.081795,-1.3133458
9914,STX10,5.8809266,-0.6115039
9915,STX12,3.4590375,1.1860931
9916,STX16,4.991557,0.7946849
9917,STX17,5.8783865,1.7316316
9918,STX18,7.9167533,0.32639322
9919,STX19,4.9954977,2.2641912
9920,STX4,7.8425198,2.1632295
9921,STX5,0.74909073,3.3946068
9922,STX6,4.2568994,0.883443
9923,STX7,5.2193623,0.68527144
9924,STX8,4.7492743,0.6373894
9925,STXBP1,2.1150868,3.1912255
9926,STXBP2,7.613678,1.7781408
9927,STXBP3,2.3285296,2.1554892
9928,STXBP4,7.699342,2.053856
9929,STXBP5,8.335943,3.230266
9930,STYK1,8.259705,1.2712309
9931,STYX,1.0149044,2.2027555
9932,STYXL2,-0.13075353,3.9711387
9933,SUB1,-0.8150087,4.387773
9934,SUCLA2,6.93003,-2.663106
9935,SUCLG1,7.138778,2.8140078
9936,SUCLG2,8.1546,2.0556703
9937,SUCO,1.347086,-0.43348405
9938,SUDS3,8.839689,4.262514
9939,SUFU,0.46018776,4.3933406
9940,SUGP1,0.41037914,3.7553504
9941,SUGP2,-0.6937501,3.7328105
9942,SUGT1,6.656243,4.4377007
9943,SULT1B1,3.8603833,-0.5806351
9944,SULT1C3,7.664292,4.116933
9945,SULT1C4,6.936023,0.9491446
9946,SULT1E1,1.2088195,2.5561929
9947,SULT2A1,6.690477,3.966015
9948,SULT2B1,4.669135,-0.9724844
9949,SUMF2,8.331495,1.5914618
9950,SUMO1,1.7507464,5.8477764
9951,SUMO3,0.6800393,2.0540164
9952,SUN1,1.7422001,5.927777
9953,SUN2,1.7336465,5.9759994
9954,SUN3,3.1602228,3.937467
9955,SUPT16H,-0.5986851,4.474264
9956,SUPT20H,-0.12304969,-1.1569223
9957,SUPT3H,1.3545448,2.6760688
9958,SUPT4H1,2.0467124,0.989156
9959,SUPT5H,-0.62024486,3.604194
9960,SUPT6H,6.121895,3.484732
9961,SUPT7L,2.664717,0.41432554
9962,SUPV3L1,7.100874,-2.5467298
9963,SURF2,-0.95006424,4.1922812
9964,SURF4,7.84886,-0.2624397
9965,SURF6,0.118665166,-1.1348466
9966,SUSD1,0.27484584,4.203477
9967,SUSD2,7.2775517,2.9756696
9968,SUSD4,4.000727,-0.5190676
9969,SUSD5,5.622148,0.35397127
9970,SUSD6,5.5673914,5.370183
9971,SUV39H2,7.0773144,-2.484472
9972,SUZ12,-0.051055096,0.1389146
9973,SV2A,6.97762,3.1424098
9974,SV2C,3.7833357,2.5991104
9975,SVBP,4.878571,3.166706
9976,SVIL,7.4239535,4.1371384
9977,SWAP70,8.953351,1.5257996
9978,SWI5,5.2172666,3.6207883
9979,SWSAP1,2.091959,4.009612
9980,SWT1,6.503268,2.0673344
9981,SYAP1,4.951752,1.3520004
9982,SYBU,4.9180717,-0.46984383
9983,SYCE1,5.02088,2.4668987
9984,SYCE1L,5.93673,-0.5812141
9985,SYCE2,0.5191055,2.3985302
9986,SYCE3,4.074099,1.833321
9987,SYCP1,6.024781,1.7757376
9988,SYCP2,2.1053395,0.67243856
9989,SYCP2L,0.26100796,4.2914863
9990,SYDE1,1.6764239,3.9693801
9991,SYDE2,0.52856755,-0.86958915
9992,SYF2,-0.6918373,2.8896017
9993,SYK,5.989601,2.7950225
9994,SYMPK,5.3348393,4.2123976
9995,SYN2,-0.73271286,3.2807975
9996,SYNC,8.53311,2.358846
9997,SYNCRIP,2.778756,3.8075347
9998,SYNDIG1,4.287495,0.6346459
9999,SYNE1,1.835449,4.894466
10000,SYNE2,2.0835373,5.6969957
10001,SYNE3,6.0969434,0.559768
10002,SYNGAP1,1.3402227,1.671947
10003,SYNGR1,6.6922154,2.995254
10004,SYNGR2,5.4529543,0.57977855
10005,SYNGR3,7.514896,3.428501
10006,SYNGR4,6.33589,-0.21081091
10007,SYNJ1,4.038077,2.8872285
10008,SYNJ2,6.3455696,6.1126933
10009,SYNM,6.616814,-0.22612917
10010,SYNPO,7.0998836,2.9394855
10011,SYNPO2,7.90974,3.1448047
10012,SYNPR,4.1856847,2.2754717
10013,SYNRG,6.971892,2.111422
10014,SYPL2,7.7787843,3.0650866
10015,SYT10,3.0926583,4.0246387
10016,SYT13,5.052485,-0.65852135
10017,SYT14,5.71166,0.12668575
10018,SYT16,6.4813094,2.4863467
10019,SYT17,4.770464,3.5235627
10020,SYT4,4.2724643,1.5714017
10021,SYT6,4.7613363,-0.74153596
10022,SYT8,9.01546,4.14568
10023,SYTL2,4.5008245,1.9471197
10024,SYTL3,0.5092625,-0.8281941
10025,SYTL4,6.945373,0.87625545
10026,SYTL5,5.9691005,5.781829
10027,SYVN1,3.6646047,3.2664602
10028,SZRD1,5.1175017,3.7665415
10029,SZT2,1.7424031,3.5617523
10030,TAB1,3.337607,3.3711073
10031,TAB3,5.1826077,3.6320791
10032,TAC3,5.1241007,1.4372678
10033,TACC1,6.9253035,0.94388264
10034,TACC2,6.8555093,4.0435457
10035,TACC3,7.4844317,3.1088526
10036,TACO1,6.4189363,-2.1728184
10037,TACR2,5.944912,-1.0712336
10038,TACSTD2,8.347503,1.1884869
10039,TADA1,2.8651962,3.556946
10040,TADA2A,-0.58170974,2.739427
10041,TADA2B,0.24112122,2.7411742
10042,TADA3,2.0388062,1.8008482
10043,TAF1,0.9370604,3.066737
10044,TAF10,1.4168394,3.3062375
10045,TAF11,0.4692159,3.6399598
10046,TAF13,-0.4417415,4.176636
10047,TAF15,-1.3324732,4.1586857
10048,TAF1A,5.730129,5.6495914
10049,TAF1B,1.7541981,0.9680447
10050,TAF1C,0.62805265,0.07820082
10051,TAF1D,0.854525,2.1467285
10052,TAF3,1.6759198,5.8348875
10053,TAF4,1.1752079,3.8052418
10054,TAF4B,1.4818394,2.1486433
10055,TAF5,0.9221261,3.6309006
10056,TAF5L,-0.22593226,1.705437
10057,TAF6,1.6519129,4.042485
10058,TAF6L,0.7953928,3.4259272
10059,TAF7,1.7023048,4.2210674
10060,TAF7L,2.600956,3.6088514
10061,TAF8,1.2134671,1.9544034
10062,TAF9,0.34142202,2.4450588
10063,TAF9B,1.8155776,2.206359
10064,TAFAZZIN,8.659793,1.8102258
10065,TAGAP,6.5950727,2.8211622
10066,TAGLN,6.1514926,5.484781
10067,TAGLN2,7.406281,2.7292788
10068,TAL1,0.45123392,3.6528478
10069,TAL2,7.3267665,2.3154554
10070,TALDO1,7.3261595,2.410581
10071,TAMALIN,5.2947364,0.595992
10072,TAMM41,7.6572065,2.7139552
10073,TANC2,5.50183,0.2998514
10074,TANGO6,5.953482,0.7656042
10075,TANK,6.917793,1.1116593
10076,TAOK1,4.1332216,-0.35072795
10077,TAOK2,5.6086617,3.3283222
10078,TAOK3,6.5827703,-2.1005132
10079,TAP1,6.0186334,2.2249546
10080,TAPBP,7.036204,1.0648818
10081,TAPT1,3.3342438,2.8903587
10082,TARBP1,0.442511,2.9199448
10083,TARBP2,-0.19839567,3.8195739
10084,TARDBP,-0.61328727,3.3186717
10085,TARS1,6.6967764,2.1196995
10086,TARS2,4.3636622,2.4259808
10087,TARS3,6.74535,0.4320142
10088,TAS1R3,5.3703575,2.114468
10089,TAS2R10,7.2735615,1.0888488
10090,TAS2R5,0.2144179,-0.76059717
10091,TASL,1.1147937,2.710709
10092,TASOR,2.363168,3.0904477
10093,TASOR2,1.6254734,1.7659237
10094,TASP1,9.186712,1.696999
10095,TATDN1,1.8928137,1.7510214
10096,TATDN2,2.1283894,3.063375
10097,TATDN3,1.0263118,3.5328689
10098,TAX1BP1,5.3955235,2.9594436
10099,TAX1BP3,1.2720635,-0.5779127
10100,TBC1D1,0.97312975,-0.47315556
10101,TBC1D10A,8.915175,1.713459
10102,TBC1D10C,1.7754041,1.1818795
10103,TBC1D12,-0.7354195,3.0102365
10104,TBC1D13,6.0733075,2.5422976
10105,TBC1D14,1.8173468,2.8646677
10106,TBC1D15,7.030012,-1.3112148
10107,TBC1D16,6.9708476,0.30653605
10108,TBC1D19,1.7003672,5.9620013
10109,TBC1D2,7.6432667,2.7375605
10110,TBC1D22A,4.7777042,2.8480163
10111,TBC1D22B,1.1073195,3.6436317
10112,TBC1D23,4.5346036,0.8144054
10113,TBC1D24,4.722939,-0.04716327
10114,TBC1D28,3.3425572,2.1305237
10115,TBC1D2B,7.472634,2.4900396
10116,TBC1D30,8.535772,1.6968979
10117,TBC1D31,7.075694,2.271829
10118,TBC1D32,6.9598746,-2.5126004
10119,TBC1D4,7.9471664,3.6270669
10120,TBC1D5,5.8713903,1.9636805
10121,TBC1D8,1.4937794,1.1098009
10122,TBC1D8B,7.0824533,2.4957716
10123,TBC1D9,5.093662,2.2484643
10124,TBC1D9B,6.1662216,3.5865152
10125,TBCA,6.447071,6.57313
10126,TBCB,6.454696,3.1873035
10127,TBCC,6.426043,2.9405777
10128,TBCK,1.6142225,3.1217093
10129,TBK1,0.33393243,3.497485
10130,TBKBP1,2.1763961,1.9018868
10131,TBL1X,1.4252335,1.103418
10132,TBL1XR1,1.201771,4.235809
10133,TBL1Y,1.918934,2.2629237
10134,TBL2,7.904409,-0.24204393
10135,TBL3,-0.023905402,-0.91247773
10136,TBP,2.2804005,3.690948
10137,TBPL1,2.4698856,1.6751091
10138,TBRG1,1.4530765,1.3285267
10139,TBRG4,7.1269374,-2.8803012
10140,TBX1,4.9016128,1.3430107
10141,TBX10,2.8147447,2.211037
10142,TBX15,1.064948,1.9112539
10143,TBX18,1.5496775,1.5540595
10144,TBX19,0.9554343,2.9017775
10145,TBX2,-0.7246978,3.3323607
10146,TBX20,0.24970037,-0.48604634
10147,TBX3,0.9082771,3.8961697
10148,TBX4,5.328684,-0.7118283
10149,TBX5,-0.6966044,2.6319833
10150,TBX6,3.0031316,-0.046360046
10151,TBXA2R,4.2863035,4.1333146
10152,TBXAS1,6.1748943,3.755172
10153,TBXT,2.5296664,2.99083
10154,TC2N,2.1894534,2.2971175
10155,TCAF1,3.7816064,2.3949044
10156,TCEA1,-0.58625984,4.223848
10157,TCEA2,0.7398137,1.6659573
10158,TCEA3,0.1733073,3.7620485
10159,TCEAL1,-0.17789719,3.0529552
10160,TCEAL2,3.9938936,0.026413921
10161,TCEAL7,1.8781734,1.19603
10162,TCEAL8,-0.42379794,2.9536824
10163,TCEAL9,0.30413797,-0.105392836
10164,TCEANC,0.81936806,2.962149
10165,TCEANC2,2.1084933,4.0179133
10166,TCERG1,-1.3965316,3.8647425
10167,TCERG1L,2.7733164,4.1798472
10168,TCF12,-0.73575425,3.5490963
10169,TCF15,-0.7553961,2.754889
10170,TCF19,1.3445572,1.3085884
10171,TCF20,2.7203379,3.6800618
10172,TCF21,1.4535345,2.5915442
10173,TCF23,-0.26354435,1.7409633
10174,TCF3,-0.14633873,3.1407223
10175,TCF4,4.1127505,4.142237
10176,TCF7,2.1117148,4.4778266
10177,TCF7L1,3.097837,3.208964
10178,TCF7L2,2.421324,2.9699538
10179,TCFL5,0.7775173,3.9334445
10180,TCHHL1,1.7675763,5.8796906
10181,TCHP,7.2886834,4.033417
10182,TCIM,4.784647,4.070487
10183,TCIRG1,6.596848,-2.72477
10184,TCL1A,4.0852857,3.4164045
10185,TCL1B,6.1184425,1.6777064
10186,TCN2,6.357097,1.6123283
10187,TCOF1,-0.05200591,-0.7045197
10188,TCP11L1,6.863588,2.494323
10189,TCP11L2,-0.5043226,2.9466834
10190,TCTA,6.5686526,2.0703845
10191,TCTE1,5.599725,-0.47156936
10192,TCTN1,4.5105314,3.010382
10193,TCTN2,4.4353514,0.68277246
10194,TCTN3,6.2233486,5.87142
10195,TDG,2.8403904,4.041131
10196,TDO2,7.341157,3.5021544
10197,TDP1,1.4958819,3.8602161
10198,TDP2,1.4287186,3.215221
10199,TDRD10,6.4700203,0.2686994
10200,TDRD3,0.9727899,4.190586
10201,TDRD6,6.715103,-1.4172395
10202,TDRD7,4.44362,2.9655693
10203,TDRKH,6.278067,2.519607
10204,TDRP,6.1240625,2.7447548
10205,TEAD1,0.16635293,3.3519466
10206,TEAD2,2.9063723,1.1257468
10207,TEAD4,-0.4988553,3.1725657
10208,TEC,8.383906,1.4507066
10209,TECPR1,3.534348,0.6273092
10210,TECPR2,2.1799731,3.6418848
10211,TECR,8.345677,-0.46231297
10212,TEDC1,6.814871,2.0471618
10213,TEDC2,1.144648,1.2707682
10214,TEFM,6.530103,-2.0168595
10215,TEK,7.3587275,3.6647465
10216,TEKT2,6.266863,6.080271
10217,TEKT3,6.0622983,3.9407623
10218,TEKT5,8.76769,1.552116
10219,TEKTIP1,7.114659,4.2335243
10220,TELO2,6.597267,1.4535291
10221,TEN1,3.0165436,0.49995005
10222,TENM1,2.9074197,4.2939396
10223,TENM2,0.43294778,-1.0408616
10224,TENM3,1.7331299,1.5835942
10225,TENT2,7.8354416,3.7639816
10226,TENT4A,0.06761721,3.9823895
10227,TENT4B,6.082944,2.3396547
10228,TENT5A,1.8113892,2.0008292
10229,TENT5C,2.1132858,0.83039445
10230,TEP1,2.434344,2.5717003
10231,TEPSIN,3.0656986,1.4683081
10232,TERB1,1.998234,4.2385445
10233,TERB2,0.9023163,0.030590765
10234,TERF1,0.1276929,-0.98262846
10235,TERF2,-1.0751804,3.174502
10236,TERF2IP,0.686096,3.4430425
10237,TERT,1.7089307,3.640266
10238,TES,8.140215,2.4274337
10239,TESC,2.8322618,2.5487359
10240,TESK2,-0.14982176,3.8868885
10241,TESMIN,2.729842,1.7902373
10242,TESPA1,2.9860659,1.2280755
10243,TET1,2.0844607,1.8102701
10244,TET2,1.6793438,3.8343124
10245,TET3,4.1242495,4.213205
10246,TEX10,0.18210153,2.9760988
10247,TEX13C,5.738753,3.4488418
10248,TEX14,7.949425,4.2618814
10249,TEX15,3.5566506,3.9850562
10250,TEX2,-0.025391223,3.7854342
10251,TEX26,2.3093836,1.6836191
10252,TEX261,2.5228915,2.2050028
10253,TEX264,7.394214,1.400969
10254,TEX36,5.1161222,-0.37935638
10255,TEX37,5.587039,-0.16863394
10256,TEX38,5.5373316,-1.0331923
10257,TEX49,1.6494509,2.9243646
10258,TEX52,0.731778,4.3532267
10259,TEX55,4.8400826,0.5529616
10260,TEX9,7.4182925,2.6776729
10261,TFAM,4.576146,-1.6716802
10262,TFAP2A,2.4006517,0.44307554
10263,TFAP2B,-1.1179167,3.7844176
10264,TFAP2C,-0.22617741,3.309432
10265,TFAP2D,4.14884,1.5470852
10266,TFAP4,6.082856,-2.5387654
10267,TFB2M,6.8826423,-2.8990662
10268,TFCP2,0.7988389,3.9538417
10269,TFCP2L1,-0.56236607,-1.0823495
10270,TFDP1,2.7840161,1.6600327
10271,TFDP2,0.6489127,3.6121938
10272,TFE3,5.1304407,3.0885656
10273,TFEB,5.369956,-0.037038166
10274,TFEC,1.1006278,2.7462668
10275,TFF3,0.28503639,2.1824431
10276,TFG,5.4326386,-0.5847795
10277,TFIP11,0.8818238,4.257616
10278,TFPT,-0.15371212,4.0357003
10279,TFR2,2.5512946,1.7412189
10280,TFRC,5.6294823,0.6562768
10281,TGDS,1.8855525,2.6057067
10282,TGFA,5.227611,-0.600059
10283,TGFB1,5.4796677,2.9299812
10284,TGFB1I1,6.210817,0.67138255
10285,TGFB2,5.833563,-0.2506023
10286,TGFB3,4.32149,-1.5939351
10287,TGFBR1,7.6618915,2.2205722
10288,TGFBR2,6.767871,3.2120786
10289,TGFBR3,5.2980075,0.01417041
10290,TGFBR3L,3.1829054,1.2796456
10291,TGFBRAP1,5.6829176,0.04592454
10292,TGIF1,0.48178428,3.1989274
10293,TGIF2,1.2645113,1.705333
10294,TGIF2LX,0.9752369,4.0236325
10295,TGM1,5.519989,2.2859697
10296,TGM2,7.522944,2.9596884
10297,TGOLN2,3.9119096,0.4020179
10298,TGS1,7.1503816,2.5739863
10299,TH,6.4649444,1.2738649
10300,THADA,6.7721853,1.6170661
10301,THAP1,0.40227544,2.924269
10302,THAP10,2.5430288,3.3713708
10303,THAP11,3.2391684,2.8839343
10304,THAP12,6.8227267,3.745384
10305,THAP2,3.7319655,-0.16322458
10306,THAP3,-0.39372465,4.055231
10307,THAP4,3.0271254,2.9795442
10308,THAP5,1.2936716,1.1154962
10309,THAP6,1.4392343,1.7585592
10310,THAP7,1.8782952,4.9910374
10311,THAP8,5.642701,-2.1349752
10312,THAP9,7.2744265,-3.3808348
10313,THBD,4.3224196,3.155927
10314,THBS1,7.531481,1.6616162
10315,THBS2,6.97198,3.691207
10316,THBS3,4.71427,-0.93135977
10317,THBS4,3.4945967,1.5230994
10318,THEGL,7.475617,3.2951555
10319,THEM6,3.5493853,2.3888319
10320,THEMIS,5.976365,3.2228856
10321,THEMIS2,2.609574,1.1132796
10322,THNSL1,6.268178,-1.0818052
10323,THOC1,-0.43641764,2.9285512
10324,THOC2,-0.3590935,3.0122125
10325,THOC3,3.1923392,1.1219822
10326,THOC5,-0.27315512,2.6928642
10327,THOC6,-0.32516527,2.9744024
10328,THOC7,4.1144423,2.8639748
10329,THOP1,6.9519534,1.829541
10330,THRA,7.0033836,3.3858056
10331,THRAP3,-1.2014233,3.515022
10332,THRB,1.1124839,0.9052797
10333,THRSP,-0.43897888,2.992737
10334,THSD1,6.3356237,1.5150976
10335,THSD7B,3.1886458,3.3725948
10336,THTPA,2.0348532,3.0165665
10337,THUMPD1,8.209731,3.1932957
10338,THUMPD2,0.19123942,3.0509048
10339,THUMPD3,8.699814,3.2738507
10340,THY1,1.93013,2.1099572
10341,THYN1,0.7664946,-0.119139425
10342,TIA1,2.0541024,1.0417151
10343,TIAL1,0.76030135,4.3365746
10344,TIAM1,2.6647148,5.0923967
10345,TIAM2,2.7086833,3.3926005
10346,TICAM1,1.565114,0.020876706
10347,TICRR,2.1446629,4.0153027
10348,TIFA,5.3333063,3.5278282
10349,TIGAR,6.6609535,3.4742413
10350,TIGD1,1.2754788,3.022393
10351,TIGD2,2.9582517,0.031679366
10352,TIGD3,1.8214887,5.5911
10353,TIGD4,6.282573,4.191615
10354,TIGD6,3.6312995,1.379778
10355,TIGD7,7.05495,3.3869286
10356,TIMD4,7.029197,4.034263
10357,TIMELESS,-0.24304529,3.8761437
10358,TIMM10,7.196696,-3.384538
10359,TIMM13,6.3823776,-1.766865
10360,TIMM17A,3.5251482,3.767562
10361,TIMM17B,6.364711,6.2489605
10362,TIMM23,7.10844,-2.808406
10363,TIMM29,6.2240677,-2.1270456
10364,TIMM44,6.4320126,-2.5925245
10365,TIMM50,6.2219577,-2.498267
10366,TIMM8A,6.9653573,-2.0883462
10367,TIMM9,6.93063,-2.9547012
10368,TIMMDC1,6.2842727,-2.486963
10369,TIMP1,5.3867927,-0.2563818
10370,TIMP3,4.757979,-0.28843924
10371,TINF2,2.0058997,1.0286894
10372,TIPARP,6.4162307,6.588837
10373,TIPRL,4.1584654,-0.09632203
10374,TIRAP,3.7452884,3.4938338
10375,TJAP1,5.968674,0.7595787
10376,TJP1,8.259766,1.8266813
10377,TJP2,8.2447605,2.0273964
10378,TJP3,8.184968,1.2075028
10379,TKFC,4.631674,3.8836484
10380,TKT,0.10424204,4.1979737
10381,TKTL1,7.3855925,3.664409
10382,TLCD2,4.978498,0.23744874
10383,TLCD4,3.8447094,3.505324
10384,TLCD5,5.825905,-0.34351966
10385,TLE1,-0.22302756,2.5586405
10386,TLE2,0.78045446,1.0266781
10387,TLE3,1.6758182,3.5110068
10388,TLE4,2.5721834,1.301747
10389,TLE5,0.5226672,3.8931265
10390,TLK1,-0.44740385,4.202842
10391,TLL1,5.340626,-0.2436567
10392,TLN1,8.06236,1.7690021
10393,TLN2,8.225465,2.7846873
10394,TLNRD1,2.1332686,3.8257532
10395,TLR10,8.124027,3.9242473
10396,TLR2,3.5217845,3.2383966
10397,TLR4,4.9604373,1.1470464
10398,TLR5,4.2154083,1.4234537
10399,TLR6,6.104704,-1.1551926
10400,TLX2,-0.32559836,2.812326
10401,TLX3,0.42849407,2.234051
10402,TM2D1,-0.11466972,3.4016538
10403,TM2D2,4.0472836,2.2033098
10404,TM2D3,1.51066,2.5019636
10405,TM4SF18,6.329549,1.8837076
10406,TM4SF20,8.513953,1.1558253
10407,TM4SF4,7.193312,3.0881906
10408,TM4SF5,8.516284,1.4924278
10409,TM7SF2,6.150418,1.9427212
10410,TM7SF3,6.5414577,3.1929793
10411,TM9SF3,7.0756173,-3.0622575
10412,TMA16,0.12033801,-0.024468798
10413,TMBIM1,5.8071084,-0.100255296
10414,TMBIM4,4.090555,0.9374341
10415,TMC3,6.1200833,1.9804461
10416,TMC4,4.2642508,-1.5216261
10417,TMC5,8.613989,2.0103667
10418,TMC7,5.153645,0.48469508
10419,TMC8,5.343282,0.7909351
10420,TMCC3,8.063028,-0.74344134
10421,TMCO1,8.07836,-0.48862758
10422,TMCO3,8.081826,4.2927394
10423,TMCO4,6.6128764,-0.1738876
10424,TMCO5A,6.5640054,1.9965234
10425,TMCO6,6.5671144,-2.9541738
10426,TMED10,5.4964523,-0.24444388
10427,TMED2,6.1585712,1.5364633
10428,TMED3,4.4580536,-0.08581506
10429,TMED8,7.0164466,4.3165545
10430,TMEM100,0.1834691,2.7058387
10431,TMEM101,5.7611833,3.9933684
10432,TMEM102,4.5087214,-0.604457
10433,TMEM104,0.5395514,2.4827793
10434,TMEM106B,6.2074594,-0.3405691
10435,TMEM107,3.985582,3.6883245
10436,TMEM108,7.6686015,3.696917
10437,TMEM109,5.730319,4.0636816
10438,TMEM11,6.5863156,-1.9349052
10439,TMEM115,3.7760234,-0.772164
10440,TMEM116,6.4405637,6.6463532
10441,TMEM120B,5.9895105,1.5889602
10442,TMEM121,8.767181,3.9845705
10443,TMEM121B,4.6382446,0.9377374
10444,TMEM123,5.5769506,0.022234049
10445,TMEM125,5.4722424,1.7599006
10446,TMEM126A,6.5478163,0.76860845
10447,TMEM126B,7.09816,-2.9393678
10448,TMEM130,6.0190206,-2.0995507
10449,TMEM131,7.346978,1.5309964
10450,TMEM131L,4.7346334,1.1206006
10451,TMEM132A,7.2528462,-3.6144924
10452,TMEM132C,6.19965,1.758637
10453,TMEM132E,4.943501,1.1261468
10454,TMEM134,5.58205,2.4976547
10455,TMEM135,5.2981005,-0.66807634
10456,TMEM138,6.385142,6.4977937
10457,TMEM139,8.739883,1.4994284
10458,TMEM141,6.784043,-1.5518731
10459,TMEM143,0.65198207,-0.13756435
10460,TMEM144,7.066386,-3.169804
10461,TMEM145,6.934633,2.5083404
10462,TMEM14A,8.042312,-0.5213908
10463,TMEM151A,1.0036728,-0.6067523
10464,TMEM154,1.9426358,5.395871
10465,TMEM161A,6.755023,1.3798859
10466,TMEM164,4.566744,-1.2073551
10467,TMEM165,5.2213383,0.04982258
10468,TMEM167A,5.5503125,-0.33812842
10469,TMEM168,5.152019,0.68710065
10470,TMEM169,8.021646,1.038537
10471,TMEM17,8.541959,1.8507018
10472,TMEM170B,5.0702224,1.4095957
10473,TMEM175,1.7338203,5.820511
10474,TMEM176A,7.0595217,-1.868216
10475,TMEM176B,4.1687107,2.3552916
10476,TMEM177,-0.5444294,-1.0283816
10477,TMEM178A,4.308043,2.5192688
10478,TMEM178B,5.2096105,0.14704426
10479,TMEM179,5.0915318,0.3274638
10480,TMEM179B,1.2695484,2.0575323
10481,TMEM18,7.1725535,-3.2612681
10482,TMEM181,6.096579,0.6201048
10483,TMEM182,3.9983752,1.0811551
10484,TMEM183A,5.3751903,3.9308488
10485,TMEM184A,1.1072805,1.1420544
10486,TMEM184B,4.844232,1.2902932
10487,TMEM184C,3.830204,1.0845629
10488,TMEM186,8.214104,0.8022053
10489,TMEM187,1.5696177,-0.5748821
10490,TMEM192,3.649148,0.96637636
10491,TMEM196,3.2730544,1.0588217
10492,TMEM198,5.2829127,0.40674222
10493,TMEM200C,6.3890176,6.219643
10494,TMEM201,1.7678554,5.740123
10495,TMEM205,8.34,-0.22562674
10496,TMEM209,4.3784223,1.006985
10497,TMEM212,1.3802259,-0.73045874
10498,TMEM214,7.9871945,-0.56274265
10499,TMEM215,2.8291292,0.89325964
10500,TMEM217,0.13052188,-0.8768497
10501,TMEM218,8.636068,2.6617496
10502,TMEM222,8.726553,1.4589288
10503,TMEM223,6.001116,-2.3876293
10504,TMEM229A,9.019211,1.5720488
10505,TMEM230,7.4714317,1.226937
10506,TMEM231,3.8937774,-0.3068302
10507,TMEM233,0.9850899,1.6549729
10508,TMEM234,5.009155,-0.35470802
10509,TMEM241,5.329322,-0.10088455
10510,TMEM245,6.520599,3.1816254
10511,TMEM248,6.240194,5.549319
10512,TMEM25,6.2995763,5.9367065
10513,TMEM250,0.20104297,1.8137435
10514,TMEM251,8.246905,1.0121226
10515,TMEM254,6.100432,2.6053855
10516,TMEM255A,1.1442261,3.9974601
10517,TMEM255B,2.0194714,2.1636732
10518,TMEM256,5.2361374,-0.75190926
10519,TMEM258,7.1889515,3.190928
10520,TMEM259,7.977157,-0.27956992
10521,TMEM263,4.911479,0.14031588
10522,TMEM266,7.1476374,4.076979
10523,TMEM267,1.1786582,2.6190605
10524,TMEM268,7.010542,2.3669755
10525,TMEM270,5.16409,-0.4886208
10526,TMEM31,0.54615754,-0.35211676
10527,TMEM35A,6.3496795,-0.75637555
10528,TMEM35B,-0.163109,-0.2394522
10529,TMEM37,0.59557706,-0.16287345
10530,TMEM38A,1.7483059,1.9940968
10531,TMEM39A,2.5398998,3.2664
10532,TMEM39B,3.9300258,-0.02147763
10533,TMEM40,7.785112,-0.021624971
10534,TMEM41A,3.5491526,3.8562086
10535,TMEM41B,5.4222126,-0.6693018
10536,TMEM42,0.754144,1.5109617
10537,TMEM44,6.563175,-0.8301474
10538,TMEM45A,8.292819,-0.8497069
10539,TMEM45B,1.5331609,0.71811706
10540,TMEM47,1.7096055,6.079905
10541,TMEM50A,8.907521,1.5200865
10542,TMEM50B,0.7234384,-0.8049975
10543,TMEM51,5.6532774,4.221364
10544,TMEM52,2.3089938,2.501646
10545,TMEM52B,8.735279,1.2336394
10546,TMEM53,4.8512034,0.78666574
10547,TMEM54,4.6512675,-1.6189288
10548,TMEM62,1.9192786,2.6437385
10549,TMEM63A,5.259613,0.56921583
10550,TMEM63B,8.548433,1.7853842
10551,TMEM63C,6.7152867,1.7954149
10552,TMEM68,3.2220948,0.8976893
10553,TMEM69,0.67560047,3.934875
10554,TMEM70,6.1917276,-2.7650414
10555,TMEM71,7.0958524,-2.980228
10556,TMEM74,5.3480406,1.5983194
10557,TMEM74B,2.4448292,2.2621202
10558,TMEM79,0.63133365,-0.9046615
10559,TMEM80,6.018811,-0.71362245
10560,TMEM81,7.1034575,0.29014394
10561,TMEM82,2.7024431,3.2964756
10562,TMEM86A,1.3726654,0.79057664
10563,TMEM86B,5.2726054,-0.31680688
10564,TMEM87A,3.9686596,-0.100738436
10565,TMEM87B,4.666279,0.8483058
10566,TMEM8B,5.3318853,-0.13926822
10567,TMEM9,6.2999506,5.6508503
10568,TMEM92,0.99559885,1.9173738
10569,TMEM94,0.1397399,3.109292
10570,TMEM97,8.519517,-0.5642717
10571,TMEM98,2.738379,3.9397948
10572,TMF1,3.8606749,-0.71821225
10573,TMIE,6.8300967,2.916495
10574,TMIGD1,6.5187864,-0.5295999
10575,TMLHE,7.06772,-2.4434981
10576,TMOD2,-0.11956979,-0.86313075
10577,TMOD3,7.221216,4.0975337
10578,TMPO,1.7265236,6.0228972
10579,TMPPE,5.8418584,-1.8297527
10580,TMPRSS11E,4.099089,1.1350415
10581,TMPRSS13,3.7123797,4.130622
10582,TMPRSS15,7.79943,3.259653
10583,TMPRSS2,5.837125,2.8605866
10584,TMPRSS5,1.1064866,1.7894295
10585,TMSB4X,3.2762015,2.0470424
10586,TMTC1,5.1583147,3.5970635
10587,TMTC2,8.6363,2.2467604
10588,TMTC4,8.730237,0.68321615
10589,TMUB1,2.94485,4.08724
10590,TMUB2,6.293458,1.6843356
10591,TMX1,8.55214,-0.72044426
10592,TMX2,4.986344,5.012231
10593,TMX4,1.7900409,5.919492
10594,TNFAIP1,0.14111051,-0.8855192
10595,TNFAIP2,4.839549,2.898057
10596,TNFAIP3,6.3467402,-0.4020212
10597,TNFAIP8,1.0756909,2.5566924
10598,TNFAIP8L2,4.7364244,-1.2365618
10599,TNFAIP8L3,5.703555,3.2825162
10600,TNFRSF10D,9.172425,1.5617273
10601,TNFRSF11A,7.074554,3.949503
10602,TNFRSF11B,4.22242,1.0531237
10603,TNFRSF12A,8.268868,2.0550885
10604,TNFRSF19,5.944015,-2.4547846
10605,TNFRSF21,6.513896,2.208955
10606,TNFRSF25,8.488897,1.2334301
10607,TNFRSF8,8.880997,1.5285746
10608,TNFRSF9,8.156729,4.5944576
10609,TNFSF13B,7.85544,2.8642128
10610,TNFSF14,3.9332833,1.829644
10611,TNFSF15,1.9797652,5.67123
10612,TNFSF4,2.8397899,1.2918847
10613,TNFSF9,5.986835,-0.028239386
10614,TNIK,2.5325136,3.3918824
10615,TNIP1,3.8552642,3.7897294
10616,TNIP2,2.761439,2.572953
10617,TNK1,6.5989776,1.1562623
10618,TNK2,6.680986,3.789768
10619,TNKS,1.2828069,4.9354706
10620,TNKS1BP1,8.817381,2.2424932
10621,TNKS2,6.373924,6.181134
10622,TNNC1,0.9819301,3.3719866
10623,TNNC2,-0.15027948,3.548111
10624,TNNI1,0.110929385,4.259974
10625,TNNI2,5.5269737,2.5504115
10626,TNNI3,8.989321,4.130968
10627,TNNT1,4.453393,1.7604606
10628,TNNT2,5.80592,5.7454557
10629,TNPO1,3.2995276,4.476953
10630,TNPO2,-0.5627317,4.1413674
10631,TNPO3,4.622292,0.6155337
10632,TNRC18,3.3635957,4.2171206
10633,TNRC6A,0.69025606,3.3503509
10634,TNRC6C,0.3606186,1.751188
10635,TNS1,8.752038,1.5184832
10636,TNS3,8.630723,1.8101397
10637,TNXB,5.1776376,-0.66807616
10638,TOB1,0.6833581,3.2905579
10639,TOB2,6.4076166,0.9394819
10640,TOE1,-0.06860276,3.9806285
10641,TOGARAM2,4.3716555,3.9232113
10642,TOLLIP,6.50575,2.9058037
10643,TOM1,6.8150187,2.0585153
10644,TOM1L2,5.874248,0.8690694
10645,TOMM20,7.232757,-3.5724597
10646,TOMM22,6.7741656,-3.1124125
10647,TOMM34,6.2019815,2.6979098
10648,TOMM40,7.2453084,1.305999
10649,TOMM5,7.257273,-3.53846
10650,TOMM6,6.8875513,-3.0881195
10651,TOMM70,7.0808654,-3.2529616
10652,TONSL,1.5311872,3.290821
10653,TOP1,-1.1172732,4.260328
10654,TOP1MT,6.681402,-3.227835
10655,TOP2A,0.7262914,4.4306912
10656,TOP2B,0.41866326,4.096909
10657,TOP3B,1.5588874,1.6073959
10658,TOPBP1,0.72406167,3.7285302
10659,TOPORS,0.53150517,2.7539608
10660,TOR1A,5.4422855,2.0892868
10661,TOR1AIP1,1.727061,6.0218034
10662,TOR1AIP2,7.993575,-0.23076996
10663,TOR1B,3.2310963,3.2677684
10664,TOR2A,7.844796,3.931491
10665,TOR4A,1.3206363,1.5490175
10666,TOX,0.35786176,1.9711378
10667,TOX2,2.3567765,1.7916718
10668,TOX3,2.2143905,3.0417314
10669,TOX4,3.2285607,1.6640942
10670,TP53,-0.0013128243,3.087067
10671,TP53BP1,0.88969666,1.1839445
10672,TP53BP2,7.9529138,2.4059925
10673,TP53I11,5.224948,0.49820626
10674,TP53I3,5.22634,0.2919377
10675,TP53INP1,8.072033,1.147538
10676,TP53TG5,0.018205889,-0.9552773
10677,TP63,-0.025904581,3.4403815
10678,TP73,3.8197713,1.5176239
10679,TPBG,1.7140437,3.4848108
10680,TPCN2,0.123734616,-0.89054674
10681,TPD52,7.8723803,3.2228873
10682,TPD52L1,7.315795,1.8843511
10683,TPD52L2,8.024802,3.179084
10684,TPH1,8.119689,-0.7164974
10685,TPI1,1.0420735,2.0000932
10686,TPK1,5.9308896,-0.16278447
10687,TPM4,7.974565,1.2537614
10688,TPP2,6.193443,1.8807224
10689,TPPP,5.916323,2.4709234
10690,TPPP3,0.2681199,-1.0188988
10691,TPR,1.7397318,5.976325
10692,TPRA1,3.885114,0.49346578
10693,TPRG1,0.9963497,3.9883168
10694,TPRG1L,6.275904,-1.225252
10695,TPRKB,6.8221245,0.4773475
10696,TPRN,8.586025,2.4640603
10697,TPSAB1,4.795836,-0.674479
10698,TPST1,3.7810829,-0.280084
10699,TPT1,5.6389966,-0.29946572
10700,TPX2,0.4101013,4.470152
10701,TRA2A,0.095376775,-0.71583307
10702,TRA2B,-0.15360065,4.4213457
10703,TRABD,6.053783,-2.0197475
10704,TRADD,6.2333126,2.0118444
10705,TRAF1,2.50548,1.8777483
10706,TRAF2,7.2701364,2.9871173
10707,TRAF3IP2,5.0594497,0.37828562
10708,TRAF3IP3,4.486409,-0.8578682
10709,TRAF4,0.79698807,0.026489224
10710,TRAF5,6.405625,2.9910176
10711,TRAF6,6.5882654,-1.6990628
10712,TRAF7,5.719344,1.8144438
10713,TRAFD1,3.2126923,2.5327718
10714,TRAIP,7.96568,2.3859046
10715,TRAK1,5.7963767,2.8002748
10716,TRAK2,1.5502654,3.6961606
10717,TRAM1L1,5.230455,-0.47922876
10718,TRAM2,6.1929693,3.046597
10719,TRANK1,1.2302394,3.6136978
10720,TRAP1,7.0401196,-3.313257
10721,TRAPPC11,7.0003195,2.3523612
10722,TRAPPC12,1.0962808,1.7850496
10723,TRAPPC13,3.5091882,1.5149621
10724,TRAPPC14,5.156991,0.9056114
10725,TRAPPC2L,6.1932416,1.7087626
10726,TRAPPC3,7.162859,1.7531909
10727,TRAPPC3L,5.1310353,0.062057044
10728,TRAPPC4,6.335934,0.90181595
10729,TRAPPC5,5.478706,0.39691702
10730,TRAPPC6B,8.88499,4.1010923
10731,TRAPPC8,7.4706845,3.6832883
10732,TRAPPC9,4.0325007,1.5227567
10733,TRAT1,7.3216224,2.1877773
10734,TRDN,5.2149415,3.5033634
10735,TREH,6.253751,2.2357376
10736,TREM1,5.8127694,1.3026361
10737,TREM2,4.9989476,-0.7553079
10738,TREML1,2.7610571,2.2407491
10739,TREML4,6.467053,3.4290135
10740,TRERF1,1.8289195,3.894255
10741,TREX1,8.442893,3.0608296
10742,TRIAP1,6.146053,-2.6083565
10743,TRIB1,8.307056,4.01583
10744,TRIB2,3.787285,3.1704895
10745,TRIB3,0.85138375,1.5675675
10746,TRIM11,4.5420165,2.7371426
10747,TRIM15,3.727289,0.52567214
10748,TRIM17,5.667024,0.041148376
10749,TRIM21,2.0965197,2.8255
10750,TRIM22,2.58929,2.9492562
10751,TRIM24,-0.11922756,3.0571053
10752,TRIM25,4.856507,3.0914001
10753,TRIM26,4.258541,3.957243
10754,TRIM27,-0.53233045,-1.0705928
10755,TRIM28,-0.8690648,4.292231
10756,TRIM29,2.8701425,3.7305343
10757,TRIM3,7.0402584,-2.2746873
10758,TRIM32,7.330394,0.36087528
10759,TRIM33,0.5837304,3.272803
10760,TRIM35,0.82541054,3.505841
10761,TRIM36,6.639523,0.72510695
10762,TRIM38,7.816538,1.9723593
10763,TRIM39,5.093082,2.3234344
10764,TRIM4,6.688285,2.3349893
10765,TRIM40,6.376729,3.4617329
10766,TRIM41,0.39455873,-0.060717214
10767,TRIM44,6.1875954,2.847046
10768,TRIM45,5.6899495,3.577366
10769,TRIM47,6.476848,1.3847548
10770,TRIM5,8.060679,3.6501024
10771,TRIM52,0.55578995,-0.79709315
10772,TRIM54,7.107808,3.357219
10773,TRIM55,5.5730224,1.7650241
10774,TRIM56,3.179427,3.8136392
10775,TRIM59,6.0810623,0.39095414
10776,TRIM60,0.8598735,-0.24415661
10777,TRIM61,7.263625,2.8272846
10778,TRIM62,6.36515,0.19056235
10779,TRIM65,3.8238516,2.648023
10780,TRIM66,0.8413784,3.1874685
10781,TRIM68,3.1097696,2.6011848
10782,TRIM7,5.2220373,2.471576
10783,TRIM71,8.931206,1.2127423
10784,TRIM72,3.0637631,1.7532834
10785,TRIM8,2.9266193,3.2833102
10786,TRIML2,7.215876,3.6826215
10787,TRIO,6.776922,3.4646733
10788,TRIP10,4.8290486,-1.1807876
10789,TRIP11,3.9132257,0.03723544
10790,TRIP12,1.0224794,4.032043
10791,TRIP13,3.1262965,4.0483007
10792,TRIP4,0.3238525,3.6263967
10793,TRIP6,8.2747,2.5854683
10794,TRIR,-0.9111658,3.3528845
10795,TRIT1,7.238667,-3.4666862
10796,TRMO,1.7798418,3.1345844
10797,TRMT1,6.5902905,3.8472967
10798,TRMT10A,4.124721,3.3454137
10799,TRMT10B,4.037831,3.026721
10800,TRMT10C,6.1856704,-2.4366379
10801,TRMT11,2.4994087,0.42695317
10802,TRMT112,6.3808093,6.51819
10803,TRMT12,0.32358634,2.7857068
10804,TRMT13,6.7922134,3.5728092
10805,TRMT1L,2.5090098,3.733726
10806,TRMT2A,4.759698,3.413948
10807,TRMT2B,2.938721,1.7957554
10808,TRMT44,0.68488705,1.9371601
10809,TRMT5,0.18051872,0.19155085
10810,TRMT6,1.040204,3.9040134
10811,TRMT61A,7.139931,-3.242222
10812,TRMT61B,6.30878,1.2044551
10813,TRMT9B,1.3661588,1.9203562
10814,TRMU,6.2415776,-2.0901017
10815,TRNAU1AP,2.642744,3.0693552
10816,TRNT1,6.4828806,-1.4340192
10817,TRO,5.693378,2.3042457
10818,TRPC1,5.5535913,1.5246037
10819,TRPC4AP,7.708566,1.9327569
10820,TRPM1,4.370549,1.2454854
10821,TRPM3,4.779757,-0.23195381
10822,TRPM4,5.297886,3.6782856
10823,TRPM7,6.426493,3.4342995
10824,TRPS1,0.16459864,3.810247
10825,TRPT1,6.667079,-2.4194133
10826,TRPV2,7.6466384,1.4853826
10827,TRPV3,6.8991165,0.5779689
10828,TRRAP,2.6427684,2.3108022
10829,TRUB1,3.4244695,-0.20734514
10830,TSACC,1.3774772,3.0034845
10831,TSBP1,7.4007564,2.8130295
10832,TSC1,6.7446637,2.2175355
10833,TSC2,6.6910563,1.8661219
10834,TSC22D1,3.1032877,2.2888422
10835,TSC22D2,7.826739,3.4612122
10836,TSC22D3,6.511625,1.9741658
10837,TSC22D4,7.7922482,2.7577295
10838,TSEN15,-0.0015241991,0.18752213
10839,TSEN2,3.8919234,2.4902365
10840,TSEN34,0.4873104,1.8965352
10841,TSEN54,1.7357357,1.1046009
10842,TSFM,6.3316917,-2.8865864
10843,TSG101,1.1490471,-0.73086387
10844,TSGA10,8.1098175,3.4310927
10845,TSGA13,5.725914,-1.4078038
10846,TSHZ1,1.3083634,4.1617
10847,TSHZ2,4.4123945,1.8001853
10848,TSHZ3,4.8409214,4.326457
10849,TSKU,1.5070174,1.1497458
10850,TSLP,5.443239,-0.15660606
10851,TSN,5.3952675,-0.24634428
10852,TSNARE1,5.903008,2.2163563
10853,TSNAX,0.38896173,3.7488112
10854,TSNAXIP1,5.315392,2.0678926
10855,TSPAN1,1.9772102,3.628175
10856,TSPAN11,5.860146,0.29062778
10857,TSPAN12,6.297576,6.1848035
10858,TSPAN13,1.349846,1.0472783
10859,TSPAN14,5.4735413,-0.5444542
10860,TSPAN15,6.173933,3.3767602
10861,TSPAN16,7.14311,1.412016
10862,TSPAN2,1.5099535,2.071752
10863,TSPAN3,1.9897141,2.0162034
10864,TSPAN31,4.872225,1.4926394
10865,TSPAN32,0.2151311,3.9721856
10866,TSPAN33,6.2113705,5.86008
10867,TSPAN5,3.9646723,3.9865289
10868,TSPAN6,1.537926,-0.48420435
10869,TSPAN8,6.295865,-0.023906674
10870,TSPAN9,4.179415,1.7795899
10871,TSPO,6.5471396,-1.9152634
10872,TSPO2,7.851134,1.3726709
10873,TSPYL1,-0.0020491707,0.3706599
10874,TSPYL5,7.8357706,3.5452974
10875,TSPYL6,2.9807622,3.0450468
10876,TSR1,3.257782,2.3260305
10877,TSR2,0.7817755,0.00018484346
10878,TSR3,6.5966225,1.925213
10879,TSSC4,0.8653618,4.134194
10880,TSSK3,0.16476573,0.20646477
10881,TSSK4,5.0980244,-0.6389525
10882,TST,6.683483,-2.0201743
10883,TSTD1,8.192371,3.46212
10884,TSTD2,1.7816046,3.0909271
10885,TTBK1,5.4519587,3.5803642
10886,TTC1,7.952729,3.9310992
10887,TTC12,2.4695354,2.010966
10888,TTC13,-1.2102816,3.7299383
10889,TTC14,1.185352,2.4731767
10890,TTC17,7.9881525,2.3609345
10891,TTC19,6.670604,-1.95472
10892,TTC21A,1.3046787,1.7181497
10893,TTC21B,6.0101833,2.239327
10894,TTC23,7.3447742,2.879658
10895,TTC24,2.6169276,3.1248186
10896,TTC27,7.136072,-3.2562568
10897,TTC28,6.3175797,5.6519413
10898,TTC3,1.2820011,-0.32853758
10899,TTC31,3.6504707,3.9316015
10900,TTC32,6.3398743,-2.2565346
10901,TTC33,2.0667765,2.9349742
10902,TTC36,1.4023381,2.389786
10903,TTC38,5.9263477,1.7558126
10904,TTC39A,5.2318516,-0.26971748
10905,TTC39B,7.6996264,0.27890685
10906,TTC39C,2.0376678,4.0141325
10907,TTC4,5.8301725,1.1557698
10908,TTC5,0.53745955,4.190643
10909,TTC6,2.3778389,0.37635818
10910,TTC7B,8.964724,1.4617249
10911,TTC9,2.8094087,1.1562479
10912,TTC9B,3.1670954,2.7687268
10913,TTC9C,2.6032784,2.6329818
10914,TTF1,0.15542229,-0.8667156
10915,TTF2,7.652565,1.8784939
10916,TTI1,3.9065235,1.4657434
10917,TTI2,3.596439,2.1651952
10918,TTK,9.075986,4.06468
10919,TTL,3.538066,1.6894217
10920,TTLL1,0.67136,-0.8961577
10921,TTLL12,6.7426925,3.0879755
10922,TTLL2,1.7418394,5.9847455
10923,TTLL4,5.7223454,-1.1158533
10924,TTLL5,8.517886,2.9034786
10925,TTLL6,6.4501657,6.545035
10926,TTLL9,6.0486293,5.9362273
10927,TTPAL,5.070771,1.4101611
10928,TTR,6.2577105,0.017509492
10929,TTYH1,5.3583727,4.047959
10930,TUB,7.40054,1.2058693
10931,TUBA1A,6.438706,6.576632
10932,TUBA4A,6.4843836,6.493096
10933,TUBB,6.3471026,6.4514036
10934,TUBB2A,6.4396896,6.599355
10935,TUBB4A,6.4124575,6.51495
10936,TUBB4B,6.4438934,6.635737
10937,TUBD1,4.517768,1.619683
10938,TUBG2,5.439581,0.13553329
10939,TUBGCP2,2.9462404,3.5749197
10940,TUBGCP4,5.2404537,-0.54415005
10941,TUBGCP5,6.4867153,3.2570107
10942,TUFM,7.23752,-3.5436819
10943,TUFT1,6.6826386,0.6846692
10944,TULP2,6.9137535,3.8686857
10945,TULP3,4.349914,3.4150436
10946,TUSC1,4.955481,-0.48669928
10947,TUSC2,8.602279,3.3670814
10948,TUT1,1.8010938,1.6033466
10949,TUT4,6.7978787,1.0308547
10950,TUT7,5.7500777,2.9779065
10951,TVP23A,5.855182,-0.51833063
10952,TWF1,5.4958158,2.9016795
10953,TWF2,8.400602,0.78973866
10954,TWIST2,1.7079548,1.6610292
10955,TWSG1,6.219318,1.5436721
10956,TXK,4.2997704,3.3602498
10957,TXLNA,6.9957776,4.027451
10958,TXLNG,8.235013,3.7711823
10959,TXN,6.0241475,4.261678
10960,TXN2,7.094548,-2.1861956
10961,TXNDC11,7.3368325,2.2219017
10962,TXNDC15,4.4684544,0.043187734
10963,TXNDC16,6.9615116,-1.8476065
10964,TXNDC5,8.096175,-0.2524234
10965,TXNDC9,7.862201,3.7125776
10966,TXNIP,8.34127,1.9216776
10967,TXNL1,6.6392593,4.14484
10968,TXNL4A,2.6712713,3.4648678
10969,TXNL4B,3.6687279,1.4609524
10970,TXNRD1,0.45330304,4.202551
10971,TXNRD2,8.564945,3.2870393
10972,TXNRD3,2.3893046,3.428013
10973,TYK2,5.93656,2.3503582
10974,TYMP,4.3080573,0.58076656
10975,TYR,7.4991074,1.3140967
10976,TYROBP,7.0469713,1.3188108
10977,TYRP1,4.3878536,-0.77889955
10978,TYSND1,2.5025532,2.5458615
10979,TYW1B,1.3005058,1.4272808
10980,TYW3,7.862238,2.238733
10981,TYW5,6.747423,-2.6613262
10982,U2AF1,-1.1749498,4.1679792
10983,U2AF1L4,1.0756619,1.2373888
10984,U2AF2,-0.78373176,2.8089793
10985,U2SURP,-0.15586482,3.0181675
10986,UACA,2.6312106,4.0113716
10987,UAP1,6.264182,3.9823442
10988,UAP1L1,7.6176057,1.6770599
10989,UBA1,-0.6083872,3.3908417
10990,UBA2,-0.6778523,4.2933817
10991,UBA3,5.1219406,2.5731962
10992,UBA5,6.966981,2.3066828
10993,UBA52,7.0291395,4.5917063
10994,UBA6,5.8597684,2.3060627
10995,UBA7,4.0670614,4.0134606
10996,UBAC1,6.3421082,3.078614
10997,UBAC2,8.1707,-0.4724784
10998,UBALD1,5.6178355,3.6125755
10999,UBAP1,7.9937053,3.8668396
11000,UBAP1L,-0.83662826,2.5691543
11001,UBAP2,8.201694,3.6570432
11002,UBAP2L,4.214233,4.1641417
11003,UBASH3A,1.6484301,3.6963582
11004,UBASH3B,7.1887736,2.8955717
11005,UBD,0.81953937,1.3504307
11006,UBE2C,7.1039605,4.2077823
11007,UBE2E1,1.2744039,1.6482307
11008,UBE2E2,0.98522925,2.686822
11009,UBE2F,6.191663,5.7266307
11010,UBE2G1,4.250669,3.0017524
11011,UBE2H,7.0522604,-2.1148837
11012,UBE2I,1.917792,2.7619781
11013,UBE2K,7.637167,2.813108
11014,UBE2L6,5.9508686,1.685513
11015,UBE2M,2.4021325,4.0027337
11016,UBE2O,1.3032857,1.1627109
11017,UBE2Q1,3.1748133,1.2082002
11018,UBE2QL1,0.22319512,2.7549894
11019,UBE2R2,-0.15603998,0.20362483
11020,UBE2S,9.206246,1.9406551
11021,UBE2T,0.045715228,-0.49490508
11022,UBE2W,0.47515857,-1.0840225
11023,UBE2Z,3.2622824,4.1518173
11024,UBE3A,3.2235928,2.8268998
11025,UBE3B,-0.41118193,3.0168214
11026,UBE3C,6.3968773,-2.2254572
11027,UBE3D,4.3158727,-1.5690174
11028,UBE4A,-1.001495,3.180694
11029,UBFD1,1.0651654,3.7122436
11030,UBIAD1,6.346112,0.35142547
11031,UBL3,5.8349266,-0.55185115
11032,UBL4A,4.0874844,2.8098354
11033,UBL7,3.7892687,3.6404917
11034,UBLCP1,0.24131167,-0.27129516
11035,UBN1,0.5412154,3.3946002
11036,UBN2,1.7448196,1.8627616
11037,UBOX5,2.2919695,2.3896315
11038,UBP1,1.0038668,3.8859231
11039,UBQLN1,3.713794,3.4143333
11040,UBQLN2,7.1894336,4.1606665
11041,UBQLN4,2.258948,1.3272171
11042,UBR1,5.7616653,-0.07253597
11043,UBR2,4.3512797,4.2067094
11044,UBR3,0.6326713,2.0106542
11045,UBR4,0.8741275,4.3292937
11046,UBR5,2.6721425,2.193816
11047,UBR7,0.1479942,3.7015839
11048,UBTD1,8.679912,0.7279308
11049,UBTF,-0.34280932,-0.89812094
11050,UBXN1,5.563177,4.2280064
11051,UBXN11,1.1690514,-0.48017985
11052,UBXN2A,5.24557,-0.1387483
11053,UBXN2B,0.66356015,3.3108742
11054,UBXN4,8.495001,-0.6059849
11055,UBXN6,6.5525117,2.0719798
11056,UBXN7,-0.49275136,3.3453794
11057,UBXN8,3.8680315,3.3411474
11058,UCHL1,6.5308642,4.4240074
11059,UCHL3,2.9607708,2.830693
11060,UCHL5,1.4769228,0.098824605
11061,UCK1,1.0962459,2.7234452
11062,UCK2,2.7882743,0.39115462
11063,UCKL1,8.007751,-0.63708735
11064,UCN,5.5064874,-0.26765144
11065,UCN2,5.1202817,-1.1398755
11066,UCP2,5.2242928,-0.5852954
11067,UCP3,8.460233,3.9151394
11068,UEVLD,2.951422,3.2527802
11069,UFC1,3.8138015,3.5009377
11070,UFD1,3.5138755,3.9690325
11071,UFL1,8.000155,-0.31146374
11072,UFSP2,4.926904,2.4310565
11073,UGDH,0.6919204,2.308349
11074,UGGT1,5.6535215,2.2946076
11075,UGP2,6.091704,-2.0538192
11076,UGT1A6,7.1489067,0.9990284
11077,UGT3A1,6.4940643,0.48761028
11078,UGT3A2,2.567965,3.0463774
11079,UGT8,7.1188803,-2.28505
11080,UHMK1,1.7118807,3.301173
11081,UHRF1,2.1324756,2.9464128
11082,UHRF2,2.0272462,2.607135
11083,UIMC1,1.01006,1.4938122
11084,ULBP1,7.5130153,3.297943
11085,ULBP2,7.2969866,2.044524
11086,ULBP3,6.188824,0.7719127
11087,ULK1,7.4574256,2.5703516
11088,ULK4,2.2792194,1.9580063
11089,UMAD1,2.1913548,1.6045305
11090,UMPS,7.4707456,2.4530041
11091,UNC13B,5.2286053,0.33664918
11092,UNC13D,6.9433317,0.6362506
11093,UNC45A,8.397623,4.1927037
11094,UNC45B,5.932287,1.9680805
11095,UNC5A,5.628764,-0.29331794
11096,UNC5CL,5.9581466,0.59480107
11097,UNC79,7.025969,4.0862446
11098,UNC80,3.3059816,0.24621801
11099,UNC93B1,0.022630945,3.1331418
11100,UNCX,3.2079144,0.39133298
11101,UNG,2.1790066,2.213484
11102,UNK,5.6514964,2.5495229
11103,UNKL,6.3009834,2.1458638
11104,UPF1,0.98393863,4.224206
11105,UPF2,8.495765,3.5211854
11106,UPF3A,4.3603,1.6750854
11107,UPF3B,4.8675027,3.5638695
11108,UPK3A,1.7462891,5.948424
11109,UPP1,0.3138619,3.7172673
11110,UPP2,5.6495214,-1.114085
11111,UPRT,2.0550735,1.2656256
11112,UQCC1,8.0776,2.1913404
11113,UQCC2,6.417699,-2.097651
11114,UQCC3,3.9480872,3.4195805
11115,UQCRC1,5.335978,-0.806902
11116,UQCRC2,6.099481,-2.1474829
11117,UQCRFS1,6.6947412,-1.8274562
11118,UQCRQ,6.562877,-1.5363727
11119,URB1,-0.3591929,-0.83305573
11120,URB2,0.19435303,-0.7195866
11121,URGCP,5.801789,2.0504546
11122,URI1,5.760508,3.7308893
11123,URM1,4.162376,0.37579247
11124,UROD,4.930934,3.618123
11125,UROS,2.3429184,3.5126364
11126,USB1,1.5732979,2.0216646
11127,USF1,0.2743944,3.387555
11128,USF2,0.2951225,3.22007
11129,USF3,3.2106078,1.6157976
11130,USH1C,7.7584257,2.684139
11131,USO1,4.6348944,0.7956277
11132,USP1,0.8806679,4.014369
11133,USP10,7.56806,4.391745
11134,USP11,2.231077,4.1490583
11135,USP12,1.8549683,1.3753482
11136,USP13,5.3999615,4.2057858
11137,USP14,7.988138,4.3281245
11138,USP15,5.999491,2.3129606
11139,USP16,5.740362,3.5426369
11140,USP18,5.812222,2.5856245
11141,USP2,6.4789457,3.1300526
11142,USP20,7.547673,2.570857
11143,USP21,4.8763976,2.7202632
11144,USP22,-1.1524317,3.5754616
11145,USP24,3.0398088,2.576534
11146,USP25,8.167134,4.4020834
11147,USP26,2.382837,2.6641557
11148,USP27X,4.216258,0.26547515
11149,USP28,1.2861183,3.1292274
11150,USP29,7.7861457,3.9755638
11151,USP3,1.3961701,3.2285638
11152,USP31,5.86398,2.602989
11153,USP32,5.788901,3.5581462
11154,USP33,4.1282797,1.8919929
11155,USP34,0.8313431,1.6260537
11156,USP35,-0.59487146,-1.0929646
11157,USP36,0.16069616,-0.6204692
11158,USP37,0.6970056,0.06132865
11159,USP38,4.0196404,2.7572005
11160,USP39,2.348869,2.9142907
11161,USP4,8.845701,1.8655409
11162,USP40,5.8344917,2.7169821
11163,USP42,1.2465581,2.80688
11164,USP43,-0.09980603,2.7721446
11165,USP44,6.422377,6.6376963
11166,USP45,4.259009,3.0868373
11167,USP46,0.027644083,-1.0226715
11168,USP47,7.211319,0.15596662
11169,USP48,3.7912319,3.018956
11170,USP5,4.7830057,3.8786695
11171,USP51,8.8640375,3.9922984
11172,USP53,6.8502574,3.0553186
11173,USP54,6.806822,-3.18197
11174,USP7,-0.782157,3.39334
11175,USP8,4.6405487,1.5037985
11176,USP9X,6.792329,2.2146292
11177,USP9Y,4.9790134,-0.97701395
11178,UTP11,1.172706,0.27065104
11179,UTP15,1.2905807,-0.08847379
11180,UTP18,-0.018361814,0.20045936
11181,UTP20,1.1678425,-0.70240957
11182,UTP23,0.6405808,0.19145076
11183,UTP3,0.20623137,-0.8231412
11184,UTP4,1.6253506,-0.39314273
11185,UTP6,-0.06331955,-0.9816414
11186,UTRN,3.7918255,3.3943758
11187,UVSSA,2.2727437,2.27115
11188,UXT,4.758446,0.038078696
11189,VAC14,6.17539,1.9181356
11190,VAMP4,4.5172324,-0.24736352
11191,VAMP5,4.538414,3.7205534
11192,VAMP7,5.472484,0.8392759
11193,VAMP8,3.4709435,1.9096415
11194,VANGL1,8.010961,1.8877431
11195,VAPA,8.530609,-0.73467636
11196,VAPB,8.587912,-0.7279928
11197,VARS1,8.44127,4.4917393
11198,VARS2,7.0453625,-2.869945
11199,VASH2,8.668256,3.866881
11200,VASN,5.7177014,-2.3024907
11201,VASP,7.895414,2.4266953
11202,VAT1L,6.260567,-0.71167094
11203,VAV1,8.044463,3.6580982
11204,VAV2,5.619521,-0.09229287
11205,VAX1,0.77061176,1.6409084
11206,VAX2,-0.63165045,1.7108234
11207,VBP1,7.5610003,2.1880605
11208,VCAM1,5.0685463,0.47106
11209,VCAN,5.0149965,1.2631607
11210,VCL,8.903584,1.2394603
11211,VCP,5.407107,4.2154193
11212,VCPIP1,6.9826427,2.1721587
11213,VCPKMT,6.005783,-0.014513839
11214,VDAC2,7.1926723,-3.3602502
11215,VDAC3,6.2122326,-0.8942001
11216,VDR,1.8288195,2.0619674
11217,VENTX,0.0010720958,-0.65852326
11218,VEPH1,1.4510846,-0.52868676
11219,VEZF1,0.017909024,3.5962744
11220,VEZT,2.7182229,2.755181
11221,VGF,4.1143756,-0.7139647
11222,VGLL1,1.8034667,2.9989192
11223,VGLL3,9.050646,4.086132
11224,VGLL4,0.13186948,-0.28367245
11225,VHL,1.6344796,2.6959457
11226,VIL1,7.544897,3.3726819
11227,VILL,4.834381,2.822612
11228,VIM,7.178498,0.21489057
11229,VIP,8.199061,-0.32248932
11230,VIPR2,8.706377,1.2662531
11231,VIRMA,0.8526093,1.0195909
11232,VKORC1L1,8.172714,-0.4253544
11233,VLDLR,4.7304955,0.5981537
11234,VMP1,5.766694,1.9209478
11235,VN1R1,4.303786,-0.61950874
11236,VNN1,4.7234645,-0.86244684
11237,VPS11,5.9459777,2.153898
11238,VPS13B,6.613769,0.5376805
11239,VPS13C,6.44933,6.5375295
11240,VPS13D,4.291308,3.2691653
11241,VPS25,4.4871063,0.15198992
11242,VPS26A,4.7365766,-0.8239543
11243,VPS26C,7.248722,-3.5985582
11244,VPS29,5.6324935,2.450006
11245,VPS33A,0.8961742,3.917115
11246,VPS35,5.326332,0.12224407
11247,VPS35L,6.9635572,-2.5081666
11248,VPS36,5.996046,-0.59967387
11249,VPS37A,5.664553,2.6920862
11250,VPS37C,3.7361913,1.1961141
11251,VPS37D,5.390266,-0.36294255
11252,VPS45,6.32643,6.1171556
11253,VPS4B,4.9404235,-1.2543272
11254,VPS50,7.0588136,4.0997205
11255,VPS51,6.6087594,0.5987643
11256,VPS53,6.630465,-0.7241201
11257,VPS54,4.249723,1.2370764
11258,VPS72,-0.5752846,1.8842679
11259,VPS9D1,4.7506924,3.0039356
11260,VRK1,1.7597623,4.0356107
11261,VRK2,8.265474,-0.22195123
11262,VRK3,6.062425,-2.818959
11263,VRTN,0.060478467,3.6587706
11264,VSIG1,6.9510894,1.6293172
11265,VSIG10,6.461568,0.2525453
11266,VSIG10L,-0.039249964,2.489141
11267,VSIG2,-0.23260808,2.6031015
11268,VSIG4,7.157819,2.8381352
11269,VSIR,1.9380535,2.1306767
11270,VSTM1,5.251834,1.4800986
11271,VSTM4,2.552752,1.2893902
11272,VSTM5,7.984401,-0.70362926
11273,VSX1,0.06816975,-1.0637589
11274,VTA1,5.156399,3.9936845
11275,VTCN1,7.335652,1.961616
11276,VTI1A,4.593324,-0.2870447
11277,VTI1B,4.5000606,0.6444032
11278,VTN,8.461428,-0.22458902
11279,VWA3B,2.3624809,4.031784
11280,VWA5A,0.7431331,1.8225759
11281,VWA5B1,6.731725,-2.1134005
11282,VWA5B2,3.7942102,-0.10148218
11283,VWA7,5.14732,-0.12396669
11284,VWA8,6.5543036,0.3186389
11285,VWCE,4.00454,2.6563787
11286,VWDE,8.54626,3.4131174
11287,VXN,3.5100026,-0.08556673
11288,WAC,-0.22956654,3.0798304
11289,WAPL,0.87135434,4.0330334
11290,WARS1,7.453851,2.5415933
11291,WARS2,6.2133317,-2.5629237
11292,WAS,8.295012,4.0766187
11293,WASF2,8.230989,2.5760396
11294,WASHC3,5.2695255,0.524877
11295,WASHC4,2.2183223,3.9112008
11296,WASHC5,0.20900396,2.7753415
11297,WASL,6.267262,2.1379676
11298,WBP1,6.705683,1.1536722
11299,WBP11,-0.26925653,3.605917
11300,WBP1L,6.4843297,6.6654067
11301,WBP2,5.6512747,3.9223025
11302,WBP2NL,6.094175,-1.2960478
11303,WBP4,1.1923027,2.7594874
11304,WDCP,1.2468426,-0.50267446
11305,WDFY1,5.675943,1.15115
11306,WDFY2,4.994009,0.3291615
11307,WDFY3,6.189578,3.6853342
11308,WDFY4,3.5428302,1.0720204
11309,WDHD1,1.0326401,3.3798256
11310,WDPCP,5.7313976,0.9468185
11311,WDR1,7.8282914,4.6051793
11312,WDR11,6.349541,6.1283684
11313,WDR12,8.438763,3.098521
11314,WDR13,3.229798,3.4341376
11315,WDR17,0.04154478,1.7481836
11316,WDR18,2.0019052,2.8002338
11317,WDR19,2.236112,2.7689545
11318,WDR24,6.023827,2.0168767
11319,WDR25,0.9029189,1.8274345
11320,WDR26,3.421515,2.9717245
11321,WDR27,-0.029878365,3.1471846
11322,WDR3,0.25209376,-0.23191412
11323,WDR31,7.2860045,4.1474276
11324,WDR33,1.822091,3.966849
11325,WDR36,0.41368487,-0.9579265
11326,WDR37,5.998788,-0.066069625
11327,WDR38,5.260013,-0.96772856
11328,WDR4,2.155433,3.7441618
11329,WDR41,2.716488,3.3961565
11330,WDR44,4.2459044,-0.10522547
11331,WDR45B,3.9437783,3.1751707
11332,WDR46,1.1412209,-0.43473718
11333,WDR47,2.4728875,1.4765352
11334,WDR48,5.313589,-0.9275279
11335,WDR49,3.009984,2.289395
11336,WDR5,0.58740056,4.2421517
11337,WDR53,7.7438307,2.4867156
11338,WDR54,6.471569,-1.8619545
11339,WDR55,0.8567168,1.3763924
11340,WDR59,6.905092,-1.5345359
11341,WDR6,8.048698,3.9415429
11342,WDR62,6.0721717,2.3202653
11343,WDR7,2.8108988,2.3893845
11344,WDR70,6.905489,-2.0017092
11345,WDR72,4.5294304,-0.63710463
11346,WDR74,1.1843331,1.2734538
11347,WDR76,0.98484826,1.0291227
11348,WDR77,5.953537,4.2050533
11349,WDR81,-0.7094092,3.4881942
11350,WDR82,-0.6145561,-1.1859684
11351,WDR83,4.471212,0.98681146
11352,WDR88,3.946535,0.8563791
11353,WDR89,6.1158433,2.3147883
11354,WDR90,8.019576,0.71348065
11355,WDR93,9.261138,1.6862485
11356,WDSUB1,1.3443007,-0.2563805
11357,WDTC1,5.2628736,0.15991601
11358,WEE1,0.15941925,-0.92500347
11359,WEE2,3.4474413,4.055104
11360,WHAMM,6.273569,1.3848389
11361,WIPF1,7.53176,2.5141528
11362,WIPF3,7.13531,-2.2894614
11363,WIPI1,6.358969,3.0790222
11364,WIPI2,4.4140077,3.059438
11365,WIZ,-0.9443218,3.9344442
11366,WLS,7.8504043,-0.15450335
11367,WNK1,8.042679,3.9256744
11368,WNK2,6.923578,0.76564
11369,WNK3,6.119212,0.3653558
11370,WNT2,5.926492,-0.2541925
11371,WNT2B,3.0152771,1.7784824
11372,WNT4,3.2789576,0.6300949
11373,WNT5B,5.042298,-1.2585517
11374,WNT9B,4.312283,-0.5976648
11375,WRAP53,3.196541,2.91238
11376,WRN,-0.37476474,1.7486056
11377,WRNIP1,-0.8303082,3.5507596
11378,WSB1,6.891244,-1.9263566
11379,WSCD1,0.37952605,2.6036446
11380,WSCD2,-1.0990214,3.381098
11381,WT1,2.772392,4.108275
11382,WTAP,-0.79134846,4.0063896
11383,WWC1,3.797459,-0.184258
11384,WWC2,6.412706,6.2243176
11385,WWC3,6.644495,3.4806108
11386,WWOX,4.8400908,2.2401533
11387,WWP1,6.3776865,3.3424497
11388,WWTR1,1.7284864,3.5572367
11389,XAB2,2.9393187,1.3243825
11390,XAF1,2.59886,0.58239895
11391,XAGE5,2.4590366,3.875375
11392,XDH,1.596796,1.3753526
11393,XIAP,5.6302567,2.6267579
11394,XIRP1,3.2089744,3.1886706
11395,XIRP2,1.7123313,2.3434062
11396,XK,6.1179743,-2.1010156
11397,XKR4,4.0740175,-0.41252193
11398,XKR6,9.020067,1.2749491
11399,XKR8,6.0807467,0.6416176
11400,XKR9,5.4509554,-0.43779492
11401,XNDC1N,0.7760284,-0.8247553
11402,XPA,2.6540368,0.3473113
11403,XPC,1.1696727,4.090025
11404,XPNPEP1,6.5073404,1.4928045
11405,XPNPEP2,5.1155996,2.5060349
11406,XPNPEP3,5.875811,2.5743146
11407,XPO1,2.7424707,5.1571994
11408,XPO4,6.0990577,1.9933803
11409,XPO5,0.7240591,4.294088
11410,XPO6,3.095707,3.8298247
11411,XPOT,1.3599242,4.209573
11412,XRCC1,-0.13050467,4.258268
11413,XRCC2,4.0698905,1.0055923
11414,XRCC3,2.1327918,0.76202387
11415,XRCC4,0.73941076,4.1922617
11416,XRCC5,0.4798019,3.467798
11417,XRCC6,-0.75146943,4.3271585
11418,XRN1,7.161454,3.472184
11419,XRN2,0.3971746,0.30810913
11420,XRRA1,0.9488322,2.1779008
11421,XYLB,-0.92911804,1.8300157
11422,XYLT1,8.565326,0.7215421
11423,YAE1,6.766288,1.183015
11424,YAF2,0.7513169,4.576584
11425,YAP1,2.662182,3.6968853
11426,YARS1,7.772954,3.670195
11427,YARS2,6.4118686,-1.7595896
11428,YBEY,0.27498862,4.1986294
11429,YBX1,9.526198,4.4906874
11430,YBX3,8.974348,4.229732
11431,YDJC,6.228526,0.19721615
11432,YEATS2,2.83259,3.1858125
11433,YEATS4,0.8481363,4.4520164
11434,YES1,8.962635,2.16952
11435,YIF1A,6.50108,0.1953245
11436,YIF1B,7.6082854,-0.19133171
11437,YIPF1,4.5228415,0.731543
11438,YIPF2,4.437572,0.32256073
11439,YIPF3,3.7860017,-0.40917352
11440,YIPF4,6.859365,2.579653
11441,YIPF5,8.025977,-0.67853343
11442,YIPF6,4.6899815,1.0685087
11443,YJEFN3,6.839794,-2.2057025
11444,YJU2,-0.59596246,3.1781197
11445,YJU2B,5.035933,0.00725046
11446,YKT6,6.50996,-0.91468924
11447,YLPM1,-0.8074481,3.7651765
11448,YME1L1,6.434271,-2.1757083
11449,YOD1,3.8442185,3.4410443
11450,YPEL5,4.298595,2.5766795
11451,YRDC,6.6093063,-2.9502337
11452,YTHDC1,4.2494335,4.4206243
11453,YTHDC2,0.21052013,4.27873
11454,YTHDF2,8.284883,3.6269565
11455,YWHAB,6.2704573,1.9333783
11456,YWHAE,8.845049,3.6730328
11457,YWHAG,6.4553065,1.4241576
11458,YWHAQ,6.6178646,3.213146
11459,YY1,1.4650437,4.077337
11460,YY1AP1,0.055548694,-1.0831819
11461,YY2,3.1653106,3.2248495
11462,ZAR1L,0.88436013,4.297675
11463,ZBBX,3.9171996,-0.23988989
11464,ZBED1,1.7900277,5.6431665
11465,ZBED2,6.9857335,-1.411303
11466,ZBED3,4.0779047,3.7809722
11467,ZBED4,0.5796963,4.0803995
11468,ZBED5,4.1984687,1.5039856
11469,ZBED6,-0.20397198,3.05154
11470,ZBED8,1.0085105,2.4912462
11471,ZBED9,0.6526524,0.29456753
11472,ZBTB1,1.6666259,5.856752
11473,ZBTB10,0.987576,3.224081
11474,ZBTB11,0.25931525,3.3229415
11475,ZBTB12,0.6110051,2.0725574
11476,ZBTB14,1.1113753,2.064513
11477,ZBTB18,-0.52124244,1.7326442
11478,ZBTB2,3.4074547,4.021959
11479,ZBTB20,0.6676162,2.6369553
11480,ZBTB21,-0.06848989,3.282835
11481,ZBTB22,0.22306918,3.5962107
11482,ZBTB24,2.126977,3.3129888
11483,ZBTB25,-0.5418474,3.2304106
11484,ZBTB3,7.274406,-3.599028
11485,ZBTB33,4.6340413,3.915211
11486,ZBTB34,0.90843785,3.1295652
11487,ZBTB37,2.333881,1.3721898
11488,ZBTB38,0.782484,2.3574736
11489,ZBTB39,7.9118366,-0.7653329
11490,ZBTB4,4.9760823,3.585474
11491,ZBTB40,1.7071986,2.710603
11492,ZBTB41,5.2678967,2.4567003
11493,ZBTB42,0.5236436,1.7596159
11494,ZBTB43,0.2596554,3.3822863
11495,ZBTB44,0.5628345,4.051387
11496,ZBTB45,6.0612383,2.7358553
11497,ZBTB46,1.8479993,2.6386147
11498,ZBTB47,1.4588689,2.100417
11499,ZBTB48,3.7831855,2.7777386
11500,ZBTB49,3.6274316,2.829744
11501,ZBTB5,3.647529,0.49205804
11502,ZBTB6,0.34598604,3.29508
11503,ZBTB7A,-0.18263853,3.8624773
11504,ZBTB7B,0.42591766,2.740109
11505,ZBTB8A,2.6444478,2.0334063
11506,ZBTB8B,2.5872104,2.9031186
11507,ZBTB8OS,8.948179,2.198997
11508,ZBTB9,1.9547242,5.3491864
11509,ZC2HC1A,7.4985743,2.3825111
11510,ZC2HC1C,1.105165,2.7402318
11511,ZC3H10,4.4488993,-0.5829919
11512,ZC3H12A,2.918918,2.923449
11513,ZC3H12B,6.2659073,1.2898197
11514,ZC3H12C,1.748911,5.92283
11515,ZC3H12D,2.9982393,2.6516547
11516,ZC3H13,-0.92434883,3.037421
11517,ZC3H14,-0.3320311,2.790561
11518,ZC3H15,8.221841,4.2685485
11519,ZC3H18,-0.08207613,2.9139
11520,ZC3H3,0.12832491,1.9168706
11521,ZC3H4,1.8346678,3.760601
11522,ZC3H6,2.1002197,3.8605494
11523,ZC3H7A,8.471532,3.172713
11524,ZC3H7B,7.5275073,3.2773879
11525,ZC3H8,0.5335148,2.4888484
11526,ZC3HAV1,8.033437,3.9639528
11527,ZC3HAV1L,6.7763615,3.7873013
11528,ZC3HC1,1.8076162,5.821961
11529,ZC4H2,6.319155,5.9704432
11530,ZCCHC10,0.22098875,-0.33831236
11531,ZCCHC12,2.715446,1.7473254
11532,ZCCHC14,1.9343587,5.499851
11533,ZCCHC18,5.269573,-0.78211564
11534,ZCCHC2,0.30911517,-0.44392982
11535,ZCCHC24,6.605319,-3.020424
11536,ZCCHC3,8.369932,1.3043821
11537,ZCCHC4,4.007056,-0.05719114
11538,ZCCHC7,1.3206413,-0.5499503
11539,ZCCHC8,0.55802536,2.706917
11540,ZCCHC9,1.9239955,2.7935336
11541,ZCWPW1,4.2762194,0.41511288
11542,ZCWPW2,2.855285,1.2699251
11543,ZDBF2,4.132015,3.6701486
11544,ZDHHC1,6.2071123,0.9997902
11545,ZDHHC12,1.6634922,3.5041938
11546,ZDHHC13,6.1546855,0.012685408
11547,ZDHHC14,5.142849,-1.1280963
11548,ZDHHC15,2.8672264,3.5267584
11549,ZDHHC16,5.8207903,5.6526885
11550,ZDHHC17,5.1085353,0.25662288
11551,ZDHHC18,6.434198,6.6398296
11552,ZDHHC2,8.189342,1.3627421
11553,ZDHHC20,7.163067,1.8643799
11554,ZDHHC21,6.568829,1.9078505
11555,ZDHHC22,7.7658234,2.0667725
11556,ZDHHC23,1.2939622,1.9953693
11557,ZDHHC24,6.3520827,-0.060100257
11558,ZDHHC3,5.4304724,1.6665082
11559,ZDHHC5,8.766332,1.9217347
11560,ZDHHC7,4.1543274,0.65425295
11561,ZDHHC8,7.2945185,3.383693
11562,ZDHHC9,6.7417917,3.652552
11563,ZEB1,1.6028633,2.4837556
11564,ZEB2,0.40417615,-0.3553615
11565,ZER1,8.489634,3.150191
11566,ZFAND1,6.73436,1.7315776
11567,ZFAND2B,0.6346845,-0.41907963
11568,ZFAND3,2.1070986,3.1256795
11569,ZFAND4,5.3823633,1.5312316
11570,ZFAND5,3.927723,4.211765
11571,ZFAND6,-0.8506635,2.9873664
11572,ZFAT,1.0075907,1.519233
11573,ZFC3H1,0.82592106,3.524909
11574,ZFHX2,0.83056504,0.16602065
11575,ZFHX3,0.26500747,4.416164
11576,ZFHX4,-1.286839,4.191592
11577,ZFP1,1.477284,1.7412466
11578,ZFP14,0.32237262,2.8192124
11579,ZFP28,3.392097,3.6746914
11580,ZFP3,4.274296,3.9861257
11581,ZFP30,6.3423066,3.1956897
11582,ZFP36,7.5141606,0.58024377
11583,ZFP37,0.97615814,3.7120252
11584,ZFP62,1.4066074,2.8152256
11585,ZFP64,0.5822907,2.1802723
11586,ZFP69,0.50434035,2.1711698
11587,ZFP69B,2.9460487,3.27736
11588,ZFP82,3.2473722,3.119077
11589,ZFP90,8.652096,0.75825065
11590,ZFP91,-1.1121055,4.1156087
11591,ZFPL1,3.783581,-0.80557007
11592,ZFPM1,3.8263373,4.03551
11593,ZFPM2,1.9103787,2.6742473
11594,ZFR,-1.1017979,4.353544
11595,ZFR2,-0.38476428,2.7201514
11596,ZFTA,5.806428,5.4885254
11597,ZFX,0.4060972,3.5875456
11598,ZFYVE1,7.527136,4.4957576
11599,ZFYVE16,6.2894845,0.89605975
11600,ZFYVE27,2.8378718,1.6643776
11601,ZFYVE28,6.8072596,3.1695921
11602,ZFYVE9,6.2231817,1.8779864
11603,ZG16B,4.598519,0.803364
11604,ZGLP1,0.7964387,3.0715659
11605,ZGPAT,4.3891973,2.9007537
11606,ZGRF1,1.8748962,3.6564784
11607,ZHX1,0.97743833,3.1549282
11608,ZHX2,0.923988,3.8994474
11609,ZHX3,0.8644341,1.8352914
11610,ZIC1,0.3240606,1.8496381
11611,ZIC2,2.1815355,1.7667936
11612,ZIC3,2.876009,0.26209944
11613,ZIC4,3.37991,4.4064655
11614,ZIC5,2.2739444,3.2659566
11615,ZIK1,7.2158895,0.15565398
11616,ZIM2,4.1472826,3.748653
11617,ZKSCAN1,2.54603,1.6659136
11618,ZKSCAN2,3.0093763,3.4919093
11619,ZKSCAN3,-0.2915883,4.007769
11620,ZKSCAN5,5.974607,1.8661112
11621,ZKSCAN7,6.5486207,3.2043526
11622,ZKSCAN8,2.795657,3.298736
11623,ZMAT1,2.2115564,1.2415982
11624,ZMAT2,5.763165,-2.5478702
11625,ZMAT3,0.64786977,2.563623
11626,ZMAT4,1.2889953,-0.357497
11627,ZMAT5,1.484539,3.0256028
11628,ZMIZ1,3.0579007,3.3941784
11629,ZMIZ2,0.12257847,3.0782855
11630,ZMYM1,1.2210213,1.157296
11631,ZMYM2,3.6752071,4.187724
11632,ZMYM3,0.90269357,3.9854884
11633,ZMYM4,3.2320404,4.229216
11634,ZMYM5,1.4793886,1.944822
11635,ZMYM6,1.1578616,2.5338073
11636,ZMYND10,5.963014,2.704677
11637,ZMYND11,0.824307,3.3982859
11638,ZMYND15,3.8382523,3.4343824
11639,ZMYND19,5.3657336,0.031085657
11640,ZMYND8,0.28309286,-0.5646489
11641,ZNF10,7.275936,2.6313667
11642,ZNF106,4.9607735,2.1904438
11643,ZNF112,1.7761775,3.257565
11644,ZNF114,4.3007197,3.0999885
11645,ZNF117,6.1801724,3.9189675
11646,ZNF12,0.66506827,3.635841
11647,ZNF121,1.1517502,4.1136637
11648,ZNF124,1.8194596,5.222996
11649,ZNF131,0.39732528,3.4469426
11650,ZNF132,4.550276,-0.3558052
11651,ZNF133,5.326237,3.0397613
11652,ZNF134,-0.2610269,3.3980398
11653,ZNF135,6.2280917,1.8531536
11654,ZNF136,1.8180611,-0.33337662
11655,ZNF14,5.9055552,4.118838
11656,ZNF140,1.3619981,1.8533963
11657,ZNF142,-0.5031706,-0.983892
11658,ZNF143,0.4161327,3.4660554
11659,ZNF146,0.363909,-0.67862165
11660,ZNF148,0.5058306,3.1086142
11661,ZNF154,0.7590793,1.9920954
11662,ZNF155,5.4632583,2.8831012
11663,ZNF16,0.6834641,-0.29696316
11664,ZNF160,3.2829916,3.2968423
11665,ZNF165,6.4364243,6.597308
11666,ZNF169,5.0601745,3.478936
11667,ZNF174,0.08490973,-0.65530705
11668,ZNF175,1.1835537,-0.59297496
11669,ZNF18,4.5340095,1.8231604
11670,ZNF180,2.0753767,2.419316
11671,ZNF181,0.806773,2.5674748
11672,ZNF182,-0.5910256,3.2837508
11673,ZNF184,1.6185666,2.4214988
11674,ZNF185,8.526426,2.233988
11675,ZNF189,5.5992007,1.0603893
11676,ZNF19,5.8596287,-0.6620396
11677,ZNF195,3.0795968,4.2360744
11678,ZNF197,1.1209882,3.2734406
11679,ZNF2,6.898056,3.787012
11680,ZNF20,1.7320896,5.998148
11681,ZNF200,7.1022,-2.8181953
11682,ZNF202,0.51125854,-0.6989368
11683,ZNF205,1.5177335,3.702321
11684,ZNF207,-0.4996503,4.133975
11685,ZNF208,4.3768744,1.0460057
11686,ZNF211,7.173407,-3.1305068
11687,ZNF212,1.8225543,1.0189079
11688,ZNF213,1.879423,5.3528333
11689,ZNF214,2.0267754,0.9071861
11690,ZNF215,4.2185545,-0.6613245
11691,ZNF217,-0.9542988,3.1752758
11692,ZNF219,0.71439844,2.4520633
11693,ZNF22,0.95691663,2.6645236
11694,ZNF221,2.6508737,0.19009483
11695,ZNF222,1.4274904,2.5099568
11696,ZNF223,1.3540496,1.5858563
11697,ZNF224,1.7633454,5.9814463
11698,ZNF225,0.5678709,2.3260856
11699,ZNF226,3.2144299,2.378483
11700,ZNF227,6.3485255,3.0064828
11701,ZNF229,5.298478,0.63219225
11702,ZNF23,9.1825285,4.080007
11703,ZNF230,6.134857,-1.8314773
11704,ZNF232,2.9834087,0.96983564
11705,ZNF233,-0.6501072,2.9211304
11706,ZNF234,2.23344,1.2054663
11707,ZNF235,1.6712435,1.5083998
11708,ZNF236,3.5908961,2.7493324
11709,ZNF239,1.9456677,3.1785858
11710,ZNF24,0.6444451,3.524138
11711,ZNF248,1.4004831,1.2920043
11712,ZNF25,4.031625,1.3973045
11713,ZNF250,1.8052534,3.2731235
11714,ZNF251,2.4523048,1.9612789
11715,ZNF256,1.7875388,1.2522593
11716,ZNF26,6.4411664,-1.9200472
11717,ZNF260,3.0172625,3.3606446
11718,ZNF263,6.279743,1.4606236
11719,ZNF266,4.806854,-0.26631194
11720,ZNF267,0.9032713,2.3392282
11721,ZNF268,6.0442533,2.6431534
11722,ZNF273,1.3420545,1.0748309
11723,ZNF274,2.2597957,2.666656
11724,ZNF275,0.43479398,-0.7825121
11725,ZNF276,5.650933,4.2932115
11726,ZNF277,2.9385436,3.3261247
11727,ZNF280A,0.46442217,4.339573
11728,ZNF280B,1.6517806,3.280191
11729,ZNF280C,1.3993344,3.8098583
11730,ZNF280D,4.35851,2.5217836
11731,ZNF281,1.5696696,3.2880454
11732,ZNF282,3.4005864,2.808529
11733,ZNF283,1.5038881,0.9486017
11734,ZNF286A,0.5521294,-0.8241076
11735,ZNF292,1.9599931,5.4488626
11736,ZNF296,1.8183508,3.0004678
11737,ZNF3,-0.568465,4.2806907
11738,ZNF30,2.9330525,3.0036316
11739,ZNF300,-0.16967756,2.7774165
11740,ZNF302,4.7625113,2.4688087
11741,ZNF304,3.4103122,3.2914407
11742,ZNF317,2.270873,4.1053157
11743,ZNF318,1.8074198,2.150642
11744,ZNF319,1.6569101,2.1229758
11745,ZNF32,1.3495444,3.1480494
11746,ZNF320,2.1845698,3.6550868
11747,ZNF322,3.0111642,4.1510987
11748,ZNF324,5.5205,2.3803139
11749,ZNF324B,1.3228753,-0.25084168
11750,ZNF326,0.89877105,3.546515
11751,ZNF329,0.8479872,2.2577202
11752,ZNF330,1.1217972,-0.47217697
11753,ZNF331,1.3195044,3.2704465
11754,ZNF333,3.2207499,3.8872972
11755,ZNF334,2.5303688,1.4565185
11756,ZNF335,0.30505404,3.1854653
11757,ZNF337,5.833016,4.116232
11758,ZNF34,3.7548594,2.664359
11759,ZNF341,0.8259579,2.9486725
11760,ZNF343,2.7585564,2.6835434
11761,ZNF346,1.781049,2.861355
11762,ZNF347,6.3705196,6.380989
11763,ZNF35,1.7524695,2.211416
11764,ZNF350,0.4831963,3.78473
11765,ZNF354A,1.0609666,-0.19882743
11766,ZNF354B,0.10861216,2.70918
11767,ZNF354C,0.19589713,2.5660024
11768,ZNF358,0.67874616,1.9149507
11769,ZNF362,0.5921451,2.0052993
11770,ZNF366,2.2301943,2.6797104
11771,ZNF367,0.93115354,3.3748102
11772,ZNF37A,7.284954,-1.7670997
11773,ZNF382,-1.0132151,3.6469333
11774,ZNF383,1.8186575,5.4764395
11775,ZNF384,-0.7903187,4.2484083
11776,ZNF385A,5.3631105,3.9309044
11777,ZNF385B,-0.103088126,-0.97273827
11778,ZNF394,1.150203,2.6538725
11779,ZNF395,2.8547492,0.2633155
11780,ZNF397,0.87552863,-0.5201608
11781,ZNF398,1.921478,5.1838336
11782,ZNF404,0.6598954,-0.84554684
11783,ZNF407,5.049727,3.9947257
11784,ZNF408,5.4971223,1.8540312
11785,ZNF41,-0.9876367,3.8650236
11786,ZNF410,2.5778148,1.0332023
11787,ZNF414,1.8684661,2.7918437
11788,ZNF415,7.2441697,4.7242374
11789,ZNF416,1.5282129,1.1390367
11790,ZNF419,1.4177823,1.2132071
11791,ZNF420,-1.2519649,3.918758
11792,ZNF423,1.5261037,2.1098506
11793,ZNF425,2.006721,1.0726281
11794,ZNF426,1.7915512,1.2890801
11795,ZNF428,6.7631507,-1.2850189
11796,ZNF429,2.2754574,1.2486132
11797,ZNF432,1.7173412,0.7593302
11798,ZNF433,2.642691,0.17425661
11799,ZNF436,5.349113,3.7465212
11800,ZNF438,4.047452,3.381935
11801,ZNF44,5.5908866,5.357812
11802,ZNF441,1.3361655,3.3415892
11803,ZNF442,8.293246,-0.48455575
11804,ZNF444,-0.115650274,4.0086317
11805,ZNF445,5.746277,4.361449
11806,ZNF446,2.2833471,2.400268
11807,ZNF449,3.0218503,1.9029936
11808,ZNF45,-0.31678534,2.3079073
11809,ZNF451,2.075625,2.7930074
11810,ZNF460,0.5004269,2.5245004
11811,ZNF461,4.203068,1.6365516
11812,ZNF462,1.3095056,3.6756537
11813,ZNF467,6.346055,-2.1744525
11814,ZNF469,1.8197336,3.8000648
11815,ZNF470,-0.6238855,3.9899247
11816,ZNF471,0.7982302,1.9509614
11817,ZNF473,-0.75810367,3.524637
11818,ZNF474,2.1757479,5.5894146
11819,ZNF48,6.5706754,-1.9279798
11820,ZNF480,2.0357175,2.5561368
11821,ZNF483,0.079387225,-1.0934817
11822,ZNF484,2.9519126,2.027586
11823,ZNF487,2.8927832,4.4139557
11824,ZNF488,4.0027394,2.962658
11825,ZNF496,5.081898,3.2256584
11826,ZNF497,2.5906782,3.9927018
11827,ZNF500,4.3221717,4.092694
11828,ZNF501,8.962475,4.12453
11829,ZNF503,7.0674334,3.5790873
11830,ZNF507,0.48100424,-0.37635782
11831,ZNF510,4.377121,3.4465885
11832,ZNF512,0.523589,2.3633904
11833,ZNF512B,0.6795235,4.306914
11834,ZNF514,2.6089394,1.1249629
11835,ZNF516,1.4123598,2.389394
11836,ZNF517,1.0808195,1.4766906
11837,ZNF518A,2.7070763,2.5771332
11838,ZNF518B,1.4423213,1.8199929
11839,ZNF519,0.30052873,-1.0264965
11840,ZNF521,0.40350366,4.4072814
11841,ZNF524,3.4365993,2.4221172
11842,ZNF526,4.055295,0.07210533
11843,ZNF527,-0.57573307,1.6718152
11844,ZNF528,-0.5154251,1.6580924
11845,ZNF529,1.421648,1.1418859
11846,ZNF530,3.9786723,1.4098443
11847,ZNF532,0.8169587,2.8933568
11848,ZNF536,2.428842,3.5435112
11849,ZNF540,1.7121239,4.369347
11850,ZNF541,5.5187297,-0.2742282
11851,ZNF544,-0.18539327,4.404155
11852,ZNF546,2.0442612,1.7749656
11853,ZNF548,2.5162296,2.0118983
11854,ZNF549,2.1449907,2.7023342
11855,ZNF550,7.1517096,-1.7674892
11856,ZNF551,2.1945243,2.880112
11857,ZNF554,-0.76178014,3.4534473
11858,ZNF556,-0.1711238,2.957044
11859,ZNF557,3.2270606,1.9629024
11860,ZNF559,1.1133423,4.084643
11861,ZNF560,1.3863332,2.2463408
11862,ZNF563,5.2680893,-0.01623649
11863,ZNF564,5.677488,0.89995986
11864,ZNF565,-0.7401305,3.5558813
11865,ZNF566,2.1177096,2.6792474
11866,ZNF567,3.3449626,3.707461
11867,ZNF568,1.9237217,1.1918148
11868,ZNF569,4.140781,0.61990094
11869,ZNF57,-0.055623338,-0.96755725
11870,ZNF570,1.8711522,3.2984395
11871,ZNF571,2.4585817,1.725732
11872,ZNF572,-0.49241343,2.7875645
11873,ZNF573,6.1246276,2.1766577
11874,ZNF574,-0.15699078,3.272608
11875,ZNF575,2.8264492,3.1533053
11876,ZNF576,0.13763273,3.27186
11877,ZNF577,2.405378,1.9087532
11878,ZNF579,-0.6639116,3.907761
11879,ZNF580,1.4550068,3.0073748
11880,ZNF581,2.314642,2.2948194
11881,ZNF582,4.3595304,2.9017885
11882,ZNF583,1.4918686,-0.5013091
11883,ZNF584,-0.41167092,1.7545203
11884,ZNF585B,0.85311186,3.4495904
11885,ZNF586,5.6575994,-1.7473079
11886,ZNF589,1.7592742,3.427981
11887,ZNF592,0.5457418,2.7593014
11888,ZNF593,-0.21821931,-0.30649877
11889,ZNF594,1.3958063,1.3677796
11890,ZNF596,6.954584,-2.9321272
11891,ZNF597,0.28569478,-0.38632438
11892,ZNF598,6.8936462,3.9025311
11893,ZNF599,6.4092927,3.181015
11894,ZNF605,2.1088538,3.1627858
11895,ZNF606,1.4307141,3.6554363
11896,ZNF607,-0.52122045,2.3494115
11897,ZNF608,-0.43730935,3.0108445
11898,ZNF609,2.397492,3.6565075
11899,ZNF610,1.5486046,1.3193312
11900,ZNF613,0.48134783,2.4645903
11901,ZNF614,3.760256,2.7432091
11902,ZNF615,6.297686,-2.6633203
11903,ZNF616,4.5355577,0.14208433
11904,ZNF618,0.9039719,3.6730137
11905,ZNF619,3.97679,3.0214696
11906,ZNF620,2.7024264,0.36169153
11907,ZNF621,-0.74853134,2.8693779
11908,ZNF622,6.3104053,1.9874724
11909,ZNF623,1.9974246,5.136149
11910,ZNF624,5.545379,0.19747107
11911,ZNF625,6.1874294,-2.741479
11912,ZNF626,2.0929785,5.4260635
11913,ZNF627,1.3153965,1.0979277
11914,ZNF628,0.7738295,1.9384696
11915,ZNF629,1.2482908,2.2823768
11916,ZNF630,2.0009382,2.3134136
11917,ZNF638,0.020198684,3.344448
11918,ZNF639,2.0222652,2.8264406
11919,ZNF641,2.2729511,2.6426806
11920,ZNF644,4.863746,-1.0441896
11921,ZNF646,6.4700837,4.1602983
11922,ZNF652,1.8898818,3.646576
11923,ZNF653,2.7962105,2.3888292
11924,ZNF654,6.4374456,6.5926223
11925,ZNF655,1.8249354,4.1295567
11926,ZNF658,1.3155293,2.8502681
11927,ZNF660,7.457502,3.2264566
11928,ZNF662,7.732126,-0.039704323
11929,ZNF664,1.8420918,0.82641685
11930,ZNF665,1.7168825,6.0792265
11931,ZNF667,0.68790185,3.732936
11932,ZNF668,0.36066204,-0.293756
11933,ZNF670,2.01108,3.1357462
11934,ZNF671,0.73141074,2.4910545
11935,ZNF672,0.05171305,2.4404385
11936,ZNF674,0.07330869,3.7389812
11937,ZNF677,2.4953969,1.3633364
11938,ZNF678,6.115544,-1.4705265
11939,ZNF682,3.7513022,-0.19647638
11940,ZNF684,8.378809,3.796606
11941,ZNF687,3.6497493,1.5348511
11942,ZNF688,1.5515237,2.8709106
11943,ZNF689,-0.005100826,-0.28720665
11944,ZNF691,5.538703,-2.098304
11945,ZNF692,0.37553138,2.0957007
11946,ZNF695,-0.6462986,1.694721
11947,ZNF696,2.1371994,1.6627336
11948,ZNF697,0.5713005,2.3884304
11949,ZNF7,6.807118,-3.220809
11950,ZNF70,6.2851844,1.7129446
11951,ZNF701,1.6624182,3.52107
11952,ZNF704,-0.09194698,2.1735759
11953,ZNF706,8.978344,1.9782883
11954,ZNF707,-0.22734518,3.770207
11955,ZNF709,-1.2793573,3.8760154
11956,ZNF71,1.0447917,-0.35751364
11957,ZNF710,6.172697,-2.5895567
11958,ZNF711,0.8601764,4.1486516
11959,ZNF713,-0.59736633,-1.1759797
11960,ZNF717,0.8466294,2.421242
11961,ZNF721,6.8492513,2.4912493
11962,ZNF728,5.386204,1.9964097
11963,ZNF74,4.322139,3.327693
11964,ZNF740,2.5514514,3.587337
11965,ZNF746,3.2347014,2.346135
11966,ZNF747,5.630465,-0.24704187
11967,ZNF749,1.7951825,5.7044463
11968,ZNF75A,0.29939437,3.8102913
11969,ZNF75D,0.9325525,3.0894096
11970,ZNF76,2.176976,2.2815113
11971,ZNF766,3.0699992,0.24014047
11972,ZNF768,0.38091317,2.1872633
11973,ZNF77,1.9601532,1.7357718
11974,ZNF771,0.57447416,-0.19498716
11975,ZNF772,6.6356335,1.4028306
11976,ZNF774,5.9605093,2.3566232
11977,ZNF776,3.4449897,3.2287045
11978,ZNF777,2.5162456,2.9632924
11979,ZNF778,0.058376294,2.4990144
11980,ZNF782,5.9068837,-2.5517144
11981,ZNF783,7.716181,2.4170194
11982,ZNF784,-0.46718383,3.1608353
11983,ZNF785,9.060959,3.951247
11984,ZNF786,-1.3906901,3.8247845
11985,ZNF787,1.1100941,4.037418
11986,ZNF789,2.121662,2.7686005
11987,ZNF79,5.091182,3.5815222
11988,ZNF790,-0.12441311,-0.8015096
11989,ZNF791,0.876851,1.4728829
11990,ZNF792,0.6272389,4.274915
11991,ZNF793,0.83975506,1.7864693
11992,ZNF8,0.9383855,2.5820525
11993,ZNF800,0.057072658,-0.5606483
11994,ZNF804A,8.49586,-0.46204746
11995,ZNF813,4.318245,-1.5868753
11996,ZNF816-ZNF321P,1.8511679,0.8447304
11997,ZNF821,-0.51273537,3.5065458
11998,ZNF827,1.7094513,2.781629
11999,ZNF829,2.625467,3.6218073
12000,ZNF83,1.8346401,1.9247614
12001,ZNF830,1.41651,1.9966081
12002,ZNF835,6.2048163,6.0117254
12003,ZNF837,0.38241962,-0.7854729
12004,ZNF839,7.6284885,4.1356244
12005,ZNF84,1.2193367,3.8423662
12006,ZNF843,0.3582431,3.6902149
12007,ZNF846,9.17564,1.6660535
12008,ZNF85,0.8931292,1.7478657
12009,ZNF850,1.3459725,1.9728703
12010,ZNF853,-0.6119711,-1.1839385
12011,ZNF860,-0.423366,-0.93668604
12012,ZNF862,7.2724786,-3.6652753
12013,ZNF865,-0.30772445,-0.82941484
12014,ZNF875,3.2326608,2.666328
12015,ZNF878,1.2679785,1.0558857
12016,ZNF879,1.4805024,1.9416133
12017,ZNF880,2.3305871,0.69755054
12018,ZNF891,1.8303632,3.0685592
12019,ZNF90,2.7166245,2.384618
12020,ZNFX1,6.620662,-1.6562103
12021,ZNHIT1,2.0169344,3.0433745
12022,ZNHIT3,6.1165175,-2.5383465
12023,ZNHIT6,4.5337143,3.4589543
12024,ZNRD2,7.572577,2.2701423
12025,ZNRF2,1.2862035,3.0123408
12026,ZNRF3,4.3116465,0.542909
12027,ZPLD1,0.5083562,4.026307
12028,ZPR1,5.1467915,-0.5425187
12029,ZRANB1,2.816782,2.9424748
12030,ZRANB2,0.06147334,4.0173087
12031,ZRANB3,1.2728095,2.8485343
12032,ZSCAN1,-0.35862982,-1.0288484
12033,ZSCAN10,1.727177,2.9233346
12034,ZSCAN12,5.776536,1.9149809
12035,ZSCAN16,1.7217752,3.1751826
12036,ZSCAN18,-0.79771453,3.4976819
12037,ZSCAN2,2.699628,2.217468
12038,ZSCAN20,-0.34999344,3.8555386
12039,ZSCAN21,8.588508,-0.658477
12040,ZSCAN22,7.78861,4.2994046
12041,ZSCAN25,0.70642936,1.0130643
12042,ZSCAN26,3.8855896,3.421635
12043,ZSCAN29,1.7201512,3.6217463
12044,ZSCAN30,1.9458642,3.9598725
12045,ZSCAN31,1.9775547,3.3611724
12046,ZSCAN32,4.231645,3.5852642
12047,ZSCAN9,3.3594913,2.9699938
12048,ZSWIM1,7.277167,1.9401671
12049,ZSWIM3,7.768653,2.4456096
12050,ZSWIM5,2.0766053,1.986434
12051,ZSWIM6,5.7118597,0.6204
12052,ZSWIM7,5.1538067,-0.61468405
12053,ZSWIM8,7.503305,2.089413
12054,ZSWIM9,1.4732611,1.3621466
12055,ZUP1,0.4998031,2.3783119
12056,ZW10,6.710733,2.3655076
12057,ZWINT,4.0650125,2.7687967
12058,ZXDC,0.7702977,-0.57154816
12059,ZYG11A,2.6137009,2.0308266
12060,ZYG11B,5.6356707,0.13983606
12061,ZYX,9.133123,1.4898697
12062,ZZEF1,1.8472646,1.7624838
12063,ZZZ3,0.06428404,0.31436747
